participant_id,session_id,group,timepoint,practice_layer,practice_protocol_version,telemetry_enabled,telemetry_version,task_name,task_order_index,block_name,block_type,block_index,trial_index_within_block,trial_index_global,practice_or_formal,condition_label,random_seed,screen_refresh_hz,timestamp_iso,omission,aborted,pause_count_during_trial,repeated_practice_round,intended_trial_start_ms,actual_trial_start_ms,set_size,trial_type,probe_index,probe_position_xy,item_positions,item_colors_memory,item_colors_test,probe_original_color,probe_test_color,response_key,response_label,correct_response_key,accuracy,response_correct,rt_ms,feedback_type,feedback_audio_file,feedback_audio_start_global_ms,feedback_audio_expected_duration_ms,feedback_audio_stop_global_ms,layout_generation_attempts,overlap_check_passed,intended_onset_ms,actual_onset_global_ms,actual_offset_global_ms,stage_duration_planned_ms,stage_duration_actual_ms,actual_trial_end_ms,stage_records_json,practice_pass_flag
22,22_T1_20260520_150705,PA,T1,adaptive,hci_substudy_v2,1,telemetry_v4,change_detection,4,practice_cd,practice,1,1,1,practice,N2_change,1779260825,60.0,2026-05-20T15:18:57.275,0,0,0,1,704891.607,704907.53,2,change,0,"[233.34, -156.25]","[[233.34, -156.25], [-174.74, -39.95]]","[""purple"", ""green""]","[""blue"", ""green""]",purple,blue,j,change,j,1,1,14170.62,correct,correct.wav,722753.323,150.0,723253.323,2,1,708491.607,708565.305,722752.74,4000,14187.435,722902.74,"[{""stage_name"": ""fixation"", ""planned_duration_ms"": 100, ""intended_onset_ms"": 704891.607, ""actual_onset_global_ms"": 704907.53, ""actual_offset_global_ms"": 705024.594, ""actual_duration_ms"": 117.064}, {""stage_name"": ""memory_array"", ""planned_duration_ms"": 2500, ""intended_onset_ms"": 704991.607, ""actual_onset_global_ms"": 705042.408, ""actual_offset_global_ms"": 707541.268, ""actual_duration_ms"": 2498.86}, {""stage_name"": ""delay"", ""planned_duration_ms"": 1000, ""intended_onset_ms"": 707541.268, ""actual_onset_global_ms"": 707532.049, ""actual_offset_global_ms"": 708545.511, ""actual_duration_ms"": 1013.462}, {""stage_name"": ""test_array"", ""planned_duration_ms"": 4000, ""intended_onset_ms"": 708545.511, ""actual_onset_global_ms"": 708565.305, ""actual_offset_global_ms"": 722752.74, ""actual_duration_ms"": 14187.435}, {""stage_name"": ""feedback"", ""planned_duration_ms"": 150, ""intended_onset_ms"": 722752.74, ""actual_onset_global_ms"": 722770.044, ""actual_offset_global_ms"": 722936.402, ""actual_duration_ms"": 166.358}]",0.0
22,22_T1_20260520_150705,PA,T1,adaptive,hci_substudy_v2,1,telemetry_v4,change_detection,4,practice_cd,practice,1,2,2,practice,N1_same,1779260825,60.0,2026-05-20T15:19:15.307,0,0,0,1,722923.544,722934.794,1,same,0,"[17.72, 180.87]","[[17.72, 180.87]]","[""purple""]","[""purple""]",purple,purple,j,change,s,0,0,5282.73,incorrect,incorrect.wav,731877.729,150.0,732377.729,2,1,726523.544,726568.735,731877.307,4000,5308.572,732027.307,"[{""stage_name"": ""fixation"", ""planned_duration_ms"": 100, ""intended_onset_ms"": 722923.544, ""actual_onset_global_ms"": 722934.794, ""actual_offset_global_ms"": 723050.658, ""actual_duration_ms"": 115.864}, {""stage_name"": ""memory_array"", ""planned_duration_ms"": 2500, ""intended_onset_ms"": 723023.544, ""actual_onset_global_ms"": 723056.837, ""actual_offset_global_ms"": 725554.691, ""actual_duration_ms"": 2497.854}, {""stage_name"": ""delay"", ""planned_duration_ms"": 1000, ""intended_onset_ms"": 725554.691, ""actual_onset_global_ms"": 725545.694, ""actual_offset_global_ms"": 726563.108, ""actual_duration_ms"": 1017.414}, {""stage_name"": ""test_array"", ""planned_duration_ms"": 4000, ""intended_onset_ms"": 726563.108, ""actual_onset_global_ms"": 726568.735, ""actual_offset_global_ms"": 731877.307, ""actual_duration_ms"": 5308.572}, {""stage_name"": ""feedback"", ""planned_duration_ms"": 150, ""intended_onset_ms"": 731877.307, ""actual_onset_global_ms"": 731897.955, ""actual_offset_global_ms"": 732044.836, ""actual_duration_ms"": 146.881}]",0.0
22,22_T1_20260520_150705,PA,T1,adaptive,hci_substudy_v2,1,telemetry_v4,change_detection,4,practice_cd,practice,1,3,3,practice,N2_change,1779260825,60.0,2026-05-20T15:19:24.414,0,0,0,1,732031.478,732043.911,2,change,1,"[-145.92, 13.15]","[[111.28, -196.46], [-145.92, 13.15]]","[""green"", ""yellow""]","[""green"", ""purple""]",yellow,purple,s,same,j,0,0,4774.639,incorrect,incorrect.wav,740503.188,150.0,741003.188,2,1,735631.478,735699.882,740502.674,4000,4802.792,740652.674,"[{""stage_name"": ""fixation"", ""planned_duration_ms"": 100, ""intended_onset_ms"": 732031.478, ""actual_onset_global_ms"": 732043.911, ""actual_offset_global_ms"": 732161.694, ""actual_duration_ms"": 117.783}, {""stage_name"": ""memory_array"", ""planned_duration_ms"": 2500, ""intended_onset_ms"": 732131.478, ""actual_onset_global_ms"": 732176.731, ""actual_offset_global_ms"": 734672.13, ""actual_duration_ms"": 2495.399}, {""stage_name"": ""delay"", ""planned_duration_ms"": 1000, ""intended_onset_ms"": 734672.13, ""actual_onset_global_ms"": 734665.957, ""actual_offset_global_ms"": 735683.278, ""actual_duration_ms"": 1017.321}, {""stage_name"": ""test_array"", ""planned_duration_ms"": 4000, ""intended_onset_ms"": 735683.278, ""actual_onset_global_ms"": 735699.882, ""actual_offset_global_ms"": 740502.674, ""actual_duration_ms"": 4802.792}, {""stage_name"": ""feedback"", ""planned_duration_ms"": 150, ""intended_onset_ms"": 740502.674, ""actual_onset_global_ms"": 740515.821, ""actual_offset_global_ms"": 740682.816, ""actual_duration_ms"": 166.995}]",0.0
22,22_T1_20260520_150705,PA,T1,adaptive,hci_substudy_v2,1,telemetry_v4,change_detection,4,practice_cd,practice,1,4,4,practice,N1_change,1779260825,60.0,2026-05-20T15:19:33.052,0,0,0,1,740669.44,740682.719,1,change,0,"[-238.53, 162.57]","[[-238.53, 162.57]]","[""purple""]","[""yellow""]",purple,yellow,j,change,j,1,1,3333.76,correct,correct.wav,747679.574,150.0,748179.574,1,1,744269.44,744329.207,747679.088,4000,3349.881,747829.088,"[{""stage_name"": ""fixation"", ""planned_duration_ms"": 100, ""intended_onset_ms"": 740669.44, ""actual_onset_global_ms"": 740682.719, ""actual_offset_global_ms"": 740799.218, ""actual_duration_ms"": 116.499}, {""stage_name"": ""memory_array"", ""planned_duration_ms"": 2500, ""intended_onset_ms"": 740769.44, ""actual_onset_global_ms"": 740803.483, ""actual_offset_global_ms"": 743312.024, ""actual_duration_ms"": 2508.541}, {""stage_name"": ""delay"", ""planned_duration_ms"": 1000, ""intended_onset_ms"": 743312.024, ""actual_onset_global_ms"": 743308.121, ""actual_offset_global_ms"": 744323.001, ""actual_duration_ms"": 1014.88}, {""stage_name"": ""test_array"", ""planned_duration_ms"": 4000, ""intended_onset_ms"": 744323.001, ""actual_onset_global_ms"": 744329.207, ""actual_offset_global_ms"": 747679.088, ""actual_duration_ms"": 3349.881}, {""stage_name"": ""feedback"", ""planned_duration_ms"": 150, ""intended_onset_ms"": 747679.088, ""actual_onset_global_ms"": 747695.595, ""actual_offset_global_ms"": 747862.171, ""actual_duration_ms"": 166.576}]",0.0
22,22_T1_20260520_150705,PA,T1,adaptive,hci_substudy_v2,1,telemetry_v4,change_detection,4,practice_cd,practice,1,5,5,practice,N1_change,1779260825,60.0,2026-05-20T15:19:40.232,0,0,0,1,747848.425,747862.683,1,change,0,"[163.22, -100.82]","[[163.22, -100.82]]","[""yellow""]","[""purple""]",yellow,purple,j,change,j,1,1,5132.106,correct,correct.wav,756675.617,150.0,757175.617,1,1,751448.425,751512.019,756675.024,4000,5163.005,756825.024,"[{""stage_name"": ""fixation"", ""planned_duration_ms"": 100, ""intended_onset_ms"": 747848.425, ""actual_onset_global_ms"": 747862.683, ""actual_offset_global_ms"": 747979.123, ""actual_duration_ms"": 116.44}, {""stage_name"": ""memory_array"", ""planned_duration_ms"": 2500, ""intended_onset_ms"": 747948.425, ""actual_onset_global_ms"": 747984.6, ""actual_offset_global_ms"": 750495.673, ""actual_duration_ms"": 2511.073}, {""stage_name"": ""delay"", ""planned_duration_ms"": 1000, ""intended_onset_ms"": 750495.673, ""actual_onset_global_ms"": 750491.265, ""actual_offset_global_ms"": 751506.541, ""actual_duration_ms"": 1015.276}, {""stage_name"": ""test_array"", ""planned_duration_ms"": 4000, ""intended_onset_ms"": 751506.541, ""actual_onset_global_ms"": 751512.019, ""actual_offset_global_ms"": 756675.024, ""actual_duration_ms"": 5163.005}, {""stage_name"": ""feedback"", ""planned_duration_ms"": 150, ""intended_onset_ms"": 756675.024, ""actual_onset_global_ms"": 756691.481, ""actual_offset_global_ms"": 756857.97, ""actual_duration_ms"": 166.489}]",0.0
22,22_T1_20260520_150705,PA,T1,adaptive,hci_substudy_v2,1,telemetry_v4,change_detection,4,practice_cd,practice,1,6,6,practice,N2_same,1779260825,60.0,2026-05-20T15:19:49.230,0,0,0,1,756846.244,756857.514,2,same,0,"[1.04, 199.81]","[[1.04, 199.81], [105.74, 109.18]]","[""purple"", ""green""]","[""purple"", ""green""]",purple,purple,s,same,s,1,1,4830.99,correct,correct.wav,765387.306,150.0,765887.306,2,1,760446.244,760531.904,765386.98,4000,4855.076,765536.98,"[{""stage_name"": ""fixation"", ""planned_duration_ms"": 100, ""intended_onset_ms"": 756846.244, ""actual_onset_global_ms"": 756857.514, ""actual_offset_global_ms"": 756975.867, ""actual_duration_ms"": 118.353}, {""stage_name"": ""memory_array"", ""planned_duration_ms"": 2500, ""intended_onset_ms"": 756946.244, ""actual_onset_global_ms"": 756990.228, ""actual_offset_global_ms"": 759506.048, ""actual_duration_ms"": 2515.82}, {""stage_name"": ""delay"", ""planned_duration_ms"": 1000, ""intended_onset_ms"": 759506.048, ""actual_onset_global_ms"": 759498.989, ""actual_offset_global_ms"": 760514.957, ""actual_duration_ms"": 1015.968}, {""stage_name"": ""test_array"", ""planned_duration_ms"": 4000, ""intended_onset_ms"": 760514.957, ""actual_onset_global_ms"": 760531.904, ""actual_offset_global_ms"": 765386.98, ""actual_duration_ms"": 4855.076}, {""stage_name"": ""feedback"", ""planned_duration_ms"": 150, ""intended_onset_ms"": 765386.98, ""actual_onset_global_ms"": 765402.627, ""actual_offset_global_ms"": 765567.85, ""actual_duration_ms"": 165.223}]",0.0
22,22_T1_20260520_150705,PA,T1,adaptive,hci_substudy_v2,1,telemetry_v4,change_detection,4,practice_cd,practice,1,7,7,practice,N2_same,1779260825,60.0,2026-05-20T15:19:57.939,0,0,0,1,765555.581,765569.252,2,same,0,"[-218.69, 4.5]","[[-218.69, 4.5], [-77.84, -133.72]]","[""red"", ""yellow""]","[""red"", ""yellow""]",red,red,s,same,s,1,1,10011.423,correct,correct.wav,779263.453,150.0,779763.453,2,1,769155.581,769224.907,779263.041,4000,10038.134,779413.041,"[{""stage_name"": ""fixation"", ""planned_duration_ms"": 100, ""intended_onset_ms"": 765555.581, ""actual_onset_global_ms"": 765569.252, ""actual_offset_global_ms"": 765685.152, ""actual_duration_ms"": 115.9}, {""stage_name"": ""memory_array"", ""planned_duration_ms"": 2500, ""intended_onset_ms"": 765655.581, ""actual_onset_global_ms"": 765700.578, ""actual_offset_global_ms"": 768202.48, ""actual_duration_ms"": 2501.902}, {""stage_name"": ""delay"", ""planned_duration_ms"": 1000, ""intended_onset_ms"": 768202.48, ""actual_onset_global_ms"": 768194.064, ""actual_offset_global_ms"": 769208.525, ""actual_duration_ms"": 1014.461}, {""stage_name"": ""test_array"", ""planned_duration_ms"": 4000, ""intended_onset_ms"": 769208.525, ""actual_onset_global_ms"": 769224.907, ""actual_offset_global_ms"": 779263.041, ""actual_duration_ms"": 10038.134}, {""stage_name"": ""feedback"", ""planned_duration_ms"": 150, ""intended_onset_ms"": 779263.041, ""actual_onset_global_ms"": 779276.302, ""actual_offset_global_ms"": 779442.771, ""actual_duration_ms"": 166.469}]",0.0
22,22_T1_20260520_150705,PA,T1,adaptive,hci_substudy_v2,1,telemetry_v4,change_detection,4,practice_cd,practice,1,8,8,practice,N1_same,1779260825,60.0,2026-05-20T15:20:11.812,0,0,0,1,779428.981,779443.193,1,same,0,"[241.92, -89.23]","[[241.92, -89.23]]","[""green""]","[""green""]",green,green,j,change,s,0,0,4234.777,incorrect,incorrect.wav,787355.096,150.0,787855.096,1,1,783028.981,783087.426,787354.57,4000,4267.144,787504.57,"[{""stage_name"": ""fixation"", ""planned_duration_ms"": 100, ""intended_onset_ms"": 779428.981, ""actual_onset_global_ms"": 779443.193, ""actual_offset_global_ms"": 779559.626, ""actual_duration_ms"": 116.433}, {""stage_name"": ""memory_array"", ""planned_duration_ms"": 2500, ""intended_onset_ms"": 779528.981, ""actual_onset_global_ms"": 779563.731, ""actual_offset_global_ms"": 782076.714, ""actual_duration_ms"": 2512.983}, {""stage_name"": ""delay"", ""planned_duration_ms"": 1000, ""intended_onset_ms"": 782076.714, ""actual_onset_global_ms"": 782067.789, ""actual_offset_global_ms"": 783081.909, ""actual_duration_ms"": 1014.12}, {""stage_name"": ""test_array"", ""planned_duration_ms"": 4000, ""intended_onset_ms"": 783081.909, ""actual_onset_global_ms"": 783087.426, ""actual_offset_global_ms"": 787354.57, ""actual_duration_ms"": 4267.144}, {""stage_name"": ""feedback"", ""planned_duration_ms"": 150, ""intended_onset_ms"": 787354.57, ""actual_onset_global_ms"": 787370.723, ""actual_offset_global_ms"": 787538.294, ""actual_duration_ms"": 167.571}]",0.0
22,22_T1_20260520_150705,PA,T1,adaptive,hci_substudy_v2,1,telemetry_v4,change_detection,4,practice_cd,practice,1,1,9,practice,N1_same,1779260825,60.0,2026-05-20T15:20:36.404,0,0,0,2,804020.69,804030.668,1,same,0,"[-241.73, -209.15]","[[-241.73, -209.15]]","[""green""]","[""green""]",green,green,s,same,s,1,1,3827.209,correct,correct.wav,811524.984,150.0,812024.984,1,1,807620.69,807666.698,811524.684,4000,3857.986,811674.684,"[{""stage_name"": ""fixation"", ""planned_duration_ms"": 100, ""intended_onset_ms"": 804020.69, ""actual_onset_global_ms"": 804030.668, ""actual_offset_global_ms"": 804141.964, ""actual_duration_ms"": 111.296}, {""stage_name"": ""memory_array"", ""planned_duration_ms"": 2500, ""intended_onset_ms"": 804120.69, ""actual_onset_global_ms"": 804147.388, ""actual_offset_global_ms"": 806643.381, ""actual_duration_ms"": 2495.993}, {""stage_name"": ""delay"", ""planned_duration_ms"": 1000, ""intended_onset_ms"": 806643.381, ""actual_onset_global_ms"": 806641.74, ""actual_offset_global_ms"": 807658.818, ""actual_duration_ms"": 1017.078}, {""stage_name"": ""test_array"", ""planned_duration_ms"": 4000, ""intended_onset_ms"": 807658.818, ""actual_onset_global_ms"": 807666.698, ""actual_offset_global_ms"": 811524.684, ""actual_duration_ms"": 3857.986}, {""stage_name"": ""feedback"", ""planned_duration_ms"": 150, ""intended_onset_ms"": 811524.684, ""actual_onset_global_ms"": 811538.033, ""actual_offset_global_ms"": 811700.823, ""actual_duration_ms"": 162.79}]",0.0
22,22_T1_20260520_150705,PA,T1,adaptive,hci_substudy_v2,1,telemetry_v4,change_detection,4,practice_cd,practice,1,2,10,practice,N2_same,1779260825,60.0,2026-05-20T15:20:44.072,0,0,0,2,811688.455,811699.611,2,same,1,"[-137.4, -63.26]","[[-108.23, -185.16], [-137.4, -63.26]]","[""blue"", ""green""]","[""blue"", ""green""]",green,green,s,same,s,1,1,4170.35,correct,correct.wav,819567.807,150.0,820067.807,2,1,815288.455,815359.427,819567.487,4000,4208.06,819717.487,"[{""stage_name"": ""fixation"", ""planned_duration_ms"": 100, ""intended_onset_ms"": 811688.455, ""actual_onset_global_ms"": 811699.611, ""actual_offset_global_ms"": 811817.383, ""actual_duration_ms"": 117.772}, {""stage_name"": ""memory_array"", ""planned_duration_ms"": 2500, ""intended_onset_ms"": 811788.455, ""actual_onset_global_ms"": 811832.005, ""actual_offset_global_ms"": 814337.88, ""actual_duration_ms"": 2505.875}, {""stage_name"": ""delay"", ""planned_duration_ms"": 1000, ""intended_onset_ms"": 814337.88, ""actual_onset_global_ms"": 814329.897, ""actual_offset_global_ms"": 815342.513, ""actual_duration_ms"": 1012.616}, {""stage_name"": ""test_array"", ""planned_duration_ms"": 4000, ""intended_onset_ms"": 815342.513, ""actual_onset_global_ms"": 815359.427, ""actual_offset_global_ms"": 819567.487, ""actual_duration_ms"": 4208.06}, {""stage_name"": ""feedback"", ""planned_duration_ms"": 150, ""intended_onset_ms"": 819567.487, ""actual_onset_global_ms"": 819583.837, ""actual_offset_global_ms"": 819744.709, ""actual_duration_ms"": 160.872}]",0.0
22,22_T1_20260520_150705,PA,T1,adaptive,hci_substudy_v2,1,telemetry_v4,change_detection,4,practice_cd,practice,1,3,11,practice,N1_change,1779260825,60.0,2026-05-20T15:20:52.114,0,0,0,2,819731.64,819744.539,1,change,0,"[-17.88, 165.37]","[[-17.88, 165.37]]","[""purple""]","[""blue""]",purple,blue,j,change,j,1,1,4440.599,correct,correct.wav,827846.604,150.0,828346.604,1,1,823331.64,823389.477,827846.215,4000,4456.738,827996.215,"[{""stage_name"": ""fixation"", ""planned_duration_ms"": 100, ""intended_onset_ms"": 819731.64, ""actual_onset_global_ms"": 819744.539, ""actual_offset_global_ms"": 819861.271, ""actual_duration_ms"": 116.732}, {""stage_name"": ""memory_array"", ""planned_duration_ms"": 2500, ""intended_onset_ms"": 819831.64, ""actual_onset_global_ms"": 819865.705, ""actual_offset_global_ms"": 822379.301, ""actual_duration_ms"": 2513.596}, {""stage_name"": ""delay"", ""planned_duration_ms"": 1000, ""intended_onset_ms"": 822379.301, ""actual_onset_global_ms"": 822373.405, ""actual_offset_global_ms"": 823383.183, ""actual_duration_ms"": 1009.778}, {""stage_name"": ""test_array"", ""planned_duration_ms"": 4000, ""intended_onset_ms"": 823383.183, ""actual_onset_global_ms"": 823389.477, ""actual_offset_global_ms"": 827846.215, ""actual_duration_ms"": 4456.738}, {""stage_name"": ""feedback"", ""planned_duration_ms"": 150, ""intended_onset_ms"": 827846.215, ""actual_onset_global_ms"": 827861.713, ""actual_offset_global_ms"": 828027.628, ""actual_duration_ms"": 165.915}]",0.0
22,22_T1_20260520_150705,PA,T1,adaptive,hci_substudy_v2,1,telemetry_v4,change_detection,4,practice_cd,practice,1,4,12,practice,N2_change,1779260825,60.0,2026-05-20T15:21:00.397,0,0,0,2,828014.068,828027.244,2,change,1,"[61.25, -113.64]","[[-86.06, -257.67], [61.25, -113.64]]","[""yellow"", ""green""]","[""yellow"", ""purple""]",green,purple,s,same,j,0,0,46738.068,incorrect,incorrect.wav,878422.058,150.0,878922.058,2,1,831614.068,831666.797,878421.762,4000,46754.965,878571.762,"[{""stage_name"": ""fixation"", ""planned_duration_ms"": 100, ""intended_onset_ms"": 828014.068, ""actual_onset_global_ms"": 828027.244, ""actual_offset_global_ms"": 828143.883, ""actual_duration_ms"": 116.639}, {""stage_name"": ""memory_array"", ""planned_duration_ms"": 2500, ""intended_onset_ms"": 828114.068, ""actual_onset_global_ms"": 828158.044, ""actual_offset_global_ms"": 830645.204, ""actual_duration_ms"": 2487.16}, {""stage_name"": ""delay"", ""planned_duration_ms"": 1000, ""intended_onset_ms"": 830645.204, ""actual_onset_global_ms"": 830634.719, ""actual_offset_global_ms"": 831649.319, ""actual_duration_ms"": 1014.6}, {""stage_name"": ""test_array"", ""planned_duration_ms"": 4000, ""intended_onset_ms"": 831649.319, ""actual_onset_global_ms"": 831666.797, ""actual_offset_global_ms"": 878421.762, ""actual_duration_ms"": 46754.965}, {""stage_name"": ""feedback"", ""planned_duration_ms"": 150, ""intended_onset_ms"": 878421.762, ""actual_onset_global_ms"": 878438.728, ""actual_offset_global_ms"": 878589.818, ""actual_duration_ms"": 151.09}]",0.0
22,22_T1_20260520_150705,PA,T1,adaptive,hci_substudy_v2,1,telemetry_v4,change_detection,4,practice_cd,practice,1,5,13,practice,N2_same,1779260825,60.0,2026-05-20T15:21:50.960,0,0,0,2,878577.185,878588.596,2,same,0,"[210.37, -207.11]","[[210.37, -207.11], [-240.19, 62.18]]","[""green"", ""blue""]","[""green"", ""blue""]",green,green,j,change,s,0,0,5941.306,incorrect,incorrect.wav,888219.711,150.0,888719.711,2,1,882177.185,882243.149,888219.349,4000,5976.2,888369.349,"[{""stage_name"": ""fixation"", ""planned_duration_ms"": 100, ""intended_onset_ms"": 878577.185, ""actual_onset_global_ms"": 878588.596, ""actual_offset_global_ms"": 878705.142, ""actual_duration_ms"": 116.546}, {""stage_name"": ""memory_array"", ""planned_duration_ms"": 2500, ""intended_onset_ms"": 878677.185, ""actual_onset_global_ms"": 878720.888, ""actual_offset_global_ms"": 881225.91, ""actual_duration_ms"": 2505.022}, {""stage_name"": ""delay"", ""planned_duration_ms"": 1000, ""intended_onset_ms"": 881225.91, ""actual_onset_global_ms"": 881216.719, ""actual_offset_global_ms"": 882227.194, ""actual_duration_ms"": 1010.475}, {""stage_name"": ""test_array"", ""planned_duration_ms"": 4000, ""intended_onset_ms"": 882227.194, ""actual_onset_global_ms"": 882243.149, ""actual_offset_global_ms"": 888219.349, ""actual_duration_ms"": 5976.2}, {""stage_name"": ""feedback"", ""planned_duration_ms"": 150, ""intended_onset_ms"": 888219.349, ""actual_onset_global_ms"": 888230.709, ""actual_offset_global_ms"": 888397.818, ""actual_duration_ms"": 167.109}]",0.0
22,22_T1_20260520_150705,PA,T1,adaptive,hci_substudy_v2,1,telemetry_v4,change_detection,4,practice_cd,practice,1,6,14,practice,N1_same,1779260825,60.0,2026-05-20T15:22:00.768,0,0,0,2,888384.51,888397.991,1,same,0,"[-162.28, -226.07]","[[-162.28, -226.07]]","[""blue""]","[""blue""]",blue,blue,s,same,s,1,1,4902.566,correct,correct.wav,896969.155,150.0,897469.155,1,1,891984.51,892038.632,896968.493,4000,4929.861,897118.493,"[{""stage_name"": ""fixation"", ""planned_duration_ms"": 100, ""intended_onset_ms"": 888384.51, ""actual_onset_global_ms"": 888397.991, ""actual_offset_global_ms"": 888514.334, ""actual_duration_ms"": 116.343}, {""stage_name"": ""memory_array"", ""planned_duration_ms"": 2500, ""intended_onset_ms"": 888484.51, ""actual_onset_global_ms"": 888518.748, ""actual_offset_global_ms"": 891030.489, ""actual_duration_ms"": 2511.741}, {""stage_name"": ""delay"", ""planned_duration_ms"": 1000, ""intended_onset_ms"": 891030.489, ""actual_onset_global_ms"": 891020.5, ""actual_offset_global_ms"": 892032.389, ""actual_duration_ms"": 1011.889}, {""stage_name"": ""test_array"", ""planned_duration_ms"": 4000, ""intended_onset_ms"": 892032.389, ""actual_onset_global_ms"": 892038.632, ""actual_offset_global_ms"": 896968.493, ""actual_duration_ms"": 4929.861}, {""stage_name"": ""feedback"", ""planned_duration_ms"": 150, ""intended_onset_ms"": 896968.493, ""actual_onset_global_ms"": 896983.172, ""actual_offset_global_ms"": 897148.289, ""actual_duration_ms"": 165.117}]",0.0
22,22_T1_20260520_150705,PA,T1,adaptive,hci_substudy_v2,1,telemetry_v4,change_detection,4,practice_cd,practice,1,7,15,practice,N1_change,1779260825,60.0,2026-05-20T15:22:09.521,0,0,0,2,897137.19,897148.082,1,change,0,"[39.42, -250.28]","[[39.42, -250.28]]","[""purple""]","[""blue""]",purple,blue,s,same,j,0,0,2423.253,incorrect,incorrect.wav,903231.419,150.0,903731.419,1,1,900737.19,900792.024,903230.969,4000,2438.945,903380.969,"[{""stage_name"": ""fixation"", ""planned_duration_ms"": 100, ""intended_onset_ms"": 897137.19, ""actual_onset_global_ms"": 897148.082, ""actual_offset_global_ms"": 897264.791, ""actual_duration_ms"": 116.709}, {""stage_name"": ""memory_array"", ""planned_duration_ms"": 2500, ""intended_onset_ms"": 897237.19, ""actual_onset_global_ms"": 897268.97, ""actual_offset_global_ms"": 899772.801, ""actual_duration_ms"": 2503.831}, {""stage_name"": ""delay"", ""planned_duration_ms"": 1000, ""intended_onset_ms"": 899772.801, ""actual_onset_global_ms"": 899768.761, ""actual_offset_global_ms"": 900784.774, ""actual_duration_ms"": 1016.013}, {""stage_name"": ""test_array"", ""planned_duration_ms"": 4000, ""intended_onset_ms"": 900784.774, ""actual_onset_global_ms"": 900792.024, ""actual_offset_global_ms"": 903230.969, ""actual_duration_ms"": 2438.945}, {""stage_name"": ""feedback"", ""planned_duration_ms"": 150, ""intended_onset_ms"": 903230.969, ""actual_onset_global_ms"": 903247.81, ""actual_offset_global_ms"": 903414.053, ""actual_duration_ms"": 166.243}]",0.0
22,22_T1_20260520_150705,PA,T1,adaptive,hci_substudy_v2,1,telemetry_v4,change_detection,4,practice_cd,practice,1,8,16,practice,N2_change,1779260825,60.0,2026-05-20T15:22:15.784,0,0,0,2,903400.778,903413.836,2,change,0,"[196.14, 73.55]","[[196.14, 73.55], [239.89, -106.75]]","[""yellow"", ""green""]","[""purple"", ""green""]",yellow,purple,s,same,j,0,0,3149.135,incorrect,incorrect.wav,910223.303,150.0,910723.303,4,1,907000.778,907053.633,910222.915,4000,3169.282,910372.915,"[{""stage_name"": ""fixation"", ""planned_duration_ms"": 100, ""intended_onset_ms"": 903400.778, ""actual_onset_global_ms"": 903413.836, ""actual_offset_global_ms"": 903530.892, ""actual_duration_ms"": 117.056}, {""stage_name"": ""memory_array"", ""planned_duration_ms"": 2500, ""intended_onset_ms"": 903500.778, ""actual_onset_global_ms"": 903545.302, ""actual_offset_global_ms"": 906032.639, ""actual_duration_ms"": 2487.337}, {""stage_name"": ""delay"", ""planned_duration_ms"": 1000, ""intended_onset_ms"": 906032.639, ""actual_onset_global_ms"": 906023.893, ""actual_offset_global_ms"": 907037.706, ""actual_duration_ms"": 1013.813}, {""stage_name"": ""test_array"", ""planned_duration_ms"": 4000, ""intended_onset_ms"": 907037.706, ""actual_onset_global_ms"": 907053.633, ""actual_offset_global_ms"": 910222.915, ""actual_duration_ms"": 3169.282}, {""stage_name"": ""feedback"", ""planned_duration_ms"": 150, ""intended_onset_ms"": 910222.915, ""actual_onset_global_ms"": 910239.299, ""actual_offset_global_ms"": 910406.913, ""actual_duration_ms"": 167.614}]",0.0
22,22_T1_20260520_150705,PA,T1,adaptive,hci_substudy_v2,1,telemetry_v4,change_detection,4,practice_cd,practice,1,1,17,practice,N1_change,1779260825,60.0,2026-05-20T15:22:28.857,0,0,0,3,916473.729,916489.978,1,change,0,"[-122.1, 88.65]","[[-122.1, 88.65]]","[""yellow""]","[""green""]",yellow,green,j,change,j,1,1,5233.196,correct,correct.wav,925365.898,150.0,925865.898,1,1,920073.729,920101.324,925365.272,4000,5263.948,925515.272,"[{""stage_name"": ""fixation"", ""planned_duration_ms"": 100, ""intended_onset_ms"": 916473.729, ""actual_onset_global_ms"": 916489.978, ""actual_offset_global_ms"": 916594.251, ""actual_duration_ms"": 104.273}, {""stage_name"": ""memory_array"", ""planned_duration_ms"": 2500, ""intended_onset_ms"": 916573.729, ""actual_onset_global_ms"": 916599.191, ""actual_offset_global_ms"": 919096.082, ""actual_duration_ms"": 2496.891}, {""stage_name"": ""delay"", ""planned_duration_ms"": 1000, ""intended_onset_ms"": 919096.082, ""actual_onset_global_ms"": 919096.196, ""actual_offset_global_ms"": 920096.173, ""actual_duration_ms"": 999.977}, {""stage_name"": ""test_array"", ""planned_duration_ms"": 4000, ""intended_onset_ms"": 920096.173, ""actual_onset_global_ms"": 920101.324, ""actual_offset_global_ms"": 925365.272, ""actual_duration_ms"": 5263.948}, {""stage_name"": ""feedback"", ""planned_duration_ms"": 150, ""intended_onset_ms"": 925365.272, ""actual_onset_global_ms"": 925381.657, ""actual_offset_global_ms"": 925548.469, ""actual_duration_ms"": 166.812}]",1.0
22,22_T1_20260520_150705,PA,T1,adaptive,hci_substudy_v2,1,telemetry_v4,change_detection,4,practice_cd,practice,1,2,18,practice,N2_same,1779260825,60.0,2026-05-20T15:22:37.920,0,0,0,3,925536.606,925548.733,2,same,0,"[-205.26, -135.95]","[[-205.26, -135.95], [-39.72, 193.49]]","[""yellow"", ""blue""]","[""yellow"", ""blue""]",yellow,yellow,s,same,s,1,1,2682.222,correct,correct.wav,931892.619,150.0,932392.619,3,1,929136.606,929201.804,931892.286,4000,2690.482,932042.286,"[{""stage_name"": ""fixation"", ""planned_duration_ms"": 100, ""intended_onset_ms"": 925536.606, ""actual_onset_global_ms"": 925548.733, ""actual_offset_global_ms"": 925667.146, ""actual_duration_ms"": 118.413}, {""stage_name"": ""memory_array"", ""planned_duration_ms"": 2500, ""intended_onset_ms"": 925636.606, ""actual_onset_global_ms"": 925682.796, ""actual_offset_global_ms"": 928172.57, ""actual_duration_ms"": 2489.774}, {""stage_name"": ""delay"", ""planned_duration_ms"": 1000, ""intended_onset_ms"": 928172.57, ""actual_onset_global_ms"": 928170.504, ""actual_offset_global_ms"": 929186.605, ""actual_duration_ms"": 1016.101}, {""stage_name"": ""test_array"", ""planned_duration_ms"": 4000, ""intended_onset_ms"": 929186.605, ""actual_onset_global_ms"": 929201.804, ""actual_offset_global_ms"": 931892.286, ""actual_duration_ms"": 2690.482}, {""stage_name"": ""feedback"", ""planned_duration_ms"": 150, ""intended_onset_ms"": 931892.286, ""actual_onset_global_ms"": 931903.834, ""actual_offset_global_ms"": 932070.155, ""actual_duration_ms"": 166.321}]",1.0
22,22_T1_20260520_150705,PA,T1,adaptive,hci_substudy_v2,1,telemetry_v4,change_detection,4,practice_cd,practice,1,3,19,practice,N2_same,1779260825,60.0,2026-05-20T15:22:44.441,0,0,0,3,932057.67,932070.145,2,same,1,"[198.34, -76.77]","[[-192.35, -23.67], [198.34, -76.77]]","[""blue"", ""purple""]","[""blue"", ""purple""]",purple,purple,s,same,s,1,1,4201.893,correct,correct.wav,939917.863,150.0,940417.863,2,1,935657.67,935707.244,939917.404,4000,4210.16,940067.404,"[{""stage_name"": ""fixation"", ""planned_duration_ms"": 100, ""intended_onset_ms"": 932057.67, ""actual_onset_global_ms"": 932070.145, ""actual_offset_global_ms"": 932186.693, ""actual_duration_ms"": 116.548}, {""stage_name"": ""memory_array"", ""planned_duration_ms"": 2500, ""intended_onset_ms"": 932157.67, ""actual_onset_global_ms"": 932202.729, ""actual_offset_global_ms"": 934690.457, ""actual_duration_ms"": 2487.728}, {""stage_name"": ""delay"", ""planned_duration_ms"": 1000, ""intended_onset_ms"": 934690.457, ""actual_onset_global_ms"": 934690.294, ""actual_offset_global_ms"": 935691.059, ""actual_duration_ms"": 1000.765}, {""stage_name"": ""test_array"", ""planned_duration_ms"": 4000, ""intended_onset_ms"": 935691.059, ""actual_onset_global_ms"": 935707.244, ""actual_offset_global_ms"": 939917.404, ""actual_duration_ms"": 4210.16}, {""stage_name"": ""feedback"", ""planned_duration_ms"": 150, ""intended_onset_ms"": 939917.404, ""actual_onset_global_ms"": 939930.132, ""actual_offset_global_ms"": 940094.363, ""actual_duration_ms"": 164.231}]",1.0
22,22_T1_20260520_150705,PA,T1,adaptive,hci_substudy_v2,1,telemetry_v4,change_detection,4,practice_cd,practice,1,4,20,practice,N1_change,1779260825,60.0,2026-05-20T15:22:52.465,0,0,0,3,940081.609,940093.396,1,change,0,"[103.58, 25.8]","[[103.58, 25.8]]","[""blue""]","[""purple""]",blue,purple,j,change,j,1,1,2041.696,correct,correct.wav,945798.877,150.0,946298.877,1,1,943681.609,943736.008,945798.371,4000,2062.363,945948.371,"[{""stage_name"": ""fixation"", ""planned_duration_ms"": 100, ""intended_onset_ms"": 940081.609, ""actual_onset_global_ms"": 940093.396, ""actual_offset_global_ms"": 940211.124, ""actual_duration_ms"": 117.728}, {""stage_name"": ""memory_array"", ""planned_duration_ms"": 2500, ""intended_onset_ms"": 940181.609, ""actual_onset_global_ms"": 940216.224, ""actual_offset_global_ms"": 942727.268, ""actual_duration_ms"": 2511.044}, {""stage_name"": ""delay"", ""planned_duration_ms"": 1000, ""intended_onset_ms"": 942727.268, ""actual_onset_global_ms"": 942718.915, ""actual_offset_global_ms"": 943730.829, ""actual_duration_ms"": 1011.914}, {""stage_name"": ""test_array"", ""planned_duration_ms"": 4000, ""intended_onset_ms"": 943730.829, ""actual_onset_global_ms"": 943736.008, ""actual_offset_global_ms"": 945798.371, ""actual_duration_ms"": 2062.363}, {""stage_name"": ""feedback"", ""planned_duration_ms"": 150, ""intended_onset_ms"": 945798.371, ""actual_onset_global_ms"": 945814.379, ""actual_offset_global_ms"": 945981.951, ""actual_duration_ms"": 167.572}]",1.0
22,22_T1_20260520_150705,PA,T1,adaptive,hci_substudy_v2,1,telemetry_v4,change_detection,4,practice_cd,practice,1,5,21,practice,N1_same,1779260825,60.0,2026-05-20T15:22:58.352,0,0,0,3,945969.436,945981.544,1,same,0,"[72.16, 73.79]","[[72.16, 73.79]]","[""blue""]","[""blue""]",blue,blue,s,same,s,1,1,11102.799,correct,correct.wav,960734.724,150.0,961234.724,1,1,949569.436,949624.376,960734.354,4000,11109.978,960884.354,"[{""stage_name"": ""fixation"", ""planned_duration_ms"": 100, ""intended_onset_ms"": 945969.436, ""actual_onset_global_ms"": 945981.544, ""actual_offset_global_ms"": 946098.136, ""actual_duration_ms"": 116.592}, {""stage_name"": ""memory_array"", ""planned_duration_ms"": 2500, ""intended_onset_ms"": 946069.436, ""actual_onset_global_ms"": 946102.518, ""actual_offset_global_ms"": 948606.81, ""actual_duration_ms"": 2504.292}, {""stage_name"": ""delay"", ""planned_duration_ms"": 1000, ""intended_onset_ms"": 948606.81, ""actual_onset_global_ms"": 948603.215, ""actual_offset_global_ms"": 949620.021, ""actual_duration_ms"": 1016.806}, {""stage_name"": ""test_array"", ""planned_duration_ms"": 4000, ""intended_onset_ms"": 949620.021, ""actual_onset_global_ms"": 949624.376, ""actual_offset_global_ms"": 960734.354, ""actual_duration_ms"": 11109.978}, {""stage_name"": ""feedback"", ""planned_duration_ms"": 150, ""intended_onset_ms"": 960734.354, ""actual_onset_global_ms"": 960749.412, ""actual_offset_global_ms"": 960916.738, ""actual_duration_ms"": 167.326}]",1.0
22,22_T1_20260520_150705,PA,T1,adaptive,hci_substudy_v2,1,telemetry_v4,change_detection,4,practice_cd,practice,1,6,22,practice,N2_change,1779260825,60.0,2026-05-20T15:23:13.288,0,0,0,3,960904.294,960915.501,2,change,0,"[-75.56, 159.8]","[[-75.56, 159.8], [-206.99, -110.32]]","[""purple"", ""red""]","[""yellow"", ""red""]",purple,yellow,j,change,j,1,1,2655.755,correct,correct.wav,967230.549,150.0,967730.549,2,1,964504.294,964556.998,967230.218,4000,2673.22,967380.218,"[{""stage_name"": ""fixation"", ""planned_duration_ms"": 100, ""intended_onset_ms"": 960904.294, ""actual_onset_global_ms"": 960915.501, ""actual_offset_global_ms"": 961033.248, ""actual_duration_ms"": 117.747}, {""stage_name"": ""memory_array"", ""planned_duration_ms"": 2500, ""intended_onset_ms"": 961004.294, ""actual_onset_global_ms"": 961047.78, ""actual_offset_global_ms"": 963536.894, ""actual_duration_ms"": 2489.114}, {""stage_name"": ""delay"", ""planned_duration_ms"": 1000, ""intended_onset_ms"": 963536.894, ""actual_onset_global_ms"": 963539.365, ""actual_offset_global_ms"": 964539.387, ""actual_duration_ms"": 1000.022}, {""stage_name"": ""test_array"", ""planned_duration_ms"": 4000, ""intended_onset_ms"": 964539.387, ""actual_onset_global_ms"": 964556.998, ""actual_offset_global_ms"": 967230.218, ""actual_duration_ms"": 2673.22}, {""stage_name"": ""feedback"", ""planned_duration_ms"": 150, ""intended_onset_ms"": 967230.218, ""actual_onset_global_ms"": 967241.681, ""actual_offset_global_ms"": 967409.269, ""actual_duration_ms"": 167.588}]",1.0
22,22_T1_20260520_150705,PA,T1,adaptive,hci_substudy_v2,1,telemetry_v4,change_detection,4,practice_cd,practice,1,7,23,practice,N2_change,1779260825,60.0,2026-05-20T15:23:19.780,0,0,0,3,967396.486,967408.342,2,change,0,"[236.42, -247.4]","[[236.42, -247.4], [-58.23, 125.43]]","[""blue"", ""purple""]","[""red"", ""purple""]",blue,red,j,change,j,1,1,3617.466,correct,correct.wav,974718.06,150.0,975218.06,2,1,970996.486,971065.289,974717.763,4000,3652.474,974867.763,"[{""stage_name"": ""fixation"", ""planned_duration_ms"": 100, ""intended_onset_ms"": 967396.486, ""actual_onset_global_ms"": 967408.342, ""actual_offset_global_ms"": 967526.108, ""actual_duration_ms"": 117.766}, {""stage_name"": ""memory_array"", ""planned_duration_ms"": 2500, ""intended_onset_ms"": 967496.486, ""actual_onset_global_ms"": 967541.83, ""actual_offset_global_ms"": 970035.89, ""actual_duration_ms"": 2494.06}, {""stage_name"": ""delay"", ""planned_duration_ms"": 1000, ""intended_onset_ms"": 970035.89, ""actual_onset_global_ms"": 970032.404, ""actual_offset_global_ms"": 971050.102, ""actual_duration_ms"": 1017.698}, {""stage_name"": ""test_array"", ""planned_duration_ms"": 4000, ""intended_onset_ms"": 971050.102, ""actual_onset_global_ms"": 971065.289, ""actual_offset_global_ms"": 974717.763, ""actual_duration_ms"": 3652.474}, {""stage_name"": ""feedback"", ""planned_duration_ms"": 150, ""intended_onset_ms"": 974717.763, ""actual_onset_global_ms"": 974732.467, ""actual_offset_global_ms"": 974900.198, ""actual_duration_ms"": 167.731}]",1.0
22,22_T1_20260520_150705,PA,T1,adaptive,hci_substudy_v2,1,telemetry_v4,change_detection,4,practice_cd,practice,1,8,24,practice,N1_same,1779260825,60.0,2026-05-20T15:23:27.271,0,0,0,3,974887.822,974899.168,1,same,0,"[-131.56, 36.51]","[[-131.56, 36.51]]","[""red""]","[""red""]",red,red,s,same,s,1,1,3545.282,correct,correct.wav,982093.971,150.0,982593.971,1,1,978487.822,978537.928,982093.669,4000,3555.741,982243.669,"[{""stage_name"": ""fixation"", ""planned_duration_ms"": 100, ""intended_onset_ms"": 974887.822, ""actual_onset_global_ms"": 974899.168, ""actual_offset_global_ms"": 975016.667, ""actual_duration_ms"": 117.499}, {""stage_name"": ""memory_array"", ""planned_duration_ms"": 2500, ""intended_onset_ms"": 974987.822, ""actual_onset_global_ms"": 975020.888, ""actual_offset_global_ms"": 977527.537, ""actual_duration_ms"": 2506.649}, {""stage_name"": ""delay"", ""planned_duration_ms"": 1000, ""intended_onset_ms"": 977527.537, ""actual_onset_global_ms"": 977518.514, ""actual_offset_global_ms"": 978532.783, ""actual_duration_ms"": 1014.269}, {""stage_name"": ""test_array"", ""planned_duration_ms"": 4000, ""intended_onset_ms"": 978532.783, ""actual_onset_global_ms"": 978537.928, ""actual_offset_global_ms"": 982093.669, ""actual_duration_ms"": 3555.741}, {""stage_name"": ""feedback"", ""planned_duration_ms"": 150, ""intended_onset_ms"": 982093.669, ""actual_onset_global_ms"": 982111.01, ""actual_offset_global_ms"": 982260.983, ""actual_duration_ms"": 149.973}]",1.0
22,22_T1_20260520_150705,PA,T1,adaptive,hci_substudy_v2,1,telemetry_v4,change_detection,4,formal_cd,formal,1,1,25,formal,N2_change,1779260825,60.0,2026-05-20T15:23:50.974,0,0,0,3,998590.67,998605.653,2,change,1,"[-91.88, 92.11]","[[247.54, 173.2], [-91.88, 92.11]]","[""blue"", ""purple""]","[""blue"", ""yellow""]",purple,yellow,j,change,j,1,1,5417.919,,,,,,3,1,1002190.67,1002275.101,1007703.321,4000,5428.22,1007703.321,"[{""stage_name"": ""fixation"", ""planned_duration_ms"": 100, ""intended_onset_ms"": 998590.67, ""actual_onset_global_ms"": 998605.653, ""actual_offset_global_ms"": 998721.927, ""actual_duration_ms"": 116.274}, {""stage_name"": ""memory_array"", ""planned_duration_ms"": 2500, ""intended_onset_ms"": 998690.67, ""actual_onset_global_ms"": 998737.483, ""actual_offset_global_ms"": 1001242.458, ""actual_duration_ms"": 2504.975}, {""stage_name"": ""delay"", ""planned_duration_ms"": 1000, ""intended_onset_ms"": 1001242.458, ""actual_onset_global_ms"": 1001242.249, ""actual_offset_global_ms"": 1002259.447, ""actual_duration_ms"": 1017.198}, {""stage_name"": ""test_array"", ""planned_duration_ms"": 4000, ""intended_onset_ms"": 1002259.447, ""actual_onset_global_ms"": 1002275.101, ""actual_offset_global_ms"": 1007703.321, ""actual_duration_ms"": 5428.22}]",
22,22_T1_20260520_150705,PA,T1,adaptive,hci_substudy_v2,1,telemetry_v4,change_detection,4,formal_cd,formal,1,2,26,formal,N3_change,1779260825,60.0,2026-05-20T15:24:00.091,0,0,0,3,1007706.979,1007717.469,3,change,0,"[-8.71, 138.19]","[[-8.71, 138.19], [-144.08, 221.29], [-155.27, -146.93]]","[""purple"", ""blue"", ""green""]","[""yellow"", ""blue"", ""green""]",purple,yellow,s,same,j,0,0,3811.967,,,,,,4,1,1011306.979,1011371.47,1015228.966,4000,3857.496,1015228.966,"[{""stage_name"": ""fixation"", ""planned_duration_ms"": 100, ""intended_onset_ms"": 1007706.979, ""actual_onset_global_ms"": 1007717.469, ""actual_offset_global_ms"": 1007829.874, ""actual_duration_ms"": 112.405}, {""stage_name"": ""memory_array"", ""planned_duration_ms"": 2500, ""intended_onset_ms"": 1007806.979, ""actual_onset_global_ms"": 1007854.796, ""actual_offset_global_ms"": 1010339.598, ""actual_duration_ms"": 2484.802}, {""stage_name"": ""delay"", ""planned_duration_ms"": 1000, ""intended_onset_ms"": 1010339.598, ""actual_onset_global_ms"": 1010330.508, ""actual_offset_global_ms"": 1011346.988, ""actual_duration_ms"": 1016.48}, {""stage_name"": ""test_array"", ""planned_duration_ms"": 4000, ""intended_onset_ms"": 1011346.988, ""actual_onset_global_ms"": 1011371.47, ""actual_offset_global_ms"": 1015228.966, ""actual_duration_ms"": 3857.496}]",
22,22_T1_20260520_150705,PA,T1,adaptive,hci_substudy_v2,1,telemetry_v4,change_detection,4,formal_cd,formal,1,3,27,formal,N4_change,1779260825,60.0,2026-05-20T15:24:07.616,0,0,0,3,1015232.91,1015245.264,4,change,2,"[257.6, -7.41]","[[-145.46, 222.33], [-55.3, -91.4], [257.6, -7.41], [-121.96, 97.59]]","[""blue"", ""purple"", ""green"", ""yellow""]","[""blue"", ""purple"", ""red"", ""yellow""]",green,red,j,change,j,1,1,3057.68,,,,,,8,1,1018832.91,1018966.381,1022088.048,4000,3121.667,1022088.048,"[{""stage_name"": ""fixation"", ""planned_duration_ms"": 100, ""intended_onset_ms"": 1015232.91, ""actual_onset_global_ms"": 1015245.264, ""actual_offset_global_ms"": 1015362.084, ""actual_duration_ms"": 116.82}, {""stage_name"": ""memory_array"", ""planned_duration_ms"": 2500, ""intended_onset_ms"": 1015332.91, ""actual_onset_global_ms"": 1015398.58, ""actual_offset_global_ms"": 1017914.049, ""actual_duration_ms"": 2515.469}, {""stage_name"": ""delay"", ""planned_duration_ms"": 1000, ""intended_onset_ms"": 1017914.049, ""actual_onset_global_ms"": 1017912.475, ""actual_offset_global_ms"": 1018929.586, ""actual_duration_ms"": 1017.111}, {""stage_name"": ""test_array"", ""planned_duration_ms"": 4000, ""intended_onset_ms"": 1018929.586, ""actual_onset_global_ms"": 1018966.381, ""actual_offset_global_ms"": 1022088.048, ""actual_duration_ms"": 3121.667}]",
22,22_T1_20260520_150705,PA,T1,adaptive,hci_substudy_v2,1,telemetry_v4,change_detection,4,formal_cd,formal,1,4,28,formal,N4_same,1779260825,60.0,2026-05-20T15:24:14.475,0,0,0,3,1022091.635,1022104.985,4,same,1,"[95.89, 253.23]","[[133.36, 33.12], [95.89, 253.23], [-4.41, 215.85], [134.49, -219.27]]","[""green"", ""blue"", ""purple"", ""red""]","[""green"", ""blue"", ""purple"", ""red""]",blue,blue,j,change,s,0,0,2034.092,,,,,,5,1,1025691.635,1025773.805,1027867.05,4000,2093.245,1027867.05,"[{""stage_name"": ""fixation"", ""planned_duration_ms"": 100, ""intended_onset_ms"": 1022091.635, ""actual_onset_global_ms"": 1022104.985, ""actual_offset_global_ms"": 1022221.674, ""actual_duration_ms"": 116.689}, {""stage_name"": ""memory_array"", ""planned_duration_ms"": 2500, ""intended_onset_ms"": 1022191.635, ""actual_onset_global_ms"": 1022258.151, ""actual_offset_global_ms"": 1024723.109, ""actual_duration_ms"": 2464.958}, {""stage_name"": ""delay"", ""planned_duration_ms"": 1000, ""intended_onset_ms"": 1024723.109, ""actual_onset_global_ms"": 1024721.475, ""actual_offset_global_ms"": 1025738.135, ""actual_duration_ms"": 1016.66}, {""stage_name"": ""test_array"", ""planned_duration_ms"": 4000, ""intended_onset_ms"": 1025738.135, ""actual_onset_global_ms"": 1025773.805, ""actual_offset_global_ms"": 1027867.05, ""actual_duration_ms"": 2093.245}]",
22,22_T1_20260520_150705,PA,T1,adaptive,hci_substudy_v2,1,telemetry_v4,change_detection,4,formal_cd,formal,1,5,29,formal,N4_change,1779260825,60.0,2026-05-20T15:24:20.254,0,0,0,3,1027870.686,1027883.857,4,change,0,"[117.72, 6.73]","[[117.72, 6.73], [214.61, 170.4], [226.24, 57.01], [76.54, 227.5]]","[""blue"", ""yellow"", ""red"", ""green""]","[""purple"", ""yellow"", ""red"", ""green""]",blue,purple,j,change,j,1,1,2936.384,,,,,,5,1,1031470.686,1031587.098,1034578.495,4000,2991.397,1034578.495,"[{""stage_name"": ""fixation"", ""planned_duration_ms"": 100, ""intended_onset_ms"": 1027870.686, ""actual_onset_global_ms"": 1027883.857, ""actual_offset_global_ms"": 1028000.545, ""actual_duration_ms"": 116.688}, {""stage_name"": ""memory_array"", ""planned_duration_ms"": 2500, ""intended_onset_ms"": 1027970.686, ""actual_onset_global_ms"": 1028035.681, ""actual_offset_global_ms"": 1030543.297, ""actual_duration_ms"": 2507.616}, {""stage_name"": ""delay"", ""planned_duration_ms"": 1000, ""intended_onset_ms"": 1030543.297, ""actual_onset_global_ms"": 1030534.329, ""actual_offset_global_ms"": 1031551.251, ""actual_duration_ms"": 1016.922}, {""stage_name"": ""test_array"", ""planned_duration_ms"": 4000, ""intended_onset_ms"": 1031551.251, ""actual_onset_global_ms"": 1031587.098, ""actual_offset_global_ms"": 1034578.495, ""actual_duration_ms"": 2991.397}]",
22,22_T1_20260520_150705,PA,T1,adaptive,hci_substudy_v2,1,telemetry_v4,change_detection,4,formal_cd,formal,1,6,30,formal,N1_change,1779260825,60.0,2026-05-20T15:24:26.966,0,0,0,3,1034582.432,1034593.563,1,change,0,"[-231.95, 172.23]","[[-231.95, 172.23]]","[""purple""]","[""green""]",purple,green,j,change,j,1,1,3072.121,,,,,,1,1,1038182.432,1038237.613,1041340.992,4000,3103.379,1041340.992,"[{""stage_name"": ""fixation"", ""planned_duration_ms"": 100, ""intended_onset_ms"": 1034582.432, ""actual_onset_global_ms"": 1034593.563, ""actual_offset_global_ms"": 1034711.06, ""actual_duration_ms"": 117.497}, {""stage_name"": ""memory_array"", ""planned_duration_ms"": 2500, ""intended_onset_ms"": 1034682.432, ""actual_onset_global_ms"": 1034714.701, ""actual_offset_global_ms"": 1037224.878, ""actual_duration_ms"": 2510.177}, {""stage_name"": ""delay"", ""planned_duration_ms"": 1000, ""intended_onset_ms"": 1037224.878, ""actual_onset_global_ms"": 1037227.608, ""actual_offset_global_ms"": 1038227.56, ""actual_duration_ms"": 999.952}, {""stage_name"": ""test_array"", ""planned_duration_ms"": 4000, ""intended_onset_ms"": 1038227.56, ""actual_onset_global_ms"": 1038237.613, ""actual_offset_global_ms"": 1041340.992, ""actual_duration_ms"": 3103.379}]",
22,22_T1_20260520_150705,PA,T1,adaptive,hci_substudy_v2,1,telemetry_v4,change_detection,4,formal_cd,formal,1,7,31,formal,N4_change,1779260825,60.0,2026-05-20T15:24:33.728,0,0,0,3,1041344.598,1041354.684,4,change,0,"[-144.96, 173.55]","[[-144.96, 173.55], [-120.64, 14.1], [-207.69, -128.18], [112.47, -51.93]]","[""yellow"", ""purple"", ""red"", ""green""]","[""blue"", ""purple"", ""red"", ""green""]",yellow,blue,j,change,j,1,1,3513.283,,,,,,5,1,1044944.598,1045042.181,1048615.904,4000,3573.723,1048615.904,"[{""stage_name"": ""fixation"", ""planned_duration_ms"": 100, ""intended_onset_ms"": 1041344.598, ""actual_onset_global_ms"": 1041354.684, ""actual_offset_global_ms"": 1041471.977, ""actual_duration_ms"": 117.293}, {""stage_name"": ""memory_array"", ""planned_duration_ms"": 2500, ""intended_onset_ms"": 1041444.598, ""actual_onset_global_ms"": 1041507.096, ""actual_offset_global_ms"": 1043995.369, ""actual_duration_ms"": 2488.273}, {""stage_name"": ""delay"", ""planned_duration_ms"": 1000, ""intended_onset_ms"": 1043995.369, ""actual_onset_global_ms"": 1043987.971, ""actual_offset_global_ms"": 1045005.506, ""actual_duration_ms"": 1017.535}, {""stage_name"": ""test_array"", ""planned_duration_ms"": 4000, ""intended_onset_ms"": 1045005.506, ""actual_onset_global_ms"": 1045042.181, ""actual_offset_global_ms"": 1048615.904, ""actual_duration_ms"": 3573.723}]",
22,22_T1_20260520_150705,PA,T1,adaptive,hci_substudy_v2,1,telemetry_v4,change_detection,4,formal_cd,formal,1,8,32,formal,N4_same,1779260825,60.0,2026-05-20T15:24:41.004,0,0,0,3,1048620.673,1048632.531,4,same,2,"[192.37, 242.59]","[[173.7, -56.41], [152.93, -178.2], [192.37, 242.59], [-36.85, 146.12]]","[""purple"", ""yellow"", ""green"", ""red""]","[""purple"", ""yellow"", ""green"", ""red""]",green,green,j,change,s,0,0,2664.964,,,,,,6,1,1052220.673,1052302.778,1055027.687,4000,2724.909,1055027.687,"[{""stage_name"": ""fixation"", ""planned_duration_ms"": 100, ""intended_onset_ms"": 1048620.673, ""actual_onset_global_ms"": 1048632.531, ""actual_offset_global_ms"": 1048748.425, ""actual_duration_ms"": 115.894}, {""stage_name"": ""memory_array"", ""planned_duration_ms"": 2500, ""intended_onset_ms"": 1048720.673, ""actual_onset_global_ms"": 1048784.135, ""actual_offset_global_ms"": 1051259.032, ""actual_duration_ms"": 2474.897}, {""stage_name"": ""delay"", ""planned_duration_ms"": 1000, ""intended_onset_ms"": 1051259.032, ""actual_onset_global_ms"": 1051251.994, ""actual_offset_global_ms"": 1052265.632, ""actual_duration_ms"": 1013.638}, {""stage_name"": ""test_array"", ""planned_duration_ms"": 4000, ""intended_onset_ms"": 1052265.632, ""actual_onset_global_ms"": 1052302.778, ""actual_offset_global_ms"": 1055027.687, ""actual_duration_ms"": 2724.909}]",
22,22_T1_20260520_150705,PA,T1,adaptive,hci_substudy_v2,1,telemetry_v4,change_detection,4,formal_cd,formal,1,9,33,formal,N4_same,1779260825,60.0,2026-05-20T15:24:47.415,0,0,0,3,1055031.93,1055045.073,4,same,0,"[211.96, 113.13]","[[211.96, 113.13], [-4.14, -157.41], [-37.64, 98.06], [-124.45, -256.69]]","[""green"", ""yellow"", ""purple"", ""blue""]","[""green"", ""yellow"", ""purple"", ""blue""]",green,green,j,change,s,0,0,2423.85,,,,,,10,1,1058631.93,1058752.437,1061225.53,4000,2473.093,1061225.53,"[{""stage_name"": ""fixation"", ""planned_duration_ms"": 100, ""intended_onset_ms"": 1055031.93, ""actual_onset_global_ms"": 1055045.073, ""actual_offset_global_ms"": 1055162.098, ""actual_duration_ms"": 117.025}, {""stage_name"": ""memory_array"", ""planned_duration_ms"": 2500, ""intended_onset_ms"": 1055131.93, ""actual_onset_global_ms"": 1055199.228, ""actual_offset_global_ms"": 1057695.484, ""actual_duration_ms"": 2496.256}, {""stage_name"": ""delay"", ""planned_duration_ms"": 1000, ""intended_onset_ms"": 1057695.484, ""actual_onset_global_ms"": 1057694.907, ""actual_offset_global_ms"": 1058712.6, ""actual_duration_ms"": 1017.693}, {""stage_name"": ""test_array"", ""planned_duration_ms"": 4000, ""intended_onset_ms"": 1058712.6, ""actual_onset_global_ms"": 1058752.437, ""actual_offset_global_ms"": 1061225.53, ""actual_duration_ms"": 2473.093}]",
22,22_T1_20260520_150705,PA,T1,adaptive,hci_substudy_v2,1,telemetry_v4,change_detection,4,formal_cd,formal,1,10,34,formal,N3_change,1779260825,60.0,2026-05-20T15:24:53.613,0,0,0,3,1061229.268,1061242.187,3,change,1,"[-237.08, 72.39]","[[170.7, -181.02], [-237.08, 72.39], [78.83, 58.91]]","[""red"", ""green"", ""purple""]","[""red"", ""yellow"", ""purple""]",green,yellow,j,change,j,1,1,3817.563,,,,,,5,1,1064829.268,1064902.509,1068757.989,4000,3855.48,1068757.989,"[{""stage_name"": ""fixation"", ""planned_duration_ms"": 100, ""intended_onset_ms"": 1061229.268, ""actual_onset_global_ms"": 1061242.187, ""actual_offset_global_ms"": 1061358.732, ""actual_duration_ms"": 116.545}, {""stage_name"": ""memory_array"", ""planned_duration_ms"": 2500, ""intended_onset_ms"": 1061329.268, ""actual_onset_global_ms"": 1061387.664, ""actual_offset_global_ms"": 1063870.524, ""actual_duration_ms"": 2482.86}, {""stage_name"": ""delay"", ""planned_duration_ms"": 1000, ""intended_onset_ms"": 1063870.524, ""actual_onset_global_ms"": 1063860.958, ""actual_offset_global_ms"": 1064875.42, ""actual_duration_ms"": 1014.462}, {""stage_name"": ""test_array"", ""planned_duration_ms"": 4000, ""intended_onset_ms"": 1064875.42, ""actual_onset_global_ms"": 1064902.509, ""actual_offset_global_ms"": 1068757.989, ""actual_duration_ms"": 3855.48}]",
22,22_T1_20260520_150705,PA,T1,adaptive,hci_substudy_v2,1,telemetry_v4,change_detection,4,formal_cd,formal,1,11,35,formal,N1_change,1779260825,60.0,2026-05-20T15:25:01.145,0,0,0,3,1068761.891,1068774.157,1,change,0,"[251.48, 200.72]","[[251.48, 200.72]]","[""red""]","[""blue""]",red,blue,j,change,j,1,1,2767.077,,,,,,1,1,1072361.891,1072414.302,1075192.648,4000,2778.346,1075192.648,"[{""stage_name"": ""fixation"", ""planned_duration_ms"": 100, ""intended_onset_ms"": 1068761.891, ""actual_onset_global_ms"": 1068774.157, ""actual_offset_global_ms"": 1068891.314, ""actual_duration_ms"": 117.157}, {""stage_name"": ""memory_array"", ""planned_duration_ms"": 2500, ""intended_onset_ms"": 1068861.891, ""actual_onset_global_ms"": 1068896.532, ""actual_offset_global_ms"": 1071402.87, ""actual_duration_ms"": 2506.338}, {""stage_name"": ""delay"", ""planned_duration_ms"": 1000, ""intended_onset_ms"": 1071402.87, ""actual_onset_global_ms"": 1071394.09, ""actual_offset_global_ms"": 1072408.006, ""actual_duration_ms"": 1013.916}, {""stage_name"": ""test_array"", ""planned_duration_ms"": 4000, ""intended_onset_ms"": 1072408.006, ""actual_onset_global_ms"": 1072414.302, ""actual_offset_global_ms"": 1075192.648, ""actual_duration_ms"": 2778.346}]",
22,22_T1_20260520_150705,PA,T1,adaptive,hci_substudy_v2,1,telemetry_v4,change_detection,4,formal_cd,formal,1,12,36,formal,N2_change,1779260825,60.0,2026-05-20T15:25:07.581,0,0,0,3,1075197.756,1075208.524,2,change,0,"[162.29, 126.58]","[[162.29, 126.58], [105.41, -227.16]]","[""purple"", ""yellow""]","[""green"", ""yellow""]",purple,green,j,change,j,1,1,2653.629,,,,,,2,1,1078797.756,1078853.397,1081521.097,4000,2667.7,1081521.097,"[{""stage_name"": ""fixation"", ""planned_duration_ms"": 100, ""intended_onset_ms"": 1075197.756, ""actual_onset_global_ms"": 1075208.524, ""actual_offset_global_ms"": 1075320.516, ""actual_duration_ms"": 111.992}, {""stage_name"": ""memory_array"", ""planned_duration_ms"": 2500, ""intended_onset_ms"": 1075297.756, ""actual_onset_global_ms"": 1075335.195, ""actual_offset_global_ms"": 1077827.904, ""actual_duration_ms"": 2492.709}, {""stage_name"": ""delay"", ""planned_duration_ms"": 1000, ""intended_onset_ms"": 1077827.904, ""actual_onset_global_ms"": 1077820.103, ""actual_offset_global_ms"": 1078837.001, ""actual_duration_ms"": 1016.898}, {""stage_name"": ""test_array"", ""planned_duration_ms"": 4000, ""intended_onset_ms"": 1078837.001, ""actual_onset_global_ms"": 1078853.397, ""actual_offset_global_ms"": 1081521.097, ""actual_duration_ms"": 2667.7}]",
22,22_T1_20260520_150705,PA,T1,adaptive,hci_substudy_v2,1,telemetry_v4,change_detection,4,formal_cd,formal,1,13,37,formal,N4_same,1779260825,60.0,2026-05-20T15:25:13.908,0,0,0,3,1081524.595,1081537.655,4,same,1,"[30.45, 217.94]","[[56.98, -100.76], [30.45, 217.94], [156.63, 167.78], [168.41, 8.56]]","[""yellow"", ""blue"", ""red"", ""purple""]","[""yellow"", ""blue"", ""red"", ""purple""]",blue,blue,s,same,s,1,1,3686.274,,,,,,5,1,1085124.595,1085225.271,1088947.697,4000,3722.426,1088947.697,"[{""stage_name"": ""fixation"", ""planned_duration_ms"": 100, ""intended_onset_ms"": 1081524.595, ""actual_onset_global_ms"": 1081537.655, ""actual_offset_global_ms"": 1081654.565, ""actual_duration_ms"": 116.91}, {""stage_name"": ""memory_array"", ""planned_duration_ms"": 2500, ""intended_onset_ms"": 1081624.595, ""actual_onset_global_ms"": 1081690.981, ""actual_offset_global_ms"": 1084186.991, ""actual_duration_ms"": 2496.01}, {""stage_name"": ""delay"", ""planned_duration_ms"": 1000, ""intended_onset_ms"": 1084186.991, ""actual_onset_global_ms"": 1084187.88, ""actual_offset_global_ms"": 1085188.262, ""actual_duration_ms"": 1000.382}, {""stage_name"": ""test_array"", ""planned_duration_ms"": 4000, ""intended_onset_ms"": 1085188.262, ""actual_onset_global_ms"": 1085225.271, ""actual_offset_global_ms"": 1088947.697, ""actual_duration_ms"": 3722.426}]",
22,22_T1_20260520_150705,PA,T1,adaptive,hci_substudy_v2,1,telemetry_v4,change_detection,4,formal_cd,formal,1,14,38,formal,N3_change,1779260825,60.0,2026-05-20T15:25:21.335,0,0,0,3,1088951.87,1088964.234,3,change,2,"[-32.2, 142.8]","[[-38.73, -206.29], [-112.0, 55.08], [-32.2, 142.8]]","[""blue"", ""green"", ""purple""]","[""blue"", ""green"", ""red""]",purple,red,j,change,j,1,1,2069.604,,,,,,3,1,1092551.87,1092641.655,1094765.68,4000,2124.025,1094765.68,"[{""stage_name"": ""fixation"", ""planned_duration_ms"": 100, ""intended_onset_ms"": 1088951.87, ""actual_onset_global_ms"": 1088964.234, ""actual_offset_global_ms"": 1089081.081, ""actual_duration_ms"": 116.847}, {""stage_name"": ""memory_array"", ""planned_duration_ms"": 2500, ""intended_onset_ms"": 1089051.87, ""actual_onset_global_ms"": 1089105.766, ""actual_offset_global_ms"": 1091611.982, ""actual_duration_ms"": 2506.216}, {""stage_name"": ""delay"", ""planned_duration_ms"": 1000, ""intended_onset_ms"": 1091611.982, ""actual_onset_global_ms"": 1091603.419, ""actual_offset_global_ms"": 1092615.294, ""actual_duration_ms"": 1011.875}, {""stage_name"": ""test_array"", ""planned_duration_ms"": 4000, ""intended_onset_ms"": 1092615.294, ""actual_onset_global_ms"": 1092641.655, ""actual_offset_global_ms"": 1094765.68, ""actual_duration_ms"": 2124.025}]",
22,22_T1_20260520_150705,PA,T1,adaptive,hci_substudy_v2,1,telemetry_v4,change_detection,4,formal_cd,formal,1,15,39,formal,N3_same,1779260825,60.0,2026-05-20T15:25:27.154,0,0,0,3,1094770.491,1094782.065,3,same,0,"[217.94, -162.52]","[[217.94, -162.52], [87.9, -43.22], [-77.67, 107.95]]","[""red"", ""blue"", ""green""]","[""red"", ""blue"", ""green""]",red,red,s,same,s,1,1,3858.556,,,,,,4,1,1098370.491,1098444.188,1102362.089,4000,3917.901,1102362.089,"[{""stage_name"": ""fixation"", ""planned_duration_ms"": 100, ""intended_onset_ms"": 1094770.491, ""actual_onset_global_ms"": 1094782.065, ""actual_offset_global_ms"": 1094899.545, ""actual_duration_ms"": 117.48}, {""stage_name"": ""memory_array"", ""planned_duration_ms"": 2500, ""intended_onset_ms"": 1094870.491, ""actual_onset_global_ms"": 1094925.929, ""actual_offset_global_ms"": 1097404.094, ""actual_duration_ms"": 2478.165}, {""stage_name"": ""delay"", ""planned_duration_ms"": 1000, ""intended_onset_ms"": 1097404.094, ""actual_onset_global_ms"": 1097399.052, ""actual_offset_global_ms"": 1098416.19, ""actual_duration_ms"": 1017.138}, {""stage_name"": ""test_array"", ""planned_duration_ms"": 4000, ""intended_onset_ms"": 1098416.19, ""actual_onset_global_ms"": 1098444.188, ""actual_offset_global_ms"": 1102362.089, ""actual_duration_ms"": 3917.901}]",
22,22_T1_20260520_150705,PA,T1,adaptive,hci_substudy_v2,1,telemetry_v4,change_detection,4,formal_cd,formal,1,16,40,formal,N2_change,1779260825,60.0,2026-05-20T15:25:34.750,0,0,0,3,1102366.598,1102378.121,2,change,0,"[10.3, -155.76]","[[10.3, -155.76], [214.07, -214.55]]","[""red"", ""yellow""]","[""purple"", ""yellow""]",red,purple,j,change,j,1,1,2167.229,,,,,,3,1,1105966.598,1106028.153,1108215.003,4000,2186.85,1108215.003,"[{""stage_name"": ""fixation"", ""planned_duration_ms"": 100, ""intended_onset_ms"": 1102366.598, ""actual_onset_global_ms"": 1102378.121, ""actual_offset_global_ms"": 1102496.141, ""actual_duration_ms"": 118.02}, {""stage_name"": ""memory_array"", ""planned_duration_ms"": 2500, ""intended_onset_ms"": 1102466.598, ""actual_onset_global_ms"": 1102512.191, ""actual_offset_global_ms"": 1104997.877, ""actual_duration_ms"": 2485.686}, {""stage_name"": ""delay"", ""planned_duration_ms"": 1000, ""intended_onset_ms"": 1104997.877, ""actual_onset_global_ms"": 1104995.253, ""actual_offset_global_ms"": 1106012.063, ""actual_duration_ms"": 1016.81}, {""stage_name"": ""test_array"", ""planned_duration_ms"": 4000, ""intended_onset_ms"": 1106012.063, ""actual_onset_global_ms"": 1106028.153, ""actual_offset_global_ms"": 1108215.003, ""actual_duration_ms"": 2186.85}]",
22,22_T1_20260520_150705,PA,T1,adaptive,hci_substudy_v2,1,telemetry_v4,change_detection,4,formal_cd,formal,1,17,41,formal,N2_same,1779260825,60.0,2026-05-20T15:25:40.602,0,0,0,3,1108219.186,1108230.978,2,same,1,"[-115.08, -225.9]","[[-124.25, -12.16], [-115.08, -225.9]]","[""yellow"", ""green""]","[""yellow"", ""green""]",green,green,j,change,s,0,0,3129.89,,,,,,4,1,1111819.186,1111900.848,1115053.551,4000,3152.703,1115053.551,"[{""stage_name"": ""fixation"", ""planned_duration_ms"": 100, ""intended_onset_ms"": 1108219.186, ""actual_onset_global_ms"": 1108230.978, ""actual_offset_global_ms"": 1108348.22, ""actual_duration_ms"": 117.242}, {""stage_name"": ""memory_array"", ""planned_duration_ms"": 2500, ""intended_onset_ms"": 1108319.186, ""actual_onset_global_ms"": 1108363.643, ""actual_offset_global_ms"": 1110865.723, ""actual_duration_ms"": 2502.08}, {""stage_name"": ""delay"", ""planned_duration_ms"": 1000, ""intended_onset_ms"": 1110865.723, ""actual_onset_global_ms"": 1110864.862, ""actual_offset_global_ms"": 1111881.707, ""actual_duration_ms"": 1016.845}, {""stage_name"": ""test_array"", ""planned_duration_ms"": 4000, ""intended_onset_ms"": 1111881.707, ""actual_onset_global_ms"": 1111900.848, ""actual_offset_global_ms"": 1115053.551, ""actual_duration_ms"": 3152.703}]",
22,22_T1_20260520_150705,PA,T1,adaptive,hci_substudy_v2,1,telemetry_v4,change_detection,4,formal_cd,formal,1,18,42,formal,N3_same,1779260825,60.0,2026-05-20T15:25:47.441,0,0,0,3,1115058.191,1115070.346,3,same,0,"[141.17, 76.41]","[[141.17, 76.41], [-143.49, -219.07], [-248.9, 233.44]]","[""green"", ""blue"", ""red""]","[""green"", ""blue"", ""red""]",green,green,s,same,s,1,1,2187.385,,,,,,3,1,1118658.191,1118747.345,1120966.983,4000,2219.638,1120966.983,"[{""stage_name"": ""fixation"", ""planned_duration_ms"": 100, ""intended_onset_ms"": 1115058.191, ""actual_onset_global_ms"": 1115070.346, ""actual_offset_global_ms"": 1115187.04, ""actual_duration_ms"": 116.694}, {""stage_name"": ""memory_array"", ""planned_duration_ms"": 2500, ""intended_onset_ms"": 1115158.191, ""actual_onset_global_ms"": 1115211.862, ""actual_offset_global_ms"": 1117715.823, ""actual_duration_ms"": 2503.961}, {""stage_name"": ""delay"", ""planned_duration_ms"": 1000, ""intended_onset_ms"": 1117715.823, ""actual_onset_global_ms"": 1117706.181, ""actual_offset_global_ms"": 1118720.443, ""actual_duration_ms"": 1014.262}, {""stage_name"": ""test_array"", ""planned_duration_ms"": 4000, ""intended_onset_ms"": 1118720.443, ""actual_onset_global_ms"": 1118747.345, ""actual_offset_global_ms"": 1120966.983, ""actual_duration_ms"": 2219.638}]",
22,22_T1_20260520_150705,PA,T1,adaptive,hci_substudy_v2,1,telemetry_v4,change_detection,4,formal_cd,formal,1,19,43,formal,N3_change,1779260825,60.0,2026-05-20T15:25:53.356,0,0,0,3,1120971.832,1120983.388,3,change,1,"[54.07, -147.59]","[[-229.29, 202.29], [54.07, -147.59], [-117.25, -102.76]]","[""yellow"", ""green"", ""purple""]","[""yellow"", ""red"", ""purple""]",green,red,j,change,j,1,1,1635.685,,,,,,3,1,1124571.832,1124659.599,1126341.723,4000,1682.124,1126341.723,"[{""stage_name"": ""fixation"", ""planned_duration_ms"": 100, ""intended_onset_ms"": 1120971.832, ""actual_onset_global_ms"": 1120983.388, ""actual_offset_global_ms"": 1121100.741, ""actual_duration_ms"": 117.353}, {""stage_name"": ""memory_array"", ""planned_duration_ms"": 2500, ""intended_onset_ms"": 1121071.832, ""actual_onset_global_ms"": 1121127.491, ""actual_offset_global_ms"": 1123622.539, ""actual_duration_ms"": 2495.048}, {""stage_name"": ""delay"", ""planned_duration_ms"": 1000, ""intended_onset_ms"": 1123622.539, ""actual_onset_global_ms"": 1123617.727, ""actual_offset_global_ms"": 1124633.966, ""actual_duration_ms"": 1016.239}, {""stage_name"": ""test_array"", ""planned_duration_ms"": 4000, ""intended_onset_ms"": 1124633.966, ""actual_onset_global_ms"": 1124659.599, ""actual_offset_global_ms"": 1126341.723, ""actual_duration_ms"": 1682.124}]",
22,22_T1_20260520_150705,PA,T1,adaptive,hci_substudy_v2,1,telemetry_v4,change_detection,4,formal_cd,formal,1,20,44,formal,N1_same,1779260825,60.0,2026-05-20T15:25:58.729,0,0,0,3,1126345.504,1126356.518,1,same,0,"[150.47, 105.66]","[[150.47, 105.66]]","[""purple""]","[""purple""]",purple,purple,j,change,s,0,0,4020.31,,,,,,2,1,1129945.504,1130010.014,1134040.591,4000,4030.577,1134040.591,"[{""stage_name"": ""fixation"", ""planned_duration_ms"": 100, ""intended_onset_ms"": 1126345.504, ""actual_onset_global_ms"": 1126356.518, ""actual_offset_global_ms"": 1126470.937, ""actual_duration_ms"": 114.419}, {""stage_name"": ""memory_array"", ""planned_duration_ms"": 2500, ""intended_onset_ms"": 1126445.504, ""actual_onset_global_ms"": 1126474.53, ""actual_offset_global_ms"": 1128988.702, ""actual_duration_ms"": 2514.172}, {""stage_name"": ""delay"", ""planned_duration_ms"": 1000, ""intended_onset_ms"": 1128988.702, ""actual_onset_global_ms"": 1128987.831, ""actual_offset_global_ms"": 1130004.426, ""actual_duration_ms"": 1016.595}, {""stage_name"": ""test_array"", ""planned_duration_ms"": 4000, ""intended_onset_ms"": 1130004.426, ""actual_onset_global_ms"": 1130010.014, ""actual_offset_global_ms"": 1134040.591, ""actual_duration_ms"": 4030.577}]",
22,22_T1_20260520_150705,PA,T1,adaptive,hci_substudy_v2,1,telemetry_v4,change_detection,4,formal_cd,formal,1,21,45,formal,N1_change,1779260825,60.0,2026-05-20T15:26:06.428,0,0,0,3,1134044.421,1134055.934,1,change,0,"[154.96, -166.76]","[[154.96, -166.76]]","[""blue""]","[""red""]",blue,red,j,change,j,1,1,1974.955,,,,,,1,1,1137644.421,1137695.336,1139695.599,4000,2000.263,1139695.599,"[{""stage_name"": ""fixation"", ""planned_duration_ms"": 100, ""intended_onset_ms"": 1134044.421, ""actual_onset_global_ms"": 1134055.934, ""actual_offset_global_ms"": 1134172.912, ""actual_duration_ms"": 116.978}, {""stage_name"": ""memory_array"", ""planned_duration_ms"": 2500, ""intended_onset_ms"": 1134144.421, ""actual_onset_global_ms"": 1134176.233, ""actual_offset_global_ms"": 1136686.826, ""actual_duration_ms"": 2510.593}, {""stage_name"": ""delay"", ""planned_duration_ms"": 1000, ""intended_onset_ms"": 1136686.826, ""actual_onset_global_ms"": 1136676.778, ""actual_offset_global_ms"": 1137689.246, ""actual_duration_ms"": 1012.468}, {""stage_name"": ""test_array"", ""planned_duration_ms"": 4000, ""intended_onset_ms"": 1137689.246, ""actual_onset_global_ms"": 1137695.336, ""actual_offset_global_ms"": 1139695.599, ""actual_duration_ms"": 2000.263}]",
22,22_T1_20260520_150705,PA,T1,adaptive,hci_substudy_v2,1,telemetry_v4,change_detection,4,formal_cd,formal,1,22,46,formal,N2_same,1779260825,60.0,2026-05-20T15:26:12.083,0,0,0,3,1139699.568,1139711.091,2,same,0,"[-184.5, 63.95]","[[-184.5, 63.95], [14.96, 201.91]]","[""red"", ""purple""]","[""red"", ""purple""]",red,red,s,same,s,1,1,2896.052,,,,,,3,1,1143299.568,1143360.311,1146265.425,4000,2905.114,1146265.425,"[{""stage_name"": ""fixation"", ""planned_duration_ms"": 100, ""intended_onset_ms"": 1139699.568, ""actual_onset_global_ms"": 1139711.091, ""actual_offset_global_ms"": 1139828.361, ""actual_duration_ms"": 117.27}, {""stage_name"": ""memory_array"", ""planned_duration_ms"": 2500, ""intended_onset_ms"": 1139799.568, ""actual_onset_global_ms"": 1139843.285, ""actual_offset_global_ms"": 1142335.33, ""actual_duration_ms"": 2492.045}, {""stage_name"": ""delay"", ""planned_duration_ms"": 1000, ""intended_onset_ms"": 1142335.33, ""actual_onset_global_ms"": 1142328.316, ""actual_offset_global_ms"": 1143344.982, ""actual_duration_ms"": 1016.666}, {""stage_name"": ""test_array"", ""planned_duration_ms"": 4000, ""intended_onset_ms"": 1143344.982, ""actual_onset_global_ms"": 1143360.311, ""actual_offset_global_ms"": 1146265.425, ""actual_duration_ms"": 2905.114}]",
22,22_T1_20260520_150705,PA,T1,adaptive,hci_substudy_v2,1,telemetry_v4,change_detection,4,formal_cd,formal,1,23,47,formal,N2_change,1779260825,60.0,2026-05-20T15:26:18.653,0,0,0,3,1146270.063,1146281.505,2,change,1,"[-249.6, -220.89]","[[99.06, -64.9], [-249.6, -220.89]]","[""purple"", ""yellow""]","[""purple"", ""blue""]",yellow,blue,j,change,j,1,1,2649.199,,,,,,3,1,1149870.063,1149930.973,1152603.527,4000,2672.554,1152603.527,"[{""stage_name"": ""fixation"", ""planned_duration_ms"": 100, ""intended_onset_ms"": 1146270.063, ""actual_onset_global_ms"": 1146281.505, ""actual_offset_global_ms"": 1146398.681, ""actual_duration_ms"": 117.176}, {""stage_name"": ""memory_array"", ""planned_duration_ms"": 2500, ""intended_onset_ms"": 1146370.063, ""actual_onset_global_ms"": 1146414.568, ""actual_offset_global_ms"": 1148912.685, ""actual_duration_ms"": 2498.117}, {""stage_name"": ""delay"", ""planned_duration_ms"": 1000, ""intended_onset_ms"": 1148912.685, ""actual_onset_global_ms"": 1148903.6, ""actual_offset_global_ms"": 1149915.333, ""actual_duration_ms"": 1011.733}, {""stage_name"": ""test_array"", ""planned_duration_ms"": 4000, ""intended_onset_ms"": 1149915.333, ""actual_onset_global_ms"": 1149930.973, ""actual_offset_global_ms"": 1152603.527, ""actual_duration_ms"": 2672.554}]",
22,22_T1_20260520_150705,PA,T1,adaptive,hci_substudy_v2,1,telemetry_v4,change_detection,4,formal_cd,formal,1,24,48,formal,N1_same,1779260825,60.0,2026-05-20T15:26:24.992,0,0,0,3,1152608.518,1152620.429,1,same,0,"[-81.79, 37.75]","[[-81.79, 37.75]]","[""green""]","[""green""]",green,green,j,change,s,0,0,2558.8,,,,,,1,1,1156208.518,1156261.448,1158852.027,4000,2590.579,1158852.027,"[{""stage_name"": ""fixation"", ""planned_duration_ms"": 100, ""intended_onset_ms"": 1152608.518, ""actual_onset_global_ms"": 1152620.429, ""actual_offset_global_ms"": 1152738.096, ""actual_duration_ms"": 117.667}, {""stage_name"": ""memory_array"", ""planned_duration_ms"": 2500, ""intended_onset_ms"": 1152708.518, ""actual_onset_global_ms"": 1152742.456, ""actual_offset_global_ms"": 1155249.438, ""actual_duration_ms"": 2506.982}, {""stage_name"": ""delay"", ""planned_duration_ms"": 1000, ""intended_onset_ms"": 1155249.438, ""actual_onset_global_ms"": 1155240.453, ""actual_offset_global_ms"": 1156254.404, ""actual_duration_ms"": 1013.951}, {""stage_name"": ""test_array"", ""planned_duration_ms"": 4000, ""intended_onset_ms"": 1156254.404, ""actual_onset_global_ms"": 1156261.448, ""actual_offset_global_ms"": 1158852.027, ""actual_duration_ms"": 2590.579}]",
22,22_T1_20260520_150705,PA,T1,adaptive,hci_substudy_v2,1,telemetry_v4,change_detection,4,formal_cd,formal,1,25,49,formal,N1_change,1779260825,60.0,2026-05-20T15:26:31.239,0,0,0,3,1158856.068,1158868.859,1,change,0,"[257.48, 149.12]","[[257.48, 149.12]]","[""yellow""]","[""red""]",yellow,red,j,change,j,1,1,2110.948,,,,,,2,1,1162456.068,1162525.273,1164667.747,4000,2142.474,1164667.747,"[{""stage_name"": ""fixation"", ""planned_duration_ms"": 100, ""intended_onset_ms"": 1158856.068, ""actual_onset_global_ms"": 1158868.859, ""actual_offset_global_ms"": 1158985.744, ""actual_duration_ms"": 116.885}, {""stage_name"": ""memory_array"", ""planned_duration_ms"": 2500, ""intended_onset_ms"": 1158956.068, ""actual_onset_global_ms"": 1158992.26, ""actual_offset_global_ms"": 1161507.631, ""actual_duration_ms"": 2515.371}, {""stage_name"": ""delay"", ""planned_duration_ms"": 1000, ""intended_onset_ms"": 1161507.631, ""actual_onset_global_ms"": 1161502.614, ""actual_offset_global_ms"": 1162519.11, ""actual_duration_ms"": 1016.496}, {""stage_name"": ""test_array"", ""planned_duration_ms"": 4000, ""intended_onset_ms"": 1162519.11, ""actual_onset_global_ms"": 1162525.273, ""actual_offset_global_ms"": 1164667.747, ""actual_duration_ms"": 2142.474}]",
22,22_T1_20260520_150705,PA,T1,adaptive,hci_substudy_v2,1,telemetry_v4,change_detection,4,formal_cd,formal,1,26,50,formal,N3_change,1779260825,60.0,2026-05-20T15:26:37.055,0,0,0,3,1164672.103,1164684.152,3,change,1,"[213.53, 226.32]","[[99.61, 85.15], [213.53, 226.32], [-153.59, 222.04]]","[""green"", ""yellow"", ""red""]","[""green"", ""blue"", ""red""]",yellow,blue,j,change,j,1,1,2954.901,,,,,,3,1,1168272.103,1168376.488,1171371.664,4000,2995.176,1171371.664,"[{""stage_name"": ""fixation"", ""planned_duration_ms"": 100, ""intended_onset_ms"": 1164672.103, ""actual_onset_global_ms"": 1164684.152, ""actual_offset_global_ms"": 1164801.648, ""actual_duration_ms"": 117.496}, {""stage_name"": ""memory_array"", ""planned_duration_ms"": 2500, ""intended_onset_ms"": 1164772.103, ""actual_onset_global_ms"": 1164828.412, ""actual_offset_global_ms"": 1167341.493, ""actual_duration_ms"": 2513.081}, {""stage_name"": ""delay"", ""planned_duration_ms"": 1000, ""intended_onset_ms"": 1167341.493, ""actual_onset_global_ms"": 1167332.439, ""actual_offset_global_ms"": 1168348.797, ""actual_duration_ms"": 1016.358}, {""stage_name"": ""test_array"", ""planned_duration_ms"": 4000, ""intended_onset_ms"": 1168348.797, ""actual_onset_global_ms"": 1168376.488, ""actual_offset_global_ms"": 1171371.664, ""actual_duration_ms"": 2995.176}]",
22,22_T1_20260520_150705,PA,T1,adaptive,hci_substudy_v2,1,telemetry_v4,change_detection,4,formal_cd,formal,1,27,51,formal,N1_same,1779260825,60.0,2026-05-20T15:26:43.759,0,0,0,3,1171375.756,1171385.064,1,same,0,"[121.24, 234.71]","[[121.24, 234.71]]","[""blue""]","[""blue""]",blue,blue,s,same,s,1,1,1512.462,,,,,,1,1,1174975.756,1175023.22,1176546.726,4000,1523.506,1176546.726,"[{""stage_name"": ""fixation"", ""planned_duration_ms"": 100, ""intended_onset_ms"": 1171375.756, ""actual_onset_global_ms"": 1171385.064, ""actual_offset_global_ms"": 1171499.319, ""actual_duration_ms"": 114.255}, {""stage_name"": ""memory_array"", ""planned_duration_ms"": 2500, ""intended_onset_ms"": 1171475.756, ""actual_onset_global_ms"": 1171504.393, ""actual_offset_global_ms"": 1174005.906, ""actual_duration_ms"": 2501.513}, {""stage_name"": ""delay"", ""planned_duration_ms"": 1000, ""intended_onset_ms"": 1174005.906, ""actual_onset_global_ms"": 1173999.576, ""actual_offset_global_ms"": 1175016.752, ""actual_duration_ms"": 1017.176}, {""stage_name"": ""test_array"", ""planned_duration_ms"": 4000, ""intended_onset_ms"": 1175016.752, ""actual_onset_global_ms"": 1175023.22, ""actual_offset_global_ms"": 1176546.726, ""actual_duration_ms"": 1523.506}]",
22,22_T1_20260520_150705,PA,T1,adaptive,hci_substudy_v2,1,telemetry_v4,change_detection,4,formal_cd,formal,1,28,52,formal,N4_change,1779260825,60.0,2026-05-20T15:26:48.935,0,0,0,3,1176551.528,1176564.326,4,change,1,"[-62.99, -226.38]","[[-21.83, 189.79], [-62.99, -226.38], [191.95, -1.09], [-79.46, -110.57]]","[""red"", ""green"", ""yellow"", ""blue""]","[""red"", ""purple"", ""yellow"", ""blue""]",green,purple,j,change,j,1,1,1966.302,,,,,,6,1,1180151.528,1180248.982,1182264.084,4000,2015.102,1182264.084,"[{""stage_name"": ""fixation"", ""planned_duration_ms"": 100, ""intended_onset_ms"": 1176551.528, ""actual_onset_global_ms"": 1176564.326, ""actual_offset_global_ms"": 1176675.862, ""actual_duration_ms"": 111.536}, {""stage_name"": ""memory_array"", ""planned_duration_ms"": 2500, ""intended_onset_ms"": 1176651.528, ""actual_onset_global_ms"": 1176711.67, ""actual_offset_global_ms"": 1179199.622, ""actual_duration_ms"": 2487.952}, {""stage_name"": ""delay"", ""planned_duration_ms"": 1000, ""intended_onset_ms"": 1179199.622, ""actual_onset_global_ms"": 1179192.703, ""actual_offset_global_ms"": 1180210.329, ""actual_duration_ms"": 1017.626}, {""stage_name"": ""test_array"", ""planned_duration_ms"": 4000, ""intended_onset_ms"": 1180210.329, ""actual_onset_global_ms"": 1180248.982, ""actual_offset_global_ms"": 1182264.084, ""actual_duration_ms"": 2015.102}]",
22,22_T1_20260520_150705,PA,T1,adaptive,hci_substudy_v2,1,telemetry_v4,change_detection,4,formal_cd,formal,1,29,53,formal,N2_same,1779260825,60.0,2026-05-20T15:26:54.651,0,0,0,3,1182268.187,1182278.065,2,same,0,"[-30.92, 252.75]","[[-30.92, 252.75], [-235.66, 238.82]]","[""red"", ""purple""]","[""red"", ""purple""]",red,red,j,change,s,0,0,2674.631,,,,,,2,1,1185868.187,1185924.854,1188612.686,4000,2687.832,1188612.686,"[{""stage_name"": ""fixation"", ""planned_duration_ms"": 100, ""intended_onset_ms"": 1182268.187, ""actual_onset_global_ms"": 1182278.065, ""actual_offset_global_ms"": 1182391.098, ""actual_duration_ms"": 113.033}, {""stage_name"": ""memory_array"", ""planned_duration_ms"": 2500, ""intended_onset_ms"": 1182368.187, ""actual_onset_global_ms"": 1182405.886, ""actual_offset_global_ms"": 1184893.895, ""actual_duration_ms"": 2488.009}, {""stage_name"": ""delay"", ""planned_duration_ms"": 1000, ""intended_onset_ms"": 1184893.895, ""actual_onset_global_ms"": 1184891.144, ""actual_offset_global_ms"": 1185907.656, ""actual_duration_ms"": 1016.512}, {""stage_name"": ""test_array"", ""planned_duration_ms"": 4000, ""intended_onset_ms"": 1185907.656, ""actual_onset_global_ms"": 1185924.854, ""actual_offset_global_ms"": 1188612.686, ""actual_duration_ms"": 2687.832}]",
22,22_T1_20260520_150705,PA,T1,adaptive,hci_substudy_v2,1,telemetry_v4,change_detection,4,formal_cd,formal,1,30,54,formal,N4_same,1779260825,60.0,2026-05-20T15:27:01.000,0,0,0,3,1188617.214,1188628.492,4,same,2,"[110.58, 170.52]","[[-36.91, -141.42], [84.08, -131.26], [110.58, 170.52], [165.71, 3.03]]","[""purple"", ""green"", ""red"", ""yellow""]","[""purple"", ""green"", ""red"", ""yellow""]",red,red,s,same,s,1,1,2559.803,,,,,,6,1,1192217.214,1192315.951,1194905.575,4000,2589.624,1194905.575,"[{""stage_name"": ""fixation"", ""planned_duration_ms"": 100, ""intended_onset_ms"": 1188617.214, ""actual_onset_global_ms"": 1188628.492, ""actual_offset_global_ms"": 1188744.601, ""actual_duration_ms"": 116.109}, {""stage_name"": ""memory_array"", ""planned_duration_ms"": 2500, ""intended_onset_ms"": 1188717.214, ""actual_onset_global_ms"": 1188778.67, ""actual_offset_global_ms"": 1191267.951, ""actual_duration_ms"": 2489.281}, {""stage_name"": ""delay"", ""planned_duration_ms"": 1000, ""intended_onset_ms"": 1191267.951, ""actual_onset_global_ms"": 1191261.262, ""actual_offset_global_ms"": 1192278.224, ""actual_duration_ms"": 1016.962}, {""stage_name"": ""test_array"", ""planned_duration_ms"": 4000, ""intended_onset_ms"": 1192278.224, ""actual_onset_global_ms"": 1192315.951, ""actual_offset_global_ms"": 1194905.575, ""actual_duration_ms"": 2589.624}]",
22,22_T1_20260520_150705,PA,T1,adaptive,hci_substudy_v2,1,telemetry_v4,change_detection,4,formal_cd,formal,1,31,55,formal,N4_change,1779260825,60.0,2026-05-20T15:27:07.293,0,0,0,3,1194910.059,1194921.792,4,change,0,"[62.17, 189.95]","[[62.17, 189.95], [-214.95, -36.19], [128.02, -181.88], [-172.45, 73.08]]","[""yellow"", ""purple"", ""red"", ""blue""]","[""green"", ""purple"", ""red"", ""blue""]",yellow,green,j,change,j,1,1,1941.98,,,,,,5,1,1198510.059,1198594.031,1200570.875,4000,1976.844,1200570.875,"[{""stage_name"": ""fixation"", ""planned_duration_ms"": 100, ""intended_onset_ms"": 1194910.059, ""actual_onset_global_ms"": 1194921.792, ""actual_offset_global_ms"": 1195038.979, ""actual_duration_ms"": 117.187}, {""stage_name"": ""memory_array"", ""planned_duration_ms"": 2500, ""intended_onset_ms"": 1195010.059, ""actual_onset_global_ms"": 1195075.213, ""actual_offset_global_ms"": 1197545.116, ""actual_duration_ms"": 2469.903}, {""stage_name"": ""delay"", ""planned_duration_ms"": 1000, ""intended_onset_ms"": 1197545.116, ""actual_onset_global_ms"": 1197538.371, ""actual_offset_global_ms"": 1198555.49, ""actual_duration_ms"": 1017.119}, {""stage_name"": ""test_array"", ""planned_duration_ms"": 4000, ""intended_onset_ms"": 1198555.49, ""actual_onset_global_ms"": 1198594.031, ""actual_offset_global_ms"": 1200570.875, ""actual_duration_ms"": 1976.844}]",
22,22_T1_20260520_150705,PA,T1,adaptive,hci_substudy_v2,1,telemetry_v4,change_detection,4,formal_cd,formal,1,32,56,formal,N3_same,1779260825,60.0,2026-05-20T15:27:12.959,0,0,0,3,1200576.603,1200586.147,3,same,0,"[205.13, -38.54]","[[205.13, -38.54], [-77.05, 85.96], [-180.38, 161.34]]","[""yellow"", ""purple"", ""red""]","[""yellow"", ""purple"", ""red""]",yellow,yellow,j,change,s,0,0,3135.943,,,,,,4,1,1204176.603,1204245.204,1207390.141,4000,3144.937,1207390.141,"[{""stage_name"": ""fixation"", ""planned_duration_ms"": 100, ""intended_onset_ms"": 1200576.603, ""actual_onset_global_ms"": 1200586.147, ""actual_offset_global_ms"": 1200701.663, ""actual_duration_ms"": 115.516}, {""stage_name"": ""memory_array"", ""planned_duration_ms"": 2500, ""intended_onset_ms"": 1200676.603, ""actual_onset_global_ms"": 1200727.535, ""actual_offset_global_ms"": 1203210.13, ""actual_duration_ms"": 2482.595}, {""stage_name"": ""delay"", ""planned_duration_ms"": 1000, ""intended_onset_ms"": 1203210.13, ""actual_onset_global_ms"": 1203202.062, ""actual_offset_global_ms"": 1204218.77, ""actual_duration_ms"": 1016.708}, {""stage_name"": ""test_array"", ""planned_duration_ms"": 4000, ""intended_onset_ms"": 1204218.77, ""actual_onset_global_ms"": 1204245.204, ""actual_offset_global_ms"": 1207390.141, ""actual_duration_ms"": 3144.937}]",
22,22_T1_20260520_150705,PA,T1,adaptive,hci_substudy_v2,1,telemetry_v4,change_detection,4,formal_cd,formal,1,33,57,formal,N3_same,1779260825,60.0,2026-05-20T15:27:19.778,0,0,0,3,1207394.308,1207404.269,3,same,2,"[-138.57, -83.13]","[[167.42, 115.12], [-223.79, -185.49], [-138.57, -83.13]]","[""blue"", ""green"", ""red""]","[""blue"", ""green"", ""red""]",red,red,j,change,s,0,0,477.452,,,,,,3,1,1210994.308,1211079.44,1211569.75,4000,490.31,1211569.75,"[{""stage_name"": ""fixation"", ""planned_duration_ms"": 100, ""intended_onset_ms"": 1207394.308, ""actual_onset_global_ms"": 1207404.269, ""actual_offset_global_ms"": 1207518.167, ""actual_duration_ms"": 113.898}, {""stage_name"": ""memory_array"", ""planned_duration_ms"": 2500, ""intended_onset_ms"": 1207494.308, ""actual_onset_global_ms"": 1207543.757, ""actual_offset_global_ms"": 1210044.757, ""actual_duration_ms"": 2501.0}, {""stage_name"": ""delay"", ""planned_duration_ms"": 1000, ""intended_onset_ms"": 1210044.757, ""actual_onset_global_ms"": 1210036.271, ""actual_offset_global_ms"": 1211052.085, ""actual_duration_ms"": 1015.814}, {""stage_name"": ""test_array"", ""planned_duration_ms"": 4000, ""intended_onset_ms"": 1211052.085, ""actual_onset_global_ms"": 1211079.44, ""actual_offset_global_ms"": 1211569.75, ""actual_duration_ms"": 490.31}]",
22,22_T1_20260520_150705,PA,T1,adaptive,hci_substudy_v2,1,telemetry_v4,change_detection,4,formal_cd,formal,1,34,58,formal,N2_same,1779260825,60.0,2026-05-20T15:27:23.957,0,0,0,3,1211573.989,1211586.515,2,same,0,"[30.48, -135.38]","[[30.48, -135.38], [-103.48, -226.59]]","[""red"", ""blue""]","[""red"", ""blue""]",red,red,s,same,s,1,1,1790.116,,,,,,3,1,1215173.989,1215254.951,1217064.383,4000,1809.432,1217064.383,"[{""stage_name"": ""fixation"", ""planned_duration_ms"": 100, ""intended_onset_ms"": 1211573.989, ""actual_onset_global_ms"": 1211586.515, ""actual_offset_global_ms"": 1211703.785, ""actual_duration_ms"": 117.27}, {""stage_name"": ""memory_array"", ""planned_duration_ms"": 2500, ""intended_onset_ms"": 1211673.989, ""actual_onset_global_ms"": 1211719.723, ""actual_offset_global_ms"": 1214237.325, ""actual_duration_ms"": 2517.602}, {""stage_name"": ""delay"", ""planned_duration_ms"": 1000, ""intended_onset_ms"": 1214237.325, ""actual_onset_global_ms"": 1214237.026, ""actual_offset_global_ms"": 1215237.576, ""actual_duration_ms"": 1000.55}, {""stage_name"": ""test_array"", ""planned_duration_ms"": 4000, ""intended_onset_ms"": 1215237.576, ""actual_onset_global_ms"": 1215254.951, ""actual_offset_global_ms"": 1217064.383, ""actual_duration_ms"": 1809.432}]",
22,22_T1_20260520_150705,PA,T1,adaptive,hci_substudy_v2,1,telemetry_v4,change_detection,4,formal_cd,formal,1,35,59,formal,N2_change,1779260825,60.0,2026-05-20T15:27:29.452,0,0,0,3,1217068.953,1217078.099,2,change,1,"[-197.17, -74.42]","[[-151.93, 206.87], [-197.17, -74.42]]","[""yellow"", ""green""]","[""yellow"", ""blue""]",green,blue,j,change,j,1,1,1941.786,,,,,,2,1,1220668.953,1220727.231,1222699.964,4000,1972.733,1222699.964,"[{""stage_name"": ""fixation"", ""planned_duration_ms"": 100, ""intended_onset_ms"": 1217068.953, ""actual_onset_global_ms"": 1217078.099, ""actual_offset_global_ms"": 1217194.301, ""actual_duration_ms"": 116.202}, {""stage_name"": ""memory_array"", ""planned_duration_ms"": 2500, ""intended_onset_ms"": 1217168.953, ""actual_onset_global_ms"": 1217208.071, ""actual_offset_global_ms"": 1219702.176, ""actual_duration_ms"": 2494.105}, {""stage_name"": ""delay"", ""planned_duration_ms"": 1000, ""intended_onset_ms"": 1219702.176, ""actual_onset_global_ms"": 1219694.246, ""actual_offset_global_ms"": 1220711.673, ""actual_duration_ms"": 1017.427}, {""stage_name"": ""test_array"", ""planned_duration_ms"": 4000, ""intended_onset_ms"": 1220711.673, ""actual_onset_global_ms"": 1220727.231, ""actual_offset_global_ms"": 1222699.964, ""actual_duration_ms"": 1972.733}]",
22,22_T1_20260520_150705,PA,T1,adaptive,hci_substudy_v2,1,telemetry_v4,change_detection,4,formal_cd,formal,1,36,60,formal,N3_same,1779260825,60.0,2026-05-20T15:27:35.088,0,0,0,3,1222704.479,1222715.643,3,same,0,"[-42.41, -132.67]","[[-42.41, -132.67], [110.16, -47.33], [109.52, -211.23]]","[""purple"", ""green"", ""blue""]","[""purple"", ""green"", ""blue""]",purple,purple,j,change,s,0,0,1907.275,,,,,,4,1,1226304.479,1226410.16,1228349.554,4000,1939.394,1228349.554,"[{""stage_name"": ""fixation"", ""planned_duration_ms"": 100, ""intended_onset_ms"": 1222704.479, ""actual_onset_global_ms"": 1222715.643, ""actual_offset_global_ms"": 1222832.663, ""actual_duration_ms"": 117.02}, {""stage_name"": ""memory_array"", ""planned_duration_ms"": 2500, ""intended_onset_ms"": 1222804.479, ""actual_onset_global_ms"": 1222859.619, ""actual_offset_global_ms"": 1225372.101, ""actual_duration_ms"": 2512.482}, {""stage_name"": ""delay"", ""planned_duration_ms"": 1000, ""intended_onset_ms"": 1225372.101, ""actual_onset_global_ms"": 1225366.441, ""actual_offset_global_ms"": 1226382.86, ""actual_duration_ms"": 1016.419}, {""stage_name"": ""test_array"", ""planned_duration_ms"": 4000, ""intended_onset_ms"": 1226382.86, ""actual_onset_global_ms"": 1226410.16, ""actual_offset_global_ms"": 1228349.554, ""actual_duration_ms"": 1939.394}]",
22,22_T1_20260520_150705,PA,T1,adaptive,hci_substudy_v2,1,telemetry_v4,change_detection,4,formal_cd,formal,1,37,61,formal,N4_change,1779260825,60.0,2026-05-20T15:27:40.738,0,0,0,3,1228354.511,1228366.337,4,change,0,"[216.88, 101.9]","[[216.88, 101.9], [-214.36, -50.0], [188.8, 239.75], [-107.42, -59.44]]","[""yellow"", ""blue"", ""purple"", ""green""]","[""red"", ""blue"", ""purple"", ""green""]",yellow,red,j,change,j,1,1,1752.544,,,,,,4,1,1231954.511,1232069.084,1233848.127,4000,1779.043,1233848.127,"[{""stage_name"": ""fixation"", ""planned_duration_ms"": 100, ""intended_onset_ms"": 1228354.511, ""actual_onset_global_ms"": 1228366.337, ""actual_offset_global_ms"": 1228482.547, ""actual_duration_ms"": 116.21}, {""stage_name"": ""memory_array"", ""planned_duration_ms"": 2500, ""intended_onset_ms"": 1228454.511, ""actual_onset_global_ms"": 1228517.606, ""actual_offset_global_ms"": 1231021.405, ""actual_duration_ms"": 2503.799}, {""stage_name"": ""delay"", ""planned_duration_ms"": 1000, ""intended_onset_ms"": 1231021.405, ""actual_onset_global_ms"": 1231016.416, ""actual_offset_global_ms"": 1232032.9, ""actual_duration_ms"": 1016.484}, {""stage_name"": ""test_array"", ""planned_duration_ms"": 4000, ""intended_onset_ms"": 1232032.9, ""actual_onset_global_ms"": 1232069.084, ""actual_offset_global_ms"": 1233848.127, ""actual_duration_ms"": 1779.043}]",
22,22_T1_20260520_150705,PA,T1,adaptive,hci_substudy_v2,1,telemetry_v4,change_detection,4,formal_cd,formal,1,38,62,formal,N2_same,1779260825,60.0,2026-05-20T15:27:46.236,0,0,0,3,1233853.046,1233864.913,2,same,0,"[16.16, 179.19]","[[16.16, 179.19], [-248.71, 43.87]]","[""yellow"", ""red""]","[""yellow"", ""red""]",yellow,yellow,j,change,s,0,0,1451.436,,,,,,2,1,1237453.046,1237510.751,1238979.199,4000,1468.448,1238979.199,"[{""stage_name"": ""fixation"", ""planned_duration_ms"": 100, ""intended_onset_ms"": 1233853.046, ""actual_onset_global_ms"": 1233864.913, ""actual_offset_global_ms"": 1233977.938, ""actual_duration_ms"": 113.025}, {""stage_name"": ""memory_array"", ""planned_duration_ms"": 2500, ""intended_onset_ms"": 1233953.046, ""actual_onset_global_ms"": 1233992.953, ""actual_offset_global_ms"": 1236482.788, ""actual_duration_ms"": 2489.835}, {""stage_name"": ""delay"", ""planned_duration_ms"": 1000, ""intended_onset_ms"": 1236482.788, ""actual_onset_global_ms"": 1236478.19, ""actual_offset_global_ms"": 1237494.741, ""actual_duration_ms"": 1016.551}, {""stage_name"": ""test_array"", ""planned_duration_ms"": 4000, ""intended_onset_ms"": 1237494.741, ""actual_onset_global_ms"": 1237510.751, ""actual_offset_global_ms"": 1238979.199, ""actual_duration_ms"": 1468.448}]",
22,22_T1_20260520_150705,PA,T1,adaptive,hci_substudy_v2,1,telemetry_v4,change_detection,4,formal_cd,formal,1,39,63,formal,N3_change,1779260825,60.0,2026-05-20T15:27:51.366,0,0,0,3,1238983.459,1238996.296,3,change,2,"[-254.81, 145.42]","[[-116.96, -198.25], [6.08, -111.45], [-254.81, 145.42]]","[""blue"", ""red"", ""purple""]","[""blue"", ""red"", ""green""]",purple,green,j,change,j,1,1,1575.923,,,,,,5,1,1242583.459,1242678.169,1244298.434,4000,1620.265,1244298.434,"[{""stage_name"": ""fixation"", ""planned_duration_ms"": 100, ""intended_onset_ms"": 1238983.459, ""actual_onset_global_ms"": 1238996.296, ""actual_offset_global_ms"": 1239113.974, ""actual_duration_ms"": 117.678}, {""stage_name"": ""memory_array"", ""planned_duration_ms"": 2500, ""intended_onset_ms"": 1239083.459, ""actual_onset_global_ms"": 1239143.781, ""actual_offset_global_ms"": 1241643.881, ""actual_duration_ms"": 2500.1}, {""stage_name"": ""delay"", ""planned_duration_ms"": 1000, ""intended_onset_ms"": 1241643.881, ""actual_onset_global_ms"": 1241636.225, ""actual_offset_global_ms"": 1242647.917, ""actual_duration_ms"": 1011.692}, {""stage_name"": ""test_array"", ""planned_duration_ms"": 4000, ""intended_onset_ms"": 1242647.917, ""actual_onset_global_ms"": 1242678.169, ""actual_offset_global_ms"": 1244298.434, ""actual_duration_ms"": 1620.265}]",
22,22_T1_20260520_150705,PA,T1,adaptive,hci_substudy_v2,1,telemetry_v4,change_detection,4,formal_cd,formal,1,40,64,formal,N2_same,1779260825,60.0,2026-05-20T15:27:56.687,0,0,0,3,1244303.739,1244314.57,2,same,0,"[158.01, -40.88]","[[158.01, -40.88], [-11.49, 257.3]]","[""purple"", ""red""]","[""purple"", ""red""]",purple,purple,s,same,s,1,1,1728.489,,,,,,3,1,1247903.739,1247981.217,1249734.919,4000,1753.702,1249734.919,"[{""stage_name"": ""fixation"", ""planned_duration_ms"": 100, ""intended_onset_ms"": 1244303.739, ""actual_onset_global_ms"": 1244314.57, ""actual_offset_global_ms"": 1244431.629, ""actual_duration_ms"": 117.059}, {""stage_name"": ""memory_array"", ""planned_duration_ms"": 2500, ""intended_onset_ms"": 1244403.739, ""actual_onset_global_ms"": 1244447.881, ""actual_offset_global_ms"": 1246953.832, ""actual_duration_ms"": 2505.951}, {""stage_name"": ""delay"", ""planned_duration_ms"": 1000, ""intended_onset_ms"": 1246953.832, ""actual_onset_global_ms"": 1246947.62, ""actual_offset_global_ms"": 1247964.961, ""actual_duration_ms"": 1017.341}, {""stage_name"": ""test_array"", ""planned_duration_ms"": 4000, ""intended_onset_ms"": 1247964.961, ""actual_onset_global_ms"": 1247981.217, ""actual_offset_global_ms"": 1249734.919, ""actual_duration_ms"": 1753.702}]",
22,22_T1_20260520_150705,PA,T1,adaptive,hci_substudy_v2,1,telemetry_v4,change_detection,4,formal_cd,formal,1,41,65,formal,N1_change,1779260825,60.0,2026-05-20T15:28:02.123,0,0,0,3,1249739.473,1249751.871,1,change,0,"[-218.6, -133.72]","[[-218.6, -133.72]]","[""blue""]","[""red""]",blue,red,j,change,j,1,1,1402.243,,,,,,1,1,1253339.473,1253391.835,1254817.885,4000,1426.05,1254817.885,"[{""stage_name"": ""fixation"", ""planned_duration_ms"": 100, ""intended_onset_ms"": 1249739.473, ""actual_onset_global_ms"": 1249751.871, ""actual_offset_global_ms"": 1249868.715, ""actual_duration_ms"": 116.844}, {""stage_name"": ""memory_array"", ""planned_duration_ms"": 2500, ""intended_onset_ms"": 1249839.473, ""actual_onset_global_ms"": 1249872.708, ""actual_offset_global_ms"": 1252384.939, ""actual_duration_ms"": 2512.231}, {""stage_name"": ""delay"", ""planned_duration_ms"": 1000, ""intended_onset_ms"": 1252384.939, ""actual_onset_global_ms"": 1252385.526, ""actual_offset_global_ms"": 1253385.702, ""actual_duration_ms"": 1000.176}, {""stage_name"": ""test_array"", ""planned_duration_ms"": 4000, ""intended_onset_ms"": 1253385.702, ""actual_onset_global_ms"": 1253391.835, ""actual_offset_global_ms"": 1254817.885, ""actual_duration_ms"": 1426.05}]",
22,22_T1_20260520_150705,PA,T1,adaptive,hci_substudy_v2,1,telemetry_v4,change_detection,4,formal_cd,formal,1,42,66,formal,N3_same,1779260825,60.0,2026-05-20T15:28:07.206,0,0,0,3,1254822.358,1254833.354,3,same,0,"[-131.3, 101.69]","[[-131.3, 101.69], [-103.52, -235.04], [188.96, -45.67]]","[""green"", ""blue"", ""purple""]","[""green"", ""blue"", ""purple""]",green,green,s,same,s,1,1,2366.523,,,,,,4,1,1258422.358,1258491.383,1260910.998,4000,2419.615,1260910.998,"[{""stage_name"": ""fixation"", ""planned_duration_ms"": 100, ""intended_onset_ms"": 1254822.358, ""actual_onset_global_ms"": 1254833.354, ""actual_offset_global_ms"": 1254947.121, ""actual_duration_ms"": 113.767}, {""stage_name"": ""memory_array"", ""planned_duration_ms"": 2500, ""intended_onset_ms"": 1254922.358, ""actual_onset_global_ms"": 1254975.32, ""actual_offset_global_ms"": 1257449.22, ""actual_duration_ms"": 2473.9}, {""stage_name"": ""delay"", ""planned_duration_ms"": 1000, ""intended_onset_ms"": 1257449.22, ""actual_onset_global_ms"": 1257446.803, ""actual_offset_global_ms"": 1258463.443, ""actual_duration_ms"": 1016.64}, {""stage_name"": ""test_array"", ""planned_duration_ms"": 4000, ""intended_onset_ms"": 1258463.443, ""actual_onset_global_ms"": 1258491.383, ""actual_offset_global_ms"": 1260910.998, ""actual_duration_ms"": 2419.615}]",
22,22_T1_20260520_150705,PA,T1,adaptive,hci_substudy_v2,1,telemetry_v4,change_detection,4,formal_cd,formal,1,43,67,formal,N1_same,1779260825,60.0,2026-05-20T15:28:13.299,0,0,0,3,1260915.603,1260927.377,1,same,0,"[-132.59, -119.96]","[[-132.59, -119.96]]","[""blue""]","[""blue""]",blue,blue,j,change,s,0,0,3023.196,,,,,,1,1,1264515.603,1264566.606,1267617.141,4000,3050.535,1267617.141,"[{""stage_name"": ""fixation"", ""planned_duration_ms"": 100, ""intended_onset_ms"": 1260915.603, ""actual_onset_global_ms"": 1260927.377, ""actual_offset_global_ms"": 1261044.327, ""actual_duration_ms"": 116.95}, {""stage_name"": ""memory_array"", ""planned_duration_ms"": 2500, ""intended_onset_ms"": 1261015.603, ""actual_onset_global_ms"": 1261049.698, ""actual_offset_global_ms"": 1263559.692, ""actual_duration_ms"": 2509.994}, {""stage_name"": ""delay"", ""planned_duration_ms"": 1000, ""intended_onset_ms"": 1263559.692, ""actual_onset_global_ms"": 1263561.07, ""actual_offset_global_ms"": 1264561.704, ""actual_duration_ms"": 1000.634}, {""stage_name"": ""test_array"", ""planned_duration_ms"": 4000, ""intended_onset_ms"": 1264561.704, ""actual_onset_global_ms"": 1264566.606, ""actual_offset_global_ms"": 1267617.141, ""actual_duration_ms"": 3050.535}]",
22,22_T1_20260520_150705,PA,T1,adaptive,hci_substudy_v2,1,telemetry_v4,change_detection,4,formal_cd,formal,1,44,68,formal,N4_same,1779260825,60.0,2026-05-20T15:28:20.006,0,0,0,3,1267621.819,1267631.801,4,same,2,"[35.64, 182.73]","[[220.03, 157.42], [-111.09, -249.84], [35.64, 182.73], [-138.1, 28.07]]","[""purple"", ""green"", ""yellow"", ""red""]","[""purple"", ""green"", ""yellow"", ""red""]",yellow,yellow,j,change,s,0,0,2679.545,,,,,,6,1,1271221.819,1271349.687,1274096.084,4000,2746.397,1274096.084,"[{""stage_name"": ""fixation"", ""planned_duration_ms"": 100, ""intended_onset_ms"": 1267621.819, ""actual_onset_global_ms"": 1267631.801, ""actual_offset_global_ms"": 1267746.711, ""actual_duration_ms"": 114.91}, {""stage_name"": ""memory_array"", ""planned_duration_ms"": 2500, ""intended_onset_ms"": 1267721.819, ""actual_onset_global_ms"": 1267782.453, ""actual_offset_global_ms"": 1270297.412, ""actual_duration_ms"": 2514.959}, {""stage_name"": ""delay"", ""planned_duration_ms"": 1000, ""intended_onset_ms"": 1270297.412, ""actual_onset_global_ms"": 1270296.538, ""actual_offset_global_ms"": 1271313.589, ""actual_duration_ms"": 1017.051}, {""stage_name"": ""test_array"", ""planned_duration_ms"": 4000, ""intended_onset_ms"": 1271313.589, ""actual_onset_global_ms"": 1271349.687, ""actual_offset_global_ms"": 1274096.084, ""actual_duration_ms"": 2746.397}]",
22,22_T1_20260520_150705,PA,T1,adaptive,hci_substudy_v2,1,telemetry_v4,change_detection,4,formal_cd,formal,1,45,69,formal,N2_change,1779260825,60.0,2026-05-20T15:28:26.485,0,0,0,3,1274101.477,1274112.401,2,change,0,"[105.03, 101.25]","[[105.03, 101.25], [-47.02, -256.85]]","[""red"", ""yellow""]","[""blue"", ""yellow""]",red,blue,j,change,j,1,1,1454.678,,,,,,3,1,1277701.477,1277762.985,1279262.398,4000,1499.413,1279262.398,"[{""stage_name"": ""fixation"", ""planned_duration_ms"": 100, ""intended_onset_ms"": 1274101.477, ""actual_onset_global_ms"": 1274112.401, ""actual_offset_global_ms"": 1274229.566, ""actual_duration_ms"": 117.165}, {""stage_name"": ""memory_array"", ""planned_duration_ms"": 2500, ""intended_onset_ms"": 1274201.477, ""actual_onset_global_ms"": 1274245.761, ""actual_offset_global_ms"": 1276734.577, ""actual_duration_ms"": 2488.816}, {""stage_name"": ""delay"", ""planned_duration_ms"": 1000, ""intended_onset_ms"": 1276734.577, ""actual_onset_global_ms"": 1276729.004, ""actual_offset_global_ms"": 1277746.347, ""actual_duration_ms"": 1017.343}, {""stage_name"": ""test_array"", ""planned_duration_ms"": 4000, ""intended_onset_ms"": 1277746.347, ""actual_onset_global_ms"": 1277762.985, ""actual_offset_global_ms"": 1279262.398, ""actual_duration_ms"": 1499.413}]",
22,22_T1_20260520_150705,PA,T1,adaptive,hci_substudy_v2,1,telemetry_v4,change_detection,4,formal_cd,formal,1,46,70,formal,N1_same,1779260825,60.0,2026-05-20T15:28:31.650,0,0,0,3,1279267.054,1279279.228,1,same,0,"[-172.59, -39.67]","[[-172.59, -39.67]]","[""blue""]","[""blue""]",blue,blue,s,same,s,1,1,1353.626,,,,,,1,1,1282867.054,1282936.725,1284316.746,4000,1380.021,1284316.746,"[{""stage_name"": ""fixation"", ""planned_duration_ms"": 100, ""intended_onset_ms"": 1279267.054, ""actual_onset_global_ms"": 1279279.228, ""actual_offset_global_ms"": 1279396.534, ""actual_duration_ms"": 117.306}, {""stage_name"": ""memory_array"", ""planned_duration_ms"": 2500, ""intended_onset_ms"": 1279367.054, ""actual_onset_global_ms"": 1279403.484, ""actual_offset_global_ms"": 1281916.933, ""actual_duration_ms"": 2513.449}, {""stage_name"": ""delay"", ""planned_duration_ms"": 1000, ""intended_onset_ms"": 1281916.933, ""actual_onset_global_ms"": 1281912.693, ""actual_offset_global_ms"": 1282930.036, ""actual_duration_ms"": 1017.343}, {""stage_name"": ""test_array"", ""planned_duration_ms"": 4000, ""intended_onset_ms"": 1282930.036, ""actual_onset_global_ms"": 1282936.725, ""actual_offset_global_ms"": 1284316.746, ""actual_duration_ms"": 1380.021}]",
22,22_T1_20260520_150705,PA,T1,adaptive,hci_substudy_v2,1,telemetry_v4,change_detection,4,formal_cd,formal,1,47,71,formal,N1_same,1779260825,60.0,2026-05-20T15:28:36.705,0,0,0,3,1284321.362,1284335.258,1,same,0,"[117.31, 56.71]","[[117.31, 56.71]]","[""yellow""]","[""yellow""]",yellow,yellow,s,same,s,1,1,1324.802,,,,,,1,1,1287921.362,1287989.52,1289348.822,4000,1359.302,1289348.822,"[{""stage_name"": ""fixation"", ""planned_duration_ms"": 100, ""intended_onset_ms"": 1284321.362, ""actual_onset_global_ms"": 1284335.258, ""actual_offset_global_ms"": 1284449.967, ""actual_duration_ms"": 114.709}, {""stage_name"": ""memory_array"", ""planned_duration_ms"": 2500, ""intended_onset_ms"": 1284421.362, ""actual_onset_global_ms"": 1284455.035, ""actual_offset_global_ms"": 1286968.369, ""actual_duration_ms"": 2513.334}, {""stage_name"": ""delay"", ""planned_duration_ms"": 1000, ""intended_onset_ms"": 1286968.369, ""actual_onset_global_ms"": 1286966.64, ""actual_offset_global_ms"": 1287983.429, ""actual_duration_ms"": 1016.789}, {""stage_name"": ""test_array"", ""planned_duration_ms"": 4000, ""intended_onset_ms"": 1287983.429, ""actual_onset_global_ms"": 1287989.52, ""actual_offset_global_ms"": 1289348.822, ""actual_duration_ms"": 1359.302}]",
22,22_T1_20260520_150705,PA,T1,adaptive,hci_substudy_v2,1,telemetry_v4,change_detection,4,formal_cd,formal,1,48,72,formal,N1_change,1779260825,60.0,2026-05-20T15:28:41.738,0,0,0,3,1289354.002,1289365.581,1,change,0,"[2.32, -145.12]","[[2.32, -145.12]]","[""purple""]","[""yellow""]",purple,yellow,s,same,j,0,0,1181.94,,,,,,1,1,1292954.002,1293004.449,1294207.613,4000,1203.164,1294207.613,"[{""stage_name"": ""fixation"", ""planned_duration_ms"": 100, ""intended_onset_ms"": 1289354.002, ""actual_onset_global_ms"": 1289365.581, ""actual_offset_global_ms"": 1289482.218, ""actual_duration_ms"": 116.637}, {""stage_name"": ""memory_array"", ""planned_duration_ms"": 2500, ""intended_onset_ms"": 1289454.002, ""actual_onset_global_ms"": 1289486.951, ""actual_offset_global_ms"": 1291990.884, ""actual_duration_ms"": 2503.933}, {""stage_name"": ""delay"", ""planned_duration_ms"": 1000, ""intended_onset_ms"": 1291990.884, ""actual_onset_global_ms"": 1291982.374, ""actual_offset_global_ms"": 1292999.084, ""actual_duration_ms"": 1016.71}, {""stage_name"": ""test_array"", ""planned_duration_ms"": 4000, ""intended_onset_ms"": 1292999.084, ""actual_onset_global_ms"": 1293004.449, ""actual_offset_global_ms"": 1294207.613, ""actual_duration_ms"": 1203.164}]",
