participant_id,session_id,group,timepoint,practice_layer,practice_protocol_version,telemetry_enabled,telemetry_version,task_name,task_order_index,block_name,block_type,block_index,trial_index_within_block,trial_index_global,practice_or_formal,condition_label,random_seed,screen_refresh_hz,timestamp_iso,omission,aborted,pause_count_during_trial,repeated_practice_round,intended_trial_start_ms,actual_trial_start_ms,condition,target_direction,flankers_direction,array_pattern_text,correct_response_key,participant_response_key,response_correct,rt_ms,response_time_global_ms,feedback_type,practice_pass_flag,intended_onset_ms,actual_onset_global_ms,actual_offset_global_ms,stage_duration_planned_ms,stage_duration_actual_ms,actual_trial_end_ms,stage_records_json,feedback_audio_file,feedback_audio_start_global_ms,feedback_audio_expected_duration_ms,feedback_audio_stop_global_ms,excluded_rt_low,excluded_rt_high,included_in_rt_analysis,task_accuracy_below_threshold,valid_task_data,prompt_level,support_type,support_trigger_reason,support_trigger_trial_index,rule_block_error_count,support_level,support_phase,support_duration_ms,post_support_success_streak,support_faded_after_trial,manual_intervention_flag,dccs_support_rule,dccs_error_type,dccs_dimension_highlight_used,dccs_demo_type,dccs_label_mode,dccs_post_support_rule_confusion,rule,cue_audio_file,cue_label,cue_audio_start_global_ms,cue_audio_expected_duration_ms,cue_audio_stop_global_ms,stimulus_color,stimulus_shape,stimulus_identity,trial_transition,previous_rule,current_rule,cue_to_first_response_ms,set_size,trial_type,probe_index,probe_position_xy,item_positions,item_colors_memory,item_colors_test,probe_original_color,probe_test_color,response_key,response_label,accuracy,layout_generation_attempts,overlap_check_passed
015,015_T1_20260423_171428,PCPA,T1,standard,hci_substudy_v2,1,telemetry_v4,flanker,1,formal_block_1,formal,1,1,13,formal,congruent,1776935668,59.678,2026-04-23T17:16:08.957,0,0,0,1,93594.978,93620.476,congruent,left,left,<<<<<,s,s,1,1660.044,95387.979,none,,93694.978,93727.935,95387.979,3000,1660.044,95387.979,"[{""stage_name"": ""fixation"", ""planned_duration_ms"": 100, ""intended_onset_ms"": 93594.978, ""actual_onset_global_ms"": 93620.476, ""actual_offset_global_ms"": 93718.843, ""actual_duration_ms"": 98.367}, {""stage_name"": ""stimulus"", ""planned_duration_ms"": 3000, ""intended_onset_ms"": 93694.978, ""actual_onset_global_ms"": 93727.935, ""actual_offset_global_ms"": 95387.979, ""actual_duration_ms"": 1660.044}]",,,,,0,0,1,0,1,,,,,,,,,,,,,,,,,,,,,,,,,,,,,,,,,,,,,,,,,,,,
015,015_T1_20260423_171428,PCPA,T1,standard,hci_substudy_v2,1,telemetry_v4,flanker,1,formal_block_1,formal,1,2,14,formal,incongruent,1776935668,59.678,2026-04-23T17:16:10.784,0,0,0,1,95421.557,95441.256,incongruent,right,left,<<><<,j,j,1,1808.477,97352.835,none,,95521.557,95544.358,97352.835,3000,1808.477,97352.835,"[{""stage_name"": ""fixation"", ""planned_duration_ms"": 100, ""intended_onset_ms"": 95421.557, ""actual_onset_global_ms"": 95441.256, ""actual_offset_global_ms"": 95539.101, ""actual_duration_ms"": 97.845}, {""stage_name"": ""stimulus"", ""planned_duration_ms"": 3000, ""intended_onset_ms"": 95521.557, ""actual_onset_global_ms"": 95544.358, ""actual_offset_global_ms"": 97352.835, ""actual_duration_ms"": 1808.477}]",,,,,0,0,1,0,1,,,,,,,,,,,,,,,,,,,,,,,,,,,,,,,,,,,,,,,,,,,,
015,015_T1_20260423_171428,PCPA,T1,standard,hci_substudy_v2,1,telemetry_v4,flanker,1,formal_block_1,formal,1,3,15,formal,incongruent,1776935668,59.678,2026-04-23T17:16:12.731,0,0,0,1,97368.556,97390.357,incongruent,left,right,>><>>,s,s,1,1464.716,98960.862,none,,97468.556,97496.146,98960.862,3000,1464.716,98960.862,"[{""stage_name"": ""fixation"", ""planned_duration_ms"": 100, ""intended_onset_ms"": 97368.556, ""actual_onset_global_ms"": 97390.357, ""actual_offset_global_ms"": 97487.798, ""actual_duration_ms"": 97.441}, {""stage_name"": ""stimulus"", ""planned_duration_ms"": 3000, ""intended_onset_ms"": 97468.556, ""actual_onset_global_ms"": 97496.146, ""actual_offset_global_ms"": 98960.862, ""actual_duration_ms"": 1464.716}]",,,,,0,0,1,0,1,,,,,,,,,,,,,,,,,,,,,,,,,,,,,,,,,,,,,,,,,,,,
015,015_T1_20260423_171428,PCPA,T1,standard,hci_substudy_v2,1,telemetry_v4,flanker,1,formal_block_1,formal,1,4,16,formal,incongruent,1776935668,59.678,2026-04-23T17:16:14.332,0,0,0,1,98970.012,98988.59,incongruent,left,right,>><>>,s,s,1,2119.911,101225.79,none,,99070.012,99105.879,101225.79,3000,2119.911,101225.79,"[{""stage_name"": ""fixation"", ""planned_duration_ms"": 100, ""intended_onset_ms"": 98970.012, ""actual_onset_global_ms"": 98988.59, ""actual_offset_global_ms"": 99097.835, ""actual_duration_ms"": 109.245}, {""stage_name"": ""stimulus"", ""planned_duration_ms"": 3000, ""intended_onset_ms"": 99070.012, ""actual_onset_global_ms"": 99105.879, ""actual_offset_global_ms"": 101225.79, ""actual_duration_ms"": 2119.911}]",,,,,0,0,1,0,1,,,,,,,,,,,,,,,,,,,,,,,,,,,,,,,,,,,,,,,,,,,,
015,015_T1_20260423_171428,PCPA,T1,standard,hci_substudy_v2,1,telemetry_v4,flanker,1,formal_block_1,formal,1,5,17,formal,congruent,1776935668,59.678,2026-04-23T17:16:16.616,0,0,0,1,101253.762,101279.281,congruent,right,right,>>>>>,j,j,1,1381.98,102764.587,none,,101353.762,101382.607,102764.587,3000,1381.98,102764.587,"[{""stage_name"": ""fixation"", ""planned_duration_ms"": 100, ""intended_onset_ms"": 101253.762, ""actual_onset_global_ms"": 101279.281, ""actual_offset_global_ms"": 101375.722, ""actual_duration_ms"": 96.441}, {""stage_name"": ""stimulus"", ""planned_duration_ms"": 3000, ""intended_onset_ms"": 101353.762, ""actual_onset_global_ms"": 101382.607, ""actual_offset_global_ms"": 102764.587, ""actual_duration_ms"": 1381.98}]",,,,,0,0,1,0,1,,,,,,,,,,,,,,,,,,,,,,,,,,,,,,,,,,,,,,,,,,,,
015,015_T1_20260423_171428,PCPA,T1,standard,hci_substudy_v2,1,telemetry_v4,flanker,1,formal_block_1,formal,1,6,18,formal,incongruent,1776935668,59.678,2026-04-23T17:16:18.145,0,0,0,1,102783.36,102802.503,incongruent,left,right,>><>>,s,s,1,1788.28,104702.961,none,,102883.36,102914.681,104702.961,3000,1788.28,104702.961,"[{""stage_name"": ""fixation"", ""planned_duration_ms"": 100, ""intended_onset_ms"": 102783.36, ""actual_onset_global_ms"": 102802.503, ""actual_offset_global_ms"": 102906.179, ""actual_duration_ms"": 103.676}, {""stage_name"": ""stimulus"", ""planned_duration_ms"": 3000, ""intended_onset_ms"": 102883.36, ""actual_onset_global_ms"": 102914.681, ""actual_offset_global_ms"": 104702.961, ""actual_duration_ms"": 1788.28}]",,,,,0,0,1,0,1,,,,,,,,,,,,,,,,,,,,,,,,,,,,,,,,,,,,,,,,,,,,
015,015_T1_20260423_171428,PCPA,T1,standard,hci_substudy_v2,1,telemetry_v4,flanker,1,formal_block_1,formal,1,7,19,formal,congruent,1776935668,59.678,2026-04-23T17:16:20.099,0,0,0,1,104736.674,104757.843,congruent,right,right,>>>>>,j,j,1,1510.183,106372.874,none,,104836.674,104862.691,106372.874,3000,1510.183,106372.874,"[{""stage_name"": ""fixation"", ""planned_duration_ms"": 100, ""intended_onset_ms"": 104736.674, ""actual_onset_global_ms"": 104757.843, ""actual_offset_global_ms"": 104855.998, ""actual_duration_ms"": 98.155}, {""stage_name"": ""stimulus"", ""planned_duration_ms"": 3000, ""intended_onset_ms"": 104836.674, ""actual_onset_global_ms"": 104862.691, ""actual_offset_global_ms"": 106372.874, ""actual_duration_ms"": 1510.183}]",,,,,0,0,1,0,1,,,,,,,,,,,,,,,,,,,,,,,,,,,,,,,,,,,,,,,,,,,,
015,015_T1_20260423_171428,PCPA,T1,standard,hci_substudy_v2,1,telemetry_v4,flanker,1,formal_block_1,formal,1,8,20,formal,congruent,1776935668,59.678,2026-04-23T17:16:21.746,0,0,0,1,106384.475,106408.681,congruent,left,left,<<<<<,s,s,1,1314.697,107828.091,none,,106484.475,106513.394,107828.091,3000,1314.697,107828.091,"[{""stage_name"": ""fixation"", ""planned_duration_ms"": 100, ""intended_onset_ms"": 106384.475, ""actual_onset_global_ms"": 106408.681, ""actual_offset_global_ms"": 106509.017, ""actual_duration_ms"": 100.336}, {""stage_name"": ""stimulus"", ""planned_duration_ms"": 3000, ""intended_onset_ms"": 106484.475, ""actual_onset_global_ms"": 106513.394, ""actual_offset_global_ms"": 107828.091, ""actual_duration_ms"": 1314.697}]",,,,,0,0,1,0,1,,,,,,,,,,,,,,,,,,,,,,,,,,,,,,,,,,,,,,,,,,,,
015,015_T1_20260423_171428,PCPA,T1,standard,hci_substudy_v2,1,telemetry_v4,flanker,1,formal_block_1,formal,1,9,21,formal,incongruent,1776935668,59.678,2026-04-23T17:16:23.214,0,0,0,1,107851.262,107871.367,incongruent,left,right,>><>>,s,s,1,1671.002,109649.713,none,,107951.262,107978.711,109649.713,3000,1671.002,109649.713,"[{""stage_name"": ""fixation"", ""planned_duration_ms"": 100, ""intended_onset_ms"": 107851.262, ""actual_onset_global_ms"": 107871.367, ""actual_offset_global_ms"": 107971.637, ""actual_duration_ms"": 100.27}, {""stage_name"": ""stimulus"", ""planned_duration_ms"": 3000, ""intended_onset_ms"": 107951.262, ""actual_onset_global_ms"": 107978.711, ""actual_offset_global_ms"": 109649.713, ""actual_duration_ms"": 1671.002}]",,,,,0,0,1,0,1,,,,,,,,,,,,,,,,,,,,,,,,,,,,,,,,,,,,,,,,,,,,
015,015_T1_20260423_171428,PCPA,T1,standard,hci_substudy_v2,1,telemetry_v4,flanker,1,formal_block_1,formal,1,10,22,formal,congruent,1776935668,59.678,2026-04-23T17:16:25.049,0,0,0,1,109687.262,109711.404,congruent,right,right,>>>>>,j,j,1,1960.392,111785.128,none,,109787.262,109824.736,111785.128,3000,1960.392,111785.128,"[{""stage_name"": ""fixation"", ""planned_duration_ms"": 100, ""intended_onset_ms"": 109687.262, ""actual_onset_global_ms"": 109711.404, ""actual_offset_global_ms"": 109816.668, ""actual_duration_ms"": 105.264}, {""stage_name"": ""stimulus"", ""planned_duration_ms"": 3000, ""intended_onset_ms"": 109787.262, ""actual_onset_global_ms"": 109824.736, ""actual_offset_global_ms"": 111785.128, ""actual_duration_ms"": 1960.392}]",,,,,0,0,1,0,1,,,,,,,,,,,,,,,,,,,,,,,,,,,,,,,,,,,,,,,,,,,,
015,015_T1_20260423_171428,PCPA,T1,standard,hci_substudy_v2,1,telemetry_v4,flanker,1,formal_block_1,formal,1,11,23,formal,incongruent,1776935668,59.678,2026-04-23T17:16:27.169,0,0,0,1,111807.565,111827.075,incongruent,right,left,<<><<,j,j,1,1391.198,113338.09,none,,111907.565,111946.892,113338.09,3000,1391.198,113338.09,"[{""stage_name"": ""fixation"", ""planned_duration_ms"": 100, ""intended_onset_ms"": 111807.565, ""actual_onset_global_ms"": 111827.075, ""actual_offset_global_ms"": 111942.436, ""actual_duration_ms"": 115.361}, {""stage_name"": ""stimulus"", ""planned_duration_ms"": 3000, ""intended_onset_ms"": 111907.565, ""actual_onset_global_ms"": 111946.892, ""actual_offset_global_ms"": 113338.09, ""actual_duration_ms"": 1391.198}]",,,,,0,0,1,0,1,,,,,,,,,,,,,,,,,,,,,,,,,,,,,,,,,,,,,,,,,,,,
015,015_T1_20260423_171428,PCPA,T1,standard,hci_substudy_v2,1,telemetry_v4,flanker,1,formal_block_1,formal,1,12,24,formal,congruent,1776935668,59.678,2026-04-23T17:16:28.719,0,0,0,1,113356.494,113377.104,congruent,left,left,<<<<<,s,s,1,1476.418,114956.575,none,,113456.494,113480.157,114956.575,3000,1476.418,114956.575,"[{""stage_name"": ""fixation"", ""planned_duration_ms"": 100, ""intended_onset_ms"": 113356.494, ""actual_onset_global_ms"": 113377.104, ""actual_offset_global_ms"": 113473.195, ""actual_duration_ms"": 96.091}, {""stage_name"": ""stimulus"", ""planned_duration_ms"": 3000, ""intended_onset_ms"": 113456.494, ""actual_onset_global_ms"": 113480.157, ""actual_offset_global_ms"": 114956.575, ""actual_duration_ms"": 1476.418}]",,,,,0,0,1,0,1,,,,,,,,,,,,,,,,,,,,,,,,,,,,,,,,,,,,,,,,,,,,
015,015_T1_20260423_171428,PCPA,T1,standard,hci_substudy_v2,1,telemetry_v4,flanker,1,formal_block_1,formal,1,13,25,formal,incongruent,1776935668,59.678,2026-04-23T17:16:30.350,0,0,0,1,114991.414,115014.648,incongruent,right,left,<<><<,j,j,1,1340.754,116473.611,none,,115091.414,115132.857,116473.611,3000,1340.754,116473.611,"[{""stage_name"": ""fixation"", ""planned_duration_ms"": 100, ""intended_onset_ms"": 114991.414, ""actual_onset_global_ms"": 115014.648, ""actual_offset_global_ms"": 115126.452, ""actual_duration_ms"": 111.804}, {""stage_name"": ""stimulus"", ""planned_duration_ms"": 3000, ""intended_onset_ms"": 115091.414, ""actual_onset_global_ms"": 115132.857, ""actual_offset_global_ms"": 116473.611, ""actual_duration_ms"": 1340.754}]",,,,,0,0,1,0,1,,,,,,,,,,,,,,,,,,,,,,,,,,,,,,,,,,,,,,,,,,,,
015,015_T1_20260423_171428,PCPA,T1,standard,hci_substudy_v2,1,telemetry_v4,flanker,1,formal_block_1,formal,1,14,26,formal,congruent,1776935668,59.678,2026-04-23T17:16:31.847,0,0,0,1,116484.96,116502.248,congruent,right,right,>>>>>,j,j,1,1266.148,117886.445,none,,116584.96,116620.297,117886.445,3000,1266.148,117886.445,"[{""stage_name"": ""fixation"", ""planned_duration_ms"": 100, ""intended_onset_ms"": 116484.96, ""actual_onset_global_ms"": 116502.248, ""actual_offset_global_ms"": 116615.258, ""actual_duration_ms"": 113.01}, {""stage_name"": ""stimulus"", ""planned_duration_ms"": 3000, ""intended_onset_ms"": 116584.96, ""actual_onset_global_ms"": 116620.297, ""actual_offset_global_ms"": 117886.445, ""actual_duration_ms"": 1266.148}]",,,,,0,0,1,0,1,,,,,,,,,,,,,,,,,,,,,,,,,,,,,,,,,,,,,,,,,,,,
015,015_T1_20260423_171428,PCPA,T1,standard,hci_substudy_v2,1,telemetry_v4,flanker,1,formal_block_1,formal,1,15,27,formal,congruent,1776935668,59.678,2026-04-23T17:16:33.275,0,0,0,1,117912.862,117938.229,congruent,left,left,<<<<<,s,s,1,1274.123,119320.687,none,,118012.862,118046.564,119320.687,3000,1274.123,119320.687,"[{""stage_name"": ""fixation"", ""planned_duration_ms"": 100, ""intended_onset_ms"": 117912.862, ""actual_onset_global_ms"": 117938.229, ""actual_offset_global_ms"": 118038.82, ""actual_duration_ms"": 100.591}, {""stage_name"": ""stimulus"", ""planned_duration_ms"": 3000, ""intended_onset_ms"": 118012.862, ""actual_onset_global_ms"": 118046.564, ""actual_offset_global_ms"": 119320.687, ""actual_duration_ms"": 1274.123}]",,,,,0,0,1,0,1,,,,,,,,,,,,,,,,,,,,,,,,,,,,,,,,,,,,,,,,,,,,
015,015_T1_20260423_171428,PCPA,T1,standard,hci_substudy_v2,1,telemetry_v4,flanker,1,formal_block_1,formal,1,16,28,formal,congruent,1776935668,59.678,2026-04-23T17:16:34.701,0,0,0,1,119338.519,119357.847,congruent,right,right,>>>>>,j,j,1,1545.081,121008.708,none,,119438.519,119463.627,121008.708,3000,1545.081,121008.708,"[{""stage_name"": ""fixation"", ""planned_duration_ms"": 100, ""intended_onset_ms"": 119338.519, ""actual_onset_global_ms"": 119357.847, ""actual_offset_global_ms"": 119455.587, ""actual_duration_ms"": 97.74}, {""stage_name"": ""stimulus"", ""planned_duration_ms"": 3000, ""intended_onset_ms"": 119438.519, ""actual_onset_global_ms"": 119463.627, ""actual_offset_global_ms"": 121008.708, ""actual_duration_ms"": 1545.081}]",,,,,0,0,1,0,1,,,,,,,,,,,,,,,,,,,,,,,,,,,,,,,,,,,,,,,,,,,,
015,015_T1_20260423_171428,PCPA,T1,standard,hci_substudy_v2,1,telemetry_v4,flanker,1,formal_block_1,formal,1,17,29,formal,incongruent,1776935668,59.678,2026-04-23T17:16:36.397,0,0,0,1,121034.826,121058.126,incongruent,right,left,<<><<,j,j,1,1622.43,122787.552,none,,121134.826,121165.122,122787.552,3000,1622.43,122787.552,"[{""stage_name"": ""fixation"", ""planned_duration_ms"": 100, ""intended_onset_ms"": 121034.826, ""actual_onset_global_ms"": 121058.126, ""actual_offset_global_ms"": 121157.796, ""actual_duration_ms"": 99.67}, {""stage_name"": ""stimulus"", ""planned_duration_ms"": 3000, ""intended_onset_ms"": 121134.826, ""actual_onset_global_ms"": 121165.122, ""actual_offset_global_ms"": 122787.552, ""actual_duration_ms"": 1622.43}]",,,,,0,0,1,0,1,,,,,,,,,,,,,,,,,,,,,,,,,,,,,,,,,,,,,,,,,,,,
015,015_T1_20260423_171428,PCPA,T1,standard,hci_substudy_v2,1,telemetry_v4,flanker,1,formal_block_1,formal,1,18,30,formal,congruent,1776935668,59.678,2026-04-23T17:16:38.184,0,0,0,1,122822.553,122842.831,congruent,left,left,<<<<<,s,s,1,1976.179,124928.397,none,,122922.553,122952.218,124928.397,3000,1976.179,124928.397,"[{""stage_name"": ""fixation"", ""planned_duration_ms"": 100, ""intended_onset_ms"": 122822.553, ""actual_onset_global_ms"": 122842.831, ""actual_offset_global_ms"": 122944.399, ""actual_duration_ms"": 101.568}, {""stage_name"": ""stimulus"", ""planned_duration_ms"": 3000, ""intended_onset_ms"": 122922.553, ""actual_onset_global_ms"": 122952.218, ""actual_offset_global_ms"": 124928.397, ""actual_duration_ms"": 1976.179}]",,,,,0,0,1,0,1,,,,,,,,,,,,,,,,,,,,,,,,,,,,,,,,,,,,,,,,,,,,
015,015_T1_20260423_171428,PCPA,T1,standard,hci_substudy_v2,1,telemetry_v4,flanker,1,formal_block_1,formal,1,19,31,formal,incongruent,1776935668,59.678,2026-04-23T17:16:40.319,0,0,0,1,124957.613,124980.164,incongruent,left,right,>><>>,s,s,1,3061.444,128144.945,none,,125057.613,125083.501,128144.945,3000,3061.444,128144.945,"[{""stage_name"": ""fixation"", ""planned_duration_ms"": 100, ""intended_onset_ms"": 124957.613, ""actual_onset_global_ms"": 124980.164, ""actual_offset_global_ms"": 125076.245, ""actual_duration_ms"": 96.081}, {""stage_name"": ""stimulus"", ""planned_duration_ms"": 3000, ""intended_onset_ms"": 125057.613, ""actual_onset_global_ms"": 125083.501, ""actual_offset_global_ms"": 128144.945, ""actual_duration_ms"": 3061.444}]",,,,,0,1,0,0,1,,,,,,,,,,,,,,,,,,,,,,,,,,,,,,,,,,,,,,,,,,,,
015,015_T1_20260423_171428,PCPA,T1,standard,hci_substudy_v2,1,telemetry_v4,flanker,1,formal_block_1,formal,1,20,32,formal,incongruent,1776935668,59.678,2026-04-23T17:16:43.542,0,0,0,1,128179.303,128203.88,incongruent,right,left,<<><<,j,j,1,1474.378,129789.045,none,,128279.303,128314.667,129789.045,3000,1474.378,129789.045,"[{""stage_name"": ""fixation"", ""planned_duration_ms"": 100, ""intended_onset_ms"": 128179.303, ""actual_onset_global_ms"": 128203.88, ""actual_offset_global_ms"": 128308.509, ""actual_duration_ms"": 104.629}, {""stage_name"": ""stimulus"", ""planned_duration_ms"": 3000, ""intended_onset_ms"": 128279.303, ""actual_onset_global_ms"": 128314.667, ""actual_offset_global_ms"": 129789.045, ""actual_duration_ms"": 1474.378}]",,,,,0,0,1,0,1,,,,,,,,,,,,,,,,,,,,,,,,,,,,,,,,,,,,,,,,,,,,
015,015_T1_20260423_171428,PCPA,T1,standard,hci_substudy_v2,1,telemetry_v4,flanker,1,formal_block_2,formal,2,1,33,formal,congruent,1776935668,59.678,2026-04-23T17:16:45.166,0,0,0,1,129802.949,129819.871,congruent,right,right,>>>>>,j,j,1,1417.526,131363.738,none,,129902.949,129946.212,131363.738,3000,1417.526,131363.738,"[{""stage_name"": ""fixation"", ""planned_duration_ms"": 100, ""intended_onset_ms"": 129802.949, ""actual_onset_global_ms"": 129819.871, ""actual_offset_global_ms"": 129937.788, ""actual_duration_ms"": 117.917}, {""stage_name"": ""stimulus"", ""planned_duration_ms"": 3000, ""intended_onset_ms"": 129902.949, ""actual_onset_global_ms"": 129946.212, ""actual_offset_global_ms"": 131363.738, ""actual_duration_ms"": 1417.526}]",,,,,0,0,1,0,1,,,,,,,,,,,,,,,,,,,,,,,,,,,,,,,,,,,,,,,,,,,,
015,015_T1_20260423_171428,PCPA,T1,standard,hci_substudy_v2,1,telemetry_v4,flanker,1,formal_block_2,formal,2,2,34,formal,congruent,1776935668,59.678,2026-04-23T17:16:46.751,0,0,0,1,131387.719,131411.767,congruent,left,left,<<<<<,s,s,1,1307.102,132824.266,none,,131487.719,131517.164,132824.266,3000,1307.102,132824.266,"[{""stage_name"": ""fixation"", ""planned_duration_ms"": 100, ""intended_onset_ms"": 131387.719, ""actual_onset_global_ms"": 131411.767, ""actual_offset_global_ms"": 131511.274, ""actual_duration_ms"": 99.507}, {""stage_name"": ""stimulus"", ""planned_duration_ms"": 3000, ""intended_onset_ms"": 131487.719, ""actual_onset_global_ms"": 131517.164, ""actual_offset_global_ms"": 132824.266, ""actual_duration_ms"": 1307.102}]",,,,,0,0,1,0,1,,,,,,,,,,,,,,,,,,,,,,,,,,,,,,,,,,,,,,,,,,,,
015,015_T1_20260423_171428,PCPA,T1,standard,hci_substudy_v2,1,telemetry_v4,flanker,1,formal_block_2,formal,2,3,35,formal,incongruent,1776935668,59.678,2026-04-23T17:16:48.199,0,0,0,1,132836.566,132857.731,incongruent,left,right,>><>>,s,s,1,1476.977,134441.791,none,,132936.566,132964.814,134441.791,3000,1476.977,134441.791,"[{""stage_name"": ""fixation"", ""planned_duration_ms"": 100, ""intended_onset_ms"": 132836.566, ""actual_onset_global_ms"": 132857.731, ""actual_offset_global_ms"": 132958.586, ""actual_duration_ms"": 100.855}, {""stage_name"": ""stimulus"", ""planned_duration_ms"": 3000, ""intended_onset_ms"": 132936.566, ""actual_onset_global_ms"": 132964.814, ""actual_offset_global_ms"": 134441.791, ""actual_duration_ms"": 1476.977}]",,,,,0,0,1,0,1,,,,,,,,,,,,,,,,,,,,,,,,,,,,,,,,,,,,,,,,,,,,
015,015_T1_20260423_171428,PCPA,T1,standard,hci_substudy_v2,1,telemetry_v4,flanker,1,formal_block_2,formal,2,4,36,formal,congruent,1776935668,59.678,2026-04-23T17:16:49.822,0,0,0,1,134459.179,134480.465,congruent,right,right,>>>>>,j,j,1,2076.903,136674.189,none,,134559.179,134597.286,136674.189,3000,2076.903,136674.189,"[{""stage_name"": ""fixation"", ""planned_duration_ms"": 100, ""intended_onset_ms"": 134459.179, ""actual_onset_global_ms"": 134480.465, ""actual_offset_global_ms"": 134592.125, ""actual_duration_ms"": 111.66}, {""stage_name"": ""stimulus"", ""planned_duration_ms"": 3000, ""intended_onset_ms"": 134559.179, ""actual_onset_global_ms"": 134597.286, ""actual_offset_global_ms"": 136674.189, ""actual_duration_ms"": 2076.903}]",,,,,0,0,1,0,1,,,,,,,,,,,,,,,,,,,,,,,,,,,,,,,,,,,,,,,,,,,,
015,015_T1_20260423_171428,PCPA,T1,standard,hci_substudy_v2,1,telemetry_v4,flanker,1,formal_block_2,formal,2,5,37,formal,incongruent,1776935668,59.678,2026-04-23T17:16:52.063,0,0,0,1,136700.999,136721.911,incongruent,left,right,>><>>,s,s,1,2044.875,138883.788,none,,136800.999,136838.913,138883.788,3000,2044.875,138883.788,"[{""stage_name"": ""fixation"", ""planned_duration_ms"": 100, ""intended_onset_ms"": 136700.999, ""actual_onset_global_ms"": 136721.911, ""actual_offset_global_ms"": 136832.437, ""actual_duration_ms"": 110.526}, {""stage_name"": ""stimulus"", ""planned_duration_ms"": 3000, ""intended_onset_ms"": 136800.999, ""actual_onset_global_ms"": 136838.913, ""actual_offset_global_ms"": 138883.788, ""actual_duration_ms"": 2044.875}]",,,,,0,0,1,0,1,,,,,,,,,,,,,,,,,,,,,,,,,,,,,,,,,,,,,,,,,,,,
015,015_T1_20260423_171428,PCPA,T1,standard,hci_substudy_v2,1,telemetry_v4,flanker,1,formal_block_2,formal,2,6,38,formal,incongruent,1776935668,59.678,2026-04-23T17:16:54.280,0,0,0,1,138917.906,138936.439,incongruent,left,right,>><>>,s,s,1,1730.503,140793.624,none,,139017.906,139063.121,140793.624,3000,1730.503,140793.624,"[{""stage_name"": ""fixation"", ""planned_duration_ms"": 100, ""intended_onset_ms"": 138917.906, ""actual_onset_global_ms"": 138936.439, ""actual_offset_global_ms"": 139054.532, ""actual_duration_ms"": 118.093}, {""stage_name"": ""stimulus"", ""planned_duration_ms"": 3000, ""intended_onset_ms"": 139017.906, ""actual_onset_global_ms"": 139063.121, ""actual_offset_global_ms"": 140793.624, ""actual_duration_ms"": 1730.503}]",,,,,0,0,1,0,1,,,,,,,,,,,,,,,,,,,,,,,,,,,,,,,,,,,,,,,,,,,,
015,015_T1_20260423_171428,PCPA,T1,standard,hci_substudy_v2,1,telemetry_v4,flanker,1,formal_block_2,formal,2,7,39,formal,congruent,1776935668,59.678,2026-04-23T17:16:56.184,0,0,0,1,140821.388,140846.779,congruent,right,right,>>>>>,j,j,1,1660.641,142612.068,none,,140921.388,140951.427,142612.068,3000,1660.641,142612.068,"[{""stage_name"": ""fixation"", ""planned_duration_ms"": 100, ""intended_onset_ms"": 140821.388, ""actual_onset_global_ms"": 140846.779, ""actual_offset_global_ms"": 140946.124, ""actual_duration_ms"": 99.345}, {""stage_name"": ""stimulus"", ""planned_duration_ms"": 3000, ""intended_onset_ms"": 140921.388, ""actual_onset_global_ms"": 140951.427, ""actual_offset_global_ms"": 142612.068, ""actual_duration_ms"": 1660.641}]",,,,,0,0,1,0,1,,,,,,,,,,,,,,,,,,,,,,,,,,,,,,,,,,,,,,,,,,,,
015,015_T1_20260423_171428,PCPA,T1,standard,hci_substudy_v2,1,telemetry_v4,flanker,1,formal_block_2,formal,2,8,40,formal,incongruent,1776935668,59.678,2026-04-23T17:16:58.007,0,0,0,1,142644.091,142665.643,incongruent,right,left,<<><<,j,j,1,1705.957,144480.258,none,,142744.091,142774.301,144480.258,3000,1705.957,144480.258,"[{""stage_name"": ""fixation"", ""planned_duration_ms"": 100, ""intended_onset_ms"": 142644.091, ""actual_onset_global_ms"": 142665.643, ""actual_offset_global_ms"": 142767.15, ""actual_duration_ms"": 101.507}, {""stage_name"": ""stimulus"", ""planned_duration_ms"": 3000, ""intended_onset_ms"": 142744.091, ""actual_onset_global_ms"": 142774.301, ""actual_offset_global_ms"": 144480.258, ""actual_duration_ms"": 1705.957}]",,,,,0,0,1,0,1,,,,,,,,,,,,,,,,,,,,,,,,,,,,,,,,,,,,,,,,,,,,
015,015_T1_20260423_171428,PCPA,T1,standard,hci_substudy_v2,1,telemetry_v4,flanker,1,formal_block_2,formal,2,9,41,formal,incongruent,1776935668,59.678,2026-04-23T17:16:59.875,0,0,0,1,144513.839,144533.282,incongruent,right,left,<<><<,j,j,1,1010.272,145646.306,none,,144613.839,144636.034,145646.306,3000,1010.272,145646.306,"[{""stage_name"": ""fixation"", ""planned_duration_ms"": 100, ""intended_onset_ms"": 144513.839, ""actual_onset_global_ms"": 144533.282, ""actual_offset_global_ms"": 144631.143, ""actual_duration_ms"": 97.861}, {""stage_name"": ""stimulus"", ""planned_duration_ms"": 3000, ""intended_onset_ms"": 144613.839, ""actual_onset_global_ms"": 144636.034, ""actual_offset_global_ms"": 145646.306, ""actual_duration_ms"": 1010.272}]",,,,,0,0,1,0,1,,,,,,,,,,,,,,,,,,,,,,,,,,,,,,,,,,,,,,,,,,,,
015,015_T1_20260423_171428,PCPA,T1,standard,hci_substudy_v2,1,telemetry_v4,flanker,1,formal_block_2,formal,2,10,42,formal,congruent,1776935668,59.678,2026-04-23T17:17:01.018,0,0,0,1,145655.882,145674.714,congruent,left,left,<<<<<,s,s,1,1512.156,147308.851,none,,145755.882,145796.695,147308.851,3000,1512.156,147308.851,"[{""stage_name"": ""fixation"", ""planned_duration_ms"": 100, ""intended_onset_ms"": 145655.882, ""actual_onset_global_ms"": 145674.714, ""actual_offset_global_ms"": 145789.632, ""actual_duration_ms"": 114.918}, {""stage_name"": ""stimulus"", ""planned_duration_ms"": 3000, ""intended_onset_ms"": 145755.882, ""actual_onset_global_ms"": 145796.695, ""actual_offset_global_ms"": 147308.851, ""actual_duration_ms"": 1512.156}]",,,,,0,0,1,0,1,,,,,,,,,,,,,,,,,,,,,,,,,,,,,,,,,,,,,,,,,,,,
015,015_T1_20260423_171428,PCPA,T1,standard,hci_substudy_v2,1,telemetry_v4,flanker,1,formal_block_2,formal,2,11,43,formal,congruent,1776935668,59.678,2026-04-23T17:17:02.681,0,0,0,1,147318.418,147342.785,congruent,left,left,<<<<<,s,s,1,1133.932,148588.395,none,,147418.418,147454.463,148588.395,3000,1133.932,148588.395,"[{""stage_name"": ""fixation"", ""planned_duration_ms"": 100, ""intended_onset_ms"": 147318.418, ""actual_onset_global_ms"": 147342.785, ""actual_offset_global_ms"": 147443.322, ""actual_duration_ms"": 100.537}, {""stage_name"": ""stimulus"", ""planned_duration_ms"": 3000, ""intended_onset_ms"": 147418.418, ""actual_onset_global_ms"": 147454.463, ""actual_offset_global_ms"": 148588.395, ""actual_duration_ms"": 1133.932}]",,,,,0,0,1,0,1,,,,,,,,,,,,,,,,,,,,,,,,,,,,,,,,,,,,,,,,,,,,
015,015_T1_20260423_171428,PCPA,T1,standard,hci_substudy_v2,1,telemetry_v4,flanker,1,formal_block_2,formal,2,12,44,formal,incongruent,1776935668,59.678,2026-04-23T17:17:03.984,0,0,0,1,148621.679,148645.465,incongruent,right,left,<<><<,j,j,1,1333.435,150086.611,none,,148721.679,148753.176,150086.611,3000,1333.435,150086.611,"[{""stage_name"": ""fixation"", ""planned_duration_ms"": 100, ""intended_onset_ms"": 148621.679, ""actual_onset_global_ms"": 148645.465, ""actual_offset_global_ms"": 148743.944, ""actual_duration_ms"": 98.479}, {""stage_name"": ""stimulus"", ""planned_duration_ms"": 3000, ""intended_onset_ms"": 148721.679, ""actual_onset_global_ms"": 148753.176, ""actual_offset_global_ms"": 150086.611, ""actual_duration_ms"": 1333.435}]",,,,,0,0,1,0,1,,,,,,,,,,,,,,,,,,,,,,,,,,,,,,,,,,,,,,,,,,,,
015,015_T1_20260423_171428,PCPA,T1,standard,hci_substudy_v2,1,telemetry_v4,flanker,1,formal_block_2,formal,2,13,45,formal,incongruent,1776935668,59.678,2026-04-23T17:17:05.474,0,0,0,1,150111.87,150128.808,incongruent,left,right,>><>>,s,s,1,2033.175,152271.102,none,,150211.87,150237.927,152271.102,3000,2033.175,152271.102,"[{""stage_name"": ""fixation"", ""planned_duration_ms"": 100, ""intended_onset_ms"": 150111.87, ""actual_onset_global_ms"": 150128.808, ""actual_offset_global_ms"": 150229.917, ""actual_duration_ms"": 101.109}, {""stage_name"": ""stimulus"", ""planned_duration_ms"": 3000, ""intended_onset_ms"": 150211.87, ""actual_onset_global_ms"": 150237.927, ""actual_offset_global_ms"": 152271.102, ""actual_duration_ms"": 2033.175}]",,,,,0,0,1,0,1,,,,,,,,,,,,,,,,,,,,,,,,,,,,,,,,,,,,,,,,,,,,
015,015_T1_20260423_171428,PCPA,T1,standard,hci_substudy_v2,1,telemetry_v4,flanker,1,formal_block_2,formal,2,14,46,formal,congruent,1776935668,59.678,2026-04-23T17:17:07.651,0,0,0,1,152288.915,152313.617,congruent,left,left,<<<<<,s,s,1,1762.506,154180.649,none,,152388.915,152418.143,154180.649,3000,1762.506,154180.649,"[{""stage_name"": ""fixation"", ""planned_duration_ms"": 100, ""intended_onset_ms"": 152288.915, ""actual_onset_global_ms"": 152313.617, ""actual_offset_global_ms"": 152410.771, ""actual_duration_ms"": 97.154}, {""stage_name"": ""stimulus"", ""planned_duration_ms"": 3000, ""intended_onset_ms"": 152388.915, ""actual_onset_global_ms"": 152418.143, ""actual_offset_global_ms"": 154180.649, ""actual_duration_ms"": 1762.506}]",,,,,0,0,1,0,1,,,,,,,,,,,,,,,,,,,,,,,,,,,,,,,,,,,,,,,,,,,,
015,015_T1_20260423_171428,PCPA,T1,standard,hci_substudy_v2,1,telemetry_v4,flanker,1,formal_block_2,formal,2,15,47,formal,congruent,1776935668,59.678,2026-04-23T17:17:09.571,0,0,0,1,154208.254,154228.809,congruent,right,right,>>>>>,j,j,1,2536.797,156874.053,none,,154308.254,154337.256,156874.053,3000,2536.797,156874.053,"[{""stage_name"": ""fixation"", ""planned_duration_ms"": 100, ""intended_onset_ms"": 154208.254, ""actual_onset_global_ms"": 154228.809, ""actual_offset_global_ms"": 154327.906, ""actual_duration_ms"": 99.097}, {""stage_name"": ""stimulus"", ""planned_duration_ms"": 3000, ""intended_onset_ms"": 154308.254, ""actual_onset_global_ms"": 154337.256, ""actual_offset_global_ms"": 156874.053, ""actual_duration_ms"": 2536.797}]",,,,,0,0,1,0,1,,,,,,,,,,,,,,,,,,,,,,,,,,,,,,,,,,,,,,,,,,,,
015,015_T1_20260423_171428,PCPA,T1,standard,hci_substudy_v2,1,telemetry_v4,flanker,1,formal_block_2,formal,2,16,48,formal,incongruent,1776935668,59.678,2026-04-23T17:17:12.264,0,0,0,1,156901.059,156921.693,incongruent,left,right,>><>>,s,s,1,1491.086,158532.496,none,,157001.059,157041.41,158532.496,3000,1491.086,158532.496,"[{""stage_name"": ""fixation"", ""planned_duration_ms"": 100, ""intended_onset_ms"": 156901.059, ""actual_onset_global_ms"": 156921.693, ""actual_offset_global_ms"": 157033.852, ""actual_duration_ms"": 112.159}, {""stage_name"": ""stimulus"", ""planned_duration_ms"": 3000, ""intended_onset_ms"": 157001.059, ""actual_onset_global_ms"": 157041.41, ""actual_offset_global_ms"": 158532.496, ""actual_duration_ms"": 1491.086}]",,,,,0,0,1,0,1,,,,,,,,,,,,,,,,,,,,,,,,,,,,,,,,,,,,,,,,,,,,
015,015_T1_20260423_171428,PCPA,T1,standard,hci_substudy_v2,1,telemetry_v4,flanker,1,formal_block_2,formal,2,17,49,formal,incongruent,1776935668,59.678,2026-04-23T17:17:13.927,0,0,0,1,158565.184,158584.797,incongruent,right,left,<<><<,j,j,1,1702.776,160413.232,none,,158665.184,158710.456,160413.232,3000,1702.776,160413.232,"[{""stage_name"": ""fixation"", ""planned_duration_ms"": 100, ""intended_onset_ms"": 158565.184, ""actual_onset_global_ms"": 158584.797, ""actual_offset_global_ms"": 158704.666, ""actual_duration_ms"": 119.869}, {""stage_name"": ""stimulus"", ""planned_duration_ms"": 3000, ""intended_onset_ms"": 158665.184, ""actual_onset_global_ms"": 158710.456, ""actual_offset_global_ms"": 160413.232, ""actual_duration_ms"": 1702.776}]",,,,,0,0,1,0,1,,,,,,,,,,,,,,,,,,,,,,,,,,,,,,,,,,,,,,,,,,,,
015,015_T1_20260423_171428,PCPA,T1,standard,hci_substudy_v2,1,telemetry_v4,flanker,1,formal_block_2,formal,2,18,50,formal,congruent,1776935668,59.678,2026-04-23T17:17:15.792,0,0,0,1,160428.957,160449.59,congruent,left,left,<<<<<,s,s,1,1542.754,162111.919,none,,160528.957,160569.165,162111.919,3000,1542.754,162111.919,"[{""stage_name"": ""fixation"", ""planned_duration_ms"": 100, ""intended_onset_ms"": 160428.957, ""actual_onset_global_ms"": 160449.59, ""actual_offset_global_ms"": 160560.409, ""actual_duration_ms"": 110.819}, {""stage_name"": ""stimulus"", ""planned_duration_ms"": 3000, ""intended_onset_ms"": 160528.957, ""actual_onset_global_ms"": 160569.165, ""actual_offset_global_ms"": 162111.919, ""actual_duration_ms"": 1542.754}]",,,,,0,0,1,0,1,,,,,,,,,,,,,,,,,,,,,,,,,,,,,,,,,,,,,,,,,,,,
015,015_T1_20260423_171428,PCPA,T1,standard,hci_substudy_v2,1,telemetry_v4,flanker,1,formal_block_2,formal,2,19,51,formal,congruent,1776935668,59.678,2026-04-23T17:17:17.502,0,0,0,1,162140.076,162161.855,congruent,right,right,>>>>>,j,j,1,1912.824,164200.014,none,,162240.076,162287.19,164200.014,3000,1912.824,164200.014,"[{""stage_name"": ""fixation"", ""planned_duration_ms"": 100, ""intended_onset_ms"": 162140.076, ""actual_onset_global_ms"": 162161.855, ""actual_offset_global_ms"": 162277.878, ""actual_duration_ms"": 116.023}, {""stage_name"": ""stimulus"", ""planned_duration_ms"": 3000, ""intended_onset_ms"": 162240.076, ""actual_onset_global_ms"": 162287.19, ""actual_offset_global_ms"": 164200.014, ""actual_duration_ms"": 1912.824}]",,,,,0,0,1,0,1,,,,,,,,,,,,,,,,,,,,,,,,,,,,,,,,,,,,,,,,,,,,
015,015_T1_20260423_171428,PCPA,T1,standard,hci_substudy_v2,1,telemetry_v4,flanker,1,formal_block_2,formal,2,20,52,formal,incongruent,1776935668,59.678,2026-04-23T17:17:19.581,0,0,0,1,164218.28,164235.844,incongruent,right,left,<<><<,j,j,1,1652.123,166019.652,none,,164318.28,164367.529,166019.652,3000,1652.123,166019.652,"[{""stage_name"": ""fixation"", ""planned_duration_ms"": 100, ""intended_onset_ms"": 164218.28, ""actual_onset_global_ms"": 164235.844, ""actual_offset_global_ms"": 164353.173, ""actual_duration_ms"": 117.329}, {""stage_name"": ""stimulus"", ""planned_duration_ms"": 3000, ""intended_onset_ms"": 164318.28, ""actual_onset_global_ms"": 164367.529, ""actual_offset_global_ms"": 166019.652, ""actual_duration_ms"": 1652.123}]",,,,,0,0,1,0,1,,,,,,,,,,,,,,,,,,,,,,,,,,,,,,,,,,,,,,,,,,,,
015,015_T1_20260423_171428,PCPA,T1,standard,hci_substudy_v2,1,telemetry_v4,dccs,2,mixed_formal,formal,1,1,13,formal,color,1776935668,59.678,2026-04-23T17:18:52.215,0,0,0,1,256851.931,256880.315,,,,,s,s,1,2070.745,259688.727,none,,257451.931,257617.982,259688.727,3000,2070.745,259688.727,"[{""stage_name"": ""fixation"", ""planned_duration_ms"": 100, ""intended_onset_ms"": 256851.931, ""actual_onset_global_ms"": 256880.315, ""actual_offset_global_ms"": 256981.599, ""actual_duration_ms"": 101.284}, {""stage_name"": ""cue"", ""planned_duration_ms"": 500, ""intended_onset_ms"": 256951.931, ""actual_onset_global_ms"": 256987.116, ""actual_offset_global_ms"": 257615.061, ""actual_duration_ms"": 627.945}, {""stage_name"": ""stimulus"", ""planned_duration_ms"": 3000, ""intended_onset_ms"": 257451.931, ""actual_onset_global_ms"": 257617.982, ""actual_offset_global_ms"": 259688.727, ""actual_duration_ms"": 2070.745}]",,,,,0,0,1,0,1,0.0,none,,,0.0,0.0,none,0.0,0.0,0.0,0.0,,,0.0,none,none,0.0,color,cue_color.wav,颜色,256987.717,500.0,257684.28,blue,boat,blue_boat,first,,color,2701.611,,,,,,,,,,,,,,
015,015_T1_20260423_171428,PCPA,T1,standard,hci_substudy_v2,1,telemetry_v4,dccs,2,mixed_formal,formal,1,2,14,formal,color,1776935668,59.678,2026-04-23T17:18:55.072,0,0,0,1,259708.492,259730.045,,,,,j,j,1,1630.852,262098.079,none,,260308.492,260467.227,262098.079,3000,1630.852,262098.079,"[{""stage_name"": ""fixation"", ""planned_duration_ms"": 100, ""intended_onset_ms"": 259708.492, ""actual_onset_global_ms"": 259730.045, ""actual_offset_global_ms"": 259826.157, ""actual_duration_ms"": 96.112}, {""stage_name"": ""cue"", ""planned_duration_ms"": 500, ""intended_onset_ms"": 259808.492, ""actual_onset_global_ms"": 259829.878, ""actual_offset_global_ms"": 260463.708, ""actual_duration_ms"": 633.83}, {""stage_name"": ""stimulus"", ""planned_duration_ms"": 3000, ""intended_onset_ms"": 260308.492, ""actual_onset_global_ms"": 260467.227, ""actual_offset_global_ms"": 262098.079, ""actual_duration_ms"": 1630.852}]",,,,,0,0,1,0,1,0.0,none,,,0.0,0.0,none,0.0,0.0,0.0,0.0,,,0.0,none,none,0.0,color,cue_color.wav,颜色,259830.668,500.0,260527.231,red,boat,red_boat,repeat,color,color,2268.201,,,,,,,,,,,,,,
015,015_T1_20260423_171428,PCPA,T1,standard,hci_substudy_v2,1,telemetry_v4,dccs,2,mixed_formal,formal,1,3,15,formal,color,1776935668,59.678,2026-04-23T17:18:57.479,0,0,0,1,262114.256,262137.987,,,,,j,j,1,928.917,263806.796,none,,262714.256,262877.879,263806.796,3000,928.917,263806.796,"[{""stage_name"": ""fixation"", ""planned_duration_ms"": 100, ""intended_onset_ms"": 262114.256, ""actual_onset_global_ms"": 262137.987, ""actual_offset_global_ms"": 262244.734, ""actual_duration_ms"": 106.747}, {""stage_name"": ""cue"", ""planned_duration_ms"": 500, ""intended_onset_ms"": 262214.256, ""actual_onset_global_ms"": 262248.002, ""actual_offset_global_ms"": 262874.385, ""actual_duration_ms"": 626.383}, {""stage_name"": ""stimulus"", ""planned_duration_ms"": 3000, ""intended_onset_ms"": 262714.256, ""actual_onset_global_ms"": 262877.879, ""actual_offset_global_ms"": 263806.796, ""actual_duration_ms"": 928.917}]",,,,,0,0,1,0,1,0.0,none,,,0.0,0.0,none,0.0,0.0,0.0,0.0,,,0.0,none,none,0.0,color,cue_color.wav,颜色,262248.425,500.0,262944.987,red,boat,red_boat,repeat,color,color,1558.794,,,,,,,,,,,,,,
015,015_T1_20260423_171428,PCPA,T1,standard,hci_substudy_v2,1,telemetry_v4,dccs,2,mixed_formal,formal,1,4,16,formal,shape,1776935668,59.678,2026-04-23T17:18:59.186,0,0,0,1,263822.221,263847.769,,,,,j,j,1,1864.356,266495.297,none,,264422.221,264630.941,266495.297,3000,1864.356,266495.297,"[{""stage_name"": ""fixation"", ""planned_duration_ms"": 100, ""intended_onset_ms"": 263822.221, ""actual_onset_global_ms"": 263847.769, ""actual_offset_global_ms"": 263947.811, ""actual_duration_ms"": 100.042}, {""stage_name"": ""cue"", ""planned_duration_ms"": 500, ""intended_onset_ms"": 263922.221, ""actual_onset_global_ms"": 263952.948, ""actual_offset_global_ms"": 264626.247, ""actual_duration_ms"": 673.299}, {""stage_name"": ""stimulus"", ""planned_duration_ms"": 3000, ""intended_onset_ms"": 264422.221, ""actual_onset_global_ms"": 264630.941, ""actual_offset_global_ms"": 266495.297, ""actual_duration_ms"": 1864.356}]",,,,,0,0,1,0,1,0.0,none,,,0.0,0.0,none,0.0,0.0,0.0,0.0,,,0.0,none,none,0.0,shape,cue_shape.wav,形状,263953.278,500.0,264719.528,red,boat,red_boat,switch,color,shape,2542.349,,,,,,,,,,,,,,
015,015_T1_20260423_171428,PCPA,T1,standard,hci_substudy_v2,1,telemetry_v4,dccs,2,mixed_formal,formal,1,5,17,formal,color,1776935668,59.678,2026-04-23T17:19:01.875,0,0,0,1,266511.598,266531.28,,,,,s,s,1,1258.885,268556.227,none,,267111.598,267297.342,268556.227,3000,1258.885,268556.227,"[{""stage_name"": ""fixation"", ""planned_duration_ms"": 100, ""intended_onset_ms"": 266511.598, ""actual_onset_global_ms"": 266531.28, ""actual_offset_global_ms"": 266645.371, ""actual_duration_ms"": 114.091}, {""stage_name"": ""cue"", ""planned_duration_ms"": 500, ""intended_onset_ms"": 266611.598, ""actual_onset_global_ms"": 266649.81, ""actual_offset_global_ms"": 267292.26, ""actual_duration_ms"": 642.45}, {""stage_name"": ""stimulus"", ""planned_duration_ms"": 3000, ""intended_onset_ms"": 267111.598, ""actual_onset_global_ms"": 267297.342, ""actual_offset_global_ms"": 268556.227, ""actual_duration_ms"": 1258.885}]",,,,,0,0,1,0,1,0.0,none,,,0.0,0.0,none,0.0,0.0,0.0,0.0,,,0.0,none,none,0.0,color,cue_color.wav,颜色,266650.304,500.0,267346.867,blue,rabbit,blue_rabbit,switch,shape,color,1906.417,,,,,,,,,,,,,,
015,015_T1_20260423_171428,PCPA,T1,standard,hci_substudy_v2,1,telemetry_v4,dccs,2,mixed_formal,formal,1,6,18,formal,color,1776935668,59.678,2026-04-23T17:19:03.932,0,0,0,1,268568.136,268592.089,,,,,s,s,1,1460.4,270778.012,none,,269168.136,269317.612,270778.012,3000,1460.4,270778.012,"[{""stage_name"": ""fixation"", ""planned_duration_ms"": 100, ""intended_onset_ms"": 268568.136, ""actual_onset_global_ms"": 268592.089, ""actual_offset_global_ms"": 268686.968, ""actual_duration_ms"": 94.879}, {""stage_name"": ""cue"", ""planned_duration_ms"": 500, ""intended_onset_ms"": 268668.136, ""actual_onset_global_ms"": 268690.789, ""actual_offset_global_ms"": 269313.901, ""actual_duration_ms"": 623.112}, {""stage_name"": ""stimulus"", ""planned_duration_ms"": 3000, ""intended_onset_ms"": 269168.136, ""actual_onset_global_ms"": 269317.612, ""actual_offset_global_ms"": 270778.012, ""actual_duration_ms"": 1460.4}]",,,,,0,0,1,0,1,0.0,none,,,0.0,0.0,none,0.0,0.0,0.0,0.0,,,0.0,none,none,0.0,color,cue_color.wav,颜色,268692.612,500.0,269389.175,blue,rabbit,blue_rabbit,repeat,color,color,2087.223,,,,,,,,,,,,,,
015,015_T1_20260423_171428,PCPA,T1,standard,hci_substudy_v2,1,telemetry_v4,dccs,2,mixed_formal,formal,1,7,19,formal,color,1776935668,59.678,2026-04-23T17:19:06.158,0,0,0,1,270793.558,270812.281,,,,,j,j,1,1010.46,272595.818,none,,271393.558,271585.358,272595.818,3000,1010.46,272595.818,"[{""stage_name"": ""fixation"", ""planned_duration_ms"": 100, ""intended_onset_ms"": 270793.558, ""actual_onset_global_ms"": 270812.281, ""actual_offset_global_ms"": 270912.676, ""actual_duration_ms"": 100.395}, {""stage_name"": ""cue"", ""planned_duration_ms"": 500, ""intended_onset_ms"": 270893.558, ""actual_onset_global_ms"": 270918.596, ""actual_offset_global_ms"": 271581.51, ""actual_duration_ms"": 662.914}, {""stage_name"": ""stimulus"", ""planned_duration_ms"": 3000, ""intended_onset_ms"": 271393.558, ""actual_onset_global_ms"": 271585.358, ""actual_offset_global_ms"": 272595.818, ""actual_duration_ms"": 1010.46}]",,,,,0,0,1,0,1,0.0,none,,,0.0,0.0,none,0.0,0.0,0.0,0.0,,,0.0,none,none,0.0,color,cue_color.wav,颜色,270919.144,500.0,271615.706,red,boat,red_boat,repeat,color,color,1677.222,,,,,,,,,,,,,,
015,015_T1_20260423_171428,PCPA,T1,standard,hci_substudy_v2,1,telemetry_v4,dccs,2,mixed_formal,formal,1,8,20,formal,shape,1776935668,59.678,2026-04-23T17:19:07.987,0,0,0,1,272623.224,272649.454,,,,,s,s,1,1393.047,274820.676,none,,273223.224,273427.629,274820.676,3000,1393.047,274820.676,"[{""stage_name"": ""fixation"", ""planned_duration_ms"": 100, ""intended_onset_ms"": 272623.224, ""actual_onset_global_ms"": 272649.454, ""actual_offset_global_ms"": 272753.817, ""actual_duration_ms"": 104.363}, {""stage_name"": ""cue"", ""planned_duration_ms"": 500, ""intended_onset_ms"": 272723.224, ""actual_onset_global_ms"": 272762.593, ""actual_offset_global_ms"": 273422.917, ""actual_duration_ms"": 660.324}, {""stage_name"": ""stimulus"", ""planned_duration_ms"": 3000, ""intended_onset_ms"": 273223.224, ""actual_onset_global_ms"": 273427.629, ""actual_offset_global_ms"": 274820.676, ""actual_duration_ms"": 1393.047}]",,,,,0,0,1,0,1,0.0,none,,,0.0,0.0,none,0.0,0.0,0.0,0.0,,,0.0,none,none,0.0,shape,cue_shape.wav,形状,272763.273,500.0,273529.523,blue,rabbit,blue_rabbit,switch,color,shape,2058.083,,,,,,,,,,,,,,
015,015_T1_20260423_171428,PCPA,T1,standard,hci_substudy_v2,1,telemetry_v4,dccs,2,mixed_formal,formal,1,9,21,formal,shape,1776935668,59.678,2026-04-23T17:19:10.214,0,0,0,1,274850.447,274871.8,,,,,s,s,1,952.384,276605.264,none,,275450.447,275652.88,276605.264,3000,952.384,276605.264,"[{""stage_name"": ""fixation"", ""planned_duration_ms"": 100, ""intended_onset_ms"": 274850.447, ""actual_onset_global_ms"": 274871.8, ""actual_offset_global_ms"": 274976.368, ""actual_duration_ms"": 104.568}, {""stage_name"": ""cue"", ""planned_duration_ms"": 500, ""intended_onset_ms"": 274950.447, ""actual_onset_global_ms"": 274980.183, ""actual_offset_global_ms"": 275649.434, ""actual_duration_ms"": 669.251}, {""stage_name"": ""stimulus"", ""planned_duration_ms"": 3000, ""intended_onset_ms"": 275450.447, ""actual_onset_global_ms"": 275652.88, ""actual_offset_global_ms"": 276605.264, ""actual_duration_ms"": 952.384}]",,,,,0,0,1,0,1,0.0,none,,,0.0,0.0,none,0.0,0.0,0.0,0.0,,,0.0,none,none,0.0,shape,cue_shape.wav,形状,274980.538,500.0,275746.788,blue,rabbit,blue_rabbit,repeat,shape,shape,1625.081,,,,,,,,,,,,,,
015,015_T1_20260423_171428,PCPA,T1,standard,hci_substudy_v2,1,telemetry_v4,dccs,2,mixed_formal,formal,1,10,22,formal,color,1776935668,59.678,2026-04-23T17:19:11.999,0,0,0,1,276635.356,276658.851,,,,,s,s,1,907.559,278333.252,none,,277235.356,277425.693,278333.252,3000,907.559,278333.252,"[{""stage_name"": ""fixation"", ""planned_duration_ms"": 100, ""intended_onset_ms"": 276635.356, ""actual_onset_global_ms"": 276658.851, ""actual_offset_global_ms"": 276759.214, ""actual_duration_ms"": 100.363}, {""stage_name"": ""cue"", ""planned_duration_ms"": 500, ""intended_onset_ms"": 276735.356, ""actual_onset_global_ms"": 276768.038, ""actual_offset_global_ms"": 277421.236, ""actual_duration_ms"": 653.198}, {""stage_name"": ""stimulus"", ""planned_duration_ms"": 3000, ""intended_onset_ms"": 277235.356, ""actual_onset_global_ms"": 277425.693, ""actual_offset_global_ms"": 278333.252, ""actual_duration_ms"": 907.559}]",,,,,0,0,1,0,1,0.0,none,,,0.0,0.0,none,0.0,0.0,0.0,0.0,,,0.0,none,none,0.0,color,cue_color.wav,颜色,276768.448,500.0,277465.01,blue,rabbit,blue_rabbit,switch,shape,color,1565.214,,,,,,,,,,,,,,
015,015_T1_20260423_171428,PCPA,T1,standard,hci_substudy_v2,1,telemetry_v4,dccs,2,mixed_formal,formal,1,11,23,formal,shape,1776935668,59.678,2026-04-23T17:19:13.728,0,0,0,1,278363.349,278384.051,,,,,j,j,1,1158.834,280312.136,none,,278963.349,279153.302,280312.136,3000,1158.834,280312.136,"[{""stage_name"": ""fixation"", ""planned_duration_ms"": 100, ""intended_onset_ms"": 278363.349, ""actual_onset_global_ms"": 278384.051, ""actual_offset_global_ms"": 278481.554, ""actual_duration_ms"": 97.503}, {""stage_name"": ""cue"", ""planned_duration_ms"": 500, ""intended_onset_ms"": 278463.349, ""actual_onset_global_ms"": 278486.707, ""actual_offset_global_ms"": 279149.439, ""actual_duration_ms"": 662.732}, {""stage_name"": ""stimulus"", ""planned_duration_ms"": 3000, ""intended_onset_ms"": 278963.349, ""actual_onset_global_ms"": 279153.302, ""actual_offset_global_ms"": 280312.136, ""actual_duration_ms"": 1158.834}]",,,,,0,0,1,0,1,0.0,none,,,0.0,0.0,none,0.0,0.0,0.0,0.0,,,0.0,none,none,0.0,shape,cue_shape.wav,形状,278487.186,500.0,279253.436,red,boat,red_boat,switch,color,shape,1825.429,,,,,,,,,,,,,,
015,015_T1_20260423_171428,PCPA,T1,standard,hci_substudy_v2,1,telemetry_v4,dccs,2,mixed_formal,formal,1,12,24,formal,shape,1776935668,59.678,2026-04-23T17:19:15.695,0,0,0,1,280331.064,280354.885,,,,,s,s,1,1306.378,282448.421,none,,280931.064,281142.043,282448.421,3000,1306.378,282448.421,"[{""stage_name"": ""fixation"", ""planned_duration_ms"": 100, ""intended_onset_ms"": 280331.064, ""actual_onset_global_ms"": 280354.885, ""actual_offset_global_ms"": 280458.986, ""actual_duration_ms"": 104.101}, {""stage_name"": ""cue"", ""planned_duration_ms"": 500, ""intended_onset_ms"": 280431.064, ""actual_onset_global_ms"": 280466.01, ""actual_offset_global_ms"": 281137.399, ""actual_duration_ms"": 671.389}, {""stage_name"": ""stimulus"", ""planned_duration_ms"": 3000, ""intended_onset_ms"": 280931.064, ""actual_onset_global_ms"": 281142.043, ""actual_offset_global_ms"": 282448.421, ""actual_duration_ms"": 1306.378}]",,,,,0,0,1,0,1,0.0,none,,,0.0,0.0,none,0.0,0.0,0.0,0.0,,,0.0,none,none,0.0,shape,cue_shape.wav,形状,280466.609,500.0,281232.859,blue,rabbit,blue_rabbit,repeat,shape,shape,1982.411,,,,,,,,,,,,,,
015,015_T1_20260423_171428,PCPA,T1,standard,hci_substudy_v2,1,telemetry_v4,dccs,2,mixed_formal,formal,1,13,25,formal,shape,1776935668,59.678,2026-04-23T17:19:17.823,0,0,0,1,282459.168,282484.8,,,,,s,s,1,815.788,284080.71,none,,283059.168,283264.922,284080.71,3000,815.788,284080.71,"[{""stage_name"": ""fixation"", ""planned_duration_ms"": 100, ""intended_onset_ms"": 282459.168, ""actual_onset_global_ms"": 282484.8, ""actual_offset_global_ms"": 282584.526, ""actual_duration_ms"": 99.726}, {""stage_name"": ""cue"", ""planned_duration_ms"": 500, ""intended_onset_ms"": 282559.168, ""actual_onset_global_ms"": 282589.624, ""actual_offset_global_ms"": 283260.056, ""actual_duration_ms"": 670.432}, {""stage_name"": ""stimulus"", ""planned_duration_ms"": 3000, ""intended_onset_ms"": 283059.168, ""actual_onset_global_ms"": 283264.922, ""actual_offset_global_ms"": 284080.71, ""actual_duration_ms"": 815.788}]",,,,,0,0,1,0,1,0.0,none,,,0.0,0.0,none,0.0,0.0,0.0,0.0,,,0.0,none,none,0.0,shape,cue_shape.wav,形状,282590.043,500.0,283356.293,red,rabbit,red_rabbit,repeat,shape,shape,1491.086,,,,,,,,,,,,,,
015,015_T1_20260423_171428,PCPA,T1,standard,hci_substudy_v2,1,telemetry_v4,dccs,2,mixed_formal,formal,1,14,26,formal,color,1776935668,59.678,2026-04-23T17:19:19.458,0,0,0,1,284093.599,284111.538,,,,,j,s,0,1165.202,286039.295,none,,284693.599,284874.093,286039.295,3000,1165.202,286039.295,"[{""stage_name"": ""fixation"", ""planned_duration_ms"": 100, ""intended_onset_ms"": 284093.599, ""actual_onset_global_ms"": 284111.538, ""actual_offset_global_ms"": 284228.922, ""actual_duration_ms"": 117.384}, {""stage_name"": ""cue"", ""planned_duration_ms"": 500, ""intended_onset_ms"": 284193.599, ""actual_onset_global_ms"": 284235.104, ""actual_offset_global_ms"": 284871.184, ""actual_duration_ms"": 636.08}, {""stage_name"": ""stimulus"", ""planned_duration_ms"": 3000, ""intended_onset_ms"": 284693.599, ""actual_onset_global_ms"": 284874.093, ""actual_offset_global_ms"": 286039.295, ""actual_duration_ms"": 1165.202}]",,,,,0,0,0,0,1,0.0,none,,,0.0,0.0,none,0.0,0.0,0.0,0.0,,,0.0,none,none,0.0,color,cue_color.wav,颜色,284235.525,500.0,284932.088,red,rabbit,red_rabbit,switch,shape,color,1804.191,,,,,,,,,,,,,,
015,015_T1_20260423_171428,PCPA,T1,standard,hci_substudy_v2,1,telemetry_v4,dccs,2,mixed_formal,formal,1,15,27,formal,color,1776935668,59.678,2026-04-23T17:19:21.418,0,0,0,1,286053.694,286077.33,,,,,s,j,0,1718.14,288563.652,none,,286653.694,286845.512,288563.652,3000,1718.14,288563.652,"[{""stage_name"": ""fixation"", ""planned_duration_ms"": 100, ""intended_onset_ms"": 286053.694, ""actual_onset_global_ms"": 286077.33, ""actual_offset_global_ms"": 286175.634, ""actual_duration_ms"": 98.304}, {""stage_name"": ""cue"", ""planned_duration_ms"": 500, ""intended_onset_ms"": 286153.694, ""actual_onset_global_ms"": 286180.652, ""actual_offset_global_ms"": 286841.864, ""actual_duration_ms"": 661.212}, {""stage_name"": ""stimulus"", ""planned_duration_ms"": 3000, ""intended_onset_ms"": 286653.694, ""actual_onset_global_ms"": 286845.512, ""actual_offset_global_ms"": 288563.652, ""actual_duration_ms"": 1718.14}]",,,,,0,0,0,0,1,0.0,none,,,0.0,0.0,none,0.0,0.0,0.0,0.0,,,0.0,none,none,0.0,color,cue_color.wav,颜色,286181.058,500.0,286877.621,blue,boat,blue_boat,repeat,color,color,2383.0,,,,,,,,,,,,,,
015,015_T1_20260423_171428,PCPA,T1,standard,hci_substudy_v2,1,telemetry_v4,dccs,2,mixed_formal,formal,1,16,28,formal,shape,1776935668,59.678,2026-04-23T17:19:23.960,0,0,0,1,288595.714,288618.275,,,,,j,j,1,976.097,290304.077,none,,289195.714,289327.98,290304.077,3000,976.097,290304.077,"[{""stage_name"": ""fixation"", ""planned_duration_ms"": 100, ""intended_onset_ms"": 288595.714, ""actual_onset_global_ms"": 288618.275, ""actual_offset_global_ms"": 288713.716, ""actual_duration_ms"": 95.441}, {""stage_name"": ""cue"", ""planned_duration_ms"": 500, ""intended_onset_ms"": 288695.714, ""actual_onset_global_ms"": 288719.807, ""actual_offset_global_ms"": 289324.672, ""actual_duration_ms"": 604.865}, {""stage_name"": ""stimulus"", ""planned_duration_ms"": 3000, ""intended_onset_ms"": 289195.714, ""actual_onset_global_ms"": 289327.98, ""actual_offset_global_ms"": 290304.077, ""actual_duration_ms"": 976.097}]",,,,,0,0,1,0,1,0.0,none,,,0.0,0.0,none,0.0,0.0,0.0,0.0,,,0.0,none,none,0.0,shape,cue_shape.wav,形状,288720.311,500.0,289486.561,red,boat,red_boat,switch,color,shape,1584.27,,,,,,,,,,,,,,
015,015_T1_20260423_171428,PCPA,T1,standard,hci_substudy_v2,1,telemetry_v4,dccs,2,mixed_formal,formal,1,17,29,formal,color,1776935668,59.678,2026-04-23T17:19:25.680,0,0,0,1,290315.309,290330.643,,,,,s,j,0,959.428,291961.891,none,,290915.309,291002.463,291961.891,3000,959.428,291961.891,"[{""stage_name"": ""fixation"", ""planned_duration_ms"": 100, ""intended_onset_ms"": 290315.309, ""actual_onset_global_ms"": 290330.643, ""actual_offset_global_ms"": 290435.549, ""actual_duration_ms"": 104.906}, {""stage_name"": ""cue"", ""planned_duration_ms"": 500, ""intended_onset_ms"": 290415.309, ""actual_onset_global_ms"": 290438.245, ""actual_offset_global_ms"": 291001.744, ""actual_duration_ms"": 563.499}, {""stage_name"": ""stimulus"", ""planned_duration_ms"": 3000, ""intended_onset_ms"": 290915.309, ""actual_onset_global_ms"": 291002.463, ""actual_offset_global_ms"": 291961.891, ""actual_duration_ms"": 959.428}]",,,,,0,0,0,0,1,0.0,none,,,0.0,0.0,none,0.0,0.0,0.0,0.0,,,0.0,none,none,0.0,color,cue_color.wav,颜色,290438.669,500.0,291135.231,blue,boat,blue_boat,switch,shape,color,1523.646,,,,,,,,,,,,,,
015,015_T1_20260423_171428,PCPA,T1,standard,hci_substudy_v2,1,telemetry_v4,dccs,2,mixed_formal,formal,1,18,30,formal,color,1776935668,59.678,2026-04-23T17:19:27.354,0,0,0,1,291990.009,292012.406,,,,,j,s,0,1181.246,293938.979,none,,292590.009,292757.733,293938.979,3000,1181.246,293938.979,"[{""stage_name"": ""fixation"", ""planned_duration_ms"": 100, ""intended_onset_ms"": 291990.009, ""actual_onset_global_ms"": 292012.406, ""actual_offset_global_ms"": 292107.887, ""actual_duration_ms"": 95.481}, {""stage_name"": ""cue"", ""planned_duration_ms"": 500, ""intended_onset_ms"": 292090.009, ""actual_onset_global_ms"": 292116.019, ""actual_offset_global_ms"": 292753.971, ""actual_duration_ms"": 637.952}, {""stage_name"": ""stimulus"", ""planned_duration_ms"": 3000, ""intended_onset_ms"": 292590.009, ""actual_onset_global_ms"": 292757.733, ""actual_offset_global_ms"": 293938.979, ""actual_duration_ms"": 1181.246}]",,,,,0,0,0,0,1,0.0,none,,,0.0,0.0,none,0.0,0.0,0.0,0.0,,,0.0,none,none,0.0,color,cue_color.wav,颜色,292116.405,500.0,292812.968,red,rabbit,red_rabbit,repeat,color,color,1822.96,,,,,,,,,,,,,,
015,015_T1_20260423_171428,PCPA,T1,standard,hci_substudy_v2,1,telemetry_v4,dccs,2,mixed_formal,formal,1,19,31,formal,shape,1776935668,59.678,2026-04-23T17:19:29.316,0,0,0,1,293951.489,293972.623,,,,,s,s,1,1035.413,295779.097,none,,294551.489,294743.684,295779.097,3000,1035.413,295779.097,"[{""stage_name"": ""fixation"", ""planned_duration_ms"": 100, ""intended_onset_ms"": 293951.489, ""actual_onset_global_ms"": 293972.623, ""actual_offset_global_ms"": 294070.923, ""actual_duration_ms"": 98.3}, {""stage_name"": ""cue"", ""planned_duration_ms"": 500, ""intended_onset_ms"": 294051.489, ""actual_onset_global_ms"": 294075.644, ""actual_offset_global_ms"": 294740.748, ""actual_duration_ms"": 665.104}, {""stage_name"": ""stimulus"", ""planned_duration_ms"": 3000, ""intended_onset_ms"": 294551.489, ""actual_onset_global_ms"": 294743.684, ""actual_offset_global_ms"": 295779.097, ""actual_duration_ms"": 1035.413}]",,,,,0,0,1,0,1,0.0,none,,,0.0,0.0,none,0.0,0.0,0.0,0.0,,,0.0,none,none,0.0,shape,cue_shape.wav,形状,294076.055,500.0,294842.305,blue,rabbit,blue_rabbit,switch,color,shape,1703.453,,,,,,,,,,,,,,
015,015_T1_20260423_171428,PCPA,T1,standard,hci_substudy_v2,1,telemetry_v4,dccs,2,mixed_formal,formal,1,20,32,formal,color,1776935668,59.678,2026-04-23T17:19:31.172,0,0,0,1,295807.11,295831.608,,,,,j,j,1,1099.799,297694.156,none,,296407.11,296594.357,297694.156,3000,1099.799,297694.156,"[{""stage_name"": ""fixation"", ""planned_duration_ms"": 100, ""intended_onset_ms"": 295807.11, ""actual_onset_global_ms"": 295831.608, ""actual_offset_global_ms"": 295931.328, ""actual_duration_ms"": 99.72}, {""stage_name"": ""cue"", ""planned_duration_ms"": 500, ""intended_onset_ms"": 295907.11, ""actual_onset_global_ms"": 295936.285, ""actual_offset_global_ms"": 296589.661, ""actual_duration_ms"": 653.376}, {""stage_name"": ""stimulus"", ""planned_duration_ms"": 3000, ""intended_onset_ms"": 296407.11, ""actual_onset_global_ms"": 296594.357, ""actual_offset_global_ms"": 297694.156, ""actual_duration_ms"": 1099.799}]",,,,,0,0,1,0,1,0.0,none,,,0.0,0.0,none,0.0,0.0,0.0,0.0,,,0.0,none,none,0.0,color,cue_color.wav,颜色,295936.731,500.0,296633.294,red,boat,red_boat,switch,shape,color,1757.871,,,,,,,,,,,,,,
015,015_T1_20260423_171428,PCPA,T1,standard,hci_substudy_v2,1,telemetry_v4,dccs,2,mixed_formal,formal,1,21,33,formal,shape,1776935668,59.678,2026-04-23T17:19:33.078,0,0,0,1,297713.757,297739.985,,,,,j,j,1,828.261,299348.118,none,,298313.757,298519.857,299348.118,3000,828.261,299348.118,"[{""stage_name"": ""fixation"", ""planned_duration_ms"": 100, ""intended_onset_ms"": 297713.757, ""actual_onset_global_ms"": 297739.985, ""actual_offset_global_ms"": 297840.621, ""actual_duration_ms"": 100.636}, {""stage_name"": ""cue"", ""planned_duration_ms"": 500, ""intended_onset_ms"": 297813.757, ""actual_onset_global_ms"": 297845.595, ""actual_offset_global_ms"": 298515.449, ""actual_duration_ms"": 669.854}, {""stage_name"": ""stimulus"", ""planned_duration_ms"": 3000, ""intended_onset_ms"": 298313.757, ""actual_onset_global_ms"": 298519.857, ""actual_offset_global_ms"": 299348.118, ""actual_duration_ms"": 828.261}]",,,,,0,0,1,0,1,0.0,none,,,0.0,0.0,none,0.0,0.0,0.0,0.0,,,0.0,none,none,0.0,shape,cue_shape.wav,形状,297846.053,500.0,298612.303,blue,boat,blue_boat,switch,color,shape,1502.523,,,,,,,,,,,,,,
015,015_T1_20260423_171428,PCPA,T1,standard,hci_substudy_v2,1,telemetry_v4,dccs,2,mixed_formal,formal,1,22,34,formal,color,1776935668,59.678,2026-04-23T17:19:34.739,0,0,0,1,299374.838,299399.727,,,,,s,j,0,663.796,300837.572,none,,299974.838,300173.776,300837.572,3000,663.796,300837.572,"[{""stage_name"": ""fixation"", ""planned_duration_ms"": 100, ""intended_onset_ms"": 299374.838, ""actual_onset_global_ms"": 299399.727, ""actual_offset_global_ms"": 299498.134, ""actual_duration_ms"": 98.407}, {""stage_name"": ""cue"", ""planned_duration_ms"": 500, ""intended_onset_ms"": 299474.838, ""actual_onset_global_ms"": 299503.585, ""actual_offset_global_ms"": 300170.842, ""actual_duration_ms"": 667.257}, {""stage_name"": ""stimulus"", ""planned_duration_ms"": 3000, ""intended_onset_ms"": 299974.838, ""actual_onset_global_ms"": 300173.776, ""actual_offset_global_ms"": 300837.572, ""actual_duration_ms"": 663.796}]",,,,,0,0,0,0,1,0.0,none,,,0.0,0.0,none,0.0,0.0,0.0,0.0,,,0.0,none,none,0.0,color,cue_color.wav,颜色,299503.936,500.0,300200.498,blue,boat,blue_boat,switch,shape,color,1333.987,,,,,,,,,,,,,,
015,015_T1_20260423_171428,PCPA,T1,standard,hci_substudy_v2,1,telemetry_v4,dccs,2,mixed_formal,formal,1,23,35,formal,shape,1776935668,59.678,2026-04-23T17:19:36.225,0,0,0,1,300860.7,300884.533,,,,,s,s,1,1189.187,302845.912,none,,301460.7,301656.725,302845.912,3000,1189.187,302845.912,"[{""stage_name"": ""fixation"", ""planned_duration_ms"": 100, ""intended_onset_ms"": 300860.7, ""actual_onset_global_ms"": 300884.533, ""actual_offset_global_ms"": 300981.937, ""actual_duration_ms"": 97.404}, {""stage_name"": ""cue"", ""planned_duration_ms"": 500, ""intended_onset_ms"": 300960.7, ""actual_onset_global_ms"": 300987.079, ""actual_offset_global_ms"": 301654.298, ""actual_duration_ms"": 667.219}, {""stage_name"": ""stimulus"", ""planned_duration_ms"": 3000, ""intended_onset_ms"": 301460.7, ""actual_onset_global_ms"": 301656.725, ""actual_offset_global_ms"": 302845.912, ""actual_duration_ms"": 1189.187}]",,,,,0,0,1,0,1,0.0,none,,,0.0,0.0,none,0.0,0.0,0.0,0.0,,,0.0,none,none,0.0,shape,cue_shape.wav,形状,300987.773,500.0,301754.023,red,rabbit,red_rabbit,switch,color,shape,1858.833,,,,,,,,,,,,,,
015,015_T1_20260423_171428,PCPA,T1,standard,hci_substudy_v2,1,telemetry_v4,dccs,2,mixed_formal,formal,1,24,36,formal,shape,1776935668,59.678,2026-04-23T17:19:38.235,0,0,0,1,302870.023,302889.848,,,,,j,j,1,1249.168,304925.886,none,,303470.023,303676.718,304925.886,3000,1249.168,304925.886,"[{""stage_name"": ""fixation"", ""planned_duration_ms"": 100, ""intended_onset_ms"": 302870.023, ""actual_onset_global_ms"": 302889.848, ""actual_offset_global_ms"": 302986.828, ""actual_duration_ms"": 96.98}, {""stage_name"": ""cue"", ""planned_duration_ms"": 500, ""intended_onset_ms"": 302970.023, ""actual_onset_global_ms"": 302992.519, ""actual_offset_global_ms"": 303670.887, ""actual_duration_ms"": 678.368}, {""stage_name"": ""stimulus"", ""planned_duration_ms"": 3000, ""intended_onset_ms"": 303470.023, ""actual_onset_global_ms"": 303676.718, ""actual_offset_global_ms"": 304925.886, ""actual_duration_ms"": 1249.168}]",,,,,0,0,1,0,1,0.0,none,,,0.0,0.0,none,0.0,0.0,0.0,0.0,,,0.0,none,none,0.0,shape,cue_shape.wav,形状,302992.967,500.0,303759.217,red,boat,red_boat,repeat,shape,shape,1933.367,,,,,,,,,,,,,,
015,015_T1_20260423_171428,PCPA,T1,standard,hci_substudy_v2,1,telemetry_v4,dccs,2,mixed_formal,formal,1,25,37,formal,color,1776935668,59.678,2026-04-23T17:19:40.317,0,0,0,1,304952.275,304976.342,,,,,s,s,1,1007.792,306738.883,none,,305552.275,305731.091,306738.883,3000,1007.792,306738.883,"[{""stage_name"": ""fixation"", ""planned_duration_ms"": 100, ""intended_onset_ms"": 304952.275, ""actual_onset_global_ms"": 304976.342, ""actual_offset_global_ms"": 305078.813, ""actual_duration_ms"": 102.471}, {""stage_name"": ""cue"", ""planned_duration_ms"": 500, ""intended_onset_ms"": 305052.275, ""actual_onset_global_ms"": 305082.587, ""actual_offset_global_ms"": 305726.012, ""actual_duration_ms"": 643.425}, {""stage_name"": ""stimulus"", ""planned_duration_ms"": 3000, ""intended_onset_ms"": 305552.275, ""actual_onset_global_ms"": 305731.091, ""actual_offset_global_ms"": 306738.883, ""actual_duration_ms"": 1007.792}]",,,,,0,0,1,0,1,0.0,none,,,0.0,0.0,none,0.0,0.0,0.0,0.0,,,0.0,none,none,0.0,color,cue_color.wav,颜色,305083.011,500.0,305779.573,blue,rabbit,blue_rabbit,switch,shape,color,1656.296,,,,,,,,,,,,,,
015,015_T1_20260423_171428,PCPA,T1,standard,hci_substudy_v2,1,telemetry_v4,dccs,2,mixed_formal,formal,1,26,38,formal,shape,1776935668,59.678,2026-04-23T17:19:42.118,0,0,0,1,306753.699,306777.759,,,,,j,j,1,914.925,308463.241,none,,307353.699,307548.316,308463.241,3000,914.925,308463.241,"[{""stage_name"": ""fixation"", ""planned_duration_ms"": 100, ""intended_onset_ms"": 306753.699, ""actual_onset_global_ms"": 306777.759, ""actual_offset_global_ms"": 306886.388, ""actual_duration_ms"": 108.629}, {""stage_name"": ""cue"", ""planned_duration_ms"": 500, ""intended_onset_ms"": 306853.699, ""actual_onset_global_ms"": 306891.276, ""actual_offset_global_ms"": 307542.889, ""actual_duration_ms"": 651.613}, {""stage_name"": ""stimulus"", ""planned_duration_ms"": 3000, ""intended_onset_ms"": 307353.699, ""actual_onset_global_ms"": 307548.316, ""actual_offset_global_ms"": 308463.241, ""actual_duration_ms"": 914.925}]",,,,,0,0,1,0,1,0.0,none,,,0.0,0.0,none,0.0,0.0,0.0,0.0,,,0.0,none,none,0.0,shape,cue_shape.wav,形状,306891.764,500.0,307658.014,blue,boat,blue_boat,switch,color,shape,1571.965,,,,,,,,,,,,,,
015,015_T1_20260423_171428,PCPA,T1,standard,hci_substudy_v2,1,telemetry_v4,dccs,2,mixed_formal,formal,1,27,39,formal,shape,1776935668,59.678,2026-04-23T17:19:43.856,0,0,0,1,308491.313,308513.766,,,,,s,s,1,1466.026,310761.907,none,,309091.313,309295.881,310761.907,3000,1466.026,310761.907,"[{""stage_name"": ""fixation"", ""planned_duration_ms"": 100, ""intended_onset_ms"": 308491.313, ""actual_onset_global_ms"": 308513.766, ""actual_offset_global_ms"": 308614.161, ""actual_duration_ms"": 100.395}, {""stage_name"": ""cue"", ""planned_duration_ms"": 500, ""intended_onset_ms"": 308591.313, ""actual_onset_global_ms"": 308622.918, ""actual_offset_global_ms"": 309291.055, ""actual_duration_ms"": 668.137}, {""stage_name"": ""stimulus"", ""planned_duration_ms"": 3000, ""intended_onset_ms"": 309091.313, ""actual_onset_global_ms"": 309295.881, ""actual_offset_global_ms"": 310761.907, ""actual_duration_ms"": 1466.026}]",,,,,0,0,1,0,1,0.0,none,,,0.0,0.0,none,0.0,0.0,0.0,0.0,,,0.0,none,none,0.0,shape,cue_shape.wav,形状,308623.825,500.0,309390.075,red,rabbit,red_rabbit,repeat,shape,shape,2138.989,,,,,,,,,,,,,,
015,015_T1_20260423_171428,PCPA,T1,standard,hci_substudy_v2,1,telemetry_v4,dccs,2,mixed_formal,formal,1,28,40,formal,color,1776935668,59.678,2026-04-23T17:19:46.167,0,0,0,1,310802.353,310824.102,,,,,j,s,0,1305.029,312870.783,none,,311402.353,311565.754,312870.783,3000,1305.029,312870.783,"[{""stage_name"": ""fixation"", ""planned_duration_ms"": 100, ""intended_onset_ms"": 310802.353, ""actual_onset_global_ms"": 310824.102, ""actual_offset_global_ms"": 310925.38, ""actual_duration_ms"": 101.278}, {""stage_name"": ""cue"", ""planned_duration_ms"": 500, ""intended_onset_ms"": 310902.353, ""actual_onset_global_ms"": 310931.374, ""actual_offset_global_ms"": 311562.957, ""actual_duration_ms"": 631.583}, {""stage_name"": ""stimulus"", ""planned_duration_ms"": 3000, ""intended_onset_ms"": 311402.353, ""actual_onset_global_ms"": 311565.754, ""actual_offset_global_ms"": 312870.783, ""actual_duration_ms"": 1305.029}]",,,,,0,0,0,0,1,0.0,none,,,0.0,0.0,none,0.0,0.0,0.0,0.0,,,0.0,none,none,0.0,color,cue_color.wav,颜色,310931.91,500.0,311628.472,red,rabbit,red_rabbit,switch,shape,color,1939.409,,,,,,,,,,,,,,
015,015_T1_20260423_171428,PCPA,T1,standard,hci_substudy_v2,1,telemetry_v4,dccs,2,mixed_formal,formal,1,29,41,formal,shape,1776935668,59.678,2026-04-23T17:19:48.263,0,0,0,1,312898.91,312919.446,,,,,j,j,1,1197.484,314818.857,none,,313498.91,313621.373,314818.857,3000,1197.484,314818.857,"[{""stage_name"": ""fixation"", ""planned_duration_ms"": 100, ""intended_onset_ms"": 312898.91, ""actual_onset_global_ms"": 312919.446, ""actual_offset_global_ms"": 313032.893, ""actual_duration_ms"": 113.447}, {""stage_name"": ""cue"", ""planned_duration_ms"": 500, ""intended_onset_ms"": 312998.91, ""actual_onset_global_ms"": 313038.077, ""actual_offset_global_ms"": 313619.883, ""actual_duration_ms"": 581.806}, {""stage_name"": ""stimulus"", ""planned_duration_ms"": 3000, ""intended_onset_ms"": 313498.91, ""actual_onset_global_ms"": 313621.373, ""actual_offset_global_ms"": 314818.857, ""actual_duration_ms"": 1197.484}]",,,,,0,0,1,0,1,0.0,none,,,0.0,0.0,none,0.0,0.0,0.0,0.0,,,0.0,none,none,0.0,shape,cue_shape.wav,形状,313038.505,500.0,313804.755,blue,boat,blue_boat,switch,color,shape,1780.78,,,,,,,,,,,,,,
015,015_T1_20260423_171428,PCPA,T1,standard,hci_substudy_v2,1,telemetry_v4,dccs,2,mixed_formal,formal,1,30,42,formal,shape,1776935668,59.678,2026-04-23T17:19:50.216,0,0,0,1,314852.065,314872.943,,,,,s,s,1,1379.468,316971.879,none,,315452.065,315592.411,316971.879,3000,1379.468,316971.879,"[{""stage_name"": ""fixation"", ""planned_duration_ms"": 100, ""intended_onset_ms"": 314852.065, ""actual_onset_global_ms"": 314872.943, ""actual_offset_global_ms"": 314985.128, ""actual_duration_ms"": 112.185}, {""stage_name"": ""cue"", ""planned_duration_ms"": 500, ""intended_onset_ms"": 314952.065, ""actual_onset_global_ms"": 314988.109, ""actual_offset_global_ms"": 315588.367, ""actual_duration_ms"": 600.258}, {""stage_name"": ""stimulus"", ""planned_duration_ms"": 3000, ""intended_onset_ms"": 315452.065, ""actual_onset_global_ms"": 315592.411, ""actual_offset_global_ms"": 316971.879, ""actual_duration_ms"": 1379.468}]",,,,,0,0,1,0,1,0.0,none,,,0.0,0.0,none,0.0,0.0,0.0,0.0,,,0.0,none,none,0.0,shape,cue_shape.wav,形状,314988.558,500.0,315754.808,red,rabbit,red_rabbit,repeat,shape,shape,1983.77,,,,,,,,,,,,,,
015,015_T1_20260423_171428,PCPA,T1,standard,hci_substudy_v2,1,telemetry_v4,change_detection,4,formal_cd,formal,1,1,17,formal,N1_same,1776935668,59.678,2026-04-23T17:29:48.724,0,0,0,2,913354.052,913381.816,,,,,s,,1,2604.19,,,,916954.052,917009.373,919628.607,4000,2619.234,919628.607,"[{""stage_name"": ""fixation"", ""planned_duration_ms"": 100, ""intended_onset_ms"": 913354.052, ""actual_onset_global_ms"": 913381.816, ""actual_offset_global_ms"": 913477.068, ""actual_duration_ms"": 95.252}, {""stage_name"": ""memory_array"", ""planned_duration_ms"": 2500, ""intended_onset_ms"": 913454.052, ""actual_onset_global_ms"": 913497.109, ""actual_offset_global_ms"": 915978.017, ""actual_duration_ms"": 2480.908}, {""stage_name"": ""delay"", ""planned_duration_ms"": 1000, ""intended_onset_ms"": 915978.017, ""actual_onset_global_ms"": 915975.594, ""actual_offset_global_ms"": 916986.06, ""actual_duration_ms"": 1010.466}, {""stage_name"": ""test_array"", ""planned_duration_ms"": 4000, ""intended_onset_ms"": 916986.06, ""actual_onset_global_ms"": 917009.373, ""actual_offset_global_ms"": 919628.607, ""actual_duration_ms"": 2619.234}]",,,,,0,0,1,0,1,,,,,,,,,,,,,,,,,,,,,,,,,,,,,,,1.0,same,0.0,"[240.26, 187.99]","[[240.26, 187.99]]","[""green""]","[""green""]",green,green,s,same,1.0,1.0,1.0
015,015_T1_20260423_171428,PCPA,T1,standard,hci_substudy_v2,1,telemetry_v4,change_detection,4,formal_cd,formal,1,2,18,formal,N4_change,1776935668,59.678,2026-04-23T17:29:55.010,0,0,0,2,919639.455,919657.753,,,,,j,,1,1771.006,,,,923239.455,923448.7,925292.063,4000,1843.363,925292.063,"[{""stage_name"": ""fixation"", ""planned_duration_ms"": 100, ""intended_onset_ms"": 919639.455, ""actual_onset_global_ms"": 919657.753, ""actual_offset_global_ms"": 919771.32, ""actual_duration_ms"": 113.567}, {""stage_name"": ""memory_array"", ""planned_duration_ms"": 2500, ""intended_onset_ms"": 919739.455, ""actual_onset_global_ms"": 919838.423, ""actual_offset_global_ms"": 922359.249, ""actual_duration_ms"": 2520.826}, {""stage_name"": ""delay"", ""planned_duration_ms"": 1000, ""intended_onset_ms"": 922359.249, ""actual_onset_global_ms"": 922356.415, ""actual_offset_global_ms"": 923368.815, ""actual_duration_ms"": 1012.4}, {""stage_name"": ""test_array"", ""planned_duration_ms"": 4000, ""intended_onset_ms"": 923368.815, ""actual_onset_global_ms"": 923448.7, ""actual_offset_global_ms"": 925292.063, ""actual_duration_ms"": 1843.363}]",,,,,0,0,1,0,1,,,,,,,,,,,,,,,,,,,,,,,,,,,,,,,4.0,change,1.0,"[-124.73, -21.53]","[[101.62, 214.61], [-124.73, -21.53], [214.06, 250.77], [2.45, -124.88]]","[""purple"", ""red"", ""green"", ""yellow""]","[""purple"", ""blue"", ""green"", ""yellow""]",red,blue,j,change,1.0,4.0,1.0
015,015_T1_20260423_171428,PCPA,T1,standard,hci_substudy_v2,1,telemetry_v4,change_detection,4,formal_cd,formal,1,3,19,formal,N4_same,1776935668,59.678,2026-04-23T17:30:00.675,0,0,0,2,925304.973,925329.332,,,,,s,,1,2351.614,,,,928904.973,929050.629,931453.839,4000,2403.21,931453.839,"[{""stage_name"": ""fixation"", ""planned_duration_ms"": 100, ""intended_onset_ms"": 925304.973, ""actual_onset_global_ms"": 925329.332, ""actual_offset_global_ms"": 925428.038, ""actual_duration_ms"": 98.706}, {""stage_name"": ""memory_array"", ""planned_duration_ms"": 2500, ""intended_onset_ms"": 925404.973, ""actual_onset_global_ms"": 925500.419, ""actual_offset_global_ms"": 927947.811, ""actual_duration_ms"": 2447.392}, {""stage_name"": ""delay"", ""planned_duration_ms"": 1000, ""intended_onset_ms"": 927947.811, ""actual_onset_global_ms"": 927950.961, ""actual_offset_global_ms"": 928968.812, ""actual_duration_ms"": 1017.851}, {""stage_name"": ""test_array"", ""planned_duration_ms"": 4000, ""intended_onset_ms"": 928968.812, ""actual_onset_global_ms"": 929050.629, ""actual_offset_global_ms"": 931453.839, ""actual_duration_ms"": 2403.21}]",,,,,0,0,1,0,1,,,,,,,,,,,,,,,,,,,,,,,,,,,,,,,4.0,same,1.0,"[18.31, 133.59]","[[165.98, 167.43], [18.31, 133.59], [-12.65, 238.5], [-237.57, 97.46]]","[""purple"", ""yellow"", ""green"", ""blue""]","[""purple"", ""yellow"", ""green"", ""blue""]",yellow,yellow,s,same,1.0,5.0,1.0
015,015_T1_20260423_171428,PCPA,T1,standard,hci_substudy_v2,1,telemetry_v4,change_detection,4,formal_cd,formal,1,4,20,formal,N3_same,1776935668,59.678,2026-04-23T17:30:06.832,0,0,0,2,931461.675,931482.929,,,,,s,,1,4058.461,,,,935061.675,935224.648,939320.078,4000,4095.43,939320.078,"[{""stage_name"": ""fixation"", ""planned_duration_ms"": 100, ""intended_onset_ms"": 931461.675, ""actual_onset_global_ms"": 931482.929, ""actual_offset_global_ms"": 931594.951, ""actual_duration_ms"": 112.022}, {""stage_name"": ""memory_array"", ""planned_duration_ms"": 2500, ""intended_onset_ms"": 931561.675, ""actual_onset_global_ms"": 931655.136, ""actual_offset_global_ms"": 934161.028, ""actual_duration_ms"": 2505.892}, {""stage_name"": ""delay"", ""planned_duration_ms"": 1000, ""intended_onset_ms"": 934161.028, ""actual_onset_global_ms"": 934157.644, ""actual_offset_global_ms"": 935168.821, ""actual_duration_ms"": 1011.177}, {""stage_name"": ""test_array"", ""planned_duration_ms"": 4000, ""intended_onset_ms"": 935168.821, ""actual_onset_global_ms"": 935224.648, ""actual_offset_global_ms"": 939320.078, ""actual_duration_ms"": 4095.43}]",,,,,0,1,0,0,1,,,,,,,,,,,,,,,,,,,,,,,,,,,,,,,3.0,same,1.0,"[8.14, 251.87]","[[-62.04, -112.53], [8.14, 251.87], [-206.74, 16.76]]","[""purple"", ""red"", ""green""]","[""purple"", ""red"", ""green""]",red,red,s,same,1.0,3.0,1.0
015,015_T1_20260423_171428,PCPA,T1,standard,hci_substudy_v2,1,telemetry_v4,change_detection,4,formal_cd,formal,1,5,21,formal,N3_same,1776935668,59.678,2026-04-23T17:30:14.698,0,0,0,2,939327.42,939345.198,,,,,s,,1,2373.261,,,,942927.42,943046.489,945472.745,4000,2426.256,945472.745,"[{""stage_name"": ""fixation"", ""planned_duration_ms"": 100, ""intended_onset_ms"": 939327.42, ""actual_onset_global_ms"": 939345.198, ""actual_offset_global_ms"": 939457.438, ""actual_duration_ms"": 112.24}, {""stage_name"": ""memory_array"", ""planned_duration_ms"": 2500, ""intended_onset_ms"": 939427.42, ""actual_onset_global_ms"": 939511.633, ""actual_offset_global_ms"": 941967.933, ""actual_duration_ms"": 2456.3}, {""stage_name"": ""delay"", ""planned_duration_ms"": 1000, ""intended_onset_ms"": 941967.933, ""actual_onset_global_ms"": 941969.848, ""actual_offset_global_ms"": 942985.205, ""actual_duration_ms"": 1015.357}, {""stage_name"": ""test_array"", ""planned_duration_ms"": 4000, ""intended_onset_ms"": 942985.205, ""actual_onset_global_ms"": 943046.489, ""actual_offset_global_ms"": 945472.745, ""actual_duration_ms"": 2426.256}]",,,,,0,0,1,0,1,,,,,,,,,,,,,,,,,,,,,,,,,,,,,,,3.0,same,0.0,"[-58.2, -235.54]","[[-58.2, -235.54], [236.3, 21.24], [-208.86, -166.12]]","[""yellow"", ""green"", ""blue""]","[""yellow"", ""green"", ""blue""]",yellow,yellow,s,same,1.0,4.0,1.0
015,015_T1_20260423_171428,PCPA,T1,standard,hci_substudy_v2,1,telemetry_v4,change_detection,4,formal_cd,formal,1,6,22,formal,N1_change,1776935668,59.678,2026-04-23T17:30:20.854,0,0,0,2,945483.401,945507.223,,,,,j,,1,1396.285,,,,949083.401,949160.279,950602.017,4000,1441.738,950602.017,"[{""stage_name"": ""fixation"", ""planned_duration_ms"": 100, ""intended_onset_ms"": 945483.401, ""actual_onset_global_ms"": 945507.223, ""actual_offset_global_ms"": 945612.174, ""actual_duration_ms"": 104.951}, {""stage_name"": ""memory_array"", ""planned_duration_ms"": 2500, ""intended_onset_ms"": 945583.401, ""actual_onset_global_ms"": 945631.579, ""actual_offset_global_ms"": 948132.77, ""actual_duration_ms"": 2501.191}, {""stage_name"": ""delay"", ""planned_duration_ms"": 1000, ""intended_onset_ms"": 948132.77, ""actual_onset_global_ms"": 948134.86, ""actual_offset_global_ms"": 949136.185, ""actual_duration_ms"": 1001.325}, {""stage_name"": ""test_array"", ""planned_duration_ms"": 4000, ""intended_onset_ms"": 949136.185, ""actual_onset_global_ms"": 949160.279, ""actual_offset_global_ms"": 950602.017, ""actual_duration_ms"": 1441.738}]",,,,,0,0,1,0,1,,,,,,,,,,,,,,,,,,,,,,,,,,,,,,,1.0,change,0.0,"[41.93, -193.42]","[[41.93, -193.42]]","[""blue""]","[""green""]",blue,green,j,change,1.0,1.0,1.0
015,015_T1_20260423_171428,PCPA,T1,standard,hci_substudy_v2,1,telemetry_v4,change_detection,4,formal_cd,formal,1,7,23,formal,N4_change,1776935668,59.678,2026-04-23T17:30:25.982,0,0,0,2,950610.752,950629.133,,,,,j,,1,3560.976,,,,954210.752,954373.158,957975.972,4000,3602.814,957975.972,"[{""stage_name"": ""fixation"", ""planned_duration_ms"": 100, ""intended_onset_ms"": 950610.752, ""actual_onset_global_ms"": 950629.133, ""actual_offset_global_ms"": 950731.965, ""actual_duration_ms"": 102.832}, {""stage_name"": ""memory_array"", ""planned_duration_ms"": 2500, ""intended_onset_ms"": 950710.752, ""actual_onset_global_ms"": 950807.62, ""actual_offset_global_ms"": 953300.608, ""actual_duration_ms"": 2492.988}, {""stage_name"": ""delay"", ""planned_duration_ms"": 1000, ""intended_onset_ms"": 953300.608, ""actual_onset_global_ms"": 953301.91, ""actual_offset_global_ms"": 954302.657, ""actual_duration_ms"": 1000.747}, {""stage_name"": ""test_array"", ""planned_duration_ms"": 4000, ""intended_onset_ms"": 954302.657, ""actual_onset_global_ms"": 954373.158, ""actual_offset_global_ms"": 957975.972, ""actual_duration_ms"": 3602.814}]",,,,,0,1,0,0,1,,,,,,,,,,,,,,,,,,,,,,,,,,,,,,,4.0,change,2.0,"[-45.82, 81.11]","[[165.96, -123.58], [-45.33, -119.05], [-45.82, 81.11], [163.58, 5.86]]","[""blue"", ""green"", ""yellow"", ""purple""]","[""blue"", ""green"", ""red"", ""purple""]",yellow,red,j,change,1.0,4.0,1.0
015,015_T1_20260423_171428,PCPA,T1,standard,hci_substudy_v2,1,telemetry_v4,change_detection,4,formal_cd,formal,1,8,24,formal,N3_same,1776935668,59.678,2026-04-23T17:30:33.357,0,0,0,2,957986.114,958003.897,,,,,s,,0,3914.881,,,,961586.114,961734.342,965668.984,4000,3934.642,965668.984,"[{""stage_name"": ""fixation"", ""planned_duration_ms"": 100, ""intended_onset_ms"": 957986.114, ""actual_onset_global_ms"": 958003.897, ""actual_offset_global_ms"": 958119.012, ""actual_duration_ms"": 115.115}, {""stage_name"": ""memory_array"", ""planned_duration_ms"": 2500, ""intended_onset_ms"": 958086.114, ""actual_onset_global_ms"": 958168.755, ""actual_offset_global_ms"": 960668.01, ""actual_duration_ms"": 2499.255}, {""stage_name"": ""delay"", ""planned_duration_ms"": 1000, ""intended_onset_ms"": 960668.01, ""actual_onset_global_ms"": 960668.366, ""actual_offset_global_ms"": 961668.724, ""actual_duration_ms"": 1000.358}, {""stage_name"": ""test_array"", ""planned_duration_ms"": 4000, ""intended_onset_ms"": 961668.724, ""actual_onset_global_ms"": 961734.342, ""actual_offset_global_ms"": 965668.984, ""actual_duration_ms"": 3934.642}]",,,,,0,1,0,0,1,,,,,,,,,,,,,,,,,,,,,,,,,,,,,,,3.0,same,0.0,"[235.29, -79.92]","[[235.29, -79.92], [-181.37, -163.27], [-88.87, 139.93]]","[""blue"", ""red"", ""purple""]","[""blue"", ""red"", ""purple""]",blue,blue,j,change,0.0,7.0,1.0
015,015_T1_20260423_171428,PCPA,T1,standard,hci_substudy_v2,1,telemetry_v4,change_detection,4,formal_cd,formal,1,9,25,formal,N2_same,1776935668,59.678,2026-04-23T17:30:41.048,0,0,0,2,965677.152,965694.009,,,,,s,,1,1620.097,,,,969277.152,969391.298,971088.148,4000,1696.85,971088.148,"[{""stage_name"": ""fixation"", ""planned_duration_ms"": 100, ""intended_onset_ms"": 965677.152, ""actual_onset_global_ms"": 965694.009, ""actual_offset_global_ms"": 965805.274, ""actual_duration_ms"": 111.265}, {""stage_name"": ""memory_array"", ""planned_duration_ms"": 2500, ""intended_onset_ms"": 965777.152, ""actual_onset_global_ms"": 965843.234, ""actual_offset_global_ms"": 968343.757, ""actual_duration_ms"": 2500.523}, {""stage_name"": ""delay"", ""planned_duration_ms"": 1000, ""intended_onset_ms"": 968343.757, ""actual_onset_global_ms"": 968341.13, ""actual_offset_global_ms"": 969351.915, ""actual_duration_ms"": 1010.785}, {""stage_name"": ""test_array"", ""planned_duration_ms"": 4000, ""intended_onset_ms"": 969351.915, ""actual_onset_global_ms"": 969391.298, ""actual_offset_global_ms"": 971088.148, ""actual_duration_ms"": 1696.85}]",,,,,0,0,1,0,1,,,,,,,,,,,,,,,,,,,,,,,,,,,,,,,2.0,same,1.0,"[23.22, 149.89]","[[4.82, -90.57], [23.22, 149.89]]","[""yellow"", ""purple""]","[""yellow"", ""purple""]",purple,purple,s,same,1.0,2.0,1.0
015,015_T1_20260423_171428,PCPA,T1,standard,hci_substudy_v2,1,telemetry_v4,change_detection,4,formal_cd,formal,1,10,26,formal,N2_change,1776935668,59.678,2026-04-23T17:30:46.471,0,0,0,2,971100.56,971122.355,,,,,j,,1,2039.323,,,,974700.56,974824.431,976937.065,4000,2112.634,976937.065,"[{""stage_name"": ""fixation"", ""planned_duration_ms"": 100, ""intended_onset_ms"": 971100.56, ""actual_onset_global_ms"": 971122.355, ""actual_offset_global_ms"": 971232.296, ""actual_duration_ms"": 109.941}, {""stage_name"": ""memory_array"", ""planned_duration_ms"": 2500, ""intended_onset_ms"": 971200.56, ""actual_onset_global_ms"": 971267.43, ""actual_offset_global_ms"": 973780.446, ""actual_duration_ms"": 2513.016}, {""stage_name"": ""delay"", ""planned_duration_ms"": 1000, ""intended_onset_ms"": 973780.446, ""actual_onset_global_ms"": 973775.627, ""actual_offset_global_ms"": 974784.908, ""actual_duration_ms"": 1009.281}, {""stage_name"": ""test_array"", ""planned_duration_ms"": 4000, ""intended_onset_ms"": 974784.908, ""actual_onset_global_ms"": 974824.431, ""actual_offset_global_ms"": 976937.065, ""actual_duration_ms"": 2112.634}]",,,,,0,0,1,0,1,,,,,,,,,,,,,,,,,,,,,,,,,,,,,,,2.0,change,0.0,"[-79.03, 164.53]","[[-79.03, 164.53], [-190.65, 117.96]]","[""red"", ""yellow""]","[""green"", ""yellow""]",red,green,j,change,1.0,3.0,1.0
015,015_T1_20260423_171428,PCPA,T1,standard,hci_substudy_v2,1,telemetry_v4,change_detection,4,formal_cd,formal,1,11,27,formal,N3_same,1776935668,59.678,2026-04-23T17:30:52.317,0,0,0,2,976946.188,976968.637,,,,,s,,1,1878.505,,,,980546.188,980712.792,982685.008,4000,1972.216,982685.008,"[{""stage_name"": ""fixation"", ""planned_duration_ms"": 100, ""intended_onset_ms"": 976946.188, ""actual_onset_global_ms"": 976968.637, ""actual_offset_global_ms"": 977079.322, ""actual_duration_ms"": 110.685}, {""stage_name"": ""memory_array"", ""planned_duration_ms"": 2500, ""intended_onset_ms"": 977046.188, ""actual_onset_global_ms"": 977134.763, ""actual_offset_global_ms"": 979622.95, ""actual_duration_ms"": 2488.187}, {""stage_name"": ""delay"", ""planned_duration_ms"": 1000, ""intended_onset_ms"": 979622.95, ""actual_onset_global_ms"": 979620.396, ""actual_offset_global_ms"": 980635.606, ""actual_duration_ms"": 1015.21}, {""stage_name"": ""test_array"", ""planned_duration_ms"": 4000, ""intended_onset_ms"": 980635.606, ""actual_onset_global_ms"": 980712.792, ""actual_offset_global_ms"": 982685.008, ""actual_duration_ms"": 1972.216}]",,,,,0,0,1,0,1,,,,,,,,,,,,,,,,,,,,,,,,,,,,,,,3.0,same,0.0,"[-123.93, 184.02]","[[-123.93, 184.02], [87.29, 217.28], [147.7, -134.24]]","[""green"", ""yellow"", ""purple""]","[""green"", ""yellow"", ""purple""]",green,green,s,same,1.0,5.0,1.0
015,015_T1_20260423_171428,PCPA,T1,standard,hci_substudy_v2,1,telemetry_v4,change_detection,4,formal_cd,formal,1,12,28,formal,N4_change,1776935668,59.678,2026-04-23T17:30:58.064,0,0,0,2,982693.54,982710.859,,,,,j,,1,1752.785,,,,986293.54,986489.99,988334.611,4000,1844.621,988334.611,"[{""stage_name"": ""fixation"", ""planned_duration_ms"": 100, ""intended_onset_ms"": 982693.54, ""actual_onset_global_ms"": 982710.859, ""actual_offset_global_ms"": 982822.464, ""actual_duration_ms"": 111.605}, {""stage_name"": ""memory_array"", ""planned_duration_ms"": 2500, ""intended_onset_ms"": 982793.54, ""actual_onset_global_ms"": 982899.837, ""actual_offset_global_ms"": 985396.629, ""actual_duration_ms"": 2496.792}, {""stage_name"": ""delay"", ""planned_duration_ms"": 1000, ""intended_onset_ms"": 985396.629, ""actual_onset_global_ms"": 985391.525, ""actual_offset_global_ms"": 986403.563, ""actual_duration_ms"": 1012.038}, {""stage_name"": ""test_array"", ""planned_duration_ms"": 4000, ""intended_onset_ms"": 986403.563, ""actual_onset_global_ms"": 986489.99, ""actual_offset_global_ms"": 988334.611, ""actual_duration_ms"": 1844.621}]",,,,,0,0,1,0,1,,,,,,,,,,,,,,,,,,,,,,,,,,,,,,,4.0,change,1.0,"[-26.99, 163.32]","[[104.36, 51.15], [-26.99, 163.32], [168.46, -175.15], [54.73, -82.37]]","[""green"", ""purple"", ""red"", ""yellow""]","[""green"", ""blue"", ""red"", ""yellow""]",purple,blue,j,change,1.0,5.0,1.0
015,015_T1_20260423_171428,PCPA,T1,standard,hci_substudy_v2,1,telemetry_v4,change_detection,4,formal_cd,formal,1,13,29,formal,N1_change,1776935668,59.678,2026-04-23T17:31:03.714,0,0,0,2,988342.69,988362.475,,,,,j,,1,4900.525,,,,991942.69,992007.553,996933.097,4000,4925.544,996933.097,"[{""stage_name"": ""fixation"", ""planned_duration_ms"": 100, ""intended_onset_ms"": 988342.69, ""actual_onset_global_ms"": 988362.475, ""actual_offset_global_ms"": 988469.048, ""actual_duration_ms"": 106.573}, {""stage_name"": ""memory_array"", ""planned_duration_ms"": 2500, ""intended_onset_ms"": 988442.69, ""actual_onset_global_ms"": 988488.836, ""actual_offset_global_ms"": 990973.254, ""actual_duration_ms"": 2484.418}, {""stage_name"": ""delay"", ""planned_duration_ms"": 1000, ""intended_onset_ms"": 990973.254, ""actual_onset_global_ms"": 990970.1, ""actual_offset_global_ms"": 991984.933, ""actual_duration_ms"": 1014.833}, {""stage_name"": ""test_array"", ""planned_duration_ms"": 4000, ""intended_onset_ms"": 991984.933, ""actual_onset_global_ms"": 992007.553, ""actual_offset_global_ms"": 996933.097, ""actual_duration_ms"": 4925.544}]",,,,,0,1,0,0,1,,,,,,,,,,,,,,,,,,,,,,,,,,,,,,,1.0,change,0.0,"[-182.55, -154.72]","[[-182.55, -154.72]]","[""red""]","[""green""]",red,green,j,change,1.0,5.0,1.0
015,015_T1_20260423_171428,PCPA,T1,standard,hci_substudy_v2,1,telemetry_v4,change_detection,4,formal_cd,formal,1,14,30,formal,N2_same,1776935668,59.678,2026-04-23T17:31:12.314,0,0,0,2,996943.088,996961.501,,,,,s,,1,3079.324,,,,1000543.088,1000648.719,1003771.731,4000,3123.012,1003771.731,"[{""stage_name"": ""fixation"", ""planned_duration_ms"": 100, ""intended_onset_ms"": 996943.088, ""actual_onset_global_ms"": 996961.501, ""actual_offset_global_ms"": 997073.45, ""actual_duration_ms"": 111.949}, {""stage_name"": ""memory_array"", ""planned_duration_ms"": 2500, ""intended_onset_ms"": 997043.088, ""actual_onset_global_ms"": 997115.193, ""actual_offset_global_ms"": 999597.846, ""actual_duration_ms"": 2482.653}, {""stage_name"": ""delay"", ""planned_duration_ms"": 1000, ""intended_onset_ms"": 999597.846, ""actual_onset_global_ms"": 999592.219, ""actual_offset_global_ms"": 1000601.573, ""actual_duration_ms"": 1009.354}, {""stage_name"": ""test_array"", ""planned_duration_ms"": 4000, ""intended_onset_ms"": 1000601.573, ""actual_onset_global_ms"": 1000648.719, ""actual_offset_global_ms"": 1003771.731, ""actual_duration_ms"": 3123.012}]",,,,,0,1,0,0,1,,,,,,,,,,,,,,,,,,,,,,,,,,,,,,,2.0,same,1.0,"[81.76, -175.6]","[[190.69, 39.9], [81.76, -175.6]]","[""red"", ""green""]","[""red"", ""green""]",green,green,s,same,1.0,3.0,1.0
015,015_T1_20260423_171428,PCPA,T1,standard,hci_substudy_v2,1,telemetry_v4,change_detection,4,formal_cd,formal,1,15,31,formal,N2_same,1776935668,59.678,2026-04-23T17:31:19.153,0,0,0,2,1003781.528,1003804.127,,,,,s,,1,2066.435,,,,1007381.528,1007514.48,1009657.435,4000,2142.955,1009657.435,"[{""stage_name"": ""fixation"", ""planned_duration_ms"": 100, ""intended_onset_ms"": 1003781.528, ""actual_onset_global_ms"": 1003804.127, ""actual_offset_global_ms"": 1003911.731, ""actual_duration_ms"": 107.604}, {""stage_name"": ""memory_array"", ""planned_duration_ms"": 2500, ""intended_onset_ms"": 1003881.528, ""actual_onset_global_ms"": 1003951.299, ""actual_offset_global_ms"": 1006455.016, ""actual_duration_ms"": 2503.717}, {""stage_name"": ""delay"", ""planned_duration_ms"": 1000, ""intended_onset_ms"": 1006455.016, ""actual_onset_global_ms"": 1006453.648, ""actual_offset_global_ms"": 1007468.726, ""actual_duration_ms"": 1015.078}, {""stage_name"": ""test_array"", ""planned_duration_ms"": 4000, ""intended_onset_ms"": 1007468.726, ""actual_onset_global_ms"": 1007514.48, ""actual_offset_global_ms"": 1009657.435, ""actual_duration_ms"": 2142.955}]",,,,,0,0,1,0,1,,,,,,,,,,,,,,,,,,,,,,,,,,,,,,,2.0,same,0.0,"[-238.85, -12.17]","[[-238.85, -12.17], [-73.27, -133.37]]","[""purple"", ""red""]","[""purple"", ""red""]",purple,purple,s,same,1.0,2.0,1.0
015,015_T1_20260423_171428,PCPA,T1,standard,hci_substudy_v2,1,telemetry_v4,change_detection,4,formal_cd,formal,1,16,32,formal,N1_change,1776935668,59.678,2026-04-23T17:31:25.042,0,0,0,2,1009670.805,1009695.542,,,,,j,,1,1495.458,,,,1013270.805,1013341.931,1014878.501,4000,1536.57,1014878.501,"[{""stage_name"": ""fixation"", ""planned_duration_ms"": 100, ""intended_onset_ms"": 1009670.805, ""actual_onset_global_ms"": 1009695.542, ""actual_offset_global_ms"": 1009797.003, ""actual_duration_ms"": 101.461}, {""stage_name"": ""memory_array"", ""planned_duration_ms"": 2500, ""intended_onset_ms"": 1009770.805, ""actual_onset_global_ms"": 1009818.948, ""actual_offset_global_ms"": 1012310.445, ""actual_duration_ms"": 2491.497}, {""stage_name"": ""delay"", ""planned_duration_ms"": 1000, ""intended_onset_ms"": 1012310.445, ""actual_onset_global_ms"": 1012307.437, ""actual_offset_global_ms"": 1013318.196, ""actual_duration_ms"": 1010.759}, {""stage_name"": ""test_array"", ""planned_duration_ms"": 4000, ""intended_onset_ms"": 1013318.196, ""actual_onset_global_ms"": 1013341.931, ""actual_offset_global_ms"": 1014878.501, ""actual_duration_ms"": 1536.57}]",,,,,0,0,1,0,1,,,,,,,,,,,,,,,,,,,,,,,,,,,,,,,1.0,change,0.0,"[-194.44, -202.17]","[[-194.44, -202.17]]","[""purple""]","[""red""]",purple,red,j,change,1.0,1.0,1.0
015,015_T1_20260423_171428,PCPA,T1,standard,hci_substudy_v2,1,telemetry_v4,change_detection,4,formal_cd,formal,1,17,33,formal,N1_change,1776935668,59.678,2026-04-23T17:31:30.262,0,0,0,2,1014891.153,1014911.392,,,,,j,,1,1247.3,,,,1018491.153,1018538.181,1019807.875,4000,1269.694,1019807.875,"[{""stage_name"": ""fixation"", ""planned_duration_ms"": 100, ""intended_onset_ms"": 1014891.153, ""actual_onset_global_ms"": 1014911.392, ""actual_offset_global_ms"": 1015009.771, ""actual_duration_ms"": 98.379}, {""stage_name"": ""memory_array"", ""planned_duration_ms"": 2500, ""intended_onset_ms"": 1014991.153, ""actual_onset_global_ms"": 1015033.55, ""actual_offset_global_ms"": 1017512.161, ""actual_duration_ms"": 2478.611}, {""stage_name"": ""delay"", ""planned_duration_ms"": 1000, ""intended_onset_ms"": 1017512.161, ""actual_onset_global_ms"": 1017510.841, ""actual_offset_global_ms"": 1018517.733, ""actual_duration_ms"": 1006.892}, {""stage_name"": ""test_array"", ""planned_duration_ms"": 4000, ""intended_onset_ms"": 1018517.733, ""actual_onset_global_ms"": 1018538.181, ""actual_offset_global_ms"": 1019807.875, ""actual_duration_ms"": 1269.694}]",,,,,0,0,1,0,1,,,,,,,,,,,,,,,,,,,,,,,,,,,,,,,1.0,change,0.0,"[199.42, -128.61]","[[199.42, -128.61]]","[""blue""]","[""yellow""]",blue,yellow,j,change,1.0,1.0,1.0
015,015_T1_20260423_171428,PCPA,T1,standard,hci_substudy_v2,1,telemetry_v4,change_detection,4,formal_cd,formal,1,18,34,formal,N3_change,1776935668,59.678,2026-04-23T17:31:35.190,0,0,0,2,1019818.811,1019839.068,,,,,j,,1,1781.232,,,,1023418.811,1023574.798,1025450.653,4000,1875.855,1025450.653,"[{""stage_name"": ""fixation"", ""planned_duration_ms"": 100, ""intended_onset_ms"": 1019818.811, ""actual_onset_global_ms"": 1019839.068, ""actual_offset_global_ms"": 1019952.127, ""actual_duration_ms"": 113.059}, {""stage_name"": ""memory_array"", ""planned_duration_ms"": 2500, ""intended_onset_ms"": 1019918.811, ""actual_onset_global_ms"": 1020007.346, ""actual_offset_global_ms"": 1022516.052, ""actual_duration_ms"": 2508.706}, {""stage_name"": ""delay"", ""planned_duration_ms"": 1000, ""intended_onset_ms"": 1022516.052, ""actual_onset_global_ms"": 1022519.39, ""actual_offset_global_ms"": 1023517.603, ""actual_duration_ms"": 998.213}, {""stage_name"": ""test_array"", ""planned_duration_ms"": 4000, ""intended_onset_ms"": 1023517.603, ""actual_onset_global_ms"": 1023574.798, ""actual_offset_global_ms"": 1025450.653, ""actual_duration_ms"": 1875.855}]",,,,,0,0,1,0,1,,,,,,,,,,,,,,,,,,,,,,,,,,,,,,,3.0,change,1.0,"[-159.38, -29.45]","[[48.45, 228.35], [-159.38, -29.45], [81.97, -130.93]]","[""blue"", ""purple"", ""green""]","[""blue"", ""yellow"", ""green""]",purple,yellow,j,change,1.0,3.0,1.0
015,015_T1_20260423_171428,PCPA,T1,standard,hci_substudy_v2,1,telemetry_v4,change_detection,4,formal_cd,formal,1,19,35,formal,N2_same,1776935668,59.678,2026-04-23T17:31:40.831,0,0,0,2,1025459.893,1025477.15,,,,,s,,1,1773.678,,,,1029059.893,1029174.789,1030975.772,4000,1800.983,1030975.772,"[{""stage_name"": ""fixation"", ""planned_duration_ms"": 100, ""intended_onset_ms"": 1025459.893, ""actual_onset_global_ms"": 1025477.15, ""actual_offset_global_ms"": 1025584.409, ""actual_duration_ms"": 107.259}, {""stage_name"": ""memory_array"", ""planned_duration_ms"": 2500, ""intended_onset_ms"": 1025559.893, ""actual_onset_global_ms"": 1025626.396, ""actual_offset_global_ms"": 1028128.495, ""actual_duration_ms"": 2502.099}, {""stage_name"": ""delay"", ""planned_duration_ms"": 1000, ""intended_onset_ms"": 1028128.495, ""actual_onset_global_ms"": 1028125.856, ""actual_offset_global_ms"": 1029134.316, ""actual_duration_ms"": 1008.46}, {""stage_name"": ""test_array"", ""planned_duration_ms"": 4000, ""intended_onset_ms"": 1029134.316, ""actual_onset_global_ms"": 1029174.789, ""actual_offset_global_ms"": 1030975.772, ""actual_duration_ms"": 1800.983}]",,,,,0,0,1,0,1,,,,,,,,,,,,,,,,,,,,,,,,,,,,,,,2.0,same,1.0,"[-127.21, 118.36]","[[101.1, -98.32], [-127.21, 118.36]]","[""yellow"", ""purple""]","[""yellow"", ""purple""]",purple,purple,s,same,1.0,2.0,1.0
015,015_T1_20260423_171428,PCPA,T1,standard,hci_substudy_v2,1,telemetry_v4,change_detection,4,formal_cd,formal,1,20,36,formal,N2_change,1776935668,59.678,2026-04-23T17:31:46.359,0,0,0,2,1030987.276,1031010.625,,,,,j,,1,1972.623,,,,1034587.276,1034657.158,1036700.865,4000,2043.707,1036700.865,"[{""stage_name"": ""fixation"", ""planned_duration_ms"": 100, ""intended_onset_ms"": 1030987.276, ""actual_onset_global_ms"": 1031010.625, ""actual_offset_global_ms"": 1031106.739, ""actual_duration_ms"": 96.114}, {""stage_name"": ""memory_array"", ""planned_duration_ms"": 2500, ""intended_onset_ms"": 1031087.276, ""actual_onset_global_ms"": 1031151.97, ""actual_offset_global_ms"": 1033614.727, ""actual_duration_ms"": 2462.757}, {""stage_name"": ""delay"", ""planned_duration_ms"": 1000, ""intended_onset_ms"": 1033614.727, ""actual_onset_global_ms"": 1033617.587, ""actual_offset_global_ms"": 1034618.248, ""actual_duration_ms"": 1000.661}, {""stage_name"": ""test_array"", ""planned_duration_ms"": 4000, ""intended_onset_ms"": 1034618.248, ""actual_onset_global_ms"": 1034657.158, ""actual_offset_global_ms"": 1036700.865, ""actual_duration_ms"": 2043.707}]",,,,,0,0,1,0,1,,,,,,,,,,,,,,,,,,,,,,,,,,,,,,,2.0,change,0.0,"[120.37, 168.91]","[[120.37, 168.91], [-245.27, -17.49]]","[""yellow"", ""green""]","[""red"", ""green""]",yellow,red,j,change,1.0,3.0,1.0
015,015_T1_20260423_171428,PCPA,T1,standard,hci_substudy_v2,1,telemetry_v4,change_detection,4,formal_cd,formal,1,21,37,formal,N4_same,1776935668,59.678,2026-04-23T17:31:52.081,0,0,0,2,1036709.746,1036732.024,,,,,s,,1,2519.001,,,,1040309.746,1040436.277,1042990.374,4000,2554.097,1042990.374,"[{""stage_name"": ""fixation"", ""planned_duration_ms"": 100, ""intended_onset_ms"": 1036709.746, ""actual_onset_global_ms"": 1036732.024, ""actual_offset_global_ms"": 1036827.559, ""actual_duration_ms"": 95.535}, {""stage_name"": ""memory_array"", ""planned_duration_ms"": 2500, ""intended_onset_ms"": 1036809.746, ""actual_onset_global_ms"": 1036900.151, ""actual_offset_global_ms"": 1039341.616, ""actual_duration_ms"": 2441.465}, {""stage_name"": ""delay"", ""planned_duration_ms"": 1000, ""intended_onset_ms"": 1039341.616, ""actual_onset_global_ms"": 1039340.72, ""actual_offset_global_ms"": 1040351.359, ""actual_duration_ms"": 1010.639}, {""stage_name"": ""test_array"", ""planned_duration_ms"": 4000, ""intended_onset_ms"": 1040351.359, ""actual_onset_global_ms"": 1040436.277, ""actual_offset_global_ms"": 1042990.374, ""actual_duration_ms"": 2554.097}]",,,,,0,0,1,0,1,,,,,,,,,,,,,,,,,,,,,,,,,,,,,,,4.0,same,2.0,"[147.65, 195.78]","[[110.81, -222.81], [-189.32, 28.48], [147.65, 195.78], [-202.83, 159.93]]","[""red"", ""green"", ""blue"", ""purple""]","[""red"", ""green"", ""blue"", ""purple""]",blue,blue,s,same,1.0,5.0,1.0
015,015_T1_20260423_171428,PCPA,T1,standard,hci_substudy_v2,1,telemetry_v4,change_detection,4,formal_cd,formal,1,22,38,formal,N2_same,1776935668,59.678,2026-04-23T17:31:58.372,0,0,0,2,1043000.992,1043021.795,,,,,s,,1,2102.759,,,,1046600.992,1046709.877,1048873.015,4000,2163.138,1048873.015,"[{""stage_name"": ""fixation"", ""planned_duration_ms"": 100, ""intended_onset_ms"": 1043000.992, ""actual_onset_global_ms"": 1043021.795, ""actual_offset_global_ms"": 1043131.807, ""actual_duration_ms"": 110.012}, {""stage_name"": ""memory_array"", ""planned_duration_ms"": 2500, ""intended_onset_ms"": 1043100.992, ""actual_onset_global_ms"": 1043173.442, ""actual_offset_global_ms"": 1045656.908, ""actual_duration_ms"": 2483.466}, {""stage_name"": ""delay"", ""planned_duration_ms"": 1000, ""intended_onset_ms"": 1045656.908, ""actual_onset_global_ms"": 1045655.368, ""actual_offset_global_ms"": 1046667.624, ""actual_duration_ms"": 1012.256}, {""stage_name"": ""test_array"", ""planned_duration_ms"": 4000, ""intended_onset_ms"": 1046667.624, ""actual_onset_global_ms"": 1046709.877, ""actual_offset_global_ms"": 1048873.015, ""actual_duration_ms"": 2163.138}]",,,,,0,0,1,0,1,,,,,,,,,,,,,,,,,,,,,,,,,,,,,,,2.0,same,0.0,"[61.1, 128.09]","[[61.1, 128.09], [2.87, -92.41]]","[""yellow"", ""purple""]","[""yellow"", ""purple""]",yellow,yellow,s,same,1.0,2.0,1.0
015,015_T1_20260423_171428,PCPA,T1,standard,hci_substudy_v2,1,telemetry_v4,change_detection,4,formal_cd,formal,1,23,39,formal,N1_same,1776935668,59.678,2026-04-23T17:32:04.258,0,0,0,2,1048886.028,1048907.467,,,,,s,,1,2170.596,,,,1052486.028,1052578.441,1054766.978,4000,2188.537,1054766.978,"[{""stage_name"": ""fixation"", ""planned_duration_ms"": 100, ""intended_onset_ms"": 1048886.028, ""actual_onset_global_ms"": 1048907.467, ""actual_offset_global_ms"": 1049017.532, ""actual_duration_ms"": 110.065}, {""stage_name"": ""memory_array"", ""planned_duration_ms"": 2500, ""intended_onset_ms"": 1048986.028, ""actual_onset_global_ms"": 1049036.491, ""actual_offset_global_ms"": 1051551.005, ""actual_duration_ms"": 2514.514}, {""stage_name"": ""delay"", ""planned_duration_ms"": 1000, ""intended_onset_ms"": 1051551.005, ""actual_onset_global_ms"": 1051550.905, ""actual_offset_global_ms"": 1052551.558, ""actual_duration_ms"": 1000.653}, {""stage_name"": ""test_array"", ""planned_duration_ms"": 4000, ""intended_onset_ms"": 1052551.558, ""actual_onset_global_ms"": 1052578.441, ""actual_offset_global_ms"": 1054766.978, ""actual_duration_ms"": 2188.537}]",,,,,0,0,1,0,1,,,,,,,,,,,,,,,,,,,,,,,,,,,,,,,1.0,same,0.0,"[-98.57, -97.31]","[[-98.57, -97.31]]","[""green""]","[""green""]",green,green,s,same,1.0,1.0,1.0
015,015_T1_20260423_171428,PCPA,T1,standard,hci_substudy_v2,1,telemetry_v4,change_detection,4,formal_cd,formal,1,24,40,formal,N3_change,1776935668,59.678,2026-04-23T17:32:10.148,0,0,0,2,1054775.941,1054793.634,,,,,j,,1,1919.473,,,,1058375.941,1058527.693,1060517.467,4000,1989.774,1060517.467,"[{""stage_name"": ""fixation"", ""planned_duration_ms"": 100, ""intended_onset_ms"": 1054775.941, ""actual_onset_global_ms"": 1054793.634, ""actual_offset_global_ms"": 1054904.8, ""actual_duration_ms"": 111.166}, {""stage_name"": ""memory_array"", ""planned_duration_ms"": 2500, ""intended_onset_ms"": 1054875.941, ""actual_onset_global_ms"": 1054964.892, ""actual_offset_global_ms"": 1057466.273, ""actual_duration_ms"": 2501.381}, {""stage_name"": ""delay"", ""planned_duration_ms"": 1000, ""intended_onset_ms"": 1057466.273, ""actual_onset_global_ms"": 1057467.538, ""actual_offset_global_ms"": 1058467.3, ""actual_duration_ms"": 999.762}, {""stage_name"": ""test_array"", ""planned_duration_ms"": 4000, ""intended_onset_ms"": 1058467.3, ""actual_onset_global_ms"": 1058527.693, ""actual_offset_global_ms"": 1060517.467, ""actual_duration_ms"": 1989.774}]",,,,,0,0,1,0,1,,,,,,,,,,,,,,,,,,,,,,,,,,,,,,,3.0,change,2.0,"[60.65, -188.74]","[[-96.88, 159.43], [66.92, 152.43], [60.65, -188.74]]","[""yellow"", ""purple"", ""red""]","[""yellow"", ""purple"", ""green""]",red,green,j,change,1.0,4.0,1.0
015,015_T1_20260423_171428,PCPA,T1,standard,hci_substudy_v2,1,telemetry_v4,change_detection,4,formal_cd,formal,1,25,41,formal,N3_change,1776935668,59.678,2026-04-23T17:32:15.899,0,0,0,2,1060527.768,1060550.504,,,,,j,,1,1531.782,,,,1064127.768,1064266.952,1065841.504,4000,1574.552,1065841.504,"[{""stage_name"": ""fixation"", ""planned_duration_ms"": 100, ""intended_onset_ms"": 1060527.768, ""actual_onset_global_ms"": 1060550.504, ""actual_offset_global_ms"": 1060647.178, ""actual_duration_ms"": 96.674}, {""stage_name"": ""memory_array"", ""planned_duration_ms"": 2500, ""intended_onset_ms"": 1060627.768, ""actual_onset_global_ms"": 1060702.078, ""actual_offset_global_ms"": 1063187.661, ""actual_duration_ms"": 2485.583}, {""stage_name"": ""delay"", ""planned_duration_ms"": 1000, ""intended_onset_ms"": 1063187.661, ""actual_onset_global_ms"": 1063184.343, ""actual_offset_global_ms"": 1064200.98, ""actual_duration_ms"": 1016.637}, {""stage_name"": ""test_array"", ""planned_duration_ms"": 4000, ""intended_onset_ms"": 1064200.98, ""actual_onset_global_ms"": 1064266.952, ""actual_offset_global_ms"": 1065841.504, ""actual_duration_ms"": 1574.552}]",,,,,0,0,1,0,1,,,,,,,,,,,,,,,,,,,,,,,,,,,,,,,3.0,change,1.0,"[-94.89, -92.0]","[[-198.49, -10.23], [-94.89, -92.0], [-142.97, 187.4]]","[""red"", ""green"", ""blue""]","[""red"", ""purple"", ""blue""]",green,purple,j,change,1.0,4.0,1.0
015,015_T1_20260423_171428,PCPA,T1,standard,hci_substudy_v2,1,telemetry_v4,change_detection,4,formal_cd,formal,1,26,42,formal,N1_same,1776935668,59.678,2026-04-23T17:32:21.225,0,0,0,2,1065853.984,1065871.602,,,,,s,,1,2635.564,,,,1069453.984,1069504.578,1072171.876,4000,2667.298,1072171.876,"[{""stage_name"": ""fixation"", ""planned_duration_ms"": 100, ""intended_onset_ms"": 1065853.984, ""actual_onset_global_ms"": 1065871.602, ""actual_offset_global_ms"": 1065983.011, ""actual_duration_ms"": 111.409}, {""stage_name"": ""memory_array"", ""planned_duration_ms"": 2500, ""intended_onset_ms"": 1065953.984, ""actual_onset_global_ms"": 1066006.605, ""actual_offset_global_ms"": 1068483.7, ""actual_duration_ms"": 2477.095}, {""stage_name"": ""delay"", ""planned_duration_ms"": 1000, ""intended_onset_ms"": 1068483.7, ""actual_onset_global_ms"": 1068484.262, ""actual_offset_global_ms"": 1069484.286, ""actual_duration_ms"": 1000.024}, {""stage_name"": ""test_array"", ""planned_duration_ms"": 4000, ""intended_onset_ms"": 1069484.286, ""actual_onset_global_ms"": 1069504.578, ""actual_offset_global_ms"": 1072171.876, ""actual_duration_ms"": 2667.298}]",,,,,0,0,1,0,1,,,,,,,,,,,,,,,,,,,,,,,,,,,,,,,1.0,same,0.0,"[220.69, 103.96]","[[220.69, 103.96]]","[""red""]","[""red""]",red,red,s,same,1.0,1.0,1.0
015,015_T1_20260423_171428,PCPA,T1,standard,hci_substudy_v2,1,telemetry_v4,change_detection,4,formal_cd,formal,1,27,43,formal,N2_change,1776935668,59.678,2026-04-23T17:32:27.552,0,0,0,2,1072181.18,1072204.596,,,,,j,,1,1494.068,,,,1075781.18,1075912.523,1077454.559,4000,1542.036,1077454.559,"[{""stage_name"": ""fixation"", ""planned_duration_ms"": 100, ""intended_onset_ms"": 1072181.18, ""actual_onset_global_ms"": 1072204.596, ""actual_offset_global_ms"": 1072317.436, ""actual_duration_ms"": 112.84}, {""stage_name"": ""memory_array"", ""planned_duration_ms"": 2500, ""intended_onset_ms"": 1072281.18, ""actual_onset_global_ms"": 1072354.472, ""actual_offset_global_ms"": 1074855.794, ""actual_duration_ms"": 2501.322}, {""stage_name"": ""delay"", ""planned_duration_ms"": 1000, ""intended_onset_ms"": 1074855.794, ""actual_onset_global_ms"": 1074854.965, ""actual_offset_global_ms"": 1075867.005, ""actual_duration_ms"": 1012.04}, {""stage_name"": ""test_array"", ""planned_duration_ms"": 4000, ""intended_onset_ms"": 1075867.005, ""actual_onset_global_ms"": 1075912.523, ""actual_offset_global_ms"": 1077454.559, ""actual_duration_ms"": 1542.036}]",,,,,0,0,1,0,1,,,,,,,,,,,,,,,,,,,,,,,,,,,,,,,2.0,change,1.0,"[-38.61, 110.14]","[[-124.61, 3.59], [-38.61, 110.14]]","[""yellow"", ""red""]","[""yellow"", ""blue""]",red,blue,j,change,1.0,2.0,1.0
015,015_T1_20260423_171428,PCPA,T1,standard,hci_substudy_v2,1,telemetry_v4,change_detection,4,formal_cd,formal,1,28,44,formal,N3_same,1776935668,59.678,2026-04-23T17:32:32.837,0,0,0,2,1077466.258,1077486.643,,,,,s,,1,3804.594,,,,1081066.258,1081227.146,1085067.279,4000,3840.133,1085067.279,"[{""stage_name"": ""fixation"", ""planned_duration_ms"": 100, ""intended_onset_ms"": 1077466.258, ""actual_onset_global_ms"": 1077486.643, ""actual_offset_global_ms"": 1077598.976, ""actual_duration_ms"": 112.333}, {""stage_name"": ""memory_array"", ""planned_duration_ms"": 2500, ""intended_onset_ms"": 1077566.258, ""actual_onset_global_ms"": 1077663.366, ""actual_offset_global_ms"": 1080159.422, ""actual_duration_ms"": 2496.056}, {""stage_name"": ""delay"", ""planned_duration_ms"": 1000, ""intended_onset_ms"": 1080159.422, ""actual_onset_global_ms"": 1080155.888, ""actual_offset_global_ms"": 1081169.002, ""actual_duration_ms"": 1013.114}, {""stage_name"": ""test_array"", ""planned_duration_ms"": 4000, ""intended_onset_ms"": 1081169.002, ""actual_onset_global_ms"": 1081227.146, ""actual_offset_global_ms"": 1085067.279, ""actual_duration_ms"": 3840.133}]",,,,,0,1,0,0,1,,,,,,,,,,,,,,,,,,,,,,,,,,,,,,,3.0,same,2.0,"[170.15, 161.72]","[[231.82, 18.82], [-83.65, 205.42], [170.15, 161.72]]","[""green"", ""purple"", ""red""]","[""green"", ""purple"", ""red""]",red,red,s,same,1.0,4.0,1.0
015,015_T1_20260423_171428,PCPA,T1,standard,hci_substudy_v2,1,telemetry_v4,change_detection,4,formal_cd,formal,1,29,45,formal,N1_change,1776935668,59.678,2026-04-23T17:32:40.448,0,0,0,2,1085076.18,1085093.463,,,,,j,,1,4535.909,,,,1088676.18,1088771.492,1093354.561,4000,4583.069,1093354.561,"[{""stage_name"": ""fixation"", ""planned_duration_ms"": 100, ""intended_onset_ms"": 1085076.18, ""actual_onset_global_ms"": 1085093.463, ""actual_offset_global_ms"": 1085205.932, ""actual_duration_ms"": 112.469}, {""stage_name"": ""memory_array"", ""planned_duration_ms"": 2500, ""intended_onset_ms"": 1085176.18, ""actual_onset_global_ms"": 1085231.416, ""actual_offset_global_ms"": 1087733.825, ""actual_duration_ms"": 2502.409}, {""stage_name"": ""delay"", ""planned_duration_ms"": 1000, ""intended_onset_ms"": 1087733.825, ""actual_onset_global_ms"": 1087733.66, ""actual_offset_global_ms"": 1088750.246, ""actual_duration_ms"": 1016.586}, {""stage_name"": ""test_array"", ""planned_duration_ms"": 4000, ""intended_onset_ms"": 1088750.246, ""actual_onset_global_ms"": 1088771.492, ""actual_offset_global_ms"": 1093354.561, ""actual_duration_ms"": 4583.069}]",,,,,0,1,0,0,1,,,,,,,,,,,,,,,,,,,,,,,,,,,,,,,1.0,change,0.0,"[233.46, -242.9]","[[233.46, -242.9]]","[""red""]","[""blue""]",red,blue,j,change,1.0,1.0,1.0
015,015_T1_20260423_171428,PCPA,T1,standard,hci_substudy_v2,1,telemetry_v4,change_detection,4,formal_cd,formal,1,30,46,formal,N2_change,1776935668,59.678,2026-04-23T17:32:48.740,0,0,0,2,1093368.736,1093392.545,,,,,j,,1,1423.449,,,,1096968.736,1097062.984,1098539.55,4000,1476.566,1098539.55,"[{""stage_name"": ""fixation"", ""planned_duration_ms"": 100, ""intended_onset_ms"": 1093368.736, ""actual_onset_global_ms"": 1093392.545, ""actual_offset_global_ms"": 1093493.404, ""actual_duration_ms"": 100.859}, {""stage_name"": ""memory_array"", ""planned_duration_ms"": 2500, ""intended_onset_ms"": 1093468.736, ""actual_onset_global_ms"": 1093532.552, ""actual_offset_global_ms"": 1095996.272, ""actual_duration_ms"": 2463.72}, {""stage_name"": ""delay"", ""planned_duration_ms"": 1000, ""intended_onset_ms"": 1095996.272, ""actual_onset_global_ms"": 1095999.635, ""actual_offset_global_ms"": 1097016.732, ""actual_duration_ms"": 1017.097}, {""stage_name"": ""test_array"", ""planned_duration_ms"": 4000, ""intended_onset_ms"": 1097016.732, ""actual_onset_global_ms"": 1097062.984, ""actual_offset_global_ms"": 1098539.55, ""actual_duration_ms"": 1476.566}]",,,,,0,0,1,0,1,,,,,,,,,,,,,,,,,,,,,,,,,,,,,,,2.0,change,0.0,"[127.26, 24.53]","[[127.26, 24.53], [-117.17, 216.97]]","[""purple"", ""yellow""]","[""blue"", ""yellow""]",purple,blue,j,change,1.0,2.0,1.0
015,015_T1_20260423_171428,PCPA,T1,standard,hci_substudy_v2,1,telemetry_v4,change_detection,4,formal_cd,formal,1,31,47,formal,N1_same,1776935668,59.678,2026-04-23T17:32:53.919,0,0,0,2,1098548.672,1098565.654,,,,,s,,1,1152.01,,,,1102148.672,1102240.682,1103436.405,4000,1195.723,1103436.405,"[{""stage_name"": ""fixation"", ""planned_duration_ms"": 100, ""intended_onset_ms"": 1098548.672, ""actual_onset_global_ms"": 1098565.654, ""actual_offset_global_ms"": 1098675.585, ""actual_duration_ms"": 109.931}, {""stage_name"": ""memory_array"", ""planned_duration_ms"": 2500, ""intended_onset_ms"": 1098648.672, ""actual_onset_global_ms"": 1098698.321, ""actual_offset_global_ms"": 1101204.929, ""actual_duration_ms"": 2506.608}, {""stage_name"": ""delay"", ""planned_duration_ms"": 1000, ""intended_onset_ms"": 1101204.929, ""actual_onset_global_ms"": 1101202.152, ""actual_offset_global_ms"": 1102217.304, ""actual_duration_ms"": 1015.152}, {""stage_name"": ""test_array"", ""planned_duration_ms"": 4000, ""intended_onset_ms"": 1102217.304, ""actual_onset_global_ms"": 1102240.682, ""actual_offset_global_ms"": 1103436.405, ""actual_duration_ms"": 1195.723}]",,,,,0,0,1,0,1,,,,,,,,,,,,,,,,,,,,,,,,,,,,,,,1.0,same,0.0,"[97.07, -49.33]","[[97.07, -49.33]]","[""green""]","[""green""]",green,green,s,same,1.0,1.0,1.0
015,015_T1_20260423_171428,PCPA,T1,standard,hci_substudy_v2,1,telemetry_v4,change_detection,4,formal_cd,formal,1,32,48,formal,N4_change,1776935668,59.678,2026-04-23T17:32:58.817,0,0,0,2,1103445.291,1103468.521,,,,,j,,1,3282.442,,,,1107045.291,1107191.694,1110541.865,4000,3350.171,1110541.865,"[{""stage_name"": ""fixation"", ""planned_duration_ms"": 100, ""intended_onset_ms"": 1103445.291, ""actual_onset_global_ms"": 1103468.521, ""actual_offset_global_ms"": 1103579.866, ""actual_duration_ms"": 111.345}, {""stage_name"": ""memory_array"", ""planned_duration_ms"": 2500, ""intended_onset_ms"": 1103545.291, ""actual_onset_global_ms"": 1103663.015, ""actual_offset_global_ms"": 1106104.691, ""actual_duration_ms"": 2441.676}, {""stage_name"": ""delay"", ""planned_duration_ms"": 1000, ""intended_onset_ms"": 1106104.691, ""actual_onset_global_ms"": 1106108.363, ""actual_offset_global_ms"": 1107116.632, ""actual_duration_ms"": 1008.269}, {""stage_name"": ""test_array"", ""planned_duration_ms"": 4000, ""intended_onset_ms"": 1107116.632, ""actual_onset_global_ms"": 1107191.694, ""actual_offset_global_ms"": 1110541.865, ""actual_duration_ms"": 3350.171}]",,,,,0,1,0,0,1,,,,,,,,,,,,,,,,,,,,,,,,,,,,,,,4.0,change,3.0,"[43.33, -248.62]","[[-122.53, -150.56], [-163.97, 25.61], [66.51, 240.82], [43.33, -248.62]]","[""blue"", ""green"", ""purple"", ""yellow""]","[""blue"", ""green"", ""purple"", ""red""]",yellow,red,j,change,1.0,4.0,1.0
015,015_T1_20260423_171428,PCPA,T1,standard,hci_substudy_v2,1,telemetry_v4,change_detection,4,formal_cd,formal,1,33,49,formal,N2_change,1776935668,59.678,2026-04-23T17:33:05.926,0,0,0,2,1110554.306,1110573.098,,,,,j,,1,1365.457,,,,1114154.306,1114270.616,1115683.56,4000,1412.944,1115683.56,"[{""stage_name"": ""fixation"", ""planned_duration_ms"": 100, ""intended_onset_ms"": 1110554.306, ""actual_onset_global_ms"": 1110573.098, ""actual_offset_global_ms"": 1110672.047, ""actual_duration_ms"": 98.949}, {""stage_name"": ""memory_array"", ""planned_duration_ms"": 2500, ""intended_onset_ms"": 1110654.306, ""actual_onset_global_ms"": 1110710.308, ""actual_offset_global_ms"": 1113220.979, ""actual_duration_ms"": 2510.671}, {""stage_name"": ""delay"", ""planned_duration_ms"": 1000, ""intended_onset_ms"": 1113220.979, ""actual_onset_global_ms"": 1113218.322, ""actual_offset_global_ms"": 1114233.887, ""actual_duration_ms"": 1015.565}, {""stage_name"": ""test_array"", ""planned_duration_ms"": 4000, ""intended_onset_ms"": 1114233.887, ""actual_onset_global_ms"": 1114270.616, ""actual_offset_global_ms"": 1115683.56, ""actual_duration_ms"": 1412.944}]",,,,,0,0,1,0,1,,,,,,,,,,,,,,,,,,,,,,,,,,,,,,,2.0,change,0.0,"[220.26, -252.98]","[[220.26, -252.98], [131.08, -39.07]]","[""blue"", ""purple""]","[""green"", ""purple""]",blue,green,j,change,1.0,2.0,1.0
015,015_T1_20260423_171428,PCPA,T1,standard,hci_substudy_v2,1,telemetry_v4,change_detection,4,formal_cd,formal,1,34,50,formal,N3_change,1776935668,59.678,2026-04-23T17:33:11.064,0,0,0,2,1115692.032,1115710.443,,,,,j,,1,2620.034,,,,1119292.032,1119447.483,1122150.565,4000,2703.082,1122150.565,"[{""stage_name"": ""fixation"", ""planned_duration_ms"": 100, ""intended_onset_ms"": 1115692.032, ""actual_onset_global_ms"": 1115710.443, ""actual_offset_global_ms"": 1115810.066, ""actual_duration_ms"": 99.623}, {""stage_name"": ""memory_array"", ""planned_duration_ms"": 2500, ""intended_onset_ms"": 1115792.032, ""actual_onset_global_ms"": 1115861.887, ""actual_offset_global_ms"": 1118372.051, ""actual_duration_ms"": 2510.164}, {""stage_name"": ""delay"", ""planned_duration_ms"": 1000, ""intended_onset_ms"": 1118372.051, ""actual_onset_global_ms"": 1118371.025, ""actual_offset_global_ms"": 1119382.979, ""actual_duration_ms"": 1011.954}, {""stage_name"": ""test_array"", ""planned_duration_ms"": 4000, ""intended_onset_ms"": 1119382.979, ""actual_onset_global_ms"": 1119447.483, ""actual_offset_global_ms"": 1122150.565, ""actual_duration_ms"": 2703.082}]",,,,,0,0,1,0,1,,,,,,,,,,,,,,,,,,,,,,,,,,,,,,,3.0,change,2.0,"[191.83, -33.84]","[[-159.83, 59.15], [159.45, 130.9], [191.83, -33.84]]","[""yellow"", ""purple"", ""blue""]","[""yellow"", ""purple"", ""red""]",blue,red,j,change,1.0,3.0,1.0
015,015_T1_20260423_171428,PCPA,T1,standard,hci_substudy_v2,1,telemetry_v4,change_detection,4,formal_cd,formal,1,35,51,formal,N4_same,1776935668,59.678,2026-04-23T17:33:17.532,0,0,0,2,1122159.932,1122183.092,,,,,s,,1,3794.342,,,,1125759.932,1125927.634,1129791.561,4000,3863.927,1129791.561,"[{""stage_name"": ""fixation"", ""planned_duration_ms"": 100, ""intended_onset_ms"": 1122159.932, ""actual_onset_global_ms"": 1122183.092, ""actual_offset_global_ms"": 1122280.135, ""actual_duration_ms"": 97.043}, {""stage_name"": ""memory_array"", ""planned_duration_ms"": 2500, ""intended_onset_ms"": 1122259.932, ""actual_onset_global_ms"": 1122363.596, ""actual_offset_global_ms"": 1124828.479, ""actual_duration_ms"": 2464.883}, {""stage_name"": ""delay"", ""planned_duration_ms"": 1000, ""intended_onset_ms"": 1124828.479, ""actual_onset_global_ms"": 1124831.507, ""actual_offset_global_ms"": 1125849.201, ""actual_duration_ms"": 1017.694}, {""stage_name"": ""test_array"", ""planned_duration_ms"": 4000, ""intended_onset_ms"": 1125849.201, ""actual_onset_global_ms"": 1125927.634, ""actual_offset_global_ms"": 1129791.561, ""actual_duration_ms"": 3863.927}]",,,,,0,1,0,0,1,,,,,,,,,,,,,,,,,,,,,,,,,,,,,,,4.0,same,3.0,"[-219.29, 223.84]","[[-4.22, 168.08], [26.89, -165.33], [-189.59, -142.41], [-219.29, 223.84]]","[""purple"", ""blue"", ""green"", ""yellow""]","[""purple"", ""blue"", ""green"", ""yellow""]",yellow,yellow,s,same,1.0,4.0,1.0
015,015_T1_20260423_171428,PCPA,T1,standard,hci_substudy_v2,1,telemetry_v4,change_detection,4,formal_cd,formal,1,36,52,formal,N4_same,1776935668,59.678,2026-04-23T17:33:25.178,0,0,0,2,1129805.556,1129826.263,,,,,s,,1,1821.816,,,,1133405.556,1133561.652,1135435.572,4000,1873.92,1135435.572,"[{""stage_name"": ""fixation"", ""planned_duration_ms"": 100, ""intended_onset_ms"": 1129805.556, ""actual_onset_global_ms"": 1129826.263, ""actual_offset_global_ms"": 1129922.822, ""actual_duration_ms"": 96.559}, {""stage_name"": ""memory_array"", ""planned_duration_ms"": 2500, ""intended_onset_ms"": 1129905.556, ""actual_onset_global_ms"": 1129996.428, ""actual_offset_global_ms"": 1132468.651, ""actual_duration_ms"": 2472.223}, {""stage_name"": ""delay"", ""planned_duration_ms"": 1000, ""intended_onset_ms"": 1132468.651, ""actual_onset_global_ms"": 1132470.465, ""actual_offset_global_ms"": 1133482.796, ""actual_duration_ms"": 1012.331}, {""stage_name"": ""test_array"", ""planned_duration_ms"": 4000, ""intended_onset_ms"": 1133482.796, ""actual_onset_global_ms"": 1133561.652, ""actual_offset_global_ms"": 1135435.572, ""actual_duration_ms"": 1873.92}]",,,,,0,0,1,0,1,,,,,,,,,,,,,,,,,,,,,,,,,,,,,,,4.0,same,2.0,"[257.63, -145.36]","[[30.42, 221.24], [-46.39, 121.44], [257.63, -145.36], [-239.64, -95.36]]","[""purple"", ""blue"", ""yellow"", ""red""]","[""purple"", ""blue"", ""yellow"", ""red""]",yellow,yellow,s,same,1.0,5.0,1.0
015,015_T1_20260423_171428,PCPA,T1,standard,hci_substudy_v2,1,telemetry_v4,change_detection,4,formal_cd,formal,1,37,53,formal,N3_change,1776935668,59.678,2026-04-23T17:33:30.822,0,0,0,2,1135450.517,1135471.841,,,,,j,,0,2911.592,,,,1139050.517,1139188.854,1142166.202,4000,2977.348,1142166.202,"[{""stage_name"": ""fixation"", ""planned_duration_ms"": 100, ""intended_onset_ms"": 1135450.517, ""actual_onset_global_ms"": 1135471.841, ""actual_offset_global_ms"": 1135582.042, ""actual_duration_ms"": 110.201}, {""stage_name"": ""memory_array"", ""planned_duration_ms"": 2500, ""intended_onset_ms"": 1135550.517, ""actual_onset_global_ms"": 1135650.476, ""actual_offset_global_ms"": 1138132.772, ""actual_duration_ms"": 2482.296}, {""stage_name"": ""delay"", ""planned_duration_ms"": 1000, ""intended_onset_ms"": 1138132.772, ""actual_onset_global_ms"": 1138132.476, ""actual_offset_global_ms"": 1139132.81, ""actual_duration_ms"": 1000.334}, {""stage_name"": ""test_array"", ""planned_duration_ms"": 4000, ""intended_onset_ms"": 1139132.81, ""actual_onset_global_ms"": 1139188.854, ""actual_offset_global_ms"": 1142166.202, ""actual_duration_ms"": 2977.348}]",,,,,0,0,0,0,1,,,,,,,,,,,,,,,,,,,,,,,,,,,,,,,3.0,change,0.0,"[-101.79, 82.07]","[[-101.79, 82.07], [-208.79, 44.63], [-139.6, -242.76]]","[""blue"", ""red"", ""green""]","[""yellow"", ""red"", ""green""]",blue,yellow,s,same,0.0,5.0,1.0
015,015_T1_20260423_171428,PCPA,T1,standard,hci_substudy_v2,1,telemetry_v4,change_detection,4,formal_cd,formal,1,38,54,formal,N1_change,1776935668,59.678,2026-04-23T17:33:37.549,0,0,0,2,1142176.484,1142195.914,,,,,j,,1,1285.002,,,,1145776.484,1145860.244,1147183.761,4000,1323.517,1147183.761,"[{""stage_name"": ""fixation"", ""planned_duration_ms"": 100, ""intended_onset_ms"": 1142176.484, ""actual_onset_global_ms"": 1142195.914, ""actual_offset_global_ms"": 1142305.255, ""actual_duration_ms"": 109.341}, {""stage_name"": ""memory_array"", ""planned_duration_ms"": 2500, ""intended_onset_ms"": 1142276.484, ""actual_onset_global_ms"": 1142326.898, ""actual_offset_global_ms"": 1144817.099, ""actual_duration_ms"": 2490.201}, {""stage_name"": ""delay"", ""planned_duration_ms"": 1000, ""intended_onset_ms"": 1144817.099, ""actual_onset_global_ms"": 1144816.19, ""actual_offset_global_ms"": 1145834.24, ""actual_duration_ms"": 1018.05}, {""stage_name"": ""test_array"", ""planned_duration_ms"": 4000, ""intended_onset_ms"": 1145834.24, ""actual_onset_global_ms"": 1145860.244, ""actual_offset_global_ms"": 1147183.761, ""actual_duration_ms"": 1323.517}]",,,,,0,0,1,0,1,,,,,,,,,,,,,,,,,,,,,,,,,,,,,,,1.0,change,0.0,"[120.46, 84.24]","[[120.46, 84.24]]","[""yellow""]","[""red""]",yellow,red,j,change,1.0,1.0,1.0
015,015_T1_20260423_171428,PCPA,T1,standard,hci_substudy_v2,1,telemetry_v4,change_detection,4,formal_cd,formal,1,39,55,formal,N2_same,1776935668,59.678,2026-04-23T17:33:42.568,0,0,0,2,1147196.907,1147218.221,,,,,s,,1,2106.438,,,,1150796.907,1150896.307,1153040.676,4000,2144.369,1153040.676,"[{""stage_name"": ""fixation"", ""planned_duration_ms"": 100, ""intended_onset_ms"": 1147196.907, ""actual_onset_global_ms"": 1147218.221, ""actual_offset_global_ms"": 1147330.026, ""actual_duration_ms"": 111.805}, {""stage_name"": ""memory_array"", ""planned_duration_ms"": 2500, ""intended_onset_ms"": 1147296.907, ""actual_onset_global_ms"": 1147368.376, ""actual_offset_global_ms"": 1149839.389, ""actual_duration_ms"": 2471.013}, {""stage_name"": ""delay"", ""planned_duration_ms"": 1000, ""intended_onset_ms"": 1149839.389, ""actual_onset_global_ms"": 1149839.755, ""actual_offset_global_ms"": 1150849.866, ""actual_duration_ms"": 1010.111}, {""stage_name"": ""test_array"", ""planned_duration_ms"": 4000, ""intended_onset_ms"": 1150849.866, ""actual_onset_global_ms"": 1150896.307, ""actual_offset_global_ms"": 1153040.676, ""actual_duration_ms"": 2144.369}]",,,,,0,0,1,0,1,,,,,,,,,,,,,,,,,,,,,,,,,,,,,,,2.0,same,1.0,"[230.35, -259.25]","[[-221.75, -97.54], [230.35, -259.25]]","[""red"", ""blue""]","[""red"", ""blue""]",blue,blue,s,same,1.0,2.0,1.0
015,015_T1_20260423_171428,PCPA,T1,standard,hci_substudy_v2,1,telemetry_v4,change_detection,4,formal_cd,formal,1,40,56,formal,N4_same,1776935668,59.678,2026-04-23T17:33:48.425,0,0,0,2,1153052.922,1153075.831,,,,,s,,1,2068.371,,,,1156652.922,1156790.572,1158948.792,4000,2158.22,1158948.792,"[{""stage_name"": ""fixation"", ""planned_duration_ms"": 100, ""intended_onset_ms"": 1153052.922, ""actual_onset_global_ms"": 1153075.831, ""actual_offset_global_ms"": 1153183.729, ""actual_duration_ms"": 107.898}, {""stage_name"": ""memory_array"", ""planned_duration_ms"": 2500, ""intended_onset_ms"": 1153152.922, ""actual_onset_global_ms"": 1153263.998, ""actual_offset_global_ms"": 1155699.279, ""actual_duration_ms"": 2435.281}, {""stage_name"": ""delay"", ""planned_duration_ms"": 1000, ""intended_onset_ms"": 1155699.279, ""actual_onset_global_ms"": 1155702.576, ""actual_offset_global_ms"": 1156715.366, ""actual_duration_ms"": 1012.79}, {""stage_name"": ""test_array"", ""planned_duration_ms"": 4000, ""intended_onset_ms"": 1156715.366, ""actual_onset_global_ms"": 1156790.572, ""actual_offset_global_ms"": 1158948.792, ""actual_duration_ms"": 2158.22}]",,,,,0,0,1,0,1,,,,,,,,,,,,,,,,,,,,,,,,,,,,,,,4.0,same,1.0,"[-241.69, 25.58]","[[226.77, -256.65], [-241.69, 25.58], [69.16, 161.84], [184.54, -42.57]]","[""red"", ""purple"", ""blue"", ""green""]","[""red"", ""purple"", ""blue"", ""green""]",purple,purple,s,same,1.0,6.0,1.0
015,015_T1_20260423_171428,PCPA,T1,standard,hci_substudy_v2,1,telemetry_v4,change_detection,4,formal_cd,formal,1,41,57,formal,N3_change,1776935668,59.678,2026-04-23T17:33:54.331,0,0,0,2,1158958.285,1158978.193,,,,,j,,1,2023.25,,,,1162558.285,1162701.8,1164749.897,4000,2048.097,1164749.897,"[{""stage_name"": ""fixation"", ""planned_duration_ms"": 100, ""intended_onset_ms"": 1158958.285, ""actual_onset_global_ms"": 1158978.193, ""actual_offset_global_ms"": 1159075.134, ""actual_duration_ms"": 96.941}, {""stage_name"": ""memory_array"", ""planned_duration_ms"": 2500, ""intended_onset_ms"": 1159058.285, ""actual_onset_global_ms"": 1159137.984, ""actual_offset_global_ms"": 1161644.298, ""actual_duration_ms"": 2506.314}, {""stage_name"": ""delay"", ""planned_duration_ms"": 1000, ""intended_onset_ms"": 1161644.298, ""actual_onset_global_ms"": 1161639.868, ""actual_offset_global_ms"": 1162649.121, ""actual_duration_ms"": 1009.253}, {""stage_name"": ""test_array"", ""planned_duration_ms"": 4000, ""intended_onset_ms"": 1162649.121, ""actual_onset_global_ms"": 1162701.8, ""actual_offset_global_ms"": 1164749.897, ""actual_duration_ms"": 2048.097}]",,,,,0,0,1,0,1,,,,,,,,,,,,,,,,,,,,,,,,,,,,,,,3.0,change,2.0,"[-81.7, 112.11]","[[-180.69, 88.5], [103.3, 29.78], [-81.7, 112.11]]","[""blue"", ""purple"", ""green""]","[""blue"", ""purple"", ""yellow""]",green,yellow,j,change,1.0,3.0,1.0
015,015_T1_20260423_171428,PCPA,T1,standard,hci_substudy_v2,1,telemetry_v4,change_detection,4,formal_cd,formal,1,42,58,formal,N1_same,1776935668,59.678,2026-04-23T17:34:00.133,0,0,0,2,1164761.292,1164778.044,,,,,s,,1,1915.481,,,,1168361.292,1168417.002,1170371.605,4000,1954.603,1170371.605,"[{""stage_name"": ""fixation"", ""planned_duration_ms"": 100, ""intended_onset_ms"": 1164761.292, ""actual_onset_global_ms"": 1164778.044, ""actual_offset_global_ms"": 1164886.165, ""actual_duration_ms"": 108.121}, {""stage_name"": ""memory_array"", ""planned_duration_ms"": 2500, ""intended_onset_ms"": 1164861.292, ""actual_onset_global_ms"": 1164903.054, ""actual_offset_global_ms"": 1167388.856, ""actual_duration_ms"": 2485.802}, {""stage_name"": ""delay"", ""planned_duration_ms"": 1000, ""intended_onset_ms"": 1167388.856, ""actual_onset_global_ms"": 1167385.044, ""actual_offset_global_ms"": 1168399.9, ""actual_duration_ms"": 1014.856}, {""stage_name"": ""test_array"", ""planned_duration_ms"": 4000, ""intended_onset_ms"": 1168399.9, ""actual_onset_global_ms"": 1168417.002, ""actual_offset_global_ms"": 1170371.605, ""actual_duration_ms"": 1954.603}]",,,,,0,0,1,0,1,,,,,,,,,,,,,,,,,,,,,,,,,,,,,,,1.0,same,0.0,"[106.23, -39.97]","[[106.23, -39.97]]","[""yellow""]","[""yellow""]",yellow,yellow,s,same,1.0,1.0,1.0
015,015_T1_20260423_171428,PCPA,T1,standard,hci_substudy_v2,1,telemetry_v4,change_detection,4,formal_cd,formal,1,43,59,formal,N2_change,1776935668,59.678,2026-04-23T17:34:05.756,0,0,0,2,1170383.843,1170400.471,,,,,j,,1,2048.117,,,,1173983.843,1174071.426,1176200.37,4000,2128.944,1176200.37,"[{""stage_name"": ""fixation"", ""planned_duration_ms"": 100, ""intended_onset_ms"": 1170383.843, ""actual_onset_global_ms"": 1170400.471, ""actual_offset_global_ms"": 1170510.949, ""actual_duration_ms"": 110.478}, {""stage_name"": ""memory_array"", ""planned_duration_ms"": 2500, ""intended_onset_ms"": 1170483.843, ""actual_onset_global_ms"": 1170546.983, ""actual_offset_global_ms"": 1173017.443, ""actual_duration_ms"": 2470.46}, {""stage_name"": ""delay"", ""planned_duration_ms"": 1000, ""intended_onset_ms"": 1173017.443, ""actual_onset_global_ms"": 1173021.112, ""actual_offset_global_ms"": 1174032.315, ""actual_duration_ms"": 1011.203}, {""stage_name"": ""test_array"", ""planned_duration_ms"": 4000, ""intended_onset_ms"": 1174032.315, ""actual_onset_global_ms"": 1174071.426, ""actual_offset_global_ms"": 1176200.37, ""actual_duration_ms"": 2128.944}]",,,,,0,0,1,0,1,,,,,,,,,,,,,,,,,,,,,,,,,,,,,,,2.0,change,0.0,"[-97.45, -146.62]","[[-97.45, -146.62], [-16.11, -223.07]]","[""red"", ""yellow""]","[""green"", ""yellow""]",red,green,j,change,1.0,2.0,1.0
015,015_T1_20260423_171428,PCPA,T1,standard,hci_substudy_v2,1,telemetry_v4,change_detection,4,formal_cd,formal,1,44,60,formal,N1_same,1776935668,59.678,2026-04-23T17:34:11.585,0,0,0,2,1176212.815,1176234.344,,,,,s,,1,2903.828,,,,1179812.815,1179886.46,1182822.639,4000,2936.179,1182822.639,"[{""stage_name"": ""fixation"", ""planned_duration_ms"": 100, ""intended_onset_ms"": 1176212.815, ""actual_onset_global_ms"": 1176234.344, ""actual_offset_global_ms"": 1176329.978, ""actual_duration_ms"": 95.634}, {""stage_name"": ""memory_array"", ""planned_duration_ms"": 2500, ""intended_onset_ms"": 1176312.815, ""actual_onset_global_ms"": 1176349.101, ""actual_offset_global_ms"": 1178865.408, ""actual_duration_ms"": 2516.307}, {""stage_name"": ""delay"", ""planned_duration_ms"": 1000, ""intended_onset_ms"": 1178865.408, ""actual_onset_global_ms"": 1178867.496, ""actual_offset_global_ms"": 1179865.726, ""actual_duration_ms"": 998.23}, {""stage_name"": ""test_array"", ""planned_duration_ms"": 4000, ""intended_onset_ms"": 1179865.726, ""actual_onset_global_ms"": 1179886.46, ""actual_offset_global_ms"": 1182822.639, ""actual_duration_ms"": 2936.179}]",,,,,0,0,1,0,1,,,,,,,,,,,,,,,,,,,,,,,,,,,,,,,1.0,same,0.0,"[95.38, -227.69]","[[95.38, -227.69]]","[""blue""]","[""blue""]",blue,blue,s,same,1.0,1.0,1.0
015,015_T1_20260423_171428,PCPA,T1,standard,hci_substudy_v2,1,telemetry_v4,change_detection,4,formal_cd,formal,1,45,61,formal,N3_same,1776935668,59.678,2026-04-23T17:34:18.206,0,0,0,2,1182833.5,1182850.757,,,,,s,,1,3892.37,,,,1186433.5,1186592.573,1190550.804,4000,3958.231,1190550.804,"[{""stage_name"": ""fixation"", ""planned_duration_ms"": 100, ""intended_onset_ms"": 1182833.5, ""actual_onset_global_ms"": 1182850.757, ""actual_offset_global_ms"": 1182959.518, ""actual_duration_ms"": 108.761}, {""stage_name"": ""memory_array"", ""planned_duration_ms"": 2500, ""intended_onset_ms"": 1182933.5, ""actual_onset_global_ms"": 1183013.28, ""actual_offset_global_ms"": 1185517.213, ""actual_duration_ms"": 2503.933}, {""stage_name"": ""delay"", ""planned_duration_ms"": 1000, ""intended_onset_ms"": 1185517.213, ""actual_onset_global_ms"": 1185515.722, ""actual_offset_global_ms"": 1186531.936, ""actual_duration_ms"": 1016.214}, {""stage_name"": ""test_array"", ""planned_duration_ms"": 4000, ""intended_onset_ms"": 1186531.936, ""actual_onset_global_ms"": 1186592.573, ""actual_offset_global_ms"": 1190550.804, ""actual_duration_ms"": 3958.231}]",,,,,0,1,0,0,1,,,,,,,,,,,,,,,,,,,,,,,,,,,,,,,3.0,same,1.0,"[-200.93, -10.86]","[[220.48, -110.08], [-200.93, -10.86], [101.84, -183.24]]","[""blue"", ""red"", ""purple""]","[""blue"", ""red"", ""purple""]",red,red,s,same,1.0,4.0,1.0
015,015_T1_20260423_171428,PCPA,T1,standard,hci_substudy_v2,1,telemetry_v4,change_detection,4,formal_cd,formal,1,46,62,formal,N4_change,1776935668,59.678,2026-04-23T17:34:25.934,0,0,0,2,1190562.006,1190577.957,,,,,j,,1,3019.612,,,,1194162.006,1194316.762,1197353.622,4000,3036.86,1197353.622,"[{""stage_name"": ""fixation"", ""planned_duration_ms"": 100, ""intended_onset_ms"": 1190562.006, ""actual_onset_global_ms"": 1190577.957, ""actual_offset_global_ms"": 1190691.875, ""actual_duration_ms"": 113.918}, {""stage_name"": ""memory_array"", ""planned_duration_ms"": 2500, ""intended_onset_ms"": 1190662.006, ""actual_onset_global_ms"": 1190767.948, ""actual_offset_global_ms"": 1193210.911, ""actual_duration_ms"": 2442.963}, {""stage_name"": ""delay"", ""planned_duration_ms"": 1000, ""intended_onset_ms"": 1193210.911, ""actual_onset_global_ms"": 1193209.344, ""actual_offset_global_ms"": 1194232.112, ""actual_duration_ms"": 1022.768}, {""stage_name"": ""test_array"", ""planned_duration_ms"": 4000, ""intended_onset_ms"": 1194232.112, ""actual_onset_global_ms"": 1194316.762, ""actual_offset_global_ms"": 1197353.622, ""actual_duration_ms"": 3036.86}]",,,,,0,1,0,0,1,,,,,,,,,,,,,,,,,,,,,,,,,,,,,,,4.0,change,0.0,"[160.73, 102.73]","[[160.73, 102.73], [244.07, -23.22], [-175.98, -78.45], [-35.27, -239.48]]","[""green"", ""yellow"", ""blue"", ""purple""]","[""red"", ""yellow"", ""blue"", ""purple""]",green,red,j,change,1.0,4.0,1.0
015,015_T1_20260423_171428,PCPA,T1,standard,hci_substudy_v2,1,telemetry_v4,change_detection,4,formal_cd,formal,1,47,63,formal,N4_same,1776935668,59.678,2026-04-23T17:34:32.739,0,0,0,2,1197366.162,1197382.936,,,,,s,,1,1701.024,,,,1200966.162,1201132.448,1202933.49,4000,1801.042,1202933.49,"[{""stage_name"": ""fixation"", ""planned_duration_ms"": 100, ""intended_onset_ms"": 1197366.162, ""actual_onset_global_ms"": 1197382.936, ""actual_offset_global_ms"": 1197491.524, ""actual_duration_ms"": 108.588}, {""stage_name"": ""memory_array"", ""planned_duration_ms"": 2500, ""intended_onset_ms"": 1197466.162, ""actual_onset_global_ms"": 1197575.594, ""actual_offset_global_ms"": 1200028.605, ""actual_duration_ms"": 2453.011}, {""stage_name"": ""delay"", ""planned_duration_ms"": 1000, ""intended_onset_ms"": 1200028.605, ""actual_onset_global_ms"": 1200034.593, ""actual_offset_global_ms"": 1201048.828, ""actual_duration_ms"": 1014.235}, {""stage_name"": ""test_array"", ""planned_duration_ms"": 4000, ""intended_onset_ms"": 1201048.828, ""actual_onset_global_ms"": 1201132.448, ""actual_offset_global_ms"": 1202933.49, ""actual_duration_ms"": 1801.042}]",,,,,0,0,1,0,1,,,,,,,,,,,,,,,,,,,,,,,,,,,,,,,4.0,same,0.0,"[221.55, 48.71]","[[221.55, 48.71], [-49.59, 139.2], [-2.4, 250.67], [77.83, -106.66]]","[""purple"", ""yellow"", ""green"", ""blue""]","[""purple"", ""yellow"", ""green"", ""blue""]",purple,purple,s,same,1.0,4.0,1.0
015,015_T1_20260423_171428,PCPA,T1,standard,hci_substudy_v2,1,telemetry_v4,change_detection,4,formal_cd,formal,1,48,64,formal,N4_change,1776935668,59.678,2026-04-23T17:34:38.316,0,0,0,2,1202942.938,1202961.189,,,,,j,,0,2620.609,,,,1206542.938,1206735.176,1209404.033,4000,2668.857,1209404.033,"[{""stage_name"": ""fixation"", ""planned_duration_ms"": 100, ""intended_onset_ms"": 1202942.938, ""actual_onset_global_ms"": 1202961.189, ""actual_offset_global_ms"": 1203076.908, ""actual_duration_ms"": 115.719}, {""stage_name"": ""memory_array"", ""planned_duration_ms"": 2500, ""intended_onset_ms"": 1203042.938, ""actual_onset_global_ms"": 1203155.746, ""actual_offset_global_ms"": 1205628.627, ""actual_duration_ms"": 2472.881}, {""stage_name"": ""delay"", ""planned_duration_ms"": 1000, ""intended_onset_ms"": 1205628.627, ""actual_onset_global_ms"": 1205631.717, ""actual_offset_global_ms"": 1206649.027, ""actual_duration_ms"": 1017.31}, {""stage_name"": ""test_array"", ""planned_duration_ms"": 4000, ""intended_onset_ms"": 1206649.027, ""actual_onset_global_ms"": 1206735.176, ""actual_offset_global_ms"": 1209404.033, ""actual_duration_ms"": 2668.857}]",,,,,0,0,0,0,1,,,,,,,,,,,,,,,,,,,,,,,,,,,,,,,4.0,change,0.0,"[72.58, 113.85]","[[72.58, 113.85], [246.32, -177.66], [39.04, -218.44], [-251.94, 14.68]]","[""purple"", ""red"", ""blue"", ""green""]","[""yellow"", ""red"", ""blue"", ""green""]",purple,yellow,s,same,0.0,6.0,1.0
