participant_id,session_id,group,timepoint,practice_layer,practice_protocol_version,telemetry_enabled,telemetry_version,task_name,task_order_index,block_name,block_type,block_index,trial_index_within_block,trial_index_global,practice_or_formal,condition_label,random_seed,screen_refresh_hz,timestamp_iso,omission,aborted,pause_count_during_trial,repeated_practice_round,intended_trial_start_ms,actual_trial_start_ms,condition,target_direction,flankers_direction,array_pattern_text,correct_response_key,participant_response_key,response_correct,rt_ms,response_time_global_ms,feedback_type,practice_pass_flag,intended_onset_ms,actual_onset_global_ms,actual_offset_global_ms,stage_duration_planned_ms,stage_duration_actual_ms,actual_trial_end_ms,stage_records_json,feedback_audio_file,feedback_audio_start_global_ms,feedback_audio_expected_duration_ms,feedback_audio_stop_global_ms,prompt_level,support_type,support_trigger_reason,support_trigger_trial_index,rule_block_error_count,support_level,support_phase,support_duration_ms,post_support_success_streak,support_faded_after_trial,manual_intervention_flag,dccs_support_rule,dccs_error_type,dccs_dimension_highlight_used,dccs_demo_type,dccs_label_mode,dccs_post_support_rule_confusion,rule,cue_audio_file,cue_label,cue_audio_start_global_ms,cue_audio_expected_duration_ms,cue_audio_stop_global_ms,stimulus_color,stimulus_shape,stimulus_identity,trial_transition,previous_rule,current_rule,cue_to_first_response_ms,digit_support_target,digit_transform_demo_used,digit_keypad_demo_used,digit_hesitation_prompt_used,digit_post_support_span_success,span_length,trial_index_within_span,span_round,presented_sequence,correct_backward_sequence,participant_input_sequence,participant_input_string,input_method,first_key_latency_ms,response_complete_time_ms,accuracy,omission_input,delete_count,clear_count,click_count,inter_key_intervals_ms,adaptive_decision,digits_audio_onsets_ms,digits_audio_files,digits_audio_events_json,repeated_audio_once_in_practice,termination_reason,terminal_span_length,set_size,trial_type,probe_index,probe_position_xy,item_positions,item_colors_memory,item_colors_test,probe_original_color,probe_test_color,response_key,response_label,layout_generation_attempts,overlap_check_passed
0007,0007_T1_20260518_150453,Control,T1,standard,hci_substudy_v2,1,telemetry_v4,flanker,1,practice_single,practice,1,1,1,practice,practice_single,1779087893,60.0,2026-05-18T15:05:53.289,0,0,0,1,55614.229,55695.303,practice_single,left,none,<,s,s,1,16626.679,72414.433,correct,,55714.229,55787.754,72414.433,3000,16626.679,73014.433,"[{""stage_name"": ""fixation"", ""planned_duration_ms"": 100, ""intended_onset_ms"": 55614.229, ""actual_onset_global_ms"": 55695.303, ""actual_offset_global_ms"": 55779.535, ""actual_duration_ms"": 84.232}, {""stage_name"": ""stimulus"", ""planned_duration_ms"": 3000, ""intended_onset_ms"": 55714.229, ""actual_onset_global_ms"": 55787.754, ""actual_offset_global_ms"": 72414.433, ""actual_duration_ms"": 16626.679}, {""stage_name"": ""feedback"", ""planned_duration_ms"": 600, ""intended_onset_ms"": 72414.433, ""actual_onset_global_ms"": 72505.31, ""actual_offset_global_ms"": 73101.101, ""actual_duration_ms"": 595.791}]",correct.wav,72476.34,600.0,73076.34,,,,,,,,,,,,,,,,,,,,,,,,,,,,,,,,,,,,,,,,,,,,,,,,,,,,,,,,,,,,,,,,,,,,,,,
0007,0007_T1_20260518_150453,Control,T1,standard,hci_substudy_v2,1,telemetry_v4,flanker,1,practice_single,practice,1,2,2,practice,practice_single,1779087893,60.0,2026-05-18T15:06:10.765,0,0,0,1,73089.703,73104.257,practice_single,right,none,>,j,j,1,12361.621,85579.566,correct,,73189.703,73217.945,85579.566,3000,12361.621,86179.566,"[{""stage_name"": ""fixation"", ""planned_duration_ms"": 100, ""intended_onset_ms"": 73089.703, ""actual_onset_global_ms"": 73104.257, ""actual_offset_global_ms"": 73217.921, ""actual_duration_ms"": 113.664}, {""stage_name"": ""stimulus"", ""planned_duration_ms"": 3000, ""intended_onset_ms"": 73189.703, ""actual_onset_global_ms"": 73217.945, ""actual_offset_global_ms"": 85579.566, ""actual_duration_ms"": 12361.621}, {""stage_name"": ""feedback"", ""planned_duration_ms"": 600, ""intended_onset_ms"": 85579.566, ""actual_onset_global_ms"": 85608.551, ""actual_offset_global_ms"": 86216.234, ""actual_duration_ms"": 607.683}]",correct.wav,85593.766,600.0,86193.766,,,,,,,,,,,,,,,,,,,,,,,,,,,,,,,,,,,,,,,,,,,,,,,,,,,,,,,,,,,,,,,,,,,,,,,
0007,0007_T1_20260518_150453,Control,T1,standard,hci_substudy_v2,1,telemetry_v4,flanker,1,practice_single,practice,1,3,3,practice,practice_single,1779087893,60.0,2026-05-18T15:06:23.879,0,0,0,1,86203.704,86222.862,practice_single,left,none,<,s,s,1,15524.016,101854.692,correct,,86303.704,86330.676,101854.692,3000,15524.016,102454.692,"[{""stage_name"": ""fixation"", ""planned_duration_ms"": 100, ""intended_onset_ms"": 86203.704, ""actual_onset_global_ms"": 86222.862, ""actual_offset_global_ms"": 86330.927, ""actual_duration_ms"": 108.065}, {""stage_name"": ""stimulus"", ""planned_duration_ms"": 3000, ""intended_onset_ms"": 86303.704, ""actual_onset_global_ms"": 86330.676, ""actual_offset_global_ms"": 101854.692, ""actual_duration_ms"": 15524.016}, {""stage_name"": ""feedback"", ""planned_duration_ms"": 600, ""intended_onset_ms"": 101854.692, ""actual_onset_global_ms"": 101882.392, ""actual_offset_global_ms"": 102487.995, ""actual_duration_ms"": 605.603}]",correct.wav,101867.485,600.0,102467.485,,,,,,,,,,,,,,,,,,,,,,,,,,,,,,,,,,,,,,,,,,,,,,,,,,,,,,,,,,,,,,,,,,,,,,,
0007,0007_T1_20260518_150453,Control,T1,standard,hci_substudy_v2,1,telemetry_v4,flanker,1,practice_single,practice,1,4,4,practice,practice_single,1779087893,60.0,2026-05-18T15:06:40.151,0,0,0,1,102475.763,102490.667,practice_single,right,none,>,j,j,1,17071.85,119678.543,correct,,102575.763,102606.693,119678.543,3000,17071.85,120278.543,"[{""stage_name"": ""fixation"", ""planned_duration_ms"": 100, ""intended_onset_ms"": 102475.763, ""actual_onset_global_ms"": 102490.667, ""actual_offset_global_ms"": 102606.524, ""actual_duration_ms"": 115.857}, {""stage_name"": ""stimulus"", ""planned_duration_ms"": 3000, ""intended_onset_ms"": 102575.763, ""actual_onset_global_ms"": 102606.693, ""actual_offset_global_ms"": 119678.543, ""actual_duration_ms"": 17071.85}, {""stage_name"": ""feedback"", ""planned_duration_ms"": 600, ""intended_onset_ms"": 119678.543, ""actual_onset_global_ms"": 119703.73, ""actual_offset_global_ms"": 120316.953, ""actual_duration_ms"": 613.223}]",correct.wav,119689.347,600.0,120289.347,,,,,,,,,,,,,,,,,,,,,,,,,,,,,,,,,,,,,,,,,,,,,,,,,,,,,,,,,,,,,,,,,,,,,,,
0007,0007_T1_20260518_150453,Control,T1,standard,hci_substudy_v2,1,telemetry_v4,flanker,1,practice_single,practice,1,5,5,practice,practice_single,1779087893,60.0,2026-05-18T15:06:57.980,0,0,0,1,120304.846,120321.342,practice_single,left,none,<,s,s,1,6979.938,127410.973,correct,,120404.846,120431.035,127410.973,3000,6979.938,128010.973,"[{""stage_name"": ""fixation"", ""planned_duration_ms"": 100, ""intended_onset_ms"": 120304.846, ""actual_onset_global_ms"": 120321.342, ""actual_offset_global_ms"": 120430.731, ""actual_duration_ms"": 109.389}, {""stage_name"": ""stimulus"", ""planned_duration_ms"": 3000, ""intended_onset_ms"": 120404.846, ""actual_onset_global_ms"": 120431.035, ""actual_offset_global_ms"": 127410.973, ""actual_duration_ms"": 6979.938}, {""stage_name"": ""feedback"", ""planned_duration_ms"": 600, ""intended_onset_ms"": 127410.973, ""actual_onset_global_ms"": 127427.929, ""actual_offset_global_ms"": 128035.503, ""actual_duration_ms"": 607.574}]",correct.wav,127412.609,600.0,128012.609,,,,,,,,,,,,,,,,,,,,,,,,,,,,,,,,,,,,,,,,,,,,,,,,,,,,,,,,,,,,,,,,,,,,,,,
0007,0007_T1_20260518_150453,Control,T1,standard,hci_substudy_v2,1,telemetry_v4,flanker,1,practice_single,practice,1,6,6,practice,practice_single,1779087893,60.0,2026-05-18T15:07:05.699,0,0,0,1,128023.533,128038.836,practice_single,right,none,>,j,j,1,16471.276,144620.854,correct,,128123.533,128149.578,144620.854,3000,16471.276,145220.854,"[{""stage_name"": ""fixation"", ""planned_duration_ms"": 100, ""intended_onset_ms"": 128023.533, ""actual_onset_global_ms"": 128038.836, ""actual_offset_global_ms"": 128149.35, ""actual_duration_ms"": 110.514}, {""stage_name"": ""stimulus"", ""planned_duration_ms"": 3000, ""intended_onset_ms"": 128123.533, ""actual_onset_global_ms"": 128149.578, ""actual_offset_global_ms"": 144620.854, ""actual_duration_ms"": 16471.276}, {""stage_name"": ""feedback"", ""planned_duration_ms"": 600, ""intended_onset_ms"": 144620.854, ""actual_onset_global_ms"": 144649.47, ""actual_offset_global_ms"": 145264.705, ""actual_duration_ms"": 615.235}]",correct.wav,144634.475,600.0,145234.475,,,,,,,,,,,,,,,,,,,,,,,,,,,,,,,,,,,,,,,,,,,,,,,,,,,,,,,,,,,,,,,,,,,,,,,
0007,0007_T1_20260518_150453,Control,T1,standard,hci_substudy_v2,1,telemetry_v4,flanker,1,practice_full,practice,2,1,7,practice,incongruent,1779087893,60.0,2026-05-18T15:07:28.586,0,0,0,1,150911.441,150931.876,incongruent,right,left,<<><<,j,j,1,28490.597,179520.534,correct,1.0,151011.441,151029.937,179520.534,3000,28490.597,180120.534,"[{""stage_name"": ""fixation"", ""planned_duration_ms"": 100, ""intended_onset_ms"": 150911.441, ""actual_onset_global_ms"": 150931.876, ""actual_offset_global_ms"": 151028.013, ""actual_duration_ms"": 96.137}, {""stage_name"": ""stimulus"", ""planned_duration_ms"": 3000, ""intended_onset_ms"": 151011.441, ""actual_onset_global_ms"": 151029.937, ""actual_offset_global_ms"": 179520.534, ""actual_duration_ms"": 28490.597}, {""stage_name"": ""feedback"", ""planned_duration_ms"": 600, ""intended_onset_ms"": 179520.534, ""actual_onset_global_ms"": 179556.446, ""actual_offset_global_ms"": 180168.838, ""actual_duration_ms"": 612.392}]",correct.wav,179539.806,600.0,180139.806,,,,,,,,,,,,,,,,,,,,,,,,,,,,,,,,,,,,,,,,,,,,,,,,,,,,,,,,,,,,,,,,,,,,,,,
0007,0007_T1_20260518_150453,Control,T1,standard,hci_substudy_v2,1,telemetry_v4,flanker,1,practice_full,practice,2,2,8,practice,congruent,1779087893,60.0,2026-05-18T15:07:57.831,0,0,0,1,180155.862,180172.387,congruent,left,left,<<<<<,s,s,1,22322.397,202604.541,correct,1.0,180255.862,180282.144,202604.541,3000,22322.397,203204.541,"[{""stage_name"": ""fixation"", ""planned_duration_ms"": 100, ""intended_onset_ms"": 180155.862, ""actual_onset_global_ms"": 180172.387, ""actual_offset_global_ms"": 180280.855, ""actual_duration_ms"": 108.468}, {""stage_name"": ""stimulus"", ""planned_duration_ms"": 3000, ""intended_onset_ms"": 180255.862, ""actual_onset_global_ms"": 180282.144, ""actual_offset_global_ms"": 202604.541, ""actual_duration_ms"": 22322.397}, {""stage_name"": ""feedback"", ""planned_duration_ms"": 600, ""intended_onset_ms"": 202604.541, ""actual_onset_global_ms"": 202641.104, ""actual_offset_global_ms"": 203242.061, ""actual_duration_ms"": 600.957}]",correct.wav,202623.983,600.0,203223.983,,,,,,,,,,,,,,,,,,,,,,,,,,,,,,,,,,,,,,,,,,,,,,,,,,,,,,,,,,,,,,,,,,,,,,,
0007,0007_T1_20260518_150453,Control,T1,standard,hci_substudy_v2,1,telemetry_v4,flanker,1,practice_full,practice,2,3,9,practice,congruent,1779087893,60.0,2026-05-18T15:08:20.905,0,0,0,1,203229.754,203244.649,congruent,right,right,>>>>>,j,j,1,9269.551,212628.965,correct,1.0,203329.754,203359.414,212628.965,3000,9269.551,213228.965,"[{""stage_name"": ""fixation"", ""planned_duration_ms"": 100, ""intended_onset_ms"": 203229.754, ""actual_onset_global_ms"": 203244.649, ""actual_offset_global_ms"": 203357.186, ""actual_duration_ms"": 112.537}, {""stage_name"": ""stimulus"", ""planned_duration_ms"": 3000, ""intended_onset_ms"": 203329.754, ""actual_onset_global_ms"": 203359.414, ""actual_offset_global_ms"": 212628.965, ""actual_duration_ms"": 9269.551}, {""stage_name"": ""feedback"", ""planned_duration_ms"": 600, ""intended_onset_ms"": 212628.965, ""actual_onset_global_ms"": 212649.213, ""actual_offset_global_ms"": 213253.415, ""actual_duration_ms"": 604.202}]",correct.wav,212633.616,600.0,213233.616,,,,,,,,,,,,,,,,,,,,,,,,,,,,,,,,,,,,,,,,,,,,,,,,,,,,,,,,,,,,,,,,,,,,,,,
0007,0007_T1_20260518_150453,Control,T1,standard,hci_substudy_v2,1,telemetry_v4,flanker,1,practice_full,practice,2,4,10,practice,congruent,1779087893,60.0,2026-05-18T15:08:30.916,0,0,0,1,213241.315,213257.968,congruent,left,left,<<<<<,s,s,1,16520.838,229897.603,correct,1.0,213341.315,213376.765,229897.603,3000,16520.838,230497.603,"[{""stage_name"": ""fixation"", ""planned_duration_ms"": 100, ""intended_onset_ms"": 213241.315, ""actual_onset_global_ms"": 213257.968, ""actual_offset_global_ms"": 213372.321, ""actual_duration_ms"": 114.353}, {""stage_name"": ""stimulus"", ""planned_duration_ms"": 3000, ""intended_onset_ms"": 213341.315, ""actual_onset_global_ms"": 213376.765, ""actual_offset_global_ms"": 229897.603, ""actual_duration_ms"": 16520.838}, {""stage_name"": ""feedback"", ""planned_duration_ms"": 600, ""intended_onset_ms"": 229897.603, ""actual_onset_global_ms"": 229930.103, ""actual_offset_global_ms"": 230538.653, ""actual_duration_ms"": 608.55}]",correct.wav,229913.608,600.0,230513.608,,,,,,,,,,,,,,,,,,,,,,,,,,,,,,,,,,,,,,,,,,,,,,,,,,,,,,,,,,,,,,,,,,,,,,,
0007,0007_T1_20260518_150453,Control,T1,standard,hci_substudy_v2,1,telemetry_v4,flanker,1,practice_full,practice,2,5,11,practice,incongruent,1779087893,60.0,2026-05-18T15:08:48.202,0,0,0,1,230527.128,230541.675,incongruent,right,left,<<><<,j,j,1,29800.413,260448.645,correct,1.0,230627.128,230648.232,260448.645,3000,29800.413,261048.645,"[{""stage_name"": ""fixation"", ""planned_duration_ms"": 100, ""intended_onset_ms"": 230527.128, ""actual_onset_global_ms"": 230541.675, ""actual_offset_global_ms"": 230644.314, ""actual_duration_ms"": 102.639}, {""stage_name"": ""stimulus"", ""planned_duration_ms"": 3000, ""intended_onset_ms"": 230627.128, ""actual_onset_global_ms"": 230648.232, ""actual_offset_global_ms"": 260448.645, ""actual_duration_ms"": 29800.413}, {""stage_name"": ""feedback"", ""planned_duration_ms"": 600, ""intended_onset_ms"": 260448.645, ""actual_onset_global_ms"": 260479.711, ""actual_offset_global_ms"": 261080.805, ""actual_duration_ms"": 601.094}]",correct.wav,260463.996,600.0,261063.996,,,,,,,,,,,,,,,,,,,,,,,,,,,,,,,,,,,,,,,,,,,,,,,,,,,,,,,,,,,,,,,,,,,,,,,
0007,0007_T1_20260518_150453,Control,T1,standard,hci_substudy_v2,1,telemetry_v4,flanker,1,practice_full,practice,2,6,12,practice,incongruent,1779087893,60.0,2026-05-18T15:09:18.744,0,0,0,1,261068.767,261085.366,incongruent,left,right,>><>>,s,s,1,27407.885,288603.719,correct,1.0,261168.767,261195.834,288603.719,3000,27407.885,289203.719,"[{""stage_name"": ""fixation"", ""planned_duration_ms"": 100, ""intended_onset_ms"": 261068.767, ""actual_onset_global_ms"": 261085.366, ""actual_offset_global_ms"": 261194.879, ""actual_duration_ms"": 109.513}, {""stage_name"": ""stimulus"", ""planned_duration_ms"": 3000, ""intended_onset_ms"": 261168.767, ""actual_onset_global_ms"": 261195.834, ""actual_offset_global_ms"": 288603.719, ""actual_duration_ms"": 27407.885}, {""stage_name"": ""feedback"", ""planned_duration_ms"": 600, ""intended_onset_ms"": 288603.719, ""actual_onset_global_ms"": 288630.664, ""actual_offset_global_ms"": 289237.076, ""actual_duration_ms"": 606.412}]",correct.wav,288615.298,600.0,289215.298,,,,,,,,,,,,,,,,,,,,,,,,,,,,,,,,,,,,,,,,,,,,,,,,,,,,,,,,,,,,,,,,,,,,,,,
0007,0007_T1_20260518_150453,Control,T1,standard,hci_substudy_v2,1,telemetry_v4,flanker,1,formal_block_1,formal,1,1,13,formal,congruent,1779087893,60.0,2026-05-18T15:09:50.080,0,0,0,1,292405.033,292426.396,congruent,right,right,>>>>>,j,j,1,53221.631,345760.88,none,,292505.033,292539.249,345760.88,3000,53221.631,345760.88,"[{""stage_name"": ""fixation"", ""planned_duration_ms"": 100, ""intended_onset_ms"": 292405.033, ""actual_onset_global_ms"": 292426.396, ""actual_offset_global_ms"": 292537.3, ""actual_duration_ms"": 110.904}, {""stage_name"": ""stimulus"", ""planned_duration_ms"": 3000, ""intended_onset_ms"": 292505.033, ""actual_onset_global_ms"": 292539.249, ""actual_offset_global_ms"": 345760.88, ""actual_duration_ms"": 53221.631}]",,,,,,,,,,,,,,,,,,,,,,,,,,,,,,,,,,,,,,,,,,,,,,,,,,,,,,,,,,,,,,,,,,,,,,,,,,,
0007,0007_T1_20260518_150453,Control,T1,standard,hci_substudy_v2,1,telemetry_v4,flanker,1,formal_block_1,formal,1,2,14,formal,incongruent,1779087893,60.0,2026-05-18T15:10:43.457,0,0,0,1,345781.954,345796.575,incongruent,left,right,>><>>,s,s,1,30164.743,376075.478,none,,345881.954,345910.735,376075.478,3000,30164.743,376075.478,"[{""stage_name"": ""fixation"", ""planned_duration_ms"": 100, ""intended_onset_ms"": 345781.954, ""actual_onset_global_ms"": 345796.575, ""actual_offset_global_ms"": 345909.089, ""actual_duration_ms"": 112.514}, {""stage_name"": ""stimulus"", ""planned_duration_ms"": 3000, ""intended_onset_ms"": 345881.954, ""actual_onset_global_ms"": 345910.735, ""actual_offset_global_ms"": 376075.478, ""actual_duration_ms"": 30164.743}]",,,,,,,,,,,,,,,,,,,,,,,,,,,,,,,,,,,,,,,,,,,,,,,,,,,,,,,,,,,,,,,,,,,,,,,,,,,
0007,0007_T1_20260518_150453,Control,T1,standard,hci_substudy_v2,1,telemetry_v4,flanker,1,formal_block_1,formal,1,3,15,formal,incongruent,1779087893,60.0,2026-05-18T15:11:13.767,0,0,0,1,376091.467,376107.959,incongruent,left,right,>><>>,s,s,1,13442.867,389665.717,none,,376191.467,376222.85,389665.717,3000,13442.867,389665.717,"[{""stage_name"": ""fixation"", ""planned_duration_ms"": 100, ""intended_onset_ms"": 376091.467, ""actual_onset_global_ms"": 376107.959, ""actual_offset_global_ms"": 376220.979, ""actual_duration_ms"": 113.02}, {""stage_name"": ""stimulus"", ""planned_duration_ms"": 3000, ""intended_onset_ms"": 376191.467, ""actual_onset_global_ms"": 376222.85, ""actual_offset_global_ms"": 389665.717, ""actual_duration_ms"": 13442.867}]",,,,,,,,,,,,,,,,,,,,,,,,,,,,,,,,,,,,,,,,,,,,,,,,,,,,,,,,,,,,,,,,,,,,,,,,,,,
0007,0007_T1_20260518_150453,Control,T1,standard,hci_substudy_v2,1,telemetry_v4,flanker,1,formal_block_1,formal,1,4,16,formal,congruent,1779087893,60.0,2026-05-18T15:11:27.356,0,0,0,1,389681.381,389696.924,congruent,left,left,<<<<<,s,s,1,5299.037,395109.108,none,,389781.381,389810.071,395109.108,3000,5299.037,395109.108,"[{""stage_name"": ""fixation"", ""planned_duration_ms"": 100, ""intended_onset_ms"": 389681.381, ""actual_onset_global_ms"": 389696.924, ""actual_offset_global_ms"": 389807.958, ""actual_duration_ms"": 111.034}, {""stage_name"": ""stimulus"", ""planned_duration_ms"": 3000, ""intended_onset_ms"": 389781.381, ""actual_onset_global_ms"": 389810.071, ""actual_offset_global_ms"": 395109.108, ""actual_duration_ms"": 5299.037}]",,,,,,,,,,,,,,,,,,,,,,,,,,,,,,,,,,,,,,,,,,,,,,,,,,,,,,,,,,,,,,,,,,,,,,,,,,,
0007,0007_T1_20260518_150453,Control,T1,standard,hci_substudy_v2,1,telemetry_v4,flanker,1,formal_block_1,formal,1,5,17,formal,incongruent,1779087893,60.0,2026-05-18T15:11:32.801,0,0,0,1,395126.103,395141.933,incongruent,right,left,<<><<,j,j,1,11323.662,406581.734,none,,395226.103,395258.072,406581.734,3000,11323.662,406581.734,"[{""stage_name"": ""fixation"", ""planned_duration_ms"": 100, ""intended_onset_ms"": 395126.103, ""actual_onset_global_ms"": 395141.933, ""actual_offset_global_ms"": 395255.916, ""actual_duration_ms"": 113.983}, {""stage_name"": ""stimulus"", ""planned_duration_ms"": 3000, ""intended_onset_ms"": 395226.103, ""actual_onset_global_ms"": 395258.072, ""actual_offset_global_ms"": 406581.734, ""actual_duration_ms"": 11323.662}]",,,,,,,,,,,,,,,,,,,,,,,,,,,,,,,,,,,,,,,,,,,,,,,,,,,,,,,,,,,,,,,,,,,,,,,,,,,
0007,0007_T1_20260518_150453,Control,T1,standard,hci_substudy_v2,1,telemetry_v4,flanker,1,formal_block_1,formal,1,6,18,formal,congruent,1779087893,60.0,2026-05-18T15:11:44.273,0,0,0,1,406598.439,406613.7,congruent,left,left,<<<<<,s,s,1,14531.978,421264.226,none,,406698.439,406732.248,421264.226,3000,14531.978,421264.226,"[{""stage_name"": ""fixation"", ""planned_duration_ms"": 100, ""intended_onset_ms"": 406598.439, ""actual_onset_global_ms"": 406613.7, ""actual_offset_global_ms"": 406727.971, ""actual_duration_ms"": 114.271}, {""stage_name"": ""stimulus"", ""planned_duration_ms"": 3000, ""intended_onset_ms"": 406698.439, ""actual_onset_global_ms"": 406732.248, ""actual_offset_global_ms"": 421264.226, ""actual_duration_ms"": 14531.978}]",,,,,,,,,,,,,,,,,,,,,,,,,,,,,,,,,,,,,,,,,,,,,,,,,,,,,,,,,,,,,,,,,,,,,,,,,,,
0007,0007_T1_20260518_150453,Control,T1,standard,hci_substudy_v2,1,telemetry_v4,flanker,1,formal_block_1,formal,1,7,19,formal,congruent,1779087893,60.0,2026-05-18T15:11:58.958,0,0,0,1,421283.384,421301.069,congruent,left,left,<<<<<,s,j,0,14727.965,436141.701,none,,421383.384,421413.736,436141.701,3000,14727.965,436141.701,"[{""stage_name"": ""fixation"", ""planned_duration_ms"": 100, ""intended_onset_ms"": 421283.384, ""actual_onset_global_ms"": 421301.069, ""actual_offset_global_ms"": 421411.504, ""actual_duration_ms"": 110.435}, {""stage_name"": ""stimulus"", ""planned_duration_ms"": 3000, ""intended_onset_ms"": 421383.384, ""actual_onset_global_ms"": 421413.736, ""actual_offset_global_ms"": 436141.701, ""actual_duration_ms"": 14727.965}]",,,,,,,,,,,,,,,,,,,,,,,,,,,,,,,,,,,,,,,,,,,,,,,,,,,,,,,,,,,,,,,,,,,,,,,,,,,
0007,0007_T1_20260518_150453,Control,T1,standard,hci_substudy_v2,1,telemetry_v4,flanker,1,formal_block_1,formal,1,8,20,formal,congruent,1779087893,60.0,2026-05-18T15:12:13.832,0,0,0,1,436157.657,436174.073,congruent,right,right,>>>>>,j,j,1,15643.861,451936.545,none,,436257.657,436292.684,451936.545,3000,15643.861,451936.545,"[{""stage_name"": ""fixation"", ""planned_duration_ms"": 100, ""intended_onset_ms"": 436157.657, ""actual_onset_global_ms"": 436174.073, ""actual_offset_global_ms"": 436291.176, ""actual_duration_ms"": 117.103}, {""stage_name"": ""stimulus"", ""planned_duration_ms"": 3000, ""intended_onset_ms"": 436257.657, ""actual_onset_global_ms"": 436292.684, ""actual_offset_global_ms"": 451936.545, ""actual_duration_ms"": 15643.861}]",,,,,,,,,,,,,,,,,,,,,,,,,,,,,,,,,,,,,,,,,,,,,,,,,,,,,,,,,,,,,,,,,,,,,,,,,,,
0007,0007_T1_20260518_150453,Control,T1,standard,hci_substudy_v2,1,telemetry_v4,flanker,1,formal_block_1,formal,1,9,21,formal,incongruent,1779087893,60.0,2026-05-18T15:12:29.635,0,0,0,1,451960.741,451976.06,incongruent,right,left,<<><<,j,s,0,18905.733,470998.83,none,,452060.741,452093.097,470998.83,3000,18905.733,470998.83,"[{""stage_name"": ""fixation"", ""planned_duration_ms"": 100, ""intended_onset_ms"": 451960.741, ""actual_onset_global_ms"": 451976.06, ""actual_offset_global_ms"": 452090.157, ""actual_duration_ms"": 114.097}, {""stage_name"": ""stimulus"", ""planned_duration_ms"": 3000, ""intended_onset_ms"": 452060.741, ""actual_onset_global_ms"": 452093.097, ""actual_offset_global_ms"": 470998.83, ""actual_duration_ms"": 18905.733}]",,,,,,,,,,,,,,,,,,,,,,,,,,,,,,,,,,,,,,,,,,,,,,,,,,,,,,,,,,,,,,,,,,,,,,,,,,,
0007,0007_T1_20260518_150453,Control,T1,standard,hci_substudy_v2,1,telemetry_v4,flanker,1,formal_block_1,formal,1,10,22,formal,incongruent,1779087893,60.0,2026-05-18T15:12:48.694,0,0,0,1,471018.804,471035.108,incongruent,left,right,>><>>,s,s,1,8171.222,479322.057,none,,471118.804,471150.835,479322.057,3000,8171.222,479322.057,"[{""stage_name"": ""fixation"", ""planned_duration_ms"": 100, ""intended_onset_ms"": 471018.804, ""actual_onset_global_ms"": 471035.108, ""actual_offset_global_ms"": 471148.501, ""actual_duration_ms"": 113.393}, {""stage_name"": ""stimulus"", ""planned_duration_ms"": 3000, ""intended_onset_ms"": 471118.804, ""actual_onset_global_ms"": 471150.835, ""actual_offset_global_ms"": 479322.057, ""actual_duration_ms"": 8171.222}]",,,,,,,,,,,,,,,,,,,,,,,,,,,,,,,,,,,,,,,,,,,,,,,,,,,,,,,,,,,,,,,,,,,,,,,,,,,
0007,0007_T1_20260518_150453,Control,T1,standard,hci_substudy_v2,1,telemetry_v4,flanker,1,formal_block_1,formal,1,11,23,formal,incongruent,1779087893,60.0,2026-05-18T15:12:57.012,0,0,0,1,479336.26,479351.281,incongruent,left,right,>><>>,s,s,1,4660.564,484126.218,none,,479436.26,479465.654,484126.218,3000,4660.564,484126.218,"[{""stage_name"": ""fixation"", ""planned_duration_ms"": 100, ""intended_onset_ms"": 479336.26, ""actual_onset_global_ms"": 479351.281, ""actual_offset_global_ms"": 479463.376, ""actual_duration_ms"": 112.095}, {""stage_name"": ""stimulus"", ""planned_duration_ms"": 3000, ""intended_onset_ms"": 479436.26, ""actual_onset_global_ms"": 479465.654, ""actual_offset_global_ms"": 484126.218, ""actual_duration_ms"": 4660.564}]",,,,,,,,,,,,,,,,,,,,,,,,,,,,,,,,,,,,,,,,,,,,,,,,,,,,,,,,,,,,,,,,,,,,,,,,,,,
0007,0007_T1_20260518_150453,Control,T1,standard,hci_substudy_v2,1,telemetry_v4,flanker,1,formal_block_1,formal,1,12,24,formal,congruent,1779087893,60.0,2026-05-18T15:13:01.811,0,0,0,1,484136.295,484152.501,congruent,right,right,>>>>>,j,j,1,6708.803,490976.974,none,,484236.295,484268.171,490976.974,3000,6708.803,490976.974,"[{""stage_name"": ""fixation"", ""planned_duration_ms"": 100, ""intended_onset_ms"": 484136.295, ""actual_onset_global_ms"": 484152.501, ""actual_offset_global_ms"": 484266.639, ""actual_duration_ms"": 114.138}, {""stage_name"": ""stimulus"", ""planned_duration_ms"": 3000, ""intended_onset_ms"": 484236.295, ""actual_onset_global_ms"": 484268.171, ""actual_offset_global_ms"": 490976.974, ""actual_duration_ms"": 6708.803}]",,,,,,,,,,,,,,,,,,,,,,,,,,,,,,,,,,,,,,,,,,,,,,,,,,,,,,,,,,,,,,,,,,,,,,,,,,,
0007,0007_T1_20260518_150453,Control,T1,standard,hci_substudy_v2,1,telemetry_v4,flanker,1,formal_block_1,formal,1,13,25,formal,incongruent,1779087893,60.0,2026-05-18T15:13:08.664,0,0,0,1,490988.978,491005.87,incongruent,left,right,>><>>,s,s,1,4568.449,495688.96,none,,491088.978,491120.511,495688.96,3000,4568.449,495688.96,"[{""stage_name"": ""fixation"", ""planned_duration_ms"": 100, ""intended_onset_ms"": 490988.978, ""actual_onset_global_ms"": 491005.87, ""actual_offset_global_ms"": 491117.851, ""actual_duration_ms"": 111.981}, {""stage_name"": ""stimulus"", ""planned_duration_ms"": 3000, ""intended_onset_ms"": 491088.978, ""actual_onset_global_ms"": 491120.511, ""actual_offset_global_ms"": 495688.96, ""actual_duration_ms"": 4568.449}]",,,,,,,,,,,,,,,,,,,,,,,,,,,,,,,,,,,,,,,,,,,,,,,,,,,,,,,,,,,,,,,,,,,,,,,,,,,
0007,0007_T1_20260518_150453,Control,T1,standard,hci_substudy_v2,1,telemetry_v4,flanker,1,formal_block_1,formal,1,14,26,formal,congruent,1779087893,60.0,2026-05-18T15:13:13.370,0,0,0,1,495694.628,495710.403,congruent,right,right,>>>>>,j,j,1,4347.868,500174.871,none,,495794.628,495827.003,500174.871,3000,4347.868,500174.871,"[{""stage_name"": ""fixation"", ""planned_duration_ms"": 100, ""intended_onset_ms"": 495694.628, ""actual_onset_global_ms"": 495710.403, ""actual_offset_global_ms"": 495825.187, ""actual_duration_ms"": 114.784}, {""stage_name"": ""stimulus"", ""planned_duration_ms"": 3000, ""intended_onset_ms"": 495794.628, ""actual_onset_global_ms"": 495827.003, ""actual_offset_global_ms"": 500174.871, ""actual_duration_ms"": 4347.868}]",,,,,,,,,,,,,,,,,,,,,,,,,,,,,,,,,,,,,,,,,,,,,,,,,,,,,,,,,,,,,,,,,,,,,,,,,,,
0007,0007_T1_20260518_150453,Control,T1,standard,hci_substudy_v2,1,telemetry_v4,flanker,1,formal_block_1,formal,1,15,27,formal,incongruent,1779087893,60.0,2026-05-18T15:13:17.867,0,0,0,1,500192.02,500207.962,incongruent,right,left,<<><<,j,j,1,3892.924,504217.515,none,,500292.02,500324.591,504217.515,3000,3892.924,504217.515,"[{""stage_name"": ""fixation"", ""planned_duration_ms"": 100, ""intended_onset_ms"": 500192.02, ""actual_onset_global_ms"": 500207.962, ""actual_offset_global_ms"": 500321.632, ""actual_duration_ms"": 113.67}, {""stage_name"": ""stimulus"", ""planned_duration_ms"": 3000, ""intended_onset_ms"": 500292.02, ""actual_onset_global_ms"": 500324.591, ""actual_offset_global_ms"": 504217.515, ""actual_duration_ms"": 3892.924}]",,,,,,,,,,,,,,,,,,,,,,,,,,,,,,,,,,,,,,,,,,,,,,,,,,,,,,,,,,,,,,,,,,,,,,,,,,,
0007,0007_T1_20260518_150453,Control,T1,standard,hci_substudy_v2,1,telemetry_v4,flanker,1,formal_block_1,formal,1,16,28,formal,congruent,1779087893,60.0,2026-05-18T15:13:21.907,0,0,0,1,504232.303,504248.0,congruent,right,right,>>>>>,j,j,1,5884.783,510253.155,none,,504332.303,504368.372,510253.155,3000,5884.783,510253.155,"[{""stage_name"": ""fixation"", ""planned_duration_ms"": 100, ""intended_onset_ms"": 504232.303, ""actual_onset_global_ms"": 504248.0, ""actual_offset_global_ms"": 504365.392, ""actual_duration_ms"": 117.392}, {""stage_name"": ""stimulus"", ""planned_duration_ms"": 3000, ""intended_onset_ms"": 504332.303, ""actual_onset_global_ms"": 504368.372, ""actual_offset_global_ms"": 510253.155, ""actual_duration_ms"": 5884.783}]",,,,,,,,,,,,,,,,,,,,,,,,,,,,,,,,,,,,,,,,,,,,,,,,,,,,,,,,,,,,,,,,,,,,,,,,,,,
0007,0007_T1_20260518_150453,Control,T1,standard,hci_substudy_v2,1,telemetry_v4,flanker,1,formal_block_1,formal,1,17,29,formal,congruent,1779087893,60.0,2026-05-18T15:13:27.962,0,0,0,1,510287.681,510305.667,congruent,left,left,<<<<<,s,s,1,3479.276,513892.901,none,,510387.681,510413.625,513892.901,3000,3479.276,513892.901,"[{""stage_name"": ""fixation"", ""planned_duration_ms"": 100, ""intended_onset_ms"": 510287.681, ""actual_onset_global_ms"": 510305.667, ""actual_offset_global_ms"": 510411.812, ""actual_duration_ms"": 106.145}, {""stage_name"": ""stimulus"", ""planned_duration_ms"": 3000, ""intended_onset_ms"": 510387.681, ""actual_onset_global_ms"": 510413.625, ""actual_offset_global_ms"": 513892.901, ""actual_duration_ms"": 3479.276}]",,,,,,,,,,,,,,,,,,,,,,,,,,,,,,,,,,,,,,,,,,,,,,,,,,,,,,,,,,,,,,,,,,,,,,,,,,,
0007,0007_T1_20260518_150453,Control,T1,standard,hci_substudy_v2,1,telemetry_v4,flanker,1,formal_block_1,formal,1,18,30,formal,incongruent,1779087893,60.0,2026-05-18T15:13:31.598,0,0,0,1,513922.974,513942.739,incongruent,right,left,<<><<,j,j,1,4251.535,518297.34,none,,514022.974,514045.805,518297.34,3000,4251.535,518297.34,"[{""stage_name"": ""fixation"", ""planned_duration_ms"": 100, ""intended_onset_ms"": 513922.974, ""actual_onset_global_ms"": 513942.739, ""actual_offset_global_ms"": 514044.414, ""actual_duration_ms"": 101.675}, {""stage_name"": ""stimulus"", ""planned_duration_ms"": 3000, ""intended_onset_ms"": 514022.974, ""actual_onset_global_ms"": 514045.805, ""actual_offset_global_ms"": 518297.34, ""actual_duration_ms"": 4251.535}]",,,,,,,,,,,,,,,,,,,,,,,,,,,,,,,,,,,,,,,,,,,,,,,,,,,,,,,,,,,,,,,,,,,,,,,,,,,
0007,0007_T1_20260518_150453,Control,T1,standard,hci_substudy_v2,1,telemetry_v4,flanker,1,formal_block_1,formal,1,19,31,formal,congruent,1779087893,60.0,2026-05-18T15:13:35.980,0,0,0,1,518305.231,518323.121,congruent,left,left,<<<<<,s,s,1,5017.793,523455.213,none,,518405.231,518437.42,523455.213,3000,5017.793,523455.213,"[{""stage_name"": ""fixation"", ""planned_duration_ms"": 100, ""intended_onset_ms"": 518305.231, ""actual_onset_global_ms"": 518323.121, ""actual_offset_global_ms"": 518435.158, ""actual_duration_ms"": 112.037}, {""stage_name"": ""stimulus"", ""planned_duration_ms"": 3000, ""intended_onset_ms"": 518405.231, ""actual_onset_global_ms"": 518437.42, ""actual_offset_global_ms"": 523455.213, ""actual_duration_ms"": 5017.793}]",,,,,,,,,,,,,,,,,,,,,,,,,,,,,,,,,,,,,,,,,,,,,,,,,,,,,,,,,,,,,,,,,,,,,,,,,,,
0007,0007_T1_20260518_150453,Control,T1,standard,hci_substudy_v2,1,telemetry_v4,flanker,1,formal_block_1,formal,1,20,32,formal,incongruent,1779087893,60.0,2026-05-18T15:13:41.137,0,0,0,1,523461.45,523477.338,incongruent,right,left,<<><<,j,j,1,4715.732,528295.075,none,,523561.45,523579.343,528295.075,3000,4715.732,528295.075,"[{""stage_name"": ""fixation"", ""planned_duration_ms"": 100, ""intended_onset_ms"": 523461.45, ""actual_onset_global_ms"": 523477.338, ""actual_offset_global_ms"": 523579.805, ""actual_duration_ms"": 102.467}, {""stage_name"": ""stimulus"", ""planned_duration_ms"": 3000, ""intended_onset_ms"": 523561.45, ""actual_onset_global_ms"": 523579.343, ""actual_offset_global_ms"": 528295.075, ""actual_duration_ms"": 4715.732}]",,,,,,,,,,,,,,,,,,,,,,,,,,,,,,,,,,,,,,,,,,,,,,,,,,,,,,,,,,,,,,,,,,,,,,,,,,,
0007,0007_T1_20260518_150453,Control,T1,standard,hci_substudy_v2,1,telemetry_v4,flanker,1,formal_block_2,formal,2,1,33,formal,congruent,1779087893,60.0,2026-05-18T15:13:45.990,0,0,0,1,528315.129,528330.203,congruent,left,left,<<<<<,s,s,1,3655.453,532104.846,none,,528415.129,528449.393,532104.846,3000,3655.453,532104.846,"[{""stage_name"": ""fixation"", ""planned_duration_ms"": 100, ""intended_onset_ms"": 528315.129, ""actual_onset_global_ms"": 528330.203, ""actual_offset_global_ms"": 528447.248, ""actual_duration_ms"": 117.045}, {""stage_name"": ""stimulus"", ""planned_duration_ms"": 3000, ""intended_onset_ms"": 528415.129, ""actual_onset_global_ms"": 528449.393, ""actual_offset_global_ms"": 532104.846, ""actual_duration_ms"": 3655.453}]",,,,,,,,,,,,,,,,,,,,,,,,,,,,,,,,,,,,,,,,,,,,,,,,,,,,,,,,,,,,,,,,,,,,,,,,,,,
0007,0007_T1_20260518_150453,Control,T1,standard,hci_substudy_v2,1,telemetry_v4,flanker,1,formal_block_2,formal,2,2,34,formal,incongruent,1779087893,60.0,2026-05-18T15:13:49.802,0,0,0,1,532126.468,532143.581,incongruent,right,left,<<><<,j,j,1,6750.615,539002.618,none,,532226.468,532252.003,539002.618,3000,6750.615,539002.618,"[{""stage_name"": ""fixation"", ""planned_duration_ms"": 100, ""intended_onset_ms"": 532126.468, ""actual_onset_global_ms"": 532143.581, ""actual_offset_global_ms"": 532250.432, ""actual_duration_ms"": 106.851}, {""stage_name"": ""stimulus"", ""planned_duration_ms"": 3000, ""intended_onset_ms"": 532226.468, ""actual_onset_global_ms"": 532252.003, ""actual_offset_global_ms"": 539002.618, ""actual_duration_ms"": 6750.615}]",,,,,,,,,,,,,,,,,,,,,,,,,,,,,,,,,,,,,,,,,,,,,,,,,,,,,,,,,,,,,,,,,,,,,,,,,,,
0007,0007_T1_20260518_150453,Control,T1,standard,hci_substudy_v2,1,telemetry_v4,flanker,1,formal_block_2,formal,2,3,35,formal,congruent,1779087893,60.0,2026-05-18T15:13:56.724,0,0,0,1,539049.515,539064.692,congruent,left,left,<<<<<,s,s,1,6425.223,545600.67,none,,539149.515,539175.447,545600.67,3000,6425.223,545600.67,"[{""stage_name"": ""fixation"", ""planned_duration_ms"": 100, ""intended_onset_ms"": 539049.515, ""actual_onset_global_ms"": 539064.692, ""actual_offset_global_ms"": 539170.177, ""actual_duration_ms"": 105.485}, {""stage_name"": ""stimulus"", ""planned_duration_ms"": 3000, ""intended_onset_ms"": 539149.515, ""actual_onset_global_ms"": 539175.447, ""actual_offset_global_ms"": 545600.67, ""actual_duration_ms"": 6425.223}]",,,,,,,,,,,,,,,,,,,,,,,,,,,,,,,,,,,,,,,,,,,,,,,,,,,,,,,,,,,,,,,,,,,,,,,,,,,
0007,0007_T1_20260518_150453,Control,T1,standard,hci_substudy_v2,1,telemetry_v4,flanker,1,formal_block_2,formal,2,4,36,formal,incongruent,1779087893,60.0,2026-05-18T15:14:03.292,0,0,0,1,545616.742,545633.445,incongruent,right,left,<<><<,j,j,1,6971.352,552720.235,none,,545716.742,545748.883,552720.235,3000,6971.352,552720.235,"[{""stage_name"": ""fixation"", ""planned_duration_ms"": 100, ""intended_onset_ms"": 545616.742, ""actual_onset_global_ms"": 545633.445, ""actual_offset_global_ms"": 545747.925, ""actual_duration_ms"": 114.48}, {""stage_name"": ""stimulus"", ""planned_duration_ms"": 3000, ""intended_onset_ms"": 545716.742, ""actual_onset_global_ms"": 545748.883, ""actual_offset_global_ms"": 552720.235, ""actual_duration_ms"": 6971.352}]",,,,,,,,,,,,,,,,,,,,,,,,,,,,,,,,,,,,,,,,,,,,,,,,,,,,,,,,,,,,,,,,,,,,,,,,,,,
0007,0007_T1_20260518_150453,Control,T1,standard,hci_substudy_v2,1,telemetry_v4,flanker,1,formal_block_2,formal,2,5,37,formal,incongruent,1779087893,60.0,2026-05-18T15:14:10.405,0,0,0,1,552730.228,552747.842,incongruent,right,left,<<><<,j,j,1,19266.794,572127.719,none,,552830.228,552860.925,572127.719,3000,19266.794,572127.719,"[{""stage_name"": ""fixation"", ""planned_duration_ms"": 100, ""intended_onset_ms"": 552730.228, ""actual_onset_global_ms"": 552747.842, ""actual_offset_global_ms"": 552859.179, ""actual_duration_ms"": 111.337}, {""stage_name"": ""stimulus"", ""planned_duration_ms"": 3000, ""intended_onset_ms"": 552830.228, ""actual_onset_global_ms"": 552860.925, ""actual_offset_global_ms"": 572127.719, ""actual_duration_ms"": 19266.794}]",,,,,,,,,,,,,,,,,,,,,,,,,,,,,,,,,,,,,,,,,,,,,,,,,,,,,,,,,,,,,,,,,,,,,,,,,,,
0007,0007_T1_20260518_150453,Control,T1,standard,hci_substudy_v2,1,telemetry_v4,flanker,1,formal_block_2,formal,2,6,38,formal,congruent,1779087893,60.0,2026-05-18T15:14:29.825,0,0,0,1,572150.498,572165.014,congruent,right,right,>>>>>,j,j,1,7534.63,579813.618,none,,572250.498,572278.988,579813.618,3000,7534.63,579813.618,"[{""stage_name"": ""fixation"", ""planned_duration_ms"": 100, ""intended_onset_ms"": 572150.498, ""actual_onset_global_ms"": 572165.014, ""actual_offset_global_ms"": 572275.865, ""actual_duration_ms"": 110.851}, {""stage_name"": ""stimulus"", ""planned_duration_ms"": 3000, ""intended_onset_ms"": 572250.498, ""actual_onset_global_ms"": 572278.988, ""actual_offset_global_ms"": 579813.618, ""actual_duration_ms"": 7534.63}]",,,,,,,,,,,,,,,,,,,,,,,,,,,,,,,,,,,,,,,,,,,,,,,,,,,,,,,,,,,,,,,,,,,,,,,,,,,
0007,0007_T1_20260518_150453,Control,T1,standard,hci_substudy_v2,1,telemetry_v4,flanker,1,formal_block_2,formal,2,7,39,formal,incongruent,1779087893,60.0,2026-05-18T15:14:37.504,0,0,0,1,579828.898,579846.232,incongruent,left,right,>><>>,s,s,1,6043.837,586003.547,none,,579928.898,579959.71,586003.547,3000,6043.837,586003.547,"[{""stage_name"": ""fixation"", ""planned_duration_ms"": 100, ""intended_onset_ms"": 579828.898, ""actual_onset_global_ms"": 579846.232, ""actual_offset_global_ms"": 579957.307, ""actual_duration_ms"": 111.075}, {""stage_name"": ""stimulus"", ""planned_duration_ms"": 3000, ""intended_onset_ms"": 579928.898, ""actual_onset_global_ms"": 579959.71, ""actual_offset_global_ms"": 586003.547, ""actual_duration_ms"": 6043.837}]",,,,,,,,,,,,,,,,,,,,,,,,,,,,,,,,,,,,,,,,,,,,,,,,,,,,,,,,,,,,,,,,,,,,,,,,,,,
0007,0007_T1_20260518_150453,Control,T1,standard,hci_substudy_v2,1,telemetry_v4,flanker,1,formal_block_2,formal,2,8,40,formal,incongruent,1779087893,60.0,2026-05-18T15:14:43.700,0,0,0,1,586024.351,586039.297,incongruent,left,right,>><>>,s,s,1,3851.224,590005.869,none,,586124.351,586154.645,590005.869,3000,3851.224,590005.869,"[{""stage_name"": ""fixation"", ""planned_duration_ms"": 100, ""intended_onset_ms"": 586024.351, ""actual_onset_global_ms"": 586039.297, ""actual_offset_global_ms"": 586152.173, ""actual_duration_ms"": 112.876}, {""stage_name"": ""stimulus"", ""planned_duration_ms"": 3000, ""intended_onset_ms"": 586124.351, ""actual_onset_global_ms"": 586154.645, ""actual_offset_global_ms"": 590005.869, ""actual_duration_ms"": 3851.224}]",,,,,,,,,,,,,,,,,,,,,,,,,,,,,,,,,,,,,,,,,,,,,,,,,,,,,,,,,,,,,,,,,,,,,,,,,,,
0007,0007_T1_20260518_150453,Control,T1,standard,hci_substudy_v2,1,telemetry_v4,flanker,1,formal_block_2,formal,2,9,41,formal,congruent,1779087893,60.0,2026-05-18T15:14:47.694,0,0,0,1,590018.761,590036.813,congruent,left,left,<<<<<,s,j,0,11099.765,601236.656,none,,590118.761,590136.891,601236.656,3000,11099.765,601236.656,"[{""stage_name"": ""fixation"", ""planned_duration_ms"": 100, ""intended_onset_ms"": 590018.761, ""actual_onset_global_ms"": 590036.813, ""actual_offset_global_ms"": 590135.775, ""actual_duration_ms"": 98.962}, {""stage_name"": ""stimulus"", ""planned_duration_ms"": 3000, ""intended_onset_ms"": 590118.761, ""actual_onset_global_ms"": 590136.891, ""actual_offset_global_ms"": 601236.656, ""actual_duration_ms"": 11099.765}]",,,,,,,,,,,,,,,,,,,,,,,,,,,,,,,,,,,,,,,,,,,,,,,,,,,,,,,,,,,,,,,,,,,,,,,,,,,
0007,0007_T1_20260518_150453,Control,T1,standard,hci_substudy_v2,1,telemetry_v4,flanker,1,formal_block_2,formal,2,10,42,formal,congruent,1779087893,60.0,2026-05-18T15:14:58.929,0,0,0,1,601254.211,601268.987,congruent,right,right,>>>>>,j,j,1,4841.055,606224.606,none,,601354.211,601383.551,606224.606,3000,4841.055,606224.606,"[{""stage_name"": ""fixation"", ""planned_duration_ms"": 100, ""intended_onset_ms"": 601254.211, ""actual_onset_global_ms"": 601268.987, ""actual_offset_global_ms"": 601380.787, ""actual_duration_ms"": 111.8}, {""stage_name"": ""stimulus"", ""planned_duration_ms"": 3000, ""intended_onset_ms"": 601354.211, ""actual_onset_global_ms"": 601383.551, ""actual_offset_global_ms"": 606224.606, ""actual_duration_ms"": 4841.055}]",,,,,,,,,,,,,,,,,,,,,,,,,,,,,,,,,,,,,,,,,,,,,,,,,,,,,,,,,,,,,,,,,,,,,,,,,,,
0007,0007_T1_20260518_150453,Control,T1,standard,hci_substudy_v2,1,telemetry_v4,flanker,1,formal_block_2,formal,2,11,43,formal,incongruent,1779087893,60.0,2026-05-18T15:15:03.914,0,0,0,1,606239.433,606257.121,incongruent,left,right,>><>>,s,j,0,7091.084,613464.51,none,,606339.433,606373.426,613464.51,3000,7091.084,613464.51,"[{""stage_name"": ""fixation"", ""planned_duration_ms"": 100, ""intended_onset_ms"": 606239.433, ""actual_onset_global_ms"": 606257.121, ""actual_offset_global_ms"": 606370.451, ""actual_duration_ms"": 113.33}, {""stage_name"": ""stimulus"", ""planned_duration_ms"": 3000, ""intended_onset_ms"": 606339.433, ""actual_onset_global_ms"": 606373.426, ""actual_offset_global_ms"": 613464.51, ""actual_duration_ms"": 7091.084}]",,,,,,,,,,,,,,,,,,,,,,,,,,,,,,,,,,,,,,,,,,,,,,,,,,,,,,,,,,,,,,,,,,,,,,,,,,,
0007,0007_T1_20260518_150453,Control,T1,standard,hci_substudy_v2,1,telemetry_v4,flanker,1,formal_block_2,formal,2,12,44,formal,congruent,1779087893,60.0,2026-05-18T15:15:11.156,0,0,0,1,613481.177,613498.514,congruent,right,right,>>>>>,j,j,1,2873.331,616485.067,none,,613581.177,613611.736,616485.067,3000,2873.331,616485.067,"[{""stage_name"": ""fixation"", ""planned_duration_ms"": 100, ""intended_onset_ms"": 613481.177, ""actual_onset_global_ms"": 613498.514, ""actual_offset_global_ms"": 613609.383, ""actual_duration_ms"": 110.869}, {""stage_name"": ""stimulus"", ""planned_duration_ms"": 3000, ""intended_onset_ms"": 613581.177, ""actual_onset_global_ms"": 613611.736, ""actual_offset_global_ms"": 616485.067, ""actual_duration_ms"": 2873.331}]",,,,,,,,,,,,,,,,,,,,,,,,,,,,,,,,,,,,,,,,,,,,,,,,,,,,,,,,,,,,,,,,,,,,,,,,,,,
0007,0007_T1_20260518_150453,Control,T1,standard,hci_substudy_v2,1,telemetry_v4,flanker,1,formal_block_2,formal,2,13,45,formal,incongruent,1779087893,60.0,2026-05-18T15:15:14.180,0,0,0,1,616505.51,616521.021,incongruent,right,left,<<><<,j,j,1,2853.588,619492.083,none,,616605.51,616638.495,619492.083,3000,2853.588,619492.083,"[{""stage_name"": ""fixation"", ""planned_duration_ms"": 100, ""intended_onset_ms"": 616505.51, ""actual_onset_global_ms"": 616521.021, ""actual_offset_global_ms"": 616635.143, ""actual_duration_ms"": 114.122}, {""stage_name"": ""stimulus"", ""planned_duration_ms"": 3000, ""intended_onset_ms"": 616605.51, ""actual_onset_global_ms"": 616638.495, ""actual_offset_global_ms"": 619492.083, ""actual_duration_ms"": 2853.588}]",,,,,,,,,,,,,,,,,,,,,,,,,,,,,,,,,,,,,,,,,,,,,,,,,,,,,,,,,,,,,,,,,,,,,,,,,,,
0007,0007_T1_20260518_150453,Control,T1,standard,hci_substudy_v2,1,telemetry_v4,flanker,1,formal_block_2,formal,2,14,46,formal,congruent,1779087893,60.0,2026-05-18T15:15:17.176,0,0,0,1,619501.245,619518.97,congruent,right,right,>>>>>,j,j,1,3260.154,622895.463,none,,619601.245,619635.309,622895.463,3000,3260.154,622895.463,"[{""stage_name"": ""fixation"", ""planned_duration_ms"": 100, ""intended_onset_ms"": 619501.245, ""actual_onset_global_ms"": 619518.97, ""actual_offset_global_ms"": 619633.226, ""actual_duration_ms"": 114.256}, {""stage_name"": ""stimulus"", ""planned_duration_ms"": 3000, ""intended_onset_ms"": 619601.245, ""actual_onset_global_ms"": 619635.309, ""actual_offset_global_ms"": 622895.463, ""actual_duration_ms"": 3260.154}]",,,,,,,,,,,,,,,,,,,,,,,,,,,,,,,,,,,,,,,,,,,,,,,,,,,,,,,,,,,,,,,,,,,,,,,,,,,
0007,0007_T1_20260518_150453,Control,T1,standard,hci_substudy_v2,1,telemetry_v4,flanker,1,formal_block_2,formal,2,15,47,formal,congruent,1779087893,60.0,2026-05-18T15:15:20.582,0,0,0,1,622907.111,622922.45,congruent,left,left,<<<<<,s,s,1,10833.179,633871.62,none,,623007.111,623038.441,633871.62,3000,10833.179,633871.62,"[{""stage_name"": ""fixation"", ""planned_duration_ms"": 100, ""intended_onset_ms"": 622907.111, ""actual_onset_global_ms"": 622922.45, ""actual_offset_global_ms"": 623036.325, ""actual_duration_ms"": 113.875}, {""stage_name"": ""stimulus"", ""planned_duration_ms"": 3000, ""intended_onset_ms"": 623007.111, ""actual_onset_global_ms"": 623038.441, ""actual_offset_global_ms"": 633871.62, ""actual_duration_ms"": 10833.179}]",,,,,,,,,,,,,,,,,,,,,,,,,,,,,,,,,,,,,,,,,,,,,,,,,,,,,,,,,,,,,,,,,,,,,,,,,,,
0007,0007_T1_20260518_150453,Control,T1,standard,hci_substudy_v2,1,telemetry_v4,flanker,1,formal_block_2,formal,2,16,48,formal,congruent,1779087893,60.0,2026-05-18T15:15:31.558,0,0,0,1,633882.715,633901.184,congruent,left,left,<<<<<,s,j,0,6185.743,640200.774,none,,633982.715,634015.031,640200.774,3000,6185.743,640200.774,"[{""stage_name"": ""fixation"", ""planned_duration_ms"": 100, ""intended_onset_ms"": 633882.715, ""actual_onset_global_ms"": 633901.184, ""actual_offset_global_ms"": 634013.113, ""actual_duration_ms"": 111.929}, {""stage_name"": ""stimulus"", ""planned_duration_ms"": 3000, ""intended_onset_ms"": 633982.715, ""actual_onset_global_ms"": 634015.031, ""actual_offset_global_ms"": 640200.774, ""actual_duration_ms"": 6185.743}]",,,,,,,,,,,,,,,,,,,,,,,,,,,,,,,,,,,,,,,,,,,,,,,,,,,,,,,,,,,,,,,,,,,,,,,,,,,
0007,0007_T1_20260518_150453,Control,T1,standard,hci_substudy_v2,1,telemetry_v4,flanker,1,formal_block_2,formal,2,17,49,formal,incongruent,1779087893,60.0,2026-05-18T15:15:37.894,0,0,0,1,640218.424,640233.601,incongruent,left,right,>><>>,s,s,1,5857.077,646201.22,none,,640318.424,640344.143,646201.22,3000,5857.077,646201.22,"[{""stage_name"": ""fixation"", ""planned_duration_ms"": 100, ""intended_onset_ms"": 640218.424, ""actual_onset_global_ms"": 640233.601, ""actual_offset_global_ms"": 640342.514, ""actual_duration_ms"": 108.913}, {""stage_name"": ""stimulus"", ""planned_duration_ms"": 3000, ""intended_onset_ms"": 640318.424, ""actual_onset_global_ms"": 640344.143, ""actual_offset_global_ms"": 646201.22, ""actual_duration_ms"": 5857.077}]",,,,,,,,,,,,,,,,,,,,,,,,,,,,,,,,,,,,,,,,,,,,,,,,,,,,,,,,,,,,,,,,,,,,,,,,,,,
0007,0007_T1_20260518_150453,Control,T1,standard,hci_substudy_v2,1,telemetry_v4,flanker,1,formal_block_2,formal,2,18,50,formal,incongruent,1779087893,60.0,2026-05-18T15:15:43.902,0,0,0,1,646227.323,646244.615,incongruent,right,left,<<><<,j,j,1,4403.451,650762.155,none,,646327.323,646358.704,650762.155,3000,4403.451,650762.155,"[{""stage_name"": ""fixation"", ""planned_duration_ms"": 100, ""intended_onset_ms"": 646227.323, ""actual_onset_global_ms"": 646244.615, ""actual_offset_global_ms"": 646357.582, ""actual_duration_ms"": 112.967}, {""stage_name"": ""stimulus"", ""planned_duration_ms"": 3000, ""intended_onset_ms"": 646327.323, ""actual_onset_global_ms"": 646358.704, ""actual_offset_global_ms"": 650762.155, ""actual_duration_ms"": 4403.451}]",,,,,,,,,,,,,,,,,,,,,,,,,,,,,,,,,,,,,,,,,,,,,,,,,,,,,,,,,,,,,,,,,,,,,,,,,,,
0007,0007_T1_20260518_150453,Control,T1,standard,hci_substudy_v2,1,telemetry_v4,flanker,1,formal_block_2,formal,2,19,51,formal,congruent,1779087893,60.0,2026-05-18T15:15:48.444,0,0,0,1,650769.014,650786.505,congruent,right,right,>>>>>,j,j,1,3688.21,654589.753,none,,650869.014,650901.543,654589.753,3000,3688.21,654589.753,"[{""stage_name"": ""fixation"", ""planned_duration_ms"": 100, ""intended_onset_ms"": 650769.014, ""actual_onset_global_ms"": 650786.505, ""actual_offset_global_ms"": 650899.203, ""actual_duration_ms"": 112.698}, {""stage_name"": ""stimulus"", ""planned_duration_ms"": 3000, ""intended_onset_ms"": 650869.014, ""actual_onset_global_ms"": 650901.543, ""actual_offset_global_ms"": 654589.753, ""actual_duration_ms"": 3688.21}]",,,,,,,,,,,,,,,,,,,,,,,,,,,,,,,,,,,,,,,,,,,,,,,,,,,,,,,,,,,,,,,,,,,,,,,,,,,
0007,0007_T1_20260518_150453,Control,T1,standard,hci_substudy_v2,1,telemetry_v4,flanker,1,formal_block_2,formal,2,20,52,formal,incongruent,1779087893,60.0,2026-05-18T15:15:52.283,0,0,0,1,654607.764,654622.618,incongruent,left,right,>><>>,s,j,0,7266.63,662000.807,none,,654707.764,654734.177,662000.807,3000,7266.63,662000.807,"[{""stage_name"": ""fixation"", ""planned_duration_ms"": 100, ""intended_onset_ms"": 654607.764, ""actual_onset_global_ms"": 654622.618, ""actual_offset_global_ms"": 654733.106, ""actual_duration_ms"": 110.488}, {""stage_name"": ""stimulus"", ""planned_duration_ms"": 3000, ""intended_onset_ms"": 654707.764, ""actual_onset_global_ms"": 654734.177, ""actual_offset_global_ms"": 662000.807, ""actual_duration_ms"": 7266.63}]",,,,,,,,,,,,,,,,,,,,,,,,,,,,,,,,,,,,,,,,,,,,,,,,,,,,,,,,,,,,,,,,,,,,,,,,,,,
0007,0007_T1_20260518_150453,Control,T1,standard,hci_substudy_v2,1,telemetry_v4,dccs,2,pre_switch_practice,practice,1,1,1,practice,color,1779087893,60.0,2026-05-18T15:16:11.987,0,0,0,1,674311.718,674409.472,,,,,j,j,1,8338.023,683285.274,correct,1.0,674911.718,674947.251,683285.274,3000,8338.023,683435.274,"[{""stage_name"": ""fixation"", ""planned_duration_ms"": 100, ""intended_onset_ms"": 674311.718, ""actual_onset_global_ms"": 674409.472, ""actual_offset_global_ms"": 674441.475, ""actual_duration_ms"": 32.003}, {""stage_name"": ""cue"", ""planned_duration_ms"": 500, ""intended_onset_ms"": 674411.718, ""actual_onset_global_ms"": 674450.381, ""actual_offset_global_ms"": 674947.993, ""actual_duration_ms"": 497.612}, {""stage_name"": ""stimulus"", ""planned_duration_ms"": 3000, ""intended_onset_ms"": 674911.718, ""actual_onset_global_ms"": 674947.251, ""actual_offset_global_ms"": 683285.274, ""actual_duration_ms"": 8338.023}, {""stage_name"": ""feedback"", ""planned_duration_ms"": 150, ""intended_onset_ms"": 683285.274, ""actual_onset_global_ms"": 683309.882, ""actual_offset_global_ms"": 683466.544, ""actual_duration_ms"": 156.662}]",correct.wav,683288.638,150.0,683788.638,0.0,none,,,0.0,0.0,none,0.0,0.0,0.0,0.0,,,0.0,none,none,0.0,color,cue_color.wav,颜色,674450.631,500.0,675147.194,red,rabbit,red_rabbit,practice,,color,8834.893,,,,,,,,,,,,,,,,,,,,,,,,,,,,,,,,,,,,,,,,,
0007,0007_T1_20260518_150453,Control,T1,standard,hci_substudy_v2,1,telemetry_v4,dccs,2,pre_switch_practice,practice,1,2,2,practice,color,1779087893,60.0,2026-05-18T15:16:21.129,0,0,0,1,683454.23,683469.958,,,,,s,s,1,2903.439,686987.191,correct,1.0,684054.23,684083.752,686987.191,3000,2903.439,687137.191,"[{""stage_name"": ""fixation"", ""planned_duration_ms"": 100, ""intended_onset_ms"": 683454.23, ""actual_onset_global_ms"": 683469.958, ""actual_offset_global_ms"": 683585.823, ""actual_duration_ms"": 115.865}, {""stage_name"": ""cue"", ""planned_duration_ms"": 500, ""intended_onset_ms"": 683554.23, ""actual_onset_global_ms"": 683585.797, ""actual_offset_global_ms"": 684085.271, ""actual_duration_ms"": 499.474}, {""stage_name"": ""stimulus"", ""planned_duration_ms"": 3000, ""intended_onset_ms"": 684054.23, ""actual_onset_global_ms"": 684083.752, ""actual_offset_global_ms"": 686987.191, ""actual_duration_ms"": 2903.439}, {""stage_name"": ""feedback"", ""planned_duration_ms"": 150, ""intended_onset_ms"": 686987.191, ""actual_onset_global_ms"": 687007.542, ""actual_offset_global_ms"": 687163.912, ""actual_duration_ms"": 156.37}]",correct.wav,686991.496,150.0,687491.496,0.0,none,,,0.0,0.0,none,0.0,0.0,0.0,0.0,,,0.0,none,none,0.0,color,cue_color.wav,颜色,683585.995,500.0,684282.557,blue,rabbit,blue_rabbit,practice,,color,3401.394,,,,,,,,,,,,,,,,,,,,,,,,,,,,,,,,,,,,,,,,,
0007,0007_T1_20260518_150453,Control,T1,standard,hci_substudy_v2,1,telemetry_v4,dccs,2,pre_switch_practice,practice,1,3,3,practice,color,1779087893,60.0,2026-05-18T15:16:24.827,0,0,0,1,687151.49,687171.092,,,,,s,s,1,2108.217,689891.074,correct,1.0,687751.49,687782.857,689891.074,3000,2108.217,690041.074,"[{""stage_name"": ""fixation"", ""planned_duration_ms"": 100, ""intended_onset_ms"": 687151.49, ""actual_onset_global_ms"": 687171.092, ""actual_offset_global_ms"": 687285.236, ""actual_duration_ms"": 114.144}, {""stage_name"": ""cue"", ""planned_duration_ms"": 500, ""intended_onset_ms"": 687251.49, ""actual_onset_global_ms"": 687285.433, ""actual_offset_global_ms"": 687783.623, ""actual_duration_ms"": 498.19}, {""stage_name"": ""stimulus"", ""planned_duration_ms"": 3000, ""intended_onset_ms"": 687751.49, ""actual_onset_global_ms"": 687782.857, ""actual_offset_global_ms"": 689891.074, ""actual_duration_ms"": 2108.217}, {""stage_name"": ""feedback"", ""planned_duration_ms"": 150, ""intended_onset_ms"": 689891.074, ""actual_onset_global_ms"": 689919.108, ""actual_offset_global_ms"": 690072.006, ""actual_duration_ms"": 152.898}]",correct.wav,689903.221,150.0,690403.221,0.0,none,,,0.0,0.0,none,0.0,0.0,0.0,0.0,,,0.0,none,none,0.0,color,cue_color.wav,颜色,687285.697,500.0,687982.26,blue,rabbit,blue_rabbit,practice,,color,2605.641,,,,,,,,,,,,,,,,,,,,,,,,,,,,,,,,,,,,,,,,,
0007,0007_T1_20260518_150453,Control,T1,standard,hci_substudy_v2,1,telemetry_v4,dccs,2,pre_switch_practice,practice,1,4,4,practice,color,1779087893,60.0,2026-05-18T15:16:27.734,0,0,0,1,690059.196,690074.763,,,,,j,j,1,3621.783,694288.787,correct,1.0,690659.196,690667.004,694288.787,3000,3621.783,694438.787,"[{""stage_name"": ""fixation"", ""planned_duration_ms"": 100, ""intended_onset_ms"": 690059.196, ""actual_onset_global_ms"": 690074.763, ""actual_offset_global_ms"": 690179.646, ""actual_duration_ms"": 104.883}, {""stage_name"": ""cue"", ""planned_duration_ms"": 500, ""intended_onset_ms"": 690159.196, ""actual_onset_global_ms"": 690178.942, ""actual_offset_global_ms"": 690668.356, ""actual_duration_ms"": 489.414}, {""stage_name"": ""stimulus"", ""planned_duration_ms"": 3000, ""intended_onset_ms"": 690659.196, ""actual_onset_global_ms"": 690667.004, ""actual_offset_global_ms"": 694288.787, ""actual_duration_ms"": 3621.783}, {""stage_name"": ""feedback"", ""planned_duration_ms"": 150, ""intended_onset_ms"": 694288.787, ""actual_onset_global_ms"": 694315.198, ""actual_offset_global_ms"": 694473.914, ""actual_duration_ms"": 158.716}]",correct.wav,694299.376,150.0,694799.376,0.0,none,,,0.0,0.0,none,0.0,0.0,0.0,0.0,,,0.0,none,none,0.0,color,cue_color.wav,颜色,690179.096,500.0,690875.659,red,boat,red_boat,practice,,color,4109.845,,,,,,,,,,,,,,,,,,,,,,,,,,,,,,,,,,,,,,,,,
0007,0007_T1_20260518_150453,Control,T1,standard,hci_substudy_v2,1,telemetry_v4,dccs,2,pre_switch_practice,practice,1,5,5,practice,color,1779087893,60.0,2026-05-18T15:16:32.137,0,0,0,1,694461.852,694476.984,,,,,s,s,1,2052.769,697136.4,correct,1.0,695061.852,695083.631,697136.4,3000,2052.769,697286.4,"[{""stage_name"": ""fixation"", ""planned_duration_ms"": 100, ""intended_onset_ms"": 694461.852, ""actual_onset_global_ms"": 694476.984, ""actual_offset_global_ms"": 694588.528, ""actual_duration_ms"": 111.544}, {""stage_name"": ""cue"", ""planned_duration_ms"": 500, ""intended_onset_ms"": 694561.852, ""actual_onset_global_ms"": 694588.696, ""actual_offset_global_ms"": 695085.499, ""actual_duration_ms"": 496.803}, {""stage_name"": ""stimulus"", ""planned_duration_ms"": 3000, ""intended_onset_ms"": 695061.852, ""actual_onset_global_ms"": 695083.631, ""actual_offset_global_ms"": 697136.4, ""actual_duration_ms"": 2052.769}, {""stage_name"": ""feedback"", ""planned_duration_ms"": 150, ""intended_onset_ms"": 697136.4, ""actual_onset_global_ms"": 697159.271, ""actual_offset_global_ms"": 697318.102, ""actual_duration_ms"": 158.831}]",correct.wav,697141.162,150.0,697641.162,0.0,none,,,0.0,0.0,none,0.0,0.0,0.0,0.0,,,0.0,none,none,0.0,color,cue_color.wav,颜色,694588.882,500.0,695285.444,blue,boat,blue_boat,practice,,color,2547.704,,,,,,,,,,,,,,,,,,,,,,,,,,,,,,,,,,,,,,,,,
0007,0007_T1_20260518_150453,Control,T1,standard,hci_substudy_v2,1,telemetry_v4,dccs,2,pre_switch_practice,practice,1,6,6,practice,color,1779087893,60.0,2026-05-18T15:16:34.981,0,0,0,1,697306.41,697323.3,,,,,j,j,1,1239.589,699175.22,correct,1.0,697906.41,697935.631,699175.22,3000,1239.589,699325.22,"[{""stage_name"": ""fixation"", ""planned_duration_ms"": 100, ""intended_onset_ms"": 697306.41, ""actual_onset_global_ms"": 697323.3, ""actual_offset_global_ms"": 697434.908, ""actual_duration_ms"": 111.608}, {""stage_name"": ""cue"", ""planned_duration_ms"": 500, ""intended_onset_ms"": 697406.41, ""actual_onset_global_ms"": 697435.729, ""actual_offset_global_ms"": 697937.331, ""actual_duration_ms"": 501.602}, {""stage_name"": ""stimulus"", ""planned_duration_ms"": 3000, ""intended_onset_ms"": 697906.41, ""actual_onset_global_ms"": 697935.631, ""actual_offset_global_ms"": 699175.22, ""actual_duration_ms"": 1239.589}, {""stage_name"": ""feedback"", ""planned_duration_ms"": 150, ""intended_onset_ms"": 699175.22, ""actual_onset_global_ms"": 699207.091, ""actual_offset_global_ms"": 699366.708, ""actual_duration_ms"": 159.617}]",correct.wav,699191.39,150.0,699691.39,0.0,none,,,0.0,0.0,none,0.0,0.0,0.0,0.0,,,0.0,none,none,0.0,color,cue_color.wav,颜色,697436.04,500.0,698132.603,red,boat,red_boat,practice,,color,1739.491,,,,,,,,,,,,,,,,,,,,,,,,,,,,,,,,,,,,,,,,,
0007,0007_T1_20260518_150453,Control,T1,standard,hci_substudy_v2,1,telemetry_v4,dccs,2,post_switch_practice,practice,2,1,7,practice,shape,1779087893,60.0,2026-05-18T15:16:38.263,0,0,0,1,700588.228,700607.165,,,,,s,s,1,18045.282,719271.916,correct,1.0,701188.228,701226.634,719271.916,3000,18045.282,719421.916,"[{""stage_name"": ""fixation"", ""planned_duration_ms"": 100, ""intended_onset_ms"": 700588.228, ""actual_onset_global_ms"": 700607.165, ""actual_offset_global_ms"": 700708.857, ""actual_duration_ms"": 101.692}, {""stage_name"": ""cue"", ""planned_duration_ms"": 500, ""intended_onset_ms"": 700688.228, ""actual_onset_global_ms"": 700713.007, ""actual_offset_global_ms"": 701227.729, ""actual_duration_ms"": 514.722}, {""stage_name"": ""stimulus"", ""planned_duration_ms"": 3000, ""intended_onset_ms"": 701188.228, ""actual_onset_global_ms"": 701226.634, ""actual_offset_global_ms"": 719271.916, ""actual_duration_ms"": 18045.282}, {""stage_name"": ""feedback"", ""planned_duration_ms"": 150, ""intended_onset_ms"": 719271.916, ""actual_onset_global_ms"": 719290.862, ""actual_offset_global_ms"": 719454.99, ""actual_duration_ms"": 164.128}]",correct.wav,719274.331,150.0,719774.331,0.0,none,,,0.0,0.0,none,0.0,0.0,0.0,0.0,,,0.0,none,none,0.0,shape,cue_shape.wav,形状,700713.925,500.0,701480.175,blue,rabbit,blue_rabbit,practice,,shape,18558.909,,,,,,,,,,,,,,,,,,,,,,,,,,,,,,,,,,,,,,,,,
0007,0007_T1_20260518_150453,Control,T1,standard,hci_substudy_v2,1,telemetry_v4,dccs,2,post_switch_practice,practice,2,2,8,practice,shape,1779087893,60.0,2026-05-18T15:16:57.118,0,0,0,1,719443.332,719463.742,,,,,j,j,1,3035.094,723108.167,correct,1.0,720043.332,720073.073,723108.167,3000,3035.094,723258.167,"[{""stage_name"": ""fixation"", ""planned_duration_ms"": 100, ""intended_onset_ms"": 719443.332, ""actual_onset_global_ms"": 719463.742, ""actual_offset_global_ms"": 719566.026, ""actual_duration_ms"": 102.284}, {""stage_name"": ""cue"", ""planned_duration_ms"": 500, ""intended_onset_ms"": 719543.332, ""actual_onset_global_ms"": 719568.359, ""actual_offset_global_ms"": 720072.582, ""actual_duration_ms"": 504.223}, {""stage_name"": ""stimulus"", ""planned_duration_ms"": 3000, ""intended_onset_ms"": 720043.332, ""actual_onset_global_ms"": 720073.073, ""actual_offset_global_ms"": 723108.167, ""actual_duration_ms"": 3035.094}, {""stage_name"": ""feedback"", ""planned_duration_ms"": 150, ""intended_onset_ms"": 723108.167, ""actual_onset_global_ms"": 723130.178, ""actual_offset_global_ms"": 723280.788, ""actual_duration_ms"": 150.61}]",correct.wav,723111.555,150.0,723611.555,0.0,none,,,0.0,0.0,none,0.0,0.0,0.0,0.0,,,0.0,none,none,0.0,shape,cue_shape.wav,形状,719568.52,500.0,720334.77,blue,boat,blue_boat,practice,,shape,3539.808,,,,,,,,,,,,,,,,,,,,,,,,,,,,,,,,,,,,,,,,,
0007,0007_T1_20260518_150453,Control,T1,standard,hci_substudy_v2,1,telemetry_v4,dccs,2,post_switch_practice,practice,2,3,9,practice,shape,1779087893,60.0,2026-05-18T15:17:00.944,0,0,0,1,723268.754,723284.478,,,,,j,j,1,3830.461,727761.243,correct,1.0,723868.754,723930.782,727761.243,3000,3830.461,727911.243,"[{""stage_name"": ""fixation"", ""planned_duration_ms"": 100, ""intended_onset_ms"": 723268.754, ""actual_onset_global_ms"": 723284.478, ""actual_offset_global_ms"": 723401.187, ""actual_duration_ms"": 116.709}, {""stage_name"": ""cue"", ""planned_duration_ms"": 500, ""intended_onset_ms"": 723368.754, ""actual_onset_global_ms"": 723401.317, ""actual_offset_global_ms"": 723930.182, ""actual_duration_ms"": 528.865}, {""stage_name"": ""stimulus"", ""planned_duration_ms"": 3000, ""intended_onset_ms"": 723868.754, ""actual_onset_global_ms"": 723930.782, ""actual_offset_global_ms"": 727761.243, ""actual_duration_ms"": 3830.461}, {""stage_name"": ""feedback"", ""planned_duration_ms"": 150, ""intended_onset_ms"": 727761.243, ""actual_onset_global_ms"": 727793.856, ""actual_offset_global_ms"": 727942.703, ""actual_duration_ms"": 148.847}]",correct.wav,727775.873,150.0,728275.873,0.0,none,,,0.0,0.0,none,0.0,0.0,0.0,0.0,,,0.0,none,none,0.0,shape,cue_shape.wav,形状,723401.515,500.0,724167.765,red,boat,red_boat,practice,,shape,4359.926,,,,,,,,,,,,,,,,,,,,,,,,,,,,,,,,,,,,,,,,,
0007,0007_T1_20260518_150453,Control,T1,standard,hci_substudy_v2,1,telemetry_v4,dccs,2,post_switch_practice,practice,2,4,10,practice,shape,1779087893,60.0,2026-05-18T15:17:05.606,0,0,0,1,727930.745,727948.223,,,,,s,s,1,2560.294,731126.882,correct,1.0,728530.745,728566.588,731126.882,3000,2560.294,731276.882,"[{""stage_name"": ""fixation"", ""planned_duration_ms"": 100, ""intended_onset_ms"": 727930.745, ""actual_onset_global_ms"": 727948.223, ""actual_offset_global_ms"": 728048.085, ""actual_duration_ms"": 99.862}, {""stage_name"": ""cue"", ""planned_duration_ms"": 500, ""intended_onset_ms"": 728030.745, ""actual_onset_global_ms"": 728049.28, ""actual_offset_global_ms"": 728565.915, ""actual_duration_ms"": 516.635}, {""stage_name"": ""stimulus"", ""planned_duration_ms"": 3000, ""intended_onset_ms"": 728530.745, ""actual_onset_global_ms"": 728566.588, ""actual_offset_global_ms"": 731126.882, ""actual_duration_ms"": 2560.294}, {""stage_name"": ""feedback"", ""planned_duration_ms"": 150, ""intended_onset_ms"": 731126.882, ""actual_onset_global_ms"": 731159.479, ""actual_offset_global_ms"": 731324.911, ""actual_duration_ms"": 165.432}]",correct.wav,731142.743,150.0,731642.743,0.0,none,,,0.0,0.0,none,0.0,0.0,0.0,0.0,,,0.0,none,none,0.0,shape,cue_shape.wav,形状,728049.559,500.0,728815.809,red,rabbit,red_rabbit,practice,,shape,3077.602,,,,,,,,,,,,,,,,,,,,,,,,,,,,,,,,,,,,,,,,,
0007,0007_T1_20260518_150453,Control,T1,standard,hci_substudy_v2,1,telemetry_v4,dccs,2,post_switch_practice,practice,2,5,11,practice,shape,1779087893,60.0,2026-05-18T15:17:08.990,0,0,0,1,731315.021,731333.2,,,,,j,j,1,1423.888,733378.515,correct,1.0,731915.021,731954.627,733378.515,3000,1423.888,733528.515,"[{""stage_name"": ""fixation"", ""planned_duration_ms"": 100, ""intended_onset_ms"": 731315.021, ""actual_onset_global_ms"": 731333.2, ""actual_offset_global_ms"": 731434.992, ""actual_duration_ms"": 101.792}, {""stage_name"": ""cue"", ""planned_duration_ms"": 500, ""intended_onset_ms"": 731415.021, ""actual_onset_global_ms"": 731435.375, ""actual_offset_global_ms"": 731955.363, ""actual_duration_ms"": 519.988}, {""stage_name"": ""stimulus"", ""planned_duration_ms"": 3000, ""intended_onset_ms"": 731915.021, ""actual_onset_global_ms"": 731954.627, ""actual_offset_global_ms"": 733378.515, ""actual_duration_ms"": 1423.888}, {""stage_name"": ""feedback"", ""planned_duration_ms"": 150, ""intended_onset_ms"": 733378.515, ""actual_onset_global_ms"": 733403.548, ""actual_offset_global_ms"": 733558.322, ""actual_duration_ms"": 154.774}]",correct.wav,733385.716,150.0,733885.716,0.0,none,,,0.0,0.0,none,0.0,0.0,0.0,0.0,,,0.0,none,none,0.0,shape,cue_shape.wav,形状,731435.568,500.0,732201.818,red,boat,red_boat,practice,,shape,1943.14,,,,,,,,,,,,,,,,,,,,,,,,,,,,,,,,,,,,,,,,,
0007,0007_T1_20260518_150453,Control,T1,standard,hci_substudy_v2,1,telemetry_v4,dccs,2,post_switch_practice,practice,2,6,12,practice,shape,1779087893,60.0,2026-05-18T15:17:11.221,0,0,0,1,733546.39,733562.733,,,,,s,s,1,1834.242,736024.086,correct,1.0,734146.39,734189.844,736024.086,3000,1834.242,736174.086,"[{""stage_name"": ""fixation"", ""planned_duration_ms"": 100, ""intended_onset_ms"": 733546.39, ""actual_onset_global_ms"": 733562.733, ""actual_offset_global_ms"": 733668.192, ""actual_duration_ms"": 105.459}, {""stage_name"": ""cue"", ""planned_duration_ms"": 500, ""intended_onset_ms"": 733646.39, ""actual_onset_global_ms"": 733669.543, ""actual_offset_global_ms"": 734189.803, ""actual_duration_ms"": 520.26}, {""stage_name"": ""stimulus"", ""planned_duration_ms"": 3000, ""intended_onset_ms"": 734146.39, ""actual_onset_global_ms"": 734189.844, ""actual_offset_global_ms"": 736024.086, ""actual_duration_ms"": 1834.242}, {""stage_name"": ""feedback"", ""planned_duration_ms"": 150, ""intended_onset_ms"": 736024.086, ""actual_onset_global_ms"": 736056.203, ""actual_offset_global_ms"": 736218.587, ""actual_duration_ms"": 162.384}]",correct.wav,736039.917,150.0,736539.917,0.0,none,,,0.0,0.0,none,0.0,0.0,0.0,0.0,,,0.0,none,none,0.0,shape,cue_shape.wav,形状,733669.714,500.0,734435.964,blue,rabbit,blue_rabbit,practice,,shape,2354.543,,,,,,,,,,,,,,,,,,,,,,,,,,,,,,,,,,,,,,,,,
0007,0007_T1_20260518_150453,Control,T1,standard,hci_substudy_v2,1,telemetry_v4,dccs,2,mixed_formal,formal,1,1,13,formal,color,1779087893,60.0,2026-05-18T15:17:16.076,0,0,0,1,738401.023,738421.236,,,,,j,j,1,2101.53,741129.384,none,,739001.023,739027.854,741129.384,3000,2101.53,741129.384,"[{""stage_name"": ""fixation"", ""planned_duration_ms"": 100, ""intended_onset_ms"": 738401.023, ""actual_onset_global_ms"": 738421.236, ""actual_offset_global_ms"": 738533.709, ""actual_duration_ms"": 112.473}, {""stage_name"": ""cue"", ""planned_duration_ms"": 500, ""intended_onset_ms"": 738501.023, ""actual_onset_global_ms"": 738533.571, ""actual_offset_global_ms"": 739029.175, ""actual_duration_ms"": 495.604}, {""stage_name"": ""stimulus"", ""planned_duration_ms"": 3000, ""intended_onset_ms"": 739001.023, ""actual_onset_global_ms"": 739027.854, ""actual_offset_global_ms"": 741129.384, ""actual_duration_ms"": 2101.53}]",,,,,0.0,none,,,0.0,0.0,none,0.0,0.0,0.0,0.0,,,0.0,none,none,0.0,color,cue_color.wav,颜色,738533.769,500.0,739230.331,red,boat,red_boat,first,,color,2595.813,,,,,,,,,,,,,,,,,,,,,,,,,,,,,,,,,,,,,,,,,
0007,0007_T1_20260518_150453,Control,T1,standard,hci_substudy_v2,1,telemetry_v4,dccs,2,mixed_formal,formal,1,2,14,formal,shape,1779087893,60.0,2026-05-18T15:17:18.827,0,0,0,1,741151.71,741167.479,,,,,s,s,1,2375.129,744195.176,none,,741751.71,741820.047,744195.176,3000,2375.129,744195.176,"[{""stage_name"": ""fixation"", ""planned_duration_ms"": 100, ""intended_onset_ms"": 741151.71, ""actual_onset_global_ms"": 741167.479, ""actual_offset_global_ms"": 741284.235, ""actual_duration_ms"": 116.756}, {""stage_name"": ""cue"", ""planned_duration_ms"": 500, ""intended_onset_ms"": 741251.71, ""actual_onset_global_ms"": 741285.447, ""actual_offset_global_ms"": 741820.619, ""actual_duration_ms"": 535.172}, {""stage_name"": ""stimulus"", ""planned_duration_ms"": 3000, ""intended_onset_ms"": 741751.71, ""actual_onset_global_ms"": 741820.047, ""actual_offset_global_ms"": 744195.176, ""actual_duration_ms"": 2375.129}]",,,,,0.0,none,,,0.0,0.0,none,0.0,0.0,0.0,0.0,,,0.0,none,none,0.0,shape,cue_shape.wav,形状,741285.647,500.0,742051.897,red,rabbit,red_rabbit,switch,color,shape,2909.729,,,,,,,,,,,,,,,,,,,,,,,,,,,,,,,,,,,,,,,,,
0007,0007_T1_20260518_150453,Control,T1,standard,hci_substudy_v2,1,telemetry_v4,dccs,2,mixed_formal,formal,1,3,15,formal,shape,1779087893,60.0,2026-05-18T15:17:21.888,0,0,0,1,744213.06,744230.344,,,,,s,s,1,2143.276,746989.909,none,,744813.06,744846.633,746989.909,3000,2143.276,746989.909,"[{""stage_name"": ""fixation"", ""planned_duration_ms"": 100, ""intended_onset_ms"": 744213.06, ""actual_onset_global_ms"": 744230.344, ""actual_offset_global_ms"": 744330.196, ""actual_duration_ms"": 99.852}, {""stage_name"": ""cue"", ""planned_duration_ms"": 500, ""intended_onset_ms"": 744313.06, ""actual_onset_global_ms"": 744331.67, ""actual_offset_global_ms"": 744846.834, ""actual_duration_ms"": 515.164}, {""stage_name"": ""stimulus"", ""planned_duration_ms"": 3000, ""intended_onset_ms"": 744813.06, ""actual_onset_global_ms"": 744846.633, ""actual_offset_global_ms"": 746989.909, ""actual_duration_ms"": 2143.276}]",,,,,0.0,none,,,0.0,0.0,none,0.0,0.0,0.0,0.0,,,0.0,none,none,0.0,shape,cue_shape.wav,形状,744331.936,500.0,745098.186,red,rabbit,red_rabbit,repeat,shape,shape,2658.239,,,,,,,,,,,,,,,,,,,,,,,,,,,,,,,,,,,,,,,,,
0007,0007_T1_20260518_150453,Control,T1,standard,hci_substudy_v2,1,telemetry_v4,dccs,2,mixed_formal,formal,1,4,16,formal,color,1779087893,60.0,2026-05-18T15:17:24.683,0,0,0,1,747007.423,747023.842,,,,,j,j,1,1400.296,749038.82,none,,747607.423,747638.524,749038.82,3000,1400.296,749038.82,"[{""stage_name"": ""fixation"", ""planned_duration_ms"": 100, ""intended_onset_ms"": 747007.423, ""actual_onset_global_ms"": 747023.842, ""actual_offset_global_ms"": 747136.833, ""actual_duration_ms"": 112.991}, {""stage_name"": ""cue"", ""planned_duration_ms"": 500, ""intended_onset_ms"": 747107.423, ""actual_onset_global_ms"": 747136.667, ""actual_offset_global_ms"": 747638.935, ""actual_duration_ms"": 502.268}, {""stage_name"": ""stimulus"", ""planned_duration_ms"": 3000, ""intended_onset_ms"": 747607.423, ""actual_onset_global_ms"": 747638.524, ""actual_offset_global_ms"": 749038.82, ""actual_duration_ms"": 1400.296}]",,,,,0.0,none,,,0.0,0.0,none,0.0,0.0,0.0,0.0,,,0.0,none,none,0.0,color,cue_color.wav,颜色,747136.847,500.0,747833.409,red,boat,red_boat,switch,shape,color,1902.153,,,,,,,,,,,,,,,,,,,,,,,,,,,,,,,,,,,,,,,,,
0007,0007_T1_20260518_150453,Control,T1,standard,hci_substudy_v2,1,telemetry_v4,dccs,2,mixed_formal,formal,1,5,17,formal,color,1779087893,60.0,2026-05-18T15:17:26.733,0,0,0,1,749057.322,749072.517,,,,,s,s,1,3781.368,753481.417,none,,749657.322,749700.049,753481.417,3000,3781.368,753481.417,"[{""stage_name"": ""fixation"", ""planned_duration_ms"": 100, ""intended_onset_ms"": 749057.322, ""actual_onset_global_ms"": 749072.517, ""actual_offset_global_ms"": 749188.578, ""actual_duration_ms"": 116.061}, {""stage_name"": ""cue"", ""planned_duration_ms"": 500, ""intended_onset_ms"": 749157.322, ""actual_onset_global_ms"": 749189.512, ""actual_offset_global_ms"": 749701.367, ""actual_duration_ms"": 511.855}, {""stage_name"": ""stimulus"", ""planned_duration_ms"": 3000, ""intended_onset_ms"": 749657.322, ""actual_onset_global_ms"": 749700.049, ""actual_offset_global_ms"": 753481.417, ""actual_duration_ms"": 3781.368}]",,,,,0.0,none,,,0.0,0.0,none,0.0,0.0,0.0,0.0,,,0.0,none,none,0.0,color,cue_color.wav,颜色,749189.65,500.0,749886.213,blue,boat,blue_boat,repeat,color,color,4291.905,,,,,,,,,,,,,,,,,,,,,,,,,,,,,,,,,,,,,,,,,
0007,0007_T1_20260518_150453,Control,T1,standard,hci_substudy_v2,1,telemetry_v4,dccs,2,mixed_formal,formal,1,6,18,formal,color,1779087893,60.0,2026-05-18T15:17:31.170,0,0,0,1,753495.303,753511.473,,,,,s,s,1,2951.701,757069.337,none,,754095.303,754117.636,757069.337,3000,2951.701,757069.337,"[{""stage_name"": ""fixation"", ""planned_duration_ms"": 100, ""intended_onset_ms"": 753495.303, ""actual_onset_global_ms"": 753511.473, ""actual_offset_global_ms"": 753621.253, ""actual_duration_ms"": 109.78}, {""stage_name"": ""cue"", ""planned_duration_ms"": 500, ""intended_onset_ms"": 753595.303, ""actual_onset_global_ms"": 753621.743, ""actual_offset_global_ms"": 754119.434, ""actual_duration_ms"": 497.691}, {""stage_name"": ""stimulus"", ""planned_duration_ms"": 3000, ""intended_onset_ms"": 754095.303, ""actual_onset_global_ms"": 754117.636, ""actual_offset_global_ms"": 757069.337, ""actual_duration_ms"": 2951.701}]",,,,,0.0,none,,,0.0,0.0,none,0.0,0.0,0.0,0.0,,,0.0,none,none,0.0,color,cue_color.wav,颜色,753621.912,500.0,754318.475,blue,boat,blue_boat,repeat,color,color,3447.594,,,,,,,,,,,,,,,,,,,,,,,,,,,,,,,,,,,,,,,,,
0007,0007_T1_20260518_150453,Control,T1,standard,hci_substudy_v2,1,telemetry_v4,dccs,2,mixed_formal,formal,1,7,19,formal,shape,1779087893,60.0,2026-05-18T15:17:34.766,0,0,0,1,757091.2,757107.193,,,,,s,s,1,2213.674,759966.31,none,,757691.2,757752.636,759966.31,3000,2213.674,759966.31,"[{""stage_name"": ""fixation"", ""planned_duration_ms"": 100, ""intended_onset_ms"": 757091.2, ""actual_onset_global_ms"": 757107.193, ""actual_offset_global_ms"": 757210.591, ""actual_duration_ms"": 103.398}, {""stage_name"": ""cue"", ""planned_duration_ms"": 500, ""intended_onset_ms"": 757191.2, ""actual_onset_global_ms"": 757212.0, ""actual_offset_global_ms"": 757752.871, ""actual_duration_ms"": 540.871}, {""stage_name"": ""stimulus"", ""planned_duration_ms"": 3000, ""intended_onset_ms"": 757691.2, ""actual_onset_global_ms"": 757752.636, ""actual_offset_global_ms"": 759966.31, ""actual_duration_ms"": 2213.674}]",,,,,0.0,none,,,0.0,0.0,none,0.0,0.0,0.0,0.0,,,0.0,none,none,0.0,shape,cue_shape.wav,形状,757212.169,500.0,757978.419,blue,rabbit,blue_rabbit,switch,color,shape,2754.31,,,,,,,,,,,,,,,,,,,,,,,,,,,,,,,,,,,,,,,,,
0007,0007_T1_20260518_150453,Control,T1,standard,hci_substudy_v2,1,telemetry_v4,dccs,2,mixed_formal,formal,1,8,20,formal,color,1779087893,60.0,2026-05-18T15:17:37.647,0,0,0,1,759972.813,759989.221,,,,,j,j,1,1756.249,762370.29,none,,760572.813,760614.041,762370.29,3000,1756.249,762370.29,"[{""stage_name"": ""fixation"", ""planned_duration_ms"": 100, ""intended_onset_ms"": 759972.813, ""actual_onset_global_ms"": 759989.221, ""actual_offset_global_ms"": 760104.412, ""actual_duration_ms"": 115.191}, {""stage_name"": ""cue"", ""planned_duration_ms"": 500, ""intended_onset_ms"": 760072.813, ""actual_onset_global_ms"": 760105.476, ""actual_offset_global_ms"": 760615.525, ""actual_duration_ms"": 510.049}, {""stage_name"": ""stimulus"", ""planned_duration_ms"": 3000, ""intended_onset_ms"": 760572.813, ""actual_onset_global_ms"": 760614.041, ""actual_offset_global_ms"": 762370.29, ""actual_duration_ms"": 1756.249}]",,,,,0.0,none,,,0.0,0.0,none,0.0,0.0,0.0,0.0,,,0.0,none,none,0.0,color,cue_color.wav,颜色,760105.663,500.0,760802.225,red,boat,red_boat,switch,shape,color,2264.814,,,,,,,,,,,,,,,,,,,,,,,,,,,,,,,,,,,,,,,,,
0007,0007_T1_20260518_150453,Control,T1,standard,hci_substudy_v2,1,telemetry_v4,dccs,2,mixed_formal,formal,1,9,21,formal,shape,1779087893,60.0,2026-05-18T15:17:40.053,0,0,0,1,762377.698,762394.405,,,,,j,j,1,1208.801,764223.384,none,,762977.698,763014.583,764223.384,3000,1208.801,764223.384,"[{""stage_name"": ""fixation"", ""planned_duration_ms"": 100, ""intended_onset_ms"": 762377.698, ""actual_onset_global_ms"": 762394.405, ""actual_offset_global_ms"": 762497.999, ""actual_duration_ms"": 103.594}, {""stage_name"": ""cue"", ""planned_duration_ms"": 500, ""intended_onset_ms"": 762477.698, ""actual_onset_global_ms"": 762499.394, ""actual_offset_global_ms"": 763015.339, ""actual_duration_ms"": 515.945}, {""stage_name"": ""stimulus"", ""planned_duration_ms"": 3000, ""intended_onset_ms"": 762977.698, ""actual_onset_global_ms"": 763014.583, ""actual_offset_global_ms"": 764223.384, ""actual_duration_ms"": 1208.801}]",,,,,0.0,none,,,0.0,0.0,none,0.0,0.0,0.0,0.0,,,0.0,none,none,0.0,shape,cue_shape.wav,形状,762499.556,500.0,763265.806,red,boat,red_boat,switch,color,shape,1723.99,,,,,,,,,,,,,,,,,,,,,,,,,,,,,,,,,,,,,,,,,
0007,0007_T1_20260518_150453,Control,T1,standard,hci_substudy_v2,1,telemetry_v4,dccs,2,mixed_formal,formal,1,10,22,formal,shape,1779087893,60.0,2026-05-18T15:17:41.918,0,0,0,1,764242.942,764261.688,,,,,s,s,1,2414.674,767310.057,none,,764842.942,764895.383,767310.057,3000,2414.674,767310.057,"[{""stage_name"": ""fixation"", ""planned_duration_ms"": 100, ""intended_onset_ms"": 764242.942, ""actual_onset_global_ms"": 764261.688, ""actual_offset_global_ms"": 764363.205, ""actual_duration_ms"": 101.517}, {""stage_name"": ""cue"", ""planned_duration_ms"": 500, ""intended_onset_ms"": 764342.942, ""actual_onset_global_ms"": 764364.78, ""actual_offset_global_ms"": 764895.424, ""actual_duration_ms"": 530.644}, {""stage_name"": ""stimulus"", ""planned_duration_ms"": 3000, ""intended_onset_ms"": 764842.942, ""actual_onset_global_ms"": 764895.383, ""actual_offset_global_ms"": 767310.057, ""actual_duration_ms"": 2414.674}]",,,,,0.0,none,,,0.0,0.0,none,0.0,0.0,0.0,0.0,,,0.0,none,none,0.0,shape,cue_shape.wav,形状,764364.948,500.0,765131.198,blue,rabbit,blue_rabbit,repeat,shape,shape,2945.277,,,,,,,,,,,,,,,,,,,,,,,,,,,,,,,,,,,,,,,,,
0007,0007_T1_20260518_150453,Control,T1,standard,hci_substudy_v2,1,telemetry_v4,dccs,2,mixed_formal,formal,1,11,23,formal,color,1779087893,60.0,2026-05-18T15:17:44.994,0,0,0,1,767318.628,767336.763,,,,,s,j,0,1307.344,769261.272,none,,767918.628,767953.928,769261.272,3000,1307.344,769261.272,"[{""stage_name"": ""fixation"", ""planned_duration_ms"": 100, ""intended_onset_ms"": 767318.628, ""actual_onset_global_ms"": 767336.763, ""actual_offset_global_ms"": 767450.986, ""actual_duration_ms"": 114.223}, {""stage_name"": ""cue"", ""planned_duration_ms"": 500, ""intended_onset_ms"": 767418.628, ""actual_onset_global_ms"": 767450.7, ""actual_offset_global_ms"": 767955.053, ""actual_duration_ms"": 504.353}, {""stage_name"": ""stimulus"", ""planned_duration_ms"": 3000, ""intended_onset_ms"": 767918.628, ""actual_onset_global_ms"": 767953.928, ""actual_offset_global_ms"": 769261.272, ""actual_duration_ms"": 1307.344}]",,,,,0.0,none,,,0.0,0.0,none,0.0,0.0,0.0,0.0,,,0.0,none,none,0.0,color,cue_color.wav,颜色,767450.949,500.0,768147.512,blue,boat,blue_boat,switch,shape,color,1810.572,,,,,,,,,,,,,,,,,,,,,,,,,,,,,,,,,,,,,,,,,
0007,0007_T1_20260518_150453,Control,T1,standard,hci_substudy_v2,1,telemetry_v4,dccs,2,mixed_formal,formal,1,12,24,formal,shape,1779087893,60.0,2026-05-18T15:17:46.970,0,0,0,1,769295.433,769317.063,,,,,j,s,0,1858.607,771795.573,none,,769895.433,769936.966,771795.573,3000,1858.607,771795.573,"[{""stage_name"": ""fixation"", ""planned_duration_ms"": 100, ""intended_onset_ms"": 769295.433, ""actual_onset_global_ms"": 769317.063, ""actual_offset_global_ms"": 769426.828, ""actual_duration_ms"": 109.765}, {""stage_name"": ""cue"", ""planned_duration_ms"": 500, ""intended_onset_ms"": 769395.433, ""actual_onset_global_ms"": 769426.468, ""actual_offset_global_ms"": 769938.051, ""actual_duration_ms"": 511.583}, {""stage_name"": ""stimulus"", ""planned_duration_ms"": 3000, ""intended_onset_ms"": 769895.433, ""actual_onset_global_ms"": 769936.966, ""actual_offset_global_ms"": 771795.573, ""actual_duration_ms"": 1858.607}]",,,,,0.0,none,,,0.0,0.0,none,0.0,0.0,0.0,0.0,,,0.0,none,none,0.0,shape,cue_shape.wav,形状,769426.637,500.0,770192.887,blue,boat,blue_boat,switch,color,shape,2369.105,,,,,,,,,,,,,,,,,,,,,,,,,,,,,,,,,,,,,,,,,
0007,0007_T1_20260518_150453,Control,T1,standard,hci_substudy_v2,1,telemetry_v4,dccs,2,mixed_formal,formal,1,13,25,formal,shape,1779087893,60.0,2026-05-18T15:17:49.493,0,0,0,1,771817.765,771838.321,,,,,s,s,1,2273.255,774749.527,none,,772417.765,772476.272,774749.527,3000,2273.255,774749.527,"[{""stage_name"": ""fixation"", ""planned_duration_ms"": 100, ""intended_onset_ms"": 771817.765, ""actual_onset_global_ms"": 771838.321, ""actual_offset_global_ms"": 771942.502, ""actual_duration_ms"": 104.181}, {""stage_name"": ""cue"", ""planned_duration_ms"": 500, ""intended_onset_ms"": 771917.765, ""actual_onset_global_ms"": 771944.228, ""actual_offset_global_ms"": 772476.647, ""actual_duration_ms"": 532.419}, {""stage_name"": ""stimulus"", ""planned_duration_ms"": 3000, ""intended_onset_ms"": 772417.765, ""actual_onset_global_ms"": 772476.272, ""actual_offset_global_ms"": 774749.527, ""actual_duration_ms"": 2273.255}]",,,,,0.0,none,,,0.0,0.0,none,0.0,0.0,0.0,0.0,,,0.0,none,none,0.0,shape,cue_shape.wav,形状,771944.505,500.0,772710.755,blue,rabbit,blue_rabbit,repeat,shape,shape,2805.299,,,,,,,,,,,,,,,,,,,,,,,,,,,,,,,,,,,,,,,,,
0007,0007_T1_20260518_150453,Control,T1,standard,hci_substudy_v2,1,telemetry_v4,dccs,2,mixed_formal,formal,1,14,26,formal,color,1779087893,60.0,2026-05-18T15:17:52.433,0,0,0,1,774759.042,774774.961,,,,,s,j,0,1637.818,777032.362,none,,775359.042,775394.544,777032.362,3000,1637.818,777032.362,"[{""stage_name"": ""fixation"", ""planned_duration_ms"": 100, ""intended_onset_ms"": 774759.042, ""actual_onset_global_ms"": 774774.961, ""actual_offset_global_ms"": 774889.754, ""actual_duration_ms"": 114.793}, {""stage_name"": ""cue"", ""planned_duration_ms"": 500, ""intended_onset_ms"": 774859.042, ""actual_onset_global_ms"": 774890.492, ""actual_offset_global_ms"": 775395.853, ""actual_duration_ms"": 505.361}, {""stage_name"": ""stimulus"", ""planned_duration_ms"": 3000, ""intended_onset_ms"": 775359.042, ""actual_onset_global_ms"": 775394.544, ""actual_offset_global_ms"": 777032.362, ""actual_duration_ms"": 1637.818}]",,,,,0.0,none,,,0.0,0.0,none,0.0,0.0,0.0,0.0,,,0.0,none,none,0.0,color,cue_color.wav,颜色,774890.825,500.0,775587.387,blue,rabbit,blue_rabbit,switch,shape,color,2141.87,,,,,,,,,,,,,,,,,,,,,,,,,,,,,,,,,,,,,,,,,
0007,0007_T1_20260518_150453,Control,T1,standard,hci_substudy_v2,1,telemetry_v4,dccs,2,mixed_formal,formal,1,15,27,formal,shape,1779087893,60.0,2026-05-18T15:17:54.730,0,0,0,1,777055.394,777074.451,,,,,j,j,1,2627.667,780331.329,none,,777655.394,777703.662,780331.329,3000,2627.667,780331.329,"[{""stage_name"": ""fixation"", ""planned_duration_ms"": 100, ""intended_onset_ms"": 777055.394, ""actual_onset_global_ms"": 777074.451, ""actual_offset_global_ms"": 777174.314, ""actual_duration_ms"": 99.863}, {""stage_name"": ""cue"", ""planned_duration_ms"": 500, ""intended_onset_ms"": 777155.394, ""actual_onset_global_ms"": 777175.37, ""actual_offset_global_ms"": 777704.432, ""actual_duration_ms"": 529.062}, {""stage_name"": ""stimulus"", ""planned_duration_ms"": 3000, ""intended_onset_ms"": 777655.394, ""actual_onset_global_ms"": 777703.662, ""actual_offset_global_ms"": 780331.329, ""actual_duration_ms"": 2627.667}]",,,,,0.0,none,,,0.0,0.0,none,0.0,0.0,0.0,0.0,,,0.0,none,none,0.0,shape,cue_shape.wav,形状,777175.665,500.0,777941.915,red,boat,red_boat,switch,color,shape,3155.959,,,,,,,,,,,,,,,,,,,,,,,,,,,,,,,,,,,,,,,,,
0007,0007_T1_20260518_150453,Control,T1,standard,hci_substudy_v2,1,telemetry_v4,dccs,2,mixed_formal,formal,1,16,28,formal,color,1779087893,60.0,2026-05-18T15:17:58.015,0,0,0,1,780339.625,780357.344,,,,,s,j,0,1454.466,782422.197,none,,780939.625,780967.731,782422.197,3000,1454.466,782422.197,"[{""stage_name"": ""fixation"", ""planned_duration_ms"": 100, ""intended_onset_ms"": 780339.625, ""actual_onset_global_ms"": 780357.344, ""actual_offset_global_ms"": 780470.444, ""actual_duration_ms"": 113.1}, {""stage_name"": ""cue"", ""planned_duration_ms"": 500, ""intended_onset_ms"": 780439.625, ""actual_onset_global_ms"": 780471.041, ""actual_offset_global_ms"": 780969.058, ""actual_duration_ms"": 498.017}, {""stage_name"": ""stimulus"", ""planned_duration_ms"": 3000, ""intended_onset_ms"": 780939.625, ""actual_onset_global_ms"": 780967.731, ""actual_offset_global_ms"": 782422.197, ""actual_duration_ms"": 1454.466}]",,,,,0.0,none,,,0.0,0.0,none,0.0,0.0,0.0,0.0,,,0.0,none,none,0.0,color,cue_color.wav,颜色,780471.23,500.0,781167.792,blue,boat,blue_boat,switch,shape,color,1951.156,,,,,,,,,,,,,,,,,,,,,,,,,,,,,,,,,,,,,,,,,
0007,0007_T1_20260518_150453,Control,T1,standard,hci_substudy_v2,1,telemetry_v4,dccs,2,mixed_formal,formal,1,17,29,formal,color,1779087893,60.0,2026-05-18T15:18:00.110,0,0,0,1,782435.366,782451.309,,,,,j,j,1,3690.704,786747.45,none,,783035.366,783056.746,786747.45,3000,3690.704,786747.45,"[{""stage_name"": ""fixation"", ""planned_duration_ms"": 100, ""intended_onset_ms"": 782435.366, ""actual_onset_global_ms"": 782451.309, ""actual_offset_global_ms"": 782561.423, ""actual_duration_ms"": 110.114}, {""stage_name"": ""cue"", ""planned_duration_ms"": 500, ""intended_onset_ms"": 782535.366, ""actual_onset_global_ms"": 782561.675, ""actual_offset_global_ms"": 783058.941, ""actual_duration_ms"": 497.266}, {""stage_name"": ""stimulus"", ""planned_duration_ms"": 3000, ""intended_onset_ms"": 783035.366, ""actual_onset_global_ms"": 783056.746, ""actual_offset_global_ms"": 786747.45, ""actual_duration_ms"": 3690.704}]",,,,,0.0,none,,,0.0,0.0,none,0.0,0.0,0.0,0.0,,,0.0,none,none,0.0,color,cue_color.wav,颜色,782561.897,500.0,783258.459,red,boat,red_boat,repeat,color,color,4185.775,,,,,,,,,,,,,,,,,,,,,,,,,,,,,,,,,,,,,,,,,
0007,0007_T1_20260518_150453,Control,T1,standard,hci_substudy_v2,1,telemetry_v4,dccs,2,mixed_formal,formal,1,18,30,formal,shape,1779087893,60.0,2026-05-18T15:18:04.439,0,0,0,1,786763.866,786782.917,,,,,j,j,1,4010.54,791420.437,none,,787363.866,787409.897,791420.437,3000,4010.54,791420.437,"[{""stage_name"": ""fixation"", ""planned_duration_ms"": 100, ""intended_onset_ms"": 786763.866, ""actual_onset_global_ms"": 786782.917, ""actual_offset_global_ms"": 786882.604, ""actual_duration_ms"": 99.687}, {""stage_name"": ""cue"", ""planned_duration_ms"": 500, ""intended_onset_ms"": 786863.866, ""actual_onset_global_ms"": 786884.71, ""actual_offset_global_ms"": 787410.24, ""actual_duration_ms"": 525.53}, {""stage_name"": ""stimulus"", ""planned_duration_ms"": 3000, ""intended_onset_ms"": 787363.866, ""actual_onset_global_ms"": 787409.897, ""actual_offset_global_ms"": 791420.437, ""actual_duration_ms"": 4010.54}]",,,,,0.0,none,,,0.0,0.0,none,0.0,0.0,0.0,0.0,,,0.0,none,none,0.0,shape,cue_shape.wav,形状,786885.004,500.0,787651.254,red,boat,red_boat,switch,color,shape,4535.727,,,,,,,,,,,,,,,,,,,,,,,,,,,,,,,,,,,,,,,,,
0007,0007_T1_20260518_150453,Control,T1,standard,hci_substudy_v2,1,telemetry_v4,dccs,2,mixed_formal,formal,1,19,31,formal,color,1779087893,60.0,2026-05-18T15:18:09.113,0,0,0,1,791437.355,791452.9,,,,,s,j,0,2121.645,794207.266,none,,792037.355,792085.621,794207.266,3000,2121.645,794207.266,"[{""stage_name"": ""fixation"", ""planned_duration_ms"": 100, ""intended_onset_ms"": 791437.355, ""actual_onset_global_ms"": 791452.9, ""actual_offset_global_ms"": 791568.549, ""actual_duration_ms"": 115.649}, {""stage_name"": ""cue"", ""planned_duration_ms"": 500, ""intended_onset_ms"": 791537.355, ""actual_onset_global_ms"": 791569.898, ""actual_offset_global_ms"": 792086.139, ""actual_duration_ms"": 516.241}, {""stage_name"": ""stimulus"", ""planned_duration_ms"": 3000, ""intended_onset_ms"": 792037.355, ""actual_onset_global_ms"": 792085.621, ""actual_offset_global_ms"": 794207.266, ""actual_duration_ms"": 2121.645}]",,,,,0.0,none,,,0.0,0.0,none,0.0,0.0,0.0,0.0,,,0.0,none,none,0.0,color,cue_color.wav,颜色,791570.096,500.0,792266.659,blue,rabbit,blue_rabbit,switch,shape,color,2637.368,,,,,,,,,,,,,,,,,,,,,,,,,,,,,,,,,,,,,,,,,
0007,0007_T1_20260518_150453,Control,T1,standard,hci_substudy_v2,1,telemetry_v4,dccs,2,mixed_formal,formal,1,20,32,formal,shape,1779087893,60.0,2026-05-18T15:18:11.894,0,0,0,1,794219.802,794239.333,,,,,j,s,0,2299.556,797168.527,none,,794819.802,794868.971,797168.527,3000,2299.556,797168.527,"[{""stage_name"": ""fixation"", ""planned_duration_ms"": 100, ""intended_onset_ms"": 794219.802, ""actual_onset_global_ms"": 794239.333, ""actual_offset_global_ms"": 794341.418, ""actual_duration_ms"": 102.085}, {""stage_name"": ""cue"", ""planned_duration_ms"": 500, ""intended_onset_ms"": 794319.802, ""actual_onset_global_ms"": 794342.683, ""actual_offset_global_ms"": 794869.291, ""actual_duration_ms"": 526.608}, {""stage_name"": ""stimulus"", ""planned_duration_ms"": 3000, ""intended_onset_ms"": 794819.802, ""actual_onset_global_ms"": 794868.971, ""actual_offset_global_ms"": 797168.527, ""actual_duration_ms"": 2299.556}]",,,,,0.0,none,,,0.0,0.0,none,0.0,0.0,0.0,0.0,,,0.0,none,none,0.0,shape,cue_shape.wav,形状,794342.871,500.0,795109.121,red,boat,red_boat,switch,color,shape,2825.844,,,,,,,,,,,,,,,,,,,,,,,,,,,,,,,,,,,,,,,,,
0007,0007_T1_20260518_150453,Control,T1,standard,hci_substudy_v2,1,telemetry_v4,dccs,2,mixed_formal,formal,1,21,33,formal,color,1779087893,60.0,2026-05-18T15:18:14.865,0,0,0,1,797190.131,797205.596,,,,,j,j,1,1756.423,799585.013,none,,797790.131,797828.59,799585.013,3000,1756.423,799585.013,"[{""stage_name"": ""fixation"", ""planned_duration_ms"": 100, ""intended_onset_ms"": 797190.131, ""actual_onset_global_ms"": 797205.596, ""actual_offset_global_ms"": 797320.307, ""actual_duration_ms"": 114.711}, {""stage_name"": ""cue"", ""planned_duration_ms"": 500, ""intended_onset_ms"": 797290.131, ""actual_onset_global_ms"": 797321.572, ""actual_offset_global_ms"": 797829.242, ""actual_duration_ms"": 507.67}, {""stage_name"": ""stimulus"", ""planned_duration_ms"": 3000, ""intended_onset_ms"": 797790.131, ""actual_onset_global_ms"": 797828.59, ""actual_offset_global_ms"": 799585.013, ""actual_duration_ms"": 1756.423}]",,,,,0.0,none,,,0.0,0.0,none,0.0,0.0,0.0,0.0,,,0.0,none,none,0.0,color,cue_color.wav,颜色,797321.772,500.0,798018.334,red,rabbit,red_rabbit,switch,shape,color,2263.441,,,,,,,,,,,,,,,,,,,,,,,,,,,,,,,,,,,,,,,,,
0007,0007_T1_20260518_150453,Control,T1,standard,hci_substudy_v2,1,telemetry_v4,dccs,2,mixed_formal,formal,1,22,34,formal,color,1779087893,60.0,2026-05-18T15:18:17.274,0,0,0,1,799598.578,799617.132,,,,,j,j,1,1915.784,802155.523,none,,800198.578,800239.739,802155.523,3000,1915.784,802155.523,"[{""stage_name"": ""fixation"", ""planned_duration_ms"": 100, ""intended_onset_ms"": 799598.578, ""actual_onset_global_ms"": 799617.132, ""actual_offset_global_ms"": 799730.471, ""actual_duration_ms"": 113.339}, {""stage_name"": ""cue"", ""planned_duration_ms"": 500, ""intended_onset_ms"": 799698.578, ""actual_onset_global_ms"": 799730.29, ""actual_offset_global_ms"": 800241.639, ""actual_duration_ms"": 511.349}, {""stage_name"": ""stimulus"", ""planned_duration_ms"": 3000, ""intended_onset_ms"": 800198.578, ""actual_onset_global_ms"": 800239.739, ""actual_offset_global_ms"": 802155.523, ""actual_duration_ms"": 1915.784}]",,,,,0.0,none,,,0.0,0.0,none,0.0,0.0,0.0,0.0,,,0.0,none,none,0.0,color,cue_color.wav,颜色,799730.465,500.0,800427.027,red,rabbit,red_rabbit,repeat,color,color,2425.233,,,,,,,,,,,,,,,,,,,,,,,,,,,,,,,,,,,,,,,,,
0007,0007_T1_20260518_150453,Control,T1,standard,hci_substudy_v2,1,telemetry_v4,dccs,2,mixed_formal,formal,1,23,35,formal,color,1779087893,60.0,2026-05-18T15:18:19.841,0,0,0,1,802165.999,802184.248,,,,,s,s,1,1329.319,804119.754,none,,802765.999,802790.435,804119.754,3000,1329.319,804119.754,"[{""stage_name"": ""fixation"", ""planned_duration_ms"": 100, ""intended_onset_ms"": 802165.999, ""actual_onset_global_ms"": 802184.248, ""actual_offset_global_ms"": 802283.873, ""actual_duration_ms"": 99.625}, {""stage_name"": ""cue"", ""planned_duration_ms"": 500, ""intended_onset_ms"": 802265.999, ""actual_onset_global_ms"": 802284.877, ""actual_offset_global_ms"": 802791.007, ""actual_duration_ms"": 506.13}, {""stage_name"": ""stimulus"", ""planned_duration_ms"": 3000, ""intended_onset_ms"": 802765.999, ""actual_onset_global_ms"": 802790.435, ""actual_offset_global_ms"": 804119.754, ""actual_duration_ms"": 1329.319}]",,,,,0.0,none,,,0.0,0.0,none,0.0,0.0,0.0,0.0,,,0.0,none,none,0.0,color,cue_color.wav,颜色,802285.098,500.0,802981.66,blue,rabbit,blue_rabbit,repeat,color,color,1834.877,,,,,,,,,,,,,,,,,,,,,,,,,,,,,,,,,,,,,,,,,
0007,0007_T1_20260518_150453,Control,T1,standard,hci_substudy_v2,1,telemetry_v4,dccs,2,mixed_formal,formal,1,24,36,formal,shape,1779087893,60.0,2026-05-18T15:18:21.817,0,0,0,1,804142.393,804158.733,,,,,j,j,1,4186.205,808987.537,none,,804742.393,804801.332,808987.537,3000,4186.205,808987.537,"[{""stage_name"": ""fixation"", ""planned_duration_ms"": 100, ""intended_onset_ms"": 804142.393, ""actual_onset_global_ms"": 804158.733, ""actual_offset_global_ms"": 804274.181, ""actual_duration_ms"": 115.448}, {""stage_name"": ""cue"", ""planned_duration_ms"": 500, ""intended_onset_ms"": 804242.393, ""actual_onset_global_ms"": 804275.6, ""actual_offset_global_ms"": 804801.222, ""actual_duration_ms"": 525.622}, {""stage_name"": ""stimulus"", ""planned_duration_ms"": 3000, ""intended_onset_ms"": 804742.393, ""actual_onset_global_ms"": 804801.332, ""actual_offset_global_ms"": 808987.537, ""actual_duration_ms"": 4186.205}]",,,,,0.0,none,,,0.0,0.0,none,0.0,0.0,0.0,0.0,,,0.0,none,none,0.0,shape,cue_shape.wav,形状,804275.773,500.0,805042.023,blue,boat,blue_boat,switch,color,shape,4711.937,,,,,,,,,,,,,,,,,,,,,,,,,,,,,,,,,,,,,,,,,
0007,0007_T1_20260518_150453,Control,T1,standard,hci_substudy_v2,1,telemetry_v4,dccs,2,mixed_formal,formal,1,25,37,formal,shape,1779087893,60.0,2026-05-18T15:18:26.672,0,0,0,1,808996.47,809015.27,,,,,s,s,1,2229.849,811862.345,none,,809596.47,809632.496,811862.345,3000,2229.849,811862.345,"[{""stage_name"": ""fixation"", ""planned_duration_ms"": 100, ""intended_onset_ms"": 808996.47, ""actual_onset_global_ms"": 809015.27, ""actual_offset_global_ms"": 809117.085, ""actual_duration_ms"": 101.815}, {""stage_name"": ""cue"", ""planned_duration_ms"": 500, ""intended_onset_ms"": 809096.47, ""actual_onset_global_ms"": 809117.833, ""actual_offset_global_ms"": 809633.112, ""actual_duration_ms"": 515.279}, {""stage_name"": ""stimulus"", ""planned_duration_ms"": 3000, ""intended_onset_ms"": 809596.47, ""actual_onset_global_ms"": 809632.496, ""actual_offset_global_ms"": 811862.345, ""actual_duration_ms"": 2229.849}]",,,,,0.0,none,,,0.0,0.0,none,0.0,0.0,0.0,0.0,,,0.0,none,none,0.0,shape,cue_shape.wav,形状,809118.072,500.0,809884.322,red,rabbit,red_rabbit,repeat,shape,shape,2744.512,,,,,,,,,,,,,,,,,,,,,,,,,,,,,,,,,,,,,,,,,
0007,0007_T1_20260518_150453,Control,T1,standard,hci_substudy_v2,1,telemetry_v4,dccs,2,mixed_formal,formal,1,26,38,formal,shape,1779087893,60.0,2026-05-18T15:18:29.551,0,0,0,1,811875.944,811894.073,,,,,j,j,1,1602.69,814126.805,none,,812475.944,812524.115,814126.805,3000,1602.69,814126.805,"[{""stage_name"": ""fixation"", ""planned_duration_ms"": 100, ""intended_onset_ms"": 811875.944, ""actual_onset_global_ms"": 811894.073, ""actual_offset_global_ms"": 811998.235, ""actual_duration_ms"": 104.162}, {""stage_name"": ""cue"", ""planned_duration_ms"": 500, ""intended_onset_ms"": 811975.944, ""actual_onset_global_ms"": 811999.522, ""actual_offset_global_ms"": 812524.757, ""actual_duration_ms"": 525.235}, {""stage_name"": ""stimulus"", ""planned_duration_ms"": 3000, ""intended_onset_ms"": 812475.944, ""actual_onset_global_ms"": 812524.115, ""actual_offset_global_ms"": 814126.805, ""actual_duration_ms"": 1602.69}]",,,,,0.0,none,,,0.0,0.0,none,0.0,0.0,0.0,0.0,,,0.0,none,none,0.0,shape,cue_shape.wav,形状,811999.682,500.0,812765.932,blue,boat,blue_boat,repeat,shape,shape,2127.283,,,,,,,,,,,,,,,,,,,,,,,,,,,,,,,,,,,,,,,,,
0007,0007_T1_20260518_150453,Control,T1,standard,hci_substudy_v2,1,telemetry_v4,dccs,2,mixed_formal,formal,1,27,39,formal,color,1779087893,60.0,2026-05-18T15:18:31.819,0,0,0,1,814144.535,814162.834,,,,,s,j,0,1008.914,815781.364,none,,814744.535,814772.45,815781.364,3000,1008.914,815781.364,"[{""stage_name"": ""fixation"", ""planned_duration_ms"": 100, ""intended_onset_ms"": 814144.535, ""actual_onset_global_ms"": 814162.834, ""actual_offset_global_ms"": 814262.467, ""actual_duration_ms"": 99.633}, {""stage_name"": ""cue"", ""planned_duration_ms"": 500, ""intended_onset_ms"": 814244.535, ""actual_onset_global_ms"": 814263.559, ""actual_offset_global_ms"": 814773.909, ""actual_duration_ms"": 510.35}, {""stage_name"": ""stimulus"", ""planned_duration_ms"": 3000, ""intended_onset_ms"": 814744.535, ""actual_onset_global_ms"": 814772.45, ""actual_offset_global_ms"": 815781.364, ""actual_duration_ms"": 1008.914}]",,,,,0.0,none,,,0.0,0.0,none,0.0,0.0,0.0,0.0,,,0.0,none,none,0.0,color,cue_color.wav,颜色,814263.751,500.0,814960.314,blue,rabbit,blue_rabbit,switch,shape,color,1517.805,,,,,,,,,,,,,,,,,,,,,,,,,,,,,,,,,,,,,,,,,
0007,0007_T1_20260518_150453,Control,T1,standard,hci_substudy_v2,1,telemetry_v4,dccs,2,mixed_formal,formal,1,28,40,formal,color,1779087893,60.0,2026-05-18T15:18:33.506,0,0,0,1,815830.815,815848.565,,,,,j,s,0,1187.349,817635.408,none,,816430.815,816448.059,817635.408,3000,1187.349,817635.408,"[{""stage_name"": ""fixation"", ""planned_duration_ms"": 100, ""intended_onset_ms"": 815830.815, ""actual_onset_global_ms"": 815848.565, ""actual_offset_global_ms"": 815956.221, ""actual_duration_ms"": 107.656}, {""stage_name"": ""cue"", ""planned_duration_ms"": 500, ""intended_onset_ms"": 815930.815, ""actual_onset_global_ms"": 815956.322, ""actual_offset_global_ms"": 816449.055, ""actual_duration_ms"": 492.733}, {""stage_name"": ""stimulus"", ""planned_duration_ms"": 3000, ""intended_onset_ms"": 816430.815, ""actual_onset_global_ms"": 816448.059, ""actual_offset_global_ms"": 817635.408, ""actual_duration_ms"": 1187.349}]",,,,,0.0,none,,,0.0,0.0,none,0.0,0.0,0.0,0.0,,,0.0,none,none,0.0,color,cue_color.wav,颜色,815956.498,500.0,816653.061,red,rabbit,red_rabbit,repeat,color,color,1679.086,,,,,,,,,,,,,,,,,,,,,,,,,,,,,,,,,,,,,,,,,
0007,0007_T1_20260518_150453,Control,T1,standard,hci_substudy_v2,1,telemetry_v4,dccs,2,mixed_formal,formal,1,29,41,formal,shape,1779087893,60.0,2026-05-18T15:18:35.323,0,0,0,1,817648.295,817668.16,,,,,s,s,1,2330.225,820626.741,none,,818248.295,818296.516,820626.741,3000,2330.225,820626.741,"[{""stage_name"": ""fixation"", ""planned_duration_ms"": 100, ""intended_onset_ms"": 817648.295, ""actual_onset_global_ms"": 817668.16, ""actual_offset_global_ms"": 817770.244, ""actual_duration_ms"": 102.084}, {""stage_name"": ""cue"", ""planned_duration_ms"": 500, ""intended_onset_ms"": 817748.295, ""actual_onset_global_ms"": 817771.559, ""actual_offset_global_ms"": 818296.376, ""actual_duration_ms"": 524.817}, {""stage_name"": ""stimulus"", ""planned_duration_ms"": 3000, ""intended_onset_ms"": 818248.295, ""actual_onset_global_ms"": 818296.516, ""actual_offset_global_ms"": 820626.741, ""actual_duration_ms"": 2330.225}]",,,,,0.0,none,,,0.0,0.0,none,0.0,0.0,0.0,0.0,,,0.0,none,none,0.0,shape,cue_shape.wav,形状,817771.774,500.0,818538.024,blue,rabbit,blue_rabbit,switch,color,shape,2855.182,,,,,,,,,,,,,,,,,,,,,,,,,,,,,,,,,,,,,,,,,
0007,0007_T1_20260518_150453,Control,T1,standard,hci_substudy_v2,1,telemetry_v4,dccs,2,mixed_formal,formal,1,30,42,formal,shape,1779087893,60.0,2026-05-18T15:18:38.321,0,0,0,1,820647.119,820665.246,,,,,s,s,1,2058.078,823351.093,none,,821247.119,821293.015,823351.093,3000,2058.078,823351.093,"[{""stage_name"": ""fixation"", ""planned_duration_ms"": 100, ""intended_onset_ms"": 820647.119, ""actual_onset_global_ms"": 820665.246, ""actual_offset_global_ms"": 820764.682, ""actual_duration_ms"": 99.436}, {""stage_name"": ""cue"", ""planned_duration_ms"": 500, ""intended_onset_ms"": 820747.119, ""actual_onset_global_ms"": 820766.211, ""actual_offset_global_ms"": 821293.656, ""actual_duration_ms"": 527.445}, {""stage_name"": ""stimulus"", ""planned_duration_ms"": 3000, ""intended_onset_ms"": 821247.119, ""actual_onset_global_ms"": 821293.015, ""actual_offset_global_ms"": 823351.093, ""actual_duration_ms"": 2058.078}]",,,,,0.0,none,,,0.0,0.0,none,0.0,0.0,0.0,0.0,,,0.0,none,none,0.0,shape,cue_shape.wav,形状,820766.384,500.0,821532.634,red,rabbit,red_rabbit,repeat,shape,shape,2584.882,,,,,,,,,,,,,,,,,,,,,,,,,,,,,,,,,,,,,,,,,
0007,0007_T1_20260518_150453,Control,T1,standard,hci_substudy_v2,1,telemetry_v4,digit_span,3,practice_digitspan,practice,1,1,1,practice,span_2,1779087893,60.0,2026-05-18T15:19:47.011,0,0,0,1,889336.593,889466.906,,,,,,,1,,,,,889436.593,889469.994,913350.256,2000,23880.262,913350.256,"[{""stage_name"": ""fixation"", ""planned_duration_ms"": 100, ""intended_onset_ms"": 889336.593, ""actual_onset_global_ms"": 889466.906, ""actual_offset_global_ms"": 889483.573, ""actual_duration_ms"": 16.667}, {""stage_name"": ""auditory_sequence"", ""planned_duration_ms"": 2000, ""intended_onset_ms"": 889436.593, ""actual_onset_global_ms"": 889469.994, ""actual_offset_global_ms"": 891025.639, ""actual_duration_ms"": 1555.645}, {""stage_name"": ""wait"", ""planned_duration_ms"": 500, ""intended_onset_ms"": 891025.639, ""actual_onset_global_ms"": 891107.491, ""actual_offset_global_ms"": 891600.365, ""actual_duration_ms"": 492.874}, {""stage_name"": ""input_panel"", ""planned_duration_ms"": 15000, ""intended_onset_ms"": 891600.365, ""actual_onset_global_ms"": 891675.367, ""actual_offset_global_ms"": 913350.256, ""actual_duration_ms"": 21674.889}]",,,,,0.0,none,,,0.0,0.0,none,0.0,0.0,0.0,0.0,,,,,,,,,,,,,,,,,,,,none,0.0,0.0,0.0,0.0,2.0,1.0,1.0,"[8, 3]","[""3"", ""8""]","[""3"", ""8""]",38,onscreen_mouse,8858.342,21674.615,1.0,0.0,0.0,0.0,3.0,[12207.496],,"[889469.994, 890525.639]","[""digit_8.wav"", ""digit_3.wav""]","[{""audio_file"": ""digit_8.wav"", ""audio_start_global_ms"": 889469.994, ""audio_expected_duration_ms"": 500, ""audio_stop_global_ms"": 889969.994}, {""audio_file"": ""digit_3.wav"", ""audio_start_global_ms"": 890525.639, ""audio_expected_duration_ms"": 500, ""audio_stop_global_ms"": 891025.639}]",0.0,,,,,,,,,,,,,,,
0007,0007_T1_20260518_150453,Control,T1,standard,hci_substudy_v2,1,telemetry_v4,digit_span,3,practice_digitspan,practice,1,2,2,practice,span_2,1779087893,60.0,2026-05-18T15:20:11.028,0,0,0,1,913354.534,913501.664,,,,,,,1,,,,,913454.534,913504.704,930331.149,2000,16826.445,930331.149,"[{""stage_name"": ""fixation"", ""planned_duration_ms"": 100, ""intended_onset_ms"": 913354.534, ""actual_onset_global_ms"": 913501.664, ""actual_offset_global_ms"": 913518.331, ""actual_duration_ms"": 16.667}, {""stage_name"": ""auditory_sequence"", ""planned_duration_ms"": 2000, ""intended_onset_ms"": 913454.534, ""actual_onset_global_ms"": 913504.704, ""actual_offset_global_ms"": 915054.387, ""actual_duration_ms"": 1549.683}, {""stage_name"": ""wait"", ""planned_duration_ms"": 500, ""intended_onset_ms"": 915054.387, ""actual_onset_global_ms"": 915112.407, ""actual_offset_global_ms"": 915627.714, ""actual_duration_ms"": 515.307}, {""stage_name"": ""input_panel"", ""planned_duration_ms"": 15000, ""intended_onset_ms"": 915627.714, ""actual_onset_global_ms"": 915631.648, ""actual_offset_global_ms"": 930331.149, ""actual_duration_ms"": 14699.501}]",,,,,0.0,none,,,0.0,0.0,none,0.0,0.0,0.0,0.0,,,,,,,,,,,,,,,,,,,,none,0.0,0.0,0.0,0.0,2.0,2.0,1.0,"[4, 8]","[""8"", ""4""]","[""8"", ""4""]",84,onscreen_mouse,11607.464,14699.197,1.0,0.0,0.0,0.0,3.0,[539.916],,"[913504.704, 914554.387]","[""digit_4.wav"", ""digit_8.wav""]","[{""audio_file"": ""digit_4.wav"", ""audio_start_global_ms"": 913504.704, ""audio_expected_duration_ms"": 500, ""audio_stop_global_ms"": 914004.704}, {""audio_file"": ""digit_8.wav"", ""audio_start_global_ms"": 914554.387, ""audio_expected_duration_ms"": 500, ""audio_stop_global_ms"": 915054.387}]",0.0,,,,,,,,,,,,,,,
0007,0007_T1_20260518_150453,Control,T1,standard,hci_substudy_v2,1,telemetry_v4,digit_span,3,practice_digitspan,practice,1,3,3,practice,span_2,1779087893,60.0,2026-05-18T15:20:28.011,0,0,0,1,930335.796,930477.985,,,,,,,1,,,,,930435.796,930480.961,948090.55,2000,17609.589,948090.55,"[{""stage_name"": ""fixation"", ""planned_duration_ms"": 100, ""intended_onset_ms"": 930335.796, ""actual_onset_global_ms"": 930477.985, ""actual_offset_global_ms"": 930494.652, ""actual_duration_ms"": 16.667}, {""stage_name"": ""auditory_sequence"", ""planned_duration_ms"": 2000, ""intended_onset_ms"": 930435.796, ""actual_onset_global_ms"": 930480.961, ""actual_offset_global_ms"": 932031.291, ""actual_duration_ms"": 1550.33}, {""stage_name"": ""wait"", ""planned_duration_ms"": 500, ""intended_onset_ms"": 932031.291, ""actual_onset_global_ms"": 932130.322, ""actual_offset_global_ms"": 932636.664, ""actual_duration_ms"": 506.342}, {""stage_name"": ""input_panel"", ""planned_duration_ms"": 15000, ""intended_onset_ms"": 932636.664, ""actual_onset_global_ms"": 932643.804, ""actual_offset_global_ms"": 940767.526, ""actual_duration_ms"": 8123.722}, {""stage_name"": ""auditory_sequence"", ""planned_duration_ms"": 2000, ""intended_onset_ms"": 942080.81, ""actual_onset_global_ms"": 942080.898, ""actual_offset_global_ms"": 943595.209, ""actual_duration_ms"": 1514.311}, {""stage_name"": ""wait"", ""planned_duration_ms"": 500, ""intended_onset_ms"": 943595.209, ""actual_onset_global_ms"": 943663.667, ""actual_offset_global_ms"": 944167.504, ""actual_duration_ms"": 503.837}]",,,,,0.0,none,,,0.0,0.0,none,0.0,0.0,0.0,0.0,,,,,,,,,,,,,,,,,,,,none,0.0,0.0,0.0,0.0,2.0,3.0,1.0,"[6, 2]","[""2"", ""6""]","[""2"", ""6""]",26,onscreen_mouse,958.68,3916.184,1.0,0.0,0.0,1.0,5.0,"[1895.67, 438.046]",,"[942080.898, 943095.209]","[""digit_6.wav"", ""digit_2.wav""]","[{""audio_file"": ""digit_6.wav"", ""audio_start_global_ms"": 942080.898, ""audio_expected_duration_ms"": 500, ""audio_stop_global_ms"": 942580.898}, {""audio_file"": ""digit_2.wav"", ""audio_start_global_ms"": 943095.209, ""audio_expected_duration_ms"": 500, ""audio_stop_global_ms"": 943595.209}]",1.0,,,,,,,,,,,,,,,
0007,0007_T1_20260518_150453,Control,T1,standard,hci_substudy_v2,1,telemetry_v4,digit_span,3,practice_digitspan,practice,1,4,4,practice,span_2,1779087893,60.0,2026-05-18T15:20:45.770,0,0,0,1,948094.813,948241.716,,,,,,,1,,,,,948194.813,948244.263,954086.108,2000,5841.845,954086.108,"[{""stage_name"": ""fixation"", ""planned_duration_ms"": 100, ""intended_onset_ms"": 948094.813, ""actual_onset_global_ms"": 948241.716, ""actual_offset_global_ms"": 948258.383, ""actual_duration_ms"": 16.667}, {""stage_name"": ""auditory_sequence"", ""planned_duration_ms"": 2000, ""intended_onset_ms"": 948194.813, ""actual_onset_global_ms"": 948244.263, ""actual_offset_global_ms"": 949781.73, ""actual_duration_ms"": 1537.467}, {""stage_name"": ""wait"", ""planned_duration_ms"": 500, ""intended_onset_ms"": 949781.73, ""actual_onset_global_ms"": 949848.288, ""actual_offset_global_ms"": 950358.498, ""actual_duration_ms"": 510.21}, {""stage_name"": ""input_panel"", ""planned_duration_ms"": 15000, ""intended_onset_ms"": 950358.498, ""actual_onset_global_ms"": 950363.46, ""actual_offset_global_ms"": 954086.108, ""actual_duration_ms"": 3722.648}]",,,,,0.0,none,,,0.0,0.0,none,0.0,0.0,0.0,0.0,,,,,,,,,,,,,,,,,,,,none,0.0,0.0,0.0,0.0,2.0,4.0,1.0,"[6, 3]","[""3"", ""6""]","[""3"", ""6""]",36,onscreen_mouse,2228.781,3722.473,1.0,0.0,0.0,0.0,3.0,[357.862],,"[948244.263, 949281.73]","[""digit_6.wav"", ""digit_3.wav""]","[{""audio_file"": ""digit_6.wav"", ""audio_start_global_ms"": 948244.263, ""audio_expected_duration_ms"": 500, ""audio_stop_global_ms"": 948744.263}, {""audio_file"": ""digit_3.wav"", ""audio_start_global_ms"": 949281.73, ""audio_expected_duration_ms"": 500, ""audio_stop_global_ms"": 949781.73}]",0.0,,,,,,,,,,,,,,,
0007,0007_T1_20260518_150453,Control,T1,standard,hci_substudy_v2,1,telemetry_v4,digit_span,3,practice_digitspan,practice,1,5,5,practice,span_2,1779087893,60.0,2026-05-18T15:20:51.766,0,0,0,1,954091.093,954238.525,,,,,,,1,,,,,954191.093,954241.465,961129.058,2000,6887.593,961129.058,"[{""stage_name"": ""fixation"", ""planned_duration_ms"": 100, ""intended_onset_ms"": 954091.093, ""actual_onset_global_ms"": 954238.525, ""actual_offset_global_ms"": 954255.192, ""actual_duration_ms"": 16.667}, {""stage_name"": ""auditory_sequence"", ""planned_duration_ms"": 2000, ""intended_onset_ms"": 954191.093, ""actual_onset_global_ms"": 954241.465, ""actual_offset_global_ms"": 955818.46, ""actual_duration_ms"": 1576.995}, {""stage_name"": ""wait"", ""planned_duration_ms"": 500, ""intended_onset_ms"": 955818.46, ""actual_onset_global_ms"": 955860.945, ""actual_offset_global_ms"": 956374.495, ""actual_duration_ms"": 513.55}, {""stage_name"": ""input_panel"", ""planned_duration_ms"": 15000, ""intended_onset_ms"": 956374.495, ""actual_onset_global_ms"": 956380.677, ""actual_offset_global_ms"": 961129.058, ""actual_duration_ms"": 4748.381}]",,,,,0.0,none,,,0.0,0.0,none,0.0,0.0,0.0,0.0,,,,,,,,,,,,,,,,,,,,none,0.0,0.0,0.0,0.0,2.0,5.0,1.0,"[4, 3]","[""3"", ""4""]","[""3"", ""4""]",34,onscreen_mouse,2087.197,4748.172,1.0,0.0,0.0,0.0,3.0,[687.788],,"[954241.465, 955318.46]","[""digit_4.wav"", ""digit_3.wav""]","[{""audio_file"": ""digit_4.wav"", ""audio_start_global_ms"": 954241.465, ""audio_expected_duration_ms"": 500, ""audio_stop_global_ms"": 954741.465}, {""audio_file"": ""digit_3.wav"", ""audio_start_global_ms"": 955318.46, ""audio_expected_duration_ms"": 500, ""audio_stop_global_ms"": 955818.46}]",0.0,,,,,,,,,,,,,,,
0007,0007_T1_20260518_150453,Control,T1,standard,hci_substudy_v2,1,telemetry_v4,digit_span,3,practice_digitspan,practice,1,6,6,practice,span_2,1779087893,60.0,2026-05-18T15:20:58.808,0,0,0,1,961133.779,961275.267,,,,,,,1,,,,,961233.779,961277.926,967148.314,2000,5870.388,967148.314,"[{""stage_name"": ""fixation"", ""planned_duration_ms"": 100, ""intended_onset_ms"": 961133.779, ""actual_onset_global_ms"": 961275.267, ""actual_offset_global_ms"": 961291.934, ""actual_duration_ms"": 16.667}, {""stage_name"": ""auditory_sequence"", ""planned_duration_ms"": 2000, ""intended_onset_ms"": 961233.779, ""actual_onset_global_ms"": 961277.926, ""actual_offset_global_ms"": 962790.889, ""actual_duration_ms"": 1512.963}, {""stage_name"": ""wait"", ""planned_duration_ms"": 500, ""intended_onset_ms"": 962790.889, ""actual_onset_global_ms"": 962848.408, ""actual_offset_global_ms"": 963349.552, ""actual_duration_ms"": 501.144}, {""stage_name"": ""input_panel"", ""planned_duration_ms"": 15000, ""intended_onset_ms"": 963349.552, ""actual_onset_global_ms"": 963354.492, ""actual_offset_global_ms"": 967148.314, ""actual_duration_ms"": 3793.822}]",,,,,0.0,none,,,0.0,0.0,none,0.0,0.0,0.0,0.0,,,,,,,,,,,,,,,,,,,,none,0.0,0.0,0.0,0.0,2.0,6.0,1.0,"[2, 8]","[""8"", ""2""]","[""8"", ""2""]",82,onscreen_mouse,2471.016,3793.613,1.0,0.0,0.0,0.0,3.0,[493.068],,"[961277.926, 962290.889]","[""digit_2.wav"", ""digit_8.wav""]","[{""audio_file"": ""digit_2.wav"", ""audio_start_global_ms"": 961277.926, ""audio_expected_duration_ms"": 500, ""audio_stop_global_ms"": 961777.926}, {""audio_file"": ""digit_8.wav"", ""audio_start_global_ms"": 962290.889, ""audio_expected_duration_ms"": 500, ""audio_stop_global_ms"": 962790.889}]",0.0,,,,,,,,,,,,,,,
0007,0007_T1_20260518_150453,Control,T1,standard,hci_substudy_v2,1,telemetry_v4,digit_span,3,formal_span_2,formal,1,1,7,formal,span_2,1779087893,60.0,2026-05-18T15:21:07.667,0,0,0,1,969991.873,970113.672,,,,,,,0,,,,,970091.873,970116.156,983253.965,2000,13137.809,983253.965,"[{""stage_name"": ""fixation"", ""planned_duration_ms"": 100, ""intended_onset_ms"": 969991.873, ""actual_onset_global_ms"": 970113.672, ""actual_offset_global_ms"": 970130.339, ""actual_duration_ms"": 16.667}, {""stage_name"": ""auditory_sequence"", ""planned_duration_ms"": 2000, ""intended_onset_ms"": 970091.873, ""actual_onset_global_ms"": 970116.156, ""actual_offset_global_ms"": 971627.373, ""actual_duration_ms"": 1511.217}, {""stage_name"": ""wait"", ""planned_duration_ms"": 500, ""intended_onset_ms"": 971627.373, ""actual_onset_global_ms"": 971670.762, ""actual_offset_global_ms"": 972169.173, ""actual_duration_ms"": 498.411}, {""stage_name"": ""input_panel"", ""planned_duration_ms"": 15000, ""intended_onset_ms"": 972169.173, ""actual_onset_global_ms"": 972174.006, ""actual_offset_global_ms"": 983253.965, ""actual_duration_ms"": 11079.959}]",,,,,0.0,none,,,0.0,0.0,none,0.0,0.0,0.0,0.0,,,,,,,,,,,,,,,,,,,,none,0.0,0.0,0.0,0.0,2.0,1.0,1.0,"[3, 8]","[""8"", ""3""]","[""3"", ""8""]",38,onscreen_mouse,8649.339,11079.78,0.0,0.0,0.0,0.0,3.0,[1588.295],advance,"[970116.156, 971127.373]","[""digit_3.wav"", ""digit_8.wav""]","[{""audio_file"": ""digit_3.wav"", ""audio_start_global_ms"": 970116.156, ""audio_expected_duration_ms"": 500, ""audio_stop_global_ms"": 970616.156}, {""audio_file"": ""digit_8.wav"", ""audio_start_global_ms"": 971127.373, ""audio_expected_duration_ms"": 500, ""audio_stop_global_ms"": 971627.373}]",0.0,two_failures_in_span,3.0,,,,,,,,,,,,,
0007,0007_T1_20260518_150453,Control,T1,standard,hci_substudy_v2,1,telemetry_v4,digit_span,3,formal_span_2,formal,1,2,8,formal,span_2,1779087893,60.0,2026-05-18T15:21:20.934,0,0,0,1,983259.057,983397.934,,,,,,,1,,,,,983359.057,983400.486,993285.634,2000,9885.148,993285.634,"[{""stage_name"": ""fixation"", ""planned_duration_ms"": 100, ""intended_onset_ms"": 983259.057, ""actual_onset_global_ms"": 983397.934, ""actual_offset_global_ms"": 983414.601, ""actual_duration_ms"": 16.667}, {""stage_name"": ""auditory_sequence"", ""planned_duration_ms"": 2000, ""intended_onset_ms"": 983359.057, ""actual_onset_global_ms"": 983400.486, ""actual_offset_global_ms"": 984972.266, ""actual_duration_ms"": 1571.78}, {""stage_name"": ""wait"", ""planned_duration_ms"": 500, ""intended_onset_ms"": 984972.266, ""actual_onset_global_ms"": 985062.875, ""actual_offset_global_ms"": 985572.023, ""actual_duration_ms"": 509.148}, {""stage_name"": ""input_panel"", ""planned_duration_ms"": 15000, ""intended_onset_ms"": 985572.023, ""actual_onset_global_ms"": 985577.243, ""actual_offset_global_ms"": 993285.634, ""actual_duration_ms"": 7708.391}]",,,,,0.0,none,,,0.0,0.0,none,0.0,0.0,0.0,0.0,,,,,,,,,,,,,,,,,,,,none,0.0,0.0,0.0,0.0,2.0,2.0,1.0,"[4, 3]","[""3"", ""4""]","[""3"", ""4""]",34,onscreen_mouse,3832.522,7708.168,1.0,0.0,0.0,0.0,3.0,[2892.627],advance,"[983400.486, 984472.266]","[""digit_4.wav"", ""digit_3.wav""]","[{""audio_file"": ""digit_4.wav"", ""audio_start_global_ms"": 983400.486, ""audio_expected_duration_ms"": 500, ""audio_stop_global_ms"": 983900.486}, {""audio_file"": ""digit_3.wav"", ""audio_start_global_ms"": 984472.266, ""audio_expected_duration_ms"": 500, ""audio_stop_global_ms"": 984972.266}]",0.0,two_failures_in_span,3.0,,,,,,,,,,,,,
0007,0007_T1_20260518_150453,Control,T1,standard,hci_substudy_v2,1,telemetry_v4,digit_span,3,formal_span_3,formal,2,1,9,formal,span_3,1779087893,60.0,2026-05-18T15:21:30.969,0,0,0,1,993293.78,993436.94,,,,,,,0,,,,,993393.78,993439.68,1005447.082,3000,12007.402,1005447.082,"[{""stage_name"": ""fixation"", ""planned_duration_ms"": 100, ""intended_onset_ms"": 993293.78, ""actual_onset_global_ms"": 993436.94, ""actual_offset_global_ms"": 993453.607, ""actual_duration_ms"": 16.667}, {""stage_name"": ""auditory_sequence"", ""planned_duration_ms"": 3000, ""intended_onset_ms"": 993393.78, ""actual_onset_global_ms"": 993439.68, ""actual_offset_global_ms"": 995967.714, ""actual_duration_ms"": 2528.034}, {""stage_name"": ""wait"", ""planned_duration_ms"": 500, ""intended_onset_ms"": 995967.714, ""actual_onset_global_ms"": 996004.932, ""actual_offset_global_ms"": 996520.672, ""actual_duration_ms"": 515.74}, {""stage_name"": ""input_panel"", ""planned_duration_ms"": 15000, ""intended_onset_ms"": 996520.672, ""actual_onset_global_ms"": 996526.542, ""actual_offset_global_ms"": 1005447.082, ""actual_duration_ms"": 8920.54}]",,,,,0.0,none,,,0.0,0.0,none,0.0,0.0,0.0,0.0,,,,,,,,,,,,,,,,,,,,none,0.0,0.0,0.0,0.0,3.0,1.0,2.0,"[9, 3, 4]","[""4"", ""3"", ""9""]","[""9"", ""3"", ""4""]",934,onscreen_mouse,5835.956,8920.41,0.0,0.0,0.0,0.0,4.0,"[970.673, 1114.265]",terminate,"[993439.68, 994440.606, 995467.714]","[""digit_9.wav"", ""digit_3.wav"", ""digit_4.wav""]","[{""audio_file"": ""digit_9.wav"", ""audio_start_global_ms"": 993439.68, ""audio_expected_duration_ms"": 500, ""audio_stop_global_ms"": 993939.68}, {""audio_file"": ""digit_3.wav"", ""audio_start_global_ms"": 994440.606, ""audio_expected_duration_ms"": 500, ""audio_stop_global_ms"": 994940.606}, {""audio_file"": ""digit_4.wav"", ""audio_start_global_ms"": 995467.714, ""audio_expected_duration_ms"": 500, ""audio_stop_global_ms"": 995967.714}]",0.0,two_failures_in_span,3.0,,,,,,,,,,,,,
0007,0007_T1_20260518_150453,Control,T1,standard,hci_substudy_v2,1,telemetry_v4,digit_span,3,formal_span_3,formal,2,2,10,formal,span_3,1779087893,60.0,2026-05-18T15:21:43.127,0,0,0,1,1005452.192,1005593.491,,,,,,,0,,,,,1005552.192,1005596.574,1026809.195,3000,21212.621,1026809.195,"[{""stage_name"": ""fixation"", ""planned_duration_ms"": 100, ""intended_onset_ms"": 1005452.192, ""actual_onset_global_ms"": 1005593.491, ""actual_offset_global_ms"": 1005610.158, ""actual_duration_ms"": 16.667}, {""stage_name"": ""auditory_sequence"", ""planned_duration_ms"": 3000, ""intended_onset_ms"": 1005552.192, ""actual_onset_global_ms"": 1005596.574, ""actual_offset_global_ms"": 1008144.602, ""actual_duration_ms"": 2548.028}, {""stage_name"": ""wait"", ""planned_duration_ms"": 500, ""intended_onset_ms"": 1008144.602, ""actual_onset_global_ms"": 1008248.364, ""actual_offset_global_ms"": 1008759.683, ""actual_duration_ms"": 511.319}, {""stage_name"": ""input_panel"", ""planned_duration_ms"": 15000, ""intended_onset_ms"": 1008759.683, ""actual_onset_global_ms"": 1008765.311, ""actual_offset_global_ms"": 1026809.195, ""actual_duration_ms"": 18043.884}]",,,,,0.0,none,,,0.0,0.0,none,0.0,0.0,0.0,0.0,,,,,,,,,,,,,,,,,,,,none,0.0,0.0,0.0,0.0,3.0,2.0,2.0,"[2, 7, 9]","[""9"", ""7"", ""2""]","[""7"", ""2"", ""9""]",729,onscreen_mouse,11606.064,18043.711,0.0,0.0,0.0,0.0,4.0,"[4604.538, 1129.146]",terminate,"[1005596.574, 1006655.352, 1007644.602]","[""digit_2.wav"", ""digit_7.wav"", ""digit_9.wav""]","[{""audio_file"": ""digit_2.wav"", ""audio_start_global_ms"": 1005596.574, ""audio_expected_duration_ms"": 500, ""audio_stop_global_ms"": 1006096.574}, {""audio_file"": ""digit_7.wav"", ""audio_start_global_ms"": 1006655.352, ""audio_expected_duration_ms"": 500, ""audio_stop_global_ms"": 1007155.352}, {""audio_file"": ""digit_9.wav"", ""audio_start_global_ms"": 1007644.602, ""audio_expected_duration_ms"": 500, ""audio_stop_global_ms"": 1008144.602}]",0.0,two_failures_in_span,3.0,,,,,,,,,,,,,
0007,0007_T1_20260518_150453,Control,T1,standard,hci_substudy_v2,1,telemetry_v4,change_detection,4,practice_cd,practice,1,1,1,practice,N1_change,1779087893,60.0,2026-05-18T15:22:25.047,0,0,0,1,1047371.699,1047401.461,,,,,j,,1,8444.312,,correct,1.0,1050971.699,1051047.513,1059520.389,4000,8472.876,1059670.389,"[{""stage_name"": ""fixation"", ""planned_duration_ms"": 100, ""intended_onset_ms"": 1047371.699, ""actual_onset_global_ms"": 1047401.461, ""actual_offset_global_ms"": 1047494.777, ""actual_duration_ms"": 93.316}, {""stage_name"": ""memory_array"", ""planned_duration_ms"": 2500, ""intended_onset_ms"": 1047471.699, ""actual_onset_global_ms"": 1047509.084, ""actual_offset_global_ms"": 1050021.537, ""actual_duration_ms"": 2512.453}, {""stage_name"": ""delay"", ""planned_duration_ms"": 1000, ""intended_onset_ms"": 1050021.537, ""actual_onset_global_ms"": 1050015.164, ""actual_offset_global_ms"": 1051025.107, ""actual_duration_ms"": 1009.943}, {""stage_name"": ""test_array"", ""planned_duration_ms"": 4000, ""intended_onset_ms"": 1051025.107, ""actual_onset_global_ms"": 1051047.513, ""actual_offset_global_ms"": 1059520.389, ""actual_duration_ms"": 8472.876}, {""stage_name"": ""feedback"", ""planned_duration_ms"": 150, ""intended_onset_ms"": 1059520.389, ""actual_onset_global_ms"": 1059549.86, ""actual_offset_global_ms"": 1059697.897, ""actual_duration_ms"": 148.037}]",correct.wav,1059520.711,150.0,1060020.711,,,,,,,,,,,,,,,,,,,,,,,,,,,,,,,,,,,,,,,,,,,,,,1.0,,,,,,,,,,,,,1.0,change,0.0,"[-3.56, -183.01]","[[-3.56, -183.01]]","[""green""]","[""purple""]",green,purple,j,change,1.0,1.0
0007,0007_T1_20260518_150453,Control,T1,standard,hci_substudy_v2,1,telemetry_v4,change_detection,4,practice_cd,practice,1,2,2,practice,N2_same,1779087893,60.0,2026-05-18T15:22:37.386,0,0,0,1,1059711.008,1059733.013,,,,,s,,1,5707.424,,correct,1.0,1063311.008,1063375.686,1069137.764,4000,5762.078,1069287.764,"[{""stage_name"": ""fixation"", ""planned_duration_ms"": 100, ""intended_onset_ms"": 1059711.008, ""actual_onset_global_ms"": 1059733.013, ""actual_offset_global_ms"": 1059830.678, ""actual_duration_ms"": 97.665}, {""stage_name"": ""memory_array"", ""planned_duration_ms"": 2500, ""intended_onset_ms"": 1059811.008, ""actual_onset_global_ms"": 1059860.858, ""actual_offset_global_ms"": 1062338.823, ""actual_duration_ms"": 2477.965}, {""stage_name"": ""delay"", ""planned_duration_ms"": 1000, ""intended_onset_ms"": 1062338.823, ""actual_onset_global_ms"": 1062332.294, ""actual_offset_global_ms"": 1063345.63, ""actual_duration_ms"": 1013.336}, {""stage_name"": ""test_array"", ""planned_duration_ms"": 4000, ""intended_onset_ms"": 1063345.63, ""actual_onset_global_ms"": 1063375.686, ""actual_offset_global_ms"": 1069137.764, ""actual_duration_ms"": 5762.078}, {""stage_name"": ""feedback"", ""planned_duration_ms"": 150, ""intended_onset_ms"": 1069137.764, ""actual_onset_global_ms"": 1069153.617, ""actual_offset_global_ms"": 1069319.718, ""actual_duration_ms"": 166.101}]",correct.wav,1069138.034,150.0,1069638.034,,,,,,,,,,,,,,,,,,,,,,,,,,,,,,,,,,,,,,,,,,,,,,1.0,,,,,,,,,,,,,2.0,same,1.0,"[-104.09, 114.61]","[[180.53, 99.23], [-104.09, 114.61]]","[""green"", ""blue""]","[""green"", ""blue""]",blue,blue,s,same,2.0,1.0
0007,0007_T1_20260518_150453,Control,T1,standard,hci_substudy_v2,1,telemetry_v4,change_detection,4,practice_cd,practice,1,3,3,practice,N2_change,1779087893,60.0,2026-05-18T15:22:46.983,0,0,0,1,1069307.48,1069323.268,,,,,j,,1,5673.878,,correct,1.0,1072907.48,1072982.326,1078667.167,4000,5684.841,1078817.167,"[{""stage_name"": ""fixation"", ""planned_duration_ms"": 100, ""intended_onset_ms"": 1069307.48, ""actual_onset_global_ms"": 1069323.268, ""actual_offset_global_ms"": 1069434.665, ""actual_duration_ms"": 111.397}, {""stage_name"": ""memory_array"", ""planned_duration_ms"": 2500, ""intended_onset_ms"": 1069407.48, ""actual_onset_global_ms"": 1069464.066, ""actual_offset_global_ms"": 1071946.328, ""actual_duration_ms"": 2482.262}, {""stage_name"": ""delay"", ""planned_duration_ms"": 1000, ""intended_onset_ms"": 1071946.328, ""actual_onset_global_ms"": 1071939.057, ""actual_offset_global_ms"": 1072953.345, ""actual_duration_ms"": 1014.288}, {""stage_name"": ""test_array"", ""planned_duration_ms"": 4000, ""intended_onset_ms"": 1072953.345, ""actual_onset_global_ms"": 1072982.326, ""actual_offset_global_ms"": 1078667.167, ""actual_duration_ms"": 5684.841}, {""stage_name"": ""feedback"", ""planned_duration_ms"": 150, ""intended_onset_ms"": 1078667.167, ""actual_onset_global_ms"": 1078683.377, ""actual_offset_global_ms"": 1078839.676, ""actual_duration_ms"": 156.299}]",correct.wav,1078667.474,150.0,1079167.474,,,,,,,,,,,,,,,,,,,,,,,,,,,,,,,,,,,,,,,,,,,,,,1.0,,,,,,,,,,,,,2.0,change,1.0,"[-53.49, 258.43]","[[-115.12, -97.74], [-53.49, 258.43]]","[""blue"", ""purple""]","[""blue"", ""green""]",purple,green,j,change,2.0,1.0
0007,0007_T1_20260518_150453,Control,T1,standard,hci_substudy_v2,1,telemetry_v4,change_detection,4,practice_cd,practice,1,4,4,practice,N1_change,1779087893,60.0,2026-05-18T15:22:56.503,0,0,0,1,1078828.475,1078846.587,,,,,j,,1,4143.156,,correct,1.0,1082428.475,1082484.796,1086666.665,4000,4181.869,1086816.665,"[{""stage_name"": ""fixation"", ""planned_duration_ms"": 100, ""intended_onset_ms"": 1078828.475, ""actual_onset_global_ms"": 1078846.587, ""actual_offset_global_ms"": 1078957.232, ""actual_duration_ms"": 110.645}, {""stage_name"": ""memory_array"", ""planned_duration_ms"": 2500, ""intended_onset_ms"": 1078928.475, ""actual_onset_global_ms"": 1078971.142, ""actual_offset_global_ms"": 1081459.79, ""actual_duration_ms"": 2488.648}, {""stage_name"": ""delay"", ""planned_duration_ms"": 1000, ""intended_onset_ms"": 1081459.79, ""actual_onset_global_ms"": 1081454.491, ""actual_offset_global_ms"": 1082469.711, ""actual_duration_ms"": 1015.22}, {""stage_name"": ""test_array"", ""planned_duration_ms"": 4000, ""intended_onset_ms"": 1082469.711, ""actual_onset_global_ms"": 1082484.796, ""actual_offset_global_ms"": 1086666.665, ""actual_duration_ms"": 4181.869}, {""stage_name"": ""feedback"", ""planned_duration_ms"": 150, ""intended_onset_ms"": 1086666.665, ""actual_onset_global_ms"": 1086683.278, ""actual_offset_global_ms"": 1086845.006, ""actual_duration_ms"": 161.728}]",correct.wav,1086666.899,150.0,1087166.899,,,,,,,,,,,,,,,,,,,,,,,,,,,,,,,,,,,,,,,,,,,,,,1.0,,,,,,,,,,,,,1.0,change,0.0,"[58.6, -69.19]","[[58.6, -69.19]]","[""yellow""]","[""red""]",yellow,red,j,change,1.0,1.0
0007,0007_T1_20260518_150453,Control,T1,standard,hci_substudy_v2,1,telemetry_v4,change_detection,4,practice_cd,practice,1,5,5,practice,N2_change,1779087893,60.0,2026-05-18T15:23:04.507,0,0,0,1,1086832.507,1086846.882,,,,,j,,1,7762.112,,correct,1.0,1090432.507,1090496.114,1098270.659,4000,7774.545,1098420.659,"[{""stage_name"": ""fixation"", ""planned_duration_ms"": 100, ""intended_onset_ms"": 1086832.507, ""actual_onset_global_ms"": 1086846.882, ""actual_offset_global_ms"": 1086955.286, ""actual_duration_ms"": 108.404}, {""stage_name"": ""memory_array"", ""planned_duration_ms"": 2500, ""intended_onset_ms"": 1086932.507, ""actual_onset_global_ms"": 1086977.339, ""actual_offset_global_ms"": 1089465.521, ""actual_duration_ms"": 2488.182}, {""stage_name"": ""delay"", ""planned_duration_ms"": 1000, ""intended_onset_ms"": 1089465.521, ""actual_onset_global_ms"": 1089458.514, ""actual_offset_global_ms"": 1090466.053, ""actual_duration_ms"": 1007.539}, {""stage_name"": ""test_array"", ""planned_duration_ms"": 4000, ""intended_onset_ms"": 1090466.053, ""actual_onset_global_ms"": 1090496.114, ""actual_offset_global_ms"": 1098270.659, ""actual_duration_ms"": 7774.545}, {""stage_name"": ""feedback"", ""planned_duration_ms"": 150, ""intended_onset_ms"": 1098270.659, ""actual_onset_global_ms"": 1098286.788, ""actual_offset_global_ms"": 1098450.757, ""actual_duration_ms"": 163.969}]",correct.wav,1098270.989,150.0,1098770.989,,,,,,,,,,,,,,,,,,,,,,,,,,,,,,,,,,,,,,,,,,,,,,1.0,,,,,,,,,,,,,2.0,change,1.0,"[147.62, -93.27]","[[-217.69, 175.11], [147.62, -93.27]]","[""yellow"", ""blue""]","[""yellow"", ""purple""]",blue,purple,j,change,2.0,1.0
0007,0007_T1_20260518_150453,Control,T1,standard,hci_substudy_v2,1,telemetry_v4,change_detection,4,practice_cd,practice,1,6,6,practice,N1_same,1779087893,60.0,2026-05-18T15:23:16.114,0,0,0,1,1098438.753,1098455.642,,,,,s,,0,3367.874,,incorrect,1.0,1102038.753,1102099.203,1105496.396,4000,3397.193,1105646.396,"[{""stage_name"": ""fixation"", ""planned_duration_ms"": 100, ""intended_onset_ms"": 1098438.753, ""actual_onset_global_ms"": 1098455.642, ""actual_offset_global_ms"": 1098564.341, ""actual_duration_ms"": 108.699}, {""stage_name"": ""memory_array"", ""planned_duration_ms"": 2500, ""intended_onset_ms"": 1098538.753, ""actual_onset_global_ms"": 1098577.266, ""actual_offset_global_ms"": 1101082.513, ""actual_duration_ms"": 2505.247}, {""stage_name"": ""delay"", ""planned_duration_ms"": 1000, ""intended_onset_ms"": 1101082.513, ""actual_onset_global_ms"": 1101076.125, ""actual_offset_global_ms"": 1102084.648, ""actual_duration_ms"": 1008.523}, {""stage_name"": ""test_array"", ""planned_duration_ms"": 4000, ""intended_onset_ms"": 1102084.648, ""actual_onset_global_ms"": 1102099.203, ""actual_offset_global_ms"": 1105496.396, ""actual_duration_ms"": 3397.193}, {""stage_name"": ""feedback"", ""planned_duration_ms"": 150, ""intended_onset_ms"": 1105496.396, ""actual_onset_global_ms"": 1105544.962, ""actual_offset_global_ms"": 1105677.57, ""actual_duration_ms"": 132.608}]",incorrect.wav,1105496.606,150.0,1105996.606,,,,,,,,,,,,,,,,,,,,,,,,,,,,,,,,,,,,,,,,,,,,,,0.0,,,,,,,,,,,,,1.0,same,0.0,"[-228.01, 30.6]","[[-228.01, 30.6]]","[""purple""]","[""purple""]",purple,purple,j,change,1.0,1.0
0007,0007_T1_20260518_150453,Control,T1,standard,hci_substudy_v2,1,telemetry_v4,change_detection,4,practice_cd,practice,1,7,7,practice,N2_same,1779087893,60.0,2026-05-18T15:23:23.340,0,0,0,1,1105664.795,1105680.987,,,,,s,,1,1224.232,,correct,1.0,1109264.795,1109363.731,1110608.488,4000,1244.757,1110758.488,"[{""stage_name"": ""fixation"", ""planned_duration_ms"": 100, ""intended_onset_ms"": 1105664.795, ""actual_onset_global_ms"": 1105680.987, ""actual_offset_global_ms"": 1105790.811, ""actual_duration_ms"": 109.824}, {""stage_name"": ""memory_array"", ""planned_duration_ms"": 2500, ""intended_onset_ms"": 1105764.795, ""actual_onset_global_ms"": 1105819.723, ""actual_offset_global_ms"": 1108328.139, ""actual_duration_ms"": 2508.416}, {""stage_name"": ""delay"", ""planned_duration_ms"": 1000, ""intended_onset_ms"": 1108328.139, ""actual_onset_global_ms"": 1108322.237, ""actual_offset_global_ms"": 1109334.368, ""actual_duration_ms"": 1012.131}, {""stage_name"": ""test_array"", ""planned_duration_ms"": 4000, ""intended_onset_ms"": 1109334.368, ""actual_onset_global_ms"": 1109363.731, ""actual_offset_global_ms"": 1110608.488, ""actual_duration_ms"": 1244.757}, {""stage_name"": ""feedback"", ""planned_duration_ms"": 150, ""intended_onset_ms"": 1110608.488, ""actual_onset_global_ms"": 1110625.161, ""actual_offset_global_ms"": 1110780.861, ""actual_duration_ms"": 155.7}]",correct.wav,1110608.728,150.0,1111108.728,,,,,,,,,,,,,,,,,,,,,,,,,,,,,,,,,,,,,,,,,,,,,,1.0,,,,,,,,,,,,,2.0,same,1.0,"[-194.39, -206.45]","[[29.7, 152.17], [-194.39, -206.45]]","[""purple"", ""green""]","[""purple"", ""green""]",green,green,s,same,3.0,1.0
0007,0007_T1_20260518_150453,Control,T1,standard,hci_substudy_v2,1,telemetry_v4,change_detection,4,practice_cd,practice,1,8,8,practice,N1_same,1779087893,60.0,2026-05-18T15:23:28.444,0,0,0,1,1110768.888,1110784.597,,,,,s,,1,1008.777,,correct,1.0,1114368.888,1114436.386,1115485.071,4000,1048.685,1115635.071,"[{""stage_name"": ""fixation"", ""planned_duration_ms"": 100, ""intended_onset_ms"": 1110768.888, ""actual_onset_global_ms"": 1110784.597, ""actual_offset_global_ms"": 1110895.295, ""actual_duration_ms"": 110.698}, {""stage_name"": ""memory_array"", ""planned_duration_ms"": 2500, ""intended_onset_ms"": 1110868.888, ""actual_onset_global_ms"": 1110908.798, ""actual_offset_global_ms"": 1113413.434, ""actual_duration_ms"": 2504.636}, {""stage_name"": ""delay"", ""planned_duration_ms"": 1000, ""intended_onset_ms"": 1113413.434, ""actual_onset_global_ms"": 1113407.047, ""actual_offset_global_ms"": 1114421.118, ""actual_duration_ms"": 1014.071}, {""stage_name"": ""test_array"", ""planned_duration_ms"": 4000, ""intended_onset_ms"": 1114421.118, ""actual_onset_global_ms"": 1114436.386, ""actual_offset_global_ms"": 1115485.071, ""actual_duration_ms"": 1048.685}, {""stage_name"": ""feedback"", ""planned_duration_ms"": 150, ""intended_onset_ms"": 1115485.071, ""actual_onset_global_ms"": 1115501.22, ""actual_offset_global_ms"": 1115658.024, ""actual_duration_ms"": 156.804}]",correct.wav,1115485.43,150.0,1115985.43,,,,,,,,,,,,,,,,,,,,,,,,,,,,,,,,,,,,,,,,,,,,,,1.0,,,,,,,,,,,,,1.0,same,0.0,"[-189.81, 42.9]","[[-189.81, 42.9]]","[""green""]","[""green""]",green,green,s,same,1.0,1.0
0007,0007_T1_20260518_150453,Control,T1,standard,hci_substudy_v2,1,telemetry_v4,change_detection,4,formal_cd,formal,1,1,9,formal,N4_same,1779087893,60.0,2026-05-18T15:23:35.301,0,0,0,1,1117626.601,1117643.658,,,,,s,,0,1588.172,,,,1121226.601,1121314.69,1122957.648,4000,1642.958,1122957.648,"[{""stage_name"": ""fixation"", ""planned_duration_ms"": 100, ""intended_onset_ms"": 1117626.601, ""actual_onset_global_ms"": 1117643.658, ""actual_offset_global_ms"": 1117749.845, ""actual_duration_ms"": 106.187}, {""stage_name"": ""memory_array"", ""planned_duration_ms"": 2500, ""intended_onset_ms"": 1117726.601, ""actual_onset_global_ms"": 1117807.854, ""actual_offset_global_ms"": 1120252.19, ""actual_duration_ms"": 2444.336}, {""stage_name"": ""delay"", ""planned_duration_ms"": 1000, ""intended_onset_ms"": 1120252.19, ""actual_onset_global_ms"": 1120249.056, ""actual_offset_global_ms"": 1121255.334, ""actual_duration_ms"": 1006.278}, {""stage_name"": ""test_array"", ""planned_duration_ms"": 4000, ""intended_onset_ms"": 1121255.334, ""actual_onset_global_ms"": 1121314.69, ""actual_offset_global_ms"": 1122957.648, ""actual_duration_ms"": 1642.958}]",,,,,,,,,,,,,,,,,,,,,,,,,,,,,,,,,,,,,,,,,,,,,,,,,,0.0,,,,,,,,,,,,,4.0,same,0.0,"[-78.41, -136.63]","[[-78.41, -136.63], [-255.34, 41.29], [-194.69, -110.83], [52.1, 107.33]]","[""blue"", ""red"", ""purple"", ""yellow""]","[""blue"", ""red"", ""purple"", ""yellow""]",blue,blue,j,change,5.0,1.0
0007,0007_T1_20260518_150453,Control,T1,standard,hci_substudy_v2,1,telemetry_v4,change_detection,4,formal_cd,formal,1,2,10,formal,N4_same,1779087893,60.0,2026-05-18T15:23:40.636,0,0,0,1,1122961.9,1122976.13,,,,,s,,1,3761.41,,,,1126561.9,1126683.549,1130479.068,4000,3795.519,1130479.068,"[{""stage_name"": ""fixation"", ""planned_duration_ms"": 100, ""intended_onset_ms"": 1122961.9, ""actual_onset_global_ms"": 1122976.13, ""actual_offset_global_ms"": 1123084.119, ""actual_duration_ms"": 107.989}, {""stage_name"": ""memory_array"", ""planned_duration_ms"": 2500, ""intended_onset_ms"": 1123061.9, ""actual_onset_global_ms"": 1123127.36, ""actual_offset_global_ms"": 1125629.322, ""actual_duration_ms"": 2501.962}, {""stage_name"": ""delay"", ""planned_duration_ms"": 1000, ""intended_onset_ms"": 1125629.322, ""actual_onset_global_ms"": 1125623.762, ""actual_offset_global_ms"": 1126637.106, ""actual_duration_ms"": 1013.344}, {""stage_name"": ""test_array"", ""planned_duration_ms"": 4000, ""intended_onset_ms"": 1126637.106, ""actual_onset_global_ms"": 1126683.549, ""actual_offset_global_ms"": 1130479.068, ""actual_duration_ms"": 3795.519}]",,,,,,,,,,,,,,,,,,,,,,,,,,,,,,,,,,,,,,,,,,,,,,,,,,1.0,,,,,,,,,,,,,4.0,same,2.0,"[233.61, -9.72]","[[-162.08, -11.86], [-73.94, -81.33], [233.61, -9.72], [-57.52, 157.61]]","[""purple"", ""blue"", ""red"", ""green""]","[""purple"", ""blue"", ""red"", ""green""]",red,red,s,same,5.0,1.0
0007,0007_T1_20260518_150453,Control,T1,standard,hci_substudy_v2,1,telemetry_v4,change_detection,4,formal_cd,formal,1,3,11,formal,N1_same,1779087893,60.0,2026-05-18T15:23:48.157,0,0,0,1,1130482.439,1130497.955,,,,,s,,1,2488.145,,,,1134082.439,1134153.658,1136663.888,4000,2510.23,1136663.888,"[{""stage_name"": ""fixation"", ""planned_duration_ms"": 100, ""intended_onset_ms"": 1130482.439, ""actual_onset_global_ms"": 1130497.955, ""actual_offset_global_ms"": 1130605.852, ""actual_duration_ms"": 107.897}, {""stage_name"": ""memory_array"", ""planned_duration_ms"": 2500, ""intended_onset_ms"": 1130582.439, ""actual_onset_global_ms"": 1130616.168, ""actual_offset_global_ms"": 1133130.533, ""actual_duration_ms"": 2514.365}, {""stage_name"": ""delay"", ""planned_duration_ms"": 1000, ""intended_onset_ms"": 1133130.533, ""actual_onset_global_ms"": 1133124.239, ""actual_offset_global_ms"": 1134138.968, ""actual_duration_ms"": 1014.729}, {""stage_name"": ""test_array"", ""planned_duration_ms"": 4000, ""intended_onset_ms"": 1134138.968, ""actual_onset_global_ms"": 1134153.658, ""actual_offset_global_ms"": 1136663.888, ""actual_duration_ms"": 2510.23}]",,,,,,,,,,,,,,,,,,,,,,,,,,,,,,,,,,,,,,,,,,,,,,,,,,1.0,,,,,,,,,,,,,1.0,same,0.0,"[110.09, -153.29]","[[110.09, -153.29]]","[""green""]","[""green""]",green,green,s,same,1.0,1.0
0007,0007_T1_20260518_150453,Control,T1,standard,hci_substudy_v2,1,telemetry_v4,change_detection,4,formal_cd,formal,1,4,12,formal,N1_change,1779087893,60.0,2026-05-18T15:23:54.343,0,0,0,1,1136668.366,1136682.08,,,,,j,,0,2051.865,,,,1140268.366,1140320.087,1142408.191,4000,2088.104,1142408.191,"[{""stage_name"": ""fixation"", ""planned_duration_ms"": 100, ""intended_onset_ms"": 1136668.366, ""actual_onset_global_ms"": 1136682.08, ""actual_offset_global_ms"": 1136786.498, ""actual_duration_ms"": 104.418}, {""stage_name"": ""memory_array"", ""planned_duration_ms"": 2500, ""intended_onset_ms"": 1136768.366, ""actual_onset_global_ms"": 1136798.971, ""actual_offset_global_ms"": 1139298.609, ""actual_duration_ms"": 2499.638}, {""stage_name"": ""delay"", ""planned_duration_ms"": 1000, ""intended_onset_ms"": 1139298.609, ""actual_onset_global_ms"": 1139292.208, ""actual_offset_global_ms"": 1140305.889, ""actual_duration_ms"": 1013.681}, {""stage_name"": ""test_array"", ""planned_duration_ms"": 4000, ""intended_onset_ms"": 1140305.889, ""actual_onset_global_ms"": 1140320.087, ""actual_offset_global_ms"": 1142408.191, ""actual_duration_ms"": 2088.104}]",,,,,,,,,,,,,,,,,,,,,,,,,,,,,,,,,,,,,,,,,,,,,,,,,,0.0,,,,,,,,,,,,,1.0,change,0.0,"[98.41, -18.94]","[[98.41, -18.94]]","[""red""]","[""yellow""]",red,yellow,s,same,3.0,1.0
0007,0007_T1_20260518_150453,Control,T1,standard,hci_substudy_v2,1,telemetry_v4,change_detection,4,formal_cd,formal,1,5,13,formal,N2_change,1779087893,60.0,2026-05-18T15:24:00.086,0,0,0,1,1142412.087,1142426.002,,,,,j,,0,1265.492,,,,1146012.087,1146065.359,1147358.104,4000,1292.745,1147358.104,"[{""stage_name"": ""fixation"", ""planned_duration_ms"": 100, ""intended_onset_ms"": 1142412.087, ""actual_onset_global_ms"": 1142426.002, ""actual_offset_global_ms"": 1142529.304, ""actual_duration_ms"": 103.302}, {""stage_name"": ""memory_array"", ""planned_duration_ms"": 2500, ""intended_onset_ms"": 1142512.087, ""actual_onset_global_ms"": 1142550.952, ""actual_offset_global_ms"": 1145033.262, ""actual_duration_ms"": 2482.31}, {""stage_name"": ""delay"", ""planned_duration_ms"": 1000, ""intended_onset_ms"": 1145033.262, ""actual_onset_global_ms"": 1145025.761, ""actual_offset_global_ms"": 1146042.019, ""actual_duration_ms"": 1016.258}, {""stage_name"": ""test_array"", ""planned_duration_ms"": 4000, ""intended_onset_ms"": 1146042.019, ""actual_onset_global_ms"": 1146065.359, ""actual_offset_global_ms"": 1147358.104, ""actual_duration_ms"": 1292.745}]",,,,,,,,,,,,,,,,,,,,,,,,,,,,,,,,,,,,,,,,,,,,,,,,,,0.0,,,,,,,,,,,,,2.0,change,1.0,"[-114.26, -141.29]","[[124.98, 191.55], [-114.26, -141.29]]","[""red"", ""green""]","[""red"", ""yellow""]",green,yellow,s,same,2.0,1.0
0007,0007_T1_20260518_150453,Control,T1,standard,hci_substudy_v2,1,telemetry_v4,change_detection,4,formal_cd,formal,1,6,14,formal,N1_change,1779087893,60.0,2026-05-18T15:24:05.038,0,0,0,1,1147362.832,1147378.682,,,,,j,,0,1932.259,,,,1150962.832,1151024.185,1152996.366,4000,1972.181,1152996.366,"[{""stage_name"": ""fixation"", ""planned_duration_ms"": 100, ""intended_onset_ms"": 1147362.832, ""actual_onset_global_ms"": 1147378.682, ""actual_offset_global_ms"": 1147488.558, ""actual_duration_ms"": 109.876}, {""stage_name"": ""memory_array"", ""planned_duration_ms"": 2500, ""intended_onset_ms"": 1147462.832, ""actual_onset_global_ms"": 1147502.761, ""actual_offset_global_ms"": 1150003.347, ""actual_duration_ms"": 2500.586}, {""stage_name"": ""delay"", ""planned_duration_ms"": 1000, ""intended_onset_ms"": 1150003.347, ""actual_onset_global_ms"": 1149996.939, ""actual_offset_global_ms"": 1151009.832, ""actual_duration_ms"": 1012.893}, {""stage_name"": ""test_array"", ""planned_duration_ms"": 4000, ""intended_onset_ms"": 1151009.832, ""actual_onset_global_ms"": 1151024.185, ""actual_offset_global_ms"": 1152996.366, ""actual_duration_ms"": 1972.181}]",,,,,,,,,,,,,,,,,,,,,,,,,,,,,,,,,,,,,,,,,,,,,,,,,,0.0,,,,,,,,,,,,,1.0,change,0.0,"[-249.9, 213.46]","[[-249.9, 213.46]]","[""purple""]","[""green""]",purple,green,s,same,1.0,1.0
0007,0007_T1_20260518_150453,Control,T1,standard,hci_substudy_v2,1,telemetry_v4,change_detection,4,formal_cd,formal,1,7,15,formal,N2_same,1779087893,60.0,2026-05-18T15:24:10.675,0,0,0,1,1153000.612,1153015.624,,,,,s,,1,1433.317,,,,1156600.612,1156665.608,1158118.292,4000,1452.684,1158118.292,"[{""stage_name"": ""fixation"", ""planned_duration_ms"": 100, ""intended_onset_ms"": 1153000.612, ""actual_onset_global_ms"": 1153015.624, ""actual_offset_global_ms"": 1153127.482, ""actual_duration_ms"": 111.858}, {""stage_name"": ""memory_array"", ""planned_duration_ms"": 2500, ""intended_onset_ms"": 1153100.612, ""actual_onset_global_ms"": 1153156.0, ""actual_offset_global_ms"": 1155633.171, ""actual_duration_ms"": 2477.171}, {""stage_name"": ""delay"", ""planned_duration_ms"": 1000, ""intended_onset_ms"": 1155633.171, ""actual_onset_global_ms"": 1155626.873, ""actual_offset_global_ms"": 1156635.395, ""actual_duration_ms"": 1008.522}, {""stage_name"": ""test_array"", ""planned_duration_ms"": 4000, ""intended_onset_ms"": 1156635.395, ""actual_onset_global_ms"": 1156665.608, ""actual_offset_global_ms"": 1158118.292, ""actual_duration_ms"": 1452.684}]",,,,,,,,,,,,,,,,,,,,,,,,,,,,,,,,,,,,,,,,,,,,,,,,,,1.0,,,,,,,,,,,,,2.0,same,1.0,"[90.54, 166.23]","[[122.99, -131.87], [90.54, 166.23]]","[""red"", ""green""]","[""red"", ""green""]",green,green,s,same,2.0,1.0
0007,0007_T1_20260518_150453,Control,T1,standard,hci_substudy_v2,1,telemetry_v4,change_detection,4,formal_cd,formal,1,8,16,formal,N3_same,1779087893,60.0,2026-05-18T15:24:15.798,0,0,0,1,1158122.811,1158138.086,,,,,s,,0,1678.942,,,,1161722.811,1161827.811,1163543.718,4000,1715.907,1163543.718,"[{""stage_name"": ""fixation"", ""planned_duration_ms"": 100, ""intended_onset_ms"": 1158122.811, ""actual_onset_global_ms"": 1158138.086, ""actual_offset_global_ms"": 1158244.44, ""actual_duration_ms"": 106.354}, {""stage_name"": ""memory_array"", ""planned_duration_ms"": 2500, ""intended_onset_ms"": 1158222.811, ""actual_onset_global_ms"": 1158285.72, ""actual_offset_global_ms"": 1160781.013, ""actual_duration_ms"": 2495.293}, {""stage_name"": ""delay"", ""planned_duration_ms"": 1000, ""intended_onset_ms"": 1160781.013, ""actual_onset_global_ms"": 1160773.727, ""actual_offset_global_ms"": 1161784.035, ""actual_duration_ms"": 1010.308}, {""stage_name"": ""test_array"", ""planned_duration_ms"": 4000, ""intended_onset_ms"": 1161784.035, ""actual_onset_global_ms"": 1161827.811, ""actual_offset_global_ms"": 1163543.718, ""actual_duration_ms"": 1715.907}]",,,,,,,,,,,,,,,,,,,,,,,,,,,,,,,,,,,,,,,,,,,,,,,,,,0.0,,,,,,,,,,,,,3.0,same,0.0,"[78.22, 65.21]","[[78.22, 65.21], [-83.5, -228.82], [-214.2, 57.77]]","[""purple"", ""green"", ""blue""]","[""purple"", ""green"", ""blue""]",purple,purple,j,change,3.0,1.0
0007,0007_T1_20260518_150453,Control,T1,standard,hci_substudy_v2,1,telemetry_v4,change_detection,4,formal_cd,formal,1,9,17,formal,N3_same,1779087893,60.0,2026-05-18T15:24:21.223,0,0,0,1,1163548.336,1163562.369,,,,,s,,1,2042.5,,,,1167148.336,1167258.248,1169357.526,4000,2099.278,1169357.526,"[{""stage_name"": ""fixation"", ""planned_duration_ms"": 100, ""intended_onset_ms"": 1163548.336, ""actual_onset_global_ms"": 1163562.369, ""actual_offset_global_ms"": 1163671.471, ""actual_duration_ms"": 109.102}, {""stage_name"": ""memory_array"", ""planned_duration_ms"": 2500, ""intended_onset_ms"": 1163648.336, ""actual_onset_global_ms"": 1163705.899, ""actual_offset_global_ms"": 1166211.129, ""actual_duration_ms"": 2505.23}, {""stage_name"": ""delay"", ""planned_duration_ms"": 1000, ""intended_onset_ms"": 1166211.129, ""actual_onset_global_ms"": 1166205.883, ""actual_offset_global_ms"": 1167214.626, ""actual_duration_ms"": 1008.743}, {""stage_name"": ""test_array"", ""planned_duration_ms"": 4000, ""intended_onset_ms"": 1167214.626, ""actual_onset_global_ms"": 1167258.248, ""actual_offset_global_ms"": 1169357.526, ""actual_duration_ms"": 2099.278}]",,,,,,,,,,,,,,,,,,,,,,,,,,,,,,,,,,,,,,,,,,,,,,,,,,1.0,,,,,,,,,,,,,3.0,same,0.0,"[256.49, -57.61]","[[256.49, -57.61], [-16.37, -112.99], [154.09, -181.42]]","[""blue"", ""yellow"", ""red""]","[""blue"", ""yellow"", ""red""]",blue,blue,s,same,4.0,1.0
0007,0007_T1_20260518_150453,Control,T1,standard,hci_substudy_v2,1,telemetry_v4,change_detection,4,formal_cd,formal,1,10,18,formal,N3_change,1779087893,60.0,2026-05-18T15:24:27.036,0,0,0,1,1169361.882,1169378.101,,,,,j,,0,3141.536,,,,1172961.882,1173079.213,1176261.569,4000,3182.356,1176261.569,"[{""stage_name"": ""fixation"", ""planned_duration_ms"": 100, ""intended_onset_ms"": 1169361.882, ""actual_onset_global_ms"": 1169378.101, ""actual_offset_global_ms"": 1169493.869, ""actual_duration_ms"": 115.768}, {""stage_name"": ""memory_array"", ""planned_duration_ms"": 2500, ""intended_onset_ms"": 1169461.882, ""actual_onset_global_ms"": 1169542.043, ""actual_offset_global_ms"": 1172019.762, ""actual_duration_ms"": 2477.719}, {""stage_name"": ""delay"", ""planned_duration_ms"": 1000, ""intended_onset_ms"": 1172019.762, ""actual_onset_global_ms"": 1172014.263, ""actual_offset_global_ms"": 1173026.475, ""actual_duration_ms"": 1012.212}, {""stage_name"": ""test_array"", ""planned_duration_ms"": 4000, ""intended_onset_ms"": 1173026.475, ""actual_onset_global_ms"": 1173079.213, ""actual_offset_global_ms"": 1176261.569, ""actual_duration_ms"": 3182.356}]",,,,,,,,,,,,,,,,,,,,,,,,,,,,,,,,,,,,,,,,,,,,,,,,,,0.0,,,,,,,,,,,,,3.0,change,1.0,"[224.4, 31.3]","[[-92.29, -7.73], [224.4, 31.3], [-34.9, -153.07]]","[""red"", ""yellow"", ""blue""]","[""red"", ""green"", ""blue""]",yellow,green,s,same,4.0,1.0
0007,0007_T1_20260518_150453,Control,T1,standard,hci_substudy_v2,1,telemetry_v4,change_detection,4,formal_cd,formal,1,11,19,formal,N2_change,1779087893,60.0,2026-05-18T15:24:33.941,0,0,0,1,1176266.068,1176281.882,,,,,j,,0,2435.104,,,,1179866.068,1179961.602,1182426.908,4000,2465.306,1182426.908,"[{""stage_name"": ""fixation"", ""planned_duration_ms"": 100, ""intended_onset_ms"": 1176266.068, ""actual_onset_global_ms"": 1176281.882, ""actual_offset_global_ms"": 1176395.655, ""actual_duration_ms"": 113.773}, {""stage_name"": ""memory_array"", ""planned_duration_ms"": 2500, ""intended_onset_ms"": 1176366.068, ""actual_onset_global_ms"": 1176421.232, ""actual_offset_global_ms"": 1178926.444, ""actual_duration_ms"": 2505.212}, {""stage_name"": ""delay"", ""planned_duration_ms"": 1000, ""intended_onset_ms"": 1178926.444, ""actual_onset_global_ms"": 1178918.766, ""actual_offset_global_ms"": 1179932.297, ""actual_duration_ms"": 1013.531}, {""stage_name"": ""test_array"", ""planned_duration_ms"": 4000, ""intended_onset_ms"": 1179932.297, ""actual_onset_global_ms"": 1179961.602, ""actual_offset_global_ms"": 1182426.908, ""actual_duration_ms"": 2465.306}]",,,,,,,,,,,,,,,,,,,,,,,,,,,,,,,,,,,,,,,,,,,,,,,,,,0.0,,,,,,,,,,,,,2.0,change,0.0,"[-107.14, -121.89]","[[-107.14, -121.89], [-149.91, 41.55]]","[""yellow"", ""blue""]","[""green"", ""blue""]",yellow,green,s,same,3.0,1.0
0007,0007_T1_20260518_150453,Control,T1,standard,hci_substudy_v2,1,telemetry_v4,change_detection,4,formal_cd,formal,1,12,20,formal,N1_change,1779087893,60.0,2026-05-18T15:24:40.106,0,0,0,1,1182430.888,1182445.51,,,,,j,,0,2035.727,,,,1186030.888,1186097.815,1188151.056,4000,2053.241,1188151.056,"[{""stage_name"": ""fixation"", ""planned_duration_ms"": 100, ""intended_onset_ms"": 1182430.888, ""actual_onset_global_ms"": 1182445.51, ""actual_offset_global_ms"": 1182553.806, ""actual_duration_ms"": 108.296}, {""stage_name"": ""memory_array"", ""planned_duration_ms"": 2500, ""intended_onset_ms"": 1182530.888, ""actual_onset_global_ms"": 1182563.915, ""actual_offset_global_ms"": 1185079.778, ""actual_duration_ms"": 2515.863}, {""stage_name"": ""delay"", ""planned_duration_ms"": 1000, ""intended_onset_ms"": 1185079.778, ""actual_onset_global_ms"": 1185073.028, ""actual_offset_global_ms"": 1186082.842, ""actual_duration_ms"": 1009.814}, {""stage_name"": ""test_array"", ""planned_duration_ms"": 4000, ""intended_onset_ms"": 1186082.842, ""actual_onset_global_ms"": 1186097.815, ""actual_offset_global_ms"": 1188151.056, ""actual_duration_ms"": 2053.241}]",,,,,,,,,,,,,,,,,,,,,,,,,,,,,,,,,,,,,,,,,,,,,,,,,,0.0,,,,,,,,,,,,,1.0,change,0.0,"[-40.63, -225.85]","[[-40.63, -225.85]]","[""yellow""]","[""green""]",yellow,green,s,same,1.0,1.0
0007,0007_T1_20260518_150453,Control,T1,standard,hci_substudy_v2,1,telemetry_v4,change_detection,4,formal_cd,formal,1,13,21,formal,N3_same,1779087893,60.0,2026-05-18T15:24:45.831,0,0,0,1,1188155.95,1188171.453,,,,,s,,1,2034.26,,,,1191755.95,1191854.152,1193945.715,4000,2091.563,1193945.715,"[{""stage_name"": ""fixation"", ""planned_duration_ms"": 100, ""intended_onset_ms"": 1188155.95, ""actual_onset_global_ms"": 1188171.453, ""actual_offset_global_ms"": 1188278.742, ""actual_duration_ms"": 107.289}, {""stage_name"": ""memory_array"", ""planned_duration_ms"": 2500, ""intended_onset_ms"": 1188255.95, ""actual_onset_global_ms"": 1188323.182, ""actual_offset_global_ms"": 1190811.846, ""actual_duration_ms"": 2488.664}, {""stage_name"": ""delay"", ""planned_duration_ms"": 1000, ""intended_onset_ms"": 1190811.846, ""actual_onset_global_ms"": 1190806.062, ""actual_offset_global_ms"": 1191820.915, ""actual_duration_ms"": 1014.853}, {""stage_name"": ""test_array"", ""planned_duration_ms"": 4000, ""intended_onset_ms"": 1191820.915, ""actual_onset_global_ms"": 1191854.152, ""actual_offset_global_ms"": 1193945.715, ""actual_duration_ms"": 2091.563}]",,,,,,,,,,,,,,,,,,,,,,,,,,,,,,,,,,,,,,,,,,,,,,,,,,1.0,,,,,,,,,,,,,3.0,same,0.0,"[-235.34, -4.3]","[[-235.34, -4.3], [100.11, 257.06], [-25.99, -233.75]]","[""blue"", ""purple"", ""yellow""]","[""blue"", ""purple"", ""yellow""]",blue,blue,s,same,4.0,1.0
0007,0007_T1_20260518_150453,Control,T1,standard,hci_substudy_v2,1,telemetry_v4,change_detection,4,formal_cd,formal,1,14,22,formal,N2_same,1779087893,60.0,2026-05-18T15:24:51.625,0,0,0,1,1193949.81,1193963.393,,,,,s,,1,1494.508,,,,1197549.81,1197631.831,1199137.011,4000,1505.18,1199137.011,"[{""stage_name"": ""fixation"", ""planned_duration_ms"": 100, ""intended_onset_ms"": 1193949.81, ""actual_onset_global_ms"": 1193963.393, ""actual_offset_global_ms"": 1194072.754, ""actual_duration_ms"": 109.361}, {""stage_name"": ""memory_array"", ""planned_duration_ms"": 2500, ""intended_onset_ms"": 1194049.81, ""actual_onset_global_ms"": 1194096.082, ""actual_offset_global_ms"": 1196592.614, ""actual_duration_ms"": 2496.532}, {""stage_name"": ""delay"", ""planned_duration_ms"": 1000, ""intended_onset_ms"": 1196592.614, ""actual_onset_global_ms"": 1196585.646, ""actual_offset_global_ms"": 1197601.913, ""actual_duration_ms"": 1016.267}, {""stage_name"": ""test_array"", ""planned_duration_ms"": 4000, ""intended_onset_ms"": 1197601.913, ""actual_onset_global_ms"": 1197631.831, ""actual_offset_global_ms"": 1199137.011, ""actual_duration_ms"": 1505.18}]",,,,,,,,,,,,,,,,,,,,,,,,,,,,,,,,,,,,,,,,,,,,,,,,,,1.0,,,,,,,,,,,,,2.0,same,1.0,"[199.63, 146.41]","[[-92.65, -210.75], [199.63, 146.41]]","[""blue"", ""green""]","[""blue"", ""green""]",green,green,s,same,2.0,1.0
0007,0007_T1_20260518_150453,Control,T1,standard,hci_substudy_v2,1,telemetry_v4,change_detection,4,formal_cd,formal,1,15,23,formal,N1_change,1779087893,60.0,2026-05-18T15:24:56.817,0,0,0,1,1199141.923,1199159.139,,,,,j,,0,1454.649,,,,1202741.923,1202797.459,1204274.994,4000,1477.535,1204274.994,"[{""stage_name"": ""fixation"", ""planned_duration_ms"": 100, ""intended_onset_ms"": 1199141.923, ""actual_onset_global_ms"": 1199159.139, ""actual_offset_global_ms"": 1199267.174, ""actual_duration_ms"": 108.035}, {""stage_name"": ""memory_array"", ""planned_duration_ms"": 2500, ""intended_onset_ms"": 1199241.923, ""actual_onset_global_ms"": 1199280.692, ""actual_offset_global_ms"": 1201781.414, ""actual_duration_ms"": 2500.722}, {""stage_name"": ""delay"", ""planned_duration_ms"": 1000, ""intended_onset_ms"": 1201781.414, ""actual_onset_global_ms"": 1201774.594, ""actual_offset_global_ms"": 1202782.368, ""actual_duration_ms"": 1007.774}, {""stage_name"": ""test_array"", ""planned_duration_ms"": 4000, ""intended_onset_ms"": 1202782.368, ""actual_onset_global_ms"": 1202797.459, ""actual_offset_global_ms"": 1204274.994, ""actual_duration_ms"": 1477.535}]",,,,,,,,,,,,,,,,,,,,,,,,,,,,,,,,,,,,,,,,,,,,,,,,,,0.0,,,,,,,,,,,,,1.0,change,0.0,"[-105.83, -164.87]","[[-105.83, -164.87]]","[""red""]","[""yellow""]",red,yellow,s,same,1.0,1.0
0007,0007_T1_20260518_150453,Control,T1,standard,hci_substudy_v2,1,telemetry_v4,change_detection,4,formal_cd,formal,1,16,24,formal,N3_same,1779087893,60.0,2026-05-18T15:25:01.956,0,0,0,1,1204281.236,1204296.166,,,,,s,,1,1379.865,,,,1207881.236,1207995.56,1209396.038,4000,1400.478,1209396.038,"[{""stage_name"": ""fixation"", ""planned_duration_ms"": 100, ""intended_onset_ms"": 1204281.236, ""actual_onset_global_ms"": 1204296.166, ""actual_offset_global_ms"": 1204406.644, ""actual_duration_ms"": 110.478}, {""stage_name"": ""memory_array"", ""planned_duration_ms"": 2500, ""intended_onset_ms"": 1204381.236, ""actual_onset_global_ms"": 1204450.808, ""actual_offset_global_ms"": 1206949.481, ""actual_duration_ms"": 2498.673}, {""stage_name"": ""delay"", ""planned_duration_ms"": 1000, ""intended_onset_ms"": 1206949.481, ""actual_onset_global_ms"": 1206943.059, ""actual_offset_global_ms"": 1207961.027, ""actual_duration_ms"": 1017.968}, {""stage_name"": ""test_array"", ""planned_duration_ms"": 4000, ""intended_onset_ms"": 1207961.027, ""actual_onset_global_ms"": 1207995.56, ""actual_offset_global_ms"": 1209396.038, ""actual_duration_ms"": 1400.478}]",,,,,,,,,,,,,,,,,,,,,,,,,,,,,,,,,,,,,,,,,,,,,,,,,,1.0,,,,,,,,,,,,,3.0,same,2.0,"[-1.34, 153.18]","[[-211.4, 229.56], [10.5, -221.02], [-1.34, 153.18]]","[""yellow"", ""blue"", ""purple""]","[""yellow"", ""blue"", ""purple""]",purple,purple,s,same,3.0,1.0
0007,0007_T1_20260518_150453,Control,T1,standard,hci_substudy_v2,1,telemetry_v4,change_detection,4,formal_cd,formal,1,17,25,formal,N1_same,1779087893,60.0,2026-05-18T15:25:07.075,0,0,0,1,1209400.606,1209416.663,,,,,s,,1,1240.71,,,,1213000.606,1213060.288,1214337.892,4000,1277.604,1214337.892,"[{""stage_name"": ""fixation"", ""planned_duration_ms"": 100, ""intended_onset_ms"": 1209400.606, ""actual_onset_global_ms"": 1209416.663, ""actual_offset_global_ms"": 1209522.339, ""actual_duration_ms"": 105.676}, {""stage_name"": ""memory_array"", ""planned_duration_ms"": 2500, ""intended_onset_ms"": 1209500.606, ""actual_onset_global_ms"": 1209532.651, ""actual_offset_global_ms"": 1212035.556, ""actual_duration_ms"": 2502.905}, {""stage_name"": ""delay"", ""planned_duration_ms"": 1000, ""intended_onset_ms"": 1212035.556, ""actual_onset_global_ms"": 1212028.832, ""actual_offset_global_ms"": 1213044.082, ""actual_duration_ms"": 1015.25}, {""stage_name"": ""test_array"", ""planned_duration_ms"": 4000, ""intended_onset_ms"": 1213044.082, ""actual_onset_global_ms"": 1213060.288, ""actual_offset_global_ms"": 1214337.892, ""actual_duration_ms"": 1277.604}]",,,,,,,,,,,,,,,,,,,,,,,,,,,,,,,,,,,,,,,,,,,,,,,,,,1.0,,,,,,,,,,,,,1.0,same,0.0,"[-201.85, -25.79]","[[-201.85, -25.79]]","[""blue""]","[""blue""]",blue,blue,s,same,1.0,1.0
0007,0007_T1_20260518_150453,Control,T1,standard,hci_substudy_v2,1,telemetry_v4,change_detection,4,formal_cd,formal,1,18,26,formal,N2_change,1779087893,60.0,2026-05-18T15:25:12.018,0,0,0,1,1214343.205,1214360.888,,,,,j,,0,3484.049,,,,1217943.205,1218056.768,1221587.699,4000,3530.931,1221587.699,"[{""stage_name"": ""fixation"", ""planned_duration_ms"": 100, ""intended_onset_ms"": 1214343.205, ""actual_onset_global_ms"": 1214360.888, ""actual_offset_global_ms"": 1214468.541, ""actual_duration_ms"": 107.653}, {""stage_name"": ""memory_array"", ""planned_duration_ms"": 2500, ""intended_onset_ms"": 1214443.205, ""actual_onset_global_ms"": 1214490.742, ""actual_offset_global_ms"": 1217020.686, ""actual_duration_ms"": 2529.944}, {""stage_name"": ""delay"", ""planned_duration_ms"": 1000, ""intended_onset_ms"": 1217020.686, ""actual_onset_global_ms"": 1217017.61, ""actual_offset_global_ms"": 1218024.021, ""actual_duration_ms"": 1006.411}, {""stage_name"": ""test_array"", ""planned_duration_ms"": 4000, ""intended_onset_ms"": 1218024.021, ""actual_onset_global_ms"": 1218056.768, ""actual_offset_global_ms"": 1221587.699, ""actual_duration_ms"": 3530.931}]",,,,,,,,,,,,,,,,,,,,,,,,,,,,,,,,,,,,,,,,,,,,,,,,,,0.0,,,,,,,,,,,,,2.0,change,0.0,"[185.73, 250.62]","[[185.73, 250.62], [-236.01, -137.51]]","[""purple"", ""green""]","[""blue"", ""green""]",purple,blue,s,same,2.0,1.0
0007,0007_T1_20260518_150453,Control,T1,standard,hci_substudy_v2,1,telemetry_v4,change_detection,4,formal_cd,formal,1,19,27,formal,N4_same,1779087893,60.0,2026-05-18T15:25:19.266,0,0,0,1,1221591.681,1221605.625,,,,,s,,1,2197.954,,,,1225191.681,1225292.901,1227539.797,4000,2246.896,1227539.797,"[{""stage_name"": ""fixation"", ""planned_duration_ms"": 100, ""intended_onset_ms"": 1221591.681, ""actual_onset_global_ms"": 1221605.625, ""actual_offset_global_ms"": 1221710.211, ""actual_duration_ms"": 104.586}, {""stage_name"": ""memory_array"", ""planned_duration_ms"": 2500, ""intended_onset_ms"": 1221691.681, ""actual_onset_global_ms"": 1221754.797, ""actual_offset_global_ms"": 1224239.031, ""actual_duration_ms"": 2484.234}, {""stage_name"": ""delay"", ""planned_duration_ms"": 1000, ""intended_onset_ms"": 1224239.031, ""actual_onset_global_ms"": 1224232.084, ""actual_offset_global_ms"": 1225246.579, ""actual_duration_ms"": 1014.495}, {""stage_name"": ""test_array"", ""planned_duration_ms"": 4000, ""intended_onset_ms"": 1225246.579, ""actual_onset_global_ms"": 1225292.901, ""actual_offset_global_ms"": 1227539.797, ""actual_duration_ms"": 2246.896}]",,,,,,,,,,,,,,,,,,,,,,,,,,,,,,,,,,,,,,,,,,,,,,,,,,1.0,,,,,,,,,,,,,4.0,same,0.0,"[128.92, -142.87]","[[128.92, -142.87], [-201.67, -23.17], [87.72, 176.75], [4.94, 107.8]]","[""green"", ""blue"", ""purple"", ""yellow""]","[""green"", ""blue"", ""purple"", ""yellow""]",green,green,s,same,7.0,1.0
0007,0007_T1_20260518_150453,Control,T1,standard,hci_substudy_v2,1,telemetry_v4,change_detection,4,formal_cd,formal,1,20,28,formal,N3_change,1779087893,60.0,2026-05-18T15:25:25.220,0,0,0,1,1227545.254,1227562.757,,,,,j,,0,1618.716,,,,1231145.254,1231250.99,1232882.062,4000,1631.072,1232882.062,"[{""stage_name"": ""fixation"", ""planned_duration_ms"": 100, ""intended_onset_ms"": 1227545.254, ""actual_onset_global_ms"": 1227562.757, ""actual_offset_global_ms"": 1227673.599, ""actual_duration_ms"": 110.842}, {""stage_name"": ""memory_array"", ""planned_duration_ms"": 2500, ""intended_onset_ms"": 1227645.254, ""actual_onset_global_ms"": 1227718.315, ""actual_offset_global_ms"": 1230200.336, ""actual_duration_ms"": 2482.021}, {""stage_name"": ""delay"", ""planned_duration_ms"": 1000, ""intended_onset_ms"": 1230200.336, ""actual_onset_global_ms"": 1230194.256, ""actual_offset_global_ms"": 1231205.144, ""actual_duration_ms"": 1010.888}, {""stage_name"": ""test_array"", ""planned_duration_ms"": 4000, ""intended_onset_ms"": 1231205.144, ""actual_onset_global_ms"": 1231250.99, ""actual_offset_global_ms"": 1232882.062, ""actual_duration_ms"": 1631.072}]",,,,,,,,,,,,,,,,,,,,,,,,,,,,,,,,,,,,,,,,,,,,,,,,,,0.0,,,,,,,,,,,,,3.0,change,1.0,"[97.23, -20.85]","[[200.5, 14.51], [97.23, -20.85], [-61.49, 186.72]]","[""purple"", ""yellow"", ""blue""]","[""purple"", ""red"", ""blue""]",yellow,red,s,same,3.0,1.0
0007,0007_T1_20260518_150453,Control,T1,standard,hci_substudy_v2,1,telemetry_v4,change_detection,4,formal_cd,formal,1,21,29,formal,N4_change,1779087893,60.0,2026-05-18T15:25:30.563,0,0,0,1,1232887.456,1232902.249,,,,,j,,1,3285.877,,,,1236487.456,1236589.966,1239903.396,4000,3313.43,1239903.396,"[{""stage_name"": ""fixation"", ""planned_duration_ms"": 100, ""intended_onset_ms"": 1232887.456, ""actual_onset_global_ms"": 1232902.249, ""actual_offset_global_ms"": 1233014.313, ""actual_duration_ms"": 112.064}, {""stage_name"": ""memory_array"", ""planned_duration_ms"": 2500, ""intended_onset_ms"": 1232987.456, ""actual_onset_global_ms"": 1233073.613, ""actual_offset_global_ms"": 1235521.679, ""actual_duration_ms"": 2448.066}, {""stage_name"": ""delay"", ""planned_duration_ms"": 1000, ""intended_onset_ms"": 1235521.679, ""actual_onset_global_ms"": 1235517.509, ""actual_offset_global_ms"": 1236528.984, ""actual_duration_ms"": 1011.475}, {""stage_name"": ""test_array"", ""planned_duration_ms"": 4000, ""intended_onset_ms"": 1236528.984, ""actual_onset_global_ms"": 1236589.966, ""actual_offset_global_ms"": 1239903.396, ""actual_duration_ms"": 3313.43}]",,,,,,,,,,,,,,,,,,,,,,,,,,,,,,,,,,,,,,,,,,,,,,,,,,1.0,,,,,,,,,,,,,4.0,change,0.0,"[-228.24, -83.68]","[[-228.24, -83.68], [-71.41, -230.93], [-118.43, -23.47], [228.75, 249.43]]","[""green"", ""yellow"", ""blue"", ""purple""]","[""red"", ""yellow"", ""blue"", ""purple""]",green,red,j,change,6.0,1.0
0007,0007_T1_20260518_150453,Control,T1,standard,hci_substudy_v2,1,telemetry_v4,change_detection,4,formal_cd,formal,1,22,30,formal,N3_change,1779087893,60.0,2026-05-18T15:25:37.583,0,0,0,1,1239908.74,1239925.917,,,,,j,,1,2892.669,,,,1243508.74,1243593.202,1246554.123,4000,2960.921,1246554.123,"[{""stage_name"": ""fixation"", ""planned_duration_ms"": 100, ""intended_onset_ms"": 1239908.74, ""actual_onset_global_ms"": 1239925.917, ""actual_offset_global_ms"": 1240039.777, ""actual_duration_ms"": 113.86}, {""stage_name"": ""memory_array"", ""planned_duration_ms"": 2500, ""intended_onset_ms"": 1240008.74, ""actual_onset_global_ms"": 1240085.855, ""actual_offset_global_ms"": 1242543.243, ""actual_duration_ms"": 2457.388}, {""stage_name"": ""delay"", ""planned_duration_ms"": 1000, ""intended_onset_ms"": 1242543.243, ""actual_onset_global_ms"": 1242539.234, ""actual_offset_global_ms"": 1243545.843, ""actual_duration_ms"": 1006.609}, {""stage_name"": ""test_array"", ""planned_duration_ms"": 4000, ""intended_onset_ms"": 1243545.843, ""actual_onset_global_ms"": 1243593.202, ""actual_offset_global_ms"": 1246554.123, ""actual_duration_ms"": 2960.921}]",,,,,,,,,,,,,,,,,,,,,,,,,,,,,,,,,,,,,,,,,,,,,,,,,,1.0,,,,,,,,,,,,,3.0,change,1.0,"[150.27, 6.32]","[[-82.81, -227.39], [150.27, 6.32], [254.95, -7.58]]","[""blue"", ""purple"", ""red""]","[""blue"", ""yellow"", ""red""]",purple,yellow,j,change,5.0,1.0
0007,0007_T1_20260518_150453,Control,T1,standard,hci_substudy_v2,1,telemetry_v4,change_detection,4,formal_cd,formal,1,23,31,formal,N4_same,1779087893,60.0,2026-05-18T15:25:44.235,0,0,0,1,1246559.557,1246573.91,,,,,s,,1,2271.562,,,,1250159.557,1250285.433,1252587.852,4000,2302.419,1252587.852,"[{""stage_name"": ""fixation"", ""planned_duration_ms"": 100, ""intended_onset_ms"": 1246559.557, ""actual_onset_global_ms"": 1246573.91, ""actual_offset_global_ms"": 1246690.545, ""actual_duration_ms"": 116.635}, {""stage_name"": ""memory_array"", ""planned_duration_ms"": 2500, ""intended_onset_ms"": 1246659.557, ""actual_onset_global_ms"": 1246750.59, ""actual_offset_global_ms"": 1249215.406, ""actual_duration_ms"": 2464.816}, {""stage_name"": ""delay"", ""planned_duration_ms"": 1000, ""intended_onset_ms"": 1249215.406, ""actual_onset_global_ms"": 1249211.376, ""actual_offset_global_ms"": 1250223.009, ""actual_duration_ms"": 1011.633}, {""stage_name"": ""test_array"", ""planned_duration_ms"": 4000, ""intended_onset_ms"": 1250223.009, ""actual_onset_global_ms"": 1250285.433, ""actual_offset_global_ms"": 1252587.852, ""actual_duration_ms"": 2302.419}]",,,,,,,,,,,,,,,,,,,,,,,,,,,,,,,,,,,,,,,,,,,,,,,,,,1.0,,,,,,,,,,,,,4.0,same,0.0,"[-152.89, 6.06]","[[-152.89, 6.06], [112.17, -129.76], [-87.63, 113.6], [-234.75, -138.0]]","[""purple"", ""blue"", ""red"", ""yellow""]","[""purple"", ""blue"", ""red"", ""yellow""]",purple,purple,s,same,4.0,1.0
0007,0007_T1_20260518_150453,Control,T1,standard,hci_substudy_v2,1,telemetry_v4,change_detection,4,formal_cd,formal,1,24,32,formal,N2_same,1779087893,60.0,2026-05-18T15:25:50.267,0,0,0,1,1252592.048,1252608.624,,,,,s,,1,1915.445,,,,1256192.048,1256275.094,1258204.437,4000,1929.343,1258204.437,"[{""stage_name"": ""fixation"", ""planned_duration_ms"": 100, ""intended_onset_ms"": 1252592.048, ""actual_onset_global_ms"": 1252608.624, ""actual_offset_global_ms"": 1252716.006, ""actual_duration_ms"": 107.382}, {""stage_name"": ""memory_array"", ""planned_duration_ms"": 2500, ""intended_onset_ms"": 1252692.048, ""actual_onset_global_ms"": 1252739.498, ""actual_offset_global_ms"": 1255234.963, ""actual_duration_ms"": 2495.465}, {""stage_name"": ""delay"", ""planned_duration_ms"": 1000, ""intended_onset_ms"": 1255234.963, ""actual_onset_global_ms"": 1255228.057, ""actual_offset_global_ms"": 1256244.052, ""actual_duration_ms"": 1015.995}, {""stage_name"": ""test_array"", ""planned_duration_ms"": 4000, ""intended_onset_ms"": 1256244.052, ""actual_onset_global_ms"": 1256275.094, ""actual_offset_global_ms"": 1258204.437, ""actual_duration_ms"": 1929.343}]",,,,,,,,,,,,,,,,,,,,,,,,,,,,,,,,,,,,,,,,,,,,,,,,,,1.0,,,,,,,,,,,,,2.0,same,1.0,"[199.43, -137.77]","[[136.04, -24.13], [199.43, -137.77]]","[""blue"", ""green""]","[""blue"", ""green""]",green,green,s,same,3.0,1.0
0007,0007_T1_20260518_150453,Control,T1,standard,hci_substudy_v2,1,telemetry_v4,change_detection,4,formal_cd,formal,1,25,33,formal,N2_change,1779087893,60.0,2026-05-18T15:25:55.885,0,0,0,1,1258209.649,1258227.758,,,,,j,,0,2558.827,,,,1261809.649,1261899.288,1264481.523,4000,2582.235,1264481.523,"[{""stage_name"": ""fixation"", ""planned_duration_ms"": 100, ""intended_onset_ms"": 1258209.649, ""actual_onset_global_ms"": 1258227.758, ""actual_offset_global_ms"": 1258337.291, ""actual_duration_ms"": 109.533}, {""stage_name"": ""memory_array"", ""planned_duration_ms"": 2500, ""intended_onset_ms"": 1258309.649, ""actual_onset_global_ms"": 1258367.615, ""actual_offset_global_ms"": 1260857.71, ""actual_duration_ms"": 2490.095}, {""stage_name"": ""delay"", ""planned_duration_ms"": 1000, ""intended_onset_ms"": 1260857.71, ""actual_onset_global_ms"": 1260851.556, ""actual_offset_global_ms"": 1261868.425, ""actual_duration_ms"": 1016.869}, {""stage_name"": ""test_array"", ""planned_duration_ms"": 4000, ""intended_onset_ms"": 1261868.425, ""actual_onset_global_ms"": 1261899.288, ""actual_offset_global_ms"": 1264481.523, ""actual_duration_ms"": 2582.235}]",,,,,,,,,,,,,,,,,,,,,,,,,,,,,,,,,,,,,,,,,,,,,,,,,,0.0,,,,,,,,,,,,,2.0,change,1.0,"[-28.33, -220.4]","[[78.71, -91.01], [-28.33, -220.4]]","[""green"", ""yellow""]","[""green"", ""purple""]",yellow,purple,s,same,2.0,1.0
0007,0007_T1_20260518_150453,Control,T1,standard,hci_substudy_v2,1,telemetry_v4,change_detection,4,formal_cd,formal,1,26,34,formal,N2_same,1779087893,60.0,2026-05-18T15:26:02.162,0,0,0,1,1264486.835,1264501.394,,,,,s,,1,1558.642,,,,1268086.835,1268172.46,1269760.854,4000,1588.394,1269760.854,"[{""stage_name"": ""fixation"", ""planned_duration_ms"": 100, ""intended_onset_ms"": 1264486.835, ""actual_onset_global_ms"": 1264501.394, ""actual_offset_global_ms"": 1264614.113, ""actual_duration_ms"": 112.719}, {""stage_name"": ""memory_array"", ""planned_duration_ms"": 2500, ""intended_onset_ms"": 1264586.835, ""actual_onset_global_ms"": 1264645.637, ""actual_offset_global_ms"": 1267137.665, ""actual_duration_ms"": 2492.028}, {""stage_name"": ""delay"", ""planned_duration_ms"": 1000, ""intended_onset_ms"": 1267137.665, ""actual_onset_global_ms"": 1267130.333, ""actual_offset_global_ms"": 1268140.483, ""actual_duration_ms"": 1010.15}, {""stage_name"": ""test_array"", ""planned_duration_ms"": 4000, ""intended_onset_ms"": 1268140.483, ""actual_onset_global_ms"": 1268172.46, ""actual_offset_global_ms"": 1269760.854, ""actual_duration_ms"": 1588.394}]",,,,,,,,,,,,,,,,,,,,,,,,,,,,,,,,,,,,,,,,,,,,,,,,,,1.0,,,,,,,,,,,,,2.0,same,1.0,"[196.1, -128.15]","[[36.4, 198.73], [196.1, -128.15]]","[""purple"", ""yellow""]","[""purple"", ""yellow""]",yellow,yellow,s,same,3.0,1.0
0007,0007_T1_20260518_150453,Control,T1,standard,hci_substudy_v2,1,telemetry_v4,change_detection,4,formal_cd,formal,1,27,35,formal,N3_change,1779087893,60.0,2026-05-18T15:26:07.440,0,0,0,1,1269765.196,1269781.976,,,,,j,,0,1931.606,,,,1273365.196,1273491.3,1275481.502,4000,1990.202,1275481.502,"[{""stage_name"": ""fixation"", ""planned_duration_ms"": 100, ""intended_onset_ms"": 1269765.196, ""actual_onset_global_ms"": 1269781.976, ""actual_offset_global_ms"": 1269893.386, ""actual_duration_ms"": 111.41}, {""stage_name"": ""memory_array"", ""planned_duration_ms"": 2500, ""intended_onset_ms"": 1269865.196, ""actual_onset_global_ms"": 1269939.484, ""actual_offset_global_ms"": 1272445.625, ""actual_duration_ms"": 2506.141}, {""stage_name"": ""delay"", ""planned_duration_ms"": 1000, ""intended_onset_ms"": 1272445.625, ""actual_onset_global_ms"": 1272438.946, ""actual_offset_global_ms"": 1273446.605, ""actual_duration_ms"": 1007.659}, {""stage_name"": ""test_array"", ""planned_duration_ms"": 4000, ""intended_onset_ms"": 1273446.605, ""actual_onset_global_ms"": 1273491.3, ""actual_offset_global_ms"": 1275481.502, ""actual_duration_ms"": 1990.202}]",,,,,,,,,,,,,,,,,,,,,,,,,,,,,,,,,,,,,,,,,,,,,,,,,,0.0,,,,,,,,,,,,,3.0,change,2.0,"[180.14, -228.61]","[[-84.73, 106.85], [160.11, -18.92], [180.14, -228.61]]","[""yellow"", ""red"", ""purple""]","[""yellow"", ""red"", ""green""]",purple,green,s,same,4.0,1.0
0007,0007_T1_20260518_150453,Control,T1,standard,hci_substudy_v2,1,telemetry_v4,change_detection,4,formal_cd,formal,1,28,36,formal,N1_same,1779087893,60.0,2026-05-18T15:26:13.162,0,0,0,1,1275487.082,1275502.02,,,,,s,,1,2002.025,,,,1279087.082,1279150.249,1281191.396,4000,2041.147,1281191.396,"[{""stage_name"": ""fixation"", ""planned_duration_ms"": 100, ""intended_onset_ms"": 1275487.082, ""actual_onset_global_ms"": 1275502.02, ""actual_offset_global_ms"": 1275617.025, ""actual_duration_ms"": 115.005}, {""stage_name"": ""memory_array"", ""planned_duration_ms"": 2500, ""intended_onset_ms"": 1275587.082, ""actual_onset_global_ms"": 1275631.279, ""actual_offset_global_ms"": 1278131.217, ""actual_duration_ms"": 2499.938}, {""stage_name"": ""delay"", ""planned_duration_ms"": 1000, ""intended_onset_ms"": 1278131.217, ""actual_onset_global_ms"": 1278124.942, ""actual_offset_global_ms"": 1279134.491, ""actual_duration_ms"": 1009.549}, {""stage_name"": ""test_array"", ""planned_duration_ms"": 4000, ""intended_onset_ms"": 1279134.491, ""actual_onset_global_ms"": 1279150.249, ""actual_offset_global_ms"": 1281191.396, ""actual_duration_ms"": 2041.147}]",,,,,,,,,,,,,,,,,,,,,,,,,,,,,,,,,,,,,,,,,,,,,,,,,,1.0,,,,,,,,,,,,,1.0,same,0.0,"[12.38, 159.75]","[[12.38, 159.75]]","[""green""]","[""green""]",green,green,s,same,1.0,1.0
0007,0007_T1_20260518_150453,Control,T1,standard,hci_substudy_v2,1,telemetry_v4,change_detection,4,formal_cd,formal,1,29,37,formal,N4_change,1779087893,60.0,2026-05-18T15:26:18.872,0,0,0,1,1281197.24,1281215.449,,,,,j,,0,1107.985,,,,1284797.24,1284914.961,1286109.161,4000,1194.2,1286109.161,"[{""stage_name"": ""fixation"", ""planned_duration_ms"": 100, ""intended_onset_ms"": 1281197.24, ""actual_onset_global_ms"": 1281215.449, ""actual_offset_global_ms"": 1281328.76, ""actual_duration_ms"": 113.311}, {""stage_name"": ""memory_array"", ""planned_duration_ms"": 2500, ""intended_onset_ms"": 1281297.24, ""actual_onset_global_ms"": 1281388.972, ""actual_offset_global_ms"": 1283844.442, ""actual_duration_ms"": 2455.47}, {""stage_name"": ""delay"", ""planned_duration_ms"": 1000, ""intended_onset_ms"": 1283844.442, ""actual_onset_global_ms"": 1283841.276, ""actual_offset_global_ms"": 1284853.986, ""actual_duration_ms"": 1012.71}, {""stage_name"": ""test_array"", ""planned_duration_ms"": 4000, ""intended_onset_ms"": 1284853.986, ""actual_onset_global_ms"": 1284914.961, ""actual_offset_global_ms"": 1286109.161, ""actual_duration_ms"": 1194.2}]",,,,,,,,,,,,,,,,,,,,,,,,,,,,,,,,,,,,,,,,,,,,,,,,,,0.0,,,,,,,,,,,,,4.0,change,0.0,"[-77.45, -259.16]","[[-77.45, -259.16], [-256.82, 147.01], [162.17, -30.84], [51.62, 207.61]]","[""green"", ""red"", ""purple"", ""yellow""]","[""blue"", ""red"", ""purple"", ""yellow""]",green,blue,s,same,4.0,1.0
0007,0007_T1_20260518_150453,Control,T1,standard,hci_substudy_v2,1,telemetry_v4,change_detection,4,formal_cd,formal,1,30,38,formal,N1_same,1779087893,60.0,2026-05-18T15:26:23.790,0,0,0,1,1286114.396,1286132.11,,,,,s,,1,242.522,,,,1289714.396,1289775.518,1290046.051,4000,270.533,1290046.051,"[{""stage_name"": ""fixation"", ""planned_duration_ms"": 100, ""intended_onset_ms"": 1286114.396, ""actual_onset_global_ms"": 1286132.11, ""actual_offset_global_ms"": 1286245.085, ""actual_duration_ms"": 112.975}, {""stage_name"": ""memory_array"", ""planned_duration_ms"": 2500, ""intended_onset_ms"": 1286214.396, ""actual_onset_global_ms"": 1286260.713, ""actual_offset_global_ms"": 1288758.401, ""actual_duration_ms"": 2497.688}, {""stage_name"": ""delay"", ""planned_duration_ms"": 1000, ""intended_onset_ms"": 1288758.401, ""actual_onset_global_ms"": 1288752.411, ""actual_offset_global_ms"": 1289758.6, ""actual_duration_ms"": 1006.189}, {""stage_name"": ""test_array"", ""planned_duration_ms"": 4000, ""intended_onset_ms"": 1289758.6, ""actual_onset_global_ms"": 1289775.518, ""actual_offset_global_ms"": 1290046.051, ""actual_duration_ms"": 270.533}]",,,,,,,,,,,,,,,,,,,,,,,,,,,,,,,,,,,,,,,,,,,,,,,,,,1.0,,,,,,,,,,,,,1.0,same,0.0,"[-109.63, -194.92]","[[-109.63, -194.92]]","[""yellow""]","[""yellow""]",yellow,yellow,s,same,1.0,1.0
0007,0007_T1_20260518_150453,Control,T1,standard,hci_substudy_v2,1,telemetry_v4,change_detection,4,formal_cd,formal,1,31,39,formal,N4_same,1779087893,60.0,2026-05-18T15:26:27.727,0,0,0,1,1290051.73,1290066.226,,,,,s,,1,222.734,,,,1293651.73,1293760.045,1294007.353,4000,247.308,1294007.353,"[{""stage_name"": ""fixation"", ""planned_duration_ms"": 100, ""intended_onset_ms"": 1290051.73, ""actual_onset_global_ms"": 1290066.226, ""actual_offset_global_ms"": 1290177.872, ""actual_duration_ms"": 111.646}, {""stage_name"": ""memory_array"", ""planned_duration_ms"": 2500, ""intended_onset_ms"": 1290151.73, ""actual_onset_global_ms"": 1290237.738, ""actual_offset_global_ms"": 1292689.954, ""actual_duration_ms"": 2452.216}, {""stage_name"": ""delay"", ""planned_duration_ms"": 1000, ""intended_onset_ms"": 1292689.954, ""actual_onset_global_ms"": 1292686.243, ""actual_offset_global_ms"": 1293697.898, ""actual_duration_ms"": 1011.655}, {""stage_name"": ""test_array"", ""planned_duration_ms"": 4000, ""intended_onset_ms"": 1293697.898, ""actual_onset_global_ms"": 1293760.045, ""actual_offset_global_ms"": 1294007.353, ""actual_duration_ms"": 247.308}]",,,,,,,,,,,,,,,,,,,,,,,,,,,,,,,,,,,,,,,,,,,,,,,,,,1.0,,,,,,,,,,,,,4.0,same,2.0,"[257.94, -74.58]","[[-140.96, 9.58], [-93.44, -204.59], [257.94, -74.58], [-164.03, 244.44]]","[""green"", ""purple"", ""blue"", ""red""]","[""green"", ""purple"", ""blue"", ""red""]",blue,blue,s,same,5.0,1.0
0007,0007_T1_20260518_150453,Control,T1,standard,hci_substudy_v2,1,telemetry_v4,change_detection,4,formal_cd,formal,1,32,40,formal,N3_change,1779087893,60.0,2026-05-18T15:26:31.688,0,0,0,1,1294013.012,1294030.229,,,,,j,,0,250.044,,,,1297613.012,1297742.176,1298005.567,4000,263.391,1298005.567,"[{""stage_name"": ""fixation"", ""planned_duration_ms"": 100, ""intended_onset_ms"": 1294013.012, ""actual_onset_global_ms"": 1294030.229, ""actual_offset_global_ms"": 1294144.044, ""actual_duration_ms"": 113.815}, {""stage_name"": ""memory_array"", ""planned_duration_ms"": 2500, ""intended_onset_ms"": 1294113.012, ""actual_onset_global_ms"": 1294189.673, ""actual_offset_global_ms"": 1296689.851, ""actual_duration_ms"": 2500.178}, {""stage_name"": ""delay"", ""planned_duration_ms"": 1000, ""intended_onset_ms"": 1296689.851, ""actual_onset_global_ms"": 1296684.038, ""actual_offset_global_ms"": 1297692.813, ""actual_duration_ms"": 1008.775}, {""stage_name"": ""test_array"", ""planned_duration_ms"": 4000, ""intended_onset_ms"": 1297692.813, ""actual_onset_global_ms"": 1297742.176, ""actual_offset_global_ms"": 1298005.567, ""actual_duration_ms"": 263.391}]",,,,,,,,,,,,,,,,,,,,,,,,,,,,,,,,,,,,,,,,,,,,,,,,,,0.0,,,,,,,,,,,,,3.0,change,1.0,"[-94.68, 236.98]","[[-96.31, -92.07], [-94.68, 236.98], [223.1, -201.83]]","[""green"", ""purple"", ""blue""]","[""green"", ""yellow"", ""blue""]",purple,yellow,s,same,5.0,1.0
0007,0007_T1_20260518_150453,Control,T1,standard,hci_substudy_v2,1,telemetry_v4,change_detection,4,formal_cd,formal,1,33,41,formal,N1_change,1779087893,60.0,2026-05-18T15:26:35.687,0,0,0,1,1298011.626,1298026.809,,,,,j,,1,1998.393,,,,1301611.626,1301667.969,1303708.049,4000,2040.08,1303708.049,"[{""stage_name"": ""fixation"", ""planned_duration_ms"": 100, ""intended_onset_ms"": 1298011.626, ""actual_onset_global_ms"": 1298026.809, ""actual_offset_global_ms"": 1298140.972, ""actual_duration_ms"": 114.163}, {""stage_name"": ""memory_array"", ""planned_duration_ms"": 2500, ""intended_onset_ms"": 1298111.626, ""actual_onset_global_ms"": 1298155.511, ""actual_offset_global_ms"": 1300650.918, ""actual_duration_ms"": 2495.407}, {""stage_name"": ""delay"", ""planned_duration_ms"": 1000, ""intended_onset_ms"": 1300650.918, ""actual_onset_global_ms"": 1300644.867, ""actual_offset_global_ms"": 1301653.22, ""actual_duration_ms"": 1008.353}, {""stage_name"": ""test_array"", ""planned_duration_ms"": 4000, ""intended_onset_ms"": 1301653.22, ""actual_onset_global_ms"": 1301667.969, ""actual_offset_global_ms"": 1303708.049, ""actual_duration_ms"": 2040.08}]",,,,,,,,,,,,,,,,,,,,,,,,,,,,,,,,,,,,,,,,,,,,,,,,,,1.0,,,,,,,,,,,,,1.0,change,0.0,"[-151.34, -76.65]","[[-151.34, -76.65]]","[""green""]","[""purple""]",green,purple,j,change,1.0,1.0
0007,0007_T1_20260518_150453,Control,T1,standard,hci_substudy_v2,1,telemetry_v4,change_detection,4,formal_cd,formal,1,34,42,formal,N4_change,1779087893,60.0,2026-05-18T15:26:41.389,0,0,0,1,1303713.896,1303731.733,,,,,j,,0,1960.988,,,,1307313.896,1307430.044,1309469.597,4000,2039.553,1309469.597,"[{""stage_name"": ""fixation"", ""planned_duration_ms"": 100, ""intended_onset_ms"": 1303713.896, ""actual_onset_global_ms"": 1303731.733, ""actual_offset_global_ms"": 1303844.26, ""actual_duration_ms"": 112.527}, {""stage_name"": ""memory_array"", ""planned_duration_ms"": 2500, ""intended_onset_ms"": 1303813.896, ""actual_onset_global_ms"": 1303902.591, ""actual_offset_global_ms"": 1306361.209, ""actual_duration_ms"": 2458.618}, {""stage_name"": ""delay"", ""planned_duration_ms"": 1000, ""intended_onset_ms"": 1306361.209, ""actual_onset_global_ms"": 1306356.22, ""actual_offset_global_ms"": 1307366.721, ""actual_duration_ms"": 1010.501}, {""stage_name"": ""test_array"", ""planned_duration_ms"": 4000, ""intended_onset_ms"": 1307366.721, ""actual_onset_global_ms"": 1307430.044, ""actual_offset_global_ms"": 1309469.597, ""actual_duration_ms"": 2039.553}]",,,,,,,,,,,,,,,,,,,,,,,,,,,,,,,,,,,,,,,,,,,,,,,,,,0.0,,,,,,,,,,,,,4.0,change,2.0,"[-195.82, -103.07]","[[-142.68, 167.77], [73.9, -71.45], [-195.82, -103.07], [250.99, 122.4]]","[""red"", ""purple"", ""yellow"", ""green""]","[""red"", ""purple"", ""blue"", ""green""]",yellow,blue,s,same,4.0,1.0
0007,0007_T1_20260518_150453,Control,T1,standard,hci_substudy_v2,1,telemetry_v4,change_detection,4,formal_cd,formal,1,35,43,formal,N3_same,1779087893,60.0,2026-05-18T15:26:47.150,0,0,0,1,1309475.054,1309489.675,,,,,s,,0,1552.704,,,,1313075.054,1313208.246,1314796.482,4000,1588.236,1314796.482,"[{""stage_name"": ""fixation"", ""planned_duration_ms"": 100, ""intended_onset_ms"": 1309475.054, ""actual_onset_global_ms"": 1309489.675, ""actual_offset_global_ms"": 1309601.324, ""actual_duration_ms"": 111.649}, {""stage_name"": ""memory_array"", ""planned_duration_ms"": 2500, ""intended_onset_ms"": 1309575.054, ""actual_onset_global_ms"": 1309645.566, ""actual_offset_global_ms"": 1312158.503, ""actual_duration_ms"": 2512.937}, {""stage_name"": ""delay"", ""planned_duration_ms"": 1000, ""intended_onset_ms"": 1312158.503, ""actual_onset_global_ms"": 1312152.361, ""actual_offset_global_ms"": 1313161.913, ""actual_duration_ms"": 1009.552}, {""stage_name"": ""test_array"", ""planned_duration_ms"": 4000, ""intended_onset_ms"": 1313161.913, ""actual_onset_global_ms"": 1313208.246, ""actual_offset_global_ms"": 1314796.482, ""actual_duration_ms"": 1588.236}]",,,,,,,,,,,,,,,,,,,,,,,,,,,,,,,,,,,,,,,,,,,,,,,,,,0.0,,,,,,,,,,,,,3.0,same,0.0,"[239.77, -220.0]","[[239.77, -220.0], [3.66, -96.14], [-136.95, -40.01]]","[""green"", ""red"", ""purple""]","[""green"", ""red"", ""purple""]",green,green,j,change,4.0,1.0
0007,0007_T1_20260518_150453,Control,T1,standard,hci_substudy_v2,1,telemetry_v4,change_detection,4,formal_cd,formal,1,36,44,formal,N2_same,1779087893,60.0,2026-05-18T15:26:52.477,0,0,0,1,1314802.068,1314819.898,,,,,s,,1,1435.718,,,,1318402.068,1318497.672,1319944.555,4000,1446.883,1319944.555,"[{""stage_name"": ""fixation"", ""planned_duration_ms"": 100, ""intended_onset_ms"": 1314802.068, ""actual_onset_global_ms"": 1314819.898, ""actual_offset_global_ms"": 1314921.519, ""actual_duration_ms"": 101.621}, {""stage_name"": ""memory_array"", ""planned_duration_ms"": 2500, ""intended_onset_ms"": 1314902.068, ""actual_onset_global_ms"": 1314952.22, ""actual_offset_global_ms"": 1317465.458, ""actual_duration_ms"": 2513.238}, {""stage_name"": ""delay"", ""planned_duration_ms"": 1000, ""intended_onset_ms"": 1317465.458, ""actual_onset_global_ms"": 1317458.708, ""actual_offset_global_ms"": 1318466.214, ""actual_duration_ms"": 1007.506}, {""stage_name"": ""test_array"", ""planned_duration_ms"": 4000, ""intended_onset_ms"": 1318466.214, ""actual_onset_global_ms"": 1318497.672, ""actual_offset_global_ms"": 1319944.555, ""actual_duration_ms"": 1446.883}]",,,,,,,,,,,,,,,,,,,,,,,,,,,,,,,,,,,,,,,,,,,,,,,,,,1.0,,,,,,,,,,,,,2.0,same,1.0,"[-159.41, 185.22]","[[63.88, 191.76], [-159.41, 185.22]]","[""red"", ""green""]","[""red"", ""green""]",green,green,s,same,2.0,1.0
0007,0007_T1_20260518_150453,Control,T1,standard,hci_substudy_v2,1,telemetry_v4,change_detection,4,formal_cd,formal,1,37,45,formal,N1_same,1779087893,60.0,2026-05-18T15:26:57.625,0,0,0,1,1319950.349,1319966.916,,,,,s,,1,2230.71,,,,1323550.349,1323605.203,1325868.771,4000,2263.568,1325868.771,"[{""stage_name"": ""fixation"", ""planned_duration_ms"": 100, ""intended_onset_ms"": 1319950.349, ""actual_onset_global_ms"": 1319966.916, ""actual_offset_global_ms"": 1320076.045, ""actual_duration_ms"": 109.129}, {""stage_name"": ""memory_array"", ""planned_duration_ms"": 2500, ""intended_onset_ms"": 1320050.349, ""actual_onset_global_ms"": 1320092.133, ""actual_offset_global_ms"": 1322585.445, ""actual_duration_ms"": 2493.312}, {""stage_name"": ""delay"", ""planned_duration_ms"": 1000, ""intended_onset_ms"": 1322585.445, ""actual_onset_global_ms"": 1322578.754, ""actual_offset_global_ms"": 1323588.964, ""actual_duration_ms"": 1010.21}, {""stage_name"": ""test_array"", ""planned_duration_ms"": 4000, ""intended_onset_ms"": 1323588.964, ""actual_onset_global_ms"": 1323605.203, ""actual_offset_global_ms"": 1325868.771, ""actual_duration_ms"": 2263.568}]",,,,,,,,,,,,,,,,,,,,,,,,,,,,,,,,,,,,,,,,,,,,,,,,,,1.0,,,,,,,,,,,,,1.0,same,0.0,"[182.43, 27.28]","[[182.43, 27.28]]","[""red""]","[""red""]",red,red,s,same,1.0,1.0
0007,0007_T1_20260518_150453,Control,T1,standard,hci_substudy_v2,1,telemetry_v4,change_detection,4,formal_cd,formal,1,38,46,formal,N4_change,1779087893,60.0,2026-05-18T15:27:03.550,0,0,0,1,1325874.911,1325889.394,,,,,j,,0,2466.45,,,,1329474.911,1329582.174,1332084.777,4000,2502.603,1332084.777,"[{""stage_name"": ""fixation"", ""planned_duration_ms"": 100, ""intended_onset_ms"": 1325874.911, ""actual_onset_global_ms"": 1325889.394, ""actual_offset_global_ms"": 1326002.704, ""actual_duration_ms"": 113.31}, {""stage_name"": ""memory_array"", ""planned_duration_ms"": 2500, ""intended_onset_ms"": 1325974.911, ""actual_onset_global_ms"": 1326067.082, ""actual_offset_global_ms"": 1328513.747, ""actual_duration_ms"": 2446.665}, {""stage_name"": ""delay"", ""planned_duration_ms"": 1000, ""intended_onset_ms"": 1328513.747, ""actual_onset_global_ms"": 1328510.114, ""actual_offset_global_ms"": 1329518.867, ""actual_duration_ms"": 1008.753}, {""stage_name"": ""test_array"", ""planned_duration_ms"": 4000, ""intended_onset_ms"": 1329518.867, ""actual_onset_global_ms"": 1329582.174, ""actual_offset_global_ms"": 1332084.777, ""actual_duration_ms"": 2502.603}]",,,,,,,,,,,,,,,,,,,,,,,,,,,,,,,,,,,,,,,,,,,,,,,,,,0.0,,,,,,,,,,,,,4.0,change,1.0,"[161.0, 210.48]","[[238.93, 70.51], [161.0, 210.48], [-204.77, -167.59], [-162.0, 167.1]]","[""yellow"", ""blue"", ""red"", ""purple""]","[""yellow"", ""green"", ""red"", ""purple""]",blue,green,s,same,4.0,1.0
0007,0007_T1_20260518_150453,Control,T1,standard,hci_substudy_v2,1,telemetry_v4,change_detection,4,formal_cd,formal,1,39,47,formal,N4_same,1779087893,60.0,2026-05-18T15:27:09.765,0,0,0,1,1332089.975,1332105.169,,,,,s,,1,6575.988,,,,1335689.975,1335817.451,1342404.104,4000,6586.653,1342404.104,"[{""stage_name"": ""fixation"", ""planned_duration_ms"": 100, ""intended_onset_ms"": 1332089.975, ""actual_onset_global_ms"": 1332105.169, ""actual_offset_global_ms"": 1332213.278, ""actual_duration_ms"": 108.109}, {""stage_name"": ""memory_array"", ""planned_duration_ms"": 2500, ""intended_onset_ms"": 1332189.975, ""actual_onset_global_ms"": 1332259.209, ""actual_offset_global_ms"": 1334756.107, ""actual_duration_ms"": 2496.898}, {""stage_name"": ""delay"", ""planned_duration_ms"": 1000, ""intended_onset_ms"": 1334756.107, ""actual_onset_global_ms"": 1334749.204, ""actual_offset_global_ms"": 1335760.097, ""actual_duration_ms"": 1010.893}, {""stage_name"": ""test_array"", ""planned_duration_ms"": 4000, ""intended_onset_ms"": 1335760.097, ""actual_onset_global_ms"": 1335817.451, ""actual_offset_global_ms"": 1342404.104, ""actual_duration_ms"": 6586.653}]",,,,,,,,,,,,,,,,,,,,,,,,,,,,,,,,,,,,,,,,,,,,,,,,,,1.0,,,,,,,,,,,,,4.0,same,3.0,"[11.86, 252.43]","[[-51.63, -255.27], [150.42, 130.1], [-175.75, -146.48], [11.86, 252.43]]","[""green"", ""yellow"", ""blue"", ""purple""]","[""green"", ""yellow"", ""blue"", ""purple""]",purple,purple,s,same,5.0,1.0
0007,0007_T1_20260518_150453,Control,T1,standard,hci_substudy_v2,1,telemetry_v4,change_detection,4,formal_cd,formal,1,40,48,formal,N3_same,1779087893,60.0,2026-05-18T15:27:20.085,0,0,0,1,1342410.144,1342425.041,,,,,s,,0,1762.56,,,,1346010.144,1346107.412,1347915.328,4000,1807.916,1347915.328,"[{""stage_name"": ""fixation"", ""planned_duration_ms"": 100, ""intended_onset_ms"": 1342410.144, ""actual_onset_global_ms"": 1342425.041, ""actual_offset_global_ms"": 1342537.701, ""actual_duration_ms"": 112.66}, {""stage_name"": ""memory_array"", ""planned_duration_ms"": 2500, ""intended_onset_ms"": 1342510.144, ""actual_onset_global_ms"": 1342581.243, ""actual_offset_global_ms"": 1345061.708, ""actual_duration_ms"": 2480.465}, {""stage_name"": ""delay"", ""planned_duration_ms"": 1000, ""intended_onset_ms"": 1345061.708, ""actual_onset_global_ms"": 1345055.507, ""actual_offset_global_ms"": 1346062.339, ""actual_duration_ms"": 1006.832}, {""stage_name"": ""test_array"", ""planned_duration_ms"": 4000, ""intended_onset_ms"": 1346062.339, ""actual_onset_global_ms"": 1346107.412, ""actual_offset_global_ms"": 1347915.328, ""actual_duration_ms"": 1807.916}]",,,,,,,,,,,,,,,,,,,,,,,,,,,,,,,,,,,,,,,,,,,,,,,,,,0.0,,,,,,,,,,,,,3.0,same,1.0,"[222.78, 49.83]","[[165.13, -79.78], [222.78, 49.83], [-91.81, 133.92]]","[""red"", ""blue"", ""green""]","[""red"", ""blue"", ""green""]",blue,blue,j,change,3.0,1.0
0007,0007_T1_20260518_150453,Control,T1,standard,hci_substudy_v2,1,telemetry_v4,change_detection,4,formal_cd,formal,1,41,49,formal,N1_change,1779087893,60.0,2026-05-18T15:27:25.596,0,0,0,1,1347921.847,1347939.151,,,,,j,,0,2927.934,,,,1351521.847,1351577.935,1354530.552,4000,2952.617,1354530.552,"[{""stage_name"": ""fixation"", ""planned_duration_ms"": 100, ""intended_onset_ms"": 1347921.847, ""actual_onset_global_ms"": 1347939.151, ""actual_offset_global_ms"": 1348052.212, ""actual_duration_ms"": 113.061}, {""stage_name"": ""memory_array"", ""planned_duration_ms"": 2500, ""intended_onset_ms"": 1348021.847, ""actual_onset_global_ms"": 1348067.219, ""actual_offset_global_ms"": 1350559.194, ""actual_duration_ms"": 2491.975}, {""stage_name"": ""delay"", ""planned_duration_ms"": 1000, ""intended_onset_ms"": 1350559.194, ""actual_onset_global_ms"": 1350552.99, ""actual_offset_global_ms"": 1351562.82, ""actual_duration_ms"": 1009.83}, {""stage_name"": ""test_array"", ""planned_duration_ms"": 4000, ""intended_onset_ms"": 1351562.82, ""actual_onset_global_ms"": 1351577.935, ""actual_offset_global_ms"": 1354530.552, ""actual_duration_ms"": 2952.617}]",,,,,,,,,,,,,,,,,,,,,,,,,,,,,,,,,,,,,,,,,,,,,,,,,,0.0,,,,,,,,,,,,,1.0,change,0.0,"[-163.29, -24.49]","[[-163.29, -24.49]]","[""blue""]","[""yellow""]",blue,yellow,s,same,1.0,1.0
0007,0007_T1_20260518_150453,Control,T1,standard,hci_substudy_v2,1,telemetry_v4,change_detection,4,formal_cd,formal,1,42,50,formal,N4_change,1779087893,60.0,2026-05-18T15:27:32.211,0,0,0,1,1354536.917,1354554.485,,,,,j,,0,359.608,,,,1358136.917,1358270.224,1358663.749,4000,393.525,1358663.749,"[{""stage_name"": ""fixation"", ""planned_duration_ms"": 100, ""intended_onset_ms"": 1354536.917, ""actual_onset_global_ms"": 1354554.485, ""actual_offset_global_ms"": 1354669.915, ""actual_duration_ms"": 115.43}, {""stage_name"": ""memory_array"", ""planned_duration_ms"": 2500, ""intended_onset_ms"": 1354636.917, ""actual_onset_global_ms"": 1354732.233, ""actual_offset_global_ms"": 1357209.421, ""actual_duration_ms"": 2477.188}, {""stage_name"": ""delay"", ""planned_duration_ms"": 1000, ""intended_onset_ms"": 1357209.421, ""actual_onset_global_ms"": 1357202.51, ""actual_offset_global_ms"": 1358210.291, ""actual_duration_ms"": 1007.781}, {""stage_name"": ""test_array"", ""planned_duration_ms"": 4000, ""intended_onset_ms"": 1358210.291, ""actual_onset_global_ms"": 1358270.224, ""actual_offset_global_ms"": 1358663.749, ""actual_duration_ms"": 393.525}]",,,,,,,,,,,,,,,,,,,,,,,,,,,,,,,,,,,,,,,,,,,,,,,,,,0.0,,,,,,,,,,,,,4.0,change,0.0,"[-10.82, 226.12]","[[-10.82, 226.12], [-189.15, -49.83], [-81.72, -90.45], [207.73, -229.17]]","[""blue"", ""red"", ""yellow"", ""green""]","[""purple"", ""red"", ""yellow"", ""green""]",blue,purple,s,same,4.0,1.0
0007,0007_T1_20260518_150453,Control,T1,standard,hci_substudy_v2,1,telemetry_v4,change_detection,4,formal_cd,formal,1,43,51,formal,N2_change,1779087893,60.0,2026-05-18T15:27:36.345,0,0,0,1,1358670.099,1358684.94,,,,,j,,0,625.962,,,,1362270.099,1362333.873,1363003.175,4000,669.302,1363003.175,"[{""stage_name"": ""fixation"", ""planned_duration_ms"": 100, ""intended_onset_ms"": 1358670.099, ""actual_onset_global_ms"": 1358684.94, ""actual_offset_global_ms"": 1358795.149, ""actual_duration_ms"": 110.209}, {""stage_name"": ""memory_array"", ""planned_duration_ms"": 2500, ""intended_onset_ms"": 1358770.099, ""actual_onset_global_ms"": 1358824.476, ""actual_offset_global_ms"": 1361295.375, ""actual_duration_ms"": 2470.899}, {""stage_name"": ""delay"", ""planned_duration_ms"": 1000, ""intended_onset_ms"": 1361295.375, ""actual_onset_global_ms"": 1361291.073, ""actual_offset_global_ms"": 1362303.858, ""actual_duration_ms"": 1012.785}, {""stage_name"": ""test_array"", ""planned_duration_ms"": 4000, ""intended_onset_ms"": 1362303.858, ""actual_onset_global_ms"": 1362333.873, ""actual_offset_global_ms"": 1363003.175, ""actual_duration_ms"": 669.302}]",,,,,,,,,,,,,,,,,,,,,,,,,,,,,,,,,,,,,,,,,,,,,,,,,,0.0,,,,,,,,,,,,,2.0,change,0.0,"[-215.42, -66.82]","[[-215.42, -66.82], [252.51, -105.18]]","[""purple"", ""yellow""]","[""blue"", ""yellow""]",purple,blue,s,same,2.0,1.0
0007,0007_T1_20260518_150453,Control,T1,standard,hci_substudy_v2,1,telemetry_v4,change_detection,4,formal_cd,formal,1,44,52,formal,N1_same,1779087893,60.0,2026-05-18T15:27:40.685,0,0,0,1,1363010.25,1363028.423,,,,,s,,1,1625.367,,,,1366610.25,1366671.595,1368322.288,4000,1650.693,1368322.288,"[{""stage_name"": ""fixation"", ""planned_duration_ms"": 100, ""intended_onset_ms"": 1363010.25, ""actual_onset_global_ms"": 1363028.423, ""actual_offset_global_ms"": 1363127.107, ""actual_duration_ms"": 98.684}, {""stage_name"": ""memory_array"", ""planned_duration_ms"": 2500, ""intended_onset_ms"": 1363110.25, ""actual_onset_global_ms"": 1363142.141, ""actual_offset_global_ms"": 1365656.514, ""actual_duration_ms"": 2514.373}, {""stage_name"": ""delay"", ""planned_duration_ms"": 1000, ""intended_onset_ms"": 1365656.514, ""actual_onset_global_ms"": 1365651.032, ""actual_offset_global_ms"": 1366657.231, ""actual_duration_ms"": 1006.199}, {""stage_name"": ""test_array"", ""planned_duration_ms"": 4000, ""intended_onset_ms"": 1366657.231, ""actual_onset_global_ms"": 1366671.595, ""actual_offset_global_ms"": 1368322.288, ""actual_duration_ms"": 1650.693}]",,,,,,,,,,,,,,,,,,,,,,,,,,,,,,,,,,,,,,,,,,,,,,,,,,1.0,,,,,,,,,,,,,1.0,same,0.0,"[133.19, 149.87]","[[133.19, 149.87]]","[""yellow""]","[""yellow""]",yellow,yellow,s,same,1.0,1.0
0007,0007_T1_20260518_150453,Control,T1,standard,hci_substudy_v2,1,telemetry_v4,change_detection,4,formal_cd,formal,1,45,53,formal,N3_change,1779087893,60.0,2026-05-18T15:27:46.028,0,0,0,1,1368353.006,1368371.121,,,,,j,,0,1973.338,,,,1371953.006,1372077.433,1374083.156,4000,2005.723,1374083.156,"[{""stage_name"": ""fixation"", ""planned_duration_ms"": 100, ""intended_onset_ms"": 1368353.006, ""actual_onset_global_ms"": 1368371.121, ""actual_offset_global_ms"": 1368470.716, ""actual_duration_ms"": 99.595}, {""stage_name"": ""memory_array"", ""planned_duration_ms"": 2500, ""intended_onset_ms"": 1368453.006, ""actual_onset_global_ms"": 1368515.739, ""actual_offset_global_ms"": 1371025.865, ""actual_duration_ms"": 2510.126}, {""stage_name"": ""delay"", ""planned_duration_ms"": 1000, ""intended_onset_ms"": 1371025.865, ""actual_onset_global_ms"": 1371021.135, ""actual_offset_global_ms"": 1372032.334, ""actual_duration_ms"": 1011.199}, {""stage_name"": ""test_array"", ""planned_duration_ms"": 4000, ""intended_onset_ms"": 1372032.334, ""actual_onset_global_ms"": 1372077.433, ""actual_offset_global_ms"": 1374083.156, ""actual_duration_ms"": 2005.723}]",,,,,,,,,,,,,,,,,,,,,,,,,,,,,,,,,,,,,,,,,,,,,,,,,,0.0,,,,,,,,,,,,,3.0,change,1.0,"[-118.15, 214.63]","[[120.67, -178.03], [-118.15, 214.63], [-180.15, -167.24]]","[""blue"", ""green"", ""yellow""]","[""blue"", ""purple"", ""yellow""]",green,purple,s,same,3.0,1.0
0007,0007_T1_20260518_150453,Control,T1,standard,hci_substudy_v2,1,telemetry_v4,change_detection,4,formal_cd,formal,1,46,54,formal,N2_same,1779087893,60.0,2026-05-18T15:27:51.788,0,0,0,1,1374112.84,1374132.032,,,,,s,,1,483.844,,,,1377712.84,1377804.2,1378326.266,4000,522.066,1378326.266,"[{""stage_name"": ""fixation"", ""planned_duration_ms"": 100, ""intended_onset_ms"": 1374112.84, ""actual_onset_global_ms"": 1374132.032, ""actual_offset_global_ms"": 1374241.93, ""actual_duration_ms"": 109.898}, {""stage_name"": ""memory_array"", ""planned_duration_ms"": 2500, ""intended_onset_ms"": 1374212.84, ""actual_onset_global_ms"": 1374263.284, ""actual_offset_global_ms"": 1376773.656, ""actual_duration_ms"": 2510.372}, {""stage_name"": ""delay"", ""planned_duration_ms"": 1000, ""intended_onset_ms"": 1376773.656, ""actual_onset_global_ms"": 1376766.403, ""actual_offset_global_ms"": 1377774.025, ""actual_duration_ms"": 1007.622}, {""stage_name"": ""test_array"", ""planned_duration_ms"": 4000, ""intended_onset_ms"": 1377774.025, ""actual_onset_global_ms"": 1377804.2, ""actual_offset_global_ms"": 1378326.266, ""actual_duration_ms"": 522.066}]",,,,,,,,,,,,,,,,,,,,,,,,,,,,,,,,,,,,,,,,,,,,,,,,,,1.0,,,,,,,,,,,,,2.0,same,1.0,"[213.8, -114.31]","[[-127.84, -40.77], [213.8, -114.31]]","[""green"", ""purple""]","[""green"", ""purple""]",purple,purple,s,same,2.0,1.0
0007,0007_T1_20260518_150453,Control,T1,standard,hci_substudy_v2,1,telemetry_v4,change_detection,4,formal_cd,formal,1,47,55,formal,N2_change,1779087893,60.0,2026-05-18T15:27:56.008,0,0,0,1,1378332.325,1378347.191,,,,,j,,0,209.649,,,,1381932.325,1381998.281,1382240.068,4000,241.787,1382240.068,"[{""stage_name"": ""fixation"", ""planned_duration_ms"": 100, ""intended_onset_ms"": 1378332.325, ""actual_onset_global_ms"": 1378347.191, ""actual_offset_global_ms"": 1378458.231, ""actual_duration_ms"": 111.04}, {""stage_name"": ""memory_array"", ""planned_duration_ms"": 2500, ""intended_onset_ms"": 1378432.325, ""actual_onset_global_ms"": 1378486.312, ""actual_offset_global_ms"": 1380962.287, ""actual_duration_ms"": 2475.975}, {""stage_name"": ""delay"", ""planned_duration_ms"": 1000, ""intended_onset_ms"": 1380962.287, ""actual_onset_global_ms"": 1380956.083, ""actual_offset_global_ms"": 1381968.468, ""actual_duration_ms"": 1012.385}, {""stage_name"": ""test_array"", ""planned_duration_ms"": 4000, ""intended_onset_ms"": 1381968.468, ""actual_onset_global_ms"": 1381998.281, ""actual_offset_global_ms"": 1382240.068, ""actual_duration_ms"": 241.787}]",,,,,,,,,,,,,,,,,,,,,,,,,,,,,,,,,,,,,,,,,,,,,,,,,,0.0,,,,,,,,,,,,,2.0,change,0.0,"[-160.43, 255.74]","[[-160.43, 255.74], [259.34, -250.94]]","[""purple"", ""red""]","[""green"", ""red""]",purple,green,s,same,2.0,1.0
0007,0007_T1_20260518_150453,Control,T1,standard,hci_substudy_v2,1,telemetry_v4,change_detection,4,formal_cd,formal,1,48,56,formal,N4_change,1779087893,60.0,2026-05-18T15:27:59.921,0,0,0,1,1382246.18,1382263.24,,,,,j,,0,230.515,,,,1385846.18,1385950.727,1386191.414,4000,240.687,1386191.414,"[{""stage_name"": ""fixation"", ""planned_duration_ms"": 100, ""intended_onset_ms"": 1382246.18, ""actual_onset_global_ms"": 1382263.24, ""actual_offset_global_ms"": 1382376.415, ""actual_duration_ms"": 113.175}, {""stage_name"": ""memory_array"", ""planned_duration_ms"": 2500, ""intended_onset_ms"": 1382346.18, ""actual_onset_global_ms"": 1382434.385, ""actual_offset_global_ms"": 1384880.392, ""actual_duration_ms"": 2446.007}, {""stage_name"": ""delay"", ""planned_duration_ms"": 1000, ""intended_onset_ms"": 1384880.392, ""actual_onset_global_ms"": 1384875.673, ""actual_offset_global_ms"": 1385892.193, ""actual_duration_ms"": 1016.52}, {""stage_name"": ""test_array"", ""planned_duration_ms"": 4000, ""intended_onset_ms"": 1385892.193, ""actual_onset_global_ms"": 1385950.727, ""actual_offset_global_ms"": 1386191.414, ""actual_duration_ms"": 240.687}]",,,,,,,,,,,,,,,,,,,,,,,,,,,,,,,,,,,,,,,,,,,,,,,,,,0.0,,,,,,,,,,,,,4.0,change,2.0,"[200.09, -24.17]","[[-34.24, -103.17], [139.79, 135.12], [200.09, -24.17], [-105.38, 127.43]]","[""blue"", ""purple"", ""green"", ""red""]","[""blue"", ""purple"", ""yellow"", ""red""]",green,yellow,s,same,4.0,1.0
