participant_id,session_id,group,timepoint,practice_layer,practice_protocol_version,telemetry_enabled,telemetry_version,task_name,task_order_index,block_name,block_type,block_index,trial_index_within_block,trial_index_global,practice_or_formal,condition_label,random_seed,screen_refresh_hz,timestamp_iso,omission,aborted,pause_count_during_trial,repeated_practice_round,intended_trial_start_ms,actual_trial_start_ms,condition,target_direction,flankers_direction,array_pattern_text,correct_response_key,participant_response_key,response_correct,rt_ms,response_time_global_ms,feedback_type,practice_pass_flag,intended_onset_ms,actual_onset_global_ms,actual_offset_global_ms,stage_duration_planned_ms,stage_duration_actual_ms,actual_trial_end_ms,stage_records_json,feedback_audio_file,feedback_audio_start_global_ms,feedback_audio_expected_duration_ms,feedback_audio_stop_global_ms,prompt_level,support_type,support_trigger_reason,support_trigger_trial_index,rule_block_error_count,support_level,support_phase,support_duration_ms,post_support_success_streak,support_faded_after_trial,manual_intervention_flag,dccs_support_rule,dccs_error_type,dccs_dimension_highlight_used,dccs_demo_type,dccs_label_mode,dccs_post_support_rule_confusion,rule,cue_audio_file,cue_label,cue_audio_start_global_ms,cue_audio_expected_duration_ms,cue_audio_stop_global_ms,stimulus_color,stimulus_shape,stimulus_identity,trial_transition,previous_rule,current_rule,cue_to_first_response_ms,digit_support_target,digit_transform_demo_used,digit_keypad_demo_used,digit_hesitation_prompt_used,digit_post_support_span_success,span_length,trial_index_within_span,span_round,presented_sequence,correct_backward_sequence,participant_input_sequence,participant_input_string,input_method,first_key_latency_ms,response_complete_time_ms,accuracy,omission_input,delete_count,clear_count,click_count,inter_key_intervals_ms,adaptive_decision,digits_audio_onsets_ms,digits_audio_files,digits_audio_events_json,repeated_audio_once_in_practice,termination_reason,terminal_span_length,set_size,trial_type,probe_index,probe_position_xy,item_positions,item_colors_memory,item_colors_test,probe_original_color,probe_test_color,response_key,response_label,layout_generation_attempts,overlap_check_passed
013,013_T1_20260520_150729,PA,T1,standard,hci_substudy_v2,1,telemetry_v4,flanker,1,practice_single,practice,1,1,1,practice,practice_single,1779260849,60.182,2026-05-20T15:08:09.561,0,0,0,1,31508.037,31591.194,practice_single,right,none,>,j,j,1,1752.864,33413.52,correct,,31608.037,31660.656,33413.52,3000,1752.864,34013.52,"[{""stage_name"": ""fixation"", ""planned_duration_ms"": 100, ""intended_onset_ms"": 31508.037, ""actual_onset_global_ms"": 31591.194, ""actual_offset_global_ms"": 31642.481, ""actual_duration_ms"": 51.287}, {""stage_name"": ""stimulus"", ""planned_duration_ms"": 3000, ""intended_onset_ms"": 31608.037, ""actual_onset_global_ms"": 31660.656, ""actual_offset_global_ms"": 33413.52, ""actual_duration_ms"": 1752.864}, {""stage_name"": ""feedback"", ""planned_duration_ms"": 600, ""intended_onset_ms"": 33413.52, ""actual_onset_global_ms"": 33548.665, ""actual_offset_global_ms"": 34141.515, ""actual_duration_ms"": 592.85}]",correct.wav,33516.608,600.0,34116.608,,,,,,,,,,,,,,,,,,,,,,,,,,,,,,,,,,,,,,,,,,,,,,,,,,,,,,,,,,,,,,,,,,,,,,,
013,013_T1_20260520_150729,PA,T1,standard,hci_substudy_v2,1,telemetry_v4,flanker,1,practice_single,practice,1,2,2,practice,practice_single,1779260849,60.182,2026-05-20T15:08:12.187,0,0,0,1,34133.982,34152.442,practice_single,right,none,>,j,j,1,3110.543,37374.897,correct,,34233.982,34264.354,37374.897,3000,3110.543,37974.897,"[{""stage_name"": ""fixation"", ""planned_duration_ms"": 100, ""intended_onset_ms"": 34133.982, ""actual_onset_global_ms"": 34152.442, ""actual_offset_global_ms"": 34261.949, ""actual_duration_ms"": 109.507}, {""stage_name"": ""stimulus"", ""planned_duration_ms"": 3000, ""intended_onset_ms"": 34233.982, ""actual_onset_global_ms"": 34264.354, ""actual_offset_global_ms"": 37374.897, ""actual_duration_ms"": 3110.543}, {""stage_name"": ""feedback"", ""planned_duration_ms"": 600, ""intended_onset_ms"": 37374.897, ""actual_onset_global_ms"": 37422.83, ""actual_offset_global_ms"": 38024.926, ""actual_duration_ms"": 602.096}]",correct.wav,37399.274,600.0,37999.274,,,,,,,,,,,,,,,,,,,,,,,,,,,,,,,,,,,,,,,,,,,,,,,,,,,,,,,,,,,,,,,,,,,,,,,
013,013_T1_20260520_150729,PA,T1,standard,hci_substudy_v2,1,telemetry_v4,flanker,1,practice_single,practice,1,3,3,practice,practice_single,1779260849,60.182,2026-05-20T15:08:16.070,0,0,0,1,38016.1,38039.601,practice_single,left,none,<,s,s,1,2069.169,40211.257,correct,,38116.1,38142.088,40211.257,3000,2069.169,40811.257,"[{""stage_name"": ""fixation"", ""planned_duration_ms"": 100, ""intended_onset_ms"": 38016.1, ""actual_onset_global_ms"": 38039.601, ""actual_offset_global_ms"": 38141.667, ""actual_duration_ms"": 102.066}, {""stage_name"": ""stimulus"", ""planned_duration_ms"": 3000, ""intended_onset_ms"": 38116.1, ""actual_onset_global_ms"": 38142.088, ""actual_offset_global_ms"": 40211.257, ""actual_duration_ms"": 2069.169}, {""stage_name"": ""feedback"", ""planned_duration_ms"": 600, ""intended_onset_ms"": 40211.257, ""actual_onset_global_ms"": 40252.031, ""actual_offset_global_ms"": 40859.539, ""actual_duration_ms"": 607.508}]",correct.wav,40233.201,600.0,40833.201,,,,,,,,,,,,,,,,,,,,,,,,,,,,,,,,,,,,,,,,,,,,,,,,,,,,,,,,,,,,,,,,,,,,,,,
013,013_T1_20260520_150729,PA,T1,standard,hci_substudy_v2,1,telemetry_v4,flanker,1,practice_single,practice,1,4,4,practice,practice_single,1779260849,60.182,2026-05-20T15:08:18.906,0,0,0,1,40853.548,40873.813,practice_single,left,none,<,s,s,1,2054.984,43037.704,correct,,40953.548,40982.72,43037.704,3000,2054.984,43637.704,"[{""stage_name"": ""fixation"", ""planned_duration_ms"": 100, ""intended_onset_ms"": 40853.548, ""actual_onset_global_ms"": 40873.813, ""actual_offset_global_ms"": 40976.665, ""actual_duration_ms"": 102.852}, {""stage_name"": ""stimulus"", ""planned_duration_ms"": 3000, ""intended_onset_ms"": 40953.548, ""actual_onset_global_ms"": 40982.72, ""actual_offset_global_ms"": 43037.704, ""actual_duration_ms"": 2054.984}, {""stage_name"": ""feedback"", ""planned_duration_ms"": 600, ""intended_onset_ms"": 43037.704, ""actual_onset_global_ms"": 43091.715, ""actual_offset_global_ms"": 43676.631, ""actual_duration_ms"": 584.916}]",correct.wav,43059.166,600.0,43659.166,,,,,,,,,,,,,,,,,,,,,,,,,,,,,,,,,,,,,,,,,,,,,,,,,,,,,,,,,,,,,,,,,,,,,,,
013,013_T1_20260520_150729,PA,T1,standard,hci_substudy_v2,1,telemetry_v4,flanker,1,practice_single,practice,1,5,5,practice,practice_single,1779260849,60.182,2026-05-20T15:08:21.722,0,0,0,1,43668.805,43688.888,practice_single,right,none,>,j,j,1,1385.597,45179.751,correct,,43768.805,43794.154,45179.751,3000,1385.597,45779.751,"[{""stage_name"": ""fixation"", ""planned_duration_ms"": 100, ""intended_onset_ms"": 43668.805, ""actual_onset_global_ms"": 43688.888, ""actual_offset_global_ms"": 43791.284, ""actual_duration_ms"": 102.396}, {""stage_name"": ""stimulus"", ""planned_duration_ms"": 3000, ""intended_onset_ms"": 43768.805, ""actual_onset_global_ms"": 43794.154, ""actual_offset_global_ms"": 45179.751, ""actual_duration_ms"": 1385.597}, {""stage_name"": ""feedback"", ""planned_duration_ms"": 600, ""intended_onset_ms"": 45179.751, ""actual_onset_global_ms"": 45230.702, ""actual_offset_global_ms"": 45827.372, ""actual_duration_ms"": 596.67}]",correct.wav,45200.144,600.0,45800.144,,,,,,,,,,,,,,,,,,,,,,,,,,,,,,,,,,,,,,,,,,,,,,,,,,,,,,,,,,,,,,,,,,,,,,,
013,013_T1_20260520_150729,PA,T1,standard,hci_substudy_v2,1,telemetry_v4,flanker,1,practice_single,practice,1,6,6,practice,practice_single,1779260849,60.182,2026-05-20T15:08:23.872,0,0,0,1,45818.777,45836.964,practice_single,left,none,<,s,s,1,814.946,46763.617,correct,,45918.777,45948.671,46763.617,3000,814.946,47363.617,"[{""stage_name"": ""fixation"", ""planned_duration_ms"": 100, ""intended_onset_ms"": 45818.777, ""actual_onset_global_ms"": 45836.964, ""actual_offset_global_ms"": 45945.67, ""actual_duration_ms"": 108.706}, {""stage_name"": ""stimulus"", ""planned_duration_ms"": 3000, ""intended_onset_ms"": 45918.777, ""actual_onset_global_ms"": 45948.671, ""actual_offset_global_ms"": 46763.617, ""actual_duration_ms"": 814.946}, {""stage_name"": ""feedback"", ""planned_duration_ms"": 600, ""intended_onset_ms"": 46763.617, ""actual_onset_global_ms"": 46804.545, ""actual_offset_global_ms"": 47408.594, ""actual_duration_ms"": 604.049}]",correct.wav,46776.715,600.0,47376.715,,,,,,,,,,,,,,,,,,,,,,,,,,,,,,,,,,,,,,,,,,,,,,,,,,,,,,,,,,,,,,,,,,,,,,,
013,013_T1_20260520_150729,PA,T1,standard,hci_substudy_v2,1,telemetry_v4,flanker,1,practice_full,practice,2,1,7,practice,congruent,1779260849,60.182,2026-05-20T15:08:33.246,0,0,0,1,55193.682,55215.196,congruent,left,left,<<<<<,s,s,1,9424.175,64753.784,correct,1.0,55293.682,55329.609,64753.784,3000,9424.175,65353.784,"[{""stage_name"": ""fixation"", ""planned_duration_ms"": 100, ""intended_onset_ms"": 55193.682, ""actual_onset_global_ms"": 55215.196, ""actual_offset_global_ms"": 55325.384, ""actual_duration_ms"": 110.188}, {""stage_name"": ""stimulus"", ""planned_duration_ms"": 3000, ""intended_onset_ms"": 55293.682, ""actual_onset_global_ms"": 55329.609, ""actual_offset_global_ms"": 64753.784, ""actual_duration_ms"": 9424.175}, {""stage_name"": ""feedback"", ""planned_duration_ms"": 600, ""intended_onset_ms"": 64753.784, ""actual_onset_global_ms"": 64776.213, ""actual_offset_global_ms"": 65388.545, ""actual_duration_ms"": 612.332}]",correct.wav,64759.557,600.0,65359.557,,,,,,,,,,,,,,,,,,,,,,,,,,,,,,,,,,,,,,,,,,,,,,,,,,,,,,,,,,,,,,,,,,,,,,,
013,013_T1_20260520_150729,PA,T1,standard,hci_substudy_v2,1,telemetry_v4,flanker,1,practice_full,practice,2,2,8,practice,incongruent,1779260849,60.182,2026-05-20T15:08:43.433,0,0,0,1,65379.141,65397.484,incongruent,right,left,<<><<,j,j,1,3954.758,69462.331,correct,1.0,65479.141,65507.573,69462.331,3000,3954.758,70062.331,"[{""stage_name"": ""fixation"", ""planned_duration_ms"": 100, ""intended_onset_ms"": 65379.141, ""actual_onset_global_ms"": 65397.484, ""actual_offset_global_ms"": 65501.782, ""actual_duration_ms"": 104.298}, {""stage_name"": ""stimulus"", ""planned_duration_ms"": 3000, ""intended_onset_ms"": 65479.141, ""actual_onset_global_ms"": 65507.573, ""actual_offset_global_ms"": 69462.331, ""actual_duration_ms"": 3954.758}, {""stage_name"": ""feedback"", ""planned_duration_ms"": 600, ""intended_onset_ms"": 69462.331, ""actual_onset_global_ms"": 69493.429, ""actual_offset_global_ms"": 70090.248, ""actual_duration_ms"": 596.819}]",correct.wav,69471.418,600.0,70071.418,,,,,,,,,,,,,,,,,,,,,,,,,,,,,,,,,,,,,,,,,,,,,,,,,,,,,,,,,,,,,,,,,,,,,,,
013,013_T1_20260520_150729,PA,T1,standard,hci_substudy_v2,1,telemetry_v4,flanker,1,practice_full,practice,2,3,9,practice,incongruent,1779260849,60.182,2026-05-20T15:08:48.134,0,0,0,1,70081.62,70097.103,incongruent,right,left,<<><<,j,j,1,4224.339,74431.787,correct,1.0,70181.62,70207.448,74431.787,3000,4224.339,75031.787,"[{""stage_name"": ""fixation"", ""planned_duration_ms"": 100, ""intended_onset_ms"": 70081.62, ""actual_onset_global_ms"": 70097.103, ""actual_offset_global_ms"": 70203.823, ""actual_duration_ms"": 106.72}, {""stage_name"": ""stimulus"", ""planned_duration_ms"": 3000, ""intended_onset_ms"": 70181.62, ""actual_onset_global_ms"": 70207.448, ""actual_offset_global_ms"": 74431.787, ""actual_duration_ms"": 4224.339}, {""stage_name"": ""feedback"", ""planned_duration_ms"": 600, ""intended_onset_ms"": 74431.787, ""actual_onset_global_ms"": 74457.747, ""actual_offset_global_ms"": 75070.49, ""actual_duration_ms"": 612.743}]",correct.wav,74443.319,600.0,75043.319,,,,,,,,,,,,,,,,,,,,,,,,,,,,,,,,,,,,,,,,,,,,,,,,,,,,,,,,,,,,,,,,,,,,,,,
013,013_T1_20260520_150729,PA,T1,standard,hci_substudy_v2,1,telemetry_v4,flanker,1,practice_full,practice,2,4,10,practice,incongruent,1779260849,60.182,2026-05-20T15:08:53.114,0,0,0,1,75060.59,75077.195,incongruent,left,right,>><>>,s,s,1,1437.304,76629.549,correct,1.0,75160.59,75192.245,76629.549,3000,1437.304,77229.549,"[{""stage_name"": ""fixation"", ""planned_duration_ms"": 100, ""intended_onset_ms"": 75060.59, ""actual_onset_global_ms"": 75077.195, ""actual_offset_global_ms"": 75190.188, ""actual_duration_ms"": 112.993}, {""stage_name"": ""stimulus"", ""planned_duration_ms"": 3000, ""intended_onset_ms"": 75160.59, ""actual_onset_global_ms"": 75192.245, ""actual_offset_global_ms"": 76629.549, ""actual_duration_ms"": 1437.304}, {""stage_name"": ""feedback"", ""planned_duration_ms"": 600, ""intended_onset_ms"": 76629.549, ""actual_onset_global_ms"": 76649.76, ""actual_offset_global_ms"": 77256.538, ""actual_duration_ms"": 606.778}]",correct.wav,76632.158,600.0,77232.158,,,,,,,,,,,,,,,,,,,,,,,,,,,,,,,,,,,,,,,,,,,,,,,,,,,,,,,,,,,,,,,,,,,,,,,
013,013_T1_20260520_150729,PA,T1,standard,hci_substudy_v2,1,telemetry_v4,flanker,1,practice_full,practice,2,5,11,practice,congruent,1779260849,60.182,2026-05-20T15:08:55.305,0,0,0,1,77252.117,77266.118,congruent,left,left,<<<<<,s,s,1,2622.078,79996.445,correct,1.0,77352.117,77374.367,79996.445,3000,2622.078,80596.445,"[{""stage_name"": ""fixation"", ""planned_duration_ms"": 100, ""intended_onset_ms"": 77252.117, ""actual_onset_global_ms"": 77266.118, ""actual_offset_global_ms"": 77372.562, ""actual_duration_ms"": 106.444}, {""stage_name"": ""stimulus"", ""planned_duration_ms"": 3000, ""intended_onset_ms"": 77352.117, ""actual_onset_global_ms"": 77374.367, ""actual_offset_global_ms"": 79996.445, ""actual_duration_ms"": 2622.078}, {""stage_name"": ""feedback"", ""planned_duration_ms"": 600, ""intended_onset_ms"": 79996.445, ""actual_onset_global_ms"": 80035.261, ""actual_offset_global_ms"": 80648.819, ""actual_duration_ms"": 613.558}]",correct.wav,80017.274,600.0,80617.274,,,,,,,,,,,,,,,,,,,,,,,,,,,,,,,,,,,,,,,,,,,,,,,,,,,,,,,,,,,,,,,,,,,,,,,
013,013_T1_20260520_150729,PA,T1,standard,hci_substudy_v2,1,telemetry_v4,flanker,1,practice_full,practice,2,6,12,practice,congruent,1779260849,60.182,2026-05-20T15:08:58.693,0,0,0,1,80639.028,80658.458,congruent,right,right,>>>>>,j,j,1,1522.473,82283.657,correct,1.0,80739.028,80761.184,82283.657,3000,1522.473,82883.657,"[{""stage_name"": ""fixation"", ""planned_duration_ms"": 100, ""intended_onset_ms"": 80639.028, ""actual_onset_global_ms"": 80658.458, ""actual_offset_global_ms"": 80758.219, ""actual_duration_ms"": 99.761}, {""stage_name"": ""stimulus"", ""planned_duration_ms"": 3000, ""intended_onset_ms"": 80739.028, ""actual_onset_global_ms"": 80761.184, ""actual_offset_global_ms"": 82283.657, ""actual_duration_ms"": 1522.473}, {""stage_name"": ""feedback"", ""planned_duration_ms"": 600, ""intended_onset_ms"": 82283.657, ""actual_onset_global_ms"": 82319.113, ""actual_offset_global_ms"": 82922.504, ""actual_duration_ms"": 603.391}]",correct.wav,82298.315,600.0,82898.315,,,,,,,,,,,,,,,,,,,,,,,,,,,,,,,,,,,,,,,,,,,,,,,,,,,,,,,,,,,,,,,,,,,,,,,
013,013_T1_20260520_150729,PA,T1,standard,hci_substudy_v2,1,telemetry_v4,flanker,1,formal_block_1,formal,1,1,13,formal,incongruent,1779260849,60.182,2026-05-20T15:09:04.767,0,0,0,1,86713.675,86733.738,incongruent,left,right,>><>>,s,j,0,5428.393,92263.56,none,,86813.675,86835.167,92263.56,3000,5428.393,92263.56,"[{""stage_name"": ""fixation"", ""planned_duration_ms"": 100, ""intended_onset_ms"": 86713.675, ""actual_onset_global_ms"": 86733.738, ""actual_offset_global_ms"": 86832.173, ""actual_duration_ms"": 98.435}, {""stage_name"": ""stimulus"", ""planned_duration_ms"": 3000, ""intended_onset_ms"": 86813.675, ""actual_onset_global_ms"": 86835.167, ""actual_offset_global_ms"": 92263.56, ""actual_duration_ms"": 5428.393}]",,,,,,,,,,,,,,,,,,,,,,,,,,,,,,,,,,,,,,,,,,,,,,,,,,,,,,,,,,,,,,,,,,,,,,,,,,,
013,013_T1_20260520_150729,PA,T1,standard,hci_substudy_v2,1,telemetry_v4,flanker,1,formal_block_1,formal,1,2,14,formal,incongruent,1779260849,60.182,2026-05-20T15:09:10.334,0,0,0,1,92281.699,92295.785,incongruent,right,left,<<><<,j,j,1,4224.677,96647.952,none,,92381.699,92423.275,96647.952,3000,4224.677,96647.952,"[{""stage_name"": ""fixation"", ""planned_duration_ms"": 100, ""intended_onset_ms"": 92281.699, ""actual_onset_global_ms"": 92295.785, ""actual_offset_global_ms"": 92418.977, ""actual_duration_ms"": 123.192}, {""stage_name"": ""stimulus"", ""planned_duration_ms"": 3000, ""intended_onset_ms"": 92381.699, ""actual_onset_global_ms"": 92423.275, ""actual_offset_global_ms"": 96647.952, ""actual_duration_ms"": 4224.677}]",,,,,,,,,,,,,,,,,,,,,,,,,,,,,,,,,,,,,,,,,,,,,,,,,,,,,,,,,,,,,,,,,,,,,,,,,,,
013,013_T1_20260520_150729,PA,T1,standard,hci_substudy_v2,1,telemetry_v4,flanker,1,formal_block_1,formal,1,3,15,formal,congruent,1779260849,60.182,2026-05-20T15:09:14.726,0,0,0,1,96673.45,96691.932,congruent,right,right,>>>>>,j,s,0,1849.412,98656.244,none,,96773.45,96806.832,98656.244,3000,1849.412,98656.244,"[{""stage_name"": ""fixation"", ""planned_duration_ms"": 100, ""intended_onset_ms"": 96673.45, ""actual_onset_global_ms"": 96691.932, ""actual_offset_global_ms"": 96805.435, ""actual_duration_ms"": 113.503}, {""stage_name"": ""stimulus"", ""planned_duration_ms"": 3000, ""intended_onset_ms"": 96773.45, ""actual_onset_global_ms"": 96806.832, ""actual_offset_global_ms"": 98656.244, ""actual_duration_ms"": 1849.412}]",,,,,,,,,,,,,,,,,,,,,,,,,,,,,,,,,,,,,,,,,,,,,,,,,,,,,,,,,,,,,,,,,,,,,,,,,,,
013,013_T1_20260520_150729,PA,T1,standard,hci_substudy_v2,1,telemetry_v4,flanker,1,formal_block_1,formal,1,4,16,formal,congruent,1779260849,60.182,2026-05-20T15:09:16.726,0,0,0,1,98672.44,98688.539,congruent,left,left,<<<<<,s,s,1,11825.46,110634.828,none,,98772.44,98809.368,110634.828,3000,11825.46,110634.828,"[{""stage_name"": ""fixation"", ""planned_duration_ms"": 100, ""intended_onset_ms"": 98672.44, ""actual_onset_global_ms"": 98688.539, ""actual_offset_global_ms"": 98804.998, ""actual_duration_ms"": 116.459}, {""stage_name"": ""stimulus"", ""planned_duration_ms"": 3000, ""intended_onset_ms"": 98772.44, ""actual_onset_global_ms"": 98809.368, ""actual_offset_global_ms"": 110634.828, ""actual_duration_ms"": 11825.46}]",,,,,,,,,,,,,,,,,,,,,,,,,,,,,,,,,,,,,,,,,,,,,,,,,,,,,,,,,,,,,,,,,,,,,,,,,,,
013,013_T1_20260520_150729,PA,T1,standard,hci_substudy_v2,1,telemetry_v4,flanker,1,formal_block_1,formal,1,5,17,formal,congruent,1779260849,60.182,2026-05-20T15:09:28.709,0,0,0,1,110655.446,110674.759,congruent,left,left,<<<<<,s,s,1,4021.208,114811.021,none,,110755.446,110789.813,114811.021,3000,4021.208,114811.021,"[{""stage_name"": ""fixation"", ""planned_duration_ms"": 100, ""intended_onset_ms"": 110655.446, ""actual_onset_global_ms"": 110674.759, ""actual_offset_global_ms"": 110788.202, ""actual_duration_ms"": 113.443}, {""stage_name"": ""stimulus"", ""planned_duration_ms"": 3000, ""intended_onset_ms"": 110755.446, ""actual_onset_global_ms"": 110789.813, ""actual_offset_global_ms"": 114811.021, ""actual_duration_ms"": 4021.208}]",,,,,,,,,,,,,,,,,,,,,,,,,,,,,,,,,,,,,,,,,,,,,,,,,,,,,,,,,,,,,,,,,,,,,,,,,,,
013,013_T1_20260520_150729,PA,T1,standard,hci_substudy_v2,1,telemetry_v4,flanker,1,formal_block_1,formal,1,6,18,formal,incongruent,1779260849,60.182,2026-05-20T15:09:32.887,0,0,0,1,114833.337,114847.297,incongruent,left,right,>><>>,s,s,1,3418.769,118374.236,none,,114933.337,114955.467,118374.236,3000,3418.769,118374.236,"[{""stage_name"": ""fixation"", ""planned_duration_ms"": 100, ""intended_onset_ms"": 114833.337, ""actual_onset_global_ms"": 114847.297, ""actual_offset_global_ms"": 114951.07, ""actual_duration_ms"": 103.773}, {""stage_name"": ""stimulus"", ""planned_duration_ms"": 3000, ""intended_onset_ms"": 114933.337, ""actual_onset_global_ms"": 114955.467, ""actual_offset_global_ms"": 118374.236, ""actual_duration_ms"": 3418.769}]",,,,,,,,,,,,,,,,,,,,,,,,,,,,,,,,,,,,,,,,,,,,,,,,,,,,,,,,,,,,,,,,,,,,,,,,,,,
013,013_T1_20260520_150729,PA,T1,standard,hci_substudy_v2,1,telemetry_v4,flanker,1,formal_block_1,formal,1,7,19,formal,congruent,1779260849,60.182,2026-05-20T15:09:36.446,0,0,0,1,118391.942,118412.072,congruent,right,right,>>>>>,j,j,1,1505.729,120038.706,none,,118491.942,118532.977,120038.706,3000,1505.729,120038.706,"[{""stage_name"": ""fixation"", ""planned_duration_ms"": 100, ""intended_onset_ms"": 118391.942, ""actual_onset_global_ms"": 118412.072, ""actual_offset_global_ms"": 118524.345, ""actual_duration_ms"": 112.273}, {""stage_name"": ""stimulus"", ""planned_duration_ms"": 3000, ""intended_onset_ms"": 118491.942, ""actual_onset_global_ms"": 118532.977, ""actual_offset_global_ms"": 120038.706, ""actual_duration_ms"": 1505.729}]",,,,,,,,,,,,,,,,,,,,,,,,,,,,,,,,,,,,,,,,,,,,,,,,,,,,,,,,,,,,,,,,,,,,,,,,,,,
013,013_T1_20260520_150729,PA,T1,standard,hci_substudy_v2,1,telemetry_v4,flanker,1,formal_block_1,formal,1,8,20,formal,congruent,1779260849,60.182,2026-05-20T15:09:38.117,0,0,0,1,120063.057,120084.907,congruent,right,right,>>>>>,j,j,1,2221.109,122423.869,none,,120163.057,120202.76,122423.869,3000,2221.109,122423.869,"[{""stage_name"": ""fixation"", ""planned_duration_ms"": 100, ""intended_onset_ms"": 120063.057, ""actual_onset_global_ms"": 120084.907, ""actual_offset_global_ms"": 120195.443, ""actual_duration_ms"": 110.536}, {""stage_name"": ""stimulus"", ""planned_duration_ms"": 3000, ""intended_onset_ms"": 120163.057, ""actual_onset_global_ms"": 120202.76, ""actual_offset_global_ms"": 122423.869, ""actual_duration_ms"": 2221.109}]",,,,,,,,,,,,,,,,,,,,,,,,,,,,,,,,,,,,,,,,,,,,,,,,,,,,,,,,,,,,,,,,,,,,,,,,,,,
013,013_T1_20260520_150729,PA,T1,standard,hci_substudy_v2,1,telemetry_v4,flanker,1,formal_block_1,formal,1,9,21,formal,incongruent,1779260849,60.182,2026-05-20T15:09:40.494,0,0,0,1,122441.518,122462.074,incongruent,right,left,<<><<,j,j,1,2526.275,125102.741,none,,122541.518,122576.466,125102.741,3000,2526.275,125102.741,"[{""stage_name"": ""fixation"", ""planned_duration_ms"": 100, ""intended_onset_ms"": 122441.518, ""actual_onset_global_ms"": 122462.074, ""actual_offset_global_ms"": 122573.161, ""actual_duration_ms"": 111.087}, {""stage_name"": ""stimulus"", ""planned_duration_ms"": 3000, ""intended_onset_ms"": 122541.518, ""actual_onset_global_ms"": 122576.466, ""actual_offset_global_ms"": 125102.741, ""actual_duration_ms"": 2526.275}]",,,,,,,,,,,,,,,,,,,,,,,,,,,,,,,,,,,,,,,,,,,,,,,,,,,,,,,,,,,,,,,,,,,,,,,,,,,
013,013_T1_20260520_150729,PA,T1,standard,hci_substudy_v2,1,telemetry_v4,flanker,1,formal_block_1,formal,1,10,22,formal,congruent,1779260849,60.182,2026-05-20T15:09:43.171,0,0,0,1,125117.487,125139.996,congruent,left,left,<<<<<,s,s,1,1630.843,126885.977,none,,125217.487,125255.134,126885.977,3000,1630.843,126885.977,"[{""stage_name"": ""fixation"", ""planned_duration_ms"": 100, ""intended_onset_ms"": 125117.487, ""actual_onset_global_ms"": 125139.996, ""actual_offset_global_ms"": 125248.718, ""actual_duration_ms"": 108.722}, {""stage_name"": ""stimulus"", ""planned_duration_ms"": 3000, ""intended_onset_ms"": 125217.487, ""actual_onset_global_ms"": 125255.134, ""actual_offset_global_ms"": 126885.977, ""actual_duration_ms"": 1630.843}]",,,,,,,,,,,,,,,,,,,,,,,,,,,,,,,,,,,,,,,,,,,,,,,,,,,,,,,,,,,,,,,,,,,,,,,,,,,
013,013_T1_20260520_150729,PA,T1,standard,hci_substudy_v2,1,telemetry_v4,flanker,1,formal_block_1,formal,1,11,23,formal,incongruent,1779260849,60.182,2026-05-20T15:09:44.955,0,0,0,1,126901.334,126918.146,incongruent,right,left,<<><<,j,j,1,1846.652,128874.632,none,,127001.334,127027.98,128874.632,3000,1846.652,128874.632,"[{""stage_name"": ""fixation"", ""planned_duration_ms"": 100, ""intended_onset_ms"": 126901.334, ""actual_onset_global_ms"": 126918.146, ""actual_offset_global_ms"": 127024.214, ""actual_duration_ms"": 106.068}, {""stage_name"": ""stimulus"", ""planned_duration_ms"": 3000, ""intended_onset_ms"": 127001.334, ""actual_onset_global_ms"": 127027.98, ""actual_offset_global_ms"": 128874.632, ""actual_duration_ms"": 1846.652}]",,,,,,,,,,,,,,,,,,,,,,,,,,,,,,,,,,,,,,,,,,,,,,,,,,,,,,,,,,,,,,,,,,,,,,,,,,,
013,013_T1_20260520_150729,PA,T1,standard,hci_substudy_v2,1,telemetry_v4,flanker,1,formal_block_1,formal,1,12,24,formal,incongruent,1779260849,60.182,2026-05-20T15:09:46.958,0,0,0,1,128904.837,128923.699,incongruent,right,left,<<><<,j,j,1,1344.618,130377.82,none,,129004.837,129033.202,130377.82,3000,1344.618,130377.82,"[{""stage_name"": ""fixation"", ""planned_duration_ms"": 100, ""intended_onset_ms"": 128904.837, ""actual_onset_global_ms"": 128923.699, ""actual_offset_global_ms"": 129028.531, ""actual_duration_ms"": 104.832}, {""stage_name"": ""stimulus"", ""planned_duration_ms"": 3000, ""intended_onset_ms"": 129004.837, ""actual_onset_global_ms"": 129033.202, ""actual_offset_global_ms"": 130377.82, ""actual_duration_ms"": 1344.618}]",,,,,,,,,,,,,,,,,,,,,,,,,,,,,,,,,,,,,,,,,,,,,,,,,,,,,,,,,,,,,,,,,,,,,,,,,,,
013,013_T1_20260520_150729,PA,T1,standard,hci_substudy_v2,1,telemetry_v4,flanker,1,formal_block_1,formal,1,13,25,formal,congruent,1779260849,60.182,2026-05-20T15:09:48.454,0,0,0,1,130401.461,130420.657,congruent,left,left,<<<<<,s,s,1,7408.611,137936.387,none,,130501.461,130527.776,137936.387,3000,7408.611,137936.387,"[{""stage_name"": ""fixation"", ""planned_duration_ms"": 100, ""intended_onset_ms"": 130401.461, ""actual_onset_global_ms"": 130420.657, ""actual_offset_global_ms"": 130523.81, ""actual_duration_ms"": 103.153}, {""stage_name"": ""stimulus"", ""planned_duration_ms"": 3000, ""intended_onset_ms"": 130501.461, ""actual_onset_global_ms"": 130527.776, ""actual_offset_global_ms"": 137936.387, ""actual_duration_ms"": 7408.611}]",,,,,,,,,,,,,,,,,,,,,,,,,,,,,,,,,,,,,,,,,,,,,,,,,,,,,,,,,,,,,,,,,,,,,,,,,,,
013,013_T1_20260520_150729,PA,T1,standard,hci_substudy_v2,1,telemetry_v4,flanker,1,formal_block_1,formal,1,14,26,formal,incongruent,1779260849,60.182,2026-05-20T15:09:56.012,0,0,0,1,137958.638,137974.632,incongruent,left,right,>><>>,s,s,1,2182.275,140273.895,none,,138058.638,138091.62,140273.895,3000,2182.275,140273.895,"[{""stage_name"": ""fixation"", ""planned_duration_ms"": 100, ""intended_onset_ms"": 137958.638, ""actual_onset_global_ms"": 137974.632, ""actual_offset_global_ms"": 138088.249, ""actual_duration_ms"": 113.617}, {""stage_name"": ""stimulus"", ""planned_duration_ms"": 3000, ""intended_onset_ms"": 138058.638, ""actual_onset_global_ms"": 138091.62, ""actual_offset_global_ms"": 140273.895, ""actual_duration_ms"": 2182.275}]",,,,,,,,,,,,,,,,,,,,,,,,,,,,,,,,,,,,,,,,,,,,,,,,,,,,,,,,,,,,,,,,,,,,,,,,,,,
013,013_T1_20260520_150729,PA,T1,standard,hci_substudy_v2,1,telemetry_v4,flanker,1,formal_block_1,formal,1,15,27,formal,incongruent,1779260849,60.182,2026-05-20T15:09:58.340,0,0,0,1,140286.951,140305.247,incongruent,right,left,<<><<,j,j,1,5241.275,145649.394,none,,140386.951,140408.119,145649.394,3000,5241.275,145649.394,"[{""stage_name"": ""fixation"", ""planned_duration_ms"": 100, ""intended_onset_ms"": 140286.951, ""actual_onset_global_ms"": 140305.247, ""actual_offset_global_ms"": 140404.628, ""actual_duration_ms"": 99.381}, {""stage_name"": ""stimulus"", ""planned_duration_ms"": 3000, ""intended_onset_ms"": 140386.951, ""actual_onset_global_ms"": 140408.119, ""actual_offset_global_ms"": 145649.394, ""actual_duration_ms"": 5241.275}]",,,,,,,,,,,,,,,,,,,,,,,,,,,,,,,,,,,,,,,,,,,,,,,,,,,,,,,,,,,,,,,,,,,,,,,,,,,
013,013_T1_20260520_150729,PA,T1,standard,hci_substudy_v2,1,telemetry_v4,flanker,1,formal_block_1,formal,1,16,28,formal,congruent,1779260849,60.182,2026-05-20T15:10:03.734,0,0,0,1,145681.457,145695.669,congruent,right,right,>>>>>,j,j,1,5118.637,150939.975,none,,145781.457,145821.338,150939.975,3000,5118.637,150939.975,"[{""stage_name"": ""fixation"", ""planned_duration_ms"": 100, ""intended_onset_ms"": 145681.457, ""actual_onset_global_ms"": 145695.669, ""actual_offset_global_ms"": 145817.965, ""actual_duration_ms"": 122.296}, {""stage_name"": ""stimulus"", ""planned_duration_ms"": 3000, ""intended_onset_ms"": 145781.457, ""actual_onset_global_ms"": 145821.338, ""actual_offset_global_ms"": 150939.975, ""actual_duration_ms"": 5118.637}]",,,,,,,,,,,,,,,,,,,,,,,,,,,,,,,,,,,,,,,,,,,,,,,,,,,,,,,,,,,,,,,,,,,,,,,,,,,
013,013_T1_20260520_150729,PA,T1,standard,hci_substudy_v2,1,telemetry_v4,flanker,1,formal_block_1,formal,1,17,29,formal,incongruent,1779260849,60.182,2026-05-20T15:10:09.017,0,0,0,1,150964.204,150982.564,incongruent,left,right,>><>>,s,s,1,1385.085,152469.427,none,,151064.204,151084.342,152469.427,3000,1385.085,152469.427,"[{""stage_name"": ""fixation"", ""planned_duration_ms"": 100, ""intended_onset_ms"": 150964.204, ""actual_onset_global_ms"": 150982.564, ""actual_offset_global_ms"": 151082.274, ""actual_duration_ms"": 99.71}, {""stage_name"": ""stimulus"", ""planned_duration_ms"": 3000, ""intended_onset_ms"": 151064.204, ""actual_onset_global_ms"": 151084.342, ""actual_offset_global_ms"": 152469.427, ""actual_duration_ms"": 1385.085}]",,,,,,,,,,,,,,,,,,,,,,,,,,,,,,,,,,,,,,,,,,,,,,,,,,,,,,,,,,,,,,,,,,,,,,,,,,,
013,013_T1_20260520_150729,PA,T1,standard,hci_substudy_v2,1,telemetry_v4,flanker,1,formal_block_1,formal,1,18,30,formal,congruent,1779260849,60.182,2026-05-20T15:10:10.535,0,0,0,1,152481.684,152497.598,congruent,left,left,<<<<<,s,s,1,1043.973,153652.55,none,,152581.684,152608.577,153652.55,3000,1043.973,153652.55,"[{""stage_name"": ""fixation"", ""planned_duration_ms"": 100, ""intended_onset_ms"": 152481.684, ""actual_onset_global_ms"": 152497.598, ""actual_offset_global_ms"": 152604.92, ""actual_duration_ms"": 107.322}, {""stage_name"": ""stimulus"", ""planned_duration_ms"": 3000, ""intended_onset_ms"": 152581.684, ""actual_onset_global_ms"": 152608.577, ""actual_offset_global_ms"": 153652.55, ""actual_duration_ms"": 1043.973}]",,,,,,,,,,,,,,,,,,,,,,,,,,,,,,,,,,,,,,,,,,,,,,,,,,,,,,,,,,,,,,,,,,,,,,,,,,,
013,013_T1_20260520_150729,PA,T1,standard,hci_substudy_v2,1,telemetry_v4,flanker,1,formal_block_1,formal,1,19,31,formal,congruent,1779260849,60.182,2026-05-20T15:10:11.724,0,0,0,1,153670.288,153689.048,congruent,right,right,>>>>>,j,j,1,1479.286,155271.427,none,,153770.288,153792.141,155271.427,3000,1479.286,155271.427,"[{""stage_name"": ""fixation"", ""planned_duration_ms"": 100, ""intended_onset_ms"": 153670.288, ""actual_onset_global_ms"": 153689.048, ""actual_offset_global_ms"": 153788.281, ""actual_duration_ms"": 99.233}, {""stage_name"": ""stimulus"", ""planned_duration_ms"": 3000, ""intended_onset_ms"": 153770.288, ""actual_onset_global_ms"": 153792.141, ""actual_offset_global_ms"": 155271.427, ""actual_duration_ms"": 1479.286}]",,,,,,,,,,,,,,,,,,,,,,,,,,,,,,,,,,,,,,,,,,,,,,,,,,,,,,,,,,,,,,,,,,,,,,,,,,,
013,013_T1_20260520_150729,PA,T1,standard,hci_substudy_v2,1,telemetry_v4,flanker,1,formal_block_1,formal,1,20,32,formal,incongruent,1779260849,60.182,2026-05-20T15:10:13.349,0,0,0,1,155296.331,155315.156,incongruent,left,right,>><>>,s,s,1,2994.383,158424.502,none,,155396.331,155430.119,158424.502,3000,2994.383,158424.502,"[{""stage_name"": ""fixation"", ""planned_duration_ms"": 100, ""intended_onset_ms"": 155296.331, ""actual_onset_global_ms"": 155315.156, ""actual_offset_global_ms"": 155423.213, ""actual_duration_ms"": 108.057}, {""stage_name"": ""stimulus"", ""planned_duration_ms"": 3000, ""intended_onset_ms"": 155396.331, ""actual_onset_global_ms"": 155430.119, ""actual_offset_global_ms"": 158424.502, ""actual_duration_ms"": 2994.383}]",,,,,,,,,,,,,,,,,,,,,,,,,,,,,,,,,,,,,,,,,,,,,,,,,,,,,,,,,,,,,,,,,,,,,,,,,,,
013,013_T1_20260520_150729,PA,T1,standard,hci_substudy_v2,1,telemetry_v4,flanker,1,formal_block_2,formal,2,1,33,formal,congruent,1779260849,60.182,2026-05-20T15:10:16.493,0,0,0,1,158439.517,158454.574,congruent,right,right,>>>>>,j,j,1,1035.513,159613.657,none,,158539.517,158578.144,159613.657,3000,1035.513,159613.657,"[{""stage_name"": ""fixation"", ""planned_duration_ms"": 100, ""intended_onset_ms"": 158439.517, ""actual_onset_global_ms"": 158454.574, ""actual_offset_global_ms"": 158572.137, ""actual_duration_ms"": 117.563}, {""stage_name"": ""stimulus"", ""planned_duration_ms"": 3000, ""intended_onset_ms"": 158539.517, ""actual_onset_global_ms"": 158578.144, ""actual_offset_global_ms"": 159613.657, ""actual_duration_ms"": 1035.513}]",,,,,,,,,,,,,,,,,,,,,,,,,,,,,,,,,,,,,,,,,,,,,,,,,,,,,,,,,,,,,,,,,,,,,,,,,,,
013,013_T1_20260520_150729,PA,T1,standard,hci_substudy_v2,1,telemetry_v4,flanker,1,formal_block_2,formal,2,2,34,formal,incongruent,1779260849,60.182,2026-05-20T15:10:17.680,0,0,0,1,159627.018,159644.939,incongruent,right,left,<<><<,j,j,1,1517.922,161277.366,none,,159727.018,159759.444,161277.366,3000,1517.922,161277.366,"[{""stage_name"": ""fixation"", ""planned_duration_ms"": 100, ""intended_onset_ms"": 159627.018, ""actual_onset_global_ms"": 159644.939, ""actual_offset_global_ms"": 159754.249, ""actual_duration_ms"": 109.31}, {""stage_name"": ""stimulus"", ""planned_duration_ms"": 3000, ""intended_onset_ms"": 159727.018, ""actual_onset_global_ms"": 159759.444, ""actual_offset_global_ms"": 161277.366, ""actual_duration_ms"": 1517.922}]",,,,,,,,,,,,,,,,,,,,,,,,,,,,,,,,,,,,,,,,,,,,,,,,,,,,,,,,,,,,,,,,,,,,,,,,,,,
013,013_T1_20260520_150729,PA,T1,standard,hci_substudy_v2,1,telemetry_v4,flanker,1,formal_block_2,formal,2,3,35,formal,incongruent,1779260849,60.182,2026-05-20T15:10:19.358,0,0,0,1,161304.687,161321.043,incongruent,left,right,>><>>,s,s,1,1389.029,162816.762,none,,161404.687,161427.733,162816.762,3000,1389.029,162816.762,"[{""stage_name"": ""fixation"", ""planned_duration_ms"": 100, ""intended_onset_ms"": 161304.687, ""actual_onset_global_ms"": 161321.043, ""actual_offset_global_ms"": 161423.968, ""actual_duration_ms"": 102.925}, {""stage_name"": ""stimulus"", ""planned_duration_ms"": 3000, ""intended_onset_ms"": 161404.687, ""actual_onset_global_ms"": 161427.733, ""actual_offset_global_ms"": 162816.762, ""actual_duration_ms"": 1389.029}]",,,,,,,,,,,,,,,,,,,,,,,,,,,,,,,,,,,,,,,,,,,,,,,,,,,,,,,,,,,,,,,,,,,,,,,,,,,
013,013_T1_20260520_150729,PA,T1,standard,hci_substudy_v2,1,telemetry_v4,flanker,1,formal_block_2,formal,2,4,36,formal,incongruent,1779260849,60.182,2026-05-20T15:10:20.884,0,0,0,1,162830.791,162848.957,incongruent,right,left,<<><<,j,j,1,823.941,163779.629,none,,162930.791,162955.688,163779.629,3000,823.941,163779.629,"[{""stage_name"": ""fixation"", ""planned_duration_ms"": 100, ""intended_onset_ms"": 162830.791, ""actual_onset_global_ms"": 162848.957, ""actual_offset_global_ms"": 162954.387, ""actual_duration_ms"": 105.43}, {""stage_name"": ""stimulus"", ""planned_duration_ms"": 3000, ""intended_onset_ms"": 162930.791, ""actual_onset_global_ms"": 162955.688, ""actual_offset_global_ms"": 163779.629, ""actual_duration_ms"": 823.941}]",,,,,,,,,,,,,,,,,,,,,,,,,,,,,,,,,,,,,,,,,,,,,,,,,,,,,,,,,,,,,,,,,,,,,,,,,,,
013,013_T1_20260520_150729,PA,T1,standard,hci_substudy_v2,1,telemetry_v4,flanker,1,formal_block_2,formal,2,5,37,formal,congruent,1779260849,60.182,2026-05-20T15:10:21.857,0,0,0,1,163803.968,163823.961,congruent,left,left,<<<<<,s,s,1,1123.647,165048.708,none,,163903.968,163925.061,165048.708,3000,1123.647,165048.708,"[{""stage_name"": ""fixation"", ""planned_duration_ms"": 100, ""intended_onset_ms"": 163803.968, ""actual_onset_global_ms"": 163823.961, ""actual_offset_global_ms"": 163920.997, ""actual_duration_ms"": 97.036}, {""stage_name"": ""stimulus"", ""planned_duration_ms"": 3000, ""intended_onset_ms"": 163903.968, ""actual_onset_global_ms"": 163925.061, ""actual_offset_global_ms"": 165048.708, ""actual_duration_ms"": 1123.647}]",,,,,,,,,,,,,,,,,,,,,,,,,,,,,,,,,,,,,,,,,,,,,,,,,,,,,,,,,,,,,,,,,,,,,,,,,,,
013,013_T1_20260520_150729,PA,T1,standard,hci_substudy_v2,1,telemetry_v4,flanker,1,formal_block_2,formal,2,6,38,formal,incongruent,1779260849,60.182,2026-05-20T15:10:23.122,0,0,0,1,165068.863,165085.198,incongruent,left,right,>><>>,s,s,1,1563.0,166757.866,none,,165168.863,165194.866,166757.866,3000,1563.0,166757.866,"[{""stage_name"": ""fixation"", ""planned_duration_ms"": 100, ""intended_onset_ms"": 165068.863, ""actual_onset_global_ms"": 165085.198, ""actual_offset_global_ms"": 165191.488, ""actual_duration_ms"": 106.29}, {""stage_name"": ""stimulus"", ""planned_duration_ms"": 3000, ""intended_onset_ms"": 165168.863, ""actual_onset_global_ms"": 165194.866, ""actual_offset_global_ms"": 166757.866, ""actual_duration_ms"": 1563.0}]",,,,,,,,,,,,,,,,,,,,,,,,,,,,,,,,,,,,,,,,,,,,,,,,,,,,,,,,,,,,,,,,,,,,,,,,,,,
013,013_T1_20260520_150729,PA,T1,standard,hci_substudy_v2,1,telemetry_v4,flanker,1,formal_block_2,formal,2,7,39,formal,congruent,1779260849,60.182,2026-05-20T15:10:24.826,0,0,0,1,166773.345,166789.976,congruent,right,right,>>>>>,j,j,1,993.521,167901.057,none,,166873.345,166907.536,167901.057,3000,993.521,167901.057,"[{""stage_name"": ""fixation"", ""planned_duration_ms"": 100, ""intended_onset_ms"": 166773.345, ""actual_onset_global_ms"": 166789.976, ""actual_offset_global_ms"": 166904.724, ""actual_duration_ms"": 114.748}, {""stage_name"": ""stimulus"", ""planned_duration_ms"": 3000, ""intended_onset_ms"": 166873.345, ""actual_onset_global_ms"": 166907.536, ""actual_offset_global_ms"": 167901.057, ""actual_duration_ms"": 993.521}]",,,,,,,,,,,,,,,,,,,,,,,,,,,,,,,,,,,,,,,,,,,,,,,,,,,,,,,,,,,,,,,,,,,,,,,,,,,
013,013_T1_20260520_150729,PA,T1,standard,hci_substudy_v2,1,telemetry_v4,flanker,1,formal_block_2,formal,2,8,40,formal,congruent,1779260849,60.182,2026-05-20T15:10:25.982,0,0,0,1,167928.488,167948.086,congruent,left,left,<<<<<,s,s,1,1539.708,169609.687,none,,168028.488,168069.979,169609.687,3000,1539.708,169609.687,"[{""stage_name"": ""fixation"", ""planned_duration_ms"": 100, ""intended_onset_ms"": 167928.488, ""actual_onset_global_ms"": 167948.086, ""actual_offset_global_ms"": 168063.777, ""actual_duration_ms"": 115.691}, {""stage_name"": ""stimulus"", ""planned_duration_ms"": 3000, ""intended_onset_ms"": 168028.488, ""actual_onset_global_ms"": 168069.979, ""actual_offset_global_ms"": 169609.687, ""actual_duration_ms"": 1539.708}]",,,,,,,,,,,,,,,,,,,,,,,,,,,,,,,,,,,,,,,,,,,,,,,,,,,,,,,,,,,,,,,,,,,,,,,,,,,
013,013_T1_20260520_150729,PA,T1,standard,hci_substudy_v2,1,telemetry_v4,flanker,1,formal_block_2,formal,2,9,41,formal,congruent,1779260849,60.182,2026-05-20T15:10:27.687,0,0,0,1,169634.022,169656.266,congruent,right,right,>>>>>,j,j,1,1717.493,171493.552,none,,169734.022,169776.059,171493.552,3000,1717.493,171493.552,"[{""stage_name"": ""fixation"", ""planned_duration_ms"": 100, ""intended_onset_ms"": 169634.022, ""actual_onset_global_ms"": 169656.266, ""actual_offset_global_ms"": 169770.121, ""actual_duration_ms"": 113.855}, {""stage_name"": ""stimulus"", ""planned_duration_ms"": 3000, ""intended_onset_ms"": 169734.022, ""actual_onset_global_ms"": 169776.059, ""actual_offset_global_ms"": 171493.552, ""actual_duration_ms"": 1717.493}]",,,,,,,,,,,,,,,,,,,,,,,,,,,,,,,,,,,,,,,,,,,,,,,,,,,,,,,,,,,,,,,,,,,,,,,,,,,
013,013_T1_20260520_150729,PA,T1,standard,hci_substudy_v2,1,telemetry_v4,flanker,1,formal_block_2,formal,2,10,42,formal,incongruent,1779260849,60.182,2026-05-20T15:10:29.576,0,0,0,1,171522.391,171539.366,incongruent,right,left,<<><<,j,j,1,1343.548,172993.028,none,,171622.391,171649.48,172993.028,3000,1343.548,172993.028,"[{""stage_name"": ""fixation"", ""planned_duration_ms"": 100, ""intended_onset_ms"": 171522.391, ""actual_onset_global_ms"": 171539.366, ""actual_offset_global_ms"": 171644.074, ""actual_duration_ms"": 104.708}, {""stage_name"": ""stimulus"", ""planned_duration_ms"": 3000, ""intended_onset_ms"": 171622.391, ""actual_onset_global_ms"": 171649.48, ""actual_offset_global_ms"": 172993.028, ""actual_duration_ms"": 1343.548}]",,,,,,,,,,,,,,,,,,,,,,,,,,,,,,,,,,,,,,,,,,,,,,,,,,,,,,,,,,,,,,,,,,,,,,,,,,,
013,013_T1_20260520_150729,PA,T1,standard,hci_substudy_v2,1,telemetry_v4,flanker,1,formal_block_2,formal,2,11,43,formal,incongruent,1779260849,60.182,2026-05-20T15:10:31.071,0,0,0,1,173017.312,173041.57,incongruent,left,right,>><>>,s,s,1,1072.015,174216.695,none,,173117.312,173144.68,174216.695,3000,1072.015,174216.695,"[{""stage_name"": ""fixation"", ""planned_duration_ms"": 100, ""intended_onset_ms"": 173017.312, ""actual_onset_global_ms"": 173041.57, ""actual_offset_global_ms"": 173138.363, ""actual_duration_ms"": 96.793}, {""stage_name"": ""stimulus"", ""planned_duration_ms"": 3000, ""intended_onset_ms"": 173117.312, ""actual_onset_global_ms"": 173144.68, ""actual_offset_global_ms"": 174216.695, ""actual_duration_ms"": 1072.015}]",,,,,,,,,,,,,,,,,,,,,,,,,,,,,,,,,,,,,,,,,,,,,,,,,,,,,,,,,,,,,,,,,,,,,,,,,,,
013,013_T1_20260520_150729,PA,T1,standard,hci_substudy_v2,1,telemetry_v4,flanker,1,formal_block_2,formal,2,12,44,formal,congruent,1779260849,60.182,2026-05-20T15:10:32.282,0,0,0,1,174228.836,174250.17,congruent,left,left,<<<<<,s,s,1,964.481,175331.099,none,,174328.836,174366.618,175331.099,3000,964.481,175331.099,"[{""stage_name"": ""fixation"", ""planned_duration_ms"": 100, ""intended_onset_ms"": 174228.836, ""actual_onset_global_ms"": 174250.17, ""actual_offset_global_ms"": 174359.034, ""actual_duration_ms"": 108.864}, {""stage_name"": ""stimulus"", ""planned_duration_ms"": 3000, ""intended_onset_ms"": 174328.836, ""actual_onset_global_ms"": 174366.618, ""actual_offset_global_ms"": 175331.099, ""actual_duration_ms"": 964.481}]",,,,,,,,,,,,,,,,,,,,,,,,,,,,,,,,,,,,,,,,,,,,,,,,,,,,,,,,,,,,,,,,,,,,,,,,,,,
013,013_T1_20260520_150729,PA,T1,standard,hci_substudy_v2,1,telemetry_v4,flanker,1,formal_block_2,formal,2,13,45,formal,incongruent,1779260849,60.182,2026-05-20T15:10:33.399,0,0,0,1,175346.208,175364.416,incongruent,left,right,>><>>,s,s,1,1136.445,176614.892,none,,175446.208,175478.447,176614.892,3000,1136.445,176614.892,"[{""stage_name"": ""fixation"", ""planned_duration_ms"": 100, ""intended_onset_ms"": 175346.208, ""actual_onset_global_ms"": 175364.416, ""actual_offset_global_ms"": 175473.185, ""actual_duration_ms"": 108.769}, {""stage_name"": ""stimulus"", ""planned_duration_ms"": 3000, ""intended_onset_ms"": 175446.208, ""actual_onset_global_ms"": 175478.447, ""actual_offset_global_ms"": 176614.892, ""actual_duration_ms"": 1136.445}]",,,,,,,,,,,,,,,,,,,,,,,,,,,,,,,,,,,,,,,,,,,,,,,,,,,,,,,,,,,,,,,,,,,,,,,,,,,
013,013_T1_20260520_150729,PA,T1,standard,hci_substudy_v2,1,telemetry_v4,flanker,1,formal_block_2,formal,2,14,46,formal,congruent,1779260849,60.182,2026-05-20T15:10:34.687,0,0,0,1,176634.217,176655.661,congruent,right,right,>>>>>,j,j,1,902.469,177669.751,none,,176734.217,176767.282,177669.751,3000,902.469,177669.751,"[{""stage_name"": ""fixation"", ""planned_duration_ms"": 100, ""intended_onset_ms"": 176634.217, ""actual_onset_global_ms"": 176655.661, ""actual_offset_global_ms"": 176758.825, ""actual_duration_ms"": 103.164}, {""stage_name"": ""stimulus"", ""planned_duration_ms"": 3000, ""intended_onset_ms"": 176734.217, ""actual_onset_global_ms"": 176767.282, ""actual_offset_global_ms"": 177669.751, ""actual_duration_ms"": 902.469}]",,,,,,,,,,,,,,,,,,,,,,,,,,,,,,,,,,,,,,,,,,,,,,,,,,,,,,,,,,,,,,,,,,,,,,,,,,,
013,013_T1_20260520_150729,PA,T1,standard,hci_substudy_v2,1,telemetry_v4,flanker,1,formal_block_2,formal,2,15,47,formal,congruent,1779260849,60.182,2026-05-20T15:10:35.742,0,0,0,1,177689.294,177707.875,congruent,left,left,<<<<<,s,s,1,2156.15,179982.03,none,,177789.294,177825.88,179982.03,3000,2156.15,179982.03,"[{""stage_name"": ""fixation"", ""planned_duration_ms"": 100, ""intended_onset_ms"": 177689.294, ""actual_onset_global_ms"": 177707.875, ""actual_offset_global_ms"": 177820.673, ""actual_duration_ms"": 112.798}, {""stage_name"": ""stimulus"", ""planned_duration_ms"": 3000, ""intended_onset_ms"": 177789.294, ""actual_onset_global_ms"": 177825.88, ""actual_offset_global_ms"": 179982.03, ""actual_duration_ms"": 2156.15}]",,,,,,,,,,,,,,,,,,,,,,,,,,,,,,,,,,,,,,,,,,,,,,,,,,,,,,,,,,,,,,,,,,,,,,,,,,,
013,013_T1_20260520_150729,PA,T1,standard,hci_substudy_v2,1,telemetry_v4,flanker,1,formal_block_2,formal,2,16,48,formal,congruent,1779260849,60.182,2026-05-20T15:10:38.057,0,0,0,1,180003.281,180021.539,congruent,left,left,<<<<<,s,s,1,1360.916,181485.513,none,,180103.281,180124.597,181485.513,3000,1360.916,181485.513,"[{""stage_name"": ""fixation"", ""planned_duration_ms"": 100, ""intended_onset_ms"": 180003.281, ""actual_onset_global_ms"": 180021.539, ""actual_offset_global_ms"": 180121.739, ""actual_duration_ms"": 100.2}, {""stage_name"": ""stimulus"", ""planned_duration_ms"": 3000, ""intended_onset_ms"": 180103.281, ""actual_onset_global_ms"": 180124.597, ""actual_offset_global_ms"": 181485.513, ""actual_duration_ms"": 1360.916}]",,,,,,,,,,,,,,,,,,,,,,,,,,,,,,,,,,,,,,,,,,,,,,,,,,,,,,,,,,,,,,,,,,,,,,,,,,,
013,013_T1_20260520_150729,PA,T1,standard,hci_substudy_v2,1,telemetry_v4,flanker,1,formal_block_2,formal,2,17,49,formal,incongruent,1779260849,60.182,2026-05-20T15:10:39.566,0,0,0,1,181512.658,181527.007,incongruent,right,left,<<><<,j,j,1,836.757,182479.665,none,,181612.658,181642.908,182479.665,3000,836.757,182479.665,"[{""stage_name"": ""fixation"", ""planned_duration_ms"": 100, ""intended_onset_ms"": 181512.658, ""actual_onset_global_ms"": 181527.007, ""actual_offset_global_ms"": 181639.677, ""actual_duration_ms"": 112.67}, {""stage_name"": ""stimulus"", ""planned_duration_ms"": 3000, ""intended_onset_ms"": 181612.658, ""actual_onset_global_ms"": 181642.908, ""actual_offset_global_ms"": 182479.665, ""actual_duration_ms"": 836.757}]",,,,,,,,,,,,,,,,,,,,,,,,,,,,,,,,,,,,,,,,,,,,,,,,,,,,,,,,,,,,,,,,,,,,,,,,,,,
013,013_T1_20260520_150729,PA,T1,standard,hci_substudy_v2,1,telemetry_v4,flanker,1,formal_block_2,formal,2,18,50,formal,congruent,1779260849,60.182,2026-05-20T15:10:40.555,0,0,0,1,182501.844,182518.027,congruent,right,right,>>>>>,j,j,1,926.45,183554.133,none,,182601.844,182627.683,183554.133,3000,926.45,183554.133,"[{""stage_name"": ""fixation"", ""planned_duration_ms"": 100, ""intended_onset_ms"": 182501.844, ""actual_onset_global_ms"": 182518.027, ""actual_offset_global_ms"": 182623.464, ""actual_duration_ms"": 105.437}, {""stage_name"": ""stimulus"", ""planned_duration_ms"": 3000, ""intended_onset_ms"": 182601.844, ""actual_onset_global_ms"": 182627.683, ""actual_offset_global_ms"": 183554.133, ""actual_duration_ms"": 926.45}]",,,,,,,,,,,,,,,,,,,,,,,,,,,,,,,,,,,,,,,,,,,,,,,,,,,,,,,,,,,,,,,,,,,,,,,,,,,
013,013_T1_20260520_150729,PA,T1,standard,hci_substudy_v2,1,telemetry_v4,flanker,1,formal_block_2,formal,2,19,51,formal,incongruent,1779260849,60.182,2026-05-20T15:10:41.637,0,0,0,1,183583.327,183602.09,incongruent,right,left,<<><<,j,j,1,2088.545,185797.868,none,,183683.327,183709.323,185797.868,3000,2088.545,185797.868,"[{""stage_name"": ""fixation"", ""planned_duration_ms"": 100, ""intended_onset_ms"": 183583.327, ""actual_onset_global_ms"": 183602.09, ""actual_offset_global_ms"": 183706.297, ""actual_duration_ms"": 104.207}, {""stage_name"": ""stimulus"", ""planned_duration_ms"": 3000, ""intended_onset_ms"": 183683.327, ""actual_onset_global_ms"": 183709.323, ""actual_offset_global_ms"": 185797.868, ""actual_duration_ms"": 2088.545}]",,,,,,,,,,,,,,,,,,,,,,,,,,,,,,,,,,,,,,,,,,,,,,,,,,,,,,,,,,,,,,,,,,,,,,,,,,,
013,013_T1_20260520_150729,PA,T1,standard,hci_substudy_v2,1,telemetry_v4,flanker,1,formal_block_2,formal,2,20,52,formal,incongruent,1779260849,60.182,2026-05-20T15:10:43.876,0,0,0,1,185822.383,185838.308,incongruent,left,right,>><>>,s,s,1,912.634,186871.448,none,,185922.383,185958.814,186871.448,3000,912.634,186871.448,"[{""stage_name"": ""fixation"", ""planned_duration_ms"": 100, ""intended_onset_ms"": 185822.383, ""actual_onset_global_ms"": 185838.308, ""actual_offset_global_ms"": 185954.269, ""actual_duration_ms"": 115.961}, {""stage_name"": ""stimulus"", ""planned_duration_ms"": 3000, ""intended_onset_ms"": 185922.383, ""actual_onset_global_ms"": 185958.814, ""actual_offset_global_ms"": 186871.448, ""actual_duration_ms"": 912.634}]",,,,,,,,,,,,,,,,,,,,,,,,,,,,,,,,,,,,,,,,,,,,,,,,,,,,,,,,,,,,,,,,,,,,,,,,,,,
013,013_T1_20260520_150729,PA,T1,standard,hci_substudy_v2,1,telemetry_v4,dccs,2,pre_switch_practice,practice,1,1,1,practice,color,1779260849,60.182,2026-05-20T15:11:20.857,0,0,0,1,222804.368,222930.249,,,,,j,j,1,7039.567,230578.918,correct,0.0,223404.368,223539.351,230578.918,3000,7039.567,230728.918,"[{""stage_name"": ""fixation"", ""planned_duration_ms"": 100, ""intended_onset_ms"": 222804.368, ""actual_onset_global_ms"": 222930.249, ""actual_offset_global_ms"": 222946.865, ""actual_duration_ms"": 16.616}, {""stage_name"": ""cue"", ""planned_duration_ms"": 500, ""intended_onset_ms"": 222904.368, ""actual_onset_global_ms"": 222957.442, ""actual_offset_global_ms"": 223539.07, ""actual_duration_ms"": 581.628}, {""stage_name"": ""stimulus"", ""planned_duration_ms"": 3000, ""intended_onset_ms"": 223404.368, ""actual_onset_global_ms"": 223539.351, ""actual_offset_global_ms"": 230578.918, ""actual_duration_ms"": 7039.567}, {""stage_name"": ""feedback"", ""planned_duration_ms"": 150, ""intended_onset_ms"": 230578.918, ""actual_onset_global_ms"": 230612.937, ""actual_offset_global_ms"": 230765.684, ""actual_duration_ms"": 152.747}]",correct.wav,230582.739,150.0,231082.739,0.0,none,,,0.0,0.0,none,0.0,0.0,0.0,0.0,,,0.0,none,none,0.0,color,cue_color.wav,颜色,222957.801,500.0,223654.364,red,boat,red_boat,practice,,color,7621.476,,,,,,,,,,,,,,,,,,,,,,,,,,,,,,,,,,,,,,,,,
013,013_T1_20260520_150729,PA,T1,standard,hci_substudy_v2,1,telemetry_v4,dccs,2,pre_switch_practice,practice,1,2,2,practice,color,1779260849,60.182,2026-05-20T15:11:28.811,0,0,0,1,230757.93,230776.509,,,,,s,s,1,1735.242,233229.91,correct,0.0,231357.93,231494.668,233229.91,3000,1735.242,233379.91,"[{""stage_name"": ""fixation"", ""planned_duration_ms"": 100, ""intended_onset_ms"": 230757.93, ""actual_onset_global_ms"": 230776.509, ""actual_offset_global_ms"": 230889.986, ""actual_duration_ms"": 113.477}, {""stage_name"": ""cue"", ""planned_duration_ms"": 500, ""intended_onset_ms"": 230857.93, ""actual_onset_global_ms"": 230896.799, ""actual_offset_global_ms"": 231493.343, ""actual_duration_ms"": 596.544}, {""stage_name"": ""stimulus"", ""planned_duration_ms"": 3000, ""intended_onset_ms"": 231357.93, ""actual_onset_global_ms"": 231494.668, ""actual_offset_global_ms"": 233229.91, ""actual_duration_ms"": 1735.242}, {""stage_name"": ""feedback"", ""planned_duration_ms"": 150, ""intended_onset_ms"": 233229.91, ""actual_onset_global_ms"": 233278.088, ""actual_offset_global_ms"": 233426.531, ""actual_duration_ms"": 148.443}]",correct.wav,233253.553,150.0,233753.553,0.0,none,,,0.0,0.0,none,0.0,0.0,0.0,0.0,,,0.0,none,none,0.0,color,cue_color.wav,颜色,230897.527,500.0,231594.09,blue,rabbit,blue_rabbit,practice,,color,2333.111,,,,,,,,,,,,,,,,,,,,,,,,,,,,,,,,,,,,,,,,,
013,013_T1_20260520_150729,PA,T1,standard,hci_substudy_v2,1,telemetry_v4,dccs,2,pre_switch_practice,practice,1,3,3,practice,color,1779260849,60.182,2026-05-20T15:11:31.471,0,0,0,1,233418.001,233442.126,,,,,s,s,1,1017.414,235174.449,correct,0.0,234018.001,234157.035,235174.449,3000,1017.414,235324.449,"[{""stage_name"": ""fixation"", ""planned_duration_ms"": 100, ""intended_onset_ms"": 233418.001, ""actual_onset_global_ms"": 233442.126, ""actual_offset_global_ms"": 233536.747, ""actual_duration_ms"": 94.621}, {""stage_name"": ""cue"", ""planned_duration_ms"": 500, ""intended_onset_ms"": 233518.001, ""actual_onset_global_ms"": 233539.068, ""actual_offset_global_ms"": 234155.866, ""actual_duration_ms"": 616.798}, {""stage_name"": ""stimulus"", ""planned_duration_ms"": 3000, ""intended_onset_ms"": 234018.001, ""actual_onset_global_ms"": 234157.035, ""actual_offset_global_ms"": 235174.449, ""actual_duration_ms"": 1017.414}, {""stage_name"": ""feedback"", ""planned_duration_ms"": 150, ""intended_onset_ms"": 235174.449, ""actual_onset_global_ms"": 235197.446, ""actual_offset_global_ms"": 235356.307, ""actual_duration_ms"": 158.861}]",correct.wav,235178.265,150.0,235678.265,0.0,none,,,0.0,0.0,none,0.0,0.0,0.0,0.0,,,0.0,none,none,0.0,color,cue_color.wav,颜色,233539.498,500.0,234236.06,blue,rabbit,blue_rabbit,practice,,color,1635.381,,,,,,,,,,,,,,,,,,,,,,,,,,,,,,,,,,,,,,,,,
013,013_T1_20260520_150729,PA,T1,standard,hci_substudy_v2,1,telemetry_v4,dccs,2,pre_switch_practice,practice,1,4,4,practice,color,1779260849,60.182,2026-05-20T15:11:33.403,0,0,0,1,235349.774,235373.993,,,,,j,j,1,974.656,236989.797,correct,0.0,235949.774,236015.141,236989.797,3000,974.656,237139.797,"[{""stage_name"": ""fixation"", ""planned_duration_ms"": 100, ""intended_onset_ms"": 235349.774, ""actual_onset_global_ms"": 235373.993, ""actual_offset_global_ms"": 235469.614, ""actual_duration_ms"": 95.621}, {""stage_name"": ""cue"", ""planned_duration_ms"": 500, ""intended_onset_ms"": 235449.774, ""actual_onset_global_ms"": 235473.251, ""actual_offset_global_ms"": 236015.094, ""actual_duration_ms"": 541.843}, {""stage_name"": ""stimulus"", ""planned_duration_ms"": 3000, ""intended_onset_ms"": 235949.774, ""actual_onset_global_ms"": 236015.141, ""actual_offset_global_ms"": 236989.797, ""actual_duration_ms"": 974.656}, {""stage_name"": ""feedback"", ""planned_duration_ms"": 150, ""intended_onset_ms"": 236989.797, ""actual_onset_global_ms"": 237008.907, ""actual_offset_global_ms"": 237169.985, ""actual_duration_ms"": 161.078}]",correct.wav,236990.761,150.0,237490.761,0.0,none,,,0.0,0.0,none,0.0,0.0,0.0,0.0,,,0.0,none,none,0.0,color,cue_color.wav,颜色,235473.668,500.0,236170.231,red,boat,red_boat,practice,,color,1516.546,,,,,,,,,,,,,,,,,,,,,,,,,,,,,,,,,,,,,,,,,
013,013_T1_20260520_150729,PA,T1,standard,hci_substudy_v2,1,telemetry_v4,dccs,2,pre_switch_practice,practice,1,5,5,practice,color,1779260849,60.182,2026-05-20T15:11:35.216,0,0,0,1,237162.415,237179.155,,,,,s,s,1,3676.245,241483.938,correct,0.0,237762.415,237807.693,241483.938,3000,3676.245,241633.938,"[{""stage_name"": ""fixation"", ""planned_duration_ms"": 100, ""intended_onset_ms"": 237162.415, ""actual_onset_global_ms"": 237179.155, ""actual_offset_global_ms"": 237280.722, ""actual_duration_ms"": 101.567}, {""stage_name"": ""cue"", ""planned_duration_ms"": 500, ""intended_onset_ms"": 237262.415, ""actual_onset_global_ms"": 237281.373, ""actual_offset_global_ms"": 237806.653, ""actual_duration_ms"": 525.28}, {""stage_name"": ""stimulus"", ""planned_duration_ms"": 3000, ""intended_onset_ms"": 237762.415, ""actual_onset_global_ms"": 237807.693, ""actual_offset_global_ms"": 241483.938, ""actual_duration_ms"": 3676.245}, {""stage_name"": ""feedback"", ""planned_duration_ms"": 150, ""intended_onset_ms"": 241483.938, ""actual_onset_global_ms"": 241509.421, ""actual_offset_global_ms"": 241674.374, ""actual_duration_ms"": 164.953}]",correct.wav,241489.866,150.0,241989.866,0.0,none,,,0.0,0.0,none,0.0,0.0,0.0,0.0,,,0.0,none,none,0.0,color,cue_color.wav,颜色,237281.723,500.0,237978.285,blue,boat,blue_boat,practice,,color,4202.565,,,,,,,,,,,,,,,,,,,,,,,,,,,,,,,,,,,,,,,,,
013,013_T1_20260520_150729,PA,T1,standard,hci_substudy_v2,1,telemetry_v4,dccs,2,pre_switch_practice,practice,1,6,6,practice,color,1779260849,60.182,2026-05-20T15:11:39.720,0,0,0,1,241666.06,241685.904,,,,,j,j,1,5361.052,247769.29,correct,0.0,242266.06,242408.238,247769.29,3000,5361.052,247919.29,"[{""stage_name"": ""fixation"", ""planned_duration_ms"": 100, ""intended_onset_ms"": 241666.06, ""actual_onset_global_ms"": 241685.904, ""actual_offset_global_ms"": 241794.156, ""actual_duration_ms"": 108.252}, {""stage_name"": ""cue"", ""planned_duration_ms"": 500, ""intended_onset_ms"": 241766.06, ""actual_onset_global_ms"": 241800.192, ""actual_offset_global_ms"": 242405.672, ""actual_duration_ms"": 605.48}, {""stage_name"": ""stimulus"", ""planned_duration_ms"": 3000, ""intended_onset_ms"": 242266.06, ""actual_onset_global_ms"": 242408.238, ""actual_offset_global_ms"": 247769.29, ""actual_duration_ms"": 5361.052}, {""stage_name"": ""feedback"", ""planned_duration_ms"": 150, ""intended_onset_ms"": 247769.29, ""actual_onset_global_ms"": 247806.031, ""actual_offset_global_ms"": 247959.795, ""actual_duration_ms"": 153.764}]",correct.wav,247784.157,150.0,248284.157,0.0,none,,,0.0,0.0,none,0.0,0.0,0.0,0.0,,,0.0,none,none,0.0,color,cue_color.wav,颜色,241800.627,500.0,242497.19,red,rabbit,red_rabbit,practice,,color,5969.098,,,,,,,,,,,,,,,,,,,,,,,,,,,,,,,,,,,,,,,,,
013,013_T1_20260520_150729,PA,T1,standard,hci_substudy_v2,1,telemetry_v4,dccs,2,post_switch_practice,practice,2,1,7,practice,shape,1779260849,60.182,2026-05-20T15:11:54.691,0,0,0,1,256637.757,256659.988,,,,,j,j,1,14063.685,271448.3,correct,0.0,257237.757,257384.615,271448.3,3000,14063.685,271598.3,"[{""stage_name"": ""fixation"", ""planned_duration_ms"": 100, ""intended_onset_ms"": 256637.757, ""actual_onset_global_ms"": 256659.988, ""actual_offset_global_ms"": 256755.458, ""actual_duration_ms"": 95.47}, {""stage_name"": ""cue"", ""planned_duration_ms"": 500, ""intended_onset_ms"": 256737.757, ""actual_onset_global_ms"": 256763.78, ""actual_offset_global_ms"": 257382.464, ""actual_duration_ms"": 618.684}, {""stage_name"": ""stimulus"", ""planned_duration_ms"": 3000, ""intended_onset_ms"": 257237.757, ""actual_onset_global_ms"": 257384.615, ""actual_offset_global_ms"": 271448.3, ""actual_duration_ms"": 14063.685}, {""stage_name"": ""feedback"", ""planned_duration_ms"": 150, ""intended_onset_ms"": 271448.3, ""actual_onset_global_ms"": 271479.959, ""actual_offset_global_ms"": 271638.605, ""actual_duration_ms"": 158.646}]",correct.wav,271457.445,150.0,271957.445,0.0,none,,,0.0,0.0,none,0.0,0.0,0.0,0.0,,,0.0,none,none,0.0,shape,cue_shape.wav,形状,256764.401,500.0,257530.651,blue,boat,blue_boat,practice,,shape,14684.52,,,,,,,,,,,,,,,,,,,,,,,,,,,,,,,,,,,,,,,,,
013,013_T1_20260520_150729,PA,T1,standard,hci_substudy_v2,1,telemetry_v4,dccs,2,post_switch_practice,practice,2,2,8,practice,shape,1779260849,60.182,2026-05-20T15:12:09.686,0,0,0,1,271632.639,271664.698,,,,,j,s,0,1642.15,274030.416,incorrect,0.0,272232.639,272388.266,274030.416,3000,1642.15,274180.416,"[{""stage_name"": ""fixation"", ""planned_duration_ms"": 100, ""intended_onset_ms"": 271632.639, ""actual_onset_global_ms"": 271664.698, ""actual_offset_global_ms"": 271758.304, ""actual_duration_ms"": 93.606}, {""stage_name"": ""cue"", ""planned_duration_ms"": 500, ""intended_onset_ms"": 271732.639, ""actual_onset_global_ms"": 271763.129, ""actual_offset_global_ms"": 272388.877, ""actual_duration_ms"": 625.748}, {""stage_name"": ""stimulus"", ""planned_duration_ms"": 3000, ""intended_onset_ms"": 272232.639, ""actual_onset_global_ms"": 272388.266, ""actual_offset_global_ms"": 274030.416, ""actual_duration_ms"": 1642.15}, {""stage_name"": ""feedback"", ""planned_duration_ms"": 150, ""intended_onset_ms"": 274030.416, ""actual_onset_global_ms"": 274072.13, ""actual_offset_global_ms"": 274226.607, ""actual_duration_ms"": 154.477}]",incorrect.wav,274044.025,150.0,274544.025,0.0,none,,,0.0,0.0,none,0.0,0.0,0.0,0.0,,,0.0,none,none,0.0,shape,cue_shape.wav,形状,271763.52,500.0,272529.77,red,boat,red_boat,practice,,shape,2267.287,,,,,,,,,,,,,,,,,,,,,,,,,,,,,,,,,,,,,,,,,
013,013_T1_20260520_150729,PA,T1,standard,hci_substudy_v2,1,telemetry_v4,dccs,2,post_switch_practice,practice,2,3,9,practice,shape,1779260849,60.182,2026-05-20T15:12:12.273,0,0,0,1,274220.044,274238.565,,,,,j,j,1,1429.734,276428.629,correct,0.0,274820.044,274998.895,276428.629,3000,1429.734,276578.629,"[{""stage_name"": ""fixation"", ""planned_duration_ms"": 100, ""intended_onset_ms"": 274220.044, ""actual_onset_global_ms"": 274238.565, ""actual_offset_global_ms"": 274356.26, ""actual_duration_ms"": 117.695}, {""stage_name"": ""cue"", ""planned_duration_ms"": 500, ""intended_onset_ms"": 274320.044, ""actual_onset_global_ms"": 274360.319, ""actual_offset_global_ms"": 274993.236, ""actual_duration_ms"": 632.917}, {""stage_name"": ""stimulus"", ""planned_duration_ms"": 3000, ""intended_onset_ms"": 274820.044, ""actual_onset_global_ms"": 274998.895, ""actual_offset_global_ms"": 276428.629, ""actual_duration_ms"": 1429.734}, {""stage_name"": ""feedback"", ""planned_duration_ms"": 150, ""intended_onset_ms"": 276428.629, ""actual_onset_global_ms"": 276455.193, ""actual_offset_global_ms"": 276614.652, ""actual_duration_ms"": 159.459}]",correct.wav,276430.904,150.0,276930.904,0.0,none,,,0.0,0.0,none,0.0,0.0,0.0,0.0,,,0.0,none,none,0.0,shape,cue_shape.wav,形状,274360.722,500.0,275126.972,red,boat,red_boat,practice,,shape,2068.31,,,,,,,,,,,,,,,,,,,,,,,,,,,,,,,,,,,,,,,,,
013,013_T1_20260520_150729,PA,T1,standard,hci_substudy_v2,1,telemetry_v4,dccs,2,post_switch_practice,practice,2,4,10,practice,shape,1779260849,60.182,2026-05-20T15:12:14.663,0,0,0,1,276609.259,276632.488,,,,,s,j,0,1374.346,278746.27,incorrect,0.0,277209.259,277371.924,278746.27,3000,1374.346,278896.27,"[{""stage_name"": ""fixation"", ""planned_duration_ms"": 100, ""intended_onset_ms"": 276609.259, ""actual_onset_global_ms"": 276632.488, ""actual_offset_global_ms"": 276735.49, ""actual_duration_ms"": 103.002}, {""stage_name"": ""cue"", ""planned_duration_ms"": 500, ""intended_onset_ms"": 276709.259, ""actual_onset_global_ms"": 276741.531, ""actual_offset_global_ms"": 277371.706, ""actual_duration_ms"": 630.175}, {""stage_name"": ""stimulus"", ""planned_duration_ms"": 3000, ""intended_onset_ms"": 277209.259, ""actual_onset_global_ms"": 277371.924, ""actual_offset_global_ms"": 278746.27, ""actual_duration_ms"": 1374.346}, {""stage_name"": ""feedback"", ""planned_duration_ms"": 150, ""intended_onset_ms"": 278746.27, ""actual_onset_global_ms"": 278786.075, ""actual_offset_global_ms"": 278938.459, ""actual_duration_ms"": 152.384}]",incorrect.wav,278762.984,150.0,279262.984,0.0,none,,,0.0,0.0,none,0.0,0.0,0.0,0.0,,,0.0,none,none,0.0,shape,cue_shape.wav,形状,276742.052,500.0,277508.302,red,rabbit,red_rabbit,practice,,shape,2004.739,,,,,,,,,,,,,,,,,,,,,,,,,,,,,,,,,,,,,,,,,
013,013_T1_20260520_150729,PA,T1,standard,hci_substudy_v2,1,telemetry_v4,dccs,2,post_switch_practice,practice,2,5,11,practice,shape,1779260849,60.182,2026-05-20T15:12:16.984,0,0,0,1,278930.077,278950.898,,,,,s,s,1,1225.111,280901.009,correct,0.0,279530.077,279675.898,280901.009,3000,1225.111,281051.009,"[{""stage_name"": ""fixation"", ""planned_duration_ms"": 100, ""intended_onset_ms"": 278930.077, ""actual_onset_global_ms"": 278950.898, ""actual_offset_global_ms"": 279049.028, ""actual_duration_ms"": 98.13}, {""stage_name"": ""cue"", ""planned_duration_ms"": 500, ""intended_onset_ms"": 279030.077, ""actual_onset_global_ms"": 279054.758, ""actual_offset_global_ms"": 279674.166, ""actual_duration_ms"": 619.408}, {""stage_name"": ""stimulus"", ""planned_duration_ms"": 3000, ""intended_onset_ms"": 279530.077, ""actual_onset_global_ms"": 279675.898, ""actual_offset_global_ms"": 280901.009, ""actual_duration_ms"": 1225.111}, {""stage_name"": ""feedback"", ""planned_duration_ms"": 150, ""intended_onset_ms"": 280901.009, ""actual_onset_global_ms"": 280938.956, ""actual_offset_global_ms"": 281093.158, ""actual_duration_ms"": 154.202}]",correct.wav,280913.831,150.0,281413.831,0.0,none,,,0.0,0.0,none,0.0,0.0,0.0,0.0,,,0.0,none,none,0.0,shape,cue_shape.wav,形状,279055.161,500.0,279821.411,blue,rabbit,blue_rabbit,practice,,shape,1846.251,,,,,,,,,,,,,,,,,,,,,,,,,,,,,,,,,,,,,,,,,
013,013_T1_20260520_150729,PA,T1,standard,hci_substudy_v2,1,telemetry_v4,dccs,2,post_switch_practice,practice,2,6,12,practice,shape,1779260849,60.182,2026-05-20T15:12:19.140,0,0,0,1,281086.995,281104.978,,,,,s,s,1,871.392,282729.138,correct,0.0,281686.995,281857.746,282729.138,3000,871.392,282879.138,"[{""stage_name"": ""fixation"", ""planned_duration_ms"": 100, ""intended_onset_ms"": 281086.995, ""actual_onset_global_ms"": 281104.978, ""actual_offset_global_ms"": 281217.007, ""actual_duration_ms"": 112.029}, {""stage_name"": ""cue"", ""planned_duration_ms"": 500, ""intended_onset_ms"": 281186.995, ""actual_onset_global_ms"": 281221.419, ""actual_offset_global_ms"": 281856.457, ""actual_duration_ms"": 635.038}, {""stage_name"": ""stimulus"", ""planned_duration_ms"": 3000, ""intended_onset_ms"": 281686.995, ""actual_onset_global_ms"": 281857.746, ""actual_offset_global_ms"": 282729.138, ""actual_duration_ms"": 871.392}, {""stage_name"": ""feedback"", ""planned_duration_ms"": 150, ""intended_onset_ms"": 282729.138, ""actual_onset_global_ms"": 282772.375, ""actual_offset_global_ms"": 282924.997, ""actual_duration_ms"": 152.622}]",correct.wav,282747.999,150.0,283247.999,0.0,none,,,0.0,0.0,none,0.0,0.0,0.0,0.0,,,0.0,none,none,0.0,shape,cue_shape.wav,形状,281221.818,500.0,281988.068,blue,rabbit,blue_rabbit,practice,,shape,1507.719,,,,,,,,,,,,,,,,,,,,,,,,,,,,,,,,,,,,,,,,,
013,013_T1_20260520_150729,PA,T1,standard,hci_substudy_v2,1,telemetry_v4,dccs,2,pre_switch_practice,practice,1,1,13,practice,color,1779260849,60.182,2026-05-20T15:12:26.168,0,0,0,2,288114.867,288141.719,,,,,j,j,1,5088.072,293931.51,correct,0.0,288714.867,288843.438,293931.51,3000,5088.072,294081.51,"[{""stage_name"": ""fixation"", ""planned_duration_ms"": 100, ""intended_onset_ms"": 288114.867, ""actual_onset_global_ms"": 288141.719, ""actual_offset_global_ms"": 288235.11, ""actual_duration_ms"": 93.391}, {""stage_name"": ""cue"", ""planned_duration_ms"": 500, ""intended_onset_ms"": 288214.867, ""actual_onset_global_ms"": 288237.94, ""actual_offset_global_ms"": 288842.128, ""actual_duration_ms"": 604.188}, {""stage_name"": ""stimulus"", ""planned_duration_ms"": 3000, ""intended_onset_ms"": 288714.867, ""actual_onset_global_ms"": 288843.438, ""actual_offset_global_ms"": 293931.51, ""actual_duration_ms"": 5088.072}, {""stage_name"": ""feedback"", ""planned_duration_ms"": 150, ""intended_onset_ms"": 293931.51, ""actual_onset_global_ms"": 293963.479, ""actual_offset_global_ms"": 294116.157, ""actual_duration_ms"": 152.678}]",correct.wav,293939.891,150.0,294439.891,0.0,none,,,0.0,0.0,none,0.0,0.0,0.0,0.0,,,0.0,none,none,0.0,color,cue_color.wav,颜色,288238.389,500.0,288934.952,red,boat,red_boat,practice,,color,5693.57,,,,,,,,,,,,,,,,,,,,,,,,,,,,,,,,,,,,,,,,,
013,013_T1_20260520_150729,PA,T1,standard,hci_substudy_v2,1,telemetry_v4,dccs,2,pre_switch_practice,practice,1,2,14,practice,color,1779260849,60.182,2026-05-20T15:12:32.162,0,0,0,2,294109.181,294126.629,,,,,j,j,1,1424.329,296284.104,correct,0.0,294709.181,294859.775,296284.104,3000,1424.329,296434.104,"[{""stage_name"": ""fixation"", ""planned_duration_ms"": 100, ""intended_onset_ms"": 294109.181, ""actual_onset_global_ms"": 294126.629, ""actual_offset_global_ms"": 294238.077, ""actual_duration_ms"": 111.448}, {""stage_name"": ""cue"", ""planned_duration_ms"": 500, ""intended_onset_ms"": 294209.181, ""actual_onset_global_ms"": 294240.505, ""actual_offset_global_ms"": 294858.138, ""actual_duration_ms"": 617.633}, {""stage_name"": ""stimulus"", ""planned_duration_ms"": 3000, ""intended_onset_ms"": 294709.181, ""actual_onset_global_ms"": 294859.775, ""actual_offset_global_ms"": 296284.104, ""actual_duration_ms"": 1424.329}, {""stage_name"": ""feedback"", ""planned_duration_ms"": 150, ""intended_onset_ms"": 296284.104, ""actual_onset_global_ms"": 296312.429, ""actual_offset_global_ms"": 296469.852, ""actual_duration_ms"": 157.423}]",correct.wav,296294.155,150.0,296794.155,0.0,none,,,0.0,0.0,none,0.0,0.0,0.0,0.0,,,0.0,none,none,0.0,color,cue_color.wav,颜色,294240.911,500.0,294937.474,red,rabbit,red_rabbit,practice,,color,2043.599,,,,,,,,,,,,,,,,,,,,,,,,,,,,,,,,,,,,,,,,,
013,013_T1_20260520_150729,PA,T1,standard,hci_substudy_v2,1,telemetry_v4,dccs,2,pre_switch_practice,practice,1,3,15,practice,color,1779260849,60.182,2026-05-20T15:12:34.516,0,0,0,2,296463.3,296487.626,,,,,s,s,1,926.091,298131.579,correct,0.0,297063.3,297205.488,298131.579,3000,926.091,298281.579,"[{""stage_name"": ""fixation"", ""planned_duration_ms"": 100, ""intended_onset_ms"": 296463.3, ""actual_onset_global_ms"": 296487.626, ""actual_offset_global_ms"": 296583.843, ""actual_duration_ms"": 96.217}, {""stage_name"": ""cue"", ""planned_duration_ms"": 500, ""intended_onset_ms"": 296563.3, ""actual_onset_global_ms"": 296588.309, ""actual_offset_global_ms"": 297205.253, ""actual_duration_ms"": 616.944}, {""stage_name"": ""stimulus"", ""planned_duration_ms"": 3000, ""intended_onset_ms"": 297063.3, ""actual_onset_global_ms"": 297205.488, ""actual_offset_global_ms"": 298131.579, ""actual_duration_ms"": 926.091}, {""stage_name"": ""feedback"", ""planned_duration_ms"": 150, ""intended_onset_ms"": 298131.579, ""actual_onset_global_ms"": 298167.414, ""actual_offset_global_ms"": 298319.002, ""actual_duration_ms"": 151.588}]",correct.wav,298145.425,150.0,298645.425,0.0,none,,,0.0,0.0,none,0.0,0.0,0.0,0.0,,,0.0,none,none,0.0,color,cue_color.wav,颜色,296588.762,500.0,297285.324,blue,boat,blue_boat,practice,,color,1543.27,,,,,,,,,,,,,,,,,,,,,,,,,,,,,,,,,,,,,,,,,
013,013_T1_20260520_150729,PA,T1,standard,hci_substudy_v2,1,telemetry_v4,dccs,2,pre_switch_practice,practice,1,4,16,practice,color,1779260849,60.182,2026-05-20T15:12:36.369,0,0,0,2,298316.0,298341.646,,,,,j,j,1,980.55,300040.079,correct,0.0,298916.0,299059.529,300040.079,3000,980.55,300190.079,"[{""stage_name"": ""fixation"", ""planned_duration_ms"": 100, ""intended_onset_ms"": 298316.0, ""actual_onset_global_ms"": 298341.646, ""actual_offset_global_ms"": 298437.216, ""actual_duration_ms"": 95.57}, {""stage_name"": ""cue"", ""planned_duration_ms"": 500, ""intended_onset_ms"": 298416.0, ""actual_onset_global_ms"": 298443.13, ""actual_offset_global_ms"": 299056.295, ""actual_duration_ms"": 613.165}, {""stage_name"": ""stimulus"", ""planned_duration_ms"": 3000, ""intended_onset_ms"": 298916.0, ""actual_onset_global_ms"": 299059.529, ""actual_offset_global_ms"": 300040.079, ""actual_duration_ms"": 980.55}, {""stage_name"": ""feedback"", ""planned_duration_ms"": 150, ""intended_onset_ms"": 300040.079, ""actual_onset_global_ms"": 300083.512, ""actual_offset_global_ms"": 300238.173, ""actual_duration_ms"": 154.661}]",correct.wav,300060.623,150.0,300560.623,0.0,none,,,0.0,0.0,none,0.0,0.0,0.0,0.0,,,0.0,none,none,0.0,color,cue_color.wav,颜色,298443.75,500.0,299140.312,red,boat,red_boat,practice,,color,1596.949,,,,,,,,,,,,,,,,,,,,,,,,,,,,,,,,,,,,,,,,,
013,013_T1_20260520_150729,PA,T1,standard,hci_substudy_v2,1,telemetry_v4,dccs,2,pre_switch_practice,practice,1,5,17,practice,color,1779260849,60.182,2026-05-20T15:12:38.285,0,0,0,2,300231.769,300250.598,,,,,s,s,1,1026.472,302019.707,correct,0.0,300831.769,300993.235,302019.707,3000,1026.472,302169.707,"[{""stage_name"": ""fixation"", ""planned_duration_ms"": 100, ""intended_onset_ms"": 300231.769, ""actual_onset_global_ms"": 300250.598, ""actual_offset_global_ms"": 300368.509, ""actual_duration_ms"": 117.911}, {""stage_name"": ""cue"", ""planned_duration_ms"": 500, ""intended_onset_ms"": 300331.769, ""actual_onset_global_ms"": 300372.258, ""actual_offset_global_ms"": 300990.234, ""actual_duration_ms"": 617.976}, {""stage_name"": ""stimulus"", ""planned_duration_ms"": 3000, ""intended_onset_ms"": 300831.769, ""actual_onset_global_ms"": 300993.235, ""actual_offset_global_ms"": 302019.707, ""actual_duration_ms"": 1026.472}, {""stage_name"": ""feedback"", ""planned_duration_ms"": 150, ""intended_onset_ms"": 302019.707, ""actual_onset_global_ms"": 302057.655, ""actual_offset_global_ms"": 302205.153, ""actual_duration_ms"": 147.498}]",correct.wav,302037.259,150.0,302537.259,0.0,none,,,0.0,0.0,none,0.0,0.0,0.0,0.0,,,0.0,none,none,0.0,color,cue_color.wav,颜色,300372.72,500.0,301069.282,blue,rabbit,blue_rabbit,practice,,color,1647.449,,,,,,,,,,,,,,,,,,,,,,,,,,,,,,,,,,,,,,,,,
013,013_T1_20260520_150729,PA,T1,standard,hci_substudy_v2,1,telemetry_v4,dccs,2,pre_switch_practice,practice,1,6,18,practice,color,1779260849,60.182,2026-05-20T15:12:40.253,0,0,0,2,302199.522,302221.595,,,,,s,s,1,2978.909,305915.406,correct,0.0,302799.522,302936.497,305915.406,3000,2978.909,306065.406,"[{""stage_name"": ""fixation"", ""planned_duration_ms"": 100, ""intended_onset_ms"": 302199.522, ""actual_onset_global_ms"": 302221.595, ""actual_offset_global_ms"": 302321.944, ""actual_duration_ms"": 100.349}, {""stage_name"": ""cue"", ""planned_duration_ms"": 500, ""intended_onset_ms"": 302299.522, ""actual_onset_global_ms"": 302324.901, ""actual_offset_global_ms"": 302933.451, ""actual_duration_ms"": 608.55}, {""stage_name"": ""stimulus"", ""planned_duration_ms"": 3000, ""intended_onset_ms"": 302799.522, ""actual_onset_global_ms"": 302936.497, ""actual_offset_global_ms"": 305915.406, ""actual_duration_ms"": 2978.909}, {""stage_name"": ""feedback"", ""planned_duration_ms"": 150, ""intended_onset_ms"": 305915.406, ""actual_onset_global_ms"": 305947.268, ""actual_offset_global_ms"": 306097.884, ""actual_duration_ms"": 150.616}]",correct.wav,305925.136,150.0,306425.136,0.0,none,,,0.0,0.0,none,0.0,0.0,0.0,0.0,,,0.0,none,none,0.0,color,cue_color.wav,颜色,302325.494,500.0,303022.057,blue,rabbit,blue_rabbit,practice,,color,3590.505,,,,,,,,,,,,,,,,,,,,,,,,,,,,,,,,,,,,,,,,,
013,013_T1_20260520_150729,PA,T1,standard,hci_substudy_v2,1,telemetry_v4,dccs,2,post_switch_practice,practice,2,1,19,practice,shape,1779260849,60.182,2026-05-20T15:12:50.455,0,0,0,2,312401.278,312421.911,,,,,j,j,1,4616.217,317804.979,correct,0.0,313001.278,313188.762,317804.979,3000,4616.217,317954.979,"[{""stage_name"": ""fixation"", ""planned_duration_ms"": 100, ""intended_onset_ms"": 312401.278, ""actual_onset_global_ms"": 312421.911, ""actual_offset_global_ms"": 312537.879, ""actual_duration_ms"": 115.968}, {""stage_name"": ""cue"", ""planned_duration_ms"": 500, ""intended_onset_ms"": 312501.278, ""actual_onset_global_ms"": 312543.975, ""actual_offset_global_ms"": 313187.842, ""actual_duration_ms"": 643.867}, {""stage_name"": ""stimulus"", ""planned_duration_ms"": 3000, ""intended_onset_ms"": 313001.278, ""actual_onset_global_ms"": 313188.762, ""actual_offset_global_ms"": 317804.979, ""actual_duration_ms"": 4616.217}, {""stage_name"": ""feedback"", ""planned_duration_ms"": 150, ""intended_onset_ms"": 317804.979, ""actual_onset_global_ms"": 317838.48, ""actual_offset_global_ms"": 317998.912, ""actual_duration_ms"": 160.432}]",correct.wav,317817.433,150.0,318317.433,0.0,none,,,0.0,0.0,none,0.0,0.0,0.0,0.0,,,0.0,none,none,0.0,shape,cue_shape.wav,形状,312544.397,500.0,313310.647,red,boat,red_boat,practice,,shape,5261.004,,,,,,,,,,,,,,,,,,,,,,,,,,,,,,,,,,,,,,,,,
013,013_T1_20260520_150729,PA,T1,standard,hci_substudy_v2,1,telemetry_v4,dccs,2,post_switch_practice,practice,2,2,20,practice,shape,1779260849,60.182,2026-05-20T15:12:56.046,0,0,0,2,317992.488,318016.91,,,,,s,j,0,848.732,319620.657,incorrect,0.0,318592.488,318771.925,319620.657,3000,848.732,319770.657,"[{""stage_name"": ""fixation"", ""planned_duration_ms"": 100, ""intended_onset_ms"": 317992.488, ""actual_onset_global_ms"": 318016.91, ""actual_offset_global_ms"": 318117.6, ""actual_duration_ms"": 100.69}, {""stage_name"": ""cue"", ""planned_duration_ms"": 500, ""intended_onset_ms"": 318092.488, ""actual_onset_global_ms"": 318123.859, ""actual_offset_global_ms"": 318765.796, ""actual_duration_ms"": 641.937}, {""stage_name"": ""stimulus"", ""planned_duration_ms"": 3000, ""intended_onset_ms"": 318592.488, ""actual_onset_global_ms"": 318771.925, ""actual_offset_global_ms"": 319620.657, ""actual_duration_ms"": 848.732}, {""stage_name"": ""feedback"", ""planned_duration_ms"": 150, ""intended_onset_ms"": 319620.657, ""actual_onset_global_ms"": 319649.36, ""actual_offset_global_ms"": 319807.313, ""actual_duration_ms"": 157.953}]",incorrect.wav,319625.953,150.0,320125.953,0.0,none,,,0.0,0.0,none,0.0,0.0,0.0,0.0,,,0.0,none,none,0.0,shape,cue_shape.wav,形状,318124.447,500.0,318890.697,red,rabbit,red_rabbit,practice,,shape,1496.798,,,,,,,,,,,,,,,,,,,,,,,,,,,,,,,,,,,,,,,,,
013,013_T1_20260520_150729,PA,T1,standard,hci_substudy_v2,1,telemetry_v4,dccs,2,post_switch_practice,practice,2,3,21,practice,shape,1779260849,60.182,2026-05-20T15:12:57.854,0,0,0,2,319800.923,319818.341,,,,,j,s,0,3653.653,324232.578,incorrect,0.0,320400.923,320578.925,324232.578,3000,3653.653,324382.578,"[{""stage_name"": ""fixation"", ""planned_duration_ms"": 100, ""intended_onset_ms"": 319800.923, ""actual_onset_global_ms"": 319818.341, ""actual_offset_global_ms"": 319933.49, ""actual_duration_ms"": 115.149}, {""stage_name"": ""cue"", ""planned_duration_ms"": 500, ""intended_onset_ms"": 319900.923, ""actual_onset_global_ms"": 319940.158, ""actual_offset_global_ms"": 320575.809, ""actual_duration_ms"": 635.651}, {""stage_name"": ""stimulus"", ""planned_duration_ms"": 3000, ""intended_onset_ms"": 320400.923, ""actual_onset_global_ms"": 320578.925, ""actual_offset_global_ms"": 324232.578, ""actual_duration_ms"": 3653.653}, {""stage_name"": ""feedback"", ""planned_duration_ms"": 150, ""intended_onset_ms"": 324232.578, ""actual_onset_global_ms"": 324261.182, ""actual_offset_global_ms"": 324423.628, ""actual_duration_ms"": 162.446}]",incorrect.wav,324240.353,150.0,324740.353,0.0,none,,,0.0,0.0,none,0.0,0.0,0.0,0.0,,,0.0,none,none,0.0,shape,cue_shape.wav,形状,319940.695,500.0,320706.945,blue,boat,blue_boat,practice,,shape,4292.42,,,,,,,,,,,,,,,,,,,,,,,,,,,,,,,,,,,,,,,,,
013,013_T1_20260520_150729,PA,T1,standard,hci_substudy_v2,1,telemetry_v4,dccs,2,post_switch_practice,practice,2,4,22,practice,shape,1779260849,60.182,2026-05-20T15:13:02.471,0,0,0,2,324418.762,324445.407,,,,,j,j,1,1318.119,326490.141,correct,0.0,325018.762,325172.022,326490.141,3000,1318.119,326640.141,"[{""stage_name"": ""fixation"", ""planned_duration_ms"": 100, ""intended_onset_ms"": 324418.762, ""actual_onset_global_ms"": 324445.407, ""actual_offset_global_ms"": 324538.276, ""actual_duration_ms"": 92.869}, {""stage_name"": ""cue"", ""planned_duration_ms"": 500, ""intended_onset_ms"": 324518.762, ""actual_onset_global_ms"": 324541.463, ""actual_offset_global_ms"": 325172.518, ""actual_duration_ms"": 631.055}, {""stage_name"": ""stimulus"", ""planned_duration_ms"": 3000, ""intended_onset_ms"": 325018.762, ""actual_onset_global_ms"": 325172.022, ""actual_offset_global_ms"": 326490.141, ""actual_duration_ms"": 1318.119}, {""stage_name"": ""feedback"", ""planned_duration_ms"": 150, ""intended_onset_ms"": 326490.141, ""actual_onset_global_ms"": 326522.292, ""actual_offset_global_ms"": 326682.933, ""actual_duration_ms"": 160.641}]",correct.wav,326498.602,150.0,326998.602,0.0,none,,,0.0,0.0,none,0.0,0.0,0.0,0.0,,,0.0,none,none,0.0,shape,cue_shape.wav,形状,324541.882,500.0,325308.132,red,boat,red_boat,practice,,shape,1948.678,,,,,,,,,,,,,,,,,,,,,,,,,,,,,,,,,,,,,,,,,
013,013_T1_20260520_150729,PA,T1,standard,hci_substudy_v2,1,telemetry_v4,dccs,2,post_switch_practice,practice,2,5,23,practice,shape,1779260849,60.182,2026-05-20T15:13:04.732,0,0,0,2,326678.194,326701.576,,,,,s,s,1,1212.146,328598.313,correct,0.0,327278.194,327386.167,328598.313,3000,1212.146,328748.313,"[{""stage_name"": ""fixation"", ""planned_duration_ms"": 100, ""intended_onset_ms"": 326678.194, ""actual_onset_global_ms"": 326701.576, ""actual_offset_global_ms"": 326796.309, ""actual_duration_ms"": 94.733}, {""stage_name"": ""cue"", ""planned_duration_ms"": 500, ""intended_onset_ms"": 326778.194, ""actual_onset_global_ms"": 326803.819, ""actual_offset_global_ms"": 327386.611, ""actual_duration_ms"": 582.792}, {""stage_name"": ""stimulus"", ""planned_duration_ms"": 3000, ""intended_onset_ms"": 327278.194, ""actual_onset_global_ms"": 327386.167, ""actual_offset_global_ms"": 328598.313, ""actual_duration_ms"": 1212.146}, {""stage_name"": ""feedback"", ""planned_duration_ms"": 150, ""intended_onset_ms"": 328598.313, ""actual_onset_global_ms"": 328627.082, ""actual_offset_global_ms"": 328785.978, ""actual_duration_ms"": 158.896}]",correct.wav,328605.549,150.0,329105.549,0.0,none,,,0.0,0.0,none,0.0,0.0,0.0,0.0,,,0.0,none,none,0.0,shape,cue_shape.wav,形状,326804.33,500.0,327570.58,blue,rabbit,blue_rabbit,practice,,shape,1794.494,,,,,,,,,,,,,,,,,,,,,,,,,,,,,,,,,,,,,,,,,
013,013_T1_20260520_150729,PA,T1,standard,hci_substudy_v2,1,telemetry_v4,dccs,2,post_switch_practice,practice,2,6,24,practice,shape,1779260849,60.182,2026-05-20T15:13:06.833,0,0,0,2,328779.89,328795.156,,,,,s,s,1,801.272,330272.553,correct,0.0,329379.89,329471.281,330272.553,3000,801.272,330422.553,"[{""stage_name"": ""fixation"", ""planned_duration_ms"": 100, ""intended_onset_ms"": 328779.89, ""actual_onset_global_ms"": 328795.156, ""actual_offset_global_ms"": 328905.426, ""actual_duration_ms"": 110.27}, {""stage_name"": ""cue"", ""planned_duration_ms"": 500, ""intended_onset_ms"": 328879.89, ""actual_onset_global_ms"": 328907.389, ""actual_offset_global_ms"": 329470.557, ""actual_duration_ms"": 563.168}, {""stage_name"": ""stimulus"", ""planned_duration_ms"": 3000, ""intended_onset_ms"": 329379.89, ""actual_onset_global_ms"": 329471.281, ""actual_offset_global_ms"": 330272.553, ""actual_duration_ms"": 801.272}, {""stage_name"": ""feedback"", ""planned_duration_ms"": 150, ""intended_onset_ms"": 330272.553, ""actual_onset_global_ms"": 330294.586, ""actual_offset_global_ms"": 330452.078, ""actual_duration_ms"": 157.492}]",correct.wav,330274.826,150.0,330774.826,0.0,none,,,0.0,0.0,none,0.0,0.0,0.0,0.0,,,0.0,none,none,0.0,shape,cue_shape.wav,形状,328907.816,500.0,329674.066,blue,rabbit,blue_rabbit,practice,,shape,1365.164,,,,,,,,,,,,,,,,,,,,,,,,,,,,,,,,,,,,,,,,,
013,013_T1_20260520_150729,PA,T1,standard,hci_substudy_v2,1,telemetry_v4,dccs,2,pre_switch_practice,practice,1,1,25,practice,color,1779260849,60.182,2026-05-20T15:13:16.001,0,0,0,3,337947.36,337968.747,,,,,s,s,1,4573.899,343277.456,correct,1.0,338547.36,338703.557,343277.456,3000,4573.899,343427.456,"[{""stage_name"": ""fixation"", ""planned_duration_ms"": 100, ""intended_onset_ms"": 337947.36, ""actual_onset_global_ms"": 337968.747, ""actual_offset_global_ms"": 338078.432, ""actual_duration_ms"": 109.685}, {""stage_name"": ""cue"", ""planned_duration_ms"": 500, ""intended_onset_ms"": 338047.36, ""actual_onset_global_ms"": 338083.592, ""actual_offset_global_ms"": 338700.197, ""actual_duration_ms"": 616.605}, {""stage_name"": ""stimulus"", ""planned_duration_ms"": 3000, ""intended_onset_ms"": 338547.36, ""actual_onset_global_ms"": 338703.557, ""actual_offset_global_ms"": 343277.456, ""actual_duration_ms"": 4573.899}, {""stage_name"": ""feedback"", ""planned_duration_ms"": 150, ""intended_onset_ms"": 343277.456, ""actual_onset_global_ms"": 343316.612, ""actual_offset_global_ms"": 343474.214, ""actual_duration_ms"": 157.602}]",correct.wav,343293.352,150.0,343793.352,0.0,none,,,0.0,0.0,none,0.0,0.0,0.0,0.0,,,0.0,none,none,0.0,color,cue_color.wav,颜色,338084.025,500.0,338780.588,blue,boat,blue_boat,practice,,color,5193.864,,,,,,,,,,,,,,,,,,,,,,,,,,,,,,,,,,,,,,,,,
013,013_T1_20260520_150729,PA,T1,standard,hci_substudy_v2,1,telemetry_v4,dccs,2,pre_switch_practice,practice,1,2,26,practice,color,1779260849,60.182,2026-05-20T15:13:21.520,0,0,0,3,343467.452,343487.27,,,,,s,s,1,1264.133,345451.289,correct,1.0,344067.452,344187.156,345451.289,3000,1264.133,345601.289,"[{""stage_name"": ""fixation"", ""planned_duration_ms"": 100, ""intended_onset_ms"": 343467.452, ""actual_onset_global_ms"": 343487.27, ""actual_offset_global_ms"": 343587.557, ""actual_duration_ms"": 100.287}, {""stage_name"": ""cue"", ""planned_duration_ms"": 500, ""intended_onset_ms"": 343567.452, ""actual_onset_global_ms"": 343592.401, ""actual_offset_global_ms"": 344186.634, ""actual_duration_ms"": 594.233}, {""stage_name"": ""stimulus"", ""planned_duration_ms"": 3000, ""intended_onset_ms"": 344067.452, ""actual_onset_global_ms"": 344187.156, ""actual_offset_global_ms"": 345451.289, ""actual_duration_ms"": 1264.133}, {""stage_name"": ""feedback"", ""planned_duration_ms"": 150, ""intended_onset_ms"": 345451.289, ""actual_onset_global_ms"": 345487.995, ""actual_offset_global_ms"": 345637.674, ""actual_duration_ms"": 149.679}]",correct.wav,345467.856,150.0,345967.856,0.0,none,,,0.0,0.0,none,0.0,0.0,0.0,0.0,,,0.0,none,none,0.0,color,cue_color.wav,颜色,343593.343,500.0,344289.905,blue,rabbit,blue_rabbit,practice,,color,1858.888,,,,,,,,,,,,,,,,,,,,,,,,,,,,,,,,,,,,,,,,,
013,013_T1_20260520_150729,PA,T1,standard,hci_substudy_v2,1,telemetry_v4,dccs,2,pre_switch_practice,practice,1,3,27,practice,color,1779260849,60.182,2026-05-20T15:13:23.686,0,0,0,3,345632.957,345656.134,,,,,j,j,1,1264.763,347629.809,correct,1.0,346232.957,346365.046,347629.809,3000,1264.763,347779.809,"[{""stage_name"": ""fixation"", ""planned_duration_ms"": 100, ""intended_onset_ms"": 345632.957, ""actual_onset_global_ms"": 345656.134, ""actual_offset_global_ms"": 345753.864, ""actual_duration_ms"": 97.73}, {""stage_name"": ""cue"", ""planned_duration_ms"": 500, ""intended_onset_ms"": 345732.957, ""actual_onset_global_ms"": 345760.223, ""actual_offset_global_ms"": 346361.977, ""actual_duration_ms"": 601.754}, {""stage_name"": ""stimulus"", ""planned_duration_ms"": 3000, ""intended_onset_ms"": 346232.957, ""actual_onset_global_ms"": 346365.046, ""actual_offset_global_ms"": 347629.809, ""actual_duration_ms"": 1264.763}, {""stage_name"": ""feedback"", ""planned_duration_ms"": 150, ""intended_onset_ms"": 347629.809, ""actual_onset_global_ms"": 347662.538, ""actual_offset_global_ms"": 347818.467, ""actual_duration_ms"": 155.929}]",correct.wav,347644.284,150.0,348144.284,0.0,none,,,0.0,0.0,none,0.0,0.0,0.0,0.0,,,0.0,none,none,0.0,color,cue_color.wav,颜色,345760.937,500.0,346457.499,red,boat,red_boat,practice,,color,1869.586,,,,,,,,,,,,,,,,,,,,,,,,,,,,,,,,,,,,,,,,,
013,013_T1_20260520_150729,PA,T1,standard,hci_substudy_v2,1,telemetry_v4,dccs,2,pre_switch_practice,practice,1,4,28,practice,color,1779260849,60.182,2026-05-20T15:13:25.867,0,0,0,3,347814.286,347838.418,,,,,j,j,1,735.467,349290.385,correct,1.0,348414.286,348554.918,349290.385,3000,735.467,349440.385,"[{""stage_name"": ""fixation"", ""planned_duration_ms"": 100, ""intended_onset_ms"": 347814.286, ""actual_onset_global_ms"": 347838.418, ""actual_offset_global_ms"": 347951.417, ""actual_duration_ms"": 112.999}, {""stage_name"": ""cue"", ""planned_duration_ms"": 500, ""intended_onset_ms"": 347914.286, ""actual_onset_global_ms"": 347954.351, ""actual_offset_global_ms"": 348554.258, ""actual_duration_ms"": 599.907}, {""stage_name"": ""stimulus"", ""planned_duration_ms"": 3000, ""intended_onset_ms"": 348414.286, ""actual_onset_global_ms"": 348554.918, ""actual_offset_global_ms"": 349290.385, ""actual_duration_ms"": 735.467}, {""stage_name"": ""feedback"", ""planned_duration_ms"": 150, ""intended_onset_ms"": 349290.385, ""actual_onset_global_ms"": 349311.585, ""actual_offset_global_ms"": 349471.004, ""actual_duration_ms"": 159.419}]",correct.wav,349293.047,150.0,349793.047,0.0,none,,,0.0,0.0,none,0.0,0.0,0.0,0.0,,,0.0,none,none,0.0,color,cue_color.wav,颜色,347954.744,500.0,348651.307,red,rabbit,red_rabbit,practice,,color,1336.034,,,,,,,,,,,,,,,,,,,,,,,,,,,,,,,,,,,,,,,,,
013,013_T1_20260520_150729,PA,T1,standard,hci_substudy_v2,1,telemetry_v4,dccs,2,pre_switch_practice,practice,1,5,29,practice,color,1779260849,60.182,2026-05-20T15:13:27.522,0,0,0,3,349468.814,349490.268,,,,,s,s,1,1065.079,351271.739,correct,1.0,350068.814,350206.66,351271.739,3000,1065.079,351421.739,"[{""stage_name"": ""fixation"", ""planned_duration_ms"": 100, ""intended_onset_ms"": 349468.814, ""actual_onset_global_ms"": 349490.268, ""actual_offset_global_ms"": 349587.773, ""actual_duration_ms"": 97.505}, {""stage_name"": ""cue"", ""planned_duration_ms"": 500, ""intended_onset_ms"": 349568.814, ""actual_onset_global_ms"": 349591.093, ""actual_offset_global_ms"": 350205.614, ""actual_duration_ms"": 614.521}, {""stage_name"": ""stimulus"", ""planned_duration_ms"": 3000, ""intended_onset_ms"": 350068.814, ""actual_onset_global_ms"": 350206.66, ""actual_offset_global_ms"": 351271.739, ""actual_duration_ms"": 1065.079}, {""stage_name"": ""feedback"", ""planned_duration_ms"": 150, ""intended_onset_ms"": 351271.739, ""actual_onset_global_ms"": 351303.206, ""actual_offset_global_ms"": 351452.743, ""actual_duration_ms"": 149.537}]",correct.wav,351280.052,150.0,351780.052,0.0,none,,,0.0,0.0,none,0.0,0.0,0.0,0.0,,,0.0,none,none,0.0,color,cue_color.wav,颜色,349592.096,500.0,350288.659,blue,rabbit,blue_rabbit,practice,,color,1680.646,,,,,,,,,,,,,,,,,,,,,,,,,,,,,,,,,,,,,,,,,
013,013_T1_20260520_150729,PA,T1,standard,hci_substudy_v2,1,telemetry_v4,dccs,2,pre_switch_practice,practice,1,6,30,practice,color,1779260849,60.182,2026-05-20T15:13:29.499,0,0,0,3,351446.292,351465.72,,,,,j,j,1,906.167,353076.93,correct,1.0,352046.292,352170.763,353076.93,3000,906.167,353226.93,"[{""stage_name"": ""fixation"", ""planned_duration_ms"": 100, ""intended_onset_ms"": 351446.292, ""actual_onset_global_ms"": 351465.72, ""actual_offset_global_ms"": 351571.205, ""actual_duration_ms"": 105.485}, {""stage_name"": ""cue"", ""planned_duration_ms"": 500, ""intended_onset_ms"": 351546.292, ""actual_onset_global_ms"": 351571.404, ""actual_offset_global_ms"": 352169.686, ""actual_duration_ms"": 598.282}, {""stage_name"": ""stimulus"", ""planned_duration_ms"": 3000, ""intended_onset_ms"": 352046.292, ""actual_onset_global_ms"": 352170.763, ""actual_offset_global_ms"": 353076.93, ""actual_duration_ms"": 906.167}, {""stage_name"": ""feedback"", ""planned_duration_ms"": 150, ""intended_onset_ms"": 353076.93, ""actual_onset_global_ms"": 353112.036, ""actual_offset_global_ms"": 353271.157, ""actual_duration_ms"": 159.121}]",correct.wav,353091.55,150.0,353591.55,0.0,none,,,0.0,0.0,none,0.0,0.0,0.0,0.0,,,0.0,none,none,0.0,color,cue_color.wav,颜色,351571.801,500.0,352268.363,red,boat,red_boat,practice,,color,1505.526,,,,,,,,,,,,,,,,,,,,,,,,,,,,,,,,,,,,,,,,,
013,013_T1_20260520_150729,PA,T1,standard,hci_substudy_v2,1,telemetry_v4,dccs,2,post_switch_practice,practice,2,1,31,practice,shape,1779260849,60.182,2026-05-20T15:13:33.611,0,0,0,3,355557.834,355575.334,,,,,j,j,1,7732.185,364052.998,correct,1.0,356157.834,356320.813,364052.998,3000,7732.185,364202.998,"[{""stage_name"": ""fixation"", ""planned_duration_ms"": 100, ""intended_onset_ms"": 355557.834, ""actual_onset_global_ms"": 355575.334, ""actual_offset_global_ms"": 355676.131, ""actual_duration_ms"": 100.797}, {""stage_name"": ""cue"", ""planned_duration_ms"": 500, ""intended_onset_ms"": 355657.834, ""actual_onset_global_ms"": 355682.63, ""actual_offset_global_ms"": 356316.31, ""actual_duration_ms"": 633.68}, {""stage_name"": ""stimulus"", ""planned_duration_ms"": 3000, ""intended_onset_ms"": 356157.834, ""actual_onset_global_ms"": 356320.813, ""actual_offset_global_ms"": 364052.998, ""actual_duration_ms"": 7732.185}, {""stage_name"": ""feedback"", ""planned_duration_ms"": 150, ""intended_onset_ms"": 364052.998, ""actual_onset_global_ms"": 364097.025, ""actual_offset_global_ms"": 364247.309, ""actual_duration_ms"": 150.284}]",correct.wav,364074.487,150.0,364574.487,0.0,none,,,0.0,0.0,none,0.0,0.0,0.0,0.0,,,0.0,none,none,0.0,shape,cue_shape.wav,形状,355683.092,500.0,356449.342,red,boat,red_boat,practice,,shape,8370.368,,,,,,,,,,,,,,,,,,,,,,,,,,,,,,,,,,,,,,,,,
013,013_T1_20260520_150729,PA,T1,standard,hci_substudy_v2,1,telemetry_v4,dccs,2,post_switch_practice,practice,2,2,32,practice,shape,1779260849,60.182,2026-05-20T15:13:42.295,0,0,0,3,364241.445,364263.151,,,,,s,s,1,1132.652,366136.819,correct,1.0,364841.445,365004.167,366136.819,3000,1132.652,366286.819,"[{""stage_name"": ""fixation"", ""planned_duration_ms"": 100, ""intended_onset_ms"": 364241.445, ""actual_onset_global_ms"": 364263.151, ""actual_offset_global_ms"": 364359.951, ""actual_duration_ms"": 96.8}, {""stage_name"": ""cue"", ""planned_duration_ms"": 500, ""intended_onset_ms"": 364341.445, ""actual_onset_global_ms"": 364366.487, ""actual_offset_global_ms"": 364999.168, ""actual_duration_ms"": 632.681}, {""stage_name"": ""stimulus"", ""planned_duration_ms"": 3000, ""intended_onset_ms"": 364841.445, ""actual_onset_global_ms"": 365004.167, ""actual_offset_global_ms"": 366136.819, ""actual_duration_ms"": 1132.652}, {""stage_name"": ""feedback"", ""planned_duration_ms"": 150, ""intended_onset_ms"": 366136.819, ""actual_onset_global_ms"": 366168.597, ""actual_offset_global_ms"": 366323.238, ""actual_duration_ms"": 154.641}]",correct.wav,366145.275,150.0,366645.275,0.0,none,,,0.0,0.0,none,0.0,0.0,0.0,0.0,,,0.0,none,none,0.0,shape,cue_shape.wav,形状,364367.143,500.0,365133.393,blue,rabbit,blue_rabbit,practice,,shape,1770.332,,,,,,,,,,,,,,,,,,,,,,,,,,,,,,,,,,,,,,,,,
013,013_T1_20260520_150729,PA,T1,standard,hci_substudy_v2,1,telemetry_v4,dccs,2,post_switch_practice,practice,2,3,33,practice,shape,1779260849,60.182,2026-05-20T15:13:44.370,0,0,0,3,366316.536,366336.484,,,,,j,j,1,1854.583,368925.295,correct,1.0,366916.536,367070.712,368925.295,3000,1854.583,369075.295,"[{""stage_name"": ""fixation"", ""planned_duration_ms"": 100, ""intended_onset_ms"": 366316.536, ""actual_onset_global_ms"": 366336.484, ""actual_offset_global_ms"": 366437.337, ""actual_duration_ms"": 100.853}, {""stage_name"": ""cue"", ""planned_duration_ms"": 500, ""intended_onset_ms"": 366416.536, ""actual_onset_global_ms"": 366443.333, ""actual_offset_global_ms"": 367071.574, ""actual_duration_ms"": 628.241}, {""stage_name"": ""stimulus"", ""planned_duration_ms"": 3000, ""intended_onset_ms"": 366916.536, ""actual_onset_global_ms"": 367070.712, ""actual_offset_global_ms"": 368925.295, ""actual_duration_ms"": 1854.583}, {""stage_name"": ""feedback"", ""planned_duration_ms"": 150, ""intended_onset_ms"": 368925.295, ""actual_onset_global_ms"": 368957.278, ""actual_offset_global_ms"": 369116.001, ""actual_duration_ms"": 158.723}]",correct.wav,368937.976,150.0,369437.976,0.0,none,,,0.0,0.0,none,0.0,0.0,0.0,0.0,,,0.0,none,none,0.0,shape,cue_shape.wav,形状,366443.788,500.0,367210.038,blue,boat,blue_boat,practice,,shape,2481.962,,,,,,,,,,,,,,,,,,,,,,,,,,,,,,,,,,,,,,,,,
013,013_T1_20260520_150729,PA,T1,standard,hci_substudy_v2,1,telemetry_v4,dccs,2,post_switch_practice,practice,2,4,34,practice,shape,1779260849,60.182,2026-05-20T15:13:47.164,0,0,0,3,369110.84,369131.084,,,,,s,s,1,1361.677,371217.64,correct,1.0,369710.84,369855.963,371217.64,3000,1361.677,371367.64,"[{""stage_name"": ""fixation"", ""planned_duration_ms"": 100, ""intended_onset_ms"": 369110.84, ""actual_onset_global_ms"": 369131.084, ""actual_offset_global_ms"": 369228.179, ""actual_duration_ms"": 97.095}, {""stage_name"": ""cue"", ""planned_duration_ms"": 500, ""intended_onset_ms"": 369210.84, ""actual_onset_global_ms"": 369233.722, ""actual_offset_global_ms"": 369854.036, ""actual_duration_ms"": 620.314}, {""stage_name"": ""stimulus"", ""planned_duration_ms"": 3000, ""intended_onset_ms"": 369710.84, ""actual_onset_global_ms"": 369855.963, ""actual_offset_global_ms"": 371217.64, ""actual_duration_ms"": 1361.677}, {""stage_name"": ""feedback"", ""planned_duration_ms"": 150, ""intended_onset_ms"": 371217.64, ""actual_onset_global_ms"": 371242.933, ""actual_offset_global_ms"": 371406.471, ""actual_duration_ms"": 163.538}]",correct.wav,371221.927,150.0,371721.927,0.0,none,,,0.0,0.0,none,0.0,0.0,0.0,0.0,,,0.0,none,none,0.0,shape,cue_shape.wav,形状,369234.198,500.0,370000.448,red,rabbit,red_rabbit,practice,,shape,1983.918,,,,,,,,,,,,,,,,,,,,,,,,,,,,,,,,,,,,,,,,,
013,013_T1_20260520_150729,PA,T1,standard,hci_substudy_v2,1,telemetry_v4,dccs,2,post_switch_practice,practice,2,5,35,practice,shape,1779260849,60.182,2026-05-20T15:13:49.454,0,0,0,3,371402.031,371426.196,,,,,s,s,1,1830.386,373993.463,correct,1.0,372002.031,372163.077,373993.463,3000,1830.386,374143.463,"[{""stage_name"": ""fixation"", ""planned_duration_ms"": 100, ""intended_onset_ms"": 371402.031, ""actual_onset_global_ms"": 371426.196, ""actual_offset_global_ms"": 371527.919, ""actual_duration_ms"": 101.723}, {""stage_name"": ""cue"", ""planned_duration_ms"": 500, ""intended_onset_ms"": 371502.031, ""actual_onset_global_ms"": 371535.2, ""actual_offset_global_ms"": 372159.195, ""actual_duration_ms"": 623.995}, {""stage_name"": ""stimulus"", ""planned_duration_ms"": 3000, ""intended_onset_ms"": 372002.031, ""actual_onset_global_ms"": 372163.077, ""actual_offset_global_ms"": 373993.463, ""actual_duration_ms"": 1830.386}, {""stage_name"": ""feedback"", ""planned_duration_ms"": 150, ""intended_onset_ms"": 373993.463, ""actual_onset_global_ms"": 374037.162, ""actual_offset_global_ms"": 374197.931, ""actual_duration_ms"": 160.769}]",correct.wav,374011.816,150.0,374511.816,0.0,none,,,0.0,0.0,none,0.0,0.0,0.0,0.0,,,0.0,none,none,0.0,shape,cue_shape.wav,形状,371535.649,500.0,372301.899,blue,rabbit,blue_rabbit,practice,,shape,2458.263,,,,,,,,,,,,,,,,,,,,,,,,,,,,,,,,,,,,,,,,,
013,013_T1_20260520_150729,PA,T1,standard,hci_substudy_v2,1,telemetry_v4,dccs,2,post_switch_practice,practice,2,6,36,practice,shape,1779260849,60.182,2026-05-20T15:13:52.247,0,0,0,3,374193.813,374212.495,,,,,j,j,1,4500.064,379457.687,correct,1.0,374793.813,374957.623,379457.687,3000,4500.064,379607.687,"[{""stage_name"": ""fixation"", ""planned_duration_ms"": 100, ""intended_onset_ms"": 374193.813, ""actual_onset_global_ms"": 374212.495, ""actual_offset_global_ms"": 374328.321, ""actual_duration_ms"": 115.826}, {""stage_name"": ""cue"", ""planned_duration_ms"": 500, ""intended_onset_ms"": 374293.813, ""actual_onset_global_ms"": 374335.897, ""actual_offset_global_ms"": 374954.288, ""actual_duration_ms"": 618.391}, {""stage_name"": ""stimulus"", ""planned_duration_ms"": 3000, ""intended_onset_ms"": 374793.813, ""actual_onset_global_ms"": 374957.623, ""actual_offset_global_ms"": 379457.687, ""actual_duration_ms"": 4500.064}, {""stage_name"": ""feedback"", ""planned_duration_ms"": 150, ""intended_onset_ms"": 379457.687, ""actual_onset_global_ms"": 379496.169, ""actual_offset_global_ms"": 379653.394, ""actual_duration_ms"": 157.225}]",correct.wav,379475.601,150.0,379975.601,0.0,none,,,0.0,0.0,none,0.0,0.0,0.0,0.0,,,0.0,none,none,0.0,shape,cue_shape.wav,形状,374336.344,500.0,375102.594,red,boat,red_boat,practice,,shape,5121.79,,,,,,,,,,,,,,,,,,,,,,,,,,,,,,,,,,,,,,,,,
013,013_T1_20260520_150729,PA,T1,standard,hci_substudy_v2,1,telemetry_v4,dccs,2,mixed_formal,formal,1,1,37,formal,color,1779260849,60.182,2026-05-20T15:14:02.951,0,0,0,3,384898.163,384919.584,,,,,s,s,1,3680.469,389300.744,none,,385498.163,385620.275,389300.744,3000,3680.469,389300.744,"[{""stage_name"": ""fixation"", ""planned_duration_ms"": 100, ""intended_onset_ms"": 384898.163, ""actual_onset_global_ms"": 384919.584, ""actual_offset_global_ms"": 385031.071, ""actual_duration_ms"": 111.487}, {""stage_name"": ""cue"", ""planned_duration_ms"": 500, ""intended_onset_ms"": 384998.163, ""actual_onset_global_ms"": 385034.997, ""actual_offset_global_ms"": 385620.292, ""actual_duration_ms"": 585.295}, {""stage_name"": ""stimulus"", ""planned_duration_ms"": 3000, ""intended_onset_ms"": 385498.163, ""actual_onset_global_ms"": 385620.275, ""actual_offset_global_ms"": 389300.744, ""actual_duration_ms"": 3680.469}]",,,,,0.0,none,,,0.0,0.0,none,0.0,0.0,0.0,0.0,,,0.0,none,none,0.0,color,cue_color.wav,颜色,385035.426,500.0,385731.988,blue,rabbit,blue_rabbit,first,,color,4265.747,,,,,,,,,,,,,,,,,,,,,,,,,,,,,,,,,,,,,,,,,
013,013_T1_20260520_150729,PA,T1,standard,hci_substudy_v2,1,telemetry_v4,dccs,2,mixed_formal,formal,1,2,38,formal,shape,1779260849,60.182,2026-05-20T15:14:07.383,0,0,0,3,389329.787,389347.926,,,,,j,j,1,1447.962,391539.707,none,,389929.787,390091.745,391539.707,3000,1447.962,391539.707,"[{""stage_name"": ""fixation"", ""planned_duration_ms"": 100, ""intended_onset_ms"": 389329.787, ""actual_onset_global_ms"": 389347.926, ""actual_offset_global_ms"": 389464.745, ""actual_duration_ms"": 116.819}, {""stage_name"": ""cue"", ""planned_duration_ms"": 500, ""intended_onset_ms"": 389429.787, ""actual_onset_global_ms"": 389470.27, ""actual_offset_global_ms"": 390087.805, ""actual_duration_ms"": 617.535}, {""stage_name"": ""stimulus"", ""planned_duration_ms"": 3000, ""intended_onset_ms"": 389929.787, ""actual_onset_global_ms"": 390091.745, ""actual_offset_global_ms"": 391539.707, ""actual_duration_ms"": 1447.962}]",,,,,0.0,none,,,0.0,0.0,none,0.0,0.0,0.0,0.0,,,0.0,none,none,0.0,shape,cue_shape.wav,形状,389470.765,500.0,390237.015,red,boat,red_boat,switch,color,shape,2069.437,,,,,,,,,,,,,,,,,,,,,,,,,,,,,,,,,,,,,,,,,
013,013_T1_20260520_150729,PA,T1,standard,hci_substudy_v2,1,telemetry_v4,dccs,2,mixed_formal,formal,1,3,39,formal,shape,1779260849,60.182,2026-05-20T15:14:09.629,0,0,0,3,391575.886,391596.663,,,,,s,j,0,1989.403,394326.161,none,,392175.886,392336.758,394326.161,3000,1989.403,394326.161,"[{""stage_name"": ""fixation"", ""planned_duration_ms"": 100, ""intended_onset_ms"": 391575.886, ""actual_onset_global_ms"": 391596.663, ""actual_offset_global_ms"": 391701.218, ""actual_duration_ms"": 104.555}, {""stage_name"": ""cue"", ""planned_duration_ms"": 500, ""intended_onset_ms"": 391675.886, ""actual_onset_global_ms"": 391704.673, ""actual_offset_global_ms"": 392337.177, ""actual_duration_ms"": 632.504}, {""stage_name"": ""stimulus"", ""planned_duration_ms"": 3000, ""intended_onset_ms"": 392175.886, ""actual_onset_global_ms"": 392336.758, ""actual_offset_global_ms"": 394326.161, ""actual_duration_ms"": 1989.403}]",,,,,0.0,none,,,0.0,0.0,none,0.0,0.0,0.0,0.0,,,0.0,none,none,0.0,shape,cue_shape.wav,形状,391705.112,500.0,392471.362,red,rabbit,red_rabbit,repeat,shape,shape,2621.488,,,,,,,,,,,,,,,,,,,,,,,,,,,,,,,,,,,,,,,,,
013,013_T1_20260520_150729,PA,T1,standard,hci_substudy_v2,1,telemetry_v4,dccs,2,mixed_formal,formal,1,4,40,formal,color,1779260849,60.182,2026-05-20T15:14:12.403,0,0,0,3,394349.804,394364.441,,,,,j,j,1,951.604,395941.39,none,,394949.804,394989.786,395941.39,3000,951.604,395941.39,"[{""stage_name"": ""fixation"", ""planned_duration_ms"": 100, ""intended_onset_ms"": 394349.804, ""actual_onset_global_ms"": 394364.441, ""actual_offset_global_ms"": 394472.885, ""actual_duration_ms"": 108.444}, {""stage_name"": ""cue"", ""planned_duration_ms"": 500, ""intended_onset_ms"": 394449.804, ""actual_onset_global_ms"": 394473.96, ""actual_offset_global_ms"": 394990.685, ""actual_duration_ms"": 516.725}, {""stage_name"": ""stimulus"", ""planned_duration_ms"": 3000, ""intended_onset_ms"": 394949.804, ""actual_onset_global_ms"": 394989.786, ""actual_offset_global_ms"": 395941.39, ""actual_duration_ms"": 951.604}]",,,,,0.0,none,,,0.0,0.0,none,0.0,0.0,0.0,0.0,,,0.0,none,none,0.0,color,cue_color.wav,颜色,394474.354,500.0,395170.916,red,rabbit,red_rabbit,switch,shape,color,1467.43,,,,,,,,,,,,,,,,,,,,,,,,,,,,,,,,,,,,,,,,,
013,013_T1_20260520_150729,PA,T1,standard,hci_substudy_v2,1,telemetry_v4,dccs,2,mixed_formal,formal,1,5,41,formal,shape,1779260849,60.182,2026-05-20T15:14:14.018,0,0,0,3,395965.068,395984.821,,,,,j,j,1,3948.105,400569.427,none,,396565.068,396621.322,400569.427,3000,3948.105,400569.427,"[{""stage_name"": ""fixation"", ""planned_duration_ms"": 100, ""intended_onset_ms"": 395965.068, ""actual_onset_global_ms"": 395984.821, ""actual_offset_global_ms"": 396096.607, ""actual_duration_ms"": 111.786}, {""stage_name"": ""cue"", ""planned_duration_ms"": 500, ""intended_onset_ms"": 396065.068, ""actual_onset_global_ms"": 396099.844, ""actual_offset_global_ms"": 396623.032, ""actual_duration_ms"": 523.188}, {""stage_name"": ""stimulus"", ""planned_duration_ms"": 3000, ""intended_onset_ms"": 396565.068, ""actual_onset_global_ms"": 396621.322, ""actual_offset_global_ms"": 400569.427, ""actual_duration_ms"": 3948.105}]",,,,,0.0,none,,,0.0,0.0,none,0.0,0.0,0.0,0.0,,,0.0,none,none,0.0,shape,cue_shape.wav,形状,396100.301,500.0,396866.551,blue,boat,blue_boat,switch,color,shape,4469.583,,,,,,,,,,,,,,,,,,,,,,,,,,,,,,,,,,,,,,,,,
013,013_T1_20260520_150729,PA,T1,standard,hci_substudy_v2,1,telemetry_v4,dccs,2,mixed_formal,formal,1,6,42,formal,color,1779260849,60.182,2026-05-20T15:14:18.634,0,0,0,3,400580.772,400598.901,,,,,j,j,1,3052.22,404271.253,none,,401180.772,401219.033,404271.253,3000,3052.22,404271.253,"[{""stage_name"": ""fixation"", ""planned_duration_ms"": 100, ""intended_onset_ms"": 400580.772, ""actual_onset_global_ms"": 400598.901, ""actual_offset_global_ms"": 400701.876, ""actual_duration_ms"": 102.975}, {""stage_name"": ""cue"", ""planned_duration_ms"": 500, ""intended_onset_ms"": 400680.772, ""actual_onset_global_ms"": 400703.092, ""actual_offset_global_ms"": 401220.854, ""actual_duration_ms"": 517.762}, {""stage_name"": ""stimulus"", ""planned_duration_ms"": 3000, ""intended_onset_ms"": 401180.772, ""actual_onset_global_ms"": 401219.033, ""actual_offset_global_ms"": 404271.253, ""actual_duration_ms"": 3052.22}]",,,,,0.0,none,,,0.0,0.0,none,0.0,0.0,0.0,0.0,,,0.0,none,none,0.0,color,cue_color.wav,颜色,400703.639,500.0,401400.202,red,boat,red_boat,switch,shape,color,3568.161,,,,,,,,,,,,,,,,,,,,,,,,,,,,,,,,,,,,,,,,,
013,013_T1_20260520_150729,PA,T1,standard,hci_substudy_v2,1,telemetry_v4,dccs,2,mixed_formal,formal,1,7,43,formal,color,1779260849,60.182,2026-05-20T15:14:22.353,0,0,0,3,404300.247,404317.378,,,,,s,s,1,1045.377,405981.279,none,,404900.247,404935.902,405981.279,3000,1045.377,405981.279,"[{""stage_name"": ""fixation"", ""planned_duration_ms"": 100, ""intended_onset_ms"": 404300.247, ""actual_onset_global_ms"": 404317.378, ""actual_offset_global_ms"": 404417.911, ""actual_duration_ms"": 100.533}, {""stage_name"": ""cue"", ""planned_duration_ms"": 500, ""intended_onset_ms"": 404400.247, ""actual_onset_global_ms"": 404417.766, ""actual_offset_global_ms"": 404937.505, ""actual_duration_ms"": 519.739}, {""stage_name"": ""stimulus"", ""planned_duration_ms"": 3000, ""intended_onset_ms"": 404900.247, ""actual_onset_global_ms"": 404935.902, ""actual_offset_global_ms"": 405981.279, ""actual_duration_ms"": 1045.377}]",,,,,0.0,none,,,0.0,0.0,none,0.0,0.0,0.0,0.0,,,0.0,none,none,0.0,color,cue_color.wav,颜色,404418.187,500.0,405114.749,blue,rabbit,blue_rabbit,repeat,color,color,1563.513,,,,,,,,,,,,,,,,,,,,,,,,,,,,,,,,,,,,,,,,,
013,013_T1_20260520_150729,PA,T1,standard,hci_substudy_v2,1,telemetry_v4,dccs,2,mixed_formal,formal,1,8,44,formal,shape,1779260849,60.182,2026-05-20T15:14:24.053,0,0,0,3,405999.636,406016.682,,,,,s,s,1,3252.466,409952.833,none,,406599.636,406700.367,409952.833,3000,3252.466,409952.833,"[{""stage_name"": ""fixation"", ""planned_duration_ms"": 100, ""intended_onset_ms"": 405999.636, ""actual_onset_global_ms"": 406016.682, ""actual_offset_global_ms"": 406131.432, ""actual_duration_ms"": 114.75}, {""stage_name"": ""cue"", ""planned_duration_ms"": 500, ""intended_onset_ms"": 406099.636, ""actual_onset_global_ms"": 406136.083, ""actual_offset_global_ms"": 406696.783, ""actual_duration_ms"": 560.7}, {""stage_name"": ""stimulus"", ""planned_duration_ms"": 3000, ""intended_onset_ms"": 406599.636, ""actual_onset_global_ms"": 406700.367, ""actual_offset_global_ms"": 409952.833, ""actual_duration_ms"": 3252.466}]",,,,,0.0,none,,,0.0,0.0,none,0.0,0.0,0.0,0.0,,,0.0,none,none,0.0,shape,cue_shape.wav,形状,406136.442,500.0,406902.692,blue,rabbit,blue_rabbit,switch,color,shape,3816.75,,,,,,,,,,,,,,,,,,,,,,,,,,,,,,,,,,,,,,,,,
013,013_T1_20260520_150729,PA,T1,standard,hci_substudy_v2,1,telemetry_v4,dccs,2,mixed_formal,formal,1,9,45,formal,shape,1779260849,60.182,2026-05-20T15:14:28.037,0,0,0,3,409983.908,410001.608,,,,,s,s,1,1573.975,412347.122,none,,410583.908,410773.147,412347.122,3000,1573.975,412347.122,"[{""stage_name"": ""fixation"", ""planned_duration_ms"": 100, ""intended_onset_ms"": 409983.908, ""actual_onset_global_ms"": 410001.608, ""actual_offset_global_ms"": 410117.383, ""actual_duration_ms"": 115.775}, {""stage_name"": ""cue"", ""planned_duration_ms"": 500, ""intended_onset_ms"": 410083.908, ""actual_onset_global_ms"": 410120.177, ""actual_offset_global_ms"": 410678.797, ""actual_duration_ms"": 558.62}, {""stage_name"": ""stimulus"", ""planned_duration_ms"": 3000, ""intended_onset_ms"": 410583.908, ""actual_onset_global_ms"": 410773.147, ""actual_offset_global_ms"": 412347.122, ""actual_duration_ms"": 1573.975}]",,,,,0.0,none,,,0.0,0.0,none,0.0,0.0,0.0,0.0,,,0.0,none,none,0.0,shape,cue_shape.wav,形状,410120.619,500.0,410886.869,blue,rabbit,blue_rabbit,repeat,shape,shape,2226.945,,,,,,,,,,,,,,,,,,,,,,,,,,,,,,,,,,,,,,,,,
013,013_T1_20260520_150729,PA,T1,standard,hci_substudy_v2,1,telemetry_v4,dccs,2,mixed_formal,formal,1,10,46,formal,shape,1779260849,60.182,2026-05-20T15:14:30.416,0,0,0,3,412363.309,412380.976,,,,,j,j,1,1769.549,414805.088,none,,412963.309,413035.539,414805.088,3000,1769.549,414805.088,"[{""stage_name"": ""fixation"", ""planned_duration_ms"": 100, ""intended_onset_ms"": 412363.309, ""actual_onset_global_ms"": 412380.976, ""actual_offset_global_ms"": 412487.744, ""actual_duration_ms"": 106.768}, {""stage_name"": ""cue"", ""planned_duration_ms"": 500, ""intended_onset_ms"": 412463.309, ""actual_onset_global_ms"": 412488.178, ""actual_offset_global_ms"": 413034.629, ""actual_duration_ms"": 546.451}, {""stage_name"": ""stimulus"", ""planned_duration_ms"": 3000, ""intended_onset_ms"": 412963.309, ""actual_onset_global_ms"": 413035.539, ""actual_offset_global_ms"": 414805.088, ""actual_duration_ms"": 1769.549}]",,,,,0.0,none,,,0.0,0.0,none,0.0,0.0,0.0,0.0,,,0.0,none,none,0.0,shape,cue_shape.wav,形状,412488.547,500.0,413254.797,blue,boat,blue_boat,repeat,shape,shape,2316.91,,,,,,,,,,,,,,,,,,,,,,,,,,,,,,,,,,,,,,,,,
013,013_T1_20260520_150729,PA,T1,standard,hci_substudy_v2,1,telemetry_v4,dccs,2,mixed_formal,formal,1,11,47,formal,color,1779260849,60.182,2026-05-20T15:14:32.887,0,0,0,3,414834.011,414850.334,,,,,s,s,1,1122.838,416610.238,none,,415434.011,415487.4,416610.238,3000,1122.838,416610.238,"[{""stage_name"": ""fixation"", ""planned_duration_ms"": 100, ""intended_onset_ms"": 414834.011, ""actual_onset_global_ms"": 414850.334, ""actual_offset_global_ms"": 414950.805, ""actual_duration_ms"": 100.471}, {""stage_name"": ""cue"", ""planned_duration_ms"": 500, ""intended_onset_ms"": 414934.011, ""actual_onset_global_ms"": 414951.685, ""actual_offset_global_ms"": 415488.312, ""actual_duration_ms"": 536.627}, {""stage_name"": ""stimulus"", ""planned_duration_ms"": 3000, ""intended_onset_ms"": 415434.011, ""actual_onset_global_ms"": 415487.4, ""actual_offset_global_ms"": 416610.238, ""actual_duration_ms"": 1122.838}]",,,,,0.0,none,,,0.0,0.0,none,0.0,0.0,0.0,0.0,,,0.0,none,none,0.0,color,cue_color.wav,颜色,414952.125,500.0,415648.688,blue,boat,blue_boat,switch,shape,color,1658.553,,,,,,,,,,,,,,,,,,,,,,,,,,,,,,,,,,,,,,,,,
013,013_T1_20260520_150729,PA,T1,standard,hci_substudy_v2,1,telemetry_v4,dccs,2,mixed_formal,formal,1,12,48,formal,shape,1779260849,60.182,2026-05-20T15:14:34.684,0,0,0,3,416631.731,416648.065,,,,,s,s,1,1714.104,418998.354,none,,417231.731,417284.25,418998.354,3000,1714.104,418998.354,"[{""stage_name"": ""fixation"", ""planned_duration_ms"": 100, ""intended_onset_ms"": 416631.731, ""actual_onset_global_ms"": 416648.065, ""actual_offset_global_ms"": 416753.551, ""actual_duration_ms"": 105.486}, {""stage_name"": ""cue"", ""planned_duration_ms"": 500, ""intended_onset_ms"": 416731.731, ""actual_onset_global_ms"": 416754.395, ""actual_offset_global_ms"": 417285.806, ""actual_duration_ms"": 531.411}, {""stage_name"": ""stimulus"", ""planned_duration_ms"": 3000, ""intended_onset_ms"": 417231.731, ""actual_onset_global_ms"": 417284.25, ""actual_offset_global_ms"": 418998.354, ""actual_duration_ms"": 1714.104}]",,,,,0.0,none,,,0.0,0.0,none,0.0,0.0,0.0,0.0,,,0.0,none,none,0.0,shape,cue_shape.wav,形状,416754.75,500.0,417521.0,blue,rabbit,blue_rabbit,switch,color,shape,2243.959,,,,,,,,,,,,,,,,,,,,,,,,,,,,,,,,,,,,,,,,,
013,013_T1_20260520_150729,PA,T1,standard,hci_substudy_v2,1,telemetry_v4,dccs,2,mixed_formal,formal,1,13,49,formal,shape,1779260849,60.182,2026-05-20T15:14:37.072,0,0,0,3,419019.017,419038.227,,,,,j,j,1,1573.863,421364.019,none,,419619.017,419790.156,421364.019,3000,1573.863,421364.019,"[{""stage_name"": ""fixation"", ""planned_duration_ms"": 100, ""intended_onset_ms"": 419019.017, ""actual_onset_global_ms"": 419038.227, ""actual_offset_global_ms"": 419136.706, ""actual_duration_ms"": 98.479}, {""stage_name"": ""cue"", ""planned_duration_ms"": 500, ""intended_onset_ms"": 419119.017, ""actual_onset_global_ms"": 419141.702, ""actual_offset_global_ms"": 419786.645, ""actual_duration_ms"": 644.943}, {""stage_name"": ""stimulus"", ""planned_duration_ms"": 3000, ""intended_onset_ms"": 419619.017, ""actual_onset_global_ms"": 419790.156, ""actual_offset_global_ms"": 421364.019, ""actual_duration_ms"": 1573.863}]",,,,,0.0,none,,,0.0,0.0,none,0.0,0.0,0.0,0.0,,,0.0,none,none,0.0,shape,cue_shape.wav,形状,419142.161,500.0,419908.411,red,boat,red_boat,repeat,shape,shape,2222.317,,,,,,,,,,,,,,,,,,,,,,,,,,,,,,,,,,,,,,,,,
013,013_T1_20260520_150729,PA,T1,standard,hci_substudy_v2,1,telemetry_v4,dccs,2,mixed_formal,formal,1,14,50,formal,color,1779260849,60.182,2026-05-20T15:14:39.436,0,0,0,3,421382.493,421402.033,,,,,j,j,1,2709.179,424829.361,none,,421982.493,422120.182,424829.361,3000,2709.179,424829.361,"[{""stage_name"": ""fixation"", ""planned_duration_ms"": 100, ""intended_onset_ms"": 421382.493, ""actual_onset_global_ms"": 421402.033, ""actual_offset_global_ms"": 421517.907, ""actual_duration_ms"": 115.874}, {""stage_name"": ""cue"", ""planned_duration_ms"": 500, ""intended_onset_ms"": 421482.493, ""actual_onset_global_ms"": 421519.608, ""actual_offset_global_ms"": 422119.673, ""actual_duration_ms"": 600.065}, {""stage_name"": ""stimulus"", ""planned_duration_ms"": 3000, ""intended_onset_ms"": 421982.493, ""actual_onset_global_ms"": 422120.182, ""actual_offset_global_ms"": 424829.361, ""actual_duration_ms"": 2709.179}]",,,,,0.0,none,,,0.0,0.0,none,0.0,0.0,0.0,0.0,,,0.0,none,none,0.0,color,cue_color.wav,颜色,421519.984,500.0,422216.546,red,boat,red_boat,switch,shape,color,3309.753,,,,,,,,,,,,,,,,,,,,,,,,,,,,,,,,,,,,,,,,,
013,013_T1_20260520_150729,PA,T1,standard,hci_substudy_v2,1,telemetry_v4,dccs,2,mixed_formal,formal,1,15,51,formal,shape,1779260849,60.182,2026-05-20T15:14:42.921,0,0,0,3,424867.761,424887.288,,,,,j,s,0,4638.476,430295.966,none,,425467.761,425657.49,430295.966,3000,4638.476,430295.966,"[{""stage_name"": ""fixation"", ""planned_duration_ms"": 100, ""intended_onset_ms"": 424867.761, ""actual_onset_global_ms"": 424887.288, ""actual_offset_global_ms"": 425003.902, ""actual_duration_ms"": 116.614}, {""stage_name"": ""cue"", ""planned_duration_ms"": 500, ""intended_onset_ms"": 424967.761, ""actual_onset_global_ms"": 425006.049, ""actual_offset_global_ms"": 425654.459, ""actual_duration_ms"": 648.41}, {""stage_name"": ""stimulus"", ""planned_duration_ms"": 3000, ""intended_onset_ms"": 425467.761, ""actual_onset_global_ms"": 425657.49, ""actual_offset_global_ms"": 430295.966, ""actual_duration_ms"": 4638.476}]",,,,,0.0,none,,,0.0,0.0,none,0.0,0.0,0.0,0.0,,,0.0,none,none,0.0,shape,cue_shape.wav,形状,425006.626,500.0,425772.876,red,boat,red_boat,switch,color,shape,5289.917,,,,,,,,,,,,,,,,,,,,,,,,,,,,,,,,,,,,,,,,,
013,013_T1_20260520_150729,PA,T1,standard,hci_substudy_v2,1,telemetry_v4,dccs,2,mixed_formal,formal,1,16,52,formal,color,1779260849,60.182,2026-05-20T15:14:48.386,0,0,0,3,430332.602,430350.383,,,,,s,s,1,1805.266,432889.436,none,,430932.602,431084.17,432889.436,3000,1805.266,432889.436,"[{""stage_name"": ""fixation"", ""planned_duration_ms"": 100, ""intended_onset_ms"": 430332.602, ""actual_onset_global_ms"": 430350.383, ""actual_offset_global_ms"": 430465.059, ""actual_duration_ms"": 114.676}, {""stage_name"": ""cue"", ""planned_duration_ms"": 500, ""intended_onset_ms"": 430432.602, ""actual_onset_global_ms"": 430469.874, ""actual_offset_global_ms"": 431081.66, ""actual_duration_ms"": 611.786}, {""stage_name"": ""stimulus"", ""planned_duration_ms"": 3000, ""intended_onset_ms"": 430932.602, ""actual_onset_global_ms"": 431084.17, ""actual_offset_global_ms"": 432889.436, ""actual_duration_ms"": 1805.266}]",,,,,0.0,none,,,0.0,0.0,none,0.0,0.0,0.0,0.0,,,0.0,none,none,0.0,color,cue_color.wav,颜色,430470.312,500.0,431166.874,blue,boat,blue_boat,switch,shape,color,2419.562,,,,,,,,,,,,,,,,,,,,,,,,,,,,,,,,,,,,,,,,,
013,013_T1_20260520_150729,PA,T1,standard,hci_substudy_v2,1,telemetry_v4,dccs,2,mixed_formal,formal,1,17,53,formal,shape,1779260849,60.182,2026-05-20T15:14:50.976,0,0,0,3,432922.585,432943.298,,,,,j,j,1,1905.172,435622.522,none,,433522.585,433717.35,435622.522,3000,1905.172,435622.522,"[{""stage_name"": ""fixation"", ""planned_duration_ms"": 100, ""intended_onset_ms"": 432922.585, ""actual_onset_global_ms"": 432943.298, ""actual_offset_global_ms"": 433045.474, ""actual_duration_ms"": 102.176}, {""stage_name"": ""cue"", ""planned_duration_ms"": 500, ""intended_onset_ms"": 433022.585, ""actual_onset_global_ms"": 433049.985, ""actual_offset_global_ms"": 433714.363, ""actual_duration_ms"": 664.378}, {""stage_name"": ""stimulus"", ""planned_duration_ms"": 3000, ""intended_onset_ms"": 433522.585, ""actual_onset_global_ms"": 433717.35, ""actual_offset_global_ms"": 435622.522, ""actual_duration_ms"": 1905.172}]",,,,,0.0,none,,,0.0,0.0,none,0.0,0.0,0.0,0.0,,,0.0,none,none,0.0,shape,cue_shape.wav,形状,433050.439,500.0,433816.689,red,boat,red_boat,switch,color,shape,2572.537,,,,,,,,,,,,,,,,,,,,,,,,,,,,,,,,,,,,,,,,,
013,013_T1_20260520_150729,PA,T1,standard,hci_substudy_v2,1,telemetry_v4,dccs,2,mixed_formal,formal,1,18,54,formal,color,1779260849,60.182,2026-05-20T15:14:53.692,0,0,0,3,435639.416,435661.055,,,,,s,s,1,1276.851,437671.138,none,,436239.416,436394.287,437671.138,3000,1276.851,437671.138,"[{""stage_name"": ""fixation"", ""planned_duration_ms"": 100, ""intended_onset_ms"": 435639.416, ""actual_onset_global_ms"": 435661.055, ""actual_offset_global_ms"": 435770.353, ""actual_duration_ms"": 109.298}, {""stage_name"": ""cue"", ""planned_duration_ms"": 500, ""intended_onset_ms"": 435739.416, ""actual_onset_global_ms"": 435775.885, ""actual_offset_global_ms"": 436392.068, ""actual_duration_ms"": 616.183}, {""stage_name"": ""stimulus"", ""planned_duration_ms"": 3000, ""intended_onset_ms"": 436239.416, ""actual_onset_global_ms"": 436394.287, ""actual_offset_global_ms"": 437671.138, ""actual_duration_ms"": 1276.851}]",,,,,0.0,none,,,0.0,0.0,none,0.0,0.0,0.0,0.0,,,0.0,none,none,0.0,color,cue_color.wav,颜色,435776.379,500.0,436472.942,blue,boat,blue_boat,switch,shape,color,1895.253,,,,,,,,,,,,,,,,,,,,,,,,,,,,,,,,,,,,,,,,,
013,013_T1_20260520_150729,PA,T1,standard,hci_substudy_v2,1,telemetry_v4,dccs,2,mixed_formal,formal,1,19,55,formal,shape,1779260849,60.182,2026-05-20T15:14:55.757,0,0,0,3,437703.863,437720.274,,,,,s,s,1,2362.284,440853.371,none,,438303.863,438491.087,440853.371,3000,2362.284,440853.371,"[{""stage_name"": ""fixation"", ""planned_duration_ms"": 100, ""intended_onset_ms"": 437703.863, ""actual_onset_global_ms"": 437720.274, ""actual_offset_global_ms"": 437838.769, ""actual_duration_ms"": 118.495}, {""stage_name"": ""cue"", ""planned_duration_ms"": 500, ""intended_onset_ms"": 437803.863, ""actual_onset_global_ms"": 437843.209, ""actual_offset_global_ms"": 438489.837, ""actual_duration_ms"": 646.628}, {""stage_name"": ""stimulus"", ""planned_duration_ms"": 3000, ""intended_onset_ms"": 438303.863, ""actual_onset_global_ms"": 438491.087, ""actual_offset_global_ms"": 440853.371, ""actual_duration_ms"": 2362.284}]",,,,,0.0,none,,,0.0,0.0,none,0.0,0.0,0.0,0.0,,,0.0,none,none,0.0,shape,cue_shape.wav,形状,437843.844,500.0,438610.094,blue,rabbit,blue_rabbit,switch,color,shape,3010.162,,,,,,,,,,,,,,,,,,,,,,,,,,,,,,,,,,,,,,,,,
013,013_T1_20260520_150729,PA,T1,standard,hci_substudy_v2,1,telemetry_v4,dccs,2,mixed_formal,formal,1,20,56,formal,color,1779260849,60.182,2026-05-20T15:14:58.927,0,0,0,3,440874.464,440895.204,,,,,j,j,1,895.782,442517.013,none,,441474.464,441621.231,442517.013,3000,895.782,442517.013,"[{""stage_name"": ""fixation"", ""planned_duration_ms"": 100, ""intended_onset_ms"": 440874.464, ""actual_onset_global_ms"": 440895.204, ""actual_offset_global_ms"": 440999.833, ""actual_duration_ms"": 104.629}, {""stage_name"": ""cue"", ""planned_duration_ms"": 500, ""intended_onset_ms"": 440974.464, ""actual_onset_global_ms"": 441002.666, ""actual_offset_global_ms"": 441615.545, ""actual_duration_ms"": 612.879}, {""stage_name"": ""stimulus"", ""planned_duration_ms"": 3000, ""intended_onset_ms"": 441474.464, ""actual_onset_global_ms"": 441621.231, ""actual_offset_global_ms"": 442517.013, ""actual_duration_ms"": 895.782}]",,,,,0.0,none,,,0.0,0.0,none,0.0,0.0,0.0,0.0,,,0.0,none,none,0.0,color,cue_color.wav,颜色,441003.123,500.0,441699.686,red,boat,red_boat,switch,shape,color,1514.347,,,,,,,,,,,,,,,,,,,,,,,,,,,,,,,,,,,,,,,,,
013,013_T1_20260520_150729,PA,T1,standard,hci_substudy_v2,1,telemetry_v4,dccs,2,mixed_formal,formal,1,21,57,formal,shape,1779260849,60.182,2026-05-20T15:15:00.589,0,0,0,3,442536.027,442557.531,,,,,s,s,1,1582.829,444885.974,none,,443136.027,443303.145,444885.974,3000,1582.829,444885.974,"[{""stage_name"": ""fixation"", ""planned_duration_ms"": 100, ""intended_onset_ms"": 442536.027, ""actual_onset_global_ms"": 442557.531, ""actual_offset_global_ms"": 442656.908, ""actual_duration_ms"": 99.377}, {""stage_name"": ""cue"", ""planned_duration_ms"": 500, ""intended_onset_ms"": 442636.027, ""actual_onset_global_ms"": 442660.174, ""actual_offset_global_ms"": 443298.785, ""actual_duration_ms"": 638.611}, {""stage_name"": ""stimulus"", ""planned_duration_ms"": 3000, ""intended_onset_ms"": 443136.027, ""actual_onset_global_ms"": 443303.145, ""actual_offset_global_ms"": 444885.974, ""actual_duration_ms"": 1582.829}]",,,,,0.0,none,,,0.0,0.0,none,0.0,0.0,0.0,0.0,,,0.0,none,none,0.0,shape,cue_shape.wav,形状,442660.571,500.0,443426.821,red,rabbit,red_rabbit,switch,color,shape,2225.8,,,,,,,,,,,,,,,,,,,,,,,,,,,,,,,,,,,,,,,,,
013,013_T1_20260520_150729,PA,T1,standard,hci_substudy_v2,1,telemetry_v4,dccs,2,mixed_formal,formal,1,22,58,formal,color,1779260849,60.182,2026-05-20T15:15:02.959,0,0,0,3,444906.14,444929.345,,,,,j,j,1,1351.17,447004.143,none,,445506.14,445652.973,447004.143,3000,1351.17,447004.143,"[{""stage_name"": ""fixation"", ""planned_duration_ms"": 100, ""intended_onset_ms"": 444906.14, ""actual_onset_global_ms"": 444929.345, ""actual_offset_global_ms"": 445038.634, ""actual_duration_ms"": 109.289}, {""stage_name"": ""cue"", ""planned_duration_ms"": 500, ""intended_onset_ms"": 445006.14, ""actual_onset_global_ms"": 445041.811, ""actual_offset_global_ms"": 445652.496, ""actual_duration_ms"": 610.685}, {""stage_name"": ""stimulus"", ""planned_duration_ms"": 3000, ""intended_onset_ms"": 445506.14, ""actual_onset_global_ms"": 445652.973, ""actual_offset_global_ms"": 447004.143, ""actual_duration_ms"": 1351.17}]",,,,,0.0,none,,,0.0,0.0,none,0.0,0.0,0.0,0.0,,,0.0,none,none,0.0,color,cue_color.wav,颜色,445042.211,500.0,445738.774,red,rabbit,red_rabbit,switch,shape,color,1962.332,,,,,,,,,,,,,,,,,,,,,,,,,,,,,,,,,,,,,,,,,
013,013_T1_20260520_150729,PA,T1,standard,hci_substudy_v2,1,telemetry_v4,dccs,2,mixed_formal,formal,1,23,59,formal,shape,1779260849,60.182,2026-05-20T15:15:05.087,0,0,0,3,447033.79,447051.75,,,,,s,s,1,4267.379,452065.094,none,,447633.79,447797.715,452065.094,3000,4267.379,452065.094,"[{""stage_name"": ""fixation"", ""planned_duration_ms"": 100, ""intended_onset_ms"": 447033.79, ""actual_onset_global_ms"": 447051.75, ""actual_offset_global_ms"": 447153.432, ""actual_duration_ms"": 101.682}, {""stage_name"": ""cue"", ""planned_duration_ms"": 500, ""intended_onset_ms"": 447133.79, ""actual_onset_global_ms"": 447157.236, ""actual_offset_global_ms"": 447794.08, ""actual_duration_ms"": 636.844}, {""stage_name"": ""stimulus"", ""planned_duration_ms"": 3000, ""intended_onset_ms"": 447633.79, ""actual_onset_global_ms"": 447797.715, ""actual_offset_global_ms"": 452065.094, ""actual_duration_ms"": 4267.379}]",,,,,0.0,none,,,0.0,0.0,none,0.0,0.0,0.0,0.0,,,0.0,none,none,0.0,shape,cue_shape.wav,形状,447157.805,500.0,447924.055,red,rabbit,red_rabbit,switch,color,shape,4907.858,,,,,,,,,,,,,,,,,,,,,,,,,,,,,,,,,,,,,,,,,
013,013_T1_20260520_150729,PA,T1,standard,hci_substudy_v2,1,telemetry_v4,dccs,2,mixed_formal,formal,1,24,60,formal,color,1779260849,60.182,2026-05-20T15:15:10.138,0,0,0,3,452084.323,452099.041,,,,,s,s,1,5772.674,458525.515,none,,452684.323,452752.841,458525.515,3000,5772.674,458525.515,"[{""stage_name"": ""fixation"", ""planned_duration_ms"": 100, ""intended_onset_ms"": 452084.323, ""actual_onset_global_ms"": 452099.041, ""actual_offset_global_ms"": 452202.033, ""actual_duration_ms"": 102.992}, {""stage_name"": ""cue"", ""planned_duration_ms"": 500, ""intended_onset_ms"": 452184.323, ""actual_onset_global_ms"": 452202.875, ""actual_offset_global_ms"": 452753.049, ""actual_duration_ms"": 550.174}, {""stage_name"": ""stimulus"", ""planned_duration_ms"": 3000, ""intended_onset_ms"": 452684.323, ""actual_onset_global_ms"": 452752.841, ""actual_offset_global_ms"": 458525.515, ""actual_duration_ms"": 5772.674}]",,,,,0.0,none,,,0.0,0.0,none,0.0,0.0,0.0,0.0,,,0.0,none,none,0.0,color,cue_color.wav,颜色,452203.369,500.0,452899.932,blue,boat,blue_boat,switch,shape,color,6322.64,,,,,,,,,,,,,,,,,,,,,,,,,,,,,,,,,,,,,,,,,
013,013_T1_20260520_150729,PA,T1,standard,hci_substudy_v2,1,telemetry_v4,dccs,2,mixed_formal,formal,1,25,61,formal,shape,1779260849,60.182,2026-05-20T15:15:16.602,0,0,0,3,458549.19,458566.692,,,,,s,s,1,1776.451,460998.666,none,,459149.19,459222.215,460998.666,3000,1776.451,460998.666,"[{""stage_name"": ""fixation"", ""planned_duration_ms"": 100, ""intended_onset_ms"": 458549.19, ""actual_onset_global_ms"": 458566.692, ""actual_offset_global_ms"": 458671.692, ""actual_duration_ms"": 105.0}, {""stage_name"": ""cue"", ""planned_duration_ms"": 500, ""intended_onset_ms"": 458649.19, ""actual_onset_global_ms"": 458673.018, ""actual_offset_global_ms"": 459221.921, ""actual_duration_ms"": 548.903}, {""stage_name"": ""stimulus"", ""planned_duration_ms"": 3000, ""intended_onset_ms"": 459149.19, ""actual_onset_global_ms"": 459222.215, ""actual_offset_global_ms"": 460998.666, ""actual_duration_ms"": 1776.451}]",,,,,0.0,none,,,0.0,0.0,none,0.0,0.0,0.0,0.0,,,0.0,none,none,0.0,shape,cue_shape.wav,形状,458673.51,500.0,459439.76,red,rabbit,red_rabbit,switch,color,shape,2325.648,,,,,,,,,,,,,,,,,,,,,,,,,,,,,,,,,,,,,,,,,
013,013_T1_20260520_150729,PA,T1,standard,hci_substudy_v2,1,telemetry_v4,dccs,2,mixed_formal,formal,1,26,62,formal,color,1779260849,60.182,2026-05-20T15:15:19.072,0,0,0,3,461018.405,461033.519,,,,,j,j,1,1280.274,462947.712,none,,461618.405,461667.438,462947.712,3000,1280.274,462947.712,"[{""stage_name"": ""fixation"", ""planned_duration_ms"": 100, ""intended_onset_ms"": 461018.405, ""actual_onset_global_ms"": 461033.519, ""actual_offset_global_ms"": 461134.968, ""actual_duration_ms"": 101.449}, {""stage_name"": ""cue"", ""planned_duration_ms"": 500, ""intended_onset_ms"": 461118.405, ""actual_onset_global_ms"": 461135.754, ""actual_offset_global_ms"": 461667.287, ""actual_duration_ms"": 531.533}, {""stage_name"": ""stimulus"", ""planned_duration_ms"": 3000, ""intended_onset_ms"": 461618.405, ""actual_onset_global_ms"": 461667.438, ""actual_offset_global_ms"": 462947.712, ""actual_duration_ms"": 1280.274}]",,,,,0.0,none,,,0.0,0.0,none,0.0,0.0,0.0,0.0,,,0.0,none,none,0.0,color,cue_color.wav,颜色,461136.194,500.0,461832.757,red,boat,red_boat,switch,shape,color,1811.958,,,,,,,,,,,,,,,,,,,,,,,,,,,,,,,,,,,,,,,,,
013,013_T1_20260520_150729,PA,T1,standard,hci_substudy_v2,1,telemetry_v4,dccs,2,mixed_formal,formal,1,27,63,formal,shape,1779260849,60.182,2026-05-20T15:15:21.017,0,0,0,3,462963.691,462984.866,,,,,j,s,0,3291.024,466970.327,none,,463563.691,463679.303,466970.327,3000,3291.024,466970.327,"[{""stage_name"": ""fixation"", ""planned_duration_ms"": 100, ""intended_onset_ms"": 462963.691, ""actual_onset_global_ms"": 462984.866, ""actual_offset_global_ms"": 463083.925, ""actual_duration_ms"": 99.059}, {""stage_name"": ""cue"", ""planned_duration_ms"": 500, ""intended_onset_ms"": 463063.691, ""actual_onset_global_ms"": 463085.64, ""actual_offset_global_ms"": 463677.015, ""actual_duration_ms"": 591.375}, {""stage_name"": ""stimulus"", ""planned_duration_ms"": 3000, ""intended_onset_ms"": 463563.691, ""actual_onset_global_ms"": 463679.303, ""actual_offset_global_ms"": 466970.327, ""actual_duration_ms"": 3291.024}]",,,,,0.0,none,,,0.0,0.0,none,0.0,0.0,0.0,0.0,,,0.0,none,none,0.0,shape,cue_shape.wav,形状,463086.082,500.0,463852.332,blue,boat,blue_boat,switch,color,shape,3884.687,,,,,,,,,,,,,,,,,,,,,,,,,,,,,,,,,,,,,,,,,
013,013_T1_20260520_150729,PA,T1,standard,hci_substudy_v2,1,telemetry_v4,dccs,2,mixed_formal,formal,1,28,64,formal,color,1779260849,60.182,2026-05-20T15:15:25.044,0,0,0,3,466991.909,467010.414,,,,,s,s,1,3987.28,471733.347,none,,467591.909,467746.067,471733.347,3000,3987.28,471733.347,"[{""stage_name"": ""fixation"", ""planned_duration_ms"": 100, ""intended_onset_ms"": 466991.909, ""actual_onset_global_ms"": 467010.414, ""actual_offset_global_ms"": 467124.979, ""actual_duration_ms"": 114.565}, {""stage_name"": ""cue"", ""planned_duration_ms"": 500, ""intended_onset_ms"": 467091.909, ""actual_onset_global_ms"": 467130.314, ""actual_offset_global_ms"": 467741.822, ""actual_duration_ms"": 611.508}, {""stage_name"": ""stimulus"", ""planned_duration_ms"": 3000, ""intended_onset_ms"": 467591.909, ""actual_onset_global_ms"": 467746.067, ""actual_offset_global_ms"": 471733.347, ""actual_duration_ms"": 3987.28}]",,,,,0.0,none,,,0.0,0.0,none,0.0,0.0,0.0,0.0,,,0.0,none,none,0.0,color,cue_color.wav,颜色,467130.73,500.0,467827.292,blue,rabbit,blue_rabbit,switch,shape,color,4603.033,,,,,,,,,,,,,,,,,,,,,,,,,,,,,,,,,,,,,,,,,
013,013_T1_20260520_150729,PA,T1,standard,hci_substudy_v2,1,telemetry_v4,dccs,2,mixed_formal,formal,1,29,65,formal,color,1779260849,60.182,2026-05-20T15:15:29.806,0,0,0,3,471753.036,471772.031,,,,,j,j,1,1070.63,473586.425,none,,472353.036,472515.795,473586.425,3000,1070.63,473586.425,"[{""stage_name"": ""fixation"", ""planned_duration_ms"": 100, ""intended_onset_ms"": 471753.036, ""actual_onset_global_ms"": 471772.031, ""actual_offset_global_ms"": 471885.945, ""actual_duration_ms"": 113.914}, {""stage_name"": ""cue"", ""planned_duration_ms"": 500, ""intended_onset_ms"": 471853.036, ""actual_onset_global_ms"": 471889.591, ""actual_offset_global_ms"": 472511.107, ""actual_duration_ms"": 621.516}, {""stage_name"": ""stimulus"", ""planned_duration_ms"": 3000, ""intended_onset_ms"": 472353.036, ""actual_onset_global_ms"": 472515.795, ""actual_offset_global_ms"": 473586.425, ""actual_duration_ms"": 1070.63}]",,,,,0.0,none,,,0.0,0.0,none,0.0,0.0,0.0,0.0,,,0.0,none,none,0.0,color,cue_color.wav,颜色,471890.078,500.0,472586.64,red,rabbit,red_rabbit,repeat,color,color,1696.834,,,,,,,,,,,,,,,,,,,,,,,,,,,,,,,,,,,,,,,,,
013,013_T1_20260520_150729,PA,T1,standard,hci_substudy_v2,1,telemetry_v4,dccs,2,mixed_formal,formal,1,30,66,formal,color,1779260849,60.182,2026-05-20T15:15:31.673,0,0,0,3,473619.27,473637.688,,,,,s,s,1,2928.592,477299.077,none,,474219.27,474370.485,477299.077,3000,2928.592,477299.077,"[{""stage_name"": ""fixation"", ""planned_duration_ms"": 100, ""intended_onset_ms"": 473619.27, ""actual_onset_global_ms"": 473637.688, ""actual_offset_global_ms"": 473752.688, ""actual_duration_ms"": 115.0}, {""stage_name"": ""cue"", ""planned_duration_ms"": 500, ""intended_onset_ms"": 473719.27, ""actual_onset_global_ms"": 473761.051, ""actual_offset_global_ms"": 474369.717, ""actual_duration_ms"": 608.666}, {""stage_name"": ""stimulus"", ""planned_duration_ms"": 3000, ""intended_onset_ms"": 474219.27, ""actual_onset_global_ms"": 474370.485, ""actual_offset_global_ms"": 477299.077, ""actual_duration_ms"": 2928.592}]",,,,,0.0,none,,,0.0,0.0,none,0.0,0.0,0.0,0.0,,,0.0,none,none,0.0,color,cue_color.wav,颜色,473761.567,500.0,474458.129,blue,rabbit,blue_rabbit,repeat,color,color,3538.026,,,,,,,,,,,,,,,,,,,,,,,,,,,,,,,,,,,,,,,,,
013,013_T1_20260520_150729,PA,T1,standard,hci_substudy_v2,1,telemetry_v4,digit_span,3,practice_digitspan,practice,1,1,1,practice,span_2,1779260849,60.182,2026-05-20T15:15:59.494,0,0,0,1,501441.0,501627.081,,,,,,,1,,,,,501541.0,501630.95,526791.194,2000,25160.244,526791.194,"[{""stage_name"": ""fixation"", ""planned_duration_ms"": 100, ""intended_onset_ms"": 501441.0, ""actual_onset_global_ms"": 501627.081, ""actual_offset_global_ms"": 501643.697, ""actual_duration_ms"": 16.616}, {""stage_name"": ""auditory_sequence"", ""planned_duration_ms"": 2000, ""intended_onset_ms"": 501541.0, ""actual_onset_global_ms"": 501630.95, ""actual_offset_global_ms"": 503153.243, ""actual_duration_ms"": 1522.293}, {""stage_name"": ""wait"", ""planned_duration_ms"": 500, ""intended_onset_ms"": 503153.243, ""actual_onset_global_ms"": 503257.283, ""actual_offset_global_ms"": 503741.819, ""actual_duration_ms"": 484.536}, {""stage_name"": ""input_panel"", ""planned_duration_ms"": 15000, ""intended_onset_ms"": 503741.819, ""actual_onset_global_ms"": 503836.874, ""actual_offset_global_ms"": 510869.934, ""actual_duration_ms"": 7033.06}, {""stage_name"": ""auditory_sequence"", ""planned_duration_ms"": 2000, ""intended_onset_ms"": 514297.176, ""actual_onset_global_ms"": 514297.327, ""actual_offset_global_ms"": 515887.948, ""actual_duration_ms"": 1590.621}, {""stage_name"": ""wait"", ""planned_duration_ms"": 500, ""intended_onset_ms"": 515887.948, ""actual_onset_global_ms"": 515952.663, ""actual_offset_global_ms"": 516451.538, ""actual_duration_ms"": 498.875}]",,,,,0.0,none,,,0.0,0.0,none,0.0,0.0,0.0,0.0,,,,,,,,,,,,,,,,,,,,none,0.0,0.0,0.0,0.0,2.0,1.0,1.0,"[1, 2]","[""2"", ""1""]","[""2"", ""1""]",21,onscreen_mouse,8521.168,10332.596,1.0,0.0,0.0,0.0,3.0,[791.502],,"[514297.327, 515387.948]","[""digit_1.wav"", ""digit_2.wav""]","[{""audio_file"": ""digit_1.wav"", ""audio_start_global_ms"": 514297.327, ""audio_expected_duration_ms"": 500, ""audio_stop_global_ms"": 514797.327}, {""audio_file"": ""digit_2.wav"", ""audio_start_global_ms"": 515387.948, ""audio_expected_duration_ms"": 500, ""audio_stop_global_ms"": 515887.948}]",1.0,,,,,,,,,,,,,,,
013,013_T1_20260520_150729,PA,T1,standard,hci_substudy_v2,1,telemetry_v4,digit_span,3,practice_digitspan,practice,1,2,2,practice,span_2,1779260849,60.182,2026-05-20T15:16:24.852,0,0,0,1,526798.123,526968.875,,,,,,,1,,,,,526898.123,526973.919,532296.763,2000,5322.844,532296.763,"[{""stage_name"": ""fixation"", ""planned_duration_ms"": 100, ""intended_onset_ms"": 526798.123, ""actual_onset_global_ms"": 526968.875, ""actual_offset_global_ms"": 526985.491, ""actual_duration_ms"": 16.616}, {""stage_name"": ""auditory_sequence"", ""planned_duration_ms"": 2000, ""intended_onset_ms"": 526898.123, ""actual_onset_global_ms"": 526973.919, ""actual_offset_global_ms"": 528497.688, ""actual_duration_ms"": 1523.769}, {""stage_name"": ""wait"", ""planned_duration_ms"": 500, ""intended_onset_ms"": 528497.688, ""actual_onset_global_ms"": 528601.288, ""actual_offset_global_ms"": 529102.18, ""actual_duration_ms"": 500.892}, {""stage_name"": ""input_panel"", ""planned_duration_ms"": 15000, ""intended_onset_ms"": 529102.18, ""actual_onset_global_ms"": 529109.758, ""actual_offset_global_ms"": 532296.763, ""actual_duration_ms"": 3187.005}]",,,,,0.0,none,,,0.0,0.0,none,0.0,0.0,0.0,0.0,,,,,,,,,,,,,,,,,,,,none,0.0,0.0,0.0,0.0,2.0,2.0,1.0,"[7, 9]","[""9"", ""7""]","[""9"", ""7""]",97,onscreen_mouse,1469.624,3186.805,1.0,0.0,0.0,0.0,3.0,[797.548],,"[526973.919, 527997.688]","[""digit_7.wav"", ""digit_9.wav""]","[{""audio_file"": ""digit_7.wav"", ""audio_start_global_ms"": 526973.919, ""audio_expected_duration_ms"": 500, ""audio_stop_global_ms"": 527473.919}, {""audio_file"": ""digit_9.wav"", ""audio_start_global_ms"": 527997.688, ""audio_expected_duration_ms"": 500, ""audio_stop_global_ms"": 528497.688}]",0.0,,,,,,,,,,,,,,,
013,013_T1_20260520_150729,PA,T1,standard,hci_substudy_v2,1,telemetry_v4,digit_span,3,practice_digitspan,practice,1,3,3,practice,span_2,1779260849,60.182,2026-05-20T15:16:30.356,0,0,0,1,532303.009,532479.422,,,,,,,1,,,,,532403.009,532484.949,536896.375,2000,4411.426,536896.375,"[{""stage_name"": ""fixation"", ""planned_duration_ms"": 100, ""intended_onset_ms"": 532303.009, ""actual_onset_global_ms"": 532479.422, ""actual_offset_global_ms"": 532496.038, ""actual_duration_ms"": 16.616}, {""stage_name"": ""auditory_sequence"", ""planned_duration_ms"": 2000, ""intended_onset_ms"": 532403.009, ""actual_onset_global_ms"": 532484.949, ""actual_offset_global_ms"": 534006.9, ""actual_duration_ms"": 1521.951}, {""stage_name"": ""wait"", ""planned_duration_ms"": 500, ""intended_onset_ms"": 534006.9, ""actual_onset_global_ms"": 534062.136, ""actual_offset_global_ms"": 534561.208, ""actual_duration_ms"": 499.072}, {""stage_name"": ""input_panel"", ""planned_duration_ms"": 15000, ""intended_onset_ms"": 534561.208, ""actual_onset_global_ms"": 534567.754, ""actual_offset_global_ms"": 536896.375, ""actual_duration_ms"": 2328.621}]",,,,,0.0,none,,,0.0,0.0,none,0.0,0.0,0.0,0.0,,,,,,,,,,,,,,,,,,,,none,0.0,0.0,0.0,0.0,2.0,3.0,1.0,"[2, 8]","[""8"", ""2""]","[""8"", ""2""]",82,onscreen_mouse,1091.508,2328.459,1.0,0.0,0.0,0.0,3.0,[585.598],,"[532484.949, 533506.9]","[""digit_2.wav"", ""digit_8.wav""]","[{""audio_file"": ""digit_2.wav"", ""audio_start_global_ms"": 532484.949, ""audio_expected_duration_ms"": 500, ""audio_stop_global_ms"": 532984.949}, {""audio_file"": ""digit_8.wav"", ""audio_start_global_ms"": 533506.9, ""audio_expected_duration_ms"": 500, ""audio_stop_global_ms"": 534006.9}]",0.0,,,,,,,,,,,,,,,
013,013_T1_20260520_150729,PA,T1,standard,hci_substudy_v2,1,telemetry_v4,digit_span,3,practice_digitspan,practice,1,4,4,practice,span_2,1779260849,60.182,2026-05-20T15:16:34.956,0,0,0,1,536903.354,537051.282,,,,,,,1,,,,,537003.354,537055.165,541185.863,2000,4130.698,541185.863,"[{""stage_name"": ""fixation"", ""planned_duration_ms"": 100, ""intended_onset_ms"": 536903.354, ""actual_onset_global_ms"": 537051.282, ""actual_offset_global_ms"": 537067.898, ""actual_duration_ms"": 16.616}, {""stage_name"": ""auditory_sequence"", ""planned_duration_ms"": 2000, ""intended_onset_ms"": 537003.354, ""actual_onset_global_ms"": 537055.165, ""actual_offset_global_ms"": 538616.311, ""actual_duration_ms"": 1561.146}, {""stage_name"": ""wait"", ""planned_duration_ms"": 500, ""intended_onset_ms"": 538616.311, ""actual_onset_global_ms"": 538687.174, ""actual_offset_global_ms"": 539187.265, ""actual_duration_ms"": 500.091}, {""stage_name"": ""input_panel"", ""planned_duration_ms"": 15000, ""intended_onset_ms"": 539187.265, ""actual_onset_global_ms"": 539194.515, ""actual_offset_global_ms"": 541185.863, ""actual_duration_ms"": 1991.348}]",,,,,0.0,none,,,0.0,0.0,none,0.0,0.0,0.0,0.0,,,,,,,,,,,,,,,,,,,,none,0.0,0.0,0.0,0.0,2.0,4.0,1.0,"[8, 6]","[""6"", ""8""]","[""6"", ""8""]",68,onscreen_mouse,702.191,1991.187,1.0,0.0,0.0,0.0,3.0,[621.849],,"[537055.165, 538116.311]","[""digit_8.wav"", ""digit_6.wav""]","[{""audio_file"": ""digit_8.wav"", ""audio_start_global_ms"": 537055.165, ""audio_expected_duration_ms"": 500, ""audio_stop_global_ms"": 537555.165}, {""audio_file"": ""digit_6.wav"", ""audio_start_global_ms"": 538116.311, ""audio_expected_duration_ms"": 500, ""audio_stop_global_ms"": 538616.311}]",0.0,,,,,,,,,,,,,,,
013,013_T1_20260520_150729,PA,T1,standard,hci_substudy_v2,1,telemetry_v4,digit_span,3,practice_digitspan,practice,1,5,5,practice,span_2,1779260849,60.182,2026-05-20T15:16:39.247,0,0,0,1,541193.368,541356.965,,,,,,,1,,,,,541293.368,541364.024,546946.641,2000,5582.617,546946.641,"[{""stage_name"": ""fixation"", ""planned_duration_ms"": 100, ""intended_onset_ms"": 541193.368, ""actual_onset_global_ms"": 541356.965, ""actual_offset_global_ms"": 541373.581, ""actual_duration_ms"": 16.616}, {""stage_name"": ""auditory_sequence"", ""planned_duration_ms"": 2000, ""intended_onset_ms"": 541293.368, ""actual_onset_global_ms"": 541364.024, ""actual_offset_global_ms"": 542951.724, ""actual_duration_ms"": 1587.7}, {""stage_name"": ""wait"", ""planned_duration_ms"": 500, ""intended_onset_ms"": 542951.724, ""actual_onset_global_ms"": 543063.656, ""actual_offset_global_ms"": 543577.37, ""actual_duration_ms"": 513.714}, {""stage_name"": ""input_panel"", ""planned_duration_ms"": 15000, ""intended_onset_ms"": 543577.37, ""actual_onset_global_ms"": 543584.64, ""actual_offset_global_ms"": 546946.641, ""actual_duration_ms"": 3362.001}]",,,,,0.0,none,,,0.0,0.0,none,0.0,0.0,0.0,0.0,,,,,,,,,,,,,,,,,,,,none,0.0,0.0,0.0,0.0,2.0,5.0,1.0,"[3, 6]","[""6"", ""3""]","[""6"", ""3""]",63,onscreen_mouse,2160.897,3361.87,1.0,0.0,0.0,0.0,3.0,[459.322],,"[541364.024, 542451.724]","[""digit_3.wav"", ""digit_6.wav""]","[{""audio_file"": ""digit_3.wav"", ""audio_start_global_ms"": 541364.024, ""audio_expected_duration_ms"": 500, ""audio_stop_global_ms"": 541864.024}, {""audio_file"": ""digit_6.wav"", ""audio_start_global_ms"": 542451.724, ""audio_expected_duration_ms"": 500, ""audio_stop_global_ms"": 542951.724}]",0.0,,,,,,,,,,,,,,,
013,013_T1_20260520_150729,PA,T1,standard,hci_substudy_v2,1,telemetry_v4,digit_span,3,practice_digitspan,practice,1,6,6,practice,span_2,1779260849,60.182,2026-05-20T15:16:45.007,0,0,0,1,546953.673,547115.886,,,,,,,1,,,,,547053.673,547121.017,551185.818,2000,4064.801,551185.818,"[{""stage_name"": ""fixation"", ""planned_duration_ms"": 100, ""intended_onset_ms"": 546953.673, ""actual_onset_global_ms"": 547115.886, ""actual_offset_global_ms"": 547132.502, ""actual_duration_ms"": 16.616}, {""stage_name"": ""auditory_sequence"", ""planned_duration_ms"": 2000, ""intended_onset_ms"": 547053.673, ""actual_onset_global_ms"": 547121.017, ""actual_offset_global_ms"": 548680.019, ""actual_duration_ms"": 1559.002}, {""stage_name"": ""wait"", ""planned_duration_ms"": 500, ""intended_onset_ms"": 548680.019, ""actual_onset_global_ms"": 548754.503, ""actual_offset_global_ms"": 549267.936, ""actual_duration_ms"": 513.433}, {""stage_name"": ""input_panel"", ""planned_duration_ms"": 15000, ""intended_onset_ms"": 549267.936, ""actual_onset_global_ms"": 549275.515, ""actual_offset_global_ms"": 551185.818, ""actual_duration_ms"": 1910.303}]",,,,,0.0,none,,,0.0,0.0,none,0.0,0.0,0.0,0.0,,,,,,,,,,,,,,,,,,,,none,0.0,0.0,0.0,0.0,2.0,6.0,1.0,"[9, 8]","[""8"", ""9""]","[""8"", ""9""]",89,onscreen_mouse,625.453,1910.08,1.0,0.0,0.0,0.0,3.0,[870.106],,"[547121.017, 548180.019]","[""digit_9.wav"", ""digit_8.wav""]","[{""audio_file"": ""digit_9.wav"", ""audio_start_global_ms"": 547121.017, ""audio_expected_duration_ms"": 500, ""audio_stop_global_ms"": 547621.017}, {""audio_file"": ""digit_8.wav"", ""audio_start_global_ms"": 548180.019, ""audio_expected_duration_ms"": 500, ""audio_stop_global_ms"": 548680.019}]",0.0,,,,,,,,,,,,,,,
013,013_T1_20260520_150729,PA,T1,standard,hci_substudy_v2,1,telemetry_v4,digit_span,3,formal_span_2,formal,1,1,7,formal,span_2,1779260849,60.182,2026-05-20T15:16:54.968,0,0,0,1,556915.609,557084.714,,,,,,,1,,,,,557015.609,557088.327,629788.578,2000,72700.251,629788.578,"[{""stage_name"": ""fixation"", ""planned_duration_ms"": 100, ""intended_onset_ms"": 556915.609, ""actual_onset_global_ms"": 557084.714, ""actual_offset_global_ms"": 557101.33, ""actual_duration_ms"": 16.616}, {""stage_name"": ""auditory_sequence"", ""planned_duration_ms"": 2000, ""intended_onset_ms"": 557015.609, ""actual_onset_global_ms"": 557088.327, ""actual_offset_global_ms"": 558619.095, ""actual_duration_ms"": 1530.768}, {""stage_name"": ""wait"", ""planned_duration_ms"": 500, ""intended_onset_ms"": 558619.095, ""actual_onset_global_ms"": 558693.125, ""actual_offset_global_ms"": 559184.716, ""actual_duration_ms"": 491.591}, {""stage_name"": ""input_panel"", ""planned_duration_ms"": 15000, ""intended_onset_ms"": 559184.716, ""actual_onset_global_ms"": 559191.485, ""actual_offset_global_ms"": 629788.578, ""actual_duration_ms"": 70597.093}]",,,,,0.0,none,,,0.0,0.0,none,0.0,0.0,0.0,0.0,,,,,,,,,,,,,,,,,,,,none,0.0,0.0,0.0,0.0,2.0,1.0,1.0,"[3, 8]","[""8"", ""3""]","[""8"", ""3""]",83,onscreen_mouse,46068.932,70596.706,1.0,0.0,0.0,0.0,3.0,[6290.976],advance,"[557088.327, 558119.095]","[""digit_3.wav"", ""digit_8.wav""]","[{""audio_file"": ""digit_3.wav"", ""audio_start_global_ms"": 557088.327, ""audio_expected_duration_ms"": 500, ""audio_stop_global_ms"": 557588.327}, {""audio_file"": ""digit_8.wav"", ""audio_start_global_ms"": 558119.095, ""audio_expected_duration_ms"": 500, ""audio_stop_global_ms"": 558619.095}]",0.0,two_failures_in_span,3.0,,,,,,,,,,,,,
013,013_T1_20260520_150729,PA,T1,standard,hci_substudy_v2,1,telemetry_v4,digit_span,3,formal_span_2,formal,1,2,8,formal,span_2,1779260849,60.182,2026-05-20T15:18:07.849,0,0,0,1,629796.2,629957.439,,,,,,,1,,,,,629896.2,629961.151,644609.923,2000,14648.772,644609.923,"[{""stage_name"": ""fixation"", ""planned_duration_ms"": 100, ""intended_onset_ms"": 629796.2, ""actual_onset_global_ms"": 629957.439, ""actual_offset_global_ms"": 629974.055, ""actual_duration_ms"": 16.616}, {""stage_name"": ""auditory_sequence"", ""planned_duration_ms"": 2000, ""intended_onset_ms"": 629896.2, ""actual_onset_global_ms"": 629961.151, ""actual_offset_global_ms"": 631505.453, ""actual_duration_ms"": 1544.302}, {""stage_name"": ""wait"", ""planned_duration_ms"": 500, ""intended_onset_ms"": 631505.453, ""actual_onset_global_ms"": 631615.205, ""actual_offset_global_ms"": 632109.169, ""actual_duration_ms"": 493.964}, {""stage_name"": ""input_panel"", ""planned_duration_ms"": 15000, ""intended_onset_ms"": 632109.169, ""actual_onset_global_ms"": 632116.72, ""actual_offset_global_ms"": 644609.923, ""actual_duration_ms"": 12493.203}]",,,,,0.0,none,,,0.0,0.0,none,0.0,0.0,0.0,0.0,,,,,,,,,,,,,,,,,,,,none,0.0,0.0,0.0,0.0,2.0,2.0,1.0,"[1, 2]","[""2"", ""1""]","[""2"", ""1""]",21,onscreen_mouse,5717.163,12493.096,1.0,0.0,0.0,0.0,3.0,[3409.966],advance,"[629961.151, 631005.453]","[""digit_1.wav"", ""digit_2.wav""]","[{""audio_file"": ""digit_1.wav"", ""audio_start_global_ms"": 629961.151, ""audio_expected_duration_ms"": 500, ""audio_stop_global_ms"": 630461.151}, {""audio_file"": ""digit_2.wav"", ""audio_start_global_ms"": 631005.453, ""audio_expected_duration_ms"": 500, ""audio_stop_global_ms"": 631505.453}]",0.0,two_failures_in_span,3.0,,,,,,,,,,,,,
013,013_T1_20260520_150729,PA,T1,standard,hci_substudy_v2,1,telemetry_v4,digit_span,3,formal_span_3,formal,2,1,9,formal,span_3,1779260849,60.182,2026-05-20T15:18:22.677,0,0,0,1,644623.59,644773.765,,,,,,,0,,,,,644723.59,644777.121,667817.946,3000,23040.825,667817.946,"[{""stage_name"": ""fixation"", ""planned_duration_ms"": 100, ""intended_onset_ms"": 644623.59, ""actual_onset_global_ms"": 644773.765, ""actual_offset_global_ms"": 644790.381, ""actual_duration_ms"": 16.616}, {""stage_name"": ""auditory_sequence"", ""planned_duration_ms"": 3000, ""intended_onset_ms"": 644723.59, ""actual_onset_global_ms"": 644777.121, ""actual_offset_global_ms"": 647347.228, ""actual_duration_ms"": 2570.107}, {""stage_name"": ""wait"", ""planned_duration_ms"": 500, ""intended_onset_ms"": 647347.228, ""actual_onset_global_ms"": 647378.994, ""actual_offset_global_ms"": 647870.652, ""actual_duration_ms"": 491.658}, {""stage_name"": ""input_panel"", ""planned_duration_ms"": 15000, ""intended_onset_ms"": 647870.652, ""actual_onset_global_ms"": 647876.109, ""actual_offset_global_ms"": 667817.946, ""actual_duration_ms"": 19941.837}]",,,,,0.0,none,,,0.0,0.0,none,0.0,0.0,0.0,0.0,,,,,,,,,,,,,,,,,,,,none,0.0,0.0,0.0,0.0,3.0,1.0,2.0,"[3, 7, 2]","[""2"", ""7"", ""3""]","[""7"", ""3"", ""2""]",732,onscreen_mouse,4919.349,19941.728,0.0,0.0,0.0,0.0,4.0,"[4440.035, 3469.895]",terminate,"[644777.121, 645809.553, 646847.228]","[""digit_3.wav"", ""digit_7.wav"", ""digit_2.wav""]","[{""audio_file"": ""digit_3.wav"", ""audio_start_global_ms"": 644777.121, ""audio_expected_duration_ms"": 500, ""audio_stop_global_ms"": 645277.121}, {""audio_file"": ""digit_7.wav"", ""audio_start_global_ms"": 645809.553, ""audio_expected_duration_ms"": 500, ""audio_stop_global_ms"": 646309.553}, {""audio_file"": ""digit_2.wav"", ""audio_start_global_ms"": 646847.228, ""audio_expected_duration_ms"": 500, ""audio_stop_global_ms"": 647347.228}]",0.0,two_failures_in_span,3.0,,,,,,,,,,,,,
013,013_T1_20260520_150729,PA,T1,standard,hci_substudy_v2,1,telemetry_v4,digit_span,3,formal_span_3,formal,2,2,10,formal,span_3,1779260849,60.182,2026-05-20T15:18:45.880,0,0,0,1,667826.692,667980.775,,,,,,,0,,,,,667926.692,667984.449,693059.376,3000,25074.927,693059.376,"[{""stage_name"": ""fixation"", ""planned_duration_ms"": 100, ""intended_onset_ms"": 667826.692, ""actual_onset_global_ms"": 667980.775, ""actual_offset_global_ms"": 667997.391, ""actual_duration_ms"": 16.616}, {""stage_name"": ""auditory_sequence"", ""planned_duration_ms"": 3000, ""intended_onset_ms"": 667926.692, ""actual_onset_global_ms"": 667984.449, ""actual_offset_global_ms"": 670543.204, ""actual_duration_ms"": 2558.755}, {""stage_name"": ""wait"", ""planned_duration_ms"": 500, ""intended_onset_ms"": 670543.204, ""actual_onset_global_ms"": 670616.469, ""actual_offset_global_ms"": 671114.904, ""actual_duration_ms"": 498.435}, {""stage_name"": ""input_panel"", ""planned_duration_ms"": 15000, ""intended_onset_ms"": 671114.904, ""actual_onset_global_ms"": 671122.085, ""actual_offset_global_ms"": 693059.376, ""actual_duration_ms"": 21937.291}]",,,,,0.0,none,,,0.0,0.0,none,0.0,0.0,0.0,0.0,,,,,,,,,,,,,,,,,,,,none,0.0,0.0,0.0,0.0,3.0,2.0,2.0,"[1, 9, 7]","[""7"", ""9"", ""1""]","[""9"", ""1"", ""7""]",917,onscreen_mouse,8197.25,21936.943,0.0,0.0,0.0,0.0,4.0,"[5757.371, 5000.918]",terminate,"[667984.449, 669022.731, 670043.204]","[""digit_1.wav"", ""digit_9.wav"", ""digit_7.wav""]","[{""audio_file"": ""digit_1.wav"", ""audio_start_global_ms"": 667984.449, ""audio_expected_duration_ms"": 500, ""audio_stop_global_ms"": 668484.449}, {""audio_file"": ""digit_9.wav"", ""audio_start_global_ms"": 669022.731, ""audio_expected_duration_ms"": 500, ""audio_stop_global_ms"": 669522.731}, {""audio_file"": ""digit_7.wav"", ""audio_start_global_ms"": 670043.204, ""audio_expected_duration_ms"": 500, ""audio_stop_global_ms"": 670543.204}]",0.0,two_failures_in_span,3.0,,,,,,,,,,,,,
013,013_T1_20260520_150729,PA,T1,standard,hci_substudy_v2,1,telemetry_v4,change_detection,4,practice_cd,practice,1,1,1,practice,N1_same,1779260849,60.182,2026-05-20T15:19:40.372,0,0,0,1,722320.03,722355.535,,,,,s,,1,6714.932,,correct,0.0,725920.03,726004.346,732746.456,4000,6742.11,732896.456,"[{""stage_name"": ""fixation"", ""planned_duration_ms"": 100, ""intended_onset_ms"": 722320.03, ""actual_onset_global_ms"": 722355.535, ""actual_offset_global_ms"": 722455.501, ""actual_duration_ms"": 99.966}, {""stage_name"": ""memory_array"", ""planned_duration_ms"": 2500, ""intended_onset_ms"": 722420.03, ""actual_onset_global_ms"": 722478.492, ""actual_offset_global_ms"": 724966.646, ""actual_duration_ms"": 2488.154}, {""stage_name"": ""delay"", ""planned_duration_ms"": 1000, ""intended_onset_ms"": 724966.646, ""actual_onset_global_ms"": 724963.296, ""actual_offset_global_ms"": 725973.707, ""actual_duration_ms"": 1010.411}, {""stage_name"": ""test_array"", ""planned_duration_ms"": 4000, ""intended_onset_ms"": 725973.707, ""actual_onset_global_ms"": 726004.346, ""actual_offset_global_ms"": 732746.456, ""actual_duration_ms"": 6742.11}, {""stage_name"": ""feedback"", ""planned_duration_ms"": 150, ""intended_onset_ms"": 732746.456, ""actual_onset_global_ms"": 732782.117, ""actual_offset_global_ms"": 732921.709, ""actual_duration_ms"": 139.592}]",correct.wav,732747.312,150.0,733247.312,,,,,,,,,,,,,,,,,,,,,,,,,,,,,,,,,,,,,,,,,,,,,,1.0,,,,,,,,,,,,,1.0,same,0.0,"[114.07, -114.69]","[[114.07, -114.69]]","[""red""]","[""red""]",red,red,s,same,1.0,1.0
013,013_T1_20260520_150729,PA,T1,standard,hci_substudy_v2,1,telemetry_v4,change_detection,4,practice_cd,practice,1,2,2,practice,N1_change,1779260849,60.182,2026-05-20T15:19:50.967,0,0,0,1,732913.692,732932.742,,,,,j,,1,2397.923,,correct,0.0,736513.692,736580.91,738996.303,4000,2415.393,739146.303,"[{""stage_name"": ""fixation"", ""planned_duration_ms"": 100, ""intended_onset_ms"": 732913.692, ""actual_onset_global_ms"": 732932.742, ""actual_offset_global_ms"": 733032.814, ""actual_duration_ms"": 100.072}, {""stage_name"": ""memory_array"", ""planned_duration_ms"": 2500, ""intended_onset_ms"": 733013.692, ""actual_onset_global_ms"": 733056.206, ""actual_offset_global_ms"": 735540.654, ""actual_duration_ms"": 2484.448}, {""stage_name"": ""delay"", ""planned_duration_ms"": 1000, ""intended_onset_ms"": 735540.654, ""actual_onset_global_ms"": 735542.453, ""actual_offset_global_ms"": 736557.008, ""actual_duration_ms"": 1014.555}, {""stage_name"": ""test_array"", ""planned_duration_ms"": 4000, ""intended_onset_ms"": 736557.008, ""actual_onset_global_ms"": 736580.91, ""actual_offset_global_ms"": 738996.303, ""actual_duration_ms"": 2415.393}, {""stage_name"": ""feedback"", ""planned_duration_ms"": 150, ""intended_onset_ms"": 738996.303, ""actual_onset_global_ms"": 739016.132, ""actual_offset_global_ms"": 739165.262, ""actual_duration_ms"": 149.13}]",correct.wav,738996.92,150.0,739496.92,,,,,,,,,,,,,,,,,,,,,,,,,,,,,,,,,,,,,,,,,,,,,,1.0,,,,,,,,,,,,,1.0,change,0.0,"[-221.57, -166.51]","[[-221.57, -166.51]]","[""green""]","[""purple""]",green,purple,j,change,1.0,1.0
013,013_T1_20260520_150729,PA,T1,standard,hci_substudy_v2,1,telemetry_v4,change_detection,4,practice_cd,practice,1,3,3,practice,N2_same,1779260849,60.182,2026-05-20T15:19:57.211,0,0,0,1,739158.66,739181.478,,,,,s,,1,2628.176,,correct,0.0,742758.66,742870.643,745528.085,4000,2657.442,745678.085,"[{""stage_name"": ""fixation"", ""planned_duration_ms"": 100, ""intended_onset_ms"": 739158.66, ""actual_onset_global_ms"": 739181.478, ""actual_offset_global_ms"": 739285.768, ""actual_duration_ms"": 104.29}, {""stage_name"": ""memory_array"", ""planned_duration_ms"": 2500, ""intended_onset_ms"": 739258.66, ""actual_onset_global_ms"": 739320.212, ""actual_offset_global_ms"": 741807.861, ""actual_duration_ms"": 2487.649}, {""stage_name"": ""delay"", ""planned_duration_ms"": 1000, ""intended_onset_ms"": 741807.861, ""actual_onset_global_ms"": 741806.315, ""actual_offset_global_ms"": 742823.568, ""actual_duration_ms"": 1017.253}, {""stage_name"": ""test_array"", ""planned_duration_ms"": 4000, ""intended_onset_ms"": 742823.568, ""actual_onset_global_ms"": 742870.643, ""actual_offset_global_ms"": 745528.085, ""actual_duration_ms"": 2657.442}, {""stage_name"": ""feedback"", ""planned_duration_ms"": 150, ""intended_onset_ms"": 745528.085, ""actual_onset_global_ms"": 745549.746, ""actual_offset_global_ms"": 745704.011, ""actual_duration_ms"": 154.265}]",correct.wav,745528.868,150.0,746028.868,,,,,,,,,,,,,,,,,,,,,,,,,,,,,,,,,,,,,,,,,,,,,,1.0,,,,,,,,,,,,,2.0,same,0.0,"[-183.59, 247.09]","[[-183.59, 247.09], [58.54, -100.8]]","[""yellow"", ""blue""]","[""yellow"", ""blue""]",yellow,yellow,s,same,2.0,1.0
013,013_T1_20260520_150729,PA,T1,standard,hci_substudy_v2,1,telemetry_v4,change_detection,4,practice_cd,practice,1,4,4,practice,N2_change,1779260849,60.182,2026-05-20T15:20:03.748,0,0,0,1,745695.81,745716.236,,,,,j,,0,1104.573,,incorrect,0.0,749295.81,749375.869,750499.998,4000,1124.129,750649.998,"[{""stage_name"": ""fixation"", ""planned_duration_ms"": 100, ""intended_onset_ms"": 745695.81, ""actual_onset_global_ms"": 745716.236, ""actual_offset_global_ms"": 745817.573, ""actual_duration_ms"": 101.337}, {""stage_name"": ""memory_array"", ""planned_duration_ms"": 2500, ""intended_onset_ms"": 745795.81, ""actual_onset_global_ms"": 745861.657, ""actual_offset_global_ms"": 748323.188, ""actual_duration_ms"": 2461.531}, {""stage_name"": ""delay"", ""planned_duration_ms"": 1000, ""intended_onset_ms"": 748323.188, ""actual_onset_global_ms"": 748329.32, ""actual_offset_global_ms"": 749340.166, ""actual_duration_ms"": 1010.846}, {""stage_name"": ""test_array"", ""planned_duration_ms"": 4000, ""intended_onset_ms"": 749340.166, ""actual_onset_global_ms"": 749375.869, ""actual_offset_global_ms"": 750499.998, ""actual_duration_ms"": 1124.129}, {""stage_name"": ""feedback"", ""planned_duration_ms"": 150, ""intended_onset_ms"": 750499.998, ""actual_onset_global_ms"": 750532.72, ""actual_offset_global_ms"": 750676.438, ""actual_duration_ms"": 143.718}]",incorrect.wav,750500.658,150.0,751000.658,,,,,,,,,,,,,,,,,,,,,,,,,,,,,,,,,,,,,,,,,,,,,,0.0,,,,,,,,,,,,,2.0,change,1.0,"[-120.33, 113.47]","[[53.96, 91.65], [-120.33, 113.47]]","[""red"", ""green""]","[""red"", ""yellow""]",green,yellow,s,same,3.0,1.0
013,013_T1_20260520_150729,PA,T1,standard,hci_substudy_v2,1,telemetry_v4,change_detection,4,practice_cd,practice,1,5,5,practice,N2_same,1779260849,60.182,2026-05-20T15:20:08.723,0,0,0,1,750669.659,750692.571,,,,,s,,0,1822.708,,incorrect,0.0,754269.659,754378.889,756229.135,4000,1850.246,756379.135,"[{""stage_name"": ""fixation"", ""planned_duration_ms"": 100, ""intended_onset_ms"": 750669.659, ""actual_onset_global_ms"": 750692.571, ""actual_offset_global_ms"": 750799.119, ""actual_duration_ms"": 106.548}, {""stage_name"": ""memory_array"", ""planned_duration_ms"": 2500, ""intended_onset_ms"": 750769.659, ""actual_onset_global_ms"": 750832.506, ""actual_offset_global_ms"": 753332.5, ""actual_duration_ms"": 2499.994}, {""stage_name"": ""delay"", ""planned_duration_ms"": 1000, ""intended_onset_ms"": 753332.5, ""actual_onset_global_ms"": 753329.034, ""actual_offset_global_ms"": 754339.774, ""actual_duration_ms"": 1010.74}, {""stage_name"": ""test_array"", ""planned_duration_ms"": 4000, ""intended_onset_ms"": 754339.774, ""actual_onset_global_ms"": 754378.889, ""actual_offset_global_ms"": 756229.135, ""actual_duration_ms"": 1850.246}, {""stage_name"": ""feedback"", ""planned_duration_ms"": 150, ""intended_onset_ms"": 756229.135, ""actual_onset_global_ms"": 756250.507, ""actual_offset_global_ms"": 756416.276, ""actual_duration_ms"": 165.769}]",incorrect.wav,756229.76,150.0,756729.76,,,,,,,,,,,,,,,,,,,,,,,,,,,,,,,,,,,,,,,,,,,,,,0.0,,,,,,,,,,,,,2.0,same,0.0,"[50.1, -97.09]","[[50.1, -97.09], [14.3, 148.75]]","[""green"", ""purple""]","[""green"", ""purple""]",green,green,j,change,2.0,1.0
013,013_T1_20260520_150729,PA,T1,standard,hci_substudy_v2,1,telemetry_v4,change_detection,4,practice_cd,practice,1,6,6,practice,N1_same,1779260849,60.182,2026-05-20T15:20:14.462,0,0,0,1,756409.311,756426.015,,,,,s,,1,7568.208,,correct,0.0,760009.311,760100.282,767690.951,4000,7590.669,767840.951,"[{""stage_name"": ""fixation"", ""planned_duration_ms"": 100, ""intended_onset_ms"": 756409.311, ""actual_onset_global_ms"": 756426.015, ""actual_offset_global_ms"": 756533.206, ""actual_duration_ms"": 107.191}, {""stage_name"": ""memory_array"", ""planned_duration_ms"": 2500, ""intended_onset_ms"": 756509.311, ""actual_onset_global_ms"": 756550.612, ""actual_offset_global_ms"": 759065.972, ""actual_duration_ms"": 2515.36}, {""stage_name"": ""delay"", ""planned_duration_ms"": 1000, ""intended_onset_ms"": 759065.972, ""actual_onset_global_ms"": 759062.305, ""actual_offset_global_ms"": 760073.564, ""actual_duration_ms"": 1011.259}, {""stage_name"": ""test_array"", ""planned_duration_ms"": 4000, ""intended_onset_ms"": 760073.564, ""actual_onset_global_ms"": 760100.282, ""actual_offset_global_ms"": 767690.951, ""actual_duration_ms"": 7590.669}, {""stage_name"": ""feedback"", ""planned_duration_ms"": 150, ""intended_onset_ms"": 767690.951, ""actual_onset_global_ms"": 767715.032, ""actual_offset_global_ms"": 767870.508, ""actual_duration_ms"": 155.476}]",correct.wav,767691.569,150.0,768191.569,,,,,,,,,,,,,,,,,,,,,,,,,,,,,,,,,,,,,,,,,,,,,,1.0,,,,,,,,,,,,,1.0,same,0.0,"[-207.47, 67.32]","[[-207.47, 67.32]]","[""yellow""]","[""yellow""]",yellow,yellow,s,same,1.0,1.0
013,013_T1_20260520_150729,PA,T1,standard,hci_substudy_v2,1,telemetry_v4,change_detection,4,practice_cd,practice,1,7,7,practice,N2_change,1779260849,60.182,2026-05-20T15:20:25.916,0,0,0,1,767863.365,767887.115,,,,,j,,0,5146.262,,incorrect,0.0,771463.365,771571.723,776741.305,4000,5169.582,776891.305,"[{""stage_name"": ""fixation"", ""planned_duration_ms"": 100, ""intended_onset_ms"": 767863.365, ""actual_onset_global_ms"": 767887.115, ""actual_offset_global_ms"": 767984.392, ""actual_duration_ms"": 97.277}, {""stage_name"": ""memory_array"", ""planned_duration_ms"": 2500, ""intended_onset_ms"": 767963.365, ""actual_onset_global_ms"": 768005.914, ""actual_offset_global_ms"": 770524.648, ""actual_duration_ms"": 2518.734}, {""stage_name"": ""delay"", ""planned_duration_ms"": 1000, ""intended_onset_ms"": 770524.648, ""actual_onset_global_ms"": 770522.955, ""actual_offset_global_ms"": 771539.862, ""actual_duration_ms"": 1016.907}, {""stage_name"": ""test_array"", ""planned_duration_ms"": 4000, ""intended_onset_ms"": 771539.862, ""actual_onset_global_ms"": 771571.723, ""actual_offset_global_ms"": 776741.305, ""actual_duration_ms"": 5169.582}, {""stage_name"": ""feedback"", ""planned_duration_ms"": 150, ""intended_onset_ms"": 776741.305, ""actual_onset_global_ms"": 776766.137, ""actual_offset_global_ms"": 776927.857, ""actual_duration_ms"": 161.72}]",incorrect.wav,776742.235,150.0,777242.235,,,,,,,,,,,,,,,,,,,,,,,,,,,,,,,,,,,,,,,,,,,,,,0.0,,,,,,,,,,,,,2.0,change,0.0,"[-222.52, -122.67]","[[-222.52, -122.67], [203.28, 134.15]]","[""blue"", ""green""]","[""red"", ""green""]",blue,red,s,same,3.0,1.0
013,013_T1_20260520_150729,PA,T1,standard,hci_substudy_v2,1,telemetry_v4,change_detection,4,practice_cd,practice,1,8,8,practice,N1_change,1779260849,60.182,2026-05-20T15:20:34.974,0,0,0,1,776920.562,776939.194,,,,,j,,0,2390.093,,incorrect,0.0,780520.562,780587.494,783024.333,4000,2436.839,783174.333,"[{""stage_name"": ""fixation"", ""planned_duration_ms"": 100, ""intended_onset_ms"": 776920.562, ""actual_onset_global_ms"": 776939.194, ""actual_offset_global_ms"": 777049.725, ""actual_duration_ms"": 110.531}, {""stage_name"": ""memory_array"", ""planned_duration_ms"": 2500, ""intended_onset_ms"": 777020.562, ""actual_onset_global_ms"": 777073.569, ""actual_offset_global_ms"": 779557.873, ""actual_duration_ms"": 2484.304}, {""stage_name"": ""delay"", ""planned_duration_ms"": 1000, ""intended_onset_ms"": 779557.873, ""actual_onset_global_ms"": 779556.661, ""actual_offset_global_ms"": 780560.84, ""actual_duration_ms"": 1004.179}, {""stage_name"": ""test_array"", ""planned_duration_ms"": 4000, ""intended_onset_ms"": 780560.84, ""actual_onset_global_ms"": 780587.494, ""actual_offset_global_ms"": 783024.333, ""actual_duration_ms"": 2436.839}, {""stage_name"": ""feedback"", ""planned_duration_ms"": 150, ""intended_onset_ms"": 783024.333, ""actual_onset_global_ms"": 783049.571, ""actual_offset_global_ms"": 783198.55, ""actual_duration_ms"": 148.979}]",incorrect.wav,783025.12,150.0,783525.12,,,,,,,,,,,,,,,,,,,,,,,,,,,,,,,,,,,,,,,,,,,,,,0.0,,,,,,,,,,,,,1.0,change,0.0,"[-52.1, 197.69]","[[-52.1, 197.69]]","[""blue""]","[""purple""]",blue,purple,s,same,1.0,1.0
013,013_T1_20260520_150729,PA,T1,standard,hci_substudy_v2,1,telemetry_v4,change_detection,4,practice_cd,practice,1,1,9,practice,N2_change,1779260849,60.182,2026-05-20T15:20:50.628,0,0,0,2,792574.214,792592.664,,,,,j,,1,2151.386,,correct,1.0,796174.214,796265.028,798461.413,4000,2196.385,798611.413,"[{""stage_name"": ""fixation"", ""planned_duration_ms"": 100, ""intended_onset_ms"": 792574.214, ""actual_onset_global_ms"": 792592.664, ""actual_offset_global_ms"": 792696.432, ""actual_duration_ms"": 103.768}, {""stage_name"": ""memory_array"", ""planned_duration_ms"": 2500, ""intended_onset_ms"": 792674.214, ""actual_onset_global_ms"": 792727.667, ""actual_offset_global_ms"": 795215.314, ""actual_duration_ms"": 2487.647}, {""stage_name"": ""delay"", ""planned_duration_ms"": 1000, ""intended_onset_ms"": 795215.314, ""actual_onset_global_ms"": 795209.826, ""actual_offset_global_ms"": 796222.734, ""actual_duration_ms"": 1012.908}, {""stage_name"": ""test_array"", ""planned_duration_ms"": 4000, ""intended_onset_ms"": 796222.734, ""actual_onset_global_ms"": 796265.028, ""actual_offset_global_ms"": 798461.413, ""actual_duration_ms"": 2196.385}, {""stage_name"": ""feedback"", ""planned_duration_ms"": 150, ""intended_onset_ms"": 798461.413, ""actual_onset_global_ms"": 798482.525, ""actual_offset_global_ms"": 798639.401, ""actual_duration_ms"": 156.876}]",correct.wav,798461.946,150.0,798961.946,,,,,,,,,,,,,,,,,,,,,,,,,,,,,,,,,,,,,,,,,,,,,,1.0,,,,,,,,,,,,,2.0,change,1.0,"[-12.18, -199.07]","[[224.11, -43.1], [-12.18, -199.07]]","[""yellow"", ""green""]","[""yellow"", ""red""]",green,red,j,change,2.0,1.0
013,013_T1_20260520_150729,PA,T1,standard,hci_substudy_v2,1,telemetry_v4,change_detection,4,practice_cd,practice,1,2,10,practice,N2_same,1779260849,60.182,2026-05-20T15:20:56.683,0,0,0,2,798629.954,798645.991,,,,,s,,0,2120.41,,incorrect,1.0,802229.954,802338.059,804494.712,4000,2156.653,804644.712,"[{""stage_name"": ""fixation"", ""planned_duration_ms"": 100, ""intended_onset_ms"": 798629.954, ""actual_onset_global_ms"": 798645.991, ""actual_offset_global_ms"": 798758.877, ""actual_duration_ms"": 112.886}, {""stage_name"": ""memory_array"", ""planned_duration_ms"": 2500, ""intended_onset_ms"": 798729.954, ""actual_onset_global_ms"": 798788.478, ""actual_offset_global_ms"": 801291.174, ""actual_duration_ms"": 2502.696}, {""stage_name"": ""delay"", ""planned_duration_ms"": 1000, ""intended_onset_ms"": 801291.174, ""actual_onset_global_ms"": 801289.153, ""actual_offset_global_ms"": 802306.121, ""actual_duration_ms"": 1016.968}, {""stage_name"": ""test_array"", ""planned_duration_ms"": 4000, ""intended_onset_ms"": 802306.121, ""actual_onset_global_ms"": 802338.059, ""actual_offset_global_ms"": 804494.712, ""actual_duration_ms"": 2156.653}, {""stage_name"": ""feedback"", ""planned_duration_ms"": 150, ""intended_onset_ms"": 804494.712, ""actual_onset_global_ms"": 804515.785, ""actual_offset_global_ms"": 804676.964, ""actual_duration_ms"": 161.179}]",incorrect.wav,804495.268,150.0,804995.268,,,,,,,,,,,,,,,,,,,,,,,,,,,,,,,,,,,,,,,,,,,,,,0.0,,,,,,,,,,,,,2.0,same,0.0,"[-254.5, -252.19]","[[-254.5, -252.19], [207.46, -226.49]]","[""red"", ""blue""]","[""red"", ""blue""]",red,red,j,change,2.0,1.0
013,013_T1_20260520_150729,PA,T1,standard,hci_substudy_v2,1,telemetry_v4,change_detection,4,practice_cd,practice,1,3,11,practice,N1_change,1779260849,60.182,2026-05-20T15:21:02.722,0,0,0,2,804668.912,804687.481,,,,,j,,1,2208.917,,correct,1.0,808268.912,808359.37,810607.252,4000,2247.882,810757.252,"[{""stage_name"": ""fixation"", ""planned_duration_ms"": 100, ""intended_onset_ms"": 804668.912, ""actual_onset_global_ms"": 804687.481, ""actual_offset_global_ms"": 804799.241, ""actual_duration_ms"": 111.76}, {""stage_name"": ""memory_array"", ""planned_duration_ms"": 2500, ""intended_onset_ms"": 804768.912, ""actual_onset_global_ms"": 804824.346, ""actual_offset_global_ms"": 807331.659, ""actual_duration_ms"": 2507.313}, {""stage_name"": ""delay"", ""planned_duration_ms"": 1000, ""intended_onset_ms"": 807331.659, ""actual_onset_global_ms"": 807328.515, ""actual_offset_global_ms"": 808339.415, ""actual_duration_ms"": 1010.9}, {""stage_name"": ""test_array"", ""planned_duration_ms"": 4000, ""intended_onset_ms"": 808339.415, ""actual_onset_global_ms"": 808359.37, ""actual_offset_global_ms"": 810607.252, ""actual_duration_ms"": 2247.882}, {""stage_name"": ""feedback"", ""planned_duration_ms"": 150, ""intended_onset_ms"": 810607.252, ""actual_onset_global_ms"": 810632.07, ""actual_offset_global_ms"": 810788.903, ""actual_duration_ms"": 156.833}]",correct.wav,810608.208,150.0,811108.208,,,,,,,,,,,,,,,,,,,,,,,,,,,,,,,,,,,,,,,,,,,,,,1.0,,,,,,,,,,,,,1.0,change,0.0,"[-195.8, 18.7]","[[-195.8, 18.7]]","[""blue""]","[""purple""]",blue,purple,j,change,1.0,1.0
013,013_T1_20260520_150729,PA,T1,standard,hci_substudy_v2,1,telemetry_v4,change_detection,4,practice_cd,practice,1,4,12,practice,N2_change,1779260849,60.182,2026-05-20T15:21:08.835,0,0,0,2,810781.458,810799.085,,,,,j,,1,11776.038,,correct,1.0,814381.458,814546.52,826339.038,4000,11792.518,826489.038,"[{""stage_name"": ""fixation"", ""planned_duration_ms"": 100, ""intended_onset_ms"": 810781.458, ""actual_onset_global_ms"": 810799.085, ""actual_offset_global_ms"": 810913.164, ""actual_duration_ms"": 114.079}, {""stage_name"": ""memory_array"", ""planned_duration_ms"": 2500, ""intended_onset_ms"": 810881.458, ""actual_onset_global_ms"": 810947.083, ""actual_offset_global_ms"": 813485.614, ""actual_duration_ms"": 2538.531}, {""stage_name"": ""delay"", ""planned_duration_ms"": 1000, ""intended_onset_ms"": 813485.614, ""actual_onset_global_ms"": 813485.204, ""actual_offset_global_ms"": 814505.871, ""actual_duration_ms"": 1020.667}, {""stage_name"": ""test_array"", ""planned_duration_ms"": 4000, ""intended_onset_ms"": 814505.871, ""actual_onset_global_ms"": 814546.52, ""actual_offset_global_ms"": 826339.038, ""actual_duration_ms"": 11792.518}, {""stage_name"": ""feedback"", ""planned_duration_ms"": 150, ""intended_onset_ms"": 826339.038, ""actual_onset_global_ms"": 826360.554, ""actual_offset_global_ms"": 826517.422, ""actual_duration_ms"": 156.868}]",correct.wav,826339.752,150.0,826839.752,,,,,,,,,,,,,,,,,,,,,,,,,,,,,,,,,,,,,,,,,,,,,,1.0,,,,,,,,,,,,,2.0,change,0.0,"[248.39, -202.2]","[[248.39, -202.2], [-148.94, -88.54]]","[""yellow"", ""blue""]","[""green"", ""blue""]",yellow,green,j,change,4.0,1.0
013,013_T1_20260520_150729,PA,T1,standard,hci_substudy_v2,1,telemetry_v4,change_detection,4,practice_cd,practice,1,5,13,practice,N2_same,1779260849,60.182,2026-05-20T15:21:24.564,0,0,0,2,826511.106,826535.884,,,,,s,,0,3241.497,,incorrect,1.0,830111.106,830225.461,833509.775,4000,3284.314,833659.775,"[{""stage_name"": ""fixation"", ""planned_duration_ms"": 100, ""intended_onset_ms"": 826511.106, ""actual_onset_global_ms"": 826535.884, ""actual_offset_global_ms"": 826631.317, ""actual_duration_ms"": 95.433}, {""stage_name"": ""memory_array"", ""planned_duration_ms"": 2500, ""intended_onset_ms"": 826611.106, ""actual_onset_global_ms"": 826666.643, ""actual_offset_global_ms"": 829178.955, ""actual_duration_ms"": 2512.312}, {""stage_name"": ""delay"", ""planned_duration_ms"": 1000, ""intended_onset_ms"": 829178.955, ""actual_onset_global_ms"": 829176.462, ""actual_offset_global_ms"": 830188.982, ""actual_duration_ms"": 1012.52}, {""stage_name"": ""test_array"", ""planned_duration_ms"": 4000, ""intended_onset_ms"": 830188.982, ""actual_onset_global_ms"": 830225.461, ""actual_offset_global_ms"": 833509.775, ""actual_duration_ms"": 3284.314}, {""stage_name"": ""feedback"", ""planned_duration_ms"": 150, ""intended_onset_ms"": 833509.775, ""actual_onset_global_ms"": 833532.182, ""actual_offset_global_ms"": 833690.524, ""actual_duration_ms"": 158.342}]",incorrect.wav,833510.425,150.0,834010.425,,,,,,,,,,,,,,,,,,,,,,,,,,,,,,,,,,,,,,,,,,,,,,0.0,,,,,,,,,,,,,2.0,same,0.0,"[238.7, -37.39]","[[238.7, -37.39], [-191.33, -195.86]]","[""green"", ""yellow""]","[""green"", ""yellow""]",green,green,j,change,2.0,1.0
013,013_T1_20260520_150729,PA,T1,standard,hci_substudy_v2,1,telemetry_v4,change_detection,4,practice_cd,practice,1,6,14,practice,N1_same,1779260849,60.182,2026-05-20T15:21:31.738,0,0,0,2,833683.99,833704.752,,,,,s,,1,839.391,,correct,1.0,837283.99,837345.418,838205.347,4000,859.929,838355.347,"[{""stage_name"": ""fixation"", ""planned_duration_ms"": 100, ""intended_onset_ms"": 833683.99, ""actual_onset_global_ms"": 833704.752, ""actual_offset_global_ms"": 833800.506, ""actual_duration_ms"": 95.754}, {""stage_name"": ""memory_array"", ""planned_duration_ms"": 2500, ""intended_onset_ms"": 833783.99, ""actual_onset_global_ms"": 833820.579, ""actual_offset_global_ms"": 836311.212, ""actual_duration_ms"": 2490.633}, {""stage_name"": ""delay"", ""planned_duration_ms"": 1000, ""intended_onset_ms"": 836311.212, ""actual_onset_global_ms"": 836308.922, ""actual_offset_global_ms"": 837322.647, ""actual_duration_ms"": 1013.725}, {""stage_name"": ""test_array"", ""planned_duration_ms"": 4000, ""intended_onset_ms"": 837322.647, ""actual_onset_global_ms"": 837345.418, ""actual_offset_global_ms"": 838205.347, ""actual_duration_ms"": 859.929}, {""stage_name"": ""feedback"", ""planned_duration_ms"": 150, ""intended_onset_ms"": 838205.347, ""actual_onset_global_ms"": 838230.697, ""actual_offset_global_ms"": 838384.867, ""actual_duration_ms"": 154.17}]",correct.wav,838206.132,150.0,838706.132,,,,,,,,,,,,,,,,,,,,,,,,,,,,,,,,,,,,,,,,,,,,,,1.0,,,,,,,,,,,,,1.0,same,0.0,"[179.71, -6.77]","[[179.71, -6.77]]","[""blue""]","[""blue""]",blue,blue,s,same,1.0,1.0
013,013_T1_20260520_150729,PA,T1,standard,hci_substudy_v2,1,telemetry_v4,change_detection,4,practice_cd,practice,1,7,15,practice,N1_same,1779260849,60.182,2026-05-20T15:21:36.431,0,0,0,2,838378.341,838406.204,,,,,s,,1,1265.552,,correct,1.0,841978.341,842084.129,843388.701,4000,1304.572,843538.701,"[{""stage_name"": ""fixation"", ""planned_duration_ms"": 100, ""intended_onset_ms"": 838378.341, ""actual_onset_global_ms"": 838406.204, ""actual_offset_global_ms"": 838515.024, ""actual_duration_ms"": 108.82}, {""stage_name"": ""memory_array"", ""planned_duration_ms"": 2500, ""intended_onset_ms"": 838478.341, ""actual_onset_global_ms"": 838533.778, ""actual_offset_global_ms"": 841042.776, ""actual_duration_ms"": 2508.998}, {""stage_name"": ""delay"", ""planned_duration_ms"": 1000, ""intended_onset_ms"": 841042.776, ""actual_onset_global_ms"": 841040.811, ""actual_offset_global_ms"": 842056.725, ""actual_duration_ms"": 1015.914}, {""stage_name"": ""test_array"", ""planned_duration_ms"": 4000, ""intended_onset_ms"": 842056.725, ""actual_onset_global_ms"": 842084.129, ""actual_offset_global_ms"": 843388.701, ""actual_duration_ms"": 1304.572}, {""stage_name"": ""feedback"", ""planned_duration_ms"": 150, ""intended_onset_ms"": 843388.701, ""actual_onset_global_ms"": 843408.245, ""actual_offset_global_ms"": 843569.961, ""actual_duration_ms"": 161.716}]",correct.wav,843389.374,150.0,843889.374,,,,,,,,,,,,,,,,,,,,,,,,,,,,,,,,,,,,,,,,,,,,,,1.0,,,,,,,,,,,,,1.0,same,0.0,"[177.5, 107.0]","[[177.5, 107.0]]","[""yellow""]","[""yellow""]",yellow,yellow,s,same,1.0,1.0
013,013_T1_20260520_150729,PA,T1,standard,hci_substudy_v2,1,telemetry_v4,change_detection,4,practice_cd,practice,1,8,16,practice,N1_change,1779260849,60.182,2026-05-20T15:21:41.616,0,0,0,2,843562.99,843581.351,,,,,j,,1,1849.775,,correct,1.0,847162.99,847245.9,849111.296,4000,1865.396,849261.296,"[{""stage_name"": ""fixation"", ""planned_duration_ms"": 100, ""intended_onset_ms"": 843562.99, ""actual_onset_global_ms"": 843581.351, ""actual_offset_global_ms"": 843689.859, ""actual_duration_ms"": 108.508}, {""stage_name"": ""memory_array"", ""planned_duration_ms"": 2500, ""intended_onset_ms"": 843662.99, ""actual_onset_global_ms"": 843708.684, ""actual_offset_global_ms"": 846216.318, ""actual_duration_ms"": 2507.634}, {""stage_name"": ""delay"", ""planned_duration_ms"": 1000, ""intended_onset_ms"": 846216.318, ""actual_onset_global_ms"": 846211.435, ""actual_offset_global_ms"": 847221.96, ""actual_duration_ms"": 1010.525}, {""stage_name"": ""test_array"", ""planned_duration_ms"": 4000, ""intended_onset_ms"": 847221.96, ""actual_onset_global_ms"": 847245.9, ""actual_offset_global_ms"": 849111.296, ""actual_duration_ms"": 1865.396}, {""stage_name"": ""feedback"", ""planned_duration_ms"": 150, ""intended_onset_ms"": 849111.296, ""actual_onset_global_ms"": 849133.673, ""actual_offset_global_ms"": 849296.205, ""actual_duration_ms"": 162.532}]",correct.wav,849112.034,150.0,849612.034,,,,,,,,,,,,,,,,,,,,,,,,,,,,,,,,,,,,,,,,,,,,,,1.0,,,,,,,,,,,,,1.0,change,0.0,"[116.62, 130.99]","[[116.62, 130.99]]","[""yellow""]","[""red""]",yellow,red,j,change,1.0,1.0
013,013_T1_20260520_150729,PA,T1,standard,hci_substudy_v2,1,telemetry_v4,change_detection,4,formal_cd,formal,1,1,17,formal,N1_same,1779260849,60.182,2026-05-20T15:21:52.092,0,0,0,2,854038.679,854063.777,,,,,s,,1,1397.521,,,,857638.679,857715.426,859144.91,4000,1429.484,859144.91,"[{""stage_name"": ""fixation"", ""planned_duration_ms"": 100, ""intended_onset_ms"": 854038.679, ""actual_onset_global_ms"": 854063.777, ""actual_offset_global_ms"": 854175.692, ""actual_duration_ms"": 111.915}, {""stage_name"": ""memory_array"", ""planned_duration_ms"": 2500, ""intended_onset_ms"": 854138.679, ""actual_onset_global_ms"": 854194.061, ""actual_offset_global_ms"": 856684.981, ""actual_duration_ms"": 2490.92}, {""stage_name"": ""delay"", ""planned_duration_ms"": 1000, ""intended_onset_ms"": 856684.981, ""actual_onset_global_ms"": 856682.323, ""actual_offset_global_ms"": 857688.682, ""actual_duration_ms"": 1006.359}, {""stage_name"": ""test_array"", ""planned_duration_ms"": 4000, ""intended_onset_ms"": 857688.682, ""actual_onset_global_ms"": 857715.426, ""actual_offset_global_ms"": 859144.91, ""actual_duration_ms"": 1429.484}]",,,,,,,,,,,,,,,,,,,,,,,,,,,,,,,,,,,,,,,,,,,,,,,,,,1.0,,,,,,,,,,,,,1.0,same,0.0,"[151.42, 205.34]","[[151.42, 205.34]]","[""green""]","[""green""]",green,green,s,same,1.0,1.0
013,013_T1_20260520_150729,PA,T1,standard,hci_substudy_v2,1,telemetry_v4,change_detection,4,formal_cd,formal,1,2,18,formal,N2_change,1779260849,60.182,2026-05-20T15:21:57.209,0,0,0,2,859155.413,859173.521,,,,,j,,0,2119.52,,,,862755.413,862865.348,865027.204,4000,2161.856,865027.204,"[{""stage_name"": ""fixation"", ""planned_duration_ms"": 100, ""intended_onset_ms"": 859155.413, ""actual_onset_global_ms"": 859173.521, ""actual_offset_global_ms"": 859286.061, ""actual_duration_ms"": 112.54}, {""stage_name"": ""memory_array"", ""planned_duration_ms"": 2500, ""intended_onset_ms"": 859255.413, ""actual_onset_global_ms"": 859322.865, ""actual_offset_global_ms"": 861809.774, ""actual_duration_ms"": 2486.909}, {""stage_name"": ""delay"", ""planned_duration_ms"": 1000, ""intended_onset_ms"": 861809.774, ""actual_onset_global_ms"": 861809.779, ""actual_offset_global_ms"": 862826.587, ""actual_duration_ms"": 1016.808}, {""stage_name"": ""test_array"", ""planned_duration_ms"": 4000, ""intended_onset_ms"": 862826.587, ""actual_onset_global_ms"": 862865.348, ""actual_offset_global_ms"": 865027.204, ""actual_duration_ms"": 2161.856}]",,,,,,,,,,,,,,,,,,,,,,,,,,,,,,,,,,,,,,,,,,,,,,,,,,0.0,,,,,,,,,,,,,2.0,change,1.0,"[-9.29, -95.72]","[[195.05, -249.88], [-9.29, -95.72]]","[""purple"", ""red""]","[""purple"", ""blue""]",red,blue,s,same,2.0,1.0
013,013_T1_20260520_150729,PA,T1,standard,hci_substudy_v2,1,telemetry_v4,change_detection,4,formal_cd,formal,1,3,19,formal,N4_change,1779260849,60.182,2026-05-20T15:22:03.092,0,0,0,2,865039.763,865064.456,,,,,j,,0,3167.135,,,,868639.763,868790.968,872057.242,4000,3266.274,872057.242,"[{""stage_name"": ""fixation"", ""planned_duration_ms"": 100, ""intended_onset_ms"": 865039.763, ""actual_onset_global_ms"": 865064.456, ""actual_offset_global_ms"": 865170.711, ""actual_duration_ms"": 106.255}, {""stage_name"": ""memory_array"", ""planned_duration_ms"": 2500, ""intended_onset_ms"": 865139.763, ""actual_onset_global_ms"": 865239.012, ""actual_offset_global_ms"": 867702.932, ""actual_duration_ms"": 2463.92}, {""stage_name"": ""delay"", ""planned_duration_ms"": 1000, ""intended_onset_ms"": 867702.932, ""actual_onset_global_ms"": 867708.683, ""actual_offset_global_ms"": 868721.459, ""actual_duration_ms"": 1012.776}, {""stage_name"": ""test_array"", ""planned_duration_ms"": 4000, ""intended_onset_ms"": 868721.459, ""actual_onset_global_ms"": 868790.968, ""actual_offset_global_ms"": 872057.242, ""actual_duration_ms"": 3266.274}]",,,,,,,,,,,,,,,,,,,,,,,,,,,,,,,,,,,,,,,,,,,,,,,,,,0.0,,,,,,,,,,,,,4.0,change,0.0,"[-151.89, 205.17]","[[-151.89, 205.17], [146.01, 108.56], [91.27, -218.21], [211.85, 24.8]]","[""yellow"", ""blue"", ""green"", ""purple""]","[""red"", ""blue"", ""green"", ""purple""]",yellow,red,s,same,6.0,1.0
013,013_T1_20260520_150729,PA,T1,standard,hci_substudy_v2,1,telemetry_v4,change_detection,4,formal_cd,formal,1,4,20,formal,N4_change,1779260849,60.182,2026-05-20T15:22:10.120,0,0,0,2,872067.131,872089.025,,,,,j,,1,1653.446,,,,875667.131,875824.826,877503.242,4000,1678.416,877503.242,"[{""stage_name"": ""fixation"", ""planned_duration_ms"": 100, ""intended_onset_ms"": 872067.131, ""actual_onset_global_ms"": 872089.025, ""actual_offset_global_ms"": 872201.885, ""actual_duration_ms"": 112.86}, {""stage_name"": ""memory_array"", ""planned_duration_ms"": 2500, ""intended_onset_ms"": 872167.131, ""actual_onset_global_ms"": 872266.005, ""actual_offset_global_ms"": 874748.641, ""actual_duration_ms"": 2482.636}, {""stage_name"": ""delay"", ""planned_duration_ms"": 1000, ""intended_onset_ms"": 874748.641, ""actual_onset_global_ms"": 874744.492, ""actual_offset_global_ms"": 875755.0, ""actual_duration_ms"": 1010.508}, {""stage_name"": ""test_array"", ""planned_duration_ms"": 4000, ""intended_onset_ms"": 875755.0, ""actual_onset_global_ms"": 875824.826, ""actual_offset_global_ms"": 877503.242, ""actual_duration_ms"": 1678.416}]",,,,,,,,,,,,,,,,,,,,,,,,,,,,,,,,,,,,,,,,,,,,,,,,,,1.0,,,,,,,,,,,,,4.0,change,3.0,"[-255.17, -154.98]","[[-103.64, -225.11], [153.6, -190.16], [-119.41, 113.93], [-255.17, -154.98]]","[""green"", ""blue"", ""red"", ""yellow""]","[""green"", ""blue"", ""red"", ""purple""]",yellow,purple,j,change,4.0,1.0
013,013_T1_20260520_150729,PA,T1,standard,hci_substudy_v2,1,telemetry_v4,change_detection,4,formal_cd,formal,1,5,21,formal,N4_same,1779260849,60.182,2026-05-20T15:22:15.568,0,0,0,2,877513.998,877533.976,,,,,s,,0,11723.677,,,,881113.998,881306.567,893143.903,4000,11837.336,893143.903,"[{""stage_name"": ""fixation"", ""planned_duration_ms"": 100, ""intended_onset_ms"": 877513.998, ""actual_onset_global_ms"": 877533.976, ""actual_offset_global_ms"": 877647.074, ""actual_duration_ms"": 113.098}, {""stage_name"": ""memory_array"", ""planned_duration_ms"": 2500, ""intended_onset_ms"": 877613.998, ""actual_onset_global_ms"": 877712.146, ""actual_offset_global_ms"": 880226.791, ""actual_duration_ms"": 2514.645}, {""stage_name"": ""delay"", ""planned_duration_ms"": 1000, ""intended_onset_ms"": 880226.791, ""actual_onset_global_ms"": 880225.606, ""actual_offset_global_ms"": 881238.495, ""actual_duration_ms"": 1012.889}, {""stage_name"": ""test_array"", ""planned_duration_ms"": 4000, ""intended_onset_ms"": 881238.495, ""actual_onset_global_ms"": 881306.567, ""actual_offset_global_ms"": 893143.903, ""actual_duration_ms"": 11837.336}]",,,,,,,,,,,,,,,,,,,,,,,,,,,,,,,,,,,,,,,,,,,,,,,,,,0.0,,,,,,,,,,,,,4.0,same,0.0,"[187.09, 109.76]","[[187.09, 109.76], [142.4, -191.91], [-199.21, -211.81], [-205.71, -61.4]]","[""purple"", ""blue"", ""red"", ""green""]","[""purple"", ""blue"", ""red"", ""green""]",purple,purple,j,change,4.0,1.0
013,013_T1_20260520_150729,PA,T1,standard,hci_substudy_v2,1,telemetry_v4,change_detection,4,formal_cd,formal,1,6,22,formal,N3_same,1779260849,60.182,2026-05-20T15:22:31.206,0,0,0,2,893152.733,893176.091,,,,,s,,1,4961.802,,,,896752.733,896901.004,901907.77,4000,5006.766,901907.77,"[{""stage_name"": ""fixation"", ""planned_duration_ms"": 100, ""intended_onset_ms"": 893152.733, ""actual_onset_global_ms"": 893176.091, ""actual_offset_global_ms"": 893283.996, ""actual_duration_ms"": 107.905}, {""stage_name"": ""memory_array"", ""planned_duration_ms"": 2500, ""intended_onset_ms"": 893252.733, ""actual_onset_global_ms"": 893344.106, ""actual_offset_global_ms"": 895837.942, ""actual_duration_ms"": 2493.836}, {""stage_name"": ""delay"", ""planned_duration_ms"": 1000, ""intended_onset_ms"": 895837.942, ""actual_onset_global_ms"": 895837.856, ""actual_offset_global_ms"": 896838.023, ""actual_duration_ms"": 1000.167}, {""stage_name"": ""test_array"", ""planned_duration_ms"": 4000, ""intended_onset_ms"": 896838.023, ""actual_onset_global_ms"": 896901.004, ""actual_offset_global_ms"": 901907.77, ""actual_duration_ms"": 5006.766}]",,,,,,,,,,,,,,,,,,,,,,,,,,,,,,,,,,,,,,,,,,,,,,,,,,1.0,,,,,,,,,,,,,3.0,same,0.0,"[-11.93, 217.37]","[[-11.93, 217.37], [-49.28, -106.29], [88.52, 84.24]]","[""blue"", ""red"", ""purple""]","[""blue"", ""red"", ""purple""]",blue,blue,s,same,3.0,1.0
013,013_T1_20260520_150729,PA,T1,standard,hci_substudy_v2,1,telemetry_v4,change_detection,4,formal_cd,formal,1,7,23,formal,N1_change,1779260849,60.182,2026-05-20T15:22:39.969,0,0,0,2,901915.344,901930.984,,,,,j,,0,2544.028,,,,905515.344,905597.692,908192.898,4000,2595.206,908192.898,"[{""stage_name"": ""fixation"", ""planned_duration_ms"": 100, ""intended_onset_ms"": 901915.344, ""actual_onset_global_ms"": 901930.984, ""actual_offset_global_ms"": 902035.508, ""actual_duration_ms"": 104.524}, {""stage_name"": ""memory_array"", ""planned_duration_ms"": 2500, ""intended_onset_ms"": 902015.344, ""actual_onset_global_ms"": 902055.273, ""actual_offset_global_ms"": 904566.3, ""actual_duration_ms"": 2511.027}, {""stage_name"": ""delay"", ""planned_duration_ms"": 1000, ""intended_onset_ms"": 904566.3, ""actual_onset_global_ms"": 904561.024, ""actual_offset_global_ms"": 905570.946, ""actual_duration_ms"": 1009.922}, {""stage_name"": ""test_array"", ""planned_duration_ms"": 4000, ""intended_onset_ms"": 905570.946, ""actual_onset_global_ms"": 905597.692, ""actual_offset_global_ms"": 908192.898, ""actual_duration_ms"": 2595.206}]",,,,,,,,,,,,,,,,,,,,,,,,,,,,,,,,,,,,,,,,,,,,,,,,,,0.0,,,,,,,,,,,,,1.0,change,0.0,"[-247.81, -42.48]","[[-247.81, -42.48]]","[""green""]","[""red""]",green,red,s,same,1.0,1.0
013,013_T1_20260520_150729,PA,T1,standard,hci_substudy_v2,1,telemetry_v4,change_detection,4,formal_cd,formal,1,8,24,formal,N4_same,1779260849,60.182,2026-05-20T15:22:46.257,0,0,0,2,908203.837,908223.625,,,,,s,,1,9196.233,,,,911803.837,911940.387,921221.098,4000,9280.711,921221.098,"[{""stage_name"": ""fixation"", ""planned_duration_ms"": 100, ""intended_onset_ms"": 908203.837, ""actual_onset_global_ms"": 908223.625, ""actual_offset_global_ms"": 908334.235, ""actual_duration_ms"": 110.61}, {""stage_name"": ""memory_array"", ""planned_duration_ms"": 2500, ""intended_onset_ms"": 908303.837, ""actual_onset_global_ms"": 908407.29, ""actual_offset_global_ms"": 910854.66, ""actual_duration_ms"": 2447.37}, {""stage_name"": ""delay"", ""planned_duration_ms"": 1000, ""intended_onset_ms"": 910854.66, ""actual_onset_global_ms"": 910861.336, ""actual_offset_global_ms"": 911871.233, ""actual_duration_ms"": 1009.897}, {""stage_name"": ""test_array"", ""planned_duration_ms"": 4000, ""intended_onset_ms"": 911871.233, ""actual_onset_global_ms"": 911940.387, ""actual_offset_global_ms"": 921221.098, ""actual_duration_ms"": 9280.711}]",,,,,,,,,,,,,,,,,,,,,,,,,,,,,,,,,,,,,,,,,,,,,,,,,,1.0,,,,,,,,,,,,,4.0,same,1.0,"[-52.9, -239.24]","[[224.88, 198.13], [-52.9, -239.24], [118.54, 217.12], [-238.5, 190.73]]","[""purple"", ""blue"", ""red"", ""green""]","[""purple"", ""blue"", ""red"", ""green""]",blue,blue,s,same,4.0,1.0
013,013_T1_20260520_150729,PA,T1,standard,hci_substudy_v2,1,telemetry_v4,change_detection,4,formal_cd,formal,1,9,25,formal,N1_same,1779260849,60.182,2026-05-20T15:22:59.282,0,0,0,2,921228.883,921246.44,,,,,s,,0,3625.428,,,,924828.883,924910.032,928555.4,4000,3645.368,928555.4,"[{""stage_name"": ""fixation"", ""planned_duration_ms"": 100, ""intended_onset_ms"": 921228.883, ""actual_onset_global_ms"": 921246.44, ""actual_offset_global_ms"": 921352.682, ""actual_duration_ms"": 106.242}, {""stage_name"": ""memory_array"", ""planned_duration_ms"": 2500, ""intended_onset_ms"": 921328.883, ""actual_onset_global_ms"": 921371.672, ""actual_offset_global_ms"": 923872.124, ""actual_duration_ms"": 2500.452}, {""stage_name"": ""delay"", ""planned_duration_ms"": 1000, ""intended_onset_ms"": 923872.124, ""actual_onset_global_ms"": 923868.501, ""actual_offset_global_ms"": 924887.686, ""actual_duration_ms"": 1019.185}, {""stage_name"": ""test_array"", ""planned_duration_ms"": 4000, ""intended_onset_ms"": 924887.686, ""actual_onset_global_ms"": 924910.032, ""actual_offset_global_ms"": 928555.4, ""actual_duration_ms"": 3645.368}]",,,,,,,,,,,,,,,,,,,,,,,,,,,,,,,,,,,,,,,,,,,,,,,,,,0.0,,,,,,,,,,,,,1.0,same,0.0,"[-156.18, 22.25]","[[-156.18, 22.25]]","[""purple""]","[""purple""]",purple,purple,j,change,1.0,1.0
013,013_T1_20260520_150729,PA,T1,standard,hci_substudy_v2,1,telemetry_v4,change_detection,4,formal_cd,formal,1,10,26,formal,N3_same,1779260849,60.182,2026-05-20T15:23:06.619,0,0,0,2,928564.968,928584.758,,,,,s,,1,3438.853,,,,932164.968,932291.262,935773.182,4000,3481.92,935773.182,"[{""stage_name"": ""fixation"", ""planned_duration_ms"": 100, ""intended_onset_ms"": 928564.968, ""actual_onset_global_ms"": 928584.758, ""actual_offset_global_ms"": 928697.74, ""actual_duration_ms"": 112.982}, {""stage_name"": ""memory_array"", ""planned_duration_ms"": 2500, ""intended_onset_ms"": 928664.968, ""actual_onset_global_ms"": 928753.971, ""actual_offset_global_ms"": 931217.686, ""actual_duration_ms"": 2463.715}, {""stage_name"": ""delay"", ""planned_duration_ms"": 1000, ""intended_onset_ms"": 931217.686, ""actual_onset_global_ms"": 931221.097, ""actual_offset_global_ms"": 932237.764, ""actual_duration_ms"": 1016.667}, {""stage_name"": ""test_array"", ""planned_duration_ms"": 4000, ""intended_onset_ms"": 932237.764, ""actual_onset_global_ms"": 932291.262, ""actual_offset_global_ms"": 935773.182, ""actual_duration_ms"": 3481.92}]",,,,,,,,,,,,,,,,,,,,,,,,,,,,,,,,,,,,,,,,,,,,,,,,,,1.0,,,,,,,,,,,,,3.0,same,1.0,"[-51.54, -183.47]","[[54.89, 238.02], [-51.54, -183.47], [-173.15, -201.73]]","[""yellow"", ""purple"", ""blue""]","[""yellow"", ""purple"", ""blue""]",purple,purple,s,same,4.0,1.0
013,013_T1_20260520_150729,PA,T1,standard,hci_substudy_v2,1,telemetry_v4,change_detection,4,formal_cd,formal,1,11,27,formal,N4_change,1779260849,60.182,2026-05-20T15:23:13.834,0,0,0,2,935780.738,935796.894,,,,,j,,0,4582.237,,,,939380.738,939502.657,944271.017,4000,4768.36,944271.017,"[{""stage_name"": ""fixation"", ""planned_duration_ms"": 100, ""intended_onset_ms"": 935780.738, ""actual_onset_global_ms"": 935796.894, ""actual_offset_global_ms"": 935913.864, ""actual_duration_ms"": 116.97}, {""stage_name"": ""memory_array"", ""planned_duration_ms"": 2500, ""intended_onset_ms"": 935880.738, ""actual_onset_global_ms"": 935979.201, ""actual_offset_global_ms"": 938417.766, ""actual_duration_ms"": 2438.565}, {""stage_name"": ""delay"", ""planned_duration_ms"": 1000, ""intended_onset_ms"": 938417.766, ""actual_onset_global_ms"": 938420.703, ""actual_offset_global_ms"": 939420.963, ""actual_duration_ms"": 1000.26}, {""stage_name"": ""test_array"", ""planned_duration_ms"": 4000, ""intended_onset_ms"": 939420.963, ""actual_onset_global_ms"": 939502.657, ""actual_offset_global_ms"": 944271.017, ""actual_duration_ms"": 4768.36}]",,,,,,,,,,,,,,,,,,,,,,,,,,,,,,,,,,,,,,,,,,,,,,,,,,0.0,,,,,,,,,,,,,4.0,change,3.0,"[-248.5, -206.29]","[[-145.94, -239.4], [73.4, 239.42], [215.55, -134.86], [-248.5, -206.29]]","[""red"", ""green"", ""purple"", ""blue""]","[""red"", ""green"", ""purple"", ""yellow""]",blue,yellow,s,same,9.0,1.0
013,013_T1_20260520_150729,PA,T1,standard,hci_substudy_v2,1,telemetry_v4,change_detection,4,formal_cd,formal,1,12,28,formal,N1_same,1779260849,60.182,2026-05-20T15:23:22.335,0,0,0,2,944282.14,944300.151,,,,,s,,0,1098.672,,,,947882.14,947956.993,949090.227,4000,1133.234,949090.227,"[{""stage_name"": ""fixation"", ""planned_duration_ms"": 100, ""intended_onset_ms"": 944282.14, ""actual_onset_global_ms"": 944300.151, ""actual_offset_global_ms"": 944407.574, ""actual_duration_ms"": 107.423}, {""stage_name"": ""memory_array"", ""planned_duration_ms"": 2500, ""intended_onset_ms"": 944382.14, ""actual_onset_global_ms"": 944424.386, ""actual_offset_global_ms"": 946935.169, ""actual_duration_ms"": 2510.783}, {""stage_name"": ""delay"", ""planned_duration_ms"": 1000, ""intended_onset_ms"": 946935.169, ""actual_onset_global_ms"": 946938.552, ""actual_offset_global_ms"": 947937.453, ""actual_duration_ms"": 998.901}, {""stage_name"": ""test_array"", ""planned_duration_ms"": 4000, ""intended_onset_ms"": 947937.453, ""actual_onset_global_ms"": 947956.993, ""actual_offset_global_ms"": 949090.227, ""actual_duration_ms"": 1133.234}]",,,,,,,,,,,,,,,,,,,,,,,,,,,,,,,,,,,,,,,,,,,,,,,,,,0.0,,,,,,,,,,,,,1.0,same,0.0,"[64.81, 130.03]","[[64.81, 130.03]]","[""purple""]","[""purple""]",purple,purple,j,change,1.0,1.0
013,013_T1_20260520_150729,PA,T1,standard,hci_substudy_v2,1,telemetry_v4,change_detection,4,formal_cd,formal,1,13,29,formal,N1_same,1779260849,60.182,2026-05-20T15:23:27.151,0,0,0,2,949098.302,949114.052,,,,,s,,1,2105.125,,,,952698.302,952791.392,954910.733,4000,2119.341,954910.733,"[{""stage_name"": ""fixation"", ""planned_duration_ms"": 100, ""intended_onset_ms"": 949098.302, ""actual_onset_global_ms"": 949114.052, ""actual_offset_global_ms"": 949231.428, ""actual_duration_ms"": 117.376}, {""stage_name"": ""memory_array"", ""planned_duration_ms"": 2500, ""intended_onset_ms"": 949198.302, ""actual_onset_global_ms"": 949249.659, ""actual_offset_global_ms"": 951754.344, ""actual_duration_ms"": 2504.685}, {""stage_name"": ""delay"", ""planned_duration_ms"": 1000, ""intended_onset_ms"": 951754.344, ""actual_onset_global_ms"": 951754.192, ""actual_offset_global_ms"": 952770.702, ""actual_duration_ms"": 1016.51}, {""stage_name"": ""test_array"", ""planned_duration_ms"": 4000, ""intended_onset_ms"": 952770.702, ""actual_onset_global_ms"": 952791.392, ""actual_offset_global_ms"": 954910.733, ""actual_duration_ms"": 2119.341}]",,,,,,,,,,,,,,,,,,,,,,,,,,,,,,,,,,,,,,,,,,,,,,,,,,1.0,,,,,,,,,,,,,1.0,same,0.0,"[135.79, 156.09]","[[135.79, 156.09]]","[""red""]","[""red""]",red,red,s,same,1.0,1.0
013,013_T1_20260520_150729,PA,T1,standard,hci_substudy_v2,1,telemetry_v4,change_detection,4,formal_cd,formal,1,14,30,formal,N4_same,1779260849,60.182,2026-05-20T15:23:32.974,0,0,0,2,954920.867,954940.594,,,,,s,,0,1971.908,,,,958520.867,958645.956,960670.506,4000,2024.55,960670.506,"[{""stage_name"": ""fixation"", ""planned_duration_ms"": 100, ""intended_onset_ms"": 954920.867, ""actual_onset_global_ms"": 954940.594, ""actual_offset_global_ms"": 955046.201, ""actual_duration_ms"": 105.607}, {""stage_name"": ""memory_array"", ""planned_duration_ms"": 2500, ""intended_onset_ms"": 955020.867, ""actual_onset_global_ms"": 955115.128, ""actual_offset_global_ms"": 957556.547, ""actual_duration_ms"": 2441.419}, {""stage_name"": ""delay"", ""planned_duration_ms"": 1000, ""intended_onset_ms"": 957556.547, ""actual_onset_global_ms"": 957558.701, ""actual_offset_global_ms"": 958571.764, ""actual_duration_ms"": 1013.063}, {""stage_name"": ""test_array"", ""planned_duration_ms"": 4000, ""intended_onset_ms"": 958571.764, ""actual_onset_global_ms"": 958645.956, ""actual_offset_global_ms"": 960670.506, ""actual_duration_ms"": 2024.55}]",,,,,,,,,,,,,,,,,,,,,,,,,,,,,,,,,,,,,,,,,,,,,,,,,,0.0,,,,,,,,,,,,,4.0,same,0.0,"[156.6, -158.2]","[[156.6, -158.2], [-53.03, 180.62], [-89.78, 20.62], [-257.52, -251.2]]","[""yellow"", ""green"", ""red"", ""blue""]","[""yellow"", ""green"", ""red"", ""blue""]",yellow,yellow,j,change,4.0,1.0
013,013_T1_20260520_150729,PA,T1,standard,hci_substudy_v2,1,telemetry_v4,change_detection,4,formal_cd,formal,1,15,31,formal,N3_change,1779260849,60.182,2026-05-20T15:23:38.734,0,0,0,2,960680.977,960696.677,,,,,j,,0,3463.705,,,,964280.977,964434.024,967943.439,4000,3509.415,967943.439,"[{""stage_name"": ""fixation"", ""planned_duration_ms"": 100, ""intended_onset_ms"": 960680.977, ""actual_onset_global_ms"": 960696.677, ""actual_offset_global_ms"": 960814.733, ""actual_duration_ms"": 118.056}, {""stage_name"": ""memory_array"", ""planned_duration_ms"": 2500, ""intended_onset_ms"": 960780.977, ""actual_onset_global_ms"": 960870.145, ""actual_offset_global_ms"": 963370.089, ""actual_duration_ms"": 2499.944}, {""stage_name"": ""delay"", ""planned_duration_ms"": 1000, ""intended_onset_ms"": 963370.089, ""actual_onset_global_ms"": 963370.192, ""actual_offset_global_ms"": 964370.677, ""actual_duration_ms"": 1000.485}, {""stage_name"": ""test_array"", ""planned_duration_ms"": 4000, ""intended_onset_ms"": 964370.677, ""actual_onset_global_ms"": 964434.024, ""actual_offset_global_ms"": 967943.439, ""actual_duration_ms"": 3509.415}]",,,,,,,,,,,,,,,,,,,,,,,,,,,,,,,,,,,,,,,,,,,,,,,,,,0.0,,,,,,,,,,,,,3.0,change,1.0,"[-124.03, 33.58]","[[152.76, 232.36], [-124.03, 33.58], [27.35, -154.84]]","[""red"", ""purple"", ""yellow""]","[""red"", ""blue"", ""yellow""]",purple,blue,s,same,3.0,1.0
013,013_T1_20260520_150729,PA,T1,standard,hci_substudy_v2,1,telemetry_v4,change_detection,4,formal_cd,formal,1,16,32,formal,N1_change,1779260849,60.182,2026-05-20T15:23:46.005,0,0,0,2,967950.891,967968.57,,,,,j,,1,1212.93,,,,971550.891,971628.229,972891.359,4000,1263.13,972891.359,"[{""stage_name"": ""fixation"", ""planned_duration_ms"": 100, ""intended_onset_ms"": 967950.891, ""actual_onset_global_ms"": 967968.57, ""actual_offset_global_ms"": 968070.464, ""actual_duration_ms"": 101.894}, {""stage_name"": ""memory_array"", ""planned_duration_ms"": 2500, ""intended_onset_ms"": 968050.891, ""actual_onset_global_ms"": 968084.368, ""actual_offset_global_ms"": 970595.312, ""actual_duration_ms"": 2510.944}, {""stage_name"": ""delay"", ""planned_duration_ms"": 1000, ""intended_onset_ms"": 970595.312, ""actual_onset_global_ms"": 970590.505, ""actual_offset_global_ms"": 971604.02, ""actual_duration_ms"": 1013.515}, {""stage_name"": ""test_array"", ""planned_duration_ms"": 4000, ""intended_onset_ms"": 971604.02, ""actual_onset_global_ms"": 971628.229, ""actual_offset_global_ms"": 972891.359, ""actual_duration_ms"": 1263.13}]",,,,,,,,,,,,,,,,,,,,,,,,,,,,,,,,,,,,,,,,,,,,,,,,,,1.0,,,,,,,,,,,,,1.0,change,0.0,"[106.52, 140.87]","[[106.52, 140.87]]","[""yellow""]","[""purple""]",yellow,purple,j,change,2.0,1.0
013,013_T1_20260520_150729,PA,T1,standard,hci_substudy_v2,1,telemetry_v4,change_detection,4,formal_cd,formal,1,17,33,formal,N2_same,1779260849,60.182,2026-05-20T15:23:50.953,0,0,0,2,972899.0,972913.444,,,,,s,,1,1251.12,,,,976499.0,976607.767,977926.738,4000,1318.971,977926.738,"[{""stage_name"": ""fixation"", ""planned_duration_ms"": 100, ""intended_onset_ms"": 972899.0, ""actual_onset_global_ms"": 972913.444, ""actual_offset_global_ms"": 973027.783, ""actual_duration_ms"": 114.339}, {""stage_name"": ""memory_array"", ""planned_duration_ms"": 2500, ""intended_onset_ms"": 972999.0, ""actual_onset_global_ms"": 973066.193, ""actual_offset_global_ms"": 975567.44, ""actual_duration_ms"": 2501.247}, {""stage_name"": ""delay"", ""planned_duration_ms"": 1000, ""intended_onset_ms"": 975567.44, ""actual_onset_global_ms"": 975571.935, ""actual_offset_global_ms"": 976570.356, ""actual_duration_ms"": 998.421}, {""stage_name"": ""test_array"", ""planned_duration_ms"": 4000, ""intended_onset_ms"": 976570.356, ""actual_onset_global_ms"": 976607.767, ""actual_offset_global_ms"": 977926.738, ""actual_duration_ms"": 1318.971}]",,,,,,,,,,,,,,,,,,,,,,,,,,,,,,,,,,,,,,,,,,,,,,,,,,1.0,,,,,,,,,,,,,2.0,same,0.0,"[85.67, -98.62]","[[85.67, -98.62], [-174.04, 177.27]]","[""yellow"", ""blue""]","[""yellow"", ""blue""]",yellow,yellow,s,same,2.0,1.0
013,013_T1_20260520_150729,PA,T1,standard,hci_substudy_v2,1,telemetry_v4,change_detection,4,formal_cd,formal,1,18,34,formal,N3_same,1779260849,60.182,2026-05-20T15:23:55.990,0,0,0,2,977936.901,977955.738,,,,,s,,0,6676.26,,,,981536.901,981683.995,988394.482,4000,6710.487,988394.482,"[{""stage_name"": ""fixation"", ""planned_duration_ms"": 100, ""intended_onset_ms"": 977936.901, ""actual_onset_global_ms"": 977955.738, ""actual_offset_global_ms"": 978063.215, ""actual_duration_ms"": 107.477}, {""stage_name"": ""memory_array"", ""planned_duration_ms"": 2500, ""intended_onset_ms"": 978036.901, ""actual_onset_global_ms"": 978115.939, ""actual_offset_global_ms"": 980617.167, ""actual_duration_ms"": 2501.228}, {""stage_name"": ""delay"", ""planned_duration_ms"": 1000, ""intended_onset_ms"": 980617.167, ""actual_onset_global_ms"": 980621.49, ""actual_offset_global_ms"": 981620.52, ""actual_duration_ms"": 999.03}, {""stage_name"": ""test_array"", ""planned_duration_ms"": 4000, ""intended_onset_ms"": 981620.52, ""actual_onset_global_ms"": 981683.995, ""actual_offset_global_ms"": 988394.482, ""actual_duration_ms"": 6710.487}]",,,,,,,,,,,,,,,,,,,,,,,,,,,,,,,,,,,,,,,,,,,,,,,,,,0.0,,,,,,,,,,,,,3.0,same,2.0,"[222.89, 14.67]","[[-259.11, -128.85], [-244.02, 162.33], [222.89, 14.67]]","[""green"", ""red"", ""yellow""]","[""green"", ""red"", ""yellow""]",yellow,yellow,j,change,3.0,1.0
013,013_T1_20260520_150729,PA,T1,standard,hci_substudy_v2,1,telemetry_v4,change_detection,4,formal_cd,formal,1,19,35,formal,N2_same,1779260849,60.182,2026-05-20T15:24:06.456,0,0,0,2,988402.766,988420.97,,,,,s,,1,1913.513,,,,992002.766,992117.483,994092.68,4000,1975.197,994092.68,"[{""stage_name"": ""fixation"", ""planned_duration_ms"": 100, ""intended_onset_ms"": 988402.766, ""actual_onset_global_ms"": 988420.97, ""actual_offset_global_ms"": 988535.491, ""actual_duration_ms"": 114.521}, {""stage_name"": ""memory_array"", ""planned_duration_ms"": 2500, ""intended_onset_ms"": 988502.766, ""actual_onset_global_ms"": 988573.378, ""actual_offset_global_ms"": 991066.985, ""actual_duration_ms"": 2493.607}, {""stage_name"": ""delay"", ""planned_duration_ms"": 1000, ""intended_onset_ms"": 991066.985, ""actual_onset_global_ms"": 991071.515, ""actual_offset_global_ms"": 992074.443, ""actual_duration_ms"": 1002.928}, {""stage_name"": ""test_array"", ""planned_duration_ms"": 4000, ""intended_onset_ms"": 992074.443, ""actual_onset_global_ms"": 992117.483, ""actual_offset_global_ms"": 994092.68, ""actual_duration_ms"": 1975.197}]",,,,,,,,,,,,,,,,,,,,,,,,,,,,,,,,,,,,,,,,,,,,,,,,,,1.0,,,,,,,,,,,,,2.0,same,1.0,"[-125.94, -101.43]","[[-65.94, -198.93], [-125.94, -101.43]]","[""yellow"", ""purple""]","[""yellow"", ""purple""]",purple,purple,s,same,2.0,1.0
013,013_T1_20260520_150729,PA,T1,standard,hci_substudy_v2,1,telemetry_v4,change_detection,4,formal_cd,formal,1,20,36,formal,N2_change,1779260849,60.182,2026-05-20T15:24:12.156,0,0,0,2,994102.79,994124.507,,,,,j,,1,1068.384,,,,997702.79,997808.063,998938.514,4000,1130.451,998938.514,"[{""stage_name"": ""fixation"", ""planned_duration_ms"": 100, ""intended_onset_ms"": 994102.79, ""actual_onset_global_ms"": 994124.507, ""actual_offset_global_ms"": 994229.699, ""actual_duration_ms"": 105.192}, {""stage_name"": ""memory_array"", ""planned_duration_ms"": 2500, ""intended_onset_ms"": 994202.79, ""actual_onset_global_ms"": 994265.184, ""actual_offset_global_ms"": 996763.865, ""actual_duration_ms"": 2498.681}, {""stage_name"": ""delay"", ""planned_duration_ms"": 1000, ""intended_onset_ms"": 996763.865, ""actual_onset_global_ms"": 996759.343, ""actual_offset_global_ms"": 997771.427, ""actual_duration_ms"": 1012.084}, {""stage_name"": ""test_array"", ""planned_duration_ms"": 4000, ""intended_onset_ms"": 997771.427, ""actual_onset_global_ms"": 997808.063, ""actual_offset_global_ms"": 998938.514, ""actual_duration_ms"": 1130.451}]",,,,,,,,,,,,,,,,,,,,,,,,,,,,,,,,,,,,,,,,,,,,,,,,,,1.0,,,,,,,,,,,,,2.0,change,1.0,"[239.02, 32.01]","[[-187.45, -174.32], [239.02, 32.01]]","[""green"", ""purple""]","[""green"", ""yellow""]",purple,yellow,j,change,2.0,1.0
013,013_T1_20260520_150729,PA,T1,standard,hci_substudy_v2,1,telemetry_v4,change_detection,4,formal_cd,formal,1,21,37,formal,N2_change,1779260849,60.182,2026-05-20T15:24:17.005,0,0,0,2,998951.081,998969.824,,,,,j,,0,1288.75,,,,1002551.081,1002673.703,1004026.23,4000,1352.527,1004026.23,"[{""stage_name"": ""fixation"", ""planned_duration_ms"": 100, ""intended_onset_ms"": 998951.081, ""actual_onset_global_ms"": 998969.824, ""actual_offset_global_ms"": 999085.181, ""actual_duration_ms"": 115.357}, {""stage_name"": ""memory_array"", ""planned_duration_ms"": 2500, ""intended_onset_ms"": 999051.081, ""actual_onset_global_ms"": 999123.244, ""actual_offset_global_ms"": 1001627.245, ""actual_duration_ms"": 2504.001}, {""stage_name"": ""delay"", ""planned_duration_ms"": 1000, ""intended_onset_ms"": 1001627.245, ""actual_onset_global_ms"": 1001625.907, ""actual_offset_global_ms"": 1002636.681, ""actual_duration_ms"": 1010.774}, {""stage_name"": ""test_array"", ""planned_duration_ms"": 4000, ""intended_onset_ms"": 1002636.681, ""actual_onset_global_ms"": 1002673.703, ""actual_offset_global_ms"": 1004026.23, ""actual_duration_ms"": 1352.527}]",,,,,,,,,,,,,,,,,,,,,,,,,,,,,,,,,,,,,,,,,,,,,,,,,,0.0,,,,,,,,,,,,,2.0,change,1.0,"[-121.58, -15.11]","[[118.54, -250.65], [-121.58, -15.11]]","[""red"", ""blue""]","[""red"", ""green""]",blue,green,s,same,2.0,1.0
013,013_T1_20260520_150729,PA,T1,standard,hci_substudy_v2,1,telemetry_v4,change_detection,4,formal_cd,formal,1,22,38,formal,N4_change,1779260849,60.182,2026-05-20T15:24:22.088,0,0,0,2,1004035.159,1004055.284,,,,,j,,1,2250.513,,,,1007635.159,1007755.651,1010054.581,4000,2298.93,1010054.581,"[{""stage_name"": ""fixation"", ""planned_duration_ms"": 100, ""intended_onset_ms"": 1004035.159, ""actual_onset_global_ms"": 1004055.284, ""actual_offset_global_ms"": 1004163.657, ""actual_duration_ms"": 108.373}, {""stage_name"": ""memory_array"", ""planned_duration_ms"": 2500, ""intended_onset_ms"": 1004135.159, ""actual_onset_global_ms"": 1004372.467, ""actual_offset_global_ms"": 1006680.954, ""actual_duration_ms"": 2308.487}, {""stage_name"": ""delay"", ""planned_duration_ms"": 1000, ""intended_onset_ms"": 1006680.954, ""actual_onset_global_ms"": 1006679.814, ""actual_offset_global_ms"": 1007686.306, ""actual_duration_ms"": 1006.492}, {""stage_name"": ""test_array"", ""planned_duration_ms"": 4000, ""intended_onset_ms"": 1007686.306, ""actual_onset_global_ms"": 1007755.651, ""actual_offset_global_ms"": 1010054.581, ""actual_duration_ms"": 2298.93}]",,,,,,,,,,,,,,,,,,,,,,,,,,,,,,,,,,,,,,,,,,,,,,,,,,1.0,,,,,,,,,,,,,4.0,change,0.0,"[96.65, 4.09]","[[96.65, 4.09], [101.89, 255.32], [-140.12, -4.95], [-137.49, -127.18]]","[""blue"", ""purple"", ""red"", ""yellow""]","[""green"", ""purple"", ""red"", ""yellow""]",blue,green,j,change,5.0,1.0
013,013_T1_20260520_150729,PA,T1,standard,hci_substudy_v2,1,telemetry_v4,change_detection,4,formal_cd,formal,1,23,39,formal,N3_same,1779260849,60.182,2026-05-20T15:24:28.119,0,0,0,2,1010065.912,1010082.693,,,,,s,,0,1272.954,,,,1013665.912,1013799.046,1015108.01,4000,1308.964,1015108.01,"[{""stage_name"": ""fixation"", ""planned_duration_ms"": 100, ""intended_onset_ms"": 1010065.912, ""actual_onset_global_ms"": 1010082.693, ""actual_offset_global_ms"": 1010193.438, ""actual_duration_ms"": 110.745}, {""stage_name"": ""memory_array"", ""planned_duration_ms"": 2500, ""intended_onset_ms"": 1010165.912, ""actual_onset_global_ms"": 1010243.358, ""actual_offset_global_ms"": 1012717.292, ""actual_duration_ms"": 2473.934}, {""stage_name"": ""delay"", ""planned_duration_ms"": 1000, ""intended_onset_ms"": 1012717.292, ""actual_onset_global_ms"": 1012720.678, ""actual_offset_global_ms"": 1013736.596, ""actual_duration_ms"": 1015.918}, {""stage_name"": ""test_array"", ""planned_duration_ms"": 4000, ""intended_onset_ms"": 1013736.596, ""actual_onset_global_ms"": 1013799.046, ""actual_offset_global_ms"": 1015108.01, ""actual_duration_ms"": 1308.964}]",,,,,,,,,,,,,,,,,,,,,,,,,,,,,,,,,,,,,,,,,,,,,,,,,,0.0,,,,,,,,,,,,,3.0,same,0.0,"[162.56, -163.84]","[[162.56, -163.84], [-171.58, -159.22], [169.49, 22.92]]","[""yellow"", ""purple"", ""green""]","[""yellow"", ""purple"", ""green""]",yellow,yellow,j,change,5.0,1.0
013,013_T1_20260520_150729,PA,T1,standard,hci_substudy_v2,1,telemetry_v4,change_detection,4,formal_cd,formal,1,24,40,formal,N1_same,1779260849,60.182,2026-05-20T15:24:33.175,0,0,0,2,1015121.3,1015141.539,,,,,s,,1,738.792,,,,1018721.3,1018788.934,1019569.542,4000,780.608,1019569.542,"[{""stage_name"": ""fixation"", ""planned_duration_ms"": 100, ""intended_onset_ms"": 1015121.3, ""actual_onset_global_ms"": 1015141.539, ""actual_offset_global_ms"": 1015246.764, ""actual_duration_ms"": 105.225}, {""stage_name"": ""memory_array"", ""planned_duration_ms"": 2500, ""intended_onset_ms"": 1015221.3, ""actual_onset_global_ms"": 1015266.732, ""actual_offset_global_ms"": 1017767.866, ""actual_duration_ms"": 2501.134}, {""stage_name"": ""delay"", ""planned_duration_ms"": 1000, ""intended_onset_ms"": 1017767.866, ""actual_onset_global_ms"": 1017771.241, ""actual_offset_global_ms"": 1018770.271, ""actual_duration_ms"": 999.03}, {""stage_name"": ""test_array"", ""planned_duration_ms"": 4000, ""intended_onset_ms"": 1018770.271, ""actual_onset_global_ms"": 1018788.934, ""actual_offset_global_ms"": 1019569.542, ""actual_duration_ms"": 780.608}]",,,,,,,,,,,,,,,,,,,,,,,,,,,,,,,,,,,,,,,,,,,,,,,,,,1.0,,,,,,,,,,,,,1.0,same,0.0,"[-32.91, 220.17]","[[-32.91, 220.17]]","[""purple""]","[""purple""]",purple,purple,s,same,1.0,1.0
013,013_T1_20260520_150729,PA,T1,standard,hci_substudy_v2,1,telemetry_v4,change_detection,4,formal_cd,formal,1,25,41,formal,N1_change,1779260849,60.182,2026-05-20T15:24:37.631,0,0,0,2,1019578.25,1019595.137,,,,,j,,1,559.5,,,,1023178.25,1023239.752,1023844.487,4000,604.735,1023844.487,"[{""stage_name"": ""fixation"", ""planned_duration_ms"": 100, ""intended_onset_ms"": 1019578.25, ""actual_onset_global_ms"": 1019595.137, ""actual_offset_global_ms"": 1019695.338, ""actual_duration_ms"": 100.201}, {""stage_name"": ""memory_array"", ""planned_duration_ms"": 2500, ""intended_onset_ms"": 1019678.25, ""actual_onset_global_ms"": 1019712.572, ""actual_offset_global_ms"": 1022208.172, ""actual_duration_ms"": 2495.6}, {""stage_name"": ""delay"", ""planned_duration_ms"": 1000, ""intended_onset_ms"": 1022208.172, ""actual_onset_global_ms"": 1022207.403, ""actual_offset_global_ms"": 1023220.129, ""actual_duration_ms"": 1012.726}, {""stage_name"": ""test_array"", ""planned_duration_ms"": 4000, ""intended_onset_ms"": 1023220.129, ""actual_onset_global_ms"": 1023239.752, ""actual_offset_global_ms"": 1023844.487, ""actual_duration_ms"": 604.735}]",,,,,,,,,,,,,,,,,,,,,,,,,,,,,,,,,,,,,,,,,,,,,,,,,,1.0,,,,,,,,,,,,,1.0,change,0.0,"[205.57, -190.73]","[[205.57, -190.73]]","[""yellow""]","[""blue""]",yellow,blue,j,change,1.0,1.0
013,013_T1_20260520_150729,PA,T1,standard,hci_substudy_v2,1,telemetry_v4,change_detection,4,formal_cd,formal,1,26,42,formal,N3_change,1779260849,60.182,2026-05-20T15:24:41.908,0,0,0,2,1023855.79,1023877.141,,,,,j,,1,2634.633,,,,1027455.79,1027574.792,1030225.716,4000,2650.924,1030225.716,"[{""stage_name"": ""fixation"", ""planned_duration_ms"": 100, ""intended_onset_ms"": 1023855.79, ""actual_onset_global_ms"": 1023877.141, ""actual_offset_global_ms"": 1023979.791, ""actual_duration_ms"": 102.65}, {""stage_name"": ""memory_array"", ""planned_duration_ms"": 2500, ""intended_onset_ms"": 1023955.79, ""actual_onset_global_ms"": 1024030.795, ""actual_offset_global_ms"": 1026513.509, ""actual_duration_ms"": 2482.714}, {""stage_name"": ""delay"", ""planned_duration_ms"": 1000, ""intended_onset_ms"": 1026513.509, ""actual_onset_global_ms"": 1026508.12, ""actual_offset_global_ms"": 1027520.074, ""actual_duration_ms"": 1011.954}, {""stage_name"": ""test_array"", ""planned_duration_ms"": 4000, ""intended_onset_ms"": 1027520.074, ""actual_onset_global_ms"": 1027574.792, ""actual_offset_global_ms"": 1030225.716, ""actual_duration_ms"": 2650.924}]",,,,,,,,,,,,,,,,,,,,,,,,,,,,,,,,,,,,,,,,,,,,,,,,,,1.0,,,,,,,,,,,,,3.0,change,2.0,"[233.7, 31.27]","[[-243.49, -58.24], [85.85, 256.61], [233.7, 31.27]]","[""yellow"", ""green"", ""red""]","[""yellow"", ""green"", ""purple""]",red,purple,j,change,3.0,1.0
013,013_T1_20260520_150729,PA,T1,standard,hci_substudy_v2,1,telemetry_v4,change_detection,4,formal_cd,formal,1,27,43,formal,N4_change,1779260849,60.182,2026-05-20T15:24:48.291,0,0,0,2,1030237.814,1030256.089,,,,,j,,0,1040.724,,,,1033837.814,1033988.033,1035042.09,4000,1054.057,1035042.09,"[{""stage_name"": ""fixation"", ""planned_duration_ms"": 100, ""intended_onset_ms"": 1030237.814, ""actual_onset_global_ms"": 1030256.089, ""actual_offset_global_ms"": 1030374.588, ""actual_duration_ms"": 118.499}, {""stage_name"": ""memory_array"", ""planned_duration_ms"": 2500, ""intended_onset_ms"": 1030337.814, ""actual_onset_global_ms"": 1030452.306, ""actual_offset_global_ms"": 1032913.346, ""actual_duration_ms"": 2461.04}, {""stage_name"": ""delay"", ""planned_duration_ms"": 1000, ""intended_onset_ms"": 1032913.346, ""actual_onset_global_ms"": 1032913.677, ""actual_offset_global_ms"": 1033919.434, ""actual_duration_ms"": 1005.757}, {""stage_name"": ""test_array"", ""planned_duration_ms"": 4000, ""intended_onset_ms"": 1033919.434, ""actual_onset_global_ms"": 1033988.033, ""actual_offset_global_ms"": 1035042.09, ""actual_duration_ms"": 1054.057}]",,,,,,,,,,,,,,,,,,,,,,,,,,,,,,,,,,,,,,,,,,,,,,,,,,0.0,,,,,,,,,,,,,4.0,change,2.0,"[-177.97, -188.93]","[[-125.15, -60.85], [111.06, 44.09], [-177.97, -188.93], [11.8, 175.42]]","[""blue"", ""red"", ""purple"", ""yellow""]","[""blue"", ""red"", ""green"", ""yellow""]",purple,green,s,same,4.0,1.0
013,013_T1_20260520_150729,PA,T1,standard,hci_substudy_v2,1,telemetry_v4,change_detection,4,formal_cd,formal,1,28,44,formal,N3_same,1779260849,60.182,2026-05-20T15:24:53.107,0,0,0,2,1035053.544,1035072.684,,,,,s,,0,943.644,,,,1038653.544,1038776.667,1039793.709,4000,1017.042,1039793.709,"[{""stage_name"": ""fixation"", ""planned_duration_ms"": 100, ""intended_onset_ms"": 1035053.544, ""actual_onset_global_ms"": 1035072.684, ""actual_offset_global_ms"": 1035178.207, ""actual_duration_ms"": 105.523}, {""stage_name"": ""memory_array"", ""planned_duration_ms"": 2500, ""intended_onset_ms"": 1035153.544, ""actual_onset_global_ms"": 1035234.749, ""actual_offset_global_ms"": 1037716.047, ""actual_duration_ms"": 2481.298}, {""stage_name"": ""delay"", ""planned_duration_ms"": 1000, ""intended_onset_ms"": 1037716.047, ""actual_onset_global_ms"": 1037709.563, ""actual_offset_global_ms"": 1038722.5, ""actual_duration_ms"": 1012.937}, {""stage_name"": ""test_array"", ""planned_duration_ms"": 4000, ""intended_onset_ms"": 1038722.5, ""actual_onset_global_ms"": 1038776.667, ""actual_offset_global_ms"": 1039793.709, ""actual_duration_ms"": 1017.042}]",,,,,,,,,,,,,,,,,,,,,,,,,,,,,,,,,,,,,,,,,,,,,,,,,,0.0,,,,,,,,,,,,,3.0,same,0.0,"[-88.64, 42.12]","[[-88.64, 42.12], [17.22, 99.1], [-151.91, -76.52]]","[""blue"", ""green"", ""purple""]","[""blue"", ""green"", ""purple""]",blue,blue,j,change,4.0,1.0
013,013_T1_20260520_150729,PA,T1,standard,hci_substudy_v2,1,telemetry_v4,change_detection,4,formal_cd,formal,1,29,45,formal,N3_change,1779260849,60.182,2026-05-20T15:24:57.857,0,0,0,2,1039803.117,1039819.526,,,,,j,,0,3364.104,,,,1043403.117,1043539.298,1046959.667,4000,3420.369,1046959.667,"[{""stage_name"": ""fixation"", ""planned_duration_ms"": 100, ""intended_onset_ms"": 1039803.117, ""actual_onset_global_ms"": 1039819.526, ""actual_offset_global_ms"": 1039928.574, ""actual_duration_ms"": 109.048}, {""stage_name"": ""memory_array"", ""planned_duration_ms"": 2500, ""intended_onset_ms"": 1039903.117, ""actual_onset_global_ms"": 1039981.942, ""actual_offset_global_ms"": 1042478.487, ""actual_duration_ms"": 2496.545}, {""stage_name"": ""delay"", ""planned_duration_ms"": 1000, ""intended_onset_ms"": 1042478.487, ""actual_onset_global_ms"": 1042476.22, ""actual_offset_global_ms"": 1043486.48, ""actual_duration_ms"": 1010.26}, {""stage_name"": ""test_array"", ""planned_duration_ms"": 4000, ""intended_onset_ms"": 1043486.48, ""actual_onset_global_ms"": 1043539.298, ""actual_offset_global_ms"": 1046959.667, ""actual_duration_ms"": 3420.369}]",,,,,,,,,,,,,,,,,,,,,,,,,,,,,,,,,,,,,,,,,,,,,,,,,,0.0,,,,,,,,,,,,,3.0,change,2.0,"[-140.04, -141.15]","[[-21.54, -249.49], [-160.3, 237.51], [-140.04, -141.15]]","[""red"", ""yellow"", ""purple""]","[""red"", ""yellow"", ""blue""]",purple,blue,s,same,3.0,1.0
013,013_T1_20260520_150729,PA,T1,standard,hci_substudy_v2,1,telemetry_v4,change_detection,4,formal_cd,formal,1,30,46,formal,N3_change,1779260849,60.182,2026-05-20T15:25:05.026,0,0,0,2,1046972.48,1046994.969,,,,,j,,0,12217.505,,,,1050572.48,1050702.821,1062985.739,4000,12282.918,1062985.739,"[{""stage_name"": ""fixation"", ""planned_duration_ms"": 100, ""intended_onset_ms"": 1046972.48, ""actual_onset_global_ms"": 1046994.969, ""actual_offset_global_ms"": 1047095.353, ""actual_duration_ms"": 100.384}, {""stage_name"": ""memory_array"", ""planned_duration_ms"": 2500, ""intended_onset_ms"": 1047072.48, ""actual_onset_global_ms"": 1047149.453, ""actual_offset_global_ms"": 1049617.872, ""actual_duration_ms"": 2468.419}, {""stage_name"": ""delay"", ""planned_duration_ms"": 1000, ""intended_onset_ms"": 1049617.872, ""actual_onset_global_ms"": 1049619.407, ""actual_offset_global_ms"": 1050636.231, ""actual_duration_ms"": 1016.824}, {""stage_name"": ""test_array"", ""planned_duration_ms"": 4000, ""intended_onset_ms"": 1050636.231, ""actual_onset_global_ms"": 1050702.821, ""actual_offset_global_ms"": 1062985.739, ""actual_duration_ms"": 12282.918}]",,,,,,,,,,,,,,,,,,,,,,,,,,,,,,,,,,,,,,,,,,,,,,,,,,0.0,,,,,,,,,,,,,3.0,change,0.0,"[248.41, -209.32]","[[248.41, -209.32], [-21.29, 180.84], [-117.25, -86.17]]","[""yellow"", ""green"", ""blue""]","[""purple"", ""green"", ""blue""]",yellow,purple,s,same,5.0,1.0
013,013_T1_20260520_150729,PA,T1,standard,hci_substudy_v2,1,telemetry_v4,change_detection,4,formal_cd,formal,1,31,47,formal,N4_same,1779260849,60.182,2026-05-20T15:25:21.048,0,0,0,2,1062995.047,1063011.993,,,,,s,,0,5809.841,,,,1066595.047,1066743.231,1072587.519,4000,5844.288,1072587.519,"[{""stage_name"": ""fixation"", ""planned_duration_ms"": 100, ""intended_onset_ms"": 1062995.047, ""actual_onset_global_ms"": 1063011.993, ""actual_offset_global_ms"": 1063112.801, ""actual_duration_ms"": 100.808}, {""stage_name"": ""memory_array"", ""planned_duration_ms"": 2500, ""intended_onset_ms"": 1063095.047, ""actual_onset_global_ms"": 1063180.836, ""actual_offset_global_ms"": 1065654.24, ""actual_duration_ms"": 2473.404}, {""stage_name"": ""delay"", ""planned_duration_ms"": 1000, ""intended_onset_ms"": 1065654.24, ""actual_onset_global_ms"": 1065656.437, ""actual_offset_global_ms"": 1066669.194, ""actual_duration_ms"": 1012.757}, {""stage_name"": ""test_array"", ""planned_duration_ms"": 4000, ""intended_onset_ms"": 1066669.194, ""actual_onset_global_ms"": 1066743.231, ""actual_offset_global_ms"": 1072587.519, ""actual_duration_ms"": 5844.288}]",,,,,,,,,,,,,,,,,,,,,,,,,,,,,,,,,,,,,,,,,,,,,,,,,,0.0,,,,,,,,,,,,,4.0,same,1.0,"[-17.3, 188.91]","[[-149.64, -54.41], [-17.3, 188.91], [-36.47, 89.45], [256.6, -165.92]]","[""blue"", ""green"", ""yellow"", ""red""]","[""blue"", ""green"", ""yellow"", ""red""]",green,green,j,change,4.0,1.0
013,013_T1_20260520_150729,PA,T1,standard,hci_substudy_v2,1,telemetry_v4,change_detection,4,formal_cd,formal,1,32,48,formal,N2_same,1779260849,60.182,2026-05-20T15:25:30.650,0,0,0,2,1072597.697,1072617.605,,,,,s,,1,2636.919,,,,1076197.697,1076289.848,1078941.627,4000,2651.779,1078941.627,"[{""stage_name"": ""fixation"", ""planned_duration_ms"": 100, ""intended_onset_ms"": 1072597.697, ""actual_onset_global_ms"": 1072617.605, ""actual_offset_global_ms"": 1072728.004, ""actual_duration_ms"": 110.399}, {""stage_name"": ""memory_array"", ""planned_duration_ms"": 2500, ""intended_onset_ms"": 1072697.697, ""actual_onset_global_ms"": 1072770.28, ""actual_offset_global_ms"": 1075240.077, ""actual_duration_ms"": 2469.797}, {""stage_name"": ""delay"", ""planned_duration_ms"": 1000, ""intended_onset_ms"": 1075240.077, ""actual_onset_global_ms"": 1075241.093, ""actual_offset_global_ms"": 1076252.294, ""actual_duration_ms"": 1011.201}, {""stage_name"": ""test_array"", ""planned_duration_ms"": 4000, ""intended_onset_ms"": 1076252.294, ""actual_onset_global_ms"": 1076289.848, ""actual_offset_global_ms"": 1078941.627, ""actual_duration_ms"": 2651.779}]",,,,,,,,,,,,,,,,,,,,,,,,,,,,,,,,,,,,,,,,,,,,,,,,,,1.0,,,,,,,,,,,,,2.0,same,1.0,"[159.36, 165.43]","[[233.65, 83.91], [159.36, 165.43]]","[""purple"", ""blue""]","[""purple"", ""blue""]",blue,blue,s,same,3.0,1.0
013,013_T1_20260520_150729,PA,T1,standard,hci_substudy_v2,1,telemetry_v4,change_detection,4,formal_cd,formal,1,33,49,formal,N1_change,1779260849,60.182,2026-05-20T15:25:37.004,0,0,0,2,1078952.155,1078970.048,,,,,j,,0,2285.408,,,,1082552.155,1082627.556,1084923.282,4000,2295.726,1084923.282,"[{""stage_name"": ""fixation"", ""planned_duration_ms"": 100, ""intended_onset_ms"": 1078952.155, ""actual_onset_global_ms"": 1078970.048, ""actual_offset_global_ms"": 1079077.453, ""actual_duration_ms"": 107.405}, {""stage_name"": ""memory_array"", ""planned_duration_ms"": 2500, ""intended_onset_ms"": 1079052.155, ""actual_onset_global_ms"": 1079098.554, ""actual_offset_global_ms"": 1081593.862, ""actual_duration_ms"": 2495.308}, {""stage_name"": ""delay"", ""planned_duration_ms"": 1000, ""intended_onset_ms"": 1081593.862, ""actual_onset_global_ms"": 1081591.178, ""actual_offset_global_ms"": 1082602.719, ""actual_duration_ms"": 1011.541}, {""stage_name"": ""test_array"", ""planned_duration_ms"": 4000, ""intended_onset_ms"": 1082602.719, ""actual_onset_global_ms"": 1082627.556, ""actual_offset_global_ms"": 1084923.282, ""actual_duration_ms"": 2295.726}]",,,,,,,,,,,,,,,,,,,,,,,,,,,,,,,,,,,,,,,,,,,,,,,,,,0.0,,,,,,,,,,,,,1.0,change,0.0,"[-258.67, 240.72]","[[-258.67, 240.72]]","[""yellow""]","[""purple""]",yellow,purple,s,same,1.0,1.0
013,013_T1_20260520_150729,PA,T1,standard,hci_substudy_v2,1,telemetry_v4,change_detection,4,formal_cd,formal,1,34,50,formal,N3_change,1779260849,60.182,2026-05-20T15:25:42.983,0,0,0,2,1084929.994,1084944.758,,,,,j,,0,2035.135,,,,1088529.994,1088651.372,1090709.321,4000,2057.949,1090709.321,"[{""stage_name"": ""fixation"", ""planned_duration_ms"": 100, ""intended_onset_ms"": 1084929.994, ""actual_onset_global_ms"": 1084944.758, ""actual_offset_global_ms"": 1085052.172, ""actual_duration_ms"": 107.414}, {""stage_name"": ""memory_array"", ""planned_duration_ms"": 2500, ""intended_onset_ms"": 1085029.994, ""actual_onset_global_ms"": 1085083.329, ""actual_offset_global_ms"": 1087597.417, ""actual_duration_ms"": 2514.088}, {""stage_name"": ""delay"", ""planned_duration_ms"": 1000, ""intended_onset_ms"": 1087597.417, ""actual_onset_global_ms"": 1087592.155, ""actual_offset_global_ms"": 1088602.621, ""actual_duration_ms"": 1010.466}, {""stage_name"": ""test_array"", ""planned_duration_ms"": 4000, ""intended_onset_ms"": 1088602.621, ""actual_onset_global_ms"": 1088651.372, ""actual_offset_global_ms"": 1090709.321, ""actual_duration_ms"": 2057.949}]",,,,,,,,,,,,,,,,,,,,,,,,,,,,,,,,,,,,,,,,,,,,,,,,,,0.0,,,,,,,,,,,,,3.0,change,2.0,"[-177.06, 191.19]","[[54.35, -177.5], [-157.72, -221.09], [-177.06, 191.19]]","[""purple"", ""green"", ""yellow""]","[""purple"", ""green"", ""red""]",yellow,red,s,same,3.0,1.0
013,013_T1_20260520_150729,PA,T1,standard,hci_substudy_v2,1,telemetry_v4,change_detection,4,formal_cd,formal,1,35,51,formal,N1_same,1779260849,60.182,2026-05-20T15:25:48.772,0,0,0,2,1090718.368,1090732.043,,,,,s,,0,1413.331,,,,1094318.368,1094393.159,1095852.162,4000,1459.003,1095852.162,"[{""stage_name"": ""fixation"", ""planned_duration_ms"": 100, ""intended_onset_ms"": 1090718.368, ""actual_onset_global_ms"": 1090732.043, ""actual_offset_global_ms"": 1090843.771, ""actual_duration_ms"": 111.728}, {""stage_name"": ""memory_array"", ""planned_duration_ms"": 2500, ""intended_onset_ms"": 1090818.368, ""actual_onset_global_ms"": 1090860.034, ""actual_offset_global_ms"": 1093360.159, ""actual_duration_ms"": 2500.125}, {""stage_name"": ""delay"", ""planned_duration_ms"": 1000, ""intended_onset_ms"": 1093360.159, ""actual_onset_global_ms"": 1093355.624, ""actual_offset_global_ms"": 1094369.038, ""actual_duration_ms"": 1013.414}, {""stage_name"": ""test_array"", ""planned_duration_ms"": 4000, ""intended_onset_ms"": 1094369.038, ""actual_onset_global_ms"": 1094393.159, ""actual_offset_global_ms"": 1095852.162, ""actual_duration_ms"": 1459.003}]",,,,,,,,,,,,,,,,,,,,,,,,,,,,,,,,,,,,,,,,,,,,,,,,,,0.0,,,,,,,,,,,,,1.0,same,0.0,"[-214.06, -165.82]","[[-214.06, -165.82]]","[""yellow""]","[""yellow""]",yellow,yellow,j,change,1.0,1.0
013,013_T1_20260520_150729,PA,T1,standard,hci_substudy_v2,1,telemetry_v4,change_detection,4,formal_cd,formal,1,36,52,formal,N2_same,1779260849,60.182,2026-05-20T15:25:53.914,0,0,0,2,1095860.934,1095878.901,,,,,s,,1,2753.618,,,,1099460.934,1099542.895,1102353.552,4000,2810.657,1102353.552,"[{""stage_name"": ""fixation"", ""planned_duration_ms"": 100, ""intended_onset_ms"": 1095860.934, ""actual_onset_global_ms"": 1095878.901, ""actual_offset_global_ms"": 1095978.696, ""actual_duration_ms"": 99.795}, {""stage_name"": ""memory_array"", ""planned_duration_ms"": 2500, ""intended_onset_ms"": 1095960.934, ""actual_onset_global_ms"": 1096011.871, ""actual_offset_global_ms"": 1098483.281, ""actual_duration_ms"": 2471.41}, {""stage_name"": ""delay"", ""planned_duration_ms"": 1000, ""intended_onset_ms"": 1098483.281, ""actual_onset_global_ms"": 1098485.561, ""actual_offset_global_ms"": 1099502.228, ""actual_duration_ms"": 1016.667}, {""stage_name"": ""test_array"", ""planned_duration_ms"": 4000, ""intended_onset_ms"": 1099502.228, ""actual_onset_global_ms"": 1099542.895, ""actual_offset_global_ms"": 1102353.552, ""actual_duration_ms"": 2810.657}]",,,,,,,,,,,,,,,,,,,,,,,,,,,,,,,,,,,,,,,,,,,,,,,,,,1.0,,,,,,,,,,,,,2.0,same,1.0,"[-187.1, -149.5]","[[-45.42, -182.14], [-187.1, -149.5]]","[""green"", ""yellow""]","[""green"", ""yellow""]",yellow,yellow,s,same,2.0,1.0
013,013_T1_20260520_150729,PA,T1,standard,hci_substudy_v2,1,telemetry_v4,change_detection,4,formal_cd,formal,1,37,53,formal,N3_change,1779260849,60.182,2026-05-20T15:26:00.414,0,0,0,2,1102362.042,1102377.987,,,,,j,,1,4894.808,,,,1105962.042,1106100.199,1111058.089,4000,4957.89,1111058.089,"[{""stage_name"": ""fixation"", ""planned_duration_ms"": 100, ""intended_onset_ms"": 1102362.042, ""actual_onset_global_ms"": 1102377.987, ""actual_offset_global_ms"": 1102494.108, ""actual_duration_ms"": 116.121}, {""stage_name"": ""memory_array"", ""planned_duration_ms"": 2500, ""intended_onset_ms"": 1102462.042, ""actual_onset_global_ms"": 1102542.209, ""actual_offset_global_ms"": 1105049.506, ""actual_duration_ms"": 2507.297}, {""stage_name"": ""delay"", ""planned_duration_ms"": 1000, ""intended_onset_ms"": 1105049.506, ""actual_onset_global_ms"": 1105053.492, ""actual_offset_global_ms"": 1106051.823, ""actual_duration_ms"": 998.331}, {""stage_name"": ""test_array"", ""planned_duration_ms"": 4000, ""intended_onset_ms"": 1106051.823, ""actual_onset_global_ms"": 1106100.199, ""actual_offset_global_ms"": 1111058.089, ""actual_duration_ms"": 4957.89}]",,,,,,,,,,,,,,,,,,,,,,,,,,,,,,,,,,,,,,,,,,,,,,,,,,1.0,,,,,,,,,,,,,3.0,change,0.0,"[-96.75, 9.52]","[[-96.75, 9.52], [-118.67, -168.5], [-247.95, 136.16]]","[""yellow"", ""purple"", ""red""]","[""green"", ""purple"", ""red""]",yellow,green,j,change,5.0,1.0
013,013_T1_20260520_150729,PA,T1,standard,hci_substudy_v2,1,telemetry_v4,change_detection,4,formal_cd,formal,1,38,54,formal,N2_change,1779260849,60.182,2026-05-20T15:26:09.121,0,0,0,2,1111067.345,1111086.705,,,,,j,,0,3257.14,,,,1114667.345,1114752.526,1118071.87,4000,3319.344,1118071.87,"[{""stage_name"": ""fixation"", ""planned_duration_ms"": 100, ""intended_onset_ms"": 1111067.345, ""actual_onset_global_ms"": 1111086.705, ""actual_offset_global_ms"": 1111194.219, ""actual_duration_ms"": 107.514}, {""stage_name"": ""memory_array"", ""planned_duration_ms"": 2500, ""intended_onset_ms"": 1111167.345, ""actual_onset_global_ms"": 1111225.947, ""actual_offset_global_ms"": 1113699.879, ""actual_duration_ms"": 2473.932}, {""stage_name"": ""delay"", ""planned_duration_ms"": 1000, ""intended_onset_ms"": 1113699.879, ""actual_onset_global_ms"": 1113705.574, ""actual_offset_global_ms"": 1114718.611, ""actual_duration_ms"": 1013.037}, {""stage_name"": ""test_array"", ""planned_duration_ms"": 4000, ""intended_onset_ms"": 1114718.611, ""actual_onset_global_ms"": 1114752.526, ""actual_offset_global_ms"": 1118071.87, ""actual_duration_ms"": 3319.344}]",,,,,,,,,,,,,,,,,,,,,,,,,,,,,,,,,,,,,,,,,,,,,,,,,,0.0,,,,,,,,,,,,,2.0,change,1.0,"[-104.73, -182.97]","[[156.03, 97.37], [-104.73, -182.97]]","[""yellow"", ""green""]","[""yellow"", ""purple""]",green,purple,s,same,2.0,1.0
013,013_T1_20260520_150729,PA,T1,standard,hci_substudy_v2,1,telemetry_v4,change_detection,4,formal_cd,formal,1,39,55,formal,N4_same,1779260849,60.182,2026-05-20T15:26:16.134,0,0,0,2,1118080.826,1118097.129,,,,,s,,0,2131.026,,,,1121680.826,1121808.912,1124020.093,4000,2211.181,1124020.093,"[{""stage_name"": ""fixation"", ""planned_duration_ms"": 100, ""intended_onset_ms"": 1118080.826, ""actual_onset_global_ms"": 1118097.129, ""actual_offset_global_ms"": 1118210.862, ""actual_duration_ms"": 113.733}, {""stage_name"": ""memory_array"", ""planned_duration_ms"": 2500, ""intended_onset_ms"": 1118180.826, ""actual_onset_global_ms"": 1118272.369, ""actual_offset_global_ms"": 1120723.78, ""actual_duration_ms"": 2451.411}, {""stage_name"": ""delay"", ""planned_duration_ms"": 1000, ""intended_onset_ms"": 1120723.78, ""actual_onset_global_ms"": 1120724.174, ""actual_offset_global_ms"": 1121735.832, ""actual_duration_ms"": 1011.658}, {""stage_name"": ""test_array"", ""planned_duration_ms"": 4000, ""intended_onset_ms"": 1121735.832, ""actual_onset_global_ms"": 1121808.912, ""actual_offset_global_ms"": 1124020.093, ""actual_duration_ms"": 2211.181}]",,,,,,,,,,,,,,,,,,,,,,,,,,,,,,,,,,,,,,,,,,,,,,,,,,0.0,,,,,,,,,,,,,4.0,same,2.0,"[-18.6, -156.81]","[[-103.96, -101.4], [-181.67, -175.68], [-18.6, -156.81], [232.73, 85.24]]","[""blue"", ""purple"", ""yellow"", ""red""]","[""blue"", ""purple"", ""yellow"", ""red""]",yellow,yellow,j,change,5.0,1.0
013,013_T1_20260520_150729,PA,T1,standard,hci_substudy_v2,1,telemetry_v4,change_detection,4,formal_cd,formal,1,40,56,formal,N2_same,1779260849,60.182,2026-05-20T15:26:22.085,0,0,0,2,1124032.007,1124052.544,,,,,s,,1,1640.875,,,,1127632.007,1127725.683,1129425.641,4000,1699.958,1129425.641,"[{""stage_name"": ""fixation"", ""planned_duration_ms"": 100, ""intended_onset_ms"": 1124032.007, ""actual_onset_global_ms"": 1124052.544, ""actual_offset_global_ms"": 1124163.027, ""actual_duration_ms"": 110.483}, {""stage_name"": ""memory_array"", ""planned_duration_ms"": 2500, ""intended_onset_ms"": 1124132.007, ""actual_onset_global_ms"": 1124198.787, ""actual_offset_global_ms"": 1126681.545, ""actual_duration_ms"": 2482.758}, {""stage_name"": ""delay"", ""planned_duration_ms"": 1000, ""intended_onset_ms"": 1126681.545, ""actual_onset_global_ms"": 1126675.863, ""actual_offset_global_ms"": 1127685.191, ""actual_duration_ms"": 1009.328}, {""stage_name"": ""test_array"", ""planned_duration_ms"": 4000, ""intended_onset_ms"": 1127685.191, ""actual_onset_global_ms"": 1127725.683, ""actual_offset_global_ms"": 1129425.641, ""actual_duration_ms"": 1699.958}]",,,,,,,,,,,,,,,,,,,,,,,,,,,,,,,,,,,,,,,,,,,,,,,,,,1.0,,,,,,,,,,,,,2.0,same,0.0,"[-21.96, -105.67]","[[-21.96, -105.67], [160.44, 257.41]]","[""green"", ""yellow""]","[""green"", ""yellow""]",green,green,s,same,4.0,1.0
013,013_T1_20260520_150729,PA,T1,standard,hci_substudy_v2,1,telemetry_v4,change_detection,4,formal_cd,formal,1,41,57,formal,N1_change,1779260849,60.182,2026-05-20T15:26:27.489,0,0,0,2,1129435.56,1129452.438,,,,,j,,0,3557.629,,,,1133035.56,1133128.033,1136718.688,4000,3590.655,1136718.688,"[{""stage_name"": ""fixation"", ""planned_duration_ms"": 100, ""intended_onset_ms"": 1129435.56, ""actual_onset_global_ms"": 1129452.438, ""actual_offset_global_ms"": 1129563.324, ""actual_duration_ms"": 110.886}, {""stage_name"": ""memory_array"", ""planned_duration_ms"": 2500, ""intended_onset_ms"": 1129535.56, ""actual_onset_global_ms"": 1129587.101, ""actual_offset_global_ms"": 1132089.805, ""actual_duration_ms"": 2502.704}, {""stage_name"": ""delay"", ""planned_duration_ms"": 1000, ""intended_onset_ms"": 1132089.805, ""actual_onset_global_ms"": 1132084.803, ""actual_offset_global_ms"": 1133102.545, ""actual_duration_ms"": 1017.742}, {""stage_name"": ""test_array"", ""planned_duration_ms"": 4000, ""intended_onset_ms"": 1133102.545, ""actual_onset_global_ms"": 1133128.033, ""actual_offset_global_ms"": 1136718.688, ""actual_duration_ms"": 3590.655}]",,,,,,,,,,,,,,,,,,,,,,,,,,,,,,,,,,,,,,,,,,,,,,,,,,0.0,,,,,,,,,,,,,1.0,change,0.0,"[96.52, -244.85]","[[96.52, -244.85]]","[""red""]","[""purple""]",red,purple,s,same,1.0,1.0
013,013_T1_20260520_150729,PA,T1,standard,hci_substudy_v2,1,telemetry_v4,change_detection,4,formal_cd,formal,1,42,58,formal,N2_change,1779260849,60.182,2026-05-20T15:26:34.782,0,0,0,2,1136728.345,1136745.336,,,,,j,,1,3224.973,,,,1140328.345,1140424.361,1143707.65,4000,3283.289,1143707.65,"[{""stage_name"": ""fixation"", ""planned_duration_ms"": 100, ""intended_onset_ms"": 1136728.345, ""actual_onset_global_ms"": 1136745.336, ""actual_offset_global_ms"": 1136849.314, ""actual_duration_ms"": 103.978}, {""stage_name"": ""memory_array"", ""planned_duration_ms"": 2500, ""intended_onset_ms"": 1136828.345, ""actual_onset_global_ms"": 1136886.943, ""actual_offset_global_ms"": 1139379.924, ""actual_duration_ms"": 2492.981}, {""stage_name"": ""delay"", ""planned_duration_ms"": 1000, ""intended_onset_ms"": 1139379.924, ""actual_onset_global_ms"": 1139374.147, ""actual_offset_global_ms"": 1140386.014, ""actual_duration_ms"": 1011.867}, {""stage_name"": ""test_array"", ""planned_duration_ms"": 4000, ""intended_onset_ms"": 1140386.014, ""actual_onset_global_ms"": 1140424.361, ""actual_offset_global_ms"": 1143707.65, ""actual_duration_ms"": 3283.289}]",,,,,,,,,,,,,,,,,,,,,,,,,,,,,,,,,,,,,,,,,,,,,,,,,,1.0,,,,,,,,,,,,,2.0,change,1.0,"[189.96, 53.66]","[[208.39, -182.16], [189.96, 53.66]]","[""blue"", ""yellow""]","[""blue"", ""green""]",yellow,green,j,change,2.0,1.0
013,013_T1_20260520_150729,PA,T1,standard,hci_substudy_v2,1,telemetry_v4,change_detection,4,formal_cd,formal,1,43,59,formal,N4_same,1779260849,60.182,2026-05-20T15:26:41.774,0,0,0,2,1143721.587,1143737.933,,,,,s,,1,8221.049,,,,1147321.587,1147555.217,1155802.73,4000,8247.513,1155802.73,"[{""stage_name"": ""fixation"", ""planned_duration_ms"": 100, ""intended_onset_ms"": 1143721.587, ""actual_onset_global_ms"": 1143737.933, ""actual_offset_global_ms"": 1143849.044, ""actual_duration_ms"": 111.111}, {""stage_name"": ""memory_array"", ""planned_duration_ms"": 2500, ""intended_onset_ms"": 1143821.587, ""actual_onset_global_ms"": 1143923.612, ""actual_offset_global_ms"": 1146467.02, ""actual_duration_ms"": 2543.408}, {""stage_name"": ""delay"", ""planned_duration_ms"": 1000, ""intended_onset_ms"": 1146467.02, ""actual_onset_global_ms"": 1146469.074, ""actual_offset_global_ms"": 1147484.843, ""actual_duration_ms"": 1015.769}, {""stage_name"": ""test_array"", ""planned_duration_ms"": 4000, ""intended_onset_ms"": 1147484.843, ""actual_onset_global_ms"": 1147555.217, ""actual_offset_global_ms"": 1155802.73, ""actual_duration_ms"": 8247.513}]",,,,,,,,,,,,,,,,,,,,,,,,,,,,,,,,,,,,,,,,,,,,,,,,,,1.0,,,,,,,,,,,,,4.0,same,3.0,"[86.47, 258.38]","[[224.68, 256.25], [-134.03, 211.88], [-185.15, -31.76], [86.47, 258.38]]","[""blue"", ""yellow"", ""red"", ""purple""]","[""blue"", ""yellow"", ""red"", ""purple""]",purple,purple,s,same,5.0,1.0
013,013_T1_20260520_150729,PA,T1,standard,hci_substudy_v2,1,telemetry_v4,change_detection,4,formal_cd,formal,1,44,60,formal,N4_change,1779260849,60.182,2026-05-20T15:26:53.866,0,0,0,2,1155813.095,1155830.783,,,,,j,,1,1500.82,,,,1159413.095,1159521.667,1161041.285,4000,1519.618,1161041.285,"[{""stage_name"": ""fixation"", ""planned_duration_ms"": 100, ""intended_onset_ms"": 1155813.095, ""actual_onset_global_ms"": 1155830.783, ""actual_offset_global_ms"": 1155935.165, ""actual_duration_ms"": 104.382}, {""stage_name"": ""memory_array"", ""planned_duration_ms"": 2500, ""intended_onset_ms"": 1155913.095, ""actual_onset_global_ms"": 1156009.317, ""actual_offset_global_ms"": 1158435.725, ""actual_duration_ms"": 2426.408}, {""stage_name"": ""delay"", ""planned_duration_ms"": 1000, ""intended_onset_ms"": 1158435.725, ""actual_onset_global_ms"": 1158439.026, ""actual_offset_global_ms"": 1159450.999, ""actual_duration_ms"": 1011.973}, {""stage_name"": ""test_array"", ""planned_duration_ms"": 4000, ""intended_onset_ms"": 1159450.999, ""actual_onset_global_ms"": 1159521.667, ""actual_offset_global_ms"": 1161041.285, ""actual_duration_ms"": 1519.618}]",,,,,,,,,,,,,,,,,,,,,,,,,,,,,,,,,,,,,,,,,,,,,,,,,,1.0,,,,,,,,,,,,,4.0,change,1.0,"[-172.25, -103.65]","[[116.77, 38.09], [-172.25, -103.65], [-142.95, 239.07], [-30.22, 109.29]]","[""yellow"", ""red"", ""blue"", ""green""]","[""yellow"", ""purple"", ""blue"", ""green""]",red,purple,j,change,4.0,1.0
013,013_T1_20260520_150729,PA,T1,standard,hci_substudy_v2,1,telemetry_v4,change_detection,4,formal_cd,formal,1,45,61,formal,N1_change,1779260849,60.182,2026-05-20T15:26:59.105,0,0,0,2,1161051.693,1161068.243,,,,,j,,0,7618.363,,,,1164651.693,1164739.312,1172401.301,4000,7661.989,1172401.301,"[{""stage_name"": ""fixation"", ""planned_duration_ms"": 100, ""intended_onset_ms"": 1161051.693, ""actual_onset_global_ms"": 1161068.243, ""actual_offset_global_ms"": 1161177.143, ""actual_duration_ms"": 108.9}, {""stage_name"": ""memory_array"", ""planned_duration_ms"": 2500, ""intended_onset_ms"": 1161151.693, ""actual_onset_global_ms"": 1161196.335, ""actual_offset_global_ms"": 1163711.635, ""actual_duration_ms"": 2515.3}, {""stage_name"": ""delay"", ""planned_duration_ms"": 1000, ""intended_onset_ms"": 1163711.635, ""actual_onset_global_ms"": 1163706.975, ""actual_offset_global_ms"": 1164717.931, ""actual_duration_ms"": 1010.956}, {""stage_name"": ""test_array"", ""planned_duration_ms"": 4000, ""intended_onset_ms"": 1164717.931, ""actual_onset_global_ms"": 1164739.312, ""actual_offset_global_ms"": 1172401.301, ""actual_duration_ms"": 7661.989}]",,,,,,,,,,,,,,,,,,,,,,,,,,,,,,,,,,,,,,,,,,,,,,,,,,0.0,,,,,,,,,,,,,1.0,change,0.0,"[154.78, -230.63]","[[154.78, -230.63]]","[""purple""]","[""red""]",purple,red,s,same,1.0,1.0
013,013_T1_20260520_150729,PA,T1,standard,hci_substudy_v2,1,telemetry_v4,change_detection,4,formal_cd,formal,1,46,62,formal,N2_change,1779260849,60.182,2026-05-20T15:27:10.469,0,0,0,2,1172415.152,1172432.961,,,,,j,,1,1320.556,,,,1176015.152,1176103.275,1177440.736,4000,1337.461,1177440.736,"[{""stage_name"": ""fixation"", ""planned_duration_ms"": 100, ""intended_onset_ms"": 1172415.152, ""actual_onset_global_ms"": 1172432.961, ""actual_offset_global_ms"": 1172543.811, ""actual_duration_ms"": 110.85}, {""stage_name"": ""memory_array"", ""planned_duration_ms"": 2500, ""intended_onset_ms"": 1172515.152, ""actual_onset_global_ms"": 1172582.886, ""actual_offset_global_ms"": 1175054.687, ""actual_duration_ms"": 2471.801}, {""stage_name"": ""delay"", ""planned_duration_ms"": 1000, ""intended_onset_ms"": 1175054.687, ""actual_onset_global_ms"": 1175057.279, ""actual_offset_global_ms"": 1176068.068, ""actual_duration_ms"": 1010.789}, {""stage_name"": ""test_array"", ""planned_duration_ms"": 4000, ""intended_onset_ms"": 1176068.068, ""actual_onset_global_ms"": 1176103.275, ""actual_offset_global_ms"": 1177440.736, ""actual_duration_ms"": 1337.461}]",,,,,,,,,,,,,,,,,,,,,,,,,,,,,,,,,,,,,,,,,,,,,,,,,,1.0,,,,,,,,,,,,,2.0,change,1.0,"[76.81, 220.83]","[[-186.6, 31.82], [76.81, 220.83]]","[""red"", ""purple""]","[""red"", ""green""]",purple,green,j,change,2.0,1.0
013,013_T1_20260520_150729,PA,T1,standard,hci_substudy_v2,1,telemetry_v4,change_detection,4,formal_cd,formal,1,47,63,formal,N2_same,1779260849,60.182,2026-05-20T15:27:15.506,0,0,0,2,1177453.19,1177471.308,,,,,s,,1,1715.053,,,,1181053.19,1181154.304,1182940.879,4000,1786.575,1182940.879,"[{""stage_name"": ""fixation"", ""planned_duration_ms"": 100, ""intended_onset_ms"": 1177453.19, ""actual_onset_global_ms"": 1177471.308, ""actual_offset_global_ms"": 1177580.488, ""actual_duration_ms"": 109.18}, {""stage_name"": ""memory_array"", ""planned_duration_ms"": 2500, ""intended_onset_ms"": 1177553.19, ""actual_onset_global_ms"": 1177615.992, ""actual_offset_global_ms"": 1180107.302, ""actual_duration_ms"": 2491.31}, {""stage_name"": ""delay"", ""planned_duration_ms"": 1000, ""intended_onset_ms"": 1180107.302, ""actual_onset_global_ms"": 1180103.271, ""actual_offset_global_ms"": 1181117.928, ""actual_duration_ms"": 1014.657}, {""stage_name"": ""test_array"", ""planned_duration_ms"": 4000, ""intended_onset_ms"": 1181117.928, ""actual_onset_global_ms"": 1181154.304, ""actual_offset_global_ms"": 1182940.879, ""actual_duration_ms"": 1786.575}]",,,,,,,,,,,,,,,,,,,,,,,,,,,,,,,,,,,,,,,,,,,,,,,,,,1.0,,,,,,,,,,,,,2.0,same,1.0,"[-193.58, 227.16]","[[188.95, 13.24], [-193.58, 227.16]]","[""yellow"", ""green""]","[""yellow"", ""green""]",green,green,s,same,2.0,1.0
013,013_T1_20260520_150729,PA,T1,standard,hci_substudy_v2,1,telemetry_v4,change_detection,4,formal_cd,formal,1,48,64,formal,N3_same,1779260849,60.182,2026-05-20T15:27:21.009,0,0,0,2,1182955.716,1182973.764,,,,,s,,0,3131.305,,,,1186555.716,1186667.784,1189823.002,4000,3155.218,1189823.002,"[{""stage_name"": ""fixation"", ""planned_duration_ms"": 100, ""intended_onset_ms"": 1182955.716, ""actual_onset_global_ms"": 1182973.764, ""actual_offset_global_ms"": 1183079.163, ""actual_duration_ms"": 105.399}, {""stage_name"": ""memory_array"", ""planned_duration_ms"": 2500, ""intended_onset_ms"": 1183055.716, ""actual_onset_global_ms"": 1183131.468, ""actual_offset_global_ms"": 1185600.767, ""actual_duration_ms"": 2469.299}, {""stage_name"": ""delay"", ""planned_duration_ms"": 1000, ""intended_onset_ms"": 1185600.767, ""actual_onset_global_ms"": 1185603.571, ""actual_offset_global_ms"": 1186617.953, ""actual_duration_ms"": 1014.382}, {""stage_name"": ""test_array"", ""planned_duration_ms"": 4000, ""intended_onset_ms"": 1186617.953, ""actual_onset_global_ms"": 1186667.784, ""actual_offset_global_ms"": 1189823.002, ""actual_duration_ms"": 3155.218}]",,,,,,,,,,,,,,,,,,,,,,,,,,,,,,,,,,,,,,,,,,,,,,,,,,0.0,,,,,,,,,,,,,3.0,same,2.0,"[118.63, 158.39]","[[-108.25, -252.89], [-45.62, 112.99], [118.63, 158.39]]","[""blue"", ""yellow"", ""green""]","[""blue"", ""yellow"", ""green""]",green,green,j,change,3.0,1.0
