participant_id,session_id,group,timepoint,practice_layer,practice_protocol_version,telemetry_enabled,telemetry_version,task_name,task_order_index,block_name,block_type,block_index,trial_index_within_block,trial_index_global,practice_or_formal,condition_label,random_seed,screen_refresh_hz,timestamp_iso,omission,aborted,pause_count_during_trial,repeated_practice_round,prompt_level,support_type,support_trigger_reason,support_trigger_trial_index,rule_block_error_count,support_level,support_phase,support_duration_ms,post_support_success_streak,support_faded_after_trial,manual_intervention_flag,digit_support_target,digit_transform_demo_used,digit_keypad_demo_used,digit_hesitation_prompt_used,digit_post_support_span_success,intended_trial_start_ms,actual_trial_start_ms,span_length,trial_index_within_span,span_round,presented_sequence,correct_backward_sequence,participant_input_sequence,participant_input_string,input_method,first_key_latency_ms,response_complete_time_ms,accuracy,response_correct,omission_input,delete_count,clear_count,click_count,inter_key_intervals_ms,adaptive_decision,digits_audio_onsets_ms,digits_audio_files,digits_audio_events_json,rt_ms,intended_onset_ms,actual_onset_global_ms,actual_offset_global_ms,stage_duration_planned_ms,stage_duration_actual_ms,actual_trial_end_ms,repeated_audio_once_in_practice,stage_records_json,termination_reason,terminal_span_length,set_size,trial_type,probe_index,probe_position_xy,item_positions,item_colors_memory,item_colors_test,probe_original_color,probe_test_color,response_key,response_label,correct_response_key,feedback_type,feedback_audio_file,feedback_audio_start_global_ms,feedback_audio_expected_duration_ms,feedback_audio_stop_global_ms,layout_generation_attempts,overlap_check_passed,practice_pass_flag
045,045_T1_20260518_154031,Control,T1,standard,hci_substudy_v2,1,telemetry_v4,digit_span,1,practice_digitspan,practice,1,1,1,practice,span_2,1779090031,61.075,2026-05-18T15:40:44.202,0,0,0,1,0.0,none,,,0.0,0.0,none,0.0,0.0,0.0,0.0,none,0.0,0.0,0.0,0.0,6647.925,6783.469,2.0,1.0,1.0,"[3, 5]","[""5"", ""3""]","[""5"", ""3""]",53,onscreen_mouse,7235.225,14578.224,1,1,0.0,0.0,0.0,3.0,[3941.824],,"[6785.456, 7809.592]","[""digit_3.wav"", ""digit_5.wav""]","[{""audio_file"": ""digit_3.wav"", ""audio_start_global_ms"": 6785.456, ""audio_expected_duration_ms"": 500, ""audio_stop_global_ms"": 7285.456}, {""audio_file"": ""digit_5.wav"", ""audio_start_global_ms"": 7809.592, ""audio_expected_duration_ms"": 500, ""audio_stop_global_ms"": 8309.592}]",,6747.925,6785.456,23510.665,2000,16725.209,23510.665,0.0,"[{""stage_name"": ""fixation"", ""planned_duration_ms"": 100, ""intended_onset_ms"": 6647.925, ""actual_onset_global_ms"": 6783.469, ""actual_offset_global_ms"": 6799.842, ""actual_duration_ms"": 16.373}, {""stage_name"": ""auditory_sequence"", ""planned_duration_ms"": 2000, ""intended_onset_ms"": 6747.925, ""actual_onset_global_ms"": 6785.456, ""actual_offset_global_ms"": 8309.592, ""actual_duration_ms"": 1524.136}, {""stage_name"": ""wait"", ""planned_duration_ms"": 500, ""intended_onset_ms"": 8309.592, ""actual_onset_global_ms"": 8385.312, ""actual_offset_global_ms"": 8883.382, ""actual_duration_ms"": 498.07}, {""stage_name"": ""input_panel"", ""planned_duration_ms"": 15000, ""intended_onset_ms"": 8883.382, ""actual_onset_global_ms"": 8932.242, ""actual_offset_global_ms"": 23510.665, ""actual_duration_ms"": 14578.423}]",,,,,,,,,,,,,,,,,,,,,,
045,045_T1_20260518_154031,Control,T1,standard,hci_substudy_v2,1,telemetry_v4,digit_span,1,practice_digitspan,practice,1,2,2,practice,span_2,1779090031,61.075,2026-05-18T15:41:01.070,0,0,0,1,0.0,none,,,0.0,0.0,none,0.0,0.0,0.0,0.0,none,0.0,0.0,0.0,0.0,23516.052,23645.691,2.0,2.0,1.0,"[5, 3]","[""3"", ""5""]","[""3"", ""5""]",35,onscreen_mouse,3471.637,8199.798,1,1,0.0,0.0,0.0,3.0,[2643.896],,"[23648.683, 24726.597]","[""digit_5.wav"", ""digit_3.wav""]","[{""audio_file"": ""digit_5.wav"", ""audio_start_global_ms"": 23648.683, ""audio_expected_duration_ms"": 500, ""audio_stop_global_ms"": 24148.683}, {""audio_file"": ""digit_3.wav"", ""audio_start_global_ms"": 24726.597, ""audio_expected_duration_ms"": 500, ""audio_stop_global_ms"": 25226.597}]",,23616.052,23648.683,34020.263,2000,10371.58,34020.263,0.0,"[{""stage_name"": ""fixation"", ""planned_duration_ms"": 100, ""intended_onset_ms"": 23516.052, ""actual_onset_global_ms"": 23645.691, ""actual_offset_global_ms"": 23662.064, ""actual_duration_ms"": 16.373}, {""stage_name"": ""auditory_sequence"", ""planned_duration_ms"": 2000, ""intended_onset_ms"": 23616.052, ""actual_onset_global_ms"": 23648.683, ""actual_offset_global_ms"": 25226.597, ""actual_duration_ms"": 1577.914}, {""stage_name"": ""wait"", ""planned_duration_ms"": 500, ""intended_onset_ms"": 25226.597, ""actual_onset_global_ms"": 25316.702, ""actual_offset_global_ms"": 25794.002, ""actual_duration_ms"": 477.3}, {""stage_name"": ""input_panel"", ""planned_duration_ms"": 15000, ""intended_onset_ms"": 25794.002, ""actual_onset_global_ms"": 25820.327, ""actual_offset_global_ms"": 34020.263, ""actual_duration_ms"": 8199.936}]",,,,,,,,,,,,,,,,,,,,,,
045,045_T1_20260518_154031,Control,T1,standard,hci_substudy_v2,1,telemetry_v4,digit_span,1,practice_digitspan,practice,1,3,3,practice,span_2,1779090031,61.075,2026-05-18T15:41:11.580,0,0,0,1,0.0,none,,,0.0,0.0,none,0.0,0.0,0.0,0.0,none,0.0,0.0,0.0,0.0,34025.559,34156.193,2.0,3.0,1.0,"[8, 5]","[""5"", ""8""]","[""5"", ""8""]",58,onscreen_mouse,4046.619,13189.395,1,1,0.0,0.0,0.0,3.0,[5820.0],,"[34158.448, 35219.817]","[""digit_8.wav"", ""digit_5.wav""]","[{""audio_file"": ""digit_8.wav"", ""audio_start_global_ms"": 34158.448, ""audio_expected_duration_ms"": 500, ""audio_stop_global_ms"": 34658.448}, {""audio_file"": ""digit_5.wav"", ""audio_start_global_ms"": 35219.817, ""audio_expected_duration_ms"": 500, ""audio_stop_global_ms"": 35719.817}]",,34125.559,34158.448,49506.274,2000,15347.826,49506.274,0.0,"[{""stage_name"": ""fixation"", ""planned_duration_ms"": 100, ""intended_onset_ms"": 34025.559, ""actual_onset_global_ms"": 34156.193, ""actual_offset_global_ms"": 34172.566, ""actual_duration_ms"": 16.373}, {""stage_name"": ""auditory_sequence"", ""planned_duration_ms"": 2000, ""intended_onset_ms"": 34125.559, ""actual_onset_global_ms"": 34158.448, ""actual_offset_global_ms"": 35719.817, ""actual_duration_ms"": 1561.369}, {""stage_name"": ""wait"", ""planned_duration_ms"": 500, ""intended_onset_ms"": 35719.817, ""actual_onset_global_ms"": 35767.553, ""actual_offset_global_ms"": 36290.167, ""actual_duration_ms"": 522.614}, {""stage_name"": ""input_panel"", ""planned_duration_ms"": 15000, ""intended_onset_ms"": 36290.167, ""actual_onset_global_ms"": 36316.727, ""actual_offset_global_ms"": 49506.274, ""actual_duration_ms"": 13189.547}]",,,,,,,,,,,,,,,,,,,,,,
045,045_T1_20260518_154031,Control,T1,standard,hci_substudy_v2,1,telemetry_v4,digit_span,1,practice_digitspan,practice,1,4,4,practice,span_2,1779090031,61.075,2026-05-18T15:41:27.067,0,0,0,1,0.0,none,,,0.0,0.0,none,0.0,0.0,0.0,0.0,none,0.0,0.0,0.0,0.0,49512.88,49650.208,2.0,4.0,1.0,"[9, 2]","[""2"", ""9""]","[""2"", ""9""]",29,onscreen_mouse,3361.74,9670.074,1,1,0.0,0.0,0.0,3.0,[4110.679],,"[49652.07, 50706.827]","[""digit_9.wav"", ""digit_2.wav""]","[{""audio_file"": ""digit_9.wav"", ""audio_start_global_ms"": 49652.07, ""audio_expected_duration_ms"": 500, ""audio_stop_global_ms"": 50152.07}, {""audio_file"": ""digit_2.wav"", ""audio_start_global_ms"": 50706.827, ""audio_expected_duration_ms"": 500, ""audio_stop_global_ms"": 51206.827}]",,49612.88,49652.07,61539.594,2000,11887.524,61539.594,0.0,"[{""stage_name"": ""fixation"", ""planned_duration_ms"": 100, ""intended_onset_ms"": 49512.88, ""actual_onset_global_ms"": 49650.208, ""actual_offset_global_ms"": 49666.581, ""actual_duration_ms"": 16.373}, {""stage_name"": ""auditory_sequence"", ""planned_duration_ms"": 2000, ""intended_onset_ms"": 49612.88, ""actual_onset_global_ms"": 49652.07, ""actual_offset_global_ms"": 51206.827, ""actual_duration_ms"": 1554.757}, {""stage_name"": ""wait"", ""planned_duration_ms"": 500, ""intended_onset_ms"": 51206.827, ""actual_onset_global_ms"": 51347.698, ""actual_offset_global_ms"": 51844.974, ""actual_duration_ms"": 497.276}, {""stage_name"": ""input_panel"", ""planned_duration_ms"": 15000, ""intended_onset_ms"": 51844.974, ""actual_onset_global_ms"": 51869.342, ""actual_offset_global_ms"": 61539.594, ""actual_duration_ms"": 9670.252}]",,,,,,,,,,,,,,,,,,,,,,
045,045_T1_20260518_154031,Control,T1,standard,hci_substudy_v2,1,telemetry_v4,digit_span,1,practice_digitspan,practice,1,5,5,practice,span_2,1779090031,61.075,2026-05-18T15:41:39.100,0,0,0,1,0.0,none,,,0.0,0.0,none,0.0,0.0,0.0,0.0,none,0.0,0.0,0.0,0.0,61545.44,61685.78,2.0,5.0,1.0,"[7, 2]","[""2"", ""7""]","[""2"", ""7""]",27,onscreen_mouse,2644.367,12118.745,1,1,0.0,0.0,0.0,3.0,[3628.058],,"[61687.682, 62692.259]","[""digit_7.wav"", ""digit_2.wav""]","[{""audio_file"": ""digit_7.wav"", ""audio_start_global_ms"": 61687.682, ""audio_expected_duration_ms"": 500, ""audio_stop_global_ms"": 62187.682}, {""audio_file"": ""digit_2.wav"", ""audio_start_global_ms"": 62692.259, ""audio_expected_duration_ms"": 500, ""audio_stop_global_ms"": 63192.259}]",,61645.44,61687.682,75870.331,2000,14182.649,75870.331,0.0,"[{""stage_name"": ""fixation"", ""planned_duration_ms"": 100, ""intended_onset_ms"": 61545.44, ""actual_onset_global_ms"": 61685.78, ""actual_offset_global_ms"": 61702.153, ""actual_duration_ms"": 16.373}, {""stage_name"": ""auditory_sequence"", ""planned_duration_ms"": 2000, ""intended_onset_ms"": 61645.44, ""actual_onset_global_ms"": 61687.682, ""actual_offset_global_ms"": 63192.259, ""actual_duration_ms"": 1504.577}, {""stage_name"": ""wait"", ""planned_duration_ms"": 500, ""intended_onset_ms"": 63192.259, ""actual_onset_global_ms"": 63232.726, ""actual_offset_global_ms"": 63726.112, ""actual_duration_ms"": 493.386}, {""stage_name"": ""input_panel"", ""planned_duration_ms"": 15000, ""intended_onset_ms"": 63726.112, ""actual_onset_global_ms"": 63751.417, ""actual_offset_global_ms"": 75870.331, ""actual_duration_ms"": 12118.914}]",,,,,,,,,,,,,,,,,,,,,,
045,045_T1_20260518_154031,Control,T1,standard,hci_substudy_v2,1,telemetry_v4,digit_span,1,practice_digitspan,practice,1,6,6,practice,span_2,1779090031,61.075,2026-05-18T15:41:53.430,0,0,0,1,0.0,none,,,0.0,0.0,none,0.0,0.0,0.0,0.0,none,0.0,0.0,0.0,0.0,75876.361,76017.619,2.0,6.0,1.0,"[5, 1]","[""1"", ""5""]","[""1"", ""5""]",15,onscreen_mouse,7448.566,15801.463,1,1,0.0,0.0,0.0,3.0,[2840.907],,"[76019.662, 77072.077]","[""digit_5.wav"", ""digit_1.wav""]","[{""audio_file"": ""digit_5.wav"", ""audio_start_global_ms"": 76019.662, ""audio_expected_duration_ms"": 500, ""audio_stop_global_ms"": 76519.662}, {""audio_file"": ""digit_1.wav"", ""audio_start_global_ms"": 77072.077, ""audio_expected_duration_ms"": 500, ""audio_stop_global_ms"": 77572.077}]",,75976.361,76019.662,93950.155,2000,17930.493,93950.155,0.0,"[{""stage_name"": ""fixation"", ""planned_duration_ms"": 100, ""intended_onset_ms"": 75876.361, ""actual_onset_global_ms"": 76017.619, ""actual_offset_global_ms"": 76033.992, ""actual_duration_ms"": 16.373}, {""stage_name"": ""auditory_sequence"", ""planned_duration_ms"": 2000, ""intended_onset_ms"": 75976.361, ""actual_onset_global_ms"": 76019.662, ""actual_offset_global_ms"": 77572.077, ""actual_duration_ms"": 1552.415}, {""stage_name"": ""wait"", ""planned_duration_ms"": 500, ""intended_onset_ms"": 77572.077, ""actual_onset_global_ms"": 77617.03, ""actual_offset_global_ms"": 78120.453, ""actual_duration_ms"": 503.423}, {""stage_name"": ""input_panel"", ""planned_duration_ms"": 15000, ""intended_onset_ms"": 78120.453, ""actual_onset_global_ms"": 78148.461, ""actual_offset_global_ms"": 93950.155, ""actual_duration_ms"": 15801.694}]",,,,,,,,,,,,,,,,,,,,,,
045,045_T1_20260518_154031,Control,T1,standard,hci_substudy_v2,1,telemetry_v4,digit_span,1,formal_span_2,formal,1,1,7,formal,span_2,1779090031,61.075,2026-05-18T15:42:16.504,0,0,0,1,0.0,none,,,0.0,0.0,none,0.0,0.0,0.0,0.0,none,0.0,0.0,0.0,0.0,98949.687,99168.227,2.0,1.0,1.0,"[6, 4]","[""4"", ""6""]","[""4"", ""6""]",46,onscreen_mouse,5188.985,14236.911,1,1,0.0,0.0,0.0,3.0,[3707.319],advance,"[99173.109, 100190.21]","[""digit_6.wav"", ""digit_4.wav""]","[{""audio_file"": ""digit_6.wav"", ""audio_start_global_ms"": 99173.109, ""audio_expected_duration_ms"": 500, ""audio_stop_global_ms"": 99673.109}, {""audio_file"": ""digit_4.wav"", ""audio_start_global_ms"": 100190.21, ""audio_expected_duration_ms"": 500, ""audio_stop_global_ms"": 100690.21}]",,99049.687,99173.109,115523.556,2000,16350.447,115523.556,0.0,"[{""stage_name"": ""fixation"", ""planned_duration_ms"": 100, ""intended_onset_ms"": 98949.687, ""actual_onset_global_ms"": 99168.227, ""actual_offset_global_ms"": 99184.6, ""actual_duration_ms"": 16.373}, {""stage_name"": ""auditory_sequence"", ""planned_duration_ms"": 2000, ""intended_onset_ms"": 99049.687, ""actual_onset_global_ms"": 99173.109, ""actual_offset_global_ms"": 100690.21, ""actual_duration_ms"": 1517.101}, {""stage_name"": ""wait"", ""planned_duration_ms"": 500, ""intended_onset_ms"": 100690.21, ""actual_onset_global_ms"": 100755.428, ""actual_offset_global_ms"": 101268.59, ""actual_duration_ms"": 513.162}, {""stage_name"": ""input_panel"", ""planned_duration_ms"": 15000, ""intended_onset_ms"": 101268.59, ""actual_onset_global_ms"": 101286.504, ""actual_offset_global_ms"": 115523.556, ""actual_duration_ms"": 14237.052}]",two_failures_in_span,6.0,,,,,,,,,,,,,,,,,,,,
045,045_T1_20260518_154031,Control,T1,standard,hci_substudy_v2,1,telemetry_v4,digit_span,1,formal_span_2,formal,1,2,8,formal,span_2,1779090031,61.075,2026-05-18T15:42:33.083,0,0,0,1,0.0,none,,,0.0,0.0,none,0.0,0.0,0.0,0.0,none,0.0,0.0,0.0,0.0,115529.068,115660.807,2.0,2.0,1.0,"[8, 1]","[""1"", ""8""]","[""1"", ""8""]",18,onscreen_mouse,6369.418,15803.169,1,1,0.0,0.0,0.0,3.0,[7145.318],advance,"[115662.447, 116690.905]","[""digit_8.wav"", ""digit_1.wav""]","[{""audio_file"": ""digit_8.wav"", ""audio_start_global_ms"": 115662.447, ""audio_expected_duration_ms"": 500, ""audio_stop_global_ms"": 116162.447}, {""audio_file"": ""digit_1.wav"", ""audio_start_global_ms"": 116690.905, ""audio_expected_duration_ms"": 500, ""audio_stop_global_ms"": 117190.905}]",,115629.068,115662.447,133637.437,2000,17974.99,133637.437,0.0,"[{""stage_name"": ""fixation"", ""planned_duration_ms"": 100, ""intended_onset_ms"": 115529.068, ""actual_onset_global_ms"": 115660.807, ""actual_offset_global_ms"": 115677.18, ""actual_duration_ms"": 16.373}, {""stage_name"": ""auditory_sequence"", ""planned_duration_ms"": 2000, ""intended_onset_ms"": 115629.068, ""actual_onset_global_ms"": 115662.447, ""actual_offset_global_ms"": 117190.905, ""actual_duration_ms"": 1528.458}, {""stage_name"": ""wait"", ""planned_duration_ms"": 500, ""intended_onset_ms"": 117190.905, ""actual_onset_global_ms"": 117309.635, ""actual_offset_global_ms"": 117807.326, ""actual_duration_ms"": 497.691}, {""stage_name"": ""input_panel"", ""planned_duration_ms"": 15000, ""intended_onset_ms"": 117807.326, ""actual_onset_global_ms"": 117834.122, ""actual_offset_global_ms"": 133637.437, ""actual_duration_ms"": 15803.315}]",two_failures_in_span,6.0,,,,,,,,,,,,,,,,,,,,
045,045_T1_20260518_154031,Control,T1,standard,hci_substudy_v2,1,telemetry_v4,digit_span,1,formal_span_3,formal,2,1,9,formal,span_3,1779090031,61.075,2026-05-18T15:42:51.203,0,0,0,1,0.0,none,,,0.0,0.0,none,0.0,0.0,0.0,0.0,none,0.0,0.0,0.0,0.0,133648.053,133803.9,3.0,1.0,2.0,"[8, 1, 7]","[""7"", ""1"", ""8""]","[""7"", ""1"", ""8""]",718,onscreen_mouse,19562.698,31398.752,1,1,0.0,0.0,0.0,4.0,"[5016.552, 4496.192]",advance,"[133806.268, 134832.415, 135885.391]","[""digit_8.wav"", ""digit_1.wav"", ""digit_7.wav""]","[{""audio_file"": ""digit_8.wav"", ""audio_start_global_ms"": 133806.268, ""audio_expected_duration_ms"": 500, ""audio_stop_global_ms"": 134306.268}, {""audio_file"": ""digit_1.wav"", ""audio_start_global_ms"": 134832.415, ""audio_expected_duration_ms"": 500, ""audio_stop_global_ms"": 135332.415}, {""audio_file"": ""digit_7.wav"", ""audio_start_global_ms"": 135885.391, ""audio_expected_duration_ms"": 500, ""audio_stop_global_ms"": 136385.391}]",,133748.053,133806.268,168390.407,3000,34584.139,168390.407,0.0,"[{""stage_name"": ""fixation"", ""planned_duration_ms"": 100, ""intended_onset_ms"": 133648.053, ""actual_onset_global_ms"": 133803.9, ""actual_offset_global_ms"": 133820.273, ""actual_duration_ms"": 16.373}, {""stage_name"": ""auditory_sequence"", ""planned_duration_ms"": 3000, ""intended_onset_ms"": 133748.053, ""actual_onset_global_ms"": 133806.268, ""actual_offset_global_ms"": 136385.391, ""actual_duration_ms"": 2579.123}, {""stage_name"": ""wait"", ""planned_duration_ms"": 500, ""intended_onset_ms"": 136385.391, ""actual_onset_global_ms"": 136436.795, ""actual_offset_global_ms"": 136961.611, ""actual_duration_ms"": 524.816}, {""stage_name"": ""input_panel"", ""planned_duration_ms"": 15000, ""intended_onset_ms"": 136961.611, ""actual_onset_global_ms"": 136991.505, ""actual_offset_global_ms"": 168390.407, ""actual_duration_ms"": 31398.902}]",two_failures_in_span,6.0,,,,,,,,,,,,,,,,,,,,
045,045_T1_20260518_154031,Control,T1,standard,hci_substudy_v2,1,telemetry_v4,digit_span,1,formal_span_3,formal,2,2,10,formal,span_3,1779090031,61.075,2026-05-18T15:43:25.951,0,0,0,1,0.0,none,,,0.0,0.0,none,0.0,0.0,0.0,0.0,none,0.0,0.0,0.0,0.0,168396.286,168568.053,3.0,2.0,2.0,"[2, 9, 8]","[""8"", ""9"", ""2""]","[""8"", ""9"", ""2""]",892,onscreen_mouse,9987.284,18165.698,1,1,0.0,0.0,0.0,4.0,"[2003.925, 2530.211]",advance,"[168569.743, 169603.095, 170626.976]","[""digit_2.wav"", ""digit_9.wav"", ""digit_8.wav""]","[{""audio_file"": ""digit_2.wav"", ""audio_start_global_ms"": 168569.743, ""audio_expected_duration_ms"": 500, ""audio_stop_global_ms"": 169069.743}, {""audio_file"": ""digit_9.wav"", ""audio_start_global_ms"": 169603.095, ""audio_expected_duration_ms"": 500, ""audio_stop_global_ms"": 170103.095}, {""audio_file"": ""digit_8.wav"", ""audio_start_global_ms"": 170626.976, ""audio_expected_duration_ms"": 500, ""audio_stop_global_ms"": 171126.976}]",,168496.286,168569.743,189975.351,3000,21405.608,189975.351,0.0,"[{""stage_name"": ""fixation"", ""planned_duration_ms"": 100, ""intended_onset_ms"": 168396.286, ""actual_onset_global_ms"": 168568.053, ""actual_offset_global_ms"": 168584.426, ""actual_duration_ms"": 16.373}, {""stage_name"": ""auditory_sequence"", ""planned_duration_ms"": 3000, ""intended_onset_ms"": 168496.286, ""actual_onset_global_ms"": 168569.743, ""actual_offset_global_ms"": 171126.976, ""actual_duration_ms"": 2557.233}, {""stage_name"": ""wait"", ""planned_duration_ms"": 500, ""intended_onset_ms"": 171126.976, ""actual_onset_global_ms"": 171276.557, ""actual_offset_global_ms"": 171782.499, ""actual_duration_ms"": 505.942}, {""stage_name"": ""input_panel"", ""planned_duration_ms"": 15000, ""intended_onset_ms"": 171782.499, ""actual_onset_global_ms"": 171809.504, ""actual_offset_global_ms"": 189975.351, ""actual_duration_ms"": 18165.847}]",two_failures_in_span,6.0,,,,,,,,,,,,,,,,,,,,
045,045_T1_20260518_154031,Control,T1,standard,hci_substudy_v2,1,telemetry_v4,digit_span,1,formal_span_4,formal,3,1,11,formal,span_4,1779090031,61.075,2026-05-18T15:43:47.540,0,0,0,1,0.0,none,,,0.0,0.0,none,0.0,0.0,0.0,0.0,none,0.0,0.0,0.0,0.0,189985.163,190123.303,4.0,1.0,3.0,"[2, 3, 9, 4]","[""4"", ""9"", ""3"", ""2""]","[""4"", ""9"", ""2"", ""3""]",4923,onscreen_mouse,20153.818,78456.327,0,0,0.0,0.0,0.0,5.0,"[17914.951, 35408.776, 2074.316]",advance,"[190125.875, 191182.068, 192178.683, 193218.618]","[""digit_2.wav"", ""digit_3.wav"", ""digit_9.wav"", ""digit_4.wav""]","[{""audio_file"": ""digit_2.wav"", ""audio_start_global_ms"": 190125.875, ""audio_expected_duration_ms"": 500, ""audio_stop_global_ms"": 190625.875}, {""audio_file"": ""digit_3.wav"", ""audio_start_global_ms"": 191182.068, ""audio_expected_duration_ms"": 500, ""audio_stop_global_ms"": 191682.068}, {""audio_file"": ""digit_9.wav"", ""audio_start_global_ms"": 192178.683, ""audio_expected_duration_ms"": 500, ""audio_stop_global_ms"": 192678.683}, {""audio_file"": ""digit_4.wav"", ""audio_start_global_ms"": 193218.618, ""audio_expected_duration_ms"": 500, ""audio_stop_global_ms"": 193718.618}]",,190085.163,190125.875,272825.885,4000,82700.01,272825.885,0.0,"[{""stage_name"": ""fixation"", ""planned_duration_ms"": 100, ""intended_onset_ms"": 189985.163, ""actual_onset_global_ms"": 190123.303, ""actual_offset_global_ms"": 190139.676, ""actual_duration_ms"": 16.373}, {""stage_name"": ""auditory_sequence"", ""planned_duration_ms"": 4000, ""intended_onset_ms"": 190085.163, ""actual_onset_global_ms"": 190125.875, ""actual_offset_global_ms"": 193718.618, ""actual_duration_ms"": 3592.743}, {""stage_name"": ""wait"", ""planned_duration_ms"": 500, ""intended_onset_ms"": 193718.618, ""actual_onset_global_ms"": 193841.142, ""actual_offset_global_ms"": 194342.188, ""actual_duration_ms"": 501.046}, {""stage_name"": ""input_panel"", ""planned_duration_ms"": 15000, ""intended_onset_ms"": 194342.188, ""actual_onset_global_ms"": 194369.364, ""actual_offset_global_ms"": 272825.885, ""actual_duration_ms"": 78456.521}]",two_failures_in_span,6.0,,,,,,,,,,,,,,,,,,,,
045,045_T1_20260518_154031,Control,T1,standard,hci_substudy_v2,1,telemetry_v4,digit_span,1,formal_span_4,formal,3,2,12,formal,span_4,1779090031,61.075,2026-05-18T15:45:10.387,0,0,0,1,0.0,none,,,0.0,0.0,none,0.0,0.0,0.0,0.0,none,0.0,0.0,0.0,0.0,272832.765,272965.445,4.0,2.0,3.0,"[1, 7, 5, 2]","[""2"", ""5"", ""7"", ""1""]","[""2"", ""5"", ""7"", ""1""]",2571,onscreen_mouse,8806.706,50061.598,1,1,0.0,0.0,0.0,5.0,"[13656.687, 14870.833, 8115.996]",advance,"[272967.642, 274004.972, 275078.336, 276022.967]","[""digit_1.wav"", ""digit_7.wav"", ""digit_5.wav"", ""digit_2.wav""]","[{""audio_file"": ""digit_1.wav"", ""audio_start_global_ms"": 272967.642, ""audio_expected_duration_ms"": 500, ""audio_stop_global_ms"": 273467.642}, {""audio_file"": ""digit_7.wav"", ""audio_start_global_ms"": 274004.972, ""audio_expected_duration_ms"": 500, ""audio_stop_global_ms"": 274504.972}, {""audio_file"": ""digit_5.wav"", ""audio_start_global_ms"": 275078.336, ""audio_expected_duration_ms"": 500, ""audio_stop_global_ms"": 275578.336}, {""audio_file"": ""digit_2.wav"", ""audio_start_global_ms"": 276022.967, ""audio_expected_duration_ms"": 500, ""audio_stop_global_ms"": 276522.967}]",,272932.765,272967.642,327236.763,4000,54269.121,327236.763,0.0,"[{""stage_name"": ""fixation"", ""planned_duration_ms"": 100, ""intended_onset_ms"": 272832.765, ""actual_onset_global_ms"": 272965.445, ""actual_offset_global_ms"": 272981.818, ""actual_duration_ms"": 16.373}, {""stage_name"": ""auditory_sequence"", ""planned_duration_ms"": 4000, ""intended_onset_ms"": 272932.765, ""actual_onset_global_ms"": 272967.642, ""actual_offset_global_ms"": 276522.967, ""actual_duration_ms"": 3555.325}, {""stage_name"": ""wait"", ""planned_duration_ms"": 500, ""intended_onset_ms"": 276522.967, ""actual_onset_global_ms"": 276617.029, ""actual_offset_global_ms"": 277143.726, ""actual_duration_ms"": 526.697}, {""stage_name"": ""input_panel"", ""planned_duration_ms"": 15000, ""intended_onset_ms"": 277143.726, ""actual_onset_global_ms"": 277174.818, ""actual_offset_global_ms"": 327236.763, ""actual_duration_ms"": 50061.945}]",two_failures_in_span,6.0,,,,,,,,,,,,,,,,,,,,
045,045_T1_20260518_154031,Control,T1,standard,hci_substudy_v2,1,telemetry_v4,digit_span,1,formal_span_5,formal,4,1,13,formal,span_5,1779090031,61.075,2026-05-18T15:46:04.802,0,0,0,1,0.0,none,,,0.0,0.0,none,0.0,0.0,0.0,0.0,none,0.0,0.0,0.0,0.0,327247.324,327387.614,5.0,1.0,4.0,"[7, 1, 4, 2, 9]","[""9"", ""2"", ""4"", ""1"", ""7""]","[""1""]",1,onscreen_mouse,30774.863,34453.903,0,0,0.0,0.0,0.0,2.0,[],advance,"[327389.143, 328457.078, 329436.333, 330487.075, 331466.769]","[""digit_7.wav"", ""digit_1.wav"", ""digit_4.wav"", ""digit_2.wav"", ""digit_9.wav""]","[{""audio_file"": ""digit_7.wav"", ""audio_start_global_ms"": 327389.143, ""audio_expected_duration_ms"": 500, ""audio_stop_global_ms"": 327889.143}, {""audio_file"": ""digit_1.wav"", ""audio_start_global_ms"": 328457.078, ""audio_expected_duration_ms"": 500, ""audio_stop_global_ms"": 328957.078}, {""audio_file"": ""digit_4.wav"", ""audio_start_global_ms"": 329436.333, ""audio_expected_duration_ms"": 500, ""audio_stop_global_ms"": 329936.333}, {""audio_file"": ""digit_2.wav"", ""audio_start_global_ms"": 330487.075, ""audio_expected_duration_ms"": 500, ""audio_stop_global_ms"": 330987.075}, {""audio_file"": ""digit_9.wav"", ""audio_start_global_ms"": 331466.769, ""audio_expected_duration_ms"": 500, ""audio_stop_global_ms"": 331966.769}]",,327347.324,327389.143,367002.541,5000,39613.398,367002.541,0.0,"[{""stage_name"": ""fixation"", ""planned_duration_ms"": 100, ""intended_onset_ms"": 327247.324, ""actual_onset_global_ms"": 327387.614, ""actual_offset_global_ms"": 327403.987, ""actual_duration_ms"": 16.373}, {""stage_name"": ""auditory_sequence"", ""planned_duration_ms"": 5000, ""intended_onset_ms"": 327347.324, ""actual_onset_global_ms"": 327389.143, ""actual_offset_global_ms"": 331966.769, ""actual_duration_ms"": 4577.626}, {""stage_name"": ""wait"", ""planned_duration_ms"": 500, ""intended_onset_ms"": 331966.769, ""actual_onset_global_ms"": 332021.09, ""actual_offset_global_ms"": 332521.672, ""actual_duration_ms"": 500.582}, {""stage_name"": ""input_panel"", ""planned_duration_ms"": 15000, ""intended_onset_ms"": 332521.672, ""actual_onset_global_ms"": 332548.347, ""actual_offset_global_ms"": 367002.541, ""actual_duration_ms"": 34454.194}]",two_failures_in_span,6.0,,,,,,,,,,,,,,,,,,,,
045,045_T1_20260518_154031,Control,T1,standard,hci_substudy_v2,1,telemetry_v4,digit_span,1,formal_span_5,formal,4,2,14,formal,span_5,1779090031,61.075,2026-05-18T15:46:44.567,0,0,0,1,0.0,none,,,0.0,0.0,none,0.0,0.0,0.0,0.0,none,0.0,0.0,0.0,0.0,367012.175,367199.617,5.0,2.0,4.0,"[2, 5, 7, 9, 6]","[""6"", ""9"", ""7"", ""5"", ""2""]","[""6"", ""9"", ""7"", ""5"", ""2""]",69752,onscreen_mouse,13104.715,63043.849,1,1,0.0,0.0,0.0,6.0,"[7216.762, 9962.829, 22273.143, 5833.83]",advance,"[367202.608, 368247.662, 369256.647, 370275.968, 371220.178]","[""digit_2.wav"", ""digit_5.wav"", ""digit_7.wav"", ""digit_9.wav"", ""digit_6.wav""]","[{""audio_file"": ""digit_2.wav"", ""audio_start_global_ms"": 367202.608, ""audio_expected_duration_ms"": 500, ""audio_stop_global_ms"": 367702.608}, {""audio_file"": ""digit_5.wav"", ""audio_start_global_ms"": 368247.662, ""audio_expected_duration_ms"": 500, ""audio_stop_global_ms"": 368747.662}, {""audio_file"": ""digit_7.wav"", ""audio_start_global_ms"": 369256.647, ""audio_expected_duration_ms"": 500, ""audio_stop_global_ms"": 369756.647}, {""audio_file"": ""digit_9.wav"", ""audio_start_global_ms"": 370275.968, ""audio_expected_duration_ms"": 500, ""audio_stop_global_ms"": 370775.968}, {""audio_file"": ""digit_6.wav"", ""audio_start_global_ms"": 371220.178, ""audio_expected_duration_ms"": 500, ""audio_stop_global_ms"": 371720.178}]",,367112.175,367202.608,435401.1,5000,68198.492,435401.1,0.0,"[{""stage_name"": ""fixation"", ""planned_duration_ms"": 100, ""intended_onset_ms"": 367012.175, ""actual_onset_global_ms"": 367199.617, ""actual_offset_global_ms"": 367215.99, ""actual_duration_ms"": 16.373}, {""stage_name"": ""auditory_sequence"", ""planned_duration_ms"": 5000, ""intended_onset_ms"": 367112.175, ""actual_onset_global_ms"": 367202.608, ""actual_offset_global_ms"": 371720.178, ""actual_duration_ms"": 4517.57}, {""stage_name"": ""wait"", ""planned_duration_ms"": 500, ""intended_onset_ms"": 371720.178, ""actual_onset_global_ms"": 371806.969, ""actual_offset_global_ms"": 372327.689, ""actual_duration_ms"": 520.72}, {""stage_name"": ""input_panel"", ""planned_duration_ms"": 15000, ""intended_onset_ms"": 372327.689, ""actual_onset_global_ms"": 372357.058, ""actual_offset_global_ms"": 435401.1, ""actual_duration_ms"": 63044.042}]",two_failures_in_span,6.0,,,,,,,,,,,,,,,,,,,,
045,045_T1_20260518_154031,Control,T1,standard,hci_substudy_v2,1,telemetry_v4,digit_span,1,formal_span_6,formal,5,1,15,formal,span_6,1779090031,61.075,2026-05-18T15:47:52.967,0,0,0,1,0.0,none,,,0.0,0.0,none,0.0,0.0,0.0,0.0,none,0.0,0.0,0.0,0.0,435412.433,435560.294,6.0,1.0,5.0,"[9, 2, 8, 4, 6, 7]","[""7"", ""6"", ""4"", ""8"", ""2"", ""9""]","[""6""]",6,onscreen_mouse,19215.181,21932.233,0,0,0.0,0.0,0.0,2.0,[],terminate,"[435562.564, 436626.96, 437602.629, 438623.047, 439595.657, 440580.561]","[""digit_9.wav"", ""digit_2.wav"", ""digit_8.wav"", ""digit_4.wav"", ""digit_6.wav"", ""digit_7.wav""]","[{""audio_file"": ""digit_9.wav"", ""audio_start_global_ms"": 435562.564, ""audio_expected_duration_ms"": 500, ""audio_stop_global_ms"": 436062.564}, {""audio_file"": ""digit_2.wav"", ""audio_start_global_ms"": 436626.96, ""audio_expected_duration_ms"": 500, ""audio_stop_global_ms"": 437126.96}, {""audio_file"": ""digit_8.wav"", ""audio_start_global_ms"": 437602.629, ""audio_expected_duration_ms"": 500, ""audio_stop_global_ms"": 438102.629}, {""audio_file"": ""digit_4.wav"", ""audio_start_global_ms"": 438623.047, ""audio_expected_duration_ms"": 500, ""audio_stop_global_ms"": 439123.047}, {""audio_file"": ""digit_6.wav"", ""audio_start_global_ms"": 439595.657, ""audio_expected_duration_ms"": 500, ""audio_stop_global_ms"": 440095.657}, {""audio_file"": ""digit_7.wav"", ""audio_start_global_ms"": 440580.561, ""audio_expected_duration_ms"": 500, ""audio_stop_global_ms"": 441080.561}]",,435512.433,435562.564,463672.665,6000,28110.101,463672.665,0.0,"[{""stage_name"": ""fixation"", ""planned_duration_ms"": 100, ""intended_onset_ms"": 435412.433, ""actual_onset_global_ms"": 435560.294, ""actual_offset_global_ms"": 435576.667, ""actual_duration_ms"": 16.373}, {""stage_name"": ""auditory_sequence"", ""planned_duration_ms"": 6000, ""intended_onset_ms"": 435512.433, ""actual_onset_global_ms"": 435562.564, ""actual_offset_global_ms"": 441080.561, ""actual_duration_ms"": 5517.997}, {""stage_name"": ""wait"", ""planned_duration_ms"": 500, ""intended_onset_ms"": 441080.561, ""actual_onset_global_ms"": 441183.73, ""actual_offset_global_ms"": 441711.888, ""actual_duration_ms"": 528.158}, {""stage_name"": ""input_panel"", ""planned_duration_ms"": 15000, ""intended_onset_ms"": 441711.888, ""actual_onset_global_ms"": 441740.267, ""actual_offset_global_ms"": 463672.665, ""actual_duration_ms"": 21932.398}]",two_failures_in_span,6.0,,,,,,,,,,,,,,,,,,,,
045,045_T1_20260518_154031,Control,T1,standard,hci_substudy_v2,1,telemetry_v4,digit_span,1,formal_span_6,formal,5,2,16,formal,span_6,1779090031,61.075,2026-05-18T15:48:21.233,0,0,0,1,0.0,none,,,0.0,0.0,none,0.0,0.0,0.0,0.0,none,0.0,0.0,0.0,0.0,463678.817,463807.202,6.0,2.0,5.0,"[5, 6, 4, 8, 1, 7]","[""7"", ""1"", ""8"", ""4"", ""6"", ""5""]","[""8"", ""2"", ""6"", ""3"", ""1"", ""5"", ""5"", ""5"", ""5"", ""5"", ""5"", ""5"", ""5"", ""5"", ""5"", ""5"", ""5"", ""5"", ""5"", ""5"", ""5"", ""5"", ""5"", ""5"", ""5"", ""5""]",82631555555555555555555555,onscreen_mouse,3083.086,21227.234,0,0,0.0,0.0,0.0,27.0,"[1391.827, 1424.1, 1193.749, 1836.866, 3685.378, 1054.7, 320.479, 273.687, 273.247, 229.08, 269.701, 275.369, 266.887, 261.678, 222.294, 281.442, 233.458, 269.016, 325.938, 227.98, 276.544, 318.471, 278.276, 278.763, 314.863]",terminate,"[463810.112, 464861.109, 465838.88, 466974.901, 467862.785, 468865.87]","[""digit_5.wav"", ""digit_6.wav"", ""digit_4.wav"", ""digit_8.wav"", ""digit_1.wav"", ""digit_7.wav""]","[{""audio_file"": ""digit_5.wav"", ""audio_start_global_ms"": 463810.112, ""audio_expected_duration_ms"": 500, ""audio_stop_global_ms"": 464310.112}, {""audio_file"": ""digit_6.wav"", ""audio_start_global_ms"": 464861.109, ""audio_expected_duration_ms"": 500, ""audio_stop_global_ms"": 465361.109}, {""audio_file"": ""digit_4.wav"", ""audio_start_global_ms"": 465838.88, ""audio_expected_duration_ms"": 500, ""audio_stop_global_ms"": 466338.88}, {""audio_file"": ""digit_8.wav"", ""audio_start_global_ms"": 466974.901, ""audio_expected_duration_ms"": 500, ""audio_stop_global_ms"": 467474.901}, {""audio_file"": ""digit_1.wav"", ""audio_start_global_ms"": 467862.785, ""audio_expected_duration_ms"": 500, ""audio_stop_global_ms"": 468362.785}, {""audio_file"": ""digit_7.wav"", ""audio_start_global_ms"": 468865.87, ""audio_expected_duration_ms"": 500, ""audio_stop_global_ms"": 469365.87}]",,463778.817,463810.112,491245.97,6000,27435.858,491245.97,0.0,"[{""stage_name"": ""fixation"", ""planned_duration_ms"": 100, ""intended_onset_ms"": 463678.817, ""actual_onset_global_ms"": 463807.202, ""actual_offset_global_ms"": 463823.575, ""actual_duration_ms"": 16.373}, {""stage_name"": ""auditory_sequence"", ""planned_duration_ms"": 6000, ""intended_onset_ms"": 463778.817, ""actual_onset_global_ms"": 463810.112, ""actual_offset_global_ms"": 469365.87, ""actual_duration_ms"": 5555.758}, {""stage_name"": ""wait"", ""planned_duration_ms"": 500, ""intended_onset_ms"": 469365.87, ""actual_onset_global_ms"": 469499.499, ""actual_offset_global_ms"": 469993.802, ""actual_duration_ms"": 494.303}, {""stage_name"": ""input_panel"", ""planned_duration_ms"": 15000, ""intended_onset_ms"": 469993.802, ""actual_onset_global_ms"": 470018.455, ""actual_offset_global_ms"": 491245.97, ""actual_duration_ms"": 21227.515}]",two_failures_in_span,6.0,,,,,,,,,,,,,,,,,,,,
045,045_T1_20260518_154031,Control,T1,standard,hci_substudy_v2,1,telemetry_v4,change_detection,2,practice_cd,practice,1,1,1,practice,N2_change,1779090031,61.075,2026-05-18T15:49:11.967,0,0,0,1,,,,,,,,,,,,,,,,,514412.125,514464.356,,,,,,,,,,,1,1,,,,,,,,,,8808.774,518012.125,518137.731,527031.689,4000,8893.958,527181.689,,"[{""stage_name"": ""fixation"", ""planned_duration_ms"": 100, ""intended_onset_ms"": 514412.125, ""actual_onset_global_ms"": 514464.356, ""actual_offset_global_ms"": 514544.305, ""actual_duration_ms"": 79.949}, {""stage_name"": ""memory_array"", ""planned_duration_ms"": 2500, ""intended_onset_ms"": 514512.125, ""actual_onset_global_ms"": 514596.207, ""actual_offset_global_ms"": 517074.774, ""actual_duration_ms"": 2478.567}, {""stage_name"": ""delay"", ""planned_duration_ms"": 1000, ""intended_onset_ms"": 517074.774, ""actual_onset_global_ms"": 517081.371, ""actual_offset_global_ms"": 518078.903, ""actual_duration_ms"": 997.532}, {""stage_name"": ""test_array"", ""planned_duration_ms"": 4000, ""intended_onset_ms"": 518078.903, ""actual_onset_global_ms"": 518137.731, ""actual_offset_global_ms"": 527031.689, ""actual_duration_ms"": 8893.958}, {""stage_name"": ""feedback"", ""planned_duration_ms"": 150, ""intended_onset_ms"": 527031.689, ""actual_onset_global_ms"": 527067.087, ""actual_offset_global_ms"": 527206.358, ""actual_duration_ms"": 139.271}]",,,2.0,change,1.0,"[101.79, -135.26]","[[-259.08, -97.51], [101.79, -135.26]]","[""blue"", ""red""]","[""blue"", ""green""]",red,green,j,change,j,correct,correct.wav,527035.394,150.0,527535.394,2.0,1.0,1.0
045,045_T1_20260518_154031,Control,T1,standard,hci_substudy_v2,1,telemetry_v4,change_detection,2,practice_cd,practice,1,2,2,practice,N1_same,1779090031,61.075,2026-05-18T15:49:24.754,0,0,0,1,,,,,,,,,,,,,,,,,527200.002,527236.322,,,,,,,,,,,1,1,,,,,,,,,,3148.313,530800.002,530927.853,534134.511,4000,3206.658,534284.511,,"[{""stage_name"": ""fixation"", ""planned_duration_ms"": 100, ""intended_onset_ms"": 527200.002, ""actual_onset_global_ms"": 527236.322, ""actual_offset_global_ms"": 527342.253, ""actual_duration_ms"": 105.931}, {""stage_name"": ""memory_array"", ""planned_duration_ms"": 2500, ""intended_onset_ms"": 527300.002, ""actual_onset_global_ms"": 527383.458, ""actual_offset_global_ms"": 529879.526, ""actual_duration_ms"": 2496.068}, {""stage_name"": ""delay"", ""planned_duration_ms"": 1000, ""intended_onset_ms"": 529879.526, ""actual_onset_global_ms"": 529884.301, ""actual_offset_global_ms"": 530884.35, ""actual_duration_ms"": 1000.049}, {""stage_name"": ""test_array"", ""planned_duration_ms"": 4000, ""intended_onset_ms"": 530884.35, ""actual_onset_global_ms"": 530927.853, ""actual_offset_global_ms"": 534134.511, ""actual_duration_ms"": 3206.658}, {""stage_name"": ""feedback"", ""planned_duration_ms"": 150, ""intended_onset_ms"": 534134.511, ""actual_onset_global_ms"": 534170.792, ""actual_offset_global_ms"": 534313.259, ""actual_duration_ms"": 142.467}]",,,1.0,same,0.0,"[110.32, 190.67]","[[110.32, 190.67]]","[""blue""]","[""blue""]",blue,blue,s,same,s,correct,correct.wav,534135.515,150.0,534635.515,1.0,1.0,1.0
045,045_T1_20260518_154031,Control,T1,standard,hci_substudy_v2,1,telemetry_v4,change_detection,2,practice_cd,practice,1,3,3,practice,N2_change,1779090031,61.075,2026-05-18T15:49:31.855,0,0,0,1,,,,,,,,,,,,,,,,,534299.967,534321.474,,,,,,,,,,,1,1,,,,,,,,,,2679.415,537899.967,538027.828,540762.383,4000,2734.555,540912.383,,"[{""stage_name"": ""fixation"", ""planned_duration_ms"": 100, ""intended_onset_ms"": 534299.967, ""actual_onset_global_ms"": 534321.474, ""actual_offset_global_ms"": 534441.913, ""actual_duration_ms"": 120.439}, {""stage_name"": ""memory_array"", ""planned_duration_ms"": 2500, ""intended_onset_ms"": 534399.967, ""actual_onset_global_ms"": 534474.119, ""actual_offset_global_ms"": 536954.368, ""actual_duration_ms"": 2480.249}, {""stage_name"": ""delay"", ""planned_duration_ms"": 1000, ""intended_onset_ms"": 536954.368, ""actual_onset_global_ms"": 536957.925, ""actual_offset_global_ms"": 537970.039, ""actual_duration_ms"": 1012.114}, {""stage_name"": ""test_array"", ""planned_duration_ms"": 4000, ""intended_onset_ms"": 537970.039, ""actual_onset_global_ms"": 538027.828, ""actual_offset_global_ms"": 540762.383, ""actual_duration_ms"": 2734.555}, {""stage_name"": ""feedback"", ""planned_duration_ms"": 150, ""intended_onset_ms"": 540762.383, ""actual_onset_global_ms"": 540791.752, ""actual_offset_global_ms"": 540934.609, ""actual_duration_ms"": 142.857}]",,,2.0,change,1.0,"[252.87, -124.29]","[[133.08, 125.16], [252.87, -124.29]]","[""green"", ""red""]","[""green"", ""blue""]",red,blue,j,change,j,correct,correct.wav,540762.864,150.0,541262.864,5.0,1.0,1.0
045,045_T1_20260518_154031,Control,T1,standard,hci_substudy_v2,1,telemetry_v4,change_detection,2,practice_cd,practice,1,4,4,practice,N2_same,1779090031,61.075,2026-05-18T15:49:38.475,0,0,0,1,,,,,,,,,,,,,,,,,540921.129,540943.568,,,,,,,,,,,1,1,,,,,,,,,,3189.905,544521.129,544681.941,547949.532,4000,3267.591,548099.532,,"[{""stage_name"": ""fixation"", ""planned_duration_ms"": 100, ""intended_onset_ms"": 540921.129, ""actual_onset_global_ms"": 540943.568, ""actual_offset_global_ms"": 541063.039, ""actual_duration_ms"": 119.471}, {""stage_name"": ""memory_array"", ""planned_duration_ms"": 2500, ""intended_onset_ms"": 541021.129, ""actual_onset_global_ms"": 541106.871, ""actual_offset_global_ms"": 543603.951, ""actual_duration_ms"": 2497.08}, {""stage_name"": ""delay"", ""planned_duration_ms"": 1000, ""intended_onset_ms"": 543603.951, ""actual_onset_global_ms"": 543609.901, ""actual_offset_global_ms"": 544615.982, ""actual_duration_ms"": 1006.081}, {""stage_name"": ""test_array"", ""planned_duration_ms"": 4000, ""intended_onset_ms"": 544615.982, ""actual_onset_global_ms"": 544681.941, ""actual_offset_global_ms"": 547949.532, ""actual_duration_ms"": 3267.591}, {""stage_name"": ""feedback"", ""planned_duration_ms"": 150, ""intended_onset_ms"": 547949.532, ""actual_onset_global_ms"": 547981.038, ""actual_offset_global_ms"": 548120.902, ""actual_duration_ms"": 139.864}]",,,2.0,same,1.0,"[243.06, 241.98]","[[180.95, -233.66], [243.06, 241.98]]","[""green"", ""red""]","[""green"", ""red""]",red,red,s,same,s,correct,correct.wav,547950.251,150.0,548450.251,2.0,1.0,1.0
045,045_T1_20260518_154031,Control,T1,standard,hci_substudy_v2,1,telemetry_v4,change_detection,2,practice_cd,practice,1,5,5,practice,N1_change,1779090031,61.075,2026-05-18T15:49:45.662,0,0,0,1,,,,,,,,,,,,,,,,,548107.753,548131.04,,,,,,,,,,,1,1,,,,,,,,,,2496.756,551707.753,551795.907,554369.85,4000,2573.943,554519.85,,"[{""stage_name"": ""fixation"", ""planned_duration_ms"": 100, ""intended_onset_ms"": 548107.753, ""actual_onset_global_ms"": 548131.04, ""actual_offset_global_ms"": 548225.762, ""actual_duration_ms"": 94.722}, {""stage_name"": ""memory_array"", ""planned_duration_ms"": 2500, ""intended_onset_ms"": 548207.753, ""actual_onset_global_ms"": 548266.225, ""actual_offset_global_ms"": 550757.709, ""actual_duration_ms"": 2491.484}, {""stage_name"": ""delay"", ""planned_duration_ms"": 1000, ""intended_onset_ms"": 550757.709, ""actual_onset_global_ms"": 550764.455, ""actual_offset_global_ms"": 551758.435, ""actual_duration_ms"": 993.98}, {""stage_name"": ""test_array"", ""planned_duration_ms"": 4000, ""intended_onset_ms"": 551758.435, ""actual_onset_global_ms"": 551795.907, ""actual_offset_global_ms"": 554369.85, ""actual_duration_ms"": 2573.943}, {""stage_name"": ""feedback"", ""planned_duration_ms"": 150, ""intended_onset_ms"": 554369.85, ""actual_onset_global_ms"": 554403.583, ""actual_offset_global_ms"": 554540.108, ""actual_duration_ms"": 136.525}]",,,1.0,change,0.0,"[-248.82, 247.45]","[[-248.82, 247.45]]","[""purple""]","[""green""]",purple,green,j,change,j,correct,correct.wav,554370.544,150.0,554870.544,1.0,1.0,1.0
045,045_T1_20260518_154031,Control,T1,standard,hci_substudy_v2,1,telemetry_v4,change_detection,2,practice_cd,practice,1,6,6,practice,N1_same,1779090031,61.075,2026-05-18T15:49:52.081,0,0,0,1,,,,,,,,,,,,,,,,,554526.719,554548.857,,,,,,,,,,,1,1,,,,,,,,,,1613.082,558126.719,558226.45,559895.345,4000,1668.895,560045.345,,"[{""stage_name"": ""fixation"", ""planned_duration_ms"": 100, ""intended_onset_ms"": 554526.719, ""actual_onset_global_ms"": 554548.857, ""actual_offset_global_ms"": 554654.543, ""actual_duration_ms"": 105.686}, {""stage_name"": ""memory_array"", ""planned_duration_ms"": 2500, ""intended_onset_ms"": 554626.719, ""actual_onset_global_ms"": 554705.883, ""actual_offset_global_ms"": 557179.373, ""actual_duration_ms"": 2473.49}, {""stage_name"": ""delay"", ""planned_duration_ms"": 1000, ""intended_onset_ms"": 557179.373, ""actual_onset_global_ms"": 557186.489, ""actual_offset_global_ms"": 558185.111, ""actual_duration_ms"": 998.622}, {""stage_name"": ""test_array"", ""planned_duration_ms"": 4000, ""intended_onset_ms"": 558185.111, ""actual_onset_global_ms"": 558226.45, ""actual_offset_global_ms"": 559895.345, ""actual_duration_ms"": 1668.895}, {""stage_name"": ""feedback"", ""planned_duration_ms"": 150, ""intended_onset_ms"": 559895.345, ""actual_onset_global_ms"": 559928.383, ""actual_offset_global_ms"": 560074.896, ""actual_duration_ms"": 146.513}]",,,1.0,same,0.0,"[-8.4, -149.3]","[[-8.4, -149.3]]","[""blue""]","[""blue""]",blue,blue,s,same,s,correct,correct.wav,559896.198,150.0,560396.198,1.0,1.0,1.0
045,045_T1_20260518_154031,Control,T1,standard,hci_substudy_v2,1,telemetry_v4,change_detection,2,practice_cd,practice,1,7,7,practice,N2_same,1779090031,61.075,2026-05-18T15:49:57.615,0,0,0,1,,,,,,,,,,,,,,,,,560061.139,560083.515,,,,,,,,,,,1,1,,,,,,,,,,2273.833,563661.139,563791.706,566111.213,4000,2319.507,566261.213,,"[{""stage_name"": ""fixation"", ""planned_duration_ms"": 100, ""intended_onset_ms"": 560061.139, ""actual_onset_global_ms"": 560083.515, ""actual_offset_global_ms"": 560185.658, ""actual_duration_ms"": 102.143}, {""stage_name"": ""memory_array"", ""planned_duration_ms"": 2500, ""intended_onset_ms"": 560161.139, ""actual_onset_global_ms"": 560259.23, ""actual_offset_global_ms"": 562721.006, ""actual_duration_ms"": 2461.776}, {""stage_name"": ""delay"", ""planned_duration_ms"": 1000, ""intended_onset_ms"": 562721.006, ""actual_onset_global_ms"": 562730.824, ""actual_offset_global_ms"": 563747.58, ""actual_duration_ms"": 1016.756}, {""stage_name"": ""test_array"", ""planned_duration_ms"": 4000, ""intended_onset_ms"": 563747.58, ""actual_onset_global_ms"": 563791.706, ""actual_offset_global_ms"": 566111.213, ""actual_duration_ms"": 2319.507}, {""stage_name"": ""feedback"", ""planned_duration_ms"": 150, ""intended_onset_ms"": 566111.213, ""actual_onset_global_ms"": 566142.915, ""actual_offset_global_ms"": 566285.847, ""actual_duration_ms"": 142.932}]",,,2.0,same,1.0,"[100.53, 155.98]","[[-208.08, -111.95], [100.53, 155.98]]","[""yellow"", ""red""]","[""yellow"", ""red""]",red,red,s,same,s,correct,correct.wav,566112.017,150.0,566612.017,5.0,1.0,1.0
045,045_T1_20260518_154031,Control,T1,standard,hci_substudy_v2,1,telemetry_v4,change_detection,2,practice_cd,practice,1,8,8,practice,N1_change,1779090031,61.075,2026-05-18T15:50:03.829,0,0,0,1,,,,,,,,,,,,,,,,,566273.841,566298.244,,,,,,,,,,,1,1,,,,,,,,,,3353.975,569873.841,569982.537,573411.027,4000,3428.49,573561.027,,"[{""stage_name"": ""fixation"", ""planned_duration_ms"": 100, ""intended_onset_ms"": 566273.841, ""actual_onset_global_ms"": 566298.244, ""actual_offset_global_ms"": 566401.456, ""actual_duration_ms"": 103.212}, {""stage_name"": ""memory_array"", ""planned_duration_ms"": 2500, ""intended_onset_ms"": 566373.841, ""actual_onset_global_ms"": 566450.601, ""actual_offset_global_ms"": 568922.642, ""actual_duration_ms"": 2472.041}, {""stage_name"": ""delay"", ""planned_duration_ms"": 1000, ""intended_onset_ms"": 568922.642, ""actual_onset_global_ms"": 568929.732, ""actual_offset_global_ms"": 569948.868, ""actual_duration_ms"": 1019.136}, {""stage_name"": ""test_array"", ""planned_duration_ms"": 4000, ""intended_onset_ms"": 569948.868, ""actual_onset_global_ms"": 569982.537, ""actual_offset_global_ms"": 573411.027, ""actual_duration_ms"": 3428.49}, {""stage_name"": ""feedback"", ""planned_duration_ms"": 150, ""intended_onset_ms"": 573411.027, ""actual_onset_global_ms"": 573445.834, ""actual_offset_global_ms"": 573586.284, ""actual_duration_ms"": 140.45}]",,,1.0,change,0.0,"[-162.71, -195.87]","[[-162.71, -195.87]]","[""yellow""]","[""green""]",yellow,green,j,change,j,correct,correct.wav,573411.746,150.0,573911.746,1.0,1.0,1.0
045,045_T1_20260518_154031,Control,T1,standard,hci_substudy_v2,1,telemetry_v4,change_detection,2,formal_cd,formal,1,1,9,formal,N3_change,1779090031,61.075,2026-05-18T15:50:16.473,0,0,0,1,,,,,,,,,,,,,,,,,578918.319,578951.063,,,,,,,,,,,1,1,,,,,,,,,,4637.295,582518.319,582693.849,587378.096,4000,4684.247,587378.096,,"[{""stage_name"": ""fixation"", ""planned_duration_ms"": 100, ""intended_onset_ms"": 578918.319, ""actual_onset_global_ms"": 578951.063, ""actual_offset_global_ms"": 579065.927, ""actual_duration_ms"": 114.864}, {""stage_name"": ""memory_array"", ""planned_duration_ms"": 2500, ""intended_onset_ms"": 579018.319, ""actual_onset_global_ms"": 579137.702, ""actual_offset_global_ms"": 581596.393, ""actual_duration_ms"": 2458.691}, {""stage_name"": ""delay"", ""planned_duration_ms"": 1000, ""intended_onset_ms"": 581596.393, ""actual_onset_global_ms"": 581604.426, ""actual_offset_global_ms"": 582615.402, ""actual_duration_ms"": 1010.976}, {""stage_name"": ""test_array"", ""planned_duration_ms"": 4000, ""intended_onset_ms"": 582615.402, ""actual_onset_global_ms"": 582693.849, ""actual_offset_global_ms"": 587378.096, ""actual_duration_ms"": 4684.247}]",,,3.0,change,2.0,"[-139.68, -164.72]","[[190.7, -124.81], [140.34, -226.87], [-139.68, -164.72]]","[""purple"", ""blue"", ""red""]","[""purple"", ""blue"", ""yellow""]",red,yellow,j,change,j,,,,,,3.0,1.0,
045,045_T1_20260518_154031,Control,T1,standard,hci_substudy_v2,1,telemetry_v4,change_detection,2,formal_cd,formal,1,2,10,formal,N3_change,1779090031,61.075,2026-05-18T15:50:24.940,0,0,0,1,,,,,,,,,,,,,,,,,587385.582,587416.679,,,,,,,,,,,1,1,,,,,,,,,,5104.315,590985.582,591112.721,596236.041,4000,5123.32,596236.041,,"[{""stage_name"": ""fixation"", ""planned_duration_ms"": 100, ""intended_onset_ms"": 587385.582, ""actual_onset_global_ms"": 587416.679, ""actual_offset_global_ms"": 587531.539, ""actual_duration_ms"": 114.86}, {""stage_name"": ""memory_array"", ""planned_duration_ms"": 2500, ""intended_onset_ms"": 587485.582, ""actual_onset_global_ms"": 587620.243, ""actual_offset_global_ms"": 590036.937, ""actual_duration_ms"": 2416.694}, {""stage_name"": ""delay"", ""planned_duration_ms"": 1000, ""intended_onset_ms"": 590036.937, ""actual_onset_global_ms"": 590045.595, ""actual_offset_global_ms"": 591048.615, ""actual_duration_ms"": 1003.02}, {""stage_name"": ""test_array"", ""planned_duration_ms"": 4000, ""intended_onset_ms"": 591048.615, ""actual_onset_global_ms"": 591112.721, ""actual_offset_global_ms"": 596236.041, ""actual_duration_ms"": 5123.32}]",,,3.0,change,2.0,"[-229.8, 183.66]","[[-140.26, -103.64], [-211.12, -190.24], [-229.8, 183.66]]","[""purple"", ""red"", ""green""]","[""purple"", ""red"", ""yellow""]",green,yellow,j,change,j,,,,,,3.0,1.0,
045,045_T1_20260518_154031,Control,T1,standard,hci_substudy_v2,1,telemetry_v4,change_detection,2,formal_cd,formal,1,3,11,formal,N3_same,1779090031,61.075,2026-05-18T15:50:33.795,0,0,0,1,,,,,,,,,,,,,,,,,596240.104,596263.393,,,,,,,,,,,1,1,,,,,,,,,,3882.183,599840.104,599966.733,603900.116,4000,3933.383,603900.116,,"[{""stage_name"": ""fixation"", ""planned_duration_ms"": 100, ""intended_onset_ms"": 596240.104, ""actual_onset_global_ms"": 596263.393, ""actual_offset_global_ms"": 596366.868, ""actual_duration_ms"": 103.475}, {""stage_name"": ""memory_array"", ""planned_duration_ms"": 2500, ""intended_onset_ms"": 596340.104, ""actual_onset_global_ms"": 596425.211, ""actual_offset_global_ms"": 598875.879, ""actual_duration_ms"": 2450.668}, {""stage_name"": ""delay"", ""planned_duration_ms"": 1000, ""intended_onset_ms"": 598875.879, ""actual_onset_global_ms"": 598884.206, ""actual_offset_global_ms"": 599893.151, ""actual_duration_ms"": 1008.945}, {""stage_name"": ""test_array"", ""planned_duration_ms"": 4000, ""intended_onset_ms"": 599893.151, ""actual_onset_global_ms"": 599966.733, ""actual_offset_global_ms"": 603900.116, ""actual_duration_ms"": 3933.383}]",,,3.0,same,0.0,"[176.9, 5.55]","[[176.9, 5.55], [-216.43, -145.68], [193.44, 170.56]]","[""red"", ""green"", ""purple""]","[""red"", ""green"", ""purple""]",red,red,s,same,s,,,,,,5.0,1.0,
045,045_T1_20260518_154031,Control,T1,standard,hci_substudy_v2,1,telemetry_v4,change_detection,2,formal_cd,formal,1,4,12,formal,N2_same,1779090031,61.075,2026-05-18T15:50:41.459,0,0,0,1,,,,,,,,,,,,,,,,,603905.168,603928.562,,,,,,,,,,,1,1,,,,,,,,,,4785.831,607505.168,607621.519,612436.008,4000,4814.489,612436.008,,"[{""stage_name"": ""fixation"", ""planned_duration_ms"": 100, ""intended_onset_ms"": 603905.168, ""actual_onset_global_ms"": 603928.562, ""actual_offset_global_ms"": 604033.941, ""actual_duration_ms"": 105.379}, {""stage_name"": ""memory_array"", ""planned_duration_ms"": 2500, ""intended_onset_ms"": 604005.168, ""actual_onset_global_ms"": 604086.696, ""actual_offset_global_ms"": 606553.796, ""actual_duration_ms"": 2467.1}, {""stage_name"": ""delay"", ""planned_duration_ms"": 1000, ""intended_onset_ms"": 606553.796, ""actual_onset_global_ms"": 606556.049, ""actual_offset_global_ms"": 607570.99, ""actual_duration_ms"": 1014.941}, {""stage_name"": ""test_array"", ""planned_duration_ms"": 4000, ""intended_onset_ms"": 607570.99, ""actual_onset_global_ms"": 607621.519, ""actual_offset_global_ms"": 612436.008, ""actual_duration_ms"": 4814.489}]",,,2.0,same,1.0,"[258.2, -157.42]","[[12.71, 200.32], [258.2, -157.42]]","[""purple"", ""red""]","[""purple"", ""red""]",red,red,s,same,s,,,,,,2.0,1.0,
045,045_T1_20260518_154031,Control,T1,standard,hci_substudy_v2,1,telemetry_v4,change_detection,2,formal_cd,formal,1,5,13,formal,N2_same,1779090031,61.075,2026-05-18T15:50:49.997,0,0,0,1,,,,,,,,,,,,,,,,,612442.368,612464.354,,,,,,,,,,,1,1,,,,,,,,,,2836.743,616042.368,616190.795,619068.407,4000,2877.612,619068.407,,"[{""stage_name"": ""fixation"", ""planned_duration_ms"": 100, ""intended_onset_ms"": 612442.368, ""actual_onset_global_ms"": 612464.354, ""actual_offset_global_ms"": 612579.106, ""actual_duration_ms"": 114.752}, {""stage_name"": ""memory_array"", ""planned_duration_ms"": 2500, ""intended_onset_ms"": 612542.368, ""actual_onset_global_ms"": 612645.75, ""actual_offset_global_ms"": 615112.775, ""actual_duration_ms"": 2467.025}, {""stage_name"": ""delay"", ""planned_duration_ms"": 1000, ""intended_onset_ms"": 615112.775, ""actual_onset_global_ms"": 615121.331, ""actual_offset_global_ms"": 616132.436, ""actual_duration_ms"": 1011.105}, {""stage_name"": ""test_array"", ""planned_duration_ms"": 4000, ""intended_onset_ms"": 616132.436, ""actual_onset_global_ms"": 616190.795, ""actual_offset_global_ms"": 619068.407, ""actual_duration_ms"": 2877.612}]",,,2.0,same,0.0,"[94.33, 4.07]","[[94.33, 4.07], [-152.25, -250.83]]","[""yellow"", ""green""]","[""yellow"", ""green""]",yellow,yellow,s,same,s,,,,,,3.0,1.0,
045,045_T1_20260518_154031,Control,T1,standard,hci_substudy_v2,1,telemetry_v4,change_detection,2,formal_cd,formal,1,6,14,formal,N3_change,1779090031,61.075,2026-05-18T15:50:56.630,0,0,0,1,,,,,,,,,,,,,,,,,619075.449,619101.996,,,,,,,,,,,1,1,,,,,,,,,,3657.671,622675.449,622811.758,626540.488,4000,3728.73,626540.488,,"[{""stage_name"": ""fixation"", ""planned_duration_ms"": 100, ""intended_onset_ms"": 619075.449, ""actual_onset_global_ms"": 619101.996, ""actual_offset_global_ms"": 619212.737, ""actual_duration_ms"": 110.741}, {""stage_name"": ""memory_array"", ""planned_duration_ms"": 2500, ""intended_onset_ms"": 619175.449, ""actual_onset_global_ms"": 619302.632, ""actual_offset_global_ms"": 621716.77, ""actual_duration_ms"": 2414.138}, {""stage_name"": ""delay"", ""planned_duration_ms"": 1000, ""intended_onset_ms"": 621716.77, ""actual_onset_global_ms"": 621724.074, ""actual_offset_global_ms"": 622733.515, ""actual_duration_ms"": 1009.441}, {""stage_name"": ""test_array"", ""planned_duration_ms"": 4000, ""intended_onset_ms"": 622733.515, ""actual_onset_global_ms"": 622811.758, ""actual_offset_global_ms"": 626540.488, ""actual_duration_ms"": 3728.73}]",,,3.0,change,0.0,"[143.62, -138.35]","[[143.62, -138.35], [-89.29, -168.46], [-159.31, -13.45]]","[""yellow"", ""blue"", ""red""]","[""purple"", ""blue"", ""red""]",yellow,purple,j,change,j,,,,,,5.0,1.0,
045,045_T1_20260518_154031,Control,T1,standard,hci_substudy_v2,1,telemetry_v4,change_detection,2,formal_cd,formal,1,7,15,formal,N4_change,1779090031,61.075,2026-05-18T15:51:04.103,0,0,0,1,,,,,,,,,,,,,,,,,626549.279,626581.095,,,,,,,,,,,0,0,,,,,,,,,,13343.153,630149.279,630354.667,643810.183,4000,13455.516,643810.183,,"[{""stage_name"": ""fixation"", ""planned_duration_ms"": 100, ""intended_onset_ms"": 626549.279, ""actual_onset_global_ms"": 626581.095, ""actual_offset_global_ms"": 626692.183, ""actual_duration_ms"": 111.088}, {""stage_name"": ""memory_array"", ""planned_duration_ms"": 2500, ""intended_onset_ms"": 626649.279, ""actual_onset_global_ms"": 626784.108, ""actual_offset_global_ms"": 629246.04, ""actual_duration_ms"": 2461.932}, {""stage_name"": ""delay"", ""planned_duration_ms"": 1000, ""intended_onset_ms"": 629246.04, ""actual_onset_global_ms"": 629243.155, ""actual_offset_global_ms"": 630264.323, ""actual_duration_ms"": 1021.168}, {""stage_name"": ""test_array"", ""planned_duration_ms"": 4000, ""intended_onset_ms"": 630264.323, ""actual_onset_global_ms"": 630354.667, ""actual_offset_global_ms"": 643810.183, ""actual_duration_ms"": 13455.516}]",,,4.0,change,2.0,"[-225.53, -162.77]","[[-169.21, -250.12], [259.38, -86.68], [-225.53, -162.77], [-1.39, -191.26]]","[""red"", ""purple"", ""blue"", ""green""]","[""red"", ""purple"", ""yellow"", ""green""]",blue,yellow,s,same,j,,,,,,5.0,1.0,
045,045_T1_20260518_154031,Control,T1,standard,hci_substudy_v2,1,telemetry_v4,change_detection,2,formal_cd,formal,1,8,16,formal,N3_change,1779090031,61.075,2026-05-18T15:51:21.373,0,0,0,1,,,,,,,,,,,,,,,,,643818.55,643845.042,,,,,,,,,,,1,1,,,,,,,,,,2462.016,647418.55,647578.757,650138.002,4000,2559.245,650138.002,,"[{""stage_name"": ""fixation"", ""planned_duration_ms"": 100, ""intended_onset_ms"": 643818.55, ""actual_onset_global_ms"": 643845.042, ""actual_offset_global_ms"": 643952.406, ""actual_duration_ms"": 107.364}, {""stage_name"": ""memory_array"", ""planned_duration_ms"": 2500, ""intended_onset_ms"": 643918.55, ""actual_onset_global_ms"": 644030.051, ""actual_offset_global_ms"": 646508.654, ""actual_duration_ms"": 2478.603}, {""stage_name"": ""delay"", ""planned_duration_ms"": 1000, ""intended_onset_ms"": 646508.654, ""actual_onset_global_ms"": 646511.313, ""actual_offset_global_ms"": 647510.114, ""actual_duration_ms"": 998.801}, {""stage_name"": ""test_array"", ""planned_duration_ms"": 4000, ""intended_onset_ms"": 647510.114, ""actual_onset_global_ms"": 647578.757, ""actual_offset_global_ms"": 650138.002, ""actual_duration_ms"": 2559.245}]",,,3.0,change,1.0,"[-226.98, -27.15]","[[232.71, 16.49], [-226.98, -27.15], [-252.51, 85.86]]","[""yellow"", ""blue"", ""purple""]","[""yellow"", ""red"", ""purple""]",blue,red,j,change,j,,,,,,3.0,1.0,
045,045_T1_20260518_154031,Control,T1,standard,hci_substudy_v2,1,telemetry_v4,change_detection,2,formal_cd,formal,1,9,17,formal,N4_same,1779090031,61.075,2026-05-18T15:51:27.700,0,0,0,1,,,,,,,,,,,,,,,,,650146.0,650178.15,,,,,,,,,,,1,1,,,,,,,,,,5157.011,653746.0,653940.185,659157.899,4000,5217.714,659157.899,,"[{""stage_name"": ""fixation"", ""planned_duration_ms"": 100, ""intended_onset_ms"": 650146.0, ""actual_onset_global_ms"": 650178.15, ""actual_offset_global_ms"": 650288.742, ""actual_duration_ms"": 110.592}, {""stage_name"": ""memory_array"", ""planned_duration_ms"": 2500, ""intended_onset_ms"": 650246.0, ""actual_onset_global_ms"": 650379.34, ""actual_offset_global_ms"": 652845.964, ""actual_duration_ms"": 2466.624}, {""stage_name"": ""delay"", ""planned_duration_ms"": 1000, ""intended_onset_ms"": 652845.964, ""actual_onset_global_ms"": 652845.517, ""actual_offset_global_ms"": 653856.9, ""actual_duration_ms"": 1011.383}, {""stage_name"": ""test_array"", ""planned_duration_ms"": 4000, ""intended_onset_ms"": 653856.9, ""actual_onset_global_ms"": 653940.185, ""actual_offset_global_ms"": 659157.899, ""actual_duration_ms"": 5217.714}]",,,4.0,same,3.0,"[169.85, -182.54]","[[201.6, 95.46], [18.32, 151.45], [-189.31, -216.5], [169.85, -182.54]]","[""yellow"", ""green"", ""red"", ""blue""]","[""yellow"", ""green"", ""red"", ""blue""]",blue,blue,s,same,s,,,,,,4.0,1.0,
045,045_T1_20260518_154031,Control,T1,standard,hci_substudy_v2,1,telemetry_v4,change_detection,2,formal_cd,formal,1,10,18,formal,N1_change,1779090031,61.075,2026-05-18T15:51:36.716,0,0,0,1,,,,,,,,,,,,,,,,,659162.247,659186.722,,,,,,,,,,,1,1,,,,,,,,,,3830.889,662762.247,662884.507,666794.745,4000,3910.238,666794.745,,"[{""stage_name"": ""fixation"", ""planned_duration_ms"": 100, ""intended_onset_ms"": 659162.247, ""actual_onset_global_ms"": 659186.722, ""actual_offset_global_ms"": 659303.555, ""actual_duration_ms"": 116.833}, {""stage_name"": ""memory_array"", ""planned_duration_ms"": 2500, ""intended_onset_ms"": 659262.247, ""actual_onset_global_ms"": 659346.914, ""actual_offset_global_ms"": 661827.999, ""actual_duration_ms"": 2481.085}, {""stage_name"": ""delay"", ""planned_duration_ms"": 1000, ""intended_onset_ms"": 661827.999, ""actual_onset_global_ms"": 661832.381, ""actual_offset_global_ms"": 662844.362, ""actual_duration_ms"": 1011.981}, {""stage_name"": ""test_array"", ""planned_duration_ms"": 4000, ""intended_onset_ms"": 662844.362, ""actual_onset_global_ms"": 662884.507, ""actual_offset_global_ms"": 666794.745, ""actual_duration_ms"": 3910.238}]",,,1.0,change,0.0,"[-150.03, 236.91]","[[-150.03, 236.91]]","[""purple""]","[""green""]",purple,green,j,change,j,,,,,,1.0,1.0,
045,045_T1_20260518_154031,Control,T1,standard,hci_substudy_v2,1,telemetry_v4,change_detection,2,formal_cd,formal,1,11,19,formal,N2_change,1779090031,61.075,2026-05-18T15:51:44.360,0,0,0,1,,,,,,,,,,,,,,,,,666806.01,666837.213,,,,,,,,,,,1,1,,,,,,,,,,9353.656,670406.01,670509.149,679924.595,4000,9415.446,679924.595,,"[{""stage_name"": ""fixation"", ""planned_duration_ms"": 100, ""intended_onset_ms"": 666806.01, ""actual_onset_global_ms"": 666837.213, ""actual_offset_global_ms"": 666952.31, ""actual_duration_ms"": 115.097}, {""stage_name"": ""memory_array"", ""planned_duration_ms"": 2500, ""intended_onset_ms"": 666906.01, ""actual_onset_global_ms"": 667005.746, ""actual_offset_global_ms"": 669454.006, ""actual_duration_ms"": 2448.26}, {""stage_name"": ""delay"", ""planned_duration_ms"": 1000, ""intended_onset_ms"": 669454.006, ""actual_onset_global_ms"": 669465.378, ""actual_offset_global_ms"": 670477.238, ""actual_duration_ms"": 1011.86}, {""stage_name"": ""test_array"", ""planned_duration_ms"": 4000, ""intended_onset_ms"": 670477.238, ""actual_onset_global_ms"": 670509.149, ""actual_offset_global_ms"": 679924.595, ""actual_duration_ms"": 9415.446}]",,,2.0,change,1.0,"[246.84, -185.23]","[[-59.87, 186.3], [246.84, -185.23]]","[""green"", ""yellow""]","[""green"", ""blue""]",yellow,blue,j,change,j,,,,,,2.0,1.0,
045,045_T1_20260518_154031,Control,T1,standard,hci_substudy_v2,1,telemetry_v4,change_detection,2,formal_cd,formal,1,12,20,formal,N4_change,1779090031,61.075,2026-05-18T15:51:57.487,0,0,0,1,,,,,,,,,,,,,,,,,679932.908,679962.369,,,,,,,,,,,1,1,,,,,,,,,,6121.331,683532.908,683668.151,689859.434,4000,6191.283,689859.434,,"[{""stage_name"": ""fixation"", ""planned_duration_ms"": 100, ""intended_onset_ms"": 679932.908, ""actual_onset_global_ms"": 679962.369, ""actual_offset_global_ms"": 680070.986, ""actual_duration_ms"": 108.617}, {""stage_name"": ""memory_array"", ""planned_duration_ms"": 2500, ""intended_onset_ms"": 680032.908, ""actual_onset_global_ms"": 680165.908, ""actual_offset_global_ms"": 682576.228, ""actual_duration_ms"": 2410.32}, {""stage_name"": ""delay"", ""planned_duration_ms"": 1000, ""intended_onset_ms"": 682576.228, ""actual_onset_global_ms"": 682583.416, ""actual_offset_global_ms"": 683597.055, ""actual_duration_ms"": 1013.639}, {""stage_name"": ""test_array"", ""planned_duration_ms"": 4000, ""intended_onset_ms"": 683597.055, ""actual_onset_global_ms"": 683668.151, ""actual_offset_global_ms"": 689859.434, ""actual_duration_ms"": 6191.283}]",,,4.0,change,1.0,"[111.5, 134.35]","[[209.06, 181.83], [111.5, 134.35], [-185.57, -37.39], [208.82, -218.66]]","[""red"", ""yellow"", ""green"", ""blue""]","[""red"", ""purple"", ""green"", ""blue""]",yellow,purple,j,change,j,,,,,,6.0,1.0,
045,045_T1_20260518_154031,Control,T1,standard,hci_substudy_v2,1,telemetry_v4,change_detection,2,formal_cd,formal,1,13,21,formal,N4_same,1779090031,61.075,2026-05-18T15:52:07.425,0,0,0,1,,,,,,,,,,,,,,,,,689870.459,689903.086,,,,,,,,,,,1,1,,,,,,,,,,4334.491,693470.459,693668.347,698021.31,4000,4352.963,698021.31,,"[{""stage_name"": ""fixation"", ""planned_duration_ms"": 100, ""intended_onset_ms"": 689870.459, ""actual_onset_global_ms"": 689903.086, ""actual_offset_global_ms"": 690015.885, ""actual_duration_ms"": 112.799}, {""stage_name"": ""memory_array"", ""planned_duration_ms"": 2500, ""intended_onset_ms"": 689970.459, ""actual_onset_global_ms"": 690123.624, ""actual_offset_global_ms"": 692567.182, ""actual_duration_ms"": 2443.558}, {""stage_name"": ""delay"", ""planned_duration_ms"": 1000, ""intended_onset_ms"": 692567.182, ""actual_onset_global_ms"": 692574.694, ""actual_offset_global_ms"": 693576.439, ""actual_duration_ms"": 1001.745}, {""stage_name"": ""test_array"", ""planned_duration_ms"": 4000, ""intended_onset_ms"": 693576.439, ""actual_onset_global_ms"": 693668.347, ""actual_offset_global_ms"": 698021.31, ""actual_duration_ms"": 4352.963}]",,,4.0,same,2.0,"[-4.92, -237.62]","[[-79.97, 183.17], [244.91, 37.09], [-4.92, -237.62], [-129.56, 28.39]]","[""purple"", ""green"", ""red"", ""blue""]","[""purple"", ""green"", ""red"", ""blue""]",red,red,s,same,s,,,,,,4.0,1.0,
045,045_T1_20260518_154031,Control,T1,standard,hci_substudy_v2,1,telemetry_v4,change_detection,2,formal_cd,formal,1,14,22,formal,N4_same,1779090031,61.075,2026-05-18T15:52:15.581,0,0,0,1,,,,,,,,,,,,,,,,,698026.336,698050.205,,,,,,,,,,,1,1,,,,,,,,,,11137.193,701626.336,701861.651,713084.04,4000,11222.389,713084.04,,"[{""stage_name"": ""fixation"", ""planned_duration_ms"": 100, ""intended_onset_ms"": 698026.336, ""actual_onset_global_ms"": 698050.205, ""actual_offset_global_ms"": 698164.25, ""actual_duration_ms"": 114.045}, {""stage_name"": ""memory_array"", ""planned_duration_ms"": 2500, ""intended_onset_ms"": 698126.336, ""actual_onset_global_ms"": 698273.461, ""actual_offset_global_ms"": 700739.094, ""actual_duration_ms"": 2465.633}, {""stage_name"": ""delay"", ""planned_duration_ms"": 1000, ""intended_onset_ms"": 700739.094, ""actual_onset_global_ms"": 700746.679, ""actual_offset_global_ms"": 701752.35, ""actual_duration_ms"": 1005.671}, {""stage_name"": ""test_array"", ""planned_duration_ms"": 4000, ""intended_onset_ms"": 701752.35, ""actual_onset_global_ms"": 701861.651, ""actual_offset_global_ms"": 713084.04, ""actual_duration_ms"": 11222.389}]",,,4.0,same,2.0,"[54.85, -175.53]","[[-25.35, -246.49], [148.86, 229.21], [54.85, -175.53], [-159.94, -115.16]]","[""yellow"", ""green"", ""red"", ""purple""]","[""yellow"", ""green"", ""red"", ""purple""]",red,red,s,same,s,,,,,,7.0,1.0,
045,045_T1_20260518_154031,Control,T1,standard,hci_substudy_v2,1,telemetry_v4,change_detection,2,formal_cd,formal,1,15,23,formal,N1_change,1779090031,61.075,2026-05-18T15:52:30.648,0,0,0,1,,,,,,,,,,,,,,,,,713094.321,713126.167,,,,,,,,,,,1,1,,,,,,,,,,3501.347,716694.321,716793.946,720353.44,4000,3559.494,720353.44,,"[{""stage_name"": ""fixation"", ""planned_duration_ms"": 100, ""intended_onset_ms"": 713094.321, ""actual_onset_global_ms"": 713126.167, ""actual_offset_global_ms"": 713243.394, ""actual_duration_ms"": 117.227}, {""stage_name"": ""memory_array"", ""planned_duration_ms"": 2500, ""intended_onset_ms"": 713194.321, ""actual_onset_global_ms"": 713284.907, ""actual_offset_global_ms"": 715751.732, ""actual_duration_ms"": 2466.825}, {""stage_name"": ""delay"", ""planned_duration_ms"": 1000, ""intended_onset_ms"": 715751.732, ""actual_onset_global_ms"": 715756.142, ""actual_offset_global_ms"": 716755.605, ""actual_duration_ms"": 999.463}, {""stage_name"": ""test_array"", ""planned_duration_ms"": 4000, ""intended_onset_ms"": 716755.605, ""actual_onset_global_ms"": 716793.946, ""actual_offset_global_ms"": 720353.44, ""actual_duration_ms"": 3559.494}]",,,1.0,change,0.0,"[-34.93, -229.75]","[[-34.93, -229.75]]","[""red""]","[""blue""]",red,blue,j,change,j,,,,,,2.0,1.0,
045,045_T1_20260518_154031,Control,T1,standard,hci_substudy_v2,1,telemetry_v4,change_detection,2,formal_cd,formal,1,16,24,formal,N1_change,1779090031,61.075,2026-05-18T15:52:37.916,0,0,0,1,,,,,,,,,,,,,,,,,720360.722,720388.669,,,,,,,,,,,1,1,,,,,,,,,,2726.81,723960.722,724063.79,726821.655,4000,2757.865,726821.655,,"[{""stage_name"": ""fixation"", ""planned_duration_ms"": 100, ""intended_onset_ms"": 720360.722, ""actual_onset_global_ms"": 720388.669, ""actual_offset_global_ms"": 720498.075, ""actual_duration_ms"": 109.406}, {""stage_name"": ""memory_array"", ""planned_duration_ms"": 2500, ""intended_onset_ms"": 720460.722, ""actual_onset_global_ms"": 720538.134, ""actual_offset_global_ms"": 723003.951, ""actual_duration_ms"": 2465.817}, {""stage_name"": ""delay"", ""planned_duration_ms"": 1000, ""intended_onset_ms"": 723003.951, ""actual_onset_global_ms"": 723006.179, ""actual_offset_global_ms"": 724023.107, ""actual_duration_ms"": 1016.928}, {""stage_name"": ""test_array"", ""planned_duration_ms"": 4000, ""intended_onset_ms"": 724023.107, ""actual_onset_global_ms"": 724063.79, ""actual_offset_global_ms"": 726821.655, ""actual_duration_ms"": 2757.865}]",,,1.0,change,0.0,"[132.29, 179.53]","[[132.29, 179.53]]","[""yellow""]","[""blue""]",yellow,blue,j,change,j,,,,,,1.0,1.0,
045,045_T1_20260518_154031,Control,T1,standard,hci_substudy_v2,1,telemetry_v4,change_detection,2,formal_cd,formal,1,17,25,formal,N2_same,1779090031,61.075,2026-05-18T15:52:44.386,0,0,0,1,,,,,,,,,,,,,,,,,726831.827,726861.824,,,,,,,,,,,1,1,,,,,,,,,,1907.621,730431.827,730536.38,732497.915,4000,1961.535,732497.915,,"[{""stage_name"": ""fixation"", ""planned_duration_ms"": 100, ""intended_onset_ms"": 726831.827, ""actual_onset_global_ms"": 726861.824, ""actual_offset_global_ms"": 726976.303, ""actual_duration_ms"": 114.479}, {""stage_name"": ""memory_array"", ""planned_duration_ms"": 2500, ""intended_onset_ms"": 726931.827, ""actual_onset_global_ms"": 727030.761, ""actual_offset_global_ms"": 729477.066, ""actual_duration_ms"": 2446.305}, {""stage_name"": ""delay"", ""planned_duration_ms"": 1000, ""intended_onset_ms"": 729477.066, ""actual_onset_global_ms"": 729481.128, ""actual_offset_global_ms"": 730501.898, ""actual_duration_ms"": 1020.77}, {""stage_name"": ""test_array"", ""planned_duration_ms"": 4000, ""intended_onset_ms"": 730501.898, ""actual_onset_global_ms"": 730536.38, ""actual_offset_global_ms"": 732497.915, ""actual_duration_ms"": 1961.535}]",,,2.0,same,1.0,"[-64.09, 256.35]","[[-170.38, -99.83], [-64.09, 256.35]]","[""yellow"", ""purple""]","[""yellow"", ""purple""]",purple,purple,s,same,s,,,,,,2.0,1.0,
045,045_T1_20260518_154031,Control,T1,standard,hci_substudy_v2,1,telemetry_v4,change_detection,2,formal_cd,formal,1,18,26,formal,N1_same,1779090031,61.075,2026-05-18T15:52:50.060,0,0,0,1,,,,,,,,,,,,,,,,,732506.06,732535.181,,,,,,,,,,,1,1,,,,,,,,,,2017.37,736106.06,736248.605,738299.6,4000,2050.995,738299.6,,"[{""stage_name"": ""fixation"", ""planned_duration_ms"": 100, ""intended_onset_ms"": 732506.06, ""actual_onset_global_ms"": 732535.181, ""actual_offset_global_ms"": 732643.736, ""actual_duration_ms"": 108.555}, {""stage_name"": ""memory_array"", ""planned_duration_ms"": 2500, ""intended_onset_ms"": 732606.06, ""actual_onset_global_ms"": 732685.952, ""actual_offset_global_ms"": 735189.733, ""actual_duration_ms"": 2503.781}, {""stage_name"": ""delay"", ""planned_duration_ms"": 1000, ""intended_onset_ms"": 735189.733, ""actual_onset_global_ms"": 735197.828, ""actual_offset_global_ms"": 736213.105, ""actual_duration_ms"": 1015.277}, {""stage_name"": ""test_array"", ""planned_duration_ms"": 4000, ""intended_onset_ms"": 736213.105, ""actual_onset_global_ms"": 736248.605, ""actual_offset_global_ms"": 738299.6, ""actual_duration_ms"": 2050.995}]",,,1.0,same,0.0,"[240.97, -13.13]","[[240.97, -13.13]]","[""purple""]","[""purple""]",purple,purple,s,same,s,,,,,,1.0,1.0,
045,045_T1_20260518_154031,Control,T1,standard,hci_substudy_v2,1,telemetry_v4,change_detection,2,formal_cd,formal,1,19,27,formal,N1_change,1779090031,61.075,2026-05-18T15:52:55.864,0,0,0,1,,,,,,,,,,,,,,,,,738309.559,738342.584,,,,,,,,,,,1,1,,,,,,,,,,2301.827,741909.559,742023.222,744396.163,4000,2372.941,744396.163,,"[{""stage_name"": ""fixation"", ""planned_duration_ms"": 100, ""intended_onset_ms"": 738309.559, ""actual_onset_global_ms"": 738342.584, ""actual_offset_global_ms"": 738458.237, ""actual_duration_ms"": 115.653}, {""stage_name"": ""memory_array"", ""planned_duration_ms"": 2500, ""intended_onset_ms"": 738409.559, ""actual_onset_global_ms"": 738506.092, ""actual_offset_global_ms"": 740962.138, ""actual_duration_ms"": 2456.046}, {""stage_name"": ""delay"", ""planned_duration_ms"": 1000, ""intended_onset_ms"": 740962.138, ""actual_onset_global_ms"": 740965.241, ""actual_offset_global_ms"": 741983.564, ""actual_duration_ms"": 1018.323}, {""stage_name"": ""test_array"", ""planned_duration_ms"": 4000, ""intended_onset_ms"": 741983.564, ""actual_onset_global_ms"": 742023.222, ""actual_offset_global_ms"": 744396.163, ""actual_duration_ms"": 2372.941}]",,,1.0,change,0.0,"[131.26, -184.59]","[[131.26, -184.59]]","[""blue""]","[""yellow""]",blue,yellow,j,change,j,,,,,,1.0,1.0,
045,045_T1_20260518_154031,Control,T1,standard,hci_substudy_v2,1,telemetry_v4,change_detection,2,formal_cd,formal,1,20,28,formal,N2_same,1779090031,61.075,2026-05-18T15:53:01.960,0,0,0,1,,,,,,,,,,,,,,,,,744405.584,744436.164,,,,,,,,,,,1,1,,,,,,,,,,2110.814,748005.584,748137.4,750337.575,4000,2200.175,750337.575,,"[{""stage_name"": ""fixation"", ""planned_duration_ms"": 100, ""intended_onset_ms"": 744405.584, ""actual_onset_global_ms"": 744436.164, ""actual_offset_global_ms"": 744547.051, ""actual_duration_ms"": 110.887}, {""stage_name"": ""memory_array"", ""planned_duration_ms"": 2500, ""intended_onset_ms"": 744505.584, ""actual_onset_global_ms"": 744589.119, ""actual_offset_global_ms"": 747059.52, ""actual_duration_ms"": 2470.401}, {""stage_name"": ""delay"", ""planned_duration_ms"": 1000, ""intended_onset_ms"": 747059.52, ""actual_onset_global_ms"": 747066.316, ""actual_offset_global_ms"": 748082.372, ""actual_duration_ms"": 1016.056}, {""stage_name"": ""test_array"", ""planned_duration_ms"": 4000, ""intended_onset_ms"": 748082.372, ""actual_onset_global_ms"": 748137.4, ""actual_offset_global_ms"": 750337.575, ""actual_duration_ms"": 2200.175}]",,,2.0,same,0.0,"[18.58, 175.64]","[[18.58, 175.64], [190.94, 86.25]]","[""yellow"", ""red""]","[""yellow"", ""red""]",yellow,yellow,s,same,s,,,,,,2.0,1.0,
045,045_T1_20260518_154031,Control,T1,standard,hci_substudy_v2,1,telemetry_v4,change_detection,2,formal_cd,formal,1,21,29,formal,N4_same,1779090031,61.075,2026-05-18T15:53:07.903,0,0,0,1,,,,,,,,,,,,,,,,,750348.134,750384.145,,,,,,,,,,,1,1,,,,,,,,,,5791.815,753948.134,754139.529,759995.728,4000,5856.199,759995.728,,"[{""stage_name"": ""fixation"", ""planned_duration_ms"": 100, ""intended_onset_ms"": 750348.134, ""actual_onset_global_ms"": 750384.145, ""actual_offset_global_ms"": 750467.12, ""actual_duration_ms"": 82.975}, {""stage_name"": ""memory_array"", ""planned_duration_ms"": 2500, ""intended_onset_ms"": 750448.134, ""actual_onset_global_ms"": 750540.162, ""actual_offset_global_ms"": 753039.709, ""actual_duration_ms"": 2499.547}, {""stage_name"": ""delay"", ""planned_duration_ms"": 1000, ""intended_onset_ms"": 753039.709, ""actual_onset_global_ms"": 753044.16, ""actual_offset_global_ms"": 754050.41, ""actual_duration_ms"": 1006.25}, {""stage_name"": ""test_array"", ""planned_duration_ms"": 4000, ""intended_onset_ms"": 754050.41, ""actual_onset_global_ms"": 754139.529, ""actual_offset_global_ms"": 759995.728, ""actual_duration_ms"": 5856.199}]",,,4.0,same,3.0,"[34.92, 185.5]","[[-184.43, 2.51], [148.56, 76.78], [-103.29, -93.39], [34.92, 185.5]]","[""red"", ""yellow"", ""green"", ""blue""]","[""red"", ""yellow"", ""green"", ""blue""]",blue,blue,s,same,s,,,,,,6.0,1.0,
045,045_T1_20260518_154031,Control,T1,standard,hci_substudy_v2,1,telemetry_v4,change_detection,2,formal_cd,formal,1,22,30,formal,N1_change,1779090031,61.075,2026-05-18T15:53:17.555,0,0,0,1,,,,,,,,,,,,,,,,,759999.721,760021.767,,,,,,,,,,,1,1,,,,,,,,,,5172.041,763599.721,763676.365,768879.767,4000,5203.402,768879.767,,"[{""stage_name"": ""fixation"", ""planned_duration_ms"": 100, ""intended_onset_ms"": 759999.721, ""actual_onset_global_ms"": 760021.767, ""actual_offset_global_ms"": 760118.514, ""actual_duration_ms"": 96.747}, {""stage_name"": ""memory_array"", ""planned_duration_ms"": 2500, ""intended_onset_ms"": 760099.721, ""actual_onset_global_ms"": 760153.185, ""actual_offset_global_ms"": 762633.579, ""actual_duration_ms"": 2480.394}, {""stage_name"": ""delay"", ""planned_duration_ms"": 1000, ""intended_onset_ms"": 762633.579, ""actual_onset_global_ms"": 762644.09, ""actual_offset_global_ms"": 763636.572, ""actual_duration_ms"": 992.482}, {""stage_name"": ""test_array"", ""planned_duration_ms"": 4000, ""intended_onset_ms"": 763636.572, ""actual_onset_global_ms"": 763676.365, ""actual_offset_global_ms"": 768879.767, ""actual_duration_ms"": 5203.402}]",,,1.0,change,0.0,"[218.7, 90.64]","[[218.7, 90.64]]","[""blue""]","[""purple""]",blue,purple,j,change,j,,,,,,1.0,1.0,
045,045_T1_20260518_154031,Control,T1,standard,hci_substudy_v2,1,telemetry_v4,change_detection,2,formal_cd,formal,1,23,31,formal,N2_change,1779090031,61.075,2026-05-18T15:53:26.445,0,0,0,1,,,,,,,,,,,,,,,,,768890.5,768921.859,,,,,,,,,,,1,1,,,,,,,,,,3183.582,772490.5,772628.306,775889.727,4000,3261.421,775889.727,,"[{""stage_name"": ""fixation"", ""planned_duration_ms"": 100, ""intended_onset_ms"": 768890.5, ""actual_onset_global_ms"": 768921.859, ""actual_offset_global_ms"": 769036.5, ""actual_duration_ms"": 114.641}, {""stage_name"": ""memory_array"", ""planned_duration_ms"": 2500, ""intended_onset_ms"": 768990.5, ""actual_onset_global_ms"": 769111.233, ""actual_offset_global_ms"": 771547.256, ""actual_duration_ms"": 2436.023}, {""stage_name"": ""delay"", ""planned_duration_ms"": 1000, ""intended_onset_ms"": 771547.256, ""actual_onset_global_ms"": 771548.657, ""actual_offset_global_ms"": 772564.97, ""actual_duration_ms"": 1016.313}, {""stage_name"": ""test_array"", ""planned_duration_ms"": 4000, ""intended_onset_ms"": 772564.97, ""actual_onset_global_ms"": 772628.306, ""actual_offset_global_ms"": 775889.727, ""actual_duration_ms"": 3261.421}]",,,2.0,change,0.0,"[247.69, -40.61]","[[247.69, -40.61], [-106.17, -14.12]]","[""red"", ""purple""]","[""green"", ""purple""]",red,green,j,change,j,,,,,,2.0,1.0,
045,045_T1_20260518_154031,Control,T1,standard,hci_substudy_v2,1,telemetry_v4,change_detection,2,formal_cd,formal,1,24,32,formal,N3_same,1779090031,61.075,2026-05-18T15:53:33.453,0,0,0,1,,,,,,,,,,,,,,,,,775898.617,775930.671,,,,,,,,,,,1,1,,,,,,,,,,2770.412,779498.617,779677.532,782472.779,4000,2795.247,782472.779,,"[{""stage_name"": ""fixation"", ""planned_duration_ms"": 100, ""intended_onset_ms"": 775898.617, ""actual_onset_global_ms"": 775930.671, ""actual_offset_global_ms"": 776042.636, ""actual_duration_ms"": 111.965}, {""stage_name"": ""memory_array"", ""planned_duration_ms"": 2500, ""intended_onset_ms"": 775998.617, ""actual_onset_global_ms"": 776128.496, ""actual_offset_global_ms"": 778593.763, ""actual_duration_ms"": 2465.267}, {""stage_name"": ""delay"", ""planned_duration_ms"": 1000, ""intended_onset_ms"": 778593.763, ""actual_onset_global_ms"": 778592.0, ""actual_offset_global_ms"": 779608.202, ""actual_duration_ms"": 1016.202}, {""stage_name"": ""test_array"", ""planned_duration_ms"": 4000, ""intended_onset_ms"": 779608.202, ""actual_onset_global_ms"": 779677.532, ""actual_offset_global_ms"": 782472.779, ""actual_duration_ms"": 2795.247}]",,,3.0,same,2.0,"[117.19, 254.9]","[[-97.92, -232.9], [210.96, -62.75], [117.19, 254.9]]","[""blue"", ""yellow"", ""purple""]","[""blue"", ""yellow"", ""purple""]",purple,purple,s,same,s,,,,,,3.0,1.0,
045,045_T1_20260518_154031,Control,T1,standard,hci_substudy_v2,1,telemetry_v4,change_detection,2,formal_cd,formal,1,25,33,formal,N1_same,1779090031,61.075,2026-05-18T15:53:40.034,0,0,0,1,,,,,,,,,,,,,,,,,782480.002,782506.031,,,,,,,,,,,1,1,,,,,,,,,,3100.596,786080.002,786188.983,789328.876,4000,3139.893,789328.876,,"[{""stage_name"": ""fixation"", ""planned_duration_ms"": 100, ""intended_onset_ms"": 782480.002, ""actual_onset_global_ms"": 782506.031, ""actual_offset_global_ms"": 782618.012, ""actual_duration_ms"": 111.981}, {""stage_name"": ""memory_array"", ""planned_duration_ms"": 2500, ""intended_onset_ms"": 782580.002, ""actual_onset_global_ms"": 782659.772, ""actual_offset_global_ms"": 785148.263, ""actual_duration_ms"": 2488.491}, {""stage_name"": ""delay"", ""planned_duration_ms"": 1000, ""intended_onset_ms"": 785148.263, ""actual_onset_global_ms"": 785154.418, ""actual_offset_global_ms"": 786149.262, ""actual_duration_ms"": 994.844}, {""stage_name"": ""test_array"", ""planned_duration_ms"": 4000, ""intended_onset_ms"": 786149.262, ""actual_onset_global_ms"": 786188.983, ""actual_offset_global_ms"": 789328.876, ""actual_duration_ms"": 3139.893}]",,,1.0,same,0.0,"[-228.59, 27.9]","[[-228.59, 27.9]]","[""red""]","[""red""]",red,red,s,same,s,,,,,,1.0,1.0,
045,045_T1_20260518_154031,Control,T1,standard,hci_substudy_v2,1,telemetry_v4,change_detection,2,formal_cd,formal,1,26,34,formal,N3_change,1779090031,61.075,2026-05-18T15:53:46.895,0,0,0,1,,,,,,,,,,,,,,,,,789339.655,789372.176,,,,,,,,,,,1,1,,,,,,,,,,4926.473,792939.655,793103.493,798093.286,4000,4989.793,798093.286,,"[{""stage_name"": ""fixation"", ""planned_duration_ms"": 100, ""intended_onset_ms"": 789339.655, ""actual_onset_global_ms"": 789372.176, ""actual_offset_global_ms"": 789483.573, ""actual_duration_ms"": 111.397}, {""stage_name"": ""memory_array"", ""planned_duration_ms"": 2500, ""intended_onset_ms"": 789439.655, ""actual_onset_global_ms"": 789551.15, ""actual_offset_global_ms"": 792011.381, ""actual_duration_ms"": 2460.231}, {""stage_name"": ""delay"", ""planned_duration_ms"": 1000, ""intended_onset_ms"": 792011.381, ""actual_onset_global_ms"": 792009.993, ""actual_offset_global_ms"": 793030.519, ""actual_duration_ms"": 1020.526}, {""stage_name"": ""test_array"", ""planned_duration_ms"": 4000, ""intended_onset_ms"": 793030.519, ""actual_onset_global_ms"": 793103.493, ""actual_offset_global_ms"": 798093.286, ""actual_duration_ms"": 4989.793}]",,,3.0,change,2.0,"[-49.47, 141.24]","[[-113.88, -119.58], [83.19, 105.68], [-49.47, 141.24]]","[""blue"", ""yellow"", ""red""]","[""blue"", ""yellow"", ""purple""]",red,purple,j,change,j,,,,,,4.0,1.0,
045,045_T1_20260518_154031,Control,T1,standard,hci_substudy_v2,1,telemetry_v4,change_detection,2,formal_cd,formal,1,27,35,formal,N1_same,1779090031,61.075,2026-05-18T15:53:55.655,0,0,0,1,,,,,,,,,,,,,,,,,798100.715,798128.841,,,,,,,,,,,1,1,,,,,,,,,,2249.94,801700.715,801820.734,804121.69,4000,2300.956,804121.69,,"[{""stage_name"": ""fixation"", ""planned_duration_ms"": 100, ""intended_onset_ms"": 798100.715, ""actual_onset_global_ms"": 798128.841, ""actual_offset_global_ms"": 798234.005, ""actual_duration_ms"": 105.164}, {""stage_name"": ""memory_array"", ""planned_duration_ms"": 2500, ""intended_onset_ms"": 798200.715, ""actual_onset_global_ms"": 798276.967, ""actual_offset_global_ms"": 800771.776, ""actual_duration_ms"": 2494.809}, {""stage_name"": ""delay"", ""planned_duration_ms"": 1000, ""intended_onset_ms"": 800771.776, ""actual_onset_global_ms"": 800778.688, ""actual_offset_global_ms"": 801778.465, ""actual_duration_ms"": 999.777}, {""stage_name"": ""test_array"", ""planned_duration_ms"": 4000, ""intended_onset_ms"": 801778.465, ""actual_onset_global_ms"": 801820.734, ""actual_offset_global_ms"": 804121.69, ""actual_duration_ms"": 2300.956}]",,,1.0,same,0.0,"[125.5, -150.38]","[[125.5, -150.38]]","[""yellow""]","[""yellow""]",yellow,yellow,s,same,s,,,,,,1.0,1.0,
045,045_T1_20260518_154031,Control,T1,standard,hci_substudy_v2,1,telemetry_v4,change_detection,2,formal_cd,formal,1,28,36,formal,N1_same,1779090031,61.075,2026-05-18T15:54:01.684,0,0,0,1,,,,,,,,,,,,,,,,,804130.208,804157.351,,,,,,,,,,,1,1,,,,,,,,,,4033.695,807730.208,807866.549,811939.409,4000,4072.86,811939.409,,"[{""stage_name"": ""fixation"", ""planned_duration_ms"": 100, ""intended_onset_ms"": 804130.208, ""actual_onset_global_ms"": 804157.351, ""actual_offset_global_ms"": 804266.216, ""actual_duration_ms"": 108.865}, {""stage_name"": ""memory_array"", ""planned_duration_ms"": 2500, ""intended_onset_ms"": 804230.208, ""actual_onset_global_ms"": 804307.256, ""actual_offset_global_ms"": 806796.864, ""actual_duration_ms"": 2489.608}, {""stage_name"": ""delay"", ""planned_duration_ms"": 1000, ""intended_onset_ms"": 806796.864, ""actual_onset_global_ms"": 806805.157, ""actual_offset_global_ms"": 807822.506, ""actual_duration_ms"": 1017.349}, {""stage_name"": ""test_array"", ""planned_duration_ms"": 4000, ""intended_onset_ms"": 807822.506, ""actual_onset_global_ms"": 807866.549, ""actual_offset_global_ms"": 811939.409, ""actual_duration_ms"": 4072.86}]",,,1.0,same,0.0,"[15.11, -259.18]","[[15.11, -259.18]]","[""yellow""]","[""yellow""]",yellow,yellow,s,same,s,,,,,,1.0,1.0,
045,045_T1_20260518_154031,Control,T1,standard,hci_substudy_v2,1,telemetry_v4,change_detection,2,formal_cd,formal,1,29,37,formal,N1_change,1779090031,61.075,2026-05-18T15:54:09.506,0,0,0,1,,,,,,,,,,,,,,,,,811950.85,811981.064,,,,,,,,,,,1,1,,,,,,,,,,4541.21,815550.85,815672.764,820290.431,4000,4617.667,820290.431,,"[{""stage_name"": ""fixation"", ""planned_duration_ms"": 100, ""intended_onset_ms"": 811950.85, ""actual_onset_global_ms"": 811981.064, ""actual_offset_global_ms"": 812095.48, ""actual_duration_ms"": 114.416}, {""stage_name"": ""memory_array"", ""planned_duration_ms"": 2500, ""intended_onset_ms"": 812050.85, ""actual_onset_global_ms"": 812137.22, ""actual_offset_global_ms"": 814620.534, ""actual_duration_ms"": 2483.314}, {""stage_name"": ""delay"", ""planned_duration_ms"": 1000, ""intended_onset_ms"": 814620.534, ""actual_onset_global_ms"": 814626.379, ""actual_offset_global_ms"": 815629.427, ""actual_duration_ms"": 1003.048}, {""stage_name"": ""test_array"", ""planned_duration_ms"": 4000, ""intended_onset_ms"": 815629.427, ""actual_onset_global_ms"": 815672.764, ""actual_offset_global_ms"": 820290.431, ""actual_duration_ms"": 4617.667}]",,,1.0,change,0.0,"[89.23, 115.21]","[[89.23, 115.21]]","[""blue""]","[""red""]",blue,red,j,change,j,,,,,,1.0,1.0,
045,045_T1_20260518_154031,Control,T1,standard,hci_substudy_v2,1,telemetry_v4,change_detection,2,formal_cd,formal,1,30,38,formal,N4_change,1779090031,61.075,2026-05-18T15:54:17.855,0,0,0,1,,,,,,,,,,,,,,,,,820301.283,820331.431,,,,,,,,,,,1,1,,,,,,,,,,7199.254,823901.283,824061.706,831365.065,4000,7303.359,831365.065,,"[{""stage_name"": ""fixation"", ""planned_duration_ms"": 100, ""intended_onset_ms"": 820301.283, ""actual_onset_global_ms"": 820331.431, ""actual_offset_global_ms"": 820444.888, ""actual_duration_ms"": 113.457}, {""stage_name"": ""memory_array"", ""planned_duration_ms"": 2500, ""intended_onset_ms"": 820401.283, ""actual_onset_global_ms"": 820522.167, ""actual_offset_global_ms"": 822959.332, ""actual_duration_ms"": 2437.165}, {""stage_name"": ""delay"", ""planned_duration_ms"": 1000, ""intended_onset_ms"": 822959.332, ""actual_onset_global_ms"": 822971.827, ""actual_offset_global_ms"": 823974.33, ""actual_duration_ms"": 1002.503}, {""stage_name"": ""test_array"", ""planned_duration_ms"": 4000, ""intended_onset_ms"": 823974.33, ""actual_onset_global_ms"": 824061.706, ""actual_offset_global_ms"": 831365.065, ""actual_duration_ms"": 7303.359}]",,,4.0,change,2.0,"[-245.57, -113.59]","[[132.98, 12.75], [-146.54, 157.13], [-245.57, -113.59], [-188.33, 39.21]]","[""green"", ""yellow"", ""red"", ""purple""]","[""green"", ""yellow"", ""blue"", ""purple""]",red,blue,j,change,j,,,,,,5.0,1.0,
045,045_T1_20260518_154031,Control,T1,standard,hci_substudy_v2,1,telemetry_v4,change_detection,2,formal_cd,formal,1,31,39,formal,N2_same,1779090031,61.075,2026-05-18T15:54:28.929,0,0,0,1,,,,,,,,,,,,,,,,,831374.007,831403.166,,,,,,,,,,,1,1,,,,,,,,,,8726.781,834974.007,835098.85,843899.906,4000,8801.056,843899.906,,"[{""stage_name"": ""fixation"", ""planned_duration_ms"": 100, ""intended_onset_ms"": 831374.007, ""actual_onset_global_ms"": 831403.166, ""actual_offset_global_ms"": 831510.739, ""actual_duration_ms"": 107.573}, {""stage_name"": ""memory_array"", ""planned_duration_ms"": 2500, ""intended_onset_ms"": 831474.007, ""actual_onset_global_ms"": 831557.631, ""actual_offset_global_ms"": 834019.395, ""actual_duration_ms"": 2461.764}, {""stage_name"": ""delay"", ""planned_duration_ms"": 1000, ""intended_onset_ms"": 834019.395, ""actual_onset_global_ms"": 834026.085, ""actual_offset_global_ms"": 835037.415, ""actual_duration_ms"": 1011.33}, {""stage_name"": ""test_array"", ""planned_duration_ms"": 4000, ""intended_onset_ms"": 835037.415, ""actual_onset_global_ms"": 835098.85, ""actual_offset_global_ms"": 843899.906, ""actual_duration_ms"": 8801.056}]",,,2.0,same,1.0,"[182.86, -147.97]","[[77.32, -85.08], [182.86, -147.97]]","[""purple"", ""yellow""]","[""purple"", ""yellow""]",yellow,yellow,s,same,s,,,,,,2.0,1.0,
045,045_T1_20260518_154031,Control,T1,standard,hci_substudy_v2,1,telemetry_v4,change_detection,2,formal_cd,formal,1,32,40,formal,N2_same,1779090031,61.075,2026-05-18T15:54:41.467,0,0,0,1,,,,,,,,,,,,,,,,,843912.092,843941.787,,,,,,,,,,,1,1,,,,,,,,,,4713.509,847512.092,847672.338,852446.606,4000,4774.268,852446.606,,"[{""stage_name"": ""fixation"", ""planned_duration_ms"": 100, ""intended_onset_ms"": 843912.092, ""actual_onset_global_ms"": 843941.787, ""actual_offset_global_ms"": 844058.062, ""actual_duration_ms"": 116.275}, {""stage_name"": ""memory_array"", ""planned_duration_ms"": 2500, ""intended_onset_ms"": 844012.092, ""actual_onset_global_ms"": 844118.671, ""actual_offset_global_ms"": 846611.531, ""actual_duration_ms"": 2492.86}, {""stage_name"": ""delay"", ""planned_duration_ms"": 1000, ""intended_onset_ms"": 846611.531, ""actual_onset_global_ms"": 846615.92, ""actual_offset_global_ms"": 847623.084, ""actual_duration_ms"": 1007.164}, {""stage_name"": ""test_array"", ""planned_duration_ms"": 4000, ""intended_onset_ms"": 847623.084, ""actual_onset_global_ms"": 847672.338, ""actual_offset_global_ms"": 852446.606, ""actual_duration_ms"": 4774.268}]",,,2.0,same,1.0,"[-120.08, -12.01]","[[172.71, -108.57], [-120.08, -12.01]]","[""green"", ""purple""]","[""green"", ""purple""]",purple,purple,s,same,s,,,,,,2.0,1.0,
045,045_T1_20260518_154031,Control,T1,standard,hci_substudy_v2,1,telemetry_v4,change_detection,2,formal_cd,formal,1,33,41,formal,N3_change,1779090031,61.075,2026-05-18T15:54:50.004,0,0,0,1,,,,,,,,,,,,,,,,,852450.401,852472.499,,,,,,,,,,,1,1,,,,,,,,,,5605.795,856050.401,856257.754,861915.028,4000,5657.274,861915.028,,"[{""stage_name"": ""fixation"", ""planned_duration_ms"": 100, ""intended_onset_ms"": 852450.401, ""actual_onset_global_ms"": 852472.499, ""actual_offset_global_ms"": 852587.489, ""actual_duration_ms"": 114.99}, {""stage_name"": ""memory_array"", ""planned_duration_ms"": 2500, ""intended_onset_ms"": 852550.401, ""actual_onset_global_ms"": 852634.995, ""actual_offset_global_ms"": 855170.174, ""actual_duration_ms"": 2535.179}, {""stage_name"": ""delay"", ""planned_duration_ms"": 1000, ""intended_onset_ms"": 855170.174, ""actual_onset_global_ms"": 855180.328, ""actual_offset_global_ms"": 856194.574, ""actual_duration_ms"": 1014.246}, {""stage_name"": ""test_array"", ""planned_duration_ms"": 4000, ""intended_onset_ms"": 856194.574, ""actual_onset_global_ms"": 856257.754, ""actual_offset_global_ms"": 861915.028, ""actual_duration_ms"": 5657.274}]",,,3.0,change,2.0,"[205.17, -225.61]","[[81.28, -128.61], [-178.99, -8.75], [205.17, -225.61]]","[""green"", ""blue"", ""purple""]","[""green"", ""blue"", ""red""]",purple,red,j,change,j,,,,,,3.0,1.0,
045,045_T1_20260518_154031,Control,T1,standard,hci_substudy_v2,1,telemetry_v4,change_detection,2,formal_cd,formal,1,34,42,formal,N1_same,1779090031,61.075,2026-05-18T15:54:59.482,0,0,0,1,,,,,,,,,,,,,,,,,861927.178,861957.475,,,,,,,,,,,1,1,,,,,,,,,,5659.517,865527.178,865683.67,871397.995,4000,5714.325,871397.995,,"[{""stage_name"": ""fixation"", ""planned_duration_ms"": 100, ""intended_onset_ms"": 861927.178, ""actual_onset_global_ms"": 861957.475, ""actual_offset_global_ms"": 862072.096, ""actual_duration_ms"": 114.621}, {""stage_name"": ""memory_array"", ""planned_duration_ms"": 2500, ""intended_onset_ms"": 862027.178, ""actual_onset_global_ms"": 862113.362, ""actual_offset_global_ms"": 864617.338, ""actual_duration_ms"": 2503.976}, {""stage_name"": ""delay"", ""planned_duration_ms"": 1000, ""intended_onset_ms"": 864617.338, ""actual_onset_global_ms"": 864626.833, ""actual_offset_global_ms"": 865642.767, ""actual_duration_ms"": 1015.934}, {""stage_name"": ""test_array"", ""planned_duration_ms"": 4000, ""intended_onset_ms"": 865642.767, ""actual_onset_global_ms"": 865683.67, ""actual_offset_global_ms"": 871397.995, ""actual_duration_ms"": 5714.325}]",,,1.0,same,0.0,"[37.05, 131.75]","[[37.05, 131.75]]","[""red""]","[""red""]",red,red,s,same,s,,,,,,2.0,1.0,
045,045_T1_20260518_154031,Control,T1,standard,hci_substudy_v2,1,telemetry_v4,change_detection,2,formal_cd,formal,1,35,43,formal,N2_change,1779090031,61.075,2026-05-18T15:55:08.965,0,0,0,1,,,,,,,,,,,,,,,,,871410.432,871443.212,,,,,,,,,,,1,1,,,,,,,,,,2336.22,875010.432,875159.87,877560.942,4000,2401.072,877560.942,,"[{""stage_name"": ""fixation"", ""planned_duration_ms"": 100, ""intended_onset_ms"": 871410.432, ""actual_onset_global_ms"": 871443.212, ""actual_offset_global_ms"": 871558.908, ""actual_duration_ms"": 115.696}, {""stage_name"": ""memory_array"", ""planned_duration_ms"": 2500, ""intended_onset_ms"": 871510.432, ""actual_onset_global_ms"": 871621.776, ""actual_offset_global_ms"": 874098.632, ""actual_duration_ms"": 2476.856}, {""stage_name"": ""delay"", ""planned_duration_ms"": 1000, ""intended_onset_ms"": 874098.632, ""actual_onset_global_ms"": 874103.826, ""actual_offset_global_ms"": 875102.121, ""actual_duration_ms"": 998.295}, {""stage_name"": ""test_array"", ""planned_duration_ms"": 4000, ""intended_onset_ms"": 875102.121, ""actual_onset_global_ms"": 875159.87, ""actual_offset_global_ms"": 877560.942, ""actual_duration_ms"": 2401.072}]",,,2.0,change,0.0,"[-133.11, 112.01]","[[-133.11, 112.01], [-253.46, 193.27]]","[""red"", ""green""]","[""yellow"", ""green""]",red,yellow,j,change,j,,,,,,2.0,1.0,
045,045_T1_20260518_154031,Control,T1,standard,hci_substudy_v2,1,telemetry_v4,change_detection,2,formal_cd,formal,1,36,44,formal,N4_change,1779090031,61.075,2026-05-18T15:55:15.127,0,0,0,1,,,,,,,,,,,,,,,,,877573.237,877601.801,,,,,,,,,,,1,1,,,,,,,,,,3376.061,881173.237,881401.061,884859.963,4000,3458.902,884859.963,,"[{""stage_name"": ""fixation"", ""planned_duration_ms"": 100, ""intended_onset_ms"": 877573.237, ""actual_onset_global_ms"": 877601.801, ""actual_offset_global_ms"": 877719.841, ""actual_duration_ms"": 118.04}, {""stage_name"": ""memory_array"", ""planned_duration_ms"": 2500, ""intended_onset_ms"": 877673.237, ""actual_onset_global_ms"": 877827.938, ""actual_offset_global_ms"": 880291.557, ""actual_duration_ms"": 2463.619}, {""stage_name"": ""delay"", ""planned_duration_ms"": 1000, ""intended_onset_ms"": 880291.557, ""actual_onset_global_ms"": 880298.065, ""actual_offset_global_ms"": 881313.225, ""actual_duration_ms"": 1015.16}, {""stage_name"": ""test_array"", ""planned_duration_ms"": 4000, ""intended_onset_ms"": 881313.225, ""actual_onset_global_ms"": 881401.061, ""actual_offset_global_ms"": 884859.963, ""actual_duration_ms"": 3458.902}]",,,4.0,change,1.0,"[-85.46, -128.34]","[[-14.8, -236.98], [-85.46, -128.34], [-258.14, -132.82], [118.68, 173.14]]","[""blue"", ""purple"", ""green"", ""red""]","[""blue"", ""yellow"", ""green"", ""red""]",purple,yellow,j,change,j,,,,,,6.0,1.0,
045,045_T1_20260518_154031,Control,T1,standard,hci_substudy_v2,1,telemetry_v4,change_detection,2,formal_cd,formal,1,37,45,formal,N1_same,1779090031,61.075,2026-05-18T15:55:22.425,0,0,0,1,,,,,,,,,,,,,,,,,884870.7,884899.764,,,,,,,,,,,1,1,,,,,,,,,,2490.382,888470.7,888606.011,891177.465,4000,2571.454,891177.465,,"[{""stage_name"": ""fixation"", ""planned_duration_ms"": 100, ""intended_onset_ms"": 884870.7, ""actual_onset_global_ms"": 884899.764, ""actual_offset_global_ms"": 885018.468, ""actual_duration_ms"": 118.704}, {""stage_name"": ""memory_array"", ""planned_duration_ms"": 2500, ""intended_onset_ms"": 884970.7, ""actual_onset_global_ms"": 885061.46, ""actual_offset_global_ms"": 887544.166, ""actual_duration_ms"": 2482.706}, {""stage_name"": ""delay"", ""planned_duration_ms"": 1000, ""intended_onset_ms"": 887544.166, ""actual_onset_global_ms"": 887549.811, ""actual_offset_global_ms"": 888563.62, ""actual_duration_ms"": 1013.809}, {""stage_name"": ""test_array"", ""planned_duration_ms"": 4000, ""intended_onset_ms"": 888563.62, ""actual_onset_global_ms"": 888606.011, ""actual_offset_global_ms"": 891177.465, ""actual_duration_ms"": 2571.454}]",,,1.0,same,0.0,"[-76.73, -229.22]","[[-76.73, -229.22]]","[""purple""]","[""purple""]",purple,purple,s,same,s,,,,,,1.0,1.0,
045,045_T1_20260518_154031,Control,T1,standard,hci_substudy_v2,1,telemetry_v4,change_detection,2,formal_cd,formal,1,38,46,formal,N4_same,1779090031,61.075,2026-05-18T15:55:28.743,0,0,0,1,,,,,,,,,,,,,,,,,891189.259,891220.291,,,,,,,,,,,1,1,,,,,,,,,,2699.475,894789.259,895014.745,897843.943,4000,2829.198,897843.943,,"[{""stage_name"": ""fixation"", ""planned_duration_ms"": 100, ""intended_onset_ms"": 891189.259, ""actual_onset_global_ms"": 891220.291, ""actual_offset_global_ms"": 891330.518, ""actual_duration_ms"": 110.227}, {""stage_name"": ""memory_array"", ""planned_duration_ms"": 2500, ""intended_onset_ms"": 891289.259, ""actual_onset_global_ms"": 891401.288, ""actual_offset_global_ms"": 893926.922, ""actual_duration_ms"": 2525.634}, {""stage_name"": ""delay"", ""planned_duration_ms"": 1000, ""intended_onset_ms"": 893926.922, ""actual_onset_global_ms"": 893932.227, ""actual_offset_global_ms"": 894931.46, ""actual_duration_ms"": 999.233}, {""stage_name"": ""test_array"", ""planned_duration_ms"": 4000, ""intended_onset_ms"": 894931.46, ""actual_onset_global_ms"": 895014.745, ""actual_offset_global_ms"": 897843.943, ""actual_duration_ms"": 2829.198}]",,,4.0,same,2.0,"[44.2, 164.28]","[[-156.72, 58.17], [208.53, -131.52], [44.2, 164.28], [29.16, -123.25]]","[""yellow"", ""red"", ""purple"", ""green""]","[""yellow"", ""red"", ""purple"", ""green""]",purple,purple,s,same,s,,,,,,4.0,1.0,
045,045_T1_20260518_154031,Control,T1,standard,hci_substudy_v2,1,telemetry_v4,change_detection,2,formal_cd,formal,1,39,47,formal,N2_change,1779090031,61.075,2026-05-18T15:55:35.410,0,0,0,1,,,,,,,,,,,,,,,,,897855.043,897885.746,,,,,,,,,,,0,0,,,,,,,,,,2376.667,901455.043,901586.893,903992.159,4000,2405.266,903992.159,,"[{""stage_name"": ""fixation"", ""planned_duration_ms"": 100, ""intended_onset_ms"": 897855.043, ""actual_onset_global_ms"": 897885.746, ""actual_offset_global_ms"": 897996.411, ""actual_duration_ms"": 110.665}, {""stage_name"": ""memory_array"", ""planned_duration_ms"": 2500, ""intended_onset_ms"": 897955.043, ""actual_onset_global_ms"": 898034.358, ""actual_offset_global_ms"": 900510.873, ""actual_duration_ms"": 2476.515}, {""stage_name"": ""delay"", ""planned_duration_ms"": 1000, ""intended_onset_ms"": 900510.873, ""actual_onset_global_ms"": 900515.739, ""actual_offset_global_ms"": 901520.785, ""actual_duration_ms"": 1005.046}, {""stage_name"": ""test_array"", ""planned_duration_ms"": 4000, ""intended_onset_ms"": 901520.785, ""actual_onset_global_ms"": 901586.893, ""actual_offset_global_ms"": 903992.159, ""actual_duration_ms"": 2405.266}]",,,2.0,change,1.0,"[143.42, -154.16]","[[8.63, 142.93], [143.42, -154.16]]","[""yellow"", ""green""]","[""yellow"", ""purple""]",green,purple,s,same,j,,,,,,2.0,1.0,
045,045_T1_20260518_154031,Control,T1,standard,hci_substudy_v2,1,telemetry_v4,change_detection,2,formal_cd,formal,1,40,48,formal,N4_same,1779090031,61.075,2026-05-18T15:55:41.559,0,0,0,1,,,,,,,,,,,,,,,,,904004.956,904034.484,,,,,,,,,,,1,1,,,,,,,,,,4854.699,907604.956,907757.41,912691.148,4000,4933.738,912691.148,,"[{""stage_name"": ""fixation"", ""planned_duration_ms"": 100, ""intended_onset_ms"": 904004.956, ""actual_onset_global_ms"": 904034.484, ""actual_offset_global_ms"": 904149.026, ""actual_duration_ms"": 114.542}, {""stage_name"": ""memory_array"", ""planned_duration_ms"": 2500, ""intended_onset_ms"": 904104.956, ""actual_onset_global_ms"": 904232.683, ""actual_offset_global_ms"": 906670.093, ""actual_duration_ms"": 2437.41}, {""stage_name"": ""delay"", ""planned_duration_ms"": 1000, ""intended_onset_ms"": 906670.093, ""actual_onset_global_ms"": 906671.192, ""actual_offset_global_ms"": 907675.615, ""actual_duration_ms"": 1004.423}, {""stage_name"": ""test_array"", ""planned_duration_ms"": 4000, ""intended_onset_ms"": 907675.615, ""actual_onset_global_ms"": 907757.41, ""actual_offset_global_ms"": 912691.148, ""actual_duration_ms"": 4933.738}]",,,4.0,same,0.0,"[-191.73, -96.94]","[[-191.73, -96.94], [-188.14, -214.37], [131.78, -161.4], [-16.54, -190.32]]","[""yellow"", ""green"", ""red"", ""purple""]","[""yellow"", ""green"", ""red"", ""purple""]",yellow,yellow,s,same,s,,,,,,5.0,1.0,
045,045_T1_20260518_154031,Control,T1,standard,hci_substudy_v2,1,telemetry_v4,change_detection,2,formal_cd,formal,1,41,49,formal,N2_change,1779090031,61.075,2026-05-18T15:55:50.256,0,0,0,1,,,,,,,,,,,,,,,,,912702.095,912731.17,,,,,,,,,,,1,1,,,,,,,,,,6980.046,916302.095,916461.434,923502.929,4000,7041.495,923502.929,,"[{""stage_name"": ""fixation"", ""planned_duration_ms"": 100, ""intended_onset_ms"": 912702.095, ""actual_onset_global_ms"": 912731.17, ""actual_offset_global_ms"": 912847.341, ""actual_duration_ms"": 116.171}, {""stage_name"": ""memory_array"", ""planned_duration_ms"": 2500, ""intended_onset_ms"": 912802.095, ""actual_onset_global_ms"": 912899.321, ""actual_offset_global_ms"": 915400.985, ""actual_duration_ms"": 2501.664}, {""stage_name"": ""delay"", ""planned_duration_ms"": 1000, ""intended_onset_ms"": 915400.985, ""actual_onset_global_ms"": 915403.018, ""actual_offset_global_ms"": 916405.612, ""actual_duration_ms"": 1002.594}, {""stage_name"": ""test_array"", ""planned_duration_ms"": 4000, ""intended_onset_ms"": 916405.612, ""actual_onset_global_ms"": 916461.434, ""actual_offset_global_ms"": 923502.929, ""actual_duration_ms"": 7041.495}]",,,2.0,change,1.0,"[-106.29, 259.37]","[[206.19, 57.48], [-106.29, 259.37]]","[""red"", ""yellow""]","[""red"", ""green""]",yellow,green,j,change,j,,,,,,2.0,1.0,
045,045_T1_20260518_154031,Control,T1,standard,hci_substudy_v2,1,telemetry_v4,change_detection,2,formal_cd,formal,1,42,50,formal,N3_same,1779090031,61.075,2026-05-18T15:56:01.065,0,0,0,1,,,,,,,,,,,,,,,,,923510.842,923538.326,,,,,,,,,,,1,1,,,,,,,,,,2317.983,927110.842,927238.955,929615.426,4000,2376.471,929615.426,,"[{""stage_name"": ""fixation"", ""planned_duration_ms"": 100, ""intended_onset_ms"": 923510.842, ""actual_onset_global_ms"": 923538.326, ""actual_offset_global_ms"": 923647.318, ""actual_duration_ms"": 108.992}, {""stage_name"": ""memory_array"", ""planned_duration_ms"": 2500, ""intended_onset_ms"": 923610.842, ""actual_onset_global_ms"": 923733.801, ""actual_offset_global_ms"": 926163.965, ""actual_duration_ms"": 2430.164}, {""stage_name"": ""delay"", ""planned_duration_ms"": 1000, ""intended_onset_ms"": 926163.965, ""actual_onset_global_ms"": 926167.371, ""actual_offset_global_ms"": 927184.672, ""actual_duration_ms"": 1017.301}, {""stage_name"": ""test_array"", ""planned_duration_ms"": 4000, ""intended_onset_ms"": 927184.672, ""actual_onset_global_ms"": 927238.955, ""actual_offset_global_ms"": 929615.426, ""actual_duration_ms"": 2376.471}]",,,3.0,same,2.0,"[193.68, -80.23]","[[-216.32, 214.31], [-166.24, 51.0], [193.68, -80.23]]","[""purple"", ""yellow"", ""blue""]","[""purple"", ""yellow"", ""blue""]",blue,blue,s,same,s,,,,,,5.0,1.0,
045,045_T1_20260518_154031,Control,T1,standard,hci_substudy_v2,1,telemetry_v4,change_detection,2,formal_cd,formal,1,43,51,formal,N4_change,1779090031,61.075,2026-05-18T15:56:07.174,0,0,0,1,,,,,,,,,,,,,,,,,929619.207,929643.73,,,,,,,,,,,1,1,,,,,,,,,,2552.586,933219.207,933366.696,936002.161,4000,2635.465,936002.161,,"[{""stage_name"": ""fixation"", ""planned_duration_ms"": 100, ""intended_onset_ms"": 929619.207, ""actual_onset_global_ms"": 929643.73, ""actual_offset_global_ms"": 929750.282, ""actual_duration_ms"": 106.552}, {""stage_name"": ""memory_array"", ""planned_duration_ms"": 2500, ""intended_onset_ms"": 929719.207, ""actual_onset_global_ms"": 929799.055, ""actual_offset_global_ms"": 932280.825, ""actual_duration_ms"": 2481.77}, {""stage_name"": ""delay"", ""planned_duration_ms"": 1000, ""intended_onset_ms"": 932280.825, ""actual_onset_global_ms"": 932280.073, ""actual_offset_global_ms"": 933288.873, ""actual_duration_ms"": 1008.8}, {""stage_name"": ""test_array"", ""planned_duration_ms"": 4000, ""intended_onset_ms"": 933288.873, ""actual_onset_global_ms"": 933366.696, ""actual_offset_global_ms"": 936002.161, ""actual_duration_ms"": 2635.465}]",,,4.0,change,2.0,"[-182.18, 20.67]","[[156.13, 69.98], [-240.3, 157.81], [-182.18, 20.67], [-129.29, -107.11]]","[""red"", ""blue"", ""yellow"", ""purple""]","[""red"", ""blue"", ""green"", ""purple""]",yellow,green,j,change,j,,,,,,5.0,1.0,
045,045_T1_20260518_154031,Control,T1,standard,hci_substudy_v2,1,telemetry_v4,change_detection,2,formal_cd,formal,1,44,52,formal,N3_same,1779090031,61.075,2026-05-18T15:56:13.564,0,0,0,1,,,,,,,,,,,,,,,,,936010.025,936037.302,,,,,,,,,,,1,1,,,,,,,,,,11849.548,939610.025,939828.209,951766.909,4000,11938.7,951766.909,,"[{""stage_name"": ""fixation"", ""planned_duration_ms"": 100, ""intended_onset_ms"": 936010.025, ""actual_onset_global_ms"": 936037.302, ""actual_offset_global_ms"": 936145.618, ""actual_duration_ms"": 108.316}, {""stage_name"": ""memory_array"", ""planned_duration_ms"": 2500, ""intended_onset_ms"": 936110.025, ""actual_onset_global_ms"": 936235.127, ""actual_offset_global_ms"": 938732.904, ""actual_duration_ms"": 2497.777}, {""stage_name"": ""delay"", ""planned_duration_ms"": 1000, ""intended_onset_ms"": 938732.904, ""actual_onset_global_ms"": 938734.262, ""actual_offset_global_ms"": 939744.101, ""actual_duration_ms"": 1009.839}, {""stage_name"": ""test_array"", ""planned_duration_ms"": 4000, ""intended_onset_ms"": 939744.101, ""actual_onset_global_ms"": 939828.209, ""actual_offset_global_ms"": 951766.909, ""actual_duration_ms"": 11938.7}]",,,3.0,same,1.0,"[-57.74, 77.28]","[[-77.28, -187.45], [-57.74, 77.28], [-247.51, -202.51]]","[""blue"", ""red"", ""purple""]","[""blue"", ""red"", ""purple""]",red,red,s,same,s,,,,,,4.0,1.0,
045,045_T1_20260518_154031,Control,T1,standard,hci_substudy_v2,1,telemetry_v4,change_detection,2,formal_cd,formal,1,45,53,formal,N2_change,1779090031,61.075,2026-05-18T15:56:29.334,0,0,0,1,,,,,,,,,,,,,,,,,951779.019,951809.562,,,,,,,,,,,0,0,,,,,,,,,,8270.855,955379.019,955517.019,963845.343,4000,8328.324,963845.343,,"[{""stage_name"": ""fixation"", ""planned_duration_ms"": 100, ""intended_onset_ms"": 951779.019, ""actual_onset_global_ms"": 951809.562, ""actual_offset_global_ms"": 951926.305, ""actual_duration_ms"": 116.743}, {""stage_name"": ""memory_array"", ""planned_duration_ms"": 2500, ""intended_onset_ms"": 951879.019, ""actual_onset_global_ms"": 951983.571, ""actual_offset_global_ms"": 954448.345, ""actual_duration_ms"": 2464.774}, {""stage_name"": ""delay"", ""planned_duration_ms"": 1000, ""intended_onset_ms"": 954448.345, ""actual_onset_global_ms"": 954456.566, ""actual_offset_global_ms"": 955456.508, ""actual_duration_ms"": 999.942}, {""stage_name"": ""test_array"", ""planned_duration_ms"": 4000, ""intended_onset_ms"": 955456.508, ""actual_onset_global_ms"": 955517.019, ""actual_offset_global_ms"": 963845.343, ""actual_duration_ms"": 8328.324}]",,,2.0,change,0.0,"[-100.89, 218.07]","[[-100.89, 218.07], [-108.44, -223.18]]","[""blue"", ""yellow""]","[""purple"", ""yellow""]",blue,purple,s,same,j,,,,,,2.0,1.0,
045,045_T1_20260518_154031,Control,T1,standard,hci_substudy_v2,1,telemetry_v4,change_detection,2,formal_cd,formal,1,46,54,formal,N3_same,1779090031,61.075,2026-05-18T15:56:41.411,0,0,0,1,,,,,,,,,,,,,,,,,963856.429,963887.245,,,,,,,,,,,1,1,,,,,,,,,,2300.404,967456.429,967636.688,970013.155,4000,2376.467,970013.155,,"[{""stage_name"": ""fixation"", ""planned_duration_ms"": 100, ""intended_onset_ms"": 963856.429, ""actual_onset_global_ms"": 963887.245, ""actual_offset_global_ms"": 963997.769, ""actual_duration_ms"": 110.524}, {""stage_name"": ""memory_array"", ""planned_duration_ms"": 2500, ""intended_onset_ms"": 963956.429, ""actual_onset_global_ms"": 964082.413, ""actual_offset_global_ms"": 966529.952, ""actual_duration_ms"": 2447.539}, {""stage_name"": ""delay"", ""planned_duration_ms"": 1000, ""intended_onset_ms"": 966529.952, ""actual_onset_global_ms"": 966538.51, ""actual_offset_global_ms"": 967549.678, ""actual_duration_ms"": 1011.168}, {""stage_name"": ""test_array"", ""planned_duration_ms"": 4000, ""intended_onset_ms"": 967549.678, ""actual_onset_global_ms"": 967636.688, ""actual_offset_global_ms"": 970013.155, ""actual_duration_ms"": 2376.467}]",,,3.0,same,2.0,"[-101.13, -112.24]","[[90.53, 33.74], [183.38, -135.73], [-101.13, -112.24]]","[""red"", ""yellow"", ""green""]","[""red"", ""yellow"", ""green""]",green,green,s,same,s,,,,,,3.0,1.0,
045,045_T1_20260518_154031,Control,T1,standard,hci_substudy_v2,1,telemetry_v4,change_detection,2,formal_cd,formal,1,47,55,formal,N4_change,1779090031,61.075,2026-05-18T15:56:47.580,0,0,0,1,,,,,,,,,,,,,,,,,970025.307,970055.188,,,,,,,,,,,1,1,,,,,,,,,,4877.402,973625.307,973764.859,978733.444,4000,4968.585,978733.444,,"[{""stage_name"": ""fixation"", ""planned_duration_ms"": 100, ""intended_onset_ms"": 970025.307, ""actual_onset_global_ms"": 970055.188, ""actual_offset_global_ms"": 970172.965, ""actual_duration_ms"": 117.777}, {""stage_name"": ""memory_array"", ""planned_duration_ms"": 2500, ""intended_onset_ms"": 970125.307, ""actual_onset_global_ms"": 970232.967, ""actual_offset_global_ms"": 972674.671, ""actual_duration_ms"": 2441.704}, {""stage_name"": ""delay"", ""planned_duration_ms"": 1000, ""intended_onset_ms"": 972674.671, ""actual_onset_global_ms"": 972677.253, ""actual_offset_global_ms"": 973682.684, ""actual_duration_ms"": 1005.431}, {""stage_name"": ""test_array"", ""planned_duration_ms"": 4000, ""intended_onset_ms"": 973682.684, ""actual_onset_global_ms"": 973764.859, ""actual_offset_global_ms"": 978733.444, ""actual_duration_ms"": 4968.585}]",,,4.0,change,0.0,"[-258.69, -142.59]","[[-258.69, -142.59], [118.73, 53.56], [-80.15, -41.59], [79.75, 225.18]]","[""green"", ""yellow"", ""purple"", ""blue""]","[""red"", ""yellow"", ""purple"", ""blue""]",green,red,j,change,j,,,,,,7.0,1.0,
045,045_T1_20260518_154031,Control,T1,standard,hci_substudy_v2,1,telemetry_v4,change_detection,2,formal_cd,formal,1,48,56,formal,N3_same,1779090031,61.075,2026-05-18T15:56:56.297,0,0,0,1,,,,,,,,,,,,,,,,,978742.658,978770.443,,,,,,,,,,,1,1,,,,,,,,,,2190.686,982342.658,982507.125,984781.471,4000,2274.346,984781.471,,"[{""stage_name"": ""fixation"", ""planned_duration_ms"": 100, ""intended_onset_ms"": 978742.658, ""actual_onset_global_ms"": 978770.443, ""actual_offset_global_ms"": 978877.516, ""actual_duration_ms"": 107.073}, {""stage_name"": ""memory_array"", ""planned_duration_ms"": 2500, ""intended_onset_ms"": 978842.658, ""actual_onset_global_ms"": 978948.083, ""actual_offset_global_ms"": 981413.787, ""actual_duration_ms"": 2465.704}, {""stage_name"": ""delay"", ""planned_duration_ms"": 1000, ""intended_onset_ms"": 981413.787, ""actual_onset_global_ms"": 981412.842, ""actual_offset_global_ms"": 982441.338, ""actual_duration_ms"": 1028.496}, {""stage_name"": ""test_array"", ""planned_duration_ms"": 4000, ""intended_onset_ms"": 982441.338, ""actual_onset_global_ms"": 982507.125, ""actual_offset_global_ms"": 984781.471, ""actual_duration_ms"": 2274.346}]",,,3.0,same,2.0,"[20.75, 159.81]","[[-206.37, -217.3], [190.55, -106.94], [20.75, 159.81]]","[""red"", ""purple"", ""green""]","[""red"", ""purple"", ""green""]",green,green,s,same,s,,,,,,4.0,1.0,
