participant_id,session_id,group,timepoint,practice_layer,practice_protocol_version,telemetry_enabled,telemetry_version,task_name,task_order_index,block_name,block_type,block_index,trial_index_within_block,trial_index_global,practice_or_formal,condition_label,random_seed,screen_refresh_hz,timestamp_iso,omission,aborted,pause_count_during_trial,repeated_practice_round,intended_trial_start_ms,actual_trial_start_ms,condition,target_direction,flankers_direction,array_pattern_text,correct_response_key,participant_response_key,response_correct,rt_ms,response_time_global_ms,feedback_type,practice_pass_flag,intended_onset_ms,actual_onset_global_ms,actual_offset_global_ms,stage_duration_planned_ms,stage_duration_actual_ms,actual_trial_end_ms,stage_records_json,feedback_audio_file,feedback_audio_start_global_ms,feedback_audio_expected_duration_ms,feedback_audio_stop_global_ms,prompt_level,support_type,support_trigger_reason,support_trigger_trial_index,rule_block_error_count,support_level,support_phase,support_duration_ms,post_support_success_streak,support_faded_after_trial,manual_intervention_flag,dccs_support_rule,dccs_error_type,dccs_dimension_highlight_used,dccs_demo_type,dccs_label_mode,dccs_post_support_rule_confusion,rule,cue_audio_file,cue_label,cue_audio_start_global_ms,cue_audio_expected_duration_ms,cue_audio_stop_global_ms,stimulus_color,stimulus_shape,stimulus_identity,trial_transition,previous_rule,current_rule,cue_to_first_response_ms,digit_support_target,digit_transform_demo_used,digit_keypad_demo_used,digit_hesitation_prompt_used,digit_post_support_span_success,span_length,trial_index_within_span,span_round,presented_sequence,correct_backward_sequence,participant_input_sequence,participant_input_string,input_method,first_key_latency_ms,response_complete_time_ms,accuracy,omission_input,delete_count,clear_count,click_count,inter_key_intervals_ms,adaptive_decision,digits_audio_onsets_ms,digits_audio_files,digits_audio_events_json,repeated_audio_once_in_practice,trigger_trial_index,termination_reason,terminal_span_length,set_size,trial_type,probe_index,probe_position_xy,item_positions,item_colors_memory,item_colors_test,probe_original_color,probe_test_color,response_key,response_label,layout_generation_attempts,overlap_check_passed
044,044_T1_20260518_150552,Control,T1,adaptive,hci_substudy_v2,1,telemetry_v4,flanker,1,practice_single,practice,1,1,1,practice,practice_single,1779087952,59.935,2026-05-18T15:07:01.507,0,0,0,1,62115.533,62173.923,practice_single,left,none,<,s,s,1,4845.97,67126.873,correct,,62215.533,62280.903,67126.873,3000,4845.97,67726.873,"[{""stage_name"": ""fixation"", ""planned_duration_ms"": 100, ""intended_onset_ms"": 62115.533, ""actual_onset_global_ms"": 62173.923, ""actual_offset_global_ms"": 62249.852, ""actual_duration_ms"": 75.929}, {""stage_name"": ""stimulus"", ""planned_duration_ms"": 3000, ""intended_onset_ms"": 62215.533, ""actual_onset_global_ms"": 62280.903, ""actual_offset_global_ms"": 67126.873, ""actual_duration_ms"": 4845.97}, {""stage_name"": ""feedback"", ""planned_duration_ms"": 600, ""intended_onset_ms"": 67126.873, ""actual_onset_global_ms"": 67209.964, ""actual_offset_global_ms"": 67831.121, ""actual_duration_ms"": 621.157}]",correct.wav,67186.197,600.0,67786.197,,,,,,,,,,,,,,,,,,,,,,,,,,,,,,,,,,,,,,,,,,,,,,,,,,,,,,,,,,,,,,,,,,,,,,,,
044,044_T1_20260518_150552,Control,T1,adaptive,hci_substudy_v2,1,telemetry_v4,flanker,1,practice_single,practice,1,2,2,practice,practice_single,1779087952,59.935,2026-05-18T15:07:07.215,0,0,0,1,67823.541,67851.126,practice_single,left,none,<,s,s,1,20816.493,88791.964,correct,,67923.541,67975.471,88791.964,3000,20816.493,89391.964,"[{""stage_name"": ""fixation"", ""planned_duration_ms"": 100, ""intended_onset_ms"": 67823.541, ""actual_onset_global_ms"": 67851.126, ""actual_offset_global_ms"": 67960.594, ""actual_duration_ms"": 109.468}, {""stage_name"": ""stimulus"", ""planned_duration_ms"": 3000, ""intended_onset_ms"": 67923.541, ""actual_onset_global_ms"": 67975.471, ""actual_offset_global_ms"": 88791.964, ""actual_duration_ms"": 20816.493}, {""stage_name"": ""feedback"", ""planned_duration_ms"": 600, ""intended_onset_ms"": 88791.964, ""actual_onset_global_ms"": 88852.65, ""actual_offset_global_ms"": 89435.079, ""actual_duration_ms"": 582.429}]",correct.wav,88796.061,600.0,89396.061,,,,,,,,,,,,,,,,,,,,,,,,,,,,,,,,,,,,,,,,,,,,,,,,,,,,,,,,,,,,,,,,,,,,,,,,
044,044_T1_20260518_150552,Control,T1,adaptive,hci_substudy_v2,1,telemetry_v4,flanker,1,practice_single,practice,1,3,3,practice,practice_single,1779087952,59.935,2026-05-18T15:07:28.818,0,0,0,1,89426.349,89450.281,practice_single,left,none,<,s,s,1,728.645,90294.972,correct,,89526.349,89566.327,90294.972,3000,728.645,90894.972,"[{""stage_name"": ""fixation"", ""planned_duration_ms"": 100, ""intended_onset_ms"": 89426.349, ""actual_onset_global_ms"": 89450.281, ""actual_offset_global_ms"": 89557.816, ""actual_duration_ms"": 107.535}, {""stage_name"": ""stimulus"", ""planned_duration_ms"": 3000, ""intended_onset_ms"": 89526.349, ""actual_onset_global_ms"": 89566.327, ""actual_offset_global_ms"": 90294.972, ""actual_duration_ms"": 728.645}, {""stage_name"": ""feedback"", ""planned_duration_ms"": 600, ""intended_onset_ms"": 90294.972, ""actual_onset_global_ms"": 90323.733, ""actual_offset_global_ms"": 90939.172, ""actual_duration_ms"": 615.439}]",correct.wav,90305.52,600.0,90905.52,,,,,,,,,,,,,,,,,,,,,,,,,,,,,,,,,,,,,,,,,,,,,,,,,,,,,,,,,,,,,,,,,,,,,,,,
044,044_T1_20260518_150552,Control,T1,adaptive,hci_substudy_v2,1,telemetry_v4,flanker,1,practice_single,practice,1,4,4,practice,practice_single,1779087952,59.935,2026-05-18T15:07:30.321,0,0,0,1,90929.563,90949.592,practice_single,right,none,>,j,j,1,5760.406,96829.326,correct,,91029.563,91068.92,96829.326,3000,5760.406,97429.326,"[{""stage_name"": ""fixation"", ""planned_duration_ms"": 100, ""intended_onset_ms"": 90929.563, ""actual_onset_global_ms"": 90949.592, ""actual_offset_global_ms"": 91059.189, ""actual_duration_ms"": 109.597}, {""stage_name"": ""stimulus"", ""planned_duration_ms"": 3000, ""intended_onset_ms"": 91029.563, ""actual_onset_global_ms"": 91068.92, ""actual_offset_global_ms"": 96829.326, ""actual_duration_ms"": 5760.406}, {""stage_name"": ""feedback"", ""planned_duration_ms"": 600, ""intended_onset_ms"": 96829.326, ""actual_onset_global_ms"": 96873.844, ""actual_offset_global_ms"": 97484.077, ""actual_duration_ms"": 610.233}]",correct.wav,96850.763,600.0,97450.763,,,,,,,,,,,,,,,,,,,,,,,,,,,,,,,,,,,,,,,,,,,,,,,,,,,,,,,,,,,,,,,,,,,,,,,,
044,044_T1_20260518_150552,Control,T1,adaptive,hci_substudy_v2,1,telemetry_v4,flanker,1,practice_single,practice,1,5,5,practice,practice_single,1779087952,59.935,2026-05-18T15:07:36.867,0,0,0,1,97476.217,97503.989,practice_single,right,none,>,j,j,1,1746.972,99353.6,correct,,97576.217,97606.628,99353.6,3000,1746.972,99953.6,"[{""stage_name"": ""fixation"", ""planned_duration_ms"": 100, ""intended_onset_ms"": 97476.217, ""actual_onset_global_ms"": 97503.989, ""actual_offset_global_ms"": 97598.229, ""actual_duration_ms"": 94.24}, {""stage_name"": ""stimulus"", ""planned_duration_ms"": 3000, ""intended_onset_ms"": 97576.217, ""actual_onset_global_ms"": 97606.628, ""actual_offset_global_ms"": 99353.6, ""actual_duration_ms"": 1746.972}, {""stage_name"": ""feedback"", ""planned_duration_ms"": 600, ""intended_onset_ms"": 99353.6, ""actual_onset_global_ms"": 99396.532, ""actual_offset_global_ms"": 100003.317, ""actual_duration_ms"": 606.785}]",correct.wav,99363.284,600.0,99963.284,,,,,,,,,,,,,,,,,,,,,,,,,,,,,,,,,,,,,,,,,,,,,,,,,,,,,,,,,,,,,,,,,,,,,,,,
044,044_T1_20260518_150552,Control,T1,adaptive,hci_substudy_v2,1,telemetry_v4,flanker,1,practice_single,practice,1,6,6,practice,practice_single,1779087952,59.935,2026-05-18T15:07:39.386,0,0,0,1,99994.901,100023.627,practice_single,right,none,>,j,j,1,1125.613,101271.795,correct,,100094.901,100146.182,101271.795,3000,1125.613,101871.795,"[{""stage_name"": ""fixation"", ""planned_duration_ms"": 100, ""intended_onset_ms"": 99994.901, ""actual_onset_global_ms"": 100023.627, ""actual_offset_global_ms"": 100134.561, ""actual_duration_ms"": 110.934}, {""stage_name"": ""stimulus"", ""planned_duration_ms"": 3000, ""intended_onset_ms"": 100094.901, ""actual_onset_global_ms"": 100146.182, ""actual_offset_global_ms"": 101271.795, ""actual_duration_ms"": 1125.613}, {""stage_name"": ""feedback"", ""planned_duration_ms"": 600, ""intended_onset_ms"": 101271.795, ""actual_onset_global_ms"": 101318.888, ""actual_offset_global_ms"": 101928.637, ""actual_duration_ms"": 609.749}]",correct.wav,101285.0,600.0,101885.0,,,,,,,,,,,,,,,,,,,,,,,,,,,,,,,,,,,,,,,,,,,,,,,,,,,,,,,,,,,,,,,,,,,,,,,,
044,044_T1_20260518_150552,Control,T1,adaptive,hci_substudy_v2,1,telemetry_v4,flanker,1,practice_full,practice,2,1,7,practice,incongruent,1779087952,59.935,2026-05-18T15:07:43.663,0,0,0,1,104271.475,104306.537,incongruent,left,right,>><>>,s,s,1,6514.222,110948.371,correct,1.0,104371.475,104434.149,110948.371,3000,6514.222,111548.371,"[{""stage_name"": ""fixation"", ""planned_duration_ms"": 100, ""intended_onset_ms"": 104271.475, ""actual_onset_global_ms"": 104306.537, ""actual_offset_global_ms"": 104416.381, ""actual_duration_ms"": 109.844}, {""stage_name"": ""stimulus"", ""planned_duration_ms"": 3000, ""intended_onset_ms"": 104371.475, ""actual_onset_global_ms"": 104434.149, ""actual_offset_global_ms"": 110948.371, ""actual_duration_ms"": 6514.222}, {""stage_name"": ""feedback"", ""planned_duration_ms"": 600, ""intended_onset_ms"": 110948.371, ""actual_onset_global_ms"": 110994.781, ""actual_offset_global_ms"": 111608.584, ""actual_duration_ms"": 613.803}]",correct.wav,110964.609,600.0,111564.609,,,,,,,,,,,,,,,,,,,,,,,,,,,,,,,,,,,,,,,,,,,,,,,,,,,,,,,,,,,,,,,,,,,,,,,,
044,044_T1_20260518_150552,Control,T1,adaptive,hci_substudy_v2,1,telemetry_v4,flanker,1,practice_full,practice,2,2,8,practice,incongruent,1779087952,59.935,2026-05-18T15:07:50.992,0,0,0,1,111600.772,111633.185,incongruent,right,left,<<><<,j,j,1,3521.356,115284.951,correct,1.0,111700.772,111763.595,115284.951,3000,3521.356,115884.951,"[{""stage_name"": ""fixation"", ""planned_duration_ms"": 100, ""intended_onset_ms"": 111600.772, ""actual_onset_global_ms"": 111633.185, ""actual_offset_global_ms"": 111742.24, ""actual_duration_ms"": 109.055}, {""stage_name"": ""stimulus"", ""planned_duration_ms"": 3000, ""intended_onset_ms"": 111700.772, ""actual_onset_global_ms"": 111763.595, ""actual_offset_global_ms"": 115284.951, ""actual_duration_ms"": 3521.356}, {""stage_name"": ""feedback"", ""planned_duration_ms"": 600, ""intended_onset_ms"": 115284.951, ""actual_onset_global_ms"": 115349.636, ""actual_offset_global_ms"": 115943.83, ""actual_duration_ms"": 594.194}]",correct.wav,115322.102,600.0,115922.102,,,,,,,,,,,,,,,,,,,,,,,,,,,,,,,,,,,,,,,,,,,,,,,,,,,,,,,,,,,,,,,,,,,,,,,,
044,044_T1_20260518_150552,Control,T1,adaptive,hci_substudy_v2,1,telemetry_v4,flanker,1,practice_full,practice,2,3,9,practice,congruent,1779087952,59.935,2026-05-18T15:07:55.327,0,0,0,1,115935.223,115965.396,congruent,left,left,<<<<<,s,s,1,2093.05,118184.412,correct,1.0,116035.223,116091.362,118184.412,3000,2093.05,118784.412,"[{""stage_name"": ""fixation"", ""planned_duration_ms"": 100, ""intended_onset_ms"": 115935.223, ""actual_onset_global_ms"": 115965.396, ""actual_offset_global_ms"": 116072.448, ""actual_duration_ms"": 107.052}, {""stage_name"": ""stimulus"", ""planned_duration_ms"": 3000, ""intended_onset_ms"": 116035.223, ""actual_onset_global_ms"": 116091.362, ""actual_offset_global_ms"": 118184.412, ""actual_duration_ms"": 2093.05}, {""stage_name"": ""feedback"", ""planned_duration_ms"": 600, ""intended_onset_ms"": 118184.412, ""actual_onset_global_ms"": 118228.124, ""actual_offset_global_ms"": 118824.561, ""actual_duration_ms"": 596.437}]",correct.wav,118199.21,600.0,118799.21,,,,,,,,,,,,,,,,,,,,,,,,,,,,,,,,,,,,,,,,,,,,,,,,,,,,,,,,,,,,,,,,,,,,,,,,
044,044_T1_20260518_150552,Control,T1,adaptive,hci_substudy_v2,1,telemetry_v4,flanker,1,practice_full,practice,2,4,10,practice,congruent,1779087952,59.935,2026-05-18T15:07:58.207,0,0,0,1,118815.615,118845.792,congruent,right,right,>>>>>,j,j,1,3397.32,122372.804,correct,1.0,118915.615,118975.484,122372.804,3000,3397.32,122972.804,"[{""stage_name"": ""fixation"", ""planned_duration_ms"": 100, ""intended_onset_ms"": 118815.615, ""actual_onset_global_ms"": 118845.792, ""actual_offset_global_ms"": 118957.201, ""actual_duration_ms"": 111.409}, {""stage_name"": ""stimulus"", ""planned_duration_ms"": 3000, ""intended_onset_ms"": 118915.615, ""actual_onset_global_ms"": 118975.484, ""actual_offset_global_ms"": 122372.804, ""actual_duration_ms"": 3397.32}, {""stage_name"": ""feedback"", ""planned_duration_ms"": 600, ""intended_onset_ms"": 122372.804, ""actual_onset_global_ms"": 122398.308, ""actual_offset_global_ms"": 122999.556, ""actual_duration_ms"": 601.248}]",correct.wav,122373.777,600.0,122973.777,,,,,,,,,,,,,,,,,,,,,,,,,,,,,,,,,,,,,,,,,,,,,,,,,,,,,,,,,,,,,,,,,,,,,,,,
044,044_T1_20260518_150552,Control,T1,adaptive,hci_substudy_v2,1,telemetry_v4,flanker,1,practice_full,practice,2,5,11,practice,congruent,1779087952,59.935,2026-05-18T15:08:02.379,0,0,0,1,122988.092,123012.758,congruent,left,left,<<<<<,s,s,1,3370.223,126484.36,correct,1.0,123088.092,123114.137,126484.36,3000,3370.223,127084.36,"[{""stage_name"": ""fixation"", ""planned_duration_ms"": 100, ""intended_onset_ms"": 122988.092, ""actual_onset_global_ms"": 123012.758, ""actual_offset_global_ms"": 123105.337, ""actual_duration_ms"": 92.579}, {""stage_name"": ""stimulus"", ""planned_duration_ms"": 3000, ""intended_onset_ms"": 123088.092, ""actual_onset_global_ms"": 123114.137, ""actual_offset_global_ms"": 126484.36, ""actual_duration_ms"": 3370.223}, {""stage_name"": ""feedback"", ""planned_duration_ms"": 600, ""intended_onset_ms"": 126484.36, ""actual_onset_global_ms"": 126514.36, ""actual_offset_global_ms"": 127132.038, ""actual_duration_ms"": 617.678}]",correct.wav,126490.15,600.0,127090.15,,,,,,,,,,,,,,,,,,,,,,,,,,,,,,,,,,,,,,,,,,,,,,,,,,,,,,,,,,,,,,,,,,,,,,,,
044,044_T1_20260518_150552,Control,T1,adaptive,hci_substudy_v2,1,telemetry_v4,flanker,1,practice_full,practice,2,6,12,practice,incongruent,1779087952,59.935,2026-05-18T15:08:06.516,0,0,0,1,127124.909,127152.084,incongruent,right,left,<<><<,j,j,1,2799.172,130077.907,correct,1.0,127224.909,127278.735,130077.907,3000,2799.172,130677.907,"[{""stage_name"": ""fixation"", ""planned_duration_ms"": 100, ""intended_onset_ms"": 127124.909, ""actual_onset_global_ms"": 127152.084, ""actual_offset_global_ms"": 127265.845, ""actual_duration_ms"": 113.761}, {""stage_name"": ""stimulus"", ""planned_duration_ms"": 3000, ""intended_onset_ms"": 127224.909, ""actual_onset_global_ms"": 127278.735, ""actual_offset_global_ms"": 130077.907, ""actual_duration_ms"": 2799.172}, {""stage_name"": ""feedback"", ""planned_duration_ms"": 600, ""intended_onset_ms"": 130077.907, ""actual_onset_global_ms"": 130127.46, ""actual_offset_global_ms"": 130720.65, ""actual_duration_ms"": 593.19}]",correct.wav,130099.255,600.0,130699.255,,,,,,,,,,,,,,,,,,,,,,,,,,,,,,,,,,,,,,,,,,,,,,,,,,,,,,,,,,,,,,,,,,,,,,,,
044,044_T1_20260518_150552,Control,T1,adaptive,hci_substudy_v2,1,telemetry_v4,flanker,1,formal_block_1,formal,1,1,13,formal,congruent,1779087952,59.935,2026-05-18T15:08:20.232,0,0,0,1,140840.332,140876.87,congruent,right,right,>>>>>,j,j,1,6130.933,147140.991,none,,140940.332,141010.058,147140.991,3000,6130.933,147140.991,"[{""stage_name"": ""fixation"", ""planned_duration_ms"": 100, ""intended_onset_ms"": 140840.332, ""actual_onset_global_ms"": 140876.87, ""actual_offset_global_ms"": 140990.279, ""actual_duration_ms"": 113.409}, {""stage_name"": ""stimulus"", ""planned_duration_ms"": 3000, ""intended_onset_ms"": 140940.332, ""actual_onset_global_ms"": 141010.058, ""actual_offset_global_ms"": 147140.991, ""actual_duration_ms"": 6130.933}]",,,,,,,,,,,,,,,,,,,,,,,,,,,,,,,,,,,,,,,,,,,,,,,,,,,,,,,,,,,,,,,,,,,,,,,,,,,,
044,044_T1_20260518_150552,Control,T1,adaptive,hci_substudy_v2,1,telemetry_v4,flanker,1,formal_block_1,formal,1,2,14,formal,congruent,1779087952,59.935,2026-05-18T15:08:26.565,0,0,0,1,147173.039,147200.127,congruent,right,right,>>>>>,j,j,1,2761.163,150101.869,none,,147273.039,147340.706,150101.869,3000,2761.163,150101.869,"[{""stage_name"": ""fixation"", ""planned_duration_ms"": 100, ""intended_onset_ms"": 147173.039, ""actual_onset_global_ms"": 147200.127, ""actual_offset_global_ms"": 147320.147, ""actual_duration_ms"": 120.02}, {""stage_name"": ""stimulus"", ""planned_duration_ms"": 3000, ""intended_onset_ms"": 147273.039, ""actual_onset_global_ms"": 147340.706, ""actual_offset_global_ms"": 150101.869, ""actual_duration_ms"": 2761.163}]",,,,,,,,,,,,,,,,,,,,,,,,,,,,,,,,,,,,,,,,,,,,,,,,,,,,,,,,,,,,,,,,,,,,,,,,,,,,
044,044_T1_20260518_150552,Control,T1,adaptive,hci_substudy_v2,1,telemetry_v4,flanker,1,formal_block_1,formal,1,3,15,formal,incongruent,1779087952,59.935,2026-05-18T15:08:29.537,0,0,0,1,150145.368,150184.214,incongruent,right,left,<<><<,j,j,1,1766.692,152049.686,none,,150245.368,150282.994,152049.686,3000,1766.692,152049.686,"[{""stage_name"": ""fixation"", ""planned_duration_ms"": 100, ""intended_onset_ms"": 150145.368, ""actual_onset_global_ms"": 150184.214, ""actual_offset_global_ms"": 150266.248, ""actual_duration_ms"": 82.034}, {""stage_name"": ""stimulus"", ""planned_duration_ms"": 3000, ""intended_onset_ms"": 150245.368, ""actual_onset_global_ms"": 150282.994, ""actual_offset_global_ms"": 152049.686, ""actual_duration_ms"": 1766.692}]",,,,,,,,,,,,,,,,,,,,,,,,,,,,,,,,,,,,,,,,,,,,,,,,,,,,,,,,,,,,,,,,,,,,,,,,,,,,
044,044_T1_20260518_150552,Control,T1,adaptive,hci_substudy_v2,1,telemetry_v4,flanker,1,formal_block_1,formal,1,4,16,formal,congruent,1779087952,59.935,2026-05-18T15:08:31.454,0,0,0,1,152062.156,152091.968,congruent,left,left,<<<<<,s,s,1,2073.722,154296.69,none,,152162.156,152222.968,154296.69,3000,2073.722,154296.69,"[{""stage_name"": ""fixation"", ""planned_duration_ms"": 100, ""intended_onset_ms"": 152062.156, ""actual_onset_global_ms"": 152091.968, ""actual_offset_global_ms"": 152203.07, ""actual_duration_ms"": 111.102}, {""stage_name"": ""stimulus"", ""planned_duration_ms"": 3000, ""intended_onset_ms"": 152162.156, ""actual_onset_global_ms"": 152222.968, ""actual_offset_global_ms"": 154296.69, ""actual_duration_ms"": 2073.722}]",,,,,,,,,,,,,,,,,,,,,,,,,,,,,,,,,,,,,,,,,,,,,,,,,,,,,,,,,,,,,,,,,,,,,,,,,,,,
044,044_T1_20260518_150552,Control,T1,adaptive,hci_substudy_v2,1,telemetry_v4,flanker,1,formal_block_1,formal,1,5,17,formal,incongruent,1779087952,59.935,2026-05-18T15:08:33.711,0,0,0,1,154319.024,154350.401,incongruent,left,right,>><>>,s,s,1,997.072,155481.742,none,,154419.024,154484.67,155481.742,3000,997.072,155481.742,"[{""stage_name"": ""fixation"", ""planned_duration_ms"": 100, ""intended_onset_ms"": 154319.024, ""actual_onset_global_ms"": 154350.401, ""actual_offset_global_ms"": 154465.796, ""actual_duration_ms"": 115.395}, {""stage_name"": ""stimulus"", ""planned_duration_ms"": 3000, ""intended_onset_ms"": 154419.024, ""actual_onset_global_ms"": 154484.67, ""actual_offset_global_ms"": 155481.742, ""actual_duration_ms"": 997.072}]",,,,,,,,,,,,,,,,,,,,,,,,,,,,,,,,,,,,,,,,,,,,,,,,,,,,,,,,,,,,,,,,,,,,,,,,,,,,
044,044_T1_20260518_150552,Control,T1,adaptive,hci_substudy_v2,1,telemetry_v4,flanker,1,formal_block_1,formal,1,6,18,formal,incongruent,1779087952,59.935,2026-05-18T15:08:34.909,0,0,0,1,155517.671,155544.951,incongruent,right,left,<<><<,j,j,1,797.99,156473.91,none,,155617.671,155675.92,156473.91,3000,797.99,156473.91,"[{""stage_name"": ""fixation"", ""planned_duration_ms"": 100, ""intended_onset_ms"": 155517.671, ""actual_onset_global_ms"": 155544.951, ""actual_offset_global_ms"": 155654.56, ""actual_duration_ms"": 109.609}, {""stage_name"": ""stimulus"", ""planned_duration_ms"": 3000, ""intended_onset_ms"": 155617.671, ""actual_onset_global_ms"": 155675.92, ""actual_offset_global_ms"": 156473.91, ""actual_duration_ms"": 797.99}]",,,,,,,,,,,,,,,,,,,,,,,,,,,,,,,,,,,,,,,,,,,,,,,,,,,,,,,,,,,,,,,,,,,,,,,,,,,,
044,044_T1_20260518_150552,Control,T1,adaptive,hci_substudy_v2,1,telemetry_v4,flanker,1,formal_block_1,formal,1,7,19,formal,congruent,1779087952,59.935,2026-05-18T15:08:35.901,0,0,0,1,156508.83,156544.001,congruent,left,left,<<<<<,s,s,1,807.383,157483.076,none,,156608.83,156675.693,157483.076,3000,807.383,157483.076,"[{""stage_name"": ""fixation"", ""planned_duration_ms"": 100, ""intended_onset_ms"": 156508.83, ""actual_onset_global_ms"": 156544.001, ""actual_offset_global_ms"": 156654.283, ""actual_duration_ms"": 110.282}, {""stage_name"": ""stimulus"", ""planned_duration_ms"": 3000, ""intended_onset_ms"": 156608.83, ""actual_onset_global_ms"": 156675.693, ""actual_offset_global_ms"": 157483.076, ""actual_duration_ms"": 807.383}]",,,,,,,,,,,,,,,,,,,,,,,,,,,,,,,,,,,,,,,,,,,,,,,,,,,,,,,,,,,,,,,,,,,,,,,,,,,,
044,044_T1_20260518_150552,Control,T1,adaptive,hci_substudy_v2,1,telemetry_v4,flanker,1,formal_block_1,formal,1,8,20,formal,incongruent,1779087952,59.935,2026-05-18T15:08:36.914,0,0,0,1,157522.802,157550.456,incongruent,right,left,<<><<,j,j,1,689.544,158361.488,none,,157622.802,157671.944,158361.488,3000,689.544,158361.488,"[{""stage_name"": ""fixation"", ""planned_duration_ms"": 100, ""intended_onset_ms"": 157522.802, ""actual_onset_global_ms"": 157550.456, ""actual_offset_global_ms"": 157655.056, ""actual_duration_ms"": 104.6}, {""stage_name"": ""stimulus"", ""planned_duration_ms"": 3000, ""intended_onset_ms"": 157622.802, ""actual_onset_global_ms"": 157671.944, ""actual_offset_global_ms"": 158361.488, ""actual_duration_ms"": 689.544}]",,,,,,,,,,,,,,,,,,,,,,,,,,,,,,,,,,,,,,,,,,,,,,,,,,,,,,,,,,,,,,,,,,,,,,,,,,,,
044,044_T1_20260518_150552,Control,T1,adaptive,hci_substudy_v2,1,telemetry_v4,flanker,1,formal_block_1,formal,1,9,21,formal,congruent,1779087952,59.935,2026-05-18T15:08:37.775,0,0,0,1,158383.934,158408.967,congruent,right,right,>>>>>,j,j,1,960.129,159494.028,none,,158483.934,158533.899,159494.028,3000,960.129,159494.028,"[{""stage_name"": ""fixation"", ""planned_duration_ms"": 100, ""intended_onset_ms"": 158383.934, ""actual_onset_global_ms"": 158408.967, ""actual_offset_global_ms"": 158515.121, ""actual_duration_ms"": 106.154}, {""stage_name"": ""stimulus"", ""planned_duration_ms"": 3000, ""intended_onset_ms"": 158483.934, ""actual_onset_global_ms"": 158533.899, ""actual_offset_global_ms"": 159494.028, ""actual_duration_ms"": 960.129}]",,,,,,,,,,,,,,,,,,,,,,,,,,,,,,,,,,,,,,,,,,,,,,,,,,,,,,,,,,,,,,,,,,,,,,,,,,,,
044,044_T1_20260518_150552,Control,T1,adaptive,hci_substudy_v2,1,telemetry_v4,flanker,1,formal_block_1,formal,1,10,22,formal,incongruent,1779087952,59.935,2026-05-18T15:08:38.915,0,0,0,1,159524.086,159553.039,incongruent,left,right,>><>>,s,s,1,807.313,160497.16,none,,159624.086,159689.847,160497.16,3000,807.313,160497.16,"[{""stage_name"": ""fixation"", ""planned_duration_ms"": 100, ""intended_onset_ms"": 159524.086, ""actual_onset_global_ms"": 159553.039, ""actual_offset_global_ms"": 159668.284, ""actual_duration_ms"": 115.245}, {""stage_name"": ""stimulus"", ""planned_duration_ms"": 3000, ""intended_onset_ms"": 159624.086, ""actual_onset_global_ms"": 159689.847, ""actual_offset_global_ms"": 160497.16, ""actual_duration_ms"": 807.313}]",,,,,,,,,,,,,,,,,,,,,,,,,,,,,,,,,,,,,,,,,,,,,,,,,,,,,,,,,,,,,,,,,,,,,,,,,,,,
044,044_T1_20260518_150552,Control,T1,adaptive,hci_substudy_v2,1,telemetry_v4,flanker,1,formal_block_1,formal,1,11,23,formal,incongruent,1779087952,59.935,2026-05-18T15:08:39.905,0,0,0,1,160513.707,160542.488,incongruent,left,right,>><>>,s,s,1,1172.714,161843.902,none,,160613.707,160671.188,161843.902,3000,1172.714,161843.902,"[{""stage_name"": ""fixation"", ""planned_duration_ms"": 100, ""intended_onset_ms"": 160513.707, ""actual_onset_global_ms"": 160542.488, ""actual_offset_global_ms"": 160651.521, ""actual_duration_ms"": 109.033}, {""stage_name"": ""stimulus"", ""planned_duration_ms"": 3000, ""intended_onset_ms"": 160613.707, ""actual_onset_global_ms"": 160671.188, ""actual_offset_global_ms"": 161843.902, ""actual_duration_ms"": 1172.714}]",,,,,,,,,,,,,,,,,,,,,,,,,,,,,,,,,,,,,,,,,,,,,,,,,,,,,,,,,,,,,,,,,,,,,,,,,,,,
044,044_T1_20260518_150552,Control,T1,adaptive,hci_substudy_v2,1,telemetry_v4,flanker,1,formal_block_1,formal,1,12,24,formal,congruent,1779087952,59.935,2026-05-18T15:08:41.258,0,0,0,1,161866.618,161893.862,congruent,right,right,>>>>>,j,j,1,710.907,162732.5,none,,161966.618,162021.593,162732.5,3000,710.907,162732.5,"[{""stage_name"": ""fixation"", ""planned_duration_ms"": 100, ""intended_onset_ms"": 161866.618, ""actual_onset_global_ms"": 161893.862, ""actual_offset_global_ms"": 162001.781, ""actual_duration_ms"": 107.919}, {""stage_name"": ""stimulus"", ""planned_duration_ms"": 3000, ""intended_onset_ms"": 161966.618, ""actual_onset_global_ms"": 162021.593, ""actual_offset_global_ms"": 162732.5, ""actual_duration_ms"": 710.907}]",,,,,,,,,,,,,,,,,,,,,,,,,,,,,,,,,,,,,,,,,,,,,,,,,,,,,,,,,,,,,,,,,,,,,,,,,,,,
044,044_T1_20260518_150552,Control,T1,adaptive,hci_substudy_v2,1,telemetry_v4,flanker,1,formal_block_1,formal,1,13,25,formal,congruent,1779087952,59.935,2026-05-18T15:08:42.164,0,0,0,1,162771.93,162799.472,congruent,left,left,<<<<<,s,s,1,794.104,163733.484,none,,162871.93,162939.38,163733.484,3000,794.104,163733.484,"[{""stage_name"": ""fixation"", ""planned_duration_ms"": 100, ""intended_onset_ms"": 162771.93, ""actual_onset_global_ms"": 162799.472, ""actual_offset_global_ms"": 162917.686, ""actual_duration_ms"": 118.214}, {""stage_name"": ""stimulus"", ""planned_duration_ms"": 3000, ""intended_onset_ms"": 162871.93, ""actual_onset_global_ms"": 162939.38, ""actual_offset_global_ms"": 163733.484, ""actual_duration_ms"": 794.104}]",,,,,,,,,,,,,,,,,,,,,,,,,,,,,,,,,,,,,,,,,,,,,,,,,,,,,,,,,,,,,,,,,,,,,,,,,,,,
044,044_T1_20260518_150552,Control,T1,adaptive,hci_substudy_v2,1,telemetry_v4,flanker,1,formal_block_1,formal,1,14,26,formal,incongruent,1779087952,59.935,2026-05-18T15:08:43.160,0,0,0,1,163767.801,163794.223,incongruent,left,right,>><>>,s,s,1,1124.262,165051.657,none,,163867.801,163927.395,165051.657,3000,1124.262,165051.657,"[{""stage_name"": ""fixation"", ""planned_duration_ms"": 100, ""intended_onset_ms"": 163767.801, ""actual_onset_global_ms"": 163794.223, ""actual_offset_global_ms"": 163905.951, ""actual_duration_ms"": 111.728}, {""stage_name"": ""stimulus"", ""planned_duration_ms"": 3000, ""intended_onset_ms"": 163867.801, ""actual_onset_global_ms"": 163927.395, ""actual_offset_global_ms"": 165051.657, ""actual_duration_ms"": 1124.262}]",,,,,,,,,,,,,,,,,,,,,,,,,,,,,,,,,,,,,,,,,,,,,,,,,,,,,,,,,,,,,,,,,,,,,,,,,,,,
044,044_T1_20260518_150552,Control,T1,adaptive,hci_substudy_v2,1,telemetry_v4,flanker,1,formal_block_1,formal,1,15,27,formal,congruent,1779087952,59.935,2026-05-18T15:08:44.476,0,0,0,1,165085.301,165115.218,congruent,left,left,<<<<<,s,s,1,823.655,166076.739,none,,165185.301,165253.084,166076.739,3000,823.655,166076.739,"[{""stage_name"": ""fixation"", ""planned_duration_ms"": 100, ""intended_onset_ms"": 165085.301, ""actual_onset_global_ms"": 165115.218, ""actual_offset_global_ms"": 165234.029, ""actual_duration_ms"": 118.811}, {""stage_name"": ""stimulus"", ""planned_duration_ms"": 3000, ""intended_onset_ms"": 165185.301, ""actual_onset_global_ms"": 165253.084, ""actual_offset_global_ms"": 166076.739, ""actual_duration_ms"": 823.655}]",,,,,,,,,,,,,,,,,,,,,,,,,,,,,,,,,,,,,,,,,,,,,,,,,,,,,,,,,,,,,,,,,,,,,,,,,,,,
044,044_T1_20260518_150552,Control,T1,adaptive,hci_substudy_v2,1,telemetry_v4,flanker,1,formal_block_1,formal,1,16,28,formal,congruent,1779087952,59.935,2026-05-18T15:08:45.499,0,0,0,1,166107.265,166137.148,congruent,right,right,>>>>>,j,j,1,1038.054,167307.108,none,,166207.265,166269.054,167307.108,3000,1038.054,167307.108,"[{""stage_name"": ""fixation"", ""planned_duration_ms"": 100, ""intended_onset_ms"": 166107.265, ""actual_onset_global_ms"": 166137.148, ""actual_offset_global_ms"": 166250.684, ""actual_duration_ms"": 113.536}, {""stage_name"": ""stimulus"", ""planned_duration_ms"": 3000, ""intended_onset_ms"": 166207.265, ""actual_onset_global_ms"": 166269.054, ""actual_offset_global_ms"": 167307.108, ""actual_duration_ms"": 1038.054}]",,,,,,,,,,,,,,,,,,,,,,,,,,,,,,,,,,,,,,,,,,,,,,,,,,,,,,,,,,,,,,,,,,,,,,,,,,,,
044,044_T1_20260518_150552,Control,T1,adaptive,hci_substudy_v2,1,telemetry_v4,flanker,1,formal_block_1,formal,1,17,29,formal,incongruent,1779087952,59.935,2026-05-18T15:08:46.727,0,0,0,1,167335.947,167362.453,incongruent,right,left,<<><<,j,j,1,1233.135,168723.155,none,,167435.947,167490.02,168723.155,3000,1233.135,168723.155,"[{""stage_name"": ""fixation"", ""planned_duration_ms"": 100, ""intended_onset_ms"": 167335.947, ""actual_onset_global_ms"": 167362.453, ""actual_offset_global_ms"": 167468.359, ""actual_duration_ms"": 105.906}, {""stage_name"": ""stimulus"", ""planned_duration_ms"": 3000, ""intended_onset_ms"": 167435.947, ""actual_onset_global_ms"": 167490.02, ""actual_offset_global_ms"": 168723.155, ""actual_duration_ms"": 1233.135}]",,,,,,,,,,,,,,,,,,,,,,,,,,,,,,,,,,,,,,,,,,,,,,,,,,,,,,,,,,,,,,,,,,,,,,,,,,,,
044,044_T1_20260518_150552,Control,T1,adaptive,hci_substudy_v2,1,telemetry_v4,flanker,1,formal_block_1,formal,1,18,30,formal,incongruent,1779087952,59.935,2026-05-18T15:08:48.136,0,0,0,1,168744.511,168775.483,incongruent,left,right,>><>>,s,s,1,821.574,169725.485,none,,168844.511,168903.911,169725.485,3000,821.574,169725.485,"[{""stage_name"": ""fixation"", ""planned_duration_ms"": 100, ""intended_onset_ms"": 168744.511, ""actual_onset_global_ms"": 168775.483, ""actual_offset_global_ms"": 168884.915, ""actual_duration_ms"": 109.432}, {""stage_name"": ""stimulus"", ""planned_duration_ms"": 3000, ""intended_onset_ms"": 168844.511, ""actual_onset_global_ms"": 168903.911, ""actual_offset_global_ms"": 169725.485, ""actual_duration_ms"": 821.574}]",,,,,,,,,,,,,,,,,,,,,,,,,,,,,,,,,,,,,,,,,,,,,,,,,,,,,,,,,,,,,,,,,,,,,,,,,,,,
044,044_T1_20260518_150552,Control,T1,adaptive,hci_substudy_v2,1,telemetry_v4,flanker,1,formal_block_1,formal,1,19,31,formal,incongruent,1779087952,59.935,2026-05-18T15:08:49.161,0,0,0,1,169768.962,169797.74,incongruent,right,left,<<><<,j,j,1,911.733,170847.499,none,,169868.962,169935.766,170847.499,3000,911.733,170847.499,"[{""stage_name"": ""fixation"", ""planned_duration_ms"": 100, ""intended_onset_ms"": 169768.962, ""actual_onset_global_ms"": 169797.74, ""actual_offset_global_ms"": 169915.963, ""actual_duration_ms"": 118.223}, {""stage_name"": ""stimulus"", ""planned_duration_ms"": 3000, ""intended_onset_ms"": 169868.962, ""actual_onset_global_ms"": 169935.766, ""actual_offset_global_ms"": 170847.499, ""actual_duration_ms"": 911.733}]",,,,,,,,,,,,,,,,,,,,,,,,,,,,,,,,,,,,,,,,,,,,,,,,,,,,,,,,,,,,,,,,,,,,,,,,,,,,
044,044_T1_20260518_150552,Control,T1,adaptive,hci_substudy_v2,1,telemetry_v4,flanker,1,formal_block_1,formal,1,20,32,formal,congruent,1779087952,59.935,2026-05-18T15:08:50.269,0,0,0,1,170878.055,170913.741,congruent,left,left,<<<<<,s,s,1,834.376,171853.16,none,,170978.055,171018.784,171853.16,3000,834.376,171853.16,"[{""stage_name"": ""fixation"", ""planned_duration_ms"": 100, ""intended_onset_ms"": 170878.055, ""actual_onset_global_ms"": 170913.741, ""actual_offset_global_ms"": 170999.602, ""actual_duration_ms"": 85.861}, {""stage_name"": ""stimulus"", ""planned_duration_ms"": 3000, ""intended_onset_ms"": 170978.055, ""actual_onset_global_ms"": 171018.784, ""actual_offset_global_ms"": 171853.16, ""actual_duration_ms"": 834.376}]",,,,,,,,,,,,,,,,,,,,,,,,,,,,,,,,,,,,,,,,,,,,,,,,,,,,,,,,,,,,,,,,,,,,,,,,,,,,
044,044_T1_20260518_150552,Control,T1,adaptive,hci_substudy_v2,1,telemetry_v4,flanker,1,formal_block_2,formal,2,1,33,formal,congruent,1779087952,59.935,2026-05-18T15:08:51.263,0,0,0,1,171871.31,171897.679,congruent,right,right,>>>>>,j,j,1,887.132,172922.037,none,,171971.31,172034.905,172922.037,3000,887.132,172922.037,"[{""stage_name"": ""fixation"", ""planned_duration_ms"": 100, ""intended_onset_ms"": 171871.31, ""actual_onset_global_ms"": 171897.679, ""actual_offset_global_ms"": 172015.954, ""actual_duration_ms"": 118.275}, {""stage_name"": ""stimulus"", ""planned_duration_ms"": 3000, ""intended_onset_ms"": 171971.31, ""actual_onset_global_ms"": 172034.905, ""actual_offset_global_ms"": 172922.037, ""actual_duration_ms"": 887.132}]",,,,,,,,,,,,,,,,,,,,,,,,,,,,,,,,,,,,,,,,,,,,,,,,,,,,,,,,,,,,,,,,,,,,,,,,,,,,
044,044_T1_20260518_150552,Control,T1,adaptive,hci_substudy_v2,1,telemetry_v4,flanker,1,formal_block_2,formal,2,2,34,formal,incongruent,1779087952,59.935,2026-05-18T15:08:52.342,0,0,0,1,172950.946,172983.132,incongruent,right,left,<<><<,j,j,1,3560.679,176681.318,none,,173050.946,173120.639,176681.318,3000,3560.679,176681.318,"[{""stage_name"": ""fixation"", ""planned_duration_ms"": 100, ""intended_onset_ms"": 172950.946, ""actual_onset_global_ms"": 172983.132, ""actual_offset_global_ms"": 173099.614, ""actual_duration_ms"": 116.482}, {""stage_name"": ""stimulus"", ""planned_duration_ms"": 3000, ""intended_onset_ms"": 173050.946, ""actual_onset_global_ms"": 173120.639, ""actual_offset_global_ms"": 176681.318, ""actual_duration_ms"": 3560.679}]",,,,,,,,,,,,,,,,,,,,,,,,,,,,,,,,,,,,,,,,,,,,,,,,,,,,,,,,,,,,,,,,,,,,,,,,,,,,
044,044_T1_20260518_150552,Control,T1,adaptive,hci_substudy_v2,1,telemetry_v4,flanker,1,formal_block_2,formal,2,3,35,formal,incongruent,1779087952,59.935,2026-05-18T15:08:56.095,0,0,0,1,176703.911,176732.365,incongruent,left,right,>><>>,s,s,1,886.248,177755.684,none,,176803.911,176869.436,177755.684,3000,886.248,177755.684,"[{""stage_name"": ""fixation"", ""planned_duration_ms"": 100, ""intended_onset_ms"": 176703.911, ""actual_onset_global_ms"": 176732.365, ""actual_offset_global_ms"": 176849.119, ""actual_duration_ms"": 116.754}, {""stage_name"": ""stimulus"", ""planned_duration_ms"": 3000, ""intended_onset_ms"": 176803.911, ""actual_onset_global_ms"": 176869.436, ""actual_offset_global_ms"": 177755.684, ""actual_duration_ms"": 886.248}]",,,,,,,,,,,,,,,,,,,,,,,,,,,,,,,,,,,,,,,,,,,,,,,,,,,,,,,,,,,,,,,,,,,,,,,,,,,,
044,044_T1_20260518_150552,Control,T1,adaptive,hci_substudy_v2,1,telemetry_v4,flanker,1,formal_block_2,formal,2,4,36,formal,congruent,1779087952,59.935,2026-05-18T15:08:57.185,0,0,0,1,177794.098,177829.701,congruent,left,left,<<<<<,s,s,1,985.338,178917.743,none,,177894.098,177932.405,178917.743,3000,985.338,178917.743,"[{""stage_name"": ""fixation"", ""planned_duration_ms"": 100, ""intended_onset_ms"": 177794.098, ""actual_onset_global_ms"": 177829.701, ""actual_offset_global_ms"": 177914.411, ""actual_duration_ms"": 84.71}, {""stage_name"": ""stimulus"", ""planned_duration_ms"": 3000, ""intended_onset_ms"": 177894.098, ""actual_onset_global_ms"": 177932.405, ""actual_offset_global_ms"": 178917.743, ""actual_duration_ms"": 985.338}]",,,,,,,,,,,,,,,,,,,,,,,,,,,,,,,,,,,,,,,,,,,,,,,,,,,,,,,,,,,,,,,,,,,,,,,,,,,,
044,044_T1_20260518_150552,Control,T1,adaptive,hci_substudy_v2,1,telemetry_v4,flanker,1,formal_block_2,formal,2,5,37,formal,incongruent,1779087952,59.935,2026-05-18T15:08:58.341,0,0,0,1,178949.845,178980.724,incongruent,right,left,<<><<,j,j,1,707.917,179821.113,none,,179049.845,179113.196,179821.113,3000,707.917,179821.113,"[{""stage_name"": ""fixation"", ""planned_duration_ms"": 100, ""intended_onset_ms"": 178949.845, ""actual_onset_global_ms"": 178980.724, ""actual_offset_global_ms"": 179095.078, ""actual_duration_ms"": 114.354}, {""stage_name"": ""stimulus"", ""planned_duration_ms"": 3000, ""intended_onset_ms"": 179049.845, ""actual_onset_global_ms"": 179113.196, ""actual_offset_global_ms"": 179821.113, ""actual_duration_ms"": 707.917}]",,,,,,,,,,,,,,,,,,,,,,,,,,,,,,,,,,,,,,,,,,,,,,,,,,,,,,,,,,,,,,,,,,,,,,,,,,,,
044,044_T1_20260518_150552,Control,T1,adaptive,hci_substudy_v2,1,telemetry_v4,flanker,1,formal_block_2,formal,2,6,38,formal,congruent,1779087952,59.935,2026-05-18T15:08:59.234,0,0,0,1,179842.552,179870.469,congruent,left,left,<<<<<,s,s,1,760.065,180758.692,none,,179942.552,179998.627,180758.692,3000,760.065,180758.692,"[{""stage_name"": ""fixation"", ""planned_duration_ms"": 100, ""intended_onset_ms"": 179842.552, ""actual_onset_global_ms"": 179870.469, ""actual_offset_global_ms"": 179982.366, ""actual_duration_ms"": 111.897}, {""stage_name"": ""stimulus"", ""planned_duration_ms"": 3000, ""intended_onset_ms"": 179942.552, ""actual_onset_global_ms"": 179998.627, ""actual_offset_global_ms"": 180758.692, ""actual_duration_ms"": 760.065}]",,,,,,,,,,,,,,,,,,,,,,,,,,,,,,,,,,,,,,,,,,,,,,,,,,,,,,,,,,,,,,,,,,,,,,,,,,,,
044,044_T1_20260518_150552,Control,T1,adaptive,hci_substudy_v2,1,telemetry_v4,flanker,1,formal_block_2,formal,2,7,39,formal,congruent,1779087952,59.935,2026-05-18T15:09:00.191,0,0,0,1,180800.01,180830.198,congruent,right,right,>>>>>,j,j,1,743.953,181710.352,none,,180900.01,180966.399,181710.352,3000,743.953,181710.352,"[{""stage_name"": ""fixation"", ""planned_duration_ms"": 100, ""intended_onset_ms"": 180800.01, ""actual_onset_global_ms"": 180830.198, ""actual_offset_global_ms"": 180947.023, ""actual_duration_ms"": 116.825}, {""stage_name"": ""stimulus"", ""planned_duration_ms"": 3000, ""intended_onset_ms"": 180900.01, ""actual_onset_global_ms"": 180966.399, ""actual_offset_global_ms"": 181710.352, ""actual_duration_ms"": 743.953}]",,,,,,,,,,,,,,,,,,,,,,,,,,,,,,,,,,,,,,,,,,,,,,,,,,,,,,,,,,,,,,,,,,,,,,,,,,,,
044,044_T1_20260518_150552,Control,T1,adaptive,hci_substudy_v2,1,telemetry_v4,flanker,1,formal_block_2,formal,2,8,40,formal,congruent,1779087952,59.935,2026-05-18T15:09:01.138,0,0,0,1,181746.717,181771.447,congruent,right,right,>>>>>,j,j,1,1456.773,183361.25,none,,181846.717,181904.477,183361.25,3000,1456.773,183361.25,"[{""stage_name"": ""fixation"", ""planned_duration_ms"": 100, ""intended_onset_ms"": 181746.717, ""actual_onset_global_ms"": 181771.447, ""actual_offset_global_ms"": 181885.39, ""actual_duration_ms"": 113.943}, {""stage_name"": ""stimulus"", ""planned_duration_ms"": 3000, ""intended_onset_ms"": 181846.717, ""actual_onset_global_ms"": 181904.477, ""actual_offset_global_ms"": 183361.25, ""actual_duration_ms"": 1456.773}]",,,,,,,,,,,,,,,,,,,,,,,,,,,,,,,,,,,,,,,,,,,,,,,,,,,,,,,,,,,,,,,,,,,,,,,,,,,,
044,044_T1_20260518_150552,Control,T1,adaptive,hci_substudy_v2,1,telemetry_v4,flanker,1,formal_block_2,formal,2,9,41,formal,incongruent,1779087952,59.935,2026-05-18T15:09:02.795,0,0,0,1,183403.932,183437.312,incongruent,right,left,<<><<,j,j,1,768.794,184337.189,none,,183503.932,183568.395,184337.189,3000,768.794,184337.189,"[{""stage_name"": ""fixation"", ""planned_duration_ms"": 100, ""intended_onset_ms"": 183403.932, ""actual_onset_global_ms"": 183437.312, ""actual_offset_global_ms"": 183549.39, ""actual_duration_ms"": 112.078}, {""stage_name"": ""stimulus"", ""planned_duration_ms"": 3000, ""intended_onset_ms"": 183503.932, ""actual_onset_global_ms"": 183568.395, ""actual_offset_global_ms"": 184337.189, ""actual_duration_ms"": 768.794}]",,,,,,,,,,,,,,,,,,,,,,,,,,,,,,,,,,,,,,,,,,,,,,,,,,,,,,,,,,,,,,,,,,,,,,,,,,,,
044,044_T1_20260518_150552,Control,T1,adaptive,hci_substudy_v2,1,telemetry_v4,flanker,1,formal_block_2,formal,2,10,42,formal,incongruent,1779087952,59.935,2026-05-18T15:09:03.755,0,0,0,1,184363.445,184391.348,incongruent,left,right,>><>>,s,s,1,733.363,185250.167,none,,184463.445,184516.804,185250.167,3000,733.363,185250.167,"[{""stage_name"": ""fixation"", ""planned_duration_ms"": 100, ""intended_onset_ms"": 184363.445, ""actual_onset_global_ms"": 184391.348, ""actual_offset_global_ms"": 184498.274, ""actual_duration_ms"": 106.926}, {""stage_name"": ""stimulus"", ""planned_duration_ms"": 3000, ""intended_onset_ms"": 184463.445, ""actual_onset_global_ms"": 184516.804, ""actual_offset_global_ms"": 185250.167, ""actual_duration_ms"": 733.363}]",,,,,,,,,,,,,,,,,,,,,,,,,,,,,,,,,,,,,,,,,,,,,,,,,,,,,,,,,,,,,,,,,,,,,,,,,,,,
044,044_T1_20260518_150552,Control,T1,adaptive,hci_substudy_v2,1,telemetry_v4,flanker,1,formal_block_2,formal,2,11,43,formal,congruent,1779087952,59.935,2026-05-18T15:09:04.677,0,0,0,1,185285.265,185316.086,congruent,right,right,>>>>>,j,j,1,896.796,186348.755,none,,185385.265,185451.959,186348.755,3000,896.796,186348.755,"[{""stage_name"": ""fixation"", ""planned_duration_ms"": 100, ""intended_onset_ms"": 185285.265, ""actual_onset_global_ms"": 185316.086, ""actual_offset_global_ms"": 185433.581, ""actual_duration_ms"": 117.495}, {""stage_name"": ""stimulus"", ""planned_duration_ms"": 3000, ""intended_onset_ms"": 185385.265, ""actual_onset_global_ms"": 185451.959, ""actual_offset_global_ms"": 186348.755, ""actual_duration_ms"": 896.796}]",,,,,,,,,,,,,,,,,,,,,,,,,,,,,,,,,,,,,,,,,,,,,,,,,,,,,,,,,,,,,,,,,,,,,,,,,,,,
044,044_T1_20260518_150552,Control,T1,adaptive,hci_substudy_v2,1,telemetry_v4,flanker,1,formal_block_2,formal,2,12,44,formal,congruent,1779087952,59.935,2026-05-18T15:09:05.774,0,0,0,1,186382.361,186411.818,congruent,right,right,>>>>>,j,j,1,753.849,187301.574,none,,186482.361,186547.725,187301.574,3000,753.849,187301.574,"[{""stage_name"": ""fixation"", ""planned_duration_ms"": 100, ""intended_onset_ms"": 186382.361, ""actual_onset_global_ms"": 186411.818, ""actual_offset_global_ms"": 186528.658, ""actual_duration_ms"": 116.84}, {""stage_name"": ""stimulus"", ""planned_duration_ms"": 3000, ""intended_onset_ms"": 186482.361, ""actual_onset_global_ms"": 186547.725, ""actual_offset_global_ms"": 187301.574, ""actual_duration_ms"": 753.849}]",,,,,,,,,,,,,,,,,,,,,,,,,,,,,,,,,,,,,,,,,,,,,,,,,,,,,,,,,,,,,,,,,,,,,,,,,,,,
044,044_T1_20260518_150552,Control,T1,adaptive,hci_substudy_v2,1,telemetry_v4,flanker,1,formal_block_2,formal,2,13,45,formal,incongruent,1779087952,59.935,2026-05-18T15:09:06.705,0,0,0,1,187313.649,187340.916,incongruent,right,left,<<><<,j,j,1,808.397,188272.748,none,,187413.649,187464.351,188272.748,3000,808.397,188272.748,"[{""stage_name"": ""fixation"", ""planned_duration_ms"": 100, ""intended_onset_ms"": 187313.649, ""actual_onset_global_ms"": 187340.916, ""actual_offset_global_ms"": 187445.856, ""actual_duration_ms"": 104.94}, {""stage_name"": ""stimulus"", ""planned_duration_ms"": 3000, ""intended_onset_ms"": 187413.649, ""actual_onset_global_ms"": 187464.351, ""actual_offset_global_ms"": 188272.748, ""actual_duration_ms"": 808.397}]",,,,,,,,,,,,,,,,,,,,,,,,,,,,,,,,,,,,,,,,,,,,,,,,,,,,,,,,,,,,,,,,,,,,,,,,,,,,
044,044_T1_20260518_150552,Control,T1,adaptive,hci_substudy_v2,1,telemetry_v4,flanker,1,formal_block_2,formal,2,14,46,formal,congruent,1779087952,59.935,2026-05-18T15:09:07.705,0,0,0,1,188313.825,188344.793,congruent,left,left,<<<<<,s,s,1,898.626,189379.119,none,,188413.825,188480.493,189379.119,3000,898.626,189379.119,"[{""stage_name"": ""fixation"", ""planned_duration_ms"": 100, ""intended_onset_ms"": 188313.825, ""actual_onset_global_ms"": 188344.793, ""actual_offset_global_ms"": 188460.309, ""actual_duration_ms"": 115.516}, {""stage_name"": ""stimulus"", ""planned_duration_ms"": 3000, ""intended_onset_ms"": 188413.825, ""actual_onset_global_ms"": 188480.493, ""actual_offset_global_ms"": 189379.119, ""actual_duration_ms"": 898.626}]",,,,,,,,,,,,,,,,,,,,,,,,,,,,,,,,,,,,,,,,,,,,,,,,,,,,,,,,,,,,,,,,,,,,,,,,,,,,
044,044_T1_20260518_150552,Control,T1,adaptive,hci_substudy_v2,1,telemetry_v4,flanker,1,formal_block_2,formal,2,15,47,formal,incongruent,1779087952,59.935,2026-05-18T15:09:08.786,0,0,0,1,189394.126,189416.637,incongruent,left,right,>><>>,s,s,1,881.387,190412.22,none,,189494.126,189530.833,190412.22,3000,881.387,190412.22,"[{""stage_name"": ""fixation"", ""planned_duration_ms"": 100, ""intended_onset_ms"": 189394.126, ""actual_onset_global_ms"": 189416.637, ""actual_offset_global_ms"": 189513.798, ""actual_duration_ms"": 97.161}, {""stage_name"": ""stimulus"", ""planned_duration_ms"": 3000, ""intended_onset_ms"": 189494.126, ""actual_onset_global_ms"": 189530.833, ""actual_offset_global_ms"": 190412.22, ""actual_duration_ms"": 881.387}]",,,,,,,,,,,,,,,,,,,,,,,,,,,,,,,,,,,,,,,,,,,,,,,,,,,,,,,,,,,,,,,,,,,,,,,,,,,,
044,044_T1_20260518_150552,Control,T1,adaptive,hci_substudy_v2,1,telemetry_v4,flanker,1,formal_block_2,formal,2,16,48,formal,congruent,1779087952,59.935,2026-05-18T15:09:09.838,0,0,0,1,190446.231,190477.786,congruent,left,left,<<<<<,s,s,1,3186.067,193799.372,none,,190546.231,190613.305,193799.372,3000,3186.067,193799.372,"[{""stage_name"": ""fixation"", ""planned_duration_ms"": 100, ""intended_onset_ms"": 190446.231, ""actual_onset_global_ms"": 190477.786, ""actual_offset_global_ms"": 190593.752, ""actual_duration_ms"": 115.966}, {""stage_name"": ""stimulus"", ""planned_duration_ms"": 3000, ""intended_onset_ms"": 190546.231, ""actual_onset_global_ms"": 190613.305, ""actual_offset_global_ms"": 193799.372, ""actual_duration_ms"": 3186.067}]",,,,,,,,,,,,,,,,,,,,,,,,,,,,,,,,,,,,,,,,,,,,,,,,,,,,,,,,,,,,,,,,,,,,,,,,,,,,
044,044_T1_20260518_150552,Control,T1,adaptive,hci_substudy_v2,1,telemetry_v4,flanker,1,formal_block_2,formal,2,17,49,formal,incongruent,1779087952,59.935,2026-05-18T15:09:13.227,0,0,0,1,193835.697,193862.257,incongruent,right,left,<<><<,j,j,1,670.287,194668.701,none,,193935.697,193998.414,194668.701,3000,670.287,194668.701,"[{""stage_name"": ""fixation"", ""planned_duration_ms"": 100, ""intended_onset_ms"": 193835.697, ""actual_onset_global_ms"": 193862.257, ""actual_offset_global_ms"": 193980.22, ""actual_duration_ms"": 117.963}, {""stage_name"": ""stimulus"", ""planned_duration_ms"": 3000, ""intended_onset_ms"": 193935.697, ""actual_onset_global_ms"": 193998.414, ""actual_offset_global_ms"": 194668.701, ""actual_duration_ms"": 670.287}]",,,,,,,,,,,,,,,,,,,,,,,,,,,,,,,,,,,,,,,,,,,,,,,,,,,,,,,,,,,,,,,,,,,,,,,,,,,,
044,044_T1_20260518_150552,Control,T1,adaptive,hci_substudy_v2,1,telemetry_v4,flanker,1,formal_block_2,formal,2,18,50,formal,congruent,1779087952,59.935,2026-05-18T15:09:14.090,0,0,0,1,194698.594,194730.522,congruent,left,left,<<<<<,s,s,1,833.263,195702.448,none,,194798.594,194869.185,195702.448,3000,833.263,195702.448,"[{""stage_name"": ""fixation"", ""planned_duration_ms"": 100, ""intended_onset_ms"": 194698.594, ""actual_onset_global_ms"": 194730.522, ""actual_offset_global_ms"": 194846.173, ""actual_duration_ms"": 115.651}, {""stage_name"": ""stimulus"", ""planned_duration_ms"": 3000, ""intended_onset_ms"": 194798.594, ""actual_onset_global_ms"": 194869.185, ""actual_offset_global_ms"": 195702.448, ""actual_duration_ms"": 833.263}]",,,,,,,,,,,,,,,,,,,,,,,,,,,,,,,,,,,,,,,,,,,,,,,,,,,,,,,,,,,,,,,,,,,,,,,,,,,,
044,044_T1_20260518_150552,Control,T1,adaptive,hci_substudy_v2,1,telemetry_v4,flanker,1,formal_block_2,formal,2,19,51,formal,incongruent,1779087952,59.935,2026-05-18T15:09:15.109,0,0,0,1,195717.639,195749.029,incongruent,left,right,>><>>,s,s,1,973.497,196855.906,none,,195817.639,195882.409,196855.906,3000,973.497,196855.906,"[{""stage_name"": ""fixation"", ""planned_duration_ms"": 100, ""intended_onset_ms"": 195717.639, ""actual_onset_global_ms"": 195749.029, ""actual_offset_global_ms"": 195862.779, ""actual_duration_ms"": 113.75}, {""stage_name"": ""stimulus"", ""planned_duration_ms"": 3000, ""intended_onset_ms"": 195817.639, ""actual_onset_global_ms"": 195882.409, ""actual_offset_global_ms"": 196855.906, ""actual_duration_ms"": 973.497}]",,,,,,,,,,,,,,,,,,,,,,,,,,,,,,,,,,,,,,,,,,,,,,,,,,,,,,,,,,,,,,,,,,,,,,,,,,,,
044,044_T1_20260518_150552,Control,T1,adaptive,hci_substudy_v2,1,telemetry_v4,flanker,1,formal_block_2,formal,2,20,52,formal,incongruent,1779087952,59.935,2026-05-18T15:09:16.278,0,0,0,1,196886.177,196916.733,incongruent,left,right,>><>>,s,s,1,780.492,197827.551,none,,196986.177,197047.059,197827.551,3000,780.492,197827.551,"[{""stage_name"": ""fixation"", ""planned_duration_ms"": 100, ""intended_onset_ms"": 196886.177, ""actual_onset_global_ms"": 196916.733, ""actual_offset_global_ms"": 197030.285, ""actual_duration_ms"": 113.552}, {""stage_name"": ""stimulus"", ""planned_duration_ms"": 3000, ""intended_onset_ms"": 196986.177, ""actual_onset_global_ms"": 197047.059, ""actual_offset_global_ms"": 197827.551, ""actual_duration_ms"": 780.492}]",,,,,,,,,,,,,,,,,,,,,,,,,,,,,,,,,,,,,,,,,,,,,,,,,,,,,,,,,,,,,,,,,,,,,,,,,,,,
044,044_T1_20260518_150552,Control,T1,adaptive,hci_substudy_v2,1,telemetry_v4,dccs,2,pre_switch_practice,practice,1,1,1,practice,color,1779087952,59.935,2026-05-18T15:09:55.861,0,0,0,1,236469.552,236559.344,,,,,j,j,1,2180.454,239711.333,correct,1.0,237069.552,237530.879,239711.333,3000,2180.454,239861.333,"[{""stage_name"": ""fixation"", ""planned_duration_ms"": 100, ""intended_onset_ms"": 236469.552, ""actual_onset_global_ms"": 236559.344, ""actual_offset_global_ms"": 236600.325, ""actual_duration_ms"": 40.981}, {""stage_name"": ""cue"", ""planned_duration_ms"": 500, ""intended_onset_ms"": 236569.552, ""actual_onset_global_ms"": 236616.442, ""actual_offset_global_ms"": 237518.314, ""actual_duration_ms"": 901.872}, {""stage_name"": ""stimulus"", ""planned_duration_ms"": 3000, ""intended_onset_ms"": 237069.552, ""actual_onset_global_ms"": 237530.879, ""actual_offset_global_ms"": 239711.333, ""actual_duration_ms"": 2180.454}, {""stage_name"": ""feedback"", ""planned_duration_ms"": 150, ""intended_onset_ms"": 239711.333, ""actual_onset_global_ms"": 239764.923, ""actual_offset_global_ms"": 239905.125, ""actual_duration_ms"": 140.202}]",correct.wav,239724.628,150.0,240224.628,0.0,none,,,0.0,0.0,none,0.0,0.0,0.0,0.0,,,0.0,none,none,0.0,color,cue_color.wav,颜色,236616.771,500.0,237313.334,red,boat,red_boat,practice,,color,3094.891,,,,,,,,,,,,,,,,,,,,,,,,,,,,,,,,,,,,,,,,,,
044,044_T1_20260518_150552,Control,T1,adaptive,hci_substudy_v2,1,telemetry_v4,dccs,2,pre_switch_practice,practice,1,2,2,practice,color,1779087952,59.935,2026-05-18T15:09:59.288,0,0,0,1,239895.79,239919.735,,,,,j,j,1,1022.12,242034.748,correct,1.0,240495.79,241012.628,242034.748,3000,1022.12,242184.748,"[{""stage_name"": ""fixation"", ""planned_duration_ms"": 100, ""intended_onset_ms"": 239895.79, ""actual_onset_global_ms"": 239919.735, ""actual_offset_global_ms"": 240035.949, ""actual_duration_ms"": 116.214}, {""stage_name"": ""cue"", ""planned_duration_ms"": 500, ""intended_onset_ms"": 239995.79, ""actual_onset_global_ms"": 240047.891, ""actual_offset_global_ms"": 241000.204, ""actual_duration_ms"": 952.313}, {""stage_name"": ""stimulus"", ""planned_duration_ms"": 3000, ""intended_onset_ms"": 240495.79, ""actual_onset_global_ms"": 241012.628, ""actual_offset_global_ms"": 242034.748, ""actual_duration_ms"": 1022.12}, {""stage_name"": ""feedback"", ""planned_duration_ms"": 150, ""intended_onset_ms"": 242034.748, ""actual_onset_global_ms"": 242072.83, ""actual_offset_global_ms"": 242211.593, ""actual_duration_ms"": 138.763}]",correct.wav,242040.33,150.0,242540.33,0.0,none,,,0.0,0.0,none,0.0,0.0,0.0,0.0,,,0.0,none,none,0.0,color,cue_color.wav,颜色,240048.275,500.0,240744.837,red,rabbit,red_rabbit,practice,,color,1986.857,,,,,,,,,,,,,,,,,,,,,,,,,,,,,,,,,,,,,,,,,,
044,044_T1_20260518_150552,Control,T1,adaptive,hci_substudy_v2,1,telemetry_v4,dccs,2,pre_switch_practice,practice,1,3,3,practice,color,1779087952,59.935,2026-05-18T15:10:01.590,0,0,0,1,242198.101,242220.67,,,,,s,s,1,641.093,243996.34,correct,1.0,242798.101,243355.247,243996.34,3000,641.093,244146.34,"[{""stage_name"": ""fixation"", ""planned_duration_ms"": 100, ""intended_onset_ms"": 242198.101, ""actual_onset_global_ms"": 242220.67, ""actual_offset_global_ms"": 242322.527, ""actual_duration_ms"": 101.857}, {""stage_name"": ""cue"", ""planned_duration_ms"": 500, ""intended_onset_ms"": 242298.101, ""actual_onset_global_ms"": 242346.417, ""actual_offset_global_ms"": 243338.968, ""actual_duration_ms"": 992.551}, {""stage_name"": ""stimulus"", ""planned_duration_ms"": 3000, ""intended_onset_ms"": 242798.101, ""actual_onset_global_ms"": 243355.247, ""actual_offset_global_ms"": 243996.34, ""actual_duration_ms"": 641.093}, {""stage_name"": ""feedback"", ""planned_duration_ms"": 150, ""intended_onset_ms"": 243996.34, ""actual_onset_global_ms"": 244055.294, ""actual_offset_global_ms"": 244201.274, ""actual_duration_ms"": 145.98}]",correct.wav,244024.449,150.0,244524.449,0.0,none,,,0.0,0.0,none,0.0,0.0,0.0,0.0,,,0.0,none,none,0.0,color,cue_color.wav,颜色,242347.328,500.0,243043.891,blue,boat,blue_boat,practice,,color,1649.923,,,,,,,,,,,,,,,,,,,,,,,,,,,,,,,,,,,,,,,,,,
044,044_T1_20260518_150552,Control,T1,adaptive,hci_substudy_v2,1,telemetry_v4,dccs,2,pre_switch_practice,practice,1,4,4,practice,color,1779087952,59.935,2026-05-18T15:10:03.580,0,0,0,1,244189.035,244216.301,,,,,s,s,1,890.674,246191.686,correct,1.0,244789.035,245301.012,246191.686,3000,890.674,246341.686,"[{""stage_name"": ""fixation"", ""planned_duration_ms"": 100, ""intended_onset_ms"": 244189.035, ""actual_onset_global_ms"": 244216.301, ""actual_offset_global_ms"": 244326.501, ""actual_duration_ms"": 110.2}, {""stage_name"": ""cue"", ""planned_duration_ms"": 500, ""intended_onset_ms"": 244289.035, ""actual_onset_global_ms"": 244342.834, ""actual_offset_global_ms"": 245284.51, ""actual_duration_ms"": 941.676}, {""stage_name"": ""stimulus"", ""planned_duration_ms"": 3000, ""intended_onset_ms"": 244789.035, ""actual_onset_global_ms"": 245301.012, ""actual_offset_global_ms"": 246191.686, ""actual_duration_ms"": 890.674}, {""stage_name"": ""feedback"", ""planned_duration_ms"": 150, ""intended_onset_ms"": 246191.686, ""actual_onset_global_ms"": 246242.864, ""actual_offset_global_ms"": 246393.913, ""actual_duration_ms"": 151.049}]",correct.wav,246207.609,150.0,246707.609,0.0,none,,,0.0,0.0,none,0.0,0.0,0.0,0.0,,,0.0,none,none,0.0,color,cue_color.wav,颜色,244343.4,500.0,245039.962,blue,rabbit,blue_rabbit,practice,,color,1848.852,,,,,,,,,,,,,,,,,,,,,,,,,,,,,,,,,,,,,,,,,,
044,044_T1_20260518_150552,Control,T1,adaptive,hci_substudy_v2,1,telemetry_v4,dccs,2,pre_switch_practice,practice,1,5,5,practice,color,1779087952,59.935,2026-05-18T15:10:05.772,0,0,0,1,246380.551,246402.399,,,,,j,j,1,762.949,248242.436,correct,1.0,246980.551,247479.487,248242.436,3000,762.949,248392.436,"[{""stage_name"": ""fixation"", ""planned_duration_ms"": 100, ""intended_onset_ms"": 246380.551, ""actual_onset_global_ms"": 246402.399, ""actual_offset_global_ms"": 246514.624, ""actual_duration_ms"": 112.225}, {""stage_name"": ""cue"", ""planned_duration_ms"": 500, ""intended_onset_ms"": 246480.551, ""actual_onset_global_ms"": 246532.495, ""actual_offset_global_ms"": 247465.617, ""actual_duration_ms"": 933.122}, {""stage_name"": ""stimulus"", ""planned_duration_ms"": 3000, ""intended_onset_ms"": 246980.551, ""actual_onset_global_ms"": 247479.487, ""actual_offset_global_ms"": 248242.436, ""actual_duration_ms"": 762.949}, {""stage_name"": ""feedback"", ""planned_duration_ms"": 150, ""intended_onset_ms"": 248242.436, ""actual_onset_global_ms"": 248305.177, ""actual_offset_global_ms"": 248449.597, ""actual_duration_ms"": 144.42}]",correct.wav,248272.777,150.0,248772.777,0.0,none,,,0.0,0.0,none,0.0,0.0,0.0,0.0,,,0.0,none,none,0.0,color,cue_color.wav,颜色,246533.346,500.0,247229.908,red,boat,red_boat,practice,,color,1709.941,,,,,,,,,,,,,,,,,,,,,,,,,,,,,,,,,,,,,,,,,,
044,044_T1_20260518_150552,Control,T1,adaptive,hci_substudy_v2,1,telemetry_v4,dccs,2,pre_switch_practice,practice,1,6,6,practice,color,1779087952,59.935,2026-05-18T15:10:07.828,0,0,0,1,248436.772,248457.009,,,,,s,s,1,946.211,250503.672,correct,1.0,249036.772,249557.461,250503.672,3000,946.211,250653.672,"[{""stage_name"": ""fixation"", ""planned_duration_ms"": 100, ""intended_onset_ms"": 248436.772, ""actual_onset_global_ms"": 248457.009, ""actual_offset_global_ms"": 248571.475, ""actual_duration_ms"": 114.466}, {""stage_name"": ""cue"", ""planned_duration_ms"": 500, ""intended_onset_ms"": 248536.772, ""actual_onset_global_ms"": 248595.921, ""actual_offset_global_ms"": 249546.796, ""actual_duration_ms"": 950.875}, {""stage_name"": ""stimulus"", ""planned_duration_ms"": 3000, ""intended_onset_ms"": 249036.772, ""actual_onset_global_ms"": 249557.461, ""actual_offset_global_ms"": 250503.672, ""actual_duration_ms"": 946.211}, {""stage_name"": ""feedback"", ""planned_duration_ms"": 150, ""intended_onset_ms"": 250503.672, ""actual_onset_global_ms"": 250558.165, ""actual_offset_global_ms"": 250710.248, ""actual_duration_ms"": 152.083}]",correct.wav,250530.497,150.0,251030.497,0.0,none,,,0.0,0.0,none,0.0,0.0,0.0,0.0,,,0.0,none,none,0.0,color,cue_color.wav,颜色,248597.025,500.0,249293.587,blue,rabbit,blue_rabbit,practice,,color,1907.751,,,,,,,,,,,,,,,,,,,,,,,,,,,,,,,,,,,,,,,,,,
044,044_T1_20260518_150552,Control,T1,adaptive,hci_substudy_v2,1,telemetry_v4,dccs,2,post_switch_practice,practice,2,1,7,practice,shape,1779087952,59.935,2026-05-18T15:10:31.295,0,0,0,1,271902.707,271941.392,,,,,j,j,1,4081.752,277150.353,correct,1.0,272502.707,273068.601,277150.353,3000,4081.752,277300.353,"[{""stage_name"": ""fixation"", ""planned_duration_ms"": 100, ""intended_onset_ms"": 271902.707, ""actual_onset_global_ms"": 271941.392, ""actual_offset_global_ms"": 272027.697, ""actual_duration_ms"": 86.305}, {""stage_name"": ""cue"", ""planned_duration_ms"": 500, ""intended_onset_ms"": 272002.707, ""actual_onset_global_ms"": 272052.986, ""actual_offset_global_ms"": 273050.523, ""actual_duration_ms"": 997.537}, {""stage_name"": ""stimulus"", ""planned_duration_ms"": 3000, ""intended_onset_ms"": 272502.707, ""actual_onset_global_ms"": 273068.601, ""actual_offset_global_ms"": 277150.353, ""actual_duration_ms"": 4081.752}, {""stage_name"": ""feedback"", ""planned_duration_ms"": 150, ""intended_onset_ms"": 277150.353, ""actual_onset_global_ms"": 277219.456, ""actual_offset_global_ms"": 277360.353, ""actual_duration_ms"": 140.897}]",correct.wav,277184.874,150.0,277684.874,0.0,none,,,0.0,0.0,none,0.0,0.0,0.0,0.0,,,0.0,none,none,0.0,shape,cue_shape.wav,形状,272053.441,500.0,272819.691,red,boat,red_boat,practice,,shape,5097.367,,,,,,,,,,,,,,,,,,,,,,,,,,,,,,,,,,,,,,,,,,
044,044_T1_20260518_150552,Control,T1,adaptive,hci_substudy_v2,1,telemetry_v4,dccs,2,post_switch_practice,practice,2,2,8,practice,shape,1779087952,59.935,2026-05-18T15:10:36.739,0,0,0,1,277347.853,277369.982,,,,,s,s,1,953.221,279423.786,correct,1.0,277947.853,278470.565,279423.786,3000,953.221,279573.786,"[{""stage_name"": ""fixation"", ""planned_duration_ms"": 100, ""intended_onset_ms"": 277347.853, ""actual_onset_global_ms"": 277369.982, ""actual_offset_global_ms"": 277465.643, ""actual_duration_ms"": 95.661}, {""stage_name"": ""cue"", ""planned_duration_ms"": 500, ""intended_onset_ms"": 277447.853, ""actual_onset_global_ms"": 277487.323, ""actual_offset_global_ms"": 278456.978, ""actual_duration_ms"": 969.655}, {""stage_name"": ""stimulus"", ""planned_duration_ms"": 3000, ""intended_onset_ms"": 277947.853, ""actual_onset_global_ms"": 278470.565, ""actual_offset_global_ms"": 279423.786, ""actual_duration_ms"": 953.221}, {""stage_name"": ""feedback"", ""planned_duration_ms"": 150, ""intended_onset_ms"": 279423.786, ""actual_onset_global_ms"": 279470.113, ""actual_offset_global_ms"": 279622.515, ""actual_duration_ms"": 152.402}]",correct.wav,279434.879,150.0,279934.879,0.0,none,,,0.0,0.0,none,0.0,0.0,0.0,0.0,,,0.0,none,none,0.0,shape,cue_shape.wav,形状,277487.755,500.0,278254.005,blue,rabbit,blue_rabbit,practice,,shape,1936.463,,,,,,,,,,,,,,,,,,,,,,,,,,,,,,,,,,,,,,,,,,
044,044_T1_20260518_150552,Control,T1,adaptive,hci_substudy_v2,1,telemetry_v4,dccs,2,post_switch_practice,practice,2,3,9,practice,shape,1779087952,59.935,2026-05-18T15:10:39.002,0,0,0,1,279610.546,279633.519,,,,,j,j,1,494.605,281249.618,correct,1.0,280210.546,280755.013,281249.618,3000,494.605,281399.618,"[{""stage_name"": ""fixation"", ""planned_duration_ms"": 100, ""intended_onset_ms"": 279610.546, ""actual_onset_global_ms"": 279633.519, ""actual_offset_global_ms"": 279741.422, ""actual_duration_ms"": 107.903}, {""stage_name"": ""cue"", ""planned_duration_ms"": 500, ""intended_onset_ms"": 279710.546, ""actual_onset_global_ms"": 279758.306, ""actual_offset_global_ms"": 280742.984, ""actual_duration_ms"": 984.678}, {""stage_name"": ""stimulus"", ""planned_duration_ms"": 3000, ""intended_onset_ms"": 280210.546, ""actual_onset_global_ms"": 280755.013, ""actual_offset_global_ms"": 281249.618, ""actual_duration_ms"": 494.605}, {""stage_name"": ""feedback"", ""planned_duration_ms"": 150, ""intended_onset_ms"": 281249.618, ""actual_onset_global_ms"": 281300.71, ""actual_offset_global_ms"": 281437.409, ""actual_duration_ms"": 136.699}]",correct.wav,281266.497,150.0,281766.497,0.0,none,,,0.0,0.0,none,0.0,0.0,0.0,0.0,,,0.0,none,none,0.0,shape,cue_shape.wav,形状,279758.804,500.0,280525.054,red,boat,red_boat,practice,,shape,1491.312,,,,,,,,,,,,,,,,,,,,,,,,,,,,,,,,,,,,,,,,,,
044,044_T1_20260518_150552,Control,T1,adaptive,hci_substudy_v2,1,telemetry_v4,dccs,2,post_switch_practice,practice,2,4,10,practice,shape,1779087952,59.935,2026-05-18T15:10:40.815,0,0,0,1,281423.563,281446.285,,,,,s,s,1,1499.463,284067.59,correct,1.0,282023.563,282568.127,284067.59,3000,1499.463,284217.59,"[{""stage_name"": ""fixation"", ""planned_duration_ms"": 100, ""intended_onset_ms"": 281423.563, ""actual_onset_global_ms"": 281446.285, ""actual_offset_global_ms"": 281558.173, ""actual_duration_ms"": 111.888}, {""stage_name"": ""cue"", ""planned_duration_ms"": 500, ""intended_onset_ms"": 281523.563, ""actual_onset_global_ms"": 281575.625, ""actual_offset_global_ms"": 282558.816, ""actual_duration_ms"": 983.191}, {""stage_name"": ""stimulus"", ""planned_duration_ms"": 3000, ""intended_onset_ms"": 282023.563, ""actual_onset_global_ms"": 282568.127, ""actual_offset_global_ms"": 284067.59, ""actual_duration_ms"": 1499.463}, {""stage_name"": ""feedback"", ""planned_duration_ms"": 150, ""intended_onset_ms"": 284067.59, ""actual_onset_global_ms"": 284134.647, ""actual_offset_global_ms"": 284276.935, ""actual_duration_ms"": 142.288}]",correct.wav,284101.794,150.0,284601.794,0.0,none,,,0.0,0.0,none,0.0,0.0,0.0,0.0,,,0.0,none,none,0.0,shape,cue_shape.wav,形状,281576.206,500.0,282342.456,red,rabbit,red_rabbit,practice,,shape,2491.965,,,,,,,,,,,,,,,,,,,,,,,,,,,,,,,,,,,,,,,,,,
044,044_T1_20260518_150552,Control,T1,adaptive,hci_substudy_v2,1,telemetry_v4,dccs,2,post_switch_practice,practice,2,5,11,practice,shape,1779087952,59.935,2026-05-18T15:10:43.655,0,0,0,1,284263.812,284285.94,,,,,s,s,1,900.374,286322.798,correct,1.0,284863.812,285422.424,286322.798,3000,900.374,286472.798,"[{""stage_name"": ""fixation"", ""planned_duration_ms"": 100, ""intended_onset_ms"": 284263.812, ""actual_onset_global_ms"": 284285.94, ""actual_offset_global_ms"": 284398.519, ""actual_duration_ms"": 112.579}, {""stage_name"": ""cue"", ""planned_duration_ms"": 500, ""intended_onset_ms"": 284363.812, ""actual_onset_global_ms"": 284419.971, ""actual_offset_global_ms"": 285407.11, ""actual_duration_ms"": 987.139}, {""stage_name"": ""stimulus"", ""planned_duration_ms"": 3000, ""intended_onset_ms"": 284863.812, ""actual_onset_global_ms"": 285422.424, ""actual_offset_global_ms"": 286322.798, ""actual_duration_ms"": 900.374}, {""stage_name"": ""feedback"", ""planned_duration_ms"": 150, ""intended_onset_ms"": 286322.798, ""actual_onset_global_ms"": 286389.192, ""actual_offset_global_ms"": 286542.253, ""actual_duration_ms"": 153.061}]",correct.wav,286356.622,150.0,286856.622,0.0,none,,,0.0,0.0,none,0.0,0.0,0.0,0.0,,,0.0,none,none,0.0,shape,cue_shape.wav,形状,284420.677,500.0,285186.927,blue,rabbit,blue_rabbit,practice,,shape,1902.827,,,,,,,,,,,,,,,,,,,,,,,,,,,,,,,,,,,,,,,,,,
044,044_T1_20260518_150552,Control,T1,adaptive,hci_substudy_v2,1,telemetry_v4,dccs,2,post_switch_practice,practice,2,6,12,practice,shape,1779087952,59.935,2026-05-18T15:10:45.922,0,0,0,1,286530.267,286552.641,,,,,j,j,1,938.436,288553.966,correct,1.0,287130.267,287615.53,288553.966,3000,938.436,288703.966,"[{""stage_name"": ""fixation"", ""planned_duration_ms"": 100, ""intended_onset_ms"": 286530.267, ""actual_onset_global_ms"": 286552.641, ""actual_offset_global_ms"": 286670.836, ""actual_duration_ms"": 118.195}, {""stage_name"": ""cue"", ""planned_duration_ms"": 500, ""intended_onset_ms"": 286630.267, ""actual_onset_global_ms"": 286690.572, ""actual_offset_global_ms"": 287604.982, ""actual_duration_ms"": 914.41}, {""stage_name"": ""stimulus"", ""planned_duration_ms"": 3000, ""intended_onset_ms"": 287130.267, ""actual_onset_global_ms"": 287615.53, ""actual_offset_global_ms"": 288553.966, ""actual_duration_ms"": 938.436}, {""stage_name"": ""feedback"", ""planned_duration_ms"": 150, ""intended_onset_ms"": 288553.966, ""actual_onset_global_ms"": 288620.209, ""actual_offset_global_ms"": 288772.193, ""actual_duration_ms"": 151.984}]",correct.wav,288588.165,150.0,289088.165,0.0,none,,,0.0,0.0,none,0.0,0.0,0.0,0.0,,,0.0,none,none,0.0,shape,cue_shape.wav,形状,286691.172,500.0,287457.422,blue,boat,blue_boat,practice,,shape,1863.394,,,,,,,,,,,,,,,,,,,,,,,,,,,,,,,,,,,,,,,,,,
044,044_T1_20260518_150552,Control,T1,adaptive,hci_substudy_v2,1,telemetry_v4,dccs,2,mixed_formal,formal,1,1,13,formal,shape,1779087952,59.935,2026-05-18T15:10:59.099,0,0,0,1,299707.804,299744.742,,,,,j,j,1,1314.547,302171.358,none,,300307.804,300856.811,302171.358,3000,1314.547,302171.358,"[{""stage_name"": ""fixation"", ""planned_duration_ms"": 100, ""intended_onset_ms"": 299707.804, ""actual_onset_global_ms"": 299744.742, ""actual_offset_global_ms"": 299829.917, ""actual_duration_ms"": 85.175}, {""stage_name"": ""cue"", ""planned_duration_ms"": 500, ""intended_onset_ms"": 299807.804, ""actual_onset_global_ms"": 299852.811, ""actual_offset_global_ms"": 300839.854, ""actual_duration_ms"": 987.043}, {""stage_name"": ""stimulus"", ""planned_duration_ms"": 3000, ""intended_onset_ms"": 300307.804, ""actual_onset_global_ms"": 300856.811, ""actual_offset_global_ms"": 302171.358, ""actual_duration_ms"": 1314.547}]",,,,,0.0,none,,,0.0,0.0,none,0.0,0.0,0.0,0.0,,,0.0,none,none,0.0,shape,cue_shape.wav,形状,299853.373,500.0,300619.623,red,boat,red_boat,first,,shape,2318.547,,,,,,,,,,,,,,,,,,,,,,,,,,,,,,,,,,,,,,,,,,
044,044_T1_20260518_150552,Control,T1,adaptive,hci_substudy_v2,1,telemetry_v4,dccs,2,mixed_formal,formal,1,2,14,formal,shape,1779087952,59.935,2026-05-18T15:11:01.586,0,0,0,1,302194.072,302229.015,,,,,s,s,1,680.656,304000.557,none,,302794.072,303319.901,304000.557,3000,680.656,304000.557,"[{""stage_name"": ""fixation"", ""planned_duration_ms"": 100, ""intended_onset_ms"": 302194.072, ""actual_onset_global_ms"": 302229.015, ""actual_offset_global_ms"": 302313.722, ""actual_duration_ms"": 84.707}, {""stage_name"": ""cue"", ""planned_duration_ms"": 500, ""intended_onset_ms"": 302294.072, ""actual_onset_global_ms"": 302332.602, ""actual_offset_global_ms"": 303304.035, ""actual_duration_ms"": 971.433}, {""stage_name"": ""stimulus"", ""planned_duration_ms"": 3000, ""intended_onset_ms"": 302794.072, ""actual_onset_global_ms"": 303319.901, ""actual_offset_global_ms"": 304000.557, ""actual_duration_ms"": 680.656}]",,,,,0.0,none,,,0.0,0.0,none,0.0,0.0,0.0,0.0,,,0.0,none,none,0.0,shape,cue_shape.wav,形状,302333.082,500.0,303099.332,blue,rabbit,blue_rabbit,repeat,shape,shape,1667.955,,,,,,,,,,,,,,,,,,,,,,,,,,,,,,,,,,,,,,,,,,
044,044_T1_20260518_150552,Control,T1,adaptive,hci_substudy_v2,1,telemetry_v4,dccs,2,mixed_formal,formal,1,3,15,formal,shape,1779087952,59.935,2026-05-18T15:11:03.414,0,0,0,1,304023.272,304056.258,,,,,j,j,1,461.482,305638.336,none,,304623.272,305176.854,305638.336,3000,461.482,305638.336,"[{""stage_name"": ""fixation"", ""planned_duration_ms"": 100, ""intended_onset_ms"": 304023.272, ""actual_onset_global_ms"": 304056.258, ""actual_offset_global_ms"": 304171.755, ""actual_duration_ms"": 115.497}, {""stage_name"": ""cue"", ""planned_duration_ms"": 500, ""intended_onset_ms"": 304123.272, ""actual_onset_global_ms"": 304187.958, ""actual_offset_global_ms"": 305159.938, ""actual_duration_ms"": 971.98}, {""stage_name"": ""stimulus"", ""planned_duration_ms"": 3000, ""intended_onset_ms"": 304623.272, ""actual_onset_global_ms"": 305176.854, ""actual_offset_global_ms"": 305638.336, ""actual_duration_ms"": 461.482}]",,,,,0.0,none,,,0.0,0.0,none,0.0,0.0,0.0,0.0,,,0.0,none,none,0.0,shape,cue_shape.wav,形状,304188.484,500.0,304954.734,blue,boat,blue_boat,repeat,shape,shape,1450.378,,,,,,,,,,,,,,,,,,,,,,,,,,,,,,,,,,,,,,,,,,
044,044_T1_20260518_150552,Control,T1,adaptive,hci_substudy_v2,1,telemetry_v4,dccs,2,mixed_formal,formal,1,4,16,formal,color,1779087952,59.935,2026-05-18T15:11:05.051,0,0,0,1,305659.785,305695.996,,,,,s,j,0,1197.378,307942.759,none,,306259.785,306745.381,307942.759,3000,1197.378,307942.759,"[{""stage_name"": ""fixation"", ""planned_duration_ms"": 100, ""intended_onset_ms"": 305659.785, ""actual_onset_global_ms"": 305695.996, ""actual_offset_global_ms"": 305779.531, ""actual_duration_ms"": 83.535}, {""stage_name"": ""cue"", ""planned_duration_ms"": 500, ""intended_onset_ms"": 305759.785, ""actual_onset_global_ms"": 305797.938, ""actual_offset_global_ms"": 306728.03, ""actual_duration_ms"": 930.092}, {""stage_name"": ""stimulus"", ""planned_duration_ms"": 3000, ""intended_onset_ms"": 306259.785, ""actual_onset_global_ms"": 306745.381, ""actual_offset_global_ms"": 307942.759, ""actual_duration_ms"": 1197.378}]",,,,,0.0,none,,,0.0,0.0,none,0.0,0.0,0.0,0.0,,,0.0,none,none,0.0,color,cue_color.wav,颜色,305798.528,500.0,306495.09,blue,boat,blue_boat,switch,shape,color,2144.821,,,,,,,,,,,,,,,,,,,,,,,,,,,,,,,,,,,,,,,,,,
044,044_T1_20260518_150552,Control,T1,adaptive,hci_substudy_v2,1,telemetry_v4,dccs,2,mixed_formal,formal,1,5,17,formal,color,1779087952,59.935,2026-05-18T15:11:07.348,0,0,0,1,307957.232,307989.147,,,,,j,j,1,1085.688,310139.559,none,,308557.232,309053.871,310139.559,3000,1085.688,310139.559,"[{""stage_name"": ""fixation"", ""planned_duration_ms"": 100, ""intended_onset_ms"": 307957.232, ""actual_onset_global_ms"": 307989.147, ""actual_offset_global_ms"": 308102.421, ""actual_duration_ms"": 113.274}, {""stage_name"": ""cue"", ""planned_duration_ms"": 500, ""intended_onset_ms"": 308057.232, ""actual_onset_global_ms"": 308118.657, ""actual_offset_global_ms"": 309040.435, ""actual_duration_ms"": 921.778}, {""stage_name"": ""stimulus"", ""planned_duration_ms"": 3000, ""intended_onset_ms"": 308557.232, ""actual_onset_global_ms"": 309053.871, ""actual_offset_global_ms"": 310139.559, ""actual_duration_ms"": 1085.688}]",,,,,0.0,none,,,0.0,0.0,none,0.0,0.0,0.0,0.0,,,0.0,none,none,0.0,color,cue_color.wav,颜色,308119.16,500.0,308815.722,red,boat,red_boat,repeat,color,color,2020.902,,,,,,,,,,,,,,,,,,,,,,,,,,,,,,,,,,,,,,,,,,
044,044_T1_20260518_150552,Control,T1,adaptive,hci_substudy_v2,1,telemetry_v4,dccs,2,mixed_formal,formal,1,6,18,formal,shape,1779087952,59.935,2026-05-18T15:11:09.550,0,0,0,1,310158.734,310195.104,,,,,s,j,0,1385.265,312644.879,none,,310758.734,311259.614,312644.879,3000,1385.265,312644.879,"[{""stage_name"": ""fixation"", ""planned_duration_ms"": 100, ""intended_onset_ms"": 310158.734, ""actual_onset_global_ms"": 310195.104, ""actual_offset_global_ms"": 310278.646, ""actual_duration_ms"": 83.542}, {""stage_name"": ""cue"", ""planned_duration_ms"": 500, ""intended_onset_ms"": 310258.734, ""actual_onset_global_ms"": 310298.954, ""actual_offset_global_ms"": 311241.98, ""actual_duration_ms"": 943.026}, {""stage_name"": ""stimulus"", ""planned_duration_ms"": 3000, ""intended_onset_ms"": 310758.734, ""actual_onset_global_ms"": 311259.614, ""actual_offset_global_ms"": 312644.879, ""actual_duration_ms"": 1385.265}]",,,,,0.0,none,,,0.0,0.0,none,0.0,0.0,0.0,0.0,,,0.0,none,none,0.0,shape,cue_shape.wav,形状,310299.754,500.0,311066.004,red,rabbit,red_rabbit,switch,color,shape,2345.925,,,,,,,,,,,,,,,,,,,,,,,,,,,,,,,,,,,,,,,,,,
044,044_T1_20260518_150552,Control,T1,adaptive,hci_substudy_v2,1,telemetry_v4,dccs,2,mixed_formal,formal,1,7,19,formal,color,1779087952,59.935,2026-05-18T15:11:12.066,0,0,0,1,312674.399,312705.685,,,,,s,s,1,816.318,314608.185,none,,313274.399,313791.867,314608.185,3000,816.318,314608.185,"[{""stage_name"": ""fixation"", ""planned_duration_ms"": 100, ""intended_onset_ms"": 312674.399, ""actual_onset_global_ms"": 312705.685, ""actual_offset_global_ms"": 312816.034, ""actual_duration_ms"": 110.349}, {""stage_name"": ""cue"", ""planned_duration_ms"": 500, ""intended_onset_ms"": 312774.399, ""actual_onset_global_ms"": 312832.213, ""actual_offset_global_ms"": 313778.678, ""actual_duration_ms"": 946.465}, {""stage_name"": ""stimulus"", ""planned_duration_ms"": 3000, ""intended_onset_ms"": 313274.399, ""actual_onset_global_ms"": 313791.867, ""actual_offset_global_ms"": 314608.185, ""actual_duration_ms"": 816.318}]",,,,,0.0,none,,,0.0,0.0,none,0.0,0.0,0.0,0.0,,,0.0,none,none,0.0,color,cue_color.wav,颜色,312833.184,500.0,313529.747,blue,rabbit,blue_rabbit,switch,shape,color,1775.972,,,,,,,,,,,,,,,,,,,,,,,,,,,,,,,,,,,,,,,,,,
044,044_T1_20260518_150552,Control,T1,adaptive,hci_substudy_v2,1,telemetry_v4,dccs,2,mixed_formal,formal,1,8,20,formal,shape,1779087952,59.935,2026-05-18T15:11:14.013,0,0,0,1,314622.233,314656.942,,,,,s,s,1,1543.41,317293.629,none,,315222.233,315750.219,317293.629,3000,1543.41,317293.629,"[{""stage_name"": ""fixation"", ""planned_duration_ms"": 100, ""intended_onset_ms"": 314622.233, ""actual_onset_global_ms"": 314656.942, ""actual_offset_global_ms"": 314744.189, ""actual_duration_ms"": 87.247}, {""stage_name"": ""cue"", ""planned_duration_ms"": 500, ""intended_onset_ms"": 314722.233, ""actual_onset_global_ms"": 314760.722, ""actual_offset_global_ms"": 315731.934, ""actual_duration_ms"": 971.212}, {""stage_name"": ""stimulus"", ""planned_duration_ms"": 3000, ""intended_onset_ms"": 315222.233, ""actual_onset_global_ms"": 315750.219, ""actual_offset_global_ms"": 317293.629, ""actual_duration_ms"": 1543.41}]",,,,,0.0,none,,,0.0,0.0,none,0.0,0.0,0.0,0.0,,,0.0,none,none,0.0,shape,cue_shape.wav,形状,314761.251,500.0,315527.501,blue,rabbit,blue_rabbit,switch,color,shape,2532.907,,,,,,,,,,,,,,,,,,,,,,,,,,,,,,,,,,,,,,,,,,
044,044_T1_20260518_150552,Control,T1,adaptive,hci_substudy_v2,1,telemetry_v4,dccs,2,mixed_formal,formal,1,9,21,formal,shape,1779087952,59.935,2026-05-18T15:11:16.715,0,0,0,1,317323.678,317356.022,,,,,j,j,1,921.872,319382.402,none,,317923.678,318460.53,319382.402,3000,921.872,319382.402,"[{""stage_name"": ""fixation"", ""planned_duration_ms"": 100, ""intended_onset_ms"": 317323.678, ""actual_onset_global_ms"": 317356.022, ""actual_offset_global_ms"": 317442.487, ""actual_duration_ms"": 86.465}, {""stage_name"": ""cue"", ""planned_duration_ms"": 500, ""intended_onset_ms"": 317423.678, ""actual_onset_global_ms"": 317461.034, ""actual_offset_global_ms"": 318442.187, ""actual_duration_ms"": 981.153}, {""stage_name"": ""stimulus"", ""planned_duration_ms"": 3000, ""intended_onset_ms"": 317923.678, ""actual_onset_global_ms"": 318460.53, ""actual_offset_global_ms"": 319382.402, ""actual_duration_ms"": 921.872}]",,,,,0.0,none,,,0.0,0.0,none,0.0,0.0,0.0,0.0,,,0.0,none,none,0.0,shape,cue_shape.wav,形状,317461.785,500.0,318228.035,blue,boat,blue_boat,repeat,shape,shape,1921.368,,,,,,,,,,,,,,,,,,,,,,,,,,,,,,,,,,,,,,,,,,
044,044_T1_20260518_150552,Control,T1,adaptive,hci_substudy_v2,1,telemetry_v4,dccs,2,mixed_formal,formal,1,10,22,formal,color,1779087952,59.935,2026-05-18T15:11:18.796,0,0,0,1,319404.507,319440.638,,,,,j,j,1,718.907,321213.28,none,,320004.507,320494.373,321213.28,3000,718.907,321213.28,"[{""stage_name"": ""fixation"", ""planned_duration_ms"": 100, ""intended_onset_ms"": 319404.507, ""actual_onset_global_ms"": 319440.638, ""actual_offset_global_ms"": 319524.723, ""actual_duration_ms"": 84.085}, {""stage_name"": ""cue"", ""planned_duration_ms"": 500, ""intended_onset_ms"": 319504.507, ""actual_onset_global_ms"": 319543.133, ""actual_offset_global_ms"": 320485.475, ""actual_duration_ms"": 942.342}, {""stage_name"": ""stimulus"", ""planned_duration_ms"": 3000, ""intended_onset_ms"": 320004.507, ""actual_onset_global_ms"": 320494.373, ""actual_offset_global_ms"": 321213.28, ""actual_duration_ms"": 718.907}]",,,,,0.0,none,,,0.0,0.0,none,0.0,0.0,0.0,0.0,,,0.0,none,none,0.0,color,cue_color.wav,颜色,319543.9,500.0,320240.463,red,boat,red_boat,switch,shape,color,1670.147,,,,,,,,,,,,,,,,,,,,,,,,,,,,,,,,,,,,,,,,,,
044,044_T1_20260518_150552,Control,T1,adaptive,hci_substudy_v2,1,telemetry_v4,dccs,2,mixed_formal,formal,1,11,23,formal,color,1779087952,59.935,2026-05-18T15:11:20.632,0,0,0,1,321240.91,321274.249,,,,,j,s,0,1156.809,323481.858,none,,321840.91,322325.049,323481.858,3000,1156.809,323481.858,"[{""stage_name"": ""fixation"", ""planned_duration_ms"": 100, ""intended_onset_ms"": 321240.91, ""actual_onset_global_ms"": 321274.249, ""actual_offset_global_ms"": 321359.515, ""actual_duration_ms"": 85.266}, {""stage_name"": ""cue"", ""planned_duration_ms"": 500, ""intended_onset_ms"": 321340.91, ""actual_onset_global_ms"": 321377.907, ""actual_offset_global_ms"": 322314.254, ""actual_duration_ms"": 936.347}, {""stage_name"": ""stimulus"", ""planned_duration_ms"": 3000, ""intended_onset_ms"": 321840.91, ""actual_onset_global_ms"": 322325.049, ""actual_offset_global_ms"": 323481.858, ""actual_duration_ms"": 1156.809}]",,,,,0.0,none,,,0.0,0.0,none,0.0,0.0,0.0,0.0,,,0.0,none,none,0.0,color,cue_color.wav,颜色,321378.461,500.0,322075.024,red,rabbit,red_rabbit,repeat,color,color,2103.951,,,,,,,,,,,,,,,,,,,,,,,,,,,,,,,,,,,,,,,,,,
044,044_T1_20260518_150552,Control,T1,adaptive,hci_substudy_v2,1,telemetry_v4,dccs,2,mixed_formal,formal,1,12,24,formal,shape,1779087952,59.935,2026-05-18T15:11:22.913,0,0,0,1,323521.377,323555.108,,,,,s,j,0,2518.495,327160.48,none,,324121.377,324641.985,327160.48,3000,2518.495,327160.48,"[{""stage_name"": ""fixation"", ""planned_duration_ms"": 100, ""intended_onset_ms"": 323521.377, ""actual_onset_global_ms"": 323555.108, ""actual_offset_global_ms"": 323642.756, ""actual_duration_ms"": 87.648}, {""stage_name"": ""cue"", ""planned_duration_ms"": 500, ""intended_onset_ms"": 323621.377, ""actual_onset_global_ms"": 323663.949, ""actual_offset_global_ms"": 324625.844, ""actual_duration_ms"": 961.895}, {""stage_name"": ""stimulus"", ""planned_duration_ms"": 3000, ""intended_onset_ms"": 324121.377, ""actual_onset_global_ms"": 324641.985, ""actual_offset_global_ms"": 327160.48, ""actual_duration_ms"": 2518.495}]",,,,,0.0,none,,,0.0,0.0,none,0.0,0.0,0.0,0.0,,,0.0,none,none,0.0,shape,cue_shape.wav,形状,323664.84,500.0,324431.09,blue,rabbit,blue_rabbit,switch,color,shape,3496.531,,,,,,,,,,,,,,,,,,,,,,,,,,,,,,,,,,,,,,,,,,
044,044_T1_20260518_150552,Control,T1,adaptive,hci_substudy_v2,1,telemetry_v4,dccs,2,mixed_formal,formal,1,13,25,formal,color,1779087952,59.935,2026-05-18T15:11:26.568,0,0,0,1,327177.116,327206.769,,,,,s,s,1,1706.982,329694.093,none,,327777.116,327987.111,329694.093,3000,1706.982,329694.093,"[{""stage_name"": ""fixation"", ""planned_duration_ms"": 100, ""intended_onset_ms"": 327177.116, ""actual_onset_global_ms"": 327206.769, ""actual_offset_global_ms"": 327315.506, ""actual_duration_ms"": 108.737}, {""stage_name"": ""cue"", ""planned_duration_ms"": 500, ""intended_onset_ms"": 327277.116, ""actual_onset_global_ms"": 327322.017, ""actual_offset_global_ms"": 327978.425, ""actual_duration_ms"": 656.408}, {""stage_name"": ""stimulus"", ""planned_duration_ms"": 3000, ""intended_onset_ms"": 327777.116, ""actual_onset_global_ms"": 327987.111, ""actual_offset_global_ms"": 329694.093, ""actual_duration_ms"": 1706.982}]",,,,,0.0,none,,,0.0,0.0,none,0.0,0.0,0.0,0.0,,,0.0,none,none,0.0,color,cue_color.wav,颜色,327322.345,500.0,328018.907,blue,rabbit,blue_rabbit,switch,shape,color,2372.076,,,,,,,,,,,,,,,,,,,,,,,,,,,,,,,,,,,,,,,,,,
044,044_T1_20260518_150552,Control,T1,adaptive,hci_substudy_v2,1,telemetry_v4,dccs,2,mixed_formal,formal,1,14,26,formal,color,1779087952,59.935,2026-05-18T15:11:29.121,0,0,0,1,329729.262,329755.789,,,,,j,j,1,675.894,331500.688,none,,330329.262,330824.794,331500.688,3000,675.894,331500.688,"[{""stage_name"": ""fixation"", ""planned_duration_ms"": 100, ""intended_onset_ms"": 329729.262, ""actual_onset_global_ms"": 329755.789, ""actual_offset_global_ms"": 329874.319, ""actual_duration_ms"": 118.53}, {""stage_name"": ""cue"", ""planned_duration_ms"": 500, ""intended_onset_ms"": 329829.262, ""actual_onset_global_ms"": 329890.228, ""actual_offset_global_ms"": 330816.932, ""actual_duration_ms"": 926.704}, {""stage_name"": ""stimulus"", ""planned_duration_ms"": 3000, ""intended_onset_ms"": 330329.262, ""actual_onset_global_ms"": 330824.794, ""actual_offset_global_ms"": 331500.688, ""actual_duration_ms"": 675.894}]",,,,,0.0,none,,,0.0,0.0,none,0.0,0.0,0.0,0.0,,,0.0,none,none,0.0,color,cue_color.wav,颜色,329890.726,500.0,330587.289,red,boat,red_boat,repeat,color,color,1610.46,,,,,,,,,,,,,,,,,,,,,,,,,,,,,,,,,,,,,,,,,,
044,044_T1_20260518_150552,Control,T1,adaptive,hci_substudy_v2,1,telemetry_v4,dccs,2,mixed_formal,formal,1,15,27,formal,color,1779087952,59.935,2026-05-18T15:11:30.927,0,0,0,1,331536.01,331568.245,,,,,s,s,1,1149.226,333794.684,none,,332136.01,332645.458,333794.684,3000,1149.226,333794.684,"[{""stage_name"": ""fixation"", ""planned_duration_ms"": 100, ""intended_onset_ms"": 331536.01, ""actual_onset_global_ms"": 331568.245, ""actual_offset_global_ms"": 331676.328, ""actual_duration_ms"": 108.083}, {""stage_name"": ""cue"", ""planned_duration_ms"": 500, ""intended_onset_ms"": 331636.01, ""actual_onset_global_ms"": 331694.648, ""actual_offset_global_ms"": 332631.056, ""actual_duration_ms"": 936.408}, {""stage_name"": ""stimulus"", ""planned_duration_ms"": 3000, ""intended_onset_ms"": 332136.01, ""actual_onset_global_ms"": 332645.458, ""actual_offset_global_ms"": 333794.684, ""actual_duration_ms"": 1149.226}]",,,,,0.0,none,,,0.0,0.0,none,0.0,0.0,0.0,0.0,,,0.0,none,none,0.0,color,cue_color.wav,颜色,331695.145,500.0,332391.708,blue,boat,blue_boat,repeat,color,color,2100.036,,,,,,,,,,,,,,,,,,,,,,,,,,,,,,,,,,,,,,,,,,
044,044_T1_20260518_150552,Control,T1,adaptive,hci_substudy_v2,1,telemetry_v4,dccs,2,mixed_formal,formal,1,16,28,formal,shape,1779087952,59.935,2026-05-18T15:11:33.210,0,0,0,1,333819.38,333856.633,,,,,s,s,1,3198.1,338140.942,none,,334419.38,334942.842,338140.942,3000,3198.1,338140.942,"[{""stage_name"": ""fixation"", ""planned_duration_ms"": 100, ""intended_onset_ms"": 333819.38, ""actual_onset_global_ms"": 333856.633, ""actual_offset_global_ms"": 333941.433, ""actual_duration_ms"": 84.8}, {""stage_name"": ""cue"", ""planned_duration_ms"": 500, ""intended_onset_ms"": 333919.38, ""actual_onset_global_ms"": 333960.012, ""actual_offset_global_ms"": 334925.868, ""actual_duration_ms"": 965.856}, {""stage_name"": ""stimulus"", ""planned_duration_ms"": 3000, ""intended_onset_ms"": 334419.38, ""actual_onset_global_ms"": 334942.842, ""actual_offset_global_ms"": 338140.942, ""actual_duration_ms"": 3198.1}]",,,,,0.0,none,,,0.0,0.0,none,0.0,0.0,0.0,0.0,,,0.0,none,none,0.0,shape,cue_shape.wav,形状,333961.201,500.0,334727.451,red,rabbit,red_rabbit,switch,color,shape,4180.93,,,,,,,,,,,,,,,,,,,,,,,,,,,,,,,,,,,,,,,,,,
044,044_T1_20260518_150552,Control,T1,adaptive,hci_substudy_v2,1,telemetry_v4,dccs,2,mixed_formal,formal,1,17,29,formal,shape,1779087952,59.935,2026-05-18T15:11:37.568,0,0,0,1,338175.816,338205.521,,,,,j,j,1,489.142,339838.523,none,,338775.816,339349.381,339838.523,3000,489.142,339838.523,"[{""stage_name"": ""fixation"", ""planned_duration_ms"": 100, ""intended_onset_ms"": 338175.816, ""actual_onset_global_ms"": 338205.521, ""actual_offset_global_ms"": 338325.114, ""actual_duration_ms"": 119.593}, {""stage_name"": ""cue"", ""planned_duration_ms"": 500, ""intended_onset_ms"": 338275.816, ""actual_onset_global_ms"": 338344.685, ""actual_offset_global_ms"": 339329.633, ""actual_duration_ms"": 984.948}, {""stage_name"": ""stimulus"", ""planned_duration_ms"": 3000, ""intended_onset_ms"": 338775.816, ""actual_onset_global_ms"": 339349.381, ""actual_offset_global_ms"": 339838.523, ""actual_duration_ms"": 489.142}]",,,,,0.0,none,,,0.0,0.0,none,0.0,0.0,0.0,0.0,,,0.0,none,none,0.0,shape,cue_shape.wav,形状,338345.231,500.0,339111.481,blue,boat,blue_boat,repeat,shape,shape,1493.838,,,,,,,,,,,,,,,,,,,,,,,,,,,,,,,,,,,,,,,,,,
044,044_T1_20260518_150552,Control,T1,adaptive,hci_substudy_v2,1,telemetry_v4,dccs,2,mixed_formal,formal,1,18,30,formal,shape,1779087952,59.935,2026-05-18T15:11:39.248,0,0,0,1,339856.911,339889.681,,,,,s,s,1,605.486,341589.214,none,,340456.911,340983.728,341589.214,3000,605.486,341589.214,"[{""stage_name"": ""fixation"", ""planned_duration_ms"": 100, ""intended_onset_ms"": 339856.911, ""actual_onset_global_ms"": 339889.681, ""actual_offset_global_ms"": 339996.621, ""actual_duration_ms"": 106.94}, {""stage_name"": ""cue"", ""planned_duration_ms"": 500, ""intended_onset_ms"": 339956.911, ""actual_onset_global_ms"": 340013.39, ""actual_offset_global_ms"": 340967.776, ""actual_duration_ms"": 954.386}, {""stage_name"": ""stimulus"", ""planned_duration_ms"": 3000, ""intended_onset_ms"": 340456.911, ""actual_onset_global_ms"": 340983.728, ""actual_offset_global_ms"": 341589.214, ""actual_duration_ms"": 605.486}]",,,,,0.0,none,,,0.0,0.0,none,0.0,0.0,0.0,0.0,,,0.0,none,none,0.0,shape,cue_shape.wav,形状,340013.893,500.0,340780.143,blue,rabbit,blue_rabbit,repeat,shape,shape,1575.824,,,,,,,,,,,,,,,,,,,,,,,,,,,,,,,,,,,,,,,,,,
044,044_T1_20260518_150552,Control,T1,adaptive,hci_substudy_v2,1,telemetry_v4,dccs,2,mixed_formal,formal,1,19,31,formal,color,1779087952,59.935,2026-05-18T15:11:41.012,0,0,0,1,341621.086,341651.522,,,,,j,j,1,940.546,343633.621,none,,342221.086,342693.075,343633.621,3000,940.546,343633.621,"[{""stage_name"": ""fixation"", ""planned_duration_ms"": 100, ""intended_onset_ms"": 341621.086, ""actual_onset_global_ms"": 341651.522, ""actual_offset_global_ms"": 341764.394, ""actual_duration_ms"": 112.872}, {""stage_name"": ""cue"", ""planned_duration_ms"": 500, ""intended_onset_ms"": 341721.086, ""actual_onset_global_ms"": 341782.642, ""actual_offset_global_ms"": 342692.119, ""actual_duration_ms"": 909.477}, {""stage_name"": ""stimulus"", ""planned_duration_ms"": 3000, ""intended_onset_ms"": 342221.086, ""actual_onset_global_ms"": 342693.075, ""actual_offset_global_ms"": 343633.621, ""actual_duration_ms"": 940.546}]",,,,,0.0,none,,,0.0,0.0,none,0.0,0.0,0.0,0.0,,,0.0,none,none,0.0,color,cue_color.wav,颜色,341783.174,500.0,342479.736,red,rabbit,red_rabbit,switch,shape,color,1850.979,,,,,,,,,,,,,,,,,,,,,,,,,,,,,,,,,,,,,,,,,,
044,044_T1_20260518_150552,Control,T1,adaptive,hci_substudy_v2,1,telemetry_v4,dccs,2,mixed_formal,formal,1,20,32,formal,shape,1779087952,59.935,2026-05-18T15:11:43.052,0,0,0,1,343661.175,343688.257,,,,,j,j,1,1587.537,346056.638,none,,344261.175,344469.101,346056.638,3000,1587.537,346056.638,"[{""stage_name"": ""fixation"", ""planned_duration_ms"": 100, ""intended_onset_ms"": 343661.175, ""actual_onset_global_ms"": 343688.257, ""actual_offset_global_ms"": 343780.095, ""actual_duration_ms"": 91.838}, {""stage_name"": ""cue"", ""planned_duration_ms"": 500, ""intended_onset_ms"": 343761.175, ""actual_onset_global_ms"": 343787.066, ""actual_offset_global_ms"": 344453.893, ""actual_duration_ms"": 666.827}, {""stage_name"": ""stimulus"", ""planned_duration_ms"": 3000, ""intended_onset_ms"": 344261.175, ""actual_onset_global_ms"": 344469.101, ""actual_offset_global_ms"": 346056.638, ""actual_duration_ms"": 1587.537}]",,,,,0.0,none,,,0.0,0.0,none,0.0,0.0,0.0,0.0,,,0.0,none,none,0.0,shape,cue_shape.wav,形状,343787.56,500.0,344553.81,red,boat,red_boat,switch,color,shape,2269.572,,,,,,,,,,,,,,,,,,,,,,,,,,,,,,,,,,,,,,,,,,
044,044_T1_20260518_150552,Control,T1,adaptive,hci_substudy_v2,1,telemetry_v4,dccs,2,mixed_formal,formal,1,21,33,formal,shape,1779087952,59.935,2026-05-18T15:11:45.482,0,0,0,1,346090.321,346121.577,,,,,s,s,1,723.093,347906.678,none,,346690.321,347183.585,347906.678,3000,723.093,347906.678,"[{""stage_name"": ""fixation"", ""planned_duration_ms"": 100, ""intended_onset_ms"": 346090.321, ""actual_onset_global_ms"": 346121.577, ""actual_offset_global_ms"": 346210.257, ""actual_duration_ms"": 88.68}, {""stage_name"": ""cue"", ""planned_duration_ms"": 500, ""intended_onset_ms"": 346190.321, ""actual_onset_global_ms"": 346229.45, ""actual_offset_global_ms"": 347170.307, ""actual_duration_ms"": 940.857}, {""stage_name"": ""stimulus"", ""planned_duration_ms"": 3000, ""intended_onset_ms"": 346690.321, ""actual_onset_global_ms"": 347183.585, ""actual_offset_global_ms"": 347906.678, ""actual_duration_ms"": 723.093}]",,,,,0.0,none,,,0.0,0.0,none,0.0,0.0,0.0,0.0,,,0.0,none,none,0.0,shape,cue_shape.wav,形状,346230.01,500.0,346996.26,red,rabbit,red_rabbit,repeat,shape,shape,1677.228,,,,,,,,,,,,,,,,,,,,,,,,,,,,,,,,,,,,,,,,,,
044,044_T1_20260518_150552,Control,T1,adaptive,hci_substudy_v2,1,telemetry_v4,dccs,2,mixed_formal,formal,1,22,34,formal,color,1779087952,59.935,2026-05-18T15:11:47.331,0,0,0,1,347939.365,347973.546,,,,,s,s,1,1150.775,350191.381,none,,348539.365,349040.606,350191.381,3000,1150.775,350191.381,"[{""stage_name"": ""fixation"", ""planned_duration_ms"": 100, ""intended_onset_ms"": 347939.365, ""actual_onset_global_ms"": 347973.546, ""actual_offset_global_ms"": 348087.423, ""actual_duration_ms"": 113.877}, {""stage_name"": ""cue"", ""planned_duration_ms"": 500, ""intended_onset_ms"": 348039.365, ""actual_onset_global_ms"": 348106.71, ""actual_offset_global_ms"": 349028.204, ""actual_duration_ms"": 921.494}, {""stage_name"": ""stimulus"", ""planned_duration_ms"": 3000, ""intended_onset_ms"": 348539.365, ""actual_onset_global_ms"": 349040.606, ""actual_offset_global_ms"": 350191.381, ""actual_duration_ms"": 1150.775}]",,,,,0.0,none,,,0.0,0.0,none,0.0,0.0,0.0,0.0,,,0.0,none,none,0.0,color,cue_color.wav,颜色,348107.293,500.0,348803.856,blue,boat,blue_boat,switch,shape,color,2084.671,,,,,,,,,,,,,,,,,,,,,,,,,,,,,,,,,,,,,,,,,,
044,044_T1_20260518_150552,Control,T1,adaptive,hci_substudy_v2,1,telemetry_v4,dccs,2,mixed_formal,formal,1,23,35,formal,color,1779087952,59.935,2026-05-18T15:11:49.626,0,0,0,1,350234.654,350270.171,,,,,s,j,0,1122.719,352426.96,none,,350834.654,351304.241,352426.96,3000,1122.719,352426.96,"[{""stage_name"": ""fixation"", ""planned_duration_ms"": 100, ""intended_onset_ms"": 350234.654, ""actual_onset_global_ms"": 350270.171, ""actual_offset_global_ms"": 350355.283, ""actual_duration_ms"": 85.112}, {""stage_name"": ""cue"", ""planned_duration_ms"": 500, ""intended_onset_ms"": 350334.654, ""actual_onset_global_ms"": 350371.861, ""actual_offset_global_ms"": 351301.613, ""actual_duration_ms"": 929.752}, {""stage_name"": ""stimulus"", ""planned_duration_ms"": 3000, ""intended_onset_ms"": 350834.654, ""actual_onset_global_ms"": 351304.241, ""actual_offset_global_ms"": 352426.96, ""actual_duration_ms"": 1122.719}]",,,,,0.0,none,,,0.0,0.0,none,0.0,0.0,0.0,0.0,,,0.0,none,none,0.0,color,cue_color.wav,颜色,350372.422,500.0,351068.985,blue,boat,blue_boat,repeat,color,color,2055.099,,,,,,,,,,,,,,,,,,,,,,,,,,,,,,,,,,,,,,,,,,
044,044_T1_20260518_150552,Control,T1,adaptive,hci_substudy_v2,1,telemetry_v4,dccs,2,mixed_formal,formal,1,24,36,formal,color,1779087952,59.935,2026-05-18T15:11:51.851,0,0,0,1,352459.18,352481.169,,,,,j,j,1,1583.267,354932.455,none,,353059.18,353349.188,354932.455,3000,1583.267,354932.455,"[{""stage_name"": ""fixation"", ""planned_duration_ms"": 100, ""intended_onset_ms"": 352459.18, ""actual_onset_global_ms"": 352481.169, ""actual_offset_global_ms"": 352595.724, ""actual_duration_ms"": 114.555}, {""stage_name"": ""cue"", ""planned_duration_ms"": 500, ""intended_onset_ms"": 352559.18, ""actual_onset_global_ms"": 352602.101, ""actual_offset_global_ms"": 353334.912, ""actual_duration_ms"": 732.811}, {""stage_name"": ""stimulus"", ""planned_duration_ms"": 3000, ""intended_onset_ms"": 353059.18, ""actual_onset_global_ms"": 353349.188, ""actual_offset_global_ms"": 354932.455, ""actual_duration_ms"": 1583.267}]",,,,,0.0,none,,,0.0,0.0,none,0.0,0.0,0.0,0.0,,,0.0,none,none,0.0,color,cue_color.wav,颜色,352602.43,500.0,353298.992,red,boat,red_boat,repeat,color,color,2330.354,,,,,,,,,,,,,,,,,,,,,,,,,,,,,,,,,,,,,,,,,,
044,044_T1_20260518_150552,Control,T1,adaptive,hci_substudy_v2,1,telemetry_v4,dccs,2,mixed_formal,formal,1,25,37,formal,shape,1779087952,59.935,2026-05-18T15:11:54.342,0,0,0,1,354950.576,354988.745,,,,,j,j,1,1829.024,357896.555,none,,355550.576,356067.531,357896.555,3000,1829.024,357896.555,"[{""stage_name"": ""fixation"", ""planned_duration_ms"": 100, ""intended_onset_ms"": 354950.576, ""actual_onset_global_ms"": 354988.745, ""actual_offset_global_ms"": 355074.402, ""actual_duration_ms"": 85.657}, {""stage_name"": ""cue"", ""planned_duration_ms"": 500, ""intended_onset_ms"": 355050.576, ""actual_onset_global_ms"": 355091.056, ""actual_offset_global_ms"": 356052.332, ""actual_duration_ms"": 961.276}, {""stage_name"": ""stimulus"", ""planned_duration_ms"": 3000, ""intended_onset_ms"": 355550.576, ""actual_onset_global_ms"": 356067.531, ""actual_offset_global_ms"": 357896.555, ""actual_duration_ms"": 1829.024}]",,,,,0.0,none,,,0.0,0.0,none,0.0,0.0,0.0,0.0,,,0.0,none,none,0.0,shape,cue_shape.wav,形状,355091.62,500.0,355857.87,red,boat,red_boat,switch,color,shape,2805.499,,,,,,,,,,,,,,,,,,,,,,,,,,,,,,,,,,,,,,,,,,
044,044_T1_20260518_150552,Control,T1,adaptive,hci_substudy_v2,1,telemetry_v4,dccs,2,mixed_formal,formal,1,26,38,formal,color,1779087952,59.935,2026-05-18T15:11:57.329,0,0,0,1,357938.039,357964.398,,,,,s,s,1,857.034,359887.922,none,,358538.039,359030.888,359887.922,3000,857.034,359887.922,"[{""stage_name"": ""fixation"", ""planned_duration_ms"": 100, ""intended_onset_ms"": 357938.039, ""actual_onset_global_ms"": 357964.398, ""actual_offset_global_ms"": 358075.416, ""actual_duration_ms"": 111.018}, {""stage_name"": ""cue"", ""planned_duration_ms"": 500, ""intended_onset_ms"": 358038.039, ""actual_onset_global_ms"": 358093.934, ""actual_offset_global_ms"": 359021.944, ""actual_duration_ms"": 928.01}, {""stage_name"": ""stimulus"", ""planned_duration_ms"": 3000, ""intended_onset_ms"": 358538.039, ""actual_onset_global_ms"": 359030.888, ""actual_offset_global_ms"": 359887.922, ""actual_duration_ms"": 857.034}]",,,,,0.0,none,,,0.0,0.0,none,0.0,0.0,0.0,0.0,,,0.0,none,none,0.0,color,cue_color.wav,颜色,358094.629,500.0,358791.192,blue,rabbit,blue_rabbit,switch,shape,color,1793.988,,,,,,,,,,,,,,,,,,,,,,,,,,,,,,,,,,,,,,,,,,
044,044_T1_20260518_150552,Control,T1,adaptive,hci_substudy_v2,1,telemetry_v4,dccs,2,mixed_formal,formal,1,27,39,formal,shape,1779087952,59.935,2026-05-18T15:11:59.311,0,0,0,1,359919.497,359945.352,,,,,j,j,1,991.334,361743.438,none,,360519.497,360752.104,361743.438,3000,991.334,361743.438,"[{""stage_name"": ""fixation"", ""planned_duration_ms"": 100, ""intended_onset_ms"": 359919.497, ""actual_onset_global_ms"": 359945.352, ""actual_offset_global_ms"": 360062.302, ""actual_duration_ms"": 116.95}, {""stage_name"": ""cue"", ""planned_duration_ms"": 500, ""intended_onset_ms"": 360019.497, ""actual_onset_global_ms"": 360073.327, ""actual_offset_global_ms"": 360746.164, ""actual_duration_ms"": 672.837}, {""stage_name"": ""stimulus"", ""planned_duration_ms"": 3000, ""intended_onset_ms"": 360519.497, ""actual_onset_global_ms"": 360752.104, ""actual_offset_global_ms"": 361743.438, ""actual_duration_ms"": 991.334}]",,,,,0.0,none,,,0.0,0.0,none,0.0,0.0,0.0,0.0,,,0.0,none,none,0.0,shape,cue_shape.wav,形状,360073.763,500.0,360840.013,red,boat,red_boat,switch,color,shape,1670.111,,,,,,,,,,,,,,,,,,,,,,,,,,,,,,,,,,,,,,,,,,
044,044_T1_20260518_150552,Control,T1,adaptive,hci_substudy_v2,1,telemetry_v4,dccs,2,mixed_formal,formal,1,28,40,formal,shape,1779087952,59.935,2026-05-18T15:12:01.153,0,0,0,1,361761.585,361787.936,,,,,s,s,1,717.496,363534.271,none,,362361.585,362816.775,363534.271,3000,717.496,363534.271,"[{""stage_name"": ""fixation"", ""planned_duration_ms"": 100, ""intended_onset_ms"": 361761.585, ""actual_onset_global_ms"": 361787.936, ""actual_offset_global_ms"": 361898.697, ""actual_duration_ms"": 110.761}, {""stage_name"": ""cue"", ""planned_duration_ms"": 500, ""intended_onset_ms"": 361861.585, ""actual_onset_global_ms"": 361912.836, ""actual_offset_global_ms"": 362808.111, ""actual_duration_ms"": 895.275}, {""stage_name"": ""stimulus"", ""planned_duration_ms"": 3000, ""intended_onset_ms"": 362361.585, ""actual_onset_global_ms"": 362816.775, ""actual_offset_global_ms"": 363534.271, ""actual_duration_ms"": 717.496}]",,,,,0.0,none,,,0.0,0.0,none,0.0,0.0,0.0,0.0,,,0.0,none,none,0.0,shape,cue_shape.wav,形状,361913.371,500.0,362679.621,red,rabbit,red_rabbit,repeat,shape,shape,1621.435,,,,,,,,,,,,,,,,,,,,,,,,,,,,,,,,,,,,,,,,,,
044,044_T1_20260518_150552,Control,T1,adaptive,hci_substudy_v2,1,telemetry_v4,dccs,2,mixed_formal,formal,1,29,41,formal,color,1779087952,59.935,2026-05-18T15:12:02.940,0,0,0,1,363548.708,363586.685,,,,,j,s,0,743.48,365381.167,none,,364148.708,364637.687,365381.167,3000,743.48,365381.167,"[{""stage_name"": ""fixation"", ""planned_duration_ms"": 100, ""intended_onset_ms"": 363548.708, ""actual_onset_global_ms"": 363586.685, ""actual_offset_global_ms"": 363670.1, ""actual_duration_ms"": 83.415}, {""stage_name"": ""cue"", ""planned_duration_ms"": 500, ""intended_onset_ms"": 363648.708, ""actual_onset_global_ms"": 363687.576, ""actual_offset_global_ms"": 364624.51, ""actual_duration_ms"": 936.934}, {""stage_name"": ""stimulus"", ""planned_duration_ms"": 3000, ""intended_onset_ms"": 364148.708, ""actual_onset_global_ms"": 364637.687, ""actual_offset_global_ms"": 365381.167, ""actual_duration_ms"": 743.48}]",,,,,0.0,none,,,0.0,0.0,none,0.0,0.0,0.0,0.0,,,0.0,none,none,0.0,color,cue_color.wav,颜色,363688.257,500.0,364384.819,red,rabbit,red_rabbit,switch,shape,color,1693.591,,,,,,,,,,,,,,,,,,,,,,,,,,,,,,,,,,,,,,,,,,
044,044_T1_20260518_150552,Control,T1,adaptive,hci_substudy_v2,1,telemetry_v4,dccs,2,mixed_formal,formal,1,30,42,formal,color,1779087952,59.935,2026-05-18T15:12:04.808,0,0,0,1,365416.973,365452.156,,,,,s,s,1,1621.665,368116.639,none,,366016.973,366494.974,368116.639,3000,1621.665,368116.639,"[{""stage_name"": ""fixation"", ""planned_duration_ms"": 100, ""intended_onset_ms"": 365416.973, ""actual_onset_global_ms"": 365452.156, ""actual_offset_global_ms"": 365536.175, ""actual_duration_ms"": 84.019}, {""stage_name"": ""cue"", ""planned_duration_ms"": 500, ""intended_onset_ms"": 365516.973, ""actual_onset_global_ms"": 365553.155, ""actual_offset_global_ms"": 366481.078, ""actual_duration_ms"": 927.923}, {""stage_name"": ""stimulus"", ""planned_duration_ms"": 3000, ""intended_onset_ms"": 366016.973, ""actual_onset_global_ms"": 366494.974, ""actual_offset_global_ms"": 368116.639, ""actual_duration_ms"": 1621.665}]",,,,,0.0,none,,,0.0,0.0,none,0.0,0.0,0.0,0.0,,,0.0,none,none,0.0,color,cue_color.wav,颜色,365553.657,500.0,366250.22,blue,rabbit,blue_rabbit,repeat,color,color,2563.484,,,,,,,,,,,,,,,,,,,,,,,,,,,,,,,,,,,,,,,,,,
044,044_T1_20260518_150552,Control,T1,adaptive,hci_substudy_v2,1,telemetry_v4,digit_span,3,practice_digitspan,practice,1,1,1,practice,span_2,1779087952,59.935,2026-05-18T15:13:13.540,0,0,0,1,434149.127,434288.489,,,,,,,1,,,,,434249.127,434290.253,446651.506,2000,12361.253,446651.506,"[{""stage_name"": ""fixation"", ""planned_duration_ms"": 100, ""intended_onset_ms"": 434149.127, ""actual_onset_global_ms"": 434288.489, ""actual_offset_global_ms"": 434305.174, ""actual_duration_ms"": 16.685}, {""stage_name"": ""auditory_sequence"", ""planned_duration_ms"": 2000, ""intended_onset_ms"": 434249.127, ""actual_onset_global_ms"": 434290.253, ""actual_offset_global_ms"": 435846.071, ""actual_duration_ms"": 1555.818}, {""stage_name"": ""wait"", ""planned_duration_ms"": 500, ""intended_onset_ms"": 435846.071, ""actual_onset_global_ms"": 435908.371, ""actual_offset_global_ms"": 436389.244, ""actual_duration_ms"": 480.873}, {""stage_name"": ""input_panel"", ""planned_duration_ms"": 15000, ""intended_onset_ms"": 436389.244, ""actual_onset_global_ms"": 436465.624, ""actual_offset_global_ms"": 446651.506, ""actual_duration_ms"": 10185.882}]",,,,,0.0,none,,,0.0,0.0,none,0.0,0.0,0.0,0.0,,,,,,,,,,,,,,,,,,,,none,0.0,0.0,0.0,0.0,2.0,1.0,1.0,"[9, 3]","[""3"", ""9""]","[""3"", ""9""]",39,onscreen_mouse,4059.656,10185.573,1.0,0.0,0.0,0.0,3.0,[1852.176],,"[434290.253, 435346.071]","[""digit_9.wav"", ""digit_3.wav""]","[{""audio_file"": ""digit_9.wav"", ""audio_start_global_ms"": 434290.253, ""audio_expected_duration_ms"": 500, ""audio_stop_global_ms"": 434790.253}, {""audio_file"": ""digit_3.wav"", ""audio_start_global_ms"": 435346.071, ""audio_expected_duration_ms"": 500, ""audio_stop_global_ms"": 435846.071}]",0.0,,,,,,,,,,,,,,,,
044,044_T1_20260518_150552,Control,T1,adaptive,hci_substudy_v2,1,telemetry_v4,digit_span,3,practice_digitspan,practice,1,2,2,practice,span_2,1779087952,59.935,2026-05-18T15:13:26.050,0,0,0,1,446658.535,446800.264,,,,,,,1,,,,,446758.535,446802.193,455755.203,2000,8953.01,455755.203,"[{""stage_name"": ""fixation"", ""planned_duration_ms"": 100, ""intended_onset_ms"": 446658.535, ""actual_onset_global_ms"": 446800.264, ""actual_offset_global_ms"": 446816.949, ""actual_duration_ms"": 16.685}, {""stage_name"": ""auditory_sequence"", ""planned_duration_ms"": 2000, ""intended_onset_ms"": 446758.535, ""actual_onset_global_ms"": 446802.193, ""actual_offset_global_ms"": 448408.058, ""actual_duration_ms"": 1605.865}, {""stage_name"": ""wait"", ""planned_duration_ms"": 500, ""intended_onset_ms"": 448408.058, ""actual_onset_global_ms"": 448519.956, ""actual_offset_global_ms"": 449022.476, ""actual_duration_ms"": 502.52}, {""stage_name"": ""input_panel"", ""planned_duration_ms"": 15000, ""intended_onset_ms"": 449022.476, ""actual_onset_global_ms"": 449049.744, ""actual_offset_global_ms"": 455755.203, ""actual_duration_ms"": 6705.459}]",,,,,0.0,none,,,0.0,0.0,none,0.0,0.0,0.0,0.0,,,,,,,,,,,,,,,,,,,,none,0.0,0.0,0.0,0.0,2.0,2.0,1.0,"[4, 1]","[""1"", ""4""]","[""1"", ""4""]",14,onscreen_mouse,2600.873,6705.287,1.0,0.0,0.0,0.0,3.0,[2537.418],,"[446802.193, 447908.058]","[""digit_4.wav"", ""digit_1.wav""]","[{""audio_file"": ""digit_4.wav"", ""audio_start_global_ms"": 446802.193, ""audio_expected_duration_ms"": 500, ""audio_stop_global_ms"": 447302.193}, {""audio_file"": ""digit_1.wav"", ""audio_start_global_ms"": 447908.058, ""audio_expected_duration_ms"": 500, ""audio_stop_global_ms"": 448408.058}]",0.0,,,,,,,,,,,,,,,,
044,044_T1_20260518_150552,Control,T1,adaptive,hci_substudy_v2,1,telemetry_v4,digit_span,3,practice_digitspan,practice,1,3,3,practice,span_2,1779087952,59.935,2026-05-18T15:13:35.152,0,0,0,1,455760.74,455961.789,,,,,,,0,,,,,455860.74,455967.166,467892.876,2000,11925.71,467892.876,"[{""stage_name"": ""fixation"", ""planned_duration_ms"": 100, ""intended_onset_ms"": 455760.74, ""actual_onset_global_ms"": 455961.789, ""actual_offset_global_ms"": 455978.474, ""actual_duration_ms"": 16.685}, {""stage_name"": ""auditory_sequence"", ""planned_duration_ms"": 2000, ""intended_onset_ms"": 455860.74, ""actual_onset_global_ms"": 455967.166, ""actual_offset_global_ms"": 457501.081, ""actual_duration_ms"": 1533.915}, {""stage_name"": ""wait"", ""planned_duration_ms"": 500, ""intended_onset_ms"": 457501.081, ""actual_onset_global_ms"": 457613.446, ""actual_offset_global_ms"": 458103.766, ""actual_duration_ms"": 490.32}, {""stage_name"": ""input_panel"", ""planned_duration_ms"": 15000, ""intended_onset_ms"": 458103.766, ""actual_onset_global_ms"": 458131.089, ""actual_offset_global_ms"": 467892.876, ""actual_duration_ms"": 9761.787}]",,,,,0.0,none,digit_order_error,3.0,1.0,1.0,brief_rule_prompt,900.0,0.0,0.0,0.0,,,,,,,,,,,,,,,,,,,,sequence_transformation,0.0,0.0,0.0,0.0,2.0,3.0,1.0,"[8, 3]","[""3"", ""8""]","[""7"", ""3""]",73,onscreen_mouse,3921.808,9761.63,0.0,0.0,0.0,0.0,3.0,[4157.59],,"[455967.166, 457001.081]","[""digit_8.wav"", ""digit_3.wav""]","[{""audio_file"": ""digit_8.wav"", ""audio_start_global_ms"": 455967.166, ""audio_expected_duration_ms"": 500, ""audio_stop_global_ms"": 456467.166}, {""audio_file"": ""digit_3.wav"", ""audio_start_global_ms"": 457001.081, ""audio_expected_duration_ms"": 500, ""audio_stop_global_ms"": 457501.081}]",0.0,3.0,,,,,,,,,,,,,,,
044,044_T1_20260518_150552,Control,T1,adaptive,hci_substudy_v2,1,telemetry_v4,digit_span,3,practice_digitspan,practice,1,4,4,practice,span_2,1779087952,59.935,2026-05-18T15:13:48.629,0,0,0,1,469238.201,469388.784,,,,,,,0,,,,,469338.201,469390.534,487028.791,2000,17638.257,487028.791,"[{""stage_name"": ""fixation"", ""planned_duration_ms"": 100, ""intended_onset_ms"": 469238.201, ""actual_onset_global_ms"": 469388.784, ""actual_offset_global_ms"": 469405.469, ""actual_duration_ms"": 16.685}, {""stage_name"": ""auditory_sequence"", ""planned_duration_ms"": 2000, ""intended_onset_ms"": 469338.201, ""actual_onset_global_ms"": 469390.534, ""actual_offset_global_ms"": 470911.784, ""actual_duration_ms"": 1521.25}, {""stage_name"": ""wait"", ""planned_duration_ms"": 500, ""intended_onset_ms"": 470911.784, ""actual_onset_global_ms"": 471004.617, ""actual_offset_global_ms"": 471540.506, ""actual_duration_ms"": 535.889}, {""stage_name"": ""input_panel"", ""planned_duration_ms"": 15000, ""intended_onset_ms"": 471540.506, ""actual_onset_global_ms"": 471567.789, ""actual_offset_global_ms"": 487028.791, ""actual_duration_ms"": 15461.002}]",,,,,0.0,none,input_mapping_error,4.0,2.0,2.0,worked_example,5600.0,0.0,0.0,0.0,,,,,,,,,,,,,,,,,,,,input_mapping,0.0,1.0,0.0,0.0,2.0,4.0,1.0,"[1, 5]","[""5"", ""1""]","[""1""]",1,onscreen_mouse,11005.981,15460.825,0.0,0.0,0.0,0.0,2.0,[],,"[469390.534, 470411.784]","[""digit_1.wav"", ""digit_5.wav""]","[{""audio_file"": ""digit_1.wav"", ""audio_start_global_ms"": 469390.534, ""audio_expected_duration_ms"": 500, ""audio_stop_global_ms"": 469890.534}, {""audio_file"": ""digit_5.wav"", ""audio_start_global_ms"": 470411.784, ""audio_expected_duration_ms"": 500, ""audio_stop_global_ms"": 470911.784}]",0.0,4.0,,,,,,,,,,,,,,,
044,044_T1_20260518_150552,Control,T1,adaptive,hci_substudy_v2,1,telemetry_v4,digit_span,3,practice_digitspan,practice,1,5,5,practice,span_2,1779087952,59.935,2026-05-18T15:14:16.523,0,0,0,1,497131.295,497267.457,,,,,,,1,,,,,497231.295,497270.248,524783.845,2000,27513.597,524783.845,"[{""stage_name"": ""fixation"", ""planned_duration_ms"": 100, ""intended_onset_ms"": 497131.295, ""actual_onset_global_ms"": 497267.457, ""actual_offset_global_ms"": 497284.142, ""actual_duration_ms"": 16.685}, {""stage_name"": ""auditory_sequence"", ""planned_duration_ms"": 2000, ""intended_onset_ms"": 497231.295, ""actual_onset_global_ms"": 497270.248, ""actual_offset_global_ms"": 498843.345, ""actual_duration_ms"": 1573.097}, {""stage_name"": ""wait"", ""planned_duration_ms"": 500, ""intended_onset_ms"": 498843.345, ""actual_onset_global_ms"": 498930.683, ""actual_offset_global_ms"": 499420.798, ""actual_duration_ms"": 490.115}, {""stage_name"": ""input_panel"", ""planned_duration_ms"": 15000, ""intended_onset_ms"": 499420.798, ""actual_onset_global_ms"": 499441.202, ""actual_offset_global_ms"": 524783.845, ""actual_duration_ms"": 25342.643}]",,,,,0.0,none,input_mapping_error,4.0,2.0,2.0,worked_example,5600.0,1.0,1.0,0.0,,,,,,,,,,,,,,,,,,,,input_mapping,0.0,1.0,0.0,1.0,2.0,5.0,1.0,"[5, 4]","[""4"", ""5""]","[""4"", ""5""]",45,onscreen_mouse,5684.247,25342.374,1.0,0.0,1.0,0.0,5.0,"[7236.813, 1471.174]",,"[497270.248, 498343.345]","[""digit_5.wav"", ""digit_4.wav""]","[{""audio_file"": ""digit_5.wav"", ""audio_start_global_ms"": 497270.248, ""audio_expected_duration_ms"": 500, ""audio_stop_global_ms"": 497770.248}, {""audio_file"": ""digit_4.wav"", ""audio_start_global_ms"": 498343.345, ""audio_expected_duration_ms"": 500, ""audio_stop_global_ms"": 498843.345}]",0.0,4.0,,,,,,,,,,,,,,,
044,044_T1_20260518_150552,Control,T1,adaptive,hci_substudy_v2,1,telemetry_v4,digit_span,3,practice_digitspan,practice,1,6,6,practice,span_2,1779087952,59.935,2026-05-18T15:14:44.194,0,0,0,1,524802.095,524970.687,,,,,,,1,,,,,524902.095,524979.86,535088.544,2000,10108.684,535088.544,"[{""stage_name"": ""fixation"", ""planned_duration_ms"": 100, ""intended_onset_ms"": 524802.095, ""actual_onset_global_ms"": 524970.687, ""actual_offset_global_ms"": 524987.372, ""actual_duration_ms"": 16.685}, {""stage_name"": ""auditory_sequence"", ""planned_duration_ms"": 2000, ""intended_onset_ms"": 524902.095, ""actual_onset_global_ms"": 524979.86, ""actual_offset_global_ms"": 526533.818, ""actual_duration_ms"": 1553.958}, {""stage_name"": ""wait"", ""planned_duration_ms"": 500, ""intended_onset_ms"": 526533.818, ""actual_onset_global_ms"": 526618.345, ""actual_offset_global_ms"": 527120.552, ""actual_duration_ms"": 502.207}, {""stage_name"": ""input_panel"", ""planned_duration_ms"": 15000, ""intended_onset_ms"": 527120.552, ""actual_onset_global_ms"": 527145.855, ""actual_offset_global_ms"": 535088.544, ""actual_duration_ms"": 7942.689}]",,,,,0.0,none,,,0.0,0.0,none,0.0,2.0,0.0,0.0,,,,,,,,,,,,,,,,,,,,none,0.0,0.0,0.0,0.0,2.0,6.0,1.0,"[2, 9]","[""9"", ""2""]","[""9"", ""2""]",92,onscreen_mouse,4562.815,7942.173,1.0,0.0,0.0,0.0,3.0,[1566.182],,"[524979.86, 526033.818]","[""digit_2.wav"", ""digit_9.wav""]","[{""audio_file"": ""digit_2.wav"", ""audio_start_global_ms"": 524979.86, ""audio_expected_duration_ms"": 500, ""audio_stop_global_ms"": 525479.86}, {""audio_file"": ""digit_9.wav"", ""audio_start_global_ms"": 526033.818, ""audio_expected_duration_ms"": 500, ""audio_stop_global_ms"": 526533.818}]",0.0,,,,,,,,,,,,,,,,
044,044_T1_20260518_150552,Control,T1,adaptive,hci_substudy_v2,1,telemetry_v4,digit_span,3,formal_span_2,formal,1,1,7,formal,span_2,1779087952,59.935,2026-05-18T15:15:21.325,0,0,0,1,561933.388,562060.08,,,,,,,1,,,,,562033.388,562062.306,575436.422,2000,13374.116,575436.422,"[{""stage_name"": ""fixation"", ""planned_duration_ms"": 100, ""intended_onset_ms"": 561933.388, ""actual_onset_global_ms"": 562060.08, ""actual_offset_global_ms"": 562076.765, ""actual_duration_ms"": 16.685}, {""stage_name"": ""auditory_sequence"", ""planned_duration_ms"": 2000, ""intended_onset_ms"": 562033.388, ""actual_onset_global_ms"": 562062.306, ""actual_offset_global_ms"": 563579.028, ""actual_duration_ms"": 1516.722}, {""stage_name"": ""wait"", ""planned_duration_ms"": 500, ""intended_onset_ms"": 563579.028, ""actual_onset_global_ms"": 563664.656, ""actual_offset_global_ms"": 564169.508, ""actual_duration_ms"": 504.852}, {""stage_name"": ""input_panel"", ""planned_duration_ms"": 15000, ""intended_onset_ms"": 564169.508, ""actual_onset_global_ms"": 564185.749, ""actual_offset_global_ms"": 575436.422, ""actual_duration_ms"": 11250.673}]",,,,,0.0,none,,,0.0,0.0,none,0.0,0.0,0.0,0.0,,,,,,,,,,,,,,,,,,,,none,0.0,0.0,0.0,0.0,2.0,1.0,1.0,"[7, 2]","[""2"", ""7""]","[""2"", ""7""]",27,onscreen_mouse,7665.6,11250.226,1.0,0.0,0.0,0.0,3.0,[2366.877],advance,"[562062.306, 563079.028]","[""digit_7.wav"", ""digit_2.wav""]","[{""audio_file"": ""digit_7.wav"", ""audio_start_global_ms"": 562062.306, ""audio_expected_duration_ms"": 500, ""audio_stop_global_ms"": 562562.306}, {""audio_file"": ""digit_2.wav"", ""audio_start_global_ms"": 563079.028, ""audio_expected_duration_ms"": 500, ""audio_stop_global_ms"": 563579.028}]",0.0,,two_failures_in_span,4.0,,,,,,,,,,,,,
044,044_T1_20260518_150552,Control,T1,adaptive,hci_substudy_v2,1,telemetry_v4,digit_span,3,formal_span_2,formal,1,2,8,formal,span_2,1779087952,59.935,2026-05-18T15:15:34.834,0,0,0,1,575442.218,575674.938,,,,,,,1,,,,,575542.218,575680.395,584518.658,2000,8838.263,584518.658,"[{""stage_name"": ""fixation"", ""planned_duration_ms"": 100, ""intended_onset_ms"": 575442.218, ""actual_onset_global_ms"": 575674.938, ""actual_offset_global_ms"": 575691.623, ""actual_duration_ms"": 16.685}, {""stage_name"": ""auditory_sequence"", ""planned_duration_ms"": 2000, ""intended_onset_ms"": 575542.218, ""actual_onset_global_ms"": 575680.395, ""actual_offset_global_ms"": 577186.862, ""actual_duration_ms"": 1506.467}, {""stage_name"": ""wait"", ""planned_duration_ms"": 500, ""intended_onset_ms"": 577186.862, ""actual_onset_global_ms"": 577250.817, ""actual_offset_global_ms"": 577781.708, ""actual_duration_ms"": 530.891}, {""stage_name"": ""input_panel"", ""planned_duration_ms"": 15000, ""intended_onset_ms"": 577781.708, ""actual_onset_global_ms"": 577804.263, ""actual_offset_global_ms"": 584518.658, ""actual_duration_ms"": 6714.395}]",,,,,0.0,none,,,0.0,0.0,none,0.0,0.0,0.0,0.0,,,,,,,,,,,,,,,,,,,,none,0.0,0.0,0.0,0.0,2.0,2.0,1.0,"[5, 3]","[""3"", ""5""]","[""3"", ""5""]",35,onscreen_mouse,3421.389,6713.667,1.0,0.0,0.0,0.0,3.0,[1400.234],advance,"[575680.395, 576686.862]","[""digit_5.wav"", ""digit_3.wav""]","[{""audio_file"": ""digit_5.wav"", ""audio_start_global_ms"": 575680.395, ""audio_expected_duration_ms"": 500, ""audio_stop_global_ms"": 576180.395}, {""audio_file"": ""digit_3.wav"", ""audio_start_global_ms"": 576686.862, ""audio_expected_duration_ms"": 500, ""audio_stop_global_ms"": 577186.862}]",0.0,,two_failures_in_span,4.0,,,,,,,,,,,,,
044,044_T1_20260518_150552,Control,T1,adaptive,hci_substudy_v2,1,telemetry_v4,digit_span,3,formal_span_3,formal,2,1,9,formal,span_3,1779087952,59.935,2026-05-18T15:15:43.920,0,0,0,1,584529.181,584764.085,,,,,,,0,,,,,584629.181,584769.484,614845.449,3000,30075.965,614845.449,"[{""stage_name"": ""fixation"", ""planned_duration_ms"": 100, ""intended_onset_ms"": 584529.181, ""actual_onset_global_ms"": 584764.085, ""actual_offset_global_ms"": 584780.77, ""actual_duration_ms"": 16.685}, {""stage_name"": ""auditory_sequence"", ""planned_duration_ms"": 3000, ""intended_onset_ms"": 584629.181, ""actual_onset_global_ms"": 584769.484, ""actual_offset_global_ms"": 587308.595, ""actual_duration_ms"": 2539.111}, {""stage_name"": ""wait"", ""planned_duration_ms"": 500, ""intended_onset_ms"": 587308.595, ""actual_onset_global_ms"": 587354.781, ""actual_offset_global_ms"": 587882.933, ""actual_duration_ms"": 528.152}, {""stage_name"": ""input_panel"", ""planned_duration_ms"": 15000, ""intended_onset_ms"": 587882.933, ""actual_onset_global_ms"": 587914.698, ""actual_offset_global_ms"": 614845.449, ""actual_duration_ms"": 26930.751}]",,,,,0.0,none,,,0.0,0.0,none,0.0,0.0,0.0,0.0,,,,,,,,,,,,,,,,,,,,none,0.0,0.0,0.0,0.0,3.0,1.0,2.0,"[6, 3, 7]","[""7"", ""3"", ""6""]","[""7"", ""3"", ""7""]",737,onscreen_mouse,10994.71,26930.018,0.0,0.0,0.0,0.0,4.0,"[7987.715, 6469.059]",advance,"[584769.484, 585848.511, 586808.595]","[""digit_6.wav"", ""digit_3.wav"", ""digit_7.wav""]","[{""audio_file"": ""digit_6.wav"", ""audio_start_global_ms"": 584769.484, ""audio_expected_duration_ms"": 500, ""audio_stop_global_ms"": 585269.484}, {""audio_file"": ""digit_3.wav"", ""audio_start_global_ms"": 585848.511, ""audio_expected_duration_ms"": 500, ""audio_stop_global_ms"": 586348.511}, {""audio_file"": ""digit_7.wav"", ""audio_start_global_ms"": 586808.595, ""audio_expected_duration_ms"": 500, ""audio_stop_global_ms"": 587308.595}]",0.0,,two_failures_in_span,4.0,,,,,,,,,,,,,
044,044_T1_20260518_150552,Control,T1,adaptive,hci_substudy_v2,1,telemetry_v4,digit_span,3,formal_span_3,formal,2,2,10,formal,span_3,1779087952,59.935,2026-05-18T15:16:14.247,0,0,0,1,614856.17,615001.125,,,,,,,1,,,,,614956.17,615003.101,637329.941,3000,22326.84,637329.941,"[{""stage_name"": ""fixation"", ""planned_duration_ms"": 100, ""intended_onset_ms"": 614856.17, ""actual_onset_global_ms"": 615001.125, ""actual_offset_global_ms"": 615017.81, ""actual_duration_ms"": 16.685}, {""stage_name"": ""auditory_sequence"", ""planned_duration_ms"": 3000, ""intended_onset_ms"": 614956.17, ""actual_onset_global_ms"": 615003.101, ""actual_offset_global_ms"": 617512.611, ""actual_duration_ms"": 2509.51}, {""stage_name"": ""wait"", ""planned_duration_ms"": 500, ""intended_onset_ms"": 617512.611, ""actual_onset_global_ms"": 617599.351, ""actual_offset_global_ms"": 618083.497, ""actual_duration_ms"": 484.146}, {""stage_name"": ""input_panel"", ""planned_duration_ms"": 15000, ""intended_onset_ms"": 618083.497, ""actual_onset_global_ms"": 618112.471, ""actual_offset_global_ms"": 637329.941, ""actual_duration_ms"": 19217.47}]",,,,,0.0,none,,,0.0,0.0,none,0.0,0.0,0.0,0.0,,,,,,,,,,,,,,,,,,,,none,0.0,0.0,0.0,0.0,3.0,2.0,2.0,"[9, 1, 7]","[""7"", ""1"", ""9""]","[""7"", ""1"", ""9""]",719,onscreen_mouse,8420.752,19216.883,1.0,0.0,0.0,0.0,4.0,"[6726.144, 2749.066]",advance,"[615003.101, 616086.022, 617012.611]","[""digit_9.wav"", ""digit_1.wav"", ""digit_7.wav""]","[{""audio_file"": ""digit_9.wav"", ""audio_start_global_ms"": 615003.101, ""audio_expected_duration_ms"": 500, ""audio_stop_global_ms"": 615503.101}, {""audio_file"": ""digit_1.wav"", ""audio_start_global_ms"": 616086.022, ""audio_expected_duration_ms"": 500, ""audio_stop_global_ms"": 616586.022}, {""audio_file"": ""digit_7.wav"", ""audio_start_global_ms"": 617012.611, ""audio_expected_duration_ms"": 500, ""audio_stop_global_ms"": 617512.611}]",0.0,,two_failures_in_span,4.0,,,,,,,,,,,,,
044,044_T1_20260518_150552,Control,T1,adaptive,hci_substudy_v2,1,telemetry_v4,digit_span,3,formal_span_4,formal,3,1,11,formal,span_4,1779087952,59.935,2026-05-18T15:16:36.739,0,0,0,1,637347.43,637481.526,,,,,,,0,,,,,637447.43,637483.401,659475.071,4000,21991.67,659475.071,"[{""stage_name"": ""fixation"", ""planned_duration_ms"": 100, ""intended_onset_ms"": 637347.43, ""actual_onset_global_ms"": 637481.526, ""actual_offset_global_ms"": 637498.211, ""actual_duration_ms"": 16.685}, {""stage_name"": ""auditory_sequence"", ""planned_duration_ms"": 4000, ""intended_onset_ms"": 637447.43, ""actual_onset_global_ms"": 637483.401, ""actual_offset_global_ms"": 640996.899, ""actual_duration_ms"": 3513.498}, {""stage_name"": ""wait"", ""planned_duration_ms"": 500, ""intended_onset_ms"": 640996.899, ""actual_onset_global_ms"": 641088.277, ""actual_offset_global_ms"": 641592.234, ""actual_duration_ms"": 503.957}, {""stage_name"": ""input_panel"", ""planned_duration_ms"": 15000, ""intended_onset_ms"": 641592.234, ""actual_onset_global_ms"": 641621.241, ""actual_offset_global_ms"": 659475.071, ""actual_duration_ms"": 17853.83}]",,,,,0.0,none,,,0.0,0.0,none,0.0,0.0,0.0,0.0,,,,,,,,,,,,,,,,,,,,none,0.0,0.0,0.0,0.0,4.0,1.0,3.0,"[7, 8, 6, 1]","[""1"", ""6"", ""8"", ""7""]","[""7"", ""8"", ""6"", ""1""]",7861,onscreen_mouse,8721.78,17853.44,0.0,0.0,0.0,0.0,5.0,"[1455.348, 3919.598, 2015.308]",terminate,"[637483.401, 638510.431, 639578.55, 640496.899]","[""digit_7.wav"", ""digit_8.wav"", ""digit_6.wav"", ""digit_1.wav""]","[{""audio_file"": ""digit_7.wav"", ""audio_start_global_ms"": 637483.401, ""audio_expected_duration_ms"": 500, ""audio_stop_global_ms"": 637983.401}, {""audio_file"": ""digit_8.wav"", ""audio_start_global_ms"": 638510.431, ""audio_expected_duration_ms"": 500, ""audio_stop_global_ms"": 639010.431}, {""audio_file"": ""digit_6.wav"", ""audio_start_global_ms"": 639578.55, ""audio_expected_duration_ms"": 500, ""audio_stop_global_ms"": 640078.55}, {""audio_file"": ""digit_1.wav"", ""audio_start_global_ms"": 640496.899, ""audio_expected_duration_ms"": 500, ""audio_stop_global_ms"": 640996.899}]",0.0,,two_failures_in_span,4.0,,,,,,,,,,,,,
044,044_T1_20260518_150552,Control,T1,adaptive,hci_substudy_v2,1,telemetry_v4,digit_span,3,formal_span_4,formal,3,2,12,formal,span_4,1779087952,59.935,2026-05-18T15:16:58.873,0,0,0,1,659482.286,659646.649,,,,,,,0,,,,,659582.286,659648.98,709193.311,4000,49544.331,709193.311,"[{""stage_name"": ""fixation"", ""planned_duration_ms"": 100, ""intended_onset_ms"": 659482.286, ""actual_onset_global_ms"": 659646.649, ""actual_offset_global_ms"": 659663.334, ""actual_duration_ms"": 16.685}, {""stage_name"": ""auditory_sequence"", ""planned_duration_ms"": 4000, ""intended_onset_ms"": 659582.286, ""actual_onset_global_ms"": 659648.98, ""actual_offset_global_ms"": 663201.468, ""actual_duration_ms"": 3552.488}, {""stage_name"": ""wait"", ""planned_duration_ms"": 500, ""intended_onset_ms"": 663201.468, ""actual_onset_global_ms"": 663266.251, ""actual_offset_global_ms"": 663755.825, ""actual_duration_ms"": 489.574}, {""stage_name"": ""input_panel"", ""planned_duration_ms"": 15000, ""intended_onset_ms"": 663755.825, ""actual_onset_global_ms"": 663785.198, ""actual_offset_global_ms"": 709193.311, ""actual_duration_ms"": 45408.113}]",,,,,0.0,none,,,0.0,0.0,none,0.0,0.0,0.0,0.0,,,,,,,,,,,,,,,,,,,,none,0.0,0.0,0.0,0.0,4.0,2.0,3.0,"[2, 7, 4, 1]","[""1"", ""4"", ""7"", ""2""]","[""1"", ""2"", ""7"", ""6"", ""1""]",12761,onscreen_mouse,8451.491,45407.871,0.0,0.0,1.0,0.0,8.0,"[26238.432, 1655.074, 2304.614, 2962.983, 1913.302]",terminate,"[659648.98, 660692.245, 661764.35, 662701.468]","[""digit_2.wav"", ""digit_7.wav"", ""digit_4.wav"", ""digit_1.wav""]","[{""audio_file"": ""digit_2.wav"", ""audio_start_global_ms"": 659648.98, ""audio_expected_duration_ms"": 500, ""audio_stop_global_ms"": 660148.98}, {""audio_file"": ""digit_7.wav"", ""audio_start_global_ms"": 660692.245, ""audio_expected_duration_ms"": 500, ""audio_stop_global_ms"": 661192.245}, {""audio_file"": ""digit_4.wav"", ""audio_start_global_ms"": 661764.35, ""audio_expected_duration_ms"": 500, ""audio_stop_global_ms"": 662264.35}, {""audio_file"": ""digit_1.wav"", ""audio_start_global_ms"": 662701.468, ""audio_expected_duration_ms"": 500, ""audio_stop_global_ms"": 663201.468}]",0.0,,two_failures_in_span,4.0,,,,,,,,,,,,,
044,044_T1_20260518_150552,Control,T1,adaptive,hci_substudy_v2,1,telemetry_v4,change_detection,4,practice_cd,practice,1,1,1,practice,N1_same,1779087952,59.935,2026-05-18T15:18:40.970,0,0,0,1,761578.514,761630.839,,,,,s,,1,6962.366,,correct,1.0,765178.514,765311.073,772345.429,4000,7034.356,772495.429,"[{""stage_name"": ""fixation"", ""planned_duration_ms"": 100, ""intended_onset_ms"": 761578.514, ""actual_onset_global_ms"": 761630.839, ""actual_offset_global_ms"": 761712.048, ""actual_duration_ms"": 81.209}, {""stage_name"": ""memory_array"", ""planned_duration_ms"": 2500, ""intended_onset_ms"": 761678.514, ""actual_onset_global_ms"": 761754.667, ""actual_offset_global_ms"": 764246.458, ""actual_duration_ms"": 2491.791}, {""stage_name"": ""delay"", ""planned_duration_ms"": 1000, ""intended_onset_ms"": 764246.458, ""actual_onset_global_ms"": 764252.666, ""actual_offset_global_ms"": 765258.128, ""actual_duration_ms"": 1005.462}, {""stage_name"": ""test_array"", ""planned_duration_ms"": 4000, ""intended_onset_ms"": 765258.128, ""actual_onset_global_ms"": 765311.073, ""actual_offset_global_ms"": 772345.429, ""actual_duration_ms"": 7034.356}, {""stage_name"": ""feedback"", ""planned_duration_ms"": 150, ""intended_onset_ms"": 772345.429, ""actual_onset_global_ms"": 772381.12, ""actual_offset_global_ms"": 772520.252, ""actual_duration_ms"": 139.132}]",correct.wav,772345.774,150.0,772845.774,,,,,,,,,,,,,,,,,,,,,,,,,,,,,,,,,,,,,,,,,,,,,,1.0,,,,,,,,,,,,,,1.0,same,0.0,"[60.89, -78.62]","[[60.89, -78.62]]","[""blue""]","[""blue""]",blue,blue,s,same,1.0,1.0
044,044_T1_20260518_150552,Control,T1,adaptive,hci_substudy_v2,1,telemetry_v4,change_detection,4,practice_cd,practice,1,2,2,practice,N2_same,1779087952,59.935,2026-05-18T15:18:51.897,0,0,0,1,772506.278,772532.582,,,,,s,,1,6358.516,,correct,1.0,776106.278,776224.816,782631.203,4000,6406.387,782781.203,"[{""stage_name"": ""fixation"", ""planned_duration_ms"": 100, ""intended_onset_ms"": 772506.278, ""actual_onset_global_ms"": 772532.582, ""actual_offset_global_ms"": 772630.511, ""actual_duration_ms"": 97.929}, {""stage_name"": ""memory_array"", ""planned_duration_ms"": 2500, ""intended_onset_ms"": 772606.278, ""actual_onset_global_ms"": 772686.365, ""actual_offset_global_ms"": 775157.48, ""actual_duration_ms"": 2471.115}, {""stage_name"": ""delay"", ""planned_duration_ms"": 1000, ""intended_onset_ms"": 775157.48, ""actual_onset_global_ms"": 775160.534, ""actual_offset_global_ms"": 776173.352, ""actual_duration_ms"": 1012.818}, {""stage_name"": ""test_array"", ""planned_duration_ms"": 4000, ""intended_onset_ms"": 776173.352, ""actual_onset_global_ms"": 776224.816, ""actual_offset_global_ms"": 782631.203, ""actual_duration_ms"": 6406.387}, {""stage_name"": ""feedback"", ""planned_duration_ms"": 150, ""intended_onset_ms"": 782631.203, ""actual_onset_global_ms"": 782664.328, ""actual_offset_global_ms"": 782802.414, ""actual_duration_ms"": 138.086}]",correct.wav,782632.134,150.0,783132.134,,,,,,,,,,,,,,,,,,,,,,,,,,,,,,,,,,,,,,,,,,,,,,1.0,,,,,,,,,,,,,,2.0,same,1.0,"[42.64, -175.49]","[[137.9, -233.54], [42.64, -175.49]]","[""green"", ""purple""]","[""green"", ""purple""]",purple,purple,s,same,2.0,1.0
044,044_T1_20260518_150552,Control,T1,adaptive,hci_substudy_v2,1,telemetry_v4,change_detection,4,practice_cd,practice,1,3,3,practice,N1_same,1779087952,59.935,2026-05-18T15:19:02.180,0,0,0,1,782788.564,782812.761,,,,,s,,1,1605.391,,correct,1.0,786388.564,786496.763,788163.899,4000,1667.136,788313.899,"[{""stage_name"": ""fixation"", ""planned_duration_ms"": 100, ""intended_onset_ms"": 782788.564, ""actual_onset_global_ms"": 782812.761, ""actual_offset_global_ms"": 782915.523, ""actual_duration_ms"": 102.762}, {""stage_name"": ""memory_array"", ""planned_duration_ms"": 2500, ""intended_onset_ms"": 782888.564, ""actual_onset_global_ms"": 782963.042, ""actual_offset_global_ms"": 785451.792, ""actual_duration_ms"": 2488.75}, {""stage_name"": ""delay"", ""planned_duration_ms"": 1000, ""intended_onset_ms"": 785451.792, ""actual_onset_global_ms"": 785461.627, ""actual_offset_global_ms"": 786452.26, ""actual_duration_ms"": 990.633}, {""stage_name"": ""test_array"", ""planned_duration_ms"": 4000, ""intended_onset_ms"": 786452.26, ""actual_onset_global_ms"": 786496.763, ""actual_offset_global_ms"": 788163.899, ""actual_duration_ms"": 1667.136}, {""stage_name"": ""feedback"", ""planned_duration_ms"": 150, ""intended_onset_ms"": 788163.899, ""actual_onset_global_ms"": 788198.694, ""actual_offset_global_ms"": 788352.238, ""actual_duration_ms"": 153.544}]",correct.wav,788164.764,150.0,788664.764,,,,,,,,,,,,,,,,,,,,,,,,,,,,,,,,,,,,,,,,,,,,,,1.0,,,,,,,,,,,,,,1.0,same,0.0,"[54.71, 120.91]","[[54.71, 120.91]]","[""purple""]","[""purple""]",purple,purple,s,same,1.0,1.0
044,044_T1_20260518_150552,Control,T1,adaptive,hci_substudy_v2,1,telemetry_v4,change_detection,4,practice_cd,practice,1,4,4,practice,N1_change,1779087952,59.935,2026-05-18T15:19:07.729,0,0,0,1,788338.372,788363.407,,,,,j,,1,1509.176,,correct,1.0,791938.372,792086.984,793659.465,4000,1572.481,793809.465,"[{""stage_name"": ""fixation"", ""planned_duration_ms"": 100, ""intended_onset_ms"": 788338.372, ""actual_onset_global_ms"": 788363.407, ""actual_offset_global_ms"": 788471.665, ""actual_duration_ms"": 108.258}, {""stage_name"": ""memory_array"", ""planned_duration_ms"": 2500, ""intended_onset_ms"": 788438.372, ""actual_onset_global_ms"": 788521.436, ""actual_offset_global_ms"": 791027.405, ""actual_duration_ms"": 2505.969}, {""stage_name"": ""delay"", ""planned_duration_ms"": 1000, ""intended_onset_ms"": 791027.405, ""actual_onset_global_ms"": 791032.937, ""actual_offset_global_ms"": 792039.568, ""actual_duration_ms"": 1006.631}, {""stage_name"": ""test_array"", ""planned_duration_ms"": 4000, ""intended_onset_ms"": 792039.568, ""actual_onset_global_ms"": 792086.984, ""actual_offset_global_ms"": 793659.465, ""actual_duration_ms"": 1572.481}, {""stage_name"": ""feedback"", ""planned_duration_ms"": 150, ""intended_onset_ms"": 793659.465, ""actual_onset_global_ms"": 793688.96, ""actual_offset_global_ms"": 793828.368, ""actual_duration_ms"": 139.408}]",correct.wav,793660.113,150.0,794160.113,,,,,,,,,,,,,,,,,,,,,,,,,,,,,,,,,,,,,,,,,,,,,,1.0,,,,,,,,,,,,,,1.0,change,0.0,"[32.79, 205.12]","[[32.79, 205.12]]","[""yellow""]","[""green""]",yellow,green,j,change,1.0,1.0
044,044_T1_20260518_150552,Control,T1,adaptive,hci_substudy_v2,1,telemetry_v4,change_detection,4,practice_cd,practice,1,5,5,practice,N2_same,1779087952,59.935,2026-05-18T15:19:13.208,0,0,0,1,793817.036,793838.884,,,,,s,,1,2686.346,,correct,1.0,797417.036,797573.905,800310.362,4000,2736.457,800460.362,"[{""stage_name"": ""fixation"", ""planned_duration_ms"": 100, ""intended_onset_ms"": 793817.036, ""actual_onset_global_ms"": 793838.884, ""actual_offset_global_ms"": 793953.345, ""actual_duration_ms"": 114.461}, {""stage_name"": ""memory_array"", ""planned_duration_ms"": 2500, ""intended_onset_ms"": 793917.036, ""actual_onset_global_ms"": 794031.418, ""actual_offset_global_ms"": 796505.462, ""actual_duration_ms"": 2474.044}, {""stage_name"": ""delay"", ""planned_duration_ms"": 1000, ""intended_onset_ms"": 796505.462, ""actual_onset_global_ms"": 796513.369, ""actual_offset_global_ms"": 797519.251, ""actual_duration_ms"": 1005.882}, {""stage_name"": ""test_array"", ""planned_duration_ms"": 4000, ""intended_onset_ms"": 797519.251, ""actual_onset_global_ms"": 797573.905, ""actual_offset_global_ms"": 800310.362, ""actual_duration_ms"": 2736.457}, {""stage_name"": ""feedback"", ""planned_duration_ms"": 150, ""intended_onset_ms"": 800310.362, ""actual_onset_global_ms"": 800343.405, ""actual_offset_global_ms"": 800496.375, ""actual_duration_ms"": 152.97}]",correct.wav,800311.052,150.0,800811.052,,,,,,,,,,,,,,,,,,,,,,,,,,,,,,,,,,,,,,,,,,,,,,1.0,,,,,,,,,,,,,,2.0,same,0.0,"[-191.32, 223.36]","[[-191.32, 223.36], [174.29, 172.63]]","[""purple"", ""green""]","[""purple"", ""green""]",purple,purple,s,same,2.0,1.0
044,044_T1_20260518_150552,Control,T1,adaptive,hci_substudy_v2,1,telemetry_v4,change_detection,4,practice_cd,practice,1,6,6,practice,N2_change,1779087952,59.935,2026-05-18T15:19:19.875,0,0,0,1,800483.495,800504.367,,,,,j,,0,5158.434,,incorrect,1.0,804083.495,804205.43,809395.392,4000,5189.962,809545.392,"[{""stage_name"": ""fixation"", ""planned_duration_ms"": 100, ""intended_onset_ms"": 800483.495, ""actual_onset_global_ms"": 800504.367, ""actual_offset_global_ms"": 800600.861, ""actual_duration_ms"": 96.494}, {""stage_name"": ""memory_array"", ""planned_duration_ms"": 2500, ""intended_onset_ms"": 800583.495, ""actual_onset_global_ms"": 800671.329, ""actual_offset_global_ms"": 803128.766, ""actual_duration_ms"": 2457.437}, {""stage_name"": ""delay"", ""planned_duration_ms"": 1000, ""intended_onset_ms"": 803128.766, ""actual_onset_global_ms"": 803137.215, ""actual_offset_global_ms"": 804144.272, ""actual_duration_ms"": 1007.057}, {""stage_name"": ""test_array"", ""planned_duration_ms"": 4000, ""intended_onset_ms"": 804144.272, ""actual_onset_global_ms"": 804205.43, ""actual_offset_global_ms"": 809395.392, ""actual_duration_ms"": 5189.962}, {""stage_name"": ""feedback"", ""planned_duration_ms"": 150, ""intended_onset_ms"": 809395.392, ""actual_onset_global_ms"": 809437.567, ""actual_offset_global_ms"": 809575.587, ""actual_duration_ms"": 138.02}]",incorrect.wav,809396.084,150.0,809896.084,,,,,,,,,,,,,,,,,,,,,,,,,,,,,,,,,,,,,,,,,,,,,,0.0,,,,,,,,,,,,,,2.0,change,0.0,"[-177.55, -196.92]","[[-177.55, -196.92], [-107.49, 116.59]]","[""purple"", ""yellow""]","[""red"", ""yellow""]",purple,red,s,same,2.0,1.0
044,044_T1_20260518_150552,Control,T1,adaptive,hci_substudy_v2,1,telemetry_v4,change_detection,4,practice_cd,practice,1,7,7,practice,N1_change,1779087952,59.935,2026-05-18T15:19:28.954,0,0,0,1,809561.93,809585.395,,,,,j,,1,7403.186,,correct,1.0,813161.93,813272.051,820746.98,4000,7474.929,820896.98,"[{""stage_name"": ""fixation"", ""planned_duration_ms"": 100, ""intended_onset_ms"": 809561.93, ""actual_onset_global_ms"": 809585.395, ""actual_offset_global_ms"": 809700.464, ""actual_duration_ms"": 115.069}, {""stage_name"": ""memory_array"", ""planned_duration_ms"": 2500, ""intended_onset_ms"": 809661.93, ""actual_onset_global_ms"": 809742.524, ""actual_offset_global_ms"": 812210.452, ""actual_duration_ms"": 2467.928}, {""stage_name"": ""delay"", ""planned_duration_ms"": 1000, ""intended_onset_ms"": 812210.452, ""actual_onset_global_ms"": 812215.494, ""actual_offset_global_ms"": 813230.803, ""actual_duration_ms"": 1015.309}, {""stage_name"": ""test_array"", ""planned_duration_ms"": 4000, ""intended_onset_ms"": 813230.803, ""actual_onset_global_ms"": 813272.051, ""actual_offset_global_ms"": 820746.98, ""actual_duration_ms"": 7474.929}, {""stage_name"": ""feedback"", ""planned_duration_ms"": 150, ""intended_onset_ms"": 820746.98, ""actual_onset_global_ms"": 820781.583, ""actual_offset_global_ms"": 820922.96, ""actual_duration_ms"": 141.377}]",correct.wav,820747.858,150.0,821247.858,,,,,,,,,,,,,,,,,,,,,,,,,,,,,,,,,,,,,,,,,,,,,,1.0,,,,,,,,,,,,,,1.0,change,0.0,"[-14.16, -233.14]","[[-14.16, -233.14]]","[""blue""]","[""yellow""]",blue,yellow,j,change,2.0,1.0
044,044_T1_20260518_150552,Control,T1,adaptive,hci_substudy_v2,1,telemetry_v4,change_detection,4,practice_cd,practice,1,8,8,practice,N2_change,1779087952,59.935,2026-05-18T15:19:40.300,0,0,0,1,820909.196,820933.591,,,,,j,,1,3278.599,,correct,1.0,824509.196,824696.056,828023.725,4000,3327.669,828173.725,"[{""stage_name"": ""fixation"", ""planned_duration_ms"": 100, ""intended_onset_ms"": 820909.196, ""actual_onset_global_ms"": 820933.591, ""actual_offset_global_ms"": 821033.495, ""actual_duration_ms"": 99.904}, {""stage_name"": ""memory_array"", ""planned_duration_ms"": 2500, ""intended_onset_ms"": 821009.196, ""actual_onset_global_ms"": 821095.649, ""actual_offset_global_ms"": 823603.965, ""actual_duration_ms"": 2508.316}, {""stage_name"": ""delay"", ""planned_duration_ms"": 1000, ""intended_onset_ms"": 823603.965, ""actual_onset_global_ms"": 823604.654, ""actual_offset_global_ms"": 824625.894, ""actual_duration_ms"": 1021.24}, {""stage_name"": ""test_array"", ""planned_duration_ms"": 4000, ""intended_onset_ms"": 824625.894, ""actual_onset_global_ms"": 824696.056, ""actual_offset_global_ms"": 828023.725, ""actual_duration_ms"": 3327.669}, {""stage_name"": ""feedback"", ""planned_duration_ms"": 150, ""intended_onset_ms"": 828023.725, ""actual_onset_global_ms"": 828056.418, ""actual_offset_global_ms"": 828194.95, ""actual_duration_ms"": 138.532}]",correct.wav,828024.327,150.0,828524.327,,,,,,,,,,,,,,,,,,,,,,,,,,,,,,,,,,,,,,,,,,,,,,1.0,,,,,,,,,,,,,,2.0,change,1.0,"[-184.66, 75.56]","[[212.55, 54.88], [-184.66, 75.56]]","[""blue"", ""purple""]","[""blue"", ""green""]",purple,green,j,change,2.0,1.0
044,044_T1_20260518_150552,Control,T1,adaptive,hci_substudy_v2,1,telemetry_v4,change_detection,4,formal_cd,formal,1,1,9,formal,N3_same,1779087952,59.935,2026-05-18T15:19:57.400,0,0,0,1,838007.989,838030.998,,,,,s,,1,5764.093,,,,841607.989,841781.514,847573.273,4000,5791.759,847573.273,"[{""stage_name"": ""fixation"", ""planned_duration_ms"": 100, ""intended_onset_ms"": 838007.989, ""actual_onset_global_ms"": 838030.998, ""actual_offset_global_ms"": 838145.39, ""actual_duration_ms"": 114.392}, {""stage_name"": ""memory_array"", ""planned_duration_ms"": 2500, ""intended_onset_ms"": 838107.989, ""actual_onset_global_ms"": 838224.652, ""actual_offset_global_ms"": 840674.01, ""actual_duration_ms"": 2449.358}, {""stage_name"": ""delay"", ""planned_duration_ms"": 1000, ""intended_onset_ms"": 840674.01, ""actual_onset_global_ms"": 840680.019, ""actual_offset_global_ms"": 841695.058, ""actual_duration_ms"": 1015.039}, {""stage_name"": ""test_array"", ""planned_duration_ms"": 4000, ""intended_onset_ms"": 841695.058, ""actual_onset_global_ms"": 841781.514, ""actual_offset_global_ms"": 847573.273, ""actual_duration_ms"": 5791.759}]",,,,,,,,,,,,,,,,,,,,,,,,,,,,,,,,,,,,,,,,,,,,,,,,,,1.0,,,,,,,,,,,,,,3.0,same,1.0,"[71.59, 228.53]","[[-160.75, 229.95], [71.59, 228.53], [156.0, -4.72]]","[""red"", ""blue"", ""yellow""]","[""red"", ""blue"", ""yellow""]",blue,blue,s,same,3.0,1.0
044,044_T1_20260518_150552,Control,T1,adaptive,hci_substudy_v2,1,telemetry_v4,change_detection,4,formal_cd,formal,1,2,10,formal,N1_change,1779087952,59.935,2026-05-18T15:20:06.971,0,0,0,1,847578.714,847618.314,,,,,j,,1,1896.312,,,,851178.714,851298.042,853225.59,4000,1927.548,853225.59,"[{""stage_name"": ""fixation"", ""planned_duration_ms"": 100, ""intended_onset_ms"": 847578.714, ""actual_onset_global_ms"": 847618.314, ""actual_offset_global_ms"": 847725.88, ""actual_duration_ms"": 107.566}, {""stage_name"": ""memory_array"", ""planned_duration_ms"": 2500, ""intended_onset_ms"": 847678.714, ""actual_onset_global_ms"": 847768.435, ""actual_offset_global_ms"": 850251.036, ""actual_duration_ms"": 2482.601}, {""stage_name"": ""delay"", ""planned_duration_ms"": 1000, ""intended_onset_ms"": 850251.036, ""actual_onset_global_ms"": 850257.812, ""actual_offset_global_ms"": 851253.714, ""actual_duration_ms"": 995.902}, {""stage_name"": ""test_array"", ""planned_duration_ms"": 4000, ""intended_onset_ms"": 851253.714, ""actual_onset_global_ms"": 851298.042, ""actual_offset_global_ms"": 853225.59, ""actual_duration_ms"": 1927.548}]",,,,,,,,,,,,,,,,,,,,,,,,,,,,,,,,,,,,,,,,,,,,,,,,,,1.0,,,,,,,,,,,,,,1.0,change,0.0,"[14.25, 249.83]","[[14.25, 249.83]]","[""green""]","[""yellow""]",green,yellow,j,change,1.0,1.0
044,044_T1_20260518_150552,Control,T1,adaptive,hci_substudy_v2,1,telemetry_v4,change_detection,4,formal_cd,formal,1,3,11,formal,N4_change,1779087952,59.935,2026-05-18T15:20:12.626,0,0,0,1,853234.652,853263.366,,,,,j,,1,3233.82,,,,856834.652,857053.395,860405.844,4000,3352.449,860405.844,"[{""stage_name"": ""fixation"", ""planned_duration_ms"": 100, ""intended_onset_ms"": 853234.652, ""actual_onset_global_ms"": 853263.366, ""actual_offset_global_ms"": 853379.508, ""actual_duration_ms"": 116.142}, {""stage_name"": ""memory_array"", ""planned_duration_ms"": 2500, ""intended_onset_ms"": 853334.652, ""actual_onset_global_ms"": 853496.67, ""actual_offset_global_ms"": 855942.998, ""actual_duration_ms"": 2446.328}, {""stage_name"": ""delay"", ""planned_duration_ms"": 1000, ""intended_onset_ms"": 855942.998, ""actual_onset_global_ms"": 855952.407, ""actual_offset_global_ms"": 856968.654, ""actual_duration_ms"": 1016.247}, {""stage_name"": ""test_array"", ""planned_duration_ms"": 4000, ""intended_onset_ms"": 856968.654, ""actual_onset_global_ms"": 857053.395, ""actual_offset_global_ms"": 860405.844, ""actual_duration_ms"": 3352.449}]",,,,,,,,,,,,,,,,,,,,,,,,,,,,,,,,,,,,,,,,,,,,,,,,,,1.0,,,,,,,,,,,,,,4.0,change,1.0,"[-221.12, 62.53]","[[-160.53, -43.2], [-221.12, 62.53], [127.47, -219.54], [255.93, -83.67]]","[""green"", ""purple"", ""yellow"", ""red""]","[""green"", ""blue"", ""yellow"", ""red""]",purple,blue,j,change,4.0,1.0
044,044_T1_20260518_150552,Control,T1,adaptive,hci_substudy_v2,1,telemetry_v4,change_detection,4,formal_cd,formal,1,4,12,formal,N2_change,1779087952,59.935,2026-05-18T15:20:19.805,0,0,0,1,860414.328,860446.609,,,,,j,,0,4657.837,,,,864014.328,864164.286,868868.045,4000,4703.759,868868.045,"[{""stage_name"": ""fixation"", ""planned_duration_ms"": 100, ""intended_onset_ms"": 860414.328, ""actual_onset_global_ms"": 860446.609, ""actual_offset_global_ms"": 860561.766, ""actual_duration_ms"": 115.157}, {""stage_name"": ""memory_array"", ""planned_duration_ms"": 2500, ""intended_onset_ms"": 860514.328, ""actual_onset_global_ms"": 860622.145, ""actual_offset_global_ms"": 863083.667, ""actual_duration_ms"": 2461.522}, {""stage_name"": ""delay"", ""planned_duration_ms"": 1000, ""intended_onset_ms"": 863083.667, ""actual_onset_global_ms"": 863092.291, ""actual_offset_global_ms"": 864112.856, ""actual_duration_ms"": 1020.565}, {""stage_name"": ""test_array"", ""planned_duration_ms"": 4000, ""intended_onset_ms"": 864112.856, ""actual_onset_global_ms"": 864164.286, ""actual_offset_global_ms"": 868868.045, ""actual_duration_ms"": 4703.759}]",,,,,,,,,,,,,,,,,,,,,,,,,,,,,,,,,,,,,,,,,,,,,,,,,,0.0,,,,,,,,,,,,,,2.0,change,0.0,"[-128.88, -146.4]","[[-128.88, -146.4], [224.86, 49.66]]","[""green"", ""red""]","[""purple"", ""red""]",green,purple,s,same,2.0,1.0
044,044_T1_20260518_150552,Control,T1,adaptive,hci_substudy_v2,1,telemetry_v4,change_detection,4,formal_cd,formal,1,5,13,formal,N1_same,1779087952,59.935,2026-05-18T15:20:28.269,0,0,0,1,868877.78,868906.821,,,,,s,,1,7429.03,,,,872477.78,872600.65,880084.901,4000,7484.251,880084.901,"[{""stage_name"": ""fixation"", ""planned_duration_ms"": 100, ""intended_onset_ms"": 868877.78, ""actual_onset_global_ms"": 868906.821, ""actual_offset_global_ms"": 869026.271, ""actual_duration_ms"": 119.45}, {""stage_name"": ""memory_array"", ""planned_duration_ms"": 2500, ""intended_onset_ms"": 868977.78, ""actual_onset_global_ms"": 869070.878, ""actual_offset_global_ms"": 871529.495, ""actual_duration_ms"": 2458.617}, {""stage_name"": ""delay"", ""planned_duration_ms"": 1000, ""intended_onset_ms"": 871529.495, ""actual_onset_global_ms"": 871539.657, ""actual_offset_global_ms"": 872552.106, ""actual_duration_ms"": 1012.449}, {""stage_name"": ""test_array"", ""planned_duration_ms"": 4000, ""intended_onset_ms"": 872552.106, ""actual_onset_global_ms"": 872600.65, ""actual_offset_global_ms"": 880084.901, ""actual_duration_ms"": 7484.251}]",,,,,,,,,,,,,,,,,,,,,,,,,,,,,,,,,,,,,,,,,,,,,,,,,,1.0,,,,,,,,,,,,,,1.0,same,0.0,"[168.62, 6.79]","[[168.62, 6.79]]","[""blue""]","[""blue""]",blue,blue,s,same,1.0,1.0
044,044_T1_20260518_150552,Control,T1,adaptive,hci_substudy_v2,1,telemetry_v4,change_detection,4,formal_cd,formal,1,6,14,formal,N4_change,1779087952,59.935,2026-05-18T15:20:39.484,0,0,0,1,880092.776,880119.435,,,,,j,,0,7371.38,,,,883692.776,883873.883,891352.471,4000,7478.588,891352.471,"[{""stage_name"": ""fixation"", ""planned_duration_ms"": 100, ""intended_onset_ms"": 880092.776, ""actual_onset_global_ms"": 880119.435, ""actual_offset_global_ms"": 880233.692, ""actual_duration_ms"": 114.257}, {""stage_name"": ""memory_array"", ""planned_duration_ms"": 2500, ""intended_onset_ms"": 880192.776, ""actual_onset_global_ms"": 880348.664, ""actual_offset_global_ms"": 882791.345, ""actual_duration_ms"": 2442.681}, {""stage_name"": ""delay"", ""planned_duration_ms"": 1000, ""intended_onset_ms"": 882791.345, ""actual_onset_global_ms"": 882792.924, ""actual_offset_global_ms"": 883796.173, ""actual_duration_ms"": 1003.249}, {""stage_name"": ""test_array"", ""planned_duration_ms"": 4000, ""intended_onset_ms"": 883796.173, ""actual_onset_global_ms"": 883873.883, ""actual_offset_global_ms"": 891352.471, ""actual_duration_ms"": 7478.588}]",,,,,,,,,,,,,,,,,,,,,,,,,,,,,,,,,,,,,,,,,,,,,,,,,,0.0,,,,,,,,,,,,,,4.0,change,2.0,"[-0.9, -223.61]","[[-88.6, -96.81], [168.64, -115.96], [-0.9, -223.61], [-209.08, 21.38]]","[""green"", ""red"", ""yellow"", ""blue""]","[""green"", ""red"", ""purple"", ""blue""]",yellow,purple,s,same,7.0,1.0
044,044_T1_20260518_150552,Control,T1,adaptive,hci_substudy_v2,1,telemetry_v4,change_detection,4,formal_cd,formal,1,7,15,formal,N4_same,1779087952,59.935,2026-05-18T15:20:50.754,0,0,0,1,891361.905,891390.844,,,,,s,,0,3302.464,,,,894961.905,895194.09,898629.221,4000,3435.131,898629.221,"[{""stage_name"": ""fixation"", ""planned_duration_ms"": 100, ""intended_onset_ms"": 891361.905, ""actual_onset_global_ms"": 891390.844, ""actual_offset_global_ms"": 891503.631, ""actual_duration_ms"": 112.787}, {""stage_name"": ""memory_array"", ""planned_duration_ms"": 2500, ""intended_onset_ms"": 891461.905, ""actual_onset_global_ms"": 891624.858, ""actual_offset_global_ms"": 894110.044, ""actual_duration_ms"": 2485.186}, {""stage_name"": ""delay"", ""planned_duration_ms"": 1000, ""intended_onset_ms"": 894110.044, ""actual_onset_global_ms"": 894114.512, ""actual_offset_global_ms"": 895112.785, ""actual_duration_ms"": 998.273}, {""stage_name"": ""test_array"", ""planned_duration_ms"": 4000, ""intended_onset_ms"": 895112.785, ""actual_onset_global_ms"": 895194.09, ""actual_offset_global_ms"": 898629.221, ""actual_duration_ms"": 3435.131}]",,,,,,,,,,,,,,,,,,,,,,,,,,,,,,,,,,,,,,,,,,,,,,,,,,0.0,,,,,,,,,,,,,,4.0,same,0.0,"[140.19, -186.41]","[[140.19, -186.41], [-150.39, -177.09], [-72.62, 224.79], [38.96, -232.01]]","[""red"", ""blue"", ""purple"", ""green""]","[""red"", ""blue"", ""purple"", ""green""]",red,red,j,change,5.0,1.0
044,044_T1_20260518_150552,Control,T1,adaptive,hci_substudy_v2,1,telemetry_v4,change_detection,4,formal_cd,formal,1,8,16,formal,N3_same,1779087952,59.935,2026-05-18T15:20:58.034,0,0,0,1,898642.607,898673.124,,,,,s,,1,9632.748,,,,902242.607,902466.914,912211.297,4000,9744.383,912211.297,"[{""stage_name"": ""fixation"", ""planned_duration_ms"": 100, ""intended_onset_ms"": 898642.607, ""actual_onset_global_ms"": 898673.124, ""actual_offset_global_ms"": 898786.234, ""actual_duration_ms"": 113.11}, {""stage_name"": ""memory_array"", ""planned_duration_ms"": 2500, ""intended_onset_ms"": 898742.607, ""actual_onset_global_ms"": 898880.241, ""actual_offset_global_ms"": 901383.047, ""actual_duration_ms"": 2502.806}, {""stage_name"": ""delay"", ""planned_duration_ms"": 1000, ""intended_onset_ms"": 901383.047, ""actual_onset_global_ms"": 901389.879, ""actual_offset_global_ms"": 902386.176, ""actual_duration_ms"": 996.297}, {""stage_name"": ""test_array"", ""planned_duration_ms"": 4000, ""intended_onset_ms"": 902386.176, ""actual_onset_global_ms"": 902466.914, ""actual_offset_global_ms"": 912211.297, ""actual_duration_ms"": 9744.383}]",,,,,,,,,,,,,,,,,,,,,,,,,,,,,,,,,,,,,,,,,,,,,,,,,,1.0,,,,,,,,,,,,,,3.0,same,0.0,"[213.7, -246.09]","[[213.7, -246.09], [155.07, -146.44], [-20.6, -192.07]]","[""blue"", ""yellow"", ""red""]","[""blue"", ""yellow"", ""red""]",blue,blue,s,same,4.0,1.0
044,044_T1_20260518_150552,Control,T1,adaptive,hci_substudy_v2,1,telemetry_v4,change_detection,4,formal_cd,formal,1,9,17,formal,N4_same,1779087952,59.935,2026-05-18T15:21:11.612,0,0,0,1,912220.294,912248.022,,,,,s,,0,9696.625,,,,915820.294,916016.709,925770.401,4000,9753.692,925770.401,"[{""stage_name"": ""fixation"", ""planned_duration_ms"": 100, ""intended_onset_ms"": 912220.294, ""actual_onset_global_ms"": 912248.022, ""actual_offset_global_ms"": 912367.423, ""actual_duration_ms"": 119.401}, {""stage_name"": ""memory_array"", ""planned_duration_ms"": 2500, ""intended_onset_ms"": 912320.294, ""actual_onset_global_ms"": 912485.915, ""actual_offset_global_ms"": 914872.136, ""actual_duration_ms"": 2386.221}, {""stage_name"": ""delay"", ""planned_duration_ms"": 1000, ""intended_onset_ms"": 914872.136, ""actual_onset_global_ms"": 914874.363, ""actual_offset_global_ms"": 915889.169, ""actual_duration_ms"": 1014.806}, {""stage_name"": ""test_array"", ""planned_duration_ms"": 4000, ""intended_onset_ms"": 915889.169, ""actual_onset_global_ms"": 916016.709, ""actual_offset_global_ms"": 925770.401, ""actual_duration_ms"": 9753.692}]",,,,,,,,,,,,,,,,,,,,,,,,,,,,,,,,,,,,,,,,,,,,,,,,,,0.0,,,,,,,,,,,,,,4.0,same,0.0,"[-164.58, -177.95]","[[-164.58, -177.95], [120.31, 244.98], [-97.8, 216.2], [-75.13, -251.87]]","[""red"", ""yellow"", ""green"", ""purple""]","[""red"", ""yellow"", ""green"", ""purple""]",red,red,j,change,4.0,1.0
044,044_T1_20260518_150552,Control,T1,adaptive,hci_substudy_v2,1,telemetry_v4,change_detection,4,formal_cd,formal,1,10,18,formal,N2_change,1779087952,59.935,2026-05-18T15:21:25.172,0,0,0,1,925780.537,925806.649,,,,,j,,1,2788.382,,,,929380.537,929551.248,932376.311,4000,2825.063,932376.311,"[{""stage_name"": ""fixation"", ""planned_duration_ms"": 100, ""intended_onset_ms"": 925780.537, ""actual_onset_global_ms"": 925806.649, ""actual_offset_global_ms"": 925915.867, ""actual_duration_ms"": 109.218}, {""stage_name"": ""memory_array"", ""planned_duration_ms"": 2500, ""intended_onset_ms"": 925880.537, ""actual_onset_global_ms"": 925972.864, ""actual_offset_global_ms"": 928466.586, ""actual_duration_ms"": 2493.722}, {""stage_name"": ""delay"", ""planned_duration_ms"": 1000, ""intended_onset_ms"": 928466.586, ""actual_onset_global_ms"": 928474.748, ""actual_offset_global_ms"": 929490.949, ""actual_duration_ms"": 1016.201}, {""stage_name"": ""test_array"", ""planned_duration_ms"": 4000, ""intended_onset_ms"": 929490.949, ""actual_onset_global_ms"": 929551.248, ""actual_offset_global_ms"": 932376.311, ""actual_duration_ms"": 2825.063}]",,,,,,,,,,,,,,,,,,,,,,,,,,,,,,,,,,,,,,,,,,,,,,,,,,1.0,,,,,,,,,,,,,,2.0,change,1.0,"[-69.7, 138.57]","[[-235.06, 187.96], [-69.7, 138.57]]","[""yellow"", ""red""]","[""yellow"", ""blue""]",red,blue,j,change,2.0,1.0
044,044_T1_20260518_150552,Control,T1,adaptive,hci_substudy_v2,1,telemetry_v4,change_detection,4,formal_cd,formal,1,11,19,formal,N3_change,1779087952,59.935,2026-05-18T15:21:31.777,0,0,0,1,932386.144,932418.965,,,,,j,,1,2408.544,,,,935986.144,936209.902,938706.748,4000,2496.846,938706.748,"[{""stage_name"": ""fixation"", ""planned_duration_ms"": 100, ""intended_onset_ms"": 932386.144, ""actual_onset_global_ms"": 932418.965, ""actual_offset_global_ms"": 932534.867, ""actual_duration_ms"": 115.902}, {""stage_name"": ""memory_array"", ""planned_duration_ms"": 2500, ""intended_onset_ms"": 932486.144, ""actual_onset_global_ms"": 932622.074, ""actual_offset_global_ms"": 935098.616, ""actual_duration_ms"": 2476.542}, {""stage_name"": ""delay"", ""planned_duration_ms"": 1000, ""intended_onset_ms"": 935098.616, ""actual_onset_global_ms"": 935104.877, ""actual_offset_global_ms"": 936113.99, ""actual_duration_ms"": 1009.113}, {""stage_name"": ""test_array"", ""planned_duration_ms"": 4000, ""intended_onset_ms"": 936113.99, ""actual_onset_global_ms"": 936209.902, ""actual_offset_global_ms"": 938706.748, ""actual_duration_ms"": 2496.846}]",,,,,,,,,,,,,,,,,,,,,,,,,,,,,,,,,,,,,,,,,,,,,,,,,,1.0,,,,,,,,,,,,,,3.0,change,2.0,"[12.6, 119.45]","[[151.93, 170.92], [119.55, 9.25], [12.6, 119.45]]","[""green"", ""yellow"", ""purple""]","[""green"", ""yellow"", ""blue""]",purple,blue,j,change,4.0,1.0
044,044_T1_20260518_150552,Control,T1,adaptive,hci_substudy_v2,1,telemetry_v4,change_detection,4,formal_cd,formal,1,12,20,formal,N4_same,1779087952,59.935,2026-05-18T15:21:38.106,0,0,0,1,938714.541,938740.65,,,,,s,,1,2555.68,,,,942314.541,942472.295,945133.38,4000,2661.085,945133.38,"[{""stage_name"": ""fixation"", ""planned_duration_ms"": 100, ""intended_onset_ms"": 938714.541, ""actual_onset_global_ms"": 938740.65, ""actual_offset_global_ms"": 938855.746, ""actual_duration_ms"": 115.096}, {""stage_name"": ""memory_array"", ""planned_duration_ms"": 2500, ""intended_onset_ms"": 938814.541, ""actual_onset_global_ms"": 938940.806, ""actual_offset_global_ms"": 941368.226, ""actual_duration_ms"": 2427.42}, {""stage_name"": ""delay"", ""planned_duration_ms"": 1000, ""intended_onset_ms"": 941368.226, ""actual_onset_global_ms"": 941370.083, ""actual_offset_global_ms"": 942388.916, ""actual_duration_ms"": 1018.833}, {""stage_name"": ""test_array"", ""planned_duration_ms"": 4000, ""intended_onset_ms"": 942388.916, ""actual_onset_global_ms"": 942472.295, ""actual_offset_global_ms"": 945133.38, ""actual_duration_ms"": 2661.085}]",,,,,,,,,,,,,,,,,,,,,,,,,,,,,,,,,,,,,,,,,,,,,,,,,,1.0,,,,,,,,,,,,,,4.0,same,3.0,"[-124.29, -94.65]","[[-239.71, -202.52], [61.0, -153.44], [-129.02, 125.93], [-124.29, -94.65]]","[""red"", ""yellow"", ""purple"", ""blue""]","[""red"", ""yellow"", ""purple"", ""blue""]",blue,blue,s,same,5.0,1.0
044,044_T1_20260518_150552,Control,T1,adaptive,hci_substudy_v2,1,telemetry_v4,change_detection,4,formal_cd,formal,1,13,21,formal,N1_same,1779087952,59.935,2026-05-18T15:21:44.531,0,0,0,1,945139.843,945166.922,,,,,s,,1,6380.613,,,,948739.843,948868.4,955316.349,4000,6447.949,955316.349,"[{""stage_name"": ""fixation"", ""planned_duration_ms"": 100, ""intended_onset_ms"": 945139.843, ""actual_onset_global_ms"": 945166.922, ""actual_offset_global_ms"": 945280.268, ""actual_duration_ms"": 113.346}, {""stage_name"": ""memory_array"", ""planned_duration_ms"": 2500, ""intended_onset_ms"": 945239.843, ""actual_onset_global_ms"": 945325.627, ""actual_offset_global_ms"": 947806.967, ""actual_duration_ms"": 2481.34}, {""stage_name"": ""delay"", ""planned_duration_ms"": 1000, ""intended_onset_ms"": 947806.967, ""actual_onset_global_ms"": 947810.051, ""actual_offset_global_ms"": 948822.149, ""actual_duration_ms"": 1012.098}, {""stage_name"": ""test_array"", ""planned_duration_ms"": 4000, ""intended_onset_ms"": 948822.149, ""actual_onset_global_ms"": 948868.4, ""actual_offset_global_ms"": 955316.349, ""actual_duration_ms"": 6447.949}]",,,,,,,,,,,,,,,,,,,,,,,,,,,,,,,,,,,,,,,,,,,,,,,,,,1.0,,,,,,,,,,,,,,1.0,same,0.0,"[-42.6, 139.07]","[[-42.6, 139.07]]","[""red""]","[""red""]",red,red,s,same,1.0,1.0
044,044_T1_20260518_150552,Control,T1,adaptive,hci_substudy_v2,1,telemetry_v4,change_detection,4,formal_cd,formal,1,14,22,formal,N4_same,1779087952,59.935,2026-05-18T15:21:54.720,0,0,0,1,955328.43,955354.779,,,,,s,,1,1756.722,,,,958928.43,959092.436,960897.505,4000,1805.069,960897.505,"[{""stage_name"": ""fixation"", ""planned_duration_ms"": 100, ""intended_onset_ms"": 955328.43, ""actual_onset_global_ms"": 955354.779, ""actual_offset_global_ms"": 955467.887, ""actual_duration_ms"": 113.108}, {""stage_name"": ""memory_array"", ""planned_duration_ms"": 2500, ""intended_onset_ms"": 955428.43, ""actual_onset_global_ms"": 955578.626, ""actual_offset_global_ms"": 958000.803, ""actual_duration_ms"": 2422.177}, {""stage_name"": ""delay"", ""planned_duration_ms"": 1000, ""intended_onset_ms"": 958000.803, ""actual_onset_global_ms"": 958001.502, ""actual_offset_global_ms"": 959003.721, ""actual_duration_ms"": 1002.219}, {""stage_name"": ""test_array"", ""planned_duration_ms"": 4000, ""intended_onset_ms"": 959003.721, ""actual_onset_global_ms"": 959092.436, ""actual_offset_global_ms"": 960897.505, ""actual_duration_ms"": 1805.069}]",,,,,,,,,,,,,,,,,,,,,,,,,,,,,,,,,,,,,,,,,,,,,,,,,,1.0,,,,,,,,,,,,,,4.0,same,2.0,"[41.29, 125.94]","[[93.21, -207.59], [-28.6, -146.08], [41.29, 125.94], [171.63, 35.0]]","[""blue"", ""red"", ""green"", ""purple""]","[""blue"", ""red"", ""green"", ""purple""]",green,green,s,same,9.0,1.0
044,044_T1_20260518_150552,Control,T1,adaptive,hci_substudy_v2,1,telemetry_v4,change_detection,4,formal_cd,formal,1,15,23,formal,N1_change,1779087952,59.935,2026-05-18T15:22:00.294,0,0,0,1,960903.29,960929.856,,,,,j,,1,5001.995,,,,964503.29,964653.188,969690.881,4000,5037.693,969690.881,"[{""stage_name"": ""fixation"", ""planned_duration_ms"": 100, ""intended_onset_ms"": 960903.29, ""actual_onset_global_ms"": 960929.856, ""actual_offset_global_ms"": 961043.118, ""actual_duration_ms"": 113.262}, {""stage_name"": ""memory_array"", ""planned_duration_ms"": 2500, ""intended_onset_ms"": 961003.29, ""actual_onset_global_ms"": 961084.348, ""actual_offset_global_ms"": 963592.548, ""actual_duration_ms"": 2508.2}, {""stage_name"": ""delay"", ""planned_duration_ms"": 1000, ""intended_onset_ms"": 963592.548, ""actual_onset_global_ms"": 963602.319, ""actual_offset_global_ms"": 964607.248, ""actual_duration_ms"": 1004.929}, {""stage_name"": ""test_array"", ""planned_duration_ms"": 4000, ""intended_onset_ms"": 964607.248, ""actual_onset_global_ms"": 964653.188, ""actual_offset_global_ms"": 969690.881, ""actual_duration_ms"": 5037.693}]",,,,,,,,,,,,,,,,,,,,,,,,,,,,,,,,,,,,,,,,,,,,,,,,,,1.0,,,,,,,,,,,,,,1.0,change,0.0,"[-167.24, 197.51]","[[-167.24, 197.51]]","[""purple""]","[""red""]",purple,red,j,change,1.0,1.0
044,044_T1_20260518_150552,Control,T1,adaptive,hci_substudy_v2,1,telemetry_v4,change_detection,4,formal_cd,formal,1,16,24,formal,N4_change,1779087952,59.935,2026-05-18T15:22:09.091,0,0,0,1,969700.407,969731.011,,,,,j,,0,2455.465,,,,973300.407,973511.272,976058.337,4000,2547.065,976058.337,"[{""stage_name"": ""fixation"", ""planned_duration_ms"": 100, ""intended_onset_ms"": 969700.407, ""actual_onset_global_ms"": 969731.011, ""actual_offset_global_ms"": 969842.926, ""actual_duration_ms"": 111.915}, {""stage_name"": ""memory_array"", ""planned_duration_ms"": 2500, ""intended_onset_ms"": 969800.407, ""actual_onset_global_ms"": 969961.529, ""actual_offset_global_ms"": 972375.316, ""actual_duration_ms"": 2413.787}, {""stage_name"": ""delay"", ""planned_duration_ms"": 1000, ""intended_onset_ms"": 972375.316, ""actual_onset_global_ms"": 972381.986, ""actual_offset_global_ms"": 973385.368, ""actual_duration_ms"": 1003.382}, {""stage_name"": ""test_array"", ""planned_duration_ms"": 4000, ""intended_onset_ms"": 973385.368, ""actual_onset_global_ms"": 973511.272, ""actual_offset_global_ms"": 976058.337, ""actual_duration_ms"": 2547.065}]",,,,,,,,,,,,,,,,,,,,,,,,,,,,,,,,,,,,,,,,,,,,,,,,,,0.0,,,,,,,,,,,,,,4.0,change,0.0,"[84.51, -76.26]","[[84.51, -76.26], [-98.22, -97.96], [166.29, 225.28], [-115.55, -236.21]]","[""yellow"", ""green"", ""purple"", ""blue""]","[""red"", ""green"", ""purple"", ""blue""]",yellow,red,s,same,5.0,1.0
044,044_T1_20260518_150552,Control,T1,adaptive,hci_substudy_v2,1,telemetry_v4,change_detection,4,formal_cd,formal,1,17,25,formal,N2_same,1779087952,59.935,2026-05-18T15:22:15.456,0,0,0,1,976064.413,976083.518,,,,,s,,0,3175.282,,,,979664.413,979846.806,983108.731,4000,3261.925,983108.731,"[{""stage_name"": ""fixation"", ""planned_duration_ms"": 100, ""intended_onset_ms"": 976064.413, ""actual_onset_global_ms"": 976083.518, ""actual_offset_global_ms"": 976199.986, ""actual_duration_ms"": 116.468}, {""stage_name"": ""memory_array"", ""planned_duration_ms"": 2500, ""intended_onset_ms"": 976164.413, ""actual_onset_global_ms"": 976258.323, ""actual_offset_global_ms"": 978756.923, ""actual_duration_ms"": 2498.6}, {""stage_name"": ""delay"", ""planned_duration_ms"": 1000, ""intended_onset_ms"": 978756.923, ""actual_onset_global_ms"": 978764.489, ""actual_offset_global_ms"": 979779.403, ""actual_duration_ms"": 1014.914}, {""stage_name"": ""test_array"", ""planned_duration_ms"": 4000, ""intended_onset_ms"": 979779.403, ""actual_onset_global_ms"": 979846.806, ""actual_offset_global_ms"": 983108.731, ""actual_duration_ms"": 3261.925}]",,,,,,,,,,,,,,,,,,,,,,,,,,,,,,,,,,,,,,,,,,,,,,,,,,0.0,,,,,,,,,,,,,,2.0,same,1.0,"[-105.64, -115.79]","[[222.6, 192.56], [-105.64, -115.79]]","[""blue"", ""yellow""]","[""blue"", ""yellow""]",yellow,yellow,j,change,3.0,1.0
044,044_T1_20260518_150552,Control,T1,adaptive,hci_substudy_v2,1,telemetry_v4,change_detection,4,formal_cd,formal,1,18,26,formal,N3_change,1779087952,59.935,2026-05-18T15:22:22.508,0,0,0,1,983116.856,983146.158,,,,,j,,1,2938.639,,,,986716.856,986910.493,989881.409,4000,2970.916,989881.409,"[{""stage_name"": ""fixation"", ""planned_duration_ms"": 100, ""intended_onset_ms"": 983116.856, ""actual_onset_global_ms"": 983146.158, ""actual_offset_global_ms"": 983261.842, ""actual_duration_ms"": 115.684}, {""stage_name"": ""memory_array"", ""planned_duration_ms"": 2500, ""intended_onset_ms"": 983216.856, ""actual_onset_global_ms"": 983335.408, ""actual_offset_global_ms"": 985811.322, ""actual_duration_ms"": 2475.914}, {""stage_name"": ""delay"", ""planned_duration_ms"": 1000, ""intended_onset_ms"": 985811.322, ""actual_onset_global_ms"": 985812.628, ""actual_offset_global_ms"": 986832.432, ""actual_duration_ms"": 1019.804}, {""stage_name"": ""test_array"", ""planned_duration_ms"": 4000, ""intended_onset_ms"": 986832.432, ""actual_onset_global_ms"": 986910.493, ""actual_offset_global_ms"": 989881.409, ""actual_duration_ms"": 2970.916}]",,,,,,,,,,,,,,,,,,,,,,,,,,,,,,,,,,,,,,,,,,,,,,,,,,1.0,,,,,,,,,,,,,,3.0,change,0.0,"[45.31, -81.6]","[[45.31, -81.6], [86.36, 152.63], [-107.1, -228.65]]","[""blue"", ""yellow"", ""green""]","[""purple"", ""yellow"", ""green""]",blue,purple,j,change,3.0,1.0
044,044_T1_20260518_150552,Control,T1,adaptive,hci_substudy_v2,1,telemetry_v4,change_detection,4,formal_cd,formal,1,19,27,formal,N4_change,1779087952,59.935,2026-05-18T15:22:29.284,0,0,0,1,989892.038,989920.989,,,,,j,,1,4817.434,,,,993492.038,993786.713,998676.595,4000,4889.882,998676.595,"[{""stage_name"": ""fixation"", ""planned_duration_ms"": 100, ""intended_onset_ms"": 989892.038, ""actual_onset_global_ms"": 989920.989, ""actual_offset_global_ms"": 990041.439, ""actual_duration_ms"": 120.45}, {""stage_name"": ""memory_array"", ""planned_duration_ms"": 2500, ""intended_onset_ms"": 989992.038, ""actual_onset_global_ms"": 990129.165, ""actual_offset_global_ms"": 992693.641, ""actual_duration_ms"": 2564.476}, {""stage_name"": ""delay"", ""planned_duration_ms"": 1000, ""intended_onset_ms"": 992693.641, ""actual_onset_global_ms"": 992703.611, ""actual_offset_global_ms"": 993701.033, ""actual_duration_ms"": 997.422}, {""stage_name"": ""test_array"", ""planned_duration_ms"": 4000, ""intended_onset_ms"": 993701.033, ""actual_onset_global_ms"": 993786.713, ""actual_offset_global_ms"": 998676.595, ""actual_duration_ms"": 4889.882}]",,,,,,,,,,,,,,,,,,,,,,,,,,,,,,,,,,,,,,,,,,,,,,,,,,1.0,,,,,,,,,,,,,,4.0,change,1.0,"[219.32, -221.96]","[[-179.57, -194.04], [219.32, -221.96], [98.14, -57.12], [6.92, 147.84]]","[""red"", ""purple"", ""yellow"", ""blue""]","[""red"", ""green"", ""yellow"", ""blue""]",purple,green,j,change,6.0,1.0
044,044_T1_20260518_150552,Control,T1,adaptive,hci_substudy_v2,1,telemetry_v4,change_detection,4,formal_cd,formal,1,20,28,formal,N3_same,1779087952,59.935,2026-05-18T15:22:38.076,0,0,0,1,998684.594,998712.274,,,,,s,,1,1826.063,,,,1002284.594,1002465.604,1004363.58,4000,1897.976,1004363.58,"[{""stage_name"": ""fixation"", ""planned_duration_ms"": 100, ""intended_onset_ms"": 998684.594, ""actual_onset_global_ms"": 998712.274, ""actual_offset_global_ms"": 998821.377, ""actual_duration_ms"": 109.103}, {""stage_name"": ""memory_array"", ""planned_duration_ms"": 2500, ""intended_onset_ms"": 998784.594, ""actual_onset_global_ms"": 998915.272, ""actual_offset_global_ms"": 1001389.336, ""actual_duration_ms"": 2474.064}, {""stage_name"": ""delay"", ""planned_duration_ms"": 1000, ""intended_onset_ms"": 1001389.336, ""actual_onset_global_ms"": 1001400.57, ""actual_offset_global_ms"": 1002413.216, ""actual_duration_ms"": 1012.646}, {""stage_name"": ""test_array"", ""planned_duration_ms"": 4000, ""intended_onset_ms"": 1002413.216, ""actual_onset_global_ms"": 1002465.604, ""actual_offset_global_ms"": 1004363.58, ""actual_duration_ms"": 1897.976}]",,,,,,,,,,,,,,,,,,,,,,,,,,,,,,,,,,,,,,,,,,,,,,,,,,1.0,,,,,,,,,,,,,,3.0,same,0.0,"[12.02, 232.07]","[[12.02, 232.07], [128.3, -103.71], [12.78, -118.43]]","[""purple"", ""green"", ""yellow""]","[""purple"", ""green"", ""yellow""]",purple,purple,s,same,5.0,1.0
044,044_T1_20260518_150552,Control,T1,adaptive,hci_substudy_v2,1,telemetry_v4,change_detection,4,formal_cd,formal,1,21,29,formal,N1_change,1779087952,59.935,2026-05-18T15:22:43.766,0,0,0,1,1004374.304,1004401.183,,,,,j,,1,1970.486,,,,1007974.304,1008131.973,1010179.474,4000,2047.501,1010179.474,"[{""stage_name"": ""fixation"", ""planned_duration_ms"": 100, ""intended_onset_ms"": 1004374.304, ""actual_onset_global_ms"": 1004401.183, ""actual_offset_global_ms"": 1004522.69, ""actual_duration_ms"": 121.507}, {""stage_name"": ""memory_array"", ""planned_duration_ms"": 2500, ""intended_onset_ms"": 1004474.304, ""actual_onset_global_ms"": 1004569.599, ""actual_offset_global_ms"": 1007071.472, ""actual_duration_ms"": 2501.873}, {""stage_name"": ""delay"", ""planned_duration_ms"": 1000, ""intended_onset_ms"": 1007071.472, ""actual_onset_global_ms"": 1007079.331, ""actual_offset_global_ms"": 1008086.597, ""actual_duration_ms"": 1007.266}, {""stage_name"": ""test_array"", ""planned_duration_ms"": 4000, ""intended_onset_ms"": 1008086.597, ""actual_onset_global_ms"": 1008131.973, ""actual_offset_global_ms"": 1010179.474, ""actual_duration_ms"": 2047.501}]",,,,,,,,,,,,,,,,,,,,,,,,,,,,,,,,,,,,,,,,,,,,,,,,,,1.0,,,,,,,,,,,,,,1.0,change,0.0,"[57.38, 176.16]","[[57.38, 176.16]]","[""purple""]","[""yellow""]",purple,yellow,j,change,1.0,1.0
044,044_T1_20260518_150552,Control,T1,adaptive,hci_substudy_v2,1,telemetry_v4,change_detection,4,formal_cd,formal,1,22,30,formal,N2_change,1779087952,59.935,2026-05-18T15:22:49.583,0,0,0,1,1010191.309,1010222.519,,,,,j,,1,1866.31,,,,1013791.309,1013911.694,1015821.824,4000,1910.13,1015821.824,"[{""stage_name"": ""fixation"", ""planned_duration_ms"": 100, ""intended_onset_ms"": 1010191.309, ""actual_onset_global_ms"": 1010222.519, ""actual_offset_global_ms"": 1010333.523, ""actual_duration_ms"": 111.004}, {""stage_name"": ""memory_array"", ""planned_duration_ms"": 2500, ""intended_onset_ms"": 1010291.309, ""actual_onset_global_ms"": 1010382.941, ""actual_offset_global_ms"": 1012838.136, ""actual_duration_ms"": 2455.195}, {""stage_name"": ""delay"", ""planned_duration_ms"": 1000, ""intended_onset_ms"": 1012838.136, ""actual_onset_global_ms"": 1012847.148, ""actual_offset_global_ms"": 1013847.649, ""actual_duration_ms"": 1000.501}, {""stage_name"": ""test_array"", ""planned_duration_ms"": 4000, ""intended_onset_ms"": 1013847.649, ""actual_onset_global_ms"": 1013911.694, ""actual_offset_global_ms"": 1015821.824, ""actual_duration_ms"": 1910.13}]",,,,,,,,,,,,,,,,,,,,,,,,,,,,,,,,,,,,,,,,,,,,,,,,,,1.0,,,,,,,,,,,,,,2.0,change,0.0,"[131.56, 246.05]","[[131.56, 246.05], [24.96, 190.03]]","[""green"", ""yellow""]","[""blue"", ""yellow""]",green,blue,j,change,4.0,1.0
044,044_T1_20260518_150552,Control,T1,adaptive,hci_substudy_v2,1,telemetry_v4,change_detection,4,formal_cd,formal,1,23,31,formal,N3_same,1779087952,59.935,2026-05-18T15:22:55.218,0,0,0,1,1015826.829,1015850.812,,,,,s,,1,4453.323,,,,1019426.829,1019568.144,1024044.8,4000,4476.656,1024044.8,"[{""stage_name"": ""fixation"", ""planned_duration_ms"": 100, ""intended_onset_ms"": 1015826.829, ""actual_onset_global_ms"": 1015850.812, ""actual_offset_global_ms"": 1015952.444, ""actual_duration_ms"": 101.632}, {""stage_name"": ""memory_array"", ""planned_duration_ms"": 2500, ""intended_onset_ms"": 1015926.829, ""actual_onset_global_ms"": 1016041.619, ""actual_offset_global_ms"": 1018480.035, ""actual_duration_ms"": 2438.416}, {""stage_name"": ""delay"", ""planned_duration_ms"": 1000, ""intended_onset_ms"": 1018480.035, ""actual_onset_global_ms"": 1018485.739, ""actual_offset_global_ms"": 1019483.112, ""actual_duration_ms"": 997.373}, {""stage_name"": ""test_array"", ""planned_duration_ms"": 4000, ""intended_onset_ms"": 1019483.112, ""actual_onset_global_ms"": 1019568.144, ""actual_offset_global_ms"": 1024044.8, ""actual_duration_ms"": 4476.656}]",,,,,,,,,,,,,,,,,,,,,,,,,,,,,,,,,,,,,,,,,,,,,,,,,,1.0,,,,,,,,,,,,,,3.0,same,1.0,"[148.98, -163.56]","[[89.35, 80.57], [148.98, -163.56], [-68.06, -159.23]]","[""red"", ""blue"", ""purple""]","[""red"", ""blue"", ""purple""]",blue,blue,s,same,6.0,1.0
044,044_T1_20260518_150552,Control,T1,adaptive,hci_substudy_v2,1,telemetry_v4,change_detection,4,formal_cd,formal,1,24,32,formal,N2_same,1779087952,59.935,2026-05-18T15:23:03.449,0,0,0,1,1024057.084,1024087.066,,,,,s,,1,1329.837,,,,1027657.084,1027818.106,1029225.143,4000,1407.037,1029225.143,"[{""stage_name"": ""fixation"", ""planned_duration_ms"": 100, ""intended_onset_ms"": 1024057.084, ""actual_onset_global_ms"": 1024087.066, ""actual_offset_global_ms"": 1024204.117, ""actual_duration_ms"": 117.051}, {""stage_name"": ""memory_array"", ""planned_duration_ms"": 2500, ""intended_onset_ms"": 1024157.084, ""actual_onset_global_ms"": 1024272.602, ""actual_offset_global_ms"": 1026751.522, ""actual_duration_ms"": 2478.92}, {""stage_name"": ""delay"", ""planned_duration_ms"": 1000, ""intended_onset_ms"": 1026751.522, ""actual_onset_global_ms"": 1026759.293, ""actual_offset_global_ms"": 1027762.777, ""actual_duration_ms"": 1003.484}, {""stage_name"": ""test_array"", ""planned_duration_ms"": 4000, ""intended_onset_ms"": 1027762.777, ""actual_onset_global_ms"": 1027818.106, ""actual_offset_global_ms"": 1029225.143, ""actual_duration_ms"": 1407.037}]",,,,,,,,,,,,,,,,,,,,,,,,,,,,,,,,,,,,,,,,,,,,,,,,,,1.0,,,,,,,,,,,,,,2.0,same,1.0,"[209.36, -191.13]","[[158.5, 135.49], [209.36, -191.13]]","[""yellow"", ""blue""]","[""yellow"", ""blue""]",blue,blue,s,same,6.0,1.0
044,044_T1_20260518_150552,Control,T1,adaptive,hci_substudy_v2,1,telemetry_v4,change_detection,4,formal_cd,formal,1,25,33,formal,N3_same,1779087952,59.935,2026-05-18T15:23:08.629,0,0,0,1,1029237.619,1029267.249,,,,,s,,1,5016.286,,,,1032837.619,1032954.681,1037999.414,4000,5044.733,1037999.414,"[{""stage_name"": ""fixation"", ""planned_duration_ms"": 100, ""intended_onset_ms"": 1029237.619, ""actual_onset_global_ms"": 1029267.249, ""actual_offset_global_ms"": 1029371.227, ""actual_duration_ms"": 103.978}, {""stage_name"": ""memory_array"", ""planned_duration_ms"": 2500, ""intended_onset_ms"": 1029337.619, ""actual_onset_global_ms"": 1029458.466, ""actual_offset_global_ms"": 1031874.808, ""actual_duration_ms"": 2416.342}, {""stage_name"": ""delay"", ""planned_duration_ms"": 1000, ""intended_onset_ms"": 1031874.808, ""actual_onset_global_ms"": 1031873.944, ""actual_offset_global_ms"": 1032888.557, ""actual_duration_ms"": 1014.613}, {""stage_name"": ""test_array"", ""planned_duration_ms"": 4000, ""intended_onset_ms"": 1032888.557, ""actual_onset_global_ms"": 1032954.681, ""actual_offset_global_ms"": 1037999.414, ""actual_duration_ms"": 5044.733}]",,,,,,,,,,,,,,,,,,,,,,,,,,,,,,,,,,,,,,,,,,,,,,,,,,1.0,,,,,,,,,,,,,,3.0,same,2.0,"[-13.0, 234.13]","[[185.45, -63.62], [-164.39, -99.97], [-13.0, 234.13]]","[""purple"", ""green"", ""blue""]","[""purple"", ""green"", ""blue""]",blue,blue,s,same,4.0,1.0
044,044_T1_20260518_150552,Control,T1,adaptive,hci_substudy_v2,1,telemetry_v4,change_detection,4,formal_cd,formal,1,26,34,formal,N2_change,1779087952,59.935,2026-05-18T15:23:17.401,0,0,0,1,1038009.463,1038039.404,,,,,j,,1,2163.426,,,,1041609.463,1041813.317,1044003.074,4000,2189.757,1044003.074,"[{""stage_name"": ""fixation"", ""planned_duration_ms"": 100, ""intended_onset_ms"": 1038009.463, ""actual_onset_global_ms"": 1038039.404, ""actual_offset_global_ms"": 1038156.537, ""actual_duration_ms"": 117.133}, {""stage_name"": ""memory_array"", ""planned_duration_ms"": 2500, ""intended_onset_ms"": 1038109.463, ""actual_onset_global_ms"": 1038213.078, ""actual_offset_global_ms"": 1040732.289, ""actual_duration_ms"": 2519.211}, {""stage_name"": ""delay"", ""planned_duration_ms"": 1000, ""intended_onset_ms"": 1040732.289, ""actual_onset_global_ms"": 1040740.331, ""actual_offset_global_ms"": 1041751.95, ""actual_duration_ms"": 1011.619}, {""stage_name"": ""test_array"", ""planned_duration_ms"": 4000, ""intended_onset_ms"": 1041751.95, ""actual_onset_global_ms"": 1041813.317, ""actual_offset_global_ms"": 1044003.074, ""actual_duration_ms"": 2189.757}]",,,,,,,,,,,,,,,,,,,,,,,,,,,,,,,,,,,,,,,,,,,,,,,,,,1.0,,,,,,,,,,,,,,2.0,change,0.0,"[-246.88, -44.74]","[[-246.88, -44.74], [135.85, 49.26]]","[""purple"", ""blue""]","[""red"", ""blue""]",purple,red,j,change,3.0,1.0
044,044_T1_20260518_150552,Control,T1,adaptive,hci_substudy_v2,1,telemetry_v4,change_detection,4,formal_cd,formal,1,27,35,formal,N2_same,1779087952,59.935,2026-05-18T15:23:23.402,0,0,0,1,1044010.875,1044038.441,,,,,s,,0,2338.47,,,,1047610.875,1047782.189,1050169.262,4000,2387.073,1050169.262,"[{""stage_name"": ""fixation"", ""planned_duration_ms"": 100, ""intended_onset_ms"": 1044010.875, ""actual_onset_global_ms"": 1044038.441, ""actual_offset_global_ms"": 1044153.411, ""actual_duration_ms"": 114.97}, {""stage_name"": ""memory_array"", ""planned_duration_ms"": 2500, ""intended_onset_ms"": 1044110.875, ""actual_onset_global_ms"": 1044223.688, ""actual_offset_global_ms"": 1046717.323, ""actual_duration_ms"": 2493.635}, {""stage_name"": ""delay"", ""planned_duration_ms"": 1000, ""intended_onset_ms"": 1046717.323, ""actual_onset_global_ms"": 1046722.482, ""actual_offset_global_ms"": 1047730.428, ""actual_duration_ms"": 1007.946}, {""stage_name"": ""test_array"", ""planned_duration_ms"": 4000, ""intended_onset_ms"": 1047730.428, ""actual_onset_global_ms"": 1047782.189, ""actual_offset_global_ms"": 1050169.262, ""actual_duration_ms"": 2387.073}]",,,,,,,,,,,,,,,,,,,,,,,,,,,,,,,,,,,,,,,,,,,,,,,,,,0.0,,,,,,,,,,,,,,2.0,same,1.0,"[-242.79, 79.99]","[[160.17, -2.06], [-242.79, 79.99]]","[""purple"", ""blue""]","[""purple"", ""blue""]",blue,blue,j,change,2.0,1.0
044,044_T1_20260518_150552,Control,T1,adaptive,hci_substudy_v2,1,telemetry_v4,change_detection,4,formal_cd,formal,1,28,36,formal,N4_change,1779087952,59.935,2026-05-18T15:23:29.566,0,0,0,1,1050174.281,1050198.491,,,,,j,,1,3696.721,,,,1053774.281,1053958.397,1057735.268,4000,3776.871,1057735.268,"[{""stage_name"": ""fixation"", ""planned_duration_ms"": 100, ""intended_onset_ms"": 1050174.281, ""actual_onset_global_ms"": 1050198.491, ""actual_offset_global_ms"": 1050313.49, ""actual_duration_ms"": 114.999}, {""stage_name"": ""memory_array"", ""planned_duration_ms"": 2500, ""intended_onset_ms"": 1050274.281, ""actual_onset_global_ms"": 1050402.704, ""actual_offset_global_ms"": 1052847.606, ""actual_duration_ms"": 2444.902}, {""stage_name"": ""delay"", ""planned_duration_ms"": 1000, ""intended_onset_ms"": 1052847.606, ""actual_onset_global_ms"": 1052848.065, ""actual_offset_global_ms"": 1053850.008, ""actual_duration_ms"": 1001.943}, {""stage_name"": ""test_array"", ""planned_duration_ms"": 4000, ""intended_onset_ms"": 1053850.008, ""actual_onset_global_ms"": 1053958.397, ""actual_offset_global_ms"": 1057735.268, ""actual_duration_ms"": 3776.871}]",,,,,,,,,,,,,,,,,,,,,,,,,,,,,,,,,,,,,,,,,,,,,,,,,,1.0,,,,,,,,,,,,,,4.0,change,0.0,"[-170.7, 141.74]","[[-170.7, 141.74], [130.7, 69.54], [-93.69, -91.37], [112.08, 170.18]]","[""yellow"", ""red"", ""purple"", ""blue""]","[""green"", ""red"", ""purple"", ""blue""]",yellow,green,j,change,5.0,1.0
044,044_T1_20260518_150552,Control,T1,adaptive,hci_substudy_v2,1,telemetry_v4,change_detection,4,formal_cd,formal,1,29,37,formal,N4_change,1779087952,59.935,2026-05-18T15:23:37.134,0,0,0,1,1057742.261,1057764.95,,,,,j,,1,2745.093,,,,1061342.261,1061594.639,1064417.819,4000,2823.18,1064417.819,"[{""stage_name"": ""fixation"", ""planned_duration_ms"": 100, ""intended_onset_ms"": 1057742.261, ""actual_onset_global_ms"": 1057764.95, ""actual_offset_global_ms"": 1057877.844, ""actual_duration_ms"": 112.894}, {""stage_name"": ""memory_array"", ""planned_duration_ms"": 2500, ""intended_onset_ms"": 1057842.261, ""actual_onset_global_ms"": 1057978.826, ""actual_offset_global_ms"": 1060499.503, ""actual_duration_ms"": 2520.677}, {""stage_name"": ""delay"", ""planned_duration_ms"": 1000, ""intended_onset_ms"": 1060499.503, ""actual_onset_global_ms"": 1060504.52, ""actual_offset_global_ms"": 1061511.362, ""actual_duration_ms"": 1006.842}, {""stage_name"": ""test_array"", ""planned_duration_ms"": 4000, ""intended_onset_ms"": 1061511.362, ""actual_onset_global_ms"": 1061594.639, ""actual_offset_global_ms"": 1064417.819, ""actual_duration_ms"": 2823.18}]",,,,,,,,,,,,,,,,,,,,,,,,,,,,,,,,,,,,,,,,,,,,,,,,,,1.0,,,,,,,,,,,,,,4.0,change,2.0,"[208.63, 65.47]","[[76.43, -77.33], [-129.05, 237.53], [208.63, 65.47], [50.34, -223.65]]","[""purple"", ""yellow"", ""green"", ""red""]","[""purple"", ""yellow"", ""blue"", ""red""]",green,blue,j,change,6.0,1.0
044,044_T1_20260518_150552,Control,T1,adaptive,hci_substudy_v2,1,telemetry_v4,change_detection,4,formal_cd,formal,1,30,38,formal,N1_same,1779087952,59.935,2026-05-18T15:23:43.820,0,0,0,1,1064428.717,1064461.575,,,,,s,,0,1867.844,,,,1068028.717,1068148.276,1070052.451,4000,1904.175,1070052.451,"[{""stage_name"": ""fixation"", ""planned_duration_ms"": 100, ""intended_onset_ms"": 1064428.717, ""actual_onset_global_ms"": 1064461.575, ""actual_offset_global_ms"": 1064578.495, ""actual_duration_ms"": 116.92}, {""stage_name"": ""memory_array"", ""planned_duration_ms"": 2500, ""intended_onset_ms"": 1064528.717, ""actual_onset_global_ms"": 1064620.665, ""actual_offset_global_ms"": 1067106.311, ""actual_duration_ms"": 2485.646}, {""stage_name"": ""delay"", ""planned_duration_ms"": 1000, ""intended_onset_ms"": 1067106.311, ""actual_onset_global_ms"": 1067115.373, ""actual_offset_global_ms"": 1068108.864, ""actual_duration_ms"": 993.491}, {""stage_name"": ""test_array"", ""planned_duration_ms"": 4000, ""intended_onset_ms"": 1068108.864, ""actual_onset_global_ms"": 1068148.276, ""actual_offset_global_ms"": 1070052.451, ""actual_duration_ms"": 1904.175}]",,,,,,,,,,,,,,,,,,,,,,,,,,,,,,,,,,,,,,,,,,,,,,,,,,0.0,,,,,,,,,,,,,,1.0,same,0.0,"[-3.68, 171.44]","[[-3.68, 171.44]]","[""blue""]","[""blue""]",blue,blue,j,change,1.0,1.0
044,044_T1_20260518_150552,Control,T1,adaptive,hci_substudy_v2,1,telemetry_v4,change_detection,4,formal_cd,formal,1,31,39,formal,N1_same,1779087952,59.935,2026-05-18T15:23:49.455,0,0,0,1,1070063.352,1070093.176,,,,,s,,0,2046.878,,,,1073663.352,1073802.104,1075879.903,4000,2077.799,1075879.903,"[{""stage_name"": ""fixation"", ""planned_duration_ms"": 100, ""intended_onset_ms"": 1070063.352, ""actual_onset_global_ms"": 1070093.176, ""actual_offset_global_ms"": 1070211.36, ""actual_duration_ms"": 118.184}, {""stage_name"": ""memory_array"", ""planned_duration_ms"": 2500, ""intended_onset_ms"": 1070163.352, ""actual_onset_global_ms"": 1070256.094, ""actual_offset_global_ms"": 1072731.844, ""actual_duration_ms"": 2475.75}, {""stage_name"": ""delay"", ""planned_duration_ms"": 1000, ""intended_onset_ms"": 1072731.844, ""actual_onset_global_ms"": 1072739.229, ""actual_offset_global_ms"": 1073751.832, ""actual_duration_ms"": 1012.603}, {""stage_name"": ""test_array"", ""planned_duration_ms"": 4000, ""intended_onset_ms"": 1073751.832, ""actual_onset_global_ms"": 1073802.104, ""actual_offset_global_ms"": 1075879.903, ""actual_duration_ms"": 2077.799}]",,,,,,,,,,,,,,,,,,,,,,,,,,,,,,,,,,,,,,,,,,,,,,,,,,0.0,,,,,,,,,,,,,,1.0,same,0.0,"[122.81, 64.25]","[[122.81, 64.25]]","[""yellow""]","[""yellow""]",yellow,yellow,j,change,1.0,1.0
044,044_T1_20260518_150552,Control,T1,adaptive,hci_substudy_v2,1,telemetry_v4,change_detection,4,formal_cd,formal,1,32,40,formal,N2_change,1779087952,59.935,2026-05-18T15:23:55.283,0,0,0,1,1075891.695,1075923.415,,,,,j,,0,1684.251,,,,1079491.695,1079633.468,1081362.388,4000,1728.92,1081362.388,"[{""stage_name"": ""fixation"", ""planned_duration_ms"": 100, ""intended_onset_ms"": 1075891.695, ""actual_onset_global_ms"": 1075923.415, ""actual_offset_global_ms"": 1076041.831, ""actual_duration_ms"": 118.416}, {""stage_name"": ""memory_array"", ""planned_duration_ms"": 2500, ""intended_onset_ms"": 1075991.695, ""actual_onset_global_ms"": 1076093.355, ""actual_offset_global_ms"": 1078547.112, ""actual_duration_ms"": 2453.757}, {""stage_name"": ""delay"", ""planned_duration_ms"": 1000, ""intended_onset_ms"": 1078547.112, ""actual_onset_global_ms"": 1078547.955, ""actual_offset_global_ms"": 1079570.938, ""actual_duration_ms"": 1022.983}, {""stage_name"": ""test_array"", ""planned_duration_ms"": 4000, ""intended_onset_ms"": 1079570.938, ""actual_onset_global_ms"": 1079633.468, ""actual_offset_global_ms"": 1081362.388, ""actual_duration_ms"": 1728.92}]",,,,,,,,,,,,,,,,,,,,,,,,,,,,,,,,,,,,,,,,,,,,,,,,,,0.0,,,,,,,,,,,,,,2.0,change,0.0,"[-236.88, -55.13]","[[-236.88, -55.13], [16.86, 182.04]]","[""green"", ""red""]","[""purple"", ""red""]",green,purple,s,same,3.0,1.0
044,044_T1_20260518_150552,Control,T1,adaptive,hci_substudy_v2,1,telemetry_v4,change_detection,4,formal_cd,formal,1,33,41,formal,N2_change,1779087952,59.935,2026-05-18T15:24:00.762,0,0,0,1,1081369.767,1081394.511,,,,,j,,1,2427.444,,,,1084969.767,1085076.99,1087554.538,4000,2477.548,1087554.538,"[{""stage_name"": ""fixation"", ""planned_duration_ms"": 100, ""intended_onset_ms"": 1081369.767, ""actual_onset_global_ms"": 1081394.511, ""actual_offset_global_ms"": 1081512.019, ""actual_duration_ms"": 117.508}, {""stage_name"": ""memory_array"", ""planned_duration_ms"": 2500, ""intended_onset_ms"": 1081469.767, ""actual_onset_global_ms"": 1081579.992, ""actual_offset_global_ms"": 1084025.964, ""actual_duration_ms"": 2445.972}, {""stage_name"": ""delay"", ""planned_duration_ms"": 1000, ""intended_onset_ms"": 1084025.964, ""actual_onset_global_ms"": 1084026.741, ""actual_offset_global_ms"": 1085041.647, ""actual_duration_ms"": 1014.906}, {""stage_name"": ""test_array"", ""planned_duration_ms"": 4000, ""intended_onset_ms"": 1085041.647, ""actual_onset_global_ms"": 1085076.99, ""actual_offset_global_ms"": 1087554.538, ""actual_duration_ms"": 2477.548}]",,,,,,,,,,,,,,,,,,,,,,,,,,,,,,,,,,,,,,,,,,,,,,,,,,1.0,,,,,,,,,,,,,,2.0,change,0.0,"[136.13, -4.86]","[[136.13, -4.86], [223.75, -255.5]]","[""red"", ""green""]","[""blue"", ""green""]",red,blue,j,change,2.0,1.0
044,044_T1_20260518_150552,Control,T1,adaptive,hci_substudy_v2,1,telemetry_v4,change_detection,4,formal_cd,formal,1,34,42,formal,N4_same,1779087952,59.935,2026-05-18T15:24:06.955,0,0,0,1,1087564.283,1087595.949,,,,,s,,0,1787.583,,,,1091164.283,1091312.807,1093192.922,4000,1880.115,1093192.922,"[{""stage_name"": ""fixation"", ""planned_duration_ms"": 100, ""intended_onset_ms"": 1087564.283, ""actual_onset_global_ms"": 1087595.949, ""actual_offset_global_ms"": 1087704.235, ""actual_duration_ms"": 108.286}, {""stage_name"": ""memory_array"", ""planned_duration_ms"": 2500, ""intended_onset_ms"": 1087664.283, ""actual_onset_global_ms"": 1087812.047, ""actual_offset_global_ms"": 1090219.687, ""actual_duration_ms"": 2407.64}, {""stage_name"": ""delay"", ""planned_duration_ms"": 1000, ""intended_onset_ms"": 1090219.687, ""actual_onset_global_ms"": 1090231.669, ""actual_offset_global_ms"": 1091232.32, ""actual_duration_ms"": 1000.651}, {""stage_name"": ""test_array"", ""planned_duration_ms"": 4000, ""intended_onset_ms"": 1091232.32, ""actual_onset_global_ms"": 1091312.807, ""actual_offset_global_ms"": 1093192.922, ""actual_duration_ms"": 1880.115}]",,,,,,,,,,,,,,,,,,,,,,,,,,,,,,,,,,,,,,,,,,,,,,,,,,0.0,,,,,,,,,,,,,,4.0,same,0.0,"[101.89, -117.85]","[[101.89, -117.85], [-190.61, -136.09], [144.33, 173.09], [-141.1, -254.39]]","[""red"", ""green"", ""purple"", ""blue""]","[""red"", ""green"", ""purple"", ""blue""]",red,red,j,change,6.0,1.0
044,044_T1_20260518_150552,Control,T1,adaptive,hci_substudy_v2,1,telemetry_v4,change_detection,4,formal_cd,formal,1,35,43,formal,N3_change,1779087952,59.935,2026-05-18T15:24:12.594,0,0,0,1,1093202.361,1093224.606,,,,,j,,1,2283.565,,,,1096802.361,1096965.452,1099315.104,4000,2349.652,1099315.104,"[{""stage_name"": ""fixation"", ""planned_duration_ms"": 100, ""intended_onset_ms"": 1093202.361, ""actual_onset_global_ms"": 1093224.606, ""actual_offset_global_ms"": 1093337.423, ""actual_duration_ms"": 112.817}, {""stage_name"": ""memory_array"", ""planned_duration_ms"": 2500, ""intended_onset_ms"": 1093302.361, ""actual_onset_global_ms"": 1093424.228, ""actual_offset_global_ms"": 1095884.782, ""actual_duration_ms"": 2460.554}, {""stage_name"": ""delay"", ""planned_duration_ms"": 1000, ""intended_onset_ms"": 1095884.782, ""actual_onset_global_ms"": 1095893.985, ""actual_offset_global_ms"": 1096900.197, ""actual_duration_ms"": 1006.212}, {""stage_name"": ""test_array"", ""planned_duration_ms"": 4000, ""intended_onset_ms"": 1096900.197, ""actual_onset_global_ms"": 1096965.452, ""actual_offset_global_ms"": 1099315.104, ""actual_duration_ms"": 2349.652}]",,,,,,,,,,,,,,,,,,,,,,,,,,,,,,,,,,,,,,,,,,,,,,,,,,1.0,,,,,,,,,,,,,,3.0,change,0.0,"[-190.84, -55.27]","[[-190.84, -55.27], [-186.72, 226.04], [-12.03, -186.7]]","[""yellow"", ""purple"", ""blue""]","[""green"", ""purple"", ""blue""]",yellow,green,j,change,3.0,1.0
044,044_T1_20260518_150552,Control,T1,adaptive,hci_substudy_v2,1,telemetry_v4,change_detection,4,formal_cd,formal,1,36,44,formal,N1_change,1779087952,59.935,2026-05-18T15:24:18.719,0,0,0,1,1099327.964,1099354.669,,,,,j,,0,1656.996,,,,1102927.964,1103080.254,1104797.276,4000,1717.022,1104797.276,"[{""stage_name"": ""fixation"", ""planned_duration_ms"": 100, ""intended_onset_ms"": 1099327.964, ""actual_onset_global_ms"": 1099354.669, ""actual_offset_global_ms"": 1099471.825, ""actual_duration_ms"": 117.156}, {""stage_name"": ""memory_array"", ""planned_duration_ms"": 2500, ""intended_onset_ms"": 1099427.964, ""actual_onset_global_ms"": 1099518.933, ""actual_offset_global_ms"": 1102031.441, ""actual_duration_ms"": 2512.508}, {""stage_name"": ""delay"", ""planned_duration_ms"": 1000, ""intended_onset_ms"": 1102031.441, ""actual_onset_global_ms"": 1102038.322, ""actual_offset_global_ms"": 1103036.713, ""actual_duration_ms"": 998.391}, {""stage_name"": ""test_array"", ""planned_duration_ms"": 4000, ""intended_onset_ms"": 1103036.713, ""actual_onset_global_ms"": 1103080.254, ""actual_offset_global_ms"": 1104797.276, ""actual_duration_ms"": 1717.022}]",,,,,,,,,,,,,,,,,,,,,,,,,,,,,,,,,,,,,,,,,,,,,,,,,,0.0,,,,,,,,,,,,,,1.0,change,0.0,"[256.34, -206.21]","[[256.34, -206.21]]","[""green""]","[""blue""]",green,blue,s,same,1.0,1.0
044,044_T1_20260518_150552,Control,T1,adaptive,hci_substudy_v2,1,telemetry_v4,change_detection,4,formal_cd,formal,1,37,45,formal,N3_change,1779087952,59.935,2026-05-18T15:24:24.201,0,0,0,1,1104809.271,1104840.411,,,,,j,,0,1053.506,,,,1108409.271,1108590.948,1109744.635,4000,1153.687,1109744.635,"[{""stage_name"": ""fixation"", ""planned_duration_ms"": 100, ""intended_onset_ms"": 1104809.271, ""actual_onset_global_ms"": 1104840.411, ""actual_offset_global_ms"": 1104958.417, ""actual_duration_ms"": 118.006}, {""stage_name"": ""memory_array"", ""planned_duration_ms"": 2500, ""intended_onset_ms"": 1104909.271, ""actual_onset_global_ms"": 1105048.281, ""actual_offset_global_ms"": 1107519.311, ""actual_duration_ms"": 2471.03}, {""stage_name"": ""delay"", ""planned_duration_ms"": 1000, ""intended_onset_ms"": 1107519.311, ""actual_onset_global_ms"": 1107526.224, ""actual_offset_global_ms"": 1108533.223, ""actual_duration_ms"": 1006.999}, {""stage_name"": ""test_array"", ""planned_duration_ms"": 4000, ""intended_onset_ms"": 1108533.223, ""actual_onset_global_ms"": 1108590.948, ""actual_offset_global_ms"": 1109744.635, ""actual_duration_ms"": 1153.687}]",,,,,,,,,,,,,,,,,,,,,,,,,,,,,,,,,,,,,,,,,,,,,,,,,,0.0,,,,,,,,,,,,,,3.0,change,2.0,"[20.76, -228.01]","[[-88.73, 59.82], [-179.2, -164.28], [20.76, -228.01]]","[""blue"", ""green"", ""yellow""]","[""blue"", ""green"", ""red""]",yellow,red,s,same,5.0,1.0
044,044_T1_20260518_150552,Control,T1,adaptive,hci_substudy_v2,1,telemetry_v4,change_detection,4,formal_cd,formal,1,38,46,formal,N2_same,1779087952,59.935,2026-05-18T15:24:29.144,0,0,0,1,1109752.622,1109777.178,,,,,s,,1,1697.723,,,,1113352.622,1113561.953,1115306.627,4000,1744.674,1115306.627,"[{""stage_name"": ""fixation"", ""planned_duration_ms"": 100, ""intended_onset_ms"": 1109752.622, ""actual_onset_global_ms"": 1109777.178, ""actual_offset_global_ms"": 1109892.306, ""actual_duration_ms"": 115.128}, {""stage_name"": ""memory_array"", ""planned_duration_ms"": 2500, ""intended_onset_ms"": 1109852.622, ""actual_onset_global_ms"": 1109958.37, ""actual_offset_global_ms"": 1112474.567, ""actual_duration_ms"": 2516.197}, {""stage_name"": ""delay"", ""planned_duration_ms"": 1000, ""intended_onset_ms"": 1112474.567, ""actual_onset_global_ms"": 1112475.178, ""actual_offset_global_ms"": 1113495.964, ""actual_duration_ms"": 1020.786}, {""stage_name"": ""test_array"", ""planned_duration_ms"": 4000, ""intended_onset_ms"": 1113495.964, ""actual_onset_global_ms"": 1113561.953, ""actual_offset_global_ms"": 1115306.627, ""actual_duration_ms"": 1744.674}]",,,,,,,,,,,,,,,,,,,,,,,,,,,,,,,,,,,,,,,,,,,,,,,,,,1.0,,,,,,,,,,,,,,2.0,same,1.0,"[-225.94, 20.94]","[[167.95, -32.79], [-225.94, 20.94]]","[""purple"", ""yellow""]","[""purple"", ""yellow""]",yellow,yellow,s,same,2.0,1.0
044,044_T1_20260518_150552,Control,T1,adaptive,hci_substudy_v2,1,telemetry_v4,change_detection,4,formal_cd,formal,1,39,47,formal,N3_same,1779087952,59.935,2026-05-18T15:24:34.705,0,0,0,1,1115313.608,1115345.619,,,,,s,,0,1328.694,,,,1118913.608,1119062.848,1120488.39,4000,1425.542,1120488.39,"[{""stage_name"": ""fixation"", ""planned_duration_ms"": 100, ""intended_onset_ms"": 1115313.608, ""actual_onset_global_ms"": 1115345.619, ""actual_offset_global_ms"": 1115457.517, ""actual_duration_ms"": 111.898}, {""stage_name"": ""memory_array"", ""planned_duration_ms"": 2500, ""intended_onset_ms"": 1115413.608, ""actual_onset_global_ms"": 1115548.879, ""actual_offset_global_ms"": 1117973.855, ""actual_duration_ms"": 2424.976}, {""stage_name"": ""delay"", ""planned_duration_ms"": 1000, ""intended_onset_ms"": 1117973.855, ""actual_onset_global_ms"": 1117981.585, ""actual_offset_global_ms"": 1118983.694, ""actual_duration_ms"": 1002.109}, {""stage_name"": ""test_array"", ""planned_duration_ms"": 4000, ""intended_onset_ms"": 1118983.694, ""actual_onset_global_ms"": 1119062.848, ""actual_offset_global_ms"": 1120488.39, ""actual_duration_ms"": 1425.542}]",,,,,,,,,,,,,,,,,,,,,,,,,,,,,,,,,,,,,,,,,,,,,,,,,,0.0,,,,,,,,,,,,,,3.0,same,2.0,"[216.57, -60.55]","[[166.74, 52.76], [88.71, -131.22], [216.57, -60.55]]","[""blue"", ""purple"", ""red""]","[""blue"", ""purple"", ""red""]",red,red,j,change,4.0,1.0
044,044_T1_20260518_150552,Control,T1,adaptive,hci_substudy_v2,1,telemetry_v4,change_detection,4,formal_cd,formal,1,40,48,formal,N3_change,1779087952,59.935,2026-05-18T15:24:39.893,0,0,0,1,1120501.263,1120535.084,,,,,j,,1,4121.585,,,,1124101.263,1124276.689,1128493.839,4000,4217.15,1128493.839,"[{""stage_name"": ""fixation"", ""planned_duration_ms"": 100, ""intended_onset_ms"": 1120501.263, ""actual_onset_global_ms"": 1120535.084, ""actual_offset_global_ms"": 1120618.301, ""actual_duration_ms"": 83.217}, {""stage_name"": ""memory_array"", ""planned_duration_ms"": 2500, ""intended_onset_ms"": 1120601.263, ""actual_onset_global_ms"": 1120683.961, ""actual_offset_global_ms"": 1123194.793, ""actual_duration_ms"": 2510.832}, {""stage_name"": ""delay"", ""planned_duration_ms"": 1000, ""intended_onset_ms"": 1123194.793, ""actual_onset_global_ms"": 1123195.42, ""actual_offset_global_ms"": 1124216.57, ""actual_duration_ms"": 1021.15}, {""stage_name"": ""test_array"", ""planned_duration_ms"": 4000, ""intended_onset_ms"": 1124216.57, ""actual_onset_global_ms"": 1124276.689, ""actual_offset_global_ms"": 1128493.839, ""actual_duration_ms"": 4217.15}]",,,,,,,,,,,,,,,,,,,,,,,,,,,,,,,,,,,,,,,,,,,,,,,,,,1.0,,,,,,,,,,,,,,3.0,change,1.0,"[-209.68, -208.26]","[[115.65, -160.23], [-209.68, -208.26], [251.41, -42.13]]","[""purple"", ""blue"", ""yellow""]","[""purple"", ""red"", ""yellow""]",blue,red,j,change,3.0,1.0
044,044_T1_20260518_150552,Control,T1,adaptive,hci_substudy_v2,1,telemetry_v4,change_detection,4,formal_cd,formal,1,41,49,formal,N4_same,1779087952,59.935,2026-05-18T15:24:47.898,0,0,0,1,1128506.742,1128535.641,,,,,s,,0,1739.425,,,,1132106.742,1132276.998,1134070.936,4000,1793.938,1134070.936,"[{""stage_name"": ""fixation"", ""planned_duration_ms"": 100, ""intended_onset_ms"": 1128506.742, ""actual_onset_global_ms"": 1128535.641, ""actual_offset_global_ms"": 1128655.041, ""actual_duration_ms"": 119.4}, {""stage_name"": ""memory_array"", ""planned_duration_ms"": 2500, ""intended_onset_ms"": 1128606.742, ""actual_onset_global_ms"": 1128740.961, ""actual_offset_global_ms"": 1131182.495, ""actual_duration_ms"": 2441.534}, {""stage_name"": ""delay"", ""planned_duration_ms"": 1000, ""intended_onset_ms"": 1131182.495, ""actual_onset_global_ms"": 1131183.647, ""actual_offset_global_ms"": 1132188.288, ""actual_duration_ms"": 1004.641}, {""stage_name"": ""test_array"", ""planned_duration_ms"": 4000, ""intended_onset_ms"": 1132188.288, ""actual_onset_global_ms"": 1132276.998, ""actual_offset_global_ms"": 1134070.936, ""actual_duration_ms"": 1793.938}]",,,,,,,,,,,,,,,,,,,,,,,,,,,,,,,,,,,,,,,,,,,,,,,,,,0.0,,,,,,,,,,,,,,4.0,same,0.0,"[111.47, -22.07]","[[111.47, -22.07], [157.3, -136.09], [-91.95, -162.81], [247.01, 34.07]]","[""red"", ""yellow"", ""green"", ""blue""]","[""red"", ""yellow"", ""green"", ""blue""]",red,red,j,change,6.0,1.0
044,044_T1_20260518_150552,Control,T1,adaptive,hci_substudy_v2,1,telemetry_v4,change_detection,4,formal_cd,formal,1,42,50,formal,N1_change,1779087952,59.935,2026-05-18T15:24:53.469,0,0,0,1,1134077.535,1134098.418,,,,,j,,0,1408.097,,,,1137677.535,1137759.163,1139208.833,4000,1449.67,1139208.833,"[{""stage_name"": ""fixation"", ""planned_duration_ms"": 100, ""intended_onset_ms"": 1134077.535, ""actual_onset_global_ms"": 1134098.418, ""actual_offset_global_ms"": 1134198.921, ""actual_duration_ms"": 100.503}, {""stage_name"": ""memory_array"", ""planned_duration_ms"": 2500, ""intended_onset_ms"": 1134177.535, ""actual_onset_global_ms"": 1134239.295, ""actual_offset_global_ms"": 1136709.787, ""actual_duration_ms"": 2470.492}, {""stage_name"": ""delay"", ""planned_duration_ms"": 1000, ""intended_onset_ms"": 1136709.787, ""actual_onset_global_ms"": 1136713.116, ""actual_offset_global_ms"": 1137713.792, ""actual_duration_ms"": 1000.676}, {""stage_name"": ""test_array"", ""planned_duration_ms"": 4000, ""intended_onset_ms"": 1137713.792, ""actual_onset_global_ms"": 1137759.163, ""actual_offset_global_ms"": 1139208.833, ""actual_duration_ms"": 1449.67}]",,,,,,,,,,,,,,,,,,,,,,,,,,,,,,,,,,,,,,,,,,,,,,,,,,0.0,,,,,,,,,,,,,,1.0,change,0.0,"[-151.34, -84.47]","[[-151.34, -84.47]]","[""blue""]","[""purple""]",blue,purple,s,same,1.0,1.0
044,044_T1_20260518_150552,Control,T1,adaptive,hci_substudy_v2,1,telemetry_v4,change_detection,4,formal_cd,formal,1,43,51,formal,N1_same,1779087952,59.935,2026-05-18T15:24:58.612,0,0,0,1,1139219.91,1139245.01,,,,,s,,0,2033.803,,,,1142819.91,1142949.596,1145011.124,4000,2061.528,1145011.124,"[{""stage_name"": ""fixation"", ""planned_duration_ms"": 100, ""intended_onset_ms"": 1139219.91, ""actual_onset_global_ms"": 1139245.01, ""actual_offset_global_ms"": 1139365.316, ""actual_duration_ms"": 120.306}, {""stage_name"": ""memory_array"", ""planned_duration_ms"": 2500, ""intended_onset_ms"": 1139319.91, ""actual_onset_global_ms"": 1139409.269, ""actual_offset_global_ms"": 1141895.5, ""actual_duration_ms"": 2486.231}, {""stage_name"": ""delay"", ""planned_duration_ms"": 1000, ""intended_onset_ms"": 1141895.5, ""actual_onset_global_ms"": 1141906.653, ""actual_offset_global_ms"": 1142910.103, ""actual_duration_ms"": 1003.45}, {""stage_name"": ""test_array"", ""planned_duration_ms"": 4000, ""intended_onset_ms"": 1142910.103, ""actual_onset_global_ms"": 1142949.596, ""actual_offset_global_ms"": 1145011.124, ""actual_duration_ms"": 2061.528}]",,,,,,,,,,,,,,,,,,,,,,,,,,,,,,,,,,,,,,,,,,,,,,,,,,0.0,,,,,,,,,,,,,,1.0,same,0.0,"[59.03, 228.37]","[[59.03, 228.37]]","[""yellow""]","[""yellow""]",yellow,yellow,j,change,1.0,1.0
044,044_T1_20260518_150552,Control,T1,adaptive,hci_substudy_v2,1,telemetry_v4,change_detection,4,formal_cd,formal,1,44,52,formal,N2_same,1779087952,59.935,2026-05-18T15:25:04.414,0,0,0,1,1145022.113,1145056.033,,,,,s,,1,927.713,,,,1148622.113,1148741.237,1149769.623,4000,1028.386,1149769.623,"[{""stage_name"": ""fixation"", ""planned_duration_ms"": 100, ""intended_onset_ms"": 1145022.113, ""actual_onset_global_ms"": 1145056.033, ""actual_offset_global_ms"": 1145168.28, ""actual_duration_ms"": 112.247}, {""stage_name"": ""memory_array"", ""planned_duration_ms"": 2500, ""intended_onset_ms"": 1145122.113, ""actual_onset_global_ms"": 1145236.734, ""actual_offset_global_ms"": 1147670.449, ""actual_duration_ms"": 2433.715}, {""stage_name"": ""delay"", ""planned_duration_ms"": 1000, ""intended_onset_ms"": 1147670.449, ""actual_onset_global_ms"": 1147671.274, ""actual_offset_global_ms"": 1148683.663, ""actual_duration_ms"": 1012.389}, {""stage_name"": ""test_array"", ""planned_duration_ms"": 4000, ""intended_onset_ms"": 1148683.663, ""actual_onset_global_ms"": 1148741.237, ""actual_offset_global_ms"": 1149769.623, ""actual_duration_ms"": 1028.386}]",,,,,,,,,,,,,,,,,,,,,,,,,,,,,,,,,,,,,,,,,,,,,,,,,,1.0,,,,,,,,,,,,,,2.0,same,1.0,"[107.58, 55.11]","[[-238.33, 105.02], [107.58, 55.11]]","[""blue"", ""yellow""]","[""blue"", ""yellow""]",yellow,yellow,s,same,2.0,1.0
044,044_T1_20260518_150552,Control,T1,adaptive,hci_substudy_v2,1,telemetry_v4,change_detection,4,formal_cd,formal,1,45,53,formal,N1_same,1779087952,59.935,2026-05-18T15:25:09.176,0,0,0,1,1149784.244,1149813.939,,,,,s,,1,3438.134,,,,1153384.244,1153488.713,1156995.429,4000,3506.716,1156995.429,"[{""stage_name"": ""fixation"", ""planned_duration_ms"": 100, ""intended_onset_ms"": 1149784.244, ""actual_onset_global_ms"": 1149813.939, ""actual_offset_global_ms"": 1149930.607, ""actual_duration_ms"": 116.668}, {""stage_name"": ""memory_array"", ""planned_duration_ms"": 2500, ""intended_onset_ms"": 1149884.244, ""actual_onset_global_ms"": 1149973.483, ""actual_offset_global_ms"": 1152435.528, ""actual_duration_ms"": 2462.045}, {""stage_name"": ""delay"", ""planned_duration_ms"": 1000, ""intended_onset_ms"": 1152435.528, ""actual_onset_global_ms"": 1152438.768, ""actual_offset_global_ms"": 1153445.133, ""actual_duration_ms"": 1006.365}, {""stage_name"": ""test_array"", ""planned_duration_ms"": 4000, ""intended_onset_ms"": 1153445.133, ""actual_onset_global_ms"": 1153488.713, ""actual_offset_global_ms"": 1156995.429, ""actual_duration_ms"": 3506.716}]",,,,,,,,,,,,,,,,,,,,,,,,,,,,,,,,,,,,,,,,,,,,,,,,,,1.0,,,,,,,,,,,,,,1.0,same,0.0,"[-199.37, 146.32]","[[-199.37, 146.32]]","[""yellow""]","[""yellow""]",yellow,yellow,s,same,3.0,1.0
044,044_T1_20260518_150552,Control,T1,adaptive,hci_substudy_v2,1,telemetry_v4,change_detection,4,formal_cd,formal,1,46,54,formal,N3_change,1779087952,59.935,2026-05-18T15:25:16.398,0,0,0,1,1157007.236,1157040.397,,,,,j,,1,2100.959,,,,1160607.236,1160817.68,1163018.94,4000,2201.26,1163018.94,"[{""stage_name"": ""fixation"", ""planned_duration_ms"": 100, ""intended_onset_ms"": 1157007.236, ""actual_onset_global_ms"": 1157040.397, ""actual_offset_global_ms"": 1157157.262, ""actual_duration_ms"": 116.865}, {""stage_name"": ""memory_array"", ""planned_duration_ms"": 2500, ""intended_onset_ms"": 1157107.236, ""actual_onset_global_ms"": 1157221.23, ""actual_offset_global_ms"": 1159715.124, ""actual_duration_ms"": 2493.894}, {""stage_name"": ""delay"", ""planned_duration_ms"": 1000, ""intended_onset_ms"": 1159715.124, ""actual_onset_global_ms"": 1159714.873, ""actual_offset_global_ms"": 1160734.185, ""actual_duration_ms"": 1019.312}, {""stage_name"": ""test_array"", ""planned_duration_ms"": 4000, ""intended_onset_ms"": 1160734.185, ""actual_onset_global_ms"": 1160817.68, ""actual_offset_global_ms"": 1163018.94, ""actual_duration_ms"": 2201.26}]",,,,,,,,,,,,,,,,,,,,,,,,,,,,,,,,,,,,,,,,,,,,,,,,,,1.0,,,,,,,,,,,,,,3.0,change,0.0,"[125.59, -223.14]","[[125.59, -223.14], [-122.48, -129.35], [244.06, 121.54]]","[""purple"", ""yellow"", ""blue""]","[""green"", ""yellow"", ""blue""]",purple,green,j,change,3.0,1.0
044,044_T1_20260518_150552,Control,T1,adaptive,hci_substudy_v2,1,telemetry_v4,change_detection,4,formal_cd,formal,1,47,55,formal,N2_same,1779087952,59.935,2026-05-18T15:25:22.415,0,0,0,1,1163023.256,1163046.431,,,,,s,,0,2660.926,,,,1166623.256,1166799.971,1169532.595,4000,2732.624,1169532.595,"[{""stage_name"": ""fixation"", ""planned_duration_ms"": 100, ""intended_onset_ms"": 1163023.256, ""actual_onset_global_ms"": 1163046.431, ""actual_offset_global_ms"": 1163162.008, ""actual_duration_ms"": 115.577}, {""stage_name"": ""memory_array"", ""planned_duration_ms"": 2500, ""intended_onset_ms"": 1163123.256, ""actual_onset_global_ms"": 1163233.325, ""actual_offset_global_ms"": 1165716.837, ""actual_duration_ms"": 2483.512}, {""stage_name"": ""delay"", ""planned_duration_ms"": 1000, ""intended_onset_ms"": 1165716.837, ""actual_onset_global_ms"": 1165723.633, ""actual_offset_global_ms"": 1166735.987, ""actual_duration_ms"": 1012.354}, {""stage_name"": ""test_array"", ""planned_duration_ms"": 4000, ""intended_onset_ms"": 1166735.987, ""actual_onset_global_ms"": 1166799.971, ""actual_offset_global_ms"": 1169532.595, ""actual_duration_ms"": 2732.624}]",,,,,,,,,,,,,,,,,,,,,,,,,,,,,,,,,,,,,,,,,,,,,,,,,,0.0,,,,,,,,,,,,,,2.0,same,1.0,"[137.54, -116.99]","[[-252.91, 207.11], [137.54, -116.99]]","[""green"", ""yellow""]","[""green"", ""yellow""]",yellow,yellow,j,change,2.0,1.0
044,044_T1_20260518_150552,Control,T1,adaptive,hci_substudy_v2,1,telemetry_v4,change_detection,4,formal_cd,formal,1,48,56,formal,N1_change,1779087952,59.935,2026-05-18T15:25:28.936,0,0,0,1,1169544.601,1169572.743,,,,,j,,0,715.095,,,,1173144.601,1173238.498,1174001.182,4000,762.684,1174001.182,"[{""stage_name"": ""fixation"", ""planned_duration_ms"": 100, ""intended_onset_ms"": 1169544.601, ""actual_onset_global_ms"": 1169572.743, ""actual_offset_global_ms"": 1169681.775, ""actual_duration_ms"": 109.032}, {""stage_name"": ""memory_array"", ""planned_duration_ms"": 2500, ""intended_onset_ms"": 1169644.601, ""actual_onset_global_ms"": 1169726.27, ""actual_offset_global_ms"": 1172193.201, ""actual_duration_ms"": 2466.931}, {""stage_name"": ""delay"", ""planned_duration_ms"": 1000, ""intended_onset_ms"": 1172193.201, ""actual_onset_global_ms"": 1172204.359, ""actual_offset_global_ms"": 1173208.598, ""actual_duration_ms"": 1004.239}, {""stage_name"": ""test_array"", ""planned_duration_ms"": 4000, ""intended_onset_ms"": 1173208.598, ""actual_onset_global_ms"": 1173238.498, ""actual_offset_global_ms"": 1174001.182, ""actual_duration_ms"": 762.684}]",,,,,,,,,,,,,,,,,,,,,,,,,,,,,,,,,,,,,,,,,,,,,,,,,,0.0,,,,,,,,,,,,,,1.0,change,0.0,"[-70.82, 216.62]","[[-70.82, 216.62]]","[""blue""]","[""yellow""]",blue,yellow,s,same,1.0,1.0
