participant_id,session_id,group,timepoint,practice_layer,practice_protocol_version,telemetry_enabled,telemetry_version,task_name,task_order_index,block_name,block_type,block_index,trial_index_within_block,trial_index_global,practice_or_formal,condition_label,random_seed,screen_refresh_hz,timestamp_iso,omission,aborted,pause_count_during_trial,repeated_practice_round,intended_trial_start_ms,actual_trial_start_ms,condition,target_direction,flankers_direction,array_pattern_text,correct_response_key,participant_response_key,response_correct,rt_ms,response_time_global_ms,feedback_type,practice_pass_flag,intended_onset_ms,actual_onset_global_ms,actual_offset_global_ms,stage_duration_planned_ms,stage_duration_actual_ms,actual_trial_end_ms,stage_records_json,feedback_audio_file,feedback_audio_start_global_ms,feedback_audio_expected_duration_ms,feedback_audio_stop_global_ms,prompt_level,support_type,support_trigger_reason,support_trigger_trial_index,rule_block_error_count,support_level,support_phase,support_duration_ms,post_support_success_streak,support_faded_after_trial,manual_intervention_flag,dccs_support_rule,dccs_error_type,dccs_dimension_highlight_used,dccs_demo_type,dccs_label_mode,dccs_post_support_rule_confusion,rule,cue_audio_file,cue_label,cue_audio_start_global_ms,cue_audio_expected_duration_ms,cue_audio_stop_global_ms,stimulus_color,stimulus_shape,stimulus_identity,trial_transition,previous_rule,current_rule,cue_to_first_response_ms,digit_support_target,digit_transform_demo_used,digit_keypad_demo_used,digit_hesitation_prompt_used,digit_post_support_span_success,span_length,trial_index_within_span,span_round,presented_sequence,correct_backward_sequence,participant_input_sequence,participant_input_string,input_method,first_key_latency_ms,response_complete_time_ms,accuracy,omission_input,delete_count,clear_count,click_count,inter_key_intervals_ms,adaptive_decision,digits_audio_onsets_ms,digits_audio_files,digits_audio_events_json,repeated_audio_once_in_practice,termination_reason,terminal_span_length,set_size,trial_type,probe_index,probe_position_xy,item_positions,item_colors_memory,item_colors_test,probe_original_color,probe_test_color,response_key,response_label,layout_generation_attempts,overlap_check_passed
053,053_T1_20260518_160418,PA,T1,standard,hci_substudy_v2,1,telemetry_v4,flanker,1,practice_single,practice,1,1,1,practice,practice_single,1779091458,237.772,2026-05-18T16:04:41.540,0,0,0,1,21516.489,21533.76,practice_single,left,none,<,s,s,1,3842.944,25472.874,correct,,21616.489,21629.93,25472.874,3000,3842.944,26072.874,"[{""stage_name"": ""fixation"", ""planned_duration_ms"": 100, ""intended_onset_ms"": 21516.489, ""actual_onset_global_ms"": 21533.76, ""actual_offset_global_ms"": 21625.818, ""actual_duration_ms"": 92.058}, {""stage_name"": ""stimulus"", ""planned_duration_ms"": 3000, ""intended_onset_ms"": 21616.489, ""actual_onset_global_ms"": 21629.93, ""actual_offset_global_ms"": 25472.874, ""actual_duration_ms"": 3842.944}, {""stage_name"": ""feedback"", ""planned_duration_ms"": 600, ""intended_onset_ms"": 25472.874, ""actual_onset_global_ms"": 25496.772, ""actual_offset_global_ms"": 26095.159, ""actual_duration_ms"": 598.387}]",correct.wav,25489.264,600.0,26089.264,,,,,,,,,,,,,,,,,,,,,,,,,,,,,,,,,,,,,,,,,,,,,,,,,,,,,,,,,,,,,,,,,,,,,,,
053,053_T1_20260518_160418,PA,T1,standard,hci_substudy_v2,1,telemetry_v4,flanker,1,practice_single,practice,1,2,2,practice,practice_single,1779091458,237.772,2026-05-18T16:04:46.116,0,0,0,1,26093.083,26097.101,practice_single,right,none,>,j,j,1,825.655,27026.097,correct,,26193.083,26200.442,27026.097,3000,825.655,27626.097,"[{""stage_name"": ""fixation"", ""planned_duration_ms"": 100, ""intended_onset_ms"": 26093.083, ""actual_onset_global_ms"": 26097.101, ""actual_offset_global_ms"": 26199.398, ""actual_duration_ms"": 102.297}, {""stage_name"": ""stimulus"", ""planned_duration_ms"": 3000, ""intended_onset_ms"": 26193.083, ""actual_onset_global_ms"": 26200.442, ""actual_offset_global_ms"": 27026.097, ""actual_duration_ms"": 825.655}, {""stage_name"": ""feedback"", ""planned_duration_ms"": 600, ""intended_onset_ms"": 27026.097, ""actual_onset_global_ms"": 27045.66, ""actual_offset_global_ms"": 27645.804, ""actual_duration_ms"": 600.144}]",correct.wav,27041.243,600.0,27641.243,,,,,,,,,,,,,,,,,,,,,,,,,,,,,,,,,,,,,,,,,,,,,,,,,,,,,,,,,,,,,,,,,,,,,,,
053,053_T1_20260518_160418,PA,T1,standard,hci_substudy_v2,1,telemetry_v4,flanker,1,practice_single,practice,1,3,3,practice,practice_single,1779091458,237.772,2026-05-18T16:04:47.667,0,0,0,1,27643.59,27649.623,practice_single,left,none,<,s,s,1,555.106,28303.693,correct,,27743.59,27748.587,28303.693,3000,555.106,28903.693,"[{""stage_name"": ""fixation"", ""planned_duration_ms"": 100, ""intended_onset_ms"": 27643.59, ""actual_onset_global_ms"": 27649.623, ""actual_offset_global_ms"": 27748.279, ""actual_duration_ms"": 98.656}, {""stage_name"": ""stimulus"", ""planned_duration_ms"": 3000, ""intended_onset_ms"": 27743.59, ""actual_onset_global_ms"": 27748.587, ""actual_offset_global_ms"": 28303.693, ""actual_duration_ms"": 555.106}, {""stage_name"": ""feedback"", ""planned_duration_ms"": 600, ""intended_onset_ms"": 28303.693, ""actual_onset_global_ms"": 28318.69, ""actual_offset_global_ms"": 28919.96, ""actual_duration_ms"": 601.27}]",correct.wav,28314.807,600.0,28914.807,,,,,,,,,,,,,,,,,,,,,,,,,,,,,,,,,,,,,,,,,,,,,,,,,,,,,,,,,,,,,,,,,,,,,,,
053,053_T1_20260518_160418,PA,T1,standard,hci_substudy_v2,1,telemetry_v4,flanker,1,practice_single,practice,1,4,4,practice,practice_single,1779091458,237.772,2026-05-18T16:04:48.941,0,0,0,1,28917.572,28921.573,practice_single,right,none,>,j,j,1,543.5,29569.163,correct,,29017.572,29025.663,29569.163,3000,543.5,30169.163,"[{""stage_name"": ""fixation"", ""planned_duration_ms"": 100, ""intended_onset_ms"": 28917.572, ""actual_onset_global_ms"": 28921.573, ""actual_offset_global_ms"": 29024.754, ""actual_duration_ms"": 103.181}, {""stage_name"": ""stimulus"", ""planned_duration_ms"": 3000, ""intended_onset_ms"": 29017.572, ""actual_onset_global_ms"": 29025.663, ""actual_offset_global_ms"": 29569.163, ""actual_duration_ms"": 543.5}, {""stage_name"": ""feedback"", ""planned_duration_ms"": 600, ""intended_onset_ms"": 29569.163, ""actual_onset_global_ms"": 29594.264, ""actual_offset_global_ms"": 30195.023, ""actual_duration_ms"": 600.759}]",correct.wav,29590.103,600.0,30190.103,,,,,,,,,,,,,,,,,,,,,,,,,,,,,,,,,,,,,,,,,,,,,,,,,,,,,,,,,,,,,,,,,,,,,,,
053,053_T1_20260518_160418,PA,T1,standard,hci_substudy_v2,1,telemetry_v4,flanker,1,practice_single,practice,1,5,5,practice,practice_single,1779091458,237.772,2026-05-18T16:04:50.216,0,0,0,1,30192.728,30198.004,practice_single,left,none,<,s,s,1,500.152,30798.126,correct,,30292.728,30297.974,30798.126,3000,500.152,31398.126,"[{""stage_name"": ""fixation"", ""planned_duration_ms"": 100, ""intended_onset_ms"": 30192.728, ""actual_onset_global_ms"": 30198.004, ""actual_offset_global_ms"": 30297.923, ""actual_duration_ms"": 99.919}, {""stage_name"": ""stimulus"", ""planned_duration_ms"": 3000, ""intended_onset_ms"": 30292.728, ""actual_onset_global_ms"": 30297.974, ""actual_offset_global_ms"": 30798.126, ""actual_duration_ms"": 500.152}, {""stage_name"": ""feedback"", ""planned_duration_ms"": 600, ""intended_onset_ms"": 30798.126, ""actual_onset_global_ms"": 30813.34, ""actual_offset_global_ms"": 31415.857, ""actual_duration_ms"": 602.517}]",correct.wav,30808.624,600.0,31408.624,,,,,,,,,,,,,,,,,,,,,,,,,,,,,,,,,,,,,,,,,,,,,,,,,,,,,,,,,,,,,,,,,,,,,,,
053,053_T1_20260518_160418,PA,T1,standard,hci_substudy_v2,1,telemetry_v4,flanker,1,practice_single,practice,1,6,6,practice,practice_single,1779091458,237.772,2026-05-18T16:04:51.437,0,0,0,1,31413.738,31417.731,practice_single,right,none,>,j,j,1,826.464,32347.81,correct,,31513.738,31521.346,32347.81,3000,826.464,32947.81,"[{""stage_name"": ""fixation"", ""planned_duration_ms"": 100, ""intended_onset_ms"": 31413.738, ""actual_onset_global_ms"": 31417.731, ""actual_offset_global_ms"": 31521.264, ""actual_duration_ms"": 103.533}, {""stage_name"": ""stimulus"", ""planned_duration_ms"": 3000, ""intended_onset_ms"": 31513.738, ""actual_onset_global_ms"": 31521.346, ""actual_offset_global_ms"": 32347.81, ""actual_duration_ms"": 826.464}, {""stage_name"": ""feedback"", ""planned_duration_ms"": 600, ""intended_onset_ms"": 32347.81, ""actual_onset_global_ms"": 32363.627, ""actual_offset_global_ms"": 32966.48, ""actual_duration_ms"": 602.853}]",correct.wav,32359.226,600.0,32959.226,,,,,,,,,,,,,,,,,,,,,,,,,,,,,,,,,,,,,,,,,,,,,,,,,,,,,,,,,,,,,,,,,,,,,,,
053,053_T1_20260518_160418,PA,T1,standard,hci_substudy_v2,1,telemetry_v4,flanker,1,practice_full,practice,2,1,7,practice,incongruent,1779091458,237.772,2026-05-18T16:04:56.446,0,0,0,1,36422.099,36427.802,incongruent,left,right,>><>>,s,s,1,4358.595,40886.818,correct,1.0,36522.099,36528.223,40886.818,3000,4358.595,41486.818,"[{""stage_name"": ""fixation"", ""planned_duration_ms"": 100, ""intended_onset_ms"": 36422.099, ""actual_onset_global_ms"": 36427.802, ""actual_offset_global_ms"": 36526.751, ""actual_duration_ms"": 98.949}, {""stage_name"": ""stimulus"", ""planned_duration_ms"": 3000, ""intended_onset_ms"": 36522.099, ""actual_onset_global_ms"": 36528.223, ""actual_offset_global_ms"": 40886.818, ""actual_duration_ms"": 4358.595}, {""stage_name"": ""feedback"", ""planned_duration_ms"": 600, ""intended_onset_ms"": 40886.818, ""actual_onset_global_ms"": 40897.635, ""actual_offset_global_ms"": 41499.508, ""actual_duration_ms"": 601.873}]",correct.wav,40891.159,600.0,41491.159,,,,,,,,,,,,,,,,,,,,,,,,,,,,,,,,,,,,,,,,,,,,,,,,,,,,,,,,,,,,,,,,,,,,,,,
053,053_T1_20260518_160418,PA,T1,standard,hci_substudy_v2,1,telemetry_v4,flanker,1,practice_full,practice,2,2,8,practice,congruent,1779091458,237.772,2026-05-18T16:05:01.521,0,0,0,1,41497.371,41502.56,congruent,left,left,<<<<<,s,s,1,1191.069,42796.475,correct,1.0,41597.371,41605.406,42796.475,3000,1191.069,43396.475,"[{""stage_name"": ""fixation"", ""planned_duration_ms"": 100, ""intended_onset_ms"": 41497.371, ""actual_onset_global_ms"": 41502.56, ""actual_offset_global_ms"": 41604.038, ""actual_duration_ms"": 101.478}, {""stage_name"": ""stimulus"", ""planned_duration_ms"": 3000, ""intended_onset_ms"": 41597.371, ""actual_onset_global_ms"": 41605.406, ""actual_offset_global_ms"": 42796.475, ""actual_duration_ms"": 1191.069}, {""stage_name"": ""feedback"", ""planned_duration_ms"": 600, ""intended_onset_ms"": 42796.475, ""actual_onset_global_ms"": 42805.179, ""actual_offset_global_ms"": 43405.795, ""actual_duration_ms"": 600.616}]",correct.wav,42801.26,600.0,43401.26,,,,,,,,,,,,,,,,,,,,,,,,,,,,,,,,,,,,,,,,,,,,,,,,,,,,,,,,,,,,,,,,,,,,,,,
053,053_T1_20260518_160418,PA,T1,standard,hci_substudy_v2,1,telemetry_v4,flanker,1,practice_full,practice,2,3,9,practice,incongruent,1779091458,237.772,2026-05-18T16:05:03.427,0,0,0,1,43403.616,43407.765,incongruent,right,left,<<><<,j,j,1,938.199,44448.325,correct,1.0,43503.616,43510.126,44448.325,3000,938.199,45048.325,"[{""stage_name"": ""fixation"", ""planned_duration_ms"": 100, ""intended_onset_ms"": 43403.616, ""actual_onset_global_ms"": 43407.765, ""actual_offset_global_ms"": 43509.16, ""actual_duration_ms"": 101.395}, {""stage_name"": ""stimulus"", ""planned_duration_ms"": 3000, ""intended_onset_ms"": 43503.616, ""actual_onset_global_ms"": 43510.126, ""actual_offset_global_ms"": 44448.325, ""actual_duration_ms"": 938.199}, {""stage_name"": ""feedback"", ""planned_duration_ms"": 600, ""intended_onset_ms"": 44448.325, ""actual_onset_global_ms"": 44458.113, ""actual_offset_global_ms"": 45058.966, ""actual_duration_ms"": 600.853}]",correct.wav,44454.309,600.0,45054.309,,,,,,,,,,,,,,,,,,,,,,,,,,,,,,,,,,,,,,,,,,,,,,,,,,,,,,,,,,,,,,,,,,,,,,,
053,053_T1_20260518_160418,PA,T1,standard,hci_substudy_v2,1,telemetry_v4,flanker,1,practice_full,practice,2,4,10,practice,congruent,1779091458,237.772,2026-05-18T16:05:05.081,0,0,0,1,45056.856,45062.784,congruent,left,left,<<<<<,s,s,1,818.6,45985.017,correct,1.0,45156.856,45166.417,45985.017,3000,818.6,46585.017,"[{""stage_name"": ""fixation"", ""planned_duration_ms"": 100, ""intended_onset_ms"": 45056.856, ""actual_onset_global_ms"": 45062.784, ""actual_offset_global_ms"": 45165.113, ""actual_duration_ms"": 102.329}, {""stage_name"": ""stimulus"", ""planned_duration_ms"": 3000, ""intended_onset_ms"": 45156.856, ""actual_onset_global_ms"": 45166.417, ""actual_offset_global_ms"": 45985.017, ""actual_duration_ms"": 818.6}, {""stage_name"": ""feedback"", ""planned_duration_ms"": 600, ""intended_onset_ms"": 45985.017, ""actual_onset_global_ms"": 45989.053, ""actual_offset_global_ms"": 46590.806, ""actual_duration_ms"": 601.753}]",correct.wav,45985.313,600.0,46585.313,,,,,,,,,,,,,,,,,,,,,,,,,,,,,,,,,,,,,,,,,,,,,,,,,,,,,,,,,,,,,,,,,,,,,,,
053,053_T1_20260518_160418,PA,T1,standard,hci_substudy_v2,1,telemetry_v4,flanker,1,practice_full,practice,2,5,11,practice,incongruent,1779091458,237.772,2026-05-18T16:05:06.612,0,0,0,1,46588.703,46593.068,incongruent,right,left,<<><<,j,j,1,704.57,47400.099,correct,1.0,46688.703,46695.529,47400.099,3000,704.57,48000.099,"[{""stage_name"": ""fixation"", ""planned_duration_ms"": 100, ""intended_onset_ms"": 46588.703, ""actual_onset_global_ms"": 46593.068, ""actual_offset_global_ms"": 46693.756, ""actual_duration_ms"": 100.688}, {""stage_name"": ""stimulus"", ""planned_duration_ms"": 3000, ""intended_onset_ms"": 46688.703, ""actual_onset_global_ms"": 46695.529, ""actual_offset_global_ms"": 47400.099, ""actual_duration_ms"": 704.57}, {""stage_name"": ""feedback"", ""planned_duration_ms"": 600, ""intended_onset_ms"": 47400.099, ""actual_onset_global_ms"": 47407.45, ""actual_offset_global_ms"": 48008.802, ""actual_duration_ms"": 601.352}]",correct.wav,47402.612,600.0,48002.612,,,,,,,,,,,,,,,,,,,,,,,,,,,,,,,,,,,,,,,,,,,,,,,,,,,,,,,,,,,,,,,,,,,,,,,
053,053_T1_20260518_160418,PA,T1,standard,hci_substudy_v2,1,telemetry_v4,flanker,1,practice_full,practice,2,6,12,practice,congruent,1779091458,237.772,2026-05-18T16:05:08.031,0,0,0,1,48006.948,48012.221,congruent,right,right,>>>>>,j,j,1,728.02,48842.854,correct,1.0,48106.948,48114.834,48842.854,3000,728.02,49442.854,"[{""stage_name"": ""fixation"", ""planned_duration_ms"": 100, ""intended_onset_ms"": 48006.948, ""actual_onset_global_ms"": 48012.221, ""actual_offset_global_ms"": 48113.638, ""actual_duration_ms"": 101.417}, {""stage_name"": ""stimulus"", ""planned_duration_ms"": 3000, ""intended_onset_ms"": 48106.948, ""actual_onset_global_ms"": 48114.834, ""actual_offset_global_ms"": 48842.854, ""actual_duration_ms"": 728.02}, {""stage_name"": ""feedback"", ""planned_duration_ms"": 600, ""intended_onset_ms"": 48842.854, ""actual_onset_global_ms"": 48853.398, ""actual_offset_global_ms"": 49453.603, ""actual_duration_ms"": 600.205}]",correct.wav,48849.099,600.0,49449.099,,,,,,,,,,,,,,,,,,,,,,,,,,,,,,,,,,,,,,,,,,,,,,,,,,,,,,,,,,,,,,,,,,,,,,,
053,053_T1_20260518_160418,PA,T1,standard,hci_substudy_v2,1,telemetry_v4,flanker,1,formal_block_1,formal,1,1,13,formal,incongruent,1779091458,237.772,2026-05-18T16:05:11.791,0,0,0,1,51767.169,51773.028,incongruent,left,right,>><>>,s,s,1,939.376,52812.415,none,,51867.169,51873.039,52812.415,3000,939.376,52812.415,"[{""stage_name"": ""fixation"", ""planned_duration_ms"": 100, ""intended_onset_ms"": 51767.169, ""actual_onset_global_ms"": 51773.028, ""actual_offset_global_ms"": 51871.621, ""actual_duration_ms"": 98.593}, {""stage_name"": ""stimulus"", ""planned_duration_ms"": 3000, ""intended_onset_ms"": 51867.169, ""actual_onset_global_ms"": 51873.039, ""actual_offset_global_ms"": 52812.415, ""actual_duration_ms"": 939.376}]",,,,,,,,,,,,,,,,,,,,,,,,,,,,,,,,,,,,,,,,,,,,,,,,,,,,,,,,,,,,,,,,,,,,,,,,,,,
053,053_T1_20260518_160418,PA,T1,standard,hci_substudy_v2,1,telemetry_v4,flanker,1,formal_block_1,formal,1,2,14,formal,incongruent,1779091458,237.772,2026-05-18T16:05:12.842,0,0,0,1,52818.669,52823.113,incongruent,left,right,>><>>,s,s,1,897.436,53824.16,none,,52918.669,52926.724,53824.16,3000,897.436,53824.16,"[{""stage_name"": ""fixation"", ""planned_duration_ms"": 100, ""intended_onset_ms"": 52818.669, ""actual_onset_global_ms"": 52823.113, ""actual_offset_global_ms"": 52924.824, ""actual_duration_ms"": 101.711}, {""stage_name"": ""stimulus"", ""planned_duration_ms"": 3000, ""intended_onset_ms"": 52918.669, ""actual_onset_global_ms"": 52926.724, ""actual_offset_global_ms"": 53824.16, ""actual_duration_ms"": 897.436}]",,,,,,,,,,,,,,,,,,,,,,,,,,,,,,,,,,,,,,,,,,,,,,,,,,,,,,,,,,,,,,,,,,,,,,,,,,,
053,053_T1_20260518_160418,PA,T1,standard,hci_substudy_v2,1,telemetry_v4,flanker,1,formal_block_1,formal,1,3,15,formal,congruent,1779091458,237.772,2026-05-18T16:05:13.854,0,0,0,1,53830.579,53835.623,congruent,left,left,<<<<<,s,s,1,622.193,54559.951,none,,53930.579,53937.758,54559.951,3000,622.193,54559.951,"[{""stage_name"": ""fixation"", ""planned_duration_ms"": 100, ""intended_onset_ms"": 53830.579, ""actual_onset_global_ms"": 53835.623, ""actual_offset_global_ms"": 53936.626, ""actual_duration_ms"": 101.003}, {""stage_name"": ""stimulus"", ""planned_duration_ms"": 3000, ""intended_onset_ms"": 53930.579, ""actual_onset_global_ms"": 53937.758, ""actual_offset_global_ms"": 54559.951, ""actual_duration_ms"": 622.193}]",,,,,,,,,,,,,,,,,,,,,,,,,,,,,,,,,,,,,,,,,,,,,,,,,,,,,,,,,,,,,,,,,,,,,,,,,,,
053,053_T1_20260518_160418,PA,T1,standard,hci_substudy_v2,1,telemetry_v4,flanker,1,formal_block_1,formal,1,4,16,formal,congruent,1779091458,237.772,2026-05-18T16:05:14.591,0,0,0,1,54567.198,54571.364,congruent,right,right,>>>>>,j,j,1,1231.378,55909.376,none,,54667.198,54677.998,55909.376,3000,1231.378,55909.376,"[{""stage_name"": ""fixation"", ""planned_duration_ms"": 100, ""intended_onset_ms"": 54567.198, ""actual_onset_global_ms"": 54571.364, ""actual_offset_global_ms"": 54674.906, ""actual_duration_ms"": 103.542}, {""stage_name"": ""stimulus"", ""planned_duration_ms"": 3000, ""intended_onset_ms"": 54667.198, ""actual_onset_global_ms"": 54677.998, ""actual_offset_global_ms"": 55909.376, ""actual_duration_ms"": 1231.378}]",,,,,,,,,,,,,,,,,,,,,,,,,,,,,,,,,,,,,,,,,,,,,,,,,,,,,,,,,,,,,,,,,,,,,,,,,,,
053,053_T1_20260518_160418,PA,T1,standard,hci_substudy_v2,1,telemetry_v4,flanker,1,formal_block_1,formal,1,5,17,formal,incongruent,1779091458,237.772,2026-05-18T16:05:15.937,0,0,0,1,55914.116,55919.296,incongruent,left,right,>><>>,s,s,1,1340.689,57363.454,none,,56014.116,56022.765,57363.454,3000,1340.689,57363.454,"[{""stage_name"": ""fixation"", ""planned_duration_ms"": 100, ""intended_onset_ms"": 55914.116, ""actual_onset_global_ms"": 55919.296, ""actual_offset_global_ms"": 56020.791, ""actual_duration_ms"": 101.495}, {""stage_name"": ""stimulus"", ""planned_duration_ms"": 3000, ""intended_onset_ms"": 56014.116, ""actual_onset_global_ms"": 56022.765, ""actual_offset_global_ms"": 57363.454, ""actual_duration_ms"": 1340.689}]",,,,,,,,,,,,,,,,,,,,,,,,,,,,,,,,,,,,,,,,,,,,,,,,,,,,,,,,,,,,,,,,,,,,,,,,,,,
053,053_T1_20260518_160418,PA,T1,standard,hci_substudy_v2,1,telemetry_v4,flanker,1,formal_block_1,formal,1,6,18,formal,incongruent,1779091458,237.772,2026-05-18T16:05:17.394,0,0,0,1,57370.058,57379.583,incongruent,right,left,<<><<,j,j,1,613.76,58091.654,none,,57470.058,57477.894,58091.654,3000,613.76,58091.654,"[{""stage_name"": ""fixation"", ""planned_duration_ms"": 100, ""intended_onset_ms"": 57370.058, ""actual_onset_global_ms"": 57379.583, ""actual_offset_global_ms"": 57476.271, ""actual_duration_ms"": 96.688}, {""stage_name"": ""stimulus"", ""planned_duration_ms"": 3000, ""intended_onset_ms"": 57470.058, ""actual_onset_global_ms"": 57477.894, ""actual_offset_global_ms"": 58091.654, ""actual_duration_ms"": 613.76}]",,,,,,,,,,,,,,,,,,,,,,,,,,,,,,,,,,,,,,,,,,,,,,,,,,,,,,,,,,,,,,,,,,,,,,,,,,,
053,053_T1_20260518_160418,PA,T1,standard,hci_substudy_v2,1,telemetry_v4,flanker,1,formal_block_1,formal,1,7,19,formal,congruent,1779091458,237.772,2026-05-18T16:05:18.126,0,0,0,1,58102.47,58108.0,congruent,left,left,<<<<<,s,s,1,662.962,58871.415,none,,58202.47,58208.453,58871.415,3000,662.962,58871.415,"[{""stage_name"": ""fixation"", ""planned_duration_ms"": 100, ""intended_onset_ms"": 58102.47, ""actual_onset_global_ms"": 58108.0, ""actual_offset_global_ms"": 58206.837, ""actual_duration_ms"": 98.837}, {""stage_name"": ""stimulus"", ""planned_duration_ms"": 3000, ""intended_onset_ms"": 58202.47, ""actual_onset_global_ms"": 58208.453, ""actual_offset_global_ms"": 58871.415, ""actual_duration_ms"": 662.962}]",,,,,,,,,,,,,,,,,,,,,,,,,,,,,,,,,,,,,,,,,,,,,,,,,,,,,,,,,,,,,,,,,,,,,,,,,,,
053,053_T1_20260518_160418,PA,T1,standard,hci_substudy_v2,1,telemetry_v4,flanker,1,formal_block_1,formal,1,8,20,formal,congruent,1779091458,237.772,2026-05-18T16:05:18.905,0,0,0,1,58881.833,58887.536,congruent,right,right,>>>>>,j,j,1,552.255,59539.993,none,,58981.833,58987.738,59539.993,3000,552.255,59539.993,"[{""stage_name"": ""fixation"", ""planned_duration_ms"": 100, ""intended_onset_ms"": 58881.833, ""actual_onset_global_ms"": 58887.536, ""actual_offset_global_ms"": 58986.364, ""actual_duration_ms"": 98.828}, {""stage_name"": ""stimulus"", ""planned_duration_ms"": 3000, ""intended_onset_ms"": 58981.833, ""actual_onset_global_ms"": 58987.738, ""actual_offset_global_ms"": 59539.993, ""actual_duration_ms"": 552.255}]",,,,,,,,,,,,,,,,,,,,,,,,,,,,,,,,,,,,,,,,,,,,,,,,,,,,,,,,,,,,,,,,,,,,,,,,,,,
053,053_T1_20260518_160418,PA,T1,standard,hci_substudy_v2,1,telemetry_v4,flanker,1,formal_block_1,formal,1,9,21,formal,incongruent,1779091458,237.772,2026-05-18T16:05:19.571,0,0,0,1,59547.45,59551.584,incongruent,left,right,>><>>,s,s,1,696.726,60353.963,none,,59647.45,59657.237,60353.963,3000,696.726,60353.963,"[{""stage_name"": ""fixation"", ""planned_duration_ms"": 100, ""intended_onset_ms"": 59547.45, ""actual_onset_global_ms"": 59551.584, ""actual_offset_global_ms"": 59655.365, ""actual_duration_ms"": 103.781}, {""stage_name"": ""stimulus"", ""planned_duration_ms"": 3000, ""intended_onset_ms"": 59647.45, ""actual_onset_global_ms"": 59657.237, ""actual_offset_global_ms"": 60353.963, ""actual_duration_ms"": 696.726}]",,,,,,,,,,,,,,,,,,,,,,,,,,,,,,,,,,,,,,,,,,,,,,,,,,,,,,,,,,,,,,,,,,,,,,,,,,,
053,053_T1_20260518_160418,PA,T1,standard,hci_substudy_v2,1,telemetry_v4,flanker,1,formal_block_1,formal,1,10,22,formal,congruent,1779091458,237.772,2026-05-18T16:05:20.386,0,0,0,1,60361.706,60366.954,congruent,left,left,<<<<<,s,s,1,954.887,61423.122,none,,60461.706,60468.235,61423.122,3000,954.887,61423.122,"[{""stage_name"": ""fixation"", ""planned_duration_ms"": 100, ""intended_onset_ms"": 60361.706, ""actual_onset_global_ms"": 60366.954, ""actual_offset_global_ms"": 60467.135, ""actual_duration_ms"": 100.181}, {""stage_name"": ""stimulus"", ""planned_duration_ms"": 3000, ""intended_onset_ms"": 60461.706, ""actual_onset_global_ms"": 60468.235, ""actual_offset_global_ms"": 61423.122, ""actual_duration_ms"": 954.887}]",,,,,,,,,,,,,,,,,,,,,,,,,,,,,,,,,,,,,,,,,,,,,,,,,,,,,,,,,,,,,,,,,,,,,,,,,,,
053,053_T1_20260518_160418,PA,T1,standard,hci_substudy_v2,1,telemetry_v4,flanker,1,formal_block_1,formal,1,11,23,formal,congruent,1779091458,237.772,2026-05-18T16:05:21.452,0,0,0,1,61427.824,61432.446,congruent,right,right,>>>>>,j,j,1,755.361,62289.139,none,,61527.824,61533.778,62289.139,3000,755.361,62289.139,"[{""stage_name"": ""fixation"", ""planned_duration_ms"": 100, ""intended_onset_ms"": 61427.824, ""actual_onset_global_ms"": 61432.446, ""actual_offset_global_ms"": 61532.378, ""actual_duration_ms"": 99.932}, {""stage_name"": ""stimulus"", ""planned_duration_ms"": 3000, ""intended_onset_ms"": 61527.824, ""actual_onset_global_ms"": 61533.778, ""actual_offset_global_ms"": 62289.139, ""actual_duration_ms"": 755.361}]",,,,,,,,,,,,,,,,,,,,,,,,,,,,,,,,,,,,,,,,,,,,,,,,,,,,,,,,,,,,,,,,,,,,,,,,,,,
053,053_T1_20260518_160418,PA,T1,standard,hci_substudy_v2,1,telemetry_v4,flanker,1,formal_block_1,formal,1,12,24,formal,incongruent,1779091458,237.772,2026-05-18T16:05:22.315,0,0,0,1,62291.536,62299.695,incongruent,right,left,<<><<,j,j,1,869.408,63267.94,none,,62391.536,62398.532,63267.94,3000,869.408,63267.94,"[{""stage_name"": ""fixation"", ""planned_duration_ms"": 100, ""intended_onset_ms"": 62291.536, ""actual_onset_global_ms"": 62299.695, ""actual_offset_global_ms"": 62396.414, ""actual_duration_ms"": 96.719}, {""stage_name"": ""stimulus"", ""planned_duration_ms"": 3000, ""intended_onset_ms"": 62391.536, ""actual_onset_global_ms"": 62398.532, ""actual_offset_global_ms"": 63267.94, ""actual_duration_ms"": 869.408}]",,,,,,,,,,,,,,,,,,,,,,,,,,,,,,,,,,,,,,,,,,,,,,,,,,,,,,,,,,,,,,,,,,,,,,,,,,,
053,053_T1_20260518_160418,PA,T1,standard,hci_substudy_v2,1,telemetry_v4,flanker,1,formal_block_1,formal,1,13,25,formal,incongruent,1779091458,237.772,2026-05-18T16:05:23.295,0,0,0,1,63271.729,63279.639,incongruent,left,right,>><>>,s,s,1,685.34,64070.007,none,,63371.729,63384.667,64070.007,3000,685.34,64070.007,"[{""stage_name"": ""fixation"", ""planned_duration_ms"": 100, ""intended_onset_ms"": 63271.729, ""actual_onset_global_ms"": 63279.639, ""actual_offset_global_ms"": 63382.503, ""actual_duration_ms"": 102.864}, {""stage_name"": ""stimulus"", ""planned_duration_ms"": 3000, ""intended_onset_ms"": 63371.729, ""actual_onset_global_ms"": 63384.667, ""actual_offset_global_ms"": 64070.007, ""actual_duration_ms"": 685.34}]",,,,,,,,,,,,,,,,,,,,,,,,,,,,,,,,,,,,,,,,,,,,,,,,,,,,,,,,,,,,,,,,,,,,,,,,,,,
053,053_T1_20260518_160418,PA,T1,standard,hci_substudy_v2,1,telemetry_v4,flanker,1,formal_block_1,formal,1,14,26,formal,congruent,1779091458,237.772,2026-05-18T16:05:24.098,0,0,0,1,64074.644,64078.825,congruent,right,right,>>>>>,j,j,1,804.88,64989.57,none,,64174.644,64184.69,64989.57,3000,804.88,64989.57,"[{""stage_name"": ""fixation"", ""planned_duration_ms"": 100, ""intended_onset_ms"": 64074.644, ""actual_onset_global_ms"": 64078.825, ""actual_offset_global_ms"": 64182.643, ""actual_duration_ms"": 103.818}, {""stage_name"": ""stimulus"", ""planned_duration_ms"": 3000, ""intended_onset_ms"": 64174.644, ""actual_onset_global_ms"": 64184.69, ""actual_offset_global_ms"": 64989.57, ""actual_duration_ms"": 804.88}]",,,,,,,,,,,,,,,,,,,,,,,,,,,,,,,,,,,,,,,,,,,,,,,,,,,,,,,,,,,,,,,,,,,,,,,,,,,
053,053_T1_20260518_160418,PA,T1,standard,hci_substudy_v2,1,telemetry_v4,flanker,1,formal_block_1,formal,1,15,27,formal,congruent,1779091458,237.772,2026-05-18T16:05:25.018,0,0,0,1,64994.066,64999.177,congruent,left,left,<<<<<,s,s,1,768.922,65872.029,none,,65094.066,65103.107,65872.029,3000,768.922,65872.029,"[{""stage_name"": ""fixation"", ""planned_duration_ms"": 100, ""intended_onset_ms"": 64994.066, ""actual_onset_global_ms"": 64999.177, ""actual_offset_global_ms"": 65101.798, ""actual_duration_ms"": 102.621}, {""stage_name"": ""stimulus"", ""planned_duration_ms"": 3000, ""intended_onset_ms"": 65094.066, ""actual_onset_global_ms"": 65103.107, ""actual_offset_global_ms"": 65872.029, ""actual_duration_ms"": 768.922}]",,,,,,,,,,,,,,,,,,,,,,,,,,,,,,,,,,,,,,,,,,,,,,,,,,,,,,,,,,,,,,,,,,,,,,,,,,,
053,053_T1_20260518_160418,PA,T1,standard,hci_substudy_v2,1,telemetry_v4,flanker,1,formal_block_1,formal,1,16,28,formal,incongruent,1779091458,237.772,2026-05-18T16:05:25.906,0,0,0,1,65882.043,65886.353,incongruent,right,left,<<><<,j,j,1,651.087,66642.37,none,,65982.043,65991.283,66642.37,3000,651.087,66642.37,"[{""stage_name"": ""fixation"", ""planned_duration_ms"": 100, ""intended_onset_ms"": 65882.043, ""actual_onset_global_ms"": 65886.353, ""actual_offset_global_ms"": 65989.549, ""actual_duration_ms"": 103.196}, {""stage_name"": ""stimulus"", ""planned_duration_ms"": 3000, ""intended_onset_ms"": 65982.043, ""actual_onset_global_ms"": 65991.283, ""actual_offset_global_ms"": 66642.37, ""actual_duration_ms"": 651.087}]",,,,,,,,,,,,,,,,,,,,,,,,,,,,,,,,,,,,,,,,,,,,,,,,,,,,,,,,,,,,,,,,,,,,,,,,,,,
053,053_T1_20260518_160418,PA,T1,standard,hci_substudy_v2,1,telemetry_v4,flanker,1,formal_block_1,formal,1,17,29,formal,incongruent,1779091458,237.772,2026-05-18T16:05:26.671,0,0,0,1,66648.085,66657.26,incongruent,right,left,<<><<,j,j,1,876.293,67634.334,none,,66748.085,66758.041,67634.334,3000,876.293,67634.334,"[{""stage_name"": ""fixation"", ""planned_duration_ms"": 100, ""intended_onset_ms"": 66648.085, ""actual_onset_global_ms"": 66657.26, ""actual_offset_global_ms"": 66754.919, ""actual_duration_ms"": 97.659}, {""stage_name"": ""stimulus"", ""planned_duration_ms"": 3000, ""intended_onset_ms"": 66748.085, ""actual_onset_global_ms"": 66758.041, ""actual_offset_global_ms"": 67634.334, ""actual_duration_ms"": 876.293}]",,,,,,,,,,,,,,,,,,,,,,,,,,,,,,,,,,,,,,,,,,,,,,,,,,,,,,,,,,,,,,,,,,,,,,,,,,,
053,053_T1_20260518_160418,PA,T1,standard,hci_substudy_v2,1,telemetry_v4,flanker,1,formal_block_1,formal,1,18,30,formal,congruent,1779091458,237.772,2026-05-18T16:05:27.666,0,0,0,1,67642.303,67646.35,congruent,right,right,>>>>>,j,j,1,1227.823,68977.34,none,,67742.303,67749.517,68977.34,3000,1227.823,68977.34,"[{""stage_name"": ""fixation"", ""planned_duration_ms"": 100, ""intended_onset_ms"": 67642.303, ""actual_onset_global_ms"": 67646.35, ""actual_offset_global_ms"": 67747.448, ""actual_duration_ms"": 101.098}, {""stage_name"": ""stimulus"", ""planned_duration_ms"": 3000, ""intended_onset_ms"": 67742.303, ""actual_onset_global_ms"": 67749.517, ""actual_offset_global_ms"": 68977.34, ""actual_duration_ms"": 1227.823}]",,,,,,,,,,,,,,,,,,,,,,,,,,,,,,,,,,,,,,,,,,,,,,,,,,,,,,,,,,,,,,,,,,,,,,,,,,,
053,053_T1_20260518_160418,PA,T1,standard,hci_substudy_v2,1,telemetry_v4,flanker,1,formal_block_1,formal,1,19,31,formal,congruent,1779091458,237.772,2026-05-18T16:05:29.006,0,0,0,1,68982.278,68987.679,congruent,left,left,<<<<<,s,s,1,849.633,69939.685,none,,69082.278,69090.052,69939.685,3000,849.633,69939.685,"[{""stage_name"": ""fixation"", ""planned_duration_ms"": 100, ""intended_onset_ms"": 68982.278, ""actual_onset_global_ms"": 68987.679, ""actual_offset_global_ms"": 69088.831, ""actual_duration_ms"": 101.152}, {""stage_name"": ""stimulus"", ""planned_duration_ms"": 3000, ""intended_onset_ms"": 69082.278, ""actual_onset_global_ms"": 69090.052, ""actual_offset_global_ms"": 69939.685, ""actual_duration_ms"": 849.633}]",,,,,,,,,,,,,,,,,,,,,,,,,,,,,,,,,,,,,,,,,,,,,,,,,,,,,,,,,,,,,,,,,,,,,,,,,,,
053,053_T1_20260518_160418,PA,T1,standard,hci_substudy_v2,1,telemetry_v4,flanker,1,formal_block_1,formal,1,20,32,formal,incongruent,1779091458,237.772,2026-05-18T16:05:29.972,0,0,0,1,69948.698,69953.847,incongruent,right,left,<<><<,j,j,1,1215.844,71274.397,none,,70048.698,70058.553,71274.397,3000,1215.844,71274.397,"[{""stage_name"": ""fixation"", ""planned_duration_ms"": 100, ""intended_onset_ms"": 69948.698, ""actual_onset_global_ms"": 69953.847, ""actual_offset_global_ms"": 70054.574, ""actual_duration_ms"": 100.727}, {""stage_name"": ""stimulus"", ""planned_duration_ms"": 3000, ""intended_onset_ms"": 70048.698, ""actual_onset_global_ms"": 70058.553, ""actual_offset_global_ms"": 71274.397, ""actual_duration_ms"": 1215.844}]",,,,,,,,,,,,,,,,,,,,,,,,,,,,,,,,,,,,,,,,,,,,,,,,,,,,,,,,,,,,,,,,,,,,,,,,,,,
053,053_T1_20260518_160418,PA,T1,standard,hci_substudy_v2,1,telemetry_v4,flanker,1,formal_block_2,formal,2,1,33,formal,congruent,1779091458,237.772,2026-05-18T16:05:31.304,0,0,0,1,71280.286,71284.642,congruent,left,left,<<<<<,s,s,1,659.888,72048.676,none,,71380.286,71388.788,72048.676,3000,659.888,72048.676,"[{""stage_name"": ""fixation"", ""planned_duration_ms"": 100, ""intended_onset_ms"": 71280.286, ""actual_onset_global_ms"": 71284.642, ""actual_offset_global_ms"": 71385.992, ""actual_duration_ms"": 101.35}, {""stage_name"": ""stimulus"", ""planned_duration_ms"": 3000, ""intended_onset_ms"": 71380.286, ""actual_onset_global_ms"": 71388.788, ""actual_offset_global_ms"": 72048.676, ""actual_duration_ms"": 659.888}]",,,,,,,,,,,,,,,,,,,,,,,,,,,,,,,,,,,,,,,,,,,,,,,,,,,,,,,,,,,,,,,,,,,,,,,,,,,
053,053_T1_20260518_160418,PA,T1,standard,hci_substudy_v2,1,telemetry_v4,flanker,1,formal_block_2,formal,2,2,34,formal,incongruent,1779091458,237.772,2026-05-18T16:05:32.077,0,0,0,1,72053.511,72059.266,incongruent,left,right,>><>>,s,s,1,1103.922,73265.901,none,,72153.511,72161.979,73265.901,3000,1103.922,73265.901,"[{""stage_name"": ""fixation"", ""planned_duration_ms"": 100, ""intended_onset_ms"": 72053.511, ""actual_onset_global_ms"": 72059.266, ""actual_offset_global_ms"": 72160.756, ""actual_duration_ms"": 101.49}, {""stage_name"": ""stimulus"", ""planned_duration_ms"": 3000, ""intended_onset_ms"": 72153.511, ""actual_onset_global_ms"": 72161.979, ""actual_offset_global_ms"": 73265.901, ""actual_duration_ms"": 1103.922}]",,,,,,,,,,,,,,,,,,,,,,,,,,,,,,,,,,,,,,,,,,,,,,,,,,,,,,,,,,,,,,,,,,,,,,,,,,,
053,053_T1_20260518_160418,PA,T1,standard,hci_substudy_v2,1,telemetry_v4,flanker,1,formal_block_2,formal,2,3,35,formal,incongruent,1779091458,237.772,2026-05-18T16:05:33.298,0,0,0,1,73274.332,73278.45,incongruent,right,left,<<><<,j,j,1,713.351,74094.66,none,,73374.332,73381.309,74094.66,3000,713.351,74094.66,"[{""stage_name"": ""fixation"", ""planned_duration_ms"": 100, ""intended_onset_ms"": 73274.332, ""actual_onset_global_ms"": 73278.45, ""actual_offset_global_ms"": 73380.136, ""actual_duration_ms"": 101.686}, {""stage_name"": ""stimulus"", ""planned_duration_ms"": 3000, ""intended_onset_ms"": 73374.332, ""actual_onset_global_ms"": 73381.309, ""actual_offset_global_ms"": 74094.66, ""actual_duration_ms"": 713.351}]",,,,,,,,,,,,,,,,,,,,,,,,,,,,,,,,,,,,,,,,,,,,,,,,,,,,,,,,,,,,,,,,,,,,,,,,,,,
053,053_T1_20260518_160418,PA,T1,standard,hci_substudy_v2,1,telemetry_v4,flanker,1,formal_block_2,formal,2,4,36,formal,congruent,1779091458,237.772,2026-05-18T16:05:34.122,0,0,0,1,74099.141,74104.826,congruent,left,left,<<<<<,s,s,1,838.123,75044.823,none,,74199.141,74206.7,75044.823,3000,838.123,75044.823,"[{""stage_name"": ""fixation"", ""planned_duration_ms"": 100, ""intended_onset_ms"": 74099.141, ""actual_onset_global_ms"": 74104.826, ""actual_offset_global_ms"": 74205.171, ""actual_duration_ms"": 100.345}, {""stage_name"": ""stimulus"", ""planned_duration_ms"": 3000, ""intended_onset_ms"": 74199.141, ""actual_onset_global_ms"": 74206.7, ""actual_offset_global_ms"": 75044.823, ""actual_duration_ms"": 838.123}]",,,,,,,,,,,,,,,,,,,,,,,,,,,,,,,,,,,,,,,,,,,,,,,,,,,,,,,,,,,,,,,,,,,,,,,,,,,
053,053_T1_20260518_160418,PA,T1,standard,hci_substudy_v2,1,telemetry_v4,flanker,1,formal_block_2,formal,2,5,37,formal,incongruent,1779091458,237.772,2026-05-18T16:05:35.073,0,0,0,1,75050.374,75059.735,incongruent,left,right,>><>>,s,s,1,1249.642,76407.589,none,,75150.374,75157.947,76407.589,3000,1249.642,76407.589,"[{""stage_name"": ""fixation"", ""planned_duration_ms"": 100, ""intended_onset_ms"": 75050.374, ""actual_onset_global_ms"": 75059.735, ""actual_offset_global_ms"": 75156.053, ""actual_duration_ms"": 96.318}, {""stage_name"": ""stimulus"", ""planned_duration_ms"": 3000, ""intended_onset_ms"": 75150.374, ""actual_onset_global_ms"": 75157.947, ""actual_offset_global_ms"": 76407.589, ""actual_duration_ms"": 1249.642}]",,,,,,,,,,,,,,,,,,,,,,,,,,,,,,,,,,,,,,,,,,,,,,,,,,,,,,,,,,,,,,,,,,,,,,,,,,,
053,053_T1_20260518_160418,PA,T1,standard,hci_substudy_v2,1,telemetry_v4,flanker,1,formal_block_2,formal,2,6,38,formal,congruent,1779091458,237.772,2026-05-18T16:05:36.437,0,0,0,1,76413.266,76417.62,congruent,right,right,>>>>>,j,j,1,885.613,77407.772,none,,76513.266,76522.159,77407.772,3000,885.613,77407.772,"[{""stage_name"": ""fixation"", ""planned_duration_ms"": 100, ""intended_onset_ms"": 76413.266, ""actual_onset_global_ms"": 76417.62, ""actual_offset_global_ms"": 76520.855, ""actual_duration_ms"": 103.235}, {""stage_name"": ""stimulus"", ""planned_duration_ms"": 3000, ""intended_onset_ms"": 76513.266, ""actual_onset_global_ms"": 76522.159, ""actual_offset_global_ms"": 77407.772, ""actual_duration_ms"": 885.613}]",,,,,,,,,,,,,,,,,,,,,,,,,,,,,,,,,,,,,,,,,,,,,,,,,,,,,,,,,,,,,,,,,,,,,,,,,,,
053,053_T1_20260518_160418,PA,T1,standard,hci_substudy_v2,1,telemetry_v4,flanker,1,formal_block_2,formal,2,7,39,formal,congruent,1779091458,237.772,2026-05-18T16:05:37.435,0,0,0,1,77411.59,77416.993,congruent,right,right,>>>>>,j,j,1,915.258,78432.527,none,,77511.59,77517.269,78432.527,3000,915.258,78432.527,"[{""stage_name"": ""fixation"", ""planned_duration_ms"": 100, ""intended_onset_ms"": 77411.59, ""actual_onset_global_ms"": 77416.993, ""actual_offset_global_ms"": 77515.967, ""actual_duration_ms"": 98.974}, {""stage_name"": ""stimulus"", ""planned_duration_ms"": 3000, ""intended_onset_ms"": 77511.59, ""actual_onset_global_ms"": 77517.269, ""actual_offset_global_ms"": 78432.527, ""actual_duration_ms"": 915.258}]",,,,,,,,,,,,,,,,,,,,,,,,,,,,,,,,,,,,,,,,,,,,,,,,,,,,,,,,,,,,,,,,,,,,,,,,,,,
053,053_T1_20260518_160418,PA,T1,standard,hci_substudy_v2,1,telemetry_v4,flanker,1,formal_block_2,formal,2,8,40,formal,congruent,1779091458,237.772,2026-05-18T16:05:38.458,0,0,0,1,78434.996,78439.576,congruent,right,right,>>>>>,j,j,1,731.354,79275.309,none,,78534.996,78543.955,79275.309,3000,731.354,79275.309,"[{""stage_name"": ""fixation"", ""planned_duration_ms"": 100, ""intended_onset_ms"": 78434.996, ""actual_onset_global_ms"": 78439.576, ""actual_offset_global_ms"": 78541.998, ""actual_duration_ms"": 102.422}, {""stage_name"": ""stimulus"", ""planned_duration_ms"": 3000, ""intended_onset_ms"": 78534.996, ""actual_onset_global_ms"": 78543.955, ""actual_offset_global_ms"": 79275.309, ""actual_duration_ms"": 731.354}]",,,,,,,,,,,,,,,,,,,,,,,,,,,,,,,,,,,,,,,,,,,,,,,,,,,,,,,,,,,,,,,,,,,,,,,,,,,
053,053_T1_20260518_160418,PA,T1,standard,hci_substudy_v2,1,telemetry_v4,flanker,1,formal_block_2,formal,2,9,41,formal,incongruent,1779091458,237.772,2026-05-18T16:05:39.303,0,0,0,1,79280.472,79285.94,incongruent,left,right,>><>>,s,s,1,635.609,80024.881,none,,79380.472,79389.272,80024.881,3000,635.609,80024.881,"[{""stage_name"": ""fixation"", ""planned_duration_ms"": 100, ""intended_onset_ms"": 79280.472, ""actual_onset_global_ms"": 79285.94, ""actual_offset_global_ms"": 79387.043, ""actual_duration_ms"": 101.103}, {""stage_name"": ""stimulus"", ""planned_duration_ms"": 3000, ""intended_onset_ms"": 79380.472, ""actual_onset_global_ms"": 79389.272, ""actual_offset_global_ms"": 80024.881, ""actual_duration_ms"": 635.609}]",,,,,,,,,,,,,,,,,,,,,,,,,,,,,,,,,,,,,,,,,,,,,,,,,,,,,,,,,,,,,,,,,,,,,,,,,,,
053,053_T1_20260518_160418,PA,T1,standard,hci_substudy_v2,1,telemetry_v4,flanker,1,formal_block_2,formal,2,10,42,formal,incongruent,1779091458,237.772,2026-05-18T16:05:40.057,0,0,0,1,80033.464,80037.518,incongruent,right,left,<<><<,j,j,1,1068.843,81211.091,none,,80133.464,80142.248,81211.091,3000,1068.843,81211.091,"[{""stage_name"": ""fixation"", ""planned_duration_ms"": 100, ""intended_onset_ms"": 80033.464, ""actual_onset_global_ms"": 80037.518, ""actual_offset_global_ms"": 80140.847, ""actual_duration_ms"": 103.329}, {""stage_name"": ""stimulus"", ""planned_duration_ms"": 3000, ""intended_onset_ms"": 80133.464, ""actual_onset_global_ms"": 80142.248, ""actual_offset_global_ms"": 81211.091, ""actual_duration_ms"": 1068.843}]",,,,,,,,,,,,,,,,,,,,,,,,,,,,,,,,,,,,,,,,,,,,,,,,,,,,,,,,,,,,,,,,,,,,,,,,,,,
053,053_T1_20260518_160418,PA,T1,standard,hci_substudy_v2,1,telemetry_v4,flanker,1,formal_block_2,formal,2,11,43,formal,congruent,1779091458,237.772,2026-05-18T16:05:41.245,0,0,0,1,81221.729,81227.63,congruent,right,right,>>>>>,j,j,1,1014.561,82345.381,none,,81321.729,81330.82,82345.381,3000,1014.561,82345.381,"[{""stage_name"": ""fixation"", ""planned_duration_ms"": 100, ""intended_onset_ms"": 81221.729, ""actual_onset_global_ms"": 81227.63, ""actual_offset_global_ms"": 81329.238, ""actual_duration_ms"": 101.608}, {""stage_name"": ""stimulus"", ""planned_duration_ms"": 3000, ""intended_onset_ms"": 81321.729, ""actual_onset_global_ms"": 81330.82, ""actual_offset_global_ms"": 82345.381, ""actual_duration_ms"": 1014.561}]",,,,,,,,,,,,,,,,,,,,,,,,,,,,,,,,,,,,,,,,,,,,,,,,,,,,,,,,,,,,,,,,,,,,,,,,,,,
053,053_T1_20260518_160418,PA,T1,standard,hci_substudy_v2,1,telemetry_v4,flanker,1,formal_block_2,formal,2,12,44,formal,incongruent,1779091458,237.772,2026-05-18T16:05:42.377,0,0,0,1,82353.474,82359.738,incongruent,right,left,<<><<,j,j,1,728.237,83192.65,none,,82453.474,82464.413,83192.65,3000,728.237,83192.65,"[{""stage_name"": ""fixation"", ""planned_duration_ms"": 100, ""intended_onset_ms"": 82353.474, ""actual_onset_global_ms"": 82359.738, ""actual_offset_global_ms"": 82462.698, ""actual_duration_ms"": 102.96}, {""stage_name"": ""stimulus"", ""planned_duration_ms"": 3000, ""intended_onset_ms"": 82453.474, ""actual_onset_global_ms"": 82464.413, ""actual_offset_global_ms"": 83192.65, ""actual_duration_ms"": 728.237}]",,,,,,,,,,,,,,,,,,,,,,,,,,,,,,,,,,,,,,,,,,,,,,,,,,,,,,,,,,,,,,,,,,,,,,,,,,,
053,053_T1_20260518_160418,PA,T1,standard,hci_substudy_v2,1,telemetry_v4,flanker,1,formal_block_2,formal,2,13,45,formal,congruent,1779091458,237.772,2026-05-18T16:05:43.225,0,0,0,1,83202.088,83206.336,congruent,left,left,<<<<<,s,s,1,862.079,84174.261,none,,83302.088,83312.182,84174.261,3000,862.079,84174.261,"[{""stage_name"": ""fixation"", ""planned_duration_ms"": 100, ""intended_onset_ms"": 83202.088, ""actual_onset_global_ms"": 83206.336, ""actual_offset_global_ms"": 83310.147, ""actual_duration_ms"": 103.811}, {""stage_name"": ""stimulus"", ""planned_duration_ms"": 3000, ""intended_onset_ms"": 83302.088, ""actual_onset_global_ms"": 83312.182, ""actual_offset_global_ms"": 84174.261, ""actual_duration_ms"": 862.079}]",,,,,,,,,,,,,,,,,,,,,,,,,,,,,,,,,,,,,,,,,,,,,,,,,,,,,,,,,,,,,,,,,,,,,,,,,,,
053,053_T1_20260518_160418,PA,T1,standard,hci_substudy_v2,1,telemetry_v4,flanker,1,formal_block_2,formal,2,14,46,formal,incongruent,1779091458,237.772,2026-05-18T16:05:44.205,0,0,0,1,84180.924,84186.952,incongruent,right,left,<<><<,j,j,1,860.641,85148.568,none,,84280.924,84287.927,85148.568,3000,860.641,85148.568,"[{""stage_name"": ""fixation"", ""planned_duration_ms"": 100, ""intended_onset_ms"": 84180.924, ""actual_onset_global_ms"": 84186.952, ""actual_offset_global_ms"": 84286.749, ""actual_duration_ms"": 99.797}, {""stage_name"": ""stimulus"", ""planned_duration_ms"": 3000, ""intended_onset_ms"": 84280.924, ""actual_onset_global_ms"": 84287.927, ""actual_offset_global_ms"": 85148.568, ""actual_duration_ms"": 860.641}]",,,,,,,,,,,,,,,,,,,,,,,,,,,,,,,,,,,,,,,,,,,,,,,,,,,,,,,,,,,,,,,,,,,,,,,,,,,
053,053_T1_20260518_160418,PA,T1,standard,hci_substudy_v2,1,telemetry_v4,flanker,1,formal_block_2,formal,2,15,47,formal,incongruent,1779091458,237.772,2026-05-18T16:05:45.179,0,0,0,1,85155.04,85159.434,incongruent,right,left,<<><<,j,j,1,1345.041,86607.945,none,,85255.04,85262.904,86607.945,3000,1345.041,86607.945,"[{""stage_name"": ""fixation"", ""planned_duration_ms"": 100, ""intended_onset_ms"": 85155.04, ""actual_onset_global_ms"": 85159.434, ""actual_offset_global_ms"": 85260.869, ""actual_duration_ms"": 101.435}, {""stage_name"": ""stimulus"", ""planned_duration_ms"": 3000, ""intended_onset_ms"": 85255.04, ""actual_onset_global_ms"": 85262.904, ""actual_offset_global_ms"": 86607.945, ""actual_duration_ms"": 1345.041}]",,,,,,,,,,,,,,,,,,,,,,,,,,,,,,,,,,,,,,,,,,,,,,,,,,,,,,,,,,,,,,,,,,,,,,,,,,,
053,053_T1_20260518_160418,PA,T1,standard,hci_substudy_v2,1,telemetry_v4,flanker,1,formal_block_2,formal,2,16,48,formal,congruent,1779091458,237.772,2026-05-18T16:05:46.639,0,0,0,1,86614.521,86620.953,congruent,left,left,<<<<<,s,s,1,732.673,87453.584,none,,86714.521,86720.911,87453.584,3000,732.673,87453.584,"[{""stage_name"": ""fixation"", ""planned_duration_ms"": 100, ""intended_onset_ms"": 86614.521, ""actual_onset_global_ms"": 86620.953, ""actual_offset_global_ms"": 86719.814, ""actual_duration_ms"": 98.861}, {""stage_name"": ""stimulus"", ""planned_duration_ms"": 3000, ""intended_onset_ms"": 86714.521, ""actual_onset_global_ms"": 86720.911, ""actual_offset_global_ms"": 87453.584, ""actual_duration_ms"": 732.673}]",,,,,,,,,,,,,,,,,,,,,,,,,,,,,,,,,,,,,,,,,,,,,,,,,,,,,,,,,,,,,,,,,,,,,,,,,,,
053,053_T1_20260518_160418,PA,T1,standard,hci_substudy_v2,1,telemetry_v4,flanker,1,formal_block_2,formal,2,17,49,formal,incongruent,1779091458,237.772,2026-05-18T16:05:47.486,0,0,0,1,87461.632,87465.756,incongruent,left,right,>><>>,s,s,1,652.028,88224.246,none,,87561.632,87572.218,88224.246,3000,652.028,88224.246,"[{""stage_name"": ""fixation"", ""planned_duration_ms"": 100, ""intended_onset_ms"": 87461.632, ""actual_onset_global_ms"": 87465.756, ""actual_offset_global_ms"": 87570.127, ""actual_duration_ms"": 104.371}, {""stage_name"": ""stimulus"", ""planned_duration_ms"": 3000, ""intended_onset_ms"": 87561.632, ""actual_onset_global_ms"": 87572.218, ""actual_offset_global_ms"": 88224.246, ""actual_duration_ms"": 652.028}]",,,,,,,,,,,,,,,,,,,,,,,,,,,,,,,,,,,,,,,,,,,,,,,,,,,,,,,,,,,,,,,,,,,,,,,,,,,
053,053_T1_20260518_160418,PA,T1,standard,hci_substudy_v2,1,telemetry_v4,flanker,1,formal_block_2,formal,2,18,50,formal,incongruent,1779091458,237.772,2026-05-18T16:05:48.257,0,0,0,1,88232.634,88239.708,incongruent,left,right,>><>>,s,j,0,441.451,88780.775,none,,88332.634,88339.324,88780.775,3000,441.451,88780.775,"[{""stage_name"": ""fixation"", ""planned_duration_ms"": 100, ""intended_onset_ms"": 88232.634, ""actual_onset_global_ms"": 88239.708, ""actual_offset_global_ms"": 88338.224, ""actual_duration_ms"": 98.516}, {""stage_name"": ""stimulus"", ""planned_duration_ms"": 3000, ""intended_onset_ms"": 88332.634, ""actual_onset_global_ms"": 88339.324, ""actual_offset_global_ms"": 88780.775, ""actual_duration_ms"": 441.451}]",,,,,,,,,,,,,,,,,,,,,,,,,,,,,,,,,,,,,,,,,,,,,,,,,,,,,,,,,,,,,,,,,,,,,,,,,,,
053,053_T1_20260518_160418,PA,T1,standard,hci_substudy_v2,1,telemetry_v4,flanker,1,formal_block_2,formal,2,19,51,formal,congruent,1779091458,237.772,2026-05-18T16:05:48.814,0,0,0,1,88789.773,88799.844,congruent,right,right,>>>>>,j,j,1,2012.546,90910.86,none,,88889.773,88898.314,90910.86,3000,2012.546,90910.86,"[{""stage_name"": ""fixation"", ""planned_duration_ms"": 100, ""intended_onset_ms"": 88789.773, ""actual_onset_global_ms"": 88799.844, ""actual_offset_global_ms"": 88894.67, ""actual_duration_ms"": 94.826}, {""stage_name"": ""stimulus"", ""planned_duration_ms"": 3000, ""intended_onset_ms"": 88889.773, ""actual_onset_global_ms"": 88898.314, ""actual_offset_global_ms"": 90910.86, ""actual_duration_ms"": 2012.546}]",,,,,,,,,,,,,,,,,,,,,,,,,,,,,,,,,,,,,,,,,,,,,,,,,,,,,,,,,,,,,,,,,,,,,,,,,,,
053,053_T1_20260518_160418,PA,T1,standard,hci_substudy_v2,1,telemetry_v4,flanker,1,formal_block_2,formal,2,20,52,formal,congruent,1779091458,237.772,2026-05-18T16:05:50.943,0,0,0,1,90919.405,90923.539,congruent,left,left,<<<<<,s,s,1,1402.262,92431.365,none,,91019.405,91029.103,92431.365,3000,1402.262,92431.365,"[{""stage_name"": ""fixation"", ""planned_duration_ms"": 100, ""intended_onset_ms"": 90919.405, ""actual_onset_global_ms"": 90923.539, ""actual_offset_global_ms"": 91027.851, ""actual_duration_ms"": 104.312}, {""stage_name"": ""stimulus"", ""planned_duration_ms"": 3000, ""intended_onset_ms"": 91019.405, ""actual_onset_global_ms"": 91029.103, ""actual_offset_global_ms"": 92431.365, ""actual_duration_ms"": 1402.262}]",,,,,,,,,,,,,,,,,,,,,,,,,,,,,,,,,,,,,,,,,,,,,,,,,,,,,,,,,,,,,,,,,,,,,,,,,,,
053,053_T1_20260518_160418,PA,T1,standard,hci_substudy_v2,1,telemetry_v4,dccs,2,pre_switch_practice,practice,1,1,1,practice,color,1779091458,237.772,2026-05-18T16:05:58.699,0,0,0,1,98675.339,98726.352,,,,,j,j,1,8455.126,107857.624,correct,1.0,99275.339,99402.498,107857.624,3000,8455.126,108007.624,"[{""stage_name"": ""fixation"", ""planned_duration_ms"": 100, ""intended_onset_ms"": 98675.339, ""actual_onset_global_ms"": 98726.352, ""actual_offset_global_ms"": 98783.31, ""actual_duration_ms"": 56.958}, {""stage_name"": ""cue"", ""planned_duration_ms"": 500, ""intended_onset_ms"": 98775.339, ""actual_onset_global_ms"": 98796.521, ""actual_offset_global_ms"": 99402.575, ""actual_duration_ms"": 606.054}, {""stage_name"": ""stimulus"", ""planned_duration_ms"": 3000, ""intended_onset_ms"": 99275.339, ""actual_onset_global_ms"": 99402.498, ""actual_offset_global_ms"": 107857.624, ""actual_duration_ms"": 8455.126}, {""stage_name"": ""feedback"", ""planned_duration_ms"": 150, ""intended_onset_ms"": 107857.624, ""actual_onset_global_ms"": 107866.375, ""actual_offset_global_ms"": 108018.179, ""actual_duration_ms"": 151.804}]",correct.wav,107859.934,150.0,108359.934,0.0,none,,,0.0,0.0,none,0.0,0.0,0.0,0.0,,,0.0,none,none,0.0,color,cue_color.wav,颜色,98796.865,500.0,99493.464,red,boat,red_boat,practice,,color,9061.103,,,,,,,,,,,,,,,,,,,,,,,,,,,,,,,,,,,,,,,,,
053,053_T1_20260518_160418,PA,T1,standard,hci_substudy_v2,1,telemetry_v4,dccs,2,pre_switch_practice,practice,1,2,2,practice,color,1779091458,237.772,2026-05-18T16:06:08.040,0,0,0,1,108016.572,108020.716,,,,,j,j,1,963.689,109643.217,correct,1.0,108616.572,108679.528,109643.217,3000,963.689,109793.217,"[{""stage_name"": ""fixation"", ""planned_duration_ms"": 100, ""intended_onset_ms"": 108016.572, ""actual_onset_global_ms"": 108020.716, ""actual_offset_global_ms"": 108122.079, ""actual_duration_ms"": 101.363}, {""stage_name"": ""cue"", ""planned_duration_ms"": 500, ""intended_onset_ms"": 108116.572, ""actual_onset_global_ms"": 108122.885, ""actual_offset_global_ms"": 108679.6, ""actual_duration_ms"": 556.715}, {""stage_name"": ""stimulus"", ""planned_duration_ms"": 3000, ""intended_onset_ms"": 108616.572, ""actual_onset_global_ms"": 108679.528, ""actual_offset_global_ms"": 109643.217, ""actual_duration_ms"": 963.689}, {""stage_name"": ""feedback"", ""planned_duration_ms"": 150, ""intended_onset_ms"": 109643.217, ""actual_onset_global_ms"": 109649.584, ""actual_offset_global_ms"": 109803.545, ""actual_duration_ms"": 153.961}]",correct.wav,109645.524,150.0,110145.524,0.0,none,,,0.0,0.0,none,0.0,0.0,0.0,0.0,,,0.0,none,none,0.0,color,cue_color.wav,颜色,108122.987,500.0,108819.586,red,boat,red_boat,practice,,color,1520.332,,,,,,,,,,,,,,,,,,,,,,,,,,,,,,,,,,,,,,,,,
053,053_T1_20260518_160418,PA,T1,standard,hci_substudy_v2,1,telemetry_v4,dccs,2,pre_switch_practice,practice,1,3,3,practice,color,1779091458,237.772,2026-05-18T16:06:09.826,0,0,0,1,109801.99,109809.345,,,,,j,j,1,810.86,111270.981,correct,1.0,110401.99,110460.121,111270.981,3000,810.86,111420.981,"[{""stage_name"": ""fixation"", ""planned_duration_ms"": 100, ""intended_onset_ms"": 109801.99, ""actual_onset_global_ms"": 109809.345, ""actual_offset_global_ms"": 109906.336, ""actual_duration_ms"": 96.991}, {""stage_name"": ""cue"", ""planned_duration_ms"": 500, ""intended_onset_ms"": 109901.99, ""actual_onset_global_ms"": 109906.648, ""actual_offset_global_ms"": 110460.528, ""actual_duration_ms"": 553.88}, {""stage_name"": ""stimulus"", ""planned_duration_ms"": 3000, ""intended_onset_ms"": 110401.99, ""actual_onset_global_ms"": 110460.121, ""actual_offset_global_ms"": 111270.981, ""actual_duration_ms"": 810.86}, {""stage_name"": ""feedback"", ""planned_duration_ms"": 150, ""intended_onset_ms"": 111270.981, ""actual_onset_global_ms"": 111280.126, ""actual_offset_global_ms"": 111432.031, ""actual_duration_ms"": 151.905}]",correct.wav,111275.624,150.0,111775.624,0.0,none,,,0.0,0.0,none,0.0,0.0,0.0,0.0,,,0.0,none,none,0.0,color,cue_color.wav,颜色,109906.738,500.0,110603.337,red,rabbit,red_rabbit,practice,,color,1364.333,,,,,,,,,,,,,,,,,,,,,,,,,,,,,,,,,,,,,,,,,
053,053_T1_20260518_160418,PA,T1,standard,hci_substudy_v2,1,telemetry_v4,dccs,2,pre_switch_practice,practice,1,4,4,practice,color,1779091458,237.772,2026-05-18T16:06:11.454,0,0,0,1,111430.285,111436.644,,,,,s,s,1,773.698,112877.887,correct,1.0,112030.285,112104.189,112877.887,3000,773.698,113027.887,"[{""stage_name"": ""fixation"", ""planned_duration_ms"": 100, ""intended_onset_ms"": 111430.285, ""actual_onset_global_ms"": 111436.644, ""actual_offset_global_ms"": 111537.097, ""actual_duration_ms"": 100.453}, {""stage_name"": ""cue"", ""planned_duration_ms"": 500, ""intended_onset_ms"": 111530.285, ""actual_onset_global_ms"": 111537.747, ""actual_offset_global_ms"": 112104.179, ""actual_duration_ms"": 566.432}, {""stage_name"": ""stimulus"", ""planned_duration_ms"": 3000, ""intended_onset_ms"": 112030.285, ""actual_onset_global_ms"": 112104.189, ""actual_offset_global_ms"": 112877.887, ""actual_duration_ms"": 773.698}, {""stage_name"": ""feedback"", ""planned_duration_ms"": 150, ""intended_onset_ms"": 112877.887, ""actual_onset_global_ms"": 112884.437, ""actual_offset_global_ms"": 113037.035, ""actual_duration_ms"": 152.598}]",correct.wav,112879.694,150.0,113379.694,0.0,none,,,0.0,0.0,none,0.0,0.0,0.0,0.0,,,0.0,none,none,0.0,color,cue_color.wav,颜色,111537.853,500.0,112234.452,blue,rabbit,blue_rabbit,practice,,color,1340.14,,,,,,,,,,,,,,,,,,,,,,,,,,,,,,,,,,,,,,,,,
053,053_T1_20260518_160418,PA,T1,standard,hci_substudy_v2,1,telemetry_v4,dccs,2,pre_switch_practice,practice,1,5,5,practice,color,1779091458,237.772,2026-05-18T16:06:13.058,0,0,0,1,113035.362,113039.45,,,,,s,s,1,700.899,114413.03,correct,1.0,113635.362,113712.131,114413.03,3000,700.899,114563.03,"[{""stage_name"": ""fixation"", ""planned_duration_ms"": 100, ""intended_onset_ms"": 113035.362, ""actual_onset_global_ms"": 113039.45, ""actual_offset_global_ms"": 113140.376, ""actual_duration_ms"": 100.926}, {""stage_name"": ""cue"", ""planned_duration_ms"": 500, ""intended_onset_ms"": 113135.362, ""actual_onset_global_ms"": 113141.073, ""actual_offset_global_ms"": 113712.278, ""actual_duration_ms"": 571.205}, {""stage_name"": ""stimulus"", ""planned_duration_ms"": 3000, ""intended_onset_ms"": 113635.362, ""actual_onset_global_ms"": 113712.131, ""actual_offset_global_ms"": 114413.03, ""actual_duration_ms"": 700.899}, {""stage_name"": ""feedback"", ""planned_duration_ms"": 150, ""intended_onset_ms"": 114413.03, ""actual_onset_global_ms"": 114417.16, ""actual_offset_global_ms"": 114570.763, ""actual_duration_ms"": 153.603}]",correct.wav,114413.234,150.0,114913.234,0.0,none,,,0.0,0.0,none,0.0,0.0,0.0,0.0,,,0.0,none,none,0.0,color,cue_color.wav,颜色,113141.155,500.0,113837.754,blue,boat,blue_boat,practice,,color,1271.957,,,,,,,,,,,,,,,,,,,,,,,,,,,,,,,,,,,,,,,,,
053,053_T1_20260518_160418,PA,T1,standard,hci_substudy_v2,1,telemetry_v4,dccs,2,pre_switch_practice,practice,1,6,6,practice,color,1779091458,237.772,2026-05-18T16:06:14.592,0,0,0,1,114568.826,114574.171,,,,,s,s,1,510.732,115749.18,correct,1.0,115168.826,115238.448,115749.18,3000,510.732,115899.18,"[{""stage_name"": ""fixation"", ""planned_duration_ms"": 100, ""intended_onset_ms"": 114568.826, ""actual_onset_global_ms"": 114574.171, ""actual_offset_global_ms"": 114674.068, ""actual_duration_ms"": 99.897}, {""stage_name"": ""cue"", ""planned_duration_ms"": 500, ""intended_onset_ms"": 114668.826, ""actual_onset_global_ms"": 114676.088, ""actual_offset_global_ms"": 115238.773, ""actual_duration_ms"": 562.685}, {""stage_name"": ""stimulus"", ""planned_duration_ms"": 3000, ""intended_onset_ms"": 115168.826, ""actual_onset_global_ms"": 115238.448, ""actual_offset_global_ms"": 115749.18, ""actual_duration_ms"": 510.732}, {""stage_name"": ""feedback"", ""planned_duration_ms"": 150, ""intended_onset_ms"": 115749.18, ""actual_onset_global_ms"": 115754.374, ""actual_offset_global_ms"": 115904.784, ""actual_duration_ms"": 150.41}]",correct.wav,115750.124,150.0,116250.124,0.0,none,,,0.0,0.0,none,0.0,0.0,0.0,0.0,,,0.0,none,none,0.0,color,cue_color.wav,颜色,114676.198,500.0,115372.797,blue,rabbit,blue_rabbit,practice,,color,1073.092,,,,,,,,,,,,,,,,,,,,,,,,,,,,,,,,,,,,,,,,,
053,053_T1_20260518_160418,PA,T1,standard,hci_substudy_v2,1,telemetry_v4,dccs,2,post_switch_practice,practice,2,1,7,practice,shape,1779091458,237.772,2026-05-18T16:06:18.586,0,0,0,1,118561.458,118567.982,,,,,s,s,1,2357.418,121712.292,correct,1.0,119161.458,119354.874,121712.292,3000,2357.418,121862.292,"[{""stage_name"": ""fixation"", ""planned_duration_ms"": 100, ""intended_onset_ms"": 118561.458, ""actual_onset_global_ms"": 118567.982, ""actual_offset_global_ms"": 118667.367, ""actual_duration_ms"": 99.385}, {""stage_name"": ""cue"", ""planned_duration_ms"": 500, ""intended_onset_ms"": 118661.458, ""actual_onset_global_ms"": 118670.672, ""actual_offset_global_ms"": 119354.389, ""actual_duration_ms"": 683.717}, {""stage_name"": ""stimulus"", ""planned_duration_ms"": 3000, ""intended_onset_ms"": 119161.458, ""actual_onset_global_ms"": 119354.874, ""actual_offset_global_ms"": 121712.292, ""actual_duration_ms"": 2357.418}, {""stage_name"": ""feedback"", ""planned_duration_ms"": 150, ""intended_onset_ms"": 121712.292, ""actual_onset_global_ms"": 121720.644, ""actual_offset_global_ms"": 121870.166, ""actual_duration_ms"": 149.522}]",correct.wav,121715.89,150.0,122215.89,0.0,none,,,0.0,0.0,none,0.0,0.0,0.0,0.0,,,0.0,none,none,0.0,shape,cue_shape.wav,形状,118670.79,500.0,119437.048,red,rabbit,red_rabbit,practice,,shape,3041.62,,,,,,,,,,,,,,,,,,,,,,,,,,,,,,,,,,,,,,,,,
053,053_T1_20260518_160418,PA,T1,standard,hci_substudy_v2,1,telemetry_v4,dccs,2,post_switch_practice,practice,2,2,8,practice,shape,1779091458,237.772,2026-05-18T16:06:21.892,0,0,0,1,121868.472,121875.249,,,,,j,j,1,1180.872,123761.406,correct,1.0,122468.472,122580.534,123761.406,3000,1180.872,123911.406,"[{""stage_name"": ""fixation"", ""planned_duration_ms"": 100, ""intended_onset_ms"": 121868.472, ""actual_onset_global_ms"": 121875.249, ""actual_offset_global_ms"": 121977.272, ""actual_duration_ms"": 102.023}, {""stage_name"": ""cue"", ""planned_duration_ms"": 500, ""intended_onset_ms"": 121968.472, ""actual_onset_global_ms"": 121978.675, ""actual_offset_global_ms"": 122580.189, ""actual_duration_ms"": 601.514}, {""stage_name"": ""stimulus"", ""planned_duration_ms"": 3000, ""intended_onset_ms"": 122468.472, ""actual_onset_global_ms"": 122580.534, ""actual_offset_global_ms"": 123761.406, ""actual_duration_ms"": 1180.872}, {""stage_name"": ""feedback"", ""planned_duration_ms"": 150, ""intended_onset_ms"": 123761.406, ""actual_onset_global_ms"": 123769.068, ""actual_offset_global_ms"": 123920.955, ""actual_duration_ms"": 151.887}]",correct.wav,123764.261,150.0,124264.261,0.0,none,,,0.0,0.0,none,0.0,0.0,0.0,0.0,,,0.0,none,none,0.0,shape,cue_shape.wav,形状,121978.804,500.0,122745.062,blue,boat,blue_boat,practice,,shape,1782.731,,,,,,,,,,,,,,,,,,,,,,,,,,,,,,,,,,,,,,,,,
053,053_T1_20260518_160418,PA,T1,standard,hci_substudy_v2,1,telemetry_v4,dccs,2,post_switch_practice,practice,2,3,9,practice,shape,1779091458,237.772,2026-05-18T16:06:23.943,0,0,0,1,123919.268,123923.882,,,,,j,j,1,698.6,125327.219,correct,1.0,124519.268,124628.619,125327.219,3000,698.6,125477.219,"[{""stage_name"": ""fixation"", ""planned_duration_ms"": 100, ""intended_onset_ms"": 123919.268, ""actual_onset_global_ms"": 123923.882, ""actual_offset_global_ms"": 124027.055, ""actual_duration_ms"": 103.173}, {""stage_name"": ""cue"", ""planned_duration_ms"": 500, ""intended_onset_ms"": 124019.268, ""actual_onset_global_ms"": 124028.881, ""actual_offset_global_ms"": 124628.036, ""actual_duration_ms"": 599.155}, {""stage_name"": ""stimulus"", ""planned_duration_ms"": 3000, ""intended_onset_ms"": 124519.268, ""actual_onset_global_ms"": 124628.619, ""actual_offset_global_ms"": 125327.219, ""actual_duration_ms"": 698.6}, {""stage_name"": ""feedback"", ""planned_duration_ms"": 150, ""intended_onset_ms"": 125327.219, ""actual_onset_global_ms"": 125331.97, ""actual_offset_global_ms"": 125481.652, ""actual_duration_ms"": 149.682}]",correct.wav,125327.434,150.0,125827.434,0.0,none,,,0.0,0.0,none,0.0,0.0,0.0,0.0,,,0.0,none,none,0.0,shape,cue_shape.wav,形状,124028.966,500.0,124795.224,red,boat,red_boat,practice,,shape,1298.338,,,,,,,,,,,,,,,,,,,,,,,,,,,,,,,,,,,,,,,,,
053,053_T1_20260518_160418,PA,T1,standard,hci_substudy_v2,1,telemetry_v4,dccs,2,post_switch_practice,practice,2,4,10,practice,shape,1779091458,237.772,2026-05-18T16:06:25.503,0,0,0,1,125480.291,125486.043,,,,,j,j,1,662.477,126845.472,correct,1.0,126080.291,126182.995,126845.472,3000,662.477,126995.472,"[{""stage_name"": ""fixation"", ""planned_duration_ms"": 100, ""intended_onset_ms"": 125480.291, ""actual_onset_global_ms"": 125486.043, ""actual_offset_global_ms"": 125585.059, ""actual_duration_ms"": 99.016}, {""stage_name"": ""cue"", ""planned_duration_ms"": 500, ""intended_onset_ms"": 125580.291, ""actual_onset_global_ms"": 125586.054, ""actual_offset_global_ms"": 126182.669, ""actual_duration_ms"": 596.615}, {""stage_name"": ""stimulus"", ""planned_duration_ms"": 3000, ""intended_onset_ms"": 126080.291, ""actual_onset_global_ms"": 126182.995, ""actual_offset_global_ms"": 126845.472, ""actual_duration_ms"": 662.477}, {""stage_name"": ""feedback"", ""planned_duration_ms"": 150, ""intended_onset_ms"": 126845.472, ""actual_onset_global_ms"": 126853.659, ""actual_offset_global_ms"": 127006.74, ""actual_duration_ms"": 153.081}]",correct.wav,126848.643,150.0,127348.643,0.0,none,,,0.0,0.0,none,0.0,0.0,0.0,0.0,,,0.0,none,none,0.0,shape,cue_shape.wav,形状,125586.16,500.0,126352.418,red,boat,red_boat,practice,,shape,1259.418,,,,,,,,,,,,,,,,,,,,,,,,,,,,,,,,,,,,,,,,,
053,053_T1_20260518_160418,PA,T1,standard,hci_substudy_v2,1,telemetry_v4,dccs,2,post_switch_practice,practice,2,5,11,practice,shape,1779091458,237.772,2026-05-18T16:06:27.029,0,0,0,1,127004.936,127010.788,,,,,s,s,1,882.153,128598.765,correct,1.0,127604.936,127716.612,128598.765,3000,882.153,128748.765,"[{""stage_name"": ""fixation"", ""planned_duration_ms"": 100, ""intended_onset_ms"": 127004.936, ""actual_onset_global_ms"": 127010.788, ""actual_offset_global_ms"": 127109.686, ""actual_duration_ms"": 98.898}, {""stage_name"": ""cue"", ""planned_duration_ms"": 500, ""intended_onset_ms"": 127104.936, ""actual_onset_global_ms"": 127110.539, ""actual_offset_global_ms"": 127716.507, ""actual_duration_ms"": 605.968}, {""stage_name"": ""stimulus"", ""planned_duration_ms"": 3000, ""intended_onset_ms"": 127604.936, ""actual_onset_global_ms"": 127716.612, ""actual_offset_global_ms"": 128598.765, ""actual_duration_ms"": 882.153}, {""stage_name"": ""feedback"", ""planned_duration_ms"": 150, ""intended_onset_ms"": 128598.765, ""actual_onset_global_ms"": 128605.52, ""actual_offset_global_ms"": 128758.095, ""actual_duration_ms"": 152.575}]",correct.wav,128600.985,150.0,129100.985,0.0,none,,,0.0,0.0,none,0.0,0.0,0.0,0.0,,,0.0,none,none,0.0,shape,cue_shape.wav,形状,127110.679,500.0,127876.937,blue,rabbit,blue_rabbit,practice,,shape,1488.226,,,,,,,,,,,,,,,,,,,,,,,,,,,,,,,,,,,,,,,,,
053,053_T1_20260518_160418,PA,T1,standard,hci_substudy_v2,1,telemetry_v4,dccs,2,post_switch_practice,practice,2,6,12,practice,shape,1779091458,237.772,2026-05-18T16:06:28.779,0,0,0,1,128756.367,128760.903,,,,,s,j,0,539.098,130004.39,incorrect,1.0,129356.367,129465.292,130004.39,3000,539.098,130154.39,"[{""stage_name"": ""fixation"", ""planned_duration_ms"": 100, ""intended_onset_ms"": 128756.367, ""actual_onset_global_ms"": 128760.903, ""actual_offset_global_ms"": 128863.976, ""actual_duration_ms"": 103.073}, {""stage_name"": ""cue"", ""planned_duration_ms"": 500, ""intended_onset_ms"": 128856.367, ""actual_onset_global_ms"": 128865.159, ""actual_offset_global_ms"": 129465.442, ""actual_duration_ms"": 600.283}, {""stage_name"": ""stimulus"", ""planned_duration_ms"": 3000, ""intended_onset_ms"": 129356.367, ""actual_onset_global_ms"": 129465.292, ""actual_offset_global_ms"": 130004.39, ""actual_duration_ms"": 539.098}, {""stage_name"": ""feedback"", ""planned_duration_ms"": 150, ""intended_onset_ms"": 130004.39, ""actual_onset_global_ms"": 130016.314, ""actual_offset_global_ms"": 130168.361, ""actual_duration_ms"": 152.047}]",incorrect.wav,130009.931,150.0,130509.931,0.0,none,,,0.0,0.0,none,0.0,0.0,0.0,0.0,,,0.0,none,none,0.0,shape,cue_shape.wav,形状,128865.25,500.0,129631.508,blue,rabbit,blue_rabbit,practice,,shape,1139.231,,,,,,,,,,,,,,,,,,,,,,,,,,,,,,,,,,,,,,,,,
053,053_T1_20260518_160418,PA,T1,standard,hci_substudy_v2,1,telemetry_v4,dccs,2,mixed_formal,formal,1,1,13,formal,color,1779091458,237.772,2026-05-18T16:06:34.228,0,0,0,1,134204.587,134211.223,,,,,s,s,1,3359.01,138262.153,none,,134804.587,134903.143,138262.153,3000,3359.01,138262.153,"[{""stage_name"": ""fixation"", ""planned_duration_ms"": 100, ""intended_onset_ms"": 134204.587, ""actual_onset_global_ms"": 134211.223, ""actual_offset_global_ms"": 134310.511, ""actual_duration_ms"": 99.288}, {""stage_name"": ""cue"", ""planned_duration_ms"": 500, ""intended_onset_ms"": 134304.587, ""actual_onset_global_ms"": 134311.154, ""actual_offset_global_ms"": 134902.77, ""actual_duration_ms"": 591.616}, {""stage_name"": ""stimulus"", ""planned_duration_ms"": 3000, ""intended_onset_ms"": 134804.587, ""actual_onset_global_ms"": 134903.143, ""actual_offset_global_ms"": 138262.153, ""actual_duration_ms"": 3359.01}]",,,,,0.0,none,,,0.0,0.0,none,0.0,0.0,0.0,0.0,,,0.0,none,none,0.0,color,cue_color.wav,颜色,134311.257,500.0,135007.856,blue,boat,blue_boat,first,,color,3950.999,,,,,,,,,,,,,,,,,,,,,,,,,,,,,,,,,,,,,,,,,
053,053_T1_20260518_160418,PA,T1,standard,hci_substudy_v2,1,telemetry_v4,dccs,2,mixed_formal,formal,1,2,14,formal,shape,1779091458,237.772,2026-05-18T16:06:38.289,0,0,0,1,138265.532,138270.275,,,,,j,j,1,3079.376,142088.765,none,,138865.532,139009.389,142088.765,3000,3079.376,142088.765,"[{""stage_name"": ""fixation"", ""planned_duration_ms"": 100, ""intended_onset_ms"": 138265.532, ""actual_onset_global_ms"": 138270.275, ""actual_offset_global_ms"": 138371.761, ""actual_duration_ms"": 101.486}, {""stage_name"": ""cue"", ""planned_duration_ms"": 500, ""intended_onset_ms"": 138365.532, ""actual_onset_global_ms"": 138372.844, ""actual_offset_global_ms"": 139009.371, ""actual_duration_ms"": 636.527}, {""stage_name"": ""stimulus"", ""planned_duration_ms"": 3000, ""intended_onset_ms"": 138865.532, ""actual_onset_global_ms"": 139009.389, ""actual_offset_global_ms"": 142088.765, ""actual_duration_ms"": 3079.376}]",,,,,0.0,none,,,0.0,0.0,none,0.0,0.0,0.0,0.0,,,0.0,none,none,0.0,shape,cue_shape.wav,形状,138372.95,500.0,139139.208,blue,boat,blue_boat,switch,color,shape,3715.921,,,,,,,,,,,,,,,,,,,,,,,,,,,,,,,,,,,,,,,,,
053,053_T1_20260518_160418,PA,T1,standard,hci_substudy_v2,1,telemetry_v4,dccs,2,mixed_formal,formal,1,3,15,formal,color,1779091458,237.772,2026-05-18T16:06:42.119,0,0,0,1,142095.767,142101.215,,,,,j,j,1,3019.356,145767.204,none,,142695.767,142747.848,145767.204,3000,3019.356,145767.204,"[{""stage_name"": ""fixation"", ""planned_duration_ms"": 100, ""intended_onset_ms"": 142095.767, ""actual_onset_global_ms"": 142101.215, ""actual_offset_global_ms"": 142202.407, ""actual_duration_ms"": 101.192}, {""stage_name"": ""cue"", ""planned_duration_ms"": 500, ""intended_onset_ms"": 142195.767, ""actual_onset_global_ms"": 142203.262, ""actual_offset_global_ms"": 142748.166, ""actual_duration_ms"": 544.904}, {""stage_name"": ""stimulus"", ""planned_duration_ms"": 3000, ""intended_onset_ms"": 142695.767, ""actual_onset_global_ms"": 142747.848, ""actual_offset_global_ms"": 145767.204, ""actual_duration_ms"": 3019.356}]",,,,,0.0,none,,,0.0,0.0,none,0.0,0.0,0.0,0.0,,,0.0,none,none,0.0,color,cue_color.wav,颜色,142203.355,500.0,142899.954,red,rabbit,red_rabbit,switch,shape,color,3563.942,,,,,,,,,,,,,,,,,,,,,,,,,,,,,,,,,,,,,,,,,
053,053_T1_20260518_160418,PA,T1,standard,hci_substudy_v2,1,telemetry_v4,dccs,2,mixed_formal,formal,1,4,16,formal,color,1779091458,237.772,2026-05-18T16:06:45.796,0,0,0,1,145773.14,145779.101,,,,,s,s,1,829.734,147263.474,none,,146373.14,146433.74,147263.474,3000,829.734,147263.474,"[{""stage_name"": ""fixation"", ""planned_duration_ms"": 100, ""intended_onset_ms"": 145773.14, ""actual_onset_global_ms"": 145779.101, ""actual_offset_global_ms"": 145879.016, ""actual_duration_ms"": 99.915}, {""stage_name"": ""cue"", ""planned_duration_ms"": 500, ""intended_onset_ms"": 145873.14, ""actual_onset_global_ms"": 145879.556, ""actual_offset_global_ms"": 146433.926, ""actual_duration_ms"": 554.37}, {""stage_name"": ""stimulus"", ""planned_duration_ms"": 3000, ""intended_onset_ms"": 146373.14, ""actual_onset_global_ms"": 146433.74, ""actual_offset_global_ms"": 147263.474, ""actual_duration_ms"": 829.734}]",,,,,0.0,none,,,0.0,0.0,none,0.0,0.0,0.0,0.0,,,0.0,none,none,0.0,color,cue_color.wav,颜色,145879.651,500.0,146576.25,blue,rabbit,blue_rabbit,repeat,color,color,1383.918,,,,,,,,,,,,,,,,,,,,,,,,,,,,,,,,,,,,,,,,,
053,053_T1_20260518_160418,PA,T1,standard,hci_substudy_v2,1,telemetry_v4,dccs,2,mixed_formal,formal,1,5,17,formal,shape,1779091458,237.772,2026-05-18T16:06:47.291,0,0,0,1,147267.369,147272.148,,,,,j,j,1,991.731,148959.089,none,,147867.369,147967.358,148959.089,3000,991.731,148959.089,"[{""stage_name"": ""fixation"", ""planned_duration_ms"": 100, ""intended_onset_ms"": 147267.369, ""actual_onset_global_ms"": 147272.148, ""actual_offset_global_ms"": 147373.496, ""actual_duration_ms"": 101.348}, {""stage_name"": ""cue"", ""planned_duration_ms"": 500, ""intended_onset_ms"": 147367.369, ""actual_onset_global_ms"": 147375.242, ""actual_offset_global_ms"": 147966.874, ""actual_duration_ms"": 591.632}, {""stage_name"": ""stimulus"", ""planned_duration_ms"": 3000, ""intended_onset_ms"": 147867.369, ""actual_onset_global_ms"": 147967.358, ""actual_offset_global_ms"": 148959.089, ""actual_duration_ms"": 991.731}]",,,,,0.0,none,,,0.0,0.0,none,0.0,0.0,0.0,0.0,,,0.0,none,none,0.0,shape,cue_shape.wav,形状,147375.355,500.0,148141.613,red,boat,red_boat,switch,color,shape,1583.847,,,,,,,,,,,,,,,,,,,,,,,,,,,,,,,,,,,,,,,,,
053,053_T1_20260518_160418,PA,T1,standard,hci_substudy_v2,1,telemetry_v4,dccs,2,mixed_formal,formal,1,6,18,formal,color,1779091458,237.772,2026-05-18T16:06:48.987,0,0,0,1,148963.418,148968.867,,,,,s,s,1,779.822,150404.272,none,,149563.418,149624.45,150404.272,3000,779.822,150404.272,"[{""stage_name"": ""fixation"", ""planned_duration_ms"": 100, ""intended_onset_ms"": 148963.418, ""actual_onset_global_ms"": 148968.867, ""actual_offset_global_ms"": 149071.171, ""actual_duration_ms"": 102.304}, {""stage_name"": ""cue"", ""planned_duration_ms"": 500, ""intended_onset_ms"": 149063.418, ""actual_onset_global_ms"": 149071.785, ""actual_offset_global_ms"": 149624.366, ""actual_duration_ms"": 552.581}, {""stage_name"": ""stimulus"", ""planned_duration_ms"": 3000, ""intended_onset_ms"": 149563.418, ""actual_onset_global_ms"": 149624.45, ""actual_offset_global_ms"": 150404.272, ""actual_duration_ms"": 779.822}]",,,,,0.0,none,,,0.0,0.0,none,0.0,0.0,0.0,0.0,,,0.0,none,none,0.0,color,cue_color.wav,颜色,149071.901,500.0,149768.5,blue,rabbit,blue_rabbit,switch,shape,color,1332.487,,,,,,,,,,,,,,,,,,,,,,,,,,,,,,,,,,,,,,,,,
053,053_T1_20260518_160418,PA,T1,standard,hci_substudy_v2,1,telemetry_v4,dccs,2,mixed_formal,formal,1,7,19,formal,shape,1779091458,237.772,2026-05-18T16:06:50.434,0,0,0,1,150410.652,150415.48,,,,,j,j,1,617.326,151742.404,none,,151010.652,151125.078,151742.404,3000,617.326,151742.404,"[{""stage_name"": ""fixation"", ""planned_duration_ms"": 100, ""intended_onset_ms"": 150410.652, ""actual_onset_global_ms"": 150415.48, ""actual_offset_global_ms"": 150519.198, ""actual_duration_ms"": 103.718}, {""stage_name"": ""cue"", ""planned_duration_ms"": 500, ""intended_onset_ms"": 150510.652, ""actual_onset_global_ms"": 150520.494, ""actual_offset_global_ms"": 151124.771, ""actual_duration_ms"": 604.277}, {""stage_name"": ""stimulus"", ""planned_duration_ms"": 3000, ""intended_onset_ms"": 151010.652, ""actual_onset_global_ms"": 151125.078, ""actual_offset_global_ms"": 151742.404, ""actual_duration_ms"": 617.326}]",,,,,0.0,none,,,0.0,0.0,none,0.0,0.0,0.0,0.0,,,0.0,none,none,0.0,shape,cue_shape.wav,形状,150520.626,500.0,151286.884,red,boat,red_boat,switch,color,shape,1221.91,,,,,,,,,,,,,,,,,,,,,,,,,,,,,,,,,,,,,,,,,
053,053_T1_20260518_160418,PA,T1,standard,hci_substudy_v2,1,telemetry_v4,dccs,2,mixed_formal,formal,1,8,20,formal,shape,1779091458,237.772,2026-05-18T16:06:51.772,0,0,0,1,151748.573,151754.522,,,,,s,s,1,2191.26,154650.092,none,,152348.573,152458.832,154650.092,3000,2191.26,154650.092,"[{""stage_name"": ""fixation"", ""planned_duration_ms"": 100, ""intended_onset_ms"": 151748.573, ""actual_onset_global_ms"": 151754.522, ""actual_offset_global_ms"": 151853.051, ""actual_duration_ms"": 98.529}, {""stage_name"": ""cue"", ""planned_duration_ms"": 500, ""intended_onset_ms"": 151848.573, ""actual_onset_global_ms"": 151853.988, ""actual_offset_global_ms"": 152458.734, ""actual_duration_ms"": 604.746}, {""stage_name"": ""stimulus"", ""planned_duration_ms"": 3000, ""intended_onset_ms"": 152348.573, ""actual_onset_global_ms"": 152458.832, ""actual_offset_global_ms"": 154650.092, ""actual_duration_ms"": 2191.26}]",,,,,0.0,none,,,0.0,0.0,none,0.0,0.0,0.0,0.0,,,0.0,none,none,0.0,shape,cue_shape.wav,形状,151854.081,500.0,152620.339,blue,rabbit,blue_rabbit,repeat,shape,shape,2796.104,,,,,,,,,,,,,,,,,,,,,,,,,,,,,,,,,,,,,,,,,
053,053_T1_20260518_160418,PA,T1,standard,hci_substudy_v2,1,telemetry_v4,dccs,2,mixed_formal,formal,1,9,21,formal,shape,1779091458,237.772,2026-05-18T16:06:54.678,0,0,0,1,154654.558,154659.42,,,,,s,s,1,743.501,156119.809,none,,155254.558,155376.308,156119.809,3000,743.501,156119.809,"[{""stage_name"": ""fixation"", ""planned_duration_ms"": 100, ""intended_onset_ms"": 154654.558, ""actual_onset_global_ms"": 154659.42, ""actual_offset_global_ms"": 154763.446, ""actual_duration_ms"": 104.026}, {""stage_name"": ""cue"", ""planned_duration_ms"": 500, ""intended_onset_ms"": 154754.558, ""actual_onset_global_ms"": 154765.046, ""actual_offset_global_ms"": 155376.309, ""actual_duration_ms"": 611.263}, {""stage_name"": ""stimulus"", ""planned_duration_ms"": 3000, ""intended_onset_ms"": 155254.558, ""actual_onset_global_ms"": 155376.308, ""actual_offset_global_ms"": 156119.809, ""actual_duration_ms"": 743.501}]",,,,,0.0,none,,,0.0,0.0,none,0.0,0.0,0.0,0.0,,,0.0,none,none,0.0,shape,cue_shape.wav,形状,154765.146,500.0,155531.404,blue,rabbit,blue_rabbit,repeat,shape,shape,1354.763,,,,,,,,,,,,,,,,,,,,,,,,,,,,,,,,,,,,,,,,,
053,053_T1_20260518_160418,PA,T1,standard,hci_substudy_v2,1,telemetry_v4,dccs,2,mixed_formal,formal,1,10,22,formal,color,1779091458,237.772,2026-05-18T16:06:56.149,0,0,0,1,156126.083,156131.757,,,,,j,j,1,2870.495,159664.293,none,,156726.083,156793.798,159664.293,3000,2870.495,159664.293,"[{""stage_name"": ""fixation"", ""planned_duration_ms"": 100, ""intended_onset_ms"": 156126.083, ""actual_onset_global_ms"": 156131.757, ""actual_offset_global_ms"": 156231.501, ""actual_duration_ms"": 99.744}, {""stage_name"": ""cue"", ""planned_duration_ms"": 500, ""intended_onset_ms"": 156226.083, ""actual_onset_global_ms"": 156232.704, ""actual_offset_global_ms"": 156793.769, ""actual_duration_ms"": 561.065}, {""stage_name"": ""stimulus"", ""planned_duration_ms"": 3000, ""intended_onset_ms"": 156726.083, ""actual_onset_global_ms"": 156793.798, ""actual_offset_global_ms"": 159664.293, ""actual_duration_ms"": 2870.495}]",,,,,0.0,none,,,0.0,0.0,none,0.0,0.0,0.0,0.0,,,0.0,none,none,0.0,color,cue_color.wav,颜色,156232.813,500.0,156929.412,red,boat,red_boat,switch,shape,color,3431.589,,,,,,,,,,,,,,,,,,,,,,,,,,,,,,,,,,,,,,,,,
053,053_T1_20260518_160418,PA,T1,standard,hci_substudy_v2,1,telemetry_v4,dccs,2,mixed_formal,formal,1,11,23,formal,shape,1779091458,237.772,2026-05-18T16:06:59.694,0,0,0,1,159670.391,159676.168,,,,,s,s,1,638.601,161023.396,none,,160270.391,160384.795,161023.396,3000,638.601,161023.396,"[{""stage_name"": ""fixation"", ""planned_duration_ms"": 100, ""intended_onset_ms"": 159670.391, ""actual_onset_global_ms"": 159676.168, ""actual_offset_global_ms"": 159776.791, ""actual_duration_ms"": 100.623}, {""stage_name"": ""cue"", ""planned_duration_ms"": 500, ""intended_onset_ms"": 159770.391, ""actual_onset_global_ms"": 159777.768, ""actual_offset_global_ms"": 160384.381, ""actual_duration_ms"": 606.613}, {""stage_name"": ""stimulus"", ""planned_duration_ms"": 3000, ""intended_onset_ms"": 160270.391, ""actual_onset_global_ms"": 160384.795, ""actual_offset_global_ms"": 161023.396, ""actual_duration_ms"": 638.601}]",,,,,0.0,none,,,0.0,0.0,none,0.0,0.0,0.0,0.0,,,0.0,none,none,0.0,shape,cue_shape.wav,形状,159777.858,500.0,160544.116,blue,rabbit,blue_rabbit,switch,color,shape,1245.628,,,,,,,,,,,,,,,,,,,,,,,,,,,,,,,,,,,,,,,,,
053,053_T1_20260518_160418,PA,T1,standard,hci_substudy_v2,1,telemetry_v4,dccs,2,mixed_formal,formal,1,12,24,formal,color,1779091458,237.772,2026-05-18T16:07:01.051,0,0,0,1,161028.455,161032.851,,,,,s,s,1,2176.536,163873.058,none,,161628.455,161696.522,163873.058,3000,2176.536,163873.058,"[{""stage_name"": ""fixation"", ""planned_duration_ms"": 100, ""intended_onset_ms"": 161028.455, ""actual_onset_global_ms"": 161032.851, ""actual_offset_global_ms"": 161134.882, ""actual_duration_ms"": 102.031}, {""stage_name"": ""cue"", ""planned_duration_ms"": 500, ""intended_onset_ms"": 161128.455, ""actual_onset_global_ms"": 161135.712, ""actual_offset_global_ms"": 161696.738, ""actual_duration_ms"": 561.026}, {""stage_name"": ""stimulus"", ""planned_duration_ms"": 3000, ""intended_onset_ms"": 161628.455, ""actual_onset_global_ms"": 161696.522, ""actual_offset_global_ms"": 163873.058, ""actual_duration_ms"": 2176.536}]",,,,,0.0,none,,,0.0,0.0,none,0.0,0.0,0.0,0.0,,,0.0,none,none,0.0,color,cue_color.wav,颜色,161135.792,500.0,161832.391,blue,rabbit,blue_rabbit,switch,shape,color,2737.346,,,,,,,,,,,,,,,,,,,,,,,,,,,,,,,,,,,,,,,,,
053,053_T1_20260518_160418,PA,T1,standard,hci_substudy_v2,1,telemetry_v4,dccs,2,mixed_formal,formal,1,13,25,formal,shape,1779091458,237.772,2026-05-18T16:07:03.901,0,0,0,1,163878.115,163883.721,,,,,j,j,1,1764.241,166369.302,none,,164478.115,164605.061,166369.302,3000,1764.241,166369.302,"[{""stage_name"": ""fixation"", ""planned_duration_ms"": 100, ""intended_onset_ms"": 163878.115, ""actual_onset_global_ms"": 163883.721, ""actual_offset_global_ms"": 163983.288, ""actual_duration_ms"": 99.567}, {""stage_name"": ""cue"", ""planned_duration_ms"": 500, ""intended_onset_ms"": 163978.115, ""actual_onset_global_ms"": 163984.525, ""actual_offset_global_ms"": 164604.503, ""actual_duration_ms"": 619.978}, {""stage_name"": ""stimulus"", ""planned_duration_ms"": 3000, ""intended_onset_ms"": 164478.115, ""actual_onset_global_ms"": 164605.061, ""actual_offset_global_ms"": 166369.302, ""actual_duration_ms"": 1764.241}]",,,,,0.0,none,,,0.0,0.0,none,0.0,0.0,0.0,0.0,,,0.0,none,none,0.0,shape,cue_shape.wav,形状,163984.634,500.0,164750.892,blue,boat,blue_boat,switch,color,shape,2384.777,,,,,,,,,,,,,,,,,,,,,,,,,,,,,,,,,,,,,,,,,
053,053_T1_20260518_160418,PA,T1,standard,hci_substudy_v2,1,telemetry_v4,dccs,2,mixed_formal,formal,1,14,26,formal,color,1779091458,237.772,2026-05-18T16:07:06.397,0,0,0,1,166373.17,166377.623,,,,,j,s,0,1245.473,168285.912,none,,166973.17,167040.439,168285.912,3000,1245.473,168285.912,"[{""stage_name"": ""fixation"", ""planned_duration_ms"": 100, ""intended_onset_ms"": 166373.17, ""actual_onset_global_ms"": 166377.623, ""actual_offset_global_ms"": 166479.147, ""actual_duration_ms"": 101.524}, {""stage_name"": ""cue"", ""planned_duration_ms"": 500, ""intended_onset_ms"": 166473.17, ""actual_onset_global_ms"": 166479.48, ""actual_offset_global_ms"": 167040.854, ""actual_duration_ms"": 561.374}, {""stage_name"": ""stimulus"", ""planned_duration_ms"": 3000, ""intended_onset_ms"": 166973.17, ""actual_onset_global_ms"": 167040.439, ""actual_offset_global_ms"": 168285.912, ""actual_duration_ms"": 1245.473}]",,,,,0.0,none,,,0.0,0.0,none,0.0,0.0,0.0,0.0,,,0.0,none,none,0.0,color,cue_color.wav,颜色,166479.588,500.0,167176.187,red,rabbit,red_rabbit,switch,shape,color,1806.432,,,,,,,,,,,,,,,,,,,,,,,,,,,,,,,,,,,,,,,,,
053,053_T1_20260518_160418,PA,T1,standard,hci_substudy_v2,1,telemetry_v4,dccs,2,mixed_formal,formal,1,15,27,formal,color,1779091458,237.772,2026-05-18T16:07:08.314,0,0,0,1,168290.44,168295.808,,,,,j,j,1,3556.296,172514.867,none,,168890.44,168958.571,172514.867,3000,3556.296,172514.867,"[{""stage_name"": ""fixation"", ""planned_duration_ms"": 100, ""intended_onset_ms"": 168290.44, ""actual_onset_global_ms"": 168295.808, ""actual_offset_global_ms"": 168397.798, ""actual_duration_ms"": 101.99}, {""stage_name"": ""cue"", ""planned_duration_ms"": 500, ""intended_onset_ms"": 168390.44, ""actual_onset_global_ms"": 168398.323, ""actual_offset_global_ms"": 168958.442, ""actual_duration_ms"": 560.119}, {""stage_name"": ""stimulus"", ""planned_duration_ms"": 3000, ""intended_onset_ms"": 168890.44, ""actual_onset_global_ms"": 168958.571, ""actual_offset_global_ms"": 172514.867, ""actual_duration_ms"": 3556.296}]",,,,,0.0,none,,,0.0,0.0,none,0.0,0.0,0.0,0.0,,,0.0,none,none,0.0,color,cue_color.wav,颜色,168398.439,500.0,169095.038,red,boat,red_boat,repeat,color,color,4116.544,,,,,,,,,,,,,,,,,,,,,,,,,,,,,,,,,,,,,,,,,
053,053_T1_20260518_160418,PA,T1,standard,hci_substudy_v2,1,telemetry_v4,dccs,2,mixed_formal,formal,1,16,28,formal,shape,1779091458,237.772,2026-05-18T16:07:12.542,0,0,0,1,172518.677,172524.571,,,,,s,s,1,1804.315,175048.637,none,,173118.677,173244.322,175048.637,3000,1804.315,175048.637,"[{""stage_name"": ""fixation"", ""planned_duration_ms"": 100, ""intended_onset_ms"": 172518.677, ""actual_onset_global_ms"": 172524.571, ""actual_offset_global_ms"": 172627.791, ""actual_duration_ms"": 103.22}, {""stage_name"": ""cue"", ""planned_duration_ms"": 500, ""intended_onset_ms"": 172618.677, ""actual_onset_global_ms"": 172628.946, ""actual_offset_global_ms"": 173243.797, ""actual_duration_ms"": 614.851}, {""stage_name"": ""stimulus"", ""planned_duration_ms"": 3000, ""intended_onset_ms"": 173118.677, ""actual_onset_global_ms"": 173244.322, ""actual_offset_global_ms"": 175048.637, ""actual_duration_ms"": 1804.315}]",,,,,0.0,none,,,0.0,0.0,none,0.0,0.0,0.0,0.0,,,0.0,none,none,0.0,shape,cue_shape.wav,形状,172629.255,500.0,173395.513,red,rabbit,red_rabbit,switch,color,shape,2419.691,,,,,,,,,,,,,,,,,,,,,,,,,,,,,,,,,,,,,,,,,
053,053_T1_20260518_160418,PA,T1,standard,hci_substudy_v2,1,telemetry_v4,dccs,2,mixed_formal,formal,1,17,29,formal,shape,1779091458,237.772,2026-05-18T16:07:15.076,0,0,0,1,175052.675,175057.586,,,,,j,s,0,922.217,176691.008,none,,175652.675,175768.791,176691.008,3000,922.217,176691.008,"[{""stage_name"": ""fixation"", ""planned_duration_ms"": 100, ""intended_onset_ms"": 175052.675, ""actual_onset_global_ms"": 175057.586, ""actual_offset_global_ms"": 175157.109, ""actual_duration_ms"": 99.523}, {""stage_name"": ""cue"", ""planned_duration_ms"": 500, ""intended_onset_ms"": 175152.675, ""actual_onset_global_ms"": 175158.387, ""actual_offset_global_ms"": 175768.602, ""actual_duration_ms"": 610.215}, {""stage_name"": ""stimulus"", ""planned_duration_ms"": 3000, ""intended_onset_ms"": 175652.675, ""actual_onset_global_ms"": 175768.791, ""actual_offset_global_ms"": 176691.008, ""actual_duration_ms"": 922.217}]",,,,,0.0,none,,,0.0,0.0,none,0.0,0.0,0.0,0.0,,,0.0,none,none,0.0,shape,cue_shape.wav,形状,175158.483,500.0,175924.741,red,boat,red_boat,repeat,shape,shape,1532.621,,,,,,,,,,,,,,,,,,,,,,,,,,,,,,,,,,,,,,,,,
053,053_T1_20260518_160418,PA,T1,standard,hci_substudy_v2,1,telemetry_v4,dccs,2,mixed_formal,formal,1,18,30,formal,color,1779091458,237.772,2026-05-18T16:07:16.721,0,0,0,1,176696.831,176702.191,,,,,s,s,1,2345.978,179710.731,none,,177296.831,177364.753,179710.731,3000,2345.978,179710.731,"[{""stage_name"": ""fixation"", ""planned_duration_ms"": 100, ""intended_onset_ms"": 176696.831, ""actual_onset_global_ms"": 176702.191, ""actual_offset_global_ms"": 176804.462, ""actual_duration_ms"": 102.271}, {""stage_name"": ""cue"", ""planned_duration_ms"": 500, ""intended_onset_ms"": 176796.831, ""actual_onset_global_ms"": 176805.099, ""actual_offset_global_ms"": 177365.181, ""actual_duration_ms"": 560.082}, {""stage_name"": ""stimulus"", ""planned_duration_ms"": 3000, ""intended_onset_ms"": 177296.831, ""actual_onset_global_ms"": 177364.753, ""actual_offset_global_ms"": 179710.731, ""actual_duration_ms"": 2345.978}]",,,,,0.0,none,,,0.0,0.0,none,0.0,0.0,0.0,0.0,,,0.0,none,none,0.0,color,cue_color.wav,颜色,176805.224,500.0,177501.823,blue,boat,blue_boat,switch,shape,color,2905.632,,,,,,,,,,,,,,,,,,,,,,,,,,,,,,,,,,,,,,,,,
053,053_T1_20260518_160418,PA,T1,standard,hci_substudy_v2,1,telemetry_v4,dccs,2,mixed_formal,formal,1,19,31,formal,shape,1779091458,237.772,2026-05-18T16:07:19.739,0,0,0,1,179716.125,179720.726,,,,,j,j,1,1852.65,182281.174,none,,180316.125,180428.524,182281.174,3000,1852.65,182281.174,"[{""stage_name"": ""fixation"", ""planned_duration_ms"": 100, ""intended_onset_ms"": 179716.125, ""actual_onset_global_ms"": 179720.726, ""actual_offset_global_ms"": 179823.591, ""actual_duration_ms"": 102.865}, {""stage_name"": ""cue"", ""planned_duration_ms"": 500, ""intended_onset_ms"": 179816.125, ""actual_onset_global_ms"": 179825.203, ""actual_offset_global_ms"": 180428.215, ""actual_duration_ms"": 603.012}, {""stage_name"": ""stimulus"", ""planned_duration_ms"": 3000, ""intended_onset_ms"": 180316.125, ""actual_onset_global_ms"": 180428.524, ""actual_offset_global_ms"": 182281.174, ""actual_duration_ms"": 1852.65}]",,,,,0.0,none,,,0.0,0.0,none,0.0,0.0,0.0,0.0,,,0.0,none,none,0.0,shape,cue_shape.wav,形状,179825.308,500.0,180591.566,red,boat,red_boat,switch,color,shape,2455.971,,,,,,,,,,,,,,,,,,,,,,,,,,,,,,,,,,,,,,,,,
053,053_T1_20260518_160418,PA,T1,standard,hci_substudy_v2,1,telemetry_v4,dccs,2,mixed_formal,formal,1,20,32,formal,shape,1779091458,237.772,2026-05-18T16:07:22.312,0,0,0,1,182288.349,182294.396,,,,,s,s,1,848.654,183849.086,none,,182888.349,183000.432,183849.086,3000,848.654,183849.086,"[{""stage_name"": ""fixation"", ""planned_duration_ms"": 100, ""intended_onset_ms"": 182288.349, ""actual_onset_global_ms"": 182294.396, ""actual_offset_global_ms"": 182395.164, ""actual_duration_ms"": 100.768}, {""stage_name"": ""cue"", ""planned_duration_ms"": 500, ""intended_onset_ms"": 182388.349, ""actual_onset_global_ms"": 182396.429, ""actual_offset_global_ms"": 183000.521, ""actual_duration_ms"": 604.092}, {""stage_name"": ""stimulus"", ""planned_duration_ms"": 3000, ""intended_onset_ms"": 182888.349, ""actual_onset_global_ms"": 183000.432, ""actual_offset_global_ms"": 183849.086, ""actual_duration_ms"": 848.654}]",,,,,0.0,none,,,0.0,0.0,none,0.0,0.0,0.0,0.0,,,0.0,none,none,0.0,shape,cue_shape.wav,形状,182396.52,500.0,183162.778,blue,rabbit,blue_rabbit,repeat,shape,shape,1452.657,,,,,,,,,,,,,,,,,,,,,,,,,,,,,,,,,,,,,,,,,
053,053_T1_20260518_160418,PA,T1,standard,hci_substudy_v2,1,telemetry_v4,dccs,2,mixed_formal,formal,1,21,33,formal,color,1779091458,237.772,2026-05-18T16:07:23.880,0,0,0,1,183856.929,183861.076,,,,,s,s,1,807.386,185319.395,none,,184456.929,184512.009,185319.395,3000,807.386,185319.395,"[{""stage_name"": ""fixation"", ""planned_duration_ms"": 100, ""intended_onset_ms"": 183856.929, ""actual_onset_global_ms"": 183861.076, ""actual_offset_global_ms"": 183961.223, ""actual_duration_ms"": 100.147}, {""stage_name"": ""cue"", ""planned_duration_ms"": 500, ""intended_onset_ms"": 183956.929, ""actual_onset_global_ms"": 183961.814, ""actual_offset_global_ms"": 184511.665, ""actual_duration_ms"": 549.851}, {""stage_name"": ""stimulus"", ""planned_duration_ms"": 3000, ""intended_onset_ms"": 184456.929, ""actual_onset_global_ms"": 184512.009, ""actual_offset_global_ms"": 185319.395, ""actual_duration_ms"": 807.386}]",,,,,0.0,none,,,0.0,0.0,none,0.0,0.0,0.0,0.0,,,0.0,none,none,0.0,color,cue_color.wav,颜色,183961.922,500.0,184658.521,blue,boat,blue_boat,switch,shape,color,1357.581,,,,,,,,,,,,,,,,,,,,,,,,,,,,,,,,,,,,,,,,,
053,053_T1_20260518_160418,PA,T1,standard,hci_substudy_v2,1,telemetry_v4,dccs,2,mixed_formal,formal,1,22,34,formal,color,1779091458,237.772,2026-05-18T16:07:25.350,0,0,0,1,185326.136,185332.069,,,,,j,j,1,980.639,186968.041,none,,185926.136,185987.402,186968.041,3000,980.639,186968.041,"[{""stage_name"": ""fixation"", ""planned_duration_ms"": 100, ""intended_onset_ms"": 185326.136, ""actual_onset_global_ms"": 185332.069, ""actual_offset_global_ms"": 185434.144, ""actual_duration_ms"": 102.075}, {""stage_name"": ""cue"", ""planned_duration_ms"": 500, ""intended_onset_ms"": 185426.136, ""actual_onset_global_ms"": 185434.748, ""actual_offset_global_ms"": 185987.686, ""actual_duration_ms"": 552.938}, {""stage_name"": ""stimulus"", ""planned_duration_ms"": 3000, ""intended_onset_ms"": 185926.136, ""actual_onset_global_ms"": 185987.402, ""actual_offset_global_ms"": 186968.041, ""actual_duration_ms"": 980.639}]",,,,,0.0,none,,,0.0,0.0,none,0.0,0.0,0.0,0.0,,,0.0,none,none,0.0,color,cue_color.wav,颜色,185434.874,500.0,186131.473,red,boat,red_boat,repeat,color,color,1533.293,,,,,,,,,,,,,,,,,,,,,,,,,,,,,,,,,,,,,,,,,
053,053_T1_20260518_160418,PA,T1,standard,hci_substudy_v2,1,telemetry_v4,dccs,2,mixed_formal,formal,1,23,35,formal,color,1779091458,237.772,2026-05-18T16:07:27.002,0,0,0,1,186978.462,186983.815,,,,,s,s,1,1688.583,189342.969,none,,187578.462,187654.386,189342.969,3000,1688.583,189342.969,"[{""stage_name"": ""fixation"", ""planned_duration_ms"": 100, ""intended_onset_ms"": 186978.462, ""actual_onset_global_ms"": 186983.815, ""actual_offset_global_ms"": 187087.651, ""actual_duration_ms"": 103.836}, {""stage_name"": ""cue"", ""planned_duration_ms"": 500, ""intended_onset_ms"": 187078.462, ""actual_onset_global_ms"": 187088.224, ""actual_offset_global_ms"": 187654.38, ""actual_duration_ms"": 566.156}, {""stage_name"": ""stimulus"", ""planned_duration_ms"": 3000, ""intended_onset_ms"": 187578.462, ""actual_onset_global_ms"": 187654.386, ""actual_offset_global_ms"": 189342.969, ""actual_duration_ms"": 1688.583}]",,,,,0.0,none,,,0.0,0.0,none,0.0,0.0,0.0,0.0,,,0.0,none,none,0.0,color,cue_color.wav,颜色,187088.339,500.0,187784.938,blue,boat,blue_boat,repeat,color,color,2254.745,,,,,,,,,,,,,,,,,,,,,,,,,,,,,,,,,,,,,,,,,
053,053_T1_20260518_160418,PA,T1,standard,hci_substudy_v2,1,telemetry_v4,dccs,2,mixed_formal,formal,1,24,36,formal,shape,1779091458,237.772,2026-05-18T16:07:29.372,0,0,0,1,189348.767,189353.493,,,,,s,j,0,1549.147,191614.261,none,,189948.767,190065.114,191614.261,3000,1549.147,191614.261,"[{""stage_name"": ""fixation"", ""planned_duration_ms"": 100, ""intended_onset_ms"": 189348.767, ""actual_onset_global_ms"": 189353.493, ""actual_offset_global_ms"": 189456.161, ""actual_duration_ms"": 102.668}, {""stage_name"": ""cue"", ""planned_duration_ms"": 500, ""intended_onset_ms"": 189448.767, ""actual_onset_global_ms"": 189457.427, ""actual_offset_global_ms"": 190065.132, ""actual_duration_ms"": 607.705}, {""stage_name"": ""stimulus"", ""planned_duration_ms"": 3000, ""intended_onset_ms"": 189948.767, ""actual_onset_global_ms"": 190065.114, ""actual_offset_global_ms"": 191614.261, ""actual_duration_ms"": 1549.147}]",,,,,0.0,none,,,0.0,0.0,none,0.0,0.0,0.0,0.0,,,0.0,none,none,0.0,shape,cue_shape.wav,形状,189457.578,500.0,190223.836,red,rabbit,red_rabbit,switch,color,shape,2156.834,,,,,,,,,,,,,,,,,,,,,,,,,,,,,,,,,,,,,,,,,
053,053_T1_20260518_160418,PA,T1,standard,hci_substudy_v2,1,telemetry_v4,dccs,2,mixed_formal,formal,1,25,37,formal,color,1779091458,237.772,2026-05-18T16:07:31.642,0,0,0,1,191618.278,191624.041,,,,,j,j,1,1255.333,193533.864,none,,192218.278,192278.531,193533.864,3000,1255.333,193533.864,"[{""stage_name"": ""fixation"", ""planned_duration_ms"": 100, ""intended_onset_ms"": 191618.278, ""actual_onset_global_ms"": 191624.041, ""actual_offset_global_ms"": 191724.898, ""actual_duration_ms"": 100.857}, {""stage_name"": ""cue"", ""planned_duration_ms"": 500, ""intended_onset_ms"": 191718.278, ""actual_onset_global_ms"": 191725.41, ""actual_offset_global_ms"": 192278.222, ""actual_duration_ms"": 552.812}, {""stage_name"": ""stimulus"", ""planned_duration_ms"": 3000, ""intended_onset_ms"": 192218.278, ""actual_onset_global_ms"": 192278.531, ""actual_offset_global_ms"": 193533.864, ""actual_duration_ms"": 1255.333}]",,,,,0.0,none,,,0.0,0.0,none,0.0,0.0,0.0,0.0,,,0.0,none,none,0.0,color,cue_color.wav,颜色,191725.529,500.0,192422.128,red,rabbit,red_rabbit,switch,shape,color,1808.454,,,,,,,,,,,,,,,,,,,,,,,,,,,,,,,,,,,,,,,,,
053,053_T1_20260518_160418,PA,T1,standard,hci_substudy_v2,1,telemetry_v4,dccs,2,mixed_formal,formal,1,26,38,formal,shape,1779091458,237.772,2026-05-18T16:07:33.560,0,0,0,1,193537.317,193542.999,,,,,j,s,0,1050.635,195295.044,none,,194137.317,194244.409,195295.044,3000,1050.635,195295.044,"[{""stage_name"": ""fixation"", ""planned_duration_ms"": 100, ""intended_onset_ms"": 193537.317, ""actual_onset_global_ms"": 193542.999, ""actual_offset_global_ms"": 193643.182, ""actual_duration_ms"": 100.183}, {""stage_name"": ""cue"", ""planned_duration_ms"": 500, ""intended_onset_ms"": 193637.317, ""actual_onset_global_ms"": 193644.442, ""actual_offset_global_ms"": 194244.224, ""actual_duration_ms"": 599.782}, {""stage_name"": ""stimulus"", ""planned_duration_ms"": 3000, ""intended_onset_ms"": 194137.317, ""actual_onset_global_ms"": 194244.409, ""actual_offset_global_ms"": 195295.044, ""actual_duration_ms"": 1050.635}]",,,,,0.0,none,,,0.0,0.0,none,0.0,0.0,0.0,0.0,,,0.0,none,none,0.0,shape,cue_shape.wav,形状,193644.542,500.0,194410.8,blue,boat,blue_boat,switch,color,shape,1650.602,,,,,,,,,,,,,,,,,,,,,,,,,,,,,,,,,,,,,,,,,
053,053_T1_20260518_160418,PA,T1,standard,hci_substudy_v2,1,telemetry_v4,dccs,2,mixed_formal,formal,1,27,39,formal,color,1779091458,237.772,2026-05-18T16:07:35.325,0,0,0,1,195301.483,195307.027,,,,,j,j,1,1937.195,197899.785,none,,195901.483,195962.59,197899.785,3000,1937.195,197899.785,"[{""stage_name"": ""fixation"", ""planned_duration_ms"": 100, ""intended_onset_ms"": 195301.483, ""actual_onset_global_ms"": 195307.027, ""actual_offset_global_ms"": 195409.301, ""actual_duration_ms"": 102.274}, {""stage_name"": ""cue"", ""planned_duration_ms"": 500, ""intended_onset_ms"": 195401.483, ""actual_onset_global_ms"": 195409.777, ""actual_offset_global_ms"": 195962.853, ""actual_duration_ms"": 553.076}, {""stage_name"": ""stimulus"", ""planned_duration_ms"": 3000, ""intended_onset_ms"": 195901.483, ""actual_onset_global_ms"": 195962.59, ""actual_offset_global_ms"": 197899.785, ""actual_duration_ms"": 1937.195}]",,,,,0.0,none,,,0.0,0.0,none,0.0,0.0,0.0,0.0,,,0.0,none,none,0.0,color,cue_color.wav,颜色,195409.879,500.0,196106.478,red,boat,red_boat,switch,shape,color,2490.008,,,,,,,,,,,,,,,,,,,,,,,,,,,,,,,,,,,,,,,,,
053,053_T1_20260518_160418,PA,T1,standard,hci_substudy_v2,1,telemetry_v4,dccs,2,mixed_formal,formal,1,28,40,formal,shape,1779091458,237.772,2026-05-18T16:07:37.928,0,0,0,1,197904.462,197908.985,,,,,s,s,1,877.69,199491.568,none,,198504.462,198613.878,199491.568,3000,877.69,199491.568,"[{""stage_name"": ""fixation"", ""planned_duration_ms"": 100, ""intended_onset_ms"": 197904.462, ""actual_onset_global_ms"": 197908.985, ""actual_offset_global_ms"": 198009.313, ""actual_duration_ms"": 100.328}, {""stage_name"": ""cue"", ""planned_duration_ms"": 500, ""intended_onset_ms"": 198004.462, ""actual_onset_global_ms"": 198010.493, ""actual_offset_global_ms"": 198613.357, ""actual_duration_ms"": 602.864}, {""stage_name"": ""stimulus"", ""planned_duration_ms"": 3000, ""intended_onset_ms"": 198504.462, ""actual_onset_global_ms"": 198613.878, ""actual_offset_global_ms"": 199491.568, ""actual_duration_ms"": 877.69}]",,,,,0.0,none,,,0.0,0.0,none,0.0,0.0,0.0,0.0,,,0.0,none,none,0.0,shape,cue_shape.wav,形状,198010.606,500.0,198776.864,red,rabbit,red_rabbit,switch,color,shape,1481.075,,,,,,,,,,,,,,,,,,,,,,,,,,,,,,,,,,,,,,,,,
053,053_T1_20260518_160418,PA,T1,standard,hci_substudy_v2,1,telemetry_v4,dccs,2,mixed_formal,formal,1,29,41,formal,shape,1779091458,237.772,2026-05-18T16:07:39.522,0,0,0,1,199498.356,199504.375,,,,,s,s,1,674.165,200889.624,none,,200098.356,200215.459,200889.624,3000,674.165,200889.624,"[{""stage_name"": ""fixation"", ""planned_duration_ms"": 100, ""intended_onset_ms"": 199498.356, ""actual_onset_global_ms"": 199504.375, ""actual_offset_global_ms"": 199605.441, ""actual_duration_ms"": 101.066}, {""stage_name"": ""cue"", ""planned_duration_ms"": 500, ""intended_onset_ms"": 199598.356, ""actual_onset_global_ms"": 199607.035, ""actual_offset_global_ms"": 200215.017, ""actual_duration_ms"": 607.982}, {""stage_name"": ""stimulus"", ""planned_duration_ms"": 3000, ""intended_onset_ms"": 200098.356, ""actual_onset_global_ms"": 200215.459, ""actual_offset_global_ms"": 200889.624, ""actual_duration_ms"": 674.165}]",,,,,0.0,none,,,0.0,0.0,none,0.0,0.0,0.0,0.0,,,0.0,none,none,0.0,shape,cue_shape.wav,形状,199607.173,500.0,200373.431,red,rabbit,red_rabbit,repeat,shape,shape,1282.589,,,,,,,,,,,,,,,,,,,,,,,,,,,,,,,,,,,,,,,,,
053,053_T1_20260518_160418,PA,T1,standard,hci_substudy_v2,1,telemetry_v4,dccs,2,mixed_formal,formal,1,30,42,formal,color,1779091458,237.772,2026-05-18T16:07:40.919,0,0,0,1,200896.373,200901.916,,,,,s,s,1,1162.304,202719.047,none,,201496.373,201556.743,202719.047,3000,1162.304,202719.047,"[{""stage_name"": ""fixation"", ""planned_duration_ms"": 100, ""intended_onset_ms"": 200896.373, ""actual_onset_global_ms"": 200901.916, ""actual_offset_global_ms"": 201004.071, ""actual_duration_ms"": 102.155}, {""stage_name"": ""cue"", ""planned_duration_ms"": 500, ""intended_onset_ms"": 200996.373, ""actual_onset_global_ms"": 201004.944, ""actual_offset_global_ms"": 201557.153, ""actual_duration_ms"": 552.209}, {""stage_name"": ""stimulus"", ""planned_duration_ms"": 3000, ""intended_onset_ms"": 201496.373, ""actual_onset_global_ms"": 201556.743, ""actual_offset_global_ms"": 202719.047, ""actual_duration_ms"": 1162.304}]",,,,,0.0,none,,,0.0,0.0,none,0.0,0.0,0.0,0.0,,,0.0,none,none,0.0,color,cue_color.wav,颜色,201005.064,500.0,201701.663,blue,rabbit,blue_rabbit,switch,shape,color,1714.103,,,,,,,,,,,,,,,,,,,,,,,,,,,,,,,,,,,,,,,,,
053,053_T1_20260518_160418,PA,T1,standard,hci_substudy_v2,1,telemetry_v4,digit_span,3,practice_digitspan,practice,1,1,1,practice,span_2,1779091458,237.772,2026-05-18T16:08:02.636,0,0,0,1,222612.066,222711.655,,,,,,,1,,,,,222712.066,222796.797,228346.562,2000,5549.765,228346.562,"[{""stage_name"": ""fixation"", ""planned_duration_ms"": 100, ""intended_onset_ms"": 222612.066, ""actual_onset_global_ms"": 222711.655, ""actual_offset_global_ms"": 222799.605, ""actual_duration_ms"": 87.95}, {""stage_name"": ""auditory_sequence"", ""planned_duration_ms"": 2000, ""intended_onset_ms"": 222712.066, ""actual_onset_global_ms"": 222796.797, ""actual_offset_global_ms"": 224336.962, ""actual_duration_ms"": 1540.165}, {""stage_name"": ""wait"", ""planned_duration_ms"": 500, ""intended_onset_ms"": 224336.962, ""actual_onset_global_ms"": 224389.213, ""actual_offset_global_ms"": 224872.641, ""actual_duration_ms"": 483.428}, {""stage_name"": ""input_panel"", ""planned_duration_ms"": 15000, ""intended_onset_ms"": 224872.641, ""actual_onset_global_ms"": 224897.875, ""actual_offset_global_ms"": 228346.562, ""actual_duration_ms"": 3448.687}]",,,,,0.0,none,,,0.0,0.0,none,0.0,0.0,0.0,0.0,,,,,,,,,,,,,,,,,,,,none,0.0,0.0,0.0,0.0,2.0,1.0,1.0,"[5, 2]","[""2"", ""5""]","[""2"", ""5""]",25,keyboard,2455.439,3448.573,1.0,0.0,0.0,0.0,0.0,[302.309],,"[222796.797, 223836.962]","[""digit_5.wav"", ""digit_2.wav""]","[{""audio_file"": ""digit_5.wav"", ""audio_start_global_ms"": 222796.797, ""audio_expected_duration_ms"": 500, ""audio_stop_global_ms"": 223296.797}, {""audio_file"": ""digit_2.wav"", ""audio_start_global_ms"": 223836.962, ""audio_expected_duration_ms"": 500, ""audio_stop_global_ms"": 224336.962}]",0.0,,,,,,,,,,,,,,,
053,053_T1_20260518_160418,PA,T1,standard,hci_substudy_v2,1,telemetry_v4,digit_span,3,practice_digitspan,practice,1,2,2,practice,span_2,1779091458,237.772,2026-05-18T16:08:08.371,0,0,0,1,228348.547,228430.829,,,,,,,1,,,,,228448.547,228516.258,233861.457,2000,5345.199,233861.457,"[{""stage_name"": ""fixation"", ""planned_duration_ms"": 100, ""intended_onset_ms"": 228348.547, ""actual_onset_global_ms"": 228430.829, ""actual_offset_global_ms"": 228519.224, ""actual_duration_ms"": 88.395}, {""stage_name"": ""auditory_sequence"", ""planned_duration_ms"": 2000, ""intended_onset_ms"": 228448.547, ""actual_onset_global_ms"": 228516.258, ""actual_offset_global_ms"": 230039.958, ""actual_duration_ms"": 1523.7}, {""stage_name"": ""wait"", ""planned_duration_ms"": 500, ""intended_onset_ms"": 230039.958, ""actual_onset_global_ms"": 230082.847, ""actual_offset_global_ms"": 230584.562, ""actual_duration_ms"": 501.715}, {""stage_name"": ""input_panel"", ""planned_duration_ms"": 15000, ""intended_onset_ms"": 230584.562, ""actual_onset_global_ms"": 230587.622, ""actual_offset_global_ms"": 233861.457, ""actual_duration_ms"": 3273.835}]",,,,,0.0,none,,,0.0,0.0,none,0.0,0.0,0.0,0.0,,,,,,,,,,,,,,,,,,,,none,0.0,0.0,0.0,0.0,2.0,2.0,1.0,"[8, 3]","[""3"", ""8""]","[""3"", ""8""]",38,keyboard,2435.621,3273.714,1.0,0.0,0.0,0.0,0.0,[350.693],,"[228516.258, 229539.958]","[""digit_8.wav"", ""digit_3.wav""]","[{""audio_file"": ""digit_8.wav"", ""audio_start_global_ms"": 228516.258, ""audio_expected_duration_ms"": 500, ""audio_stop_global_ms"": 229016.258}, {""audio_file"": ""digit_3.wav"", ""audio_start_global_ms"": 229539.958, ""audio_expected_duration_ms"": 500, ""audio_stop_global_ms"": 230039.958}]",0.0,,,,,,,,,,,,,,,
053,053_T1_20260518_160418,PA,T1,standard,hci_substudy_v2,1,telemetry_v4,digit_span,3,practice_digitspan,practice,1,3,3,practice,span_2,1779091458,237.772,2026-05-18T16:08:13.887,0,0,0,1,233863.645,233945.306,,,,,,,1,,,,,233963.645,234025.767,237843.825,2000,3818.058,237843.825,"[{""stage_name"": ""fixation"", ""planned_duration_ms"": 100, ""intended_onset_ms"": 233863.645, ""actual_onset_global_ms"": 233945.306, ""actual_offset_global_ms"": 234028.645, ""actual_duration_ms"": 83.339}, {""stage_name"": ""auditory_sequence"", ""planned_duration_ms"": 2000, ""intended_onset_ms"": 233963.645, ""actual_onset_global_ms"": 234025.767, ""actual_offset_global_ms"": 235566.094, ""actual_duration_ms"": 1540.327}, {""stage_name"": ""wait"", ""planned_duration_ms"": 500, ""intended_onset_ms"": 235566.094, ""actual_onset_global_ms"": 235584.929, ""actual_offset_global_ms"": 236084.636, ""actual_duration_ms"": 499.707}, {""stage_name"": ""input_panel"", ""planned_duration_ms"": 15000, ""intended_onset_ms"": 236084.636, ""actual_onset_global_ms"": 236089.967, ""actual_offset_global_ms"": 237843.825, ""actual_duration_ms"": 1753.858}]",,,,,0.0,none,,,0.0,0.0,none,0.0,0.0,0.0,0.0,,,,,,,,,,,,,,,,,,,,none,0.0,0.0,0.0,0.0,2.0,3.0,1.0,"[2, 6]","[""6"", ""2""]","[""6"", ""2""]",62,keyboard,1058.717,1753.725,1.0,0.0,0.0,0.0,0.0,[276.037],,"[234025.767, 235066.094]","[""digit_2.wav"", ""digit_6.wav""]","[{""audio_file"": ""digit_2.wav"", ""audio_start_global_ms"": 234025.767, ""audio_expected_duration_ms"": 500, ""audio_stop_global_ms"": 234525.767}, {""audio_file"": ""digit_6.wav"", ""audio_start_global_ms"": 235066.094, ""audio_expected_duration_ms"": 500, ""audio_stop_global_ms"": 235566.094}]",0.0,,,,,,,,,,,,,,,
053,053_T1_20260518_160418,PA,T1,standard,hci_substudy_v2,1,telemetry_v4,digit_span,3,practice_digitspan,practice,1,4,4,practice,span_2,1779091458,237.772,2026-05-18T16:08:17.870,0,0,0,1,237846.109,237928.976,,,,,,,1,,,,,237946.109,238011.323,241867.559,2000,3856.236,241867.559,"[{""stage_name"": ""fixation"", ""planned_duration_ms"": 100, ""intended_onset_ms"": 237846.109, ""actual_onset_global_ms"": 237928.976, ""actual_offset_global_ms"": 238013.988, ""actual_duration_ms"": 85.012}, {""stage_name"": ""auditory_sequence"", ""planned_duration_ms"": 2000, ""intended_onset_ms"": 237946.109, ""actual_onset_global_ms"": 238011.323, ""actual_offset_global_ms"": 239540.344, ""actual_duration_ms"": 1529.021}, {""stage_name"": ""wait"", ""planned_duration_ms"": 500, ""intended_onset_ms"": 239540.344, ""actual_onset_global_ms"": 239591.85, ""actual_offset_global_ms"": 240092.716, ""actual_duration_ms"": 500.866}, {""stage_name"": ""input_panel"", ""planned_duration_ms"": 15000, ""intended_onset_ms"": 240092.716, ""actual_onset_global_ms"": 240095.933, ""actual_offset_global_ms"": 241867.559, ""actual_duration_ms"": 1771.626}]",,,,,0.0,none,,,0.0,0.0,none,0.0,0.0,0.0,0.0,,,,,,,,,,,,,,,,,,,,none,0.0,0.0,0.0,0.0,2.0,4.0,1.0,"[4, 6]","[""6"", ""4""]","[""6"", ""4""]",64,keyboard,1296.364,1771.516,1.0,0.0,0.0,0.0,0.0,[220.464],,"[238011.323, 239040.344]","[""digit_4.wav"", ""digit_6.wav""]","[{""audio_file"": ""digit_4.wav"", ""audio_start_global_ms"": 238011.323, ""audio_expected_duration_ms"": 500, ""audio_stop_global_ms"": 238511.323}, {""audio_file"": ""digit_6.wav"", ""audio_start_global_ms"": 239040.344, ""audio_expected_duration_ms"": 500, ""audio_stop_global_ms"": 239540.344}]",0.0,,,,,,,,,,,,,,,
053,053_T1_20260518_160418,PA,T1,standard,hci_substudy_v2,1,telemetry_v4,digit_span,3,practice_digitspan,practice,1,5,5,practice,span_2,1779091458,237.772,2026-05-18T16:08:21.893,0,0,0,1,241869.911,241951.241,,,,,,,1,,,,,241969.911,242032.255,245886.301,2000,3854.046,245886.301,"[{""stage_name"": ""fixation"", ""planned_duration_ms"": 100, ""intended_onset_ms"": 241869.911, ""actual_onset_global_ms"": 241951.241, ""actual_offset_global_ms"": 242034.876, ""actual_duration_ms"": 83.635}, {""stage_name"": ""auditory_sequence"", ""planned_duration_ms"": 2000, ""intended_onset_ms"": 241969.911, ""actual_onset_global_ms"": 242032.255, ""actual_offset_global_ms"": 243575.382, ""actual_duration_ms"": 1543.127}, {""stage_name"": ""wait"", ""planned_duration_ms"": 500, ""intended_onset_ms"": 243575.382, ""actual_onset_global_ms"": 243588.499, ""actual_offset_global_ms"": 244088.573, ""actual_duration_ms"": 500.074}, {""stage_name"": ""input_panel"", ""planned_duration_ms"": 15000, ""intended_onset_ms"": 244088.573, ""actual_onset_global_ms"": 244093.525, ""actual_offset_global_ms"": 245886.301, ""actual_duration_ms"": 1792.776}]",,,,,0.0,none,,,0.0,0.0,none,0.0,0.0,0.0,0.0,,,,,,,,,,,,,,,,,,,,none,0.0,0.0,0.0,0.0,2.0,5.0,1.0,"[6, 2]","[""2"", ""6""]","[""2"", ""6""]",26,keyboard,1391.623,1792.668,1.0,0.0,0.0,0.0,0.0,[139.93],,"[242032.255, 243075.382]","[""digit_6.wav"", ""digit_2.wav""]","[{""audio_file"": ""digit_6.wav"", ""audio_start_global_ms"": 242032.255, ""audio_expected_duration_ms"": 500, ""audio_stop_global_ms"": 242532.255}, {""audio_file"": ""digit_2.wav"", ""audio_start_global_ms"": 243075.382, ""audio_expected_duration_ms"": 500, ""audio_stop_global_ms"": 243575.382}]",0.0,,,,,,,,,,,,,,,
053,053_T1_20260518_160418,PA,T1,standard,hci_substudy_v2,1,telemetry_v4,digit_span,3,practice_digitspan,practice,1,6,6,practice,span_2,1779091458,237.772,2026-05-18T16:08:25.912,0,0,0,1,245888.624,245968.176,,,,,,,1,,,,,245988.624,246049.392,249532.401,2000,3483.009,249532.401,"[{""stage_name"": ""fixation"", ""planned_duration_ms"": 100, ""intended_onset_ms"": 245888.624, ""actual_onset_global_ms"": 245968.176, ""actual_offset_global_ms"": 246052.182, ""actual_duration_ms"": 84.006}, {""stage_name"": ""auditory_sequence"", ""planned_duration_ms"": 2000, ""intended_onset_ms"": 245988.624, ""actual_onset_global_ms"": 246049.392, ""actual_offset_global_ms"": 247590.347, ""actual_duration_ms"": 1540.955}, {""stage_name"": ""wait"", ""planned_duration_ms"": 500, ""intended_onset_ms"": 247590.347, ""actual_onset_global_ms"": 247640.174, ""actual_offset_global_ms"": 248138.323, ""actual_duration_ms"": 498.149}, {""stage_name"": ""input_panel"", ""planned_duration_ms"": 15000, ""intended_onset_ms"": 248138.323, ""actual_onset_global_ms"": 248142.203, ""actual_offset_global_ms"": 249532.401, ""actual_duration_ms"": 1390.198}]",,,,,0.0,none,,,0.0,0.0,none,0.0,0.0,0.0,0.0,,,,,,,,,,,,,,,,,,,,none,0.0,0.0,0.0,0.0,2.0,6.0,1.0,"[7, 5]","[""5"", ""7""]","[""5"", ""7""]",57,keyboard,1038.478,1390.091,1.0,0.0,0.0,0.0,0.0,[164.932],,"[246049.392, 247090.347]","[""digit_7.wav"", ""digit_5.wav""]","[{""audio_file"": ""digit_7.wav"", ""audio_start_global_ms"": 246049.392, ""audio_expected_duration_ms"": 500, ""audio_stop_global_ms"": 246549.392}, {""audio_file"": ""digit_5.wav"", ""audio_start_global_ms"": 247090.347, ""audio_expected_duration_ms"": 500, ""audio_stop_global_ms"": 247590.347}]",0.0,,,,,,,,,,,,,,,
053,053_T1_20260518_160418,PA,T1,standard,hci_substudy_v2,1,telemetry_v4,digit_span,3,formal_span_2,formal,1,1,7,formal,span_2,1779091458,237.772,2026-05-18T16:08:33.093,0,0,0,1,253069.63,253156.87,,,,,,,1,,,,,253169.63,253246.294,257404.383,2000,4158.089,257404.383,"[{""stage_name"": ""fixation"", ""planned_duration_ms"": 100, ""intended_onset_ms"": 253069.63, ""actual_onset_global_ms"": 253156.87, ""actual_offset_global_ms"": 253249.136, ""actual_duration_ms"": 92.266}, {""stage_name"": ""auditory_sequence"", ""planned_duration_ms"": 2000, ""intended_onset_ms"": 253169.63, ""actual_onset_global_ms"": 253246.294, ""actual_offset_global_ms"": 254759.19, ""actual_duration_ms"": 1512.896}, {""stage_name"": ""wait"", ""planned_duration_ms"": 500, ""intended_onset_ms"": 254759.19, ""actual_onset_global_ms"": 254791.045, ""actual_offset_global_ms"": 255287.445, ""actual_duration_ms"": 496.4}, {""stage_name"": ""input_panel"", ""planned_duration_ms"": 15000, ""intended_onset_ms"": 255287.445, ""actual_onset_global_ms"": 255292.65, ""actual_offset_global_ms"": 257404.383, ""actual_duration_ms"": 2111.733}]",,,,,0.0,none,,,0.0,0.0,none,0.0,0.0,0.0,0.0,,,,,,,,,,,,,,,,,,,,none,0.0,0.0,0.0,0.0,2.0,1.0,1.0,"[5, 6]","[""6"", ""5""]","[""6"", ""5""]",65,keyboard,1683.363,2111.599,1.0,0.0,0.0,0.0,0.0,[179.249],advance,"[253246.294, 254259.19]","[""digit_5.wav"", ""digit_6.wav""]","[{""audio_file"": ""digit_5.wav"", ""audio_start_global_ms"": 253246.294, ""audio_expected_duration_ms"": 500, ""audio_stop_global_ms"": 253746.294}, {""audio_file"": ""digit_6.wav"", ""audio_start_global_ms"": 254259.19, ""audio_expected_duration_ms"": 500, ""audio_stop_global_ms"": 254759.19}]",0.0,two_failures_in_span,6.0,,,,,,,,,,,,,
053,053_T1_20260518_160418,PA,T1,standard,hci_substudy_v2,1,telemetry_v4,digit_span,3,formal_span_2,formal,1,2,8,formal,span_2,1779091458,237.772,2026-05-18T16:08:37.430,0,0,0,1,257406.896,257486.974,,,,,,,1,,,,,257506.896,257567.911,261681.006,2000,4113.095,261681.006,"[{""stage_name"": ""fixation"", ""planned_duration_ms"": 100, ""intended_onset_ms"": 257406.896, ""actual_onset_global_ms"": 257486.974, ""actual_offset_global_ms"": 257570.869, ""actual_duration_ms"": 83.895}, {""stage_name"": ""auditory_sequence"", ""planned_duration_ms"": 2000, ""intended_onset_ms"": 257506.896, ""actual_onset_global_ms"": 257567.911, ""actual_offset_global_ms"": 259109.352, ""actual_duration_ms"": 1541.441}, {""stage_name"": ""wait"", ""planned_duration_ms"": 500, ""intended_onset_ms"": 259109.352, ""actual_onset_global_ms"": 259123.044, ""actual_offset_global_ms"": 259621.558, ""actual_duration_ms"": 498.514}, {""stage_name"": ""input_panel"", ""planned_duration_ms"": 15000, ""intended_onset_ms"": 259621.558, ""actual_onset_global_ms"": 259624.902, ""actual_offset_global_ms"": 261681.006, ""actual_duration_ms"": 2056.104}]",,,,,0.0,none,,,0.0,0.0,none,0.0,0.0,0.0,0.0,,,,,,,,,,,,,,,,,,,,none,0.0,0.0,0.0,0.0,2.0,2.0,1.0,"[8, 7]","[""7"", ""8""]","[""7"", ""8""]",78,keyboard,1681.56,2055.872,1.0,0.0,0.0,0.0,0.0,[168.612],advance,"[257567.911, 258609.352]","[""digit_8.wav"", ""digit_7.wav""]","[{""audio_file"": ""digit_8.wav"", ""audio_start_global_ms"": 257567.911, ""audio_expected_duration_ms"": 500, ""audio_stop_global_ms"": 258067.911}, {""audio_file"": ""digit_7.wav"", ""audio_start_global_ms"": 258609.352, ""audio_expected_duration_ms"": 500, ""audio_stop_global_ms"": 259109.352}]",0.0,two_failures_in_span,6.0,,,,,,,,,,,,,
053,053_T1_20260518_160418,PA,T1,standard,hci_substudy_v2,1,telemetry_v4,digit_span,3,formal_span_3,formal,2,1,9,formal,span_3,1779091458,237.772,2026-05-18T16:08:41.709,0,0,0,1,261685.059,261765.18,,,,,,,1,,,,,261785.059,261847.152,271393.177,3000,9546.025,271393.177,"[{""stage_name"": ""fixation"", ""planned_duration_ms"": 100, ""intended_onset_ms"": 261685.059, ""actual_onset_global_ms"": 261765.18, ""actual_offset_global_ms"": 261850.091, ""actual_duration_ms"": 84.911}, {""stage_name"": ""auditory_sequence"", ""planned_duration_ms"": 3000, ""intended_onset_ms"": 261785.059, ""actual_onset_global_ms"": 261847.152, ""actual_offset_global_ms"": 264389.834, ""actual_duration_ms"": 2542.682}, {""stage_name"": ""wait"", ""planned_duration_ms"": 500, ""intended_onset_ms"": 264389.834, ""actual_onset_global_ms"": 264414.173, ""actual_offset_global_ms"": 264914.972, ""actual_duration_ms"": 500.799}, {""stage_name"": ""input_panel"", ""planned_duration_ms"": 15000, ""intended_onset_ms"": 264914.972, ""actual_onset_global_ms"": 264919.411, ""actual_offset_global_ms"": 271393.177, ""actual_duration_ms"": 6473.766}]",,,,,0.0,none,,,0.0,0.0,none,0.0,0.0,0.0,0.0,,,,,,,,,,,,,,,,,,,,none,0.0,0.0,0.0,0.0,3.0,1.0,2.0,"[1, 7, 9]","[""9"", ""7"", ""1""]","[""9"", ""7"", ""1""]",971,keyboard,5294.451,6473.63,1.0,0.0,0.0,0.0,0.0,"[247.199, 413.312]",advance,"[261847.152, 262881.812, 263889.834]","[""digit_1.wav"", ""digit_7.wav"", ""digit_9.wav""]","[{""audio_file"": ""digit_1.wav"", ""audio_start_global_ms"": 261847.152, ""audio_expected_duration_ms"": 500, ""audio_stop_global_ms"": 262347.152}, {""audio_file"": ""digit_7.wav"", ""audio_start_global_ms"": 262881.812, ""audio_expected_duration_ms"": 500, ""audio_stop_global_ms"": 263381.812}, {""audio_file"": ""digit_9.wav"", ""audio_start_global_ms"": 263889.834, ""audio_expected_duration_ms"": 500, ""audio_stop_global_ms"": 264389.834}]",0.0,two_failures_in_span,6.0,,,,,,,,,,,,,
053,053_T1_20260518_160418,PA,T1,standard,hci_substudy_v2,1,telemetry_v4,digit_span,3,formal_span_3,formal,2,2,10,formal,span_3,1779091458,237.772,2026-05-18T16:08:51.419,0,0,0,1,271395.496,271477.061,,,,,,,1,,,,,271495.496,271562.314,278062.796,3000,6500.482,278062.796,"[{""stage_name"": ""fixation"", ""planned_duration_ms"": 100, ""intended_onset_ms"": 271395.496, ""actual_onset_global_ms"": 271477.061, ""actual_offset_global_ms"": 271564.943, ""actual_duration_ms"": 87.882}, {""stage_name"": ""auditory_sequence"", ""planned_duration_ms"": 3000, ""intended_onset_ms"": 271495.496, ""actual_onset_global_ms"": 271562.314, ""actual_offset_global_ms"": 274078.319, ""actual_duration_ms"": 2516.005}, {""stage_name"": ""wait"", ""planned_duration_ms"": 500, ""intended_onset_ms"": 274078.319, ""actual_onset_global_ms"": 274102.491, ""actual_offset_global_ms"": 274603.732, ""actual_duration_ms"": 501.241}, {""stage_name"": ""input_panel"", ""planned_duration_ms"": 15000, ""intended_onset_ms"": 274603.732, ""actual_onset_global_ms"": 274607.399, ""actual_offset_global_ms"": 278062.796, ""actual_duration_ms"": 3455.397}]",,,,,0.0,none,,,0.0,0.0,none,0.0,0.0,0.0,0.0,,,,,,,,,,,,,,,,,,,,none,0.0,0.0,0.0,0.0,3.0,2.0,2.0,"[7, 5, 1]","[""1"", ""5"", ""7""]","[""1"", ""5"", ""7""]",157,keyboard,2739.243,3455.287,1.0,0.0,0.0,0.0,0.0,"[167.468, 289.061]",advance,"[271562.314, 272607.374, 273578.319]","[""digit_7.wav"", ""digit_5.wav"", ""digit_1.wav""]","[{""audio_file"": ""digit_7.wav"", ""audio_start_global_ms"": 271562.314, ""audio_expected_duration_ms"": 500, ""audio_stop_global_ms"": 272062.314}, {""audio_file"": ""digit_5.wav"", ""audio_start_global_ms"": 272607.374, ""audio_expected_duration_ms"": 500, ""audio_stop_global_ms"": 273107.374}, {""audio_file"": ""digit_1.wav"", ""audio_start_global_ms"": 273578.319, ""audio_expected_duration_ms"": 500, ""audio_stop_global_ms"": 274078.319}]",0.0,two_failures_in_span,6.0,,,,,,,,,,,,,
053,053_T1_20260518_160418,PA,T1,standard,hci_substudy_v2,1,telemetry_v4,digit_span,3,formal_span_4,formal,3,1,11,formal,span_4,1779091458,237.772,2026-05-18T16:08:58.091,0,0,0,1,278067.305,278149.705,,,,,,,1,,,,,278167.305,278232.473,294985.683,4000,16753.21,294985.683,"[{""stage_name"": ""fixation"", ""planned_duration_ms"": 100, ""intended_onset_ms"": 278067.305, ""actual_onset_global_ms"": 278149.705, ""actual_offset_global_ms"": 278235.399, ""actual_duration_ms"": 85.694}, {""stage_name"": ""auditory_sequence"", ""planned_duration_ms"": 4000, ""intended_onset_ms"": 278167.305, ""actual_onset_global_ms"": 278232.473, ""actual_offset_global_ms"": 281750.27, ""actual_duration_ms"": 3517.797}, {""stage_name"": ""wait"", ""planned_duration_ms"": 500, ""intended_onset_ms"": 281750.27, ""actual_onset_global_ms"": 281776.599, ""actual_offset_global_ms"": 282279.928, ""actual_duration_ms"": 503.329}, {""stage_name"": ""input_panel"", ""planned_duration_ms"": 15000, ""intended_onset_ms"": 282279.928, ""actual_onset_global_ms"": 282285.799, ""actual_offset_global_ms"": 294985.683, ""actual_duration_ms"": 12699.884}]",,,,,0.0,none,,,0.0,0.0,none,0.0,0.0,0.0,0.0,,,,,,,,,,,,,,,,,,,,none,0.0,0.0,0.0,0.0,4.0,1.0,3.0,"[6, 5, 2, 1]","[""1"", ""2"", ""5"", ""6""]","[""1"", ""2"", ""5"", ""6""]",1256,keyboard,4066.002,12699.774,1.0,0.0,0.0,0.0,0.0,"[422.699, 1226.581, 5375.508]",advance,"[278232.473, 279261.809, 280265.766, 281250.27]","[""digit_6.wav"", ""digit_5.wav"", ""digit_2.wav"", ""digit_1.wav""]","[{""audio_file"": ""digit_6.wav"", ""audio_start_global_ms"": 278232.473, ""audio_expected_duration_ms"": 500, ""audio_stop_global_ms"": 278732.473}, {""audio_file"": ""digit_5.wav"", ""audio_start_global_ms"": 279261.809, ""audio_expected_duration_ms"": 500, ""audio_stop_global_ms"": 279761.809}, {""audio_file"": ""digit_2.wav"", ""audio_start_global_ms"": 280265.766, ""audio_expected_duration_ms"": 500, ""audio_stop_global_ms"": 280765.766}, {""audio_file"": ""digit_1.wav"", ""audio_start_global_ms"": 281250.27, ""audio_expected_duration_ms"": 500, ""audio_stop_global_ms"": 281750.27}]",0.0,two_failures_in_span,6.0,,,,,,,,,,,,,
053,053_T1_20260518_160418,PA,T1,standard,hci_substudy_v2,1,telemetry_v4,digit_span,3,formal_span_4,formal,3,2,12,formal,span_4,1779091458,237.772,2026-05-18T16:09:15.012,0,0,0,1,294988.476,295071.688,,,,,,,0,,,,,295088.476,295151.803,305059.381,4000,9907.578,305059.381,"[{""stage_name"": ""fixation"", ""planned_duration_ms"": 100, ""intended_onset_ms"": 294988.476, ""actual_onset_global_ms"": 295071.688, ""actual_offset_global_ms"": 295154.742, ""actual_duration_ms"": 83.054}, {""stage_name"": ""auditory_sequence"", ""planned_duration_ms"": 4000, ""intended_onset_ms"": 295088.476, ""actual_onset_global_ms"": 295151.803, ""actual_offset_global_ms"": 298696.525, ""actual_duration_ms"": 3544.722}, {""stage_name"": ""wait"", ""planned_duration_ms"": 500, ""intended_onset_ms"": 298696.525, ""actual_onset_global_ms"": 298724.534, ""actual_offset_global_ms"": 299226.548, ""actual_duration_ms"": 502.014}, {""stage_name"": ""input_panel"", ""planned_duration_ms"": 15000, ""intended_onset_ms"": 299226.548, ""actual_onset_global_ms"": 299231.427, ""actual_offset_global_ms"": 305059.381, ""actual_duration_ms"": 5827.954}]",,,,,0.0,none,,,0.0,0.0,none,0.0,0.0,0.0,0.0,,,,,,,,,,,,,,,,,,,,none,0.0,0.0,0.0,0.0,4.0,2.0,3.0,"[4, 9, 6, 3]","[""3"", ""6"", ""9"", ""4""]","[""3"", ""6"", ""4"", ""9""]",3649,keyboard,2283.665,5827.841,0.0,0.0,0.0,0.0,0.0,"[667.641, 582.513, 575.393]",advance,"[295151.803, 296187.401, 297166.303, 298196.525]","[""digit_4.wav"", ""digit_9.wav"", ""digit_6.wav"", ""digit_3.wav""]","[{""audio_file"": ""digit_4.wav"", ""audio_start_global_ms"": 295151.803, ""audio_expected_duration_ms"": 500, ""audio_stop_global_ms"": 295651.803}, {""audio_file"": ""digit_9.wav"", ""audio_start_global_ms"": 296187.401, ""audio_expected_duration_ms"": 500, ""audio_stop_global_ms"": 296687.401}, {""audio_file"": ""digit_6.wav"", ""audio_start_global_ms"": 297166.303, ""audio_expected_duration_ms"": 500, ""audio_stop_global_ms"": 297666.303}, {""audio_file"": ""digit_3.wav"", ""audio_start_global_ms"": 298196.525, ""audio_expected_duration_ms"": 500, ""audio_stop_global_ms"": 298696.525}]",0.0,two_failures_in_span,6.0,,,,,,,,,,,,,
053,053_T1_20260518_160418,PA,T1,standard,hci_substudy_v2,1,telemetry_v4,digit_span,3,formal_span_5,formal,4,1,13,formal,span_5,1779091458,237.772,2026-05-18T16:09:25.088,0,0,0,1,305063.949,305145.911,,,,,,,0,,,,,305163.949,305232.1,322941.995,5000,17709.895,322941.995,"[{""stage_name"": ""fixation"", ""planned_duration_ms"": 100, ""intended_onset_ms"": 305063.949, ""actual_onset_global_ms"": 305145.911, ""actual_offset_global_ms"": 305235.056, ""actual_duration_ms"": 89.145}, {""stage_name"": ""auditory_sequence"", ""planned_duration_ms"": 5000, ""intended_onset_ms"": 305163.949, ""actual_onset_global_ms"": 305232.1, ""actual_offset_global_ms"": 309780.174, ""actual_duration_ms"": 4548.074}, {""stage_name"": ""wait"", ""planned_duration_ms"": 500, ""intended_onset_ms"": 309780.174, ""actual_onset_global_ms"": 309829.074, ""actual_offset_global_ms"": 310322.325, ""actual_duration_ms"": 493.251}, {""stage_name"": ""input_panel"", ""planned_duration_ms"": 15000, ""intended_onset_ms"": 310322.325, ""actual_onset_global_ms"": 310330.5, ""actual_offset_global_ms"": 322941.995, ""actual_duration_ms"": 12611.495}]",,,,,0.0,none,,,0.0,0.0,none,0.0,0.0,0.0,0.0,,,,,,,,,,,,,,,,,,,,none,0.0,0.0,0.0,0.0,5.0,1.0,4.0,"[8, 3, 4, 1, 7]","[""7"", ""1"", ""4"", ""3"", ""8""]","[""7"", ""1"", ""6"", ""3"", ""8""]",71638,keyboard,2985.448,12611.385,0.0,0.0,0.0,0.0,0.0,"[410.87, 1788.466, 405.757, 3542.382]",advance,"[305232.1, 306264.523, 307264.568, 308238.053, 309280.174]","[""digit_8.wav"", ""digit_3.wav"", ""digit_4.wav"", ""digit_1.wav"", ""digit_7.wav""]","[{""audio_file"": ""digit_8.wav"", ""audio_start_global_ms"": 305232.1, ""audio_expected_duration_ms"": 500, ""audio_stop_global_ms"": 305732.1}, {""audio_file"": ""digit_3.wav"", ""audio_start_global_ms"": 306264.523, ""audio_expected_duration_ms"": 500, ""audio_stop_global_ms"": 306764.523}, {""audio_file"": ""digit_4.wav"", ""audio_start_global_ms"": 307264.568, ""audio_expected_duration_ms"": 500, ""audio_stop_global_ms"": 307764.568}, {""audio_file"": ""digit_1.wav"", ""audio_start_global_ms"": 308238.053, ""audio_expected_duration_ms"": 500, ""audio_stop_global_ms"": 308738.053}, {""audio_file"": ""digit_7.wav"", ""audio_start_global_ms"": 309280.174, ""audio_expected_duration_ms"": 500, ""audio_stop_global_ms"": 309780.174}]",0.0,two_failures_in_span,6.0,,,,,,,,,,,,,
053,053_T1_20260518_160418,PA,T1,standard,hci_substudy_v2,1,telemetry_v4,digit_span,3,formal_span_5,formal,4,2,14,formal,span_5,1779091458,237.772,2026-05-18T16:09:42.968,0,0,0,1,322944.769,323025.524,,,,,,,1,,,,,323044.769,323108.016,339766.427,5000,16658.411,339766.427,"[{""stage_name"": ""fixation"", ""planned_duration_ms"": 100, ""intended_onset_ms"": 322944.769, ""actual_onset_global_ms"": 323025.524, ""actual_offset_global_ms"": 323110.772, ""actual_duration_ms"": 85.248}, {""stage_name"": ""auditory_sequence"", ""planned_duration_ms"": 5000, ""intended_onset_ms"": 323044.769, ""actual_onset_global_ms"": 323108.016, ""actual_offset_global_ms"": 327646.864, ""actual_duration_ms"": 4538.848}, {""stage_name"": ""wait"", ""planned_duration_ms"": 500, ""intended_onset_ms"": 327646.864, ""actual_onset_global_ms"": 327686.384, ""actual_offset_global_ms"": 328174.273, ""actual_duration_ms"": 487.889}, {""stage_name"": ""input_panel"", ""planned_duration_ms"": 15000, ""intended_onset_ms"": 328174.273, ""actual_onset_global_ms"": 328179.137, ""actual_offset_global_ms"": 339766.427, ""actual_duration_ms"": 11587.29}]",,,,,0.0,none,,,0.0,0.0,none,0.0,0.0,0.0,0.0,,,,,,,,,,,,,,,,,,,,none,0.0,0.0,0.0,0.0,5.0,2.0,4.0,"[4, 6, 1, 8, 7]","[""7"", ""8"", ""1"", ""6"", ""4""]","[""7"", ""8"", ""1"", ""6"", ""4""]",78164,keyboard,1865.643,11587.123,1.0,0.0,0.0,0.0,0.0,"[236.882, 321.667, 493.57, 6825.838]",advance,"[323108.016, 324108.815, 325133.327, 326117.887, 327146.864]","[""digit_4.wav"", ""digit_6.wav"", ""digit_1.wav"", ""digit_8.wav"", ""digit_7.wav""]","[{""audio_file"": ""digit_4.wav"", ""audio_start_global_ms"": 323108.016, ""audio_expected_duration_ms"": 500, ""audio_stop_global_ms"": 323608.016}, {""audio_file"": ""digit_6.wav"", ""audio_start_global_ms"": 324108.815, ""audio_expected_duration_ms"": 500, ""audio_stop_global_ms"": 324608.815}, {""audio_file"": ""digit_1.wav"", ""audio_start_global_ms"": 325133.327, ""audio_expected_duration_ms"": 500, ""audio_stop_global_ms"": 325633.327}, {""audio_file"": ""digit_8.wav"", ""audio_start_global_ms"": 326117.887, ""audio_expected_duration_ms"": 500, ""audio_stop_global_ms"": 326617.887}, {""audio_file"": ""digit_7.wav"", ""audio_start_global_ms"": 327146.864, ""audio_expected_duration_ms"": 500, ""audio_stop_global_ms"": 327646.864}]",0.0,two_failures_in_span,6.0,,,,,,,,,,,,,
053,053_T1_20260518_160418,PA,T1,standard,hci_substudy_v2,1,telemetry_v4,digit_span,3,formal_span_6,formal,5,1,15,formal,span_6,1779091458,237.772,2026-05-18T16:09:59.795,0,0,0,1,339771.271,339852.961,,,,,,,0,,,,,339871.271,339935.514,361514.512,6000,21578.998,361514.512,"[{""stage_name"": ""fixation"", ""planned_duration_ms"": 100, ""intended_onset_ms"": 339771.271, ""actual_onset_global_ms"": 339852.961, ""actual_offset_global_ms"": 339938.377, ""actual_duration_ms"": 85.416}, {""stage_name"": ""auditory_sequence"", ""planned_duration_ms"": 6000, ""intended_onset_ms"": 339871.271, ""actual_onset_global_ms"": 339935.514, ""actual_offset_global_ms"": 345458.668, ""actual_duration_ms"": 5523.154}, {""stage_name"": ""wait"", ""planned_duration_ms"": 500, ""intended_onset_ms"": 345458.668, ""actual_onset_global_ms"": 345489.378, ""actual_offset_global_ms"": 345990.479, ""actual_duration_ms"": 501.101}, {""stage_name"": ""input_panel"", ""planned_duration_ms"": 15000, ""intended_onset_ms"": 345990.479, ""actual_onset_global_ms"": 345995.431, ""actual_offset_global_ms"": 361514.512, ""actual_duration_ms"": 15519.081}]",,,,,0.0,none,,,0.0,0.0,none,0.0,0.0,0.0,0.0,,,,,,,,,,,,,,,,,,,,none,0.0,0.0,0.0,0.0,6.0,1.0,5.0,"[3, 7, 6, 8, 5, 1]","[""1"", ""5"", ""8"", ""6"", ""7"", ""3""]","[""1"", ""5"", ""3"", ""7"", ""2""]",15372,keyboard,1579.957,15518.968,0.0,0.0,0.0,0.0,0.0,"[1106.985, 2180.868, 530.167, 4900.012]",terminate,"[339935.514, 340942.078, 341965.921, 342958.559, 343976.743, 344958.668]","[""digit_3.wav"", ""digit_7.wav"", ""digit_6.wav"", ""digit_8.wav"", ""digit_5.wav"", ""digit_1.wav""]","[{""audio_file"": ""digit_3.wav"", ""audio_start_global_ms"": 339935.514, ""audio_expected_duration_ms"": 500, ""audio_stop_global_ms"": 340435.514}, {""audio_file"": ""digit_7.wav"", ""audio_start_global_ms"": 340942.078, ""audio_expected_duration_ms"": 500, ""audio_stop_global_ms"": 341442.078}, {""audio_file"": ""digit_6.wav"", ""audio_start_global_ms"": 341965.921, ""audio_expected_duration_ms"": 500, ""audio_stop_global_ms"": 342465.921}, {""audio_file"": ""digit_8.wav"", ""audio_start_global_ms"": 342958.559, ""audio_expected_duration_ms"": 500, ""audio_stop_global_ms"": 343458.559}, {""audio_file"": ""digit_5.wav"", ""audio_start_global_ms"": 343976.743, ""audio_expected_duration_ms"": 500, ""audio_stop_global_ms"": 344476.743}, {""audio_file"": ""digit_1.wav"", ""audio_start_global_ms"": 344958.668, ""audio_expected_duration_ms"": 500, ""audio_stop_global_ms"": 345458.668}]",0.0,two_failures_in_span,6.0,,,,,,,,,,,,,
053,053_T1_20260518_160418,PA,T1,standard,hci_substudy_v2,1,telemetry_v4,digit_span,3,formal_span_6,formal,5,2,16,formal,span_6,1779091458,237.772,2026-05-18T16:10:21.540,0,0,0,1,361517.047,361600.696,,,,,,,0,,,,,361617.047,361682.803,384916.833,6000,23234.03,384916.833,"[{""stage_name"": ""fixation"", ""planned_duration_ms"": 100, ""intended_onset_ms"": 361517.047, ""actual_onset_global_ms"": 361600.696, ""actual_offset_global_ms"": 361685.759, ""actual_duration_ms"": 85.063}, {""stage_name"": ""auditory_sequence"", ""planned_duration_ms"": 6000, ""intended_onset_ms"": 361617.047, ""actual_onset_global_ms"": 361682.803, ""actual_offset_global_ms"": 367211.139, ""actual_duration_ms"": 5528.336}, {""stage_name"": ""wait"", ""planned_duration_ms"": 500, ""intended_onset_ms"": 367211.139, ""actual_onset_global_ms"": 367243.547, ""actual_offset_global_ms"": 367742.875, ""actual_duration_ms"": 499.328}, {""stage_name"": ""input_panel"", ""planned_duration_ms"": 15000, ""intended_onset_ms"": 367742.875, ""actual_onset_global_ms"": 367746.163, ""actual_offset_global_ms"": 384916.833, ""actual_duration_ms"": 17170.67}]",,,,,0.0,none,,,0.0,0.0,none,0.0,0.0,0.0,0.0,,,,,,,,,,,,,,,,,,,,none,0.0,0.0,0.0,0.0,6.0,2.0,5.0,"[6, 8, 1, 2, 4, 5]","[""5"", ""4"", ""2"", ""1"", ""8"", ""6""]","[""5"", ""8"", ""7"", ""6"", ""1""]",58761,keyboard,1709.068,17170.564,0.0,0.0,3.0,0.0,0.0,"[186.601, 2733.606, 167.842, 2257.978, 1894.644, 1458.783, 6380.702]",terminate,"[361682.803, 362769.93, 363705.945, 364689.015, 365708.834, 366711.139]","[""digit_6.wav"", ""digit_8.wav"", ""digit_1.wav"", ""digit_2.wav"", ""digit_4.wav"", ""digit_5.wav""]","[{""audio_file"": ""digit_6.wav"", ""audio_start_global_ms"": 361682.803, ""audio_expected_duration_ms"": 500, ""audio_stop_global_ms"": 362182.803}, {""audio_file"": ""digit_8.wav"", ""audio_start_global_ms"": 362769.93, ""audio_expected_duration_ms"": 500, ""audio_stop_global_ms"": 363269.93}, {""audio_file"": ""digit_1.wav"", ""audio_start_global_ms"": 363705.945, ""audio_expected_duration_ms"": 500, ""audio_stop_global_ms"": 364205.945}, {""audio_file"": ""digit_2.wav"", ""audio_start_global_ms"": 364689.015, ""audio_expected_duration_ms"": 500, ""audio_stop_global_ms"": 365189.015}, {""audio_file"": ""digit_4.wav"", ""audio_start_global_ms"": 365708.834, ""audio_expected_duration_ms"": 500, ""audio_stop_global_ms"": 366208.834}, {""audio_file"": ""digit_5.wav"", ""audio_start_global_ms"": 366711.139, ""audio_expected_duration_ms"": 500, ""audio_stop_global_ms"": 367211.139}]",0.0,two_failures_in_span,6.0,,,,,,,,,,,,,
053,053_T1_20260518_160418,PA,T1,standard,hci_substudy_v2,1,telemetry_v4,change_detection,4,practice_cd,practice,1,1,1,practice,N2_same,1779091458,237.772,2026-05-18T16:11:01.734,0,0,0,1,401710.332,401720.758,,,,,s,,1,4592.583,,correct,1.0,405310.332,405364.658,409976.089,4000,4611.431,410126.089,"[{""stage_name"": ""fixation"", ""planned_duration_ms"": 100, ""intended_onset_ms"": 401710.332, ""actual_onset_global_ms"": 401720.758, ""actual_offset_global_ms"": 401816.769, ""actual_duration_ms"": 96.011}, {""stage_name"": ""memory_array"", ""planned_duration_ms"": 2500, ""intended_onset_ms"": 401810.332, ""actual_onset_global_ms"": 401834.893, ""actual_offset_global_ms"": 404338.898, ""actual_duration_ms"": 2504.005}, {""stage_name"": ""delay"", ""planned_duration_ms"": 1000, ""intended_onset_ms"": 404338.898, ""actual_onset_global_ms"": 404337.798, ""actual_offset_global_ms"": 405342.078, ""actual_duration_ms"": 1004.28}, {""stage_name"": ""test_array"", ""planned_duration_ms"": 4000, ""intended_onset_ms"": 405342.078, ""actual_onset_global_ms"": 405364.658, ""actual_offset_global_ms"": 409976.089, ""actual_duration_ms"": 4611.431}, {""stage_name"": ""feedback"", ""planned_duration_ms"": 150, ""intended_onset_ms"": 409976.089, ""actual_onset_global_ms"": 409985.783, ""actual_offset_global_ms"": 410131.717, ""actual_duration_ms"": 145.934}]",correct.wav,409976.241,150.0,410476.241,,,,,,,,,,,,,,,,,,,,,,,,,,,,,,,,,,,,,,,,,,,,,,1.0,,,,,,,,,,,,,2.0,same,1.0,"[-82.83, 193.95]","[[135.61, 47.91], [-82.83, 193.95]]","[""red"", ""blue""]","[""red"", ""blue""]",blue,blue,s,same,2.0,1.0
053,053_T1_20260518_160418,PA,T1,standard,hci_substudy_v2,1,telemetry_v4,change_detection,4,practice_cd,practice,1,2,2,practice,N2_change,1779091458,237.772,2026-05-18T16:11:10.153,0,0,0,1,410129.553,410133.979,,,,,j,,1,1383.292,,correct,1.0,413729.553,413761.339,415167.456,4000,1406.117,415317.456,"[{""stage_name"": ""fixation"", ""planned_duration_ms"": 100, ""intended_onset_ms"": 410129.553, ""actual_onset_global_ms"": 410133.979, ""actual_offset_global_ms"": 410235.306, ""actual_duration_ms"": 101.327}, {""stage_name"": ""memory_array"", ""planned_duration_ms"": 2500, ""intended_onset_ms"": 410229.553, ""actual_onset_global_ms"": 410253.484, ""actual_offset_global_ms"": 412739.135, ""actual_duration_ms"": 2485.651}, {""stage_name"": ""delay"", ""planned_duration_ms"": 1000, ""intended_onset_ms"": 412739.135, ""actual_onset_global_ms"": 412739.276, ""actual_offset_global_ms"": 413742.592, ""actual_duration_ms"": 1003.316}, {""stage_name"": ""test_array"", ""planned_duration_ms"": 4000, ""intended_onset_ms"": 413742.592, ""actual_onset_global_ms"": 413761.339, ""actual_offset_global_ms"": 415167.456, ""actual_duration_ms"": 1406.117}, {""stage_name"": ""feedback"", ""planned_duration_ms"": 150, ""intended_onset_ms"": 415167.456, ""actual_onset_global_ms"": 415172.306, ""actual_offset_global_ms"": 415324.891, ""actual_duration_ms"": 152.585}]",correct.wav,415167.572,150.0,415667.572,,,,,,,,,,,,,,,,,,,,,,,,,,,,,,,,,,,,,,,,,,,,,,1.0,,,,,,,,,,,,,2.0,change,1.0,"[-36.26, 194.97]","[[201.93, 207.19], [-36.26, 194.97]]","[""blue"", ""green""]","[""blue"", ""purple""]",green,purple,j,change,2.0,1.0
053,053_T1_20260518_160418,PA,T1,standard,hci_substudy_v2,1,telemetry_v4,change_detection,4,practice_cd,practice,1,3,3,practice,N1_change,1779091458,237.772,2026-05-18T16:11:15.346,0,0,0,1,415322.806,415328.89,,,,,j,,1,1279.952,,correct,1.0,418922.806,418947.301,420233.791,4000,1286.49,420383.791,"[{""stage_name"": ""fixation"", ""planned_duration_ms"": 100, ""intended_onset_ms"": 415322.806, ""actual_onset_global_ms"": 415328.89, ""actual_offset_global_ms"": 415427.295, ""actual_duration_ms"": 98.405}, {""stage_name"": ""memory_array"", ""planned_duration_ms"": 2500, ""intended_onset_ms"": 415422.806, ""actual_onset_global_ms"": 415435.979, ""actual_offset_global_ms"": 417936.048, ""actual_duration_ms"": 2500.069}, {""stage_name"": ""delay"", ""planned_duration_ms"": 1000, ""intended_onset_ms"": 417936.048, ""actual_onset_global_ms"": 417934.474, ""actual_offset_global_ms"": 418937.875, ""actual_duration_ms"": 1003.401}, {""stage_name"": ""test_array"", ""planned_duration_ms"": 4000, ""intended_onset_ms"": 418937.875, ""actual_onset_global_ms"": 418947.301, ""actual_offset_global_ms"": 420233.791, ""actual_duration_ms"": 1286.49}, {""stage_name"": ""feedback"", ""planned_duration_ms"": 150, ""intended_onset_ms"": 420233.791, ""actual_onset_global_ms"": 420238.541, ""actual_offset_global_ms"": 420392.217, ""actual_duration_ms"": 153.676}]",correct.wav,420233.916,150.0,420733.916,,,,,,,,,,,,,,,,,,,,,,,,,,,,,,,,,,,,,,,,,,,,,,1.0,,,,,,,,,,,,,1.0,change,0.0,"[87.7, -160.75]","[[87.7, -160.75]]","[""green""]","[""purple""]",green,purple,j,change,1.0,1.0
053,053_T1_20260518_160418,PA,T1,standard,hci_substudy_v2,1,telemetry_v4,change_detection,4,practice_cd,practice,1,4,4,practice,N2_change,1779091458,237.772,2026-05-18T16:11:20.414,0,0,0,1,420390.217,420394.572,,,,,j,,0,2500.236,,incorrect,1.0,423990.217,424034.722,426561.26,4000,2526.538,426711.26,"[{""stage_name"": ""fixation"", ""planned_duration_ms"": 100, ""intended_onset_ms"": 420390.217, ""actual_onset_global_ms"": 420394.572, ""actual_offset_global_ms"": 420496.792, ""actual_duration_ms"": 102.22}, {""stage_name"": ""memory_array"", ""planned_duration_ms"": 2500, ""intended_onset_ms"": 420490.217, ""actual_onset_global_ms"": 420515.738, ""actual_offset_global_ms"": 423008.862, ""actual_duration_ms"": 2493.124}, {""stage_name"": ""delay"", ""planned_duration_ms"": 1000, ""intended_onset_ms"": 423008.862, ""actual_onset_global_ms"": 423009.625, ""actual_offset_global_ms"": 424013.209, ""actual_duration_ms"": 1003.584}, {""stage_name"": ""test_array"", ""planned_duration_ms"": 4000, ""intended_onset_ms"": 424013.209, ""actual_onset_global_ms"": 424034.722, ""actual_offset_global_ms"": 426561.26, ""actual_duration_ms"": 2526.538}, {""stage_name"": ""feedback"", ""planned_duration_ms"": 150, ""intended_onset_ms"": 426561.26, ""actual_onset_global_ms"": 426570.292, ""actual_offset_global_ms"": 426717.415, ""actual_duration_ms"": 147.123}]",incorrect.wav,426561.392,150.0,427061.392,,,,,,,,,,,,,,,,,,,,,,,,,,,,,,,,,,,,,,,,,,,,,,0.0,,,,,,,,,,,,,2.0,change,0.0,"[54.89, -220.63]","[[54.89, -220.63], [-207.74, 240.97]]","[""yellow"", ""purple""]","[""green"", ""purple""]",yellow,green,s,same,2.0,1.0
053,053_T1_20260518_160418,PA,T1,standard,hci_substudy_v2,1,telemetry_v4,change_detection,4,practice_cd,practice,1,5,5,practice,N1_same,1779091458,237.772,2026-05-18T16:11:26.739,0,0,0,1,426715.495,426721.066,,,,,s,,1,1125.882,,correct,1.0,430315.495,430340.925,431473.92,4000,1132.995,431623.92,"[{""stage_name"": ""fixation"", ""planned_duration_ms"": 100, ""intended_onset_ms"": 426715.495, ""actual_onset_global_ms"": 426721.066, ""actual_offset_global_ms"": 426824.118, ""actual_duration_ms"": 103.052}, {""stage_name"": ""memory_array"", ""planned_duration_ms"": 2500, ""intended_onset_ms"": 426815.495, ""actual_onset_global_ms"": 426833.122, ""actual_offset_global_ms"": 429325.955, ""actual_duration_ms"": 2492.833}, {""stage_name"": ""delay"", ""planned_duration_ms"": 1000, ""intended_onset_ms"": 429325.955, ""actual_onset_global_ms"": 429325.767, ""actual_offset_global_ms"": 430329.909, ""actual_duration_ms"": 1004.142}, {""stage_name"": ""test_array"", ""planned_duration_ms"": 4000, ""intended_onset_ms"": 430329.909, ""actual_onset_global_ms"": 430340.925, ""actual_offset_global_ms"": 431473.92, ""actual_duration_ms"": 1132.995}, {""stage_name"": ""feedback"", ""planned_duration_ms"": 150, ""intended_onset_ms"": 431473.92, ""actual_onset_global_ms"": 431479.96, ""actual_offset_global_ms"": 431631.449, ""actual_duration_ms"": 151.489}]",correct.wav,431474.079,150.0,431974.079,,,,,,,,,,,,,,,,,,,,,,,,,,,,,,,,,,,,,,,,,,,,,,1.0,,,,,,,,,,,,,1.0,same,0.0,"[-114.02, 180.25]","[[-114.02, 180.25]]","[""red""]","[""red""]",red,red,s,same,1.0,1.0
053,053_T1_20260518_160418,PA,T1,standard,hci_substudy_v2,1,telemetry_v4,change_detection,4,practice_cd,practice,1,6,6,practice,N1_change,1779091458,237.772,2026-05-18T16:11:31.652,0,0,0,1,431629.34,431633.274,,,,,j,,1,1061.472,,correct,1.0,435229.34,435257.03,436329.608,4000,1072.578,436479.608,"[{""stage_name"": ""fixation"", ""planned_duration_ms"": 100, ""intended_onset_ms"": 431629.34, ""actual_onset_global_ms"": 431633.274, ""actual_offset_global_ms"": 431734.334, ""actual_duration_ms"": 101.06}, {""stage_name"": ""memory_array"", ""planned_duration_ms"": 2500, ""intended_onset_ms"": 431729.34, ""actual_onset_global_ms"": 431743.471, ""actual_offset_global_ms"": 434244.27, ""actual_duration_ms"": 2500.799}, {""stage_name"": ""delay"", ""planned_duration_ms"": 1000, ""intended_onset_ms"": 434244.27, ""actual_onset_global_ms"": 434242.877, ""actual_offset_global_ms"": 435246.671, ""actual_duration_ms"": 1003.794}, {""stage_name"": ""test_array"", ""planned_duration_ms"": 4000, ""intended_onset_ms"": 435246.671, ""actual_onset_global_ms"": 435257.03, ""actual_offset_global_ms"": 436329.608, ""actual_duration_ms"": 1072.578}, {""stage_name"": ""feedback"", ""planned_duration_ms"": 150, ""intended_onset_ms"": 436329.608, ""actual_onset_global_ms"": 436338.315, ""actual_offset_global_ms"": 436485.343, ""actual_duration_ms"": 147.028}]",correct.wav,436329.732,150.0,436829.732,,,,,,,,,,,,,,,,,,,,,,,,,,,,,,,,,,,,,,,,,,,,,,1.0,,,,,,,,,,,,,1.0,change,0.0,"[111.64, -162.34]","[[111.64, -162.34]]","[""yellow""]","[""green""]",yellow,green,j,change,1.0,1.0
053,053_T1_20260518_160418,PA,T1,standard,hci_substudy_v2,1,telemetry_v4,change_detection,4,practice_cd,practice,1,7,7,practice,N1_same,1779091458,237.772,2026-05-18T16:11:36.507,0,0,0,1,436483.436,436488.951,,,,,s,,1,915.776,,correct,1.0,440083.436,440113.376,441035.526,4000,922.15,441185.526,"[{""stage_name"": ""fixation"", ""planned_duration_ms"": 100, ""intended_onset_ms"": 436483.436, ""actual_onset_global_ms"": 436488.951, ""actual_offset_global_ms"": 436592.228, ""actual_duration_ms"": 103.277}, {""stage_name"": ""memory_array"", ""planned_duration_ms"": 2500, ""intended_onset_ms"": 436583.436, ""actual_onset_global_ms"": 436601.302, ""actual_offset_global_ms"": 439098.367, ""actual_duration_ms"": 2497.065}, {""stage_name"": ""delay"", ""planned_duration_ms"": 1000, ""intended_onset_ms"": 439098.367, ""actual_onset_global_ms"": 439097.608, ""actual_offset_global_ms"": 440103.647, ""actual_duration_ms"": 1006.039}, {""stage_name"": ""test_array"", ""planned_duration_ms"": 4000, ""intended_onset_ms"": 440103.647, ""actual_onset_global_ms"": 440113.376, ""actual_offset_global_ms"": 441035.526, ""actual_duration_ms"": 922.15}, {""stage_name"": ""feedback"", ""planned_duration_ms"": 150, ""intended_onset_ms"": 441035.526, ""actual_onset_global_ms"": 441040.013, ""actual_offset_global_ms"": 441192.784, ""actual_duration_ms"": 152.771}]",correct.wav,441035.66,150.0,441535.66,,,,,,,,,,,,,,,,,,,,,,,,,,,,,,,,,,,,,,,,,,,,,,1.0,,,,,,,,,,,,,1.0,same,0.0,"[52.9, -185.3]","[[52.9, -185.3]]","[""red""]","[""red""]",red,red,s,same,2.0,1.0
053,053_T1_20260518_160418,PA,T1,standard,hci_substudy_v2,1,telemetry_v4,change_detection,4,practice_cd,practice,1,8,8,practice,N2_same,1779091458,237.772,2026-05-18T16:11:41.215,0,0,0,1,441191.022,441196.204,,,,,s,,1,1467.64,,correct,1.0,444791.022,444824.504,446309.013,4000,1484.509,446459.013,"[{""stage_name"": ""fixation"", ""planned_duration_ms"": 100, ""intended_onset_ms"": 441191.022, ""actual_onset_global_ms"": 441196.204, ""actual_offset_global_ms"": 441295.981, ""actual_duration_ms"": 99.777}, {""stage_name"": ""memory_array"", ""planned_duration_ms"": 2500, ""intended_onset_ms"": 441291.022, ""actual_onset_global_ms"": 441315.346, ""actual_offset_global_ms"": 443797.558, ""actual_duration_ms"": 2482.212}, {""stage_name"": ""delay"", ""planned_duration_ms"": 1000, ""intended_onset_ms"": 443797.558, ""actual_onset_global_ms"": 443797.431, ""actual_offset_global_ms"": 444803.523, ""actual_duration_ms"": 1006.092}, {""stage_name"": ""test_array"", ""planned_duration_ms"": 4000, ""intended_onset_ms"": 444803.523, ""actual_onset_global_ms"": 444824.504, ""actual_offset_global_ms"": 446309.013, ""actual_duration_ms"": 1484.509}, {""stage_name"": ""feedback"", ""planned_duration_ms"": 150, ""intended_onset_ms"": 446309.013, ""actual_onset_global_ms"": 446313.895, ""actual_offset_global_ms"": 446466.283, ""actual_duration_ms"": 152.388}]",correct.wav,446309.25,150.0,446809.25,,,,,,,,,,,,,,,,,,,,,,,,,,,,,,,,,,,,,,,,,,,,,,1.0,,,,,,,,,,,,,2.0,same,1.0,"[-89.48, -96.62]","[[152.94, -66.99], [-89.48, -96.62]]","[""purple"", ""blue""]","[""purple"", ""blue""]",blue,blue,s,same,2.0,1.0
053,053_T1_20260518_160418,PA,T1,standard,hci_substudy_v2,1,telemetry_v4,change_detection,4,formal_cd,formal,1,1,9,formal,N2_change,1779091458,237.772,2026-05-18T16:11:47.723,0,0,0,1,447699.403,447703.707,,,,,j,,1,3877.527,,,,451299.403,451335.777,455239.204,4000,3903.427,455239.204,"[{""stage_name"": ""fixation"", ""planned_duration_ms"": 100, ""intended_onset_ms"": 447699.403, ""actual_onset_global_ms"": 447703.707, ""actual_offset_global_ms"": 447807.111, ""actual_duration_ms"": 103.404}, {""stage_name"": ""memory_array"", ""planned_duration_ms"": 2500, ""intended_onset_ms"": 447799.403, ""actual_onset_global_ms"": 447825.25, ""actual_offset_global_ms"": 450315.233, ""actual_duration_ms"": 2489.983}, {""stage_name"": ""delay"", ""planned_duration_ms"": 1000, ""intended_onset_ms"": 450315.233, ""actual_onset_global_ms"": 450315.205, ""actual_offset_global_ms"": 451317.211, ""actual_duration_ms"": 1002.006}, {""stage_name"": ""test_array"", ""planned_duration_ms"": 4000, ""intended_onset_ms"": 451317.211, ""actual_onset_global_ms"": 451335.777, ""actual_offset_global_ms"": 455239.204, ""actual_duration_ms"": 3903.427}]",,,,,,,,,,,,,,,,,,,,,,,,,,,,,,,,,,,,,,,,,,,,,,,,,,1.0,,,,,,,,,,,,,2.0,change,0.0,"[158.15, -155.69]","[[158.15, -155.69], [-136.23, 113.24]]","[""purple"", ""green""]","[""red"", ""green""]",purple,red,j,change,3.0,1.0
053,053_T1_20260518_160418,PA,T1,standard,hci_substudy_v2,1,telemetry_v4,change_detection,4,formal_cd,formal,1,2,10,formal,N3_change,1779091458,237.772,2026-05-18T16:11:55.264,0,0,0,1,455241.408,455246.794,,,,,j,,1,1881.153,,,,458841.408,458940.952,460855.023,4000,1914.071,460855.023,"[{""stage_name"": ""fixation"", ""planned_duration_ms"": 100, ""intended_onset_ms"": 455241.408, ""actual_onset_global_ms"": 455246.794, ""actual_offset_global_ms"": 455347.791, ""actual_duration_ms"": 100.997}, {""stage_name"": ""memory_array"", ""planned_duration_ms"": 2500, ""intended_onset_ms"": 455341.408, ""actual_onset_global_ms"": 455374.929, ""actual_offset_global_ms"": 457873.647, ""actual_duration_ms"": 2498.718}, {""stage_name"": ""delay"", ""planned_duration_ms"": 1000, ""intended_onset_ms"": 457873.647, ""actual_onset_global_ms"": 457874.034, ""actual_offset_global_ms"": 458875.558, ""actual_duration_ms"": 1001.524}, {""stage_name"": ""test_array"", ""planned_duration_ms"": 4000, ""intended_onset_ms"": 458875.558, ""actual_onset_global_ms"": 458940.952, ""actual_offset_global_ms"": 460855.023, ""actual_duration_ms"": 1914.071}]",,,,,,,,,,,,,,,,,,,,,,,,,,,,,,,,,,,,,,,,,,,,,,,,,,1.0,,,,,,,,,,,,,3.0,change,0.0,"[-258.63, -150.04]","[[-258.63, -150.04], [-168.94, 12.04], [-47.83, -217.59]]","[""red"", ""green"", ""blue""]","[""yellow"", ""green"", ""blue""]",red,yellow,j,change,5.0,1.0
053,053_T1_20260518_160418,PA,T1,standard,hci_substudy_v2,1,telemetry_v4,change_detection,4,formal_cd,formal,1,3,11,formal,N3_same,1779091458,237.772,2026-05-18T16:12:00.881,0,0,0,1,460857.562,460861.869,,,,,s,,1,1855.13,,,,464457.562,464520.323,466398.553,4000,1878.23,466398.553,"[{""stage_name"": ""fixation"", ""planned_duration_ms"": 100, ""intended_onset_ms"": 460857.562, ""actual_onset_global_ms"": 460861.869, ""actual_offset_global_ms"": 460964.553, ""actual_duration_ms"": 102.684}, {""stage_name"": ""memory_array"", ""planned_duration_ms"": 2500, ""intended_onset_ms"": 460957.562, ""actual_onset_global_ms"": 460991.602, ""actual_offset_global_ms"": 463490.177, ""actual_duration_ms"": 2498.575}, {""stage_name"": ""delay"", ""planned_duration_ms"": 1000, ""intended_onset_ms"": 463490.177, ""actual_onset_global_ms"": 463488.75, ""actual_offset_global_ms"": 464492.174, ""actual_duration_ms"": 1003.424}, {""stage_name"": ""test_array"", ""planned_duration_ms"": 4000, ""intended_onset_ms"": 464492.174, ""actual_onset_global_ms"": 464520.323, ""actual_offset_global_ms"": 466398.553, ""actual_duration_ms"": 1878.23}]",,,,,,,,,,,,,,,,,,,,,,,,,,,,,,,,,,,,,,,,,,,,,,,,,,1.0,,,,,,,,,,,,,3.0,same,1.0,"[180.63, -216.35]","[[-104.32, 249.08], [180.63, -216.35], [-193.23, -77.91]]","[""yellow"", ""blue"", ""purple""]","[""yellow"", ""blue"", ""purple""]",blue,blue,s,same,3.0,1.0
053,053_T1_20260518_160418,PA,T1,standard,hci_substudy_v2,1,telemetry_v4,change_detection,4,formal_cd,formal,1,4,12,formal,N3_same,1779091458,237.772,2026-05-18T16:12:06.425,0,0,0,1,466401.143,466406.983,,,,,s,,1,2384.315,,,,470001.143,470049.647,472450.515,4000,2400.868,472450.515,"[{""stage_name"": ""fixation"", ""planned_duration_ms"": 100, ""intended_onset_ms"": 466401.143, ""actual_onset_global_ms"": 466406.983, ""actual_offset_global_ms"": 466508.669, ""actual_duration_ms"": 101.686}, {""stage_name"": ""memory_array"", ""planned_duration_ms"": 2500, ""intended_onset_ms"": 466501.143, ""actual_onset_global_ms"": 466535.815, ""actual_offset_global_ms"": 469016.192, ""actual_duration_ms"": 2480.377}, {""stage_name"": ""delay"", ""planned_duration_ms"": 1000, ""intended_onset_ms"": 469016.192, ""actual_onset_global_ms"": 469016.495, ""actual_offset_global_ms"": 470021.731, ""actual_duration_ms"": 1005.236}, {""stage_name"": ""test_array"", ""planned_duration_ms"": 4000, ""intended_onset_ms"": 470021.731, ""actual_onset_global_ms"": 470049.647, ""actual_offset_global_ms"": 472450.515, ""actual_duration_ms"": 2400.868}]",,,,,,,,,,,,,,,,,,,,,,,,,,,,,,,,,,,,,,,,,,,,,,,,,,1.0,,,,,,,,,,,,,3.0,same,0.0,"[-231.38, 218.93]","[[-231.38, 218.93], [255.25, 239.83], [259.44, 57.63]]","[""blue"", ""yellow"", ""green""]","[""blue"", ""yellow"", ""green""]",blue,blue,s,same,3.0,1.0
053,053_T1_20260518_160418,PA,T1,standard,hci_substudy_v2,1,telemetry_v4,change_detection,4,formal_cd,formal,1,5,13,formal,N4_change,1779091458,237.772,2026-05-18T16:12:12.476,0,0,0,1,472452.661,472457.762,,,,,j,,1,1896.683,,,,476052.661,476138.176,478064.336,4000,1926.16,478064.336,"[{""stage_name"": ""fixation"", ""planned_duration_ms"": 100, ""intended_onset_ms"": 472452.661, ""actual_onset_global_ms"": 472457.762, ""actual_offset_global_ms"": 472563.468, ""actual_duration_ms"": 105.706}, {""stage_name"": ""memory_array"", ""planned_duration_ms"": 2500, ""intended_onset_ms"": 472552.661, ""actual_onset_global_ms"": 472601.618, ""actual_offset_global_ms"": 475098.48, ""actual_duration_ms"": 2496.862}, {""stage_name"": ""delay"", ""planned_duration_ms"": 1000, ""intended_onset_ms"": 475098.48, ""actual_onset_global_ms"": 475099.427, ""actual_offset_global_ms"": 476100.809, ""actual_duration_ms"": 1001.382}, {""stage_name"": ""test_array"", ""planned_duration_ms"": 4000, ""intended_onset_ms"": 476100.809, ""actual_onset_global_ms"": 476138.176, ""actual_offset_global_ms"": 478064.336, ""actual_duration_ms"": 1926.16}]",,,,,,,,,,,,,,,,,,,,,,,,,,,,,,,,,,,,,,,,,,,,,,,,,,1.0,,,,,,,,,,,,,4.0,change,2.0,"[-224.24, 220.03]","[[-50.5, -245.01], [205.52, -218.36], [-224.24, 220.03], [-85.73, -126.07]]","[""blue"", ""green"", ""red"", ""purple""]","[""blue"", ""green"", ""yellow"", ""purple""]",red,yellow,j,change,4.0,1.0
053,053_T1_20260518_160418,PA,T1,standard,hci_substudy_v2,1,telemetry_v4,change_detection,4,formal_cd,formal,1,6,14,formal,N1_change,1779091458,237.772,2026-05-18T16:12:18.090,0,0,0,1,478066.463,478070.9,,,,,j,,1,1687.343,,,,481666.463,481686.376,483388.267,4000,1701.891,483388.267,"[{""stage_name"": ""fixation"", ""planned_duration_ms"": 100, ""intended_onset_ms"": 478066.463, ""actual_onset_global_ms"": 478070.9, ""actual_offset_global_ms"": 478173.533, ""actual_duration_ms"": 102.633}, {""stage_name"": ""memory_array"", ""planned_duration_ms"": 2500, ""intended_onset_ms"": 478166.463, ""actual_onset_global_ms"": 478182.626, ""actual_offset_global_ms"": 480673.754, ""actual_duration_ms"": 2491.128}, {""stage_name"": ""delay"", ""planned_duration_ms"": 1000, ""intended_onset_ms"": 480673.754, ""actual_onset_global_ms"": 480673.621, ""actual_offset_global_ms"": 481676.026, ""actual_duration_ms"": 1002.405}, {""stage_name"": ""test_array"", ""planned_duration_ms"": 4000, ""intended_onset_ms"": 481676.026, ""actual_onset_global_ms"": 481686.376, ""actual_offset_global_ms"": 483388.267, ""actual_duration_ms"": 1701.891}]",,,,,,,,,,,,,,,,,,,,,,,,,,,,,,,,,,,,,,,,,,,,,,,,,,1.0,,,,,,,,,,,,,1.0,change,0.0,"[-90.25, 172.17]","[[-90.25, 172.17]]","[""yellow""]","[""green""]",yellow,green,j,change,1.0,1.0
053,053_T1_20260518_160418,PA,T1,standard,hci_substudy_v2,1,telemetry_v4,change_detection,4,formal_cd,formal,1,7,15,formal,N1_same,1779091458,237.772,2026-05-18T16:12:23.414,0,0,0,1,483390.695,483398.521,,,,,s,,1,1921.736,,,,486990.695,487016.361,488959.037,4000,1942.676,488959.037,"[{""stage_name"": ""fixation"", ""planned_duration_ms"": 100, ""intended_onset_ms"": 483390.695, ""actual_onset_global_ms"": 483398.521, ""actual_offset_global_ms"": 483497.304, ""actual_duration_ms"": 98.783}, {""stage_name"": ""memory_array"", ""planned_duration_ms"": 2500, ""intended_onset_ms"": 483490.695, ""actual_onset_global_ms"": 483505.529, ""actual_offset_global_ms"": 486004.723, ""actual_duration_ms"": 2499.194}, {""stage_name"": ""delay"", ""planned_duration_ms"": 1000, ""intended_onset_ms"": 486004.723, ""actual_onset_global_ms"": 486005.528, ""actual_offset_global_ms"": 487006.416, ""actual_duration_ms"": 1000.888}, {""stage_name"": ""test_array"", ""planned_duration_ms"": 4000, ""intended_onset_ms"": 487006.416, ""actual_onset_global_ms"": 487016.361, ""actual_offset_global_ms"": 488959.037, ""actual_duration_ms"": 1942.676}]",,,,,,,,,,,,,,,,,,,,,,,,,,,,,,,,,,,,,,,,,,,,,,,,,,1.0,,,,,,,,,,,,,1.0,same,0.0,"[99.1, 74.81]","[[99.1, 74.81]]","[""yellow""]","[""yellow""]",yellow,yellow,s,same,2.0,1.0
053,053_T1_20260518_160418,PA,T1,standard,hci_substudy_v2,1,telemetry_v4,change_detection,4,formal_cd,formal,1,8,16,formal,N4_same,1779091458,237.772,2026-05-18T16:12:28.984,0,0,0,1,488961.439,488965.529,,,,,s,,1,2999.049,,,,492561.439,492635.916,495659.295,4000,3023.379,495659.295,"[{""stage_name"": ""fixation"", ""planned_duration_ms"": 100, ""intended_onset_ms"": 488961.439, ""actual_onset_global_ms"": 488965.529, ""actual_offset_global_ms"": 489067.364, ""actual_duration_ms"": 101.835}, {""stage_name"": ""memory_array"", ""planned_duration_ms"": 2500, ""intended_onset_ms"": 489061.439, ""actual_onset_global_ms"": 489103.124, ""actual_offset_global_ms"": 491597.407, ""actual_duration_ms"": 2494.283}, {""stage_name"": ""delay"", ""planned_duration_ms"": 1000, ""intended_onset_ms"": 491597.407, ""actual_onset_global_ms"": 491599.058, ""actual_offset_global_ms"": 492599.45, ""actual_duration_ms"": 1000.392}, {""stage_name"": ""test_array"", ""planned_duration_ms"": 4000, ""intended_onset_ms"": 492599.45, ""actual_onset_global_ms"": 492635.916, ""actual_offset_global_ms"": 495659.295, ""actual_duration_ms"": 3023.379}]",,,,,,,,,,,,,,,,,,,,,,,,,,,,,,,,,,,,,,,,,,,,,,,,,,1.0,,,,,,,,,,,,,4.0,same,1.0,"[-164.85, 51.77]","[[237.09, -121.8], [-164.85, 51.77], [-119.34, -129.94], [116.01, 233.42]]","[""green"", ""blue"", ""purple"", ""yellow""]","[""green"", ""blue"", ""purple"", ""yellow""]",blue,blue,s,same,5.0,1.0
053,053_T1_20260518_160418,PA,T1,standard,hci_substudy_v2,1,telemetry_v4,change_detection,4,formal_cd,formal,1,9,17,formal,N4_same,1779091458,237.772,2026-05-18T16:12:35.685,0,0,0,1,495661.662,495667.118,,,,,s,,1,2769.655,,,,499261.662,499367.331,502171.556,4000,2804.225,502171.556,"[{""stage_name"": ""fixation"", ""planned_duration_ms"": 100, ""intended_onset_ms"": 495661.662, ""actual_onset_global_ms"": 495667.118, ""actual_offset_global_ms"": 495768.742, ""actual_duration_ms"": 101.624}, {""stage_name"": ""memory_array"", ""planned_duration_ms"": 2500, ""intended_onset_ms"": 495761.662, ""actual_onset_global_ms"": 495803.949, ""actual_offset_global_ms"": 498289.62, ""actual_duration_ms"": 2485.671}, {""stage_name"": ""delay"", ""planned_duration_ms"": 1000, ""intended_onset_ms"": 498289.62, ""actual_onset_global_ms"": 498291.092, ""actual_offset_global_ms"": 499292.275, ""actual_duration_ms"": 1001.183}, {""stage_name"": ""test_array"", ""planned_duration_ms"": 4000, ""intended_onset_ms"": 499292.275, ""actual_onset_global_ms"": 499367.331, ""actual_offset_global_ms"": 502171.556, ""actual_duration_ms"": 2804.225}]",,,,,,,,,,,,,,,,,,,,,,,,,,,,,,,,,,,,,,,,,,,,,,,,,,1.0,,,,,,,,,,,,,4.0,same,0.0,"[58.15, -196.03]","[[58.15, -196.03], [155.5, -66.93], [212.19, 144.88], [55.51, 99.99]]","[""green"", ""yellow"", ""red"", ""purple""]","[""green"", ""yellow"", ""red"", ""purple""]",green,green,s,same,4.0,1.0
053,053_T1_20260518_160418,PA,T1,standard,hci_substudy_v2,1,telemetry_v4,change_detection,4,formal_cd,formal,1,10,18,formal,N2_change,1779091458,237.772,2026-05-18T16:12:42.198,0,0,0,1,502173.987,502179.838,,,,,j,,1,1608.713,,,,505773.987,505808.272,507436.302,4000,1628.03,507436.302,"[{""stage_name"": ""fixation"", ""planned_duration_ms"": 100, ""intended_onset_ms"": 502173.987, ""actual_onset_global_ms"": 502179.838, ""actual_offset_global_ms"": 502284.872, ""actual_duration_ms"": 105.034}, {""stage_name"": ""memory_array"", ""planned_duration_ms"": 2500, ""intended_onset_ms"": 502273.987, ""actual_onset_global_ms"": 502303.113, ""actual_offset_global_ms"": 504787.84, ""actual_duration_ms"": 2484.727}, {""stage_name"": ""delay"", ""planned_duration_ms"": 1000, ""intended_onset_ms"": 504787.84, ""actual_onset_global_ms"": 504788.405, ""actual_offset_global_ms"": 505789.298, ""actual_duration_ms"": 1000.893}, {""stage_name"": ""test_array"", ""planned_duration_ms"": 4000, ""intended_onset_ms"": 505789.298, ""actual_onset_global_ms"": 505808.272, ""actual_offset_global_ms"": 507436.302, ""actual_duration_ms"": 1628.03}]",,,,,,,,,,,,,,,,,,,,,,,,,,,,,,,,,,,,,,,,,,,,,,,,,,1.0,,,,,,,,,,,,,2.0,change,0.0,"[-257.3, -139.37]","[[-257.3, -139.37], [-145.33, -75.0]]","[""red"", ""purple""]","[""yellow"", ""purple""]",red,yellow,j,change,2.0,1.0
053,053_T1_20260518_160418,PA,T1,standard,hci_substudy_v2,1,telemetry_v4,change_detection,4,formal_cd,formal,1,11,19,formal,N4_change,1779091458,237.772,2026-05-18T16:12:47.462,0,0,0,1,507438.745,507443.866,,,,,j,,1,2214.483,,,,511038.745,511105.397,513358.566,4000,2253.169,513358.566,"[{""stage_name"": ""fixation"", ""planned_duration_ms"": 100, ""intended_onset_ms"": 507438.745, ""actual_onset_global_ms"": 507443.866, ""actual_offset_global_ms"": 507544.094, ""actual_duration_ms"": 100.228}, {""stage_name"": ""memory_array"", ""planned_duration_ms"": 2500, ""intended_onset_ms"": 507538.745, ""actual_onset_global_ms"": 507581.547, ""actual_offset_global_ms"": 510065.828, ""actual_duration_ms"": 2484.281}, {""stage_name"": ""delay"", ""planned_duration_ms"": 1000, ""intended_onset_ms"": 510065.828, ""actual_onset_global_ms"": 510066.025, ""actual_offset_global_ms"": 511069.232, ""actual_duration_ms"": 1003.207}, {""stage_name"": ""test_array"", ""planned_duration_ms"": 4000, ""intended_onset_ms"": 511069.232, ""actual_onset_global_ms"": 511105.397, ""actual_offset_global_ms"": 513358.566, ""actual_duration_ms"": 2253.169}]",,,,,,,,,,,,,,,,,,,,,,,,,,,,,,,,,,,,,,,,,,,,,,,,,,1.0,,,,,,,,,,,,,4.0,change,2.0,"[-191.72, -225.16]","[[-139.76, 257.02], [-254.71, 143.09], [-191.72, -225.16], [107.27, 252.51]]","[""blue"", ""yellow"", ""red"", ""green""]","[""blue"", ""yellow"", ""purple"", ""green""]",red,purple,j,change,4.0,1.0
053,053_T1_20260518_160418,PA,T1,standard,hci_substudy_v2,1,telemetry_v4,change_detection,4,formal_cd,formal,1,12,20,formal,N2_same,1779091458,237.772,2026-05-18T16:12:53.385,0,0,0,1,513361.358,513366.368,,,,,s,,1,1525.104,,,,516961.358,517007.012,518538.159,4000,1531.147,518538.159,"[{""stage_name"": ""fixation"", ""planned_duration_ms"": 100, ""intended_onset_ms"": 513361.358, ""actual_onset_global_ms"": 513366.368, ""actual_offset_global_ms"": 513468.387, ""actual_duration_ms"": 102.019}, {""stage_name"": ""memory_array"", ""planned_duration_ms"": 2500, ""intended_onset_ms"": 513461.358, ""actual_onset_global_ms"": 513486.605, ""actual_offset_global_ms"": 515985.927, ""actual_duration_ms"": 2499.322}, {""stage_name"": ""delay"", ""planned_duration_ms"": 1000, ""intended_onset_ms"": 515985.927, ""actual_onset_global_ms"": 515984.661, ""actual_offset_global_ms"": 516988.609, ""actual_duration_ms"": 1003.948}, {""stage_name"": ""test_array"", ""planned_duration_ms"": 4000, ""intended_onset_ms"": 516988.609, ""actual_onset_global_ms"": 517007.012, ""actual_offset_global_ms"": 518538.159, ""actual_duration_ms"": 1531.147}]",,,,,,,,,,,,,,,,,,,,,,,,,,,,,,,,,,,,,,,,,,,,,,,,,,1.0,,,,,,,,,,,,,2.0,same,0.0,"[83.38, 111.27]","[[83.38, 111.27], [-54.12, -253.28]]","[""blue"", ""red""]","[""blue"", ""red""]",blue,blue,s,same,2.0,1.0
053,053_T1_20260518_160418,PA,T1,standard,hci_substudy_v2,1,telemetry_v4,change_detection,4,formal_cd,formal,1,13,21,formal,N3_same,1779091458,237.772,2026-05-18T16:12:58.565,0,0,0,1,518540.784,518544.79,,,,,s,,1,2277.458,,,,522140.784,522199.088,524484.432,4000,2285.344,524484.432,"[{""stage_name"": ""fixation"", ""planned_duration_ms"": 100, ""intended_onset_ms"": 518540.784, ""actual_onset_global_ms"": 518544.79, ""actual_offset_global_ms"": 518647.967, ""actual_duration_ms"": 103.177}, {""stage_name"": ""memory_array"", ""planned_duration_ms"": 2500, ""intended_onset_ms"": 518640.784, ""actual_onset_global_ms"": 518674.349, ""actual_offset_global_ms"": 521169.204, ""actual_duration_ms"": 2494.855}, {""stage_name"": ""delay"", ""planned_duration_ms"": 1000, ""intended_onset_ms"": 521169.204, ""actual_onset_global_ms"": 521168.403, ""actual_offset_global_ms"": 522169.38, ""actual_duration_ms"": 1000.977}, {""stage_name"": ""test_array"", ""planned_duration_ms"": 4000, ""intended_onset_ms"": 522169.38, ""actual_onset_global_ms"": 522199.088, ""actual_offset_global_ms"": 524484.432, ""actual_duration_ms"": 2285.344}]",,,,,,,,,,,,,,,,,,,,,,,,,,,,,,,,,,,,,,,,,,,,,,,,,,1.0,,,,,,,,,,,,,3.0,same,0.0,"[100.23, -253.71]","[[100.23, -253.71], [144.52, 27.03], [68.25, 142.27]]","[""blue"", ""red"", ""yellow""]","[""blue"", ""red"", ""yellow""]",blue,blue,s,same,3.0,1.0
053,053_T1_20260518_160418,PA,T1,standard,hci_substudy_v2,1,telemetry_v4,change_detection,4,formal_cd,formal,1,14,22,formal,N1_same,1779091458,237.772,2026-05-18T16:13:04.511,0,0,0,1,524487.058,524492.617,,,,,s,,1,1834.609,,,,528087.058,528115.965,529959.082,4000,1843.117,529959.082,"[{""stage_name"": ""fixation"", ""planned_duration_ms"": 100, ""intended_onset_ms"": 524487.058, ""actual_onset_global_ms"": 524492.617, ""actual_offset_global_ms"": 524595.102, ""actual_duration_ms"": 102.485}, {""stage_name"": ""memory_array"", ""planned_duration_ms"": 2500, ""intended_onset_ms"": 524587.058, ""actual_onset_global_ms"": 524604.256, ""actual_offset_global_ms"": 527106.507, ""actual_duration_ms"": 2502.251}, {""stage_name"": ""delay"", ""planned_duration_ms"": 1000, ""intended_onset_ms"": 527106.507, ""actual_onset_global_ms"": 527105.271, ""actual_offset_global_ms"": 528106.566, ""actual_duration_ms"": 1001.295}, {""stage_name"": ""test_array"", ""planned_duration_ms"": 4000, ""intended_onset_ms"": 528106.566, ""actual_onset_global_ms"": 528115.965, ""actual_offset_global_ms"": 529959.082, ""actual_duration_ms"": 1843.117}]",,,,,,,,,,,,,,,,,,,,,,,,,,,,,,,,,,,,,,,,,,,,,,,,,,1.0,,,,,,,,,,,,,1.0,same,0.0,"[196.52, -33.57]","[[196.52, -33.57]]","[""yellow""]","[""yellow""]",yellow,yellow,s,same,1.0,1.0
053,053_T1_20260518_160418,PA,T1,standard,hci_substudy_v2,1,telemetry_v4,change_detection,4,formal_cd,formal,1,15,23,formal,N4_change,1779091458,237.772,2026-05-18T16:13:09.985,0,0,0,1,529961.629,529965.566,,,,,j,,0,17378.59,,,,533561.629,533627.193,551039.549,4000,17412.356,551039.549,"[{""stage_name"": ""fixation"", ""planned_duration_ms"": 100, ""intended_onset_ms"": 529961.629, ""actual_onset_global_ms"": 529965.566, ""actual_offset_global_ms"": 530067.245, ""actual_duration_ms"": 101.679}, {""stage_name"": ""memory_array"", ""planned_duration_ms"": 2500, ""intended_onset_ms"": 530061.629, ""actual_onset_global_ms"": 530103.344, ""actual_offset_global_ms"": 532585.947, ""actual_duration_ms"": 2482.603}, {""stage_name"": ""delay"", ""planned_duration_ms"": 1000, ""intended_onset_ms"": 532585.947, ""actual_onset_global_ms"": 532585.844, ""actual_offset_global_ms"": 533589.661, ""actual_duration_ms"": 1003.817}, {""stage_name"": ""test_array"", ""planned_duration_ms"": 4000, ""intended_onset_ms"": 533589.661, ""actual_onset_global_ms"": 533627.193, ""actual_offset_global_ms"": 551039.549, ""actual_duration_ms"": 17412.356}]",,,,,,,,,,,,,,,,,,,,,,,,,,,,,,,,,,,,,,,,,,,,,,,,,,0.0,,,,,,,,,,,,,4.0,change,3.0,"[-45.93, 228.25]","[[-259.02, -164.53], [-196.32, 166.99], [-119.48, -55.31], [-45.93, 228.25]]","[""green"", ""blue"", ""yellow"", ""red""]","[""green"", ""blue"", ""yellow"", ""purple""]",red,purple,s,same,4.0,1.0
053,053_T1_20260518_160418,PA,T1,standard,hci_substudy_v2,1,telemetry_v4,change_detection,4,formal_cd,formal,1,16,24,formal,N3_change,1779091458,237.772,2026-05-18T16:13:31.065,0,0,0,1,551042.02,551050.391,,,,,j,,0,3527.891,,,,554642.02,554701.623,558265.533,4000,3563.91,558265.533,"[{""stage_name"": ""fixation"", ""planned_duration_ms"": 100, ""intended_onset_ms"": 551042.02, ""actual_onset_global_ms"": 551050.391, ""actual_offset_global_ms"": 551148.521, ""actual_duration_ms"": 98.13}, {""stage_name"": ""memory_array"", ""planned_duration_ms"": 2500, ""intended_onset_ms"": 551142.02, ""actual_onset_global_ms"": 551179.355, ""actual_offset_global_ms"": 553666.035, ""actual_duration_ms"": 2486.68}, {""stage_name"": ""delay"", ""planned_duration_ms"": 1000, ""intended_onset_ms"": 553666.035, ""actual_onset_global_ms"": 553665.938, ""actual_offset_global_ms"": 554669.387, ""actual_duration_ms"": 1003.449}, {""stage_name"": ""test_array"", ""planned_duration_ms"": 4000, ""intended_onset_ms"": 554669.387, ""actual_onset_global_ms"": 554701.623, ""actual_offset_global_ms"": 558265.533, ""actual_duration_ms"": 3563.91}]",,,,,,,,,,,,,,,,,,,,,,,,,,,,,,,,,,,,,,,,,,,,,,,,,,0.0,,,,,,,,,,,,,3.0,change,0.0,"[-230.96, 199.0]","[[-230.96, 199.0], [214.83, 143.2], [55.03, -134.22]]","[""blue"", ""purple"", ""red""]","[""yellow"", ""purple"", ""red""]",blue,yellow,s,same,3.0,1.0
053,053_T1_20260518_160418,PA,T1,standard,hci_substudy_v2,1,telemetry_v4,change_detection,4,formal_cd,formal,1,17,25,formal,N4_same,1779091458,237.772,2026-05-18T16:13:38.292,0,0,0,1,558268.409,558272.602,,,,,s,,1,1985.398,,,,561868.409,561951.018,563940.827,4000,1989.809,563940.827,"[{""stage_name"": ""fixation"", ""planned_duration_ms"": 100, ""intended_onset_ms"": 558268.409, ""actual_onset_global_ms"": 558272.602, ""actual_offset_global_ms"": 558372.831, ""actual_duration_ms"": 100.229}, {""stage_name"": ""memory_array"", ""planned_duration_ms"": 2500, ""intended_onset_ms"": 558368.409, ""actual_onset_global_ms"": 558408.087, ""actual_offset_global_ms"": 560913.098, ""actual_duration_ms"": 2505.011}, {""stage_name"": ""delay"", ""planned_duration_ms"": 1000, ""intended_onset_ms"": 560913.098, ""actual_onset_global_ms"": 560914.539, ""actual_offset_global_ms"": 561913.334, ""actual_duration_ms"": 998.795}, {""stage_name"": ""test_array"", ""planned_duration_ms"": 4000, ""intended_onset_ms"": 561913.334, ""actual_onset_global_ms"": 561951.018, ""actual_offset_global_ms"": 563940.827, ""actual_duration_ms"": 1989.809}]",,,,,,,,,,,,,,,,,,,,,,,,,,,,,,,,,,,,,,,,,,,,,,,,,,1.0,,,,,,,,,,,,,4.0,same,0.0,"[-257.03, -202.7]","[[-257.03, -202.7], [-89.83, 239.39], [-156.03, 1.19], [197.38, 87.39]]","[""yellow"", ""purple"", ""red"", ""green""]","[""yellow"", ""purple"", ""red"", ""green""]",yellow,yellow,s,same,4.0,1.0
053,053_T1_20260518_160418,PA,T1,standard,hci_substudy_v2,1,telemetry_v4,change_detection,4,formal_cd,formal,1,18,26,formal,N1_change,1779091458,237.772,2026-05-18T16:13:43.966,0,0,0,1,563943.381,563948.327,,,,,j,,1,2484.219,,,,567543.381,567569.882,570064.696,4000,2494.814,570064.696,"[{""stage_name"": ""fixation"", ""planned_duration_ms"": 100, ""intended_onset_ms"": 563943.381, ""actual_onset_global_ms"": 563948.327, ""actual_offset_global_ms"": 564051.267, ""actual_duration_ms"": 102.94}, {""stage_name"": ""memory_array"", ""planned_duration_ms"": 2500, ""intended_onset_ms"": 564043.381, ""actual_onset_global_ms"": 564061.608, ""actual_offset_global_ms"": 566557.868, ""actual_duration_ms"": 2496.26}, {""stage_name"": ""delay"", ""planned_duration_ms"": 1000, ""intended_onset_ms"": 566557.868, ""actual_onset_global_ms"": 566556.81, ""actual_offset_global_ms"": 567559.642, ""actual_duration_ms"": 1002.832}, {""stage_name"": ""test_array"", ""planned_duration_ms"": 4000, ""intended_onset_ms"": 567559.642, ""actual_onset_global_ms"": 567569.882, ""actual_offset_global_ms"": 570064.696, ""actual_duration_ms"": 2494.814}]",,,,,,,,,,,,,,,,,,,,,,,,,,,,,,,,,,,,,,,,,,,,,,,,,,1.0,,,,,,,,,,,,,1.0,change,0.0,"[139.71, 186.16]","[[139.71, 186.16]]","[""yellow""]","[""blue""]",yellow,blue,j,change,1.0,1.0
053,053_T1_20260518_160418,PA,T1,standard,hci_substudy_v2,1,telemetry_v4,change_detection,4,formal_cd,formal,1,19,27,formal,N1_same,1779091458,237.772,2026-05-18T16:13:50.090,0,0,0,1,570067.356,570072.726,,,,,s,,1,2699.545,,,,573667.356,573694.829,576405.047,4000,2710.218,576405.047,"[{""stage_name"": ""fixation"", ""planned_duration_ms"": 100, ""intended_onset_ms"": 570067.356, ""actual_onset_global_ms"": 570072.726, ""actual_offset_global_ms"": 570175.472, ""actual_duration_ms"": 102.746}, {""stage_name"": ""memory_array"", ""planned_duration_ms"": 2500, ""intended_onset_ms"": 570167.356, ""actual_onset_global_ms"": 570183.774, ""actual_offset_global_ms"": 572678.575, ""actual_duration_ms"": 2494.801}, {""stage_name"": ""delay"", ""planned_duration_ms"": 1000, ""intended_onset_ms"": 572678.575, ""actual_onset_global_ms"": 572677.068, ""actual_offset_global_ms"": 573683.628, ""actual_duration_ms"": 1006.56}, {""stage_name"": ""test_array"", ""planned_duration_ms"": 4000, ""intended_onset_ms"": 573683.628, ""actual_onset_global_ms"": 573694.829, ""actual_offset_global_ms"": 576405.047, ""actual_duration_ms"": 2710.218}]",,,,,,,,,,,,,,,,,,,,,,,,,,,,,,,,,,,,,,,,,,,,,,,,,,1.0,,,,,,,,,,,,,1.0,same,0.0,"[208.38, -54.72]","[[208.38, -54.72]]","[""blue""]","[""blue""]",blue,blue,s,same,2.0,1.0
053,053_T1_20260518_160418,PA,T1,standard,hci_substudy_v2,1,telemetry_v4,change_detection,4,formal_cd,formal,1,20,28,formal,N2_change,1779091458,237.772,2026-05-18T16:13:56.432,0,0,0,1,576407.608,576412.017,,,,,j,,1,1488.446,,,,580007.608,580052.782,581568.049,4000,1515.267,581568.049,"[{""stage_name"": ""fixation"", ""planned_duration_ms"": 100, ""intended_onset_ms"": 576407.608, ""actual_onset_global_ms"": 576412.017, ""actual_offset_global_ms"": 576515.625, ""actual_duration_ms"": 103.608}, {""stage_name"": ""memory_array"", ""planned_duration_ms"": 2500, ""intended_onset_ms"": 576507.608, ""actual_onset_global_ms"": 576533.631, ""actual_offset_global_ms"": 579031.073, ""actual_duration_ms"": 2497.442}, {""stage_name"": ""delay"", ""planned_duration_ms"": 1000, ""intended_onset_ms"": 579031.073, ""actual_onset_global_ms"": 579030.066, ""actual_offset_global_ms"": 580034.221, ""actual_duration_ms"": 1004.155}, {""stage_name"": ""test_array"", ""planned_duration_ms"": 4000, ""intended_onset_ms"": 580034.221, ""actual_onset_global_ms"": 580052.782, ""actual_offset_global_ms"": 581568.049, ""actual_duration_ms"": 1515.267}]",,,,,,,,,,,,,,,,,,,,,,,,,,,,,,,,,,,,,,,,,,,,,,,,,,1.0,,,,,,,,,,,,,2.0,change,0.0,"[215.42, 84.64]","[[215.42, 84.64], [-213.01, -92.57]]","[""purple"", ""red""]","[""blue"", ""red""]",purple,blue,j,change,3.0,1.0
053,053_T1_20260518_160418,PA,T1,standard,hci_substudy_v2,1,telemetry_v4,change_detection,4,formal_cd,formal,1,21,29,formal,N3_same,1779091458,237.772,2026-05-18T16:14:01.595,0,0,0,1,581570.665,581576.074,,,,,s,,0,3026.646,,,,585170.665,585230.966,588284.893,4000,3053.927,588284.893,"[{""stage_name"": ""fixation"", ""planned_duration_ms"": 100, ""intended_onset_ms"": 581570.665, ""actual_onset_global_ms"": 581576.074, ""actual_offset_global_ms"": 581676.889, ""actual_duration_ms"": 100.815}, {""stage_name"": ""memory_array"", ""planned_duration_ms"": 2500, ""intended_onset_ms"": 581670.665, ""actual_onset_global_ms"": 581703.728, ""actual_offset_global_ms"": 584196.381, ""actual_duration_ms"": 2492.653}, {""stage_name"": ""delay"", ""planned_duration_ms"": 1000, ""intended_onset_ms"": 584196.381, ""actual_onset_global_ms"": 584200.211, ""actual_offset_global_ms"": 585204.154, ""actual_duration_ms"": 1003.943}, {""stage_name"": ""test_array"", ""planned_duration_ms"": 4000, ""intended_onset_ms"": 585204.154, ""actual_onset_global_ms"": 585230.966, ""actual_offset_global_ms"": 588284.893, ""actual_duration_ms"": 3053.927}]",,,,,,,,,,,,,,,,,,,,,,,,,,,,,,,,,,,,,,,,,,,,,,,,,,0.0,,,,,,,,,,,,,3.0,same,2.0,"[187.99, -231.87]","[[24.19, -217.29], [-134.84, 176.77], [187.99, -231.87]]","[""green"", ""red"", ""yellow""]","[""green"", ""red"", ""yellow""]",yellow,yellow,j,change,8.0,1.0
053,053_T1_20260518_160418,PA,T1,standard,hci_substudy_v2,1,telemetry_v4,change_detection,4,formal_cd,formal,1,22,30,formal,N2_change,1779091458,237.772,2026-05-18T16:14:08.312,0,0,0,1,588287.655,588292.062,,,,,j,,1,2024.448,,,,591887.655,591922.603,593950.959,4000,2028.356,593950.959,"[{""stage_name"": ""fixation"", ""planned_duration_ms"": 100, ""intended_onset_ms"": 588287.655, ""actual_onset_global_ms"": 588292.062, ""actual_offset_global_ms"": 588393.03, ""actual_duration_ms"": 100.968}, {""stage_name"": ""memory_array"", ""planned_duration_ms"": 2500, ""intended_onset_ms"": 588387.655, ""actual_onset_global_ms"": 588410.964, ""actual_offset_global_ms"": 590896.446, ""actual_duration_ms"": 2485.482}, {""stage_name"": ""delay"", ""planned_duration_ms"": 1000, ""intended_onset_ms"": 590896.446, ""actual_onset_global_ms"": 590899.885, ""actual_offset_global_ms"": 591903.967, ""actual_duration_ms"": 1004.082}, {""stage_name"": ""test_array"", ""planned_duration_ms"": 4000, ""intended_onset_ms"": 591903.967, ""actual_onset_global_ms"": 591922.603, ""actual_offset_global_ms"": 593950.959, ""actual_duration_ms"": 2028.356}]",,,,,,,,,,,,,,,,,,,,,,,,,,,,,,,,,,,,,,,,,,,,,,,,,,1.0,,,,,,,,,,,,,2.0,change,1.0,"[153.37, 67.6]","[[-43.57, 142.35], [153.37, 67.6]]","[""green"", ""purple""]","[""green"", ""red""]",purple,red,j,change,2.0,1.0
053,053_T1_20260518_160418,PA,T1,standard,hci_substudy_v2,1,telemetry_v4,change_detection,4,formal_cd,formal,1,23,31,formal,N3_same,1779091458,237.772,2026-05-18T16:14:13.978,0,0,0,1,593953.578,593962.025,,,,,s,,1,2542.87,,,,597553.578,597599.949,600151.07,4000,2551.121,600151.07,"[{""stage_name"": ""fixation"", ""planned_duration_ms"": 100, ""intended_onset_ms"": 593953.578, ""actual_onset_global_ms"": 593962.025, ""actual_offset_global_ms"": 594064.896, ""actual_duration_ms"": 102.871}, {""stage_name"": ""memory_array"", ""planned_duration_ms"": 2500, ""intended_onset_ms"": 594053.578, ""actual_onset_global_ms"": 594092.024, ""actual_offset_global_ms"": 596570.676, ""actual_duration_ms"": 2478.652}, {""stage_name"": ""delay"", ""planned_duration_ms"": 1000, ""intended_onset_ms"": 596570.676, ""actual_onset_global_ms"": 596571.191, ""actual_offset_global_ms"": 597572.37, ""actual_duration_ms"": 1001.179}, {""stage_name"": ""test_array"", ""planned_duration_ms"": 4000, ""intended_onset_ms"": 597572.37, ""actual_onset_global_ms"": 597599.949, ""actual_offset_global_ms"": 600151.07, ""actual_duration_ms"": 2551.121}]",,,,,,,,,,,,,,,,,,,,,,,,,,,,,,,,,,,,,,,,,,,,,,,,,,1.0,,,,,,,,,,,,,3.0,same,0.0,"[79.59, -253.91]","[[79.59, -253.91], [-176.62, -254.14], [143.59, 65.98]]","[""purple"", ""yellow"", ""red""]","[""purple"", ""yellow"", ""red""]",purple,purple,s,same,4.0,1.0
053,053_T1_20260518_160418,PA,T1,standard,hci_substudy_v2,1,telemetry_v4,change_detection,4,formal_cd,formal,1,24,32,formal,N1_change,1779091458,237.772,2026-05-18T16:14:20.177,0,0,0,1,600153.75,600162.118,,,,,j,,0,4315.527,,,,603753.75,603777.985,608105.701,4000,4327.716,608105.701,"[{""stage_name"": ""fixation"", ""planned_duration_ms"": 100, ""intended_onset_ms"": 600153.75, ""actual_onset_global_ms"": 600162.118, ""actual_offset_global_ms"": 600258.816, ""actual_duration_ms"": 96.698}, {""stage_name"": ""memory_array"", ""planned_duration_ms"": 2500, ""intended_onset_ms"": 600253.75, ""actual_onset_global_ms"": 600267.454, ""actual_offset_global_ms"": 602766.172, ""actual_duration_ms"": 2498.718}, {""stage_name"": ""delay"", ""planned_duration_ms"": 1000, ""intended_onset_ms"": 602766.172, ""actual_onset_global_ms"": 602764.598, ""actual_offset_global_ms"": 603768.0, ""actual_duration_ms"": 1003.402}, {""stage_name"": ""test_array"", ""planned_duration_ms"": 4000, ""intended_onset_ms"": 603768.0, ""actual_onset_global_ms"": 603777.985, ""actual_offset_global_ms"": 608105.701, ""actual_duration_ms"": 4327.716}]",,,,,,,,,,,,,,,,,,,,,,,,,,,,,,,,,,,,,,,,,,,,,,,,,,0.0,,,,,,,,,,,,,1.0,change,0.0,"[235.71, -94.0]","[[235.71, -94.0]]","[""purple""]","[""yellow""]",purple,yellow,s,same,1.0,1.0
053,053_T1_20260518_160418,PA,T1,standard,hci_substudy_v2,1,telemetry_v4,change_detection,4,formal_cd,formal,1,25,33,formal,N1_same,1779091458,237.772,2026-05-18T16:14:28.132,0,0,0,1,608108.38,608112.743,,,,,s,,1,1499.206,,,,611708.38,611736.708,613251.477,4000,1514.769,613251.477,"[{""stage_name"": ""fixation"", ""planned_duration_ms"": 100, ""intended_onset_ms"": 608108.38, ""actual_onset_global_ms"": 608112.743, ""actual_offset_global_ms"": 608212.927, ""actual_duration_ms"": 100.184}, {""stage_name"": ""memory_array"", ""planned_duration_ms"": 2500, ""intended_onset_ms"": 608208.38, ""actual_onset_global_ms"": 608222.027, ""actual_offset_global_ms"": 610723.997, ""actual_duration_ms"": 2501.97}, {""stage_name"": ""delay"", ""planned_duration_ms"": 1000, ""intended_onset_ms"": 610723.997, ""actual_onset_global_ms"": 610723.49, ""actual_offset_global_ms"": 611726.819, ""actual_duration_ms"": 1003.329}, {""stage_name"": ""test_array"", ""planned_duration_ms"": 4000, ""intended_onset_ms"": 611726.819, ""actual_onset_global_ms"": 611736.708, ""actual_offset_global_ms"": 613251.477, ""actual_duration_ms"": 1514.769}]",,,,,,,,,,,,,,,,,,,,,,,,,,,,,,,,,,,,,,,,,,,,,,,,,,1.0,,,,,,,,,,,,,1.0,same,0.0,"[235.98, -190.2]","[[235.98, -190.2]]","[""blue""]","[""blue""]",blue,blue,s,same,1.0,1.0
053,053_T1_20260518_160418,PA,T1,standard,hci_substudy_v2,1,telemetry_v4,change_detection,4,formal_cd,formal,1,26,34,formal,N2_same,1779091458,237.772,2026-05-18T16:14:33.278,0,0,0,1,613254.243,613259.761,,,,,s,,1,2201.192,,,,616854.243,616895.101,619113.418,4000,2218.317,619113.418,"[{""stage_name"": ""fixation"", ""planned_duration_ms"": 100, ""intended_onset_ms"": 613254.243, ""actual_onset_global_ms"": 613259.761, ""actual_offset_global_ms"": 613364.656, ""actual_duration_ms"": 104.895}, {""stage_name"": ""memory_array"", ""planned_duration_ms"": 2500, ""intended_onset_ms"": 613354.243, ""actual_onset_global_ms"": 613382.397, ""actual_offset_global_ms"": 615873.406, ""actual_duration_ms"": 2491.009}, {""stage_name"": ""delay"", ""planned_duration_ms"": 1000, ""intended_onset_ms"": 615873.406, ""actual_onset_global_ms"": 615873.242, ""actual_offset_global_ms"": 616876.259, ""actual_duration_ms"": 1003.017}, {""stage_name"": ""test_array"", ""planned_duration_ms"": 4000, ""intended_onset_ms"": 616876.259, ""actual_onset_global_ms"": 616895.101, ""actual_offset_global_ms"": 619113.418, ""actual_duration_ms"": 2218.317}]",,,,,,,,,,,,,,,,,,,,,,,,,,,,,,,,,,,,,,,,,,,,,,,,,,1.0,,,,,,,,,,,,,2.0,same,0.0,"[164.39, 151.65]","[[164.39, 151.65], [-187.11, -94.59]]","[""red"", ""blue""]","[""red"", ""blue""]",red,red,s,same,2.0,1.0
053,053_T1_20260518_160418,PA,T1,standard,hci_substudy_v2,1,telemetry_v4,change_detection,4,formal_cd,formal,1,27,35,formal,N4_same,1779091458,237.772,2026-05-18T16:14:39.140,0,0,0,1,619116.218,619120.26,,,,,s,,1,1969.452,,,,622716.218,622766.471,624751.18,4000,1984.709,624751.18,"[{""stage_name"": ""fixation"", ""planned_duration_ms"": 100, ""intended_onset_ms"": 619116.218, ""actual_onset_global_ms"": 619120.26, ""actual_offset_global_ms"": 619222.843, ""actual_duration_ms"": 102.583}, {""stage_name"": ""memory_array"", ""planned_duration_ms"": 2500, ""intended_onset_ms"": 619216.218, ""actual_onset_global_ms"": 619261.628, ""actual_offset_global_ms"": 621726.901, ""actual_duration_ms"": 2465.273}, {""stage_name"": ""delay"", ""planned_duration_ms"": 1000, ""intended_onset_ms"": 621726.901, ""actual_onset_global_ms"": 621728.546, ""actual_offset_global_ms"": 622730.353, ""actual_duration_ms"": 1001.807}, {""stage_name"": ""test_array"", ""planned_duration_ms"": 4000, ""intended_onset_ms"": 622730.353, ""actual_onset_global_ms"": 622766.471, ""actual_offset_global_ms"": 624751.18, ""actual_duration_ms"": 1984.709}]",,,,,,,,,,,,,,,,,,,,,,,,,,,,,,,,,,,,,,,,,,,,,,,,,,1.0,,,,,,,,,,,,,4.0,same,2.0,"[31.25, -86.88]","[[24.6, 224.45], [-119.46, -177.79], [31.25, -86.88], [-226.63, -139.24]]","[""blue"", ""purple"", ""green"", ""red""]","[""blue"", ""purple"", ""green"", ""red""]",green,green,s,same,9.0,1.0
053,053_T1_20260518_160418,PA,T1,standard,hci_substudy_v2,1,telemetry_v4,change_detection,4,formal_cd,formal,1,28,36,formal,N4_change,1779091458,237.772,2026-05-18T16:14:44.777,0,0,0,1,624753.948,624762.157,,,,,j,,1,3059.873,,,,628353.948,628408.283,631510.081,4000,3101.798,631510.081,"[{""stage_name"": ""fixation"", ""planned_duration_ms"": 100, ""intended_onset_ms"": 624753.948, ""actual_onset_global_ms"": 624762.157, ""actual_offset_global_ms"": 624860.489, ""actual_duration_ms"": 98.332}, {""stage_name"": ""memory_array"", ""planned_duration_ms"": 2500, ""intended_onset_ms"": 624853.948, ""actual_onset_global_ms"": 624894.857, ""actual_offset_global_ms"": 627370.204, ""actual_duration_ms"": 2475.347}, {""stage_name"": ""delay"", ""planned_duration_ms"": 1000, ""intended_onset_ms"": 627370.204, ""actual_onset_global_ms"": 627373.13, ""actual_offset_global_ms"": 628372.047, ""actual_duration_ms"": 998.917}, {""stage_name"": ""test_array"", ""planned_duration_ms"": 4000, ""intended_onset_ms"": 628372.047, ""actual_onset_global_ms"": 628408.283, ""actual_offset_global_ms"": 631510.081, ""actual_duration_ms"": 3101.798}]",,,,,,,,,,,,,,,,,,,,,,,,,,,,,,,,,,,,,,,,,,,,,,,,,,1.0,,,,,,,,,,,,,4.0,change,2.0,"[159.4, -104.83]","[[98.88, -16.67], [83.08, -179.93], [159.4, -104.83], [13.22, 127.04]]","[""blue"", ""red"", ""green"", ""yellow""]","[""blue"", ""red"", ""purple"", ""yellow""]",green,purple,j,change,5.0,1.0
053,053_T1_20260518_160418,PA,T1,standard,hci_substudy_v2,1,telemetry_v4,change_detection,4,formal_cd,formal,1,29,37,formal,N2_same,1779091458,237.772,2026-05-18T16:14:51.537,0,0,0,1,631513.147,631517.315,,,,,s,,1,1910.979,,,,635113.147,635154.209,637080.324,4000,1926.115,637080.324,"[{""stage_name"": ""fixation"", ""planned_duration_ms"": 100, ""intended_onset_ms"": 631513.147, ""actual_onset_global_ms"": 631517.315, ""actual_offset_global_ms"": 631617.447, ""actual_duration_ms"": 100.132}, {""stage_name"": ""memory_array"", ""planned_duration_ms"": 2500, ""intended_onset_ms"": 631613.147, ""actual_onset_global_ms"": 631635.107, ""actual_offset_global_ms"": 634131.594, ""actual_duration_ms"": 2496.487}, {""stage_name"": ""delay"", ""planned_duration_ms"": 1000, ""intended_onset_ms"": 634131.594, ""actual_onset_global_ms"": 634130.965, ""actual_offset_global_ms"": 635134.865, ""actual_duration_ms"": 1003.9}, {""stage_name"": ""test_array"", ""planned_duration_ms"": 4000, ""intended_onset_ms"": 635134.865, ""actual_onset_global_ms"": 635154.209, ""actual_offset_global_ms"": 637080.324, ""actual_duration_ms"": 1926.115}]",,,,,,,,,,,,,,,,,,,,,,,,,,,,,,,,,,,,,,,,,,,,,,,,,,1.0,,,,,,,,,,,,,2.0,same,0.0,"[-227.71, -80.66]","[[-227.71, -80.66], [202.99, 180.59]]","[""green"", ""purple""]","[""green"", ""purple""]",green,green,s,same,2.0,1.0
053,053_T1_20260518_160418,PA,T1,standard,hci_substudy_v2,1,telemetry_v4,change_detection,4,formal_cd,formal,1,30,38,formal,N2_same,1779091458,237.772,2026-05-18T16:14:57.106,0,0,0,1,637083.105,637088.216,,,,,s,,1,2646.139,,,,640683.105,640719.771,643368.917,4000,2649.146,643368.917,"[{""stage_name"": ""fixation"", ""planned_duration_ms"": 100, ""intended_onset_ms"": 637083.105, ""actual_onset_global_ms"": 637088.216, ""actual_offset_global_ms"": 637188.874, ""actual_duration_ms"": 100.658}, {""stage_name"": ""memory_array"", ""planned_duration_ms"": 2500, ""intended_onset_ms"": 637183.105, ""actual_onset_global_ms"": 637207.347, ""actual_offset_global_ms"": 639695.952, ""actual_duration_ms"": 2488.605}, {""stage_name"": ""delay"", ""planned_duration_ms"": 1000, ""intended_onset_ms"": 639695.952, ""actual_onset_global_ms"": 639699.954, ""actual_offset_global_ms"": 640701.043, ""actual_duration_ms"": 1001.089}, {""stage_name"": ""test_array"", ""planned_duration_ms"": 4000, ""intended_onset_ms"": 640701.043, ""actual_onset_global_ms"": 640719.771, ""actual_offset_global_ms"": 643368.917, ""actual_duration_ms"": 2649.146}]",,,,,,,,,,,,,,,,,,,,,,,,,,,,,,,,,,,,,,,,,,,,,,,,,,1.0,,,,,,,,,,,,,2.0,same,0.0,"[-38.87, 251.0]","[[-38.87, 251.0], [154.74, -254.45]]","[""yellow"", ""green""]","[""yellow"", ""green""]",yellow,yellow,s,same,2.0,1.0
053,053_T1_20260518_160418,PA,T1,standard,hci_substudy_v2,1,telemetry_v4,change_detection,4,formal_cd,formal,1,31,39,formal,N3_change,1779091458,237.772,2026-05-18T16:15:03.396,0,0,0,1,643372.274,643381.458,,,,,j,,1,2779.997,,,,646972.274,647032.603,649838.757,4000,2806.154,649838.757,"[{""stage_name"": ""fixation"", ""planned_duration_ms"": 100, ""intended_onset_ms"": 643372.274, ""actual_onset_global_ms"": 643381.458, ""actual_offset_global_ms"": 643477.412, ""actual_duration_ms"": 95.954}, {""stage_name"": ""memory_array"", ""planned_duration_ms"": 2500, ""intended_onset_ms"": 643472.274, ""actual_onset_global_ms"": 643504.456, ""actual_offset_global_ms"": 646005.361, ""actual_duration_ms"": 2500.905}, {""stage_name"": ""delay"", ""planned_duration_ms"": 1000, ""intended_onset_ms"": 646005.361, ""actual_onset_global_ms"": 646005.47, ""actual_offset_global_ms"": 647005.387, ""actual_duration_ms"": 999.917}, {""stage_name"": ""test_array"", ""planned_duration_ms"": 4000, ""intended_onset_ms"": 647005.387, ""actual_onset_global_ms"": 647032.603, ""actual_offset_global_ms"": 649838.757, ""actual_duration_ms"": 2806.154}]",,,,,,,,,,,,,,,,,,,,,,,,,,,,,,,,,,,,,,,,,,,,,,,,,,1.0,,,,,,,,,,,,,3.0,change,2.0,"[44.43, -241.04]","[[244.24, 173.94], [-77.52, -178.67], [44.43, -241.04]]","[""red"", ""purple"", ""yellow""]","[""red"", ""purple"", ""blue""]",yellow,blue,j,change,5.0,1.0
053,053_T1_20260518_160418,PA,T1,standard,hci_substudy_v2,1,telemetry_v4,change_detection,4,formal_cd,formal,1,32,40,formal,N1_change,1779091458,237.772,2026-05-18T16:15:09.865,0,0,0,1,649841.668,649845.719,,,,,j,,1,3173.979,,,,653441.668,653465.039,656659.388,4000,3194.349,656659.388,"[{""stage_name"": ""fixation"", ""planned_duration_ms"": 100, ""intended_onset_ms"": 649841.668, ""actual_onset_global_ms"": 649845.719, ""actual_offset_global_ms"": 649949.404, ""actual_duration_ms"": 103.685}, {""stage_name"": ""memory_array"", ""planned_duration_ms"": 2500, ""intended_onset_ms"": 649941.668, ""actual_onset_global_ms"": 649962.165, ""actual_offset_global_ms"": 652450.198, ""actual_duration_ms"": 2488.033}, {""stage_name"": ""delay"", ""planned_duration_ms"": 1000, ""intended_onset_ms"": 652450.198, ""actual_onset_global_ms"": 652449.981, ""actual_offset_global_ms"": 653455.418, ""actual_duration_ms"": 1005.437}, {""stage_name"": ""test_array"", ""planned_duration_ms"": 4000, ""intended_onset_ms"": 653455.418, ""actual_onset_global_ms"": 653465.039, ""actual_offset_global_ms"": 656659.388, ""actual_duration_ms"": 3194.349}]",,,,,,,,,,,,,,,,,,,,,,,,,,,,,,,,,,,,,,,,,,,,,,,,,,1.0,,,,,,,,,,,,,1.0,change,0.0,"[252.93, 77.04]","[[252.93, 77.04]]","[""yellow""]","[""blue""]",yellow,blue,j,change,1.0,1.0
053,053_T1_20260518_160418,PA,T1,standard,hci_substudy_v2,1,telemetry_v4,change_detection,4,formal_cd,formal,1,33,41,formal,N4_change,1779091458,237.772,2026-05-18T16:15:16.687,0,0,0,1,656662.68,656667.894,,,,,j,,0,2928.23,,,,660262.68,660330.651,663289.396,4000,2958.745,663289.396,"[{""stage_name"": ""fixation"", ""planned_duration_ms"": 100, ""intended_onset_ms"": 656662.68, ""actual_onset_global_ms"": 656667.894, ""actual_offset_global_ms"": 656769.266, ""actual_duration_ms"": 101.372}, {""stage_name"": ""memory_array"", ""planned_duration_ms"": 2500, ""intended_onset_ms"": 656762.68, ""actual_onset_global_ms"": 656804.777, ""actual_offset_global_ms"": 659290.873, ""actual_duration_ms"": 2486.096}, {""stage_name"": ""delay"", ""planned_duration_ms"": 1000, ""intended_onset_ms"": 659290.873, ""actual_onset_global_ms"": 659293.746, ""actual_offset_global_ms"": 660293.603, ""actual_duration_ms"": 999.857}, {""stage_name"": ""test_array"", ""planned_duration_ms"": 4000, ""intended_onset_ms"": 660293.603, ""actual_onset_global_ms"": 660330.651, ""actual_offset_global_ms"": 663289.396, ""actual_duration_ms"": 2958.745}]",,,,,,,,,,,,,,,,,,,,,,,,,,,,,,,,,,,,,,,,,,,,,,,,,,0.0,,,,,,,,,,,,,4.0,change,2.0,"[35.49, -250.67]","[[-85.47, 196.85], [138.35, -157.98], [35.49, -250.67], [-254.52, -1.58]]","[""purple"", ""yellow"", ""blue"", ""red""]","[""purple"", ""yellow"", ""green"", ""red""]",blue,green,s,same,6.0,1.0
053,053_T1_20260518_160418,PA,T1,standard,hci_substudy_v2,1,telemetry_v4,change_detection,4,formal_cd,formal,1,34,42,formal,N4_same,1779091458,237.772,2026-05-18T16:15:23.316,0,0,0,1,663292.393,663296.554,,,,,s,,1,2644.113,,,,666892.393,666954.921,669639.807,4000,2684.886,669639.807,"[{""stage_name"": ""fixation"", ""planned_duration_ms"": 100, ""intended_onset_ms"": 663292.393, ""actual_onset_global_ms"": 663296.554, ""actual_offset_global_ms"": 663397.968, ""actual_duration_ms"": 101.414}, {""stage_name"": ""memory_array"", ""planned_duration_ms"": 2500, ""intended_onset_ms"": 663392.393, ""actual_onset_global_ms"": 663433.725, ""actual_offset_global_ms"": 665913.045, ""actual_duration_ms"": 2479.32}, {""stage_name"": ""delay"", ""planned_duration_ms"": 1000, ""intended_onset_ms"": 665913.045, ""actual_onset_global_ms"": 665915.306, ""actual_offset_global_ms"": 666917.874, ""actual_duration_ms"": 1002.568}, {""stage_name"": ""test_array"", ""planned_duration_ms"": 4000, ""intended_onset_ms"": 666917.874, ""actual_onset_global_ms"": 666954.921, ""actual_offset_global_ms"": 669639.807, ""actual_duration_ms"": 2684.886}]",,,,,,,,,,,,,,,,,,,,,,,,,,,,,,,,,,,,,,,,,,,,,,,,,,1.0,,,,,,,,,,,,,4.0,same,0.0,"[252.9, -105.29]","[[252.9, -105.29], [249.1, 120.62], [141.76, 92.58], [-136.45, -91.59]]","[""blue"", ""purple"", ""yellow"", ""red""]","[""blue"", ""purple"", ""yellow"", ""red""]",blue,blue,s,same,7.0,1.0
053,053_T1_20260518_160418,PA,T1,standard,hci_substudy_v2,1,telemetry_v4,change_detection,4,formal_cd,formal,1,35,43,formal,N3_change,1779091458,237.772,2026-05-18T16:15:29.667,0,0,0,1,669642.677,669647.806,,,,,j,,1,2014.056,,,,673242.677,673296.142,675331.051,4000,2034.909,675331.051,"[{""stage_name"": ""fixation"", ""planned_duration_ms"": 100, ""intended_onset_ms"": 669642.677, ""actual_onset_global_ms"": 669647.806, ""actual_offset_global_ms"": 669749.0, ""actual_duration_ms"": 101.194}, {""stage_name"": ""memory_array"", ""planned_duration_ms"": 2500, ""intended_onset_ms"": 669742.677, ""actual_onset_global_ms"": 669776.502, ""actual_offset_global_ms"": 672260.45, ""actual_duration_ms"": 2483.948}, {""stage_name"": ""delay"", ""planned_duration_ms"": 1000, ""intended_onset_ms"": 672260.45, ""actual_onset_global_ms"": 672260.463, ""actual_offset_global_ms"": 673264.262, ""actual_duration_ms"": 1003.799}, {""stage_name"": ""test_array"", ""planned_duration_ms"": 4000, ""intended_onset_ms"": 673264.262, ""actual_onset_global_ms"": 673296.142, ""actual_offset_global_ms"": 675331.051, ""actual_duration_ms"": 2034.909}]",,,,,,,,,,,,,,,,,,,,,,,,,,,,,,,,,,,,,,,,,,,,,,,,,,1.0,,,,,,,,,,,,,3.0,change,1.0,"[-22.0, -100.56]","[[122.3, 3.6], [-22.0, -100.56], [83.37, 243.35]]","[""green"", ""yellow"", ""blue""]","[""green"", ""purple"", ""blue""]",yellow,purple,j,change,5.0,1.0
053,053_T1_20260518_160418,PA,T1,standard,hci_substudy_v2,1,telemetry_v4,change_detection,4,formal_cd,formal,1,36,44,formal,N1_change,1779091458,237.772,2026-05-18T16:15:35.357,0,0,0,1,675333.981,675339.141,,,,,j,,0,2490.055,,,,678933.981,678961.9,681465.431,4000,2503.531,681465.431,"[{""stage_name"": ""fixation"", ""planned_duration_ms"": 100, ""intended_onset_ms"": 675333.981, ""actual_onset_global_ms"": 675339.141, ""actual_offset_global_ms"": 675439.215, ""actual_duration_ms"": 100.074}, {""stage_name"": ""memory_array"", ""planned_duration_ms"": 2500, ""intended_onset_ms"": 675433.981, ""actual_onset_global_ms"": 675447.825, ""actual_offset_global_ms"": 677946.032, ""actual_duration_ms"": 2498.207}, {""stage_name"": ""delay"", ""planned_duration_ms"": 1000, ""intended_onset_ms"": 677946.032, ""actual_onset_global_ms"": 677944.712, ""actual_offset_global_ms"": 678947.514, ""actual_duration_ms"": 1002.802}, {""stage_name"": ""test_array"", ""planned_duration_ms"": 4000, ""intended_onset_ms"": 678947.514, ""actual_onset_global_ms"": 678961.9, ""actual_offset_global_ms"": 681465.431, ""actual_duration_ms"": 2503.531}]",,,,,,,,,,,,,,,,,,,,,,,,,,,,,,,,,,,,,,,,,,,,,,,,,,0.0,,,,,,,,,,,,,1.0,change,0.0,"[144.82, -0.16]","[[144.82, -0.16]]","[""green""]","[""blue""]",green,blue,s,same,1.0,1.0
053,053_T1_20260518_160418,PA,T1,standard,hci_substudy_v2,1,telemetry_v4,change_detection,4,formal_cd,formal,1,37,45,formal,N2_same,1779091458,237.772,2026-05-18T16:15:41.491,0,0,0,1,681468.38,681472.445,,,,,s,,1,1531.297,,,,685068.38,685110.926,686656.389,4000,1545.463,686656.389,"[{""stage_name"": ""fixation"", ""planned_duration_ms"": 100, ""intended_onset_ms"": 681468.38, ""actual_onset_global_ms"": 681472.445, ""actual_offset_global_ms"": 681572.77, ""actual_duration_ms"": 100.325}, {""stage_name"": ""memory_array"", ""planned_duration_ms"": 2500, ""intended_onset_ms"": 681568.38, ""actual_onset_global_ms"": 681591.138, ""actual_offset_global_ms"": 684089.174, ""actual_duration_ms"": 2498.036}, {""stage_name"": ""delay"", ""planned_duration_ms"": 1000, ""intended_onset_ms"": 684089.174, ""actual_onset_global_ms"": 684088.733, ""actual_offset_global_ms"": 685092.838, ""actual_duration_ms"": 1004.105}, {""stage_name"": ""test_array"", ""planned_duration_ms"": 4000, ""intended_onset_ms"": 685092.838, ""actual_onset_global_ms"": 685110.926, ""actual_offset_global_ms"": 686656.389, ""actual_duration_ms"": 1545.463}]",,,,,,,,,,,,,,,,,,,,,,,,,,,,,,,,,,,,,,,,,,,,,,,,,,1.0,,,,,,,,,,,,,2.0,same,1.0,"[-3.09, 136.28]","[[50.73, -172.93], [-3.09, 136.28]]","[""yellow"", ""purple""]","[""yellow"", ""purple""]",purple,purple,s,same,2.0,1.0
053,053_T1_20260518_160418,PA,T1,standard,hci_substudy_v2,1,telemetry_v4,change_detection,4,formal_cd,formal,1,38,46,formal,N4_change,1779091458,237.772,2026-05-18T16:15:46.684,0,0,0,1,686659.613,686665.117,,,,,j,,1,3163.899,,,,690259.613,690328.103,693530.454,4000,3202.351,693530.454,"[{""stage_name"": ""fixation"", ""planned_duration_ms"": 100, ""intended_onset_ms"": 686659.613, ""actual_onset_global_ms"": 686665.117, ""actual_offset_global_ms"": 686764.433, ""actual_duration_ms"": 99.316}, {""stage_name"": ""memory_array"", ""planned_duration_ms"": 2500, ""intended_onset_ms"": 686759.613, ""actual_onset_global_ms"": 686802.345, ""actual_offset_global_ms"": 689291.02, ""actual_duration_ms"": 2488.675}, {""stage_name"": ""delay"", ""planned_duration_ms"": 1000, ""intended_onset_ms"": 689291.02, ""actual_onset_global_ms"": 689294.05, ""actual_offset_global_ms"": 690292.975, ""actual_duration_ms"": 998.925}, {""stage_name"": ""test_array"", ""planned_duration_ms"": 4000, ""intended_onset_ms"": 690292.975, ""actual_onset_global_ms"": 690328.103, ""actual_offset_global_ms"": 693530.454, ""actual_duration_ms"": 3202.351}]",,,,,,,,,,,,,,,,,,,,,,,,,,,,,,,,,,,,,,,,,,,,,,,,,,1.0,,,,,,,,,,,,,4.0,change,2.0,"[-93.51, 250.37]","[[51.9, 141.16], [213.63, -54.88], [-93.51, 250.37], [-170.11, 141.74]]","[""yellow"", ""green"", ""red"", ""purple""]","[""yellow"", ""green"", ""blue"", ""purple""]",red,blue,j,change,4.0,1.0
053,053_T1_20260518_160418,PA,T1,standard,hci_substudy_v2,1,telemetry_v4,change_detection,4,formal_cd,formal,1,39,47,formal,N2_change,1779091458,237.772,2026-05-18T16:15:53.557,0,0,0,1,693533.293,693537.249,,,,,j,,1,2914.16,,,,697133.293,697174.645,700093.386,4000,2918.741,700093.386,"[{""stage_name"": ""fixation"", ""planned_duration_ms"": 100, ""intended_onset_ms"": 693533.293, ""actual_onset_global_ms"": 693537.249, ""actual_offset_global_ms"": 693637.789, ""actual_duration_ms"": 100.54}, {""stage_name"": ""memory_array"", ""planned_duration_ms"": 2500, ""intended_onset_ms"": 693633.293, ""actual_onset_global_ms"": 693656.067, ""actual_offset_global_ms"": 696152.571, ""actual_duration_ms"": 2496.504}, {""stage_name"": ""delay"", ""planned_duration_ms"": 1000, ""intended_onset_ms"": 696152.571, ""actual_onset_global_ms"": 696151.894, ""actual_offset_global_ms"": 697155.517, ""actual_duration_ms"": 1003.623}, {""stage_name"": ""test_array"", ""planned_duration_ms"": 4000, ""intended_onset_ms"": 697155.517, ""actual_onset_global_ms"": 697174.645, ""actual_offset_global_ms"": 700093.386, ""actual_duration_ms"": 2918.741}]",,,,,,,,,,,,,,,,,,,,,,,,,,,,,,,,,,,,,,,,,,,,,,,,,,1.0,,,,,,,,,,,,,2.0,change,0.0,"[-152.01, 15.13]","[[-152.01, 15.13], [-198.91, -229.12]]","[""blue"", ""red""]","[""green"", ""red""]",blue,green,j,change,3.0,1.0
053,053_T1_20260518_160418,PA,T1,standard,hci_substudy_v2,1,telemetry_v4,change_detection,4,formal_cd,formal,1,40,48,formal,N3_change,1779091458,237.772,2026-05-18T16:16:00.120,0,0,0,1,700096.346,700101.914,,,,,j,,1,2616.901,,,,703696.346,703746.818,706390.213,4000,2643.395,706390.213,"[{""stage_name"": ""fixation"", ""planned_duration_ms"": 100, ""intended_onset_ms"": 700096.346, ""actual_onset_global_ms"": 700101.914, ""actual_offset_global_ms"": 700204.213, ""actual_duration_ms"": 102.299}, {""stage_name"": ""memory_array"", ""planned_duration_ms"": 2500, ""intended_onset_ms"": 700196.346, ""actual_onset_global_ms"": 700231.384, ""actual_offset_global_ms"": 702713.478, ""actual_duration_ms"": 2482.094}, {""stage_name"": ""delay"", ""planned_duration_ms"": 1000, ""intended_onset_ms"": 702713.478, ""actual_onset_global_ms"": 702715.598, ""actual_offset_global_ms"": 703717.962, ""actual_duration_ms"": 1002.364}, {""stage_name"": ""test_array"", ""planned_duration_ms"": 4000, ""intended_onset_ms"": 703717.962, ""actual_onset_global_ms"": 703746.818, ""actual_offset_global_ms"": 706390.213, ""actual_duration_ms"": 2643.395}]",,,,,,,,,,,,,,,,,,,,,,,,,,,,,,,,,,,,,,,,,,,,,,,,,,1.0,,,,,,,,,,,,,3.0,change,1.0,"[31.46, 121.04]","[[-183.41, 219.13], [31.46, 121.04], [152.34, -245.04]]","[""purple"", ""blue"", ""green""]","[""purple"", ""yellow"", ""green""]",blue,yellow,j,change,5.0,1.0
053,053_T1_20260518_160418,PA,T1,standard,hci_substudy_v2,1,telemetry_v4,change_detection,4,formal_cd,formal,1,41,49,formal,N1_same,1779091458,237.772,2026-05-18T16:16:06.417,0,0,0,1,706393.421,706397.364,,,,,s,,1,2520.972,,,,709993.421,710014.089,712547.095,4000,2533.006,712547.095,"[{""stage_name"": ""fixation"", ""planned_duration_ms"": 100, ""intended_onset_ms"": 706393.421, ""actual_onset_global_ms"": 706397.364, ""actual_offset_global_ms"": 706499.208, ""actual_duration_ms"": 101.844}, {""stage_name"": ""memory_array"", ""planned_duration_ms"": 2500, ""intended_onset_ms"": 706493.421, ""actual_onset_global_ms"": 706507.848, ""actual_offset_global_ms"": 708999.569, ""actual_duration_ms"": 2491.721}, {""stage_name"": ""delay"", ""planned_duration_ms"": 1000, ""intended_onset_ms"": 708999.569, ""actual_onset_global_ms"": 709000.026, ""actual_offset_global_ms"": 710004.42, ""actual_duration_ms"": 1004.394}, {""stage_name"": ""test_array"", ""planned_duration_ms"": 4000, ""intended_onset_ms"": 710004.42, ""actual_onset_global_ms"": 710014.089, ""actual_offset_global_ms"": 712547.095, ""actual_duration_ms"": 2533.006}]",,,,,,,,,,,,,,,,,,,,,,,,,,,,,,,,,,,,,,,,,,,,,,,,,,1.0,,,,,,,,,,,,,1.0,same,0.0,"[96.41, 118.38]","[[96.41, 118.38]]","[""blue""]","[""blue""]",blue,blue,s,same,1.0,1.0
053,053_T1_20260518_160418,PA,T1,standard,hci_substudy_v2,1,telemetry_v4,change_detection,4,formal_cd,formal,1,42,50,formal,N1_change,1779091458,237.772,2026-05-18T16:16:12.574,0,0,0,1,712550.546,712555.792,,,,,j,,1,1059.919,,,,716150.546,716169.955,717244.821,4000,1074.866,717244.821,"[{""stage_name"": ""fixation"", ""planned_duration_ms"": 100, ""intended_onset_ms"": 712550.546, ""actual_onset_global_ms"": 712555.792, ""actual_offset_global_ms"": 712654.793, ""actual_duration_ms"": 99.001}, {""stage_name"": ""memory_array"", ""planned_duration_ms"": 2500, ""intended_onset_ms"": 712650.546, ""actual_onset_global_ms"": 712663.593, ""actual_offset_global_ms"": 715158.959, ""actual_duration_ms"": 2495.366}, {""stage_name"": ""delay"", ""planned_duration_ms"": 1000, ""intended_onset_ms"": 715158.959, ""actual_onset_global_ms"": 715158.07, ""actual_offset_global_ms"": 716159.972, ""actual_duration_ms"": 1001.902}, {""stage_name"": ""test_array"", ""planned_duration_ms"": 4000, ""intended_onset_ms"": 716159.972, ""actual_onset_global_ms"": 716169.955, ""actual_offset_global_ms"": 717244.821, ""actual_duration_ms"": 1074.866}]",,,,,,,,,,,,,,,,,,,,,,,,,,,,,,,,,,,,,,,,,,,,,,,,,,1.0,,,,,,,,,,,,,1.0,change,0.0,"[167.56, -135.07]","[[167.56, -135.07]]","[""blue""]","[""yellow""]",blue,yellow,j,change,1.0,1.0
053,053_T1_20260518_160418,PA,T1,standard,hci_substudy_v2,1,telemetry_v4,change_detection,4,formal_cd,formal,1,43,51,formal,N2_same,1779091458,237.772,2026-05-18T16:16:17.271,0,0,0,1,717248.016,717253.093,,,,,s,,1,745.598,,,,720848.016,720891.378,721659.791,4000,768.413,721659.791,"[{""stage_name"": ""fixation"", ""planned_duration_ms"": 100, ""intended_onset_ms"": 717248.016, ""actual_onset_global_ms"": 717253.093, ""actual_offset_global_ms"": 717353.339, ""actual_duration_ms"": 100.246}, {""stage_name"": ""memory_array"", ""planned_duration_ms"": 2500, ""intended_onset_ms"": 717348.016, ""actual_onset_global_ms"": 717372.095, ""actual_offset_global_ms"": 719872.133, ""actual_duration_ms"": 2500.038}, {""stage_name"": ""delay"", ""planned_duration_ms"": 1000, ""intended_onset_ms"": 719872.133, ""actual_onset_global_ms"": 719872.565, ""actual_offset_global_ms"": 720872.74, ""actual_duration_ms"": 1000.175}, {""stage_name"": ""test_array"", ""planned_duration_ms"": 4000, ""intended_onset_ms"": 720872.74, ""actual_onset_global_ms"": 720891.378, ""actual_offset_global_ms"": 721659.791, ""actual_duration_ms"": 768.413}]",,,,,,,,,,,,,,,,,,,,,,,,,,,,,,,,,,,,,,,,,,,,,,,,,,1.0,,,,,,,,,,,,,2.0,same,0.0,"[-70.2, 181.86]","[[-70.2, 181.86], [-149.39, -173.83]]","[""purple"", ""green""]","[""purple"", ""green""]",purple,purple,s,same,2.0,1.0
053,053_T1_20260518_160418,PA,T1,standard,hci_substudy_v2,1,telemetry_v4,change_detection,4,formal_cd,formal,1,44,52,formal,N3_change,1779091458,237.772,2026-05-18T16:16:21.686,0,0,0,1,721662.82,721667.032,,,,,j,,1,399.842,,,,725262.82,725312.795,725743.532,4000,430.737,725743.532,"[{""stage_name"": ""fixation"", ""planned_duration_ms"": 100, ""intended_onset_ms"": 721662.82, ""actual_onset_global_ms"": 721667.032, ""actual_offset_global_ms"": 721768.134, ""actual_duration_ms"": 101.102}, {""stage_name"": ""memory_array"", ""planned_duration_ms"": 2500, ""intended_onset_ms"": 721762.82, ""actual_onset_global_ms"": 721794.941, ""actual_offset_global_ms"": 724280.843, ""actual_duration_ms"": 2485.902}, {""stage_name"": ""delay"", ""planned_duration_ms"": 1000, ""intended_onset_ms"": 724280.843, ""actual_onset_global_ms"": 724281.141, ""actual_offset_global_ms"": 725284.779, ""actual_duration_ms"": 1003.638}, {""stage_name"": ""test_array"", ""planned_duration_ms"": 4000, ""intended_onset_ms"": 725284.779, ""actual_onset_global_ms"": 725312.795, ""actual_offset_global_ms"": 725743.532, ""actual_duration_ms"": 430.737}]",,,,,,,,,,,,,,,,,,,,,,,,,,,,,,,,,,,,,,,,,,,,,,,,,,1.0,,,,,,,,,,,,,3.0,change,1.0,"[71.01, 220.68]","[[232.58, -74.77], [71.01, 220.68], [113.43, -114.11]]","[""purple"", ""red"", ""yellow""]","[""purple"", ""blue"", ""yellow""]",red,blue,j,change,4.0,1.0
053,053_T1_20260518_160418,PA,T1,standard,hci_substudy_v2,1,telemetry_v4,change_detection,4,formal_cd,formal,1,45,53,formal,N1_same,1779091458,237.772,2026-05-18T16:16:25.770,0,0,0,1,725746.711,725751.855,,,,,s,,1,1705.639,,,,729346.711,729374.092,731093.743,4000,1719.651,731093.743,"[{""stage_name"": ""fixation"", ""planned_duration_ms"": 100, ""intended_onset_ms"": 725746.711, ""actual_onset_global_ms"": 725751.855, ""actual_offset_global_ms"": 725852.936, ""actual_duration_ms"": 101.081}, {""stage_name"": ""memory_array"", ""planned_duration_ms"": 2500, ""intended_onset_ms"": 725846.711, ""actual_onset_global_ms"": 725861.238, ""actual_offset_global_ms"": 728360.532, ""actual_duration_ms"": 2499.294}, {""stage_name"": ""delay"", ""planned_duration_ms"": 1000, ""intended_onset_ms"": 728360.532, ""actual_onset_global_ms"": 728359.792, ""actual_offset_global_ms"": 729364.307, ""actual_duration_ms"": 1004.515}, {""stage_name"": ""test_array"", ""planned_duration_ms"": 4000, ""intended_onset_ms"": 729364.307, ""actual_onset_global_ms"": 729374.092, ""actual_offset_global_ms"": 731093.743, ""actual_duration_ms"": 1719.651}]",,,,,,,,,,,,,,,,,,,,,,,,,,,,,,,,,,,,,,,,,,,,,,,,,,1.0,,,,,,,,,,,,,1.0,same,0.0,"[104.3, 111.14]","[[104.3, 111.14]]","[""yellow""]","[""yellow""]",yellow,yellow,s,same,2.0,1.0
053,053_T1_20260518_160418,PA,T1,standard,hci_substudy_v2,1,telemetry_v4,change_detection,4,formal_cd,formal,1,46,54,formal,N2_change,1779091458,237.772,2026-05-18T16:16:31.121,0,0,0,1,731097.009,731101.465,,,,,j,,1,746.073,,,,734697.009,734740.711,735497.32,4000,756.609,735497.32,"[{""stage_name"": ""fixation"", ""planned_duration_ms"": 100, ""intended_onset_ms"": 731097.009, ""actual_onset_global_ms"": 731101.465, ""actual_offset_global_ms"": 731203.045, ""actual_duration_ms"": 101.58}, {""stage_name"": ""memory_array"", ""planned_duration_ms"": 2500, ""intended_onset_ms"": 731197.009, ""actual_onset_global_ms"": 731220.585, ""actual_offset_global_ms"": 733718.683, ""actual_duration_ms"": 2498.098}, {""stage_name"": ""delay"", ""planned_duration_ms"": 1000, ""intended_onset_ms"": 733718.683, ""actual_onset_global_ms"": 733718.196, ""actual_offset_global_ms"": 734722.747, ""actual_duration_ms"": 1004.551}, {""stage_name"": ""test_array"", ""planned_duration_ms"": 4000, ""intended_onset_ms"": 734722.747, ""actual_onset_global_ms"": 734740.711, ""actual_offset_global_ms"": 735497.32, ""actual_duration_ms"": 756.609}]",,,,,,,,,,,,,,,,,,,,,,,,,,,,,,,,,,,,,,,,,,,,,,,,,,1.0,,,,,,,,,,,,,2.0,change,0.0,"[-252.29, 54.24]","[[-252.29, 54.24], [-27.07, -109.09]]","[""yellow"", ""red""]","[""green"", ""red""]",yellow,green,j,change,2.0,1.0
053,053_T1_20260518_160418,PA,T1,standard,hci_substudy_v2,1,telemetry_v4,change_detection,4,formal_cd,formal,1,47,55,formal,N4_same,1779091458,237.772,2026-05-18T16:16:35.524,0,0,0,1,735500.693,735505.653,,,,,s,,1,510.176,,,,739100.693,739167.564,739699.363,4000,531.799,739699.363,"[{""stage_name"": ""fixation"", ""planned_duration_ms"": 100, ""intended_onset_ms"": 735500.693, ""actual_onset_global_ms"": 735505.653, ""actual_offset_global_ms"": 735606.072, ""actual_duration_ms"": 100.419}, {""stage_name"": ""memory_array"", ""planned_duration_ms"": 2500, ""intended_onset_ms"": 735600.693, ""actual_onset_global_ms"": 735641.489, ""actual_offset_global_ms"": 738127.221, ""actual_duration_ms"": 2485.732}, {""stage_name"": ""delay"", ""planned_duration_ms"": 1000, ""intended_onset_ms"": 738127.221, ""actual_onset_global_ms"": 738127.208, ""actual_offset_global_ms"": 739130.689, ""actual_duration_ms"": 1003.481}, {""stage_name"": ""test_array"", ""planned_duration_ms"": 4000, ""intended_onset_ms"": 739130.689, ""actual_onset_global_ms"": 739167.564, ""actual_offset_global_ms"": 739699.363, ""actual_duration_ms"": 531.799}]",,,,,,,,,,,,,,,,,,,,,,,,,,,,,,,,,,,,,,,,,,,,,,,,,,1.0,,,,,,,,,,,,,4.0,same,0.0,"[-177.27, 66.33]","[[-177.27, 66.33], [134.16, -232.94], [-63.19, 82.71], [-125.15, 226.57]]","[""green"", ""yellow"", ""purple"", ""blue""]","[""green"", ""yellow"", ""purple"", ""blue""]",green,green,s,same,6.0,1.0
053,053_T1_20260518_160418,PA,T1,standard,hci_substudy_v2,1,telemetry_v4,change_detection,4,formal_cd,formal,1,48,56,formal,N3_same,1779091458,237.772,2026-05-18T16:16:39.726,0,0,0,1,739702.706,739707.966,,,,,s,,0,284.705,,,,743302.706,743367.918,743660.442,4000,292.524,743660.442,"[{""stage_name"": ""fixation"", ""planned_duration_ms"": 100, ""intended_onset_ms"": 739702.706, ""actual_onset_global_ms"": 739707.966, ""actual_offset_global_ms"": 739808.382, ""actual_duration_ms"": 100.416}, {""stage_name"": ""memory_array"", ""planned_duration_ms"": 2500, ""intended_onset_ms"": 739802.706, ""actual_onset_global_ms"": 739835.835, ""actual_offset_global_ms"": 742337.257, ""actual_duration_ms"": 2501.422}, {""stage_name"": ""delay"", ""planned_duration_ms"": 1000, ""intended_onset_ms"": 742337.257, ""actual_onset_global_ms"": 742335.901, ""actual_offset_global_ms"": 743339.907, ""actual_duration_ms"": 1004.006}, {""stage_name"": ""test_array"", ""planned_duration_ms"": 4000, ""intended_onset_ms"": 743339.907, ""actual_onset_global_ms"": 743367.918, ""actual_offset_global_ms"": 743660.442, ""actual_duration_ms"": 292.524}]",,,,,,,,,,,,,,,,,,,,,,,,,,,,,,,,,,,,,,,,,,,,,,,,,,0.0,,,,,,,,,,,,,3.0,same,1.0,"[-237.33, -110.99]","[[-144.89, 192.9], [-237.33, -110.99], [-156.34, -21.16]]","[""yellow"", ""green"", ""red""]","[""yellow"", ""green"", ""red""]",green,green,j,change,3.0,1.0
