participant_id,session_id,group,timepoint,practice_layer,practice_protocol_version,telemetry_enabled,telemetry_version,task_name,task_order_index,block_name,block_type,block_index,trial_index_within_block,trial_index_global,practice_or_formal,condition_label,random_seed,screen_refresh_hz,timestamp_iso,omission,aborted,pause_count_during_trial,repeated_practice_round,intended_trial_start_ms,actual_trial_start_ms,condition,target_direction,flankers_direction,array_pattern_text,correct_response_key,participant_response_key,response_correct,rt_ms,response_time_global_ms,feedback_type,practice_pass_flag,intended_onset_ms,actual_onset_global_ms,actual_offset_global_ms,stage_duration_planned_ms,stage_duration_actual_ms,actual_trial_end_ms,stage_records_json,feedback_audio_file,feedback_audio_start_global_ms,feedback_audio_expected_duration_ms,feedback_audio_stop_global_ms,excluded_rt_low,excluded_rt_high,included_in_rt_analysis,task_accuracy_below_threshold,valid_task_data,prompt_level,support_type,support_trigger_reason,support_trigger_trial_index,rule_block_error_count,support_level,support_phase,support_duration_ms,post_support_success_streak,support_faded_after_trial,manual_intervention_flag,dccs_support_rule,dccs_error_type,dccs_dimension_highlight_used,dccs_demo_type,dccs_label_mode,dccs_post_support_rule_confusion,rule,cue_audio_file,cue_label,cue_audio_start_global_ms,cue_audio_expected_duration_ms,cue_audio_stop_global_ms,stimulus_color,stimulus_shape,stimulus_identity,trial_transition,previous_rule,current_rule,cue_to_first_response_ms,set_size,trial_type,probe_index,probe_position_xy,item_positions,item_colors_memory,item_colors_test,probe_original_color,probe_test_color,response_key,response_label,accuracy,layout_generation_attempts,overlap_check_passed
12,12_T1_20260502_152737,PCPA,T1,adaptive,hci_substudy_v2,1,telemetry_v4,flanker,1,formal_block_1,formal,1,1,13,formal,congruent,1777706857,239.464,2026-05-02T15:28:52.466,0,0,0,1,72761.175,72767.826,congruent,left,left,<<<<<,s,s,1,1581.243,74451.093,none,,72861.175,72869.85,74451.093,3000,1581.243,74451.093,"[{""stage_name"": ""fixation"", ""planned_duration_ms"": 100, ""intended_onset_ms"": 72761.175, ""actual_onset_global_ms"": 72767.826, ""actual_offset_global_ms"": 72868.719, ""actual_duration_ms"": 100.893}, {""stage_name"": ""stimulus"", ""planned_duration_ms"": 3000, ""intended_onset_ms"": 72861.175, ""actual_onset_global_ms"": 72869.85, ""actual_offset_global_ms"": 74451.093, ""actual_duration_ms"": 1581.243}]",,,,,0,0,1,0,1,,,,,,,,,,,,,,,,,,,,,,,,,,,,,,,,,,,,,,,,,,,,
12,12_T1_20260502_152737,PCPA,T1,adaptive,hci_substudy_v2,1,telemetry_v4,flanker,1,formal_block_1,formal,1,2,14,formal,congruent,1777706857,239.464,2026-05-02T15:28:54.165,0,0,0,1,74460.105,74464.604,congruent,right,right,>>>>>,j,j,1,609.813,75179.412,none,,74560.105,74569.599,75179.412,3000,609.813,75179.412,"[{""stage_name"": ""fixation"", ""planned_duration_ms"": 100, ""intended_onset_ms"": 74460.105, ""actual_onset_global_ms"": 74464.604, ""actual_offset_global_ms"": 74567.205, ""actual_duration_ms"": 102.601}, {""stage_name"": ""stimulus"", ""planned_duration_ms"": 3000, ""intended_onset_ms"": 74560.105, ""actual_onset_global_ms"": 74569.599, ""actual_offset_global_ms"": 75179.412, ""actual_duration_ms"": 609.813}]",,,,,0,0,1,0,1,,,,,,,,,,,,,,,,,,,,,,,,,,,,,,,,,,,,,,,,,,,,
12,12_T1_20260502_152737,PCPA,T1,adaptive,hci_substudy_v2,1,telemetry_v4,flanker,1,formal_block_1,formal,1,3,15,formal,incongruent,1777706857,239.464,2026-05-02T15:28:54.889,0,0,0,1,75184.974,75195.868,incongruent,left,right,>><>>,s,s,1,656.755,75952.862,none,,75284.974,75296.107,75952.862,3000,656.755,75952.862,"[{""stage_name"": ""fixation"", ""planned_duration_ms"": 100, ""intended_onset_ms"": 75184.974, ""actual_onset_global_ms"": 75195.868, ""actual_offset_global_ms"": 75292.571, ""actual_duration_ms"": 96.703}, {""stage_name"": ""stimulus"", ""planned_duration_ms"": 3000, ""intended_onset_ms"": 75284.974, ""actual_onset_global_ms"": 75296.107, ""actual_offset_global_ms"": 75952.862, ""actual_duration_ms"": 656.755}]",,,,,0,0,1,0,1,,,,,,,,,,,,,,,,,,,,,,,,,,,,,,,,,,,,,,,,,,,,
12,12_T1_20260502_152737,PCPA,T1,adaptive,hci_substudy_v2,1,telemetry_v4,flanker,1,formal_block_1,formal,1,4,16,formal,congruent,1777706857,239.464,2026-05-02T15:28:55.662,0,0,0,1,75957.528,75961.898,congruent,right,right,>>>>>,j,j,1,518.913,76583.831,none,,76057.528,76064.918,76583.831,3000,518.913,76583.831,"[{""stage_name"": ""fixation"", ""planned_duration_ms"": 100, ""intended_onset_ms"": 75957.528, ""actual_onset_global_ms"": 75961.898, ""actual_offset_global_ms"": 76063.142, ""actual_duration_ms"": 101.244}, {""stage_name"": ""stimulus"", ""planned_duration_ms"": 3000, ""intended_onset_ms"": 76057.528, ""actual_onset_global_ms"": 76064.918, ""actual_offset_global_ms"": 76583.831, ""actual_duration_ms"": 518.913}]",,,,,0,0,1,0,1,,,,,,,,,,,,,,,,,,,,,,,,,,,,,,,,,,,,,,,,,,,,
12,12_T1_20260502_152737,PCPA,T1,adaptive,hci_substudy_v2,1,telemetry_v4,flanker,1,formal_block_1,formal,1,5,17,formal,incongruent,1777706857,239.464,2026-05-02T15:28:56.297,0,0,0,1,76592.436,76597.69,incongruent,left,right,>><>>,s,s,1,550.82,77250.96,none,,76692.436,76700.14,77250.96,3000,550.82,77250.96,"[{""stage_name"": ""fixation"", ""planned_duration_ms"": 100, ""intended_onset_ms"": 76592.436, ""actual_onset_global_ms"": 76597.69, ""actual_offset_global_ms"": 76698.466, ""actual_duration_ms"": 100.776}, {""stage_name"": ""stimulus"", ""planned_duration_ms"": 3000, ""intended_onset_ms"": 76692.436, ""actual_onset_global_ms"": 76700.14, ""actual_offset_global_ms"": 77250.96, ""actual_duration_ms"": 550.82}]",,,,,0,0,1,0,1,,,,,,,,,,,,,,,,,,,,,,,,,,,,,,,,,,,,,,,,,,,,
12,12_T1_20260502_152737,PCPA,T1,adaptive,hci_substudy_v2,1,telemetry_v4,flanker,1,formal_block_1,formal,1,6,18,formal,congruent,1777706857,239.464,2026-05-02T15:28:56.963,0,0,0,1,77258.45,77262.839,congruent,left,left,<<<<<,s,s,1,498.377,77865.496,none,,77358.45,77367.119,77865.496,3000,498.377,77865.496,"[{""stage_name"": ""fixation"", ""planned_duration_ms"": 100, ""intended_onset_ms"": 77258.45, ""actual_onset_global_ms"": 77262.839, ""actual_offset_global_ms"": 77365.496, ""actual_duration_ms"": 102.657}, {""stage_name"": ""stimulus"", ""planned_duration_ms"": 3000, ""intended_onset_ms"": 77358.45, ""actual_onset_global_ms"": 77367.119, ""actual_offset_global_ms"": 77865.496, ""actual_duration_ms"": 498.377}]",,,,,0,0,1,0,1,,,,,,,,,,,,,,,,,,,,,,,,,,,,,,,,,,,,,,,,,,,,
12,12_T1_20260502_152737,PCPA,T1,adaptive,hci_substudy_v2,1,telemetry_v4,flanker,1,formal_block_1,formal,1,7,19,formal,incongruent,1777706857,239.464,2026-05-02T15:28:57.574,0,0,0,1,77870.799,77876.304,incongruent,right,left,<<><<,j,j,1,531.889,78511.64,none,,77970.799,77979.751,78511.64,3000,531.889,78511.64,"[{""stage_name"": ""fixation"", ""planned_duration_ms"": 100, ""intended_onset_ms"": 77870.799, ""actual_onset_global_ms"": 77876.304, ""actual_offset_global_ms"": 77978.612, ""actual_duration_ms"": 102.308}, {""stage_name"": ""stimulus"", ""planned_duration_ms"": 3000, ""intended_onset_ms"": 77970.799, ""actual_onset_global_ms"": 77979.751, ""actual_offset_global_ms"": 78511.64, ""actual_duration_ms"": 531.889}]",,,,,0,0,1,0,1,,,,,,,,,,,,,,,,,,,,,,,,,,,,,,,,,,,,,,,,,,,,
12,12_T1_20260502_152737,PCPA,T1,adaptive,hci_substudy_v2,1,telemetry_v4,flanker,1,formal_block_1,formal,1,8,20,formal,congruent,1777706857,239.464,2026-05-02T15:28:58.223,0,0,0,1,78519.256,78525.626,congruent,left,left,<<<<<,s,s,1,601.101,79230.223,none,,78619.256,78629.122,79230.223,3000,601.101,79230.223,"[{""stage_name"": ""fixation"", ""planned_duration_ms"": 100, ""intended_onset_ms"": 78519.256, ""actual_onset_global_ms"": 78525.626, ""actual_offset_global_ms"": 78627.507, ""actual_duration_ms"": 101.881}, {""stage_name"": ""stimulus"", ""planned_duration_ms"": 3000, ""intended_onset_ms"": 78619.256, ""actual_onset_global_ms"": 78629.122, ""actual_offset_global_ms"": 79230.223, ""actual_duration_ms"": 601.101}]",,,,,0,0,1,0,1,,,,,,,,,,,,,,,,,,,,,,,,,,,,,,,,,,,,,,,,,,,,
12,12_T1_20260502_152737,PCPA,T1,adaptive,hci_substudy_v2,1,telemetry_v4,flanker,1,formal_block_1,formal,1,9,21,formal,incongruent,1777706857,239.464,2026-05-02T15:28:58.942,0,0,0,1,79237.929,79242.208,incongruent,right,left,<<><<,j,j,1,688.106,80034.535,none,,79337.929,79346.429,80034.535,3000,688.106,80034.535,"[{""stage_name"": ""fixation"", ""planned_duration_ms"": 100, ""intended_onset_ms"": 79237.929, ""actual_onset_global_ms"": 79242.208, ""actual_offset_global_ms"": 79345.0, ""actual_duration_ms"": 102.792}, {""stage_name"": ""stimulus"", ""planned_duration_ms"": 3000, ""intended_onset_ms"": 79337.929, ""actual_onset_global_ms"": 79346.429, ""actual_offset_global_ms"": 80034.535, ""actual_duration_ms"": 688.106}]",,,,,0,0,1,0,1,,,,,,,,,,,,,,,,,,,,,,,,,,,,,,,,,,,,,,,,,,,,
12,12_T1_20260502_152737,PCPA,T1,adaptive,hci_substudy_v2,1,telemetry_v4,flanker,1,formal_block_1,formal,1,10,22,formal,congruent,1777706857,239.464,2026-05-02T15:28:59.744,0,0,0,1,80040.852,80046.238,congruent,right,right,>>>>>,j,j,1,769.49,80918.716,none,,80140.852,80149.226,80918.716,3000,769.49,80918.716,"[{""stage_name"": ""fixation"", ""planned_duration_ms"": 100, ""intended_onset_ms"": 80040.852, ""actual_onset_global_ms"": 80046.238, ""actual_offset_global_ms"": 80147.888, ""actual_duration_ms"": 101.65}, {""stage_name"": ""stimulus"", ""planned_duration_ms"": 3000, ""intended_onset_ms"": 80140.852, ""actual_onset_global_ms"": 80149.226, ""actual_offset_global_ms"": 80918.716, ""actual_duration_ms"": 769.49}]",,,,,0,0,1,0,1,,,,,,,,,,,,,,,,,,,,,,,,,,,,,,,,,,,,,,,,,,,,
12,12_T1_20260502_152737,PCPA,T1,adaptive,hci_substudy_v2,1,telemetry_v4,flanker,1,formal_block_1,formal,1,11,23,formal,congruent,1777706857,239.464,2026-05-02T15:29:00.629,0,0,0,1,80924.948,80929.116,congruent,left,left,<<<<<,s,s,1,626.194,81661.933,none,,81024.948,81035.739,81661.933,3000,626.194,81661.933,"[{""stage_name"": ""fixation"", ""planned_duration_ms"": 100, ""intended_onset_ms"": 80924.948, ""actual_onset_global_ms"": 80929.116, ""actual_offset_global_ms"": 81030.504, ""actual_duration_ms"": 101.388}, {""stage_name"": ""stimulus"", ""planned_duration_ms"": 3000, ""intended_onset_ms"": 81024.948, ""actual_onset_global_ms"": 81035.739, ""actual_offset_global_ms"": 81661.933, ""actual_duration_ms"": 626.194}]",,,,,0,0,1,0,1,,,,,,,,,,,,,,,,,,,,,,,,,,,,,,,,,,,,,,,,,,,,
12,12_T1_20260502_152737,PCPA,T1,adaptive,hci_substudy_v2,1,telemetry_v4,flanker,1,formal_block_1,formal,1,12,24,formal,incongruent,1777706857,239.464,2026-05-02T15:29:01.371,0,0,0,1,81667.001,81672.315,incongruent,right,left,<<><<,j,j,1,484.72,82261.664,none,,81767.001,81776.944,82261.664,3000,484.72,82261.664,"[{""stage_name"": ""fixation"", ""planned_duration_ms"": 100, ""intended_onset_ms"": 81667.001, ""actual_onset_global_ms"": 81672.315, ""actual_offset_global_ms"": 81775.431, ""actual_duration_ms"": 103.116}, {""stage_name"": ""stimulus"", ""planned_duration_ms"": 3000, ""intended_onset_ms"": 81767.001, ""actual_onset_global_ms"": 81776.944, ""actual_offset_global_ms"": 82261.664, ""actual_duration_ms"": 484.72}]",,,,,0,0,1,0,1,,,,,,,,,,,,,,,,,,,,,,,,,,,,,,,,,,,,,,,,,,,,
12,12_T1_20260502_152737,PCPA,T1,adaptive,hci_substudy_v2,1,telemetry_v4,flanker,1,formal_block_1,formal,1,13,25,formal,incongruent,1777706857,239.464,2026-05-02T15:29:01.974,0,0,0,1,82269.261,82277.602,incongruent,left,right,>><>>,s,s,1,590.696,82967.578,none,,82369.261,82376.882,82967.578,3000,590.696,82967.578,"[{""stage_name"": ""fixation"", ""planned_duration_ms"": 100, ""intended_onset_ms"": 82269.261, ""actual_onset_global_ms"": 82277.602, ""actual_offset_global_ms"": 82375.049, ""actual_duration_ms"": 97.447}, {""stage_name"": ""stimulus"", ""planned_duration_ms"": 3000, ""intended_onset_ms"": 82369.261, ""actual_onset_global_ms"": 82376.882, ""actual_offset_global_ms"": 82967.578, ""actual_duration_ms"": 590.696}]",,,,,0,0,1,0,1,,,,,,,,,,,,,,,,,,,,,,,,,,,,,,,,,,,,,,,,,,,,
12,12_T1_20260502_152737,PCPA,T1,adaptive,hci_substudy_v2,1,telemetry_v4,flanker,1,formal_block_1,formal,1,14,26,formal,congruent,1777706857,239.464,2026-05-02T15:29:02.674,0,0,0,1,82969.767,82977.668,congruent,right,right,>>>>>,j,j,1,603.258,83679.267,none,,83069.767,83076.009,83679.267,3000,603.258,83679.267,"[{""stage_name"": ""fixation"", ""planned_duration_ms"": 100, ""intended_onset_ms"": 82969.767, ""actual_onset_global_ms"": 82977.668, ""actual_offset_global_ms"": 83074.621, ""actual_duration_ms"": 96.953}, {""stage_name"": ""stimulus"", ""planned_duration_ms"": 3000, ""intended_onset_ms"": 83069.767, ""actual_onset_global_ms"": 83076.009, ""actual_offset_global_ms"": 83679.267, ""actual_duration_ms"": 603.258}]",,,,,0,0,1,0,1,,,,,,,,,,,,,,,,,,,,,,,,,,,,,,,,,,,,,,,,,,,,
12,12_T1_20260502_152737,PCPA,T1,adaptive,hci_substudy_v2,1,telemetry_v4,flanker,1,formal_block_1,formal,1,15,27,formal,incongruent,1777706857,239.464,2026-05-02T15:29:03.386,0,0,0,1,83681.65,83686.904,incongruent,left,right,>><>>,s,s,1,645.5,84434.851,none,,83781.65,83789.351,84434.851,3000,645.5,84434.851,"[{""stage_name"": ""fixation"", ""planned_duration_ms"": 100, ""intended_onset_ms"": 83681.65, ""actual_onset_global_ms"": 83686.904, ""actual_offset_global_ms"": 83788.069, ""actual_duration_ms"": 101.165}, {""stage_name"": ""stimulus"", ""planned_duration_ms"": 3000, ""intended_onset_ms"": 83781.65, ""actual_onset_global_ms"": 83789.351, ""actual_offset_global_ms"": 84434.851, ""actual_duration_ms"": 645.5}]",,,,,0,0,1,0,1,,,,,,,,,,,,,,,,,,,,,,,,,,,,,,,,,,,,,,,,,,,,
12,12_T1_20260502_152737,PCPA,T1,adaptive,hci_substudy_v2,1,telemetry_v4,flanker,1,formal_block_1,formal,1,16,28,formal,incongruent,1777706857,239.464,2026-05-02T15:29:04.145,0,0,0,1,84440.306,84444.829,incongruent,right,left,<<><<,j,j,1,455.122,85003.47,none,,84540.306,84548.348,85003.47,3000,455.122,85003.47,"[{""stage_name"": ""fixation"", ""planned_duration_ms"": 100, ""intended_onset_ms"": 84440.306, ""actual_onset_global_ms"": 84444.829, ""actual_offset_global_ms"": 84547.137, ""actual_duration_ms"": 102.308}, {""stage_name"": ""stimulus"", ""planned_duration_ms"": 3000, ""intended_onset_ms"": 84540.306, ""actual_onset_global_ms"": 84548.348, ""actual_offset_global_ms"": 85003.47, ""actual_duration_ms"": 455.122}]",,,,,0,0,1,0,1,,,,,,,,,,,,,,,,,,,,,,,,,,,,,,,,,,,,,,,,,,,,
12,12_T1_20260502_152737,PCPA,T1,adaptive,hci_substudy_v2,1,telemetry_v4,flanker,1,formal_block_1,formal,1,17,29,formal,congruent,1777706857,239.464,2026-05-02T15:29:04.713,0,0,0,1,85009.482,85015.036,congruent,right,right,>>>>>,j,j,1,634.31,85749.574,none,,85109.482,85115.264,85749.574,3000,634.31,85749.574,"[{""stage_name"": ""fixation"", ""planned_duration_ms"": 100, ""intended_onset_ms"": 85009.482, ""actual_onset_global_ms"": 85015.036, ""actual_offset_global_ms"": 85114.139, ""actual_duration_ms"": 99.103}, {""stage_name"": ""stimulus"", ""planned_duration_ms"": 3000, ""intended_onset_ms"": 85109.482, ""actual_onset_global_ms"": 85115.264, ""actual_offset_global_ms"": 85749.574, ""actual_duration_ms"": 634.31}]",,,,,0,0,1,0,1,,,,,,,,,,,,,,,,,,,,,,,,,,,,,,,,,,,,,,,,,,,,
12,12_T1_20260502_152737,PCPA,T1,adaptive,hci_substudy_v2,1,telemetry_v4,flanker,1,formal_block_1,formal,1,18,30,formal,congruent,1777706857,239.464,2026-05-02T15:29:05.459,0,0,0,1,85755.031,85759.164,congruent,left,left,<<<<<,s,s,1,600.098,86463.917,none,,85855.031,85863.819,86463.917,3000,600.098,86463.917,"[{""stage_name"": ""fixation"", ""planned_duration_ms"": 100, ""intended_onset_ms"": 85755.031, ""actual_onset_global_ms"": 85759.164, ""actual_offset_global_ms"": 85862.585, ""actual_duration_ms"": 103.421}, {""stage_name"": ""stimulus"", ""planned_duration_ms"": 3000, ""intended_onset_ms"": 85855.031, ""actual_onset_global_ms"": 85863.819, ""actual_offset_global_ms"": 86463.917, ""actual_duration_ms"": 600.098}]",,,,,0,0,1,0,1,,,,,,,,,,,,,,,,,,,,,,,,,,,,,,,,,,,,,,,,,,,,
12,12_T1_20260502_152737,PCPA,T1,adaptive,hci_substudy_v2,1,telemetry_v4,flanker,1,formal_block_1,formal,1,19,31,formal,incongruent,1777706857,239.464,2026-05-02T15:29:06.173,0,0,0,1,86468.874,86474.385,incongruent,left,right,>><>>,s,s,1,571.873,87155.391,none,,86568.874,86583.518,87155.391,3000,571.873,87155.391,"[{""stage_name"": ""fixation"", ""planned_duration_ms"": 100, ""intended_onset_ms"": 86468.874, ""actual_onset_global_ms"": 86474.385, ""actual_offset_global_ms"": 86581.083, ""actual_duration_ms"": 106.698}, {""stage_name"": ""stimulus"", ""planned_duration_ms"": 3000, ""intended_onset_ms"": 86568.874, ""actual_onset_global_ms"": 86583.518, ""actual_offset_global_ms"": 87155.391, ""actual_duration_ms"": 571.873}]",,,,,0,0,1,0,1,,,,,,,,,,,,,,,,,,,,,,,,,,,,,,,,,,,,,,,,,,,,
12,12_T1_20260502_152737,PCPA,T1,adaptive,hci_substudy_v2,1,telemetry_v4,flanker,1,formal_block_1,formal,1,20,32,formal,incongruent,1777706857,239.464,2026-05-02T15:29:06.866,0,0,0,1,87161.372,87167.027,incongruent,right,left,<<><<,j,j,1,885.933,88155.777,none,,87261.372,87269.844,88155.777,3000,885.933,88155.777,"[{""stage_name"": ""fixation"", ""planned_duration_ms"": 100, ""intended_onset_ms"": 87161.372, ""actual_onset_global_ms"": 87167.027, ""actual_offset_global_ms"": 87268.589, ""actual_duration_ms"": 101.562}, {""stage_name"": ""stimulus"", ""planned_duration_ms"": 3000, ""intended_onset_ms"": 87261.372, ""actual_onset_global_ms"": 87269.844, ""actual_offset_global_ms"": 88155.777, ""actual_duration_ms"": 885.933}]",,,,,0,0,1,0,1,,,,,,,,,,,,,,,,,,,,,,,,,,,,,,,,,,,,,,,,,,,,
12,12_T1_20260502_152737,PCPA,T1,adaptive,hci_substudy_v2,1,telemetry_v4,flanker,1,formal_block_2,formal,2,1,33,formal,congruent,1777706857,239.464,2026-05-02T15:29:07.865,0,0,0,1,88160.488,88164.965,congruent,right,right,>>>>>,j,j,1,701.123,88969.67,none,,88260.488,88268.547,88969.67,3000,701.123,88969.67,"[{""stage_name"": ""fixation"", ""planned_duration_ms"": 100, ""intended_onset_ms"": 88160.488, ""actual_onset_global_ms"": 88164.965, ""actual_offset_global_ms"": 88266.859, ""actual_duration_ms"": 101.894}, {""stage_name"": ""stimulus"", ""planned_duration_ms"": 3000, ""intended_onset_ms"": 88260.488, ""actual_onset_global_ms"": 88268.547, ""actual_offset_global_ms"": 88969.67, ""actual_duration_ms"": 701.123}]",,,,,0,0,1,0,1,,,,,,,,,,,,,,,,,,,,,,,,,,,,,,,,,,,,,,,,,,,,
12,12_T1_20260502_152737,PCPA,T1,adaptive,hci_substudy_v2,1,telemetry_v4,flanker,1,formal_block_2,formal,2,2,34,formal,incongruent,1777706857,239.464,2026-05-02T15:29:08.684,0,0,0,1,88979.962,88985.71,incongruent,right,left,<<><<,j,j,1,779.92,89869.897,none,,89079.962,89089.977,89869.897,3000,779.92,89869.897,"[{""stage_name"": ""fixation"", ""planned_duration_ms"": 100, ""intended_onset_ms"": 88979.962, ""actual_onset_global_ms"": 88985.71, ""actual_offset_global_ms"": 89088.488, ""actual_duration_ms"": 102.778}, {""stage_name"": ""stimulus"", ""planned_duration_ms"": 3000, ""intended_onset_ms"": 89079.962, ""actual_onset_global_ms"": 89089.977, ""actual_offset_global_ms"": 89869.897, ""actual_duration_ms"": 779.92}]",,,,,0,0,1,0,1,,,,,,,,,,,,,,,,,,,,,,,,,,,,,,,,,,,,,,,,,,,,
12,12_T1_20260502_152737,PCPA,T1,adaptive,hci_substudy_v2,1,telemetry_v4,flanker,1,formal_block_2,formal,2,3,35,formal,incongruent,1777706857,239.464,2026-05-02T15:29:09.583,0,0,0,1,89879.159,89883.574,incongruent,left,right,>><>>,s,s,1,580.288,90566.0,none,,89979.159,89985.712,90566.0,3000,580.288,90566.0,"[{""stage_name"": ""fixation"", ""planned_duration_ms"": 100, ""intended_onset_ms"": 89879.159, ""actual_onset_global_ms"": 89883.574, ""actual_offset_global_ms"": 89984.408, ""actual_duration_ms"": 100.834}, {""stage_name"": ""stimulus"", ""planned_duration_ms"": 3000, ""intended_onset_ms"": 89979.159, ""actual_onset_global_ms"": 89985.712, ""actual_offset_global_ms"": 90566.0, ""actual_duration_ms"": 580.288}]",,,,,0,0,1,0,1,,,,,,,,,,,,,,,,,,,,,,,,,,,,,,,,,,,,,,,,,,,,
12,12_T1_20260502_152737,PCPA,T1,adaptive,hci_substudy_v2,1,telemetry_v4,flanker,1,formal_block_2,formal,2,4,36,formal,congruent,1777706857,239.464,2026-05-02T15:29:10.274,0,0,0,1,90570.429,90577.553,congruent,left,left,<<<<<,s,s,1,445.515,91126.618,none,,90670.429,90681.103,91126.618,3000,445.515,91126.618,"[{""stage_name"": ""fixation"", ""planned_duration_ms"": 100, ""intended_onset_ms"": 90570.429, ""actual_onset_global_ms"": 90577.553, ""actual_offset_global_ms"": 90679.606, ""actual_duration_ms"": 102.053}, {""stage_name"": ""stimulus"", ""planned_duration_ms"": 3000, ""intended_onset_ms"": 90670.429, ""actual_onset_global_ms"": 90681.103, ""actual_offset_global_ms"": 91126.618, ""actual_duration_ms"": 445.515}]",,,,,0,0,1,0,1,,,,,,,,,,,,,,,,,,,,,,,,,,,,,,,,,,,,,,,,,,,,
12,12_T1_20260502_152737,PCPA,T1,adaptive,hci_substudy_v2,1,telemetry_v4,flanker,1,formal_block_2,formal,2,5,37,formal,congruent,1777706857,239.464,2026-05-02T15:29:10.838,0,0,0,1,91133.126,91138.31,congruent,right,right,>>>>>,j,j,1,527.334,91767.61,none,,91233.126,91240.276,91767.61,3000,527.334,91767.61,"[{""stage_name"": ""fixation"", ""planned_duration_ms"": 100, ""intended_onset_ms"": 91133.126, ""actual_onset_global_ms"": 91138.31, ""actual_offset_global_ms"": 91238.68, ""actual_duration_ms"": 100.37}, {""stage_name"": ""stimulus"", ""planned_duration_ms"": 3000, ""intended_onset_ms"": 91233.126, ""actual_onset_global_ms"": 91240.276, ""actual_offset_global_ms"": 91767.61, ""actual_duration_ms"": 527.334}]",,,,,0,0,1,0,1,,,,,,,,,,,,,,,,,,,,,,,,,,,,,,,,,,,,,,,,,,,,
12,12_T1_20260502_152737,PCPA,T1,adaptive,hci_substudy_v2,1,telemetry_v4,flanker,1,formal_block_2,formal,2,6,38,formal,congruent,1777706857,239.464,2026-05-02T15:29:11.479,0,0,0,1,91774.317,91778.655,congruent,right,right,>>>>>,j,j,1,883.735,92765.505,none,,91874.317,91881.77,92765.505,3000,883.735,92765.505,"[{""stage_name"": ""fixation"", ""planned_duration_ms"": 100, ""intended_onset_ms"": 91774.317, ""actual_onset_global_ms"": 91778.655, ""actual_offset_global_ms"": 91880.085, ""actual_duration_ms"": 101.43}, {""stage_name"": ""stimulus"", ""planned_duration_ms"": 3000, ""intended_onset_ms"": 91874.317, ""actual_onset_global_ms"": 91881.77, ""actual_offset_global_ms"": 92765.505, ""actual_duration_ms"": 883.735}]",,,,,0,0,1,0,1,,,,,,,,,,,,,,,,,,,,,,,,,,,,,,,,,,,,,,,,,,,,
12,12_T1_20260502_152737,PCPA,T1,adaptive,hci_substudy_v2,1,telemetry_v4,flanker,1,formal_block_2,formal,2,7,39,formal,incongruent,1777706857,239.464,2026-05-02T15:29:12.477,0,0,0,1,92772.23,92777.529,incongruent,right,left,<<><<,j,j,1,917.032,93797.801,none,,92872.23,92880.769,93797.801,3000,917.032,93797.801,"[{""stage_name"": ""fixation"", ""planned_duration_ms"": 100, ""intended_onset_ms"": 92772.23, ""actual_onset_global_ms"": 92777.529, ""actual_offset_global_ms"": 92878.884, ""actual_duration_ms"": 101.355}, {""stage_name"": ""stimulus"", ""planned_duration_ms"": 3000, ""intended_onset_ms"": 92872.23, ""actual_onset_global_ms"": 92880.769, ""actual_offset_global_ms"": 93797.801, ""actual_duration_ms"": 917.032}]",,,,,0,0,1,0,1,,,,,,,,,,,,,,,,,,,,,,,,,,,,,,,,,,,,,,,,,,,,
12,12_T1_20260502_152737,PCPA,T1,adaptive,hci_substudy_v2,1,telemetry_v4,flanker,1,formal_block_2,formal,2,8,40,formal,congruent,1777706857,239.464,2026-05-02T15:29:13.516,0,0,0,1,93810.977,93817.618,congruent,left,left,<<<<<,s,s,1,501.35,94421.143,none,,93910.977,93919.793,94421.143,3000,501.35,94421.143,"[{""stage_name"": ""fixation"", ""planned_duration_ms"": 100, ""intended_onset_ms"": 93810.977, ""actual_onset_global_ms"": 93817.618, ""actual_offset_global_ms"": 93918.673, ""actual_duration_ms"": 101.055}, {""stage_name"": ""stimulus"", ""planned_duration_ms"": 3000, ""intended_onset_ms"": 93910.977, ""actual_onset_global_ms"": 93919.793, ""actual_offset_global_ms"": 94421.143, ""actual_duration_ms"": 501.35}]",,,,,0,0,1,0,1,,,,,,,,,,,,,,,,,,,,,,,,,,,,,,,,,,,,,,,,,,,,
12,12_T1_20260502_152737,PCPA,T1,adaptive,hci_substudy_v2,1,telemetry_v4,flanker,1,formal_block_2,formal,2,9,41,formal,incongruent,1777706857,239.464,2026-05-02T15:29:14.131,0,0,0,1,94426.64,94432.387,incongruent,right,left,<<><<,j,j,1,750.69,95285.912,none,,94526.64,94535.222,95285.912,3000,750.69,95285.912,"[{""stage_name"": ""fixation"", ""planned_duration_ms"": 100, ""intended_onset_ms"": 94426.64, ""actual_onset_global_ms"": 94432.387, ""actual_offset_global_ms"": 94533.906, ""actual_duration_ms"": 101.519}, {""stage_name"": ""stimulus"", ""planned_duration_ms"": 3000, ""intended_onset_ms"": 94526.64, ""actual_onset_global_ms"": 94535.222, ""actual_offset_global_ms"": 95285.912, ""actual_duration_ms"": 750.69}]",,,,,0,0,1,0,1,,,,,,,,,,,,,,,,,,,,,,,,,,,,,,,,,,,,,,,,,,,,
12,12_T1_20260502_152737,PCPA,T1,adaptive,hci_substudy_v2,1,telemetry_v4,flanker,1,formal_block_2,formal,2,10,42,formal,congruent,1777706857,239.464,2026-05-02T15:29:14.996,0,0,0,1,95291.721,95296.129,congruent,right,right,>>>>>,j,j,1,595.605,95997.552,none,,95391.721,95401.947,95997.552,3000,595.605,95997.552,"[{""stage_name"": ""fixation"", ""planned_duration_ms"": 100, ""intended_onset_ms"": 95291.721, ""actual_onset_global_ms"": 95296.129, ""actual_offset_global_ms"": 95400.327, ""actual_duration_ms"": 104.198}, {""stage_name"": ""stimulus"", ""planned_duration_ms"": 3000, ""intended_onset_ms"": 95391.721, ""actual_onset_global_ms"": 95401.947, ""actual_offset_global_ms"": 95997.552, ""actual_duration_ms"": 595.605}]",,,,,0,0,1,0,1,,,,,,,,,,,,,,,,,,,,,,,,,,,,,,,,,,,,,,,,,,,,
12,12_T1_20260502_152737,PCPA,T1,adaptive,hci_substudy_v2,1,telemetry_v4,flanker,1,formal_block_2,formal,2,11,43,formal,incongruent,1777706857,239.464,2026-05-02T15:29:15.711,0,0,0,1,96007.105,96017.683,incongruent,left,right,>><>>,s,s,1,513.306,96629.983,none,,96107.105,96116.677,96629.983,3000,513.306,96629.983,"[{""stage_name"": ""fixation"", ""planned_duration_ms"": 100, ""intended_onset_ms"": 96007.105, ""actual_onset_global_ms"": 96017.683, ""actual_offset_global_ms"": 96112.785, ""actual_duration_ms"": 95.102}, {""stage_name"": ""stimulus"", ""planned_duration_ms"": 3000, ""intended_onset_ms"": 96107.105, ""actual_onset_global_ms"": 96116.677, ""actual_offset_global_ms"": 96629.983, ""actual_duration_ms"": 513.306}]",,,,,0,0,1,0,1,,,,,,,,,,,,,,,,,,,,,,,,,,,,,,,,,,,,,,,,,,,,
12,12_T1_20260502_152737,PCPA,T1,adaptive,hci_substudy_v2,1,telemetry_v4,flanker,1,formal_block_2,formal,2,12,44,formal,congruent,1777706857,239.464,2026-05-02T15:29:16.344,0,0,0,1,96639.279,96644.89,congruent,left,left,<<<<<,s,s,1,906.269,97651.176,none,,96739.279,96744.907,97651.176,3000,906.269,97651.176,"[{""stage_name"": ""fixation"", ""planned_duration_ms"": 100, ""intended_onset_ms"": 96639.279, ""actual_onset_global_ms"": 96644.89, ""actual_offset_global_ms"": 96743.534, ""actual_duration_ms"": 98.644}, {""stage_name"": ""stimulus"", ""planned_duration_ms"": 3000, ""intended_onset_ms"": 96739.279, ""actual_onset_global_ms"": 96744.907, ""actual_offset_global_ms"": 97651.176, ""actual_duration_ms"": 906.269}]",,,,,0,0,1,0,1,,,,,,,,,,,,,,,,,,,,,,,,,,,,,,,,,,,,,,,,,,,,
12,12_T1_20260502_152737,PCPA,T1,adaptive,hci_substudy_v2,1,telemetry_v4,flanker,1,formal_block_2,formal,2,13,45,formal,incongruent,1777706857,239.464,2026-05-02T15:29:17.361,0,0,0,1,97657.668,97661.947,incongruent,left,right,>><>>,s,s,1,663.367,98429.053,none,,97757.668,97765.686,98429.053,3000,663.367,98429.053,"[{""stage_name"": ""fixation"", ""planned_duration_ms"": 100, ""intended_onset_ms"": 97657.668, ""actual_onset_global_ms"": 97661.947, ""actual_offset_global_ms"": 97763.88, ""actual_duration_ms"": 101.933}, {""stage_name"": ""stimulus"", ""planned_duration_ms"": 3000, ""intended_onset_ms"": 97757.668, ""actual_onset_global_ms"": 97765.686, ""actual_offset_global_ms"": 98429.053, ""actual_duration_ms"": 663.367}]",,,,,0,0,1,0,1,,,,,,,,,,,,,,,,,,,,,,,,,,,,,,,,,,,,,,,,,,,,
12,12_T1_20260502_152737,PCPA,T1,adaptive,hci_substudy_v2,1,telemetry_v4,flanker,1,formal_block_2,formal,2,14,46,formal,incongruent,1777706857,239.464,2026-05-02T15:29:18.145,0,0,0,1,98440.328,98446.078,incongruent,right,left,<<><<,j,j,1,585.323,99133.32,none,,98540.328,98547.997,99133.32,3000,585.323,99133.32,"[{""stage_name"": ""fixation"", ""planned_duration_ms"": 100, ""intended_onset_ms"": 98440.328, ""actual_onset_global_ms"": 98446.078, ""actual_offset_global_ms"": 98545.994, ""actual_duration_ms"": 99.916}, {""stage_name"": ""stimulus"", ""planned_duration_ms"": 3000, ""intended_onset_ms"": 98540.328, ""actual_onset_global_ms"": 98547.997, ""actual_offset_global_ms"": 99133.32, ""actual_duration_ms"": 585.323}]",,,,,0,0,1,0,1,,,,,,,,,,,,,,,,,,,,,,,,,,,,,,,,,,,,,,,,,,,,
12,12_T1_20260502_152737,PCPA,T1,adaptive,hci_substudy_v2,1,telemetry_v4,flanker,1,formal_block_2,formal,2,15,47,formal,congruent,1777706857,239.464,2026-05-02T15:29:18.844,0,0,0,1,99140.569,99145.24,congruent,left,left,<<<<<,s,s,1,810.128,100056.985,none,,99240.569,99246.857,100056.985,3000,810.128,100056.985,"[{""stage_name"": ""fixation"", ""planned_duration_ms"": 100, ""intended_onset_ms"": 99140.569, ""actual_onset_global_ms"": 99145.24, ""actual_offset_global_ms"": 99245.487, ""actual_duration_ms"": 100.247}, {""stage_name"": ""stimulus"", ""planned_duration_ms"": 3000, ""intended_onset_ms"": 99240.569, ""actual_onset_global_ms"": 99246.857, ""actual_offset_global_ms"": 100056.985, ""actual_duration_ms"": 810.128}]",,,,,0,0,1,0,1,,,,,,,,,,,,,,,,,,,,,,,,,,,,,,,,,,,,,,,,,,,,
12,12_T1_20260502_152737,PCPA,T1,adaptive,hci_substudy_v2,1,telemetry_v4,flanker,1,formal_block_2,formal,2,16,48,formal,congruent,1777706857,239.464,2026-05-02T15:29:19.770,0,0,0,1,100065.765,100071.291,congruent,left,left,<<<<<,s,j,0,646.129,100818.31,none,,100165.765,100172.181,100818.31,3000,646.129,100818.31,"[{""stage_name"": ""fixation"", ""planned_duration_ms"": 100, ""intended_onset_ms"": 100065.765, ""actual_onset_global_ms"": 100071.291, ""actual_offset_global_ms"": 100170.965, ""actual_duration_ms"": 99.674}, {""stage_name"": ""stimulus"", ""planned_duration_ms"": 3000, ""intended_onset_ms"": 100165.765, ""actual_onset_global_ms"": 100172.181, ""actual_offset_global_ms"": 100818.31, ""actual_duration_ms"": 646.129}]",,,,,0,0,0,0,1,,,,,,,,,,,,,,,,,,,,,,,,,,,,,,,,,,,,,,,,,,,,
12,12_T1_20260502_152737,PCPA,T1,adaptive,hci_substudy_v2,1,telemetry_v4,flanker,1,formal_block_2,formal,2,17,49,formal,incongruent,1777706857,239.464,2026-05-02T15:29:20.529,0,0,0,1,100825.335,100829.569,incongruent,left,right,>><>>,s,s,1,1274.027,102209.772,none,,100925.335,100935.745,102209.772,3000,1274.027,102209.772,"[{""stage_name"": ""fixation"", ""planned_duration_ms"": 100, ""intended_onset_ms"": 100825.335, ""actual_onset_global_ms"": 100829.569, ""actual_offset_global_ms"": 100932.605, ""actual_duration_ms"": 103.036}, {""stage_name"": ""stimulus"", ""planned_duration_ms"": 3000, ""intended_onset_ms"": 100925.335, ""actual_onset_global_ms"": 100935.745, ""actual_offset_global_ms"": 102209.772, ""actual_duration_ms"": 1274.027}]",,,,,0,0,1,0,1,,,,,,,,,,,,,,,,,,,,,,,,,,,,,,,,,,,,,,,,,,,,
12,12_T1_20260502_152737,PCPA,T1,adaptive,hci_substudy_v2,1,telemetry_v4,flanker,1,formal_block_2,formal,2,18,50,formal,incongruent,1777706857,239.464,2026-05-02T15:29:21.925,0,0,0,1,102220.659,102226.419,incongruent,right,left,<<><<,j,j,1,986.388,103313.535,none,,102320.659,102327.147,103313.535,3000,986.388,103313.535,"[{""stage_name"": ""fixation"", ""planned_duration_ms"": 100, ""intended_onset_ms"": 102220.659, ""actual_onset_global_ms"": 102226.419, ""actual_offset_global_ms"": 102325.623, ""actual_duration_ms"": 99.204}, {""stage_name"": ""stimulus"", ""planned_duration_ms"": 3000, ""intended_onset_ms"": 102320.659, ""actual_onset_global_ms"": 102327.147, ""actual_offset_global_ms"": 103313.535, ""actual_duration_ms"": 986.388}]",,,,,0,0,1,0,1,,,,,,,,,,,,,,,,,,,,,,,,,,,,,,,,,,,,,,,,,,,,
12,12_T1_20260502_152737,PCPA,T1,adaptive,hci_substudy_v2,1,telemetry_v4,flanker,1,formal_block_2,formal,2,19,51,formal,incongruent,1777706857,239.464,2026-05-02T15:29:23.024,0,0,0,1,103320.591,103326.408,incongruent,left,right,>><>>,s,s,1,686.788,104116.621,none,,103420.591,103429.833,104116.621,3000,686.788,104116.621,"[{""stage_name"": ""fixation"", ""planned_duration_ms"": 100, ""intended_onset_ms"": 103320.591, ""actual_onset_global_ms"": 103326.408, ""actual_offset_global_ms"": 103428.581, ""actual_duration_ms"": 102.173}, {""stage_name"": ""stimulus"", ""planned_duration_ms"": 3000, ""intended_onset_ms"": 103420.591, ""actual_onset_global_ms"": 103429.833, ""actual_offset_global_ms"": 104116.621, ""actual_duration_ms"": 686.788}]",,,,,0,0,1,0,1,,,,,,,,,,,,,,,,,,,,,,,,,,,,,,,,,,,,,,,,,,,,
12,12_T1_20260502_152737,PCPA,T1,adaptive,hci_substudy_v2,1,telemetry_v4,flanker,1,formal_block_2,formal,2,20,52,formal,congruent,1777706857,239.464,2026-05-02T15:29:23.824,0,0,0,1,104119.366,104124.096,congruent,right,right,>>>>>,j,j,1,645.525,104874.479,none,,104219.366,104228.954,104874.479,3000,645.525,104874.479,"[{""stage_name"": ""fixation"", ""planned_duration_ms"": 100, ""intended_onset_ms"": 104119.366, ""actual_onset_global_ms"": 104124.096, ""actual_offset_global_ms"": 104227.176, ""actual_duration_ms"": 103.08}, {""stage_name"": ""stimulus"", ""planned_duration_ms"": 3000, ""intended_onset_ms"": 104219.366, ""actual_onset_global_ms"": 104228.954, ""actual_offset_global_ms"": 104874.479, ""actual_duration_ms"": 645.525}]",,,,,0,0,1,0,1,,,,,,,,,,,,,,,,,,,,,,,,,,,,,,,,,,,,,,,,,,,,
12,12_T1_20260502_152737,PCPA,T1,adaptive,hci_substudy_v2,1,telemetry_v4,dccs,2,mixed_formal,formal,1,1,13,formal,shape,1777706857,239.464,2026-05-02T15:31:25.048,0,0,0,1,225343.871,225350.845,,,,,s,s,1,3099.486,229220.963,none,,225943.871,226121.477,229220.963,3000,3099.486,229220.963,"[{""stage_name"": ""fixation"", ""planned_duration_ms"": 100, ""intended_onset_ms"": 225343.871, ""actual_onset_global_ms"": 225350.845, ""actual_offset_global_ms"": 225449.478, ""actual_duration_ms"": 98.633}, {""stage_name"": ""cue"", ""planned_duration_ms"": 500, ""intended_onset_ms"": 225443.871, ""actual_onset_global_ms"": 225450.732, ""actual_offset_global_ms"": 226121.124, ""actual_duration_ms"": 670.392}, {""stage_name"": ""stimulus"", ""planned_duration_ms"": 3000, ""intended_onset_ms"": 225943.871, ""actual_onset_global_ms"": 226121.477, ""actual_offset_global_ms"": 229220.963, ""actual_duration_ms"": 3099.486}]",,,,,0,1,0,0,1,0.0,none,,,0.0,0.0,none,0.0,0.0,0.0,0.0,,,0.0,none,none,0.0,shape,cue_shape.wav,形状,225450.816,500.0,226217.074,blue,rabbit,blue_rabbit,first,,shape,3770.231,,,,,,,,,,,,,,
12,12_T1_20260502_152737,PCPA,T1,adaptive,hci_substudy_v2,1,telemetry_v4,dccs,2,mixed_formal,formal,1,2,14,formal,color,1777706857,239.464,2026-05-02T15:31:28.929,0,0,0,1,229225.774,229230.243,,,,,s,s,1,3164.896,233049.055,none,,229825.774,229884.159,233049.055,3000,3164.896,233049.055,"[{""stage_name"": ""fixation"", ""planned_duration_ms"": 100, ""intended_onset_ms"": 229225.774, ""actual_onset_global_ms"": 229230.243, ""actual_offset_global_ms"": 229331.558, ""actual_duration_ms"": 101.315}, {""stage_name"": ""cue"", ""planned_duration_ms"": 500, ""intended_onset_ms"": 229325.774, ""actual_onset_global_ms"": 229332.046, ""actual_offset_global_ms"": 229884.331, ""actual_duration_ms"": 552.285}, {""stage_name"": ""stimulus"", ""planned_duration_ms"": 3000, ""intended_onset_ms"": 229825.774, ""actual_onset_global_ms"": 229884.159, ""actual_offset_global_ms"": 233049.055, ""actual_duration_ms"": 3164.896}]",,,,,0,1,0,0,1,0.0,none,,,0.0,0.0,none,0.0,0.0,0.0,0.0,,,0.0,none,none,0.0,color,cue_color.wav,颜色,229332.129,500.0,230028.728,blue,boat,blue_boat,switch,shape,color,3717.009,,,,,,,,,,,,,,
12,12_T1_20260502_152737,PCPA,T1,adaptive,hci_substudy_v2,1,telemetry_v4,dccs,2,mixed_formal,formal,1,3,15,formal,color,1777706857,239.464,2026-05-02T15:31:32.757,0,0,0,1,233053.157,233058.59,,,,,s,s,1,636.201,234353.625,none,,233653.157,233717.424,234353.625,3000,636.201,234353.625,"[{""stage_name"": ""fixation"", ""planned_duration_ms"": 100, ""intended_onset_ms"": 233053.157, ""actual_onset_global_ms"": 233058.59, ""actual_offset_global_ms"": 233161.253, ""actual_duration_ms"": 102.663}, {""stage_name"": ""cue"", ""planned_duration_ms"": 500, ""intended_onset_ms"": 233153.157, ""actual_onset_global_ms"": 233162.015, ""actual_offset_global_ms"": 233717.599, ""actual_duration_ms"": 555.584}, {""stage_name"": ""stimulus"", ""planned_duration_ms"": 3000, ""intended_onset_ms"": 233653.157, ""actual_onset_global_ms"": 233717.424, ""actual_offset_global_ms"": 234353.625, ""actual_duration_ms"": 636.201}]",,,,,0,0,1,0,1,0.0,none,,,0.0,0.0,none,0.0,0.0,0.0,0.0,,,0.0,none,none,0.0,color,cue_color.wav,颜色,233162.112,500.0,233858.711,blue,rabbit,blue_rabbit,repeat,color,color,1191.61,,,,,,,,,,,,,,
12,12_T1_20260502_152737,PCPA,T1,adaptive,hci_substudy_v2,1,telemetry_v4,dccs,2,mixed_formal,formal,1,4,16,formal,color,1777706857,239.464,2026-05-02T15:31:34.062,0,0,0,1,234358.352,234364.349,,,,,j,j,1,1041.792,236059.456,none,,234958.352,235017.664,236059.456,3000,1041.792,236059.456,"[{""stage_name"": ""fixation"", ""planned_duration_ms"": 100, ""intended_onset_ms"": 234358.352, ""actual_onset_global_ms"": 234364.349, ""actual_offset_global_ms"": 234462.635, ""actual_duration_ms"": 98.286}, {""stage_name"": ""cue"", ""planned_duration_ms"": 500, ""intended_onset_ms"": 234458.352, ""actual_onset_global_ms"": 234463.393, ""actual_offset_global_ms"": 235017.873, ""actual_duration_ms"": 554.48}, {""stage_name"": ""stimulus"", ""planned_duration_ms"": 3000, ""intended_onset_ms"": 234958.352, ""actual_onset_global_ms"": 235017.664, ""actual_offset_global_ms"": 236059.456, ""actual_duration_ms"": 1041.792}]",,,,,0,0,1,0,1,0.0,none,,,0.0,0.0,none,0.0,0.0,0.0,0.0,,,0.0,none,none,0.0,color,cue_color.wav,颜色,234463.484,500.0,235160.083,red,boat,red_boat,repeat,color,color,1596.063,,,,,,,,,,,,,,
12,12_T1_20260502_152737,PCPA,T1,adaptive,hci_substudy_v2,1,telemetry_v4,dccs,2,mixed_formal,formal,1,5,17,formal,shape,1777706857,239.464,2026-05-02T15:31:35.766,0,0,0,1,236062.204,236067.1,,,,,j,j,1,1426.721,238203.309,none,,236662.204,236776.588,238203.309,3000,1426.721,238203.309,"[{""stage_name"": ""fixation"", ""planned_duration_ms"": 100, ""intended_onset_ms"": 236062.204, ""actual_onset_global_ms"": 236067.1, ""actual_offset_global_ms"": 236169.364, ""actual_duration_ms"": 102.264}, {""stage_name"": ""cue"", ""planned_duration_ms"": 500, ""intended_onset_ms"": 236162.204, ""actual_onset_global_ms"": 236170.418, ""actual_offset_global_ms"": 236776.485, ""actual_duration_ms"": 606.067}, {""stage_name"": ""stimulus"", ""planned_duration_ms"": 3000, ""intended_onset_ms"": 236662.204, ""actual_onset_global_ms"": 236776.588, ""actual_offset_global_ms"": 238203.309, ""actual_duration_ms"": 1426.721}]",,,,,0,0,1,0,1,0.0,none,,,0.0,0.0,none,0.0,0.0,0.0,0.0,,,0.0,none,none,0.0,shape,cue_shape.wav,形状,236170.505,500.0,236936.763,blue,boat,blue_boat,switch,color,shape,2032.891,,,,,,,,,,,,,,
12,12_T1_20260502_152737,PCPA,T1,adaptive,hci_substudy_v2,1,telemetry_v4,dccs,2,mixed_formal,formal,1,6,18,formal,color,1777706857,239.464,2026-05-02T15:31:37.914,0,0,0,1,238209.831,238215.281,,,,,j,j,1,1081.42,239947.055,none,,238809.831,238865.635,239947.055,3000,1081.42,239947.055,"[{""stage_name"": ""fixation"", ""planned_duration_ms"": 100, ""intended_onset_ms"": 238209.831, ""actual_onset_global_ms"": 238215.281, ""actual_offset_global_ms"": 238314.132, ""actual_duration_ms"": 98.851}, {""stage_name"": ""cue"", ""planned_duration_ms"": 500, ""intended_onset_ms"": 238309.831, ""actual_onset_global_ms"": 238315.16, ""actual_offset_global_ms"": 238865.826, ""actual_duration_ms"": 550.666}, {""stage_name"": ""stimulus"", ""planned_duration_ms"": 3000, ""intended_onset_ms"": 238809.831, ""actual_onset_global_ms"": 238865.635, ""actual_offset_global_ms"": 239947.055, ""actual_duration_ms"": 1081.42}]",,,,,0,0,1,0,1,0.0,none,,,0.0,0.0,none,0.0,0.0,0.0,0.0,,,0.0,none,none,0.0,color,cue_color.wav,颜色,238315.237,500.0,239011.836,red,boat,red_boat,switch,shape,color,1631.895,,,,,,,,,,,,,,
12,12_T1_20260502_152737,PCPA,T1,adaptive,hci_substudy_v2,1,telemetry_v4,dccs,2,mixed_formal,formal,1,7,19,formal,shape,1777706857,239.464,2026-05-02T15:31:39.654,0,0,0,1,239949.719,239954.416,,,,,s,s,1,1663.856,242324.77,none,,240549.719,240660.914,242324.77,3000,1663.856,242324.77,"[{""stage_name"": ""fixation"", ""planned_duration_ms"": 100, ""intended_onset_ms"": 239949.719, ""actual_onset_global_ms"": 239954.416, ""actual_offset_global_ms"": 240057.172, ""actual_duration_ms"": 102.756}, {""stage_name"": ""cue"", ""planned_duration_ms"": 500, ""intended_onset_ms"": 240049.719, ""actual_onset_global_ms"": 240058.208, ""actual_offset_global_ms"": 240660.481, ""actual_duration_ms"": 602.273}, {""stage_name"": ""stimulus"", ""planned_duration_ms"": 3000, ""intended_onset_ms"": 240549.719, ""actual_onset_global_ms"": 240660.914, ""actual_offset_global_ms"": 242324.77, ""actual_duration_ms"": 1663.856}]",,,,,0,0,1,0,1,0.0,none,,,0.0,0.0,none,0.0,0.0,0.0,0.0,,,0.0,none,none,0.0,shape,cue_shape.wav,形状,240058.293,500.0,240824.551,red,rabbit,red_rabbit,switch,color,shape,2266.562,,,,,,,,,,,,,,
12,12_T1_20260502_152737,PCPA,T1,adaptive,hci_substudy_v2,1,telemetry_v4,dccs,2,mixed_formal,formal,1,8,20,formal,color,1777706857,239.464,2026-05-02T15:31:42.031,0,0,0,1,242327.512,242333.094,,,,,j,j,1,1740.401,244728.305,none,,242927.512,242987.904,244728.305,3000,1740.401,244728.305,"[{""stage_name"": ""fixation"", ""planned_duration_ms"": 100, ""intended_onset_ms"": 242327.512, ""actual_onset_global_ms"": 242333.094, ""actual_offset_global_ms"": 242435.73, ""actual_duration_ms"": 102.636}, {""stage_name"": ""cue"", ""planned_duration_ms"": 500, ""intended_onset_ms"": 242427.512, ""actual_onset_global_ms"": 242436.644, ""actual_offset_global_ms"": 242988.225, ""actual_duration_ms"": 551.581}, {""stage_name"": ""stimulus"", ""planned_duration_ms"": 3000, ""intended_onset_ms"": 242927.512, ""actual_onset_global_ms"": 242987.904, ""actual_offset_global_ms"": 244728.305, ""actual_duration_ms"": 1740.401}]",,,,,0,0,1,0,1,0.0,none,,,0.0,0.0,none,0.0,0.0,0.0,0.0,,,0.0,none,none,0.0,color,cue_color.wav,颜色,242436.738,500.0,243133.337,red,rabbit,red_rabbit,switch,shape,color,2291.661,,,,,,,,,,,,,,
12,12_T1_20260502_152737,PCPA,T1,adaptive,hci_substudy_v2,1,telemetry_v4,dccs,2,mixed_formal,formal,1,9,21,formal,shape,1777706857,239.464,2026-05-02T15:31:44.437,0,0,0,1,244732.682,244737.283,,,,,s,s,1,649.191,246086.604,none,,245332.682,245437.413,246086.604,3000,649.191,246086.604,"[{""stage_name"": ""fixation"", ""planned_duration_ms"": 100, ""intended_onset_ms"": 244732.682, ""actual_onset_global_ms"": 244737.283, ""actual_offset_global_ms"": 244837.633, ""actual_duration_ms"": 100.35}, {""stage_name"": ""cue"", ""planned_duration_ms"": 500, ""intended_onset_ms"": 244832.682, ""actual_onset_global_ms"": 244838.522, ""actual_offset_global_ms"": 245437.436, ""actual_duration_ms"": 598.914}, {""stage_name"": ""stimulus"", ""planned_duration_ms"": 3000, ""intended_onset_ms"": 245332.682, ""actual_onset_global_ms"": 245437.413, ""actual_offset_global_ms"": 246086.604, ""actual_duration_ms"": 649.191}]",,,,,0,0,1,0,1,0.0,none,,,0.0,0.0,none,0.0,0.0,0.0,0.0,,,0.0,none,none,0.0,shape,cue_shape.wav,形状,244838.607,500.0,245604.865,red,rabbit,red_rabbit,switch,color,shape,1248.082,,,,,,,,,,,,,,
12,12_T1_20260502_152737,PCPA,T1,adaptive,hci_substudy_v2,1,telemetry_v4,dccs,2,mixed_formal,formal,1,10,22,formal,color,1777706857,239.464,2026-05-02T15:31:45.797,0,0,0,1,246093.28,246098.889,,,,,j,j,1,646.286,247412.118,none,,246693.28,246765.832,247412.118,3000,646.286,247412.118,"[{""stage_name"": ""fixation"", ""planned_duration_ms"": 100, ""intended_onset_ms"": 246093.28, ""actual_onset_global_ms"": 246098.889, ""actual_offset_global_ms"": 246200.183, ""actual_duration_ms"": 101.294}, {""stage_name"": ""cue"", ""planned_duration_ms"": 500, ""intended_onset_ms"": 246193.28, ""actual_onset_global_ms"": 246201.027, ""actual_offset_global_ms"": 246765.805, ""actual_duration_ms"": 564.778}, {""stage_name"": ""stimulus"", ""planned_duration_ms"": 3000, ""intended_onset_ms"": 246693.28, ""actual_onset_global_ms"": 246765.832, ""actual_offset_global_ms"": 247412.118, ""actual_duration_ms"": 646.286}]",,,,,0,0,1,0,1,0.0,none,,,0.0,0.0,none,0.0,0.0,0.0,0.0,,,0.0,none,none,0.0,color,cue_color.wav,颜色,246201.107,500.0,246897.706,red,rabbit,red_rabbit,switch,shape,color,1211.091,,,,,,,,,,,,,,
12,12_T1_20260502_152737,PCPA,T1,adaptive,hci_substudy_v2,1,telemetry_v4,dccs,2,mixed_formal,formal,1,11,23,formal,color,1777706857,239.464,2026-05-02T15:31:47.121,0,0,0,1,247416.146,247421.71,,,,,s,s,1,610.442,248698.6,none,,248016.146,248088.158,248698.6,3000,610.442,248698.6,"[{""stage_name"": ""fixation"", ""planned_duration_ms"": 100, ""intended_onset_ms"": 247416.146, ""actual_onset_global_ms"": 247421.71, ""actual_offset_global_ms"": 247523.747, ""actual_duration_ms"": 102.037}, {""stage_name"": ""cue"", ""planned_duration_ms"": 500, ""intended_onset_ms"": 247516.146, ""actual_onset_global_ms"": 247524.543, ""actual_offset_global_ms"": 248088.419, ""actual_duration_ms"": 563.876}, {""stage_name"": ""stimulus"", ""planned_duration_ms"": 3000, ""intended_onset_ms"": 248016.146, ""actual_onset_global_ms"": 248088.158, ""actual_offset_global_ms"": 248698.6, ""actual_duration_ms"": 610.442}]",,,,,0,0,1,0,1,0.0,none,,,0.0,0.0,none,0.0,0.0,0.0,0.0,,,0.0,none,none,0.0,color,cue_color.wav,颜色,247524.638,500.0,248221.237,blue,rabbit,blue_rabbit,repeat,color,color,1174.057,,,,,,,,,,,,,,
12,12_T1_20260502_152737,PCPA,T1,adaptive,hci_substudy_v2,1,telemetry_v4,dccs,2,mixed_formal,formal,1,12,24,formal,color,1777706857,239.464,2026-05-02T15:31:48.408,0,0,0,1,248703.797,248708.471,,,,,s,s,1,661.558,250045.861,none,,249303.797,249384.303,250045.861,3000,661.558,250045.861,"[{""stage_name"": ""fixation"", ""planned_duration_ms"": 100, ""intended_onset_ms"": 248703.797, ""actual_onset_global_ms"": 248708.471, ""actual_offset_global_ms"": 248808.363, ""actual_duration_ms"": 99.892}, {""stage_name"": ""cue"", ""planned_duration_ms"": 500, ""intended_onset_ms"": 248803.797, ""actual_onset_global_ms"": 248808.852, ""actual_offset_global_ms"": 249384.401, ""actual_duration_ms"": 575.549}, {""stage_name"": ""stimulus"", ""planned_duration_ms"": 3000, ""intended_onset_ms"": 249303.797, ""actual_onset_global_ms"": 249384.303, ""actual_offset_global_ms"": 250045.861, ""actual_duration_ms"": 661.558}]",,,,,0,0,1,0,1,0.0,none,,,0.0,0.0,none,0.0,0.0,0.0,0.0,,,0.0,none,none,0.0,color,cue_color.wav,颜色,248808.934,500.0,249505.533,blue,boat,blue_boat,repeat,color,color,1237.009,,,,,,,,,,,,,,
12,12_T1_20260502_152737,PCPA,T1,adaptive,hci_substudy_v2,1,telemetry_v4,dccs,2,mixed_formal,formal,1,13,25,formal,shape,1777706857,239.464,2026-05-02T15:31:49.755,0,0,0,1,250051.006,250056.722,,,,,j,j,1,1187.91,251971.254,none,,250651.006,250783.344,251971.254,3000,1187.91,251971.254,"[{""stage_name"": ""fixation"", ""planned_duration_ms"": 100, ""intended_onset_ms"": 250051.006, ""actual_onset_global_ms"": 250056.722, ""actual_offset_global_ms"": 250158.03, ""actual_duration_ms"": 101.308}, {""stage_name"": ""cue"", ""planned_duration_ms"": 500, ""intended_onset_ms"": 250151.006, ""actual_onset_global_ms"": 250159.209, ""actual_offset_global_ms"": 250782.618, ""actual_duration_ms"": 623.409}, {""stage_name"": ""stimulus"", ""planned_duration_ms"": 3000, ""intended_onset_ms"": 250651.006, ""actual_onset_global_ms"": 250783.344, ""actual_offset_global_ms"": 251971.254, ""actual_duration_ms"": 1187.91}]",,,,,0,0,1,0,1,0.0,none,,,0.0,0.0,none,0.0,0.0,0.0,0.0,,,0.0,none,none,0.0,shape,cue_shape.wav,形状,250159.3,500.0,250925.558,blue,boat,blue_boat,switch,color,shape,1812.045,,,,,,,,,,,,,,
12,12_T1_20260502_152737,PCPA,T1,adaptive,hci_substudy_v2,1,telemetry_v4,dccs,2,mixed_formal,formal,1,14,26,formal,shape,1777706857,239.464,2026-05-02T15:31:51.680,0,0,0,1,251975.948,251980.62,,,,,j,j,1,2958.88,255643.016,none,,252575.948,252684.136,255643.016,3000,2958.88,255643.016,"[{""stage_name"": ""fixation"", ""planned_duration_ms"": 100, ""intended_onset_ms"": 251975.948, ""actual_onset_global_ms"": 251980.62, ""actual_offset_global_ms"": 252080.407, ""actual_duration_ms"": 99.787}, {""stage_name"": ""cue"", ""planned_duration_ms"": 500, ""intended_onset_ms"": 252075.948, ""actual_onset_global_ms"": 252081.148, ""actual_offset_global_ms"": 252683.921, ""actual_duration_ms"": 602.773}, {""stage_name"": ""stimulus"", ""planned_duration_ms"": 3000, ""intended_onset_ms"": 252575.948, ""actual_onset_global_ms"": 252684.136, ""actual_offset_global_ms"": 255643.016, ""actual_duration_ms"": 2958.88}]",,,,,0,0,1,0,1,0.0,none,,,0.0,0.0,none,0.0,0.0,0.0,0.0,,,0.0,none,none,0.0,shape,cue_shape.wav,形状,252081.634,500.0,252847.892,red,boat,red_boat,repeat,shape,shape,3561.868,,,,,,,,,,,,,,
12,12_T1_20260502_152737,PCPA,T1,adaptive,hci_substudy_v2,1,telemetry_v4,dccs,2,mixed_formal,formal,1,15,27,formal,color,1777706857,239.464,2026-05-02T15:31:55.352,0,0,0,1,255647.911,255654.233,,,,,j,j,1,775.974,257093.712,none,,256247.911,256317.738,257093.712,3000,775.974,257093.712,"[{""stage_name"": ""fixation"", ""planned_duration_ms"": 100, ""intended_onset_ms"": 255647.911, ""actual_onset_global_ms"": 255654.233, ""actual_offset_global_ms"": 255753.388, ""actual_duration_ms"": 99.155}, {""stage_name"": ""cue"", ""planned_duration_ms"": 500, ""intended_onset_ms"": 255747.911, ""actual_onset_global_ms"": 255753.899, ""actual_offset_global_ms"": 256317.992, ""actual_duration_ms"": 564.093}, {""stage_name"": ""stimulus"", ""planned_duration_ms"": 3000, ""intended_onset_ms"": 256247.911, ""actual_onset_global_ms"": 256317.738, ""actual_offset_global_ms"": 257093.712, ""actual_duration_ms"": 775.974}]",,,,,0,0,1,0,1,0.0,none,,,0.0,0.0,none,0.0,0.0,0.0,0.0,,,0.0,none,none,0.0,color,cue_color.wav,颜色,255753.981,500.0,256450.58,red,boat,red_boat,switch,shape,color,1339.813,,,,,,,,,,,,,,
12,12_T1_20260502_152737,PCPA,T1,adaptive,hci_substudy_v2,1,telemetry_v4,dccs,2,mixed_formal,formal,1,16,28,formal,shape,1777706857,239.464,2026-05-02T15:31:56.801,0,0,0,1,257096.604,257102.796,,,,,s,s,1,922.714,258749.097,none,,257696.604,257826.383,258749.097,3000,922.714,258749.097,"[{""stage_name"": ""fixation"", ""planned_duration_ms"": 100, ""intended_onset_ms"": 257096.604, ""actual_onset_global_ms"": 257102.796, ""actual_offset_global_ms"": 257203.161, ""actual_duration_ms"": 100.365}, {""stage_name"": ""cue"", ""planned_duration_ms"": 500, ""intended_onset_ms"": 257196.604, ""actual_onset_global_ms"": 257204.308, ""actual_offset_global_ms"": 257826.437, ""actual_duration_ms"": 622.129}, {""stage_name"": ""stimulus"", ""planned_duration_ms"": 3000, ""intended_onset_ms"": 257696.604, ""actual_onset_global_ms"": 257826.383, ""actual_offset_global_ms"": 258749.097, ""actual_duration_ms"": 922.714}]",,,,,0,0,1,0,1,0.0,none,,,0.0,0.0,none,0.0,0.0,0.0,0.0,,,0.0,none,none,0.0,shape,cue_shape.wav,形状,257204.396,500.0,257970.654,blue,rabbit,blue_rabbit,switch,color,shape,1544.789,,,,,,,,,,,,,,
12,12_T1_20260502_152737,PCPA,T1,adaptive,hci_substudy_v2,1,telemetry_v4,dccs,2,mixed_formal,formal,1,17,29,formal,shape,1777706857,239.464,2026-05-02T15:31:58.457,0,0,0,1,258753.077,258757.584,,,,,j,j,1,1360.305,260831.88,none,,259353.077,259471.575,260831.88,3000,1360.305,260831.88,"[{""stage_name"": ""fixation"", ""planned_duration_ms"": 100, ""intended_onset_ms"": 258753.077, ""actual_onset_global_ms"": 258757.584, ""actual_offset_global_ms"": 258857.759, ""actual_duration_ms"": 100.175}, {""stage_name"": ""cue"", ""planned_duration_ms"": 500, ""intended_onset_ms"": 258853.077, ""actual_onset_global_ms"": 258858.856, ""actual_offset_global_ms"": 259471.453, ""actual_duration_ms"": 612.597}, {""stage_name"": ""stimulus"", ""planned_duration_ms"": 3000, ""intended_onset_ms"": 259353.077, ""actual_onset_global_ms"": 259471.575, ""actual_offset_global_ms"": 260831.88, ""actual_duration_ms"": 1360.305}]",,,,,0,0,1,0,1,0.0,none,,,0.0,0.0,none,0.0,0.0,0.0,0.0,,,0.0,none,none,0.0,shape,cue_shape.wav,形状,258858.949,500.0,259625.207,red,boat,red_boat,repeat,shape,shape,1973.024,,,,,,,,,,,,,,
12,12_T1_20260502_152737,PCPA,T1,adaptive,hci_substudy_v2,1,telemetry_v4,dccs,2,mixed_formal,formal,1,18,30,formal,color,1777706857,239.464,2026-05-02T15:32:00.539,0,0,0,1,260835.519,260841.074,,,,,s,s,1,726.775,262230.732,none,,261435.519,261503.957,262230.732,3000,726.775,262230.732,"[{""stage_name"": ""fixation"", ""planned_duration_ms"": 100, ""intended_onset_ms"": 260835.519, ""actual_onset_global_ms"": 260841.074, ""actual_offset_global_ms"": 260943.523, ""actual_duration_ms"": 102.449}, {""stage_name"": ""cue"", ""planned_duration_ms"": 500, ""intended_onset_ms"": 260935.519, ""actual_onset_global_ms"": 260944.792, ""actual_offset_global_ms"": 261503.773, ""actual_duration_ms"": 558.981}, {""stage_name"": ""stimulus"", ""planned_duration_ms"": 3000, ""intended_onset_ms"": 261435.519, ""actual_onset_global_ms"": 261503.957, ""actual_offset_global_ms"": 262230.732, ""actual_duration_ms"": 726.775}]",,,,,0,0,1,0,1,0.0,none,,,0.0,0.0,none,0.0,0.0,0.0,0.0,,,0.0,none,none,0.0,color,cue_color.wav,颜色,260944.875,500.0,261641.474,blue,boat,blue_boat,switch,shape,color,1285.94,,,,,,,,,,,,,,
12,12_T1_20260502_152737,PCPA,T1,adaptive,hci_substudy_v2,1,telemetry_v4,dccs,2,mixed_formal,formal,1,19,31,formal,color,1777706857,239.464,2026-05-02T15:32:01.942,0,0,0,1,262237.641,262241.802,,,,,s,s,1,3476.567,266387.41,none,,262837.641,262910.843,266387.41,3000,3476.567,266387.41,"[{""stage_name"": ""fixation"", ""planned_duration_ms"": 100, ""intended_onset_ms"": 262237.641, ""actual_onset_global_ms"": 262241.802, ""actual_offset_global_ms"": 262343.815, ""actual_duration_ms"": 102.013}, {""stage_name"": ""cue"", ""planned_duration_ms"": 500, ""intended_onset_ms"": 262337.641, ""actual_onset_global_ms"": 262344.501, ""actual_offset_global_ms"": 262911.23, ""actual_duration_ms"": 566.729}, {""stage_name"": ""stimulus"", ""planned_duration_ms"": 3000, ""intended_onset_ms"": 262837.641, ""actual_onset_global_ms"": 262910.843, ""actual_offset_global_ms"": 266387.41, ""actual_duration_ms"": 3476.567}]",,,,,0,1,0,0,1,0.0,none,,,0.0,0.0,none,0.0,0.0,0.0,0.0,,,0.0,none,none,0.0,color,cue_color.wav,颜色,262344.573,500.0,263041.172,blue,rabbit,blue_rabbit,repeat,color,color,4042.909,,,,,,,,,,,,,,
12,12_T1_20260502_152737,PCPA,T1,adaptive,hci_substudy_v2,1,telemetry_v4,dccs,2,mixed_formal,formal,1,20,32,formal,shape,1777706857,239.464,2026-05-02T15:32:06.098,0,0,0,1,266393.28,266399.277,,,,,j,j,1,922.931,268039.897,none,,266993.28,267116.966,268039.897,3000,922.931,268039.897,"[{""stage_name"": ""fixation"", ""planned_duration_ms"": 100, ""intended_onset_ms"": 266393.28, ""actual_onset_global_ms"": 266399.277, ""actual_offset_global_ms"": 266499.542, ""actual_duration_ms"": 100.265}, {""stage_name"": ""cue"", ""planned_duration_ms"": 500, ""intended_onset_ms"": 266493.28, ""actual_onset_global_ms"": 266500.534, ""actual_offset_global_ms"": 267116.608, ""actual_duration_ms"": 616.074}, {""stage_name"": ""stimulus"", ""planned_duration_ms"": 3000, ""intended_onset_ms"": 266993.28, ""actual_onset_global_ms"": 267116.966, ""actual_offset_global_ms"": 268039.897, ""actual_duration_ms"": 922.931}]",,,,,0,0,1,0,1,0.0,none,,,0.0,0.0,none,0.0,0.0,0.0,0.0,,,0.0,none,none,0.0,shape,cue_shape.wav,形状,266500.621,500.0,267266.879,red,boat,red_boat,switch,color,shape,1539.363,,,,,,,,,,,,,,
12,12_T1_20260502_152737,PCPA,T1,adaptive,hci_substudy_v2,1,telemetry_v4,dccs,2,mixed_formal,formal,1,21,33,formal,shape,1777706857,239.464,2026-05-02T15:32:07.749,0,0,0,1,268045.53,268050.414,,,,,s,j,0,533.676,269289.308,none,,268645.53,268755.632,269289.308,3000,533.676,269289.308,"[{""stage_name"": ""fixation"", ""planned_duration_ms"": 100, ""intended_onset_ms"": 268045.53, ""actual_onset_global_ms"": 268050.414, ""actual_offset_global_ms"": 268150.0, ""actual_duration_ms"": 99.586}, {""stage_name"": ""cue"", ""planned_duration_ms"": 500, ""intended_onset_ms"": 268145.53, ""actual_onset_global_ms"": 268151.007, ""actual_offset_global_ms"": 268755.276, ""actual_duration_ms"": 604.269}, {""stage_name"": ""stimulus"", ""planned_duration_ms"": 3000, ""intended_onset_ms"": 268645.53, ""actual_onset_global_ms"": 268755.632, ""actual_offset_global_ms"": 269289.308, ""actual_duration_ms"": 533.676}]",,,,,0,0,0,0,1,0.0,none,,,0.0,0.0,none,0.0,0.0,0.0,0.0,,,0.0,none,none,0.0,shape,cue_shape.wav,形状,268151.087,500.0,268917.345,blue,rabbit,blue_rabbit,repeat,shape,shape,1138.301,,,,,,,,,,,,,,
12,12_T1_20260502_152737,PCPA,T1,adaptive,hci_substudy_v2,1,telemetry_v4,dccs,2,mixed_formal,formal,1,22,34,formal,shape,1777706857,239.464,2026-05-02T15:32:08.998,0,0,0,1,269294.075,269300.05,,,,,s,s,1,1383.04,271386.736,none,,269894.075,270003.696,271386.736,3000,1383.04,271386.736,"[{""stage_name"": ""fixation"", ""planned_duration_ms"": 100, ""intended_onset_ms"": 269294.075, ""actual_onset_global_ms"": 269300.05, ""actual_offset_global_ms"": 269400.948, ""actual_duration_ms"": 100.898}, {""stage_name"": ""cue"", ""planned_duration_ms"": 500, ""intended_onset_ms"": 269394.075, ""actual_onset_global_ms"": 269401.951, ""actual_offset_global_ms"": 270002.951, ""actual_duration_ms"": 601.0}, {""stage_name"": ""stimulus"", ""planned_duration_ms"": 3000, ""intended_onset_ms"": 269894.075, ""actual_onset_global_ms"": 270003.696, ""actual_offset_global_ms"": 271386.736, ""actual_duration_ms"": 1383.04}]",,,,,0,0,1,0,1,0.0,none,,,0.0,0.0,none,0.0,0.0,0.0,0.0,,,0.0,none,none,0.0,shape,cue_shape.wav,形状,269402.038,500.0,270168.296,red,rabbit,red_rabbit,repeat,shape,shape,1984.785,,,,,,,,,,,,,,
12,12_T1_20260502_152737,PCPA,T1,adaptive,hci_substudy_v2,1,telemetry_v4,dccs,2,mixed_formal,formal,1,23,35,formal,color,1777706857,239.464,2026-05-02T15:32:11.096,0,0,0,1,271391.489,271396.88,,,,,j,j,1,5133.572,277199.24,none,,271991.489,272065.668,277199.24,3000,5133.572,277199.24,"[{""stage_name"": ""fixation"", ""planned_duration_ms"": 100, ""intended_onset_ms"": 271391.489, ""actual_onset_global_ms"": 271396.88, ""actual_offset_global_ms"": 271499.319, ""actual_duration_ms"": 102.439}, {""stage_name"": ""cue"", ""planned_duration_ms"": 500, ""intended_onset_ms"": 271491.489, ""actual_onset_global_ms"": 271500.295, ""actual_offset_global_ms"": 272065.552, ""actual_duration_ms"": 565.257}, {""stage_name"": ""stimulus"", ""planned_duration_ms"": 3000, ""intended_onset_ms"": 271991.489, ""actual_onset_global_ms"": 272065.668, ""actual_offset_global_ms"": 277199.24, ""actual_duration_ms"": 5133.572}]",,,,,0,1,0,0,1,0.0,none,,,0.0,0.0,none,0.0,0.0,0.0,0.0,,,0.0,none,none,0.0,color,cue_color.wav,颜色,271500.47,500.0,272197.069,red,rabbit,red_rabbit,switch,shape,color,5698.945,,,,,,,,,,,,,,
12,12_T1_20260502_152737,PCPA,T1,adaptive,hci_substudy_v2,1,telemetry_v4,dccs,2,mixed_formal,formal,1,24,36,formal,shape,1777706857,239.464,2026-05-02T15:32:16.908,0,0,0,1,277204.199,277209.053,,,,,s,s,1,1390.677,279308.991,none,,277804.199,277918.314,279308.991,3000,1390.677,279308.991,"[{""stage_name"": ""fixation"", ""planned_duration_ms"": 100, ""intended_onset_ms"": 277204.199, ""actual_onset_global_ms"": 277209.053, ""actual_offset_global_ms"": 277312.542, ""actual_duration_ms"": 103.489}, {""stage_name"": ""cue"", ""planned_duration_ms"": 500, ""intended_onset_ms"": 277304.199, ""actual_onset_global_ms"": 277314.205, ""actual_offset_global_ms"": 277918.096, ""actual_duration_ms"": 603.891}, {""stage_name"": ""stimulus"", ""planned_duration_ms"": 3000, ""intended_onset_ms"": 277804.199, ""actual_onset_global_ms"": 277918.314, ""actual_offset_global_ms"": 279308.991, ""actual_duration_ms"": 1390.677}]",,,,,0,0,1,0,1,0.0,none,,,0.0,0.0,none,0.0,0.0,0.0,0.0,,,0.0,none,none,0.0,shape,cue_shape.wav,形状,277314.293,500.0,278080.551,red,rabbit,red_rabbit,switch,color,shape,1994.786,,,,,,,,,,,,,,
12,12_T1_20260502_152737,PCPA,T1,adaptive,hci_substudy_v2,1,telemetry_v4,dccs,2,mixed_formal,formal,1,25,37,formal,color,1777706857,239.464,2026-05-02T15:32:19.020,0,0,0,1,279315.579,279321.262,,,,,j,j,1,965.32,280946.657,none,,279915.579,279981.337,280946.657,3000,965.32,280946.657,"[{""stage_name"": ""fixation"", ""planned_duration_ms"": 100, ""intended_onset_ms"": 279315.579, ""actual_onset_global_ms"": 279321.262, ""actual_offset_global_ms"": 279424.127, ""actual_duration_ms"": 102.865}, {""stage_name"": ""cue"", ""planned_duration_ms"": 500, ""intended_onset_ms"": 279415.579, ""actual_onset_global_ms"": 279424.94, ""actual_offset_global_ms"": 279981.054, ""actual_duration_ms"": 556.114}, {""stage_name"": ""stimulus"", ""planned_duration_ms"": 3000, ""intended_onset_ms"": 279915.579, ""actual_onset_global_ms"": 279981.337, ""actual_offset_global_ms"": 280946.657, ""actual_duration_ms"": 965.32}]",,,,,0,0,1,0,1,0.0,none,,,0.0,0.0,none,0.0,0.0,0.0,0.0,,,0.0,none,none,0.0,color,cue_color.wav,颜色,279425.03,500.0,280121.629,red,boat,red_boat,switch,shape,color,1521.717,,,,,,,,,,,,,,
12,12_T1_20260502_152737,PCPA,T1,adaptive,hci_substudy_v2,1,telemetry_v4,dccs,2,mixed_formal,formal,1,26,38,formal,shape,1777706857,239.464,2026-05-02T15:32:20.655,0,0,0,1,280951.337,280956.117,,,,,s,s,1,1244.909,282908.777,none,,281551.337,281663.868,282908.777,3000,1244.909,282908.777,"[{""stage_name"": ""fixation"", ""planned_duration_ms"": 100, ""intended_onset_ms"": 280951.337, ""actual_onset_global_ms"": 280956.117, ""actual_offset_global_ms"": 281056.621, ""actual_duration_ms"": 100.504}, {""stage_name"": ""cue"", ""planned_duration_ms"": 500, ""intended_onset_ms"": 281051.337, ""actual_onset_global_ms"": 281057.464, ""actual_offset_global_ms"": 281663.455, ""actual_duration_ms"": 605.991}, {""stage_name"": ""stimulus"", ""planned_duration_ms"": 3000, ""intended_onset_ms"": 281551.337, ""actual_onset_global_ms"": 281663.868, ""actual_offset_global_ms"": 282908.777, ""actual_duration_ms"": 1244.909}]",,,,,0,0,1,0,1,0.0,none,,,0.0,0.0,none,0.0,0.0,0.0,0.0,,,0.0,none,none,0.0,shape,cue_shape.wav,形状,281057.544,500.0,281823.802,blue,rabbit,blue_rabbit,switch,color,shape,1851.313,,,,,,,,,,,,,,
12,12_T1_20260502_152737,PCPA,T1,adaptive,hci_substudy_v2,1,telemetry_v4,dccs,2,mixed_formal,formal,1,27,39,formal,shape,1777706857,239.464,2026-05-02T15:32:22.619,0,0,0,1,282915.134,282920.917,,,,,j,j,1,817.052,284448.542,none,,283515.134,283631.49,284448.542,3000,817.052,284448.542,"[{""stage_name"": ""fixation"", ""planned_duration_ms"": 100, ""intended_onset_ms"": 282915.134, ""actual_onset_global_ms"": 282920.917, ""actual_offset_global_ms"": 283022.223, ""actual_duration_ms"": 101.306}, {""stage_name"": ""cue"", ""planned_duration_ms"": 500, ""intended_onset_ms"": 283015.134, ""actual_onset_global_ms"": 283023.523, ""actual_offset_global_ms"": 283631.069, ""actual_duration_ms"": 607.546}, {""stage_name"": ""stimulus"", ""planned_duration_ms"": 3000, ""intended_onset_ms"": 283515.134, ""actual_onset_global_ms"": 283631.49, ""actual_offset_global_ms"": 284448.542, ""actual_duration_ms"": 817.052}]",,,,,0,0,1,0,1,0.0,none,,,0.0,0.0,none,0.0,0.0,0.0,0.0,,,0.0,none,none,0.0,shape,cue_shape.wav,形状,283023.617,500.0,283789.875,red,boat,red_boat,repeat,shape,shape,1425.019,,,,,,,,,,,,,,
12,12_T1_20260502_152737,PCPA,T1,adaptive,hci_substudy_v2,1,telemetry_v4,dccs,2,mixed_formal,formal,1,28,40,formal,shape,1777706857,239.464,2026-05-02T15:32:24.160,0,0,0,1,284455.595,284460.547,,,,,j,j,1,1160.058,286322.941,none,,285055.595,285162.883,286322.941,3000,1160.058,286322.941,"[{""stage_name"": ""fixation"", ""planned_duration_ms"": 100, ""intended_onset_ms"": 284455.595, ""actual_onset_global_ms"": 284460.547, ""actual_offset_global_ms"": 284561.591, ""actual_duration_ms"": 101.044}, {""stage_name"": ""cue"", ""planned_duration_ms"": 500, ""intended_onset_ms"": 284555.595, ""actual_onset_global_ms"": 284562.616, ""actual_offset_global_ms"": 285162.153, ""actual_duration_ms"": 599.537}, {""stage_name"": ""stimulus"", ""planned_duration_ms"": 3000, ""intended_onset_ms"": 285055.595, ""actual_onset_global_ms"": 285162.883, ""actual_offset_global_ms"": 286322.941, ""actual_duration_ms"": 1160.058}]",,,,,0,0,1,0,1,0.0,none,,,0.0,0.0,none,0.0,0.0,0.0,0.0,,,0.0,none,none,0.0,shape,cue_shape.wav,形状,284562.696,500.0,285328.954,blue,boat,blue_boat,repeat,shape,shape,1760.325,,,,,,,,,,,,,,
12,12_T1_20260502_152737,PCPA,T1,adaptive,hci_substudy_v2,1,telemetry_v4,dccs,2,mixed_formal,formal,1,29,41,formal,color,1777706857,239.464,2026-05-02T15:32:26.034,0,0,0,1,286329.886,286335.495,,,,,s,s,1,1526.412,288514.668,none,,286929.886,286988.256,288514.668,3000,1526.412,288514.668,"[{""stage_name"": ""fixation"", ""planned_duration_ms"": 100, ""intended_onset_ms"": 286329.886, ""actual_onset_global_ms"": 286335.495, ""actual_offset_global_ms"": 286436.844, ""actual_duration_ms"": 101.349}, {""stage_name"": ""cue"", ""planned_duration_ms"": 500, ""intended_onset_ms"": 286429.886, ""actual_onset_global_ms"": 286437.324, ""actual_offset_global_ms"": 286988.423, ""actual_duration_ms"": 551.099}, {""stage_name"": ""stimulus"", ""planned_duration_ms"": 3000, ""intended_onset_ms"": 286929.886, ""actual_onset_global_ms"": 286988.256, ""actual_offset_global_ms"": 288514.668, ""actual_duration_ms"": 1526.412}]",,,,,0,0,1,0,1,0.0,none,,,0.0,0.0,none,0.0,0.0,0.0,0.0,,,0.0,none,none,0.0,color,cue_color.wav,颜色,286437.415,500.0,287134.014,blue,rabbit,blue_rabbit,switch,shape,color,2077.344,,,,,,,,,,,,,,
12,12_T1_20260502_152737,PCPA,T1,adaptive,hci_substudy_v2,1,telemetry_v4,dccs,2,mixed_formal,formal,1,30,42,formal,color,1777706857,239.464,2026-05-02T15:32:28.223,0,0,0,1,288519.038,288524.631,,,,,s,s,1,921.571,290099.944,none,,289119.038,289178.373,290099.944,3000,921.571,290099.944,"[{""stage_name"": ""fixation"", ""planned_duration_ms"": 100, ""intended_onset_ms"": 288519.038, ""actual_onset_global_ms"": 288524.631, ""actual_offset_global_ms"": 288627.13, ""actual_duration_ms"": 102.499}, {""stage_name"": ""cue"", ""planned_duration_ms"": 500, ""intended_onset_ms"": 288619.038, ""actual_onset_global_ms"": 288627.691, ""actual_offset_global_ms"": 289178.652, ""actual_duration_ms"": 550.961}, {""stage_name"": ""stimulus"", ""planned_duration_ms"": 3000, ""intended_onset_ms"": 289119.038, ""actual_onset_global_ms"": 289178.373, ""actual_offset_global_ms"": 290099.944, ""actual_duration_ms"": 921.571}]",,,,,0,0,1,0,1,0.0,none,,,0.0,0.0,none,0.0,0.0,0.0,0.0,,,0.0,none,none,0.0,color,cue_color.wav,颜色,288627.773,500.0,289324.372,blue,boat,blue_boat,repeat,color,color,1472.253,,,,,,,,,,,,,,
12,12_T1_20260502_152737,PCPA,T1,adaptive,hci_substudy_v2,1,telemetry_v4,change_detection,4,formal_cd,formal,1,1,9,formal,N2_change,1777706857,239.464,2026-05-02T15:41:10.115,0,0,0,1,810411.295,810419.467,,,,,j,,1,5610.92,,,,814011.295,814055.492,819684.083,4000,5628.591,819684.083,"[{""stage_name"": ""fixation"", ""planned_duration_ms"": 100, ""intended_onset_ms"": 810411.295, ""actual_onset_global_ms"": 810419.467, ""actual_offset_global_ms"": 810518.307, ""actual_duration_ms"": 98.84}, {""stage_name"": ""memory_array"", ""planned_duration_ms"": 2500, ""intended_onset_ms"": 810511.295, ""actual_onset_global_ms"": 810540.516, ""actual_offset_global_ms"": 813035.984, ""actual_duration_ms"": 2495.468}, {""stage_name"": ""delay"", ""planned_duration_ms"": 1000, ""intended_onset_ms"": 813035.984, ""actual_onset_global_ms"": 813037.795, ""actual_offset_global_ms"": 814036.356, ""actual_duration_ms"": 998.561}, {""stage_name"": ""test_array"", ""planned_duration_ms"": 4000, ""intended_onset_ms"": 814036.356, ""actual_onset_global_ms"": 814055.492, ""actual_offset_global_ms"": 819684.083, ""actual_duration_ms"": 5628.591}]",,,,,0,1,0,0,1,,,,,,,,,,,,,,,,,,,,,,,,,,,,,,,2.0,change,1.0,"[145.09, 186.04]","[[213.24, 97.91], [145.09, 186.04]]","[""green"", ""blue""]","[""green"", ""yellow""]",blue,yellow,j,change,1.0,2.0,1.0
12,12_T1_20260502_152737,PCPA,T1,adaptive,hci_substudy_v2,1,telemetry_v4,change_detection,4,formal_cd,formal,1,2,10,formal,N3_change,1777706857,239.464,2026-05-02T15:41:19.391,0,0,0,1,819686.212,819692.129,,,,,j,,1,7103.423,,,,823286.212,823325.664,830453.475,4000,7127.811,830453.475,"[{""stage_name"": ""fixation"", ""planned_duration_ms"": 100, ""intended_onset_ms"": 819686.212, ""actual_onset_global_ms"": 819692.129, ""actual_offset_global_ms"": 819791.616, ""actual_duration_ms"": 99.487}, {""stage_name"": ""memory_array"", ""planned_duration_ms"": 2500, ""intended_onset_ms"": 819786.212, ""actual_onset_global_ms"": 819820.974, ""actual_offset_global_ms"": 822296.212, ""actual_duration_ms"": 2475.238}, {""stage_name"": ""delay"", ""planned_duration_ms"": 1000, ""intended_onset_ms"": 822296.212, ""actual_onset_global_ms"": 822297.456, ""actual_offset_global_ms"": 823298.689, ""actual_duration_ms"": 1001.233}, {""stage_name"": ""test_array"", ""planned_duration_ms"": 4000, ""intended_onset_ms"": 823298.689, ""actual_onset_global_ms"": 823325.664, ""actual_offset_global_ms"": 830453.475, ""actual_duration_ms"": 7127.811}]",,,,,0,1,0,0,1,,,,,,,,,,,,,,,,,,,,,,,,,,,,,,,3.0,change,2.0,"[-221.1, -29.07]","[[-130.56, 194.83], [154.35, -238.23], [-221.1, -29.07]]","[""yellow"", ""red"", ""green""]","[""yellow"", ""red"", ""blue""]",green,blue,j,change,1.0,3.0,1.0
12,12_T1_20260502_152737,PCPA,T1,adaptive,hci_substudy_v2,1,telemetry_v4,change_detection,4,formal_cd,formal,1,3,11,formal,N4_change,1777706857,239.464,2026-05-02T15:41:30.159,0,0,0,1,830455.641,830464.418,,,,,j,,1,9339.869,,,,834055.641,834117.781,843509.925,4000,9392.144,843509.925,"[{""stage_name"": ""fixation"", ""planned_duration_ms"": 100, ""intended_onset_ms"": 830455.641, ""actual_onset_global_ms"": 830464.418, ""actual_offset_global_ms"": 830562.322, ""actual_duration_ms"": 97.904}, {""stage_name"": ""memory_array"", ""planned_duration_ms"": 2500, ""intended_onset_ms"": 830555.641, ""actual_onset_global_ms"": 830598.941, ""actual_offset_global_ms"": 833077.018, ""actual_duration_ms"": 2478.077}, {""stage_name"": ""delay"", ""planned_duration_ms"": 1000, ""intended_onset_ms"": 833077.018, ""actual_onset_global_ms"": 833080.931, ""actual_offset_global_ms"": 834081.958, ""actual_duration_ms"": 1001.027}, {""stage_name"": ""test_array"", ""planned_duration_ms"": 4000, ""intended_onset_ms"": 834081.958, ""actual_onset_global_ms"": 834117.781, ""actual_offset_global_ms"": 843509.925, ""actual_duration_ms"": 9392.144}]",,,,,0,1,0,0,1,,,,,,,,,,,,,,,,,,,,,,,,,,,,,,,4.0,change,3.0,"[54.09, 197.59]","[[-11.21, -169.65], [-103.35, 45.16], [-227.18, -45.96], [54.09, 197.59]]","[""green"", ""purple"", ""blue"", ""yellow""]","[""green"", ""purple"", ""blue"", ""red""]",yellow,red,j,change,1.0,5.0,1.0
12,12_T1_20260502_152737,PCPA,T1,adaptive,hci_substudy_v2,1,telemetry_v4,change_detection,4,formal_cd,formal,1,4,12,formal,N1_same,1777706857,239.464,2026-05-02T15:41:43.217,0,0,0,1,843512.026,843523.222,,,,,s,,1,2274.437,,,,847112.026,847141.688,849419.046,4000,2277.358,849419.046,"[{""stage_name"": ""fixation"", ""planned_duration_ms"": 100, ""intended_onset_ms"": 843512.026, ""actual_onset_global_ms"": 843523.222, ""actual_offset_global_ms"": 843617.56, ""actual_duration_ms"": 94.338}, {""stage_name"": ""memory_array"", ""planned_duration_ms"": 2500, ""intended_onset_ms"": 843612.026, ""actual_onset_global_ms"": 843630.685, ""actual_offset_global_ms"": 846128.113, ""actual_duration_ms"": 2497.428}, {""stage_name"": ""delay"", ""planned_duration_ms"": 1000, ""intended_onset_ms"": 846128.113, ""actual_onset_global_ms"": 846126.737, ""actual_offset_global_ms"": 847131.861, ""actual_duration_ms"": 1005.124}, {""stage_name"": ""test_array"", ""planned_duration_ms"": 4000, ""intended_onset_ms"": 847131.861, ""actual_onset_global_ms"": 847141.688, ""actual_offset_global_ms"": 849419.046, ""actual_duration_ms"": 2277.358}]",,,,,0,0,1,0,1,,,,,,,,,,,,,,,,,,,,,,,,,,,,,,,1.0,same,0.0,"[122.21, -29.94]","[[122.21, -29.94]]","[""purple""]","[""purple""]",purple,purple,s,same,1.0,1.0,1.0
12,12_T1_20260502_152737,PCPA,T1,adaptive,hci_substudy_v2,1,telemetry_v4,change_detection,4,formal_cd,formal,1,5,13,formal,N1_change,1777706857,239.464,2026-05-02T15:41:49.125,0,0,0,1,849421.14,849426.326,,,,,j,,1,2580.565,,,,853021.14,853041.422,855628.211,4000,2586.789,855628.211,"[{""stage_name"": ""fixation"", ""planned_duration_ms"": 100, ""intended_onset_ms"": 849421.14, ""actual_onset_global_ms"": 849426.326, ""actual_offset_global_ms"": 849525.625, ""actual_duration_ms"": 99.299}, {""stage_name"": ""memory_array"", ""planned_duration_ms"": 2500, ""intended_onset_ms"": 849521.14, ""actual_onset_global_ms"": 849534.39, ""actual_offset_global_ms"": 852031.888, ""actual_duration_ms"": 2497.498}, {""stage_name"": ""delay"", ""planned_duration_ms"": 1000, ""intended_onset_ms"": 852031.888, ""actual_onset_global_ms"": 852030.667, ""actual_offset_global_ms"": 853031.922, ""actual_duration_ms"": 1001.255}, {""stage_name"": ""test_array"", ""planned_duration_ms"": 4000, ""intended_onset_ms"": 853031.922, ""actual_onset_global_ms"": 853041.422, ""actual_offset_global_ms"": 855628.211, ""actual_duration_ms"": 2586.789}]",,,,,0,0,1,0,1,,,,,,,,,,,,,,,,,,,,,,,,,,,,,,,1.0,change,0.0,"[61.13, -77.15]","[[61.13, -77.15]]","[""blue""]","[""yellow""]",blue,yellow,j,change,1.0,1.0,1.0
12,12_T1_20260502_152737,PCPA,T1,adaptive,hci_substudy_v2,1,telemetry_v4,change_detection,4,formal_cd,formal,1,6,14,formal,N4_same,1777706857,239.464,2026-05-02T15:41:55.334,0,0,0,1,855630.445,855634.317,,,,,s,,1,2498.075,,,,859230.445,859298.104,861806.551,4000,2508.447,861806.551,"[{""stage_name"": ""fixation"", ""planned_duration_ms"": 100, ""intended_onset_ms"": 855630.445, ""actual_onset_global_ms"": 855634.317, ""actual_offset_global_ms"": 855735.755, ""actual_duration_ms"": 101.438}, {""stage_name"": ""memory_array"", ""planned_duration_ms"": 2500, ""intended_onset_ms"": 855730.445, ""actual_onset_global_ms"": 855771.991, ""actual_offset_global_ms"": 858257.473, ""actual_duration_ms"": 2485.482}, {""stage_name"": ""delay"", ""planned_duration_ms"": 1000, ""intended_onset_ms"": 858257.473, ""actual_onset_global_ms"": 858258.514, ""actual_offset_global_ms"": 859261.15, ""actual_duration_ms"": 1002.636}, {""stage_name"": ""test_array"", ""planned_duration_ms"": 4000, ""intended_onset_ms"": 859261.15, ""actual_onset_global_ms"": 859298.104, ""actual_offset_global_ms"": 861806.551, ""actual_duration_ms"": 2508.447}]",,,,,0,0,1,0,1,,,,,,,,,,,,,,,,,,,,,,,,,,,,,,,4.0,same,3.0,"[133.75, -65.25]","[[-193.72, -27.1], [-169.06, 208.82], [208.06, 234.78], [133.75, -65.25]]","[""red"", ""purple"", ""green"", ""blue""]","[""red"", ""purple"", ""green"", ""blue""]",blue,blue,s,same,1.0,5.0,1.0
12,12_T1_20260502_152737,PCPA,T1,adaptive,hci_substudy_v2,1,telemetry_v4,change_detection,4,formal_cd,formal,1,7,15,formal,N3_change,1777706857,239.464,2026-05-02T15:42:01.513,0,0,0,1,861809.188,861814.624,,,,,j,,1,4184.549,,,,865409.188,865449.782,869644.567,4000,4194.785,869644.567,"[{""stage_name"": ""fixation"", ""planned_duration_ms"": 100, ""intended_onset_ms"": 861809.188, ""actual_onset_global_ms"": 861814.624, ""actual_offset_global_ms"": 861915.697, ""actual_duration_ms"": 101.073}, {""stage_name"": ""memory_array"", ""planned_duration_ms"": 2500, ""intended_onset_ms"": 861909.188, ""actual_onset_global_ms"": 861945.029, ""actual_offset_global_ms"": 864420.333, ""actual_duration_ms"": 2475.304}, {""stage_name"": ""delay"", ""planned_duration_ms"": 1000, ""intended_onset_ms"": 864420.333, ""actual_onset_global_ms"": 864421.106, ""actual_offset_global_ms"": 865423.567, ""actual_duration_ms"": 1002.461}, {""stage_name"": ""test_array"", ""planned_duration_ms"": 4000, ""intended_onset_ms"": 865423.567, ""actual_onset_global_ms"": 865449.782, ""actual_offset_global_ms"": 869644.567, ""actual_duration_ms"": 4194.785}]",,,,,0,1,0,0,1,,,,,,,,,,,,,,,,,,,,,,,,,,,,,,,3.0,change,1.0,"[127.73, -121.58]","[[-87.76, 32.41], [127.73, -121.58], [-172.46, 175.79]]","[""yellow"", ""red"", ""green""]","[""yellow"", ""blue"", ""green""]",red,blue,j,change,1.0,4.0,1.0
12,12_T1_20260502_152737,PCPA,T1,adaptive,hci_substudy_v2,1,telemetry_v4,change_detection,4,formal_cd,formal,1,8,16,formal,N3_change,1777706857,239.464,2026-05-02T15:42:09.351,0,0,0,1,869646.783,869652.956,,,,,j,,1,2418.602,,,,873246.783,873305.256,875750.359,4000,2445.103,875750.359,"[{""stage_name"": ""fixation"", ""planned_duration_ms"": 100, ""intended_onset_ms"": 869646.783, ""actual_onset_global_ms"": 869652.956, ""actual_offset_global_ms"": 869752.302, ""actual_duration_ms"": 99.346}, {""stage_name"": ""memory_array"", ""planned_duration_ms"": 2500, ""intended_onset_ms"": 869746.783, ""actual_onset_global_ms"": 869780.894, ""actual_offset_global_ms"": 872276.284, ""actual_duration_ms"": 2495.39}, {""stage_name"": ""delay"", ""planned_duration_ms"": 1000, ""intended_onset_ms"": 872276.284, ""actual_onset_global_ms"": 872278.71, ""actual_offset_global_ms"": 873277.949, ""actual_duration_ms"": 999.239}, {""stage_name"": ""test_array"", ""planned_duration_ms"": 4000, ""intended_onset_ms"": 873277.949, ""actual_onset_global_ms"": 873305.256, ""actual_offset_global_ms"": 875750.359, ""actual_duration_ms"": 2445.103}]",,,,,0,0,1,0,1,,,,,,,,,,,,,,,,,,,,,,,,,,,,,,,3.0,change,2.0,"[14.59, -240.75]","[[-74.42, -116.94], [-163.63, 216.34], [14.59, -240.75]]","[""green"", ""blue"", ""yellow""]","[""green"", ""blue"", ""purple""]",yellow,purple,j,change,1.0,3.0,1.0
12,12_T1_20260502_152737,PCPA,T1,adaptive,hci_substudy_v2,1,telemetry_v4,change_detection,4,formal_cd,formal,1,9,17,formal,N3_same,1777706857,239.464,2026-05-02T15:42:15.457,0,0,0,1,875752.756,875762.742,,,,,s,,1,1804.819,,,,879352.756,879419.123,881251.47,4000,1832.347,881251.47,"[{""stage_name"": ""fixation"", ""planned_duration_ms"": 100, ""intended_onset_ms"": 875752.756, ""actual_onset_global_ms"": 875762.742, ""actual_offset_global_ms"": 875863.336, ""actual_duration_ms"": 100.594}, {""stage_name"": ""memory_array"", ""planned_duration_ms"": 2500, ""intended_onset_ms"": 875852.756, ""actual_onset_global_ms"": 875892.029, ""actual_offset_global_ms"": 878385.429, ""actual_duration_ms"": 2493.4}, {""stage_name"": ""delay"", ""planned_duration_ms"": 1000, ""intended_onset_ms"": 878385.429, ""actual_onset_global_ms"": 878386.351, ""actual_offset_global_ms"": 879390.39, ""actual_duration_ms"": 1004.039}, {""stage_name"": ""test_array"", ""planned_duration_ms"": 4000, ""intended_onset_ms"": 879390.39, ""actual_onset_global_ms"": 879419.123, ""actual_offset_global_ms"": 881251.47, ""actual_duration_ms"": 1832.347}]",,,,,0,0,1,0,1,,,,,,,,,,,,,,,,,,,,,,,,,,,,,,,3.0,same,0.0,"[254.86, 145.45]","[[254.86, 145.45], [197.55, -25.05], [-247.02, -33.35]]","[""blue"", ""green"", ""yellow""]","[""blue"", ""green"", ""yellow""]",blue,blue,s,same,1.0,5.0,1.0
12,12_T1_20260502_152737,PCPA,T1,adaptive,hci_substudy_v2,1,telemetry_v4,change_detection,4,formal_cd,formal,1,10,18,formal,N2_same,1777706857,239.464,2026-05-02T15:42:20.957,0,0,0,1,881253.774,881259.378,,,,,s,,1,1335.306,,,,884853.774,884892.676,886249.131,4000,1356.455,886249.131,"[{""stage_name"": ""fixation"", ""planned_duration_ms"": 100, ""intended_onset_ms"": 881253.774, ""actual_onset_global_ms"": 881259.378, ""actual_offset_global_ms"": 881363.247, ""actual_duration_ms"": 103.869}, {""stage_name"": ""memory_array"", ""planned_duration_ms"": 2500, ""intended_onset_ms"": 881353.774, ""actual_onset_global_ms"": 881381.74, ""actual_offset_global_ms"": 883869.514, ""actual_duration_ms"": 2487.774}, {""stage_name"": ""delay"", ""planned_duration_ms"": 1000, ""intended_onset_ms"": 883869.514, ""actual_onset_global_ms"": 883869.476, ""actual_offset_global_ms"": 884873.701, ""actual_duration_ms"": 1004.225}, {""stage_name"": ""test_array"", ""planned_duration_ms"": 4000, ""intended_onset_ms"": 884873.701, ""actual_onset_global_ms"": 884892.676, ""actual_offset_global_ms"": 886249.131, ""actual_duration_ms"": 1356.455}]",,,,,0,0,1,0,1,,,,,,,,,,,,,,,,,,,,,,,,,,,,,,,2.0,same,0.0,"[-65.36, 217.51]","[[-65.36, 217.51], [93.36, -149.69]]","[""green"", ""yellow""]","[""green"", ""yellow""]",green,green,s,same,1.0,2.0,1.0
12,12_T1_20260502_152737,PCPA,T1,adaptive,hci_substudy_v2,1,telemetry_v4,change_detection,4,formal_cd,formal,1,11,19,formal,N4_change,1777706857,239.464,2026-05-02T15:42:25.956,0,0,0,1,886251.537,886256.921,,,,,j,,1,3412.317,,,,889851.537,889934.206,893381.163,4000,3446.957,893381.163,"[{""stage_name"": ""fixation"", ""planned_duration_ms"": 100, ""intended_onset_ms"": 886251.537, ""actual_onset_global_ms"": 886256.921, ""actual_offset_global_ms"": 886357.199, ""actual_duration_ms"": 100.278}, {""stage_name"": ""memory_array"", ""planned_duration_ms"": 2500, ""intended_onset_ms"": 886351.537, ""actual_onset_global_ms"": 886393.86, ""actual_offset_global_ms"": 888897.448, ""actual_duration_ms"": 2503.588}, {""stage_name"": ""delay"", ""planned_duration_ms"": 1000, ""intended_onset_ms"": 888897.448, ""actual_onset_global_ms"": 888900.883, ""actual_offset_global_ms"": 889898.627, ""actual_duration_ms"": 997.744}, {""stage_name"": ""test_array"", ""planned_duration_ms"": 4000, ""intended_onset_ms"": 889898.627, ""actual_onset_global_ms"": 889934.206, ""actual_offset_global_ms"": 893381.163, ""actual_duration_ms"": 3446.957}]",,,,,0,1,0,0,1,,,,,,,,,,,,,,,,,,,,,,,,,,,,,,,4.0,change,3.0,"[40.08, -227.43]","[[-248.31, -5.29], [-50.31, -177.01], [104.57, 82.78], [40.08, -227.43]]","[""purple"", ""green"", ""blue"", ""yellow""]","[""purple"", ""green"", ""blue"", ""red""]",yellow,red,j,change,1.0,4.0,1.0
12,12_T1_20260502_152737,PCPA,T1,adaptive,hci_substudy_v2,1,telemetry_v4,change_detection,4,formal_cd,formal,1,12,20,formal,N2_same,1777706857,239.464,2026-05-02T15:42:33.089,0,0,0,1,893383.891,893389.426,,,,,s,,1,1246.631,,,,896983.891,897030.334,898297.015,4000,1266.681,898297.015,"[{""stage_name"": ""fixation"", ""planned_duration_ms"": 100, ""intended_onset_ms"": 893383.891, ""actual_onset_global_ms"": 893389.426, ""actual_offset_global_ms"": 893490.659, ""actual_duration_ms"": 101.233}, {""stage_name"": ""memory_array"", ""planned_duration_ms"": 2500, ""intended_onset_ms"": 893483.891, ""actual_onset_global_ms"": 893508.2, ""actual_offset_global_ms"": 896011.224, ""actual_duration_ms"": 2503.024}, {""stage_name"": ""delay"", ""planned_duration_ms"": 1000, ""intended_onset_ms"": 896011.224, ""actual_onset_global_ms"": 896010.098, ""actual_offset_global_ms"": 897011.328, ""actual_duration_ms"": 1001.23}, {""stage_name"": ""test_array"", ""planned_duration_ms"": 4000, ""intended_onset_ms"": 897011.328, ""actual_onset_global_ms"": 897030.334, ""actual_offset_global_ms"": 898297.015, ""actual_duration_ms"": 1266.681}]",,,,,0,0,1,0,1,,,,,,,,,,,,,,,,,,,,,,,,,,,,,,,2.0,same,0.0,"[-161.53, 191.49]","[[-161.53, 191.49], [-64.85, 69.85]]","[""red"", ""green""]","[""red"", ""green""]",red,red,s,same,1.0,3.0,1.0
12,12_T1_20260502_152737,PCPA,T1,adaptive,hci_substudy_v2,1,telemetry_v4,change_detection,4,formal_cd,formal,1,13,21,formal,N3_same,1777706857,239.464,2026-05-02T15:42:38.004,0,0,0,1,898299.429,898305.65,,,,,s,,1,1378.172,,,,901899.429,901956.416,903358.294,4000,1401.878,903358.294,"[{""stage_name"": ""fixation"", ""planned_duration_ms"": 100, ""intended_onset_ms"": 898299.429, ""actual_onset_global_ms"": 898305.65, ""actual_offset_global_ms"": 898407.079, ""actual_duration_ms"": 101.429}, {""stage_name"": ""memory_array"", ""planned_duration_ms"": 2500, ""intended_onset_ms"": 898399.429, ""actual_onset_global_ms"": 898433.208, ""actual_offset_global_ms"": 900927.744, ""actual_duration_ms"": 2494.536}, {""stage_name"": ""delay"", ""planned_duration_ms"": 1000, ""intended_onset_ms"": 900927.744, ""actual_onset_global_ms"": 900926.458, ""actual_offset_global_ms"": 901928.306, ""actual_duration_ms"": 1001.848}, {""stage_name"": ""test_array"", ""planned_duration_ms"": 4000, ""intended_onset_ms"": 901928.306, ""actual_onset_global_ms"": 901956.416, ""actual_offset_global_ms"": 903358.294, ""actual_duration_ms"": 1401.878}]",,,,,0,0,1,0,1,,,,,,,,,,,,,,,,,,,,,,,,,,,,,,,3.0,same,0.0,"[249.59, 166.76]","[[249.59, 166.76], [186.53, -64.45], [-37.02, -106.21]]","[""red"", ""purple"", ""blue""]","[""red"", ""purple"", ""blue""]",red,red,s,same,1.0,4.0,1.0
12,12_T1_20260502_152737,PCPA,T1,adaptive,hci_substudy_v2,1,telemetry_v4,change_detection,4,formal_cd,formal,1,14,22,formal,N1_same,1777706857,239.464,2026-05-02T15:42:43.065,0,0,0,1,903361.405,903368.148,,,,,s,,1,1703.819,,,,906961.405,906983.319,908699.175,4000,1715.856,908699.175,"[{""stage_name"": ""fixation"", ""planned_duration_ms"": 100, ""intended_onset_ms"": 903361.405, ""actual_onset_global_ms"": 903368.148, ""actual_offset_global_ms"": 903465.734, ""actual_duration_ms"": 97.586}, {""stage_name"": ""memory_array"", ""planned_duration_ms"": 2500, ""intended_onset_ms"": 903461.405, ""actual_onset_global_ms"": 903474.868, ""actual_offset_global_ms"": 905971.237, ""actual_duration_ms"": 2496.369}, {""stage_name"": ""delay"", ""planned_duration_ms"": 1000, ""intended_onset_ms"": 905971.237, ""actual_onset_global_ms"": 905969.967, ""actual_offset_global_ms"": 906973.886, ""actual_duration_ms"": 1003.919}, {""stage_name"": ""test_array"", ""planned_duration_ms"": 4000, ""intended_onset_ms"": 906973.886, ""actual_onset_global_ms"": 906983.319, ""actual_offset_global_ms"": 908699.175, ""actual_duration_ms"": 1715.856}]",,,,,0,0,1,0,1,,,,,,,,,,,,,,,,,,,,,,,,,,,,,,,1.0,same,0.0,"[-82.95, 166.44]","[[-82.95, 166.44]]","[""green""]","[""green""]",green,green,s,same,1.0,1.0,1.0
12,12_T1_20260502_152737,PCPA,T1,adaptive,hci_substudy_v2,1,telemetry_v4,change_detection,4,formal_cd,formal,1,15,23,formal,N2_change,1777706857,239.464,2026-05-02T15:42:48.406,0,0,0,1,908701.679,908705.692,,,,,j,,1,2572.992,,,,912301.679,912346.244,914924.095,4000,2577.851,914924.095,"[{""stage_name"": ""fixation"", ""planned_duration_ms"": 100, ""intended_onset_ms"": 908701.679, ""actual_onset_global_ms"": 908705.692, ""actual_offset_global_ms"": 908808.477, ""actual_duration_ms"": 102.785}, {""stage_name"": ""memory_array"", ""planned_duration_ms"": 2500, ""intended_onset_ms"": 908801.679, ""actual_onset_global_ms"": 908826.026, ""actual_offset_global_ms"": 911325.711, ""actual_duration_ms"": 2499.685}, {""stage_name"": ""delay"", ""planned_duration_ms"": 1000, ""intended_onset_ms"": 911325.711, ""actual_onset_global_ms"": 911324.313, ""actual_offset_global_ms"": 912328.13, ""actual_duration_ms"": 1003.817}, {""stage_name"": ""test_array"", ""planned_duration_ms"": 4000, ""intended_onset_ms"": 912328.13, ""actual_onset_global_ms"": 912346.244, ""actual_offset_global_ms"": 914924.095, ""actual_duration_ms"": 2577.851}]",,,,,0,0,1,0,1,,,,,,,,,,,,,,,,,,,,,,,,,,,,,,,2.0,change,1.0,"[-132.92, 176.16]","[[31.16, 151.41], [-132.92, 176.16]]","[""blue"", ""yellow""]","[""blue"", ""purple""]",yellow,purple,j,change,1.0,2.0,1.0
12,12_T1_20260502_152737,PCPA,T1,adaptive,hci_substudy_v2,1,telemetry_v4,change_detection,4,formal_cd,formal,1,16,24,formal,N1_change,1777706857,239.464,2026-05-02T15:42:54.631,0,0,0,1,914926.417,914931.314,,,,,j,,1,3004.221,,,,918526.417,918550.589,921564.871,4000,3014.282,921564.871,"[{""stage_name"": ""fixation"", ""planned_duration_ms"": 100, ""intended_onset_ms"": 914926.417, ""actual_onset_global_ms"": 914931.314, ""actual_offset_global_ms"": 915033.54, ""actual_duration_ms"": 102.226}, {""stage_name"": ""memory_array"", ""planned_duration_ms"": 2500, ""intended_onset_ms"": 915026.417, ""actual_onset_global_ms"": 915042.553, ""actual_offset_global_ms"": 917538.179, ""actual_duration_ms"": 2495.626}, {""stage_name"": ""delay"", ""planned_duration_ms"": 1000, ""intended_onset_ms"": 917538.179, ""actual_onset_global_ms"": 917536.756, ""actual_offset_global_ms"": 918540.493, ""actual_duration_ms"": 1003.737}, {""stage_name"": ""test_array"", ""planned_duration_ms"": 4000, ""intended_onset_ms"": 918540.493, ""actual_onset_global_ms"": 918550.589, ""actual_offset_global_ms"": 921564.871, ""actual_duration_ms"": 3014.282}]",,,,,0,1,0,0,1,,,,,,,,,,,,,,,,,,,,,,,,,,,,,,,1.0,change,0.0,"[154.75, -1.23]","[[154.75, -1.23]]","[""purple""]","[""green""]",purple,green,j,change,1.0,1.0,1.0
12,12_T1_20260502_152737,PCPA,T1,adaptive,hci_substudy_v2,1,telemetry_v4,change_detection,4,formal_cd,formal,1,17,25,formal,N2_change,1777706857,239.464,2026-05-02T15:43:01.271,0,0,0,1,921567.31,921571.503,,,,,j,,1,2945.454,,,,925167.31,925205.335,928157.824,4000,2952.489,928157.824,"[{""stage_name"": ""fixation"", ""planned_duration_ms"": 100, ""intended_onset_ms"": 921567.31, ""actual_onset_global_ms"": 921571.503, ""actual_offset_global_ms"": 921671.507, ""actual_duration_ms"": 100.004}, {""stage_name"": ""memory_array"", ""planned_duration_ms"": 2500, ""intended_onset_ms"": 921667.31, ""actual_onset_global_ms"": 921689.229, ""actual_offset_global_ms"": 924185.769, ""actual_duration_ms"": 2496.54}, {""stage_name"": ""delay"", ""planned_duration_ms"": 1000, ""intended_onset_ms"": 924185.769, ""actual_onset_global_ms"": 924184.86, ""actual_offset_global_ms"": 925186.625, ""actual_duration_ms"": 1001.765}, {""stage_name"": ""test_array"", ""planned_duration_ms"": 4000, ""intended_onset_ms"": 925186.625, ""actual_onset_global_ms"": 925205.335, ""actual_offset_global_ms"": 928157.824, ""actual_duration_ms"": 2952.489}]",,,,,0,0,1,0,1,,,,,,,,,,,,,,,,,,,,,,,,,,,,,,,2.0,change,0.0,"[-29.46, 125.29]","[[-29.46, 125.29], [175.36, 1.3]]","[""blue"", ""green""]","[""purple"", ""green""]",blue,purple,j,change,1.0,3.0,1.0
12,12_T1_20260502_152737,PCPA,T1,adaptive,hci_substudy_v2,1,telemetry_v4,change_detection,4,formal_cd,formal,1,18,26,formal,N3_same,1777706857,239.464,2026-05-02T15:43:07.865,0,0,0,1,928160.983,928165.907,,,,,s,,1,2991.874,,,,931760.983,931826.695,934826.182,4000,2999.487,934826.182,"[{""stage_name"": ""fixation"", ""planned_duration_ms"": 100, ""intended_onset_ms"": 928160.983, ""actual_onset_global_ms"": 928165.907, ""actual_offset_global_ms"": 928268.608, ""actual_duration_ms"": 102.701}, {""stage_name"": ""memory_array"", ""planned_duration_ms"": 2500, ""intended_onset_ms"": 928260.983, ""actual_onset_global_ms"": 928296.196, ""actual_offset_global_ms"": 930796.081, ""actual_duration_ms"": 2499.885}, {""stage_name"": ""delay"", ""planned_duration_ms"": 1000, ""intended_onset_ms"": 930796.081, ""actual_onset_global_ms"": 930799.258, ""actual_offset_global_ms"": 931799.244, ""actual_duration_ms"": 999.986}, {""stage_name"": ""test_array"", ""planned_duration_ms"": 4000, ""intended_onset_ms"": 931799.244, ""actual_onset_global_ms"": 931826.695, ""actual_offset_global_ms"": 934826.182, ""actual_duration_ms"": 2999.487}]",,,,,0,0,1,0,1,,,,,,,,,,,,,,,,,,,,,,,,,,,,,,,3.0,same,2.0,"[-76.61, 171.68]","[[44.05, -168.19], [-209.97, -258.92], [-76.61, 171.68]]","[""purple"", ""blue"", ""yellow""]","[""purple"", ""blue"", ""yellow""]",yellow,yellow,s,same,1.0,4.0,1.0
12,12_T1_20260502_152737,PCPA,T1,adaptive,hci_substudy_v2,1,telemetry_v4,change_detection,4,formal_cd,formal,1,19,27,formal,N1_same,1777706857,239.464,2026-05-02T15:43:14.533,0,0,0,1,934828.803,934835.604,,,,,s,,1,1221.058,,,,938428.803,938458.398,939699.126,4000,1240.728,939699.126,"[{""stage_name"": ""fixation"", ""planned_duration_ms"": 100, ""intended_onset_ms"": 934828.803, ""actual_onset_global_ms"": 934835.604, ""actual_offset_global_ms"": 934933.919, ""actual_duration_ms"": 98.315}, {""stage_name"": ""memory_array"", ""planned_duration_ms"": 2500, ""intended_onset_ms"": 934928.803, ""actual_onset_global_ms"": 934943.143, ""actual_offset_global_ms"": 937445.85, ""actual_duration_ms"": 2502.707}, {""stage_name"": ""delay"", ""planned_duration_ms"": 1000, ""intended_onset_ms"": 937445.85, ""actual_onset_global_ms"": 937444.583, ""actual_offset_global_ms"": 938448.902, ""actual_duration_ms"": 1004.319}, {""stage_name"": ""test_array"", ""planned_duration_ms"": 4000, ""intended_onset_ms"": 938448.902, ""actual_onset_global_ms"": 938458.398, ""actual_offset_global_ms"": 939699.126, ""actual_duration_ms"": 1240.728}]",,,,,0,0,1,0,1,,,,,,,,,,,,,,,,,,,,,,,,,,,,,,,1.0,same,0.0,"[192.53, 191.47]","[[192.53, 191.47]]","[""yellow""]","[""yellow""]",yellow,yellow,s,same,1.0,1.0,1.0
12,12_T1_20260502_152737,PCPA,T1,adaptive,hci_substudy_v2,1,telemetry_v4,change_detection,4,formal_cd,formal,1,20,28,formal,N3_same,1777706857,239.464,2026-05-02T15:43:19.406,0,0,0,1,939701.837,939705.849,,,,,s,,1,2529.216,,,,943301.837,943359.618,945908.27,4000,2548.652,945908.27,"[{""stage_name"": ""fixation"", ""planned_duration_ms"": 100, ""intended_onset_ms"": 939701.837, ""actual_onset_global_ms"": 939705.849, ""actual_offset_global_ms"": 939808.755, ""actual_duration_ms"": 102.906}, {""stage_name"": ""memory_array"", ""planned_duration_ms"": 2500, ""intended_onset_ms"": 939801.837, ""actual_onset_global_ms"": 939835.856, ""actual_offset_global_ms"": 942331.546, ""actual_duration_ms"": 2495.69}, {""stage_name"": ""delay"", ""planned_duration_ms"": 1000, ""intended_onset_ms"": 942331.546, ""actual_onset_global_ms"": 942330.405, ""actual_offset_global_ms"": 943332.232, ""actual_duration_ms"": 1001.827}, {""stage_name"": ""test_array"", ""planned_duration_ms"": 4000, ""intended_onset_ms"": 943332.232, ""actual_onset_global_ms"": 943359.618, ""actual_offset_global_ms"": 945908.27, ""actual_duration_ms"": 2548.652}]",,,,,0,0,1,0,1,,,,,,,,,,,,,,,,,,,,,,,,,,,,,,,3.0,same,2.0,"[-3.07, 242.64]","[[-188.34, 35.59], [-98.64, -205.51], [-3.07, 242.64]]","[""purple"", ""yellow"", ""red""]","[""purple"", ""yellow"", ""red""]",red,red,s,same,1.0,4.0,1.0
12,12_T1_20260502_152737,PCPA,T1,adaptive,hci_substudy_v2,1,telemetry_v4,change_detection,4,formal_cd,formal,1,21,29,formal,N3_change,1777706857,239.464,2026-05-02T15:43:25.615,0,0,0,1,945910.88,945916.503,,,,,j,,1,1563.109,,,,949510.88,949547.259,951133.064,4000,1585.805,951133.064,"[{""stage_name"": ""fixation"", ""planned_duration_ms"": 100, ""intended_onset_ms"": 945910.88, ""actual_onset_global_ms"": 945916.503, ""actual_offset_global_ms"": 946015.945, ""actual_duration_ms"": 99.442}, {""stage_name"": ""memory_array"", ""planned_duration_ms"": 2500, ""intended_onset_ms"": 946010.88, ""actual_onset_global_ms"": 946048.334, ""actual_offset_global_ms"": 948516.52, ""actual_duration_ms"": 2468.186}, {""stage_name"": ""delay"", ""planned_duration_ms"": 1000, ""intended_onset_ms"": 948516.52, ""actual_onset_global_ms"": 948519.071, ""actual_offset_global_ms"": 949519.947, ""actual_duration_ms"": 1000.876}, {""stage_name"": ""test_array"", ""planned_duration_ms"": 4000, ""intended_onset_ms"": 949519.947, ""actual_onset_global_ms"": 949547.259, ""actual_offset_global_ms"": 951133.064, ""actual_duration_ms"": 1585.805}]",,,,,0,0,1,0,1,,,,,,,,,,,,,,,,,,,,,,,,,,,,,,,3.0,change,1.0,"[-174.06, 250.04]","[[171.38, 247.65], [-174.06, 250.04], [173.13, -102.66]]","[""red"", ""purple"", ""yellow""]","[""red"", ""blue"", ""yellow""]",purple,blue,j,change,1.0,3.0,1.0
12,12_T1_20260502_152737,PCPA,T1,adaptive,hci_substudy_v2,1,telemetry_v4,change_detection,4,formal_cd,formal,1,22,30,formal,N2_change,1777706857,239.464,2026-05-02T15:43:30.839,0,0,0,1,951135.647,951139.69,,,,,j,,1,2267.384,,,,954735.647,954780.118,957070.985,4000,2290.867,957070.985,"[{""stage_name"": ""fixation"", ""planned_duration_ms"": 100, ""intended_onset_ms"": 951135.647, ""actual_onset_global_ms"": 951139.69, ""actual_offset_global_ms"": 951244.55, ""actual_duration_ms"": 104.86}, {""stage_name"": ""memory_array"", ""planned_duration_ms"": 2500, ""intended_onset_ms"": 951235.647, ""actual_onset_global_ms"": 951263.236, ""actual_offset_global_ms"": 953757.749, ""actual_duration_ms"": 2494.513}, {""stage_name"": ""delay"", ""planned_duration_ms"": 1000, ""intended_onset_ms"": 953757.749, ""actual_onset_global_ms"": 953758.831, ""actual_offset_global_ms"": 954761.407, ""actual_duration_ms"": 1002.576}, {""stage_name"": ""test_array"", ""planned_duration_ms"": 4000, ""intended_onset_ms"": 954761.407, ""actual_onset_global_ms"": 954780.118, ""actual_offset_global_ms"": 957070.985, ""actual_duration_ms"": 2290.867}]",,,,,0,0,1,0,1,,,,,,,,,,,,,,,,,,,,,,,,,,,,,,,2.0,change,0.0,"[20.06, -229.04]","[[20.06, -229.04], [158.05, -178.83]]","[""yellow"", ""purple""]","[""blue"", ""purple""]",yellow,blue,j,change,1.0,2.0,1.0
12,12_T1_20260502_152737,PCPA,T1,adaptive,hci_substudy_v2,1,telemetry_v4,change_detection,4,formal_cd,formal,1,23,31,formal,N2_same,1777706857,239.464,2026-05-02T15:43:36.778,0,0,0,1,957073.709,957081.752,,,,,s,,1,1307.583,,,,960673.709,960709.16,962035.819,4000,1326.659,962035.819,"[{""stage_name"": ""fixation"", ""planned_duration_ms"": 100, ""intended_onset_ms"": 957073.709, ""actual_onset_global_ms"": 957081.752, ""actual_offset_global_ms"": 957179.76, ""actual_duration_ms"": 98.008}, {""stage_name"": ""memory_array"", ""planned_duration_ms"": 2500, ""intended_onset_ms"": 957173.709, ""actual_onset_global_ms"": 957201.4, ""actual_offset_global_ms"": 959685.871, ""actual_duration_ms"": 2484.471}, {""stage_name"": ""delay"", ""planned_duration_ms"": 1000, ""intended_onset_ms"": 959685.871, ""actual_onset_global_ms"": 959686.161, ""actual_offset_global_ms"": 960690.782, ""actual_duration_ms"": 1004.621}, {""stage_name"": ""test_array"", ""planned_duration_ms"": 4000, ""intended_onset_ms"": 960690.782, ""actual_onset_global_ms"": 960709.16, ""actual_offset_global_ms"": 962035.819, ""actual_duration_ms"": 1326.659}]",,,,,0,0,1,0,1,,,,,,,,,,,,,,,,,,,,,,,,,,,,,,,2.0,same,0.0,"[48.1, 114.92]","[[48.1, 114.92], [132.93, 223.86]]","[""blue"", ""yellow""]","[""blue"", ""yellow""]",blue,blue,s,same,1.0,3.0,1.0
12,12_T1_20260502_152737,PCPA,T1,adaptive,hci_substudy_v2,1,telemetry_v4,change_detection,4,formal_cd,formal,1,24,32,formal,N4_same,1777706857,239.464,2026-05-02T15:43:41.743,0,0,0,1,962038.538,962044.168,,,,,s,,1,3425.199,,,,965638.538,965714.679,969149.283,4000,3434.604,969149.283,"[{""stage_name"": ""fixation"", ""planned_duration_ms"": 100, ""intended_onset_ms"": 962038.538, ""actual_onset_global_ms"": 962044.168, ""actual_offset_global_ms"": 962143.672, ""actual_duration_ms"": 99.504}, {""stage_name"": ""memory_array"", ""planned_duration_ms"": 2500, ""intended_onset_ms"": 962138.538, ""actual_onset_global_ms"": 962180.309, ""actual_offset_global_ms"": 964678.017, ""actual_duration_ms"": 2497.708}, {""stage_name"": ""delay"", ""planned_duration_ms"": 1000, ""intended_onset_ms"": 964678.017, ""actual_onset_global_ms"": 964676.68, ""actual_offset_global_ms"": 965678.424, ""actual_duration_ms"": 1001.744}, {""stage_name"": ""test_array"", ""planned_duration_ms"": 4000, ""intended_onset_ms"": 965678.424, ""actual_onset_global_ms"": 965714.679, ""actual_offset_global_ms"": 969149.283, ""actual_duration_ms"": 3434.604}]",,,,,0,1,0,0,1,,,,,,,,,,,,,,,,,,,,,,,,,,,,,,,4.0,same,0.0,"[21.3, -103.04]","[[21.3, -103.04], [-52.83, -253.7], [200.67, -110.82], [90.93, 258.16]]","[""green"", ""blue"", ""yellow"", ""red""]","[""green"", ""blue"", ""yellow"", ""red""]",green,green,s,same,1.0,5.0,1.0
12,12_T1_20260502_152737,PCPA,T1,adaptive,hci_substudy_v2,1,telemetry_v4,change_detection,4,formal_cd,formal,1,25,33,formal,N1_change,1777706857,239.464,2026-05-02T15:43:48.856,0,0,0,1,969152.225,969158.123,,,,,j,,1,1442.058,,,,972752.225,972779.328,974251.005,4000,1471.677,974251.005,"[{""stage_name"": ""fixation"", ""planned_duration_ms"": 100, ""intended_onset_ms"": 969152.225, ""actual_onset_global_ms"": 969158.123, ""actual_offset_global_ms"": 969263.54, ""actual_duration_ms"": 105.417}, {""stage_name"": ""memory_array"", ""planned_duration_ms"": 2500, ""intended_onset_ms"": 969252.225, ""actual_onset_global_ms"": 969272.211, ""actual_offset_global_ms"": 971766.004, ""actual_duration_ms"": 2493.793}, {""stage_name"": ""delay"", ""planned_duration_ms"": 1000, ""intended_onset_ms"": 971766.004, ""actual_onset_global_ms"": 971764.689, ""actual_offset_global_ms"": 972769.788, ""actual_duration_ms"": 1005.099}, {""stage_name"": ""test_array"", ""planned_duration_ms"": 4000, ""intended_onset_ms"": 972769.788, ""actual_onset_global_ms"": 972779.328, ""actual_offset_global_ms"": 974251.005, ""actual_duration_ms"": 1471.677}]",,,,,0,0,1,0,1,,,,,,,,,,,,,,,,,,,,,,,,,,,,,,,1.0,change,0.0,"[-72.97, -235.78]","[[-72.97, -235.78]]","[""blue""]","[""purple""]",blue,purple,j,change,1.0,1.0,1.0
12,12_T1_20260502_152737,PCPA,T1,adaptive,hci_substudy_v2,1,telemetry_v4,change_detection,4,formal_cd,formal,1,26,34,formal,N1_same,1777706857,239.464,2026-05-02T15:43:53.959,0,0,0,1,974253.917,974261.961,,,,,s,,1,1145.885,,,,977853.917,977879.762,979033.877,4000,1154.115,979033.877,"[{""stage_name"": ""fixation"", ""planned_duration_ms"": 100, ""intended_onset_ms"": 974253.917, ""actual_onset_global_ms"": 974261.961, ""actual_offset_global_ms"": 974363.568, ""actual_duration_ms"": 101.607}, {""stage_name"": ""memory_array"", ""planned_duration_ms"": 2500, ""intended_onset_ms"": 974353.917, ""actual_onset_global_ms"": 974373.036, ""actual_offset_global_ms"": 976865.872, ""actual_duration_ms"": 2492.836}, {""stage_name"": ""delay"", ""planned_duration_ms"": 1000, ""intended_onset_ms"": 976865.872, ""actual_onset_global_ms"": 976866.174, ""actual_offset_global_ms"": 977870.01, ""actual_duration_ms"": 1003.836}, {""stage_name"": ""test_array"", ""planned_duration_ms"": 4000, ""intended_onset_ms"": 977870.01, ""actual_onset_global_ms"": 977879.762, ""actual_offset_global_ms"": 979033.877, ""actual_duration_ms"": 1154.115}]",,,,,0,0,1,0,1,,,,,,,,,,,,,,,,,,,,,,,,,,,,,,,1.0,same,0.0,"[232.76, 206.79]","[[232.76, 206.79]]","[""green""]","[""green""]",green,green,s,same,1.0,2.0,1.0
12,12_T1_20260502_152737,PCPA,T1,adaptive,hci_substudy_v2,1,telemetry_v4,change_detection,4,formal_cd,formal,1,27,35,formal,N1_same,1777706857,239.464,2026-05-02T15:43:58.741,0,0,0,1,979036.551,979040.803,,,,,s,,1,1217.731,,,,982636.551,982663.424,983894.05,4000,1230.626,983894.05,"[{""stage_name"": ""fixation"", ""planned_duration_ms"": 100, ""intended_onset_ms"": 979036.551, ""actual_onset_global_ms"": 979040.803, ""actual_offset_global_ms"": 979142.186, ""actual_duration_ms"": 101.383}, {""stage_name"": ""memory_array"", ""planned_duration_ms"": 2500, ""intended_onset_ms"": 979136.551, ""actual_onset_global_ms"": 979150.721, ""actual_offset_global_ms"": 981651.869, ""actual_duration_ms"": 2501.148}, {""stage_name"": ""delay"", ""planned_duration_ms"": 1000, ""intended_onset_ms"": 981651.869, ""actual_onset_global_ms"": 981651.65, ""actual_offset_global_ms"": 982653.242, ""actual_duration_ms"": 1001.592}, {""stage_name"": ""test_array"", ""planned_duration_ms"": 4000, ""intended_onset_ms"": 982653.242, ""actual_onset_global_ms"": 982663.424, ""actual_offset_global_ms"": 983894.05, ""actual_duration_ms"": 1230.626}]",,,,,0,0,1,0,1,,,,,,,,,,,,,,,,,,,,,,,,,,,,,,,1.0,same,0.0,"[-138.21, -203.13]","[[-138.21, -203.13]]","[""red""]","[""red""]",red,red,s,same,1.0,1.0,1.0
12,12_T1_20260502_152737,PCPA,T1,adaptive,hci_substudy_v2,1,telemetry_v4,change_detection,4,formal_cd,formal,1,28,36,formal,N4_change,1777706857,239.464,2026-05-02T15:44:03.601,0,0,0,1,983896.723,983901.862,,,,,j,,1,3513.566,,,,987496.723,987577.573,991108.887,4000,3531.314,991108.887,"[{""stage_name"": ""fixation"", ""planned_duration_ms"": 100, ""intended_onset_ms"": 983896.723, ""actual_onset_global_ms"": 983901.862, ""actual_offset_global_ms"": 984004.548, ""actual_duration_ms"": 102.686}, {""stage_name"": ""memory_array"", ""planned_duration_ms"": 2500, ""intended_onset_ms"": 983996.723, ""actual_onset_global_ms"": 984041.786, ""actual_offset_global_ms"": 986537.825, ""actual_duration_ms"": 2496.039}, {""stage_name"": ""delay"", ""planned_duration_ms"": 1000, ""intended_onset_ms"": 986537.825, ""actual_onset_global_ms"": 986536.521, ""actual_offset_global_ms"": 987540.969, ""actual_duration_ms"": 1004.448}, {""stage_name"": ""test_array"", ""planned_duration_ms"": 4000, ""intended_onset_ms"": 987540.969, ""actual_onset_global_ms"": 987577.573, ""actual_offset_global_ms"": 991108.887, ""actual_duration_ms"": 3531.314}]",,,,,0,1,0,0,1,,,,,,,,,,,,,,,,,,,,,,,,,,,,,,,4.0,change,2.0,"[-239.43, -37.45]","[[-175.87, 85.14], [222.13, 82.26], [-239.43, -37.45], [183.83, -66.26]]","[""red"", ""purple"", ""green"", ""yellow""]","[""red"", ""purple"", ""blue"", ""yellow""]",green,blue,j,change,1.0,6.0,1.0
12,12_T1_20260502_152737,PCPA,T1,adaptive,hci_substudy_v2,1,telemetry_v4,change_detection,4,formal_cd,formal,1,29,37,formal,N3_change,1777706857,239.464,2026-05-02T15:44:10.816,0,0,0,1,991111.943,991117.729,,,,,j,,1,3313.754,,,,994711.943,994768.181,998111.481,4000,3343.3,998111.481,"[{""stage_name"": ""fixation"", ""planned_duration_ms"": 100, ""intended_onset_ms"": 991111.943, ""actual_onset_global_ms"": 991117.729, ""actual_offset_global_ms"": 991217.249, ""actual_duration_ms"": 99.52}, {""stage_name"": ""memory_array"", ""planned_duration_ms"": 2500, ""intended_onset_ms"": 991211.943, ""actual_onset_global_ms"": 991244.061, ""actual_offset_global_ms"": 993738.248, ""actual_duration_ms"": 2494.187}, {""stage_name"": ""delay"", ""planned_duration_ms"": 1000, ""intended_onset_ms"": 993738.248, ""actual_onset_global_ms"": 993739.331, ""actual_offset_global_ms"": 994740.965, ""actual_duration_ms"": 1001.634}, {""stage_name"": ""test_array"", ""planned_duration_ms"": 4000, ""intended_onset_ms"": 994740.965, ""actual_onset_global_ms"": 994768.181, ""actual_offset_global_ms"": 998111.481, ""actual_duration_ms"": 3343.3}]",,,,,0,1,0,0,1,,,,,,,,,,,,,,,,,,,,,,,,,,,,,,,3.0,change,1.0,"[-164.93, 84.0]","[[113.86, -243.31], [-164.93, 84.0], [-111.17, -16.9]]","[""purple"", ""blue"", ""green""]","[""purple"", ""red"", ""green""]",blue,red,j,change,1.0,4.0,1.0
12,12_T1_20260502_152737,PCPA,T1,adaptive,hci_substudy_v2,1,telemetry_v4,change_detection,4,formal_cd,formal,1,30,38,formal,N2_same,1777706857,239.464,2026-05-02T15:44:17.819,0,0,0,1,998114.312,998119.571,,,,,s,,1,1581.585,,,,1001714.312,1001750.946,1003355.649,4000,1604.703,1003355.649,"[{""stage_name"": ""fixation"", ""planned_duration_ms"": 100, ""intended_onset_ms"": 998114.312, ""actual_onset_global_ms"": 998119.571, ""actual_offset_global_ms"": 998224.451, ""actual_duration_ms"": 104.88}, {""stage_name"": ""memory_array"", ""planned_duration_ms"": 2500, ""intended_onset_ms"": 998214.312, ""actual_onset_global_ms"": 998242.943, ""actual_offset_global_ms"": 1000728.067, ""actual_duration_ms"": 2485.124}, {""stage_name"": ""delay"", ""planned_duration_ms"": 1000, ""intended_onset_ms"": 1000728.067, ""actual_onset_global_ms"": 1000727.975, ""actual_offset_global_ms"": 1001732.548, ""actual_duration_ms"": 1004.573}, {""stage_name"": ""test_array"", ""planned_duration_ms"": 4000, ""intended_onset_ms"": 1001732.548, ""actual_onset_global_ms"": 1001750.946, ""actual_offset_global_ms"": 1003355.649, ""actual_duration_ms"": 1604.703}]",,,,,0,0,1,0,1,,,,,,,,,,,,,,,,,,,,,,,,,,,,,,,2.0,same,0.0,"[196.77, 85.45]","[[196.77, 85.45], [-92.92, 230.52]]","[""green"", ""yellow""]","[""green"", ""yellow""]",green,green,s,same,1.0,2.0,1.0
12,12_T1_20260502_152737,PCPA,T1,adaptive,hci_substudy_v2,1,telemetry_v4,change_detection,4,formal_cd,formal,1,31,39,formal,N3_change,1777706857,239.464,2026-05-02T15:44:23.062,0,0,0,1,1003358.437,1003363.813,,,,,j,,1,2455.367,,,,1006958.437,1007002.253,1009493.195,4000,2490.942,1009493.195,"[{""stage_name"": ""fixation"", ""planned_duration_ms"": 100, ""intended_onset_ms"": 1003358.437, ""actual_onset_global_ms"": 1003363.813, ""actual_offset_global_ms"": 1003463.41, ""actual_duration_ms"": 99.597}, {""stage_name"": ""memory_array"", ""planned_duration_ms"": 2500, ""intended_onset_ms"": 1003458.437, ""actual_onset_global_ms"": 1003490.326, ""actual_offset_global_ms"": 1005972.628, ""actual_duration_ms"": 2482.302}, {""stage_name"": ""delay"", ""planned_duration_ms"": 1000, ""intended_onset_ms"": 1005972.628, ""actual_onset_global_ms"": 1005972.622, ""actual_offset_global_ms"": 1006974.15, ""actual_duration_ms"": 1001.528}, {""stage_name"": ""test_array"", ""planned_duration_ms"": 4000, ""intended_onset_ms"": 1006974.15, ""actual_onset_global_ms"": 1007002.253, ""actual_offset_global_ms"": 1009493.195, ""actual_duration_ms"": 2490.942}]",,,,,0,0,1,0,1,,,,,,,,,,,,,,,,,,,,,,,,,,,,,,,3.0,change,1.0,"[-163.97, 172.85]","[[208.43, -242.03], [-163.97, 172.85], [127.76, -21.87]]","[""purple"", ""red"", ""green""]","[""purple"", ""blue"", ""green""]",red,blue,j,change,1.0,3.0,1.0
12,12_T1_20260502_152737,PCPA,T1,adaptive,hci_substudy_v2,1,telemetry_v4,change_detection,4,formal_cd,formal,1,32,40,formal,N4_same,1777706857,239.464,2026-05-02T15:44:29.200,0,0,0,1,1009495.924,1009500.431,,,,,s,,1,3197.987,,,,1013095.924,1013177.061,1016421.604,4000,3244.543,1016421.604,"[{""stage_name"": ""fixation"", ""planned_duration_ms"": 100, ""intended_onset_ms"": 1009495.924, ""actual_onset_global_ms"": 1009500.431, ""actual_offset_global_ms"": 1009602.479, ""actual_duration_ms"": 102.048}, {""stage_name"": ""memory_array"", ""planned_duration_ms"": 2500, ""intended_onset_ms"": 1009595.924, ""actual_onset_global_ms"": 1009639.631, ""actual_offset_global_ms"": 1012137.944, ""actual_duration_ms"": 2498.313}, {""stage_name"": ""delay"", ""planned_duration_ms"": 1000, ""intended_onset_ms"": 1012137.944, ""actual_onset_global_ms"": 1012136.545, ""actual_offset_global_ms"": 1013140.979, ""actual_duration_ms"": 1004.434}, {""stage_name"": ""test_array"", ""planned_duration_ms"": 4000, ""intended_onset_ms"": 1013140.979, ""actual_onset_global_ms"": 1013177.061, ""actual_offset_global_ms"": 1016421.604, ""actual_duration_ms"": 3244.543}]",,,,,0,1,0,0,1,,,,,,,,,,,,,,,,,,,,,,,,,,,,,,,4.0,same,2.0,"[-228.59, 95.58]","[[-6.84, 94.73], [195.43, -193.01], [-228.59, 95.58], [-175.07, -123.96]]","[""green"", ""red"", ""purple"", ""yellow""]","[""green"", ""red"", ""purple"", ""yellow""]",purple,purple,s,same,1.0,4.0,1.0
12,12_T1_20260502_152737,PCPA,T1,adaptive,hci_substudy_v2,1,telemetry_v4,change_detection,4,formal_cd,formal,1,33,41,formal,N4_same,1777706857,239.464,2026-05-02T15:44:36.128,0,0,0,1,1016424.528,1016429.872,,,,,s,,1,4422.157,,,,1020024.528,1020077.419,1024538.859,4000,4461.44,1024538.859,"[{""stage_name"": ""fixation"", ""planned_duration_ms"": 100, ""intended_onset_ms"": 1016424.528, ""actual_onset_global_ms"": 1016429.872, ""actual_offset_global_ms"": 1016532.522, ""actual_duration_ms"": 102.65}, {""stage_name"": ""memory_array"", ""planned_duration_ms"": 2500, ""intended_onset_ms"": 1016524.528, ""actual_onset_global_ms"": 1016569.214, ""actual_offset_global_ms"": 1019038.283, ""actual_duration_ms"": 2469.069}, {""stage_name"": ""delay"", ""planned_duration_ms"": 1000, ""intended_onset_ms"": 1019038.283, ""actual_onset_global_ms"": 1019038.198, ""actual_offset_global_ms"": 1020041.181, ""actual_duration_ms"": 1002.983}, {""stage_name"": ""test_array"", ""planned_duration_ms"": 4000, ""intended_onset_ms"": 1020041.181, ""actual_onset_global_ms"": 1020077.419, ""actual_offset_global_ms"": 1024538.859, ""actual_duration_ms"": 4461.44}]",,,,,0,1,0,0,1,,,,,,,,,,,,,,,,,,,,,,,,,,,,,,,4.0,same,3.0,"[-201.89, -90.05]","[[-9.83, -134.45], [-149.72, 130.54], [223.55, -151.56], [-201.89, -90.05]]","[""purple"", ""green"", ""blue"", ""red""]","[""purple"", ""green"", ""blue"", ""red""]",red,red,s,same,1.0,5.0,1.0
12,12_T1_20260502_152737,PCPA,T1,adaptive,hci_substudy_v2,1,telemetry_v4,change_detection,4,formal_cd,formal,1,34,42,formal,N1_change,1777706857,239.464,2026-05-02T15:44:44.246,0,0,0,1,1024541.678,1024547.137,,,,,j,,1,1908.813,,,,1028141.678,1028171.984,1030094.549,4000,1922.565,1030094.549,"[{""stage_name"": ""fixation"", ""planned_duration_ms"": 100, ""intended_onset_ms"": 1024541.678, ""actual_onset_global_ms"": 1024547.137, ""actual_offset_global_ms"": 1024649.106, ""actual_duration_ms"": 101.969}, {""stage_name"": ""memory_array"", ""planned_duration_ms"": 2500, ""intended_onset_ms"": 1024641.678, ""actual_onset_global_ms"": 1024661.967, ""actual_offset_global_ms"": 1027159.218, ""actual_duration_ms"": 2497.251}, {""stage_name"": ""delay"", ""planned_duration_ms"": 1000, ""intended_onset_ms"": 1027159.218, ""actual_onset_global_ms"": 1027157.65, ""actual_offset_global_ms"": 1028161.676, ""actual_duration_ms"": 1004.026}, {""stage_name"": ""test_array"", ""planned_duration_ms"": 4000, ""intended_onset_ms"": 1028161.676, ""actual_onset_global_ms"": 1028171.984, ""actual_offset_global_ms"": 1030094.549, ""actual_duration_ms"": 1922.565}]",,,,,0,0,1,0,1,,,,,,,,,,,,,,,,,,,,,,,,,,,,,,,1.0,change,0.0,"[-246.6, -137.45]","[[-246.6, -137.45]]","[""blue""]","[""yellow""]",blue,yellow,j,change,1.0,1.0,1.0
12,12_T1_20260502_152737,PCPA,T1,adaptive,hci_substudy_v2,1,telemetry_v4,change_detection,4,formal_cd,formal,1,35,43,formal,N2_change,1777706857,239.464,2026-05-02T15:44:49.802,0,0,0,1,1030097.546,1030103.066,,,,,j,,1,1782.023,,,,1033697.546,1033742.557,1035537.961,4000,1795.404,1035537.961,"[{""stage_name"": ""fixation"", ""planned_duration_ms"": 100, ""intended_onset_ms"": 1030097.546, ""actual_onset_global_ms"": 1030103.066, ""actual_offset_global_ms"": 1030204.107, ""actual_duration_ms"": 101.041}, {""stage_name"": ""memory_array"", ""planned_duration_ms"": 2500, ""intended_onset_ms"": 1030197.546, ""actual_onset_global_ms"": 1030222.128, ""actual_offset_global_ms"": 1032721.179, ""actual_duration_ms"": 2499.051}, {""stage_name"": ""delay"", ""planned_duration_ms"": 1000, ""intended_onset_ms"": 1032721.179, ""actual_onset_global_ms"": 1032720.088, ""actual_offset_global_ms"": 1033724.204, ""actual_duration_ms"": 1004.116}, {""stage_name"": ""test_array"", ""planned_duration_ms"": 4000, ""intended_onset_ms"": 1033724.204, ""actual_onset_global_ms"": 1033742.557, ""actual_offset_global_ms"": 1035537.961, ""actual_duration_ms"": 1795.404}]",,,,,0,0,1,0,1,,,,,,,,,,,,,,,,,,,,,,,,,,,,,,,2.0,change,0.0,"[-51.35, 236.16]","[[-51.35, 236.16], [172.93, 113.32]]","[""green"", ""blue""]","[""red"", ""blue""]",green,red,j,change,1.0,2.0,1.0
12,12_T1_20260502_152737,PCPA,T1,adaptive,hci_substudy_v2,1,telemetry_v4,change_detection,4,formal_cd,formal,1,36,44,formal,N4_same,1777706857,239.464,2026-05-02T15:44:55.245,0,0,0,1,1035540.788,1035547.321,,,,,s,,1,4788.154,,,,1039140.788,1039219.198,1044025.379,4000,4806.181,1044025.379,"[{""stage_name"": ""fixation"", ""planned_duration_ms"": 100, ""intended_onset_ms"": 1035540.788, ""actual_onset_global_ms"": 1035547.321, ""actual_offset_global_ms"": 1035647.982, ""actual_duration_ms"": 100.661}, {""stage_name"": ""memory_array"", ""planned_duration_ms"": 2500, ""intended_onset_ms"": 1035640.788, ""actual_onset_global_ms"": 1035686.688, ""actual_offset_global_ms"": 1038177.863, ""actual_duration_ms"": 2491.175}, {""stage_name"": ""delay"", ""planned_duration_ms"": 1000, ""intended_onset_ms"": 1038177.863, ""actual_onset_global_ms"": 1038181.58, ""actual_offset_global_ms"": 1039182.803, ""actual_duration_ms"": 1001.223}, {""stage_name"": ""test_array"", ""planned_duration_ms"": 4000, ""intended_onset_ms"": 1039182.803, ""actual_onset_global_ms"": 1039219.198, ""actual_offset_global_ms"": 1044025.379, ""actual_duration_ms"": 4806.181}]",,,,,0,1,0,0,1,,,,,,,,,,,,,,,,,,,,,,,,,,,,,,,4.0,same,1.0,"[137.4, 183.76]","[[-158.21, -110.86], [137.4, 183.76], [-48.58, -163.71], [150.54, -0.06]]","[""red"", ""yellow"", ""green"", ""blue""]","[""red"", ""yellow"", ""green"", ""blue""]",yellow,yellow,s,same,1.0,5.0,1.0
12,12_T1_20260502_152737,PCPA,T1,adaptive,hci_substudy_v2,1,telemetry_v4,change_detection,4,formal_cd,formal,1,37,45,formal,N2_same,1777706857,239.464,2026-05-02T15:45:03.732,0,0,0,1,1044028.519,1044034.369,,,,,s,,1,2846.803,,,,1047628.519,1047668.394,1050525.648,4000,2857.254,1050525.648,"[{""stage_name"": ""fixation"", ""planned_duration_ms"": 100, ""intended_onset_ms"": 1044028.519, ""actual_onset_global_ms"": 1044034.369, ""actual_offset_global_ms"": 1044136.86, ""actual_duration_ms"": 102.491}, {""stage_name"": ""memory_array"", ""planned_duration_ms"": 2500, ""intended_onset_ms"": 1044128.519, ""actual_onset_global_ms"": 1044155.022, ""actual_offset_global_ms"": 1046646.245, ""actual_duration_ms"": 2491.223}, {""stage_name"": ""delay"", ""planned_duration_ms"": 1000, ""intended_onset_ms"": 1046646.245, ""actual_onset_global_ms"": 1046646.631, ""actual_offset_global_ms"": 1047649.409, ""actual_duration_ms"": 1002.778}, {""stage_name"": ""test_array"", ""planned_duration_ms"": 4000, ""intended_onset_ms"": 1047649.409, ""actual_onset_global_ms"": 1047668.394, ""actual_offset_global_ms"": 1050525.648, ""actual_duration_ms"": 2857.254}]",,,,,0,0,1,0,1,,,,,,,,,,,,,,,,,,,,,,,,,,,,,,,2.0,same,1.0,"[-188.46, -95.28]","[[70.46, -154.14], [-188.46, -95.28]]","[""purple"", ""red""]","[""purple"", ""red""]",red,red,s,same,1.0,2.0,1.0
12,12_T1_20260502_152737,PCPA,T1,adaptive,hci_substudy_v2,1,telemetry_v4,change_detection,4,formal_cd,formal,1,38,46,formal,N4_change,1777706857,239.464,2026-05-02T15:45:10.233,0,0,0,1,1050528.56,1050533.766,,,,,j,,1,2963.451,,,,1054128.56,1054215.486,1057214.1,4000,2998.614,1057214.1,"[{""stage_name"": ""fixation"", ""planned_duration_ms"": 100, ""intended_onset_ms"": 1050528.56, ""actual_onset_global_ms"": 1050533.766, ""actual_offset_global_ms"": 1050637.356, ""actual_duration_ms"": 103.59}, {""stage_name"": ""memory_array"", ""planned_duration_ms"": 2500, ""intended_onset_ms"": 1050628.56, ""actual_onset_global_ms"": 1050674.528, ""actual_offset_global_ms"": 1053177.354, ""actual_duration_ms"": 2502.826}, {""stage_name"": ""delay"", ""planned_duration_ms"": 1000, ""intended_onset_ms"": 1053177.354, ""actual_onset_global_ms"": 1053176.278, ""actual_offset_global_ms"": 1054178.885, ""actual_duration_ms"": 1002.607}, {""stage_name"": ""test_array"", ""planned_duration_ms"": 4000, ""intended_onset_ms"": 1054178.885, ""actual_onset_global_ms"": 1054215.486, ""actual_offset_global_ms"": 1057214.1, ""actual_duration_ms"": 2998.614}]",,,,,0,0,1,0,1,,,,,,,,,,,,,,,,,,,,,,,,,,,,,,,4.0,change,1.0,"[-184.41, 150.97]","[[-186.79, -97.43], [-184.41, 150.97], [225.51, 130.7], [-186.81, -223.99]]","[""yellow"", ""blue"", ""purple"", ""red""]","[""yellow"", ""green"", ""purple"", ""red""]",blue,green,j,change,1.0,7.0,1.0
12,12_T1_20260502_152737,PCPA,T1,adaptive,hci_substudy_v2,1,telemetry_v4,change_detection,4,formal_cd,formal,1,39,47,formal,N1_change,1777706857,239.464,2026-05-02T15:45:16.921,0,0,0,1,1057217.007,1057221.775,,,,,j,,1,3811.255,,,,1060817.007,1060838.731,1064665.128,4000,3826.397,1064665.128,"[{""stage_name"": ""fixation"", ""planned_duration_ms"": 100, ""intended_onset_ms"": 1057217.007, ""actual_onset_global_ms"": 1057221.775, ""actual_offset_global_ms"": 1057324.389, ""actual_duration_ms"": 102.614}, {""stage_name"": ""memory_array"", ""planned_duration_ms"": 2500, ""intended_onset_ms"": 1057317.007, ""actual_onset_global_ms"": 1057333.094, ""actual_offset_global_ms"": 1059826.292, ""actual_duration_ms"": 2493.198}, {""stage_name"": ""delay"", ""planned_duration_ms"": 1000, ""intended_onset_ms"": 1059826.292, ""actual_onset_global_ms"": 1059826.341, ""actual_offset_global_ms"": 1060828.863, ""actual_duration_ms"": 1002.522}, {""stage_name"": ""test_array"", ""planned_duration_ms"": 4000, ""intended_onset_ms"": 1060828.863, ""actual_onset_global_ms"": 1060838.731, ""actual_offset_global_ms"": 1064665.128, ""actual_duration_ms"": 3826.397}]",,,,,0,1,0,0,1,,,,,,,,,,,,,,,,,,,,,,,,,,,,,,,1.0,change,0.0,"[75.25, 162.89]","[[75.25, 162.89]]","[""purple""]","[""green""]",purple,green,j,change,1.0,1.0,1.0
12,12_T1_20260502_152737,PCPA,T1,adaptive,hci_substudy_v2,1,telemetry_v4,change_detection,4,formal_cd,formal,1,40,48,formal,N1_same,1777706857,239.464,2026-05-02T15:45:24.373,0,0,0,1,1064668.271,1064673.54,,,,,s,,1,2468.081,,,,1068268.271,1068297.215,1070785.187,4000,2487.972,1070785.187,"[{""stage_name"": ""fixation"", ""planned_duration_ms"": 100, ""intended_onset_ms"": 1064668.271, ""actual_onset_global_ms"": 1064673.54, ""actual_offset_global_ms"": 1064772.476, ""actual_duration_ms"": 98.936}, {""stage_name"": ""memory_array"", ""planned_duration_ms"": 2500, ""intended_onset_ms"": 1064768.271, ""actual_onset_global_ms"": 1064781.639, ""actual_offset_global_ms"": 1067286.335, ""actual_duration_ms"": 2504.696}, {""stage_name"": ""delay"", ""planned_duration_ms"": 1000, ""intended_onset_ms"": 1067286.335, ""actual_onset_global_ms"": 1067285.366, ""actual_offset_global_ms"": 1068287.297, ""actual_duration_ms"": 1001.931}, {""stage_name"": ""test_array"", ""planned_duration_ms"": 4000, ""intended_onset_ms"": 1068287.297, ""actual_onset_global_ms"": 1068297.215, ""actual_offset_global_ms"": 1070785.187, ""actual_duration_ms"": 2487.972}]",,,,,0,0,1,0,1,,,,,,,,,,,,,,,,,,,,,,,,,,,,,,,1.0,same,0.0,"[109.12, -15.63]","[[109.12, -15.63]]","[""green""]","[""green""]",green,green,s,same,1.0,1.0,1.0
12,12_T1_20260502_152737,PCPA,T1,adaptive,hci_substudy_v2,1,telemetry_v4,change_detection,4,formal_cd,formal,1,41,49,formal,N4_change,1777706857,239.464,2026-05-02T15:45:30.492,0,0,0,1,1070788.146,1070792.337,,,,,j,,1,3540.339,,,,1074388.146,1074457.253,1078045.478,4000,3588.225,1078045.478,"[{""stage_name"": ""fixation"", ""planned_duration_ms"": 100, ""intended_onset_ms"": 1070788.146, ""actual_onset_global_ms"": 1070792.337, ""actual_offset_global_ms"": 1070893.924, ""actual_duration_ms"": 101.587}, {""stage_name"": ""memory_array"", ""planned_duration_ms"": 2500, ""intended_onset_ms"": 1070888.146, ""actual_onset_global_ms"": 1070968.992, ""actual_offset_global_ms"": 1073417.611, ""actual_duration_ms"": 2448.619}, {""stage_name"": ""delay"", ""planned_duration_ms"": 1000, ""intended_onset_ms"": 1073417.611, ""actual_onset_global_ms"": 1073420.471, ""actual_offset_global_ms"": 1074420.453, ""actual_duration_ms"": 999.982}, {""stage_name"": ""test_array"", ""planned_duration_ms"": 4000, ""intended_onset_ms"": 1074420.453, ""actual_onset_global_ms"": 1074457.253, ""actual_offset_global_ms"": 1078045.478, ""actual_duration_ms"": 3588.225}]",,,,,0,1,0,0,1,,,,,,,,,,,,,,,,,,,,,,,,,,,,,,,4.0,change,3.0,"[-86.49, 66.39]","[[139.06, 78.8], [50.79, -143.71], [83.79, -47.69], [-86.49, 66.39]]","[""blue"", ""red"", ""yellow"", ""purple""]","[""blue"", ""red"", ""yellow"", ""green""]",purple,green,j,change,1.0,8.0,1.0
12,12_T1_20260502_152737,PCPA,T1,adaptive,hci_substudy_v2,1,telemetry_v4,change_detection,4,formal_cd,formal,1,42,50,formal,N3_same,1777706857,239.464,2026-05-02T15:45:37.752,0,0,0,1,1078048.495,1078055.572,,,,,s,,1,4408.542,,,,1081648.495,1081710.795,1086149.4,4000,4438.605,1086149.4,"[{""stage_name"": ""fixation"", ""planned_duration_ms"": 100, ""intended_onset_ms"": 1078048.495, ""actual_onset_global_ms"": 1078055.572, ""actual_offset_global_ms"": 1078152.935, ""actual_duration_ms"": 97.363}, {""stage_name"": ""memory_array"", ""planned_duration_ms"": 2500, ""intended_onset_ms"": 1078148.495, ""actual_onset_global_ms"": 1078181.704, ""actual_offset_global_ms"": 1080679.851, ""actual_duration_ms"": 2498.147}, {""stage_name"": ""delay"", ""planned_duration_ms"": 1000, ""intended_onset_ms"": 1080679.851, ""actual_onset_global_ms"": 1080679.331, ""actual_offset_global_ms"": 1081682.745, ""actual_duration_ms"": 1003.414}, {""stage_name"": ""test_array"", ""planned_duration_ms"": 4000, ""intended_onset_ms"": 1081682.745, ""actual_onset_global_ms"": 1081710.795, ""actual_offset_global_ms"": 1086149.4, ""actual_duration_ms"": 4438.605}]",,,,,0,1,0,0,1,,,,,,,,,,,,,,,,,,,,,,,,,,,,,,,3.0,same,1.0,"[-220.63, -54.11]","[[127.86, -194.6], [-220.63, -54.11], [-181.62, -206.42]]","[""red"", ""yellow"", ""green""]","[""red"", ""yellow"", ""green""]",yellow,yellow,s,same,1.0,3.0,1.0
12,12_T1_20260502_152737,PCPA,T1,adaptive,hci_substudy_v2,1,telemetry_v4,change_detection,4,formal_cd,formal,1,43,51,formal,N4_same,1777706857,239.464,2026-05-02T15:45:45.856,0,0,0,1,1086152.422,1086162.236,,,,,s,,1,4980.237,,,,1089752.422,1089818.874,1094826.015,4000,5007.141,1094826.015,"[{""stage_name"": ""fixation"", ""planned_duration_ms"": 100, ""intended_onset_ms"": 1086152.422, ""actual_onset_global_ms"": 1086162.236, ""actual_offset_global_ms"": 1086256.978, ""actual_duration_ms"": 94.742}, {""stage_name"": ""memory_array"", ""planned_duration_ms"": 2500, ""intended_onset_ms"": 1086252.422, ""actual_onset_global_ms"": 1086292.491, ""actual_offset_global_ms"": 1088778.919, ""actual_duration_ms"": 2486.428}, {""stage_name"": ""delay"", ""planned_duration_ms"": 1000, ""intended_onset_ms"": 1088778.919, ""actual_onset_global_ms"": 1088781.044, ""actual_offset_global_ms"": 1089782.686, ""actual_duration_ms"": 1001.642}, {""stage_name"": ""test_array"", ""planned_duration_ms"": 4000, ""intended_onset_ms"": 1089782.686, ""actual_onset_global_ms"": 1089818.874, ""actual_offset_global_ms"": 1094826.015, ""actual_duration_ms"": 5007.141}]",,,,,0,1,0,0,1,,,,,,,,,,,,,,,,,,,,,,,,,,,,,,,4.0,same,3.0,"[-28.21, 95.96]","[[121.21, -8.01], [201.12, 185.03], [38.22, -129.81], [-28.21, 95.96]]","[""green"", ""red"", ""yellow"", ""blue""]","[""green"", ""red"", ""yellow"", ""blue""]",blue,blue,s,same,1.0,5.0,1.0
12,12_T1_20260502_152737,PCPA,T1,adaptive,hci_substudy_v2,1,telemetry_v4,change_detection,4,formal_cd,formal,1,44,52,formal,N4_change,1777706857,239.464,2026-05-02T15:45:54.533,0,0,0,1,1094829.135,1094834.753,,,,,j,,1,2441.233,,,,1098429.135,1098498.208,1100958.259,4000,2460.051,1100958.259,"[{""stage_name"": ""fixation"", ""planned_duration_ms"": 100, ""intended_onset_ms"": 1094829.135, ""actual_onset_global_ms"": 1094834.753, ""actual_offset_global_ms"": 1094933.422, ""actual_duration_ms"": 98.669}, {""stage_name"": ""memory_array"", ""planned_duration_ms"": 2500, ""intended_onset_ms"": 1094929.135, ""actual_onset_global_ms"": 1094971.572, ""actual_offset_global_ms"": 1097458.609, ""actual_duration_ms"": 2487.037}, {""stage_name"": ""delay"", ""planned_duration_ms"": 1000, ""intended_onset_ms"": 1097458.609, ""actual_onset_global_ms"": 1097460.264, ""actual_offset_global_ms"": 1098461.996, ""actual_duration_ms"": 1001.732}, {""stage_name"": ""test_array"", ""planned_duration_ms"": 4000, ""intended_onset_ms"": 1098461.996, ""actual_onset_global_ms"": 1098498.208, ""actual_offset_global_ms"": 1100958.259, ""actual_duration_ms"": 2460.051}]",,,,,0,0,1,0,1,,,,,,,,,,,,,,,,,,,,,,,,,,,,,,,4.0,change,2.0,"[195.11, -160.7]","[[51.06, 119.95], [-14.31, 249.23], [195.11, -160.7], [93.24, -226.53]]","[""green"", ""purple"", ""blue"", ""red""]","[""green"", ""purple"", ""yellow"", ""red""]",blue,yellow,j,change,1.0,8.0,1.0
12,12_T1_20260502_152737,PCPA,T1,adaptive,hci_substudy_v2,1,telemetry_v4,change_detection,4,formal_cd,formal,1,45,53,formal,N2_change,1777706857,239.464,2026-05-02T15:46:00.665,0,0,0,1,1100961.405,1100967.393,,,,,j,,1,1401.614,,,,1104561.405,1104597.078,1106017.551,4000,1420.473,1106017.551,"[{""stage_name"": ""fixation"", ""planned_duration_ms"": 100, ""intended_onset_ms"": 1100961.405, ""actual_onset_global_ms"": 1100967.393, ""actual_offset_global_ms"": 1101069.326, ""actual_duration_ms"": 101.933}, {""stage_name"": ""memory_array"", ""planned_duration_ms"": 2500, ""intended_onset_ms"": 1101061.405, ""actual_onset_global_ms"": 1101086.963, ""actual_offset_global_ms"": 1103576.209, ""actual_duration_ms"": 2489.246}, {""stage_name"": ""delay"", ""planned_duration_ms"": 1000, ""intended_onset_ms"": 1103576.209, ""actual_onset_global_ms"": 1103580.529, ""actual_offset_global_ms"": 1104578.687, ""actual_duration_ms"": 998.158}, {""stage_name"": ""test_array"", ""planned_duration_ms"": 4000, ""intended_onset_ms"": 1104578.687, ""actual_onset_global_ms"": 1104597.078, ""actual_offset_global_ms"": 1106017.551, ""actual_duration_ms"": 1420.473}]",,,,,0,0,1,0,1,,,,,,,,,,,,,,,,,,,,,,,,,,,,,,,2.0,change,1.0,"[107.7, -252.48]","[[-124.76, -163.01], [107.7, -252.48]]","[""purple"", ""red""]","[""purple"", ""yellow""]",red,yellow,j,change,1.0,2.0,1.0
12,12_T1_20260502_152737,PCPA,T1,adaptive,hci_substudy_v2,1,telemetry_v4,change_detection,4,formal_cd,formal,1,46,54,formal,N3_same,1777706857,239.464,2026-05-02T15:46:05.725,0,0,0,1,1106020.74,1106025.28,,,,,s,,1,1788.294,,,,1109620.74,1109660.521,1111460.18,4000,1799.659,1111460.18,"[{""stage_name"": ""fixation"", ""planned_duration_ms"": 100, ""intended_onset_ms"": 1106020.74, ""actual_onset_global_ms"": 1106025.28, ""actual_offset_global_ms"": 1106128.037, ""actual_duration_ms"": 102.757}, {""stage_name"": ""memory_array"", ""planned_duration_ms"": 2500, ""intended_onset_ms"": 1106120.74, ""actual_onset_global_ms"": 1106154.616, ""actual_offset_global_ms"": 1108630.216, ""actual_duration_ms"": 2475.6}, {""stage_name"": ""delay"", ""planned_duration_ms"": 1000, ""intended_onset_ms"": 1108630.216, ""actual_onset_global_ms"": 1108630.41, ""actual_offset_global_ms"": 1109632.784, ""actual_duration_ms"": 1002.374}, {""stage_name"": ""test_array"", ""planned_duration_ms"": 4000, ""intended_onset_ms"": 1109632.784, ""actual_onset_global_ms"": 1109660.521, ""actual_offset_global_ms"": 1111460.18, ""actual_duration_ms"": 1799.659}]",,,,,0,0,1,0,1,,,,,,,,,,,,,,,,,,,,,,,,,,,,,,,3.0,same,2.0,"[42.91, 123.57]","[[155.99, 206.24], [-80.42, -195.76], [42.91, 123.57]]","[""purple"", ""yellow"", ""green""]","[""purple"", ""yellow"", ""green""]",green,green,s,same,1.0,5.0,1.0
12,12_T1_20260502_152737,PCPA,T1,adaptive,hci_substudy_v2,1,telemetry_v4,change_detection,4,formal_cd,formal,1,47,55,formal,N2_same,1777706857,239.464,2026-05-02T15:46:11.168,0,0,0,1,1111463.668,1111471.353,,,,,s,,1,1706.026,,,,1115063.668,1115097.875,1116812.36,4000,1714.485,1116812.36,"[{""stage_name"": ""fixation"", ""planned_duration_ms"": 100, ""intended_onset_ms"": 1111463.668, ""actual_onset_global_ms"": 1111471.353, ""actual_offset_global_ms"": 1111568.645, ""actual_duration_ms"": 97.292}, {""stage_name"": ""memory_array"", ""planned_duration_ms"": 2500, ""intended_onset_ms"": 1111563.668, ""actual_onset_global_ms"": 1111586.884, ""actual_offset_global_ms"": 1114074.928, ""actual_duration_ms"": 2488.044}, {""stage_name"": ""delay"", ""planned_duration_ms"": 1000, ""intended_onset_ms"": 1114074.928, ""actual_onset_global_ms"": 1114074.863, ""actual_offset_global_ms"": 1115078.727, ""actual_duration_ms"": 1003.864}, {""stage_name"": ""test_array"", ""planned_duration_ms"": 4000, ""intended_onset_ms"": 1115078.727, ""actual_onset_global_ms"": 1115097.875, ""actual_offset_global_ms"": 1116812.36, ""actual_duration_ms"": 1714.485}]",,,,,0,0,1,0,1,,,,,,,,,,,,,,,,,,,,,,,,,,,,,,,2.0,same,1.0,"[-150.58, -181.9]","[[-217.66, 146.61], [-150.58, -181.9]]","[""blue"", ""yellow""]","[""blue"", ""yellow""]",yellow,yellow,s,same,1.0,2.0,1.0
12,12_T1_20260502_152737,PCPA,T1,adaptive,hci_substudy_v2,1,telemetry_v4,change_detection,4,formal_cd,formal,1,48,56,formal,N1_change,1777706857,239.464,2026-05-02T15:46:16.519,0,0,0,1,1116815.395,1116822.528,,,,,j,,1,1658.061,,,,1120415.395,1120442.714,1122120.225,4000,1677.511,1122120.225,"[{""stage_name"": ""fixation"", ""planned_duration_ms"": 100, ""intended_onset_ms"": 1116815.395, ""actual_onset_global_ms"": 1116822.528, ""actual_offset_global_ms"": 1116925.17, ""actual_duration_ms"": 102.642}, {""stage_name"": ""memory_array"", ""planned_duration_ms"": 2500, ""intended_onset_ms"": 1116915.395, ""actual_onset_global_ms"": 1116933.875, ""actual_offset_global_ms"": 1119432.38, ""actual_duration_ms"": 2498.505}, {""stage_name"": ""delay"", ""planned_duration_ms"": 1000, ""intended_onset_ms"": 1119432.38, ""actual_onset_global_ms"": 1119431.358, ""actual_offset_global_ms"": 1120432.805, ""actual_duration_ms"": 1001.447}, {""stage_name"": ""test_array"", ""planned_duration_ms"": 4000, ""intended_onset_ms"": 1120432.805, ""actual_onset_global_ms"": 1120442.714, ""actual_offset_global_ms"": 1122120.225, ""actual_duration_ms"": 1677.511}]",,,,,0,0,1,0,1,,,,,,,,,,,,,,,,,,,,,,,,,,,,,,,1.0,change,0.0,"[155.74, 209.24]","[[155.74, 209.24]]","[""blue""]","[""purple""]",blue,purple,j,change,1.0,1.0,1.0
