participant_id,session_id,group,timepoint,practice_layer,practice_protocol_version,telemetry_enabled,telemetry_version,task_name,task_order_index,block_name,block_type,block_index,trial_index_within_block,trial_index_global,practice_or_formal,condition_label,random_seed,screen_refresh_hz,timestamp_iso,omission,aborted,pause_count_during_trial,repeated_practice_round,intended_trial_start_ms,actual_trial_start_ms,condition,target_direction,flankers_direction,array_pattern_text,correct_response_key,participant_response_key,response_correct,rt_ms,response_time_global_ms,feedback_type,practice_pass_flag,intended_onset_ms,actual_onset_global_ms,actual_offset_global_ms,stage_duration_planned_ms,stage_duration_actual_ms,actual_trial_end_ms,stage_records_json,feedback_audio_file,feedback_audio_start_global_ms,feedback_audio_expected_duration_ms,feedback_audio_stop_global_ms,excluded_rt_low,excluded_rt_high,included_in_rt_analysis,task_accuracy_below_threshold,valid_task_data,prompt_level,support_type,support_trigger_reason,support_trigger_trial_index,rule_block_error_count,support_level,support_phase,support_duration_ms,post_support_success_streak,support_faded_after_trial,manual_intervention_flag,dccs_support_rule,dccs_error_type,dccs_dimension_highlight_used,dccs_demo_type,dccs_label_mode,dccs_post_support_rule_confusion,rule,cue_audio_file,cue_label,cue_audio_start_global_ms,cue_audio_expected_duration_ms,cue_audio_stop_global_ms,stimulus_color,stimulus_shape,stimulus_identity,trial_transition,previous_rule,current_rule,cue_to_first_response_ms,set_size,trial_type,probe_index,probe_position_xy,item_positions,item_colors_memory,item_colors_test,probe_original_color,probe_test_color,response_key,response_label,accuracy,layout_generation_attempts,overlap_check_passed
0009,0009_T1_20260518_155637,PA,T1,standard,hci_substudy_v2,1,telemetry_v4,flanker,1,formal_block_1,formal,1,1,13,formal,incongruent,1779090997,160.064,2026-05-18T15:58:14.752,0,0,0,1,93620.204,93639.497,incongruent,right,left,<<><<,j,j,1,4739.729,98481.924,none,,93720.204,93742.195,98481.924,3000,4739.729,98481.924,"[{""stage_name"": ""fixation"", ""planned_duration_ms"": 100, ""intended_onset_ms"": 93620.204, ""actual_onset_global_ms"": 93639.497, ""actual_offset_global_ms"": 93726.667, ""actual_duration_ms"": 87.17}, {""stage_name"": ""stimulus"", ""planned_duration_ms"": 3000, ""intended_onset_ms"": 93720.204, ""actual_onset_global_ms"": 93742.195, ""actual_offset_global_ms"": 98481.924, ""actual_duration_ms"": 4739.729}]",,,,,0,1,0,0,1,,,,,,,,,,,,,,,,,,,,,,,,,,,,,,,,,,,,,,,,,,,,
0009,0009_T1_20260518_155637,PA,T1,standard,hci_substudy_v2,1,telemetry_v4,flanker,1,formal_block_1,formal,1,2,14,formal,congruent,1779090997,160.064,2026-05-18T15:58:19.637,0,0,0,1,98504.382,98519.304,congruent,right,right,>>>>>,j,j,1,627.353,99262.627,none,,98604.382,98635.274,99262.627,3000,627.353,99262.627,"[{""stage_name"": ""fixation"", ""planned_duration_ms"": 100, ""intended_onset_ms"": 98504.382, ""actual_onset_global_ms"": 98519.304, ""actual_offset_global_ms"": 98621.585, ""actual_duration_ms"": 102.281}, {""stage_name"": ""stimulus"", ""planned_duration_ms"": 3000, ""intended_onset_ms"": 98604.382, ""actual_onset_global_ms"": 98635.274, ""actual_offset_global_ms"": 99262.627, ""actual_duration_ms"": 627.353}]",,,,,0,0,1,0,1,,,,,,,,,,,,,,,,,,,,,,,,,,,,,,,,,,,,,,,,,,,,
0009,0009_T1_20260518_155637,PA,T1,standard,hci_substudy_v2,1,telemetry_v4,flanker,1,formal_block_1,formal,1,3,15,formal,incongruent,1779090997,160.064,2026-05-18T15:58:20.412,0,0,0,1,99279.756,99295.724,incongruent,right,left,<<><<,j,j,1,3038.206,102445.373,none,,99379.756,99407.167,102445.373,3000,3038.206,102445.373,"[{""stage_name"": ""fixation"", ""planned_duration_ms"": 100, ""intended_onset_ms"": 99279.756, ""actual_onset_global_ms"": 99295.724, ""actual_offset_global_ms"": 99394.879, ""actual_duration_ms"": 99.155}, {""stage_name"": ""stimulus"", ""planned_duration_ms"": 3000, ""intended_onset_ms"": 99379.756, ""actual_onset_global_ms"": 99407.167, ""actual_offset_global_ms"": 102445.373, ""actual_duration_ms"": 3038.206}]",,,,,0,1,0,0,1,,,,,,,,,,,,,,,,,,,,,,,,,,,,,,,,,,,,,,,,,,,,
0009,0009_T1_20260518_155637,PA,T1,standard,hci_substudy_v2,1,telemetry_v4,flanker,1,formal_block_1,formal,1,4,16,formal,incongruent,1779090997,160.064,2026-05-18T15:58:23.599,0,0,0,1,102466.16,102480.6,incongruent,left,right,>><>>,s,s,1,3170.204,105764.584,none,,102566.16,102594.38,105764.584,3000,3170.204,105764.584,"[{""stage_name"": ""fixation"", ""planned_duration_ms"": 100, ""intended_onset_ms"": 102466.16, ""actual_onset_global_ms"": 102480.6, ""actual_offset_global_ms"": 102581.322, ""actual_duration_ms"": 100.722}, {""stage_name"": ""stimulus"", ""planned_duration_ms"": 3000, ""intended_onset_ms"": 102566.16, ""actual_onset_global_ms"": 102594.38, ""actual_offset_global_ms"": 105764.584, ""actual_duration_ms"": 3170.204}]",,,,,0,1,0,0,1,,,,,,,,,,,,,,,,,,,,,,,,,,,,,,,,,,,,,,,,,,,,
0009,0009_T1_20260518_155637,PA,T1,standard,hci_substudy_v2,1,telemetry_v4,flanker,1,formal_block_1,formal,1,5,17,formal,congruent,1779090997,160.064,2026-05-18T15:58:26.916,0,0,0,1,105782.642,105798.025,congruent,left,left,<<<<<,s,s,1,1029.863,106945.922,none,,105882.642,105916.059,106945.922,3000,1029.863,106945.922,"[{""stage_name"": ""fixation"", ""planned_duration_ms"": 100, ""intended_onset_ms"": 105782.642, ""actual_onset_global_ms"": 105798.025, ""actual_offset_global_ms"": 105903.451, ""actual_duration_ms"": 105.426}, {""stage_name"": ""stimulus"", ""planned_duration_ms"": 3000, ""intended_onset_ms"": 105882.642, ""actual_onset_global_ms"": 105916.059, ""actual_offset_global_ms"": 106945.922, ""actual_duration_ms"": 1029.863}]",,,,,0,0,1,0,1,,,,,,,,,,,,,,,,,,,,,,,,,,,,,,,,,,,,,,,,,,,,
0009,0009_T1_20260518_155637,PA,T1,standard,hci_substudy_v2,1,telemetry_v4,flanker,1,formal_block_1,formal,1,6,18,formal,congruent,1779090997,160.064,2026-05-18T15:58:28.097,0,0,0,1,106964.395,106979.346,congruent,right,right,>>>>>,j,j,1,4328.271,111427.648,none,,107064.395,107099.377,111427.648,3000,4328.271,111427.648,"[{""stage_name"": ""fixation"", ""planned_duration_ms"": 100, ""intended_onset_ms"": 106964.395, ""actual_onset_global_ms"": 106979.346, ""actual_offset_global_ms"": 107086.388, ""actual_duration_ms"": 107.042}, {""stage_name"": ""stimulus"", ""planned_duration_ms"": 3000, ""intended_onset_ms"": 107064.395, ""actual_onset_global_ms"": 107099.377, ""actual_offset_global_ms"": 111427.648, ""actual_duration_ms"": 4328.271}]",,,,,0,1,0,0,1,,,,,,,,,,,,,,,,,,,,,,,,,,,,,,,,,,,,,,,,,,,,
0009,0009_T1_20260518_155637,PA,T1,standard,hci_substudy_v2,1,telemetry_v4,flanker,1,formal_block_1,formal,1,7,19,formal,congruent,1779090997,160.064,2026-05-18T15:58:32.581,0,0,0,1,111447.961,111466.857,congruent,left,left,<<<<<,s,s,1,767.112,112345.048,none,,111547.961,111577.936,112345.048,3000,767.112,112345.048,"[{""stage_name"": ""fixation"", ""planned_duration_ms"": 100, ""intended_onset_ms"": 111447.961, ""actual_onset_global_ms"": 111466.857, ""actual_offset_global_ms"": 111565.488, ""actual_duration_ms"": 98.631}, {""stage_name"": ""stimulus"", ""planned_duration_ms"": 3000, ""intended_onset_ms"": 111547.961, ""actual_onset_global_ms"": 111577.936, ""actual_offset_global_ms"": 112345.048, ""actual_duration_ms"": 767.112}]",,,,,0,0,1,0,1,,,,,,,,,,,,,,,,,,,,,,,,,,,,,,,,,,,,,,,,,,,,
0009,0009_T1_20260518_155637,PA,T1,standard,hci_substudy_v2,1,telemetry_v4,flanker,1,formal_block_1,formal,1,8,20,formal,incongruent,1779090997,160.064,2026-05-18T15:58:33.484,0,0,0,1,112350.54,112367.309,incongruent,left,right,>><>>,s,s,1,1043.5,113528.989,none,,112450.54,112485.489,113528.989,3000,1043.5,113528.989,"[{""stage_name"": ""fixation"", ""planned_duration_ms"": 100, ""intended_onset_ms"": 112350.54, ""actual_onset_global_ms"": 112367.309, ""actual_offset_global_ms"": 112472.677, ""actual_duration_ms"": 105.368}, {""stage_name"": ""stimulus"", ""planned_duration_ms"": 3000, ""intended_onset_ms"": 112450.54, ""actual_onset_global_ms"": 112485.489, ""actual_offset_global_ms"": 113528.989, ""actual_duration_ms"": 1043.5}]",,,,,0,0,1,0,1,,,,,,,,,,,,,,,,,,,,,,,,,,,,,,,,,,,,,,,,,,,,
0009,0009_T1_20260518_155637,PA,T1,standard,hci_substudy_v2,1,telemetry_v4,flanker,1,formal_block_1,formal,1,9,21,formal,congruent,1779090997,160.064,2026-05-18T15:58:34.685,0,0,0,1,113551.865,113566.639,congruent,right,right,>>>>>,j,j,1,727.893,114406.827,none,,113651.865,113678.934,114406.827,3000,727.893,114406.827,"[{""stage_name"": ""fixation"", ""planned_duration_ms"": 100, ""intended_onset_ms"": 113551.865, ""actual_onset_global_ms"": 113566.639, ""actual_offset_global_ms"": 113666.092, ""actual_duration_ms"": 99.453}, {""stage_name"": ""stimulus"", ""planned_duration_ms"": 3000, ""intended_onset_ms"": 113651.865, ""actual_onset_global_ms"": 113678.934, ""actual_offset_global_ms"": 114406.827, ""actual_duration_ms"": 727.893}]",,,,,0,0,1,0,1,,,,,,,,,,,,,,,,,,,,,,,,,,,,,,,,,,,,,,,,,,,,
0009,0009_T1_20260518_155637,PA,T1,standard,hci_substudy_v2,1,telemetry_v4,flanker,1,formal_block_1,formal,1,10,22,formal,incongruent,1779090997,160.064,2026-05-18T15:58:35.549,0,0,0,1,114416.466,114431.863,incongruent,left,right,>><>>,s,s,1,606.886,115149.081,none,,114516.466,114542.195,115149.081,3000,606.886,115149.081,"[{""stage_name"": ""fixation"", ""planned_duration_ms"": 100, ""intended_onset_ms"": 114416.466, ""actual_onset_global_ms"": 114431.863, ""actual_offset_global_ms"": 114530.031, ""actual_duration_ms"": 98.168}, {""stage_name"": ""stimulus"", ""planned_duration_ms"": 3000, ""intended_onset_ms"": 114516.466, ""actual_onset_global_ms"": 114542.195, ""actual_offset_global_ms"": 115149.081, ""actual_duration_ms"": 606.886}]",,,,,0,0,1,0,1,,,,,,,,,,,,,,,,,,,,,,,,,,,,,,,,,,,,,,,,,,,,
0009,0009_T1_20260518_155637,PA,T1,standard,hci_substudy_v2,1,telemetry_v4,flanker,1,formal_block_1,formal,1,11,23,formal,incongruent,1779090997,160.064,2026-05-18T15:58:36.304,0,0,0,1,115171.194,115186.794,incongruent,right,left,<<><<,j,j,1,654.449,115959.607,none,,115271.194,115305.158,115959.607,3000,654.449,115959.607,"[{""stage_name"": ""fixation"", ""planned_duration_ms"": 100, ""intended_onset_ms"": 115171.194, ""actual_onset_global_ms"": 115186.794, ""actual_offset_global_ms"": 115291.747, ""actual_duration_ms"": 104.953}, {""stage_name"": ""stimulus"", ""planned_duration_ms"": 3000, ""intended_onset_ms"": 115271.194, ""actual_onset_global_ms"": 115305.158, ""actual_offset_global_ms"": 115959.607, ""actual_duration_ms"": 654.449}]",,,,,0,0,1,0,1,,,,,,,,,,,,,,,,,,,,,,,,,,,,,,,,,,,,,,,,,,,,
0009,0009_T1_20260518_155637,PA,T1,standard,hci_substudy_v2,1,telemetry_v4,flanker,1,formal_block_1,formal,1,12,24,formal,congruent,1779090997,160.064,2026-05-18T15:58:37.110,0,0,0,1,115977.457,115993.285,congruent,left,left,<<<<<,s,s,1,626.438,116733.403,none,,116077.457,116106.965,116733.403,3000,626.438,116733.403,"[{""stage_name"": ""fixation"", ""planned_duration_ms"": 100, ""intended_onset_ms"": 115977.457, ""actual_onset_global_ms"": 115993.285, ""actual_offset_global_ms"": 116094.911, ""actual_duration_ms"": 101.626}, {""stage_name"": ""stimulus"", ""planned_duration_ms"": 3000, ""intended_onset_ms"": 116077.457, ""actual_onset_global_ms"": 116106.965, ""actual_offset_global_ms"": 116733.403, ""actual_duration_ms"": 626.438}]",,,,,0,0,1,0,1,,,,,,,,,,,,,,,,,,,,,,,,,,,,,,,,,,,,,,,,,,,,
0009,0009_T1_20260518_155637,PA,T1,standard,hci_substudy_v2,1,telemetry_v4,flanker,1,formal_block_1,formal,1,13,25,formal,incongruent,1779090997,160.064,2026-05-18T15:58:37.885,0,0,0,1,116752.706,116768.451,incongruent,left,right,>><>>,s,s,1,1368.05,118251.692,none,,116852.706,116883.642,118251.692,3000,1368.05,118251.692,"[{""stage_name"": ""fixation"", ""planned_duration_ms"": 100, ""intended_onset_ms"": 116752.706, ""actual_onset_global_ms"": 116768.451, ""actual_offset_global_ms"": 116870.482, ""actual_duration_ms"": 102.031}, {""stage_name"": ""stimulus"", ""planned_duration_ms"": 3000, ""intended_onset_ms"": 116852.706, ""actual_onset_global_ms"": 116883.642, ""actual_offset_global_ms"": 118251.692, ""actual_duration_ms"": 1368.05}]",,,,,0,0,1,0,1,,,,,,,,,,,,,,,,,,,,,,,,,,,,,,,,,,,,,,,,,,,,
0009,0009_T1_20260518_155637,PA,T1,standard,hci_substudy_v2,1,telemetry_v4,flanker,1,formal_block_1,formal,1,14,26,formal,congruent,1779090997,160.064,2026-05-18T15:58:39.405,0,0,0,1,118272.419,118287.222,congruent,right,right,>>>>>,j,j,1,653.32,119052.937,none,,118372.419,118399.617,119052.937,3000,653.32,119052.937,"[{""stage_name"": ""fixation"", ""planned_duration_ms"": 100, ""intended_onset_ms"": 118272.419, ""actual_onset_global_ms"": 118287.222, ""actual_offset_global_ms"": 118387.487, ""actual_duration_ms"": 100.265}, {""stage_name"": ""stimulus"", ""planned_duration_ms"": 3000, ""intended_onset_ms"": 118372.419, ""actual_onset_global_ms"": 118399.617, ""actual_offset_global_ms"": 119052.937, ""actual_duration_ms"": 653.32}]",,,,,0,0,1,0,1,,,,,,,,,,,,,,,,,,,,,,,,,,,,,,,,,,,,,,,,,,,,
0009,0009_T1_20260518_155637,PA,T1,standard,hci_substudy_v2,1,telemetry_v4,flanker,1,formal_block_1,formal,1,15,27,formal,incongruent,1779090997,160.064,2026-05-18T15:58:40.196,0,0,0,1,119063.302,119079.445,incongruent,right,left,<<><<,j,j,1,594.372,119790.052,none,,119163.302,119195.68,119790.052,3000,594.372,119790.052,"[{""stage_name"": ""fixation"", ""planned_duration_ms"": 100, ""intended_onset_ms"": 119063.302, ""actual_onset_global_ms"": 119079.445, ""actual_offset_global_ms"": 119182.826, ""actual_duration_ms"": 103.381}, {""stage_name"": ""stimulus"", ""planned_duration_ms"": 3000, ""intended_onset_ms"": 119163.302, ""actual_onset_global_ms"": 119195.68, ""actual_offset_global_ms"": 119790.052, ""actual_duration_ms"": 594.372}]",,,,,0,0,1,0,1,,,,,,,,,,,,,,,,,,,,,,,,,,,,,,,,,,,,,,,,,,,,
0009,0009_T1_20260518_155637,PA,T1,standard,hci_substudy_v2,1,telemetry_v4,flanker,1,formal_block_1,formal,1,16,28,formal,congruent,1779090997,160.064,2026-05-18T15:58:40.930,0,0,0,1,119797.299,119813.271,congruent,left,left,<<<<<,s,s,1,733.688,120665.425,none,,119897.299,119931.737,120665.425,3000,733.688,120665.425,"[{""stage_name"": ""fixation"", ""planned_duration_ms"": 100, ""intended_onset_ms"": 119797.299, ""actual_onset_global_ms"": 119813.271, ""actual_offset_global_ms"": 119919.065, ""actual_duration_ms"": 105.794}, {""stage_name"": ""stimulus"", ""planned_duration_ms"": 3000, ""intended_onset_ms"": 119897.299, ""actual_onset_global_ms"": 119931.737, ""actual_offset_global_ms"": 120665.425, ""actual_duration_ms"": 733.688}]",,,,,0,0,1,0,1,,,,,,,,,,,,,,,,,,,,,,,,,,,,,,,,,,,,,,,,,,,,
0009,0009_T1_20260518_155637,PA,T1,standard,hci_substudy_v2,1,telemetry_v4,flanker,1,formal_block_1,formal,1,17,29,formal,incongruent,1779090997,160.064,2026-05-18T15:58:41.820,0,0,0,1,120687.569,120703.146,incongruent,left,right,>><>>,s,j,0,616.384,121429.45,none,,120787.569,120813.066,121429.45,3000,616.384,121429.45,"[{""stage_name"": ""fixation"", ""planned_duration_ms"": 100, ""intended_onset_ms"": 120687.569, ""actual_onset_global_ms"": 120703.146, ""actual_offset_global_ms"": 120800.708, ""actual_duration_ms"": 97.562}, {""stage_name"": ""stimulus"", ""planned_duration_ms"": 3000, ""intended_onset_ms"": 120787.569, ""actual_onset_global_ms"": 120813.066, ""actual_offset_global_ms"": 121429.45, ""actual_duration_ms"": 616.384}]",,,,,0,0,0,0,1,,,,,,,,,,,,,,,,,,,,,,,,,,,,,,,,,,,,,,,,,,,,
0009,0009_T1_20260518_155637,PA,T1,standard,hci_substudy_v2,1,telemetry_v4,flanker,1,formal_block_1,formal,1,18,30,formal,incongruent,1779090997,160.064,2026-05-18T15:58:42.570,0,0,0,1,121437.412,121452.412,incongruent,right,left,<<><<,j,j,1,1102.839,122673.644,none,,121537.412,121570.805,122673.644,3000,1102.839,122673.644,"[{""stage_name"": ""fixation"", ""planned_duration_ms"": 100, ""intended_onset_ms"": 121437.412, ""actual_onset_global_ms"": 121452.412, ""actual_offset_global_ms"": 121556.449, ""actual_duration_ms"": 104.037}, {""stage_name"": ""stimulus"", ""planned_duration_ms"": 3000, ""intended_onset_ms"": 121537.412, ""actual_onset_global_ms"": 121570.805, ""actual_offset_global_ms"": 122673.644, ""actual_duration_ms"": 1102.839}]",,,,,0,0,1,0,1,,,,,,,,,,,,,,,,,,,,,,,,,,,,,,,,,,,,,,,,,,,,
0009,0009_T1_20260518_155637,PA,T1,standard,hci_substudy_v2,1,telemetry_v4,flanker,1,formal_block_1,formal,1,19,31,formal,congruent,1779090997,160.064,2026-05-18T15:58:43.824,0,0,0,1,122691.757,122709.371,congruent,left,left,<<<<<,s,s,1,1481.707,124303.099,none,,122791.757,122821.392,124303.099,3000,1481.707,124303.099,"[{""stage_name"": ""fixation"", ""planned_duration_ms"": 100, ""intended_onset_ms"": 122691.757, ""actual_onset_global_ms"": 122709.371, ""actual_offset_global_ms"": 122809.327, ""actual_duration_ms"": 99.956}, {""stage_name"": ""stimulus"", ""planned_duration_ms"": 3000, ""intended_onset_ms"": 122791.757, ""actual_onset_global_ms"": 122821.392, ""actual_offset_global_ms"": 124303.099, ""actual_duration_ms"": 1481.707}]",,,,,0,0,1,0,1,,,,,,,,,,,,,,,,,,,,,,,,,,,,,,,,,,,,,,,,,,,,
0009,0009_T1_20260518_155637,PA,T1,standard,hci_substudy_v2,1,telemetry_v4,flanker,1,formal_block_1,formal,1,20,32,formal,congruent,1779090997,160.064,2026-05-18T15:58:45.455,0,0,0,1,124322.621,124339.252,congruent,right,right,>>>>>,j,j,1,1012.581,125462.272,none,,124422.621,124449.691,125462.272,3000,1012.581,125462.272,"[{""stage_name"": ""fixation"", ""planned_duration_ms"": 100, ""intended_onset_ms"": 124322.621, ""actual_onset_global_ms"": 124339.252, ""actual_offset_global_ms"": 124438.037, ""actual_duration_ms"": 98.785}, {""stage_name"": ""stimulus"", ""planned_duration_ms"": 3000, ""intended_onset_ms"": 124422.621, ""actual_onset_global_ms"": 124449.691, ""actual_offset_global_ms"": 125462.272, ""actual_duration_ms"": 1012.581}]",,,,,0,0,1,0,1,,,,,,,,,,,,,,,,,,,,,,,,,,,,,,,,,,,,,,,,,,,,
0009,0009_T1_20260518_155637,PA,T1,standard,hci_substudy_v2,1,telemetry_v4,flanker,1,formal_block_2,formal,2,1,33,formal,congruent,1779090997,160.064,2026-05-18T15:58:46.601,0,0,0,1,125468.436,125483.335,congruent,right,right,>>>>>,j,j,1,3394.138,128990.051,none,,125568.436,125595.913,128990.051,3000,3394.138,128990.051,"[{""stage_name"": ""fixation"", ""planned_duration_ms"": 100, ""intended_onset_ms"": 125468.436, ""actual_onset_global_ms"": 125483.335, ""actual_offset_global_ms"": 125583.236, ""actual_duration_ms"": 99.901}, {""stage_name"": ""stimulus"", ""planned_duration_ms"": 3000, ""intended_onset_ms"": 125568.436, ""actual_onset_global_ms"": 125595.913, ""actual_offset_global_ms"": 128990.051, ""actual_duration_ms"": 3394.138}]",,,,,0,1,0,0,1,,,,,,,,,,,,,,,,,,,,,,,,,,,,,,,,,,,,,,,,,,,,
0009,0009_T1_20260518_155637,PA,T1,standard,hci_substudy_v2,1,telemetry_v4,flanker,1,formal_block_2,formal,2,2,34,formal,incongruent,1779090997,160.064,2026-05-18T15:58:50.130,0,0,0,1,128997.477,129015.03,incongruent,left,right,>><>>,s,s,1,847.13,129977.763,none,,129097.477,129130.633,129977.763,3000,847.13,129977.763,"[{""stage_name"": ""fixation"", ""planned_duration_ms"": 100, ""intended_onset_ms"": 128997.477, ""actual_onset_global_ms"": 129015.03, ""actual_offset_global_ms"": 129117.808, ""actual_duration_ms"": 102.778}, {""stage_name"": ""stimulus"", ""planned_duration_ms"": 3000, ""intended_onset_ms"": 129097.477, ""actual_onset_global_ms"": 129130.633, ""actual_offset_global_ms"": 129977.763, ""actual_duration_ms"": 847.13}]",,,,,0,0,1,0,1,,,,,,,,,,,,,,,,,,,,,,,,,,,,,,,,,,,,,,,,,,,,
0009,0009_T1_20260518_155637,PA,T1,standard,hci_substudy_v2,1,telemetry_v4,flanker,1,formal_block_2,formal,2,3,35,formal,incongruent,1779090997,160.064,2026-05-18T15:58:51.126,0,0,0,1,129993.575,130008.394,incongruent,right,left,<<><<,j,j,1,626.073,130750.889,none,,130093.575,130124.816,130750.889,3000,626.073,130750.889,"[{""stage_name"": ""fixation"", ""planned_duration_ms"": 100, ""intended_onset_ms"": 129993.575, ""actual_onset_global_ms"": 130008.394, ""actual_offset_global_ms"": 130111.426, ""actual_duration_ms"": 103.032}, {""stage_name"": ""stimulus"", ""planned_duration_ms"": 3000, ""intended_onset_ms"": 130093.575, ""actual_onset_global_ms"": 130124.816, ""actual_offset_global_ms"": 130750.889, ""actual_duration_ms"": 626.073}]",,,,,0,0,1,0,1,,,,,,,,,,,,,,,,,,,,,,,,,,,,,,,,,,,,,,,,,,,,
0009,0009_T1_20260518_155637,PA,T1,standard,hci_substudy_v2,1,telemetry_v4,flanker,1,formal_block_2,formal,2,4,36,formal,congruent,1779090997,160.064,2026-05-18T15:58:51.899,0,0,0,1,130767.193,130783.944,congruent,left,left,<<<<<,s,s,1,835.939,131728.107,none,,130867.193,130892.168,131728.107,3000,835.939,131728.107,"[{""stage_name"": ""fixation"", ""planned_duration_ms"": 100, ""intended_onset_ms"": 130767.193, ""actual_onset_global_ms"": 130783.944, ""actual_offset_global_ms"": 130880.288, ""actual_duration_ms"": 96.344}, {""stage_name"": ""stimulus"", ""planned_duration_ms"": 3000, ""intended_onset_ms"": 130867.193, ""actual_onset_global_ms"": 130892.168, ""actual_offset_global_ms"": 131728.107, ""actual_duration_ms"": 835.939}]",,,,,0,0,1,0,1,,,,,,,,,,,,,,,,,,,,,,,,,,,,,,,,,,,,,,,,,,,,
0009,0009_T1_20260518_155637,PA,T1,standard,hci_substudy_v2,1,telemetry_v4,flanker,1,formal_block_2,formal,2,5,37,formal,incongruent,1779090997,160.064,2026-05-18T15:58:52.881,0,0,0,1,131748.725,131766.376,incongruent,left,right,>><>>,s,s,1,1145.998,133023.738,none,,131848.725,131877.74,133023.738,3000,1145.998,133023.738,"[{""stage_name"": ""fixation"", ""planned_duration_ms"": 100, ""intended_onset_ms"": 131748.725, ""actual_onset_global_ms"": 131766.376, ""actual_offset_global_ms"": 131865.153, ""actual_duration_ms"": 98.777}, {""stage_name"": ""stimulus"", ""planned_duration_ms"": 3000, ""intended_onset_ms"": 131848.725, ""actual_onset_global_ms"": 131877.74, ""actual_offset_global_ms"": 133023.738, ""actual_duration_ms"": 1145.998}]",,,,,0,0,1,0,1,,,,,,,,,,,,,,,,,,,,,,,,,,,,,,,,,,,,,,,,,,,,
0009,0009_T1_20260518_155637,PA,T1,standard,hci_substudy_v2,1,telemetry_v4,flanker,1,formal_block_2,formal,2,6,38,formal,congruent,1779090997,160.064,2026-05-18T15:58:54.179,0,0,0,1,133046.345,133060.724,congruent,right,right,>>>>>,j,j,1,811.435,133988.269,none,,133146.345,133176.834,133988.269,3000,811.435,133988.269,"[{""stage_name"": ""fixation"", ""planned_duration_ms"": 100, ""intended_onset_ms"": 133046.345, ""actual_onset_global_ms"": 133060.724, ""actual_offset_global_ms"": 133164.721, ""actual_duration_ms"": 103.997}, {""stage_name"": ""stimulus"", ""planned_duration_ms"": 3000, ""intended_onset_ms"": 133146.345, ""actual_onset_global_ms"": 133176.834, ""actual_offset_global_ms"": 133988.269, ""actual_duration_ms"": 811.435}]",,,,,0,0,1,0,1,,,,,,,,,,,,,,,,,,,,,,,,,,,,,,,,,,,,,,,,,,,,
0009,0009_T1_20260518_155637,PA,T1,standard,hci_substudy_v2,1,telemetry_v4,flanker,1,formal_block_2,formal,2,7,39,formal,incongruent,1779090997,160.064,2026-05-18T15:58:55.152,0,0,0,1,134019.496,134040.636,incongruent,left,right,>><>>,s,s,1,968.768,135112.366,none,,134119.496,134143.598,135112.366,3000,968.768,135112.366,"[{""stage_name"": ""fixation"", ""planned_duration_ms"": 100, ""intended_onset_ms"": 134019.496, ""actual_onset_global_ms"": 134040.636, ""actual_offset_global_ms"": 134132.481, ""actual_duration_ms"": 91.845}, {""stage_name"": ""stimulus"", ""planned_duration_ms"": 3000, ""intended_onset_ms"": 134119.496, ""actual_onset_global_ms"": 134143.598, ""actual_offset_global_ms"": 135112.366, ""actual_duration_ms"": 968.768}]",,,,,0,0,1,0,1,,,,,,,,,,,,,,,,,,,,,,,,,,,,,,,,,,,,,,,,,,,,
0009,0009_T1_20260518_155637,PA,T1,standard,hci_substudy_v2,1,telemetry_v4,flanker,1,formal_block_2,formal,2,8,40,formal,congruent,1779090997,160.064,2026-05-18T15:58:56.251,0,0,0,1,135118.348,135133.216,congruent,left,left,<<<<<,s,s,1,814.131,136062.928,none,,135218.348,135248.797,136062.928,3000,814.131,136062.928,"[{""stage_name"": ""fixation"", ""planned_duration_ms"": 100, ""intended_onset_ms"": 135118.348, ""actual_onset_global_ms"": 135133.216, ""actual_offset_global_ms"": 135234.908, ""actual_duration_ms"": 101.692}, {""stage_name"": ""stimulus"", ""planned_duration_ms"": 3000, ""intended_onset_ms"": 135218.348, ""actual_onset_global_ms"": 135248.797, ""actual_offset_global_ms"": 136062.928, ""actual_duration_ms"": 814.131}]",,,,,0,0,1,0,1,,,,,,,,,,,,,,,,,,,,,,,,,,,,,,,,,,,,,,,,,,,,
0009,0009_T1_20260518_155637,PA,T1,standard,hci_substudy_v2,1,telemetry_v4,flanker,1,formal_block_2,formal,2,9,41,formal,incongruent,1779090997,160.064,2026-05-18T15:58:57.207,0,0,0,1,136074.586,136092.315,incongruent,right,left,<<><<,j,j,1,805.817,137002.869,none,,136174.586,136197.052,137002.869,3000,805.817,137002.869,"[{""stage_name"": ""fixation"", ""planned_duration_ms"": 100, ""intended_onset_ms"": 136074.586, ""actual_onset_global_ms"": 136092.315, ""actual_offset_global_ms"": 136182.383, ""actual_duration_ms"": 90.068}, {""stage_name"": ""stimulus"", ""planned_duration_ms"": 3000, ""intended_onset_ms"": 136174.586, ""actual_onset_global_ms"": 136197.052, ""actual_offset_global_ms"": 137002.869, ""actual_duration_ms"": 805.817}]",,,,,0,0,1,0,1,,,,,,,,,,,,,,,,,,,,,,,,,,,,,,,,,,,,,,,,,,,,
0009,0009_T1_20260518_155637,PA,T1,standard,hci_substudy_v2,1,telemetry_v4,flanker,1,formal_block_2,formal,2,10,42,formal,congruent,1779090997,160.064,2026-05-18T15:58:58.172,0,0,0,1,137040.215,137056.216,congruent,right,right,>>>>>,j,j,1,712.972,137887.374,none,,137140.215,137174.402,137887.374,3000,712.972,137887.374,"[{""stage_name"": ""fixation"", ""planned_duration_ms"": 100, ""intended_onset_ms"": 137040.215, ""actual_onset_global_ms"": 137056.216, ""actual_offset_global_ms"": 137162.271, ""actual_duration_ms"": 106.055}, {""stage_name"": ""stimulus"", ""planned_duration_ms"": 3000, ""intended_onset_ms"": 137140.215, ""actual_onset_global_ms"": 137174.402, ""actual_offset_global_ms"": 137887.374, ""actual_duration_ms"": 712.972}]",,,,,0,0,1,0,1,,,,,,,,,,,,,,,,,,,,,,,,,,,,,,,,,,,,,,,,,,,,
0009,0009_T1_20260518_155637,PA,T1,standard,hci_substudy_v2,1,telemetry_v4,flanker,1,formal_block_2,formal,2,11,43,formal,congruent,1779090997,160.064,2026-05-18T15:58:59.044,0,0,0,1,137911.006,137927.723,congruent,right,right,>>>>>,j,j,1,785.434,138824.514,none,,138011.006,138039.08,138824.514,3000,785.434,138824.514,"[{""stage_name"": ""fixation"", ""planned_duration_ms"": 100, ""intended_onset_ms"": 137911.006, ""actual_onset_global_ms"": 137927.723, ""actual_offset_global_ms"": 138026.968, ""actual_duration_ms"": 99.245}, {""stage_name"": ""stimulus"", ""planned_duration_ms"": 3000, ""intended_onset_ms"": 138011.006, ""actual_onset_global_ms"": 138039.08, ""actual_offset_global_ms"": 138824.514, ""actual_duration_ms"": 785.434}]",,,,,0,0,1,0,1,,,,,,,,,,,,,,,,,,,,,,,,,,,,,,,,,,,,,,,,,,,,
0009,0009_T1_20260518_155637,PA,T1,standard,hci_substudy_v2,1,telemetry_v4,flanker,1,formal_block_2,formal,2,12,44,formal,incongruent,1779090997,160.064,2026-05-18T15:59:00.006,0,0,0,1,138873.004,138895.563,incongruent,left,right,>><>>,s,s,1,1575.741,140571.748,none,,138973.004,138996.007,140571.748,3000,1575.741,140571.748,"[{""stage_name"": ""fixation"", ""planned_duration_ms"": 100, ""intended_onset_ms"": 138873.004, ""actual_onset_global_ms"": 138895.563, ""actual_offset_global_ms"": 138983.348, ""actual_duration_ms"": 87.785}, {""stage_name"": ""stimulus"", ""planned_duration_ms"": 3000, ""intended_onset_ms"": 138973.004, ""actual_onset_global_ms"": 138996.007, ""actual_offset_global_ms"": 140571.748, ""actual_duration_ms"": 1575.741}]",,,,,0,0,1,0,1,,,,,,,,,,,,,,,,,,,,,,,,,,,,,,,,,,,,,,,,,,,,
0009,0009_T1_20260518_155637,PA,T1,standard,hci_substudy_v2,1,telemetry_v4,flanker,1,formal_block_2,formal,2,13,45,formal,incongruent,1779090997,160.064,2026-05-18T15:59:01.730,0,0,0,1,140596.839,140610.972,incongruent,right,left,<<><<,j,j,1,3002.869,143733.034,none,,140696.839,140730.165,143733.034,3000,3002.869,143733.034,"[{""stage_name"": ""fixation"", ""planned_duration_ms"": 100, ""intended_onset_ms"": 140596.839, ""actual_onset_global_ms"": 140610.972, ""actual_offset_global_ms"": 140716.764, ""actual_duration_ms"": 105.792}, {""stage_name"": ""stimulus"", ""planned_duration_ms"": 3000, ""intended_onset_ms"": 140696.839, ""actual_onset_global_ms"": 140730.165, ""actual_offset_global_ms"": 143733.034, ""actual_duration_ms"": 3002.869}]",,,,,0,1,0,0,1,,,,,,,,,,,,,,,,,,,,,,,,,,,,,,,,,,,,,,,,,,,,
0009,0009_T1_20260518_155637,PA,T1,standard,hci_substudy_v2,1,telemetry_v4,flanker,1,formal_block_2,formal,2,14,46,formal,congruent,1779090997,160.064,2026-05-18T15:59:04.878,0,0,0,1,143745.096,143762.802,congruent,left,left,<<<<<,s,s,1,649.012,144528.958,none,,143845.096,143879.946,144528.958,3000,649.012,144528.958,"[{""stage_name"": ""fixation"", ""planned_duration_ms"": 100, ""intended_onset_ms"": 143745.096, ""actual_onset_global_ms"": 143762.802, ""actual_offset_global_ms"": 143866.622, ""actual_duration_ms"": 103.82}, {""stage_name"": ""stimulus"", ""planned_duration_ms"": 3000, ""intended_onset_ms"": 143845.096, ""actual_onset_global_ms"": 143879.946, ""actual_offset_global_ms"": 144528.958, ""actual_duration_ms"": 649.012}]",,,,,0,0,1,0,1,,,,,,,,,,,,,,,,,,,,,,,,,,,,,,,,,,,,,,,,,,,,
0009,0009_T1_20260518_155637,PA,T1,standard,hci_substudy_v2,1,telemetry_v4,flanker,1,formal_block_2,formal,2,15,47,formal,incongruent,1779090997,160.064,2026-05-18T15:59:05.669,0,0,0,1,144536.8,144553.269,incongruent,right,left,<<><<,j,j,1,661.41,145327.063,none,,144636.8,144665.653,145327.063,3000,661.41,145327.063,"[{""stage_name"": ""fixation"", ""planned_duration_ms"": 100, ""intended_onset_ms"": 144536.8, ""actual_onset_global_ms"": 144553.269, ""actual_offset_global_ms"": 144653.68, ""actual_duration_ms"": 100.411}, {""stage_name"": ""stimulus"", ""planned_duration_ms"": 3000, ""intended_onset_ms"": 144636.8, ""actual_onset_global_ms"": 144665.653, ""actual_offset_global_ms"": 145327.063, ""actual_duration_ms"": 661.41}]",,,,,0,0,1,0,1,,,,,,,,,,,,,,,,,,,,,,,,,,,,,,,,,,,,,,,,,,,,
0009,0009_T1_20260518_155637,PA,T1,standard,hci_substudy_v2,1,telemetry_v4,flanker,1,formal_block_2,formal,2,16,48,formal,incongruent,1779090997,160.064,2026-05-18T15:59:06.467,0,0,0,1,145335.046,145352.932,incongruent,right,left,<<><<,j,s,0,561.184,146020.078,none,,145435.046,145458.894,146020.078,3000,561.184,146020.078,"[{""stage_name"": ""fixation"", ""planned_duration_ms"": 100, ""intended_onset_ms"": 145335.046, ""actual_onset_global_ms"": 145352.932, ""actual_offset_global_ms"": 145448.092, ""actual_duration_ms"": 95.16}, {""stage_name"": ""stimulus"", ""planned_duration_ms"": 3000, ""intended_onset_ms"": 145435.046, ""actual_onset_global_ms"": 145458.894, ""actual_offset_global_ms"": 146020.078, ""actual_duration_ms"": 561.184}]",,,,,0,0,0,0,1,,,,,,,,,,,,,,,,,,,,,,,,,,,,,,,,,,,,,,,,,,,,
0009,0009_T1_20260518_155637,PA,T1,standard,hci_substudy_v2,1,telemetry_v4,flanker,1,formal_block_2,formal,2,17,49,formal,congruent,1779090997,160.064,2026-05-18T15:59:07.166,0,0,0,1,146034.163,146049.138,congruent,left,left,<<<<<,s,s,1,1992.533,148159.525,none,,146134.163,146166.992,148159.525,3000,1992.533,148159.525,"[{""stage_name"": ""fixation"", ""planned_duration_ms"": 100, ""intended_onset_ms"": 146034.163, ""actual_onset_global_ms"": 146049.138, ""actual_offset_global_ms"": 146154.03, ""actual_duration_ms"": 104.892}, {""stage_name"": ""stimulus"", ""planned_duration_ms"": 3000, ""intended_onset_ms"": 146134.163, ""actual_onset_global_ms"": 146166.992, ""actual_offset_global_ms"": 148159.525, ""actual_duration_ms"": 1992.533}]",,,,,0,0,1,0,1,,,,,,,,,,,,,,,,,,,,,,,,,,,,,,,,,,,,,,,,,,,,
0009,0009_T1_20260518_155637,PA,T1,standard,hci_substudy_v2,1,telemetry_v4,flanker,1,formal_block_2,formal,2,18,50,formal,congruent,1779090997,160.064,2026-05-18T15:59:09.301,0,0,0,1,148168.63,148185.483,congruent,left,left,<<<<<,s,s,1,1108.725,149403.09,none,,148268.63,148294.365,149403.09,3000,1108.725,149403.09,"[{""stage_name"": ""fixation"", ""planned_duration_ms"": 100, ""intended_onset_ms"": 148168.63, ""actual_onset_global_ms"": 148185.483, ""actual_offset_global_ms"": 148281.72, ""actual_duration_ms"": 96.237}, {""stage_name"": ""stimulus"", ""planned_duration_ms"": 3000, ""intended_onset_ms"": 148268.63, ""actual_onset_global_ms"": 148294.365, ""actual_offset_global_ms"": 149403.09, ""actual_duration_ms"": 1108.725}]",,,,,0,0,1,0,1,,,,,,,,,,,,,,,,,,,,,,,,,,,,,,,,,,,,,,,,,,,,
0009,0009_T1_20260518_155637,PA,T1,standard,hci_substudy_v2,1,telemetry_v4,flanker,1,formal_block_2,formal,2,19,51,formal,congruent,1779090997,160.064,2026-05-18T15:59:10.548,0,0,0,1,149415.48,149434.102,congruent,right,right,>>>>>,j,j,1,626.592,150170.614,none,,149515.48,149544.022,150170.614,3000,626.592,150170.614,"[{""stage_name"": ""fixation"", ""planned_duration_ms"": 100, ""intended_onset_ms"": 149415.48, ""actual_onset_global_ms"": 149434.102, ""actual_offset_global_ms"": 149532.123, ""actual_duration_ms"": 98.021}, {""stage_name"": ""stimulus"", ""planned_duration_ms"": 3000, ""intended_onset_ms"": 149515.48, ""actual_onset_global_ms"": 149544.022, ""actual_offset_global_ms"": 150170.614, ""actual_duration_ms"": 626.592}]",,,,,0,0,1,0,1,,,,,,,,,,,,,,,,,,,,,,,,,,,,,,,,,,,,,,,,,,,,
0009,0009_T1_20260518_155637,PA,T1,standard,hci_substudy_v2,1,telemetry_v4,flanker,1,formal_block_2,formal,2,20,52,formal,incongruent,1779090997,160.064,2026-05-18T15:59:11.326,0,0,0,1,150194.206,150208.6,incongruent,left,right,>><>>,s,s,1,932.088,151256.499,none,,150294.206,150324.411,151256.499,3000,932.088,151256.499,"[{""stage_name"": ""fixation"", ""planned_duration_ms"": 100, ""intended_onset_ms"": 150194.206, ""actual_onset_global_ms"": 150208.6, ""actual_offset_global_ms"": 150311.386, ""actual_duration_ms"": 102.786}, {""stage_name"": ""stimulus"", ""planned_duration_ms"": 3000, ""intended_onset_ms"": 150294.206, ""actual_onset_global_ms"": 150324.411, ""actual_offset_global_ms"": 151256.499, ""actual_duration_ms"": 932.088}]",,,,,0,0,1,0,1,,,,,,,,,,,,,,,,,,,,,,,,,,,,,,,,,,,,,,,,,,,,
0009,0009_T1_20260518_155637,PA,T1,standard,hci_substudy_v2,1,telemetry_v4,dccs,2,mixed_formal,formal,1,1,13,formal,shape,1779090997,160.064,2026-05-18T16:00:21.732,0,0,0,1,220599.564,220618.766,,,,,j,j,1,4603.009,226702.904,none,,221199.564,222099.895,226702.904,3000,4603.009,226702.904,"[{""stage_name"": ""fixation"", ""planned_duration_ms"": 100, ""intended_onset_ms"": 220599.564, ""actual_onset_global_ms"": 220618.766, ""actual_offset_global_ms"": 220722.67, ""actual_duration_ms"": 103.904}, {""stage_name"": ""cue"", ""planned_duration_ms"": 500, ""intended_onset_ms"": 220699.564, ""actual_onset_global_ms"": 220734.32, ""actual_offset_global_ms"": 222089.539, ""actual_duration_ms"": 1355.219}, {""stage_name"": ""stimulus"", ""planned_duration_ms"": 3000, ""intended_onset_ms"": 221199.564, ""actual_onset_global_ms"": 222099.895, ""actual_offset_global_ms"": 226702.904, ""actual_duration_ms"": 4603.009}]",,,,,0,1,0,0,1,0.0,none,,,0.0,0.0,none,0.0,0.0,0.0,0.0,,,0.0,none,none,0.0,shape,cue_shape.wav,形状,220734.505,500.0,221500.755,red,boat,red_boat,first,,shape,5968.584,,,,,,,,,,,,,,
0009,0009_T1_20260518_155637,PA,T1,standard,hci_substudy_v2,1,telemetry_v4,dccs,2,mixed_formal,formal,1,2,14,formal,color,1779090997,160.064,2026-05-18T16:00:27.853,0,0,0,1,226720.642,226735.796,,,,,j,j,1,1791.109,229947.127,none,,227320.642,228156.018,229947.127,3000,1791.109,229947.127,"[{""stage_name"": ""fixation"", ""planned_duration_ms"": 100, ""intended_onset_ms"": 226720.642, ""actual_onset_global_ms"": 226735.796, ""actual_offset_global_ms"": 226837.772, ""actual_duration_ms"": 101.976}, {""stage_name"": ""cue"", ""planned_duration_ms"": 500, ""intended_onset_ms"": 226820.642, ""actual_onset_global_ms"": 226848.027, ""actual_offset_global_ms"": 228146.881, ""actual_duration_ms"": 1298.854}, {""stage_name"": ""stimulus"", ""planned_duration_ms"": 3000, ""intended_onset_ms"": 227320.642, ""actual_onset_global_ms"": 228156.018, ""actual_offset_global_ms"": 229947.127, ""actual_duration_ms"": 1791.109}]",,,,,0,0,1,0,1,0.0,none,,,0.0,0.0,none,0.0,0.0,0.0,0.0,,,0.0,none,none,0.0,color,cue_color.wav,颜色,226848.219,500.0,227544.782,red,rabbit,red_rabbit,switch,shape,color,3099.1,,,,,,,,,,,,,,
0009,0009_T1_20260518_155637,PA,T1,standard,hci_substudy_v2,1,telemetry_v4,dccs,2,mixed_formal,formal,1,3,15,formal,color,1779090997,160.064,2026-05-18T16:00:31.095,0,0,0,1,229962.367,229977.444,,,,,s,s,1,549.741,231926.433,none,,230562.367,231376.692,231926.433,3000,549.741,231926.433,"[{""stage_name"": ""fixation"", ""planned_duration_ms"": 100, ""intended_onset_ms"": 229962.367, ""actual_onset_global_ms"": 229977.444, ""actual_offset_global_ms"": 230073.504, ""actual_duration_ms"": 96.06}, {""stage_name"": ""cue"", ""planned_duration_ms"": 500, ""intended_onset_ms"": 230062.367, ""actual_onset_global_ms"": 230083.084, ""actual_offset_global_ms"": 231367.827, ""actual_duration_ms"": 1284.743}, {""stage_name"": ""stimulus"", ""planned_duration_ms"": 3000, ""intended_onset_ms"": 230562.367, ""actual_onset_global_ms"": 231376.692, ""actual_offset_global_ms"": 231926.433, ""actual_duration_ms"": 549.741}]",,,,,0,0,1,0,1,0.0,none,,,0.0,0.0,none,0.0,0.0,0.0,0.0,,,0.0,none,none,0.0,color,cue_color.wav,颜色,230083.294,500.0,230779.856,blue,boat,blue_boat,repeat,color,color,1843.349,,,,,,,,,,,,,,
0009,0009_T1_20260518_155637,PA,T1,standard,hci_substudy_v2,1,telemetry_v4,dccs,2,mixed_formal,formal,1,4,16,formal,shape,1779090997,160.064,2026-05-18T16:00:33.065,0,0,0,1,231933.592,231951.4,,,,,s,s,1,891.783,234315.754,none,,232533.592,233423.971,234315.754,3000,891.783,234315.754,"[{""stage_name"": ""fixation"", ""planned_duration_ms"": 100, ""intended_onset_ms"": 231933.592, ""actual_onset_global_ms"": 231951.4, ""actual_offset_global_ms"": 232053.244, ""actual_duration_ms"": 101.844}, {""stage_name"": ""cue"", ""planned_duration_ms"": 500, ""intended_onset_ms"": 232033.592, ""actual_onset_global_ms"": 232065.992, ""actual_offset_global_ms"": 233414.418, ""actual_duration_ms"": 1348.426}, {""stage_name"": ""stimulus"", ""planned_duration_ms"": 3000, ""intended_onset_ms"": 232533.592, ""actual_onset_global_ms"": 233423.971, ""actual_offset_global_ms"": 234315.754, ""actual_duration_ms"": 891.783}]",,,,,0,0,1,0,1,0.0,none,,,0.0,0.0,none,0.0,0.0,0.0,0.0,,,0.0,none,none,0.0,shape,cue_shape.wav,形状,232066.751,500.0,232833.001,red,rabbit,red_rabbit,switch,color,shape,2249.762,,,,,,,,,,,,,,
0009,0009_T1_20260518_155637,PA,T1,standard,hci_substudy_v2,1,telemetry_v4,dccs,2,mixed_formal,formal,1,5,17,formal,shape,1779090997,160.064,2026-05-18T16:00:35.466,0,0,0,1,234332.82,234348.798,,,,,j,j,1,617.186,236430.424,none,,234932.82,235813.238,236430.424,3000,617.186,236430.424,"[{""stage_name"": ""fixation"", ""planned_duration_ms"": 100, ""intended_onset_ms"": 234332.82, ""actual_onset_global_ms"": 234348.798, ""actual_offset_global_ms"": 234441.208, ""actual_duration_ms"": 92.41}, {""stage_name"": ""cue"", ""planned_duration_ms"": 500, ""intended_onset_ms"": 234432.82, ""actual_onset_global_ms"": 234452.766, ""actual_offset_global_ms"": 235803.018, ""actual_duration_ms"": 1350.252}, {""stage_name"": ""stimulus"", ""planned_duration_ms"": 3000, ""intended_onset_ms"": 234932.82, ""actual_onset_global_ms"": 235813.238, ""actual_offset_global_ms"": 236430.424, ""actual_duration_ms"": 617.186}]",,,,,0,0,1,0,1,0.0,none,,,0.0,0.0,none,0.0,0.0,0.0,0.0,,,0.0,none,none,0.0,shape,cue_shape.wav,形状,234453.885,500.0,235220.135,blue,boat,blue_boat,repeat,shape,shape,1977.658,,,,,,,,,,,,,,
0009,0009_T1_20260518_155637,PA,T1,standard,hci_substudy_v2,1,telemetry_v4,dccs,2,mixed_formal,formal,1,6,18,formal,color,1779090997,160.064,2026-05-18T16:00:37.570,0,0,0,1,236437.223,236454.436,,,,,s,s,1,1250.95,239104.161,none,,237037.223,237853.211,239104.161,3000,1250.95,239104.161,"[{""stage_name"": ""fixation"", ""planned_duration_ms"": 100, ""intended_onset_ms"": 236437.223, ""actual_onset_global_ms"": 236454.436, ""actual_offset_global_ms"": 236556.673, ""actual_duration_ms"": 102.237}, {""stage_name"": ""cue"", ""planned_duration_ms"": 500, ""intended_onset_ms"": 236537.223, ""actual_onset_global_ms"": 236567.06, ""actual_offset_global_ms"": 237844.911, ""actual_duration_ms"": 1277.851}, {""stage_name"": ""stimulus"", ""planned_duration_ms"": 3000, ""intended_onset_ms"": 237037.223, ""actual_onset_global_ms"": 237853.211, ""actual_offset_global_ms"": 239104.161, ""actual_duration_ms"": 1250.95}]",,,,,0,0,1,0,1,0.0,none,,,0.0,0.0,none,0.0,0.0,0.0,0.0,,,0.0,none,none,0.0,color,cue_color.wav,颜色,236567.259,500.0,237263.821,blue,rabbit,blue_rabbit,switch,shape,color,2537.101,,,,,,,,,,,,,,
0009,0009_T1_20260518_155637,PA,T1,standard,hci_substudy_v2,1,telemetry_v4,dccs,2,mixed_formal,formal,1,7,19,formal,color,1779090997,160.064,2026-05-18T16:00:40.245,0,0,0,1,239111.931,239127.221,,,,,s,s,1,1049.986,241585.016,none,,239711.931,240535.03,241585.016,3000,1049.986,241585.016,"[{""stage_name"": ""fixation"", ""planned_duration_ms"": 100, ""intended_onset_ms"": 239111.931, ""actual_onset_global_ms"": 239127.221, ""actual_offset_global_ms"": 239227.419, ""actual_duration_ms"": 100.198}, {""stage_name"": ""cue"", ""planned_duration_ms"": 500, ""intended_onset_ms"": 239211.931, ""actual_onset_global_ms"": 239237.215, ""actual_offset_global_ms"": 240524.96, ""actual_duration_ms"": 1287.745}, {""stage_name"": ""stimulus"", ""planned_duration_ms"": 3000, ""intended_onset_ms"": 239711.931, ""actual_onset_global_ms"": 240535.03, ""actual_offset_global_ms"": 241585.016, ""actual_duration_ms"": 1049.986}]",,,,,0,0,1,0,1,0.0,none,,,0.0,0.0,none,0.0,0.0,0.0,0.0,,,0.0,none,none,0.0,color,cue_color.wav,颜色,239237.404,500.0,239933.967,blue,boat,blue_boat,repeat,color,color,2347.801,,,,,,,,,,,,,,
0009,0009_T1_20260518_155637,PA,T1,standard,hci_substudy_v2,1,telemetry_v4,dccs,2,mixed_formal,formal,1,8,20,formal,shape,1779090997,160.064,2026-05-18T16:00:42.730,0,0,0,1,241597.863,241614.583,,,,,s,s,1,3186.459,246274.127,none,,242197.863,243087.668,246274.127,3000,3186.459,246274.127,"[{""stage_name"": ""fixation"", ""planned_duration_ms"": 100, ""intended_onset_ms"": 241597.863, ""actual_onset_global_ms"": 241614.583, ""actual_offset_global_ms"": 241719.363, ""actual_duration_ms"": 104.78}, {""stage_name"": ""cue"", ""planned_duration_ms"": 500, ""intended_onset_ms"": 241697.863, ""actual_onset_global_ms"": 241730.896, ""actual_offset_global_ms"": 243077.741, ""actual_duration_ms"": 1346.845}, {""stage_name"": ""stimulus"", ""planned_duration_ms"": 3000, ""intended_onset_ms"": 242197.863, ""actual_onset_global_ms"": 243087.668, ""actual_offset_global_ms"": 246274.127, ""actual_duration_ms"": 3186.459}]",,,,,0,1,0,0,1,0.0,none,,,0.0,0.0,none,0.0,0.0,0.0,0.0,,,0.0,none,none,0.0,shape,cue_shape.wav,形状,241731.13,500.0,242497.38,red,rabbit,red_rabbit,switch,color,shape,4543.231,,,,,,,,,,,,,,
0009,0009_T1_20260518_155637,PA,T1,standard,hci_substudy_v2,1,telemetry_v4,dccs,2,mixed_formal,formal,1,9,21,formal,shape,1779090997,160.064,2026-05-18T16:00:47.426,0,0,0,1,246293.351,246309.336,,,,,j,j,1,893.433,248691.486,none,,246893.351,247798.053,248691.486,3000,893.433,248691.486,"[{""stage_name"": ""fixation"", ""planned_duration_ms"": 100, ""intended_onset_ms"": 246293.351, ""actual_onset_global_ms"": 246309.336, ""actual_offset_global_ms"": 246416.37, ""actual_duration_ms"": 107.034}, {""stage_name"": ""cue"", ""planned_duration_ms"": 500, ""intended_onset_ms"": 246393.351, ""actual_onset_global_ms"": 246426.617, ""actual_offset_global_ms"": 247788.774, ""actual_duration_ms"": 1362.157}, {""stage_name"": ""stimulus"", ""planned_duration_ms"": 3000, ""intended_onset_ms"": 246893.351, ""actual_onset_global_ms"": 247798.053, ""actual_offset_global_ms"": 248691.486, ""actual_duration_ms"": 893.433}]",,,,,0,0,1,0,1,0.0,none,,,0.0,0.0,none,0.0,0.0,0.0,0.0,,,0.0,none,none,0.0,shape,cue_shape.wav,形状,246426.846,500.0,247193.096,red,boat,red_boat,repeat,shape,shape,2264.869,,,,,,,,,,,,,,
0009,0009_T1_20260518_155637,PA,T1,standard,hci_substudy_v2,1,telemetry_v4,dccs,2,mixed_formal,formal,1,10,22,formal,color,1779090997,160.064,2026-05-18T16:00:49.845,0,0,0,1,248712.039,248728.82,,,,,s,s,1,1910.899,252078.325,none,,249312.039,250167.426,252078.325,3000,1910.899,252078.325,"[{""stage_name"": ""fixation"", ""planned_duration_ms"": 100, ""intended_onset_ms"": 248712.039, ""actual_onset_global_ms"": 248728.82, ""actual_offset_global_ms"": 248830.141, ""actual_duration_ms"": 101.321}, {""stage_name"": ""cue"", ""planned_duration_ms"": 500, ""intended_onset_ms"": 248812.039, ""actual_onset_global_ms"": 248840.805, ""actual_offset_global_ms"": 250157.243, ""actual_duration_ms"": 1316.438}, {""stage_name"": ""stimulus"", ""planned_duration_ms"": 3000, ""intended_onset_ms"": 249312.039, ""actual_onset_global_ms"": 250167.426, ""actual_offset_global_ms"": 252078.325, ""actual_duration_ms"": 1910.899}]",,,,,0,0,1,0,1,0.0,none,,,0.0,0.0,none,0.0,0.0,0.0,0.0,,,0.0,none,none,0.0,color,cue_color.wav,颜色,248841.266,500.0,249537.829,blue,rabbit,blue_rabbit,switch,shape,color,3237.52,,,,,,,,,,,,,,
0009,0009_T1_20260518_155637,PA,T1,standard,hci_substudy_v2,1,telemetry_v4,dccs,2,mixed_formal,formal,1,11,23,formal,shape,1779090997,160.064,2026-05-18T16:00:53.228,0,0,0,1,252095.382,252113.317,,,,,j,j,1,2373.459,255949.789,none,,252695.382,253576.33,255949.789,3000,2373.459,255949.789,"[{""stage_name"": ""fixation"", ""planned_duration_ms"": 100, ""intended_onset_ms"": 252095.382, ""actual_onset_global_ms"": 252113.317, ""actual_offset_global_ms"": 252204.34, ""actual_duration_ms"": 91.023}, {""stage_name"": ""cue"", ""planned_duration_ms"": 500, ""intended_onset_ms"": 252195.382, ""actual_onset_global_ms"": 252215.883, ""actual_offset_global_ms"": 253566.071, ""actual_duration_ms"": 1350.188}, {""stage_name"": ""stimulus"", ""planned_duration_ms"": 3000, ""intended_onset_ms"": 252695.382, ""actual_onset_global_ms"": 253576.33, ""actual_offset_global_ms"": 255949.789, ""actual_duration_ms"": 2373.459}]",,,,,0,0,1,0,1,0.0,none,,,0.0,0.0,none,0.0,0.0,0.0,0.0,,,0.0,none,none,0.0,shape,cue_shape.wav,形状,252216.063,500.0,252982.313,red,boat,red_boat,switch,color,shape,3733.906,,,,,,,,,,,,,,
0009,0009_T1_20260518_155637,PA,T1,standard,hci_substudy_v2,1,telemetry_v4,dccs,2,mixed_formal,formal,1,12,24,formal,color,1779090997,160.064,2026-05-18T16:00:57.101,0,0,0,1,255968.641,255984.224,,,,,j,j,1,1224.016,258610.201,none,,256568.641,257386.185,258610.201,3000,1224.016,258610.201,"[{""stage_name"": ""fixation"", ""planned_duration_ms"": 100, ""intended_onset_ms"": 255968.641, ""actual_onset_global_ms"": 255984.224, ""actual_offset_global_ms"": 256086.178, ""actual_duration_ms"": 101.954}, {""stage_name"": ""cue"", ""planned_duration_ms"": 500, ""intended_onset_ms"": 256068.641, ""actual_onset_global_ms"": 256095.901, ""actual_offset_global_ms"": 257376.102, ""actual_duration_ms"": 1280.201}, {""stage_name"": ""stimulus"", ""planned_duration_ms"": 3000, ""intended_onset_ms"": 256568.641, ""actual_onset_global_ms"": 257386.185, ""actual_offset_global_ms"": 258610.201, ""actual_duration_ms"": 1224.016}]",,,,,0,0,1,0,1,0.0,none,,,0.0,0.0,none,0.0,0.0,0.0,0.0,,,0.0,none,none,0.0,color,cue_color.wav,颜色,256096.164,500.0,256792.726,red,rabbit,red_rabbit,switch,shape,color,2514.3,,,,,,,,,,,,,,
0009,0009_T1_20260518_155637,PA,T1,standard,hci_substudy_v2,1,telemetry_v4,dccs,2,mixed_formal,formal,1,13,25,formal,shape,1779090997,160.064,2026-05-18T16:00:59.754,0,0,0,1,258621.197,258637.745,,,,,s,s,1,2741.369,262836.199,none,,259221.197,260094.83,262836.199,3000,2741.369,262836.199,"[{""stage_name"": ""fixation"", ""planned_duration_ms"": 100, ""intended_onset_ms"": 258621.197, ""actual_onset_global_ms"": 258637.745, ""actual_offset_global_ms"": 258730.111, ""actual_duration_ms"": 92.366}, {""stage_name"": ""cue"", ""planned_duration_ms"": 500, ""intended_onset_ms"": 258721.197, ""actual_onset_global_ms"": 258741.853, ""actual_offset_global_ms"": 260086.008, ""actual_duration_ms"": 1344.155}, {""stage_name"": ""stimulus"", ""planned_duration_ms"": 3000, ""intended_onset_ms"": 259221.197, ""actual_onset_global_ms"": 260094.83, ""actual_offset_global_ms"": 262836.199, ""actual_duration_ms"": 2741.369}]",,,,,0,0,1,0,1,0.0,none,,,0.0,0.0,none,0.0,0.0,0.0,0.0,,,0.0,none,none,0.0,shape,cue_shape.wav,形状,258742.066,500.0,259508.316,red,rabbit,red_rabbit,switch,color,shape,4094.346,,,,,,,,,,,,,,
0009,0009_T1_20260518_155637,PA,T1,standard,hci_substudy_v2,1,telemetry_v4,dccs,2,mixed_formal,formal,1,14,26,formal,shape,1779090997,160.064,2026-05-18T16:01:03.980,0,0,0,1,262847.569,262863.941,,,,,s,s,1,2775.901,267105.095,none,,263447.569,264329.194,267105.095,3000,2775.901,267105.095,"[{""stage_name"": ""fixation"", ""planned_duration_ms"": 100, ""intended_onset_ms"": 262847.569, ""actual_onset_global_ms"": 262863.941, ""actual_offset_global_ms"": 262954.632, ""actual_duration_ms"": 90.691}, {""stage_name"": ""cue"", ""planned_duration_ms"": 500, ""intended_onset_ms"": 262947.569, ""actual_onset_global_ms"": 262965.66, ""actual_offset_global_ms"": 264318.21, ""actual_duration_ms"": 1352.55}, {""stage_name"": ""stimulus"", ""planned_duration_ms"": 3000, ""intended_onset_ms"": 263447.569, ""actual_onset_global_ms"": 264329.194, ""actual_offset_global_ms"": 267105.095, ""actual_duration_ms"": 2775.901}]",,,,,0,0,1,0,1,0.0,none,,,0.0,0.0,none,0.0,0.0,0.0,0.0,,,0.0,none,none,0.0,shape,cue_shape.wav,形状,262965.835,500.0,263732.085,blue,rabbit,blue_rabbit,repeat,shape,shape,4139.435,,,,,,,,,,,,,,
0009,0009_T1_20260518_155637,PA,T1,standard,hci_substudy_v2,1,telemetry_v4,dccs,2,mixed_formal,formal,1,15,27,formal,shape,1779090997,160.064,2026-05-18T16:01:08.244,0,0,0,1,267111.48,267128.122,,,,,j,j,1,1174.341,269772.277,none,,267711.48,268597.936,269772.277,3000,1174.341,269772.277,"[{""stage_name"": ""fixation"", ""planned_duration_ms"": 100, ""intended_onset_ms"": 267111.48, ""actual_onset_global_ms"": 267128.122, ""actual_offset_global_ms"": 267218.085, ""actual_duration_ms"": 89.963}, {""stage_name"": ""cue"", ""planned_duration_ms"": 500, ""intended_onset_ms"": 267211.48, ""actual_onset_global_ms"": 267230.583, ""actual_offset_global_ms"": 268588.99, ""actual_duration_ms"": 1358.407}, {""stage_name"": ""stimulus"", ""planned_duration_ms"": 3000, ""intended_onset_ms"": 267711.48, ""actual_onset_global_ms"": 268597.936, ""actual_offset_global_ms"": 269772.277, ""actual_duration_ms"": 1174.341}]",,,,,0,0,1,0,1,0.0,none,,,0.0,0.0,none,0.0,0.0,0.0,0.0,,,0.0,none,none,0.0,shape,cue_shape.wav,形状,267230.779,500.0,267997.029,blue,boat,blue_boat,repeat,shape,shape,2541.694,,,,,,,,,,,,,,
0009,0009_T1_20260518_155637,PA,T1,standard,hci_substudy_v2,1,telemetry_v4,dccs,2,mixed_formal,formal,1,16,28,formal,color,1779090997,160.064,2026-05-18T16:01:10.912,0,0,0,1,269779.886,269796.388,,,,,j,j,1,2869.381,274081.974,none,,270379.886,271212.593,274081.974,3000,2869.381,274081.974,"[{""stage_name"": ""fixation"", ""planned_duration_ms"": 100, ""intended_onset_ms"": 269779.886, ""actual_onset_global_ms"": 269796.388, ""actual_offset_global_ms"": 269886.859, ""actual_duration_ms"": 90.471}, {""stage_name"": ""cue"", ""planned_duration_ms"": 500, ""intended_onset_ms"": 269879.886, ""actual_onset_global_ms"": 269899.407, ""actual_offset_global_ms"": 271203.091, ""actual_duration_ms"": 1303.684}, {""stage_name"": ""stimulus"", ""planned_duration_ms"": 3000, ""intended_onset_ms"": 270379.886, ""actual_onset_global_ms"": 271212.593, ""actual_offset_global_ms"": 274081.974, ""actual_duration_ms"": 2869.381}]",,,,,0,0,1,0,1,0.0,none,,,0.0,0.0,none,0.0,0.0,0.0,0.0,,,0.0,none,none,0.0,color,cue_color.wav,颜色,269899.603,500.0,270596.166,red,boat,red_boat,switch,shape,color,4182.567,,,,,,,,,,,,,,
0009,0009_T1_20260518_155637,PA,T1,standard,hci_substudy_v2,1,telemetry_v4,dccs,2,mixed_formal,formal,1,17,29,formal,color,1779090997,160.064,2026-05-18T16:01:15.232,0,0,0,1,274099.364,274114.976,,,,,j,j,1,1905.19,277477.287,none,,274699.364,275572.097,277477.287,3000,1905.19,277477.287,"[{""stage_name"": ""fixation"", ""planned_duration_ms"": 100, ""intended_onset_ms"": 274099.364, ""actual_onset_global_ms"": 274114.976, ""actual_offset_global_ms"": 274216.817, ""actual_duration_ms"": 101.841}, {""stage_name"": ""cue"", ""planned_duration_ms"": 500, ""intended_onset_ms"": 274199.364, ""actual_onset_global_ms"": 274227.677, ""actual_offset_global_ms"": 275563.201, ""actual_duration_ms"": 1335.524}, {""stage_name"": ""stimulus"", ""planned_duration_ms"": 3000, ""intended_onset_ms"": 274699.364, ""actual_onset_global_ms"": 275572.097, ""actual_offset_global_ms"": 277477.287, ""actual_duration_ms"": 1905.19}]",,,,,0,0,1,0,1,0.0,none,,,0.0,0.0,none,0.0,0.0,0.0,0.0,,,0.0,none,none,0.0,color,cue_color.wav,颜色,274227.878,500.0,274924.441,red,boat,red_boat,repeat,color,color,3249.61,,,,,,,,,,,,,,
0009,0009_T1_20260518_155637,PA,T1,standard,hci_substudy_v2,1,telemetry_v4,dccs,2,mixed_formal,formal,1,18,30,formal,color,1779090997,160.064,2026-05-18T16:01:18.622,0,0,0,1,277489.222,277507.098,,,,,s,s,1,608.171,279568.051,none,,278089.222,278959.88,279568.051,3000,608.171,279568.051,"[{""stage_name"": ""fixation"", ""planned_duration_ms"": 100, ""intended_onset_ms"": 277489.222, ""actual_onset_global_ms"": 277507.098, ""actual_offset_global_ms"": 277609.262, ""actual_duration_ms"": 102.164}, {""stage_name"": ""cue"", ""planned_duration_ms"": 500, ""intended_onset_ms"": 277589.222, ""actual_onset_global_ms"": 277620.851, ""actual_offset_global_ms"": 278950.64, ""actual_duration_ms"": 1329.789}, {""stage_name"": ""stimulus"", ""planned_duration_ms"": 3000, ""intended_onset_ms"": 278089.222, ""actual_onset_global_ms"": 278959.88, ""actual_offset_global_ms"": 279568.051, ""actual_duration_ms"": 608.171}]",,,,,0,0,1,0,1,0.0,none,,,0.0,0.0,none,0.0,0.0,0.0,0.0,,,0.0,none,none,0.0,color,cue_color.wav,颜色,277621.035,500.0,278317.597,blue,rabbit,blue_rabbit,repeat,color,color,1947.2,,,,,,,,,,,,,,
0009,0009_T1_20260518_155637,PA,T1,standard,hci_substudy_v2,1,telemetry_v4,dccs,2,mixed_formal,formal,1,19,31,formal,shape,1779090997,160.064,2026-05-18T16:01:20.707,0,0,0,1,279574.806,279590.896,,,,,s,s,1,583.272,281675.35,none,,280174.806,281092.078,281675.35,3000,583.272,281675.35,"[{""stage_name"": ""fixation"", ""planned_duration_ms"": 100, ""intended_onset_ms"": 279574.806, ""actual_onset_global_ms"": 279590.896, ""actual_offset_global_ms"": 279681.08, ""actual_duration_ms"": 90.184}, {""stage_name"": ""cue"", ""planned_duration_ms"": 500, ""intended_onset_ms"": 279674.806, ""actual_onset_global_ms"": 279695.664, ""actual_offset_global_ms"": 281080.814, ""actual_duration_ms"": 1385.15}, {""stage_name"": ""stimulus"", ""planned_duration_ms"": 3000, ""intended_onset_ms"": 280174.806, ""actual_onset_global_ms"": 281092.078, ""actual_offset_global_ms"": 281675.35, ""actual_duration_ms"": 583.272}]",,,,,0,0,1,0,1,0.0,none,,,0.0,0.0,none,0.0,0.0,0.0,0.0,,,0.0,none,none,0.0,shape,cue_shape.wav,形状,279695.84,500.0,280462.09,blue,rabbit,blue_rabbit,switch,color,shape,1979.686,,,,,,,,,,,,,,
0009,0009_T1_20260518_155637,PA,T1,standard,hci_substudy_v2,1,telemetry_v4,dccs,2,mixed_formal,formal,1,20,32,formal,color,1779090997,160.064,2026-05-18T16:01:22.817,0,0,0,1,281684.182,281701.604,,,,,j,j,1,540.849,283700.226,none,,282284.182,283159.377,283700.226,3000,540.849,283700.226,"[{""stage_name"": ""fixation"", ""planned_duration_ms"": 100, ""intended_onset_ms"": 281684.182, ""actual_onset_global_ms"": 281701.604, ""actual_offset_global_ms"": 281803.648, ""actual_duration_ms"": 102.044}, {""stage_name"": ""cue"", ""planned_duration_ms"": 500, ""intended_onset_ms"": 281784.182, ""actual_onset_global_ms"": 281814.882, ""actual_offset_global_ms"": 283150.149, ""actual_duration_ms"": 1335.267}, {""stage_name"": ""stimulus"", ""planned_duration_ms"": 3000, ""intended_onset_ms"": 282284.182, ""actual_onset_global_ms"": 283159.377, ""actual_offset_global_ms"": 283700.226, ""actual_duration_ms"": 540.849}]",,,,,0,0,1,0,1,0.0,none,,,0.0,0.0,none,0.0,0.0,0.0,0.0,,,0.0,none,none,0.0,color,cue_color.wav,颜色,281815.057,500.0,282511.619,red,rabbit,red_rabbit,switch,shape,color,1885.344,,,,,,,,,,,,,,
0009,0009_T1_20260518_155637,PA,T1,standard,hci_substudy_v2,1,telemetry_v4,dccs,2,mixed_formal,formal,1,21,33,formal,color,1779090997,160.064,2026-05-18T16:01:24.844,0,0,0,1,283711.598,283727.357,,,,,j,j,1,895.403,286102.491,none,,284311.598,285207.088,286102.491,3000,895.403,286102.491,"[{""stage_name"": ""fixation"", ""planned_duration_ms"": 100, ""intended_onset_ms"": 283711.598, ""actual_onset_global_ms"": 283727.357, ""actual_offset_global_ms"": 283827.14, ""actual_duration_ms"": 99.783}, {""stage_name"": ""cue"", ""planned_duration_ms"": 500, ""intended_onset_ms"": 283811.598, ""actual_onset_global_ms"": 283837.454, ""actual_offset_global_ms"": 285197.256, ""actual_duration_ms"": 1359.802}, {""stage_name"": ""stimulus"", ""planned_duration_ms"": 3000, ""intended_onset_ms"": 284311.598, ""actual_onset_global_ms"": 285207.088, ""actual_offset_global_ms"": 286102.491, ""actual_duration_ms"": 895.403}]",,,,,0,0,1,0,1,0.0,none,,,0.0,0.0,none,0.0,0.0,0.0,0.0,,,0.0,none,none,0.0,color,cue_color.wav,颜色,283837.64,500.0,284534.203,red,boat,red_boat,repeat,color,color,2265.037,,,,,,,,,,,,,,
0009,0009_T1_20260518_155637,PA,T1,standard,hci_substudy_v2,1,telemetry_v4,dccs,2,mixed_formal,formal,1,22,34,formal,shape,1779090997,160.064,2026-05-18T16:01:27.247,0,0,0,1,286114.755,286134.317,,,,,j,j,1,3975.458,291623.739,none,,286714.755,287648.281,291623.739,3000,3975.458,291623.739,"[{""stage_name"": ""fixation"", ""planned_duration_ms"": 100, ""intended_onset_ms"": 286114.755, ""actual_onset_global_ms"": 286134.317, ""actual_offset_global_ms"": 286224.999, ""actual_duration_ms"": 90.682}, {""stage_name"": ""cue"", ""planned_duration_ms"": 500, ""intended_onset_ms"": 286214.755, ""actual_onset_global_ms"": 286236.778, ""actual_offset_global_ms"": 287637.728, ""actual_duration_ms"": 1400.95}, {""stage_name"": ""stimulus"", ""planned_duration_ms"": 3000, ""intended_onset_ms"": 286714.755, ""actual_onset_global_ms"": 287648.281, ""actual_offset_global_ms"": 291623.739, ""actual_duration_ms"": 3975.458}]",,,,,0,1,0,0,1,0.0,none,,,0.0,0.0,none,0.0,0.0,0.0,0.0,,,0.0,none,none,0.0,shape,cue_shape.wav,形状,286236.956,500.0,287003.206,red,boat,red_boat,switch,color,shape,5386.961,,,,,,,,,,,,,,
0009,0009_T1_20260518_155637,PA,T1,standard,hci_substudy_v2,1,telemetry_v4,dccs,2,mixed_formal,formal,1,23,35,formal,shape,1779090997,160.064,2026-05-18T16:01:32.772,0,0,0,1,291639.695,291657.977,,,,,s,s,1,1264.983,294419.017,none,,292239.695,293154.034,294419.017,3000,1264.983,294419.017,"[{""stage_name"": ""fixation"", ""planned_duration_ms"": 100, ""intended_onset_ms"": 291639.695, ""actual_onset_global_ms"": 291657.977, ""actual_offset_global_ms"": 291747.955, ""actual_duration_ms"": 89.978}, {""stage_name"": ""cue"", ""planned_duration_ms"": 500, ""intended_onset_ms"": 291739.695, ""actual_onset_global_ms"": 291761.798, ""actual_offset_global_ms"": 293143.939, ""actual_duration_ms"": 1382.141}, {""stage_name"": ""stimulus"", ""planned_duration_ms"": 3000, ""intended_onset_ms"": 292239.695, ""actual_onset_global_ms"": 293154.034, ""actual_offset_global_ms"": 294419.017, ""actual_duration_ms"": 1264.983}]",,,,,0,0,1,0,1,0.0,none,,,0.0,0.0,none,0.0,0.0,0.0,0.0,,,0.0,none,none,0.0,shape,cue_shape.wav,形状,291761.985,500.0,292528.235,blue,rabbit,blue_rabbit,repeat,shape,shape,2657.219,,,,,,,,,,,,,,
0009,0009_T1_20260518_155637,PA,T1,standard,hci_substudy_v2,1,telemetry_v4,dccs,2,mixed_formal,formal,1,24,36,formal,shape,1779090997,160.064,2026-05-18T16:01:35.558,0,0,0,1,294426.07,294442.08,,,,,s,s,1,1045.564,296987.283,none,,295026.07,295941.719,296987.283,3000,1045.564,296987.283,"[{""stage_name"": ""fixation"", ""planned_duration_ms"": 100, ""intended_onset_ms"": 294426.07, ""actual_onset_global_ms"": 294442.08, ""actual_offset_global_ms"": 294547.603, ""actual_duration_ms"": 105.523}, {""stage_name"": ""cue"", ""planned_duration_ms"": 500, ""intended_onset_ms"": 294526.07, ""actual_onset_global_ms"": 294559.391, ""actual_offset_global_ms"": 295931.339, ""actual_duration_ms"": 1371.948}, {""stage_name"": ""stimulus"", ""planned_duration_ms"": 3000, ""intended_onset_ms"": 295026.07, ""actual_onset_global_ms"": 295941.719, ""actual_offset_global_ms"": 296987.283, ""actual_duration_ms"": 1045.564}]",,,,,0,0,1,0,1,0.0,none,,,0.0,0.0,none,0.0,0.0,0.0,0.0,,,0.0,none,none,0.0,shape,cue_shape.wav,形状,294559.577,500.0,295325.827,red,rabbit,red_rabbit,repeat,shape,shape,2427.892,,,,,,,,,,,,,,
0009,0009_T1_20260518_155637,PA,T1,standard,hci_substudy_v2,1,telemetry_v4,dccs,2,mixed_formal,formal,1,25,37,formal,color,1779090997,160.064,2026-05-18T16:01:38.126,0,0,0,1,296993.937,297011.744,,,,,s,s,1,627.473,299104.145,none,,297593.937,298476.672,299104.145,3000,627.473,299104.145,"[{""stage_name"": ""fixation"", ""planned_duration_ms"": 100, ""intended_onset_ms"": 296993.937, ""actual_onset_global_ms"": 297011.744, ""actual_offset_global_ms"": 297115.063, ""actual_duration_ms"": 103.319}, {""stage_name"": ""cue"", ""planned_duration_ms"": 500, ""intended_onset_ms"": 297093.937, ""actual_onset_global_ms"": 297126.012, ""actual_offset_global_ms"": 298466.933, ""actual_duration_ms"": 1340.921}, {""stage_name"": ""stimulus"", ""planned_duration_ms"": 3000, ""intended_onset_ms"": 297593.937, ""actual_onset_global_ms"": 298476.672, ""actual_offset_global_ms"": 299104.145, ""actual_duration_ms"": 627.473}]",,,,,0,0,1,0,1,0.0,none,,,0.0,0.0,none,0.0,0.0,0.0,0.0,,,0.0,none,none,0.0,color,cue_color.wav,颜色,297126.199,500.0,297822.762,blue,rabbit,blue_rabbit,switch,shape,color,1978.133,,,,,,,,,,,,,,
0009,0009_T1_20260518_155637,PA,T1,standard,hci_substudy_v2,1,telemetry_v4,dccs,2,mixed_formal,formal,1,26,38,formal,shape,1779090997,160.064,2026-05-18T16:01:40.248,0,0,0,1,299115.465,299131.412,,,,,j,j,1,1095.104,301764.8,none,,299715.465,300669.696,301764.8,3000,1095.104,301764.8,"[{""stage_name"": ""fixation"", ""planned_duration_ms"": 100, ""intended_onset_ms"": 299115.465, ""actual_onset_global_ms"": 299131.412, ""actual_offset_global_ms"": 299235.77, ""actual_duration_ms"": 104.358}, {""stage_name"": ""cue"", ""planned_duration_ms"": 500, ""intended_onset_ms"": 299215.465, ""actual_onset_global_ms"": 299247.224, ""actual_offset_global_ms"": 300658.324, ""actual_duration_ms"": 1411.1}, {""stage_name"": ""stimulus"", ""planned_duration_ms"": 3000, ""intended_onset_ms"": 299715.465, ""actual_onset_global_ms"": 300669.696, ""actual_offset_global_ms"": 301764.8, ""actual_duration_ms"": 1095.104}]",,,,,0,0,1,0,1,0.0,none,,,0.0,0.0,none,0.0,0.0,0.0,0.0,,,0.0,none,none,0.0,shape,cue_shape.wav,形状,299247.407,500.0,300013.657,blue,boat,blue_boat,switch,color,shape,2517.576,,,,,,,,,,,,,,
0009,0009_T1_20260518_155637,PA,T1,standard,hci_substudy_v2,1,telemetry_v4,dccs,2,mixed_formal,formal,1,27,39,formal,color,1779090997,160.064,2026-05-18T16:01:42.919,0,0,0,1,301786.706,301804.186,,,,,s,j,0,910.317,304185.909,none,,302386.706,303275.592,304185.909,3000,910.317,304185.909,"[{""stage_name"": ""fixation"", ""planned_duration_ms"": 100, ""intended_onset_ms"": 301786.706, ""actual_onset_global_ms"": 301804.186, ""actual_offset_global_ms"": 301906.85, ""actual_duration_ms"": 102.664}, {""stage_name"": ""cue"", ""planned_duration_ms"": 500, ""intended_onset_ms"": 301886.706, ""actual_onset_global_ms"": 301916.669, ""actual_offset_global_ms"": 303265.969, ""actual_duration_ms"": 1349.3}, {""stage_name"": ""stimulus"", ""planned_duration_ms"": 3000, ""intended_onset_ms"": 302386.706, ""actual_onset_global_ms"": 303275.592, ""actual_offset_global_ms"": 304185.909, ""actual_duration_ms"": 910.317}]",,,,,0,0,0,0,1,0.0,none,,,0.0,0.0,none,0.0,0.0,0.0,0.0,,,0.0,none,none,0.0,color,cue_color.wav,颜色,301916.848,500.0,302613.41,blue,boat,blue_boat,switch,shape,color,2269.24,,,,,,,,,,,,,,
0009,0009_T1_20260518_155637,PA,T1,standard,hci_substudy_v2,1,telemetry_v4,dccs,2,mixed_formal,formal,1,28,40,formal,color,1779090997,160.064,2026-05-18T16:01:45.339,0,0,0,1,304206.113,304221.669,,,,,s,s,1,889.141,306588.379,none,,304806.113,305699.238,306588.379,3000,889.141,306588.379,"[{""stage_name"": ""fixation"", ""planned_duration_ms"": 100, ""intended_onset_ms"": 304206.113, ""actual_onset_global_ms"": 304221.669, ""actual_offset_global_ms"": 304329.012, ""actual_duration_ms"": 107.343}, {""stage_name"": ""cue"", ""planned_duration_ms"": 500, ""intended_onset_ms"": 304306.113, ""actual_onset_global_ms"": 304342.335, ""actual_offset_global_ms"": 305689.657, ""actual_duration_ms"": 1347.322}, {""stage_name"": ""stimulus"", ""planned_duration_ms"": 3000, ""intended_onset_ms"": 304806.113, ""actual_onset_global_ms"": 305699.238, ""actual_offset_global_ms"": 306588.379, ""actual_duration_ms"": 889.141}]",,,,,0,0,1,0,1,0.0,none,,,0.0,0.0,none,0.0,0.0,0.0,0.0,,,0.0,none,none,0.0,color,cue_color.wav,颜色,304342.514,500.0,305039.077,blue,boat,blue_boat,repeat,color,color,2246.044,,,,,,,,,,,,,,
0009,0009_T1_20260518_155637,PA,T1,standard,hci_substudy_v2,1,telemetry_v4,dccs,2,mixed_formal,formal,1,29,41,formal,shape,1779090997,160.064,2026-05-18T16:01:47.734,0,0,0,1,306600.507,306619.987,,,,,s,s,1,3711.101,311794.899,none,,307200.507,308083.798,311794.899,3000,3711.101,311794.899,"[{""stage_name"": ""fixation"", ""planned_duration_ms"": 100, ""intended_onset_ms"": 306600.507, ""actual_onset_global_ms"": 306619.987, ""actual_offset_global_ms"": 306709.07, ""actual_duration_ms"": 89.083}, {""stage_name"": ""cue"", ""planned_duration_ms"": 500, ""intended_onset_ms"": 306700.507, ""actual_onset_global_ms"": 306721.99, ""actual_offset_global_ms"": 308074.894, ""actual_duration_ms"": 1352.904}, {""stage_name"": ""stimulus"", ""planned_duration_ms"": 3000, ""intended_onset_ms"": 307200.507, ""actual_onset_global_ms"": 308083.798, ""actual_offset_global_ms"": 311794.899, ""actual_duration_ms"": 3711.101}]",,,,,0,1,0,0,1,0.0,none,,,0.0,0.0,none,0.0,0.0,0.0,0.0,,,0.0,none,none,0.0,shape,cue_shape.wav,形状,306722.2,500.0,307488.45,blue,rabbit,blue_rabbit,switch,color,shape,5072.909,,,,,,,,,,,,,,
0009,0009_T1_20260518_155637,PA,T1,standard,hci_substudy_v2,1,telemetry_v4,dccs,2,mixed_formal,formal,1,30,42,formal,color,1779090997,160.064,2026-05-18T16:01:52.944,0,0,0,1,311811.047,311827.962,,,,,j,j,1,692.387,313929.719,none,,312411.047,313237.332,313929.719,3000,692.387,313929.719,"[{""stage_name"": ""fixation"", ""planned_duration_ms"": 100, ""intended_onset_ms"": 311811.047, ""actual_onset_global_ms"": 311827.962, ""actual_offset_global_ms"": 311925.56, ""actual_duration_ms"": 97.598}, {""stage_name"": ""cue"", ""planned_duration_ms"": 500, ""intended_onset_ms"": 311911.047, ""actual_onset_global_ms"": 311935.905, ""actual_offset_global_ms"": 313228.244, ""actual_duration_ms"": 1292.339}, {""stage_name"": ""stimulus"", ""planned_duration_ms"": 3000, ""intended_onset_ms"": 312411.047, ""actual_onset_global_ms"": 313237.332, ""actual_offset_global_ms"": 313929.719, ""actual_duration_ms"": 692.387}]",,,,,0,0,1,0,1,0.0,none,,,0.0,0.0,none,0.0,0.0,0.0,0.0,,,0.0,none,none,0.0,color,cue_color.wav,颜色,311936.086,500.0,312632.649,red,boat,red_boat,switch,shape,color,1993.814,,,,,,,,,,,,,,
0009,0009_T1_20260518_155637,PA,T1,standard,hci_substudy_v2,1,telemetry_v4,change_detection,4,formal_cd,formal,1,1,9,formal,N1_same,1779090997,160.064,2026-05-18T16:07:07.867,0,0,0,1,626733.981,626751.177,,,,,s,,1,5648.145,,,,630333.981,630408.69,636085.711,4000,5677.021,636085.711,"[{""stage_name"": ""fixation"", ""planned_duration_ms"": 100, ""intended_onset_ms"": 626733.981, ""actual_onset_global_ms"": 626751.177, ""actual_offset_global_ms"": 626852.564, ""actual_duration_ms"": 101.387}, {""stage_name"": ""memory_array"", ""planned_duration_ms"": 2500, ""intended_onset_ms"": 626833.981, ""actual_onset_global_ms"": 626875.613, ""actual_offset_global_ms"": 629377.128, ""actual_duration_ms"": 2501.515}, {""stage_name"": ""delay"", ""planned_duration_ms"": 1000, ""intended_onset_ms"": 629377.128, ""actual_onset_global_ms"": 629380.691, ""actual_offset_global_ms"": 630383.625, ""actual_duration_ms"": 1002.934}, {""stage_name"": ""test_array"", ""planned_duration_ms"": 4000, ""intended_onset_ms"": 630383.625, ""actual_onset_global_ms"": 630408.69, ""actual_offset_global_ms"": 636085.711, ""actual_duration_ms"": 5677.021}]",,,,,0,1,0,0,1,,,,,,,,,,,,,,,,,,,,,,,,,,,,,,,1.0,same,0.0,"[-202.27, 250.44]","[[-202.27, 250.44]]","[""blue""]","[""blue""]",blue,blue,s,same,1.0,1.0,1.0
0009,0009_T1_20260518_155637,PA,T1,standard,hci_substudy_v2,1,telemetry_v4,change_detection,4,formal_cd,formal,1,2,10,formal,N4_change,1779090997,160.064,2026-05-18T16:07:17.223,0,0,0,1,636090.144,636104.937,,,,,j,,1,2750.259,,,,639690.144,639813.555,642635.744,4000,2822.189,642635.744,"[{""stage_name"": ""fixation"", ""planned_duration_ms"": 100, ""intended_onset_ms"": 636090.144, ""actual_onset_global_ms"": 636104.937, ""actual_offset_global_ms"": 636202.629, ""actual_duration_ms"": 97.692}, {""stage_name"": ""memory_array"", ""planned_duration_ms"": 2500, ""intended_onset_ms"": 636190.144, ""actual_onset_global_ms"": 636268.615, ""actual_offset_global_ms"": 638733.525, ""actual_duration_ms"": 2464.91}, {""stage_name"": ""delay"", ""planned_duration_ms"": 1000, ""intended_onset_ms"": 638733.525, ""actual_onset_global_ms"": 638740.119, ""actual_offset_global_ms"": 639744.941, ""actual_duration_ms"": 1004.822}, {""stage_name"": ""test_array"", ""planned_duration_ms"": 4000, ""intended_onset_ms"": 639744.941, ""actual_onset_global_ms"": 639813.555, ""actual_offset_global_ms"": 642635.744, ""actual_duration_ms"": 2822.189}]",,,,,0,0,1,0,1,,,,,,,,,,,,,,,,,,,,,,,,,,,,,,,4.0,change,0.0,"[194.67, 197.52]","[[194.67, 197.52], [-60.7, -188.23], [-77.51, -82.18], [-94.63, 104.86]]","[""purple"", ""blue"", ""yellow"", ""red""]","[""green"", ""blue"", ""yellow"", ""red""]",purple,green,j,change,1.0,4.0,1.0
0009,0009_T1_20260518_155637,PA,T1,standard,hci_substudy_v2,1,telemetry_v4,change_detection,4,formal_cd,formal,1,3,11,formal,N1_same,1779090997,160.064,2026-05-18T16:07:23.773,0,0,0,1,642640.62,642657.198,,,,,s,,1,2138.385,,,,646240.62,646310.706,648483.889,4000,2173.183,648483.889,"[{""stage_name"": ""fixation"", ""planned_duration_ms"": 100, ""intended_onset_ms"": 642640.62, ""actual_onset_global_ms"": 642657.198, ""actual_offset_global_ms"": 642760.469, ""actual_duration_ms"": 103.271}, {""stage_name"": ""memory_array"", ""planned_duration_ms"": 2500, ""intended_onset_ms"": 642740.62, ""actual_onset_global_ms"": 642786.519, ""actual_offset_global_ms"": 645279.088, ""actual_duration_ms"": 2492.569}, {""stage_name"": ""delay"", ""planned_duration_ms"": 1000, ""intended_onset_ms"": 645279.088, ""actual_onset_global_ms"": 645282.384, ""actual_offset_global_ms"": 646284.173, ""actual_duration_ms"": 1001.789}, {""stage_name"": ""test_array"", ""planned_duration_ms"": 4000, ""intended_onset_ms"": 646284.173, ""actual_onset_global_ms"": 646310.706, ""actual_offset_global_ms"": 648483.889, ""actual_duration_ms"": 2173.183}]",,,,,0,0,1,0,1,,,,,,,,,,,,,,,,,,,,,,,,,,,,,,,1.0,same,0.0,"[254.81, 222.62]","[[254.81, 222.62]]","[""purple""]","[""purple""]",purple,purple,s,same,1.0,1.0,1.0
0009,0009_T1_20260518_155637,PA,T1,standard,hci_substudy_v2,1,telemetry_v4,change_detection,4,formal_cd,formal,1,4,12,formal,N4_same,1779090997,160.064,2026-05-18T16:07:29.621,0,0,0,1,648488.111,648504.382,,,,,s,,1,4785.802,,,,652088.111,652177.117,656990.174,4000,4813.057,656990.174,"[{""stage_name"": ""fixation"", ""planned_duration_ms"": 100, ""intended_onset_ms"": 648488.111, ""actual_onset_global_ms"": 648504.382, ""actual_offset_global_ms"": 648602.104, ""actual_duration_ms"": 97.722}, {""stage_name"": ""memory_array"", ""planned_duration_ms"": 2500, ""intended_onset_ms"": 648588.111, ""actual_onset_global_ms"": 648670.373, ""actual_offset_global_ms"": 651104.773, ""actual_duration_ms"": 2434.4}, {""stage_name"": ""delay"", ""planned_duration_ms"": 1000, ""intended_onset_ms"": 651104.773, ""actual_onset_global_ms"": 651111.037, ""actual_offset_global_ms"": 652108.493, ""actual_duration_ms"": 997.456}, {""stage_name"": ""test_array"", ""planned_duration_ms"": 4000, ""intended_onset_ms"": 652108.493, ""actual_onset_global_ms"": 652177.117, ""actual_offset_global_ms"": 656990.174, ""actual_duration_ms"": 4813.057}]",,,,,0,1,0,0,1,,,,,,,,,,,,,,,,,,,,,,,,,,,,,,,4.0,same,3.0,"[-235.17, -207.85]","[[6.78, -228.61], [158.57, -70.36], [-8.61, -111.47], [-235.17, -207.85]]","[""red"", ""blue"", ""green"", ""yellow""]","[""red"", ""blue"", ""green"", ""yellow""]",yellow,yellow,s,same,1.0,4.0,1.0
0009,0009_T1_20260518_155637,PA,T1,standard,hci_substudy_v2,1,telemetry_v4,change_detection,4,formal_cd,formal,1,5,13,formal,N3_same,1779090997,160.064,2026-05-18T16:07:38.127,0,0,0,1,656994.531,657008.639,,,,,s,,1,1969.667,,,,660594.531,660692.314,662726.264,4000,2033.95,662726.264,"[{""stage_name"": ""fixation"", ""planned_duration_ms"": 100, ""intended_onset_ms"": 656994.531, ""actual_onset_global_ms"": 657008.639, ""actual_offset_global_ms"": 657106.432, ""actual_duration_ms"": 97.793}, {""stage_name"": ""memory_array"", ""planned_duration_ms"": 2500, ""intended_onset_ms"": 657094.531, ""actual_onset_global_ms"": 657160.505, ""actual_offset_global_ms"": 659632.979, ""actual_duration_ms"": 2472.474}, {""stage_name"": ""delay"", ""planned_duration_ms"": 1000, ""intended_onset_ms"": 659632.979, ""actual_onset_global_ms"": 659639.278, ""actual_offset_global_ms"": 660638.96, ""actual_duration_ms"": 999.682}, {""stage_name"": ""test_array"", ""planned_duration_ms"": 4000, ""intended_onset_ms"": 660638.96, ""actual_onset_global_ms"": 660692.314, ""actual_offset_global_ms"": 662726.264, ""actual_duration_ms"": 2033.95}]",,,,,0,0,1,0,1,,,,,,,,,,,,,,,,,,,,,,,,,,,,,,,3.0,same,1.0,"[-76.66, -218.16]","[[61.58, -77.13], [-76.66, -218.16], [206.95, 200.94]]","[""yellow"", ""blue"", ""purple""]","[""yellow"", ""blue"", ""purple""]",blue,blue,s,same,1.0,4.0,1.0
0009,0009_T1_20260518_155637,PA,T1,standard,hci_substudy_v2,1,telemetry_v4,change_detection,4,formal_cd,formal,1,6,14,formal,N3_change,1779090997,160.064,2026-05-18T16:07:43.864,0,0,0,1,662731.455,662747.363,,,,,j,,1,2482.931,,,,666331.455,666444.44,668944.762,4000,2500.322,668944.762,"[{""stage_name"": ""fixation"", ""planned_duration_ms"": 100, ""intended_onset_ms"": 662731.455, ""actual_onset_global_ms"": 662747.363, ""actual_offset_global_ms"": 662847.892, ""actual_duration_ms"": 100.529}, {""stage_name"": ""memory_array"", ""planned_duration_ms"": 2500, ""intended_onset_ms"": 662831.455, ""actual_onset_global_ms"": 662900.781, ""actual_offset_global_ms"": 665379.477, ""actual_duration_ms"": 2478.696}, {""stage_name"": ""delay"", ""planned_duration_ms"": 1000, ""intended_onset_ms"": 665379.477, ""actual_onset_global_ms"": 665385.066, ""actual_offset_global_ms"": 666389.836, ""actual_duration_ms"": 1004.77}, {""stage_name"": ""test_array"", ""planned_duration_ms"": 4000, ""intended_onset_ms"": 666389.836, ""actual_onset_global_ms"": 666444.44, ""actual_offset_global_ms"": 668944.762, ""actual_duration_ms"": 2500.322}]",,,,,0,0,1,0,1,,,,,,,,,,,,,,,,,,,,,,,,,,,,,,,3.0,change,2.0,"[170.03, 89.81]","[[80.2, -222.09], [127.8, 1.22], [170.03, 89.81]]","[""purple"", ""red"", ""green""]","[""purple"", ""red"", ""yellow""]",green,yellow,j,change,1.0,4.0,1.0
0009,0009_T1_20260518_155637,PA,T1,standard,hci_substudy_v2,1,telemetry_v4,change_detection,4,formal_cd,formal,1,7,15,formal,N2_change,1779090997,160.064,2026-05-18T16:07:50.082,0,0,0,1,668949.501,668963.991,,,,,j,,1,4842.062,,,,672549.501,672612.724,677479.121,4000,4866.397,677479.121,"[{""stage_name"": ""fixation"", ""planned_duration_ms"": 100, ""intended_onset_ms"": 668949.501, ""actual_onset_global_ms"": 668963.991, ""actual_offset_global_ms"": 669062.967, ""actual_duration_ms"": 98.976}, {""stage_name"": ""memory_array"", ""planned_duration_ms"": 2500, ""intended_onset_ms"": 669049.501, ""actual_onset_global_ms"": 669100.821, ""actual_offset_global_ms"": 671564.774, ""actual_duration_ms"": 2463.953}, {""stage_name"": ""delay"", ""planned_duration_ms"": 1000, ""intended_onset_ms"": 671564.774, ""actual_onset_global_ms"": 671571.855, ""actual_offset_global_ms"": 672572.972, ""actual_duration_ms"": 1001.117}, {""stage_name"": ""test_array"", ""planned_duration_ms"": 4000, ""intended_onset_ms"": 672572.972, ""actual_onset_global_ms"": 672612.724, ""actual_offset_global_ms"": 677479.121, ""actual_duration_ms"": 4866.397}]",,,,,0,1,0,0,1,,,,,,,,,,,,,,,,,,,,,,,,,,,,,,,2.0,change,1.0,"[154.72, -121.5]","[[-125.84, -45.16], [154.72, -121.5]]","[""purple"", ""yellow""]","[""purple"", ""blue""]",yellow,blue,j,change,1.0,2.0,1.0
0009,0009_T1_20260518_155637,PA,T1,standard,hci_substudy_v2,1,telemetry_v4,change_detection,4,formal_cd,formal,1,8,16,formal,N2_change,1779090997,160.064,2026-05-18T16:07:58.617,0,0,0,1,677483.783,677499.25,,,,,j,,1,1300.563,,,,681083.783,681190.688,682536.027,4000,1345.339,682536.027,"[{""stage_name"": ""fixation"", ""planned_duration_ms"": 100, ""intended_onset_ms"": 677483.783, ""actual_onset_global_ms"": 677499.25, ""actual_offset_global_ms"": 677600.987, ""actual_duration_ms"": 101.737}, {""stage_name"": ""memory_array"", ""planned_duration_ms"": 2500, ""intended_onset_ms"": 677583.783, ""actual_onset_global_ms"": 677640.385, ""actual_offset_global_ms"": 680141.801, ""actual_duration_ms"": 2501.416}, {""stage_name"": ""delay"", ""planned_duration_ms"": 1000, ""intended_onset_ms"": 680141.801, ""actual_onset_global_ms"": 680145.355, ""actual_offset_global_ms"": 681150.583, ""actual_duration_ms"": 1005.228}, {""stage_name"": ""test_array"", ""planned_duration_ms"": 4000, ""intended_onset_ms"": 681150.583, ""actual_onset_global_ms"": 681190.688, ""actual_offset_global_ms"": 682536.027, ""actual_duration_ms"": 1345.339}]",,,,,0,0,1,0,1,,,,,,,,,,,,,,,,,,,,,,,,,,,,,,,2.0,change,1.0,"[199.13, 80.73]","[[-236.81, -112.83], [199.13, 80.73]]","[""purple"", ""yellow""]","[""purple"", ""green""]",yellow,green,j,change,1.0,3.0,1.0
0009,0009_T1_20260518_155637,PA,T1,standard,hci_substudy_v2,1,telemetry_v4,change_detection,4,formal_cd,formal,1,9,17,formal,N2_same,1779090997,160.064,2026-05-18T16:08:03.674,0,0,0,1,682540.941,682556.982,,,,,s,,1,2808.642,,,,686140.941,686216.294,689074.994,4000,2858.7,689074.994,"[{""stage_name"": ""fixation"", ""planned_duration_ms"": 100, ""intended_onset_ms"": 682540.941, ""actual_onset_global_ms"": 682556.982, ""actual_offset_global_ms"": 682658.786, ""actual_duration_ms"": 101.804}, {""stage_name"": ""memory_array"", ""planned_duration_ms"": 2500, ""intended_onset_ms"": 682640.941, ""actual_onset_global_ms"": 682698.967, ""actual_offset_global_ms"": 685163.186, ""actual_duration_ms"": 2464.219}, {""stage_name"": ""delay"", ""planned_duration_ms"": 1000, ""intended_onset_ms"": 685163.186, ""actual_onset_global_ms"": 685169.437, ""actual_offset_global_ms"": 686175.257, ""actual_duration_ms"": 1005.82}, {""stage_name"": ""test_array"", ""planned_duration_ms"": 4000, ""intended_onset_ms"": 686175.257, ""actual_onset_global_ms"": 686216.294, ""actual_offset_global_ms"": 689074.994, ""actual_duration_ms"": 2858.7}]",,,,,0,0,1,0,1,,,,,,,,,,,,,,,,,,,,,,,,,,,,,,,2.0,same,1.0,"[-193.2, 77.07]","[[-71.53, -133.94], [-193.2, 77.07]]","[""green"", ""purple""]","[""green"", ""purple""]",purple,purple,s,same,1.0,2.0,1.0
0009,0009_T1_20260518_155637,PA,T1,standard,hci_substudy_v2,1,telemetry_v4,change_detection,4,formal_cd,formal,1,10,18,formal,N1_change,1779090997,160.064,2026-05-18T16:08:10.212,0,0,0,1,689079.833,689094.519,,,,,j,,1,1480.923,,,,692679.833,692734.001,694244.924,4000,1510.923,694244.924,"[{""stage_name"": ""fixation"", ""planned_duration_ms"": 100, ""intended_onset_ms"": 689079.833, ""actual_onset_global_ms"": 689094.519, ""actual_offset_global_ms"": 689195.036, ""actual_duration_ms"": 100.517}, {""stage_name"": ""memory_array"", ""planned_duration_ms"": 2500, ""intended_onset_ms"": 689179.833, ""actual_onset_global_ms"": 689218.0, ""actual_offset_global_ms"": 691709.099, ""actual_duration_ms"": 2491.099}, {""stage_name"": ""delay"", ""planned_duration_ms"": 1000, ""intended_onset_ms"": 691709.099, ""actual_onset_global_ms"": 691713.452, ""actual_offset_global_ms"": 692709.272, ""actual_duration_ms"": 995.82}, {""stage_name"": ""test_array"", ""planned_duration_ms"": 4000, ""intended_onset_ms"": 692709.272, ""actual_onset_global_ms"": 692734.001, ""actual_offset_global_ms"": 694244.924, ""actual_duration_ms"": 1510.923}]",,,,,0,0,1,0,1,,,,,,,,,,,,,,,,,,,,,,,,,,,,,,,1.0,change,0.0,"[-60.25, 71.98]","[[-60.25, 71.98]]","[""green""]","[""blue""]",green,blue,j,change,1.0,1.0,1.0
0009,0009_T1_20260518_155637,PA,T1,standard,hci_substudy_v2,1,telemetry_v4,change_detection,4,formal_cd,formal,1,11,19,formal,N3_change,1779090997,160.064,2026-05-18T16:08:15.382,0,0,0,1,694249.471,694265.817,,,,,j,,1,1909.185,,,,697849.471,697941.525,699874.966,4000,1933.441,699874.966,"[{""stage_name"": ""fixation"", ""planned_duration_ms"": 100, ""intended_onset_ms"": 694249.471, ""actual_onset_global_ms"": 694265.817, ""actual_offset_global_ms"": 694363.649, ""actual_duration_ms"": 97.832}, {""stage_name"": ""memory_array"", ""planned_duration_ms"": 2500, ""intended_onset_ms"": 694349.471, ""actual_onset_global_ms"": 694417.315, ""actual_offset_global_ms"": 696884.215, ""actual_duration_ms"": 2466.9}, {""stage_name"": ""delay"", ""planned_duration_ms"": 1000, ""intended_onset_ms"": 696884.215, ""actual_onset_global_ms"": 696889.557, ""actual_offset_global_ms"": 697887.179, ""actual_duration_ms"": 997.622}, {""stage_name"": ""test_array"", ""planned_duration_ms"": 4000, ""intended_onset_ms"": 697887.179, ""actual_onset_global_ms"": 697941.525, ""actual_offset_global_ms"": 699874.966, ""actual_duration_ms"": 1933.441}]",,,,,0,0,1,0,1,,,,,,,,,,,,,,,,,,,,,,,,,,,,,,,3.0,change,1.0,"[-170.28, 228.94]","[[124.41, -139.85], [-170.28, 228.94], [-247.05, 1.85]]","[""red"", ""yellow"", ""purple""]","[""red"", ""green"", ""purple""]",yellow,green,j,change,1.0,3.0,1.0
0009,0009_T1_20260518_155637,PA,T1,standard,hci_substudy_v2,1,telemetry_v4,change_detection,4,formal_cd,formal,1,12,20,formal,N2_same,1779090997,160.064,2026-05-18T16:08:21.012,0,0,0,1,699879.025,699892.117,,,,,s,,1,1967.226,,,,703479.025,703561.836,705566.414,4000,2004.578,705566.414,"[{""stage_name"": ""fixation"", ""planned_duration_ms"": 100, ""intended_onset_ms"": 699879.025, ""actual_onset_global_ms"": 699892.117, ""actual_offset_global_ms"": 699986.829, ""actual_duration_ms"": 94.712}, {""stage_name"": ""memory_array"", ""planned_duration_ms"": 2500, ""intended_onset_ms"": 699979.025, ""actual_onset_global_ms"": 700018.277, ""actual_offset_global_ms"": 702508.732, ""actual_duration_ms"": 2490.455}, {""stage_name"": ""delay"", ""planned_duration_ms"": 1000, ""intended_onset_ms"": 702508.732, ""actual_onset_global_ms"": 702515.108, ""actual_offset_global_ms"": 703522.088, ""actual_duration_ms"": 1006.98}, {""stage_name"": ""test_array"", ""planned_duration_ms"": 4000, ""intended_onset_ms"": 703522.088, ""actual_onset_global_ms"": 703561.836, ""actual_offset_global_ms"": 705566.414, ""actual_duration_ms"": 2004.578}]",,,,,0,0,1,0,1,,,,,,,,,,,,,,,,,,,,,,,,,,,,,,,2.0,same,1.0,"[189.84, -39.41]","[[115.9, -156.88], [189.84, -39.41]]","[""yellow"", ""purple""]","[""yellow"", ""purple""]",purple,purple,s,same,1.0,2.0,1.0
0009,0009_T1_20260518_155637,PA,T1,standard,hci_substudy_v2,1,telemetry_v4,change_detection,4,formal_cd,formal,1,13,21,formal,N3_change,1779090997,160.064,2026-05-18T16:08:26.703,0,0,0,1,705570.867,705587.681,,,,,j,,1,4210.563,,,,709170.867,709282.229,713544.352,4000,4262.123,713544.352,"[{""stage_name"": ""fixation"", ""planned_duration_ms"": 100, ""intended_onset_ms"": 705570.867, ""actual_onset_global_ms"": 705587.681, ""actual_offset_global_ms"": 705682.032, ""actual_duration_ms"": 94.351}, {""stage_name"": ""memory_array"", ""planned_duration_ms"": 2500, ""intended_onset_ms"": 705670.867, ""actual_onset_global_ms"": 705723.969, ""actual_offset_global_ms"": 708225.741, ""actual_duration_ms"": 2501.772}, {""stage_name"": ""delay"", ""planned_duration_ms"": 1000, ""intended_onset_ms"": 708225.741, ""actual_onset_global_ms"": 708231.555, ""actual_offset_global_ms"": 709234.649, ""actual_duration_ms"": 1003.094}, {""stage_name"": ""test_array"", ""planned_duration_ms"": 4000, ""intended_onset_ms"": 709234.649, ""actual_onset_global_ms"": 709282.229, ""actual_offset_global_ms"": 713544.352, ""actual_duration_ms"": 4262.123}]",,,,,0,1,0,0,1,,,,,,,,,,,,,,,,,,,,,,,,,,,,,,,3.0,change,0.0,"[-110.68, 257.25]","[[-110.68, 257.25], [-73.73, 111.53], [-9.36, -191.31]]","[""purple"", ""green"", ""blue""]","[""yellow"", ""green"", ""blue""]",purple,yellow,j,change,1.0,8.0,1.0
0009,0009_T1_20260518_155637,PA,T1,standard,hci_substudy_v2,1,telemetry_v4,change_detection,4,formal_cd,formal,1,14,22,formal,N1_same,1779090997,160.064,2026-05-18T16:08:34.682,0,0,0,1,713549.762,713564.269,,,,,s,,1,1721.167,,,,717149.762,717221.645,718958.433,4000,1736.788,718958.433,"[{""stage_name"": ""fixation"", ""planned_duration_ms"": 100, ""intended_onset_ms"": 713549.762, ""actual_onset_global_ms"": 713564.269, ""actual_offset_global_ms"": 713666.703, ""actual_duration_ms"": 102.434}, {""stage_name"": ""memory_array"", ""planned_duration_ms"": 2500, ""intended_onset_ms"": 713649.762, ""actual_onset_global_ms"": 713690.377, ""actual_offset_global_ms"": 716187.748, ""actual_duration_ms"": 2497.371}, {""stage_name"": ""delay"", ""planned_duration_ms"": 1000, ""intended_onset_ms"": 716187.748, ""actual_onset_global_ms"": 716190.919, ""actual_offset_global_ms"": 717195.935, ""actual_duration_ms"": 1005.016}, {""stage_name"": ""test_array"", ""planned_duration_ms"": 4000, ""intended_onset_ms"": 717195.935, ""actual_onset_global_ms"": 717221.645, ""actual_offset_global_ms"": 718958.433, ""actual_duration_ms"": 1736.788}]",,,,,0,0,1,0,1,,,,,,,,,,,,,,,,,,,,,,,,,,,,,,,1.0,same,0.0,"[258.9, 145.68]","[[258.9, 145.68]]","[""red""]","[""red""]",red,red,s,same,1.0,1.0,1.0
0009,0009_T1_20260518_155637,PA,T1,standard,hci_substudy_v2,1,telemetry_v4,change_detection,4,formal_cd,formal,1,15,23,formal,N3_same,1779090997,160.064,2026-05-18T16:08:40.096,0,0,0,1,718962.922,718978.354,,,,,s,,1,3279.958,,,,722562.922,722649.934,725973.41,4000,3323.476,725973.41,"[{""stage_name"": ""fixation"", ""planned_duration_ms"": 100, ""intended_onset_ms"": 718962.922, ""actual_onset_global_ms"": 718978.354, ""actual_offset_global_ms"": 719078.785, ""actual_duration_ms"": 100.431}, {""stage_name"": ""memory_array"", ""planned_duration_ms"": 2500, ""intended_onset_ms"": 719062.922, ""actual_onset_global_ms"": 719131.799, ""actual_offset_global_ms"": 721584.025, ""actual_duration_ms"": 2452.226}, {""stage_name"": ""delay"", ""planned_duration_ms"": 1000, ""intended_onset_ms"": 721584.025, ""actual_onset_global_ms"": 721590.856, ""actual_offset_global_ms"": 722595.485, ""actual_duration_ms"": 1004.629}, {""stage_name"": ""test_array"", ""planned_duration_ms"": 4000, ""intended_onset_ms"": 722595.485, ""actual_onset_global_ms"": 722649.934, ""actual_offset_global_ms"": 725973.41, ""actual_duration_ms"": 3323.476}]",,,,,0,1,0,0,1,,,,,,,,,,,,,,,,,,,,,,,,,,,,,,,3.0,same,1.0,"[115.06, 258.64]","[[-230.14, 119.28], [115.06, 258.64], [-102.91, 220.14]]","[""yellow"", ""blue"", ""red""]","[""yellow"", ""blue"", ""red""]",blue,blue,s,same,1.0,4.0,1.0
0009,0009_T1_20260518_155637,PA,T1,standard,hci_substudy_v2,1,telemetry_v4,change_detection,4,formal_cd,formal,1,16,24,formal,N3_change,1779090997,160.064,2026-05-18T16:08:47.111,0,0,0,1,725977.944,725995.822,,,,,j,,0,1682.56,,,,729577.944,729669.462,731404.534,4000,1735.072,731404.534,"[{""stage_name"": ""fixation"", ""planned_duration_ms"": 100, ""intended_onset_ms"": 725977.944, ""actual_onset_global_ms"": 725995.822, ""actual_offset_global_ms"": 726096.492, ""actual_duration_ms"": 100.67}, {""stage_name"": ""memory_array"", ""planned_duration_ms"": 2500, ""intended_onset_ms"": 726077.944, ""actual_onset_global_ms"": 726152.349, ""actual_offset_global_ms"": 728606.113, ""actual_duration_ms"": 2453.764}, {""stage_name"": ""delay"", ""planned_duration_ms"": 1000, ""intended_onset_ms"": 728606.113, ""actual_onset_global_ms"": 728613.083, ""actual_offset_global_ms"": 729613.525, ""actual_duration_ms"": 1000.442}, {""stage_name"": ""test_array"", ""planned_duration_ms"": 4000, ""intended_onset_ms"": 729613.525, ""actual_onset_global_ms"": 729669.462, ""actual_offset_global_ms"": 731404.534, ""actual_duration_ms"": 1735.072}]",,,,,0,0,0,0,1,,,,,,,,,,,,,,,,,,,,,,,,,,,,,,,3.0,change,0.0,"[-92.72, 79.83]","[[-92.72, 79.83], [-67.42, -246.32], [-30.78, 190.78]]","[""red"", ""purple"", ""blue""]","[""yellow"", ""purple"", ""blue""]",red,yellow,s,same,0.0,3.0,1.0
0009,0009_T1_20260518_155637,PA,T1,standard,hci_substudy_v2,1,telemetry_v4,change_detection,4,formal_cd,formal,1,17,25,formal,N4_change,1779090997,160.064,2026-05-18T16:08:52.542,0,0,0,1,731409.579,731424.523,,,,,j,,1,2110.257,,,,735009.579,735141.662,737334.964,4000,2193.302,737334.964,"[{""stage_name"": ""fixation"", ""planned_duration_ms"": 100, ""intended_onset_ms"": 731409.579, ""actual_onset_global_ms"": 731424.523, ""actual_offset_global_ms"": 731527.958, ""actual_duration_ms"": 103.435}, {""stage_name"": ""memory_array"", ""planned_duration_ms"": 2500, ""intended_onset_ms"": 731509.579, ""actual_onset_global_ms"": 731596.015, ""actual_offset_global_ms"": 734061.896, ""actual_duration_ms"": 2465.881}, {""stage_name"": ""delay"", ""planned_duration_ms"": 1000, ""intended_onset_ms"": 734061.896, ""actual_onset_global_ms"": 734068.345, ""actual_offset_global_ms"": 735072.035, ""actual_duration_ms"": 1003.69}, {""stage_name"": ""test_array"", ""planned_duration_ms"": 4000, ""intended_onset_ms"": 735072.035, ""actual_onset_global_ms"": 735141.662, ""actual_offset_global_ms"": 737334.964, ""actual_duration_ms"": 2193.302}]",,,,,0,0,1,0,1,,,,,,,,,,,,,,,,,,,,,,,,,,,,,,,4.0,change,2.0,"[-231.92, -13.12]","[[189.7, -227.4], [-142.63, -191.37], [-231.92, -13.12], [74.93, -119.05]]","[""red"", ""purple"", ""yellow"", ""blue""]","[""red"", ""purple"", ""green"", ""blue""]",yellow,green,j,change,1.0,5.0,1.0
0009,0009_T1_20260518_155637,PA,T1,standard,hci_substudy_v2,1,telemetry_v4,change_detection,4,formal_cd,formal,1,18,26,formal,N3_same,1779090997,160.064,2026-05-18T16:08:58.472,0,0,0,1,737339.637,737357.196,,,,,s,,1,1833.7,,,,740939.637,741048.25,742901.357,4000,1853.107,742901.357,"[{""stage_name"": ""fixation"", ""planned_duration_ms"": 100, ""intended_onset_ms"": 737339.637, ""actual_onset_global_ms"": 737357.196, ""actual_offset_global_ms"": 737454.031, ""actual_duration_ms"": 96.835}, {""stage_name"": ""memory_array"", ""planned_duration_ms"": 2500, ""intended_onset_ms"": 737439.637, ""actual_onset_global_ms"": 737507.971, ""actual_offset_global_ms"": 739985.549, ""actual_duration_ms"": 2477.578}, {""stage_name"": ""delay"", ""planned_duration_ms"": 1000, ""intended_onset_ms"": 739985.549, ""actual_onset_global_ms"": 739991.659, ""actual_offset_global_ms"": 740995.185, ""actual_duration_ms"": 1003.526}, {""stage_name"": ""test_array"", ""planned_duration_ms"": 4000, ""intended_onset_ms"": 740995.185, ""actual_onset_global_ms"": 741048.25, ""actual_offset_global_ms"": 742901.357, ""actual_duration_ms"": 1853.107}]",,,,,0,0,1,0,1,,,,,,,,,,,,,,,,,,,,,,,,,,,,,,,3.0,same,2.0,"[-94.96, -220.02]","[[123.72, 241.6], [150.92, 128.12], [-94.96, -220.02]]","[""green"", ""purple"", ""yellow""]","[""green"", ""purple"", ""yellow""]",yellow,yellow,s,same,1.0,3.0,1.0
0009,0009_T1_20260518_155637,PA,T1,standard,hci_substudy_v2,1,telemetry_v4,change_detection,4,formal_cd,formal,1,19,27,formal,N4_same,1779090997,160.064,2026-05-18T16:09:04.038,0,0,0,1,742905.955,742921.555,,,,,s,,1,2573.872,,,,746505.955,746651.983,749294.814,4000,2642.831,749294.814,"[{""stage_name"": ""fixation"", ""planned_duration_ms"": 100, ""intended_onset_ms"": 742905.955, ""actual_onset_global_ms"": 742921.555, ""actual_offset_global_ms"": 743024.921, ""actual_duration_ms"": 103.366}, {""stage_name"": ""memory_array"", ""planned_duration_ms"": 2500, ""intended_onset_ms"": 743005.955, ""actual_onset_global_ms"": 743094.155, ""actual_offset_global_ms"": 745576.469, ""actual_duration_ms"": 2482.314}, {""stage_name"": ""delay"", ""planned_duration_ms"": 1000, ""intended_onset_ms"": 745576.469, ""actual_onset_global_ms"": 745582.712, ""actual_offset_global_ms"": 746583.892, ""actual_duration_ms"": 1001.18}, {""stage_name"": ""test_array"", ""planned_duration_ms"": 4000, ""intended_onset_ms"": 746583.892, ""actual_onset_global_ms"": 746651.983, ""actual_offset_global_ms"": 749294.814, ""actual_duration_ms"": 2642.831}]",,,,,0,0,1,0,1,,,,,,,,,,,,,,,,,,,,,,,,,,,,,,,4.0,same,2.0,"[-104.33, 207.77]","[[-113.22, -120.37], [-103.29, 97.84], [-104.33, 207.77], [-128.15, -235.73]]","[""red"", ""blue"", ""yellow"", ""purple""]","[""red"", ""blue"", ""yellow"", ""purple""]",yellow,yellow,s,same,1.0,5.0,1.0
0009,0009_T1_20260518_155637,PA,T1,standard,hci_substudy_v2,1,telemetry_v4,change_detection,4,formal_cd,formal,1,20,28,formal,N4_change,1779090997,160.064,2026-05-18T16:09:10.433,0,0,0,1,749300.174,749317.539,,,,,j,,1,1791.52,,,,752900.174,753041.204,754891.981,4000,1850.777,754891.981,"[{""stage_name"": ""fixation"", ""planned_duration_ms"": 100, ""intended_onset_ms"": 749300.174, ""actual_onset_global_ms"": 749317.539, ""actual_offset_global_ms"": 749423.113, ""actual_duration_ms"": 105.574}, {""stage_name"": ""memory_array"", ""planned_duration_ms"": 2500, ""intended_onset_ms"": 749400.174, ""actual_onset_global_ms"": 749490.935, ""actual_offset_global_ms"": 751965.262, ""actual_duration_ms"": 2474.327}, {""stage_name"": ""delay"", ""planned_duration_ms"": 1000, ""intended_onset_ms"": 751965.262, ""actual_onset_global_ms"": 751972.008, ""actual_offset_global_ms"": 752974.328, ""actual_duration_ms"": 1002.32}, {""stage_name"": ""test_array"", ""planned_duration_ms"": 4000, ""intended_onset_ms"": 752974.328, ""actual_onset_global_ms"": 753041.204, ""actual_offset_global_ms"": 754891.981, ""actual_duration_ms"": 1850.777}]",,,,,0,0,1,0,1,,,,,,,,,,,,,,,,,,,,,,,,,,,,,,,4.0,change,0.0,"[239.7, -54.66]","[[239.7, -54.66], [-17.11, -132.34], [21.33, 253.65], [-248.72, -104.31]]","[""purple"", ""blue"", ""yellow"", ""red""]","[""green"", ""blue"", ""yellow"", ""red""]",purple,green,j,change,1.0,5.0,1.0
0009,0009_T1_20260518_155637,PA,T1,standard,hci_substudy_v2,1,telemetry_v4,change_detection,4,formal_cd,formal,1,21,29,formal,N2_change,1779090997,160.064,2026-05-18T16:09:16.029,0,0,0,1,754896.062,754909.089,,,,,j,,1,2159.382,,,,758496.062,758550.628,760746.502,4000,2195.874,760746.502,"[{""stage_name"": ""fixation"", ""planned_duration_ms"": 100, ""intended_onset_ms"": 754896.062, ""actual_onset_global_ms"": 754909.089, ""actual_offset_global_ms"": 755003.147, ""actual_duration_ms"": 94.058}, {""stage_name"": ""memory_array"", ""planned_duration_ms"": 2500, ""intended_onset_ms"": 754996.062, ""actual_onset_global_ms"": 755034.198, ""actual_offset_global_ms"": 757505.276, ""actual_duration_ms"": 2471.078}, {""stage_name"": ""delay"", ""planned_duration_ms"": 1000, ""intended_onset_ms"": 757505.276, ""actual_onset_global_ms"": 757511.054, ""actual_offset_global_ms"": 758511.705, ""actual_duration_ms"": 1000.651}, {""stage_name"": ""test_array"", ""planned_duration_ms"": 4000, ""intended_onset_ms"": 758511.705, ""actual_onset_global_ms"": 758550.628, ""actual_offset_global_ms"": 760746.502, ""actual_duration_ms"": 2195.874}]",,,,,0,0,1,0,1,,,,,,,,,,,,,,,,,,,,,,,,,,,,,,,2.0,change,1.0,"[164.21, -58.89]","[[164.57, 257.07], [164.21, -58.89]]","[""purple"", ""red""]","[""purple"", ""yellow""]",red,yellow,j,change,1.0,2.0,1.0
0009,0009_T1_20260518_155637,PA,T1,standard,hci_substudy_v2,1,telemetry_v4,change_detection,4,formal_cd,formal,1,22,30,formal,N2_change,1779090997,160.064,2026-05-18T16:09:21.885,0,0,0,1,760751.843,760768.043,,,,,j,,1,3501.492,,,,764351.843,764418.258,767949.857,4000,3531.599,767949.857,"[{""stage_name"": ""fixation"", ""planned_duration_ms"": 100, ""intended_onset_ms"": 760751.843, ""actual_onset_global_ms"": 760768.043, ""actual_offset_global_ms"": 760868.485, ""actual_duration_ms"": 100.442}, {""stage_name"": ""memory_array"", ""planned_duration_ms"": 2500, ""intended_onset_ms"": 760851.843, ""actual_onset_global_ms"": 760906.89, ""actual_offset_global_ms"": 763375.3, ""actual_duration_ms"": 2468.41}, {""stage_name"": ""delay"", ""planned_duration_ms"": 1000, ""intended_onset_ms"": 763375.3, ""actual_onset_global_ms"": 763380.192, ""actual_offset_global_ms"": 764381.549, ""actual_duration_ms"": 1001.357}, {""stage_name"": ""test_array"", ""planned_duration_ms"": 4000, ""intended_onset_ms"": 764381.549, ""actual_onset_global_ms"": 764418.258, ""actual_offset_global_ms"": 767949.857, ""actual_duration_ms"": 3531.599}]",,,,,0,1,0,0,1,,,,,,,,,,,,,,,,,,,,,,,,,,,,,,,2.0,change,1.0,"[163.74, 70.22]","[[-253.73, -76.25], [163.74, 70.22]]","[""purple"", ""green""]","[""purple"", ""blue""]",green,blue,j,change,1.0,3.0,1.0
0009,0009_T1_20260518_155637,PA,T1,standard,hci_substudy_v2,1,telemetry_v4,change_detection,4,formal_cd,formal,1,23,31,formal,N3_same,1779090997,160.064,2026-05-18T16:09:29.088,0,0,0,1,767955.322,767970.76,,,,,s,,1,2561.792,,,,771555.322,771665.945,774264.9,4000,2598.955,774264.9,"[{""stage_name"": ""fixation"", ""planned_duration_ms"": 100, ""intended_onset_ms"": 767955.322, ""actual_onset_global_ms"": 767970.76, ""actual_offset_global_ms"": 768066.728, ""actual_duration_ms"": 95.968}, {""stage_name"": ""memory_array"", ""planned_duration_ms"": 2500, ""intended_onset_ms"": 768055.322, ""actual_onset_global_ms"": 768110.838, ""actual_offset_global_ms"": 770609.864, ""actual_duration_ms"": 2499.026}, {""stage_name"": ""delay"", ""planned_duration_ms"": 1000, ""intended_onset_ms"": 770609.864, ""actual_onset_global_ms"": 770612.859, ""actual_offset_global_ms"": 771612.473, ""actual_duration_ms"": 999.614}, {""stage_name"": ""test_array"", ""planned_duration_ms"": 4000, ""intended_onset_ms"": 771612.473, ""actual_onset_global_ms"": 771665.945, ""actual_offset_global_ms"": 774264.9, ""actual_duration_ms"": 2598.955}]",,,,,0,0,1,0,1,,,,,,,,,,,,,,,,,,,,,,,,,,,,,,,3.0,same,0.0,"[93.11, -80.41]","[[93.11, -80.41], [175.97, -23.61], [-169.95, -24.53]]","[""green"", ""red"", ""blue""]","[""green"", ""red"", ""blue""]",green,green,s,same,1.0,5.0,1.0
0009,0009_T1_20260518_155637,PA,T1,standard,hci_substudy_v2,1,telemetry_v4,change_detection,4,formal_cd,formal,1,24,32,formal,N1_change,1779090997,160.064,2026-05-18T16:09:35.402,0,0,0,1,774269.452,774283.814,,,,,j,,1,1207.66,,,,777869.452,777925.132,779158.014,4000,1232.882,779158.014,"[{""stage_name"": ""fixation"", ""planned_duration_ms"": 100, ""intended_onset_ms"": 774269.452, ""actual_onset_global_ms"": 774283.814, ""actual_offset_global_ms"": 774379.904, ""actual_duration_ms"": 96.09}, {""stage_name"": ""memory_array"", ""planned_duration_ms"": 2500, ""intended_onset_ms"": 774369.452, ""actual_onset_global_ms"": 774399.362, ""actual_offset_global_ms"": 776891.64, ""actual_duration_ms"": 2492.278}, {""stage_name"": ""delay"", ""planned_duration_ms"": 1000, ""intended_onset_ms"": 776891.64, ""actual_onset_global_ms"": 776895.58, ""actual_offset_global_ms"": 777900.25, ""actual_duration_ms"": 1004.67}, {""stage_name"": ""test_array"", ""planned_duration_ms"": 4000, ""intended_onset_ms"": 777900.25, ""actual_onset_global_ms"": 777925.132, ""actual_offset_global_ms"": 779158.014, ""actual_duration_ms"": 1232.882}]",,,,,0,0,1,0,1,,,,,,,,,,,,,,,,,,,,,,,,,,,,,,,1.0,change,0.0,"[-177.96, 32.81]","[[-177.96, 32.81]]","[""green""]","[""blue""]",green,blue,j,change,1.0,1.0,1.0
0009,0009_T1_20260518_155637,PA,T1,standard,hci_substudy_v2,1,telemetry_v4,change_detection,4,formal_cd,formal,1,25,33,formal,N4_same,1779090997,160.064,2026-05-18T16:09:40.295,0,0,0,1,779162.897,779179.504,,,,,s,,1,2966.46,,,,782762.897,782867.339,785893.752,4000,3026.413,785893.752,"[{""stage_name"": ""fixation"", ""planned_duration_ms"": 100, ""intended_onset_ms"": 779162.897, ""actual_onset_global_ms"": 779179.504, ""actual_offset_global_ms"": 779278.158, ""actual_duration_ms"": 98.654}, {""stage_name"": ""memory_array"", ""planned_duration_ms"": 2500, ""intended_onset_ms"": 779262.897, ""actual_onset_global_ms"": 779342.724, ""actual_offset_global_ms"": 781795.603, ""actual_duration_ms"": 2452.879}, {""stage_name"": ""delay"", ""planned_duration_ms"": 1000, ""intended_onset_ms"": 781795.603, ""actual_onset_global_ms"": 781800.852, ""actual_offset_global_ms"": 782800.081, ""actual_duration_ms"": 999.229}, {""stage_name"": ""test_array"", ""planned_duration_ms"": 4000, ""intended_onset_ms"": 782800.081, ""actual_onset_global_ms"": 782867.339, ""actual_offset_global_ms"": 785893.752, ""actual_duration_ms"": 3026.413}]",,,,,0,0,1,0,1,,,,,,,,,,,,,,,,,,,,,,,,,,,,,,,4.0,same,0.0,"[186.86, 130.25]","[[186.86, 130.25], [-228.21, -157.91], [132.72, -82.07], [-91.34, -166.57]]","[""yellow"", ""green"", ""red"", ""purple""]","[""yellow"", ""green"", ""red"", ""purple""]",yellow,yellow,s,same,1.0,8.0,1.0
0009,0009_T1_20260518_155637,PA,T1,standard,hci_substudy_v2,1,telemetry_v4,change_detection,4,formal_cd,formal,1,26,34,formal,N3_same,1779090997,160.064,2026-05-18T16:09:47.031,0,0,0,1,785898.382,785912.151,,,,,s,,1,1445.371,,,,789498.382,789588.508,791055.708,4000,1467.2,791055.708,"[{""stage_name"": ""fixation"", ""planned_duration_ms"": 100, ""intended_onset_ms"": 785898.382, ""actual_onset_global_ms"": 785912.151, ""actual_offset_global_ms"": 786008.111, ""actual_duration_ms"": 95.96}, {""stage_name"": ""memory_array"", ""planned_duration_ms"": 2500, ""intended_onset_ms"": 785998.382, ""actual_onset_global_ms"": 786048.992, ""actual_offset_global_ms"": 788538.252, ""actual_duration_ms"": 2489.26}, {""stage_name"": ""delay"", ""planned_duration_ms"": 1000, ""intended_onset_ms"": 788538.252, ""actual_onset_global_ms"": 788543.64, ""actual_offset_global_ms"": 789545.688, ""actual_duration_ms"": 1002.048}, {""stage_name"": ""test_array"", ""planned_duration_ms"": 4000, ""intended_onset_ms"": 789545.688, ""actual_onset_global_ms"": 789588.508, ""actual_offset_global_ms"": 791055.708, ""actual_duration_ms"": 1467.2}]",,,,,0,0,1,0,1,,,,,,,,,,,,,,,,,,,,,,,,,,,,,,,3.0,same,0.0,"[-137.29, -27.71]","[[-137.29, -27.71], [8.61, -156.29], [131.08, 194.25]]","[""yellow"", ""blue"", ""red""]","[""yellow"", ""blue"", ""red""]",yellow,yellow,s,same,1.0,3.0,1.0
0009,0009_T1_20260518_155637,PA,T1,standard,hci_substudy_v2,1,telemetry_v4,change_detection,4,formal_cd,formal,1,27,35,formal,N4_change,1779090997,160.064,2026-05-18T16:09:52.193,0,0,0,1,791060.355,791075.489,,,,,j,,1,1361.222,,,,794660.355,794817.165,796193.64,4000,1376.475,796193.64,"[{""stage_name"": ""fixation"", ""planned_duration_ms"": 100, ""intended_onset_ms"": 791060.355, ""actual_onset_global_ms"": 791075.489, ""actual_offset_global_ms"": 791170.707, ""actual_duration_ms"": 95.218}, {""stage_name"": ""memory_array"", ""planned_duration_ms"": 2500, ""intended_onset_ms"": 791160.355, ""actual_onset_global_ms"": 791224.613, ""actual_offset_global_ms"": 793704.479, ""actual_duration_ms"": 2479.866}, {""stage_name"": ""delay"", ""planned_duration_ms"": 1000, ""intended_onset_ms"": 793704.479, ""actual_onset_global_ms"": 793709.316, ""actual_offset_global_ms"": 794710.921, ""actual_duration_ms"": 1001.605}, {""stage_name"": ""test_array"", ""planned_duration_ms"": 4000, ""intended_onset_ms"": 794710.921, ""actual_onset_global_ms"": 794817.165, ""actual_offset_global_ms"": 796193.64, ""actual_duration_ms"": 1376.475}]",,,,,0,0,1,0,1,,,,,,,,,,,,,,,,,,,,,,,,,,,,,,,4.0,change,3.0,"[204.67, -256.24]","[[185.17, -22.52], [-91.57, -133.69], [195.55, 250.14], [204.67, -256.24]]","[""purple"", ""red"", ""yellow"", ""green""]","[""purple"", ""red"", ""yellow"", ""blue""]",green,blue,j,change,1.0,6.0,1.0
0009,0009_T1_20260518_155637,PA,T1,standard,hci_substudy_v2,1,telemetry_v4,change_detection,4,formal_cd,formal,1,28,36,formal,N1_change,1779090997,160.064,2026-05-18T16:09:57.331,0,0,0,1,796198.405,796215.888,,,,,j,,1,1312.005,,,,799798.405,799865.484,801194.256,4000,1328.772,801194.256,"[{""stage_name"": ""fixation"", ""planned_duration_ms"": 100, ""intended_onset_ms"": 796198.405, ""actual_onset_global_ms"": 796215.888, ""actual_offset_global_ms"": 796315.888, ""actual_duration_ms"": 100.0}, {""stage_name"": ""memory_array"", ""planned_duration_ms"": 2500, ""intended_onset_ms"": 796298.405, ""actual_onset_global_ms"": 796340.25, ""actual_offset_global_ms"": 798840.752, ""actual_duration_ms"": 2500.502}, {""stage_name"": ""delay"", ""planned_duration_ms"": 1000, ""intended_onset_ms"": 798840.752, ""actual_onset_global_ms"": 798844.481, ""actual_offset_global_ms"": 799841.035, ""actual_duration_ms"": 996.554}, {""stage_name"": ""test_array"", ""planned_duration_ms"": 4000, ""intended_onset_ms"": 799841.035, ""actual_onset_global_ms"": 799865.484, ""actual_offset_global_ms"": 801194.256, ""actual_duration_ms"": 1328.772}]",,,,,0,0,1,0,1,,,,,,,,,,,,,,,,,,,,,,,,,,,,,,,1.0,change,0.0,"[250.46, 108.09]","[[250.46, 108.09]]","[""green""]","[""blue""]",green,blue,j,change,1.0,1.0,1.0
0009,0009_T1_20260518_155637,PA,T1,standard,hci_substudy_v2,1,telemetry_v4,change_detection,4,formal_cd,formal,1,29,37,formal,N3_same,1779090997,160.064,2026-05-18T16:10:02.332,0,0,0,1,801199.761,801213.971,,,,,s,,1,1588.54,,,,804799.761,804903.677,806532.656,4000,1628.979,806532.656,"[{""stage_name"": ""fixation"", ""planned_duration_ms"": 100, ""intended_onset_ms"": 801199.761, ""actual_onset_global_ms"": 801213.971, ""actual_offset_global_ms"": 801311.851, ""actual_duration_ms"": 97.88}, {""stage_name"": ""memory_array"", ""planned_duration_ms"": 2500, ""intended_onset_ms"": 801299.761, ""actual_onset_global_ms"": 801365.235, ""actual_offset_global_ms"": 803841.445, ""actual_duration_ms"": 2476.21}, {""stage_name"": ""delay"", ""planned_duration_ms"": 1000, ""intended_onset_ms"": 803841.445, ""actual_onset_global_ms"": 803846.724, ""actual_offset_global_ms"": 804850.972, ""actual_duration_ms"": 1004.248}, {""stage_name"": ""test_array"", ""planned_duration_ms"": 4000, ""intended_onset_ms"": 804850.972, ""actual_onset_global_ms"": 804903.677, ""actual_offset_global_ms"": 806532.656, ""actual_duration_ms"": 1628.979}]",,,,,0,0,1,0,1,,,,,,,,,,,,,,,,,,,,,,,,,,,,,,,3.0,same,1.0,"[4.79, -237.92]","[[136.6, -151.3], [4.79, -237.92], [-245.26, -234.96]]","[""blue"", ""yellow"", ""red""]","[""blue"", ""yellow"", ""red""]",yellow,yellow,s,same,1.0,3.0,1.0
0009,0009_T1_20260518_155637,PA,T1,standard,hci_substudy_v2,1,telemetry_v4,change_detection,4,formal_cd,formal,1,30,38,formal,N3_change,1779090997,160.064,2026-05-18T16:10:07.671,0,0,0,1,806538.413,806555.255,,,,,j,,1,3583.088,,,,810138.413,810220.776,813868.49,4000,3647.714,813868.49,"[{""stage_name"": ""fixation"", ""planned_duration_ms"": 100, ""intended_onset_ms"": 806538.413, ""actual_onset_global_ms"": 806555.255, ""actual_offset_global_ms"": 806655.364, ""actual_duration_ms"": 100.109}, {""stage_name"": ""memory_array"", ""planned_duration_ms"": 2500, ""intended_onset_ms"": 806638.413, ""actual_onset_global_ms"": 806711.022, ""actual_offset_global_ms"": 809163.878, ""actual_duration_ms"": 2452.856}, {""stage_name"": ""delay"", ""planned_duration_ms"": 1000, ""intended_onset_ms"": 809163.878, ""actual_onset_global_ms"": 809170.099, ""actual_offset_global_ms"": 810166.995, ""actual_duration_ms"": 996.896}, {""stage_name"": ""test_array"", ""planned_duration_ms"": 4000, ""intended_onset_ms"": 810166.995, ""actual_onset_global_ms"": 810220.776, ""actual_offset_global_ms"": 813868.49, ""actual_duration_ms"": 3647.714}]",,,,,0,1,0,0,1,,,,,,,,,,,,,,,,,,,,,,,,,,,,,,,3.0,change,0.0,"[144.29, 75.22]","[[144.29, 75.22], [192.97, 189.73], [-66.02, 167.15]]","[""purple"", ""red"", ""green""]","[""yellow"", ""red"", ""green""]",purple,yellow,j,change,1.0,3.0,1.0
0009,0009_T1_20260518_155637,PA,T1,standard,hci_substudy_v2,1,telemetry_v4,change_detection,4,formal_cd,formal,1,31,39,formal,N2_change,1779090997,160.064,2026-05-18T16:10:15.007,0,0,0,1,813875.056,813889.709,,,,,j,,1,5075.851,,,,817475.056,817541.931,822656.029,4000,5114.098,822656.029,"[{""stage_name"": ""fixation"", ""planned_duration_ms"": 100, ""intended_onset_ms"": 813875.056, ""actual_onset_global_ms"": 813889.709, ""actual_offset_global_ms"": 813994.064, ""actual_duration_ms"": 104.355}, {""stage_name"": ""memory_array"", ""planned_duration_ms"": 2500, ""intended_onset_ms"": 813975.056, ""actual_onset_global_ms"": 814031.999, ""actual_offset_global_ms"": 816497.675, ""actual_duration_ms"": 2465.676}, {""stage_name"": ""delay"", ""planned_duration_ms"": 1000, ""intended_onset_ms"": 816497.675, ""actual_onset_global_ms"": 816503.196, ""actual_offset_global_ms"": 817503.812, ""actual_duration_ms"": 1000.616}, {""stage_name"": ""test_array"", ""planned_duration_ms"": 4000, ""intended_onset_ms"": 817503.812, ""actual_onset_global_ms"": 817541.931, ""actual_offset_global_ms"": 822656.029, ""actual_duration_ms"": 5114.098}]",,,,,0,1,0,0,1,,,,,,,,,,,,,,,,,,,,,,,,,,,,,,,2.0,change,0.0,"[76.82, -202.7]","[[76.82, -202.7], [-84.84, 203.99]]","[""blue"", ""green""]","[""yellow"", ""green""]",blue,yellow,j,change,1.0,2.0,1.0
0009,0009_T1_20260518_155637,PA,T1,standard,hci_substudy_v2,1,telemetry_v4,change_detection,4,formal_cd,formal,1,32,40,formal,N2_same,1779090997,160.064,2026-05-18T16:10:23.795,0,0,0,1,822662.199,822678.872,,,,,s,,1,1856.737,,,,826262.199,826368.513,828245.817,4000,1877.304,828245.817,"[{""stage_name"": ""fixation"", ""planned_duration_ms"": 100, ""intended_onset_ms"": 822662.199, ""actual_onset_global_ms"": 822678.872, ""actual_offset_global_ms"": 822782.576, ""actual_duration_ms"": 103.704}, {""stage_name"": ""memory_array"", ""planned_duration_ms"": 2500, ""intended_onset_ms"": 822762.199, ""actual_onset_global_ms"": 822821.941, ""actual_offset_global_ms"": 825319.575, ""actual_duration_ms"": 2497.634}, {""stage_name"": ""delay"", ""planned_duration_ms"": 1000, ""intended_onset_ms"": 825319.575, ""actual_onset_global_ms"": 825323.557, ""actual_offset_global_ms"": 826327.54, ""actual_duration_ms"": 1003.983}, {""stage_name"": ""test_array"", ""planned_duration_ms"": 4000, ""intended_onset_ms"": 826327.54, ""actual_onset_global_ms"": 826368.513, ""actual_offset_global_ms"": 828245.817, ""actual_duration_ms"": 1877.304}]",,,,,0,0,1,0,1,,,,,,,,,,,,,,,,,,,,,,,,,,,,,,,2.0,same,1.0,"[207.55, 119.66]","[[-251.34, 136.45], [207.55, 119.66]]","[""green"", ""purple""]","[""green"", ""purple""]",purple,purple,s,same,1.0,2.0,1.0
0009,0009_T1_20260518_155637,PA,T1,standard,hci_substudy_v2,1,telemetry_v4,change_detection,4,formal_cd,formal,1,33,41,formal,N1_change,1779090997,160.064,2026-05-18T16:10:29.384,0,0,0,1,828251.673,828266.686,,,,,j,,1,3260.091,,,,831851.673,831906.321,835178.124,4000,3271.803,835178.124,"[{""stage_name"": ""fixation"", ""planned_duration_ms"": 100, ""intended_onset_ms"": 828251.673, ""actual_onset_global_ms"": 828266.686, ""actual_offset_global_ms"": 828364.843, ""actual_duration_ms"": 98.157}, {""stage_name"": ""memory_array"", ""planned_duration_ms"": 2500, ""intended_onset_ms"": 828351.673, ""actual_onset_global_ms"": 828388.627, ""actual_offset_global_ms"": 830873.055, ""actual_duration_ms"": 2484.428}, {""stage_name"": ""delay"", ""planned_duration_ms"": 1000, ""intended_onset_ms"": 830873.055, ""actual_onset_global_ms"": 830878.714, ""actual_offset_global_ms"": 831881.962, ""actual_duration_ms"": 1003.248}, {""stage_name"": ""test_array"", ""planned_duration_ms"": 4000, ""intended_onset_ms"": 831881.962, ""actual_onset_global_ms"": 831906.321, ""actual_offset_global_ms"": 835178.124, ""actual_duration_ms"": 3271.803}]",,,,,0,1,0,0,1,,,,,,,,,,,,,,,,,,,,,,,,,,,,,,,1.0,change,0.0,"[-152.23, -72.6]","[[-152.23, -72.6]]","[""red""]","[""yellow""]",red,yellow,j,change,1.0,1.0,1.0
0009,0009_T1_20260518_155637,PA,T1,standard,hci_substudy_v2,1,telemetry_v4,change_detection,4,formal_cd,formal,1,34,42,formal,N4_same,1779090997,160.064,2026-05-18T16:10:36.316,0,0,0,1,835184.225,835200.993,,,,,s,,1,1820.495,,,,838784.225,838917.193,840767.8,4000,1850.607,840767.8,"[{""stage_name"": ""fixation"", ""planned_duration_ms"": 100, ""intended_onset_ms"": 835184.225, ""actual_onset_global_ms"": 835200.993, ""actual_offset_global_ms"": 835302.996, ""actual_duration_ms"": 102.003}, {""stage_name"": ""memory_array"", ""planned_duration_ms"": 2500, ""intended_onset_ms"": 835284.225, ""actual_onset_global_ms"": 835368.372, ""actual_offset_global_ms"": 837846.108, ""actual_duration_ms"": 2477.736}, {""stage_name"": ""delay"", ""planned_duration_ms"": 1000, ""intended_onset_ms"": 837846.108, ""actual_onset_global_ms"": 837851.709, ""actual_offset_global_ms"": 838851.258, ""actual_duration_ms"": 999.549}, {""stage_name"": ""test_array"", ""planned_duration_ms"": 4000, ""intended_onset_ms"": 838851.258, ""actual_onset_global_ms"": 838917.193, ""actual_offset_global_ms"": 840767.8, ""actual_duration_ms"": 1850.607}]",,,,,0,0,1,0,1,,,,,,,,,,,,,,,,,,,,,,,,,,,,,,,4.0,same,1.0,"[242.86, -186.02]","[[-245.46, -222.57], [242.86, -186.02], [-202.39, 122.11], [-142.69, 39.23]]","[""yellow"", ""purple"", ""green"", ""blue""]","[""yellow"", ""purple"", ""green"", ""blue""]",purple,purple,s,same,1.0,8.0,1.0
0009,0009_T1_20260518_155637,PA,T1,standard,hci_substudy_v2,1,telemetry_v4,change_detection,4,formal_cd,formal,1,35,43,formal,N2_change,1779090997,160.064,2026-05-18T16:10:41.905,0,0,0,1,840772.158,840787.742,,,,,j,,1,4099.296,,,,844372.158,844439.645,848578.604,4000,4138.959,848578.604,"[{""stage_name"": ""fixation"", ""planned_duration_ms"": 100, ""intended_onset_ms"": 840772.158, ""actual_onset_global_ms"": 840787.742, ""actual_offset_global_ms"": 840887.05, ""actual_duration_ms"": 99.308}, {""stage_name"": ""memory_array"", ""planned_duration_ms"": 2500, ""intended_onset_ms"": 840872.158, ""actual_onset_global_ms"": 840919.926, ""actual_offset_global_ms"": 843398.535, ""actual_duration_ms"": 2478.609}, {""stage_name"": ""delay"", ""planned_duration_ms"": 1000, ""intended_onset_ms"": 843398.535, ""actual_onset_global_ms"": 843404.511, ""actual_offset_global_ms"": 844402.292, ""actual_duration_ms"": 997.781}, {""stage_name"": ""test_array"", ""planned_duration_ms"": 4000, ""intended_onset_ms"": 844402.292, ""actual_onset_global_ms"": 844439.645, ""actual_offset_global_ms"": 848578.604, ""actual_duration_ms"": 4138.959}]",,,,,0,1,0,0,1,,,,,,,,,,,,,,,,,,,,,,,,,,,,,,,2.0,change,1.0,"[-228.8, -58.8]","[[-158.98, 165.73], [-228.8, -58.8]]","[""blue"", ""red""]","[""blue"", ""yellow""]",red,yellow,j,change,1.0,3.0,1.0
0009,0009_T1_20260518_155637,PA,T1,standard,hci_substudy_v2,1,telemetry_v4,change_detection,4,formal_cd,formal,1,36,44,formal,N1_same,1779090997,160.064,2026-05-18T16:10:49.716,0,0,0,1,848583.763,848598.497,,,,,s,,1,3864.803,,,,852183.763,852255.28,856142.568,4000,3887.288,856142.568,"[{""stage_name"": ""fixation"", ""planned_duration_ms"": 100, ""intended_onset_ms"": 848583.763, ""actual_onset_global_ms"": 848598.497, ""actual_offset_global_ms"": 848702.213, ""actual_duration_ms"": 103.716}, {""stage_name"": ""memory_array"", ""planned_duration_ms"": 2500, ""intended_onset_ms"": 848683.763, ""actual_onset_global_ms"": 848726.262, ""actual_offset_global_ms"": 851226.688, ""actual_duration_ms"": 2500.426}, {""stage_name"": ""delay"", ""planned_duration_ms"": 1000, ""intended_onset_ms"": 851226.688, ""actual_onset_global_ms"": 851230.859, ""actual_offset_global_ms"": 852229.88, ""actual_duration_ms"": 999.021}, {""stage_name"": ""test_array"", ""planned_duration_ms"": 4000, ""intended_onset_ms"": 852229.88, ""actual_onset_global_ms"": 852255.28, ""actual_offset_global_ms"": 856142.568, ""actual_duration_ms"": 3887.288}]",,,,,0,1,0,0,1,,,,,,,,,,,,,,,,,,,,,,,,,,,,,,,1.0,same,0.0,"[163.86, 123.47]","[[163.86, 123.47]]","[""purple""]","[""purple""]",purple,purple,s,same,1.0,1.0,1.0
0009,0009_T1_20260518_155637,PA,T1,standard,hci_substudy_v2,1,telemetry_v4,change_detection,4,formal_cd,formal,1,37,45,formal,N4_same,1779090997,160.064,2026-05-18T16:10:57.281,0,0,0,1,856148.237,856163.831,,,,,s,,1,2178.928,,,,859748.237,859873.454,862093.52,4000,2220.066,862093.52,"[{""stage_name"": ""fixation"", ""planned_duration_ms"": 100, ""intended_onset_ms"": 856148.237, ""actual_onset_global_ms"": 856163.831, ""actual_offset_global_ms"": 856257.879, ""actual_duration_ms"": 94.048}, {""stage_name"": ""memory_array"", ""planned_duration_ms"": 2500, ""intended_onset_ms"": 856248.237, ""actual_onset_global_ms"": 856327.327, ""actual_offset_global_ms"": 858798.705, ""actual_duration_ms"": 2471.378}, {""stage_name"": ""delay"", ""planned_duration_ms"": 1000, ""intended_onset_ms"": 858798.705, ""actual_onset_global_ms"": 858804.527, ""actual_offset_global_ms"": 859806.845, ""actual_duration_ms"": 1002.318}, {""stage_name"": ""test_array"", ""planned_duration_ms"": 4000, ""intended_onset_ms"": 859806.845, ""actual_onset_global_ms"": 859873.454, ""actual_offset_global_ms"": 862093.52, ""actual_duration_ms"": 2220.066}]",,,,,0,0,1,0,1,,,,,,,,,,,,,,,,,,,,,,,,,,,,,,,4.0,same,0.0,"[167.34, -133.43]","[[167.34, -133.43], [185.39, 126.98], [48.81, -238.35], [-196.32, -72.72]]","[""yellow"", ""red"", ""purple"", ""blue""]","[""yellow"", ""red"", ""purple"", ""blue""]",yellow,yellow,s,same,1.0,4.0,1.0
0009,0009_T1_20260518_155637,PA,T1,standard,hci_substudy_v2,1,telemetry_v4,change_detection,4,formal_cd,formal,1,38,46,formal,N4_change,1779090997,160.064,2026-05-18T16:11:03.230,0,0,0,1,862097.495,862111.597,,,,,j,,0,1541.649,,,,865697.495,865801.753,867358.44,4000,1556.687,867358.44,"[{""stage_name"": ""fixation"", ""planned_duration_ms"": 100, ""intended_onset_ms"": 862097.495, ""actual_onset_global_ms"": 862111.597, ""actual_offset_global_ms"": 862220.033, ""actual_duration_ms"": 108.436}, {""stage_name"": ""memory_array"", ""planned_duration_ms"": 2500, ""intended_onset_ms"": 862197.495, ""actual_onset_global_ms"": 862274.696, ""actual_offset_global_ms"": 864727.36, ""actual_duration_ms"": 2452.664}, {""stage_name"": ""delay"", ""planned_duration_ms"": 1000, ""intended_onset_ms"": 864727.36, ""actual_onset_global_ms"": 864732.554, ""actual_offset_global_ms"": 865734.223, ""actual_duration_ms"": 1001.669}, {""stage_name"": ""test_array"", ""planned_duration_ms"": 4000, ""intended_onset_ms"": 865734.223, ""actual_onset_global_ms"": 865801.753, ""actual_offset_global_ms"": 867358.44, ""actual_duration_ms"": 1556.687}]",,,,,0,0,0,0,1,,,,,,,,,,,,,,,,,,,,,,,,,,,,,,,4.0,change,3.0,"[-29.84, 206.72]","[[-208.35, 94.48], [147.17, -48.84], [217.65, 25.91], [-29.84, 206.72]]","[""green"", ""red"", ""purple"", ""yellow""]","[""green"", ""red"", ""purple"", ""blue""]",yellow,blue,s,same,0.0,6.0,1.0
0009,0009_T1_20260518_155637,PA,T1,standard,hci_substudy_v2,1,telemetry_v4,change_detection,4,formal_cd,formal,1,39,47,formal,N1_same,1779090997,160.064,2026-05-18T16:11:08.496,0,0,0,1,867363.857,867380.878,,,,,s,,1,1474.976,,,,870963.857,871023.195,872518.122,4000,1494.927,872518.122,"[{""stage_name"": ""fixation"", ""planned_duration_ms"": 100, ""intended_onset_ms"": 867363.857, ""actual_onset_global_ms"": 867380.878, ""actual_offset_global_ms"": 867476.893, ""actual_duration_ms"": 96.015}, {""stage_name"": ""memory_array"", ""planned_duration_ms"": 2500, ""intended_onset_ms"": 867463.857, ""actual_onset_global_ms"": 867501.272, ""actual_offset_global_ms"": 869996.102, ""actual_duration_ms"": 2494.83}, {""stage_name"": ""delay"", ""planned_duration_ms"": 1000, ""intended_onset_ms"": 869996.102, ""actual_onset_global_ms"": 869999.766, ""actual_offset_global_ms"": 870997.479, ""actual_duration_ms"": 997.713}, {""stage_name"": ""test_array"", ""planned_duration_ms"": 4000, ""intended_onset_ms"": 870997.479, ""actual_onset_global_ms"": 871023.195, ""actual_offset_global_ms"": 872518.122, ""actual_duration_ms"": 1494.927}]",,,,,0,0,1,0,1,,,,,,,,,,,,,,,,,,,,,,,,,,,,,,,1.0,same,0.0,"[98.99, -206.18]","[[98.99, -206.18]]","[""green""]","[""green""]",green,green,s,same,1.0,1.0,1.0
0009,0009_T1_20260518_155637,PA,T1,standard,hci_substudy_v2,1,telemetry_v4,change_detection,4,formal_cd,formal,1,40,48,formal,N1_change,1779090997,160.064,2026-05-18T16:11:13.656,0,0,0,1,872523.588,872539.897,,,,,j,,1,870.263,,,,876123.588,876171.655,877069.098,4000,897.443,877069.098,"[{""stage_name"": ""fixation"", ""planned_duration_ms"": 100, ""intended_onset_ms"": 872523.588, ""actual_onset_global_ms"": 872539.897, ""actual_offset_global_ms"": 872636.466, ""actual_duration_ms"": 96.569}, {""stage_name"": ""memory_array"", ""planned_duration_ms"": 2500, ""intended_onset_ms"": 872623.588, ""actual_onset_global_ms"": 872660.356, ""actual_offset_global_ms"": 875136.565, ""actual_duration_ms"": 2476.209}, {""stage_name"": ""delay"", ""planned_duration_ms"": 1000, ""intended_onset_ms"": 875136.565, ""actual_onset_global_ms"": 875142.678, ""actual_offset_global_ms"": 876146.708, ""actual_duration_ms"": 1004.03}, {""stage_name"": ""test_array"", ""planned_duration_ms"": 4000, ""intended_onset_ms"": 876146.708, ""actual_onset_global_ms"": 876171.655, ""actual_offset_global_ms"": 877069.098, ""actual_duration_ms"": 897.443}]",,,,,0,0,1,0,1,,,,,,,,,,,,,,,,,,,,,,,,,,,,,,,1.0,change,0.0,"[-219.24, 128.6]","[[-219.24, 128.6]]","[""green""]","[""red""]",green,red,j,change,1.0,1.0,1.0
0009,0009_T1_20260518_155637,PA,T1,standard,hci_substudy_v2,1,telemetry_v4,change_detection,4,formal_cd,formal,1,41,49,formal,N2_same,1779090997,160.064,2026-05-18T16:11:18.207,0,0,0,1,877075.308,877089.515,,,,,s,,1,3959.198,,,,880675.308,880740.641,884736.651,4000,3996.01,884736.651,"[{""stage_name"": ""fixation"", ""planned_duration_ms"": 100, ""intended_onset_ms"": 877075.308, ""actual_onset_global_ms"": 877089.515, ""actual_offset_global_ms"": 877191.571, ""actual_duration_ms"": 102.056}, {""stage_name"": ""memory_array"", ""planned_duration_ms"": 2500, ""intended_onset_ms"": 877175.308, ""actual_onset_global_ms"": 877232.752, ""actual_offset_global_ms"": 879695.555, ""actual_duration_ms"": 2462.803}, {""stage_name"": ""delay"", ""planned_duration_ms"": 1000, ""intended_onset_ms"": 879695.555, ""actual_onset_global_ms"": 879701.253, ""actual_offset_global_ms"": 880700.984, ""actual_duration_ms"": 999.731}, {""stage_name"": ""test_array"", ""planned_duration_ms"": 4000, ""intended_onset_ms"": 880700.984, ""actual_onset_global_ms"": 880740.641, ""actual_offset_global_ms"": 884736.651, ""actual_duration_ms"": 3996.01}]",,,,,0,1,0,0,1,,,,,,,,,,,,,,,,,,,,,,,,,,,,,,,2.0,same,0.0,"[-57.96, -109.97]","[[-57.96, -109.97], [145.23, -181.79]]","[""yellow"", ""red""]","[""yellow"", ""red""]",yellow,yellow,s,same,1.0,2.0,1.0
0009,0009_T1_20260518_155637,PA,T1,standard,hci_substudy_v2,1,telemetry_v4,change_detection,4,formal_cd,formal,1,42,50,formal,N2_same,1779090997,160.064,2026-05-18T16:11:25.874,0,0,0,1,884741.255,884756.109,,,,,s,,1,2458.095,,,,888341.255,888425.819,890938.539,4000,2512.72,890938.539,"[{""stage_name"": ""fixation"", ""planned_duration_ms"": 100, ""intended_onset_ms"": 884741.255, ""actual_onset_global_ms"": 884756.109, ""actual_offset_global_ms"": 884851.166, ""actual_duration_ms"": 95.057}, {""stage_name"": ""memory_array"", ""planned_duration_ms"": 2500, ""intended_onset_ms"": 884841.255, ""actual_onset_global_ms"": 884883.896, ""actual_offset_global_ms"": 887382.483, ""actual_duration_ms"": 2498.587}, {""stage_name"": ""delay"", ""planned_duration_ms"": 1000, ""intended_onset_ms"": 887382.483, ""actual_onset_global_ms"": 887385.333, ""actual_offset_global_ms"": 888387.039, ""actual_duration_ms"": 1001.706}, {""stage_name"": ""test_array"", ""planned_duration_ms"": 4000, ""intended_onset_ms"": 888387.039, ""actual_onset_global_ms"": 888425.819, ""actual_offset_global_ms"": 890938.539, ""actual_duration_ms"": 2512.72}]",,,,,0,0,1,0,1,,,,,,,,,,,,,,,,,,,,,,,,,,,,,,,2.0,same,1.0,"[34.21, 181.16]","[[-73.41, 191.16], [34.21, 181.16]]","[""yellow"", ""red""]","[""yellow"", ""red""]",red,red,s,same,1.0,2.0,1.0
0009,0009_T1_20260518_155637,PA,T1,standard,hci_substudy_v2,1,telemetry_v4,change_detection,4,formal_cd,formal,1,43,51,formal,N2_same,1779090997,160.064,2026-05-18T16:11:32.078,0,0,0,1,890944.852,890958.9,,,,,s,,1,1994.66,,,,894544.852,894648.053,896675.304,4000,2027.251,896675.304,"[{""stage_name"": ""fixation"", ""planned_duration_ms"": 100, ""intended_onset_ms"": 890944.852, ""actual_onset_global_ms"": 890958.9, ""actual_offset_global_ms"": 891056.95, ""actual_duration_ms"": 98.05}, {""stage_name"": ""memory_array"", ""planned_duration_ms"": 2500, ""intended_onset_ms"": 891044.852, ""actual_onset_global_ms"": 891093.915, ""actual_offset_global_ms"": 893603.785, ""actual_duration_ms"": 2509.87}, {""stage_name"": ""delay"", ""planned_duration_ms"": 1000, ""intended_onset_ms"": 893603.785, ""actual_onset_global_ms"": 893610.404, ""actual_offset_global_ms"": 894610.395, ""actual_duration_ms"": 999.991}, {""stage_name"": ""test_array"", ""planned_duration_ms"": 4000, ""intended_onset_ms"": 894610.395, ""actual_onset_global_ms"": 894648.053, ""actual_offset_global_ms"": 896675.304, ""actual_duration_ms"": 2027.251}]",,,,,0,0,1,0,1,,,,,,,,,,,,,,,,,,,,,,,,,,,,,,,2.0,same,0.0,"[-146.51, 22.89]","[[-146.51, 22.89], [5.97, -207.49]]","[""yellow"", ""red""]","[""yellow"", ""red""]",yellow,yellow,s,same,1.0,2.0,1.0
0009,0009_T1_20260518_155637,PA,T1,standard,hci_substudy_v2,1,telemetry_v4,change_detection,4,formal_cd,formal,1,44,52,formal,N1_change,1779090997,160.064,2026-05-18T16:11:37.813,0,0,0,1,896680.321,896695.383,,,,,j,,1,1789.49,,,,900280.321,900355.589,902186.509,4000,1830.92,902186.509,"[{""stage_name"": ""fixation"", ""planned_duration_ms"": 100, ""intended_onset_ms"": 896680.321, ""actual_onset_global_ms"": 896695.383, ""actual_offset_global_ms"": 896789.451, ""actual_duration_ms"": 94.068}, {""stage_name"": ""memory_array"", ""planned_duration_ms"": 2500, ""intended_onset_ms"": 896780.321, ""actual_onset_global_ms"": 896809.237, ""actual_offset_global_ms"": 899318.661, ""actual_duration_ms"": 2509.424}, {""stage_name"": ""delay"", ""planned_duration_ms"": 1000, ""intended_onset_ms"": 899318.661, ""actual_onset_global_ms"": 899324.625, ""actual_offset_global_ms"": 900330.68, ""actual_duration_ms"": 1006.055}, {""stage_name"": ""test_array"", ""planned_duration_ms"": 4000, ""intended_onset_ms"": 900330.68, ""actual_onset_global_ms"": 900355.589, ""actual_offset_global_ms"": 902186.509, ""actual_duration_ms"": 1830.92}]",,,,,0,0,1,0,1,,,,,,,,,,,,,,,,,,,,,,,,,,,,,,,1.0,change,0.0,"[213.18, -215.64]","[[213.18, -215.64]]","[""purple""]","[""blue""]",purple,blue,j,change,1.0,1.0,1.0
0009,0009_T1_20260518_155637,PA,T1,standard,hci_substudy_v2,1,telemetry_v4,change_detection,4,formal_cd,formal,1,45,53,formal,N3_change,1779090997,160.064,2026-05-18T16:11:43.325,0,0,0,1,902192.427,902207.01,,,,,j,,1,3607.1,,,,905792.427,905891.824,909529.003,4000,3637.179,909529.003,"[{""stage_name"": ""fixation"", ""planned_duration_ms"": 100, ""intended_onset_ms"": 902192.427, ""actual_onset_global_ms"": 902207.01, ""actual_offset_global_ms"": 902305.469, ""actual_duration_ms"": 98.459}, {""stage_name"": ""memory_array"", ""planned_duration_ms"": 2500, ""intended_onset_ms"": 902292.427, ""actual_onset_global_ms"": 902356.686, ""actual_offset_global_ms"": 904835.989, ""actual_duration_ms"": 2479.303}, {""stage_name"": ""delay"", ""planned_duration_ms"": 1000, ""intended_onset_ms"": 904835.989, ""actual_onset_global_ms"": 904841.159, ""actual_offset_global_ms"": 905839.127, ""actual_duration_ms"": 997.968}, {""stage_name"": ""test_array"", ""planned_duration_ms"": 4000, ""intended_onset_ms"": 905839.127, ""actual_onset_global_ms"": 905891.824, ""actual_offset_global_ms"": 909529.003, ""actual_duration_ms"": 3637.179}]",,,,,0,1,0,0,1,,,,,,,,,,,,,,,,,,,,,,,,,,,,,,,3.0,change,2.0,"[-253.25, -197.13]","[[-33.22, -137.02], [-67.86, 242.7], [-253.25, -197.13]]","[""blue"", ""green"", ""red""]","[""blue"", ""green"", ""purple""]",red,purple,j,change,1.0,4.0,1.0
0009,0009_T1_20260518_155637,PA,T1,standard,hci_substudy_v2,1,telemetry_v4,change_detection,4,formal_cd,formal,1,46,54,formal,N4_same,1779090997,160.064,2026-05-18T16:11:50.667,0,0,0,1,909534.952,909552.234,,,,,s,,1,2681.371,,,,913134.952,913215.957,915952.309,4000,2736.352,915952.309,"[{""stage_name"": ""fixation"", ""planned_duration_ms"": 100, ""intended_onset_ms"": 909534.952, ""actual_onset_global_ms"": 909552.234, ""actual_offset_global_ms"": 909654.12, ""actual_duration_ms"": 101.886}, {""stage_name"": ""memory_array"", ""planned_duration_ms"": 2500, ""intended_onset_ms"": 909634.952, ""actual_onset_global_ms"": 909724.926, ""actual_offset_global_ms"": 912158.32, ""actual_duration_ms"": 2433.394}, {""stage_name"": ""delay"", ""planned_duration_ms"": 1000, ""intended_onset_ms"": 912158.32, ""actual_onset_global_ms"": 912164.011, ""actual_offset_global_ms"": 913162.248, ""actual_duration_ms"": 998.237}, {""stage_name"": ""test_array"", ""planned_duration_ms"": 4000, ""intended_onset_ms"": 913162.248, ""actual_onset_global_ms"": 913215.957, ""actual_offset_global_ms"": 915952.309, ""actual_duration_ms"": 2736.352}]",,,,,0,0,1,0,1,,,,,,,,,,,,,,,,,,,,,,,,,,,,,,,4.0,same,3.0,"[177.57, -188.8]","[[-117.24, -201.24], [124.11, 198.88], [-55.59, -114.44], [177.57, -188.8]]","[""green"", ""purple"", ""red"", ""blue""]","[""green"", ""purple"", ""red"", ""blue""]",blue,blue,s,same,1.0,4.0,1.0
0009,0009_T1_20260518_155637,PA,T1,standard,hci_substudy_v2,1,telemetry_v4,change_detection,4,formal_cd,formal,1,47,55,formal,N4_change,1779090997,160.064,2026-05-18T16:11:57.091,0,0,0,1,915958.665,915975.418,,,,,j,,1,1813.067,,,,919558.665,919701.028,921538.433,4000,1837.405,921538.433,"[{""stage_name"": ""fixation"", ""planned_duration_ms"": 100, ""intended_onset_ms"": 915958.665, ""actual_onset_global_ms"": 915975.418, ""actual_offset_global_ms"": 916081.278, ""actual_duration_ms"": 105.86}, {""stage_name"": ""memory_array"", ""planned_duration_ms"": 2500, ""intended_onset_ms"": 916058.665, ""actual_onset_global_ms"": 916148.668, ""actual_offset_global_ms"": 918630.198, ""actual_duration_ms"": 2481.53}, {""stage_name"": ""delay"", ""planned_duration_ms"": 1000, ""intended_onset_ms"": 918630.198, ""actual_onset_global_ms"": 918635.742, ""actual_offset_global_ms"": 919633.489, ""actual_duration_ms"": 997.747}, {""stage_name"": ""test_array"", ""planned_duration_ms"": 4000, ""intended_onset_ms"": 919633.489, ""actual_onset_global_ms"": 919701.028, ""actual_offset_global_ms"": 921538.433, ""actual_duration_ms"": 1837.405}]",,,,,0,0,1,0,1,,,,,,,,,,,,,,,,,,,,,,,,,,,,,,,4.0,change,0.0,"[-18.79, -186.2]","[[-18.79, -186.2], [-243.46, -158.63], [-232.53, -11.4], [73.13, -228.86]]","[""purple"", ""green"", ""yellow"", ""blue""]","[""red"", ""green"", ""yellow"", ""blue""]",purple,red,j,change,1.0,8.0,1.0
0009,0009_T1_20260518_155637,PA,T1,standard,hci_substudy_v2,1,telemetry_v4,change_detection,4,formal_cd,formal,1,48,56,formal,N1_same,1779090997,160.064,2026-05-18T16:12:02.678,0,0,0,1,921544.577,921558.896,,,,,s,,1,2453.339,,,,925144.577,925197.56,927678.875,4000,2481.315,927678.875,"[{""stage_name"": ""fixation"", ""planned_duration_ms"": 100, ""intended_onset_ms"": 921544.577, ""actual_onset_global_ms"": 921558.896, ""actual_offset_global_ms"": 921657.056, ""actual_duration_ms"": 98.16}, {""stage_name"": ""memory_array"", ""planned_duration_ms"": 2500, ""intended_onset_ms"": 921644.577, ""actual_onset_global_ms"": 921680.213, ""actual_offset_global_ms"": 924165.158, ""actual_duration_ms"": 2484.945}, {""stage_name"": ""delay"", ""planned_duration_ms"": 1000, ""intended_onset_ms"": 924165.158, ""actual_onset_global_ms"": 924171.07, ""actual_offset_global_ms"": 925171.801, ""actual_duration_ms"": 1000.731}, {""stage_name"": ""test_array"", ""planned_duration_ms"": 4000, ""intended_onset_ms"": 925171.801, ""actual_onset_global_ms"": 925197.56, ""actual_offset_global_ms"": 927678.875, ""actual_duration_ms"": 2481.315}]",,,,,0,0,1,0,1,,,,,,,,,,,,,,,,,,,,,,,,,,,,,,,1.0,same,0.0,"[-59.78, 101.56]","[[-59.78, 101.56]]","[""green""]","[""green""]",green,green,s,same,1.0,1.0,1.0
