participant_id,session_id,group,timepoint,practice_layer,practice_protocol_version,telemetry_enabled,telemetry_version,task_name,task_order_index,block_name,block_type,block_index,trial_index_within_block,trial_index_global,practice_or_formal,condition_label,random_seed,screen_refresh_hz,timestamp_iso,omission,aborted,pause_count_during_trial,repeated_practice_round,intended_trial_start_ms,actual_trial_start_ms,condition,target_direction,flankers_direction,array_pattern_text,correct_response_key,participant_response_key,response_correct,rt_ms,response_time_global_ms,feedback_type,practice_pass_flag,intended_onset_ms,actual_onset_global_ms,actual_offset_global_ms,stage_duration_planned_ms,stage_duration_actual_ms,actual_trial_end_ms,stage_records_json,feedback_audio_file,feedback_audio_start_global_ms,feedback_audio_expected_duration_ms,feedback_audio_stop_global_ms,excluded_rt_low,excluded_rt_high,included_in_rt_analysis,task_accuracy_below_threshold,valid_task_data,prompt_level,support_type,support_trigger_reason,support_trigger_trial_index,rule_block_error_count,support_level,support_phase,support_duration_ms,post_support_success_streak,support_faded_after_trial,manual_intervention_flag,dccs_support_rule,dccs_error_type,dccs_dimension_highlight_used,dccs_demo_type,dccs_label_mode,dccs_post_support_rule_confusion,rule,cue_audio_file,cue_label,cue_audio_start_global_ms,cue_audio_expected_duration_ms,cue_audio_stop_global_ms,stimulus_color,stimulus_shape,stimulus_identity,trial_transition,previous_rule,current_rule,cue_to_first_response_ms,set_size,trial_type,probe_index,probe_position_xy,item_positions,item_colors_memory,item_colors_test,probe_original_color,probe_test_color,response_key,response_label,accuracy,layout_generation_attempts,overlap_check_passed
056,056_T1_20260520_154937,Control,T1,adaptive,hci_substudy_v2,1,telemetry_v4,flanker,1,formal_block_1,formal,1,1,13,formal,incongruent,1779263377,117.245,2026-05-20T15:51:20.755,0,0,0,1,98579.331,98603.529,incongruent,left,right,>><>>,s,s,1,1968.854,100688.491,none,,98679.331,98719.637,100688.491,3000,1968.854,100688.491,"[{""stage_name"": ""fixation"", ""planned_duration_ms"": 100, ""intended_onset_ms"": 98579.331, ""actual_onset_global_ms"": 98603.529, ""actual_offset_global_ms"": 98703.564, ""actual_duration_ms"": 100.035}, {""stage_name"": ""stimulus"", ""planned_duration_ms"": 3000, ""intended_onset_ms"": 98679.331, ""actual_onset_global_ms"": 98719.637, ""actual_offset_global_ms"": 100688.491, ""actual_duration_ms"": 1968.854}]",,,,,0,0,1,0,1,,,,,,,,,,,,,,,,,,,,,,,,,,,,,,,,,,,,,,,,,,,,
056,056_T1_20260520_154937,Control,T1,adaptive,hci_substudy_v2,1,telemetry_v4,flanker,1,formal_block_1,formal,1,2,14,formal,incongruent,1779263377,117.245,2026-05-20T15:51:22.872,0,0,0,1,100695.771,100714.675,incongruent,right,left,<<><<,j,j,1,1332.602,102163.324,none,,100795.771,100830.722,102163.324,3000,1332.602,102163.324,"[{""stage_name"": ""fixation"", ""planned_duration_ms"": 100, ""intended_onset_ms"": 100695.771, ""actual_onset_global_ms"": 100714.675, ""actual_offset_global_ms"": 100816.742, ""actual_duration_ms"": 102.067}, {""stage_name"": ""stimulus"", ""planned_duration_ms"": 3000, ""intended_onset_ms"": 100795.771, ""actual_onset_global_ms"": 100830.722, ""actual_offset_global_ms"": 102163.324, ""actual_duration_ms"": 1332.602}]",,,,,0,0,1,0,1,,,,,,,,,,,,,,,,,,,,,,,,,,,,,,,,,,,,,,,,,,,,
056,056_T1_20260520_154937,Control,T1,adaptive,hci_substudy_v2,1,telemetry_v4,flanker,1,formal_block_1,formal,1,3,15,formal,incongruent,1779263377,117.245,2026-05-20T15:51:24.367,0,0,0,1,102191.316,102214.74,incongruent,left,right,>><>>,s,s,1,1073.206,103401.042,none,,102291.316,102327.836,103401.042,3000,1073.206,103401.042,"[{""stage_name"": ""fixation"", ""planned_duration_ms"": 100, ""intended_onset_ms"": 102191.316, ""actual_onset_global_ms"": 102214.74, ""actual_offset_global_ms"": 102315.103, ""actual_duration_ms"": 100.363}, {""stage_name"": ""stimulus"", ""planned_duration_ms"": 3000, ""intended_onset_ms"": 102291.316, ""actual_onset_global_ms"": 102327.836, ""actual_offset_global_ms"": 103401.042, ""actual_duration_ms"": 1073.206}]",,,,,0,0,1,0,1,,,,,,,,,,,,,,,,,,,,,,,,,,,,,,,,,,,,,,,,,,,,
056,056_T1_20260520_154937,Control,T1,adaptive,hci_substudy_v2,1,telemetry_v4,flanker,1,formal_block_1,formal,1,4,16,formal,congruent,1779263377,117.245,2026-05-20T15:51:25.605,0,0,0,1,103429.454,103447.543,congruent,right,right,>>>>>,j,j,1,841.596,104401.753,none,,103529.454,103560.157,104401.753,3000,841.596,104401.753,"[{""stage_name"": ""fixation"", ""planned_duration_ms"": 100, ""intended_onset_ms"": 103429.454, ""actual_onset_global_ms"": 103447.543, ""actual_offset_global_ms"": 103547.21, ""actual_duration_ms"": 99.667}, {""stage_name"": ""stimulus"", ""planned_duration_ms"": 3000, ""intended_onset_ms"": 103529.454, ""actual_onset_global_ms"": 103560.157, ""actual_offset_global_ms"": 104401.753, ""actual_duration_ms"": 841.596}]",,,,,0,0,1,0,1,,,,,,,,,,,,,,,,,,,,,,,,,,,,,,,,,,,,,,,,,,,,
056,056_T1_20260520_154937,Control,T1,adaptive,hci_substudy_v2,1,telemetry_v4,flanker,1,formal_block_1,formal,1,5,17,formal,incongruent,1779263377,117.245,2026-05-20T15:51:26.610,0,0,0,1,104434.668,104458.8,incongruent,left,right,>><>>,s,s,1,802.67,105380.173,none,,104534.668,104577.503,105380.173,3000,802.67,105380.173,"[{""stage_name"": ""fixation"", ""planned_duration_ms"": 100, ""intended_onset_ms"": 104434.668, ""actual_onset_global_ms"": 104458.8, ""actual_offset_global_ms"": 104561.787, ""actual_duration_ms"": 102.987}, {""stage_name"": ""stimulus"", ""planned_duration_ms"": 3000, ""intended_onset_ms"": 104534.668, ""actual_onset_global_ms"": 104577.503, ""actual_offset_global_ms"": 105380.173, ""actual_duration_ms"": 802.67}]",,,,,0,0,1,0,1,,,,,,,,,,,,,,,,,,,,,,,,,,,,,,,,,,,,,,,,,,,,
056,056_T1_20260520_154937,Control,T1,adaptive,hci_substudy_v2,1,telemetry_v4,flanker,1,formal_block_1,formal,1,6,18,formal,congruent,1779263377,117.245,2026-05-20T15:51:27.570,0,0,0,1,105394.553,105415.96,congruent,left,left,<<<<<,s,s,1,751.335,106282.875,none,,105494.553,105531.54,106282.875,3000,751.335,106282.875,"[{""stage_name"": ""fixation"", ""planned_duration_ms"": 100, ""intended_onset_ms"": 105394.553, ""actual_onset_global_ms"": 105415.96, ""actual_offset_global_ms"": 105515.465, ""actual_duration_ms"": 99.505}, {""stage_name"": ""stimulus"", ""planned_duration_ms"": 3000, ""intended_onset_ms"": 105494.553, ""actual_onset_global_ms"": 105531.54, ""actual_offset_global_ms"": 106282.875, ""actual_duration_ms"": 751.335}]",,,,,0,0,1,0,1,,,,,,,,,,,,,,,,,,,,,,,,,,,,,,,,,,,,,,,,,,,,
056,056_T1_20260520_154937,Control,T1,adaptive,hci_substudy_v2,1,telemetry_v4,flanker,1,formal_block_1,formal,1,7,19,formal,incongruent,1779263377,117.245,2026-05-20T15:51:28.484,0,0,0,1,106308.332,106332.812,incongruent,right,left,<<><<,j,j,1,623.432,107083.324,none,,106408.332,106459.892,107083.324,3000,623.432,107083.324,"[{""stage_name"": ""fixation"", ""planned_duration_ms"": 100, ""intended_onset_ms"": 106308.332, ""actual_onset_global_ms"": 106332.812, ""actual_offset_global_ms"": 106417.286, ""actual_duration_ms"": 84.474}, {""stage_name"": ""stimulus"", ""planned_duration_ms"": 3000, ""intended_onset_ms"": 106408.332, ""actual_onset_global_ms"": 106459.892, ""actual_offset_global_ms"": 107083.324, ""actual_duration_ms"": 623.432}]",,,,,0,0,1,0,1,,,,,,,,,,,,,,,,,,,,,,,,,,,,,,,,,,,,,,,,,,,,
056,056_T1_20260520_154937,Control,T1,adaptive,hci_substudy_v2,1,telemetry_v4,flanker,1,formal_block_1,formal,1,8,20,formal,incongruent,1779263377,117.245,2026-05-20T15:51:29.305,0,0,0,1,107128.928,107152.497,incongruent,right,left,<<><<,j,j,1,764.872,108029.92,none,,107228.928,107265.048,108029.92,3000,764.872,108029.92,"[{""stage_name"": ""fixation"", ""planned_duration_ms"": 100, ""intended_onset_ms"": 107128.928, ""actual_onset_global_ms"": 107152.497, ""actual_offset_global_ms"": 107249.873, ""actual_duration_ms"": 97.376}, {""stage_name"": ""stimulus"", ""planned_duration_ms"": 3000, ""intended_onset_ms"": 107228.928, ""actual_onset_global_ms"": 107265.048, ""actual_offset_global_ms"": 108029.92, ""actual_duration_ms"": 764.872}]",,,,,0,0,1,0,1,,,,,,,,,,,,,,,,,,,,,,,,,,,,,,,,,,,,,,,,,,,,
056,056_T1_20260520_154937,Control,T1,adaptive,hci_substudy_v2,1,telemetry_v4,flanker,1,formal_block_1,formal,1,9,21,formal,congruent,1779263377,117.245,2026-05-20T15:51:30.222,0,0,0,1,108046.056,108064.111,congruent,left,left,<<<<<,s,s,1,571.673,108750.458,none,,108146.056,108178.785,108750.458,3000,571.673,108750.458,"[{""stage_name"": ""fixation"", ""planned_duration_ms"": 100, ""intended_onset_ms"": 108046.056, ""actual_onset_global_ms"": 108064.111, ""actual_offset_global_ms"": 108163.52, ""actual_duration_ms"": 99.409}, {""stage_name"": ""stimulus"", ""planned_duration_ms"": 3000, ""intended_onset_ms"": 108146.056, ""actual_onset_global_ms"": 108178.785, ""actual_offset_global_ms"": 108750.458, ""actual_duration_ms"": 571.673}]",,,,,0,0,1,0,1,,,,,,,,,,,,,,,,,,,,,,,,,,,,,,,,,,,,,,,,,,,,
056,056_T1_20260520_154937,Control,T1,adaptive,hci_substudy_v2,1,telemetry_v4,flanker,1,formal_block_1,formal,1,10,22,formal,incongruent,1779263377,117.245,2026-05-20T15:51:30.944,0,0,0,1,108767.969,108790.778,incongruent,right,left,<<><<,j,j,1,713.98,109619.963,none,,108867.969,108905.983,109619.963,3000,713.98,109619.963,"[{""stage_name"": ""fixation"", ""planned_duration_ms"": 100, ""intended_onset_ms"": 108767.969, ""actual_onset_global_ms"": 108790.778, ""actual_offset_global_ms"": 108891.507, ""actual_duration_ms"": 100.729}, {""stage_name"": ""stimulus"", ""planned_duration_ms"": 3000, ""intended_onset_ms"": 108867.969, ""actual_onset_global_ms"": 108905.983, ""actual_offset_global_ms"": 109619.963, ""actual_duration_ms"": 713.98}]",,,,,0,0,1,0,1,,,,,,,,,,,,,,,,,,,,,,,,,,,,,,,,,,,,,,,,,,,,
056,056_T1_20260520_154937,Control,T1,adaptive,hci_substudy_v2,1,telemetry_v4,flanker,1,formal_block_1,formal,1,11,23,formal,congruent,1779263377,117.245,2026-05-20T15:51:31.870,0,0,0,1,109694.514,109712.66,congruent,left,left,<<<<<,s,s,1,644.024,110468.564,none,,109794.514,109824.54,110468.564,3000,644.024,110468.564,"[{""stage_name"": ""fixation"", ""planned_duration_ms"": 100, ""intended_onset_ms"": 109694.514, ""actual_onset_global_ms"": 109712.66, ""actual_offset_global_ms"": 109811.687, ""actual_duration_ms"": 99.027}, {""stage_name"": ""stimulus"", ""planned_duration_ms"": 3000, ""intended_onset_ms"": 109794.514, ""actual_onset_global_ms"": 109824.54, ""actual_offset_global_ms"": 110468.564, ""actual_duration_ms"": 644.024}]",,,,,0,0,1,0,1,,,,,,,,,,,,,,,,,,,,,,,,,,,,,,,,,,,,,,,,,,,,
056,056_T1_20260520_154937,Control,T1,adaptive,hci_substudy_v2,1,telemetry_v4,flanker,1,formal_block_1,formal,1,12,24,formal,congruent,1779263377,117.245,2026-05-20T15:51:32.655,0,0,0,1,110478.417,110502.706,congruent,right,right,>>>>>,j,j,1,648.957,111268.166,none,,110578.417,110619.209,111268.166,3000,648.957,111268.166,"[{""stage_name"": ""fixation"", ""planned_duration_ms"": 100, ""intended_onset_ms"": 110478.417, ""actual_onset_global_ms"": 110502.706, ""actual_offset_global_ms"": 110603.488, ""actual_duration_ms"": 100.782}, {""stage_name"": ""stimulus"", ""planned_duration_ms"": 3000, ""intended_onset_ms"": 110578.417, ""actual_onset_global_ms"": 110619.209, ""actual_offset_global_ms"": 111268.166, ""actual_duration_ms"": 648.957}]",,,,,0,0,1,0,1,,,,,,,,,,,,,,,,,,,,,,,,,,,,,,,,,,,,,,,,,,,,
056,056_T1_20260520_154937,Control,T1,adaptive,hci_substudy_v2,1,telemetry_v4,flanker,1,formal_block_1,formal,1,13,25,formal,congruent,1779263377,117.245,2026-05-20T15:51:33.490,0,0,0,1,111313.28,111336.227,congruent,left,left,<<<<<,s,s,1,1076.3,112528.43,none,,111413.28,111452.13,112528.43,3000,1076.3,112528.43,"[{""stage_name"": ""fixation"", ""planned_duration_ms"": 100, ""intended_onset_ms"": 111313.28, ""actual_onset_global_ms"": 111336.227, ""actual_offset_global_ms"": 111436.953, ""actual_duration_ms"": 100.726}, {""stage_name"": ""stimulus"", ""planned_duration_ms"": 3000, ""intended_onset_ms"": 111413.28, ""actual_onset_global_ms"": 111452.13, ""actual_offset_global_ms"": 112528.43, ""actual_duration_ms"": 1076.3}]",,,,,0,0,1,0,1,,,,,,,,,,,,,,,,,,,,,,,,,,,,,,,,,,,,,,,,,,,,
056,056_T1_20260520_154937,Control,T1,adaptive,hci_substudy_v2,1,telemetry_v4,flanker,1,formal_block_1,formal,1,14,26,formal,incongruent,1779263377,117.245,2026-05-20T15:51:34.732,0,0,0,1,112556.603,112575.604,incongruent,left,right,>><>>,s,s,1,1081.127,113773.245,none,,112656.603,112692.118,113773.245,3000,1081.127,113773.245,"[{""stage_name"": ""fixation"", ""planned_duration_ms"": 100, ""intended_onset_ms"": 112556.603, ""actual_onset_global_ms"": 112575.604, ""actual_offset_global_ms"": 112678.414, ""actual_duration_ms"": 102.81}, {""stage_name"": ""stimulus"", ""planned_duration_ms"": 3000, ""intended_onset_ms"": 112656.603, ""actual_onset_global_ms"": 112692.118, ""actual_offset_global_ms"": 113773.245, ""actual_duration_ms"": 1081.127}]",,,,,0,0,1,0,1,,,,,,,,,,,,,,,,,,,,,,,,,,,,,,,,,,,,,,,,,,,,
056,056_T1_20260520_154937,Control,T1,adaptive,hci_substudy_v2,1,telemetry_v4,flanker,1,formal_block_1,formal,1,15,27,formal,congruent,1779263377,117.245,2026-05-20T15:51:35.981,0,0,0,1,113804.518,113827.327,congruent,left,left,<<<<<,s,s,1,717.275,114658.197,none,,113904.518,113940.922,114658.197,3000,717.275,114658.197,"[{""stage_name"": ""fixation"", ""planned_duration_ms"": 100, ""intended_onset_ms"": 113804.518, ""actual_onset_global_ms"": 113827.327, ""actual_offset_global_ms"": 113927.008, ""actual_duration_ms"": 99.681}, {""stage_name"": ""stimulus"", ""planned_duration_ms"": 3000, ""intended_onset_ms"": 113904.518, ""actual_onset_global_ms"": 113940.922, ""actual_offset_global_ms"": 114658.197, ""actual_duration_ms"": 717.275}]",,,,,0,0,1,0,1,,,,,,,,,,,,,,,,,,,,,,,,,,,,,,,,,,,,,,,,,,,,
056,056_T1_20260520_154937,Control,T1,adaptive,hci_substudy_v2,1,telemetry_v4,flanker,1,formal_block_1,formal,1,16,28,formal,congruent,1779263377,117.245,2026-05-20T15:51:36.857,0,0,0,1,114681.491,114702.418,congruent,right,right,>>>>>,j,j,1,819.885,115640.474,none,,114781.491,114820.589,115640.474,3000,819.885,115640.474,"[{""stage_name"": ""fixation"", ""planned_duration_ms"": 100, ""intended_onset_ms"": 114681.491, ""actual_onset_global_ms"": 114702.418, ""actual_offset_global_ms"": 114805.068, ""actual_duration_ms"": 102.65}, {""stage_name"": ""stimulus"", ""planned_duration_ms"": 3000, ""intended_onset_ms"": 114781.491, ""actual_onset_global_ms"": 114820.589, ""actual_offset_global_ms"": 115640.474, ""actual_duration_ms"": 819.885}]",,,,,0,0,1,0,1,,,,,,,,,,,,,,,,,,,,,,,,,,,,,,,,,,,,,,,,,,,,
056,056_T1_20260520_154937,Control,T1,adaptive,hci_substudy_v2,1,telemetry_v4,flanker,1,formal_block_1,formal,1,17,29,formal,incongruent,1779263377,117.245,2026-05-20T15:51:37.836,0,0,0,1,115660.14,115682.664,incongruent,left,right,>><>>,s,j,0,799.326,116594.17,none,,115760.14,115794.844,116594.17,3000,799.326,116594.17,"[{""stage_name"": ""fixation"", ""planned_duration_ms"": 100, ""intended_onset_ms"": 115660.14, ""actual_onset_global_ms"": 115682.664, ""actual_offset_global_ms"": 115779.828, ""actual_duration_ms"": 97.164}, {""stage_name"": ""stimulus"", ""planned_duration_ms"": 3000, ""intended_onset_ms"": 115760.14, ""actual_onset_global_ms"": 115794.844, ""actual_offset_global_ms"": 116594.17, ""actual_duration_ms"": 799.326}]",,,,,0,0,0,0,1,,,,,,,,,,,,,,,,,,,,,,,,,,,,,,,,,,,,,,,,,,,,
056,056_T1_20260520_154937,Control,T1,adaptive,hci_substudy_v2,1,telemetry_v4,flanker,1,formal_block_1,formal,1,18,30,formal,congruent,1779263377,117.245,2026-05-20T15:51:38.822,0,0,0,1,116646.145,116664.961,congruent,right,right,>>>>>,j,j,1,1840.317,118618.973,none,,116746.145,116778.656,118618.973,3000,1840.317,118618.973,"[{""stage_name"": ""fixation"", ""planned_duration_ms"": 100, ""intended_onset_ms"": 116646.145, ""actual_onset_global_ms"": 116664.961, ""actual_offset_global_ms"": 116765.723, ""actual_duration_ms"": 100.762}, {""stage_name"": ""stimulus"", ""planned_duration_ms"": 3000, ""intended_onset_ms"": 116746.145, ""actual_onset_global_ms"": 116778.656, ""actual_offset_global_ms"": 118618.973, ""actual_duration_ms"": 1840.317}]",,,,,0,0,1,0,1,,,,,,,,,,,,,,,,,,,,,,,,,,,,,,,,,,,,,,,,,,,,
056,056_T1_20260520_154937,Control,T1,adaptive,hci_substudy_v2,1,telemetry_v4,flanker,1,formal_block_1,formal,1,19,31,formal,incongruent,1779263377,117.245,2026-05-20T15:51:40.815,0,0,0,1,118639.356,118661.206,incongruent,right,left,<<><<,j,j,1,976.701,119756.805,none,,118739.356,118780.104,119756.805,3000,976.701,119756.805,"[{""stage_name"": ""fixation"", ""planned_duration_ms"": 100, ""intended_onset_ms"": 118639.356, ""actual_onset_global_ms"": 118661.206, ""actual_offset_global_ms"": 118763.242, ""actual_duration_ms"": 102.036}, {""stage_name"": ""stimulus"", ""planned_duration_ms"": 3000, ""intended_onset_ms"": 118739.356, ""actual_onset_global_ms"": 118780.104, ""actual_offset_global_ms"": 119756.805, ""actual_duration_ms"": 976.701}]",,,,,0,0,1,0,1,,,,,,,,,,,,,,,,,,,,,,,,,,,,,,,,,,,,,,,,,,,,
056,056_T1_20260520_154937,Control,T1,adaptive,hci_substudy_v2,1,telemetry_v4,flanker,1,formal_block_1,formal,1,20,32,formal,congruent,1779263377,117.245,2026-05-20T15:51:41.948,0,0,0,1,119772.188,119799.681,congruent,right,right,>>>>>,j,j,1,726.051,120650.813,none,,119872.188,119924.762,120650.813,3000,726.051,120650.813,"[{""stage_name"": ""fixation"", ""planned_duration_ms"": 100, ""intended_onset_ms"": 119772.188, ""actual_onset_global_ms"": 119799.681, ""actual_offset_global_ms"": 119881.523, ""actual_duration_ms"": 81.842}, {""stage_name"": ""stimulus"", ""planned_duration_ms"": 3000, ""intended_onset_ms"": 119872.188, ""actual_onset_global_ms"": 119924.762, ""actual_offset_global_ms"": 120650.813, ""actual_duration_ms"": 726.051}]",,,,,0,0,1,0,1,,,,,,,,,,,,,,,,,,,,,,,,,,,,,,,,,,,,,,,,,,,,
056,056_T1_20260520_154937,Control,T1,adaptive,hci_substudy_v2,1,telemetry_v4,flanker,1,formal_block_2,formal,2,1,33,formal,congruent,1779263377,117.245,2026-05-20T15:51:42.879,0,0,0,1,120703.485,120722.824,congruent,left,left,<<<<<,s,s,1,1167.638,122010.514,none,,120803.485,120842.876,122010.514,3000,1167.638,122010.514,"[{""stage_name"": ""fixation"", ""planned_duration_ms"": 100, ""intended_onset_ms"": 120703.485, ""actual_onset_global_ms"": 120722.824, ""actual_offset_global_ms"": 120824.516, ""actual_duration_ms"": 101.692}, {""stage_name"": ""stimulus"", ""planned_duration_ms"": 3000, ""intended_onset_ms"": 120803.485, ""actual_onset_global_ms"": 120842.876, ""actual_offset_global_ms"": 122010.514, ""actual_duration_ms"": 1167.638}]",,,,,0,0,1,0,1,,,,,,,,,,,,,,,,,,,,,,,,,,,,,,,,,,,,,,,,,,,,
056,056_T1_20260520_154937,Control,T1,adaptive,hci_substudy_v2,1,telemetry_v4,flanker,1,formal_block_2,formal,2,2,34,formal,congruent,1779263377,117.245,2026-05-20T15:51:44.209,0,0,0,1,122033.756,122056.972,congruent,right,right,>>>>>,j,j,1,791.86,122965.538,none,,122133.756,122173.678,122965.538,3000,791.86,122965.538,"[{""stage_name"": ""fixation"", ""planned_duration_ms"": 100, ""intended_onset_ms"": 122033.756, ""actual_onset_global_ms"": 122056.972, ""actual_offset_global_ms"": 122156.996, ""actual_duration_ms"": 100.024}, {""stage_name"": ""stimulus"", ""planned_duration_ms"": 3000, ""intended_onset_ms"": 122133.756, ""actual_onset_global_ms"": 122173.678, ""actual_offset_global_ms"": 122965.538, ""actual_duration_ms"": 791.86}]",,,,,0,0,1,0,1,,,,,,,,,,,,,,,,,,,,,,,,,,,,,,,,,,,,,,,,,,,,
056,056_T1_20260520_154937,Control,T1,adaptive,hci_substudy_v2,1,telemetry_v4,flanker,1,formal_block_2,formal,2,3,35,formal,congruent,1779263377,117.245,2026-05-20T15:51:45.162,0,0,0,1,122985.401,123006.768,congruent,right,right,>>>>>,j,j,1,1194.382,124319.227,none,,123085.401,123124.845,124319.227,3000,1194.382,124319.227,"[{""stage_name"": ""fixation"", ""planned_duration_ms"": 100, ""intended_onset_ms"": 122985.401, ""actual_onset_global_ms"": 123006.768, ""actual_offset_global_ms"": 123108.441, ""actual_duration_ms"": 101.673}, {""stage_name"": ""stimulus"", ""planned_duration_ms"": 3000, ""intended_onset_ms"": 123085.401, ""actual_onset_global_ms"": 123124.845, ""actual_offset_global_ms"": 124319.227, ""actual_duration_ms"": 1194.382}]",,,,,0,0,1,0,1,,,,,,,,,,,,,,,,,,,,,,,,,,,,,,,,,,,,,,,,,,,,
056,056_T1_20260520_154937,Control,T1,adaptive,hci_substudy_v2,1,telemetry_v4,flanker,1,formal_block_2,formal,2,4,36,formal,incongruent,1779263377,117.245,2026-05-20T15:51:46.508,0,0,0,1,124331.343,124353.588,incongruent,right,left,<<><<,j,j,1,841.999,125311.974,none,,124431.343,124469.975,125311.974,3000,841.999,125311.974,"[{""stage_name"": ""fixation"", ""planned_duration_ms"": 100, ""intended_onset_ms"": 124331.343, ""actual_onset_global_ms"": 124353.588, ""actual_offset_global_ms"": 124454.668, ""actual_duration_ms"": 101.08}, {""stage_name"": ""stimulus"", ""planned_duration_ms"": 3000, ""intended_onset_ms"": 124431.343, ""actual_onset_global_ms"": 124469.975, ""actual_offset_global_ms"": 125311.974, ""actual_duration_ms"": 841.999}]",,,,,0,0,1,0,1,,,,,,,,,,,,,,,,,,,,,,,,,,,,,,,,,,,,,,,,,,,,
056,056_T1_20260520_154937,Control,T1,adaptive,hci_substudy_v2,1,telemetry_v4,flanker,1,formal_block_2,formal,2,5,37,formal,incongruent,1779263377,117.245,2026-05-20T15:51:47.501,0,0,0,1,125325.297,125348.259,incongruent,left,right,>><>>,s,s,1,924.287,126389.721,none,,125425.297,125465.434,126389.721,3000,924.287,126389.721,"[{""stage_name"": ""fixation"", ""planned_duration_ms"": 100, ""intended_onset_ms"": 125325.297, ""actual_onset_global_ms"": 125348.259, ""actual_offset_global_ms"": 125448.721, ""actual_duration_ms"": 100.462}, {""stage_name"": ""stimulus"", ""planned_duration_ms"": 3000, ""intended_onset_ms"": 125425.297, ""actual_onset_global_ms"": 125465.434, ""actual_offset_global_ms"": 126389.721, ""actual_duration_ms"": 924.287}]",,,,,0,0,1,0,1,,,,,,,,,,,,,,,,,,,,,,,,,,,,,,,,,,,,,,,,,,,,
056,056_T1_20260520_154937,Control,T1,adaptive,hci_substudy_v2,1,telemetry_v4,flanker,1,formal_block_2,formal,2,6,38,formal,incongruent,1779263377,117.245,2026-05-20T15:51:48.577,0,0,0,1,126401.332,126420.722,incongruent,right,left,<<><<,j,s,0,550.329,127083.322,none,,126501.332,126532.993,127083.322,3000,550.329,127083.322,"[{""stage_name"": ""fixation"", ""planned_duration_ms"": 100, ""intended_onset_ms"": 126401.332, ""actual_onset_global_ms"": 126420.722, ""actual_offset_global_ms"": 126517.806, ""actual_duration_ms"": 97.084}, {""stage_name"": ""stimulus"", ""planned_duration_ms"": 3000, ""intended_onset_ms"": 126501.332, ""actual_onset_global_ms"": 126532.993, ""actual_offset_global_ms"": 127083.322, ""actual_duration_ms"": 550.329}]",,,,,0,0,0,0,1,,,,,,,,,,,,,,,,,,,,,,,,,,,,,,,,,,,,,,,,,,,,
056,056_T1_20260520_154937,Control,T1,adaptive,hci_substudy_v2,1,telemetry_v4,flanker,1,formal_block_2,formal,2,7,39,formal,congruent,1779263377,117.245,2026-05-20T15:51:49.298,0,0,0,1,127122.203,127147.959,congruent,left,left,<<<<<,s,s,1,1942.813,129203.043,none,,127222.203,127260.23,129203.043,3000,1942.813,129203.043,"[{""stage_name"": ""fixation"", ""planned_duration_ms"": 100, ""intended_onset_ms"": 127122.203, ""actual_onset_global_ms"": 127147.959, ""actual_offset_global_ms"": 127247.383, ""actual_duration_ms"": 99.424}, {""stage_name"": ""stimulus"", ""planned_duration_ms"": 3000, ""intended_onset_ms"": 127222.203, ""actual_onset_global_ms"": 127260.23, ""actual_offset_global_ms"": 129203.043, ""actual_duration_ms"": 1942.813}]",,,,,0,0,1,0,1,,,,,,,,,,,,,,,,,,,,,,,,,,,,,,,,,,,,,,,,,,,,
056,056_T1_20260520_154937,Control,T1,adaptive,hci_substudy_v2,1,telemetry_v4,flanker,1,formal_block_2,formal,2,8,40,formal,congruent,1779263377,117.245,2026-05-20T15:51:51.403,0,0,0,1,129227.387,129244.988,congruent,right,right,>>>>>,j,j,1,707.434,130064.394,none,,129327.387,129356.96,130064.394,3000,707.434,130064.394,"[{""stage_name"": ""fixation"", ""planned_duration_ms"": 100, ""intended_onset_ms"": 129227.387, ""actual_onset_global_ms"": 129244.988, ""actual_offset_global_ms"": 129344.675, ""actual_duration_ms"": 99.687}, {""stage_name"": ""stimulus"", ""planned_duration_ms"": 3000, ""intended_onset_ms"": 129327.387, ""actual_onset_global_ms"": 129356.96, ""actual_offset_global_ms"": 130064.394, ""actual_duration_ms"": 707.434}]",,,,,0,0,1,0,1,,,,,,,,,,,,,,,,,,,,,,,,,,,,,,,,,,,,,,,,,,,,
056,056_T1_20260520_154937,Control,T1,adaptive,hci_substudy_v2,1,telemetry_v4,flanker,1,formal_block_2,formal,2,9,41,formal,incongruent,1779263377,117.245,2026-05-20T15:51:52.293,0,0,0,1,130117.75,130139.446,incongruent,right,left,<<><<,j,j,1,1156.97,131411.048,none,,130217.75,130254.078,131411.048,3000,1156.97,131411.048,"[{""stage_name"": ""fixation"", ""planned_duration_ms"": 100, ""intended_onset_ms"": 130117.75, ""actual_onset_global_ms"": 130139.446, ""actual_offset_global_ms"": 130239.74, ""actual_duration_ms"": 100.294}, {""stage_name"": ""stimulus"", ""planned_duration_ms"": 3000, ""intended_onset_ms"": 130217.75, ""actual_onset_global_ms"": 130254.078, ""actual_offset_global_ms"": 131411.048, ""actual_duration_ms"": 1156.97}]",,,,,0,0,1,0,1,,,,,,,,,,,,,,,,,,,,,,,,,,,,,,,,,,,,,,,,,,,,
056,056_T1_20260520_154937,Control,T1,adaptive,hci_substudy_v2,1,telemetry_v4,flanker,1,formal_block_2,formal,2,10,42,formal,incongruent,1779263377,117.245,2026-05-20T15:51:53.619,0,0,0,1,131443.408,131464.35,incongruent,right,left,<<><<,j,j,1,1659.441,133243.243,none,,131543.408,131583.802,133243.243,3000,1659.441,133243.243,"[{""stage_name"": ""fixation"", ""planned_duration_ms"": 100, ""intended_onset_ms"": 131443.408, ""actual_onset_global_ms"": 131464.35, ""actual_offset_global_ms"": 131567.076, ""actual_duration_ms"": 102.726}, {""stage_name"": ""stimulus"", ""planned_duration_ms"": 3000, ""intended_onset_ms"": 131543.408, ""actual_onset_global_ms"": 131583.802, ""actual_offset_global_ms"": 133243.243, ""actual_duration_ms"": 1659.441}]",,,,,0,0,1,0,1,,,,,,,,,,,,,,,,,,,,,,,,,,,,,,,,,,,,,,,,,,,,
056,056_T1_20260520_154937,Control,T1,adaptive,hci_substudy_v2,1,telemetry_v4,flanker,1,formal_block_2,formal,2,11,43,formal,congruent,1779263377,117.245,2026-05-20T15:51:55.448,0,0,0,1,133272.392,133294.59,congruent,left,left,<<<<<,s,s,1,971.556,134379.229,none,,133372.392,133407.673,134379.229,3000,971.556,134379.229,"[{""stage_name"": ""fixation"", ""planned_duration_ms"": 100, ""intended_onset_ms"": 133272.392, ""actual_onset_global_ms"": 133294.59, ""actual_offset_global_ms"": 133394.856, ""actual_duration_ms"": 100.266}, {""stage_name"": ""stimulus"", ""planned_duration_ms"": 3000, ""intended_onset_ms"": 133372.392, ""actual_onset_global_ms"": 133407.673, ""actual_offset_global_ms"": 134379.229, ""actual_duration_ms"": 971.556}]",,,,,0,0,1,0,1,,,,,,,,,,,,,,,,,,,,,,,,,,,,,,,,,,,,,,,,,,,,
056,056_T1_20260520_154937,Control,T1,adaptive,hci_substudy_v2,1,telemetry_v4,flanker,1,formal_block_2,formal,2,12,44,formal,incongruent,1779263377,117.245,2026-05-20T15:51:56.602,0,0,0,1,134425.996,134448.228,incongruent,left,right,>><>>,s,s,1,628.787,135194.969,none,,134525.996,134566.182,135194.969,3000,628.787,135194.969,"[{""stage_name"": ""fixation"", ""planned_duration_ms"": 100, ""intended_onset_ms"": 134425.996, ""actual_onset_global_ms"": 134448.228, ""actual_offset_global_ms"": 134549.419, ""actual_duration_ms"": 101.191}, {""stage_name"": ""stimulus"", ""planned_duration_ms"": 3000, ""intended_onset_ms"": 134525.996, ""actual_onset_global_ms"": 134566.182, ""actual_offset_global_ms"": 135194.969, ""actual_duration_ms"": 628.787}]",,,,,0,0,1,0,1,,,,,,,,,,,,,,,,,,,,,,,,,,,,,,,,,,,,,,,,,,,,
056,056_T1_20260520_154937,Control,T1,adaptive,hci_substudy_v2,1,telemetry_v4,flanker,1,formal_block_2,formal,2,13,45,formal,congruent,1779263377,117.245,2026-05-20T15:51:57.394,0,0,0,1,135218.043,135238.567,congruent,right,right,>>>>>,j,j,1,849.005,136201.745,none,,135318.043,135352.74,136201.745,3000,849.005,136201.745,"[{""stage_name"": ""fixation"", ""planned_duration_ms"": 100, ""intended_onset_ms"": 135218.043, ""actual_onset_global_ms"": 135238.567, ""actual_offset_global_ms"": 135338.84, ""actual_duration_ms"": 100.273}, {""stage_name"": ""stimulus"", ""planned_duration_ms"": 3000, ""intended_onset_ms"": 135318.043, ""actual_onset_global_ms"": 135352.74, ""actual_offset_global_ms"": 136201.745, ""actual_duration_ms"": 849.005}]",,,,,0,0,1,0,1,,,,,,,,,,,,,,,,,,,,,,,,,,,,,,,,,,,,,,,,,,,,
056,056_T1_20260520_154937,Control,T1,adaptive,hci_substudy_v2,1,telemetry_v4,flanker,1,formal_block_2,formal,2,14,46,formal,congruent,1779263377,117.245,2026-05-20T15:51:58.398,0,0,0,1,136221.766,136244.722,congruent,right,right,>>>>>,j,j,1,632.238,136994.887,none,,136321.766,136362.649,136994.887,3000,632.238,136994.887,"[{""stage_name"": ""fixation"", ""planned_duration_ms"": 100, ""intended_onset_ms"": 136221.766, ""actual_onset_global_ms"": 136244.722, ""actual_offset_global_ms"": 136346.727, ""actual_duration_ms"": 102.005}, {""stage_name"": ""stimulus"", ""planned_duration_ms"": 3000, ""intended_onset_ms"": 136321.766, ""actual_onset_global_ms"": 136362.649, ""actual_offset_global_ms"": 136994.887, ""actual_duration_ms"": 632.238}]",,,,,0,0,1,0,1,,,,,,,,,,,,,,,,,,,,,,,,,,,,,,,,,,,,,,,,,,,,
056,056_T1_20260520_154937,Control,T1,adaptive,hci_substudy_v2,1,telemetry_v4,flanker,1,formal_block_2,formal,2,15,47,formal,congruent,1779263377,117.245,2026-05-20T15:51:59.217,0,0,0,1,137040.416,137062.315,congruent,left,left,<<<<<,s,s,1,863.884,138043.209,none,,137140.416,137179.325,138043.209,3000,863.884,138043.209,"[{""stage_name"": ""fixation"", ""planned_duration_ms"": 100, ""intended_onset_ms"": 137040.416, ""actual_onset_global_ms"": 137062.315, ""actual_offset_global_ms"": 137165.644, ""actual_duration_ms"": 103.329}, {""stage_name"": ""stimulus"", ""planned_duration_ms"": 3000, ""intended_onset_ms"": 137140.416, ""actual_onset_global_ms"": 137179.325, ""actual_offset_global_ms"": 138043.209, ""actual_duration_ms"": 863.884}]",,,,,0,0,1,0,1,,,,,,,,,,,,,,,,,,,,,,,,,,,,,,,,,,,,,,,,,,,,
056,056_T1_20260520_154937,Control,T1,adaptive,hci_substudy_v2,1,telemetry_v4,flanker,1,formal_block_2,formal,2,16,48,formal,incongruent,1779263377,117.245,2026-05-20T15:52:00.241,0,0,0,1,138064.966,138085.68,incongruent,left,right,>><>>,s,s,1,556.222,138755.381,none,,138164.966,138199.159,138755.381,3000,556.222,138755.381,"[{""stage_name"": ""fixation"", ""planned_duration_ms"": 100, ""intended_onset_ms"": 138064.966, ""actual_onset_global_ms"": 138085.68, ""actual_offset_global_ms"": 138185.811, ""actual_duration_ms"": 100.131}, {""stage_name"": ""stimulus"", ""planned_duration_ms"": 3000, ""intended_onset_ms"": 138164.966, ""actual_onset_global_ms"": 138199.159, ""actual_offset_global_ms"": 138755.381, ""actual_duration_ms"": 556.222}]",,,,,0,0,1,0,1,,,,,,,,,,,,,,,,,,,,,,,,,,,,,,,,,,,,,,,,,,,,
056,056_T1_20260520_154937,Control,T1,adaptive,hci_substudy_v2,1,telemetry_v4,flanker,1,formal_block_2,formal,2,17,49,formal,incongruent,1779263377,117.245,2026-05-20T15:52:00.944,0,0,0,1,138768.252,138786.994,incongruent,right,left,<<><<,j,j,1,607.087,139510.067,none,,138868.252,138902.98,139510.067,3000,607.087,139510.067,"[{""stage_name"": ""fixation"", ""planned_duration_ms"": 100, ""intended_onset_ms"": 138768.252, ""actual_onset_global_ms"": 138786.994, ""actual_offset_global_ms"": 138889.319, ""actual_duration_ms"": 102.325}, {""stage_name"": ""stimulus"", ""planned_duration_ms"": 3000, ""intended_onset_ms"": 138868.252, ""actual_onset_global_ms"": 138902.98, ""actual_offset_global_ms"": 139510.067, ""actual_duration_ms"": 607.087}]",,,,,0,0,1,0,1,,,,,,,,,,,,,,,,,,,,,,,,,,,,,,,,,,,,,,,,,,,,
056,056_T1_20260520_154937,Control,T1,adaptive,hci_substudy_v2,1,telemetry_v4,flanker,1,formal_block_2,formal,2,18,50,formal,incongruent,1779263377,117.245,2026-05-20T15:52:01.727,0,0,0,1,139551.993,139578.433,incongruent,left,right,>><>>,s,j,0,386.505,140064.521,none,,139651.993,139678.016,140064.521,3000,386.505,140064.521,"[{""stage_name"": ""fixation"", ""planned_duration_ms"": 100, ""intended_onset_ms"": 139551.993, ""actual_onset_global_ms"": 139578.433, ""actual_offset_global_ms"": 139660.614, ""actual_duration_ms"": 82.181}, {""stage_name"": ""stimulus"", ""planned_duration_ms"": 3000, ""intended_onset_ms"": 139651.993, ""actual_onset_global_ms"": 139678.016, ""actual_offset_global_ms"": 140064.521, ""actual_duration_ms"": 386.505}]",,,,,0,0,0,0,1,,,,,,,,,,,,,,,,,,,,,,,,,,,,,,,,,,,,,,,,,,,,
056,056_T1_20260520_154937,Control,T1,adaptive,hci_substudy_v2,1,telemetry_v4,flanker,1,formal_block_2,formal,2,19,51,formal,congruent,1779263377,117.245,2026-05-20T15:52:02.249,0,0,0,1,140073.537,140096.695,congruent,left,left,<<<<<,s,s,1,863.471,141073.6,none,,140173.537,140210.129,141073.6,3000,863.471,141073.6,"[{""stage_name"": ""fixation"", ""planned_duration_ms"": 100, ""intended_onset_ms"": 140073.537, ""actual_onset_global_ms"": 140096.695, ""actual_offset_global_ms"": 140195.76, ""actual_duration_ms"": 99.065}, {""stage_name"": ""stimulus"", ""planned_duration_ms"": 3000, ""intended_onset_ms"": 140173.537, ""actual_onset_global_ms"": 140210.129, ""actual_offset_global_ms"": 141073.6, ""actual_duration_ms"": 863.471}]",,,,,0,0,1,0,1,,,,,,,,,,,,,,,,,,,,,,,,,,,,,,,,,,,,,,,,,,,,
056,056_T1_20260520_154937,Control,T1,adaptive,hci_substudy_v2,1,telemetry_v4,flanker,1,formal_block_2,formal,2,20,52,formal,incongruent,1779263377,117.245,2026-05-20T15:52:03.288,0,0,0,1,141111.845,141134.418,incongruent,left,right,>><>>,s,s,1,799.423,142052.949,none,,141211.845,141253.526,142052.949,3000,799.423,142052.949,"[{""stage_name"": ""fixation"", ""planned_duration_ms"": 100, ""intended_onset_ms"": 141111.845, ""actual_onset_global_ms"": 141134.418, ""actual_offset_global_ms"": 141239.025, ""actual_duration_ms"": 104.607}, {""stage_name"": ""stimulus"", ""planned_duration_ms"": 3000, ""intended_onset_ms"": 141211.845, ""actual_onset_global_ms"": 141253.526, ""actual_offset_global_ms"": 142052.949, ""actual_duration_ms"": 799.423}]",,,,,0,0,1,0,1,,,,,,,,,,,,,,,,,,,,,,,,,,,,,,,,,,,,,,,,,,,,
056,056_T1_20260520_154937,Control,T1,adaptive,hci_substudy_v2,1,telemetry_v4,dccs,2,mixed_formal,formal,1,1,13,formal,color,1779263377,117.245,2026-05-20T15:53:26.490,0,0,0,1,224314.592,224338.461,,,,,j,j,1,9722.298,235309.189,none,,224914.592,225586.891,235309.189,3000,9722.298,235309.189,"[{""stage_name"": ""fixation"", ""planned_duration_ms"": 100, ""intended_onset_ms"": 224314.592, ""actual_onset_global_ms"": 224338.461, ""actual_offset_global_ms"": 224424.84, ""actual_duration_ms"": 86.379}, {""stage_name"": ""cue"", ""planned_duration_ms"": 500, ""intended_onset_ms"": 224414.592, ""actual_onset_global_ms"": 224440.023, ""actual_offset_global_ms"": 225576.522, ""actual_duration_ms"": 1136.499}, {""stage_name"": ""stimulus"", ""planned_duration_ms"": 3000, ""intended_onset_ms"": 224914.592, ""actual_onset_global_ms"": 225586.891, ""actual_offset_global_ms"": 235309.189, ""actual_duration_ms"": 9722.298}]",,,,,0,1,0,0,1,0.0,none,,,0.0,0.0,none,0.0,0.0,0.0,0.0,,,0.0,none,none,0.0,color,cue_color.wav,颜色,224440.344,500.0,225136.943,red,rabbit,red_rabbit,first,,color,10869.166,,,,,,,,,,,,,,
056,056_T1_20260520_154937,Control,T1,adaptive,hci_substudy_v2,1,telemetry_v4,dccs,2,mixed_formal,formal,1,2,14,formal,shape,1779263377,117.245,2026-05-20T15:53:37.503,0,0,0,1,235327.673,235349.387,,,,,s,s,1,1254.302,237974.906,none,,235927.673,236720.604,237974.906,3000,1254.302,237974.906,"[{""stage_name"": ""fixation"", ""planned_duration_ms"": 100, ""intended_onset_ms"": 235327.673, ""actual_onset_global_ms"": 235349.387, ""actual_offset_global_ms"": 235436.886, ""actual_duration_ms"": 87.499}, {""stage_name"": ""cue"", ""planned_duration_ms"": 500, ""intended_onset_ms"": 235427.673, ""actual_onset_global_ms"": 235452.221, ""actual_offset_global_ms"": 236709.683, ""actual_duration_ms"": 1257.462}, {""stage_name"": ""stimulus"", ""planned_duration_ms"": 3000, ""intended_onset_ms"": 235927.673, ""actual_onset_global_ms"": 236720.604, ""actual_offset_global_ms"": 237974.906, ""actual_duration_ms"": 1254.302}]",,,,,0,0,1,0,1,0.0,none,,,0.0,0.0,none,0.0,0.0,0.0,0.0,,,0.0,none,none,0.0,shape,cue_shape.wav,形状,235452.434,500.0,236218.692,red,rabbit,red_rabbit,switch,color,shape,2522.685,,,,,,,,,,,,,,
056,056_T1_20260520_154937,Control,T1,adaptive,hci_substudy_v2,1,telemetry_v4,dccs,2,mixed_formal,formal,1,3,15,formal,color,1779263377,117.245,2026-05-20T15:53:40.157,0,0,0,1,237981.219,238005.582,,,,,j,j,1,1436.859,240724.028,none,,238581.219,239287.169,240724.028,3000,1436.859,240724.028,"[{""stage_name"": ""fixation"", ""planned_duration_ms"": 100, ""intended_onset_ms"": 237981.219, ""actual_onset_global_ms"": 238005.582, ""actual_offset_global_ms"": 238093.776, ""actual_duration_ms"": 88.194}, {""stage_name"": ""cue"", ""planned_duration_ms"": 500, ""intended_onset_ms"": 238081.219, ""actual_onset_global_ms"": 238104.643, ""actual_offset_global_ms"": 239277.61, ""actual_duration_ms"": 1172.967}, {""stage_name"": ""stimulus"", ""planned_duration_ms"": 3000, ""intended_onset_ms"": 238581.219, ""actual_onset_global_ms"": 239287.169, ""actual_offset_global_ms"": 240724.028, ""actual_duration_ms"": 1436.859}]",,,,,0,0,1,0,1,0.0,none,,,0.0,0.0,none,0.0,0.0,0.0,0.0,,,0.0,none,none,0.0,color,cue_color.wav,颜色,238104.843,500.0,238801.442,red,boat,red_boat,switch,shape,color,2619.385,,,,,,,,,,,,,,
056,056_T1_20260520_154937,Control,T1,adaptive,hci_substudy_v2,1,telemetry_v4,dccs,2,mixed_formal,formal,1,4,16,formal,shape,1779263377,117.245,2026-05-20T15:53:42.913,0,0,0,1,240737.658,240764.668,,,,,s,s,1,983.665,243102.043,none,,241337.658,242118.378,243102.043,3000,983.665,243102.043,"[{""stage_name"": ""fixation"", ""planned_duration_ms"": 100, ""intended_onset_ms"": 240737.658, ""actual_onset_global_ms"": 240764.668, ""actual_offset_global_ms"": 240857.35, ""actual_duration_ms"": 92.682}, {""stage_name"": ""cue"", ""planned_duration_ms"": 500, ""intended_onset_ms"": 240837.658, ""actual_onset_global_ms"": 240871.049, ""actual_offset_global_ms"": 242106.39, ""actual_duration_ms"": 1235.341}, {""stage_name"": ""stimulus"", ""planned_duration_ms"": 3000, ""intended_onset_ms"": 241337.658, ""actual_onset_global_ms"": 242118.378, ""actual_offset_global_ms"": 243102.043, ""actual_duration_ms"": 983.665}]",,,,,0,0,1,0,1,0.0,none,,,0.0,0.0,none,0.0,0.0,0.0,0.0,,,0.0,none,none,0.0,shape,cue_shape.wav,形状,240871.442,500.0,241637.7,red,rabbit,red_rabbit,switch,color,shape,2230.994,,,,,,,,,,,,,,
056,056_T1_20260520_154937,Control,T1,adaptive,hci_substudy_v2,1,telemetry_v4,dccs,2,mixed_formal,formal,1,5,17,formal,shape,1779263377,117.245,2026-05-20T15:53:45.290,0,0,0,1,243113.945,243133.764,,,,,s,s,1,620.265,245103.343,none,,243713.945,244483.078,245103.343,3000,620.265,245103.343,"[{""stage_name"": ""fixation"", ""planned_duration_ms"": 100, ""intended_onset_ms"": 243113.945, ""actual_onset_global_ms"": 243133.764, ""actual_offset_global_ms"": 243224.952, ""actual_duration_ms"": 91.188}, {""stage_name"": ""cue"", ""planned_duration_ms"": 500, ""intended_onset_ms"": 243213.945, ""actual_onset_global_ms"": 243241.119, ""actual_offset_global_ms"": 244472.106, ""actual_duration_ms"": 1230.987}, {""stage_name"": ""stimulus"", ""planned_duration_ms"": 3000, ""intended_onset_ms"": 243713.945, ""actual_onset_global_ms"": 244483.078, ""actual_offset_global_ms"": 245103.343, ""actual_duration_ms"": 620.265}]",,,,,0,0,1,0,1,0.0,none,,,0.0,0.0,none,0.0,0.0,0.0,0.0,,,0.0,none,none,0.0,shape,cue_shape.wav,形状,243241.64,500.0,244007.898,blue,rabbit,blue_rabbit,repeat,shape,shape,1862.224,,,,,,,,,,,,,,
056,056_T1_20260520_154937,Control,T1,adaptive,hci_substudy_v2,1,telemetry_v4,dccs,2,mixed_formal,formal,1,6,18,formal,color,1779263377,117.245,2026-05-20T15:53:47.290,0,0,0,1,245113.626,245138.181,,,,,j,j,1,205.905,246655.091,none,,245713.626,246449.186,246655.091,3000,205.905,246655.091,"[{""stage_name"": ""fixation"", ""planned_duration_ms"": 100, ""intended_onset_ms"": 245113.626, ""actual_onset_global_ms"": 245138.181, ""actual_offset_global_ms"": 245238.722, ""actual_duration_ms"": 100.541}, {""stage_name"": ""cue"", ""planned_duration_ms"": 500, ""intended_onset_ms"": 245213.626, ""actual_onset_global_ms"": 245249.459, ""actual_offset_global_ms"": 246438.547, ""actual_duration_ms"": 1189.088}, {""stage_name"": ""stimulus"", ""planned_duration_ms"": 3000, ""intended_onset_ms"": 245713.626, ""actual_onset_global_ms"": 246449.186, ""actual_offset_global_ms"": 246655.091, ""actual_duration_ms"": 205.905}]",,,,,0,0,1,0,1,0.0,none,,,0.0,0.0,none,0.0,0.0,0.0,0.0,,,0.0,none,none,0.0,color,cue_color.wav,颜色,245249.677,500.0,245946.276,red,boat,red_boat,switch,shape,color,1405.632,,,,,,,,,,,,,,
056,056_T1_20260520_154937,Control,T1,adaptive,hci_substudy_v2,1,telemetry_v4,dccs,2,mixed_formal,formal,1,7,19,formal,shape,1779263377,117.245,2026-05-20T15:53:48.849,0,0,0,1,246673.069,246692.927,,,,,j,j,1,1508.555,249550.493,none,,247273.069,248041.938,249550.493,3000,1508.555,249550.493,"[{""stage_name"": ""fixation"", ""planned_duration_ms"": 100, ""intended_onset_ms"": 246673.069, ""actual_onset_global_ms"": 246692.927, ""actual_offset_global_ms"": 246800.321, ""actual_duration_ms"": 107.394}, {""stage_name"": ""cue"", ""planned_duration_ms"": 500, ""intended_onset_ms"": 246773.069, ""actual_onset_global_ms"": 246813.097, ""actual_offset_global_ms"": 248031.891, ""actual_duration_ms"": 1218.794}, {""stage_name"": ""stimulus"", ""planned_duration_ms"": 3000, ""intended_onset_ms"": 247273.069, ""actual_onset_global_ms"": 248041.938, ""actual_offset_global_ms"": 249550.493, ""actual_duration_ms"": 1508.555}]",,,,,0,0,1,0,1,0.0,none,,,0.0,0.0,none,0.0,0.0,0.0,0.0,,,0.0,none,none,0.0,shape,cue_shape.wav,形状,246813.328,500.0,247579.586,red,boat,red_boat,switch,color,shape,2737.396,,,,,,,,,,,,,,
056,056_T1_20260520_154937,Control,T1,adaptive,hci_substudy_v2,1,telemetry_v4,dccs,2,mixed_formal,formal,1,8,20,formal,shape,1779263377,117.245,2026-05-20T15:53:51.743,0,0,0,1,249566.54,249590.752,,,,,s,s,1,746.259,251702.856,none,,250166.54,250956.597,251702.856,3000,746.259,251702.856,"[{""stage_name"": ""fixation"", ""planned_duration_ms"": 100, ""intended_onset_ms"": 249566.54, ""actual_onset_global_ms"": 249590.752, ""actual_offset_global_ms"": 249681.324, ""actual_duration_ms"": 90.572}, {""stage_name"": ""cue"", ""planned_duration_ms"": 500, ""intended_onset_ms"": 249666.54, ""actual_onset_global_ms"": 249695.185, ""actual_offset_global_ms"": 250943.486, ""actual_duration_ms"": 1248.301}, {""stage_name"": ""stimulus"", ""planned_duration_ms"": 3000, ""intended_onset_ms"": 250166.54, ""actual_onset_global_ms"": 250956.597, ""actual_offset_global_ms"": 251702.856, ""actual_duration_ms"": 746.259}]",,,,,0,0,1,0,1,0.0,none,,,0.0,0.0,none,0.0,0.0,0.0,0.0,,,0.0,none,none,0.0,shape,cue_shape.wav,形状,249695.413,500.0,250461.671,blue,rabbit,blue_rabbit,repeat,shape,shape,2007.671,,,,,,,,,,,,,,
056,056_T1_20260520_154937,Control,T1,adaptive,hci_substudy_v2,1,telemetry_v4,dccs,2,mixed_formal,formal,1,9,21,formal,color,1779263377,117.245,2026-05-20T15:53:53.897,0,0,0,1,251721.214,251741.288,,,,,s,s,1,828.455,253894.497,none,,252321.214,253066.042,253894.497,3000,828.455,253894.497,"[{""stage_name"": ""fixation"", ""planned_duration_ms"": 100, ""intended_onset_ms"": 251721.214, ""actual_onset_global_ms"": 251741.288, ""actual_offset_global_ms"": 251847.48, ""actual_duration_ms"": 106.192}, {""stage_name"": ""cue"", ""planned_duration_ms"": 500, ""intended_onset_ms"": 251821.214, ""actual_onset_global_ms"": 251860.801, ""actual_offset_global_ms"": 253055.564, ""actual_duration_ms"": 1194.763}, {""stage_name"": ""stimulus"", ""planned_duration_ms"": 3000, ""intended_onset_ms"": 252321.214, ""actual_onset_global_ms"": 253066.042, ""actual_offset_global_ms"": 253894.497, ""actual_duration_ms"": 828.455}]",,,,,0,0,1,0,1,0.0,none,,,0.0,0.0,none,0.0,0.0,0.0,0.0,,,0.0,none,none,0.0,color,cue_color.wav,颜色,251861.048,500.0,252557.647,blue,rabbit,blue_rabbit,switch,shape,color,2033.696,,,,,,,,,,,,,,
056,056_T1_20260520_154937,Control,T1,adaptive,hci_substudy_v2,1,telemetry_v4,dccs,2,mixed_formal,formal,1,10,22,formal,shape,1779263377,117.245,2026-05-20T15:53:56.085,0,0,0,1,253909.715,253933.029,,,,,j,j,1,2458.912,257743.205,none,,254509.715,255284.293,257743.205,3000,2458.912,257743.205,"[{""stage_name"": ""fixation"", ""planned_duration_ms"": 100, ""intended_onset_ms"": 253909.715, ""actual_onset_global_ms"": 253933.029, ""actual_offset_global_ms"": 254024.227, ""actual_duration_ms"": 91.198}, {""stage_name"": ""cue"", ""planned_duration_ms"": 500, ""intended_onset_ms"": 254009.715, ""actual_onset_global_ms"": 254036.554, ""actual_offset_global_ms"": 255273.022, ""actual_duration_ms"": 1236.468}, {""stage_name"": ""stimulus"", ""planned_duration_ms"": 3000, ""intended_onset_ms"": 254509.715, ""actual_onset_global_ms"": 255284.293, ""actual_offset_global_ms"": 257743.205, ""actual_duration_ms"": 2458.912}]",,,,,0,0,1,0,1,0.0,none,,,0.0,0.0,none,0.0,0.0,0.0,0.0,,,0.0,none,none,0.0,shape,cue_shape.wav,形状,254036.804,500.0,254803.062,red,boat,red_boat,switch,color,shape,3706.651,,,,,,,,,,,,,,
056,056_T1_20260520_154937,Control,T1,adaptive,hci_substudy_v2,1,telemetry_v4,dccs,2,mixed_formal,formal,1,11,23,formal,shape,1779263377,117.245,2026-05-20T15:53:59.930,0,0,0,1,257754.639,257780.681,,,,,j,j,1,769.982,259938.079,none,,258354.639,259168.097,259938.079,3000,769.982,259938.079,"[{""stage_name"": ""fixation"", ""planned_duration_ms"": 100, ""intended_onset_ms"": 257754.639, ""actual_onset_global_ms"": 257780.681, ""actual_offset_global_ms"": 257871.411, ""actual_duration_ms"": 90.73}, {""stage_name"": ""cue"", ""planned_duration_ms"": 500, ""intended_onset_ms"": 257854.639, ""actual_onset_global_ms"": 257885.135, ""actual_offset_global_ms"": 259156.355, ""actual_duration_ms"": 1271.22}, {""stage_name"": ""stimulus"", ""planned_duration_ms"": 3000, ""intended_onset_ms"": 258354.639, ""actual_onset_global_ms"": 259168.097, ""actual_offset_global_ms"": 259938.079, ""actual_duration_ms"": 769.982}]",,,,,0,0,1,0,1,0.0,none,,,0.0,0.0,none,0.0,0.0,0.0,0.0,,,0.0,none,none,0.0,shape,cue_shape.wav,形状,257885.394,500.0,258651.652,blue,boat,blue_boat,repeat,shape,shape,2052.944,,,,,,,,,,,,,,
056,056_T1_20260520_154937,Control,T1,adaptive,hci_substudy_v2,1,telemetry_v4,dccs,2,mixed_formal,formal,1,12,24,formal,shape,1779263377,117.245,2026-05-20T15:54:02.140,0,0,0,1,259964.971,259988.794,,,,,s,s,1,626.605,261977.663,none,,260564.971,261351.058,261977.663,3000,626.605,261977.663,"[{""stage_name"": ""fixation"", ""planned_duration_ms"": 100, ""intended_onset_ms"": 259964.971, ""actual_onset_global_ms"": 259988.794, ""actual_offset_global_ms"": 260078.866, ""actual_duration_ms"": 90.072}, {""stage_name"": ""cue"", ""planned_duration_ms"": 500, ""intended_onset_ms"": 260064.971, ""actual_onset_global_ms"": 260094.315, ""actual_offset_global_ms"": 261338.907, ""actual_duration_ms"": 1244.592}, {""stage_name"": ""stimulus"", ""planned_duration_ms"": 3000, ""intended_onset_ms"": 260564.971, ""actual_onset_global_ms"": 261351.058, ""actual_offset_global_ms"": 261977.663, ""actual_duration_ms"": 626.605}]",,,,,0,0,1,0,1,0.0,none,,,0.0,0.0,none,0.0,0.0,0.0,0.0,,,0.0,none,none,0.0,shape,cue_shape.wav,形状,260094.706,500.0,260860.964,red,rabbit,red_rabbit,repeat,shape,shape,1883.348,,,,,,,,,,,,,,
056,056_T1_20260520_154937,Control,T1,adaptive,hci_substudy_v2,1,telemetry_v4,dccs,2,mixed_formal,formal,1,13,25,formal,color,1779263377,117.245,2026-05-20T15:54:04.177,0,0,0,1,262000.714,262025.107,,,,,s,s,1,804.166,264154.439,none,,262600.71400000004,263350.273,264154.439,3000,804.166,264154.439,"[{""stage_name"": ""fixation"", ""planned_duration_ms"": 100, ""intended_onset_ms"": 262000.714, ""actual_onset_global_ms"": 262025.107, ""actual_offset_global_ms"": 262128.499, ""actual_duration_ms"": 103.392}, {""stage_name"": ""cue"", ""planned_duration_ms"": 500, ""intended_onset_ms"": 262100.714, ""actual_onset_global_ms"": 262141.692, ""actual_offset_global_ms"": 263340.441, ""actual_duration_ms"": 1198.749}, {""stage_name"": ""stimulus"", ""planned_duration_ms"": 3000, ""intended_onset_ms"": 262600.71400000004, ""actual_onset_global_ms"": 263350.273, ""actual_offset_global_ms"": 264154.439, ""actual_duration_ms"": 804.166}]",,,,,0,0,1,0,1,0.0,none,,,0.0,0.0,none,0.0,0.0,0.0,0.0,,,0.0,none,none,0.0,color,cue_color.wav,颜色,262141.911,500.0,262838.51,blue,rabbit,blue_rabbit,switch,shape,color,2012.747,,,,,,,,,,,,,,
056,056_T1_20260520_154937,Control,T1,adaptive,hci_substudy_v2,1,telemetry_v4,dccs,2,mixed_formal,formal,1,14,26,formal,color,1779263377,117.245,2026-05-20T15:54:06.338,0,0,0,1,264162.812,264185.472,,,,,j,j,1,1005.119,266512.269,none,,264762.812,265507.15,266512.269,3000,1005.119,266512.269,"[{""stage_name"": ""fixation"", ""planned_duration_ms"": 100, ""intended_onset_ms"": 264162.812, ""actual_onset_global_ms"": 264185.472, ""actual_offset_global_ms"": 264275.194, ""actual_duration_ms"": 89.722}, {""stage_name"": ""cue"", ""planned_duration_ms"": 500, ""intended_onset_ms"": 264262.812, ""actual_onset_global_ms"": 264286.601, ""actual_offset_global_ms"": 265497.871, ""actual_duration_ms"": 1211.27}, {""stage_name"": ""stimulus"", ""planned_duration_ms"": 3000, ""intended_onset_ms"": 264762.812, ""actual_onset_global_ms"": 265507.15, ""actual_offset_global_ms"": 266512.269, ""actual_duration_ms"": 1005.119}]",,,,,0,0,1,0,1,0.0,none,,,0.0,0.0,none,0.0,0.0,0.0,0.0,,,0.0,none,none,0.0,color,cue_color.wav,颜色,264286.824,500.0,264983.423,red,boat,red_boat,repeat,color,color,2225.668,,,,,,,,,,,,,,
056,056_T1_20260520_154937,Control,T1,adaptive,hci_substudy_v2,1,telemetry_v4,dccs,2,mixed_formal,formal,1,15,27,formal,color,1779263377,117.245,2026-05-20T15:54:08.714,0,0,0,1,266538.016,266561.403,,,,,j,j,1,815.717,268667.965,none,,267138.016,267852.248,268667.965,3000,815.717,268667.965,"[{""stage_name"": ""fixation"", ""planned_duration_ms"": 100, ""intended_onset_ms"": 266538.016, ""actual_onset_global_ms"": 266561.403, ""actual_offset_global_ms"": 266649.549, ""actual_duration_ms"": 88.146}, {""stage_name"": ""cue"", ""planned_duration_ms"": 500, ""intended_onset_ms"": 266638.016, ""actual_onset_global_ms"": 266662.156, ""actual_offset_global_ms"": 267843.122, ""actual_duration_ms"": 1180.966}, {""stage_name"": ""stimulus"", ""planned_duration_ms"": 3000, ""intended_onset_ms"": 267138.016, ""actual_onset_global_ms"": 267852.248, ""actual_offset_global_ms"": 268667.965, ""actual_duration_ms"": 815.717}]",,,,,0,0,1,0,1,0.0,none,,,0.0,0.0,none,0.0,0.0,0.0,0.0,,,0.0,none,none,0.0,color,cue_color.wav,颜色,266662.366,500.0,267358.965,red,rabbit,red_rabbit,repeat,color,color,2005.809,,,,,,,,,,,,,,
056,056_T1_20260520_154937,Control,T1,adaptive,hci_substudy_v2,1,telemetry_v4,dccs,2,mixed_formal,formal,1,16,28,formal,shape,1779263377,117.245,2026-05-20T15:54:10.855,0,0,0,1,268679.516,268704.885,,,,,j,j,1,1452.043,271512.185,none,,269279.516,270060.142,271512.185,3000,1452.043,271512.185,"[{""stage_name"": ""fixation"", ""planned_duration_ms"": 100, ""intended_onset_ms"": 268679.516, ""actual_onset_global_ms"": 268704.885, ""actual_offset_global_ms"": 268797.198, ""actual_duration_ms"": 92.313}, {""stage_name"": ""cue"", ""planned_duration_ms"": 500, ""intended_onset_ms"": 268779.516, ""actual_onset_global_ms"": 268809.541, ""actual_offset_global_ms"": 270048.212, ""actual_duration_ms"": 1238.671}, {""stage_name"": ""stimulus"", ""planned_duration_ms"": 3000, ""intended_onset_ms"": 269279.516, ""actual_onset_global_ms"": 270060.142, ""actual_offset_global_ms"": 271512.185, ""actual_duration_ms"": 1452.043}]",,,,,0,0,1,0,1,0.0,none,,,0.0,0.0,none,0.0,0.0,0.0,0.0,,,0.0,none,none,0.0,shape,cue_shape.wav,形状,268809.78,500.0,269576.038,red,boat,red_boat,switch,color,shape,2702.644,,,,,,,,,,,,,,
056,056_T1_20260520_154937,Control,T1,adaptive,hci_substudy_v2,1,telemetry_v4,dccs,2,mixed_formal,formal,1,17,29,formal,color,1779263377,117.245,2026-05-20T15:54:13.713,0,0,0,1,271537.169,271558.94,,,,,s,j,0,1296.073,274127.659,none,,272137.169,272831.586,274127.659,3000,1296.073,274127.659,"[{""stage_name"": ""fixation"", ""planned_duration_ms"": 100, ""intended_onset_ms"": 271537.169, ""actual_onset_global_ms"": 271558.94, ""actual_offset_global_ms"": 271646.233, ""actual_duration_ms"": 87.293}, {""stage_name"": ""cue"", ""planned_duration_ms"": 500, ""intended_onset_ms"": 271637.169, ""actual_onset_global_ms"": 271660.899, ""actual_offset_global_ms"": 272822.851, ""actual_duration_ms"": 1161.952}, {""stage_name"": ""stimulus"", ""planned_duration_ms"": 3000, ""intended_onset_ms"": 272137.169, ""actual_onset_global_ms"": 272831.586, ""actual_offset_global_ms"": 274127.659, ""actual_duration_ms"": 1296.073}]",,,,,0,0,0,0,1,0.0,none,,,0.0,0.0,none,0.0,0.0,0.0,0.0,,,0.0,none,none,0.0,color,cue_color.wav,颜色,271661.143,500.0,272357.742,blue,boat,blue_boat,switch,shape,color,2466.76,,,,,,,,,,,,,,
056,056_T1_20260520_154937,Control,T1,adaptive,hci_substudy_v2,1,telemetry_v4,dccs,2,mixed_formal,formal,1,18,30,formal,color,1779263377,117.245,2026-05-20T15:54:16.321,0,0,0,1,274145.132,274169.737,,,,,j,s,0,2974.134,278427.248,none,,274745.132,275453.114,278427.248,3000,2974.134,278427.248,"[{""stage_name"": ""fixation"", ""planned_duration_ms"": 100, ""intended_onset_ms"": 274145.132, ""actual_onset_global_ms"": 274169.737, ""actual_offset_global_ms"": 274272.659, ""actual_duration_ms"": 102.922}, {""stage_name"": ""cue"", ""planned_duration_ms"": 500, ""intended_onset_ms"": 274245.132, ""actual_onset_global_ms"": 274283.206, ""actual_offset_global_ms"": 275443.76, ""actual_duration_ms"": 1160.554}, {""stage_name"": ""stimulus"", ""planned_duration_ms"": 3000, ""intended_onset_ms"": 274745.132, ""actual_onset_global_ms"": 275453.114, ""actual_offset_global_ms"": 278427.248, ""actual_duration_ms"": 2974.134}]",,,,,0,0,0,0,1,0.0,none,,,0.0,0.0,none,0.0,0.0,0.0,0.0,,,0.0,none,none,0.0,color,cue_color.wav,颜色,274283.424,500.0,274980.023,red,rabbit,red_rabbit,repeat,color,color,4144.042,,,,,,,,,,,,,,
056,056_T1_20260520_154937,Control,T1,adaptive,hci_substudy_v2,1,telemetry_v4,dccs,2,mixed_formal,formal,1,19,31,formal,shape,1779263377,117.245,2026-05-20T15:54:20.625,0,0,0,1,278449.113,278471.054,,,,,s,s,1,1848.508,281684.282,none,,279049.113,279835.774,281684.282,3000,1848.508,281684.282,"[{""stage_name"": ""fixation"", ""planned_duration_ms"": 100, ""intended_onset_ms"": 278449.113, ""actual_onset_global_ms"": 278471.054, ""actual_offset_global_ms"": 278558.172, ""actual_duration_ms"": 87.118}, {""stage_name"": ""cue"", ""planned_duration_ms"": 500, ""intended_onset_ms"": 278549.113, ""actual_onset_global_ms"": 278600.077, ""actual_offset_global_ms"": 279821.487, ""actual_duration_ms"": 1221.41}, {""stage_name"": ""stimulus"", ""planned_duration_ms"": 3000, ""intended_onset_ms"": 279049.113, ""actual_onset_global_ms"": 279835.774, ""actual_offset_global_ms"": 281684.282, ""actual_duration_ms"": 1848.508}]",,,,,0,0,1,0,1,0.0,none,,,0.0,0.0,none,0.0,0.0,0.0,0.0,,,0.0,none,none,0.0,shape,cue_shape.wav,形状,278600.287,500.0,279366.545,blue,rabbit,blue_rabbit,switch,color,shape,3084.205,,,,,,,,,,,,,,
056,056_T1_20260520_154937,Control,T1,adaptive,hci_substudy_v2,1,telemetry_v4,dccs,2,mixed_formal,formal,1,20,32,formal,shape,1779263377,117.245,2026-05-20T15:54:23.884,0,0,0,1,281708.621,281731.425,,,,,s,s,1,805.397,283858.422,none,,282308.621,283053.025,283858.422,3000,805.397,283858.422,"[{""stage_name"": ""fixation"", ""planned_duration_ms"": 100, ""intended_onset_ms"": 281708.621, ""actual_onset_global_ms"": 281731.425, ""actual_offset_global_ms"": 281821.636, ""actual_duration_ms"": 90.211}, {""stage_name"": ""cue"", ""planned_duration_ms"": 500, ""intended_onset_ms"": 281808.621, ""actual_onset_global_ms"": 281834.713, ""actual_offset_global_ms"": 283039.943, ""actual_duration_ms"": 1205.23}, {""stage_name"": ""stimulus"", ""planned_duration_ms"": 3000, ""intended_onset_ms"": 282308.621, ""actual_onset_global_ms"": 283053.025, ""actual_offset_global_ms"": 283858.422, ""actual_duration_ms"": 805.397}]",,,,,0,0,1,0,1,0.0,none,,,0.0,0.0,none,0.0,0.0,0.0,0.0,,,0.0,none,none,0.0,shape,cue_shape.wav,形状,281834.932,500.0,282601.19,red,rabbit,red_rabbit,repeat,shape,shape,2023.709,,,,,,,,,,,,,,
056,056_T1_20260520_154937,Control,T1,adaptive,hci_substudy_v2,1,telemetry_v4,dccs,2,mixed_formal,formal,1,21,33,formal,color,1779263377,117.245,2026-05-20T15:54:26.059,0,0,0,1,283883.535,283904.003,,,,,s,s,1,964.017,286151.4,none,,284483.535,285187.383,286151.4,3000,964.017,286151.4,"[{""stage_name"": ""fixation"", ""planned_duration_ms"": 100, ""intended_onset_ms"": 283883.535, ""actual_onset_global_ms"": 283904.003, ""actual_offset_global_ms"": 284008.709, ""actual_duration_ms"": 104.706}, {""stage_name"": ""cue"", ""planned_duration_ms"": 500, ""intended_onset_ms"": 283983.535, ""actual_onset_global_ms"": 284020.446, ""actual_offset_global_ms"": 285176.701, ""actual_duration_ms"": 1156.255}, {""stage_name"": ""stimulus"", ""planned_duration_ms"": 3000, ""intended_onset_ms"": 284483.535, ""actual_onset_global_ms"": 285187.383, ""actual_offset_global_ms"": 286151.4, ""actual_duration_ms"": 964.017}]",,,,,0,0,1,0,1,0.0,none,,,0.0,0.0,none,0.0,0.0,0.0,0.0,,,0.0,none,none,0.0,color,cue_color.wav,颜色,284020.699,500.0,284717.298,blue,boat,blue_boat,switch,shape,color,2130.954,,,,,,,,,,,,,,
056,056_T1_20260520_154937,Control,T1,adaptive,hci_substudy_v2,1,telemetry_v4,dccs,2,mixed_formal,formal,1,22,34,formal,color,1779263377,117.245,2026-05-20T15:54:28.343,0,0,0,1,286166.952,286194.348,,,,,j,j,1,977.202,288449.701,none,,286766.952,287472.499,288449.701,3000,977.202,288449.701,"[{""stage_name"": ""fixation"", ""planned_duration_ms"": 100, ""intended_onset_ms"": 286166.952, ""actual_onset_global_ms"": 286194.348, ""actual_offset_global_ms"": 286276.578, ""actual_duration_ms"": 82.23}, {""stage_name"": ""cue"", ""planned_duration_ms"": 500, ""intended_onset_ms"": 286266.952, ""actual_onset_global_ms"": 286317.456, ""actual_offset_global_ms"": 287462.82, ""actual_duration_ms"": 1145.364}, {""stage_name"": ""stimulus"", ""planned_duration_ms"": 3000, ""intended_onset_ms"": 286766.952, ""actual_onset_global_ms"": 287472.499, ""actual_offset_global_ms"": 288449.701, ""actual_duration_ms"": 977.202}]",,,,,0,0,1,0,1,0.0,none,,,0.0,0.0,none,0.0,0.0,0.0,0.0,,,0.0,none,none,0.0,color,cue_color.wav,颜色,286317.668,500.0,287014.267,red,boat,red_boat,repeat,color,color,2132.245,,,,,,,,,,,,,,
056,056_T1_20260520_154937,Control,T1,adaptive,hci_substudy_v2,1,telemetry_v4,dccs,2,mixed_formal,formal,1,23,35,formal,color,1779263377,117.245,2026-05-20T15:54:30.647,0,0,0,1,288472.089,288494.598,,,,,s,s,1,691.531,290453.133,none,,289072.089,289761.602,290453.133,3000,691.531,290453.133,"[{""stage_name"": ""fixation"", ""planned_duration_ms"": 100, ""intended_onset_ms"": 288472.089, ""actual_onset_global_ms"": 288494.598, ""actual_offset_global_ms"": 288596.671, ""actual_duration_ms"": 102.073}, {""stage_name"": ""cue"", ""planned_duration_ms"": 500, ""intended_onset_ms"": 288572.089, ""actual_onset_global_ms"": 288608.097, ""actual_offset_global_ms"": 289752.561, ""actual_duration_ms"": 1144.464}, {""stage_name"": ""stimulus"", ""planned_duration_ms"": 3000, ""intended_onset_ms"": 289072.089, ""actual_onset_global_ms"": 289761.602, ""actual_offset_global_ms"": 290453.133, ""actual_duration_ms"": 691.531}]",,,,,0,0,1,0,1,0.0,none,,,0.0,0.0,none,0.0,0.0,0.0,0.0,,,0.0,none,none,0.0,color,cue_color.wav,颜色,288608.31,500.0,289304.909,blue,boat,blue_boat,repeat,color,color,1845.036,,,,,,,,,,,,,,
056,056_T1_20260520_154937,Control,T1,adaptive,hci_substudy_v2,1,telemetry_v4,dccs,2,mixed_formal,formal,1,24,36,formal,shape,1779263377,117.245,2026-05-20T15:54:32.656,0,0,0,1,290479.747,290499.458,,,,,j,j,1,1279.427,293093.845,none,,291079.747,291814.418,293093.845,3000,1279.427,293093.845,"[{""stage_name"": ""fixation"", ""planned_duration_ms"": 100, ""intended_onset_ms"": 290479.747, ""actual_onset_global_ms"": 290499.458, ""actual_offset_global_ms"": 290604.505, ""actual_duration_ms"": 105.047}, {""stage_name"": ""cue"", ""planned_duration_ms"": 500, ""intended_onset_ms"": 290579.747, ""actual_onset_global_ms"": 290615.767, ""actual_offset_global_ms"": 291804.551, ""actual_duration_ms"": 1188.784}, {""stage_name"": ""stimulus"", ""planned_duration_ms"": 3000, ""intended_onset_ms"": 291079.747, ""actual_onset_global_ms"": 291814.418, ""actual_offset_global_ms"": 293093.845, ""actual_duration_ms"": 1279.427}]",,,,,0,0,1,0,1,0.0,none,,,0.0,0.0,none,0.0,0.0,0.0,0.0,,,0.0,none,none,0.0,shape,cue_shape.wav,形状,290615.975,500.0,291382.233,red,boat,red_boat,switch,color,shape,2478.078,,,,,,,,,,,,,,
056,056_T1_20260520_154937,Control,T1,adaptive,hci_substudy_v2,1,telemetry_v4,dccs,2,mixed_formal,formal,1,25,37,formal,color,1779263377,117.245,2026-05-20T15:54:35.286,0,0,0,1,293110.078,293133.16,,,,,s,s,1,800.014,295212.589,none,,293710.078,294412.575,295212.589,3000,800.014,295212.589,"[{""stage_name"": ""fixation"", ""planned_duration_ms"": 100, ""intended_onset_ms"": 293110.078, ""actual_onset_global_ms"": 293133.16, ""actual_offset_global_ms"": 293235.141, ""actual_duration_ms"": 101.981}, {""stage_name"": ""cue"", ""planned_duration_ms"": 500, ""intended_onset_ms"": 293210.078, ""actual_onset_global_ms"": 293245.598, ""actual_offset_global_ms"": 294402.967, ""actual_duration_ms"": 1157.369}, {""stage_name"": ""stimulus"", ""planned_duration_ms"": 3000, ""intended_onset_ms"": 293710.078, ""actual_onset_global_ms"": 294412.575, ""actual_offset_global_ms"": 295212.589, ""actual_duration_ms"": 800.014}]",,,,,0,0,1,0,1,0.0,none,,,0.0,0.0,none,0.0,0.0,0.0,0.0,,,0.0,none,none,0.0,color,cue_color.wav,颜色,293245.898,500.0,293942.497,blue,rabbit,blue_rabbit,switch,shape,color,1966.991,,,,,,,,,,,,,,
056,056_T1_20260520_154937,Control,T1,adaptive,hci_substudy_v2,1,telemetry_v4,dccs,2,mixed_formal,formal,1,26,38,formal,color,1779263377,117.245,2026-05-20T15:54:37.402,0,0,0,1,295226.303,295246.015,,,,,s,s,1,575.904,297105.267,none,,295826.303,296529.363,297105.267,3000,575.904,297105.267,"[{""stage_name"": ""fixation"", ""planned_duration_ms"": 100, ""intended_onset_ms"": 295226.303, ""actual_onset_global_ms"": 295246.015, ""actual_offset_global_ms"": 295346.448, ""actual_duration_ms"": 100.433}, {""stage_name"": ""cue"", ""planned_duration_ms"": 500, ""intended_onset_ms"": 295326.303, ""actual_onset_global_ms"": 295356.909, ""actual_offset_global_ms"": 296519.783, ""actual_duration_ms"": 1162.874}, {""stage_name"": ""stimulus"", ""planned_duration_ms"": 3000, ""intended_onset_ms"": 295826.303, ""actual_onset_global_ms"": 296529.363, ""actual_offset_global_ms"": 297105.267, ""actual_duration_ms"": 575.904}]",,,,,0,0,1,0,1,0.0,none,,,0.0,0.0,none,0.0,0.0,0.0,0.0,,,0.0,none,none,0.0,color,cue_color.wav,颜色,295357.126,500.0,296053.725,blue,rabbit,blue_rabbit,repeat,color,color,1748.358,,,,,,,,,,,,,,
056,056_T1_20260520_154937,Control,T1,adaptive,hci_substudy_v2,1,telemetry_v4,dccs,2,mixed_formal,formal,1,27,39,formal,shape,1779263377,117.245,2026-05-20T15:54:39.298,0,0,0,1,297122.111,297148.632,,,,,s,j,0,527.994,299021.841,none,,297722.111,298493.847,299021.841,3000,527.994,299021.841,"[{""stage_name"": ""fixation"", ""planned_duration_ms"": 100, ""intended_onset_ms"": 297122.111, ""actual_onset_global_ms"": 297148.632, ""actual_offset_global_ms"": 297234.1, ""actual_duration_ms"": 85.468}, {""stage_name"": ""cue"", ""planned_duration_ms"": 500, ""intended_onset_ms"": 297222.111, ""actual_onset_global_ms"": 297275.011, ""actual_offset_global_ms"": 298482.214, ""actual_duration_ms"": 1207.203}, {""stage_name"": ""stimulus"", ""planned_duration_ms"": 3000, ""intended_onset_ms"": 297722.111, ""actual_onset_global_ms"": 298493.847, ""actual_offset_global_ms"": 299021.841, ""actual_duration_ms"": 527.994}]",,,,,0,0,0,0,1,0.0,none,,,0.0,0.0,none,0.0,0.0,0.0,0.0,,,0.0,none,none,0.0,shape,cue_shape.wav,形状,297275.251,500.0,298041.509,blue,rabbit,blue_rabbit,switch,color,shape,1746.83,,,,,,,,,,,,,,
056,056_T1_20260520_154937,Control,T1,adaptive,hci_substudy_v2,1,telemetry_v4,dccs,2,mixed_formal,formal,1,28,40,formal,shape,1779263377,117.245,2026-05-20T15:54:41.225,0,0,0,1,299049.49,299072.322,,,,,j,s,0,708.421,301102.397,none,,299649.49,300393.976,301102.397,3000,708.421,301102.397,"[{""stage_name"": ""fixation"", ""planned_duration_ms"": 100, ""intended_onset_ms"": 299049.49, ""actual_onset_global_ms"": 299072.322, ""actual_offset_global_ms"": 299160.223, ""actual_duration_ms"": 87.901}, {""stage_name"": ""cue"", ""planned_duration_ms"": 500, ""intended_onset_ms"": 299149.49, ""actual_onset_global_ms"": 299174.305, ""actual_offset_global_ms"": 300383.22, ""actual_duration_ms"": 1208.915}, {""stage_name"": ""stimulus"", ""planned_duration_ms"": 3000, ""intended_onset_ms"": 299649.49, ""actual_onset_global_ms"": 300393.976, ""actual_offset_global_ms"": 301102.397, ""actual_duration_ms"": 708.421}]",,,,,0,0,0,0,1,0.0,none,,,0.0,0.0,none,0.0,0.0,0.0,0.0,,,0.0,none,none,0.0,shape,cue_shape.wav,形状,299174.53,500.0,299940.788,blue,boat,blue_boat,repeat,shape,shape,1928.092,,,,,,,,,,,,,,
056,056_T1_20260520_154937,Control,T1,adaptive,hci_substudy_v2,1,telemetry_v4,dccs,2,mixed_formal,formal,1,29,41,formal,color,1779263377,117.245,2026-05-20T15:54:43.288,0,0,0,1,301111.72,301133.292,,,,,s,s,1,1928.915,304315.547,none,,301711.72,302386.632,304315.547,3000,1928.915,304315.547,"[{""stage_name"": ""fixation"", ""planned_duration_ms"": 100, ""intended_onset_ms"": 301111.72, ""actual_onset_global_ms"": 301133.292, ""actual_offset_global_ms"": 301222.402, ""actual_duration_ms"": 89.11}, {""stage_name"": ""cue"", ""planned_duration_ms"": 500, ""intended_onset_ms"": 301211.72, ""actual_onset_global_ms"": 301233.896, ""actual_offset_global_ms"": 302377.501, ""actual_duration_ms"": 1143.605}, {""stage_name"": ""stimulus"", ""planned_duration_ms"": 3000, ""intended_onset_ms"": 301711.72, ""actual_onset_global_ms"": 302386.632, ""actual_offset_global_ms"": 304315.547, ""actual_duration_ms"": 1928.915}]",,,,,0,0,1,0,1,0.0,none,,,0.0,0.0,none,0.0,0.0,0.0,0.0,,,0.0,none,none,0.0,color,cue_color.wav,颜色,301234.107,500.0,301930.706,blue,boat,blue_boat,switch,shape,color,3081.651,,,,,,,,,,,,,,
056,056_T1_20260520_154937,Control,T1,adaptive,hci_substudy_v2,1,telemetry_v4,dccs,2,mixed_formal,formal,1,30,42,formal,shape,1779263377,117.245,2026-05-20T15:54:46.519,0,0,0,1,304342.447,304365.089,,,,,j,j,1,836.563,306551.593,none,,304942.447,305715.03,306551.593,3000,836.563,306551.593,"[{""stage_name"": ""fixation"", ""planned_duration_ms"": 100, ""intended_onset_ms"": 304342.447, ""actual_onset_global_ms"": 304365.089, ""actual_offset_global_ms"": 304468.169, ""actual_duration_ms"": 103.08}, {""stage_name"": ""cue"", ""planned_duration_ms"": 500, ""intended_onset_ms"": 304442.447, ""actual_onset_global_ms"": 304480.03, ""actual_offset_global_ms"": 305704.832, ""actual_duration_ms"": 1224.802}, {""stage_name"": ""stimulus"", ""planned_duration_ms"": 3000, ""intended_onset_ms"": 304942.447, ""actual_onset_global_ms"": 305715.03, ""actual_offset_global_ms"": 306551.593, ""actual_duration_ms"": 836.563}]",,,,,0,0,1,0,1,0.0,none,,,0.0,0.0,none,0.0,0.0,0.0,0.0,,,0.0,none,none,0.0,shape,cue_shape.wav,形状,304480.267,500.0,305246.525,blue,boat,blue_boat,switch,color,shape,2071.563,,,,,,,,,,,,,,
056,056_T1_20260520_154937,Control,T1,adaptive,hci_substudy_v2,1,telemetry_v4,change_detection,4,formal_cd,formal,1,1,9,formal,N3_same,1779263377,117.245,2026-05-20T16:01:18.616,0,0,0,1,696440.818,696463.244,,,,,s,,1,14477.701,,,,700040.818,700182.024,714713.042,4000,14531.018,714713.042,"[{""stage_name"": ""fixation"", ""planned_duration_ms"": 100, ""intended_onset_ms"": 696440.818, ""actual_onset_global_ms"": 696463.244, ""actual_offset_global_ms"": 696550.164, ""actual_duration_ms"": 86.92}, {""stage_name"": ""memory_array"", ""planned_duration_ms"": 2500, ""intended_onset_ms"": 696540.818, ""actual_onset_global_ms"": 696657.1, ""actual_offset_global_ms"": 699090.564, ""actual_duration_ms"": 2433.464}, {""stage_name"": ""delay"", ""planned_duration_ms"": 1000, ""intended_onset_ms"": 699090.564, ""actual_onset_global_ms"": 699123.119, ""actual_offset_global_ms"": 700122.184, ""actual_duration_ms"": 999.065}, {""stage_name"": ""test_array"", ""planned_duration_ms"": 4000, ""intended_onset_ms"": 700122.184, ""actual_onset_global_ms"": 700182.024, ""actual_offset_global_ms"": 714713.042, ""actual_duration_ms"": 14531.018}]",,,,,0,1,0,0,1,,,,,,,,,,,,,,,,,,,,,,,,,,,,,,,3.0,same,2.0,"[-17.42, -153.97]","[[246.34, 52.05], [22.97, 158.13], [-17.42, -153.97]]","[""yellow"", ""red"", ""blue""]","[""yellow"", ""red"", ""blue""]",blue,blue,s,same,1.0,3.0,1.0
056,056_T1_20260520_154937,Control,T1,adaptive,hci_substudy_v2,1,telemetry_v4,change_detection,4,formal_cd,formal,1,2,10,formal,N2_change,1779263377,117.245,2026-05-20T16:01:36.893,0,0,0,1,714717.463,714733.885,,,,,j,,1,2145.784,,,,718317.463,718432.106,720610.474,4000,2178.368,720610.474,"[{""stage_name"": ""fixation"", ""planned_duration_ms"": 100, ""intended_onset_ms"": 714717.463, ""actual_onset_global_ms"": 714733.885, ""actual_offset_global_ms"": 714827.526, ""actual_duration_ms"": 93.641}, {""stage_name"": ""memory_array"", ""planned_duration_ms"": 2500, ""intended_onset_ms"": 714817.463, ""actual_onset_global_ms"": 714868.216, ""actual_offset_global_ms"": 717376.636, ""actual_duration_ms"": 2508.42}, {""stage_name"": ""delay"", ""planned_duration_ms"": 1000, ""intended_onset_ms"": 717376.636, ""actual_onset_global_ms"": 717381.28, ""actual_offset_global_ms"": 718382.818, ""actual_duration_ms"": 1001.538}, {""stage_name"": ""test_array"", ""planned_duration_ms"": 4000, ""intended_onset_ms"": 718382.818, ""actual_onset_global_ms"": 718432.106, ""actual_offset_global_ms"": 720610.474, ""actual_duration_ms"": 2178.368}]",,,,,0,0,1,0,1,,,,,,,,,,,,,,,,,,,,,,,,,,,,,,,2.0,change,0.0,"[-205.74, 39.45]","[[-205.74, 39.45], [211.36, 195.44]]","[""red"", ""blue""]","[""yellow"", ""blue""]",red,yellow,j,change,1.0,2.0,1.0
056,056_T1_20260520_154937,Control,T1,adaptive,hci_substudy_v2,1,telemetry_v4,change_detection,4,formal_cd,formal,1,3,11,formal,N2_same,1779263377,117.245,2026-05-20T16:01:42.790,0,0,0,1,720614.755,720634.941,,,,,s,,1,1390.93,,,,724214.755,724317.719,725740.428,4000,1422.709,725740.428,"[{""stage_name"": ""fixation"", ""planned_duration_ms"": 100, ""intended_onset_ms"": 720614.755, ""actual_onset_global_ms"": 720634.941, ""actual_offset_global_ms"": 720729.798, ""actual_duration_ms"": 94.857}, {""stage_name"": ""memory_array"", ""planned_duration_ms"": 2500, ""intended_onset_ms"": 720714.755, ""actual_onset_global_ms"": 720769.941, ""actual_offset_global_ms"": 723267.679, ""actual_duration_ms"": 2497.738}, {""stage_name"": ""delay"", ""planned_duration_ms"": 1000, ""intended_onset_ms"": 723267.679, ""actual_onset_global_ms"": 723272.436, ""actual_offset_global_ms"": 724274.698, ""actual_duration_ms"": 1002.262}, {""stage_name"": ""test_array"", ""planned_duration_ms"": 4000, ""intended_onset_ms"": 724274.698, ""actual_onset_global_ms"": 724317.719, ""actual_offset_global_ms"": 725740.428, ""actual_duration_ms"": 1422.709}]",,,,,0,0,1,0,1,,,,,,,,,,,,,,,,,,,,,,,,,,,,,,,2.0,same,0.0,"[-134.51, 67.27]","[[-134.51, 67.27], [226.0, 108.1]]","[""purple"", ""red""]","[""purple"", ""red""]",purple,purple,s,same,1.0,2.0,1.0
056,056_T1_20260520_154937,Control,T1,adaptive,hci_substudy_v2,1,telemetry_v4,change_detection,4,formal_cd,formal,1,4,12,formal,N3_same,1779263377,117.245,2026-05-20T16:01:47.920,0,0,0,1,725744.697,725764.593,,,,,s,,1,1481.015,,,,729344.697,729470.107,731010.072,4000,1539.965,731010.072,"[{""stage_name"": ""fixation"", ""planned_duration_ms"": 100, ""intended_onset_ms"": 725744.697, ""actual_onset_global_ms"": 725764.593, ""actual_offset_global_ms"": 725857.865, ""actual_duration_ms"": 93.272}, {""stage_name"": ""memory_array"", ""planned_duration_ms"": 2500, ""intended_onset_ms"": 725844.697, ""actual_onset_global_ms"": 725915.388, ""actual_offset_global_ms"": 728377.632, ""actual_duration_ms"": 2462.244}, {""stage_name"": ""delay"", ""planned_duration_ms"": 1000, ""intended_onset_ms"": 728377.632, ""actual_onset_global_ms"": 728409.168, ""actual_offset_global_ms"": 729409.145, ""actual_duration_ms"": 999.977}, {""stage_name"": ""test_array"", ""planned_duration_ms"": 4000, ""intended_onset_ms"": 729409.145, ""actual_onset_global_ms"": 729470.107, ""actual_offset_global_ms"": 731010.072, ""actual_duration_ms"": 1539.965}]",,,,,0,0,1,0,1,,,,,,,,,,,,,,,,,,,,,,,,,,,,,,,3.0,same,0.0,"[169.4, 248.28]","[[169.4, 248.28], [-200.69, 164.7], [-23.08, 156.92]]","[""blue"", ""green"", ""red""]","[""blue"", ""green"", ""red""]",blue,blue,s,same,1.0,4.0,1.0
056,056_T1_20260520_154937,Control,T1,adaptive,hci_substudy_v2,1,telemetry_v4,change_detection,4,formal_cd,formal,1,5,13,formal,N4_change,1779263377,117.245,2026-05-20T16:01:53.191,0,0,0,1,731014.702,731031.304,,,,,j,,1,1875.136,,,,734614.702,734786.6,736699.257,4000,1912.657,736699.257,"[{""stage_name"": ""fixation"", ""planned_duration_ms"": 100, ""intended_onset_ms"": 731014.702, ""actual_onset_global_ms"": 731031.304, ""actual_offset_global_ms"": 731124.187, ""actual_duration_ms"": 92.883}, {""stage_name"": ""memory_array"", ""planned_duration_ms"": 2500, ""intended_onset_ms"": 731114.702, ""actual_onset_global_ms"": 731196.342, ""actual_offset_global_ms"": 733700.579, ""actual_duration_ms"": 2504.237}, {""stage_name"": ""delay"", ""planned_duration_ms"": 1000, ""intended_onset_ms"": 733700.579, ""actual_onset_global_ms"": 733704.892, ""actual_offset_global_ms"": 734702.006, ""actual_duration_ms"": 997.114}, {""stage_name"": ""test_array"", ""planned_duration_ms"": 4000, ""intended_onset_ms"": 734702.006, ""actual_onset_global_ms"": 734786.6, ""actual_offset_global_ms"": 736699.257, ""actual_duration_ms"": 1912.657}]",,,,,0,0,1,0,1,,,,,,,,,,,,,,,,,,,,,,,,,,,,,,,4.0,change,0.0,"[115.4, 36.64]","[[115.4, 36.64], [-175.24, 3.97], [159.36, 237.72], [-248.73, 107.87]]","[""green"", ""blue"", ""red"", ""purple""]","[""yellow"", ""blue"", ""red"", ""purple""]",green,yellow,j,change,1.0,5.0,1.0
056,056_T1_20260520_154937,Control,T1,adaptive,hci_substudy_v2,1,telemetry_v4,change_detection,4,formal_cd,formal,1,6,14,formal,N1_change,1779263377,117.245,2026-05-20T16:01:58.880,0,0,0,1,736703.616,736723.364,,,,,j,,1,1564.126,,,,740303.616,740367.622,741968.681,4000,1601.059,741968.681,"[{""stage_name"": ""fixation"", ""planned_duration_ms"": 100, ""intended_onset_ms"": 736703.616, ""actual_onset_global_ms"": 736723.364, ""actual_offset_global_ms"": 736818.227, ""actual_duration_ms"": 94.863}, {""stage_name"": ""memory_array"", ""planned_duration_ms"": 2500, ""intended_onset_ms"": 736803.616, ""actual_onset_global_ms"": 736841.824, ""actual_offset_global_ms"": 739334.699, ""actual_duration_ms"": 2492.875}, {""stage_name"": ""delay"", ""planned_duration_ms"": 1000, ""intended_onset_ms"": 739334.699, ""actual_onset_global_ms"": 739339.519, ""actual_offset_global_ms"": 740341.038, ""actual_duration_ms"": 1001.519}, {""stage_name"": ""test_array"", ""planned_duration_ms"": 4000, ""intended_onset_ms"": 740341.038, ""actual_onset_global_ms"": 740367.622, ""actual_offset_global_ms"": 741968.681, ""actual_duration_ms"": 1601.059}]",,,,,0,0,1,0,1,,,,,,,,,,,,,,,,,,,,,,,,,,,,,,,1.0,change,0.0,"[-222.37, 52.31]","[[-222.37, 52.31]]","[""red""]","[""blue""]",red,blue,j,change,1.0,1.0,1.0
056,056_T1_20260520_154937,Control,T1,adaptive,hci_substudy_v2,1,telemetry_v4,change_detection,4,formal_cd,formal,1,7,15,formal,N3_change,1779263377,117.245,2026-05-20T16:02:04.149,0,0,0,1,741973.13,741989.847,,,,,j,,1,2472.021,,,,745573.13,745716.546,748253.0,4000,2536.454,748253.0,"[{""stage_name"": ""fixation"", ""planned_duration_ms"": 100, ""intended_onset_ms"": 741973.13, ""actual_onset_global_ms"": 741989.847, ""actual_offset_global_ms"": 742082.016, ""actual_duration_ms"": 92.169}, {""stage_name"": ""memory_array"", ""planned_duration_ms"": 2500, ""intended_onset_ms"": 742073.13, ""actual_onset_global_ms"": 742139.422, ""actual_offset_global_ms"": 744615.068, ""actual_duration_ms"": 2475.646}, {""stage_name"": ""delay"", ""planned_duration_ms"": 1000, ""intended_onset_ms"": 744615.068, ""actual_onset_global_ms"": 744645.694, ""actual_offset_global_ms"": 745650.469, ""actual_duration_ms"": 1004.775}, {""stage_name"": ""test_array"", ""planned_duration_ms"": 4000, ""intended_onset_ms"": 745650.469, ""actual_onset_global_ms"": 745716.546, ""actual_offset_global_ms"": 748253.0, ""actual_duration_ms"": 2536.454}]",,,,,0,0,1,0,1,,,,,,,,,,,,,,,,,,,,,,,,,,,,,,,3.0,change,1.0,"[-176.95, -207.87]","[[63.86, -75.75], [-176.95, -207.87], [140.2, 217.33]]","[""yellow"", ""purple"", ""blue""]","[""yellow"", ""red"", ""blue""]",purple,red,j,change,1.0,4.0,1.0
056,056_T1_20260520_154937,Control,T1,adaptive,hci_substudy_v2,1,telemetry_v4,change_detection,4,formal_cd,formal,1,8,16,formal,N1_same,1779263377,117.245,2026-05-20T16:02:10.433,0,0,0,1,748257.509,748277.397,,,,,s,,1,1430.225,,,,751857.509,751946.223,753428.123,4000,1481.9,753428.123,"[{""stage_name"": ""fixation"", ""planned_duration_ms"": 100, ""intended_onset_ms"": 748257.509, ""actual_onset_global_ms"": 748277.397, ""actual_offset_global_ms"": 748369.935, ""actual_duration_ms"": 92.538}, {""stage_name"": ""memory_array"", ""planned_duration_ms"": 2500, ""intended_onset_ms"": 748357.509, ""actual_onset_global_ms"": 748393.718, ""actual_offset_global_ms"": 750880.231, ""actual_duration_ms"": 2486.513}, {""stage_name"": ""delay"", ""planned_duration_ms"": 1000, ""intended_onset_ms"": 750880.231, ""actual_onset_global_ms"": 750912.134, ""actual_offset_global_ms"": 751912.225, ""actual_duration_ms"": 1000.091}, {""stage_name"": ""test_array"", ""planned_duration_ms"": 4000, ""intended_onset_ms"": 751912.225, ""actual_onset_global_ms"": 751946.223, ""actual_offset_global_ms"": 753428.123, ""actual_duration_ms"": 1481.9}]",,,,,0,0,1,0,1,,,,,,,,,,,,,,,,,,,,,,,,,,,,,,,1.0,same,0.0,"[144.12, -173.9]","[[144.12, -173.9]]","[""blue""]","[""blue""]",blue,blue,s,same,1.0,1.0,1.0
056,056_T1_20260520_154937,Control,T1,adaptive,hci_substudy_v2,1,telemetry_v4,change_detection,4,formal_cd,formal,1,9,17,formal,N2_change,1779263377,117.245,2026-05-20T16:02:15.609,0,0,0,1,753433.111,753455.266,,,,,j,,1,1873.975,,,,757033.111,757155.356,759071.02,4000,1915.664,759071.02,"[{""stage_name"": ""fixation"", ""planned_duration_ms"": 100, ""intended_onset_ms"": 753433.111, ""actual_onset_global_ms"": 753455.266, ""actual_offset_global_ms"": 753555.13, ""actual_duration_ms"": 99.864}, {""stage_name"": ""memory_array"", ""planned_duration_ms"": 2500, ""intended_onset_ms"": 753533.111, ""actual_onset_global_ms"": 753681.186, ""actual_offset_global_ms"": 756075.778, ""actual_duration_ms"": 2394.592}, {""stage_name"": ""delay"", ""planned_duration_ms"": 1000, ""intended_onset_ms"": 756075.778, ""actual_onset_global_ms"": 756107.251, ""actual_offset_global_ms"": 757108.334, ""actual_duration_ms"": 1001.083}, {""stage_name"": ""test_array"", ""planned_duration_ms"": 4000, ""intended_onset_ms"": 757108.334, ""actual_onset_global_ms"": 757155.356, ""actual_offset_global_ms"": 759071.02, ""actual_duration_ms"": 1915.664}]",,,,,0,0,1,0,1,,,,,,,,,,,,,,,,,,,,,,,,,,,,,,,2.0,change,0.0,"[-243.8, 1.14]","[[-243.8, 1.14], [41.6, 115.46]]","[""purple"", ""green""]","[""yellow"", ""green""]",purple,yellow,j,change,1.0,3.0,1.0
056,056_T1_20260520_154937,Control,T1,adaptive,hci_substudy_v2,1,telemetry_v4,change_detection,4,formal_cd,formal,1,10,18,formal,N3_same,1779263377,117.245,2026-05-20T16:02:21.252,0,0,0,1,759076.058,759093.254,,,,,s,,1,1415.475,,,,762676.058,762788.801,764269.927,4000,1481.126,764269.927,"[{""stage_name"": ""fixation"", ""planned_duration_ms"": 100, ""intended_onset_ms"": 759076.058, ""actual_onset_global_ms"": 759093.254, ""actual_offset_global_ms"": 759189.317, ""actual_duration_ms"": 96.063}, {""stage_name"": ""memory_array"", ""planned_duration_ms"": 2500, ""intended_onset_ms"": 759176.058, ""actual_onset_global_ms"": 759256.855, ""actual_offset_global_ms"": 761725.283, ""actual_duration_ms"": 2468.428}, {""stage_name"": ""delay"", ""planned_duration_ms"": 1000, ""intended_onset_ms"": 761725.283, ""actual_onset_global_ms"": 761733.414, ""actual_offset_global_ms"": 762730.545, ""actual_duration_ms"": 997.131}, {""stage_name"": ""test_array"", ""planned_duration_ms"": 4000, ""intended_onset_ms"": 762730.545, ""actual_onset_global_ms"": 762788.801, ""actual_offset_global_ms"": 764269.927, ""actual_duration_ms"": 1481.126}]",,,,,0,0,1,0,1,,,,,,,,,,,,,,,,,,,,,,,,,,,,,,,3.0,same,1.0,"[233.55, 115.35]","[[-156.56, -34.4], [233.55, 115.35], [193.66, -37.55]]","[""purple"", ""blue"", ""green""]","[""purple"", ""blue"", ""green""]",blue,blue,s,same,1.0,4.0,1.0
056,056_T1_20260520_154937,Control,T1,adaptive,hci_substudy_v2,1,telemetry_v4,change_detection,4,formal_cd,formal,1,11,19,formal,N1_same,1779263377,117.245,2026-05-20T16:02:26.451,0,0,0,1,764274.905,764294.018,,,,,s,,1,1488.276,,,,767874.905,767942.473,769474.075,4000,1531.602,769474.075,"[{""stage_name"": ""fixation"", ""planned_duration_ms"": 100, ""intended_onset_ms"": 764274.905, ""actual_onset_global_ms"": 764294.018, ""actual_offset_global_ms"": 764385.979, ""actual_duration_ms"": 91.961}, {""stage_name"": ""memory_array"", ""planned_duration_ms"": 2500, ""intended_onset_ms"": 764374.905, ""actual_onset_global_ms"": 764411.044, ""actual_offset_global_ms"": 766909.17, ""actual_duration_ms"": 2498.126}, {""stage_name"": ""delay"", ""planned_duration_ms"": 1000, ""intended_onset_ms"": 766909.17, ""actual_onset_global_ms"": 766913.58, ""actual_offset_global_ms"": 767915.814, ""actual_duration_ms"": 1002.234}, {""stage_name"": ""test_array"", ""planned_duration_ms"": 4000, ""intended_onset_ms"": 767915.814, ""actual_onset_global_ms"": 767942.473, ""actual_offset_global_ms"": 769474.075, ""actual_duration_ms"": 1531.602}]",,,,,0,0,1,0,1,,,,,,,,,,,,,,,,,,,,,,,,,,,,,,,1.0,same,0.0,"[45.64, -116.61]","[[45.64, -116.61]]","[""yellow""]","[""yellow""]",yellow,yellow,s,same,1.0,1.0,1.0
056,056_T1_20260520_154937,Control,T1,adaptive,hci_substudy_v2,1,telemetry_v4,change_detection,4,formal_cd,formal,1,12,20,formal,N4_same,1779263377,117.245,2026-05-20T16:02:31.655,0,0,0,1,769478.882,769495.38,,,,,s,,1,1562.677,,,,773078.882,773235.912,774888.362,4000,1652.45,774888.362,"[{""stage_name"": ""fixation"", ""planned_duration_ms"": 100, ""intended_onset_ms"": 769478.882, ""actual_onset_global_ms"": 769495.38, ""actual_offset_global_ms"": 769592.469, ""actual_duration_ms"": 97.089}, {""stage_name"": ""memory_array"", ""planned_duration_ms"": 2500, ""intended_onset_ms"": 769578.882, ""actual_onset_global_ms"": 769674.933, ""actual_offset_global_ms"": 772125.753, ""actual_duration_ms"": 2450.82}, {""stage_name"": ""delay"", ""planned_duration_ms"": 1000, ""intended_onset_ms"": 772125.753, ""actual_onset_global_ms"": 772156.532, ""actual_offset_global_ms"": 773159.851, ""actual_duration_ms"": 1003.319}, {""stage_name"": ""test_array"", ""planned_duration_ms"": 4000, ""intended_onset_ms"": 773159.851, ""actual_onset_global_ms"": 773235.912, ""actual_offset_global_ms"": 774888.362, ""actual_duration_ms"": 1652.45}]",,,,,0,0,1,0,1,,,,,,,,,,,,,,,,,,,,,,,,,,,,,,,4.0,same,1.0,"[14.67, -253.25]","[[-231.78, 114.09], [14.67, -253.25], [146.53, 172.32], [-175.65, 29.75]]","[""blue"", ""yellow"", ""red"", ""green""]","[""blue"", ""yellow"", ""red"", ""green""]",yellow,yellow,s,same,1.0,4.0,1.0
056,056_T1_20260520_154937,Control,T1,adaptive,hci_substudy_v2,1,telemetry_v4,change_detection,4,formal_cd,formal,1,13,21,formal,N3_change,1779263377,117.245,2026-05-20T16:02:37.069,0,0,0,1,774893.179,774912.733,,,,,j,,0,18373.872,,,,778493.179,778633.532,797028.967,4000,18395.435,797028.967,"[{""stage_name"": ""fixation"", ""planned_duration_ms"": 100, ""intended_onset_ms"": 774893.179, ""actual_onset_global_ms"": 774912.733, ""actual_offset_global_ms"": 775004.838, ""actual_duration_ms"": 92.105}, {""stage_name"": ""memory_array"", ""planned_duration_ms"": 2500, ""intended_onset_ms"": 774993.179, ""actual_onset_global_ms"": 775062.355, ""actual_offset_global_ms"": 777535.304, ""actual_duration_ms"": 2472.949}, {""stage_name"": ""delay"", ""planned_duration_ms"": 1000, ""intended_onset_ms"": 777535.304, ""actual_onset_global_ms"": 777567.243, ""actual_offset_global_ms"": 778562.89, ""actual_duration_ms"": 995.647}, {""stage_name"": ""test_array"", ""planned_duration_ms"": 4000, ""intended_onset_ms"": 778562.89, ""actual_onset_global_ms"": 778633.532, ""actual_offset_global_ms"": 797028.967, ""actual_duration_ms"": 18395.435}]",,,,,0,1,0,0,1,,,,,,,,,,,,,,,,,,,,,,,,,,,,,,,3.0,change,2.0,"[-40.61, 256.28]","[[-166.34, -6.73], [-25.61, -179.82], [-40.61, 256.28]]","[""blue"", ""purple"", ""red""]","[""blue"", ""purple"", ""green""]",red,green,s,same,0.0,4.0,1.0
056,056_T1_20260520_154937,Control,T1,adaptive,hci_substudy_v2,1,telemetry_v4,change_detection,4,formal_cd,formal,1,14,22,formal,N3_change,1779263377,117.245,2026-05-20T16:02:59.210,0,0,0,1,797033.852,797051.043,,,,,j,,0,2199.667,,,,800633.852,800757.155,803004.779,4000,2247.624,803004.779,"[{""stage_name"": ""fixation"", ""planned_duration_ms"": 100, ""intended_onset_ms"": 797033.852, ""actual_onset_global_ms"": 797051.043, ""actual_offset_global_ms"": 797144.599, ""actual_duration_ms"": 93.556}, {""stage_name"": ""memory_array"", ""planned_duration_ms"": 2500, ""intended_onset_ms"": 797133.852, ""actual_onset_global_ms"": 797201.441, ""actual_offset_global_ms"": 799659.753, ""actual_duration_ms"": 2458.312}, {""stage_name"": ""delay"", ""planned_duration_ms"": 1000, ""intended_onset_ms"": 799659.753, ""actual_onset_global_ms"": 799691.155, ""actual_offset_global_ms"": 800689.237, ""actual_duration_ms"": 998.082}, {""stage_name"": ""test_array"", ""planned_duration_ms"": 4000, ""intended_onset_ms"": 800689.237, ""actual_onset_global_ms"": 800757.155, ""actual_offset_global_ms"": 803004.779, ""actual_duration_ms"": 2247.624}]",,,,,0,0,0,0,1,,,,,,,,,,,,,,,,,,,,,,,,,,,,,,,3.0,change,2.0,"[250.88, -220.34]","[[-127.44, -202.51], [-54.65, 167.74], [250.88, -220.34]]","[""red"", ""yellow"", ""purple""]","[""red"", ""yellow"", ""blue""]",purple,blue,s,same,0.0,5.0,1.0
056,056_T1_20260520_154937,Control,T1,adaptive,hci_substudy_v2,1,telemetry_v4,change_detection,4,formal_cd,formal,1,15,23,formal,N4_same,1779263377,117.245,2026-05-20T16:03:05.186,0,0,0,1,803010.083,803029.631,,,,,s,,0,1349.331,,,,806610.083,806746.996,808168.735,4000,1421.739,808168.735,"[{""stage_name"": ""fixation"", ""planned_duration_ms"": 100, ""intended_onset_ms"": 803010.083, ""actual_onset_global_ms"": 803029.631, ""actual_offset_global_ms"": 803124.675, ""actual_duration_ms"": 95.044}, {""stage_name"": ""memory_array"", ""planned_duration_ms"": 2500, ""intended_onset_ms"": 803110.083, ""actual_onset_global_ms"": 803199.151, ""actual_offset_global_ms"": 805627.325, ""actual_duration_ms"": 2428.174}, {""stage_name"": ""delay"", ""planned_duration_ms"": 1000, ""intended_onset_ms"": 805627.325, ""actual_onset_global_ms"": 805659.118, ""actual_offset_global_ms"": 806667.296, ""actual_duration_ms"": 1008.178}, {""stage_name"": ""test_array"", ""planned_duration_ms"": 4000, ""intended_onset_ms"": 806667.296, ""actual_onset_global_ms"": 806746.996, ""actual_offset_global_ms"": 808168.735, ""actual_duration_ms"": 1421.739}]",,,,,0,0,0,0,1,,,,,,,,,,,,,,,,,,,,,,,,,,,,,,,4.0,same,0.0,"[140.53, -183.9]","[[140.53, -183.9], [-186.76, 178.57], [158.23, 101.23], [129.99, -47.68]]","[""green"", ""red"", ""yellow"", ""purple""]","[""green"", ""red"", ""yellow"", ""purple""]",green,green,j,change,0.0,4.0,1.0
056,056_T1_20260520_154937,Control,T1,adaptive,hci_substudy_v2,1,telemetry_v4,change_detection,4,formal_cd,formal,1,16,24,formal,N2_same,1779263377,117.245,2026-05-20T16:03:10.349,0,0,0,1,808173.599,808192.703,,,,,s,,1,2049.006,,,,811773.599,811896.269,813989.366,4000,2093.097,813989.366,"[{""stage_name"": ""fixation"", ""planned_duration_ms"": 100, ""intended_onset_ms"": 808173.599, ""actual_onset_global_ms"": 808192.703, ""actual_offset_global_ms"": 808285.97, ""actual_duration_ms"": 93.267}, {""stage_name"": ""memory_array"", ""planned_duration_ms"": 2500, ""intended_onset_ms"": 808273.599, ""actual_onset_global_ms"": 808326.744, ""actual_offset_global_ms"": 810812.434, ""actual_duration_ms"": 2485.69}, {""stage_name"": ""delay"", ""planned_duration_ms"": 1000, ""intended_onset_ms"": 810812.434, ""actual_onset_global_ms"": 810847.295, ""actual_offset_global_ms"": 811845.728, ""actual_duration_ms"": 998.433}, {""stage_name"": ""test_array"", ""planned_duration_ms"": 4000, ""intended_onset_ms"": 811845.728, ""actual_onset_global_ms"": 811896.269, ""actual_offset_global_ms"": 813989.366, ""actual_duration_ms"": 2093.097}]",,,,,0,0,1,0,1,,,,,,,,,,,,,,,,,,,,,,,,,,,,,,,2.0,same,1.0,"[-247.03, 49.77]","[[88.18, -89.75], [-247.03, 49.77]]","[""yellow"", ""purple""]","[""yellow"", ""purple""]",purple,purple,s,same,1.0,2.0,1.0
056,056_T1_20260520_154937,Control,T1,adaptive,hci_substudy_v2,1,telemetry_v4,change_detection,4,formal_cd,formal,1,17,25,formal,N3_change,1779263377,117.245,2026-05-20T16:03:16.171,0,0,0,1,813994.56,814011.239,,,,,j,,1,1333.342,,,,817594.56,817752.581,819160.631,4000,1408.05,819160.631,"[{""stage_name"": ""fixation"", ""planned_duration_ms"": 100, ""intended_onset_ms"": 813994.56, ""actual_onset_global_ms"": 814011.239, ""actual_offset_global_ms"": 814119.405, ""actual_duration_ms"": 108.166}, {""stage_name"": ""memory_array"", ""planned_duration_ms"": 2500, ""intended_onset_ms"": 814094.56, ""actual_onset_global_ms"": 814176.734, ""actual_offset_global_ms"": 816660.713, ""actual_duration_ms"": 2483.979}, {""stage_name"": ""delay"", ""planned_duration_ms"": 1000, ""intended_onset_ms"": 816660.713, ""actual_onset_global_ms"": 816693.57, ""actual_offset_global_ms"": 817692.509, ""actual_duration_ms"": 998.939}, {""stage_name"": ""test_array"", ""planned_duration_ms"": 4000, ""intended_onset_ms"": 817692.509, ""actual_onset_global_ms"": 817752.581, ""actual_offset_global_ms"": 819160.631, ""actual_duration_ms"": 1408.05}]",,,,,0,0,1,0,1,,,,,,,,,,,,,,,,,,,,,,,,,,,,,,,3.0,change,1.0,"[91.9, 247.62]","[[-248.73, -36.27], [91.9, 247.62], [-46.72, -80.75]]","[""purple"", ""red"", ""blue""]","[""purple"", ""yellow"", ""blue""]",red,yellow,j,change,1.0,3.0,1.0
056,056_T1_20260520_154937,Control,T1,adaptive,hci_substudy_v2,1,telemetry_v4,change_detection,4,formal_cd,formal,1,18,26,formal,N3_change,1779263377,117.245,2026-05-20T16:03:21.341,0,0,0,1,819165.51,819184.84,,,,,j,,1,1081.593,,,,822765.51,822888.719,824031.653,4000,1142.934,824031.653,"[{""stage_name"": ""fixation"", ""planned_duration_ms"": 100, ""intended_onset_ms"": 819165.51, ""actual_onset_global_ms"": 819184.84, ""actual_offset_global_ms"": 819279.434, ""actual_duration_ms"": 94.594}, {""stage_name"": ""memory_array"", ""planned_duration_ms"": 2500, ""intended_onset_ms"": 819265.51, ""actual_onset_global_ms"": 819337.327, ""actual_offset_global_ms"": 821794.887, ""actual_duration_ms"": 2457.56}, {""stage_name"": ""delay"", ""planned_duration_ms"": 1000, ""intended_onset_ms"": 821794.887, ""actual_onset_global_ms"": 821825.727, ""actual_offset_global_ms"": 822829.847, ""actual_duration_ms"": 1004.12}, {""stage_name"": ""test_array"", ""planned_duration_ms"": 4000, ""intended_onset_ms"": 822829.847, ""actual_onset_global_ms"": 822888.719, ""actual_offset_global_ms"": 824031.653, ""actual_duration_ms"": 1142.934}]",,,,,0,0,1,0,1,,,,,,,,,,,,,,,,,,,,,,,,,,,,,,,3.0,change,1.0,"[113.85, 29.85]","[[-174.07, 158.61], [113.85, 29.85], [138.39, -137.44]]","[""blue"", ""green"", ""yellow""]","[""blue"", ""red"", ""yellow""]",green,red,j,change,1.0,3.0,1.0
056,056_T1_20260520_154937,Control,T1,adaptive,hci_substudy_v2,1,telemetry_v4,change_detection,4,formal_cd,formal,1,19,27,formal,N4_change,1779263377,117.245,2026-05-20T16:03:26.213,0,0,0,1,824036.842,824054.009,,,,,j,,0,1410.74,,,,827636.842,827773.562,829240.386,4000,1466.824,829240.386,"[{""stage_name"": ""fixation"", ""planned_duration_ms"": 100, ""intended_onset_ms"": 824036.842, ""actual_onset_global_ms"": 824054.009, ""actual_offset_global_ms"": 824146.725, ""actual_duration_ms"": 92.716}, {""stage_name"": ""memory_array"", ""planned_duration_ms"": 2500, ""intended_onset_ms"": 824136.842, ""actual_onset_global_ms"": 824219.946, ""actual_offset_global_ms"": 826661.098, ""actual_duration_ms"": 2441.152}, {""stage_name"": ""delay"", ""planned_duration_ms"": 1000, ""intended_onset_ms"": 826661.098, ""actual_onset_global_ms"": 826691.779, ""actual_offset_global_ms"": 827687.711, ""actual_duration_ms"": 995.932}, {""stage_name"": ""test_array"", ""planned_duration_ms"": 4000, ""intended_onset_ms"": 827687.711, ""actual_onset_global_ms"": 827773.562, ""actual_offset_global_ms"": 829240.386, ""actual_duration_ms"": 1466.824}]",,,,,0,0,0,0,1,,,,,,,,,,,,,,,,,,,,,,,,,,,,,,,4.0,change,3.0,"[-73.47, -119.77]","[[101.12, 116.05], [-137.58, 158.73], [236.57, -83.84], [-73.47, -119.77]]","[""green"", ""yellow"", ""red"", ""blue""]","[""green"", ""yellow"", ""red"", ""purple""]",blue,purple,s,same,0.0,5.0,1.0
056,056_T1_20260520_154937,Control,T1,adaptive,hci_substudy_v2,1,telemetry_v4,change_detection,4,formal_cd,formal,1,20,28,formal,N4_same,1779263377,117.245,2026-05-20T16:03:31.421,0,0,0,1,829245.352,829264.631,,,,,s,,1,1069.818,,,,832845.352,832995.322,834100.02,4000,1104.698,834100.02,"[{""stage_name"": ""fixation"", ""planned_duration_ms"": 100, ""intended_onset_ms"": 829245.352, ""actual_onset_global_ms"": 829264.631, ""actual_offset_global_ms"": 829356.768, ""actual_duration_ms"": 92.137}, {""stage_name"": ""memory_array"", ""planned_duration_ms"": 2500, ""intended_onset_ms"": 829345.352, ""actual_onset_global_ms"": 829432.169, ""actual_offset_global_ms"": 831879.383, ""actual_duration_ms"": 2447.214}, {""stage_name"": ""delay"", ""planned_duration_ms"": 1000, ""intended_onset_ms"": 831879.383, ""actual_onset_global_ms"": 831910.214, ""actual_offset_global_ms"": 832914.936, ""actual_duration_ms"": 1004.722}, {""stage_name"": ""test_array"", ""planned_duration_ms"": 4000, ""intended_onset_ms"": 832914.936, ""actual_onset_global_ms"": 832995.322, ""actual_offset_global_ms"": 834100.02, ""actual_duration_ms"": 1104.698}]",,,,,0,0,1,0,1,,,,,,,,,,,,,,,,,,,,,,,,,,,,,,,4.0,same,1.0,"[-40.9, -203.14]","[[-37.2, -85.34], [-40.9, -203.14], [-204.2, -173.29], [203.4, 19.05]]","[""purple"", ""yellow"", ""green"", ""blue""]","[""purple"", ""yellow"", ""green"", ""blue""]",yellow,yellow,s,same,1.0,4.0,1.0
056,056_T1_20260520_154937,Control,T1,adaptive,hci_substudy_v2,1,telemetry_v4,change_detection,4,formal_cd,formal,1,21,29,formal,N1_change,1779263377,117.245,2026-05-20T16:03:36.281,0,0,0,1,834105.121,834121.817,,,,,j,,1,1104.78,,,,837705.121,837780.663,838911.179,4000,1130.516,838911.179,"[{""stage_name"": ""fixation"", ""planned_duration_ms"": 100, ""intended_onset_ms"": 834105.121, ""actual_onset_global_ms"": 834121.817, ""actual_offset_global_ms"": 834215.741, ""actual_duration_ms"": 93.924}, {""stage_name"": ""memory_array"", ""planned_duration_ms"": 2500, ""intended_onset_ms"": 834205.121, ""actual_onset_global_ms"": 834241.346, ""actual_offset_global_ms"": 836736.505, ""actual_duration_ms"": 2495.159}, {""stage_name"": ""delay"", ""planned_duration_ms"": 1000, ""intended_onset_ms"": 836736.505, ""actual_onset_global_ms"": 836740.984, ""actual_offset_global_ms"": 837747.071, ""actual_duration_ms"": 1006.087}, {""stage_name"": ""test_array"", ""planned_duration_ms"": 4000, ""intended_onset_ms"": 837747.071, ""actual_onset_global_ms"": 837780.663, ""actual_offset_global_ms"": 838911.179, ""actual_duration_ms"": 1130.516}]",,,,,0,0,1,0,1,,,,,,,,,,,,,,,,,,,,,,,,,,,,,,,1.0,change,0.0,"[41.74, 164.76]","[[41.74, 164.76]]","[""green""]","[""yellow""]",green,yellow,j,change,1.0,1.0,1.0
056,056_T1_20260520_154937,Control,T1,adaptive,hci_substudy_v2,1,telemetry_v4,change_detection,4,formal_cd,formal,1,22,30,formal,N1_change,1779263377,117.245,2026-05-20T16:03:41.092,0,0,0,1,838916.612,838936.007,,,,,j,,1,619.925,,,,842516.612,842574.734,843208.952,4000,634.218,843208.952,"[{""stage_name"": ""fixation"", ""planned_duration_ms"": 100, ""intended_onset_ms"": 838916.612, ""actual_onset_global_ms"": 838936.007, ""actual_offset_global_ms"": 839028.095, ""actual_duration_ms"": 92.088}, {""stage_name"": ""memory_array"", ""planned_duration_ms"": 2500, ""intended_onset_ms"": 839016.612, ""actual_onset_global_ms"": 839052.871, ""actual_offset_global_ms"": 841543.04, ""actual_duration_ms"": 2490.169}, {""stage_name"": ""delay"", ""planned_duration_ms"": 1000, ""intended_onset_ms"": 841543.04, ""actual_onset_global_ms"": 841547.712, ""actual_offset_global_ms"": 842547.99, ""actual_duration_ms"": 1000.278}, {""stage_name"": ""test_array"", ""planned_duration_ms"": 4000, ""intended_onset_ms"": 842547.99, ""actual_onset_global_ms"": 842574.734, ""actual_offset_global_ms"": 843208.952, ""actual_duration_ms"": 634.218}]",,,,,0,0,1,0,1,,,,,,,,,,,,,,,,,,,,,,,,,,,,,,,1.0,change,0.0,"[227.49, -171.23]","[[227.49, -171.23]]","[""yellow""]","[""red""]",yellow,red,j,change,1.0,1.0,1.0
056,056_T1_20260520_154937,Control,T1,adaptive,hci_substudy_v2,1,telemetry_v4,change_detection,4,formal_cd,formal,1,23,31,formal,N3_same,1779263377,117.245,2026-05-20T16:03:45.390,0,0,0,1,843214.3,843233.793,,,,,s,,1,1420.811,,,,846814.3,846939.694,848422.1,4000,1482.406,848422.1,"[{""stage_name"": ""fixation"", ""planned_duration_ms"": 100, ""intended_onset_ms"": 843214.3, ""actual_onset_global_ms"": 843233.793, ""actual_offset_global_ms"": 843326.881, ""actual_duration_ms"": 93.088}, {""stage_name"": ""memory_array"", ""planned_duration_ms"": 2500, ""intended_onset_ms"": 843314.3, ""actual_onset_global_ms"": 843383.165, ""actual_offset_global_ms"": 845858.676, ""actual_duration_ms"": 2475.511}, {""stage_name"": ""delay"", ""planned_duration_ms"": 1000, ""intended_onset_ms"": 845858.676, ""actual_onset_global_ms"": 845867.028, ""actual_offset_global_ms"": 846874.006, ""actual_duration_ms"": 1006.978}, {""stage_name"": ""test_array"", ""planned_duration_ms"": 4000, ""intended_onset_ms"": 846874.006, ""actual_onset_global_ms"": 846939.694, ""actual_offset_global_ms"": 848422.1, ""actual_duration_ms"": 1482.406}]",,,,,0,0,1,0,1,,,,,,,,,,,,,,,,,,,,,,,,,,,,,,,3.0,same,2.0,"[-116.56, 35.49]","[[45.53, 211.65], [182.94, -96.46], [-116.56, 35.49]]","[""blue"", ""green"", ""yellow""]","[""blue"", ""green"", ""yellow""]",yellow,yellow,s,same,1.0,4.0,1.0
056,056_T1_20260520_154937,Control,T1,adaptive,hci_substudy_v2,1,telemetry_v4,change_detection,4,formal_cd,formal,1,24,32,formal,N1_same,1779263377,117.245,2026-05-20T16:03:50.604,0,0,0,1,848428.142,848444.437,,,,,s,,1,1017.718,,,,852028.142,852121.462,853158.303,4000,1036.841,853158.303,"[{""stage_name"": ""fixation"", ""planned_duration_ms"": 100, ""intended_onset_ms"": 848428.142, ""actual_onset_global_ms"": 848444.437, ""actual_offset_global_ms"": 848545.798, ""actual_duration_ms"": 101.361}, {""stage_name"": ""memory_array"", ""planned_duration_ms"": 2500, ""intended_onset_ms"": 848528.142, ""actual_onset_global_ms"": 848576.808, ""actual_offset_global_ms"": 851053.262, ""actual_duration_ms"": 2476.454}, {""stage_name"": ""delay"", ""planned_duration_ms"": 1000, ""intended_onset_ms"": 851053.262, ""actual_onset_global_ms"": 851085.177, ""actual_offset_global_ms"": 852089.673, ""actual_duration_ms"": 1004.496}, {""stage_name"": ""test_array"", ""planned_duration_ms"": 4000, ""intended_onset_ms"": 852089.673, ""actual_onset_global_ms"": 852121.462, ""actual_offset_global_ms"": 853158.303, ""actual_duration_ms"": 1036.841}]",,,,,0,0,1,0,1,,,,,,,,,,,,,,,,,,,,,,,,,,,,,,,1.0,same,0.0,"[242.23, 123.96]","[[242.23, 123.96]]","[""blue""]","[""blue""]",blue,blue,s,same,1.0,1.0,1.0
056,056_T1_20260520_154937,Control,T1,adaptive,hci_substudy_v2,1,telemetry_v4,change_detection,4,formal_cd,formal,1,25,33,formal,N4_same,1779263377,117.245,2026-05-20T16:03:55.339,0,0,0,1,853164.004,853183.217,,,,,s,,1,2438.9,,,,856764.004,856914.788,859407.01,4000,2492.222,859407.01,"[{""stage_name"": ""fixation"", ""planned_duration_ms"": 100, ""intended_onset_ms"": 853164.004, ""actual_onset_global_ms"": 853183.217, ""actual_offset_global_ms"": 853276.129, ""actual_duration_ms"": 92.912}, {""stage_name"": ""memory_array"", ""planned_duration_ms"": 2500, ""intended_onset_ms"": 853264.004, ""actual_onset_global_ms"": 853348.598, ""actual_offset_global_ms"": 855804.849, ""actual_duration_ms"": 2456.251}, {""stage_name"": ""delay"", ""planned_duration_ms"": 1000, ""intended_onset_ms"": 855804.849, ""actual_onset_global_ms"": 855836.297, ""actual_offset_global_ms"": 856837.989, ""actual_duration_ms"": 1001.692}, {""stage_name"": ""test_array"", ""planned_duration_ms"": 4000, ""intended_onset_ms"": 856837.989, ""actual_onset_global_ms"": 856914.788, ""actual_offset_global_ms"": 859407.01, ""actual_duration_ms"": 2492.222}]",,,,,0,0,1,0,1,,,,,,,,,,,,,,,,,,,,,,,,,,,,,,,4.0,same,0.0,"[-144.55, 10.24]","[[-144.55, 10.24], [-37.23, -82.94], [87.92, -59.39], [184.3, -171.46]]","[""red"", ""yellow"", ""green"", ""purple""]","[""red"", ""yellow"", ""green"", ""purple""]",red,red,s,same,1.0,4.0,1.0
056,056_T1_20260520_154937,Control,T1,adaptive,hci_substudy_v2,1,telemetry_v4,change_detection,4,formal_cd,formal,1,26,34,formal,N4_change,1779263377,117.245,2026-05-20T16:04:01.589,0,0,0,1,859412.342,859428.92,,,,,j,,1,1608.5,,,,863012.342,863154.276,864861.926,4000,1707.65,864861.926,"[{""stage_name"": ""fixation"", ""planned_duration_ms"": 100, ""intended_onset_ms"": 859412.342, ""actual_onset_global_ms"": 859428.92, ""actual_offset_global_ms"": 859525.888, ""actual_duration_ms"": 96.968}, {""stage_name"": ""memory_array"", ""planned_duration_ms"": 2500, ""intended_onset_ms"": 859512.342, ""actual_onset_global_ms"": 859599.367, ""actual_offset_global_ms"": 862032.485, ""actual_duration_ms"": 2433.118}, {""stage_name"": ""delay"", ""planned_duration_ms"": 1000, ""intended_onset_ms"": 862032.485, ""actual_onset_global_ms"": 862063.281, ""actual_offset_global_ms"": 863066.72, ""actual_duration_ms"": 1003.439}, {""stage_name"": ""test_array"", ""planned_duration_ms"": 4000, ""intended_onset_ms"": 863066.72, ""actual_onset_global_ms"": 863154.276, ""actual_offset_global_ms"": 864861.926, ""actual_duration_ms"": 1707.65}]",,,,,0,0,1,0,1,,,,,,,,,,,,,,,,,,,,,,,,,,,,,,,4.0,change,1.0,"[79.49, -101.36]","[[202.56, -95.68], [79.49, -101.36], [156.56, 167.12], [48.95, 101.72]]","[""yellow"", ""red"", ""blue"", ""green""]","[""yellow"", ""purple"", ""blue"", ""green""]",red,purple,j,change,1.0,4.0,1.0
056,056_T1_20260520_154937,Control,T1,adaptive,hci_substudy_v2,1,telemetry_v4,change_detection,4,formal_cd,formal,1,27,35,formal,N4_same,1779263377,117.245,2026-05-20T16:04:07.043,0,0,0,1,864867.358,864886.408,,,,,s,,1,1639.053,,,,868467.358,868613.768,870291.013,4000,1677.245,870291.013,"[{""stage_name"": ""fixation"", ""planned_duration_ms"": 100, ""intended_onset_ms"": 864867.358, ""actual_onset_global_ms"": 864886.408, ""actual_offset_global_ms"": 864979.696, ""actual_duration_ms"": 93.288}, {""stage_name"": ""memory_array"", ""planned_duration_ms"": 2500, ""intended_onset_ms"": 864967.358, ""actual_onset_global_ms"": 865052.147, ""actual_offset_global_ms"": 867506.244, ""actual_duration_ms"": 2454.097}, {""stage_name"": ""delay"", ""planned_duration_ms"": 1000, ""intended_onset_ms"": 867506.244, ""actual_onset_global_ms"": 867537.825, ""actual_offset_global_ms"": 868537.93, ""actual_duration_ms"": 1000.105}, {""stage_name"": ""test_array"", ""planned_duration_ms"": 4000, ""intended_onset_ms"": 868537.93, ""actual_onset_global_ms"": 868613.768, ""actual_offset_global_ms"": 870291.013, ""actual_duration_ms"": 1677.245}]",,,,,0,0,1,0,1,,,,,,,,,,,,,,,,,,,,,,,,,,,,,,,4.0,same,0.0,"[157.86, 202.26]","[[157.86, 202.26], [231.54, -191.4], [6.6, 181.36], [73.24, 89.85]]","[""blue"", ""purple"", ""green"", ""yellow""]","[""blue"", ""purple"", ""green"", ""yellow""]",blue,blue,s,same,1.0,5.0,1.0
056,056_T1_20260520_154937,Control,T1,adaptive,hci_substudy_v2,1,telemetry_v4,change_detection,4,formal_cd,formal,1,28,36,formal,N2_same,1779263377,117.245,2026-05-20T16:04:12.472,0,0,0,1,870296.633,870315.574,,,,,s,,1,1146.217,,,,873896.633,874000.217,875187.025,4000,1186.808,875187.025,"[{""stage_name"": ""fixation"", ""planned_duration_ms"": 100, ""intended_onset_ms"": 870296.633, ""actual_onset_global_ms"": 870315.574, ""actual_offset_global_ms"": 870408.843, ""actual_duration_ms"": 93.269}, {""stage_name"": ""memory_array"", ""planned_duration_ms"": 2500, ""intended_onset_ms"": 870396.633, ""actual_onset_global_ms"": 870449.928, ""actual_offset_global_ms"": 872945.098, ""actual_duration_ms"": 2495.17}, {""stage_name"": ""delay"", ""planned_duration_ms"": 1000, ""intended_onset_ms"": 872945.098, ""actual_onset_global_ms"": 872949.825, ""actual_offset_global_ms"": 873955.654, ""actual_duration_ms"": 1005.829}, {""stage_name"": ""test_array"", ""planned_duration_ms"": 4000, ""intended_onset_ms"": 873955.654, ""actual_onset_global_ms"": 874000.217, ""actual_offset_global_ms"": 875187.025, ""actual_duration_ms"": 1186.808}]",,,,,0,0,1,0,1,,,,,,,,,,,,,,,,,,,,,,,,,,,,,,,2.0,same,0.0,"[124.94, 95.23]","[[124.94, 95.23], [-219.31, 66.8]]","[""yellow"", ""green""]","[""yellow"", ""green""]",yellow,yellow,s,same,1.0,2.0,1.0
056,056_T1_20260520_154937,Control,T1,adaptive,hci_substudy_v2,1,telemetry_v4,change_detection,4,formal_cd,formal,1,29,37,formal,N3_change,1779263377,117.245,2026-05-20T16:04:17.368,0,0,0,1,875192.7,875209.501,,,,,j,,0,1075.187,,,,878792.7,878916.631,880065.643,4000,1149.012,880065.643,"[{""stage_name"": ""fixation"", ""planned_duration_ms"": 100, ""intended_onset_ms"": 875192.7, ""actual_onset_global_ms"": 875209.501, ""actual_offset_global_ms"": 875302.38, ""actual_duration_ms"": 92.879}, {""stage_name"": ""memory_array"", ""planned_duration_ms"": 2500, ""intended_onset_ms"": 875292.7, ""actual_onset_global_ms"": 875359.353, ""actual_offset_global_ms"": 877850.358, ""actual_duration_ms"": 2491.005}, {""stage_name"": ""delay"", ""planned_duration_ms"": 1000, ""intended_onset_ms"": 877850.358, ""actual_onset_global_ms"": 877855.953, ""actual_offset_global_ms"": 878857.766, ""actual_duration_ms"": 1001.813}, {""stage_name"": ""test_array"", ""planned_duration_ms"": 4000, ""intended_onset_ms"": 878857.766, ""actual_onset_global_ms"": 878916.631, ""actual_offset_global_ms"": 880065.643, ""actual_duration_ms"": 1149.012}]",,,,,0,0,0,0,1,,,,,,,,,,,,,,,,,,,,,,,,,,,,,,,3.0,change,1.0,"[-67.41, 117.48]","[[94.7, -234.31], [-67.41, 117.48], [114.24, 14.53]]","[""red"", ""purple"", ""green""]","[""red"", ""blue"", ""green""]",purple,blue,s,same,0.0,3.0,1.0
056,056_T1_20260520_154937,Control,T1,adaptive,hci_substudy_v2,1,telemetry_v4,change_detection,4,formal_cd,formal,1,30,38,formal,N1_change,1779263377,117.245,2026-05-20T16:04:22.247,0,0,0,1,880071.306,880091.714,,,,,j,,1,1680.411,,,,883671.306,883760.946,885475.252,4000,1714.306,885475.252,"[{""stage_name"": ""fixation"", ""planned_duration_ms"": 100, ""intended_onset_ms"": 880071.306, ""actual_onset_global_ms"": 880091.714, ""actual_offset_global_ms"": 880193.04, ""actual_duration_ms"": 101.326}, {""stage_name"": ""memory_array"", ""planned_duration_ms"": 2500, ""intended_onset_ms"": 880171.306, ""actual_onset_global_ms"": 880223.484, ""actual_offset_global_ms"": 882696.108, ""actual_duration_ms"": 2472.624}, {""stage_name"": ""delay"", ""planned_duration_ms"": 1000, ""intended_onset_ms"": 882696.108, ""actual_onset_global_ms"": 882728.012, ""actual_offset_global_ms"": 883728.974, ""actual_duration_ms"": 1000.962}, {""stage_name"": ""test_array"", ""planned_duration_ms"": 4000, ""intended_onset_ms"": 883728.974, ""actual_onset_global_ms"": 883760.946, ""actual_offset_global_ms"": 885475.252, ""actual_duration_ms"": 1714.306}]",,,,,0,0,1,0,1,,,,,,,,,,,,,,,,,,,,,,,,,,,,,,,1.0,change,0.0,"[-106.93, -26.7]","[[-106.93, -26.7]]","[""green""]","[""purple""]",green,purple,j,change,1.0,1.0,1.0
056,056_T1_20260520_154937,Control,T1,adaptive,hci_substudy_v2,1,telemetry_v4,change_detection,4,formal_cd,formal,1,31,39,formal,N2_change,1779263377,117.245,2026-05-20T16:04:27.657,0,0,0,1,885481.076,885498.865,,,,,j,,1,1609.221,,,,889081.076,889182.95,890839.376,4000,1656.426,890839.376,"[{""stage_name"": ""fixation"", ""planned_duration_ms"": 100, ""intended_onset_ms"": 885481.076, ""actual_onset_global_ms"": 885498.865, ""actual_offset_global_ms"": 885595.308, ""actual_duration_ms"": 96.443}, {""stage_name"": ""memory_array"", ""planned_duration_ms"": 2500, ""intended_onset_ms"": 885581.076, ""actual_onset_global_ms"": 885638.365, ""actual_offset_global_ms"": 888107.324, ""actual_duration_ms"": 2468.959}, {""stage_name"": ""delay"", ""planned_duration_ms"": 1000, ""intended_onset_ms"": 888107.324, ""actual_onset_global_ms"": 888137.94, ""actual_offset_global_ms"": 889139.627, ""actual_duration_ms"": 1001.687}, {""stage_name"": ""test_array"", ""planned_duration_ms"": 4000, ""intended_onset_ms"": 889139.627, ""actual_onset_global_ms"": 889182.95, ""actual_offset_global_ms"": 890839.376, ""actual_duration_ms"": 1656.426}]",,,,,0,0,1,0,1,,,,,,,,,,,,,,,,,,,,,,,,,,,,,,,2.0,change,1.0,"[190.9, 107.04]","[[221.05, 251.88], [190.9, 107.04]]","[""blue"", ""purple""]","[""blue"", ""yellow""]",purple,yellow,j,change,1.0,3.0,1.0
056,056_T1_20260520_154937,Control,T1,adaptive,hci_substudy_v2,1,telemetry_v4,change_detection,4,formal_cd,formal,1,32,40,formal,N3_same,1779263377,117.245,2026-05-20T16:04:33.021,0,0,0,1,890844.762,890864.073,,,,,s,,1,1969.679,,,,894444.762,894560.709,896583.36,4000,2022.651,896583.36,"[{""stage_name"": ""fixation"", ""planned_duration_ms"": 100, ""intended_onset_ms"": 890844.762, ""actual_onset_global_ms"": 890864.073, ""actual_offset_global_ms"": 890956.15, ""actual_duration_ms"": 92.077}, {""stage_name"": ""memory_array"", ""planned_duration_ms"": 2500, ""intended_onset_ms"": 890944.762, ""actual_onset_global_ms"": 891013.046, ""actual_offset_global_ms"": 893500.767, ""actual_duration_ms"": 2487.721}, {""stage_name"": ""delay"", ""planned_duration_ms"": 1000, ""intended_onset_ms"": 893500.767, ""actual_onset_global_ms"": 893505.022, ""actual_offset_global_ms"": 894501.323, ""actual_duration_ms"": 996.301}, {""stage_name"": ""test_array"", ""planned_duration_ms"": 4000, ""intended_onset_ms"": 894501.323, ""actual_onset_global_ms"": 894560.709, ""actual_offset_global_ms"": 896583.36, ""actual_duration_ms"": 2022.651}]",,,,,0,0,1,0,1,,,,,,,,,,,,,,,,,,,,,,,,,,,,,,,3.0,same,2.0,"[-199.7, 16.7]","[[199.09, -211.67], [63.92, -173.37], [-199.7, 16.7]]","[""red"", ""yellow"", ""blue""]","[""red"", ""yellow"", ""blue""]",blue,blue,s,same,1.0,3.0,1.0
056,056_T1_20260520_154937,Control,T1,adaptive,hci_substudy_v2,1,telemetry_v4,change_detection,4,formal_cd,formal,1,33,41,formal,N2_same,1779263377,117.245,2026-05-20T16:04:38.764,0,0,0,1,896588.99,896605.784,,,,,s,,1,4848.057,,,,900188.99,900283.141,905155.112,4000,4871.971,905155.112,"[{""stage_name"": ""fixation"", ""planned_duration_ms"": 100, ""intended_onset_ms"": 896588.99, ""actual_onset_global_ms"": 896605.784, ""actual_offset_global_ms"": 896699.095, ""actual_duration_ms"": 93.311}, {""stage_name"": ""memory_array"", ""planned_duration_ms"": 2500, ""intended_onset_ms"": 896688.99, ""actual_onset_global_ms"": 896740.876, ""actual_offset_global_ms"": 899238.064, ""actual_duration_ms"": 2497.188}, {""stage_name"": ""delay"", ""planned_duration_ms"": 1000, ""intended_onset_ms"": 899238.064, ""actual_onset_global_ms"": 899242.706, ""actual_offset_global_ms"": 900238.842, ""actual_duration_ms"": 996.136}, {""stage_name"": ""test_array"", ""planned_duration_ms"": 4000, ""intended_onset_ms"": 900238.842, ""actual_onset_global_ms"": 900283.141, ""actual_offset_global_ms"": 905155.112, ""actual_duration_ms"": 4871.971}]",,,,,0,1,0,0,1,,,,,,,,,,,,,,,,,,,,,,,,,,,,,,,2.0,same,0.0,"[-29.26, -131.38]","[[-29.26, -131.38], [-228.22, 161.97]]","[""green"", ""blue""]","[""green"", ""blue""]",green,green,s,same,1.0,2.0,1.0
056,056_T1_20260520_154937,Control,T1,adaptive,hci_substudy_v2,1,telemetry_v4,change_detection,4,formal_cd,formal,1,34,42,formal,N4_change,1779263377,117.245,2026-05-20T16:04:47.337,0,0,0,1,905161.141,905181.479,,,,,j,,0,1556.821,,,,908761.141,908926.44,910539.399,4000,1612.959,910539.399,"[{""stage_name"": ""fixation"", ""planned_duration_ms"": 100, ""intended_onset_ms"": 905161.141, ""actual_onset_global_ms"": 905181.479, ""actual_offset_global_ms"": 905274.492, ""actual_duration_ms"": 93.013}, {""stage_name"": ""memory_array"", ""planned_duration_ms"": 2500, ""intended_onset_ms"": 905261.141, ""actual_onset_global_ms"": 905348.361, ""actual_offset_global_ms"": 907803.075, ""actual_duration_ms"": 2454.714}, {""stage_name"": ""delay"", ""planned_duration_ms"": 1000, ""intended_onset_ms"": 907803.075, ""actual_onset_global_ms"": 907834.789, ""actual_offset_global_ms"": 908842.123, ""actual_duration_ms"": 1007.334}, {""stage_name"": ""test_array"", ""planned_duration_ms"": 4000, ""intended_onset_ms"": 908842.123, ""actual_onset_global_ms"": 908926.44, ""actual_offset_global_ms"": 910539.399, ""actual_duration_ms"": 1612.959}]",,,,,0,0,0,0,1,,,,,,,,,,,,,,,,,,,,,,,,,,,,,,,4.0,change,0.0,"[96.54, 102.02]","[[96.54, 102.02], [-205.04, -79.9], [160.35, -120.18], [16.86, -240.41]]","[""blue"", ""purple"", ""red"", ""green""]","[""yellow"", ""purple"", ""red"", ""green""]",blue,yellow,s,same,0.0,5.0,1.0
056,056_T1_20260520_154937,Control,T1,adaptive,hci_substudy_v2,1,telemetry_v4,change_detection,4,formal_cd,formal,1,35,43,formal,N3_same,1779263377,117.245,2026-05-20T16:04:52.722,0,0,0,1,910545.823,910569.511,,,,,s,,1,1571.289,,,,914145.823,914298.007,915943.758,4000,1645.751,915943.758,"[{""stage_name"": ""fixation"", ""planned_duration_ms"": 100, ""intended_onset_ms"": 910545.823, ""actual_onset_global_ms"": 910569.511, ""actual_offset_global_ms"": 910662.51, ""actual_duration_ms"": 92.999}, {""stage_name"": ""memory_array"", ""planned_duration_ms"": 2500, ""intended_onset_ms"": 910645.823, ""actual_onset_global_ms"": 910720.944, ""actual_offset_global_ms"": 913206.353, ""actual_duration_ms"": 2485.409}, {""stage_name"": ""delay"", ""planned_duration_ms"": 1000, ""intended_onset_ms"": 913206.353, ""actual_onset_global_ms"": 913237.365, ""actual_offset_global_ms"": 914236.774, ""actual_duration_ms"": 999.409}, {""stage_name"": ""test_array"", ""planned_duration_ms"": 4000, ""intended_onset_ms"": 914236.774, ""actual_onset_global_ms"": 914298.007, ""actual_offset_global_ms"": 915943.758, ""actual_duration_ms"": 1645.751}]",,,,,0,0,1,0,1,,,,,,,,,,,,,,,,,,,,,,,,,,,,,,,3.0,same,0.0,"[-61.46, 249.33]","[[-61.46, 249.33], [-236.7, 52.03], [-179.28, 249.6]]","[""yellow"", ""blue"", ""red""]","[""yellow"", ""blue"", ""red""]",yellow,yellow,s,same,1.0,4.0,1.0
056,056_T1_20260520_154937,Control,T1,adaptive,hci_substudy_v2,1,telemetry_v4,change_detection,4,formal_cd,formal,1,36,44,formal,N1_same,1779263377,117.245,2026-05-20T16:04:58.125,0,0,0,1,915949.452,915965.802,,,,,s,,1,5779.131,,,,919549.452,919646.803,925443.281,4000,5796.478,925443.281,"[{""stage_name"": ""fixation"", ""planned_duration_ms"": 100, ""intended_onset_ms"": 915949.452, ""actual_onset_global_ms"": 915965.802, ""actual_offset_global_ms"": 916073.683, ""actual_duration_ms"": 107.881}, {""stage_name"": ""memory_array"", ""planned_duration_ms"": 2500, ""intended_onset_ms"": 916049.452, ""actual_onset_global_ms"": 916098.807, ""actual_offset_global_ms"": 918581.785, ""actual_duration_ms"": 2482.978}, {""stage_name"": ""delay"", ""planned_duration_ms"": 1000, ""intended_onset_ms"": 918581.785, ""actual_onset_global_ms"": 918612.814, ""actual_offset_global_ms"": 919617.517, ""actual_duration_ms"": 1004.703}, {""stage_name"": ""test_array"", ""planned_duration_ms"": 4000, ""intended_onset_ms"": 919617.517, ""actual_onset_global_ms"": 919646.803, ""actual_offset_global_ms"": 925443.281, ""actual_duration_ms"": 5796.478}]",,,,,0,1,0,0,1,,,,,,,,,,,,,,,,,,,,,,,,,,,,,,,1.0,same,0.0,"[-198.5, -32.04]","[[-198.5, -32.04]]","[""green""]","[""green""]",green,green,s,same,1.0,1.0,1.0
056,056_T1_20260520_154937,Control,T1,adaptive,hci_substudy_v2,1,telemetry_v4,change_detection,4,formal_cd,formal,1,37,45,formal,N2_same,1779263377,117.245,2026-05-20T16:05:07.625,0,0,0,1,925449.259,925468.958,,,,,s,,1,1159.471,,,,929049.259,929165.154,930348.446,4000,1183.292,930348.446,"[{""stage_name"": ""fixation"", ""planned_duration_ms"": 100, ""intended_onset_ms"": 925449.259, ""actual_onset_global_ms"": 925468.958, ""actual_offset_global_ms"": 925570.765, ""actual_duration_ms"": 101.807}, {""stage_name"": ""memory_array"", ""planned_duration_ms"": 2500, ""intended_onset_ms"": 925549.259, ""actual_onset_global_ms"": 925615.404, ""actual_offset_global_ms"": 928115.336, ""actual_duration_ms"": 2499.932}, {""stage_name"": ""delay"", ""planned_duration_ms"": 1000, ""intended_onset_ms"": 928115.336, ""actual_onset_global_ms"": 928120.132, ""actual_offset_global_ms"": 929122.413, ""actual_duration_ms"": 1002.281}, {""stage_name"": ""test_array"", ""planned_duration_ms"": 4000, ""intended_onset_ms"": 929122.413, ""actual_onset_global_ms"": 929165.154, ""actual_offset_global_ms"": 930348.446, ""actual_duration_ms"": 1183.292}]",,,,,0,0,1,0,1,,,,,,,,,,,,,,,,,,,,,,,,,,,,,,,2.0,same,1.0,"[-93.34, 236.48]","[[-253.45, 219.46], [-93.34, 236.48]]","[""purple"", ""yellow""]","[""purple"", ""yellow""]",yellow,yellow,s,same,1.0,2.0,1.0
056,056_T1_20260520_154937,Control,T1,adaptive,hci_substudy_v2,1,telemetry_v4,change_detection,4,formal_cd,formal,1,38,46,formal,N4_change,1779263377,117.245,2026-05-20T16:05:12.531,0,0,0,1,930354.59,930371.128,,,,,j,,1,1526.346,,,,933954.59,934097.457,935716.752,4000,1619.295,935716.752,"[{""stage_name"": ""fixation"", ""planned_duration_ms"": 100, ""intended_onset_ms"": 930354.59, ""actual_onset_global_ms"": 930371.128, ""actual_offset_global_ms"": 930465.177, ""actual_duration_ms"": 94.049}, {""stage_name"": ""memory_array"", ""planned_duration_ms"": 2500, ""intended_onset_ms"": 930454.59, ""actual_onset_global_ms"": 930539.559, ""actual_offset_global_ms"": 932973.767, ""actual_duration_ms"": 2434.208}, {""stage_name"": ""delay"", ""planned_duration_ms"": 1000, ""intended_onset_ms"": 932973.767, ""actual_onset_global_ms"": 933004.335, ""actual_offset_global_ms"": 934009.093, ""actual_duration_ms"": 1004.758}, {""stage_name"": ""test_array"", ""planned_duration_ms"": 4000, ""intended_onset_ms"": 934009.093, ""actual_onset_global_ms"": 934097.457, ""actual_offset_global_ms"": 935716.752, ""actual_duration_ms"": 1619.295}]",,,,,0,0,1,0,1,,,,,,,,,,,,,,,,,,,,,,,,,,,,,,,4.0,change,1.0,"[-200.63, -154.39]","[[208.15, -84.26], [-200.63, -154.39], [186.99, 69.79], [-141.18, 97.91]]","[""purple"", ""red"", ""blue"", ""green""]","[""purple"", ""yellow"", ""blue"", ""green""]",red,yellow,j,change,1.0,7.0,1.0
056,056_T1_20260520_154937,Control,T1,adaptive,hci_substudy_v2,1,telemetry_v4,change_detection,4,formal_cd,formal,1,39,47,formal,N2_same,1779263377,117.245,2026-05-20T16:05:17.899,0,0,0,1,935722.978,935742.586,,,,,s,,1,1625.769,,,,939322.978,939421.547,941079.717,4000,1658.17,941079.717,"[{""stage_name"": ""fixation"", ""planned_duration_ms"": 100, ""intended_onset_ms"": 935722.978, ""actual_onset_global_ms"": 935742.586, ""actual_offset_global_ms"": 935835.486, ""actual_duration_ms"": 92.9}, {""stage_name"": ""memory_array"", ""planned_duration_ms"": 2500, ""intended_onset_ms"": 935822.978, ""actual_onset_global_ms"": 935877.002, ""actual_offset_global_ms"": 938371.082, ""actual_duration_ms"": 2494.08}, {""stage_name"": ""delay"", ""planned_duration_ms"": 1000, ""intended_onset_ms"": 938371.082, ""actual_onset_global_ms"": 938375.771, ""actual_offset_global_ms"": 939376.631, ""actual_duration_ms"": 1000.86}, {""stage_name"": ""test_array"", ""planned_duration_ms"": 4000, ""intended_onset_ms"": 939376.631, ""actual_onset_global_ms"": 939421.547, ""actual_offset_global_ms"": 941079.717, ""actual_duration_ms"": 1658.17}]",,,,,0,0,1,0,1,,,,,,,,,,,,,,,,,,,,,,,,,,,,,,,2.0,same,1.0,"[18.67, 204.99]","[[256.91, 135.37], [18.67, 204.99]]","[""red"", ""purple""]","[""red"", ""purple""]",purple,purple,s,same,1.0,2.0,1.0
056,056_T1_20260520_154937,Control,T1,adaptive,hci_substudy_v2,1,telemetry_v4,change_detection,4,formal_cd,formal,1,40,48,formal,N2_change,1779263377,117.245,2026-05-20T16:05:23.262,0,0,0,1,941085.834,941105.6,,,,,j,,1,1444.658,,,,944685.834,944778.397,946259.262,4000,1480.865,946259.262,"[{""stage_name"": ""fixation"", ""planned_duration_ms"": 100, ""intended_onset_ms"": 941085.834, ""actual_onset_global_ms"": 941105.6, ""actual_offset_global_ms"": 941199.691, ""actual_duration_ms"": 94.091}, {""stage_name"": ""memory_array"", ""planned_duration_ms"": 2500, ""intended_onset_ms"": 941185.834, ""actual_onset_global_ms"": 941240.832, ""actual_offset_global_ms"": 943700.359, ""actual_duration_ms"": 2459.527}, {""stage_name"": ""delay"", ""planned_duration_ms"": 1000, ""intended_onset_ms"": 943700.359, ""actual_onset_global_ms"": 943731.225, ""actual_offset_global_ms"": 944735.024, ""actual_duration_ms"": 1003.799}, {""stage_name"": ""test_array"", ""planned_duration_ms"": 4000, ""intended_onset_ms"": 944735.024, ""actual_onset_global_ms"": 944778.397, ""actual_offset_global_ms"": 946259.262, ""actual_duration_ms"": 1480.865}]",,,,,0,0,1,0,1,,,,,,,,,,,,,,,,,,,,,,,,,,,,,,,2.0,change,1.0,"[-76.07, -171.93]","[[-0.35, 104.52], [-76.07, -171.93]]","[""yellow"", ""red""]","[""yellow"", ""purple""]",red,purple,j,change,1.0,3.0,1.0
056,056_T1_20260520_154937,Control,T1,adaptive,hci_substudy_v2,1,telemetry_v4,change_detection,4,formal_cd,formal,1,41,49,formal,N1_same,1779263377,117.245,2026-05-20T16:05:28.441,0,0,0,1,946265.366,946282.013,,,,,s,,1,907.524,,,,949865.366,949914.803,950848.52,4000,933.717,950848.52,"[{""stage_name"": ""fixation"", ""planned_duration_ms"": 100, ""intended_onset_ms"": 946265.366, ""actual_onset_global_ms"": 946282.013, ""actual_offset_global_ms"": 946374.318, ""actual_duration_ms"": 92.305}, {""stage_name"": ""memory_array"", ""planned_duration_ms"": 2500, ""intended_onset_ms"": 946365.366, ""actual_onset_global_ms"": 946398.95, ""actual_offset_global_ms"": 948887.659, ""actual_duration_ms"": 2488.709}, {""stage_name"": ""delay"", ""planned_duration_ms"": 1000, ""intended_onset_ms"": 948887.659, ""actual_onset_global_ms"": 948891.949, ""actual_offset_global_ms"": 949888.473, ""actual_duration_ms"": 996.524}, {""stage_name"": ""test_array"", ""planned_duration_ms"": 4000, ""intended_onset_ms"": 949888.473, ""actual_onset_global_ms"": 949914.803, ""actual_offset_global_ms"": 950848.52, ""actual_duration_ms"": 933.717}]",,,,,0,0,1,0,1,,,,,,,,,,,,,,,,,,,,,,,,,,,,,,,1.0,same,0.0,"[-181.96, -185.52]","[[-181.96, -185.52]]","[""red""]","[""red""]",red,red,s,same,1.0,1.0,1.0
056,056_T1_20260520_154937,Control,T1,adaptive,hci_substudy_v2,1,telemetry_v4,change_detection,4,formal_cd,formal,1,42,50,formal,N1_change,1779263377,117.245,2026-05-20T16:05:33.031,0,0,0,1,950854.834,950874.86,,,,,j,,1,1315.39,,,,954454.834,954541.5,955887.514,4000,1346.014,955887.514,"[{""stage_name"": ""fixation"", ""planned_duration_ms"": 100, ""intended_onset_ms"": 950854.834, ""actual_onset_global_ms"": 950874.86, ""actual_offset_global_ms"": 950972.24, ""actual_duration_ms"": 97.38}, {""stage_name"": ""memory_array"", ""planned_duration_ms"": 2500, ""intended_onset_ms"": 950954.834, ""actual_onset_global_ms"": 950999.111, ""actual_offset_global_ms"": 953477.695, ""actual_duration_ms"": 2478.584}, {""stage_name"": ""delay"", ""planned_duration_ms"": 1000, ""intended_onset_ms"": 953477.695, ""actual_onset_global_ms"": 953509.162, ""actual_offset_global_ms"": 954513.662, ""actual_duration_ms"": 1004.5}, {""stage_name"": ""test_array"", ""planned_duration_ms"": 4000, ""intended_onset_ms"": 954513.662, ""actual_onset_global_ms"": 954541.5, ""actual_offset_global_ms"": 955887.514, ""actual_duration_ms"": 1346.014}]",,,,,0,0,1,0,1,,,,,,,,,,,,,,,,,,,,,,,,,,,,,,,1.0,change,0.0,"[-31.89, 89.43]","[[-31.89, 89.43]]","[""blue""]","[""green""]",blue,green,j,change,1.0,1.0,1.0
056,056_T1_20260520_154937,Control,T1,adaptive,hci_substudy_v2,1,telemetry_v4,change_detection,4,formal_cd,formal,1,43,51,formal,N2_change,1779263377,117.245,2026-05-20T16:05:38.069,0,0,0,1,955893.663,955910.739,,,,,j,,1,1363.353,,,,959493.663,959596.639,960991.096,4000,1394.457,960991.096,"[{""stage_name"": ""fixation"", ""planned_duration_ms"": 100, ""intended_onset_ms"": 955893.663, ""actual_onset_global_ms"": 955910.739, ""actual_offset_global_ms"": 956007.351, ""actual_duration_ms"": 96.612}, {""stage_name"": ""memory_array"", ""planned_duration_ms"": 2500, ""intended_onset_ms"": 955993.663, ""actual_onset_global_ms"": 956050.267, ""actual_offset_global_ms"": 958521.086, ""actual_duration_ms"": 2470.819}, {""stage_name"": ""delay"", ""planned_duration_ms"": 1000, ""intended_onset_ms"": 958521.086, ""actual_onset_global_ms"": 958553.1, ""actual_offset_global_ms"": 959550.973, ""actual_duration_ms"": 997.873}, {""stage_name"": ""test_array"", ""planned_duration_ms"": 4000, ""intended_onset_ms"": 959550.973, ""actual_onset_global_ms"": 959596.639, ""actual_offset_global_ms"": 960991.096, ""actual_duration_ms"": 1394.457}]",,,,,0,0,1,0,1,,,,,,,,,,,,,,,,,,,,,,,,,,,,,,,2.0,change,1.0,"[-136.16, 59.99]","[[-8.26, 134.5], [-136.16, 59.99]]","[""yellow"", ""red""]","[""yellow"", ""green""]",red,green,j,change,1.0,2.0,1.0
056,056_T1_20260520_154937,Control,T1,adaptive,hci_substudy_v2,1,telemetry_v4,change_detection,4,formal_cd,formal,1,44,52,formal,N2_change,1779263377,117.245,2026-05-20T16:05:43.173,0,0,0,1,960997.52,961016.755,,,,,j,,1,2069.214,,,,964597.52,964715.455,966806.961,4000,2091.506,966806.961,"[{""stage_name"": ""fixation"", ""planned_duration_ms"": 100, ""intended_onset_ms"": 960997.52, ""actual_onset_global_ms"": 961016.755, ""actual_offset_global_ms"": 961111.197, ""actual_duration_ms"": 94.442}, {""stage_name"": ""memory_array"", ""planned_duration_ms"": 2500, ""intended_onset_ms"": 961097.52, ""actual_onset_global_ms"": 961153.149, ""actual_offset_global_ms"": 963655.087, ""actual_duration_ms"": 2501.938}, {""stage_name"": ""delay"", ""planned_duration_ms"": 1000, ""intended_onset_ms"": 963655.087, ""actual_onset_global_ms"": 963660.227, ""actual_offset_global_ms"": 964666.092, ""actual_duration_ms"": 1005.865}, {""stage_name"": ""test_array"", ""planned_duration_ms"": 4000, ""intended_onset_ms"": 964666.092, ""actual_onset_global_ms"": 964715.455, ""actual_offset_global_ms"": 966806.961, ""actual_duration_ms"": 2091.506}]",,,,,0,0,1,0,1,,,,,,,,,,,,,,,,,,,,,,,,,,,,,,,2.0,change,0.0,"[178.72, 209.05]","[[178.72, 209.05], [-16.28, 227.23]]","[""purple"", ""blue""]","[""red"", ""blue""]",purple,red,j,change,1.0,2.0,1.0
056,056_T1_20260520_154937,Control,T1,adaptive,hci_substudy_v2,1,telemetry_v4,change_detection,4,formal_cd,formal,1,45,53,formal,N1_same,1779263377,117.245,2026-05-20T16:05:48.988,0,0,0,1,966812.954,966829.476,,,,,s,,1,1815.974,,,,970412.954,970494.468,972358.792,4000,1864.324,972358.792,"[{""stage_name"": ""fixation"", ""planned_duration_ms"": 100, ""intended_onset_ms"": 966812.954, ""actual_onset_global_ms"": 966829.476, ""actual_offset_global_ms"": 966922.17, ""actual_duration_ms"": 92.694}, {""stage_name"": ""memory_array"", ""planned_duration_ms"": 2500, ""intended_onset_ms"": 966912.954, ""actual_onset_global_ms"": 966945.959, ""actual_offset_global_ms"": 969429.847, ""actual_duration_ms"": 2483.888}, {""stage_name"": ""delay"", ""planned_duration_ms"": 1000, ""intended_onset_ms"": 969429.847, ""actual_onset_global_ms"": 969461.052, ""actual_offset_global_ms"": 970467.046, ""actual_duration_ms"": 1005.994}, {""stage_name"": ""test_array"", ""planned_duration_ms"": 4000, ""intended_onset_ms"": 970467.046, ""actual_onset_global_ms"": 970494.468, ""actual_offset_global_ms"": 972358.792, ""actual_duration_ms"": 1864.324}]",,,,,0,0,1,0,1,,,,,,,,,,,,,,,,,,,,,,,,,,,,,,,1.0,same,0.0,"[127.36, -171.84]","[[127.36, -171.84]]","[""purple""]","[""purple""]",purple,purple,s,same,1.0,1.0,1.0
056,056_T1_20260520_154937,Control,T1,adaptive,hci_substudy_v2,1,telemetry_v4,change_detection,4,formal_cd,formal,1,46,54,formal,N1_change,1779263377,117.245,2026-05-20T16:05:54.541,0,0,0,1,972364.908,972383.943,,,,,j,,1,1084.98,,,,975964.908,976029.02,977164.555,4000,1135.535,977164.555,"[{""stage_name"": ""fixation"", ""planned_duration_ms"": 100, ""intended_onset_ms"": 972364.908, ""actual_onset_global_ms"": 972383.943, ""actual_offset_global_ms"": 972477.194, ""actual_duration_ms"": 93.251}, {""stage_name"": ""memory_array"", ""planned_duration_ms"": 2500, ""intended_onset_ms"": 972464.908, ""actual_onset_global_ms"": 972501.241, ""actual_offset_global_ms"": 974994.831, ""actual_duration_ms"": 2493.59}, {""stage_name"": ""delay"", ""planned_duration_ms"": 1000, ""intended_onset_ms"": 974994.831, ""actual_onset_global_ms"": 975002.586, ""actual_offset_global_ms"": 976002.654, ""actual_duration_ms"": 1000.068}, {""stage_name"": ""test_array"", ""planned_duration_ms"": 4000, ""intended_onset_ms"": 976002.654, ""actual_onset_global_ms"": 976029.02, ""actual_offset_global_ms"": 977164.555, ""actual_duration_ms"": 1135.535}]",,,,,0,0,1,0,1,,,,,,,,,,,,,,,,,,,,,,,,,,,,,,,1.0,change,0.0,"[-195.6, -123.04]","[[-195.6, -123.04]]","[""green""]","[""yellow""]",green,yellow,j,change,1.0,1.0,1.0
056,056_T1_20260520_154937,Control,T1,adaptive,hci_substudy_v2,1,telemetry_v4,change_detection,4,formal_cd,formal,1,47,55,formal,N4_change,1779263377,117.245,2026-05-20T16:05:59.347,0,0,0,1,977170.501,977190.552,,,,,j,,0,3016.318,,,,980770.501,980937.157,984024.379,4000,3087.222,984024.379,"[{""stage_name"": ""fixation"", ""planned_duration_ms"": 100, ""intended_onset_ms"": 977170.501, ""actual_onset_global_ms"": 977190.552, ""actual_offset_global_ms"": 977286.868, ""actual_duration_ms"": 96.316}, {""stage_name"": ""memory_array"", ""planned_duration_ms"": 2500, ""intended_onset_ms"": 977270.501, ""actual_onset_global_ms"": 977359.107, ""actual_offset_global_ms"": 979860.426, ""actual_duration_ms"": 2501.319}, {""stage_name"": ""delay"", ""planned_duration_ms"": 1000, ""intended_onset_ms"": 979860.426, ""actual_onset_global_ms"": 979866.177, ""actual_offset_global_ms"": 980862.137, ""actual_duration_ms"": 995.96}, {""stage_name"": ""test_array"", ""planned_duration_ms"": 4000, ""intended_onset_ms"": 980862.137, ""actual_onset_global_ms"": 980937.157, ""actual_offset_global_ms"": 984024.379, ""actual_duration_ms"": 3087.222}]",,,,,0,1,0,0,1,,,,,,,,,,,,,,,,,,,,,,,,,,,,,,,4.0,change,2.0,"[-195.55, 90.78]","[[172.61, -24.71], [-183.35, -79.61], [-195.55, 90.78], [-210.03, -217.99]]","[""blue"", ""red"", ""green"", ""yellow""]","[""blue"", ""red"", ""purple"", ""yellow""]",green,purple,s,same,0.0,4.0,1.0
056,056_T1_20260520_154937,Control,T1,adaptive,hci_substudy_v2,1,telemetry_v4,change_detection,4,formal_cd,formal,1,48,56,formal,N4_same,1779263377,117.245,2026-05-20T16:06:06.207,0,0,0,1,984030.693,984047.174,,,,,s,,1,1520.587,,,,987630.693,987777.87,989349.304,4000,1571.434,989349.304,"[{""stage_name"": ""fixation"", ""planned_duration_ms"": 100, ""intended_onset_ms"": 984030.693, ""actual_onset_global_ms"": 984047.174, ""actual_offset_global_ms"": 984155.638, ""actual_duration_ms"": 108.464}, {""stage_name"": ""memory_array"", ""planned_duration_ms"": 2500, ""intended_onset_ms"": 984130.693, ""actual_onset_global_ms"": 984229.378, ""actual_offset_global_ms"": 986664.475, ""actual_duration_ms"": 2435.097}, {""stage_name"": ""delay"", ""planned_duration_ms"": 1000, ""intended_onset_ms"": 986664.475, ""actual_onset_global_ms"": 986694.851, ""actual_offset_global_ms"": 987699.241, ""actual_duration_ms"": 1004.39}, {""stage_name"": ""test_array"", ""planned_duration_ms"": 4000, ""intended_onset_ms"": 987699.241, ""actual_onset_global_ms"": 987777.87, ""actual_offset_global_ms"": 989349.304, ""actual_duration_ms"": 1571.434}]",,,,,0,0,1,0,1,,,,,,,,,,,,,,,,,,,,,,,,,,,,,,,4.0,same,1.0,"[-127.54, 259.72]","[[-206.49, 139.88], [-127.54, 259.72], [57.62, -147.37], [222.2, -176.51]]","[""red"", ""blue"", ""green"", ""purple""]","[""red"", ""blue"", ""green"", ""purple""]",blue,blue,s,same,1.0,5.0,1.0
