participant_id,session_id,group,timepoint,practice_layer,practice_protocol_version,telemetry_enabled,telemetry_version,task_name,task_order_index,block_name,block_type,block_index,trial_index_within_block,trial_index_global,practice_or_formal,condition_label,random_seed,screen_refresh_hz,timestamp_iso,omission,aborted,pause_count_during_trial,repeated_practice_round,intended_trial_start_ms,actual_trial_start_ms,condition,target_direction,flankers_direction,array_pattern_text,correct_response_key,participant_response_key,response_correct,rt_ms,response_time_global_ms,feedback_type,practice_pass_flag,intended_onset_ms,actual_onset_global_ms,actual_offset_global_ms,stage_duration_planned_ms,stage_duration_actual_ms,actual_trial_end_ms,stage_records_json,feedback_audio_file,feedback_audio_start_global_ms,feedback_audio_expected_duration_ms,feedback_audio_stop_global_ms,prompt_level,support_type,support_trigger_reason,support_trigger_trial_index,rule_block_error_count,support_level,support_phase,support_duration_ms,post_support_success_streak,support_faded_after_trial,manual_intervention_flag,dccs_support_rule,dccs_error_type,dccs_dimension_highlight_used,dccs_demo_type,dccs_label_mode,dccs_post_support_rule_confusion,rule,cue_audio_file,cue_label,cue_audio_start_global_ms,cue_audio_expected_duration_ms,cue_audio_stop_global_ms,stimulus_color,stimulus_shape,stimulus_identity,trial_transition,previous_rule,current_rule,cue_to_first_response_ms,digit_support_target,digit_transform_demo_used,digit_keypad_demo_used,digit_hesitation_prompt_used,digit_post_support_span_success,span_length,trial_index_within_span,span_round,presented_sequence,correct_backward_sequence,participant_input_sequence,participant_input_string,input_method,first_key_latency_ms,response_complete_time_ms,accuracy,omission_input,delete_count,clear_count,click_count,inter_key_intervals_ms,adaptive_decision,digits_audio_onsets_ms,digits_audio_files,digits_audio_events_json,repeated_audio_once_in_practice,termination_reason,terminal_span_length,set_size,trial_type,probe_index,probe_position_xy,item_positions,item_colors_memory,item_colors_test,probe_original_color,probe_test_color,response_key,response_label,layout_generation_attempts,overlap_check_passed
011,011_T1_20260502_155726,PCPA,T1,standard,hci_substudy_v2,1,telemetry_v4,flanker,1,practice_single,practice,1,1,1,practice,practice_single,1777708646,151.361,2026-05-02T15:57:57.853,0,0,0,1,27500.298,27578.979,practice_single,left,none,<,s,s,1,5822.299,33489.456,correct,,27600.298,27667.157,33489.456,3000,5822.299,34089.456,"[{""stage_name"": ""fixation"", ""planned_duration_ms"": 100, ""intended_onset_ms"": 27500.298, ""actual_onset_global_ms"": 27578.979, ""actual_offset_global_ms"": 27646.766, ""actual_duration_ms"": 67.787}, {""stage_name"": ""stimulus"", ""planned_duration_ms"": 3000, ""intended_onset_ms"": 27600.298, ""actual_onset_global_ms"": 27667.157, ""actual_offset_global_ms"": 33489.456, ""actual_duration_ms"": 5822.299}, {""stage_name"": ""feedback"", ""planned_duration_ms"": 600, ""intended_onset_ms"": 33489.456, ""actual_onset_global_ms"": 33579.448, ""actual_offset_global_ms"": 34159.328, ""actual_duration_ms"": 579.88}]",correct.wav,33546.352,600.0,34146.352,,,,,,,,,,,,,,,,,,,,,,,,,,,,,,,,,,,,,,,,,,,,,,,,,,,,,,,,,,,,,,,,,,,,,,,
011,011_T1_20260502_155726,PCPA,T1,standard,hci_substudy_v2,1,telemetry_v4,flanker,1,practice_single,practice,1,2,2,practice,practice_single,1777708646,151.361,2026-05-02T15:58:04.539,0,0,0,1,34185.862,34201.264,practice_single,left,none,<,s,s,1,3789.542,38097.854,correct,,34285.862,34308.312,38097.854,3000,3789.542,38697.854,"[{""stage_name"": ""fixation"", ""planned_duration_ms"": 100, ""intended_onset_ms"": 34185.862, ""actual_onset_global_ms"": 34201.264, ""actual_offset_global_ms"": 34301.084, ""actual_duration_ms"": 99.82}, {""stage_name"": ""stimulus"", ""planned_duration_ms"": 3000, ""intended_onset_ms"": 34285.862, ""actual_onset_global_ms"": 34308.312, ""actual_offset_global_ms"": 38097.854, ""actual_duration_ms"": 3789.542}, {""stage_name"": ""feedback"", ""planned_duration_ms"": 600, ""intended_onset_ms"": 38097.854, ""actual_onset_global_ms"": 38127.175, ""actual_offset_global_ms"": 38728.941, ""actual_duration_ms"": 601.766}]",correct.wav,38112.688,600.0,38712.688,,,,,,,,,,,,,,,,,,,,,,,,,,,,,,,,,,,,,,,,,,,,,,,,,,,,,,,,,,,,,,,,,,,,,,,
011,011_T1_20260502_155726,PCPA,T1,standard,hci_substudy_v2,1,telemetry_v4,flanker,1,practice_single,practice,1,3,3,practice,practice_single,1777708646,151.361,2026-05-02T15:58:09.079,0,0,0,1,38726.642,38745.517,practice_single,right,none,>,j,j,1,2601.091,41458.934,correct,,38826.642,38857.843,41458.934,3000,2601.091,42058.934,"[{""stage_name"": ""fixation"", ""planned_duration_ms"": 100, ""intended_onset_ms"": 38726.642, ""actual_onset_global_ms"": 38745.517, ""actual_offset_global_ms"": 38848.046, ""actual_duration_ms"": 102.529}, {""stage_name"": ""stimulus"", ""planned_duration_ms"": 3000, ""intended_onset_ms"": 38826.642, ""actual_onset_global_ms"": 38857.843, ""actual_offset_global_ms"": 41458.934, ""actual_duration_ms"": 2601.091}, {""stage_name"": ""feedback"", ""planned_duration_ms"": 600, ""intended_onset_ms"": 41458.934, ""actual_onset_global_ms"": 41485.456, ""actual_offset_global_ms"": 42080.46, ""actual_duration_ms"": 595.004}]",correct.wav,41470.604,600.0,42070.604,,,,,,,,,,,,,,,,,,,,,,,,,,,,,,,,,,,,,,,,,,,,,,,,,,,,,,,,,,,,,,,,,,,,,,,
011,011_T1_20260502_155726,PCPA,T1,standard,hci_substudy_v2,1,telemetry_v4,flanker,1,practice_single,practice,1,4,4,practice,practice_single,1777708646,151.361,2026-05-02T15:58:12.431,0,0,0,1,42078.165,42092.766,practice_single,right,none,>,j,j,1,3889.486,46096.128,correct,,42178.165,42206.642,46096.128,3000,3889.486,46696.128,"[{""stage_name"": ""fixation"", ""planned_duration_ms"": 100, ""intended_onset_ms"": 42078.165, ""actual_onset_global_ms"": 42092.766, ""actual_offset_global_ms"": 42196.191, ""actual_duration_ms"": 103.425}, {""stage_name"": ""stimulus"", ""planned_duration_ms"": 3000, ""intended_onset_ms"": 42178.165, ""actual_onset_global_ms"": 42206.642, ""actual_offset_global_ms"": 46096.128, ""actual_duration_ms"": 3889.486}, {""stage_name"": ""feedback"", ""planned_duration_ms"": 600, ""intended_onset_ms"": 46096.128, ""actual_onset_global_ms"": 46126.849, ""actual_offset_global_ms"": 46725.513, ""actual_duration_ms"": 598.664}]",correct.wav,46109.718,600.0,46709.718,,,,,,,,,,,,,,,,,,,,,,,,,,,,,,,,,,,,,,,,,,,,,,,,,,,,,,,,,,,,,,,,,,,,,,,
011,011_T1_20260502_155726,PCPA,T1,standard,hci_substudy_v2,1,telemetry_v4,flanker,1,practice_single,practice,1,5,5,practice,practice_single,1777708646,151.361,2026-05-02T15:58:17.099,0,0,0,1,46747.193,46764.097,practice_single,left,none,<,s,s,1,2201.801,49074.649,correct,,46847.193,46872.848,49074.649,3000,2201.801,49674.649,"[{""stage_name"": ""fixation"", ""planned_duration_ms"": 100, ""intended_onset_ms"": 46747.193, ""actual_onset_global_ms"": 46764.097, ""actual_offset_global_ms"": 46863.219, ""actual_duration_ms"": 99.122}, {""stage_name"": ""stimulus"", ""planned_duration_ms"": 3000, ""intended_onset_ms"": 46847.193, ""actual_onset_global_ms"": 46872.848, ""actual_offset_global_ms"": 49074.649, ""actual_duration_ms"": 2201.801}, {""stage_name"": ""feedback"", ""planned_duration_ms"": 600, ""intended_onset_ms"": 49074.649, ""actual_onset_global_ms"": 49095.61, ""actual_offset_global_ms"": 49689.491, ""actual_duration_ms"": 593.881}]",correct.wav,49078.903,600.0,49678.903,,,,,,,,,,,,,,,,,,,,,,,,,,,,,,,,,,,,,,,,,,,,,,,,,,,,,,,,,,,,,,,,,,,,,,,
011,011_T1_20260502_155726,PCPA,T1,standard,hci_substudy_v2,1,telemetry_v4,flanker,1,practice_single,practice,1,6,6,practice,practice_single,1777708646,151.361,2026-05-02T15:58:20.041,0,0,0,1,49687.732,49702.189,practice_single,right,none,>,j,j,1,1238.007,51051.674,correct,,49787.732,49813.667,51051.674,3000,1238.007,51651.674,"[{""stage_name"": ""fixation"", ""planned_duration_ms"": 100, ""intended_onset_ms"": 49687.732, ""actual_onset_global_ms"": 49702.189, ""actual_offset_global_ms"": 49802.547, ""actual_duration_ms"": 100.358}, {""stage_name"": ""stimulus"", ""planned_duration_ms"": 3000, ""intended_onset_ms"": 49787.732, ""actual_onset_global_ms"": 49813.667, ""actual_offset_global_ms"": 51051.674, ""actual_duration_ms"": 1238.007}, {""stage_name"": ""feedback"", ""planned_duration_ms"": 600, ""intended_onset_ms"": 51051.674, ""actual_onset_global_ms"": 51079.343, ""actual_offset_global_ms"": 51669.432, ""actual_duration_ms"": 590.089}]",correct.wav,51062.376,600.0,51662.376,,,,,,,,,,,,,,,,,,,,,,,,,,,,,,,,,,,,,,,,,,,,,,,,,,,,,,,,,,,,,,,,,,,,,,,
011,011_T1_20260502_155726,PCPA,T1,standard,hci_substudy_v2,1,telemetry_v4,flanker,1,practice_full,practice,2,1,7,practice,congruent,1777708646,151.361,2026-05-02T15:58:28.623,0,0,0,1,58269.844,58289.561,congruent,left,left,<<<<<,s,s,1,2427.634,60830.283,correct,1.0,58369.844,58402.649,60830.283,3000,2427.634,61430.283,"[{""stage_name"": ""fixation"", ""planned_duration_ms"": 100, ""intended_onset_ms"": 58269.844, ""actual_onset_global_ms"": 58289.561, ""actual_offset_global_ms"": 58390.858, ""actual_duration_ms"": 101.297}, {""stage_name"": ""stimulus"", ""planned_duration_ms"": 3000, ""intended_onset_ms"": 58369.844, ""actual_onset_global_ms"": 58402.649, ""actual_offset_global_ms"": 60830.283, ""actual_duration_ms"": 2427.634}, {""stage_name"": ""feedback"", ""planned_duration_ms"": 600, ""intended_onset_ms"": 60830.283, ""actual_onset_global_ms"": 60851.625, ""actual_offset_global_ms"": 61445.701, ""actual_duration_ms"": 594.076}]",correct.wav,60835.247,600.0,61435.247,,,,,,,,,,,,,,,,,,,,,,,,,,,,,,,,,,,,,,,,,,,,,,,,,,,,,,,,,,,,,,,,,,,,,,,
011,011_T1_20260502_155726,PCPA,T1,standard,hci_substudy_v2,1,telemetry_v4,flanker,1,practice_full,practice,2,2,8,practice,incongruent,1777708646,151.361,2026-05-02T15:58:31.797,0,0,0,1,61443.611,61460.433,incongruent,right,left,<<><<,j,j,1,1183.261,62757.812,correct,1.0,61543.611,61574.551,62757.812,3000,1183.261,63357.812,"[{""stage_name"": ""fixation"", ""planned_duration_ms"": 100, ""intended_onset_ms"": 61443.611, ""actual_onset_global_ms"": 61460.433, ""actual_offset_global_ms"": 61562.574, ""actual_duration_ms"": 102.141}, {""stage_name"": ""stimulus"", ""planned_duration_ms"": 3000, ""intended_onset_ms"": 61543.611, ""actual_onset_global_ms"": 61574.551, ""actual_offset_global_ms"": 62757.812, ""actual_duration_ms"": 1183.261}, {""stage_name"": ""feedback"", ""planned_duration_ms"": 600, ""intended_onset_ms"": 62757.812, ""actual_onset_global_ms"": 62782.981, ""actual_offset_global_ms"": 63382.906, ""actual_duration_ms"": 599.925}]",correct.wav,62765.905,600.0,63365.905,,,,,,,,,,,,,,,,,,,,,,,,,,,,,,,,,,,,,,,,,,,,,,,,,,,,,,,,,,,,,,,,,,,,,,,
011,011_T1_20260502_155726,PCPA,T1,standard,hci_substudy_v2,1,telemetry_v4,flanker,1,practice_full,practice,2,3,9,practice,incongruent,1777708646,151.361,2026-05-02T15:58:33.735,0,0,0,1,63381.494,63395.879,incongruent,left,right,>><>>,s,s,1,1165.937,64670.706,correct,1.0,63481.494,63504.769,64670.706,3000,1165.937,65270.706,"[{""stage_name"": ""fixation"", ""planned_duration_ms"": 100, ""intended_onset_ms"": 63381.494, ""actual_onset_global_ms"": 63395.879, ""actual_offset_global_ms"": 63493.512, ""actual_duration_ms"": 97.633}, {""stage_name"": ""stimulus"", ""planned_duration_ms"": 3000, ""intended_onset_ms"": 63481.494, ""actual_onset_global_ms"": 63504.769, ""actual_offset_global_ms"": 64670.706, ""actual_duration_ms"": 1165.937}, {""stage_name"": ""feedback"", ""planned_duration_ms"": 600, ""intended_onset_ms"": 64670.706, ""actual_onset_global_ms"": 64696.789, ""actual_offset_global_ms"": 65291.758, ""actual_duration_ms"": 594.969}]",correct.wav,64679.723,600.0,65279.723,,,,,,,,,,,,,,,,,,,,,,,,,,,,,,,,,,,,,,,,,,,,,,,,,,,,,,,,,,,,,,,,,,,,,,,
011,011_T1_20260502_155726,PCPA,T1,standard,hci_substudy_v2,1,telemetry_v4,flanker,1,practice_full,practice,2,4,10,practice,incongruent,1777708646,151.361,2026-05-02T15:58:35.642,0,0,0,1,65289.286,65304.945,incongruent,right,left,<<><<,j,j,1,1368.697,66779.326,correct,1.0,65389.286,65410.629,66779.326,3000,1368.697,67379.326,"[{""stage_name"": ""fixation"", ""planned_duration_ms"": 100, ""intended_onset_ms"": 65289.286, ""actual_onset_global_ms"": 65304.945, ""actual_offset_global_ms"": 65400.282, ""actual_duration_ms"": 95.337}, {""stage_name"": ""stimulus"", ""planned_duration_ms"": 3000, ""intended_onset_ms"": 65389.286, ""actual_onset_global_ms"": 65410.629, ""actual_offset_global_ms"": 66779.326, ""actual_duration_ms"": 1368.697}, {""stage_name"": ""feedback"", ""planned_duration_ms"": 600, ""intended_onset_ms"": 66779.326, ""actual_onset_global_ms"": 66800.469, ""actual_offset_global_ms"": 67394.246, ""actual_duration_ms"": 593.777}]",correct.wav,66782.156,600.0,67382.156,,,,,,,,,,,,,,,,,,,,,,,,,,,,,,,,,,,,,,,,,,,,,,,,,,,,,,,,,,,,,,,,,,,,,,,
011,011_T1_20260502_155726,PCPA,T1,standard,hci_substudy_v2,1,telemetry_v4,flanker,1,practice_full,practice,2,5,11,practice,congruent,1777708646,151.361,2026-05-02T15:58:37.745,0,0,0,1,67391.249,67405.805,congruent,left,left,<<<<<,s,s,1,1156.876,68675.548,correct,1.0,67491.249,67518.672,68675.548,3000,1156.876,69275.548,"[{""stage_name"": ""fixation"", ""planned_duration_ms"": 100, ""intended_onset_ms"": 67391.249, ""actual_onset_global_ms"": 67405.805, ""actual_offset_global_ms"": 67506.822, ""actual_duration_ms"": 101.017}, {""stage_name"": ""stimulus"", ""planned_duration_ms"": 3000, ""intended_onset_ms"": 67491.249, ""actual_onset_global_ms"": 67518.672, ""actual_offset_global_ms"": 68675.548, ""actual_duration_ms"": 1156.876}, {""stage_name"": ""feedback"", ""planned_duration_ms"": 600, ""intended_onset_ms"": 68675.548, ""actual_onset_global_ms"": 68694.599, ""actual_offset_global_ms"": 69299.46, ""actual_duration_ms"": 604.861}]",correct.wav,68677.776,600.0,69277.776,,,,,,,,,,,,,,,,,,,,,,,,,,,,,,,,,,,,,,,,,,,,,,,,,,,,,,,,,,,,,,,,,,,,,,,
011,011_T1_20260502_155726,PCPA,T1,standard,hci_substudy_v2,1,telemetry_v4,flanker,1,practice_full,practice,2,6,12,practice,congruent,1777708646,151.361,2026-05-02T15:58:39.649,0,0,0,1,69296.595,69312.96,congruent,right,right,>>>>>,j,j,1,2461.158,71885.922,correct,1.0,69396.595,69424.764,71885.922,3000,2461.158,72485.922,"[{""stage_name"": ""fixation"", ""planned_duration_ms"": 100, ""intended_onset_ms"": 69296.595, ""actual_onset_global_ms"": 69312.96, ""actual_offset_global_ms"": 69413.005, ""actual_duration_ms"": 100.045}, {""stage_name"": ""stimulus"", ""planned_duration_ms"": 3000, ""intended_onset_ms"": 69396.595, ""actual_onset_global_ms"": 69424.764, ""actual_offset_global_ms"": 71885.922, ""actual_duration_ms"": 2461.158}, {""stage_name"": ""feedback"", ""planned_duration_ms"": 600, ""intended_onset_ms"": 71885.922, ""actual_onset_global_ms"": 71904.239, ""actual_offset_global_ms"": 72494.249, ""actual_duration_ms"": 590.01}]",correct.wav,71887.489,600.0,72487.489,,,,,,,,,,,,,,,,,,,,,,,,,,,,,,,,,,,,,,,,,,,,,,,,,,,,,,,,,,,,,,,,,,,,,,,
011,011_T1_20260502_155726,PCPA,T1,standard,hci_substudy_v2,1,telemetry_v4,flanker,1,formal_block_1,formal,1,1,13,formal,incongruent,1777708646,151.361,2026-05-02T15:58:46.487,0,0,0,1,76134.228,76152.155,incongruent,right,left,<<><<,j,j,1,2657.893,78919.058,none,,76234.228,76261.165,78919.058,3000,2657.893,78919.058,"[{""stage_name"": ""fixation"", ""planned_duration_ms"": 100, ""intended_onset_ms"": 76134.228, ""actual_onset_global_ms"": 76152.155, ""actual_offset_global_ms"": 76250.458, ""actual_duration_ms"": 98.303}, {""stage_name"": ""stimulus"", ""planned_duration_ms"": 3000, ""intended_onset_ms"": 76234.228, ""actual_onset_global_ms"": 76261.165, ""actual_offset_global_ms"": 78919.058, ""actual_duration_ms"": 2657.893}]",,,,,,,,,,,,,,,,,,,,,,,,,,,,,,,,,,,,,,,,,,,,,,,,,,,,,,,,,,,,,,,,,,,,,,,,,,,
011,011_T1_20260502_155726,PCPA,T1,standard,hci_substudy_v2,1,telemetry_v4,flanker,1,formal_block_1,formal,1,2,14,formal,incongruent,1777708646,151.361,2026-05-02T15:58:49.313,0,0,0,1,78960.055,78975.964,incongruent,left,right,>><>>,s,s,1,1119.084,80203.711,none,,79060.055,79084.627,80203.711,3000,1119.084,80203.711,"[{""stage_name"": ""fixation"", ""planned_duration_ms"": 100, ""intended_onset_ms"": 78960.055, ""actual_onset_global_ms"": 78975.964, ""actual_offset_global_ms"": 79074.358, ""actual_duration_ms"": 98.394}, {""stage_name"": ""stimulus"", ""planned_duration_ms"": 3000, ""intended_onset_ms"": 79060.055, ""actual_onset_global_ms"": 79084.627, ""actual_offset_global_ms"": 80203.711, ""actual_duration_ms"": 1119.084}]",,,,,,,,,,,,,,,,,,,,,,,,,,,,,,,,,,,,,,,,,,,,,,,,,,,,,,,,,,,,,,,,,,,,,,,,,,,
011,011_T1_20260502_155726,PCPA,T1,standard,hci_substudy_v2,1,telemetry_v4,flanker,1,formal_block_1,formal,1,3,15,formal,congruent,1777708646,151.361,2026-05-02T15:58:50.572,0,0,0,1,80218.206,80234.789,congruent,left,left,<<<<<,s,s,1,2300.387,82643.84,none,,80318.206,80343.453,82643.84,3000,2300.387,82643.84,"[{""stage_name"": ""fixation"", ""planned_duration_ms"": 100, ""intended_onset_ms"": 80218.206, ""actual_onset_global_ms"": 80234.789, ""actual_offset_global_ms"": 80332.392, ""actual_duration_ms"": 97.603}, {""stage_name"": ""stimulus"", ""planned_duration_ms"": 3000, ""intended_onset_ms"": 80318.206, ""actual_onset_global_ms"": 80343.453, ""actual_offset_global_ms"": 82643.84, ""actual_duration_ms"": 2300.387}]",,,,,,,,,,,,,,,,,,,,,,,,,,,,,,,,,,,,,,,,,,,,,,,,,,,,,,,,,,,,,,,,,,,,,,,,,,,
011,011_T1_20260502_155726,PCPA,T1,standard,hci_substudy_v2,1,telemetry_v4,flanker,1,formal_block_1,formal,1,4,16,formal,incongruent,1777708646,151.361,2026-05-02T15:58:53.021,0,0,0,1,82667.666,82682.367,incongruent,left,right,>><>>,s,s,1,1261.704,84054.011,none,,82767.666,82792.307,84054.011,3000,1261.704,84054.011,"[{""stage_name"": ""fixation"", ""planned_duration_ms"": 100, ""intended_onset_ms"": 82667.666, ""actual_onset_global_ms"": 82682.367, ""actual_offset_global_ms"": 82780.991, ""actual_duration_ms"": 98.624}, {""stage_name"": ""stimulus"", ""planned_duration_ms"": 3000, ""intended_onset_ms"": 82767.666, ""actual_onset_global_ms"": 82792.307, ""actual_offset_global_ms"": 84054.011, ""actual_duration_ms"": 1261.704}]",,,,,,,,,,,,,,,,,,,,,,,,,,,,,,,,,,,,,,,,,,,,,,,,,,,,,,,,,,,,,,,,,,,,,,,,,,,
011,011_T1_20260502_155726,PCPA,T1,standard,hci_substudy_v2,1,telemetry_v4,flanker,1,formal_block_1,formal,1,5,17,formal,congruent,1777708646,151.361,2026-05-02T15:58:54.418,0,0,0,1,84064.477,84080.703,congruent,right,right,>>>>>,j,j,1,824.26,85015.002,none,,84164.477,84190.742,85015.002,3000,824.26,85015.002,"[{""stage_name"": ""fixation"", ""planned_duration_ms"": 100, ""intended_onset_ms"": 84064.477, ""actual_onset_global_ms"": 84080.703, ""actual_offset_global_ms"": 84180.415, ""actual_duration_ms"": 99.712}, {""stage_name"": ""stimulus"", ""planned_duration_ms"": 3000, ""intended_onset_ms"": 84164.477, ""actual_onset_global_ms"": 84190.742, ""actual_offset_global_ms"": 85015.002, ""actual_duration_ms"": 824.26}]",,,,,,,,,,,,,,,,,,,,,,,,,,,,,,,,,,,,,,,,,,,,,,,,,,,,,,,,,,,,,,,,,,,,,,,,,,,
011,011_T1_20260502_155726,PCPA,T1,standard,hci_substudy_v2,1,telemetry_v4,flanker,1,formal_block_1,formal,1,6,18,formal,incongruent,1777708646,151.361,2026-05-02T15:58:55.391,0,0,0,1,85037.639,85051.186,incongruent,right,left,<<><<,j,j,1,806.55,85961.915,none,,85137.639,85155.365,85961.915,3000,806.55,85961.915,"[{""stage_name"": ""fixation"", ""planned_duration_ms"": 100, ""intended_onset_ms"": 85037.639, ""actual_onset_global_ms"": 85051.186, ""actual_offset_global_ms"": 85145.103, ""actual_duration_ms"": 93.917}, {""stage_name"": ""stimulus"", ""planned_duration_ms"": 3000, ""intended_onset_ms"": 85137.639, ""actual_onset_global_ms"": 85155.365, ""actual_offset_global_ms"": 85961.915, ""actual_duration_ms"": 806.55}]",,,,,,,,,,,,,,,,,,,,,,,,,,,,,,,,,,,,,,,,,,,,,,,,,,,,,,,,,,,,,,,,,,,,,,,,,,,
011,011_T1_20260502_155726,PCPA,T1,standard,hci_substudy_v2,1,telemetry_v4,flanker,1,formal_block_1,formal,1,7,19,formal,incongruent,1777708646,151.361,2026-05-02T15:58:56.328,0,0,0,1,85975.133,85991.672,incongruent,left,right,>><>>,s,s,1,859.152,86958.888,none,,86075.133,86099.736,86958.888,3000,859.152,86958.888,"[{""stage_name"": ""fixation"", ""planned_duration_ms"": 100, ""intended_onset_ms"": 85975.133, ""actual_onset_global_ms"": 85991.672, ""actual_offset_global_ms"": 86089.124, ""actual_duration_ms"": 97.452}, {""stage_name"": ""stimulus"", ""planned_duration_ms"": 3000, ""intended_onset_ms"": 86075.133, ""actual_onset_global_ms"": 86099.736, ""actual_offset_global_ms"": 86958.888, ""actual_duration_ms"": 859.152}]",,,,,,,,,,,,,,,,,,,,,,,,,,,,,,,,,,,,,,,,,,,,,,,,,,,,,,,,,,,,,,,,,,,,,,,,,,,
011,011_T1_20260502_155726,PCPA,T1,standard,hci_substudy_v2,1,telemetry_v4,flanker,1,formal_block_1,formal,1,8,20,formal,congruent,1777708646,151.361,2026-05-02T15:58:57.331,0,0,0,1,86977.719,86993.585,congruent,left,left,<<<<<,s,s,1,988.832,88089.706,none,,87077.719,87100.874,88089.706,3000,988.832,88089.706,"[{""stage_name"": ""fixation"", ""planned_duration_ms"": 100, ""intended_onset_ms"": 86977.719, ""actual_onset_global_ms"": 86993.585, ""actual_offset_global_ms"": 87090.235, ""actual_duration_ms"": 96.65}, {""stage_name"": ""stimulus"", ""planned_duration_ms"": 3000, ""intended_onset_ms"": 87077.719, ""actual_onset_global_ms"": 87100.874, ""actual_offset_global_ms"": 88089.706, ""actual_duration_ms"": 988.832}]",,,,,,,,,,,,,,,,,,,,,,,,,,,,,,,,,,,,,,,,,,,,,,,,,,,,,,,,,,,,,,,,,,,,,,,,,,,
011,011_T1_20260502_155726,PCPA,T1,standard,hci_substudy_v2,1,telemetry_v4,flanker,1,formal_block_1,formal,1,9,21,formal,incongruent,1777708646,151.361,2026-05-02T15:58:58.459,0,0,0,1,88105.728,88120.341,incongruent,right,left,<<><<,j,j,1,673.951,88907.892,none,,88205.728,88233.941,88907.892,3000,673.951,88907.892,"[{""stage_name"": ""fixation"", ""planned_duration_ms"": 100, ""intended_onset_ms"": 88105.728, ""actual_onset_global_ms"": 88120.341, ""actual_offset_global_ms"": 88222.984, ""actual_duration_ms"": 102.643}, {""stage_name"": ""stimulus"", ""planned_duration_ms"": 3000, ""intended_onset_ms"": 88205.728, ""actual_onset_global_ms"": 88233.941, ""actual_offset_global_ms"": 88907.892, ""actual_duration_ms"": 673.951}]",,,,,,,,,,,,,,,,,,,,,,,,,,,,,,,,,,,,,,,,,,,,,,,,,,,,,,,,,,,,,,,,,,,,,,,,,,,
011,011_T1_20260502_155726,PCPA,T1,standard,hci_substudy_v2,1,telemetry_v4,flanker,1,formal_block_1,formal,1,10,22,formal,congruent,1777708646,151.361,2026-05-02T15:58:59.271,0,0,0,1,88918.077,88934.048,congruent,left,left,<<<<<,s,s,1,686.944,89731.046,none,,89018.077,89044.102,89731.046,3000,686.944,89731.046,"[{""stage_name"": ""fixation"", ""planned_duration_ms"": 100, ""intended_onset_ms"": 88918.077, ""actual_onset_global_ms"": 88934.048, ""actual_offset_global_ms"": 89032.657, ""actual_duration_ms"": 98.609}, {""stage_name"": ""stimulus"", ""planned_duration_ms"": 3000, ""intended_onset_ms"": 89018.077, ""actual_onset_global_ms"": 89044.102, ""actual_offset_global_ms"": 89731.046, ""actual_duration_ms"": 686.944}]",,,,,,,,,,,,,,,,,,,,,,,,,,,,,,,,,,,,,,,,,,,,,,,,,,,,,,,,,,,,,,,,,,,,,,,,,,,
011,011_T1_20260502_155726,PCPA,T1,standard,hci_substudy_v2,1,telemetry_v4,flanker,1,formal_block_1,formal,1,11,23,formal,congruent,1777708646,151.361,2026-05-02T15:59:00.094,0,0,0,1,89740.828,89756.449,congruent,right,right,>>>>>,j,j,1,1388.846,91251.718,none,,89840.828,89862.872,91251.718,3000,1388.846,91251.718,"[{""stage_name"": ""fixation"", ""planned_duration_ms"": 100, ""intended_onset_ms"": 89740.828, ""actual_onset_global_ms"": 89756.449, ""actual_offset_global_ms"": 89852.116, ""actual_duration_ms"": 95.667}, {""stage_name"": ""stimulus"", ""planned_duration_ms"": 3000, ""intended_onset_ms"": 89840.828, ""actual_onset_global_ms"": 89862.872, ""actual_offset_global_ms"": 91251.718, ""actual_duration_ms"": 1388.846}]",,,,,,,,,,,,,,,,,,,,,,,,,,,,,,,,,,,,,,,,,,,,,,,,,,,,,,,,,,,,,,,,,,,,,,,,,,,
011,011_T1_20260502_155726,PCPA,T1,standard,hci_substudy_v2,1,telemetry_v4,flanker,1,formal_block_1,formal,1,12,24,formal,incongruent,1777708646,151.361,2026-05-02T15:59:01.624,0,0,0,1,91271.255,91286.778,incongruent,left,right,>><>>,s,s,1,732.338,92128.136,none,,91371.255,91395.798,92128.136,3000,732.338,92128.136,"[{""stage_name"": ""fixation"", ""planned_duration_ms"": 100, ""intended_onset_ms"": 91271.255, ""actual_onset_global_ms"": 91286.778, ""actual_offset_global_ms"": 91383.955, ""actual_duration_ms"": 97.177}, {""stage_name"": ""stimulus"", ""planned_duration_ms"": 3000, ""intended_onset_ms"": 91371.255, ""actual_onset_global_ms"": 91395.798, ""actual_offset_global_ms"": 92128.136, ""actual_duration_ms"": 732.338}]",,,,,,,,,,,,,,,,,,,,,,,,,,,,,,,,,,,,,,,,,,,,,,,,,,,,,,,,,,,,,,,,,,,,,,,,,,,
011,011_T1_20260502_155726,PCPA,T1,standard,hci_substudy_v2,1,telemetry_v4,flanker,1,formal_block_1,formal,1,13,25,formal,congruent,1777708646,151.361,2026-05-02T15:59:02.486,0,0,0,1,92133.484,92149.376,congruent,left,left,<<<<<,s,s,1,1116.843,93374.699,none,,92233.484,92257.856,93374.699,3000,1116.843,93374.699,"[{""stage_name"": ""fixation"", ""planned_duration_ms"": 100, ""intended_onset_ms"": 92133.484, ""actual_onset_global_ms"": 92149.376, ""actual_offset_global_ms"": 92246.678, ""actual_duration_ms"": 97.302}, {""stage_name"": ""stimulus"", ""planned_duration_ms"": 3000, ""intended_onset_ms"": 92233.484, ""actual_onset_global_ms"": 92257.856, ""actual_offset_global_ms"": 93374.699, ""actual_duration_ms"": 1116.843}]",,,,,,,,,,,,,,,,,,,,,,,,,,,,,,,,,,,,,,,,,,,,,,,,,,,,,,,,,,,,,,,,,,,,,,,,,,,
011,011_T1_20260502_155726,PCPA,T1,standard,hci_substudy_v2,1,telemetry_v4,flanker,1,formal_block_1,formal,1,14,26,formal,congruent,1777708646,151.361,2026-05-02T15:59:03.744,0,0,0,1,93390.282,93404.963,congruent,right,right,>>>>>,j,j,1,792.692,94312.765,none,,93490.282,93520.073,94312.765,3000,792.692,94312.765,"[{""stage_name"": ""fixation"", ""planned_duration_ms"": 100, ""intended_onset_ms"": 93390.282, ""actual_onset_global_ms"": 93404.963, ""actual_offset_global_ms"": 93507.889, ""actual_duration_ms"": 102.926}, {""stage_name"": ""stimulus"", ""planned_duration_ms"": 3000, ""intended_onset_ms"": 93490.282, ""actual_onset_global_ms"": 93520.073, ""actual_offset_global_ms"": 94312.765, ""actual_duration_ms"": 792.692}]",,,,,,,,,,,,,,,,,,,,,,,,,,,,,,,,,,,,,,,,,,,,,,,,,,,,,,,,,,,,,,,,,,,,,,,,,,,
011,011_T1_20260502_155726,PCPA,T1,standard,hci_substudy_v2,1,telemetry_v4,flanker,1,formal_block_1,formal,1,15,27,formal,congruent,1777708646,151.361,2026-05-02T15:59:04.684,0,0,0,1,94331.311,94346.735,congruent,left,left,<<<<<,s,s,1,1190.35,95647.539,none,,94431.311,94457.189,95647.539,3000,1190.35,95647.539,"[{""stage_name"": ""fixation"", ""planned_duration_ms"": 100, ""intended_onset_ms"": 94331.311, ""actual_onset_global_ms"": 94346.735, ""actual_offset_global_ms"": 94445.596, ""actual_duration_ms"": 98.861}, {""stage_name"": ""stimulus"", ""planned_duration_ms"": 3000, ""intended_onset_ms"": 94431.311, ""actual_onset_global_ms"": 94457.189, ""actual_offset_global_ms"": 95647.539, ""actual_duration_ms"": 1190.35}]",,,,,,,,,,,,,,,,,,,,,,,,,,,,,,,,,,,,,,,,,,,,,,,,,,,,,,,,,,,,,,,,,,,,,,,,,,,
011,011_T1_20260502_155726,PCPA,T1,standard,hci_substudy_v2,1,telemetry_v4,flanker,1,formal_block_1,formal,1,16,28,formal,incongruent,1777708646,151.361,2026-05-02T15:59:06.017,0,0,0,1,95663.06,95677.807,incongruent,right,left,<<><<,j,j,1,890.752,96680.998,none,,95763.06,95790.246,96680.998,3000,890.752,96680.998,"[{""stage_name"": ""fixation"", ""planned_duration_ms"": 100, ""intended_onset_ms"": 95663.06, ""actual_onset_global_ms"": 95677.807, ""actual_offset_global_ms"": 95777.722, ""actual_duration_ms"": 99.915}, {""stage_name"": ""stimulus"", ""planned_duration_ms"": 3000, ""intended_onset_ms"": 95763.06, ""actual_onset_global_ms"": 95790.246, ""actual_offset_global_ms"": 96680.998, ""actual_duration_ms"": 890.752}]",,,,,,,,,,,,,,,,,,,,,,,,,,,,,,,,,,,,,,,,,,,,,,,,,,,,,,,,,,,,,,,,,,,,,,,,,,,
011,011_T1_20260502_155726,PCPA,T1,standard,hci_substudy_v2,1,telemetry_v4,flanker,1,formal_block_1,formal,1,17,29,formal,congruent,1777708646,151.361,2026-05-02T15:59:07.044,0,0,0,1,96691.11,96706.712,congruent,right,right,>>>>>,j,j,1,1963.592,98783.879,none,,96791.11,96820.287,98783.879,3000,1963.592,98783.879,"[{""stage_name"": ""fixation"", ""planned_duration_ms"": 100, ""intended_onset_ms"": 96691.11, ""actual_onset_global_ms"": 96706.712, ""actual_offset_global_ms"": 96808.361, ""actual_duration_ms"": 101.649}, {""stage_name"": ""stimulus"", ""planned_duration_ms"": 3000, ""intended_onset_ms"": 96791.11, ""actual_onset_global_ms"": 96820.287, ""actual_offset_global_ms"": 98783.879, ""actual_duration_ms"": 1963.592}]",,,,,,,,,,,,,,,,,,,,,,,,,,,,,,,,,,,,,,,,,,,,,,,,,,,,,,,,,,,,,,,,,,,,,,,,,,,
011,011_T1_20260502_155726,PCPA,T1,standard,hci_substudy_v2,1,telemetry_v4,flanker,1,formal_block_1,formal,1,18,30,formal,congruent,1777708646,151.361,2026-05-02T15:59:09.157,0,0,0,1,98803.741,98818.208,congruent,right,right,>>>>>,j,j,1,896.448,99825.767,none,,98903.741,98929.319,99825.767,3000,896.448,99825.767,"[{""stage_name"": ""fixation"", ""planned_duration_ms"": 100, ""intended_onset_ms"": 98803.741, ""actual_onset_global_ms"": 98818.208, ""actual_offset_global_ms"": 98917.561, ""actual_duration_ms"": 99.353}, {""stage_name"": ""stimulus"", ""planned_duration_ms"": 3000, ""intended_onset_ms"": 98903.741, ""actual_onset_global_ms"": 98929.319, ""actual_offset_global_ms"": 99825.767, ""actual_duration_ms"": 896.448}]",,,,,,,,,,,,,,,,,,,,,,,,,,,,,,,,,,,,,,,,,,,,,,,,,,,,,,,,,,,,,,,,,,,,,,,,,,,
011,011_T1_20260502_155726,PCPA,T1,standard,hci_substudy_v2,1,telemetry_v4,flanker,1,formal_block_1,formal,1,19,31,formal,incongruent,1777708646,151.361,2026-05-02T15:59:10.192,0,0,0,1,99838.563,99855.835,incongruent,left,right,>><>>,s,s,1,754.285,100723.686,none,,99938.563,99969.401,100723.686,3000,754.285,100723.686,"[{""stage_name"": ""fixation"", ""planned_duration_ms"": 100, ""intended_onset_ms"": 99838.563, ""actual_onset_global_ms"": 99855.835, ""actual_offset_global_ms"": 99957.561, ""actual_duration_ms"": 101.726}, {""stage_name"": ""stimulus"", ""planned_duration_ms"": 3000, ""intended_onset_ms"": 99938.563, ""actual_onset_global_ms"": 99969.401, ""actual_offset_global_ms"": 100723.686, ""actual_duration_ms"": 754.285}]",,,,,,,,,,,,,,,,,,,,,,,,,,,,,,,,,,,,,,,,,,,,,,,,,,,,,,,,,,,,,,,,,,,,,,,,,,,
011,011_T1_20260502_155726,PCPA,T1,standard,hci_substudy_v2,1,telemetry_v4,flanker,1,formal_block_1,formal,1,20,32,formal,incongruent,1777708646,151.361,2026-05-02T15:59:11.092,0,0,0,1,100738.843,100756.978,incongruent,right,left,<<><<,j,j,1,839.732,101711.204,none,,100838.843,100871.472,101711.204,3000,839.732,101711.204,"[{""stage_name"": ""fixation"", ""planned_duration_ms"": 100, ""intended_onset_ms"": 100738.843, ""actual_onset_global_ms"": 100756.978, ""actual_offset_global_ms"": 100859.388, ""actual_duration_ms"": 102.41}, {""stage_name"": ""stimulus"", ""planned_duration_ms"": 3000, ""intended_onset_ms"": 100838.843, ""actual_onset_global_ms"": 100871.472, ""actual_offset_global_ms"": 101711.204, ""actual_duration_ms"": 839.732}]",,,,,,,,,,,,,,,,,,,,,,,,,,,,,,,,,,,,,,,,,,,,,,,,,,,,,,,,,,,,,,,,,,,,,,,,,,,
011,011_T1_20260502_155726,PCPA,T1,standard,hci_substudy_v2,1,telemetry_v4,flanker,1,formal_block_2,formal,2,1,33,formal,incongruent,1777708646,151.361,2026-05-02T15:59:12.073,0,0,0,1,101720.282,101734.533,incongruent,right,left,<<><<,j,j,1,1078.001,102921.662,none,,101820.282,101843.661,102921.662,3000,1078.001,102921.662,"[{""stage_name"": ""fixation"", ""planned_duration_ms"": 100, ""intended_onset_ms"": 101720.282, ""actual_onset_global_ms"": 101734.533, ""actual_offset_global_ms"": 101832.248, ""actual_duration_ms"": 97.715}, {""stage_name"": ""stimulus"", ""planned_duration_ms"": 3000, ""intended_onset_ms"": 101820.282, ""actual_onset_global_ms"": 101843.661, ""actual_offset_global_ms"": 102921.662, ""actual_duration_ms"": 1078.001}]",,,,,,,,,,,,,,,,,,,,,,,,,,,,,,,,,,,,,,,,,,,,,,,,,,,,,,,,,,,,,,,,,,,,,,,,,,,
011,011_T1_20260502_155726,PCPA,T1,standard,hci_substudy_v2,1,telemetry_v4,flanker,1,formal_block_2,formal,2,2,34,formal,congruent,1777708646,151.361,2026-05-02T15:59:13.291,0,0,0,1,102938.091,102955.811,congruent,right,right,>>>>>,j,j,1,1146.549,104214.703,none,,103038.091,103068.154,104214.703,3000,1146.549,104214.703,"[{""stage_name"": ""fixation"", ""planned_duration_ms"": 100, ""intended_onset_ms"": 102938.091, ""actual_onset_global_ms"": 102955.811, ""actual_offset_global_ms"": 103056.631, ""actual_duration_ms"": 100.82}, {""stage_name"": ""stimulus"", ""planned_duration_ms"": 3000, ""intended_onset_ms"": 103038.091, ""actual_onset_global_ms"": 103068.154, ""actual_offset_global_ms"": 104214.703, ""actual_duration_ms"": 1146.549}]",,,,,,,,,,,,,,,,,,,,,,,,,,,,,,,,,,,,,,,,,,,,,,,,,,,,,,,,,,,,,,,,,,,,,,,,,,,
011,011_T1_20260502_155726,PCPA,T1,standard,hci_substudy_v2,1,telemetry_v4,flanker,1,formal_block_2,formal,2,3,35,formal,congruent,1777708646,151.361,2026-05-02T15:59:14.609,0,0,0,1,104255.907,104274.914,congruent,left,left,<<<<<,s,s,1,917.544,105294.1,none,,104355.907,104376.556,105294.1,3000,917.544,105294.1,"[{""stage_name"": ""fixation"", ""planned_duration_ms"": 100, ""intended_onset_ms"": 104255.907, ""actual_onset_global_ms"": 104274.914, ""actual_offset_global_ms"": 104366.151, ""actual_duration_ms"": 91.237}, {""stage_name"": ""stimulus"", ""planned_duration_ms"": 3000, ""intended_onset_ms"": 104355.907, ""actual_onset_global_ms"": 104376.556, ""actual_offset_global_ms"": 105294.1, ""actual_duration_ms"": 917.544}]",,,,,,,,,,,,,,,,,,,,,,,,,,,,,,,,,,,,,,,,,,,,,,,,,,,,,,,,,,,,,,,,,,,,,,,,,,,
011,011_T1_20260502_155726,PCPA,T1,standard,hci_substudy_v2,1,telemetry_v4,flanker,1,formal_block_2,formal,2,4,36,formal,incongruent,1777708646,151.361,2026-05-02T15:59:15.658,0,0,0,1,105304.891,105323.602,incongruent,left,right,>><>>,s,s,1,1005.115,106439.627,none,,105404.891,105434.512,106439.627,3000,1005.115,106439.627,"[{""stage_name"": ""fixation"", ""planned_duration_ms"": 100, ""intended_onset_ms"": 105304.891, ""actual_onset_global_ms"": 105323.602, ""actual_offset_global_ms"": 105422.718, ""actual_duration_ms"": 99.116}, {""stage_name"": ""stimulus"", ""planned_duration_ms"": 3000, ""intended_onset_ms"": 105404.891, ""actual_onset_global_ms"": 105434.512, ""actual_offset_global_ms"": 106439.627, ""actual_duration_ms"": 1005.115}]",,,,,,,,,,,,,,,,,,,,,,,,,,,,,,,,,,,,,,,,,,,,,,,,,,,,,,,,,,,,,,,,,,,,,,,,,,,
011,011_T1_20260502_155726,PCPA,T1,standard,hci_substudy_v2,1,telemetry_v4,flanker,1,formal_block_2,formal,2,5,37,formal,incongruent,1777708646,151.361,2026-05-02T15:59:16.813,0,0,0,1,106459.398,106476.347,incongruent,right,left,<<><<,j,j,1,1334.524,107921.971,none,,106559.398,106587.447,107921.971,3000,1334.524,107921.971,"[{""stage_name"": ""fixation"", ""planned_duration_ms"": 100, ""intended_onset_ms"": 106459.398, ""actual_onset_global_ms"": 106476.347, ""actual_offset_global_ms"": 106576.309, ""actual_duration_ms"": 99.962}, {""stage_name"": ""stimulus"", ""planned_duration_ms"": 3000, ""intended_onset_ms"": 106559.398, ""actual_onset_global_ms"": 106587.447, ""actual_offset_global_ms"": 107921.971, ""actual_duration_ms"": 1334.524}]",,,,,,,,,,,,,,,,,,,,,,,,,,,,,,,,,,,,,,,,,,,,,,,,,,,,,,,,,,,,,,,,,,,,,,,,,,,
011,011_T1_20260502_155726,PCPA,T1,standard,hci_substudy_v2,1,telemetry_v4,flanker,1,formal_block_2,formal,2,6,38,formal,congruent,1777708646,151.361,2026-05-02T15:59:18.324,0,0,0,1,107970.73,107987.184,congruent,left,left,<<<<<,s,s,1,3000.065,111089.064,none,,108070.73,108088.999,111089.064,3000,3000.065,111089.064,"[{""stage_name"": ""fixation"", ""planned_duration_ms"": 100, ""intended_onset_ms"": 107970.73, ""actual_onset_global_ms"": 107987.184, ""actual_offset_global_ms"": 108078.697, ""actual_duration_ms"": 91.513}, {""stage_name"": ""stimulus"", ""planned_duration_ms"": 3000, ""intended_onset_ms"": 108070.73, ""actual_onset_global_ms"": 108088.999, ""actual_offset_global_ms"": 111089.064, ""actual_duration_ms"": 3000.065}]",,,,,,,,,,,,,,,,,,,,,,,,,,,,,,,,,,,,,,,,,,,,,,,,,,,,,,,,,,,,,,,,,,,,,,,,,,,
011,011_T1_20260502_155726,PCPA,T1,standard,hci_substudy_v2,1,telemetry_v4,flanker,1,formal_block_2,formal,2,7,39,formal,incongruent,1777708646,151.361,2026-05-02T15:59:21.461,0,0,0,1,111108.353,111126.173,incongruent,left,right,>><>>,s,s,1,1187.18,112427.555,none,,111208.353,111240.375,112427.555,3000,1187.18,112427.555,"[{""stage_name"": ""fixation"", ""planned_duration_ms"": 100, ""intended_onset_ms"": 111108.353, ""actual_onset_global_ms"": 111126.173, ""actual_offset_global_ms"": 111228.692, ""actual_duration_ms"": 102.519}, {""stage_name"": ""stimulus"", ""planned_duration_ms"": 3000, ""intended_onset_ms"": 111208.353, ""actual_onset_global_ms"": 111240.375, ""actual_offset_global_ms"": 112427.555, ""actual_duration_ms"": 1187.18}]",,,,,,,,,,,,,,,,,,,,,,,,,,,,,,,,,,,,,,,,,,,,,,,,,,,,,,,,,,,,,,,,,,,,,,,,,,,
011,011_T1_20260502_155726,PCPA,T1,standard,hci_substudy_v2,1,telemetry_v4,flanker,1,formal_block_2,formal,2,8,40,formal,congruent,1777708646,151.361,2026-05-02T15:59:22.800,0,0,0,1,112446.409,112461.228,congruent,right,right,>>>>>,j,j,1,972.281,113544.142,none,,112546.409,112571.861,113544.142,3000,972.281,113544.142,"[{""stage_name"": ""fixation"", ""planned_duration_ms"": 100, ""intended_onset_ms"": 112446.409, ""actual_onset_global_ms"": 112461.228, ""actual_offset_global_ms"": 112560.853, ""actual_duration_ms"": 99.625}, {""stage_name"": ""stimulus"", ""planned_duration_ms"": 3000, ""intended_onset_ms"": 112546.409, ""actual_onset_global_ms"": 112571.861, ""actual_offset_global_ms"": 113544.142, ""actual_duration_ms"": 972.281}]",,,,,,,,,,,,,,,,,,,,,,,,,,,,,,,,,,,,,,,,,,,,,,,,,,,,,,,,,,,,,,,,,,,,,,,,,,,
011,011_T1_20260502_155726,PCPA,T1,standard,hci_substudy_v2,1,telemetry_v4,flanker,1,formal_block_2,formal,2,9,41,formal,congruent,1777708646,151.361,2026-05-02T15:59:23.908,0,0,0,1,113554.387,113571.75,congruent,right,right,>>>>>,j,j,1,664.416,114347.856,none,,113654.387,113683.44,114347.856,3000,664.416,114347.856,"[{""stage_name"": ""fixation"", ""planned_duration_ms"": 100, ""intended_onset_ms"": 113554.387, ""actual_onset_global_ms"": 113571.75, ""actual_offset_global_ms"": 113672.423, ""actual_duration_ms"": 100.673}, {""stage_name"": ""stimulus"", ""planned_duration_ms"": 3000, ""intended_onset_ms"": 113654.387, ""actual_onset_global_ms"": 113683.44, ""actual_offset_global_ms"": 114347.856, ""actual_duration_ms"": 664.416}]",,,,,,,,,,,,,,,,,,,,,,,,,,,,,,,,,,,,,,,,,,,,,,,,,,,,,,,,,,,,,,,,,,,,,,,,,,,
011,011_T1_20260502_155726,PCPA,T1,standard,hci_substudy_v2,1,telemetry_v4,flanker,1,formal_block_2,formal,2,10,42,formal,incongruent,1777708646,151.361,2026-05-02T15:59:24.707,0,0,0,1,114353.766,114368.399,incongruent,right,left,<<><<,j,j,1,626.366,115105.674,none,,114453.766,114479.308,115105.674,3000,626.366,115105.674,"[{""stage_name"": ""fixation"", ""planned_duration_ms"": 100, ""intended_onset_ms"": 114353.766, ""actual_onset_global_ms"": 114368.399, ""actual_offset_global_ms"": 114467.27, ""actual_duration_ms"": 98.871}, {""stage_name"": ""stimulus"", ""planned_duration_ms"": 3000, ""intended_onset_ms"": 114453.766, ""actual_onset_global_ms"": 114479.308, ""actual_offset_global_ms"": 115105.674, ""actual_duration_ms"": 626.366}]",,,,,,,,,,,,,,,,,,,,,,,,,,,,,,,,,,,,,,,,,,,,,,,,,,,,,,,,,,,,,,,,,,,,,,,,,,,
011,011_T1_20260502_155726,PCPA,T1,standard,hci_substudy_v2,1,telemetry_v4,flanker,1,formal_block_2,formal,2,11,43,formal,congruent,1777708646,151.361,2026-05-02T15:59:25.479,0,0,0,1,115125.905,115142.825,congruent,left,left,<<<<<,s,s,1,1316.559,116569.387,none,,115225.905,115252.828,116569.387,3000,1316.559,116569.387,"[{""stage_name"": ""fixation"", ""planned_duration_ms"": 100, ""intended_onset_ms"": 115125.905, ""actual_onset_global_ms"": 115142.825, ""actual_offset_global_ms"": 115240.606, ""actual_duration_ms"": 97.781}, {""stage_name"": ""stimulus"", ""planned_duration_ms"": 3000, ""intended_onset_ms"": 115225.905, ""actual_onset_global_ms"": 115252.828, ""actual_offset_global_ms"": 116569.387, ""actual_duration_ms"": 1316.559}]",,,,,,,,,,,,,,,,,,,,,,,,,,,,,,,,,,,,,,,,,,,,,,,,,,,,,,,,,,,,,,,,,,,,,,,,,,,
011,011_T1_20260502_155726,PCPA,T1,standard,hci_substudy_v2,1,telemetry_v4,flanker,1,formal_block_2,formal,2,12,44,formal,incongruent,1777708646,151.361,2026-05-02T15:59:26.930,0,0,0,1,116576.695,116594.523,incongruent,right,left,<<><<,j,j,1,1277.695,117982.64,none,,116676.695,116704.945,117982.64,3000,1277.695,117982.64,"[{""stage_name"": ""fixation"", ""planned_duration_ms"": 100, ""intended_onset_ms"": 116576.695, ""actual_onset_global_ms"": 116594.523, ""actual_offset_global_ms"": 116693.533, ""actual_duration_ms"": 99.01}, {""stage_name"": ""stimulus"", ""planned_duration_ms"": 3000, ""intended_onset_ms"": 116676.695, ""actual_onset_global_ms"": 116704.945, ""actual_offset_global_ms"": 117982.64, ""actual_duration_ms"": 1277.695}]",,,,,,,,,,,,,,,,,,,,,,,,,,,,,,,,,,,,,,,,,,,,,,,,,,,,,,,,,,,,,,,,,,,,,,,,,,,
011,011_T1_20260502_155726,PCPA,T1,standard,hci_substudy_v2,1,telemetry_v4,flanker,1,formal_block_2,formal,2,13,45,formal,congruent,1777708646,151.361,2026-05-02T15:59:28.353,0,0,0,1,117999.651,118013.871,congruent,left,left,<<<<<,s,s,1,871.577,118996.909,none,,118099.651,118125.332,118996.909,3000,871.577,118996.909,"[{""stage_name"": ""fixation"", ""planned_duration_ms"": 100, ""intended_onset_ms"": 117999.651, ""actual_onset_global_ms"": 118013.871, ""actual_offset_global_ms"": 118114.085, ""actual_duration_ms"": 100.214}, {""stage_name"": ""stimulus"", ""planned_duration_ms"": 3000, ""intended_onset_ms"": 118099.651, ""actual_onset_global_ms"": 118125.332, ""actual_offset_global_ms"": 118996.909, ""actual_duration_ms"": 871.577}]",,,,,,,,,,,,,,,,,,,,,,,,,,,,,,,,,,,,,,,,,,,,,,,,,,,,,,,,,,,,,,,,,,,,,,,,,,,
011,011_T1_20260502_155726,PCPA,T1,standard,hci_substudy_v2,1,telemetry_v4,flanker,1,formal_block_2,formal,2,14,46,formal,congruent,1777708646,151.361,2026-05-02T15:59:29.360,0,0,0,1,119007.464,119025.183,congruent,right,right,>>>>>,j,j,1,858.864,119992.515,none,,119107.464,119133.651,119992.515,3000,858.864,119992.515,"[{""stage_name"": ""fixation"", ""planned_duration_ms"": 100, ""intended_onset_ms"": 119007.464, ""actual_onset_global_ms"": 119025.183, ""actual_offset_global_ms"": 119122.705, ""actual_duration_ms"": 97.522}, {""stage_name"": ""stimulus"", ""planned_duration_ms"": 3000, ""intended_onset_ms"": 119107.464, ""actual_onset_global_ms"": 119133.651, ""actual_offset_global_ms"": 119992.515, ""actual_duration_ms"": 858.864}]",,,,,,,,,,,,,,,,,,,,,,,,,,,,,,,,,,,,,,,,,,,,,,,,,,,,,,,,,,,,,,,,,,,,,,,,,,,
011,011_T1_20260502_155726,PCPA,T1,standard,hci_substudy_v2,1,telemetry_v4,flanker,1,formal_block_2,formal,2,15,47,formal,incongruent,1777708646,151.361,2026-05-02T15:59:30.362,0,0,0,1,120008.349,120023.491,incongruent,left,right,>><>>,s,s,1,978.765,121113.27,none,,120108.349,120134.505,121113.27,3000,978.765,121113.27,"[{""stage_name"": ""fixation"", ""planned_duration_ms"": 100, ""intended_onset_ms"": 120008.349, ""actual_onset_global_ms"": 120023.491, ""actual_offset_global_ms"": 120122.942, ""actual_duration_ms"": 99.451}, {""stage_name"": ""stimulus"", ""planned_duration_ms"": 3000, ""intended_onset_ms"": 120108.349, ""actual_onset_global_ms"": 120134.505, ""actual_offset_global_ms"": 121113.27, ""actual_duration_ms"": 978.765}]",,,,,,,,,,,,,,,,,,,,,,,,,,,,,,,,,,,,,,,,,,,,,,,,,,,,,,,,,,,,,,,,,,,,,,,,,,,
011,011_T1_20260502_155726,PCPA,T1,standard,hci_substudy_v2,1,telemetry_v4,flanker,1,formal_block_2,formal,2,16,48,formal,congruent,1777708646,151.361,2026-05-02T15:59:31.476,0,0,0,1,121123.049,121140.628,congruent,right,right,>>>>>,j,j,1,4042.139,125295.864,none,,121223.049,121253.725,125295.864,3000,4042.139,125295.864,"[{""stage_name"": ""fixation"", ""planned_duration_ms"": 100, ""intended_onset_ms"": 121123.049, ""actual_onset_global_ms"": 121140.628, ""actual_offset_global_ms"": 121241.878, ""actual_duration_ms"": 101.25}, {""stage_name"": ""stimulus"", ""planned_duration_ms"": 3000, ""intended_onset_ms"": 121223.049, ""actual_onset_global_ms"": 121253.725, ""actual_offset_global_ms"": 125295.864, ""actual_duration_ms"": 4042.139}]",,,,,,,,,,,,,,,,,,,,,,,,,,,,,,,,,,,,,,,,,,,,,,,,,,,,,,,,,,,,,,,,,,,,,,,,,,,
011,011_T1_20260502_155726,PCPA,T1,standard,hci_substudy_v2,1,telemetry_v4,flanker,1,formal_block_2,formal,2,17,49,formal,incongruent,1777708646,151.361,2026-05-02T15:59:35.661,0,0,0,1,125308.074,125322.755,incongruent,right,left,<<><<,j,j,1,2329.275,127760.852,none,,125408.074,125431.577,127760.852,3000,2329.275,127760.852,"[{""stage_name"": ""fixation"", ""planned_duration_ms"": 100, ""intended_onset_ms"": 125308.074, ""actual_onset_global_ms"": 125322.755, ""actual_offset_global_ms"": 125420.377, ""actual_duration_ms"": 97.622}, {""stage_name"": ""stimulus"", ""planned_duration_ms"": 3000, ""intended_onset_ms"": 125408.074, ""actual_onset_global_ms"": 125431.577, ""actual_offset_global_ms"": 127760.852, ""actual_duration_ms"": 2329.275}]",,,,,,,,,,,,,,,,,,,,,,,,,,,,,,,,,,,,,,,,,,,,,,,,,,,,,,,,,,,,,,,,,,,,,,,,,,,
011,011_T1_20260502_155726,PCPA,T1,standard,hci_substudy_v2,1,telemetry_v4,flanker,1,formal_block_2,formal,2,18,50,formal,incongruent,1777708646,151.361,2026-05-02T15:59:38.124,0,0,0,1,127770.694,127788.386,incongruent,left,right,>><>>,s,s,1,863.08,128758.659,none,,127870.694,127895.579,128758.659,3000,863.08,128758.659,"[{""stage_name"": ""fixation"", ""planned_duration_ms"": 100, ""intended_onset_ms"": 127770.694, ""actual_onset_global_ms"": 127788.386, ""actual_offset_global_ms"": 127884.921, ""actual_duration_ms"": 96.535}, {""stage_name"": ""stimulus"", ""planned_duration_ms"": 3000, ""intended_onset_ms"": 127870.694, ""actual_onset_global_ms"": 127895.579, ""actual_offset_global_ms"": 128758.659, ""actual_duration_ms"": 863.08}]",,,,,,,,,,,,,,,,,,,,,,,,,,,,,,,,,,,,,,,,,,,,,,,,,,,,,,,,,,,,,,,,,,,,,,,,,,,
011,011_T1_20260502_155726,PCPA,T1,standard,hci_substudy_v2,1,telemetry_v4,flanker,1,formal_block_2,formal,2,19,51,formal,congruent,1777708646,151.361,2026-05-02T15:59:39.128,0,0,0,1,128775.157,128791.827,congruent,left,left,<<<<<,s,s,1,582.897,129480.983,none,,128875.157,128898.086,129480.983,3000,582.897,129480.983,"[{""stage_name"": ""fixation"", ""planned_duration_ms"": 100, ""intended_onset_ms"": 128775.157, ""actual_onset_global_ms"": 128791.827, ""actual_offset_global_ms"": 128887.446, ""actual_duration_ms"": 95.619}, {""stage_name"": ""stimulus"", ""planned_duration_ms"": 3000, ""intended_onset_ms"": 128875.157, ""actual_onset_global_ms"": 128898.086, ""actual_offset_global_ms"": 129480.983, ""actual_duration_ms"": 582.897}]",,,,,,,,,,,,,,,,,,,,,,,,,,,,,,,,,,,,,,,,,,,,,,,,,,,,,,,,,,,,,,,,,,,,,,,,,,,
011,011_T1_20260502_155726,PCPA,T1,standard,hci_substudy_v2,1,telemetry_v4,flanker,1,formal_block_2,formal,2,20,52,formal,incongruent,1777708646,151.361,2026-05-02T15:59:39.844,0,0,0,1,129490.515,129505.259,incongruent,left,right,>><>>,s,s,1,791.74,130407.684,none,,129590.515,129615.944,130407.684,3000,791.74,130407.684,"[{""stage_name"": ""fixation"", ""planned_duration_ms"": 100, ""intended_onset_ms"": 129490.515, ""actual_onset_global_ms"": 129505.259, ""actual_offset_global_ms"": 129605.394, ""actual_duration_ms"": 100.135}, {""stage_name"": ""stimulus"", ""planned_duration_ms"": 3000, ""intended_onset_ms"": 129590.515, ""actual_onset_global_ms"": 129615.944, ""actual_offset_global_ms"": 130407.684, ""actual_duration_ms"": 791.74}]",,,,,,,,,,,,,,,,,,,,,,,,,,,,,,,,,,,,,,,,,,,,,,,,,,,,,,,,,,,,,,,,,,,,,,,,,,,
011,011_T1_20260502_155726,PCPA,T1,standard,hci_substudy_v2,1,telemetry_v4,dccs,2,pre_switch_practice,practice,1,1,1,practice,color,1777708646,151.361,2026-05-02T15:59:48.501,0,0,0,1,138148.175,138227.596,,,,,j,j,1,3180.753,142686.84,correct,1.0,138748.175,139506.087,142686.84,3000,3180.753,142836.84,"[{""stage_name"": ""fixation"", ""planned_duration_ms"": 100, ""intended_onset_ms"": 138148.175, ""actual_onset_global_ms"": 138227.596, ""actual_offset_global_ms"": 138262.778, ""actual_duration_ms"": 35.182}, {""stage_name"": ""cue"", ""planned_duration_ms"": 500, ""intended_onset_ms"": 138248.175, ""actual_onset_global_ms"": 138276.604, ""actual_offset_global_ms"": 139497.695, ""actual_duration_ms"": 1221.091}, {""stage_name"": ""stimulus"", ""planned_duration_ms"": 3000, ""intended_onset_ms"": 138748.175, ""actual_onset_global_ms"": 139506.087, ""actual_offset_global_ms"": 142686.84, ""actual_duration_ms"": 3180.753}, {""stage_name"": ""feedback"", ""planned_duration_ms"": 150, ""intended_onset_ms"": 142686.84, ""actual_onset_global_ms"": 142720.423, ""actual_offset_global_ms"": 142861.992, ""actual_duration_ms"": 141.569}]",correct.wav,142702.199,150.0,143202.199,0.0,none,,,0.0,0.0,none,0.0,0.0,0.0,0.0,,,0.0,none,none,0.0,color,cue_color.wav,颜色,138276.755,500.0,138973.318,red,rabbit,red_rabbit,practice,,color,4410.236,,,,,,,,,,,,,,,,,,,,,,,,,,,,,,,,,,,,,,,,,
011,011_T1_20260502_155726,PCPA,T1,standard,hci_substudy_v2,1,telemetry_v4,dccs,2,pre_switch_practice,practice,1,2,2,practice,color,1777708646,151.361,2026-05-02T15:59:53.212,0,0,0,1,142859.562,142874.349,,,,,s,s,1,1751.151,145981.254,correct,1.0,143459.562,144230.103,145981.254,3000,1751.151,146131.254,"[{""stage_name"": ""fixation"", ""planned_duration_ms"": 100, ""intended_onset_ms"": 142859.562, ""actual_onset_global_ms"": 142874.349, ""actual_offset_global_ms"": 142972.676, ""actual_duration_ms"": 98.327}, {""stage_name"": ""cue"", ""planned_duration_ms"": 500, ""intended_onset_ms"": 142959.562, ""actual_onset_global_ms"": 142982.125, ""actual_offset_global_ms"": 144221.358, ""actual_duration_ms"": 1239.233}, {""stage_name"": ""stimulus"", ""planned_duration_ms"": 3000, ""intended_onset_ms"": 143459.562, ""actual_onset_global_ms"": 144230.103, ""actual_offset_global_ms"": 145981.254, ""actual_duration_ms"": 1751.151}, {""stage_name"": ""feedback"", ""planned_duration_ms"": 150, ""intended_onset_ms"": 145981.254, ""actual_onset_global_ms"": 146003.615, ""actual_offset_global_ms"": 146148.517, ""actual_duration_ms"": 144.902}]",correct.wav,145987.365,150.0,146487.365,0.0,none,,,0.0,0.0,none,0.0,0.0,0.0,0.0,,,0.0,none,none,0.0,color,cue_color.wav,颜色,142982.291,500.0,143678.853,blue,boat,blue_boat,practice,,color,2999.129,,,,,,,,,,,,,,,,,,,,,,,,,,,,,,,,,,,,,,,,,
011,011_T1_20260502_155726,PCPA,T1,standard,hci_substudy_v2,1,telemetry_v4,dccs,2,pre_switch_practice,practice,1,3,3,practice,color,1777708646,151.361,2026-05-02T15:59:56.501,0,0,0,1,146148.209,146168.321,,,,,j,j,1,2885.001,150377.842,correct,1.0,146748.209,147492.841,150377.842,3000,2885.001,150527.842,"[{""stage_name"": ""fixation"", ""planned_duration_ms"": 100, ""intended_onset_ms"": 146148.209, ""actual_onset_global_ms"": 146168.321, ""actual_offset_global_ms"": 146254.889, ""actual_duration_ms"": 86.568}, {""stage_name"": ""cue"", ""planned_duration_ms"": 500, ""intended_onset_ms"": 146248.209, ""actual_onset_global_ms"": 146267.297, ""actual_offset_global_ms"": 147482.68, ""actual_duration_ms"": 1215.383}, {""stage_name"": ""stimulus"", ""planned_duration_ms"": 3000, ""intended_onset_ms"": 146748.209, ""actual_onset_global_ms"": 147492.841, ""actual_offset_global_ms"": 150377.842, ""actual_duration_ms"": 2885.001}, {""stage_name"": ""feedback"", ""planned_duration_ms"": 150, ""intended_onset_ms"": 150377.842, ""actual_onset_global_ms"": 150399.186, ""actual_offset_global_ms"": 150542.982, ""actual_duration_ms"": 143.796}]",correct.wav,150383.092,150.0,150883.092,0.0,none,,,0.0,0.0,none,0.0,0.0,0.0,0.0,,,0.0,none,none,0.0,color,cue_color.wav,颜色,146267.552,500.0,146964.114,red,boat,red_boat,practice,,color,4110.545,,,,,,,,,,,,,,,,,,,,,,,,,,,,,,,,,,,,,,,,,
011,011_T1_20260502_155726,PCPA,T1,standard,hci_substudy_v2,1,telemetry_v4,dccs,2,pre_switch_practice,practice,1,4,4,practice,color,1777708646,151.361,2026-05-02T16:00:00.894,0,0,0,1,150540.66,150556.958,,,,,s,s,1,769.297,152689.958,correct,1.0,151140.66,151920.661,152689.958,3000,769.297,152839.958,"[{""stage_name"": ""fixation"", ""planned_duration_ms"": 100, ""intended_onset_ms"": 150540.66, ""actual_onset_global_ms"": 150556.958, ""actual_offset_global_ms"": 150658.335, ""actual_duration_ms"": 101.377}, {""stage_name"": ""cue"", ""planned_duration_ms"": 500, ""intended_onset_ms"": 150640.66, ""actual_onset_global_ms"": 150668.173, ""actual_offset_global_ms"": 151911.888, ""actual_duration_ms"": 1243.715}, {""stage_name"": ""stimulus"", ""planned_duration_ms"": 3000, ""intended_onset_ms"": 151140.66, ""actual_onset_global_ms"": 151920.661, ""actual_offset_global_ms"": 152689.958, ""actual_duration_ms"": 769.297}, {""stage_name"": ""feedback"", ""planned_duration_ms"": 150, ""intended_onset_ms"": 152689.958, ""actual_onset_global_ms"": 152716.796, ""actual_offset_global_ms"": 152858.96, ""actual_duration_ms"": 142.164}]",correct.wav,152701.654,150.0,153201.654,0.0,none,,,0.0,0.0,none,0.0,0.0,0.0,0.0,,,0.0,none,none,0.0,color,cue_color.wav,颜色,150668.39,500.0,151364.953,blue,rabbit,blue_rabbit,practice,,color,2021.785,,,,,,,,,,,,,,,,,,,,,,,,,,,,,,,,,,,,,,,,,
011,011_T1_20260502_155726,PCPA,T1,standard,hci_substudy_v2,1,telemetry_v4,dccs,2,pre_switch_practice,practice,1,5,5,practice,color,1777708646,151.361,2026-05-02T16:00:03.209,0,0,0,1,152855.88,152873.464,,,,,j,j,1,324.313,154553.804,correct,1.0,153455.88,154229.491,154553.804,3000,324.313,154703.804,"[{""stage_name"": ""fixation"", ""planned_duration_ms"": 100, ""intended_onset_ms"": 152855.88, ""actual_onset_global_ms"": 152873.464, ""actual_offset_global_ms"": 152973.426, ""actual_duration_ms"": 99.962}, {""stage_name"": ""cue"", ""planned_duration_ms"": 500, ""intended_onset_ms"": 152955.88, ""actual_onset_global_ms"": 152984.399, ""actual_offset_global_ms"": 154220.613, ""actual_duration_ms"": 1236.214}, {""stage_name"": ""stimulus"", ""planned_duration_ms"": 3000, ""intended_onset_ms"": 153455.88, ""actual_onset_global_ms"": 154229.491, ""actual_offset_global_ms"": 154553.804, ""actual_duration_ms"": 324.313}, {""stage_name"": ""feedback"", ""planned_duration_ms"": 150, ""intended_onset_ms"": 154553.804, ""actual_onset_global_ms"": 154586.276, ""actual_offset_global_ms"": 154729.806, ""actual_duration_ms"": 143.53}]",correct.wav,154569.587,150.0,155069.587,0.0,none,,,0.0,0.0,none,0.0,0.0,0.0,0.0,,,0.0,none,none,0.0,color,cue_color.wav,颜色,152984.656,500.0,153681.218,red,boat,red_boat,practice,,color,1569.405,,,,,,,,,,,,,,,,,,,,,,,,,,,,,,,,,,,,,,,,,
011,011_T1_20260502_155726,PCPA,T1,standard,hci_substudy_v2,1,telemetry_v4,dccs,2,pre_switch_practice,practice,1,6,6,practice,color,1777708646,151.361,2026-05-02T16:00:05.081,0,0,0,1,154728.007,154744.363,,,,,s,s,1,1117.041,157226.644,correct,1.0,155328.007,156109.603,157226.644,3000,1117.041,157376.644,"[{""stage_name"": ""fixation"", ""planned_duration_ms"": 100, ""intended_onset_ms"": 154728.007, ""actual_onset_global_ms"": 154744.363, ""actual_offset_global_ms"": 154837.688, ""actual_duration_ms"": 93.325}, {""stage_name"": ""cue"", ""planned_duration_ms"": 500, ""intended_onset_ms"": 154828.007, ""actual_onset_global_ms"": 154848.779, ""actual_offset_global_ms"": 156100.018, ""actual_duration_ms"": 1251.239}, {""stage_name"": ""stimulus"", ""planned_duration_ms"": 3000, ""intended_onset_ms"": 155328.007, ""actual_onset_global_ms"": 156109.603, ""actual_offset_global_ms"": 157226.644, ""actual_duration_ms"": 1117.041}, {""stage_name"": ""feedback"", ""planned_duration_ms"": 150, ""intended_onset_ms"": 157226.644, ""actual_onset_global_ms"": 157253.614, ""actual_offset_global_ms"": 157397.384, ""actual_duration_ms"": 143.77}]",correct.wav,157236.711,150.0,157736.711,0.0,none,,,0.0,0.0,none,0.0,0.0,0.0,0.0,,,0.0,none,none,0.0,color,cue_color.wav,颜色,154848.944,500.0,155545.506,blue,rabbit,blue_rabbit,practice,,color,2377.865,,,,,,,,,,,,,,,,,,,,,,,,,,,,,,,,,,,,,,,,,
011,011_T1_20260502_155726,PCPA,T1,standard,hci_substudy_v2,1,telemetry_v4,dccs,2,post_switch_practice,practice,2,1,7,practice,shape,1777708646,151.361,2026-05-02T16:00:10.453,0,0,0,1,160099.84,160120.085,,,,,s,s,1,3372.807,164907.847,correct,1.0,160699.84,161535.04,164907.847,3000,3372.807,165057.847,"[{""stage_name"": ""fixation"", ""planned_duration_ms"": 100, ""intended_onset_ms"": 160099.84, ""actual_onset_global_ms"": 160120.085, ""actual_offset_global_ms"": 160211.386, ""actual_duration_ms"": 91.301}, {""stage_name"": ""cue"", ""planned_duration_ms"": 500, ""intended_onset_ms"": 160199.84, ""actual_onset_global_ms"": 160226.215, ""actual_offset_global_ms"": 161523.903, ""actual_duration_ms"": 1297.688}, {""stage_name"": ""stimulus"", ""planned_duration_ms"": 3000, ""intended_onset_ms"": 160699.84, ""actual_onset_global_ms"": 161535.04, ""actual_offset_global_ms"": 164907.847, ""actual_duration_ms"": 3372.807}, {""stage_name"": ""feedback"", ""planned_duration_ms"": 150, ""intended_onset_ms"": 164907.847, ""actual_onset_global_ms"": 164939.136, ""actual_offset_global_ms"": 165086.376, ""actual_duration_ms"": 147.24}]",correct.wav,164923.462,150.0,165423.462,0.0,none,,,0.0,0.0,none,0.0,0.0,0.0,0.0,,,0.0,none,none,0.0,shape,cue_shape.wav,形状,160226.417,500.0,160992.667,red,rabbit,red_rabbit,practice,,shape,4681.632,,,,,,,,,,,,,,,,,,,,,,,,,,,,,,,,,,,,,,,,,
011,011_T1_20260502_155726,PCPA,T1,standard,hci_substudy_v2,1,telemetry_v4,dccs,2,post_switch_practice,practice,2,2,8,practice,shape,1777708646,151.361,2026-05-02T16:00:15.438,0,0,0,1,165084.744,165105.47,,,,,s,s,1,957.133,167494.702,correct,1.0,165684.744,166537.569,167494.702,3000,957.133,167644.702,"[{""stage_name"": ""fixation"", ""planned_duration_ms"": 100, ""intended_onset_ms"": 165084.744, ""actual_onset_global_ms"": 165105.47, ""actual_offset_global_ms"": 165207.896, ""actual_duration_ms"": 102.426}, {""stage_name"": ""cue"", ""planned_duration_ms"": 500, ""intended_onset_ms"": 165184.744, ""actual_onset_global_ms"": 165218.522, ""actual_offset_global_ms"": 166528.029, ""actual_duration_ms"": 1309.507}, {""stage_name"": ""stimulus"", ""planned_duration_ms"": 3000, ""intended_onset_ms"": 165684.744, ""actual_onset_global_ms"": 166537.569, ""actual_offset_global_ms"": 167494.702, ""actual_duration_ms"": 957.133}, {""stage_name"": ""feedback"", ""planned_duration_ms"": 150, ""intended_onset_ms"": 167494.702, ""actual_onset_global_ms"": 167523.402, ""actual_offset_global_ms"": 167671.936, ""actual_duration_ms"": 148.534}]",correct.wav,167507.681,150.0,168007.681,0.0,none,,,0.0,0.0,none,0.0,0.0,0.0,0.0,,,0.0,none,none,0.0,shape,cue_shape.wav,形状,165218.686,500.0,165984.936,blue,rabbit,blue_rabbit,practice,,shape,2276.18,,,,,,,,,,,,,,,,,,,,,,,,,,,,,,,,,,,,,,,,,
011,011_T1_20260502_155726,PCPA,T1,standard,hci_substudy_v2,1,telemetry_v4,dccs,2,post_switch_practice,practice,2,3,9,practice,shape,1777708646,151.361,2026-05-02T16:00:18.023,0,0,0,1,167670.109,167685.581,,,,,j,j,1,488.673,169599.361,correct,1.0,168270.109,169110.688,169599.361,3000,488.673,169749.361,"[{""stage_name"": ""fixation"", ""planned_duration_ms"": 100, ""intended_onset_ms"": 167670.109, ""actual_onset_global_ms"": 167685.581, ""actual_offset_global_ms"": 167790.561, ""actual_duration_ms"": 104.98}, {""stage_name"": ""cue"", ""planned_duration_ms"": 500, ""intended_onset_ms"": 167770.109, ""actual_onset_global_ms"": 167801.307, ""actual_offset_global_ms"": 169101.91, ""actual_duration_ms"": 1300.603}, {""stage_name"": ""stimulus"", ""planned_duration_ms"": 3000, ""intended_onset_ms"": 168270.109, ""actual_onset_global_ms"": 169110.688, ""actual_offset_global_ms"": 169599.361, ""actual_duration_ms"": 488.673}, {""stage_name"": ""feedback"", ""planned_duration_ms"": 150, ""intended_onset_ms"": 169599.361, ""actual_onset_global_ms"": 169618.855, ""actual_offset_global_ms"": 169770.942, ""actual_duration_ms"": 152.087}]",correct.wav,169600.899,150.0,170100.899,0.0,none,,,0.0,0.0,none,0.0,0.0,0.0,0.0,,,0.0,none,none,0.0,shape,cue_shape.wav,形状,167801.558,500.0,168567.808,blue,boat,blue_boat,practice,,shape,1798.054,,,,,,,,,,,,,,,,,,,,,,,,,,,,,,,,,,,,,,,,,
011,011_T1_20260502_155726,PCPA,T1,standard,hci_substudy_v2,1,telemetry_v4,dccs,2,post_switch_practice,practice,2,4,10,practice,shape,1777708646,151.361,2026-05-02T16:00:20.122,0,0,0,1,169768.913,169785.67,,,,,j,j,1,1191.136,172394.851,correct,1.0,170368.913,171203.715,172394.851,3000,1191.136,172544.851,"[{""stage_name"": ""fixation"", ""planned_duration_ms"": 100, ""intended_onset_ms"": 169768.913, ""actual_onset_global_ms"": 169785.67, ""actual_offset_global_ms"": 169891.34, ""actual_duration_ms"": 105.67}, {""stage_name"": ""cue"", ""planned_duration_ms"": 500, ""intended_onset_ms"": 169868.913, ""actual_onset_global_ms"": 169902.537, ""actual_offset_global_ms"": 171194.558, ""actual_duration_ms"": 1292.021}, {""stage_name"": ""stimulus"", ""planned_duration_ms"": 3000, ""intended_onset_ms"": 170368.913, ""actual_onset_global_ms"": 171203.715, ""actual_offset_global_ms"": 172394.851, ""actual_duration_ms"": 1191.136}, {""stage_name"": ""feedback"", ""planned_duration_ms"": 150, ""intended_onset_ms"": 172394.851, ""actual_onset_global_ms"": 172413.724, ""actual_offset_global_ms"": 172563.11, ""actual_duration_ms"": 149.386}]",correct.wav,172396.376,150.0,172896.376,0.0,none,,,0.0,0.0,none,0.0,0.0,0.0,0.0,,,0.0,none,none,0.0,shape,cue_shape.wav,形状,169902.724,500.0,170668.974,red,boat,red_boat,practice,,shape,2492.314,,,,,,,,,,,,,,,,,,,,,,,,,,,,,,,,,,,,,,,,,
011,011_T1_20260502_155726,PCPA,T1,standard,hci_substudy_v2,1,telemetry_v4,dccs,2,post_switch_practice,practice,2,5,11,practice,shape,1777708646,151.361,2026-05-02T16:00:22.914,0,0,0,1,172561.45,172576.674,,,,,s,s,1,712.905,174717.625,correct,1.0,173161.45,174004.72,174717.625,3000,712.905,174867.625,"[{""stage_name"": ""fixation"", ""planned_duration_ms"": 100, ""intended_onset_ms"": 172561.45, ""actual_onset_global_ms"": 172576.674, ""actual_offset_global_ms"": 172680.748, ""actual_duration_ms"": 104.074}, {""stage_name"": ""cue"", ""planned_duration_ms"": 500, ""intended_onset_ms"": 172661.45, ""actual_onset_global_ms"": 172690.809, ""actual_offset_global_ms"": 173994.885, ""actual_duration_ms"": 1304.076}, {""stage_name"": ""stimulus"", ""planned_duration_ms"": 3000, ""intended_onset_ms"": 173161.45, ""actual_onset_global_ms"": 174004.72, ""actual_offset_global_ms"": 174717.625, ""actual_duration_ms"": 712.905}, {""stage_name"": ""feedback"", ""planned_duration_ms"": 150, ""intended_onset_ms"": 174717.625, ""actual_onset_global_ms"": 174751.934, ""actual_offset_global_ms"": 174903.631, ""actual_duration_ms"": 151.697}]",correct.wav,174733.948,150.0,175233.948,0.0,none,,,0.0,0.0,none,0.0,0.0,0.0,0.0,,,0.0,none,none,0.0,shape,cue_shape.wav,形状,172690.97,500.0,173457.22,blue,rabbit,blue_rabbit,practice,,shape,2026.816,,,,,,,,,,,,,,,,,,,,,,,,,,,,,,,,,,,,,,,,,
011,011_T1_20260502_155726,PCPA,T1,standard,hci_substudy_v2,1,telemetry_v4,dccs,2,post_switch_practice,practice,2,6,12,practice,shape,1777708646,151.361,2026-05-02T16:00:25.255,0,0,0,1,174901.849,174917.044,,,,,j,j,1,3069.626,179389.742,correct,1.0,175501.849,176320.116,179389.742,3000,3069.626,179539.742,"[{""stage_name"": ""fixation"", ""planned_duration_ms"": 100, ""intended_onset_ms"": 174901.849, ""actual_onset_global_ms"": 174917.044, ""actual_offset_global_ms"": 175023.146, ""actual_duration_ms"": 106.102}, {""stage_name"": ""cue"", ""planned_duration_ms"": 500, ""intended_onset_ms"": 175001.849, ""actual_onset_global_ms"": 175033.57, ""actual_offset_global_ms"": 176311.114, ""actual_duration_ms"": 1277.544}, {""stage_name"": ""stimulus"", ""planned_duration_ms"": 3000, ""intended_onset_ms"": 175501.849, ""actual_onset_global_ms"": 176320.116, ""actual_offset_global_ms"": 179389.742, ""actual_duration_ms"": 3069.626}, {""stage_name"": ""feedback"", ""planned_duration_ms"": 150, ""intended_onset_ms"": 179389.742, ""actual_onset_global_ms"": 179412.718, ""actual_offset_global_ms"": 179560.46, ""actual_duration_ms"": 147.742}]",correct.wav,179392.296,150.0,179892.296,0.0,none,,,0.0,0.0,none,0.0,0.0,0.0,0.0,,,0.0,none,none,0.0,shape,cue_shape.wav,形状,175033.741,500.0,175799.991,red,boat,red_boat,practice,,shape,4356.172,,,,,,,,,,,,,,,,,,,,,,,,,,,,,,,,,,,,,,,,,
011,011_T1_20260502_155726,PCPA,T1,standard,hci_substudy_v2,1,telemetry_v4,dccs,2,mixed_formal,formal,1,1,13,formal,color,1777708646,151.361,2026-05-02T16:00:33.486,0,0,0,1,183133.02,183152.04,,,,,s,s,1,3969.936,188461.934,none,,183733.02,184491.998,188461.934,3000,3969.936,188461.934,"[{""stage_name"": ""fixation"", ""planned_duration_ms"": 100, ""intended_onset_ms"": 183133.02, ""actual_onset_global_ms"": 183152.04, ""actual_offset_global_ms"": 183252.359, ""actual_duration_ms"": 100.319}, {""stage_name"": ""cue"", ""planned_duration_ms"": 500, ""intended_onset_ms"": 183233.02, ""actual_onset_global_ms"": 183262.034, ""actual_offset_global_ms"": 184482.953, ""actual_duration_ms"": 1220.919}, {""stage_name"": ""stimulus"", ""planned_duration_ms"": 3000, ""intended_onset_ms"": 183733.02, ""actual_onset_global_ms"": 184491.998, ""actual_offset_global_ms"": 188461.934, ""actual_duration_ms"": 3969.936}]",,,,,0.0,none,,,0.0,0.0,none,0.0,0.0,0.0,0.0,,,0.0,none,none,0.0,color,cue_color.wav,颜色,183262.226,500.0,183958.788,blue,boat,blue_boat,first,,color,5199.9,,,,,,,,,,,,,,,,,,,,,,,,,,,,,,,,,,,,,,,,,
011,011_T1_20260502_155726,PCPA,T1,standard,hci_substudy_v2,1,telemetry_v4,dccs,2,mixed_formal,formal,1,2,14,formal,color,1777708646,151.361,2026-05-02T16:00:38.832,0,0,0,1,188479.009,188493.5,,,,,j,j,1,1220.768,191068.262,none,,189079.009,189847.494,191068.262,3000,1220.768,191068.262,"[{""stage_name"": ""fixation"", ""planned_duration_ms"": 100, ""intended_onset_ms"": 188479.009, ""actual_onset_global_ms"": 188493.5, ""actual_offset_global_ms"": 188592.671, ""actual_duration_ms"": 99.171}, {""stage_name"": ""cue"", ""planned_duration_ms"": 500, ""intended_onset_ms"": 188579.009, ""actual_onset_global_ms"": 188603.571, ""actual_offset_global_ms"": 189838.401, ""actual_duration_ms"": 1234.83}, {""stage_name"": ""stimulus"", ""planned_duration_ms"": 3000, ""intended_onset_ms"": 189079.009, ""actual_onset_global_ms"": 189847.494, ""actual_offset_global_ms"": 191068.262, ""actual_duration_ms"": 1220.768}]",,,,,0.0,none,,,0.0,0.0,none,0.0,0.0,0.0,0.0,,,0.0,none,none,0.0,color,cue_color.wav,颜色,188603.708,500.0,189300.271,red,rabbit,red_rabbit,repeat,color,color,2464.691,,,,,,,,,,,,,,,,,,,,,,,,,,,,,,,,,,,,,,,,,
011,011_T1_20260502_155726,PCPA,T1,standard,hci_substudy_v2,1,telemetry_v4,dccs,2,mixed_formal,formal,1,3,15,formal,color,1777708646,151.361,2026-05-02T16:00:41.433,0,0,0,1,191079.724,191096.855,,,,,j,j,1,860.753,193348.942,none,,191679.724,192488.189,193348.942,3000,860.753,193348.942,"[{""stage_name"": ""fixation"", ""planned_duration_ms"": 100, ""intended_onset_ms"": 191079.724, ""actual_onset_global_ms"": 191096.855, ""actual_offset_global_ms"": 191201.282, ""actual_duration_ms"": 104.427}, {""stage_name"": ""cue"", ""planned_duration_ms"": 500, ""intended_onset_ms"": 191179.724, ""actual_onset_global_ms"": 191213.348, ""actual_offset_global_ms"": 192479.681, ""actual_duration_ms"": 1266.333}, {""stage_name"": ""stimulus"", ""planned_duration_ms"": 3000, ""intended_onset_ms"": 191679.724, ""actual_onset_global_ms"": 192488.189, ""actual_offset_global_ms"": 193348.942, ""actual_duration_ms"": 860.753}]",,,,,0.0,none,,,0.0,0.0,none,0.0,0.0,0.0,0.0,,,0.0,none,none,0.0,color,cue_color.wav,颜色,191213.521,500.0,191910.084,red,rabbit,red_rabbit,repeat,color,color,2135.594,,,,,,,,,,,,,,,,,,,,,,,,,,,,,,,,,,,,,,,,,
011,011_T1_20260502_155726,PCPA,T1,standard,hci_substudy_v2,1,telemetry_v4,dccs,2,mixed_formal,formal,1,4,16,formal,shape,1777708646,151.361,2026-05-02T16:00:43.718,0,0,0,1,193365.275,193383.582,,,,,j,j,1,2456.312,197241.555,none,,193965.275,194785.243,197241.555,3000,2456.312,197241.555,"[{""stage_name"": ""fixation"", ""planned_duration_ms"": 100, ""intended_onset_ms"": 193365.275, ""actual_onset_global_ms"": 193383.582, ""actual_offset_global_ms"": 193472.964, ""actual_duration_ms"": 89.382}, {""stage_name"": ""cue"", ""planned_duration_ms"": 500, ""intended_onset_ms"": 193465.275, ""actual_onset_global_ms"": 193486.738, ""actual_offset_global_ms"": 194775.023, ""actual_duration_ms"": 1288.285}, {""stage_name"": ""stimulus"", ""planned_duration_ms"": 3000, ""intended_onset_ms"": 193965.275, ""actual_onset_global_ms"": 194785.243, ""actual_offset_global_ms"": 197241.555, ""actual_duration_ms"": 2456.312}]",,,,,0.0,none,,,0.0,0.0,none,0.0,0.0,0.0,0.0,,,0.0,none,none,0.0,shape,cue_shape.wav,形状,193487.021,500.0,194253.271,red,boat,red_boat,switch,color,shape,3754.817,,,,,,,,,,,,,,,,,,,,,,,,,,,,,,,,,,,,,,,,,
011,011_T1_20260502_155726,PCPA,T1,standard,hci_substudy_v2,1,telemetry_v4,dccs,2,mixed_formal,formal,1,5,17,formal,shape,1777708646,151.361,2026-05-02T16:00:47.606,0,0,0,1,197253.079,197269.551,,,,,s,s,1,1809.207,200527.219,none,,197853.079,198718.012,200527.219,3000,1809.207,200527.219,"[{""stage_name"": ""fixation"", ""planned_duration_ms"": 100, ""intended_onset_ms"": 197253.079, ""actual_onset_global_ms"": 197269.551, ""actual_offset_global_ms"": 197375.612, ""actual_duration_ms"": 106.061}, {""stage_name"": ""cue"", ""planned_duration_ms"": 500, ""intended_onset_ms"": 197353.079, ""actual_onset_global_ms"": 197387.083, ""actual_offset_global_ms"": 198708.043, ""actual_duration_ms"": 1320.96}, {""stage_name"": ""stimulus"", ""planned_duration_ms"": 3000, ""intended_onset_ms"": 197853.079, ""actual_onset_global_ms"": 198718.012, ""actual_offset_global_ms"": 200527.219, ""actual_duration_ms"": 1809.207}]",,,,,0.0,none,,,0.0,0.0,none,0.0,0.0,0.0,0.0,,,0.0,none,none,0.0,shape,cue_shape.wav,形状,197387.899,500.0,198154.149,blue,rabbit,blue_rabbit,repeat,shape,shape,3140.136,,,,,,,,,,,,,,,,,,,,,,,,,,,,,,,,,,,,,,,,,
011,011_T1_20260502_155726,PCPA,T1,standard,hci_substudy_v2,1,telemetry_v4,dccs,2,mixed_formal,formal,1,6,18,formal,color,1777708646,151.361,2026-05-02T16:00:50.888,0,0,0,1,200534.564,200551.96,,,,,j,j,1,517.365,202432.769,none,,201134.564,201915.404,202432.769,3000,517.365,202432.769,"[{""stage_name"": ""fixation"", ""planned_duration_ms"": 100, ""intended_onset_ms"": 200534.564, ""actual_onset_global_ms"": 200551.96, ""actual_offset_global_ms"": 200641.989, ""actual_duration_ms"": 90.029}, {""stage_name"": ""cue"", ""planned_duration_ms"": 500, ""intended_onset_ms"": 200634.564, ""actual_onset_global_ms"": 200655.17, ""actual_offset_global_ms"": 201905.864, ""actual_duration_ms"": 1250.694}, {""stage_name"": ""stimulus"", ""planned_duration_ms"": 3000, ""intended_onset_ms"": 201134.564, ""actual_onset_global_ms"": 201915.404, ""actual_offset_global_ms"": 202432.769, ""actual_duration_ms"": 517.365}]",,,,,0.0,none,,,0.0,0.0,none,0.0,0.0,0.0,0.0,,,0.0,none,none,0.0,color,cue_color.wav,颜色,200655.328,500.0,201351.891,red,boat,red_boat,switch,shape,color,1777.599,,,,,,,,,,,,,,,,,,,,,,,,,,,,,,,,,,,,,,,,,
011,011_T1_20260502_155726,PCPA,T1,standard,hci_substudy_v2,1,telemetry_v4,dccs,2,mixed_formal,formal,1,7,19,formal,shape,1777708646,151.361,2026-05-02T16:00:52.807,0,0,0,1,202453.519,202468.821,,,,,s,s,1,1098.637,204959.928,none,,203053.519,203861.291,204959.928,3000,1098.637,204959.928,"[{""stage_name"": ""fixation"", ""planned_duration_ms"": 100, ""intended_onset_ms"": 202453.519, ""actual_onset_global_ms"": 202468.821, ""actual_offset_global_ms"": 202572.503, ""actual_duration_ms"": 103.682}, {""stage_name"": ""cue"", ""planned_duration_ms"": 500, ""intended_onset_ms"": 202553.519, ""actual_onset_global_ms"": 202584.161, ""actual_offset_global_ms"": 203851.791, ""actual_duration_ms"": 1267.63}, {""stage_name"": ""stimulus"", ""planned_duration_ms"": 3000, ""intended_onset_ms"": 203053.519, ""actual_onset_global_ms"": 203861.291, ""actual_offset_global_ms"": 204959.928, ""actual_duration_ms"": 1098.637}]",,,,,0.0,none,,,0.0,0.0,none,0.0,0.0,0.0,0.0,,,0.0,none,none,0.0,shape,cue_shape.wav,形状,202584.336,500.0,203350.586,red,rabbit,red_rabbit,switch,color,shape,2375.767,,,,,,,,,,,,,,,,,,,,,,,,,,,,,,,,,,,,,,,,,
011,011_T1_20260502_155726,PCPA,T1,standard,hci_substudy_v2,1,telemetry_v4,dccs,2,mixed_formal,formal,1,8,20,formal,color,1777708646,151.361,2026-05-02T16:00:55.320,0,0,0,1,204967.214,204982.508,,,,,j,j,1,865.088,207185.251,none,,205567.214,206320.163,207185.251,3000,865.088,207185.251,"[{""stage_name"": ""fixation"", ""planned_duration_ms"": 100, ""intended_onset_ms"": 204967.214, ""actual_onset_global_ms"": 204982.508, ""actual_offset_global_ms"": 205080.985, ""actual_duration_ms"": 98.477}, {""stage_name"": ""cue"", ""planned_duration_ms"": 500, ""intended_onset_ms"": 205067.214, ""actual_onset_global_ms"": 205090.127, ""actual_offset_global_ms"": 206312.247, ""actual_duration_ms"": 1222.12}, {""stage_name"": ""stimulus"", ""planned_duration_ms"": 3000, ""intended_onset_ms"": 205567.214, ""actual_onset_global_ms"": 206320.163, ""actual_offset_global_ms"": 207185.251, ""actual_duration_ms"": 865.088}]",,,,,0.0,none,,,0.0,0.0,none,0.0,0.0,0.0,0.0,,,0.0,none,none,0.0,color,cue_color.wav,颜色,205090.294,500.0,205786.856,red,rabbit,red_rabbit,switch,shape,color,2095.124,,,,,,,,,,,,,,,,,,,,,,,,,,,,,,,,,,,,,,,,,
011,011_T1_20260502_155726,PCPA,T1,standard,hci_substudy_v2,1,telemetry_v4,dccs,2,mixed_formal,formal,1,9,21,formal,shape,1777708646,151.361,2026-05-02T16:00:57.551,0,0,0,1,207197.823,207214.23,,,,,s,s,1,641.616,209264.061,none,,207797.823,208622.445,209264.061,3000,641.616,209264.061,"[{""stage_name"": ""fixation"", ""planned_duration_ms"": 100, ""intended_onset_ms"": 207197.823, ""actual_onset_global_ms"": 207214.23, ""actual_offset_global_ms"": 207306.448, ""actual_duration_ms"": 92.218}, {""stage_name"": ""cue"", ""planned_duration_ms"": 500, ""intended_onset_ms"": 207297.823, ""actual_onset_global_ms"": 207318.193, ""actual_offset_global_ms"": 208613.227, ""actual_duration_ms"": 1295.034}, {""stage_name"": ""stimulus"", ""planned_duration_ms"": 3000, ""intended_onset_ms"": 207797.823, ""actual_onset_global_ms"": 208622.445, ""actual_offset_global_ms"": 209264.061, ""actual_duration_ms"": 641.616}]",,,,,0.0,none,,,0.0,0.0,none,0.0,0.0,0.0,0.0,,,0.0,none,none,0.0,shape,cue_shape.wav,形状,207318.384,500.0,208084.634,blue,rabbit,blue_rabbit,switch,color,shape,1945.868,,,,,,,,,,,,,,,,,,,,,,,,,,,,,,,,,,,,,,,,,
011,011_T1_20260502_155726,PCPA,T1,standard,hci_substudy_v2,1,telemetry_v4,dccs,2,mixed_formal,formal,1,10,22,formal,color,1777708646,151.361,2026-05-02T16:00:59.624,0,0,0,1,209271.212,209288.894,,,,,s,s,1,727.758,211399.811,none,,209871.212,210672.053,211399.811,3000,727.758,211399.811,"[{""stage_name"": ""fixation"", ""planned_duration_ms"": 100, ""intended_onset_ms"": 209271.212, ""actual_onset_global_ms"": 209288.894, ""actual_offset_global_ms"": 209392.025, ""actual_duration_ms"": 103.131}, {""stage_name"": ""cue"", ""planned_duration_ms"": 500, ""intended_onset_ms"": 209371.212, ""actual_onset_global_ms"": 209402.267, ""actual_offset_global_ms"": 210663.504, ""actual_duration_ms"": 1261.237}, {""stage_name"": ""stimulus"", ""planned_duration_ms"": 3000, ""intended_onset_ms"": 209871.212, ""actual_onset_global_ms"": 210672.053, ""actual_offset_global_ms"": 211399.811, ""actual_duration_ms"": 727.758}]",,,,,0.0,none,,,0.0,0.0,none,0.0,0.0,0.0,0.0,,,0.0,none,none,0.0,color,cue_color.wav,颜色,209402.459,500.0,210099.022,blue,rabbit,blue_rabbit,switch,shape,color,1997.544,,,,,,,,,,,,,,,,,,,,,,,,,,,,,,,,,,,,,,,,,
011,011_T1_20260502_155726,PCPA,T1,standard,hci_substudy_v2,1,telemetry_v4,dccs,2,mixed_formal,formal,1,11,23,formal,shape,1777708646,151.361,2026-05-02T16:01:01.760,0,0,0,1,211406.465,211425.072,,,,,j,j,1,4125.297,216970.44,none,,212006.465,212845.143,216970.44,3000,4125.297,216970.44,"[{""stage_name"": ""fixation"", ""planned_duration_ms"": 100, ""intended_onset_ms"": 211406.465, ""actual_onset_global_ms"": 211425.072, ""actual_offset_global_ms"": 211513.45, ""actual_duration_ms"": 88.378}, {""stage_name"": ""cue"", ""planned_duration_ms"": 500, ""intended_onset_ms"": 211506.465, ""actual_onset_global_ms"": 211526.57, ""actual_offset_global_ms"": 212835.571, ""actual_duration_ms"": 1309.001}, {""stage_name"": ""stimulus"", ""planned_duration_ms"": 3000, ""intended_onset_ms"": 212006.465, ""actual_onset_global_ms"": 212845.143, ""actual_offset_global_ms"": 216970.44, ""actual_duration_ms"": 4125.297}]",,,,,0.0,none,,,0.0,0.0,none,0.0,0.0,0.0,0.0,,,0.0,none,none,0.0,shape,cue_shape.wav,形状,211527.659,500.0,212293.909,red,boat,red_boat,switch,color,shape,5443.87,,,,,,,,,,,,,,,,,,,,,,,,,,,,,,,,,,,,,,,,,
011,011_T1_20260502_155726,PCPA,T1,standard,hci_substudy_v2,1,telemetry_v4,dccs,2,mixed_formal,formal,1,12,24,formal,color,1777708646,151.361,2026-05-02T16:01:07.339,0,0,0,1,216986.124,217000.735,,,,,j,s,0,201.125,218550.706,none,,217586.124,218349.581,218550.706,3000,201.125,218550.706,"[{""stage_name"": ""fixation"", ""planned_duration_ms"": 100, ""intended_onset_ms"": 216986.124, ""actual_onset_global_ms"": 217000.735, ""actual_offset_global_ms"": 217104.299, ""actual_duration_ms"": 103.564}, {""stage_name"": ""cue"", ""planned_duration_ms"": 500, ""intended_onset_ms"": 217086.124, ""actual_onset_global_ms"": 217114.238, ""actual_offset_global_ms"": 218340.523, ""actual_duration_ms"": 1226.285}, {""stage_name"": ""stimulus"", ""planned_duration_ms"": 3000, ""intended_onset_ms"": 217586.124, ""actual_onset_global_ms"": 218349.581, ""actual_offset_global_ms"": 218550.706, ""actual_duration_ms"": 201.125}]",,,,,0.0,none,,,0.0,0.0,none,0.0,0.0,0.0,0.0,,,0.0,none,none,0.0,color,cue_color.wav,颜色,217114.439,500.0,217811.002,red,boat,red_boat,switch,shape,color,1436.468,,,,,,,,,,,,,,,,,,,,,,,,,,,,,,,,,,,,,,,,,
011,011_T1_20260502_155726,PCPA,T1,standard,hci_substudy_v2,1,telemetry_v4,dccs,2,mixed_formal,formal,1,13,25,formal,shape,1777708646,151.361,2026-05-02T16:01:08.924,0,0,0,1,218570.694,218588.064,,,,,j,j,1,1836.302,221824.897,none,,219170.694,219988.595,221824.897,3000,1836.302,221824.897,"[{""stage_name"": ""fixation"", ""planned_duration_ms"": 100, ""intended_onset_ms"": 218570.694, ""actual_onset_global_ms"": 218588.064, ""actual_offset_global_ms"": 218677.666, ""actual_duration_ms"": 89.602}, {""stage_name"": ""cue"", ""planned_duration_ms"": 500, ""intended_onset_ms"": 218670.694, ""actual_onset_global_ms"": 218690.494, ""actual_offset_global_ms"": 219978.119, ""actual_duration_ms"": 1287.625}, {""stage_name"": ""stimulus"", ""planned_duration_ms"": 3000, ""intended_onset_ms"": 219170.694, ""actual_onset_global_ms"": 219988.595, ""actual_offset_global_ms"": 221824.897, ""actual_duration_ms"": 1836.302}]",,,,,0.0,none,,,0.0,0.0,none,0.0,0.0,0.0,0.0,,,0.0,none,none,0.0,shape,cue_shape.wav,形状,218690.666,500.0,219456.916,blue,boat,blue_boat,switch,color,shape,3134.403,,,,,,,,,,,,,,,,,,,,,,,,,,,,,,,,,,,,,,,,,
011,011_T1_20260502_155726,PCPA,T1,standard,hci_substudy_v2,1,telemetry_v4,dccs,2,mixed_formal,formal,1,14,26,formal,shape,1777708646,151.361,2026-05-02T16:01:12.186,0,0,0,1,221832.999,221849.097,,,,,s,s,1,1237.144,224516.574,none,,222432.999,223279.43,224516.574,3000,1237.144,224516.574,"[{""stage_name"": ""fixation"", ""planned_duration_ms"": 100, ""intended_onset_ms"": 221832.999, ""actual_onset_global_ms"": 221849.097, ""actual_offset_global_ms"": 221955.907, ""actual_duration_ms"": 106.81}, {""stage_name"": ""cue"", ""planned_duration_ms"": 500, ""intended_onset_ms"": 221932.999, ""actual_onset_global_ms"": 221967.304, ""actual_offset_global_ms"": 223269.433, ""actual_duration_ms"": 1302.129}, {""stage_name"": ""stimulus"", ""planned_duration_ms"": 3000, ""intended_onset_ms"": 222432.999, ""actual_onset_global_ms"": 223279.43, ""actual_offset_global_ms"": 224516.574, ""actual_duration_ms"": 1237.144}]",,,,,0.0,none,,,0.0,0.0,none,0.0,0.0,0.0,0.0,,,0.0,none,none,0.0,shape,cue_shape.wav,形状,221967.546,500.0,222733.796,red,rabbit,red_rabbit,repeat,shape,shape,2549.27,,,,,,,,,,,,,,,,,,,,,,,,,,,,,,,,,,,,,,,,,
011,011_T1_20260502_155726,PCPA,T1,standard,hci_substudy_v2,1,telemetry_v4,dccs,2,mixed_formal,formal,1,15,27,formal,color,1777708646,151.361,2026-05-02T16:01:14.886,0,0,0,1,224532.752,224549.218,,,,,j,j,1,591.274,226492.192,none,,225132.752,225900.918,226492.192,3000,591.274,226492.192,"[{""stage_name"": ""fixation"", ""planned_duration_ms"": 100, ""intended_onset_ms"": 224532.752, ""actual_onset_global_ms"": 224549.218, ""actual_offset_global_ms"": 224651.982, ""actual_duration_ms"": 102.764}, {""stage_name"": ""cue"", ""planned_duration_ms"": 500, ""intended_onset_ms"": 224632.752, ""actual_onset_global_ms"": 224662.124, ""actual_offset_global_ms"": 225892.015, ""actual_duration_ms"": 1229.891}, {""stage_name"": ""stimulus"", ""planned_duration_ms"": 3000, ""intended_onset_ms"": 225132.752, ""actual_onset_global_ms"": 225900.918, ""actual_offset_global_ms"": 226492.192, ""actual_duration_ms"": 591.274}]",,,,,0.0,none,,,0.0,0.0,none,0.0,0.0,0.0,0.0,,,0.0,none,none,0.0,color,cue_color.wav,颜色,224662.303,500.0,225358.866,red,boat,red_boat,switch,shape,color,1830.068,,,,,,,,,,,,,,,,,,,,,,,,,,,,,,,,,,,,,,,,,
011,011_T1_20260502_155726,PCPA,T1,standard,hci_substudy_v2,1,telemetry_v4,dccs,2,mixed_formal,formal,1,16,28,formal,color,1777708646,151.361,2026-05-02T16:01:16.852,0,0,0,1,226498.712,226515.969,,,,,s,s,1,693.988,228591.283,none,,227098.712,227897.295,228591.283,3000,693.988,228591.283,"[{""stage_name"": ""fixation"", ""planned_duration_ms"": 100, ""intended_onset_ms"": 226498.712, ""actual_onset_global_ms"": 226515.969, ""actual_offset_global_ms"": 226617.636, ""actual_duration_ms"": 101.667}, {""stage_name"": ""cue"", ""planned_duration_ms"": 500, ""intended_onset_ms"": 226598.712, ""actual_onset_global_ms"": 226628.149, ""actual_offset_global_ms"": 227888.49, ""actual_duration_ms"": 1260.341}, {""stage_name"": ""stimulus"", ""planned_duration_ms"": 3000, ""intended_onset_ms"": 227098.712, ""actual_onset_global_ms"": 227897.295, ""actual_offset_global_ms"": 228591.283, ""actual_duration_ms"": 693.988}]",,,,,0.0,none,,,0.0,0.0,none,0.0,0.0,0.0,0.0,,,0.0,none,none,0.0,color,cue_color.wav,颜色,226628.339,500.0,227324.902,blue,boat,blue_boat,repeat,color,color,1963.134,,,,,,,,,,,,,,,,,,,,,,,,,,,,,,,,,,,,,,,,,
011,011_T1_20260502_155726,PCPA,T1,standard,hci_substudy_v2,1,telemetry_v4,dccs,2,mixed_formal,formal,1,17,29,formal,shape,1777708646,151.361,2026-05-02T16:01:18.957,0,0,0,1,228604.017,228619.952,,,,,s,s,1,2137.387,232181.553,none,,229204.017,230044.166,232181.553,3000,2137.387,232181.553,"[{""stage_name"": ""fixation"", ""planned_duration_ms"": 100, ""intended_onset_ms"": 228604.017, ""actual_onset_global_ms"": 228619.952, ""actual_offset_global_ms"": 228713.348, ""actual_duration_ms"": 93.396}, {""stage_name"": ""cue"", ""planned_duration_ms"": 500, ""intended_onset_ms"": 228704.017, ""actual_onset_global_ms"": 228724.564, ""actual_offset_global_ms"": 230034.184, ""actual_duration_ms"": 1309.62}, {""stage_name"": ""stimulus"", ""planned_duration_ms"": 3000, ""intended_onset_ms"": 229204.017, ""actual_onset_global_ms"": 230044.166, ""actual_offset_global_ms"": 232181.553, ""actual_duration_ms"": 2137.387}]",,,,,0.0,none,,,0.0,0.0,none,0.0,0.0,0.0,0.0,,,0.0,none,none,0.0,shape,cue_shape.wav,形状,228725.503,500.0,229491.753,blue,rabbit,blue_rabbit,switch,color,shape,3456.989,,,,,,,,,,,,,,,,,,,,,,,,,,,,,,,,,,,,,,,,,
011,011_T1_20260502_155726,PCPA,T1,standard,hci_substudy_v2,1,telemetry_v4,dccs,2,mixed_formal,formal,1,18,30,formal,color,1777708646,151.361,2026-05-02T16:01:22.555,0,0,0,1,232201.678,232219.495,,,,,s,s,1,968.821,234585.89,none,,232801.678,233617.069,234585.89,3000,968.821,234585.89,"[{""stage_name"": ""fixation"", ""planned_duration_ms"": 100, ""intended_onset_ms"": 232201.678, ""actual_onset_global_ms"": 232219.495, ""actual_offset_global_ms"": 232322.758, ""actual_duration_ms"": 103.263}, {""stage_name"": ""cue"", ""planned_duration_ms"": 500, ""intended_onset_ms"": 232301.678, ""actual_onset_global_ms"": 232333.465, ""actual_offset_global_ms"": 233607.672, ""actual_duration_ms"": 1274.207}, {""stage_name"": ""stimulus"", ""planned_duration_ms"": 3000, ""intended_onset_ms"": 232801.678, ""actual_onset_global_ms"": 233617.069, ""actual_offset_global_ms"": 234585.89, ""actual_duration_ms"": 968.821}]",,,,,0.0,none,,,0.0,0.0,none,0.0,0.0,0.0,0.0,,,0.0,none,none,0.0,color,cue_color.wav,颜色,232333.659,500.0,233030.222,blue,rabbit,blue_rabbit,switch,shape,color,2252.425,,,,,,,,,,,,,,,,,,,,,,,,,,,,,,,,,,,,,,,,,
011,011_T1_20260502_155726,PCPA,T1,standard,hci_substudy_v2,1,telemetry_v4,dccs,2,mixed_formal,formal,1,19,31,formal,shape,1777708646,151.361,2026-05-02T16:01:24.947,0,0,0,1,234594.231,234610.458,,,,,j,j,1,4191.09,240240.733,none,,235194.231,236049.643,240240.733,3000,4191.09,240240.733,"[{""stage_name"": ""fixation"", ""planned_duration_ms"": 100, ""intended_onset_ms"": 234594.231, ""actual_onset_global_ms"": 234610.458, ""actual_offset_global_ms"": 234716.824, ""actual_duration_ms"": 106.366}, {""stage_name"": ""cue"", ""planned_duration_ms"": 500, ""intended_onset_ms"": 234694.231, ""actual_onset_global_ms"": 234727.373, ""actual_offset_global_ms"": 236040.052, ""actual_duration_ms"": 1312.679}, {""stage_name"": ""stimulus"", ""planned_duration_ms"": 3000, ""intended_onset_ms"": 235194.231, ""actual_onset_global_ms"": 236049.643, ""actual_offset_global_ms"": 240240.733, ""actual_duration_ms"": 4191.09}]",,,,,0.0,none,,,0.0,0.0,none,0.0,0.0,0.0,0.0,,,0.0,none,none,0.0,shape,cue_shape.wav,形状,234727.548,500.0,235493.798,red,boat,red_boat,switch,color,shape,5513.36,,,,,,,,,,,,,,,,,,,,,,,,,,,,,,,,,,,,,,,,,
011,011_T1_20260502_155726,PCPA,T1,standard,hci_substudy_v2,1,telemetry_v4,dccs,2,mixed_formal,formal,1,20,32,formal,shape,1777708646,151.361,2026-05-02T16:01:30.608,0,0,0,1,240255.58,240273.975,,,,,s,s,1,539.826,242266.905,none,,240855.58,241727.079,242266.905,3000,539.826,242266.905,"[{""stage_name"": ""fixation"", ""planned_duration_ms"": 100, ""intended_onset_ms"": 240255.58, ""actual_onset_global_ms"": 240273.975, ""actual_offset_global_ms"": 240363.59, ""actual_duration_ms"": 89.615}, {""stage_name"": ""cue"", ""planned_duration_ms"": 500, ""intended_onset_ms"": 240355.58, ""actual_onset_global_ms"": 240376.253, ""actual_offset_global_ms"": 241713.928, ""actual_duration_ms"": 1337.675}, {""stage_name"": ""stimulus"", ""planned_duration_ms"": 3000, ""intended_onset_ms"": 240855.58, ""actual_onset_global_ms"": 241727.079, ""actual_offset_global_ms"": 242266.905, ""actual_duration_ms"": 539.826}]",,,,,0.0,none,,,0.0,0.0,none,0.0,0.0,0.0,0.0,,,0.0,none,none,0.0,shape,cue_shape.wav,形状,240376.432,500.0,241142.682,red,rabbit,red_rabbit,repeat,shape,shape,1890.652,,,,,,,,,,,,,,,,,,,,,,,,,,,,,,,,,,,,,,,,,
011,011_T1_20260502_155726,PCPA,T1,standard,hci_substudy_v2,1,telemetry_v4,dccs,2,mixed_formal,formal,1,21,33,formal,shape,1777708646,151.361,2026-05-02T16:01:32.639,0,0,0,1,242286.211,242302.529,,,,,j,j,1,802.407,244550.399,none,,242886.211,243747.992,244550.399,3000,802.407,244550.399,"[{""stage_name"": ""fixation"", ""planned_duration_ms"": 100, ""intended_onset_ms"": 242286.211, ""actual_onset_global_ms"": 242302.529, ""actual_offset_global_ms"": 242394.936, ""actual_duration_ms"": 92.407}, {""stage_name"": ""cue"", ""planned_duration_ms"": 500, ""intended_onset_ms"": 242386.211, ""actual_onset_global_ms"": 242406.432, ""actual_offset_global_ms"": 243738.672, ""actual_duration_ms"": 1332.24}, {""stage_name"": ""stimulus"", ""planned_duration_ms"": 3000, ""intended_onset_ms"": 242886.211, ""actual_onset_global_ms"": 243747.992, ""actual_offset_global_ms"": 244550.399, ""actual_duration_ms"": 802.407}]",,,,,0.0,none,,,0.0,0.0,none,0.0,0.0,0.0,0.0,,,0.0,none,none,0.0,shape,cue_shape.wav,形状,242406.729,500.0,243172.979,blue,boat,blue_boat,repeat,shape,shape,2143.967,,,,,,,,,,,,,,,,,,,,,,,,,,,,,,,,,,,,,,,,,
011,011_T1_20260502_155726,PCPA,T1,standard,hci_substudy_v2,1,telemetry_v4,dccs,2,mixed_formal,formal,1,22,34,formal,color,1777708646,151.361,2026-05-02T16:01:34.915,0,0,0,1,244561.416,244580.611,,,,,s,s,1,3261.282,249251.761,none,,245161.416,245990.479,249251.761,3000,3261.282,249251.761,"[{""stage_name"": ""fixation"", ""planned_duration_ms"": 100, ""intended_onset_ms"": 244561.416, ""actual_onset_global_ms"": 244580.611, ""actual_offset_global_ms"": 244683.099, ""actual_duration_ms"": 102.488}, {""stage_name"": ""cue"", ""planned_duration_ms"": 500, ""intended_onset_ms"": 244661.416, ""actual_onset_global_ms"": 244694.076, ""actual_offset_global_ms"": 245980.969, ""actual_duration_ms"": 1286.893}, {""stage_name"": ""stimulus"", ""planned_duration_ms"": 3000, ""intended_onset_ms"": 245161.416, ""actual_onset_global_ms"": 245990.479, ""actual_offset_global_ms"": 249251.761, ""actual_duration_ms"": 3261.282}]",,,,,0.0,none,,,0.0,0.0,none,0.0,0.0,0.0,0.0,,,0.0,none,none,0.0,color,cue_color.wav,颜色,244694.237,500.0,245390.799,blue,boat,blue_boat,switch,shape,color,4557.685,,,,,,,,,,,,,,,,,,,,,,,,,,,,,,,,,,,,,,,,,
011,011_T1_20260502_155726,PCPA,T1,standard,hci_substudy_v2,1,telemetry_v4,dccs,2,mixed_formal,formal,1,23,35,formal,color,1777708646,151.361,2026-05-02T16:01:39.625,0,0,0,1,249272.365,249290.082,,,,,s,s,1,5454.447,256121.858,none,,249872.365,250667.411,256121.858,3000,5454.447,256121.858,"[{""stage_name"": ""fixation"", ""planned_duration_ms"": 100, ""intended_onset_ms"": 249272.365, ""actual_onset_global_ms"": 249290.082, ""actual_offset_global_ms"": 249389.515, ""actual_duration_ms"": 99.433}, {""stage_name"": ""cue"", ""planned_duration_ms"": 500, ""intended_onset_ms"": 249372.365, ""actual_onset_global_ms"": 249399.746, ""actual_offset_global_ms"": 250657.521, ""actual_duration_ms"": 1257.775}, {""stage_name"": ""stimulus"", ""planned_duration_ms"": 3000, ""intended_onset_ms"": 249872.365, ""actual_onset_global_ms"": 250667.411, ""actual_offset_global_ms"": 256121.858, ""actual_duration_ms"": 5454.447}]",,,,,0.0,none,,,0.0,0.0,none,0.0,0.0,0.0,0.0,,,0.0,none,none,0.0,color,cue_color.wav,颜色,249399.919,500.0,250096.481,blue,boat,blue_boat,repeat,color,color,6722.112,,,,,,,,,,,,,,,,,,,,,,,,,,,,,,,,,,,,,,,,,
011,011_T1_20260502_155726,PCPA,T1,standard,hci_substudy_v2,1,telemetry_v4,dccs,2,mixed_formal,formal,1,24,36,formal,shape,1777708646,151.361,2026-05-02T16:01:46.493,0,0,0,1,256139.686,256154.86,,,,,j,j,1,3309.15,260878.97,none,,256739.686,257569.82,260878.97,3000,3309.15,260878.97,"[{""stage_name"": ""fixation"", ""planned_duration_ms"": 100, ""intended_onset_ms"": 256139.686, ""actual_onset_global_ms"": 256154.86, ""actual_offset_global_ms"": 256256.431, ""actual_duration_ms"": 101.571}, {""stage_name"": ""cue"", ""planned_duration_ms"": 500, ""intended_onset_ms"": 256239.686, ""actual_onset_global_ms"": 256266.208, ""actual_offset_global_ms"": 257560.891, ""actual_duration_ms"": 1294.683}, {""stage_name"": ""stimulus"", ""planned_duration_ms"": 3000, ""intended_onset_ms"": 256739.686, ""actual_onset_global_ms"": 257569.82, ""actual_offset_global_ms"": 260878.97, ""actual_duration_ms"": 3309.15}]",,,,,0.0,none,,,0.0,0.0,none,0.0,0.0,0.0,0.0,,,0.0,none,none,0.0,shape,cue_shape.wav,形状,256266.351,500.0,257032.601,red,boat,red_boat,switch,color,shape,4612.762,,,,,,,,,,,,,,,,,,,,,,,,,,,,,,,,,,,,,,,,,
011,011_T1_20260502_155726,PCPA,T1,standard,hci_substudy_v2,1,telemetry_v4,dccs,2,mixed_formal,formal,1,25,37,formal,color,1777708646,151.361,2026-05-02T16:01:51.239,0,0,0,1,260886.016,260904.024,,,,,s,s,1,778.949,263088.042,none,,261486.016,262309.093,263088.042,3000,778.949,263088.042,"[{""stage_name"": ""fixation"", ""planned_duration_ms"": 100, ""intended_onset_ms"": 260886.016, ""actual_onset_global_ms"": 260904.024, ""actual_offset_global_ms"": 261005.753, ""actual_duration_ms"": 101.729}, {""stage_name"": ""cue"", ""planned_duration_ms"": 500, ""intended_onset_ms"": 260986.016, ""actual_onset_global_ms"": 261016.643, ""actual_offset_global_ms"": 262299.88, ""actual_duration_ms"": 1283.237}, {""stage_name"": ""stimulus"", ""planned_duration_ms"": 3000, ""intended_onset_ms"": 261486.016, ""actual_onset_global_ms"": 262309.093, ""actual_offset_global_ms"": 263088.042, ""actual_duration_ms"": 778.949}]",,,,,0.0,none,,,0.0,0.0,none,0.0,0.0,0.0,0.0,,,0.0,none,none,0.0,color,cue_color.wav,颜色,261016.831,500.0,261713.394,blue,rabbit,blue_rabbit,switch,shape,color,2071.399,,,,,,,,,,,,,,,,,,,,,,,,,,,,,,,,,,,,,,,,,
011,011_T1_20260502_155726,PCPA,T1,standard,hci_substudy_v2,1,telemetry_v4,dccs,2,mixed_formal,formal,1,26,38,formal,color,1777708646,151.361,2026-05-02T16:01:53.461,0,0,0,1,263108.631,263124.242,,,,,s,s,1,1488.758,265989.765,none,,263708.631,264501.007,265989.765,3000,1488.758,265989.765,"[{""stage_name"": ""fixation"", ""planned_duration_ms"": 100, ""intended_onset_ms"": 263108.631, ""actual_onset_global_ms"": 263124.242, ""actual_offset_global_ms"": 263226.13, ""actual_duration_ms"": 101.888}, {""stage_name"": ""cue"", ""planned_duration_ms"": 500, ""intended_onset_ms"": 263208.631, ""actual_onset_global_ms"": 263236.34, ""actual_offset_global_ms"": 264492.563, ""actual_duration_ms"": 1256.223}, {""stage_name"": ""stimulus"", ""planned_duration_ms"": 3000, ""intended_onset_ms"": 263708.631, ""actual_onset_global_ms"": 264501.007, ""actual_offset_global_ms"": 265989.765, ""actual_duration_ms"": 1488.758}]",,,,,0.0,none,,,0.0,0.0,none,0.0,0.0,0.0,0.0,,,0.0,none,none,0.0,color,cue_color.wav,颜色,263236.519,500.0,263933.081,blue,rabbit,blue_rabbit,repeat,color,color,2753.425,,,,,,,,,,,,,,,,,,,,,,,,,,,,,,,,,,,,,,,,,
011,011_T1_20260502_155726,PCPA,T1,standard,hci_substudy_v2,1,telemetry_v4,dccs,2,mixed_formal,formal,1,27,39,formal,shape,1777708646,151.361,2026-05-02T16:01:56.363,0,0,0,1,266009.607,266028.229,,,,,j,j,1,1489.828,268968.01,none,,266609.607,267478.182,268968.01,3000,1489.828,268968.01,"[{""stage_name"": ""fixation"", ""planned_duration_ms"": 100, ""intended_onset_ms"": 266009.607, ""actual_onset_global_ms"": 266028.229, ""actual_offset_global_ms"": 266121.41, ""actual_duration_ms"": 93.181}, {""stage_name"": ""cue"", ""planned_duration_ms"": 500, ""intended_onset_ms"": 266109.607, ""actual_onset_global_ms"": 266135.907, ""actual_offset_global_ms"": 267468.16, ""actual_duration_ms"": 1332.253}, {""stage_name"": ""stimulus"", ""planned_duration_ms"": 3000, ""intended_onset_ms"": 266609.607, ""actual_onset_global_ms"": 267478.182, ""actual_offset_global_ms"": 268968.01, ""actual_duration_ms"": 1489.828}]",,,,,0.0,none,,,0.0,0.0,none,0.0,0.0,0.0,0.0,,,0.0,none,none,0.0,shape,cue_shape.wav,形状,266136.134,500.0,266902.384,blue,boat,blue_boat,switch,color,shape,2832.103,,,,,,,,,,,,,,,,,,,,,,,,,,,,,,,,,,,,,,,,,
011,011_T1_20260502_155726,PCPA,T1,standard,hci_substudy_v2,1,telemetry_v4,dccs,2,mixed_formal,formal,1,28,40,formal,color,1777708646,151.361,2026-05-02T16:01:59.336,0,0,0,1,268982.33,268997.983,,,,,j,j,1,767.034,271188.807,none,,269582.33,270421.773,271188.807,3000,767.034,271188.807,"[{""stage_name"": ""fixation"", ""planned_duration_ms"": 100, ""intended_onset_ms"": 268982.33, ""actual_onset_global_ms"": 268997.983, ""actual_offset_global_ms"": 269100.388, ""actual_duration_ms"": 102.405}, {""stage_name"": ""cue"", ""planned_duration_ms"": 500, ""intended_onset_ms"": 269082.33, ""actual_onset_global_ms"": 269111.245, ""actual_offset_global_ms"": 270412.587, ""actual_duration_ms"": 1301.342}, {""stage_name"": ""stimulus"", ""planned_duration_ms"": 3000, ""intended_onset_ms"": 269582.33, ""actual_onset_global_ms"": 270421.773, ""actual_offset_global_ms"": 271188.807, ""actual_duration_ms"": 767.034}]",,,,,0.0,none,,,0.0,0.0,none,0.0,0.0,0.0,0.0,,,0.0,none,none,0.0,color,cue_color.wav,颜色,269111.478,500.0,269808.041,red,boat,red_boat,switch,shape,color,2077.562,,,,,,,,,,,,,,,,,,,,,,,,,,,,,,,,,,,,,,,,,
011,011_T1_20260502_155726,PCPA,T1,standard,hci_substudy_v2,1,telemetry_v4,dccs,2,mixed_formal,formal,1,29,41,formal,shape,1777708646,151.361,2026-05-02T16:02:01.557,0,0,0,1,271204.371,271222.734,,,,,s,s,1,1060.82,273727.496,none,,271804.371,272666.676,273727.496,3000,1060.82,273727.496,"[{""stage_name"": ""fixation"", ""planned_duration_ms"": 100, ""intended_onset_ms"": 271204.371, ""actual_onset_global_ms"": 271222.734, ""actual_offset_global_ms"": 271314.017, ""actual_duration_ms"": 91.283}, {""stage_name"": ""cue"", ""planned_duration_ms"": 500, ""intended_onset_ms"": 271304.371, ""actual_onset_global_ms"": 271324.756, ""actual_offset_global_ms"": 272656.172, ""actual_duration_ms"": 1331.416}, {""stage_name"": ""stimulus"", ""planned_duration_ms"": 3000, ""intended_onset_ms"": 271804.371, ""actual_onset_global_ms"": 272666.676, ""actual_offset_global_ms"": 273727.496, ""actual_duration_ms"": 1060.82}]",,,,,0.0,none,,,0.0,0.0,none,0.0,0.0,0.0,0.0,,,0.0,none,none,0.0,shape,cue_shape.wav,形状,271324.939,500.0,272091.189,red,rabbit,red_rabbit,switch,color,shape,2402.74,,,,,,,,,,,,,,,,,,,,,,,,,,,,,,,,,,,,,,,,,
011,011_T1_20260502_155726,PCPA,T1,standard,hci_substudy_v2,1,telemetry_v4,dccs,2,mixed_formal,formal,1,30,42,formal,shape,1777708646,151.361,2026-05-02T16:02:04.104,0,0,0,1,273750.598,273768.913,,,,,s,s,1,2634.667,277828.428,none,,274350.598,275193.761,277828.428,3000,2634.667,277828.428,"[{""stage_name"": ""fixation"", ""planned_duration_ms"": 100, ""intended_onset_ms"": 273750.598, ""actual_onset_global_ms"": 273768.913, ""actual_offset_global_ms"": 273860.903, ""actual_duration_ms"": 91.99}, {""stage_name"": ""cue"", ""planned_duration_ms"": 500, ""intended_onset_ms"": 273850.598, ""actual_onset_global_ms"": 273872.469, ""actual_offset_global_ms"": 275183.84, ""actual_duration_ms"": 1311.371}, {""stage_name"": ""stimulus"", ""planned_duration_ms"": 3000, ""intended_onset_ms"": 274350.598, ""actual_onset_global_ms"": 275193.761, ""actual_offset_global_ms"": 277828.428, ""actual_duration_ms"": 2634.667}]",,,,,0.0,none,,,0.0,0.0,none,0.0,0.0,0.0,0.0,,,0.0,none,none,0.0,shape,cue_shape.wav,形状,273872.639,500.0,274638.889,blue,rabbit,blue_rabbit,repeat,shape,shape,3955.959,,,,,,,,,,,,,,,,,,,,,,,,,,,,,,,,,,,,,,,,,
011,011_T1_20260502_155726,PCPA,T1,standard,hci_substudy_v2,1,telemetry_v4,digit_span,3,practice_digitspan,practice,1,1,1,practice,span_2,1777708646,151.361,2026-05-02T16:02:35.916,0,0,0,1,305563.318,305685.276,,,,,,,1,,,,,305663.318,305688.138,317316.961,2000,11628.823,317316.961,"[{""stage_name"": ""fixation"", ""planned_duration_ms"": 100, ""intended_onset_ms"": 305563.318, ""actual_onset_global_ms"": 305685.276, ""actual_offset_global_ms"": 305691.883, ""actual_duration_ms"": 6.607}, {""stage_name"": ""auditory_sequence"", ""planned_duration_ms"": 2000, ""intended_onset_ms"": 305663.318, ""actual_onset_global_ms"": 305688.138, ""actual_offset_global_ms"": 307194.631, ""actual_duration_ms"": 1506.493}, {""stage_name"": ""wait"", ""planned_duration_ms"": 500, ""intended_onset_ms"": 307194.631, ""actual_onset_global_ms"": 307233.242, ""actual_offset_global_ms"": 307714.993, ""actual_duration_ms"": 481.751}, {""stage_name"": ""input_panel"", ""planned_duration_ms"": 15000, ""intended_onset_ms"": 307714.993, ""actual_onset_global_ms"": 307774.068, ""actual_offset_global_ms"": 317316.961, ""actual_duration_ms"": 9542.893}]",,,,,0.0,none,,,0.0,0.0,none,0.0,0.0,0.0,0.0,,,,,,,,,,,,,,,,,,,,none,0.0,0.0,0.0,0.0,2.0,1.0,1.0,"[1, 4]","[""4"", ""1""]","[""4"", ""1""]",41,onscreen_mouse,8342.588,9542.679,1.0,0.0,0.0,0.0,3.0,[426.162],,"[305688.138, 306694.631]","[""digit_1.wav"", ""digit_4.wav""]","[{""audio_file"": ""digit_1.wav"", ""audio_start_global_ms"": 305688.138, ""audio_expected_duration_ms"": 500, ""audio_stop_global_ms"": 306188.138}, {""audio_file"": ""digit_4.wav"", ""audio_start_global_ms"": 306694.631, ""audio_expected_duration_ms"": 500, ""audio_stop_global_ms"": 307194.631}]",0.0,,,,,,,,,,,,,,,
011,011_T1_20260502_155726,PCPA,T1,standard,hci_substudy_v2,1,telemetry_v4,digit_span,3,practice_digitspan,practice,1,2,2,practice,span_2,1777708646,151.361,2026-05-02T16:02:47.674,0,0,0,1,317320.929,317457.268,,,,,,,1,,,,,317420.929,317459.615,322737.839,2000,5278.224,322737.839,"[{""stage_name"": ""fixation"", ""planned_duration_ms"": 100, ""intended_onset_ms"": 317320.929, ""actual_onset_global_ms"": 317457.268, ""actual_offset_global_ms"": 317463.875, ""actual_duration_ms"": 6.607}, {""stage_name"": ""auditory_sequence"", ""planned_duration_ms"": 2000, ""intended_onset_ms"": 317420.929, ""actual_onset_global_ms"": 317459.615, ""actual_offset_global_ms"": 318974.93, ""actual_duration_ms"": 1515.315}, {""stage_name"": ""wait"", ""planned_duration_ms"": 500, ""intended_onset_ms"": 318974.93, ""actual_onset_global_ms"": 319052.111, ""actual_offset_global_ms"": 319555.798, ""actual_duration_ms"": 503.687}, {""stage_name"": ""input_panel"", ""planned_duration_ms"": 15000, ""intended_onset_ms"": 319555.798, ""actual_onset_global_ms"": 319571.29, ""actual_offset_global_ms"": 322737.839, ""actual_duration_ms"": 3166.549}]",,,,,0.0,none,,,0.0,0.0,none,0.0,0.0,0.0,0.0,,,,,,,,,,,,,,,,,,,,none,0.0,0.0,0.0,0.0,2.0,2.0,1.0,"[2, 9]","[""9"", ""2""]","[""9"", ""2""]",92,onscreen_mouse,1910.772,3166.351,1.0,0.0,0.0,0.0,3.0,[563.325],,"[317459.615, 318474.93]","[""digit_2.wav"", ""digit_9.wav""]","[{""audio_file"": ""digit_2.wav"", ""audio_start_global_ms"": 317459.615, ""audio_expected_duration_ms"": 500, ""audio_stop_global_ms"": 317959.615}, {""audio_file"": ""digit_9.wav"", ""audio_start_global_ms"": 318474.93, ""audio_expected_duration_ms"": 500, ""audio_stop_global_ms"": 318974.93}]",0.0,,,,,,,,,,,,,,,
011,011_T1_20260502_155726,PCPA,T1,standard,hci_substudy_v2,1,telemetry_v4,digit_span,3,practice_digitspan,practice,1,3,3,practice,span_2,1777708646,151.361,2026-05-02T16:02:53.096,0,0,0,1,322742.973,322877.34,,,,,,,1,,,,,322842.973,322879.727,328963.405,2000,6083.678,328963.405,"[{""stage_name"": ""fixation"", ""planned_duration_ms"": 100, ""intended_onset_ms"": 322742.973, ""actual_onset_global_ms"": 322877.34, ""actual_offset_global_ms"": 322883.947, ""actual_duration_ms"": 6.607}, {""stage_name"": ""auditory_sequence"", ""planned_duration_ms"": 2000, ""intended_onset_ms"": 322842.973, ""actual_onset_global_ms"": 322879.727, ""actual_offset_global_ms"": 324397.583, ""actual_duration_ms"": 1517.856}, {""stage_name"": ""wait"", ""planned_duration_ms"": 500, ""intended_onset_ms"": 324397.583, ""actual_onset_global_ms"": 324445.425, ""actual_offset_global_ms"": 324933.284, ""actual_duration_ms"": 487.859}, {""stage_name"": ""input_panel"", ""planned_duration_ms"": 15000, ""intended_onset_ms"": 324933.284, ""actual_onset_global_ms"": 324947.129, ""actual_offset_global_ms"": 328963.405, ""actual_duration_ms"": 4016.276}]",,,,,0.0,none,,,0.0,0.0,none,0.0,0.0,0.0,0.0,,,,,,,,,,,,,,,,,,,,none,0.0,0.0,0.0,0.0,2.0,3.0,1.0,"[3, 9]","[""9"", ""3""]","[""9"", ""3""]",93,onscreen_mouse,2939.412,4016.037,1.0,0.0,0.0,0.0,3.0,[520.603],,"[322879.727, 323897.583]","[""digit_3.wav"", ""digit_9.wav""]","[{""audio_file"": ""digit_3.wav"", ""audio_start_global_ms"": 322879.727, ""audio_expected_duration_ms"": 500, ""audio_stop_global_ms"": 323379.727}, {""audio_file"": ""digit_9.wav"", ""audio_start_global_ms"": 323897.583, ""audio_expected_duration_ms"": 500, ""audio_stop_global_ms"": 324397.583}]",0.0,,,,,,,,,,,,,,,
011,011_T1_20260502_155726,PCPA,T1,standard,hci_substudy_v2,1,telemetry_v4,digit_span,3,practice_digitspan,practice,1,4,4,practice,span_2,1777708646,151.361,2026-05-02T16:02:59.321,0,0,0,1,328967.445,329100.389,,,,,,,1,,,,,329067.445,329102.487,334377.338,2000,5274.851,334377.338,"[{""stage_name"": ""fixation"", ""planned_duration_ms"": 100, ""intended_onset_ms"": 328967.445, ""actual_onset_global_ms"": 329100.389, ""actual_offset_global_ms"": 329106.996, ""actual_duration_ms"": 6.607}, {""stage_name"": ""auditory_sequence"", ""planned_duration_ms"": 2000, ""intended_onset_ms"": 329067.445, ""actual_onset_global_ms"": 329102.487, ""actual_offset_global_ms"": 330623.038, ""actual_duration_ms"": 1520.551}, {""stage_name"": ""wait"", ""planned_duration_ms"": 500, ""intended_onset_ms"": 330623.038, ""actual_onset_global_ms"": 330690.949, ""actual_offset_global_ms"": 331192.453, ""actual_duration_ms"": 501.504}, {""stage_name"": ""input_panel"", ""planned_duration_ms"": 15000, ""intended_onset_ms"": 331192.453, ""actual_onset_global_ms"": 331205.296, ""actual_offset_global_ms"": 334377.338, ""actual_duration_ms"": 3172.042}]",,,,,0.0,none,,,0.0,0.0,none,0.0,0.0,0.0,0.0,,,,,,,,,,,,,,,,,,,,none,0.0,0.0,0.0,0.0,2.0,4.0,1.0,"[8, 2]","[""2"", ""8""]","[""2"", ""8""]",28,onscreen_mouse,905.033,3171.896,1.0,0.0,0.0,1.0,5.0,"[1512.446, 388.566]",,"[329102.487, 330123.038]","[""digit_8.wav"", ""digit_2.wav""]","[{""audio_file"": ""digit_8.wav"", ""audio_start_global_ms"": 329102.487, ""audio_expected_duration_ms"": 500, ""audio_stop_global_ms"": 329602.487}, {""audio_file"": ""digit_2.wav"", ""audio_start_global_ms"": 330123.038, ""audio_expected_duration_ms"": 500, ""audio_stop_global_ms"": 330623.038}]",0.0,,,,,,,,,,,,,,,
011,011_T1_20260502_155726,PCPA,T1,standard,hci_substudy_v2,1,telemetry_v4,digit_span,3,practice_digitspan,practice,1,5,5,practice,span_2,1777708646,151.361,2026-05-02T16:03:04.736,0,0,0,1,334382.387,334515.731,,,,,,,1,,,,,334482.387,334518.096,338768.922,2000,4250.826,338768.922,"[{""stage_name"": ""fixation"", ""planned_duration_ms"": 100, ""intended_onset_ms"": 334382.387, ""actual_onset_global_ms"": 334515.731, ""actual_offset_global_ms"": 334522.338, ""actual_duration_ms"": 6.607}, {""stage_name"": ""auditory_sequence"", ""planned_duration_ms"": 2000, ""intended_onset_ms"": 334482.387, ""actual_onset_global_ms"": 334518.096, ""actual_offset_global_ms"": 336048.818, ""actual_duration_ms"": 1530.722}, {""stage_name"": ""wait"", ""planned_duration_ms"": 500, ""intended_onset_ms"": 336048.818, ""actual_onset_global_ms"": 336130.13, ""actual_offset_global_ms"": 336629.947, ""actual_duration_ms"": 499.817}, {""stage_name"": ""input_panel"", ""planned_duration_ms"": 15000, ""intended_onset_ms"": 336629.947, ""actual_onset_global_ms"": 336645.614, ""actual_offset_global_ms"": 338768.922, ""actual_duration_ms"": 2123.308}]",,,,,0.0,none,,,0.0,0.0,none,0.0,0.0,0.0,0.0,,,,,,,,,,,,,,,,,,,,none,0.0,0.0,0.0,0.0,2.0,5.0,1.0,"[9, 2]","[""2"", ""9""]","[""2"", ""9""]",29,onscreen_mouse,693.675,2123.159,1.0,0.0,0.0,0.0,3.0,[544.215],,"[334518.096, 335548.818]","[""digit_9.wav"", ""digit_2.wav""]","[{""audio_file"": ""digit_9.wav"", ""audio_start_global_ms"": 334518.096, ""audio_expected_duration_ms"": 500, ""audio_stop_global_ms"": 335018.096}, {""audio_file"": ""digit_2.wav"", ""audio_start_global_ms"": 335548.818, ""audio_expected_duration_ms"": 500, ""audio_stop_global_ms"": 336048.818}]",0.0,,,,,,,,,,,,,,,
011,011_T1_20260502_155726,PCPA,T1,standard,hci_substudy_v2,1,telemetry_v4,digit_span,3,practice_digitspan,practice,1,6,6,practice,span_2,1777708646,151.361,2026-05-02T16:03:09.127,0,0,0,1,338773.546,338909.59,,,,,,,1,,,,,338873.546,338912.329,343409.898,2000,4497.569,343409.898,"[{""stage_name"": ""fixation"", ""planned_duration_ms"": 100, ""intended_onset_ms"": 338773.546, ""actual_onset_global_ms"": 338909.59, ""actual_offset_global_ms"": 338916.197, ""actual_duration_ms"": 6.607}, {""stage_name"": ""auditory_sequence"", ""planned_duration_ms"": 2000, ""intended_onset_ms"": 338873.546, ""actual_onset_global_ms"": 338912.329, ""actual_offset_global_ms"": 340444.716, ""actual_duration_ms"": 1532.387}, {""stage_name"": ""wait"", ""planned_duration_ms"": 500, ""intended_onset_ms"": 340444.716, ""actual_onset_global_ms"": 340530.113, ""actual_offset_global_ms"": 341033.388, ""actual_duration_ms"": 503.275}, {""stage_name"": ""input_panel"", ""planned_duration_ms"": 15000, ""intended_onset_ms"": 341033.388, ""actual_onset_global_ms"": 341050.176, ""actual_offset_global_ms"": 343409.898, ""actual_duration_ms"": 2359.722}]",,,,,0.0,none,,,0.0,0.0,none,0.0,0.0,0.0,0.0,,,,,,,,,,,,,,,,,,,,none,0.0,0.0,0.0,0.0,2.0,6.0,1.0,"[3, 6]","[""6"", ""3""]","[""6"", ""3""]",63,onscreen_mouse,1477.398,2359.553,1.0,0.0,0.0,0.0,3.0,[270.278],,"[338912.329, 339944.716]","[""digit_3.wav"", ""digit_6.wav""]","[{""audio_file"": ""digit_3.wav"", ""audio_start_global_ms"": 338912.329, ""audio_expected_duration_ms"": 500, ""audio_stop_global_ms"": 339412.329}, {""audio_file"": ""digit_6.wav"", ""audio_start_global_ms"": 339944.716, ""audio_expected_duration_ms"": 500, ""audio_stop_global_ms"": 340444.716}]",0.0,,,,,,,,,,,,,,,
011,011_T1_20260502_155726,PCPA,T1,standard,hci_substudy_v2,1,telemetry_v4,digit_span,3,formal_span_2,formal,1,1,7,formal,span_2,1777708646,151.361,2026-05-02T16:03:54.685,0,0,0,1,384332.981,384441.286,,,,,,,1,,,,,384432.981,384443.758,389234.98,2000,4791.222,389234.98,"[{""stage_name"": ""fixation"", ""planned_duration_ms"": 100, ""intended_onset_ms"": 384332.981, ""actual_onset_global_ms"": 384441.286, ""actual_offset_global_ms"": 384447.893, ""actual_duration_ms"": 6.607}, {""stage_name"": ""auditory_sequence"", ""planned_duration_ms"": 2000, ""intended_onset_ms"": 384432.981, ""actual_onset_global_ms"": 384443.758, ""actual_offset_global_ms"": 385999.75, ""actual_duration_ms"": 1555.992}, {""stage_name"": ""wait"", ""planned_duration_ms"": 500, ""intended_onset_ms"": 385999.75, ""actual_onset_global_ms"": 386026.4, ""actual_offset_global_ms"": 386528.491, ""actual_duration_ms"": 502.091}, {""stage_name"": ""input_panel"", ""planned_duration_ms"": 15000, ""intended_onset_ms"": 386528.491, ""actual_onset_global_ms"": 386542.112, ""actual_offset_global_ms"": 389234.98, ""actual_duration_ms"": 2692.868}]",,,,,0.0,none,,,0.0,0.0,none,0.0,0.0,0.0,0.0,,,,,,,,,,,,,,,,,,,,none,0.0,0.0,0.0,0.0,2.0,1.0,1.0,"[7, 4]","[""4"", ""7""]","[""4"", ""7""]",47,onscreen_mouse,1490.31,2692.744,1.0,0.0,0.0,0.0,3.0,[419.283],advance,"[384443.758, 385499.75]","[""digit_7.wav"", ""digit_4.wav""]","[{""audio_file"": ""digit_7.wav"", ""audio_start_global_ms"": 384443.758, ""audio_expected_duration_ms"": 500, ""audio_stop_global_ms"": 384943.758}, {""audio_file"": ""digit_4.wav"", ""audio_start_global_ms"": 385499.75, ""audio_expected_duration_ms"": 500, ""audio_stop_global_ms"": 385999.75}]",0.0,two_failures_in_span,6.0,,,,,,,,,,,,,
011,011_T1_20260502_155726,PCPA,T1,standard,hci_substudy_v2,1,telemetry_v4,digit_span,3,formal_span_2,formal,1,2,8,formal,span_2,1777708646,151.361,2026-05-02T16:03:59.594,0,0,0,1,389240.596,389374.947,,,,,,,1,,,,,389340.596,389377.981,393963.41,2000,4585.429,393963.41,"[{""stage_name"": ""fixation"", ""planned_duration_ms"": 100, ""intended_onset_ms"": 389240.596, ""actual_onset_global_ms"": 389374.947, ""actual_offset_global_ms"": 389381.554, ""actual_duration_ms"": 6.607}, {""stage_name"": ""auditory_sequence"", ""planned_duration_ms"": 2000, ""intended_onset_ms"": 389340.596, ""actual_onset_global_ms"": 389377.981, ""actual_offset_global_ms"": 390909.726, ""actual_duration_ms"": 1531.745}, {""stage_name"": ""wait"", ""planned_duration_ms"": 500, ""intended_onset_ms"": 390909.726, ""actual_onset_global_ms"": 390980.452, ""actual_offset_global_ms"": 391476.062, ""actual_duration_ms"": 495.61}, {""stage_name"": ""input_panel"", ""planned_duration_ms"": 15000, ""intended_onset_ms"": 391476.062, ""actual_onset_global_ms"": 391491.72, ""actual_offset_global_ms"": 393963.41, ""actual_duration_ms"": 2471.69}]",,,,,0.0,none,,,0.0,0.0,none,0.0,0.0,0.0,0.0,,,,,,,,,,,,,,,,,,,,none,0.0,0.0,0.0,0.0,2.0,2.0,1.0,"[5, 7]","[""7"", ""5""]","[""7"", ""5""]",75,onscreen_mouse,1428.509,2471.58,1.0,0.0,0.0,0.0,3.0,[410.268],advance,"[389377.981, 390409.726]","[""digit_5.wav"", ""digit_7.wav""]","[{""audio_file"": ""digit_5.wav"", ""audio_start_global_ms"": 389377.981, ""audio_expected_duration_ms"": 500, ""audio_stop_global_ms"": 389877.981}, {""audio_file"": ""digit_7.wav"", ""audio_start_global_ms"": 390409.726, ""audio_expected_duration_ms"": 500, ""audio_stop_global_ms"": 390909.726}]",0.0,two_failures_in_span,6.0,,,,,,,,,,,,,
011,011_T1_20260502_155726,PCPA,T1,standard,hci_substudy_v2,1,telemetry_v4,digit_span,3,formal_span_3,formal,2,1,9,formal,span_3,1777708646,151.361,2026-05-02T16:04:04.324,0,0,0,1,393971.217,394105.476,,,,,,,0,,,,,394071.217,394107.581,401592.117,3000,7484.536,401592.117,"[{""stage_name"": ""fixation"", ""planned_duration_ms"": 100, ""intended_onset_ms"": 393971.217, ""actual_onset_global_ms"": 394105.476, ""actual_offset_global_ms"": 394112.083, ""actual_duration_ms"": 6.607}, {""stage_name"": ""auditory_sequence"", ""planned_duration_ms"": 3000, ""intended_onset_ms"": 394071.217, ""actual_onset_global_ms"": 394107.581, ""actual_offset_global_ms"": 396617.771, ""actual_duration_ms"": 2510.19}, {""stage_name"": ""wait"", ""planned_duration_ms"": 500, ""intended_onset_ms"": 396617.771, ""actual_onset_global_ms"": 396641.05, ""actual_offset_global_ms"": 397132.946, ""actual_duration_ms"": 491.896}, {""stage_name"": ""input_panel"", ""planned_duration_ms"": 15000, ""intended_onset_ms"": 397132.946, ""actual_onset_global_ms"": 397145.716, ""actual_offset_global_ms"": 401592.117, ""actual_duration_ms"": 4446.401}]",,,,,0.0,none,,,0.0,0.0,none,0.0,0.0,0.0,0.0,,,,,,,,,,,,,,,,,,,,none,0.0,0.0,0.0,0.0,3.0,1.0,2.0,"[2, 3, 6]","[""6"", ""3"", ""2""]","[""6"", ""2"", ""3""]",623,onscreen_mouse,2655.881,4446.028,0.0,0.0,0.0,0.0,4.0,"[580.097, 378.084]",advance,"[394107.581, 395133.149, 396117.771]","[""digit_2.wav"", ""digit_3.wav"", ""digit_6.wav""]","[{""audio_file"": ""digit_2.wav"", ""audio_start_global_ms"": 394107.581, ""audio_expected_duration_ms"": 500, ""audio_stop_global_ms"": 394607.581}, {""audio_file"": ""digit_3.wav"", ""audio_start_global_ms"": 395133.149, ""audio_expected_duration_ms"": 500, ""audio_stop_global_ms"": 395633.149}, {""audio_file"": ""digit_6.wav"", ""audio_start_global_ms"": 396117.771, ""audio_expected_duration_ms"": 500, ""audio_stop_global_ms"": 396617.771}]",0.0,two_failures_in_span,6.0,,,,,,,,,,,,,
011,011_T1_20260502_155726,PCPA,T1,standard,hci_substudy_v2,1,telemetry_v4,digit_span,3,formal_span_3,formal,2,2,10,formal,span_3,1777708646,151.361,2026-05-02T16:04:11.950,0,0,0,1,401597.144,401728.427,,,,,,,1,,,,,401697.144,401730.818,412048.777,3000,10317.959,412048.777,"[{""stage_name"": ""fixation"", ""planned_duration_ms"": 100, ""intended_onset_ms"": 401597.144, ""actual_onset_global_ms"": 401728.427, ""actual_offset_global_ms"": 401735.034, ""actual_duration_ms"": 6.607}, {""stage_name"": ""auditory_sequence"", ""planned_duration_ms"": 3000, ""intended_onset_ms"": 401697.144, ""actual_onset_global_ms"": 401730.818, ""actual_offset_global_ms"": 404240.809, ""actual_duration_ms"": 2509.991}, {""stage_name"": ""wait"", ""planned_duration_ms"": 500, ""intended_onset_ms"": 404240.809, ""actual_onset_global_ms"": 404315.22, ""actual_offset_global_ms"": 404819.481, ""actual_duration_ms"": 504.261}, {""stage_name"": ""input_panel"", ""planned_duration_ms"": 15000, ""intended_onset_ms"": 404819.481, ""actual_onset_global_ms"": 404834.537, ""actual_offset_global_ms"": 412048.777, ""actual_duration_ms"": 7214.24}]",,,,,0.0,none,,,0.0,0.0,none,0.0,0.0,0.0,0.0,,,,,,,,,,,,,,,,,,,,none,0.0,0.0,0.0,0.0,3.0,2.0,2.0,"[6, 5, 9]","[""9"", ""5"", ""6""]","[""9"", ""5"", ""6""]",956,onscreen_mouse,3737.255,7214.103,1.0,0.0,0.0,0.0,4.0,"[2432.042, 404.643]",advance,"[401730.818, 402803.532, 403740.809]","[""digit_6.wav"", ""digit_5.wav"", ""digit_9.wav""]","[{""audio_file"": ""digit_6.wav"", ""audio_start_global_ms"": 401730.818, ""audio_expected_duration_ms"": 500, ""audio_stop_global_ms"": 402230.818}, {""audio_file"": ""digit_5.wav"", ""audio_start_global_ms"": 402803.532, ""audio_expected_duration_ms"": 500, ""audio_stop_global_ms"": 403303.532}, {""audio_file"": ""digit_9.wav"", ""audio_start_global_ms"": 403740.809, ""audio_expected_duration_ms"": 500, ""audio_stop_global_ms"": 404240.809}]",0.0,two_failures_in_span,6.0,,,,,,,,,,,,,
011,011_T1_20260502_155726,PCPA,T1,standard,hci_substudy_v2,1,telemetry_v4,digit_span,3,formal_span_4,formal,3,1,11,formal,span_4,1777708646,151.361,2026-05-02T16:04:22.410,0,0,0,1,412056.581,412191.375,,,,,,,1,,,,,412156.581,412193.729,438562.217,4000,26368.488,438562.217,"[{""stage_name"": ""fixation"", ""planned_duration_ms"": 100, ""intended_onset_ms"": 412056.581, ""actual_onset_global_ms"": 412191.375, ""actual_offset_global_ms"": 412197.982, ""actual_duration_ms"": 6.607}, {""stage_name"": ""auditory_sequence"", ""planned_duration_ms"": 4000, ""intended_onset_ms"": 412156.581, ""actual_onset_global_ms"": 412193.729, ""actual_offset_global_ms"": 415696.327, ""actual_duration_ms"": 3502.598}, {""stage_name"": ""wait"", ""planned_duration_ms"": 500, ""intended_onset_ms"": 415696.327, ""actual_onset_global_ms"": 415722.324, ""actual_offset_global_ms"": 416219.666, ""actual_duration_ms"": 497.342}, {""stage_name"": ""input_panel"", ""planned_duration_ms"": 15000, ""intended_onset_ms"": 416219.666, ""actual_onset_global_ms"": 416232.708, ""actual_offset_global_ms"": 438562.217, ""actual_duration_ms"": 22329.509}]",,,,,0.0,none,,,0.0,0.0,none,0.0,0.0,0.0,0.0,,,,,,,,,,,,,,,,,,,,none,0.0,0.0,0.0,0.0,4.0,1.0,3.0,"[8, 4, 3, 6]","[""6"", ""3"", ""4"", ""8""]","[""6"", ""3"", ""4"", ""8""]",6348,onscreen_mouse,7560.79,22329.38,1.0,0.0,0.0,0.0,5.0,"[2874.492, 10056.554, 510.801]",advance,"[412193.729, 413225.39, 414254.695, 415196.327]","[""digit_8.wav"", ""digit_4.wav"", ""digit_3.wav"", ""digit_6.wav""]","[{""audio_file"": ""digit_8.wav"", ""audio_start_global_ms"": 412193.729, ""audio_expected_duration_ms"": 500, ""audio_stop_global_ms"": 412693.729}, {""audio_file"": ""digit_4.wav"", ""audio_start_global_ms"": 413225.39, ""audio_expected_duration_ms"": 500, ""audio_stop_global_ms"": 413725.39}, {""audio_file"": ""digit_3.wav"", ""audio_start_global_ms"": 414254.695, ""audio_expected_duration_ms"": 500, ""audio_stop_global_ms"": 414754.695}, {""audio_file"": ""digit_6.wav"", ""audio_start_global_ms"": 415196.327, ""audio_expected_duration_ms"": 500, ""audio_stop_global_ms"": 415696.327}]",0.0,two_failures_in_span,6.0,,,,,,,,,,,,,
011,011_T1_20260502_155726,PCPA,T1,standard,hci_substudy_v2,1,telemetry_v4,digit_span,3,formal_span_4,formal,3,2,12,formal,span_4,1777708646,151.361,2026-05-02T16:04:48.920,0,0,0,1,438566.996,438701.559,,,,,,,1,,,,,438666.996,438704.423,467778.865,4000,29074.442,467778.865,"[{""stage_name"": ""fixation"", ""planned_duration_ms"": 100, ""intended_onset_ms"": 438566.996, ""actual_onset_global_ms"": 438701.559, ""actual_offset_global_ms"": 438708.166, ""actual_duration_ms"": 6.607}, {""stage_name"": ""auditory_sequence"", ""planned_duration_ms"": 4000, ""intended_onset_ms"": 438666.996, ""actual_onset_global_ms"": 438704.423, ""actual_offset_global_ms"": 442239.23, ""actual_duration_ms"": 3534.807}, {""stage_name"": ""wait"", ""planned_duration_ms"": 500, ""intended_onset_ms"": 442239.23, ""actual_onset_global_ms"": 442321.106, ""actual_offset_global_ms"": 442810.577, ""actual_duration_ms"": 489.471}, {""stage_name"": ""input_panel"", ""planned_duration_ms"": 15000, ""intended_onset_ms"": 442810.577, ""actual_onset_global_ms"": 442825.768, ""actual_offset_global_ms"": 467778.865, ""actual_duration_ms"": 24953.097}]",,,,,0.0,none,,,0.0,0.0,none,0.0,0.0,0.0,0.0,,,,,,,,,,,,,,,,,,,,none,0.0,0.0,0.0,0.0,4.0,2.0,3.0,"[5, 9, 6, 4]","[""4"", ""6"", ""9"", ""5""]","[""4"", ""6"", ""9"", ""5""]",4695,onscreen_mouse,3189.279,24952.957,1.0,0.0,0.0,0.0,5.0,"[7776.736, 8238.843, 5072.898]",advance,"[438704.423, 439707.437, 440725.854, 441739.23]","[""digit_5.wav"", ""digit_9.wav"", ""digit_6.wav"", ""digit_4.wav""]","[{""audio_file"": ""digit_5.wav"", ""audio_start_global_ms"": 438704.423, ""audio_expected_duration_ms"": 500, ""audio_stop_global_ms"": 439204.423}, {""audio_file"": ""digit_9.wav"", ""audio_start_global_ms"": 439707.437, ""audio_expected_duration_ms"": 500, ""audio_stop_global_ms"": 440207.437}, {""audio_file"": ""digit_6.wav"", ""audio_start_global_ms"": 440725.854, ""audio_expected_duration_ms"": 500, ""audio_stop_global_ms"": 441225.854}, {""audio_file"": ""digit_4.wav"", ""audio_start_global_ms"": 441739.23, ""audio_expected_duration_ms"": 500, ""audio_stop_global_ms"": 442239.23}]",0.0,two_failures_in_span,6.0,,,,,,,,,,,,,
011,011_T1_20260502_155726,PCPA,T1,standard,hci_substudy_v2,1,telemetry_v4,digit_span,3,formal_span_5,formal,4,1,13,formal,span_5,1777708646,151.361,2026-05-02T16:05:18.140,0,0,0,1,467787.457,467941.9,,,,,,,0,,,,,467887.457,467944.102,507863.516,5000,39919.414,507863.516,"[{""stage_name"": ""fixation"", ""planned_duration_ms"": 100, ""intended_onset_ms"": 467787.457, ""actual_onset_global_ms"": 467941.9, ""actual_offset_global_ms"": 467948.507, ""actual_duration_ms"": 6.607}, {""stage_name"": ""auditory_sequence"", ""planned_duration_ms"": 5000, ""intended_onset_ms"": 467887.457, ""actual_onset_global_ms"": 467944.102, ""actual_offset_global_ms"": 472500.678, ""actual_duration_ms"": 4556.576}, {""stage_name"": ""wait"", ""planned_duration_ms"": 500, ""intended_onset_ms"": 472500.678, ""actual_onset_global_ms"": 472570.658, ""actual_offset_global_ms"": 473060.744, ""actual_duration_ms"": 490.086}, {""stage_name"": ""input_panel"", ""planned_duration_ms"": 15000, ""intended_onset_ms"": 473060.744, ""actual_onset_global_ms"": 473078.096, ""actual_offset_global_ms"": 507863.516, ""actual_duration_ms"": 34785.42}]",,,,,0.0,none,,,0.0,0.0,none,0.0,0.0,0.0,0.0,,,,,,,,,,,,,,,,,,,,none,0.0,0.0,0.0,0.0,5.0,1.0,4.0,"[3, 5, 9, 4, 8]","[""8"", ""4"", ""9"", ""5"", ""3""]","[""8"", ""4"", ""9"", ""3"", ""5""]",84935,onscreen_mouse,13378.192,34785.272,0.0,0.0,0.0,0.0,6.0,"[4511.995, 4300.481, 11326.917, 386.257]",advance,"[467944.102, 468959.658, 469976.936, 471002.81, 472000.678]","[""digit_3.wav"", ""digit_5.wav"", ""digit_9.wav"", ""digit_4.wav"", ""digit_8.wav""]","[{""audio_file"": ""digit_3.wav"", ""audio_start_global_ms"": 467944.102, ""audio_expected_duration_ms"": 500, ""audio_stop_global_ms"": 468444.102}, {""audio_file"": ""digit_5.wav"", ""audio_start_global_ms"": 468959.658, ""audio_expected_duration_ms"": 500, ""audio_stop_global_ms"": 469459.658}, {""audio_file"": ""digit_9.wav"", ""audio_start_global_ms"": 469976.936, ""audio_expected_duration_ms"": 500, ""audio_stop_global_ms"": 470476.936}, {""audio_file"": ""digit_4.wav"", ""audio_start_global_ms"": 471002.81, ""audio_expected_duration_ms"": 500, ""audio_stop_global_ms"": 471502.81}, {""audio_file"": ""digit_8.wav"", ""audio_start_global_ms"": 472000.678, ""audio_expected_duration_ms"": 500, ""audio_stop_global_ms"": 472500.678}]",0.0,two_failures_in_span,6.0,,,,,,,,,,,,,
011,011_T1_20260502_155726,PCPA,T1,standard,hci_substudy_v2,1,telemetry_v4,digit_span,3,formal_span_5,formal,4,2,14,formal,span_5,1777708646,151.361,2026-05-02T16:05:58.222,0,0,0,1,507868.645,507998.541,,,,,,,1,,,,,507968.645,508000.877,550196.672,5000,42195.795,550196.672,"[{""stage_name"": ""fixation"", ""planned_duration_ms"": 100, ""intended_onset_ms"": 507868.645, ""actual_onset_global_ms"": 507998.541, ""actual_offset_global_ms"": 508005.148, ""actual_duration_ms"": 6.607}, {""stage_name"": ""auditory_sequence"", ""planned_duration_ms"": 5000, ""intended_onset_ms"": 507968.645, ""actual_onset_global_ms"": 508000.877, ""actual_offset_global_ms"": 512508.69, ""actual_duration_ms"": 4507.813}, {""stage_name"": ""wait"", ""planned_duration_ms"": 500, ""intended_onset_ms"": 512508.69, ""actual_onset_global_ms"": 512584.916, ""actual_offset_global_ms"": 513086.483, ""actual_duration_ms"": 501.567}, {""stage_name"": ""input_panel"", ""planned_duration_ms"": 15000, ""intended_onset_ms"": 513086.483, ""actual_onset_global_ms"": 513101.646, ""actual_offset_global_ms"": 550196.672, ""actual_duration_ms"": 37095.026}]",,,,,0.0,none,,,0.0,0.0,none,0.0,0.0,0.0,0.0,,,,,,,,,,,,,,,,,,,,none,0.0,0.0,0.0,0.0,5.0,2.0,4.0,"[4, 9, 2, 1, 3]","[""3"", ""1"", ""2"", ""9"", ""4""]","[""3"", ""1"", ""2"", ""9"", ""4""]",31294,onscreen_mouse,11880.117,37094.81,1.0,0.0,0.0,0.0,6.0,"[3832.411, 3697.013, 16046.222, 772.331]",advance,"[508000.877, 509028.815, 510045.595, 511065.077, 512008.69]","[""digit_4.wav"", ""digit_9.wav"", ""digit_2.wav"", ""digit_1.wav"", ""digit_3.wav""]","[{""audio_file"": ""digit_4.wav"", ""audio_start_global_ms"": 508000.877, ""audio_expected_duration_ms"": 500, ""audio_stop_global_ms"": 508500.877}, {""audio_file"": ""digit_9.wav"", ""audio_start_global_ms"": 509028.815, ""audio_expected_duration_ms"": 500, ""audio_stop_global_ms"": 509528.815}, {""audio_file"": ""digit_2.wav"", ""audio_start_global_ms"": 510045.595, ""audio_expected_duration_ms"": 500, ""audio_stop_global_ms"": 510545.595}, {""audio_file"": ""digit_1.wav"", ""audio_start_global_ms"": 511065.077, ""audio_expected_duration_ms"": 500, ""audio_stop_global_ms"": 511565.077}, {""audio_file"": ""digit_3.wav"", ""audio_start_global_ms"": 512008.69, ""audio_expected_duration_ms"": 500, ""audio_stop_global_ms"": 512508.69}]",0.0,two_failures_in_span,6.0,,,,,,,,,,,,,
011,011_T1_20260502_155726,PCPA,T1,standard,hci_substudy_v2,1,telemetry_v4,digit_span,3,formal_span_6,formal,5,1,15,formal,span_6,1777708646,151.361,2026-05-02T16:06:40.560,0,0,0,1,550207.22,550341.736,,,,,,,0,,,,,550307.22,550344.557,563041.359,6000,12696.802,563041.359,"[{""stage_name"": ""fixation"", ""planned_duration_ms"": 100, ""intended_onset_ms"": 550207.22, ""actual_onset_global_ms"": 550341.736, ""actual_offset_global_ms"": 550348.343, ""actual_duration_ms"": 6.607}, {""stage_name"": ""auditory_sequence"", ""planned_duration_ms"": 6000, ""intended_onset_ms"": 550307.22, ""actual_onset_global_ms"": 550344.557, ""actual_offset_global_ms"": 555877.823, ""actual_duration_ms"": 5533.266}, {""stage_name"": ""wait"", ""planned_duration_ms"": 500, ""intended_onset_ms"": 555877.823, ""actual_onset_global_ms"": 555903.191, ""actual_offset_global_ms"": 556398.887, ""actual_duration_ms"": 495.696}, {""stage_name"": ""input_panel"", ""planned_duration_ms"": 15000, ""intended_onset_ms"": 556398.887, ""actual_onset_global_ms"": 556411.314, ""actual_offset_global_ms"": 563041.359, ""actual_duration_ms"": 6630.045}]",,,,,0.0,none,,,0.0,0.0,none,0.0,0.0,0.0,0.0,,,,,,,,,,,,,,,,,,,,none,0.0,0.0,0.0,0.0,6.0,1.0,5.0,"[6, 4, 7, 3, 9, 5]","[""5"", ""9"", ""3"", ""7"", ""4"", ""6""]",[],,onscreen_mouse,6629.895,6629.925,0.0,0.0,0.0,0.0,1.0,[],terminate,"[550344.557, 551377.517, 552407.1, 553357.056, 554378.829, 555377.823]","[""digit_6.wav"", ""digit_4.wav"", ""digit_7.wav"", ""digit_3.wav"", ""digit_9.wav"", ""digit_5.wav""]","[{""audio_file"": ""digit_6.wav"", ""audio_start_global_ms"": 550344.557, ""audio_expected_duration_ms"": 500, ""audio_stop_global_ms"": 550844.557}, {""audio_file"": ""digit_4.wav"", ""audio_start_global_ms"": 551377.517, ""audio_expected_duration_ms"": 500, ""audio_stop_global_ms"": 551877.517}, {""audio_file"": ""digit_7.wav"", ""audio_start_global_ms"": 552407.1, ""audio_expected_duration_ms"": 500, ""audio_stop_global_ms"": 552907.1}, {""audio_file"": ""digit_3.wav"", ""audio_start_global_ms"": 553357.056, ""audio_expected_duration_ms"": 500, ""audio_stop_global_ms"": 553857.056}, {""audio_file"": ""digit_9.wav"", ""audio_start_global_ms"": 554378.829, ""audio_expected_duration_ms"": 500, ""audio_stop_global_ms"": 554878.829}, {""audio_file"": ""digit_5.wav"", ""audio_start_global_ms"": 555377.823, ""audio_expected_duration_ms"": 500, ""audio_stop_global_ms"": 555877.823}]",0.0,two_failures_in_span,6.0,,,,,,,,,,,,,
011,011_T1_20260502_155726,PCPA,T1,standard,hci_substudy_v2,1,telemetry_v4,digit_span,3,formal_span_6,formal,5,2,16,formal,span_6,1777708646,151.361,2026-05-02T16:06:53.399,0,0,0,1,563046.002,563180.176,,,,,,,0,,,,,563146.002,563182.941,596271.37,6000,33088.429,596271.37,"[{""stage_name"": ""fixation"", ""planned_duration_ms"": 100, ""intended_onset_ms"": 563046.002, ""actual_onset_global_ms"": 563180.176, ""actual_offset_global_ms"": 563186.783, ""actual_duration_ms"": 6.607}, {""stage_name"": ""auditory_sequence"", ""planned_duration_ms"": 6000, ""intended_onset_ms"": 563146.002, ""actual_onset_global_ms"": 563182.941, ""actual_offset_global_ms"": 568727.563, ""actual_duration_ms"": 5544.622}, {""stage_name"": ""wait"", ""planned_duration_ms"": 500, ""intended_onset_ms"": 568727.563, ""actual_onset_global_ms"": 568809.952, ""actual_offset_global_ms"": 569315.782, ""actual_duration_ms"": 505.83}, {""stage_name"": ""input_panel"", ""planned_duration_ms"": 15000, ""intended_onset_ms"": 569315.782, ""actual_onset_global_ms"": 569329.229, ""actual_offset_global_ms"": 596271.37, ""actual_duration_ms"": 26942.141}]",,,,,0.0,none,,,0.0,0.0,none,0.0,0.0,0.0,0.0,,,,,,,,,,,,,,,,,,,,none,0.0,0.0,0.0,0.0,6.0,2.0,5.0,"[5, 3, 4, 8, 9, 6]","[""6"", ""9"", ""8"", ""4"", ""3"", ""5""]","[""6""]",6,onscreen_mouse,3906.921,26942.0,0.0,0.0,0.0,0.0,2.0,[],terminate,"[563182.941, 564202.94, 565226.37, 566227.74, 567224.893, 568227.563]","[""digit_5.wav"", ""digit_3.wav"", ""digit_4.wav"", ""digit_8.wav"", ""digit_9.wav"", ""digit_6.wav""]","[{""audio_file"": ""digit_5.wav"", ""audio_start_global_ms"": 563182.941, ""audio_expected_duration_ms"": 500, ""audio_stop_global_ms"": 563682.941}, {""audio_file"": ""digit_3.wav"", ""audio_start_global_ms"": 564202.94, ""audio_expected_duration_ms"": 500, ""audio_stop_global_ms"": 564702.94}, {""audio_file"": ""digit_4.wav"", ""audio_start_global_ms"": 565226.37, ""audio_expected_duration_ms"": 500, ""audio_stop_global_ms"": 565726.37}, {""audio_file"": ""digit_8.wav"", ""audio_start_global_ms"": 566227.74, ""audio_expected_duration_ms"": 500, ""audio_stop_global_ms"": 566727.74}, {""audio_file"": ""digit_9.wav"", ""audio_start_global_ms"": 567224.893, ""audio_expected_duration_ms"": 500, ""audio_stop_global_ms"": 567724.893}, {""audio_file"": ""digit_6.wav"", ""audio_start_global_ms"": 568227.563, ""audio_expected_duration_ms"": 500, ""audio_stop_global_ms"": 568727.563}]",0.0,two_failures_in_span,6.0,,,,,,,,,,,,,
011,011_T1_20260502_155726,PCPA,T1,standard,hci_substudy_v2,1,telemetry_v4,change_detection,4,practice_cd,practice,1,1,1,practice,N2_change,1777708646,151.361,2026-05-02T16:08:04.018,0,0,0,1,633665.519,633694.637,,,,,j,,1,11115.137,,correct,1.0,637265.519,637333.497,648490.045,4000,11156.548,648640.045,"[{""stage_name"": ""fixation"", ""planned_duration_ms"": 100, ""intended_onset_ms"": 633665.519, ""actual_onset_global_ms"": 633694.637, ""actual_offset_global_ms"": 633774.335, ""actual_duration_ms"": 79.698}, {""stage_name"": ""memory_array"", ""planned_duration_ms"": 2500, ""intended_onset_ms"": 633765.519, ""actual_onset_global_ms"": 633812.649, ""actual_offset_global_ms"": 636291.753, ""actual_duration_ms"": 2479.104}, {""stage_name"": ""delay"", ""planned_duration_ms"": 1000, ""intended_onset_ms"": 636291.753, ""actual_onset_global_ms"": 636295.724, ""actual_offset_global_ms"": 637295.547, ""actual_duration_ms"": 999.823}, {""stage_name"": ""test_array"", ""planned_duration_ms"": 4000, ""intended_onset_ms"": 637295.547, ""actual_onset_global_ms"": 637333.497, ""actual_offset_global_ms"": 648490.045, ""actual_duration_ms"": 11156.548}, {""stage_name"": ""feedback"", ""planned_duration_ms"": 150, ""intended_onset_ms"": 648490.045, ""actual_onset_global_ms"": 648520.988, ""actual_offset_global_ms"": 648656.605, ""actual_duration_ms"": 135.617}]",correct.wav,648490.343,150.0,648990.343,,,,,,,,,,,,,,,,,,,,,,,,,,,,,,,,,,,,,,,,,,,,,,1.0,,,,,,,,,,,,,2.0,change,0.0,"[-94.09, -233.79]","[[-94.09, -233.79], [92.36, 93.36]]","[""red"", ""yellow""]","[""blue"", ""yellow""]",red,blue,j,change,2.0,1.0
011,011_T1_20260502_155726,PCPA,T1,standard,hci_substudy_v2,1,telemetry_v4,change_detection,4,practice_cd,practice,1,2,2,practice,N1_same,1777708646,151.361,2026-05-02T16:08:19.009,0,0,0,1,648655.272,648670.152,,,,,s,,1,2958.254,,correct,1.0,652255.272,652312.456,655288.123,4000,2975.667,655438.123,"[{""stage_name"": ""fixation"", ""planned_duration_ms"": 100, ""intended_onset_ms"": 648655.272, ""actual_onset_global_ms"": 648670.152, ""actual_offset_global_ms"": 648769.708, ""actual_duration_ms"": 99.556}, {""stage_name"": ""memory_array"", ""planned_duration_ms"": 2500, ""intended_onset_ms"": 648755.272, ""actual_onset_global_ms"": 648792.391, ""actual_offset_global_ms"": 651278.361, ""actual_duration_ms"": 2485.97}, {""stage_name"": ""delay"", ""planned_duration_ms"": 1000, ""intended_onset_ms"": 651278.361, ""actual_onset_global_ms"": 651284.104, ""actual_offset_global_ms"": 652287.893, ""actual_duration_ms"": 1003.789}, {""stage_name"": ""test_array"", ""planned_duration_ms"": 4000, ""intended_onset_ms"": 652287.893, ""actual_onset_global_ms"": 652312.456, ""actual_offset_global_ms"": 655288.123, ""actual_duration_ms"": 2975.667}, {""stage_name"": ""feedback"", ""planned_duration_ms"": 150, ""intended_onset_ms"": 655288.123, ""actual_onset_global_ms"": 655305.455, ""actual_offset_global_ms"": 655458.065, ""actual_duration_ms"": 152.61}]",correct.wav,655288.386,150.0,655788.386,,,,,,,,,,,,,,,,,,,,,,,,,,,,,,,,,,,,,,,,,,,,,,1.0,,,,,,,,,,,,,1.0,same,0.0,"[162.09, 71.53]","[[162.09, 71.53]]","[""blue""]","[""blue""]",blue,blue,s,same,1.0,1.0
011,011_T1_20260502_155726,PCPA,T1,standard,hci_substudy_v2,1,telemetry_v4,change_detection,4,practice_cd,practice,1,3,3,practice,N1_same,1777708646,151.361,2026-05-02T16:08:25.808,0,0,0,1,655455.938,655473.83,,,,,s,,1,2486.698,,correct,1.0,659055.938,659114.958,661621.305,4000,2506.347,661771.305,"[{""stage_name"": ""fixation"", ""planned_duration_ms"": 100, ""intended_onset_ms"": 655455.938, ""actual_onset_global_ms"": 655473.83, ""actual_offset_global_ms"": 655573.741, ""actual_duration_ms"": 99.911}, {""stage_name"": ""memory_array"", ""planned_duration_ms"": 2500, ""intended_onset_ms"": 655555.938, ""actual_onset_global_ms"": 655596.927, ""actual_offset_global_ms"": 658089.234, ""actual_duration_ms"": 2492.307}, {""stage_name"": ""delay"", ""planned_duration_ms"": 1000, ""intended_onset_ms"": 658089.234, ""actual_onset_global_ms"": 658093.027, ""actual_offset_global_ms"": 659090.888, ""actual_duration_ms"": 997.861}, {""stage_name"": ""test_array"", ""planned_duration_ms"": 4000, ""intended_onset_ms"": 659090.888, ""actual_onset_global_ms"": 659114.958, ""actual_offset_global_ms"": 661621.305, ""actual_duration_ms"": 2506.347}, {""stage_name"": ""feedback"", ""planned_duration_ms"": 150, ""intended_onset_ms"": 661621.305, ""actual_onset_global_ms"": 661640.069, ""actual_offset_global_ms"": 661790.682, ""actual_duration_ms"": 150.613}]",correct.wav,661621.601,150.0,662121.601,,,,,,,,,,,,,,,,,,,,,,,,,,,,,,,,,,,,,,,,,,,,,,1.0,,,,,,,,,,,,,1.0,same,0.0,"[127.57, -191.72]","[[127.57, -191.72]]","[""purple""]","[""purple""]",purple,purple,s,same,2.0,1.0
011,011_T1_20260502_155726,PCPA,T1,standard,hci_substudy_v2,1,telemetry_v4,change_detection,4,practice_cd,practice,1,4,4,practice,N1_change,1777708646,151.361,2026-05-02T16:08:32.142,0,0,0,1,661788.552,661804.452,,,,,j,,1,2676.317,,correct,1.0,665388.552,665440.618,668137.243,4000,2696.625,668287.243,"[{""stage_name"": ""fixation"", ""planned_duration_ms"": 100, ""intended_onset_ms"": 661788.552, ""actual_onset_global_ms"": 661804.452, ""actual_offset_global_ms"": 661902.131, ""actual_duration_ms"": 97.679}, {""stage_name"": ""memory_array"", ""planned_duration_ms"": 2500, ""intended_onset_ms"": 661888.552, ""actual_onset_global_ms"": 661925.003, ""actual_offset_global_ms"": 664411.755, ""actual_duration_ms"": 2486.752}, {""stage_name"": ""delay"", ""planned_duration_ms"": 1000, ""intended_onset_ms"": 664411.755, ""actual_onset_global_ms"": 664417.74, ""actual_offset_global_ms"": 665417.549, ""actual_duration_ms"": 999.809}, {""stage_name"": ""test_array"", ""planned_duration_ms"": 4000, ""intended_onset_ms"": 665417.549, ""actual_onset_global_ms"": 665440.618, ""actual_offset_global_ms"": 668137.243, ""actual_duration_ms"": 2696.625}, {""stage_name"": ""feedback"", ""planned_duration_ms"": 150, ""intended_onset_ms"": 668137.243, ""actual_onset_global_ms"": 668155.094, ""actual_offset_global_ms"": 668305.153, ""actual_duration_ms"": 150.059}]",correct.wav,668137.467,150.0,668637.467,,,,,,,,,,,,,,,,,,,,,,,,,,,,,,,,,,,,,,,,,,,,,,1.0,,,,,,,,,,,,,1.0,change,0.0,"[-26.0, -199.5]","[[-26.0, -199.5]]","[""yellow""]","[""blue""]",yellow,blue,j,change,1.0,1.0
011,011_T1_20260502_155726,PCPA,T1,standard,hci_substudy_v2,1,telemetry_v4,change_detection,4,practice_cd,practice,1,5,5,practice,N2_change,1777708646,151.361,2026-05-02T16:08:38.656,0,0,0,1,668302.728,668318.407,,,,,j,,1,3002.348,,correct,1.0,671902.728,671995.421,675015.293,4000,3019.872,675165.293,"[{""stage_name"": ""fixation"", ""planned_duration_ms"": 100, ""intended_onset_ms"": 668302.728, ""actual_onset_global_ms"": 668318.407, ""actual_offset_global_ms"": 668417.287, ""actual_duration_ms"": 98.88}, {""stage_name"": ""memory_array"", ""planned_duration_ms"": 2500, ""intended_onset_ms"": 668402.728, ""actual_onset_global_ms"": 668454.092, ""actual_offset_global_ms"": 670955.213, ""actual_duration_ms"": 2501.121}, {""stage_name"": ""delay"", ""planned_duration_ms"": 1000, ""intended_onset_ms"": 670955.213, ""actual_onset_global_ms"": 670958.897, ""actual_offset_global_ms"": 671955.826, ""actual_duration_ms"": 996.929}, {""stage_name"": ""test_array"", ""planned_duration_ms"": 4000, ""intended_onset_ms"": 671955.826, ""actual_onset_global_ms"": 671995.421, ""actual_offset_global_ms"": 675015.293, ""actual_duration_ms"": 3019.872}, {""stage_name"": ""feedback"", ""planned_duration_ms"": 150, ""intended_onset_ms"": 675015.293, ""actual_onset_global_ms"": 675032.29, ""actual_offset_global_ms"": 675174.609, ""actual_duration_ms"": 142.319}]",correct.wav,675015.578,150.0,675515.578,,,,,,,,,,,,,,,,,,,,,,,,,,,,,,,,,,,,,,,,,,,,,,1.0,,,,,,,,,,,,,2.0,change,1.0,"[9.42, -147.91]","[[213.22, -150.46], [9.42, -147.91]]","[""yellow"", ""red""]","[""yellow"", ""purple""]",red,purple,j,change,2.0,1.0
011,011_T1_20260502_155726,PCPA,T1,standard,hci_substudy_v2,1,telemetry_v4,change_detection,4,practice_cd,practice,1,6,6,practice,N2_same,1777708646,151.361,2026-05-02T16:08:45.524,0,0,0,1,675170.85,675185.224,,,,,s,,1,2169.808,,correct,1.0,678770.85,678847.766,681059.056,4000,2211.29,681209.056,"[{""stage_name"": ""fixation"", ""planned_duration_ms"": 100, ""intended_onset_ms"": 675170.85, ""actual_onset_global_ms"": 675185.224, ""actual_offset_global_ms"": 675278.14, ""actual_duration_ms"": 92.916}, {""stage_name"": ""memory_array"", ""planned_duration_ms"": 2500, ""intended_onset_ms"": 675270.85, ""actual_onset_global_ms"": 675314.63, ""actual_offset_global_ms"": 677806.323, ""actual_duration_ms"": 2491.693}, {""stage_name"": ""delay"", ""planned_duration_ms"": 1000, ""intended_onset_ms"": 677806.323, ""actual_onset_global_ms"": 677810.439, ""actual_offset_global_ms"": 678809.251, ""actual_duration_ms"": 998.812}, {""stage_name"": ""test_array"", ""planned_duration_ms"": 4000, ""intended_onset_ms"": 678809.251, ""actual_onset_global_ms"": 678847.766, ""actual_offset_global_ms"": 681059.056, ""actual_duration_ms"": 2211.29}, {""stage_name"": ""feedback"", ""planned_duration_ms"": 150, ""intended_onset_ms"": 681059.056, ""actual_onset_global_ms"": 681074.581, ""actual_offset_global_ms"": 681226.657, ""actual_duration_ms"": 152.076}]",correct.wav,681059.275,150.0,681559.275,,,,,,,,,,,,,,,,,,,,,,,,,,,,,,,,,,,,,,,,,,,,,,1.0,,,,,,,,,,,,,2.0,same,0.0,"[194.46, -2.7]","[[194.46, -2.7], [-199.4, 59.72]]","[""purple"", ""blue""]","[""purple"", ""blue""]",purple,purple,s,same,2.0,1.0
011,011_T1_20260502_155726,PCPA,T1,standard,hci_substudy_v2,1,telemetry_v4,change_detection,4,practice_cd,practice,1,7,7,practice,N2_same,1777708646,151.361,2026-05-02T16:08:51.577,0,0,0,1,681224.427,681239.589,,,,,s,,0,5332.792,,incorrect,1.0,684824.427,684901.012,690245.258,4000,5344.246,690395.258,"[{""stage_name"": ""fixation"", ""planned_duration_ms"": 100, ""intended_onset_ms"": 681224.427, ""actual_onset_global_ms"": 681239.589, ""actual_offset_global_ms"": 681334.577, ""actual_duration_ms"": 94.988}, {""stage_name"": ""memory_array"", ""planned_duration_ms"": 2500, ""intended_onset_ms"": 681324.427, ""actual_onset_global_ms"": 681371.663, ""actual_offset_global_ms"": 683860.244, ""actual_duration_ms"": 2488.581}, {""stage_name"": ""delay"", ""planned_duration_ms"": 1000, ""intended_onset_ms"": 683860.244, ""actual_onset_global_ms"": 683865.858, ""actual_offset_global_ms"": 684862.785, ""actual_duration_ms"": 996.927}, {""stage_name"": ""test_array"", ""planned_duration_ms"": 4000, ""intended_onset_ms"": 684862.785, ""actual_onset_global_ms"": 684901.012, ""actual_offset_global_ms"": 690245.258, ""actual_duration_ms"": 5344.246}, {""stage_name"": ""feedback"", ""planned_duration_ms"": 150, ""intended_onset_ms"": 690245.258, ""actual_onset_global_ms"": 690296.505, ""actual_offset_global_ms"": 690417.314, ""actual_duration_ms"": 120.809}]",incorrect.wav,690245.487,150.0,690745.487,,,,,,,,,,,,,,,,,,,,,,,,,,,,,,,,,,,,,,,,,,,,,,0.0,,,,,,,,,,,,,2.0,same,1.0,"[-256.9, -118.68]","[[-102.64, 150.11], [-256.9, -118.68]]","[""blue"", ""green""]","[""blue"", ""green""]",green,green,j,change,4.0,1.0
011,011_T1_20260502_155726,PCPA,T1,standard,hci_substudy_v2,1,telemetry_v4,change_detection,4,practice_cd,practice,1,8,8,practice,N1_change,1777708646,151.361,2026-05-02T16:09:00.771,0,0,0,1,690417.181,690432.24,,,,,j,,0,5871.549,,incorrect,1.0,694017.181,694063.932,699960.485,4000,5896.553,700110.485,"[{""stage_name"": ""fixation"", ""planned_duration_ms"": 100, ""intended_onset_ms"": 690417.181, ""actual_onset_global_ms"": 690432.24, ""actual_offset_global_ms"": 690527.235, ""actual_duration_ms"": 94.995}, {""stage_name"": ""memory_array"", ""planned_duration_ms"": 2500, ""intended_onset_ms"": 690517.181, ""actual_onset_global_ms"": 690549.401, ""actual_offset_global_ms"": 693035.221, ""actual_duration_ms"": 2485.82}, {""stage_name"": ""delay"", ""planned_duration_ms"": 1000, ""intended_onset_ms"": 693035.221, ""actual_onset_global_ms"": 693041.381, ""actual_offset_global_ms"": 694040.445, ""actual_duration_ms"": 999.064}, {""stage_name"": ""test_array"", ""planned_duration_ms"": 4000, ""intended_onset_ms"": 694040.445, ""actual_onset_global_ms"": 694063.932, ""actual_offset_global_ms"": 699960.485, ""actual_duration_ms"": 5896.553}, {""stage_name"": ""feedback"", ""planned_duration_ms"": 150, ""intended_onset_ms"": 699960.485, ""actual_onset_global_ms"": 699977.422, ""actual_offset_global_ms"": 700127.728, ""actual_duration_ms"": 150.306}]",incorrect.wav,699960.718,150.0,700460.718,,,,,,,,,,,,,,,,,,,,,,,,,,,,,,,,,,,,,,,,,,,,,,0.0,,,,,,,,,,,,,1.0,change,0.0,"[228.35, -115.2]","[[228.35, -115.2]]","[""blue""]","[""green""]",blue,green,s,same,1.0,1.0
011,011_T1_20260502_155726,PCPA,T1,standard,hci_substudy_v2,1,telemetry_v4,change_detection,4,formal_cd,formal,1,1,9,formal,N1_same,1777708646,151.361,2026-05-02T16:09:16.464,0,0,0,1,706110.917,706125.618,,,,,s,,1,3616.104,,,,709710.917,709785.405,713432.894,4000,3647.489,713432.894,"[{""stage_name"": ""fixation"", ""planned_duration_ms"": 100, ""intended_onset_ms"": 706110.917, ""actual_onset_global_ms"": 706125.618, ""actual_offset_global_ms"": 706225.596, ""actual_duration_ms"": 99.978}, {""stage_name"": ""memory_array"", ""planned_duration_ms"": 2500, ""intended_onset_ms"": 706210.917, ""actual_onset_global_ms"": 706250.488, ""actual_offset_global_ms"": 708748.355, ""actual_duration_ms"": 2497.867}, {""stage_name"": ""delay"", ""planned_duration_ms"": 1000, ""intended_onset_ms"": 708748.355, ""actual_onset_global_ms"": 708751.882, ""actual_offset_global_ms"": 709758.058, ""actual_duration_ms"": 1006.176}, {""stage_name"": ""test_array"", ""planned_duration_ms"": 4000, ""intended_onset_ms"": 709758.058, ""actual_onset_global_ms"": 709785.405, ""actual_offset_global_ms"": 713432.894, ""actual_duration_ms"": 3647.489}]",,,,,,,,,,,,,,,,,,,,,,,,,,,,,,,,,,,,,,,,,,,,,,,,,,1.0,,,,,,,,,,,,,1.0,same,0.0,"[-113.43, -136.48]","[[-113.43, -136.48]]","[""red""]","[""red""]",red,red,s,same,1.0,1.0
011,011_T1_20260502_155726,PCPA,T1,standard,hci_substudy_v2,1,telemetry_v4,change_detection,4,formal_cd,formal,1,2,10,formal,N4_change,1777708646,151.361,2026-05-02T16:09:23.790,0,0,0,1,713436.86,713453.958,,,,,j,,1,2349.961,,,,717036.86,717146.635,719542.916,4000,2396.281,719542.916,"[{""stage_name"": ""fixation"", ""planned_duration_ms"": 100, ""intended_onset_ms"": 713436.86, ""actual_onset_global_ms"": 713453.958, ""actual_offset_global_ms"": 713555.444, ""actual_duration_ms"": 101.486}, {""stage_name"": ""memory_array"", ""planned_duration_ms"": 2500, ""intended_onset_ms"": 713536.86, ""actual_onset_global_ms"": 713621.904, ""actual_offset_global_ms"": 716071.786, ""actual_duration_ms"": 2449.882}, {""stage_name"": ""delay"", ""planned_duration_ms"": 1000, ""intended_onset_ms"": 716071.786, ""actual_onset_global_ms"": 716076.162, ""actual_offset_global_ms"": 717080.749, ""actual_duration_ms"": 1004.587}, {""stage_name"": ""test_array"", ""planned_duration_ms"": 4000, ""intended_onset_ms"": 717080.749, ""actual_onset_global_ms"": 717146.635, ""actual_offset_global_ms"": 719542.916, ""actual_duration_ms"": 2396.281}]",,,,,,,,,,,,,,,,,,,,,,,,,,,,,,,,,,,,,,,,,,,,,,,,,,1.0,,,,,,,,,,,,,4.0,change,0.0,"[-137.29, -163.78]","[[-137.29, -163.78], [152.57, 196.58], [-50.8, 174.23], [55.11, -229.03]]","[""red"", ""blue"", ""yellow"", ""green""]","[""purple"", ""blue"", ""yellow"", ""green""]",red,purple,j,change,5.0,1.0
011,011_T1_20260502_155726,PCPA,T1,standard,hci_substudy_v2,1,telemetry_v4,change_detection,4,formal_cd,formal,1,3,11,formal,N4_same,1777708646,151.361,2026-05-02T16:09:29.901,0,0,0,1,719547.945,719563.061,,,,,s,,1,3269.021,,,,723147.945,723242.486,726590.96,4000,3348.474,726590.96,"[{""stage_name"": ""fixation"", ""planned_duration_ms"": 100, ""intended_onset_ms"": 719547.945, ""actual_onset_global_ms"": 719563.061, ""actual_offset_global_ms"": 719661.788, ""actual_duration_ms"": 98.727}, {""stage_name"": ""memory_array"", ""planned_duration_ms"": 2500, ""intended_onset_ms"": 719647.945, ""actual_onset_global_ms"": 719729.861, ""actual_offset_global_ms"": 722169.529, ""actual_duration_ms"": 2439.668}, {""stage_name"": ""delay"", ""planned_duration_ms"": 1000, ""intended_onset_ms"": 722169.529, ""actual_onset_global_ms"": 722176.005, ""actual_offset_global_ms"": 723174.696, ""actual_duration_ms"": 998.691}, {""stage_name"": ""test_array"", ""planned_duration_ms"": 4000, ""intended_onset_ms"": 723174.696, ""actual_onset_global_ms"": 723242.486, ""actual_offset_global_ms"": 726590.96, ""actual_duration_ms"": 3348.474}]",,,,,,,,,,,,,,,,,,,,,,,,,,,,,,,,,,,,,,,,,,,,,,,,,,1.0,,,,,,,,,,,,,4.0,same,2.0,"[231.27, 25.29]","[[190.36, -199.87], [-177.07, 144.7], [231.27, 25.29], [-1.4, -195.32]]","[""blue"", ""yellow"", ""green"", ""purple""]","[""blue"", ""yellow"", ""green"", ""purple""]",green,green,s,same,4.0,1.0
011,011_T1_20260502_155726,PCPA,T1,standard,hci_substudy_v2,1,telemetry_v4,change_detection,4,formal_cd,formal,1,4,12,formal,N3_change,1777708646,151.361,2026-05-02T16:09:36.949,0,0,0,1,726595.632,726612.194,,,,,j,,1,2353.362,,,,730195.632,730323.15,732721.545,4000,2398.395,732721.545,"[{""stage_name"": ""fixation"", ""planned_duration_ms"": 100, ""intended_onset_ms"": 726595.632, ""actual_onset_global_ms"": 726612.194, ""actual_offset_global_ms"": 726710.878, ""actual_duration_ms"": 98.684}, {""stage_name"": ""memory_array"", ""planned_duration_ms"": 2500, ""intended_onset_ms"": 726695.632, ""actual_onset_global_ms"": 726762.258, ""actual_offset_global_ms"": 729257.098, ""actual_duration_ms"": 2494.84}, {""stage_name"": ""delay"", ""planned_duration_ms"": 1000, ""intended_onset_ms"": 729257.098, ""actual_onset_global_ms"": 729259.689, ""actual_offset_global_ms"": 730264.067, ""actual_duration_ms"": 1004.378}, {""stage_name"": ""test_array"", ""planned_duration_ms"": 4000, ""intended_onset_ms"": 730264.067, ""actual_onset_global_ms"": 730323.15, ""actual_offset_global_ms"": 732721.545, ""actual_duration_ms"": 2398.395}]",,,,,,,,,,,,,,,,,,,,,,,,,,,,,,,,,,,,,,,,,,,,,,,,,,1.0,,,,,,,,,,,,,3.0,change,0.0,"[-97.15, 192.13]","[[-97.15, 192.13], [-162.92, 52.03], [160.78, 59.94]]","[""red"", ""blue"", ""purple""]","[""yellow"", ""blue"", ""purple""]",red,yellow,j,change,5.0,1.0
011,011_T1_20260502_155726,PCPA,T1,standard,hci_substudy_v2,1,telemetry_v4,change_detection,4,formal_cd,formal,1,5,13,formal,N3_change,1777708646,151.361,2026-05-02T16:09:43.079,0,0,0,1,732725.792,732741.324,,,,,j,,1,2256.829,,,,736325.792,736399.795,738719.316,4000,2319.521,738719.316,"[{""stage_name"": ""fixation"", ""planned_duration_ms"": 100, ""intended_onset_ms"": 732725.792, ""actual_onset_global_ms"": 732741.324, ""actual_offset_global_ms"": 732841.994, ""actual_duration_ms"": 100.67}, {""stage_name"": ""memory_array"", ""planned_duration_ms"": 2500, ""intended_onset_ms"": 732825.792, ""actual_onset_global_ms"": 732893.512, ""actual_offset_global_ms"": 735343.968, ""actual_duration_ms"": 2450.456}, {""stage_name"": ""delay"", ""planned_duration_ms"": 1000, ""intended_onset_ms"": 735343.968, ""actual_onset_global_ms"": 735350.979, ""actual_offset_global_ms"": 736347.762, ""actual_duration_ms"": 996.783}, {""stage_name"": ""test_array"", ""planned_duration_ms"": 4000, ""intended_onset_ms"": 736347.762, ""actual_onset_global_ms"": 736399.795, ""actual_offset_global_ms"": 738719.316, ""actual_duration_ms"": 2319.521}]",,,,,,,,,,,,,,,,,,,,,,,,,,,,,,,,,,,,,,,,,,,,,,,,,,1.0,,,,,,,,,,,,,3.0,change,1.0,"[-76.21, -152.83]","[[91.93, 30.24], [-76.21, -152.83], [-200.14, -87.77]]","[""yellow"", ""purple"", ""red""]","[""yellow"", ""green"", ""red""]",purple,green,j,change,3.0,1.0
011,011_T1_20260502_155726,PCPA,T1,standard,hci_substudy_v2,1,telemetry_v4,change_detection,4,formal_cd,formal,1,6,14,formal,N1_same,1777708646,151.361,2026-05-02T16:09:49.077,0,0,0,1,738724.058,738738.537,,,,,s,,1,1687.356,,,,742324.058,742369.577,744069.52,4000,1699.943,744069.52,"[{""stage_name"": ""fixation"", ""planned_duration_ms"": 100, ""intended_onset_ms"": 738724.058, ""actual_onset_global_ms"": 738738.537, ""actual_offset_global_ms"": 738836.956, ""actual_duration_ms"": 98.419}, {""stage_name"": ""memory_array"", ""planned_duration_ms"": 2500, ""intended_onset_ms"": 738824.058, ""actual_onset_global_ms"": 738860.321, ""actual_offset_global_ms"": 741341.859, ""actual_duration_ms"": 2481.538}, {""stage_name"": ""delay"", ""planned_duration_ms"": 1000, ""intended_onset_ms"": 741341.859, ""actual_onset_global_ms"": 741346.51, ""actual_offset_global_ms"": 742346.222, ""actual_duration_ms"": 999.712}, {""stage_name"": ""test_array"", ""planned_duration_ms"": 4000, ""intended_onset_ms"": 742346.222, ""actual_onset_global_ms"": 742369.577, ""actual_offset_global_ms"": 744069.52, ""actual_duration_ms"": 1699.943}]",,,,,,,,,,,,,,,,,,,,,,,,,,,,,,,,,,,,,,,,,,,,,,,,,,1.0,,,,,,,,,,,,,1.0,same,0.0,"[-162.64, -167.32]","[[-162.64, -167.32]]","[""green""]","[""green""]",green,green,s,same,1.0,1.0
011,011_T1_20260502_155726,PCPA,T1,standard,hci_substudy_v2,1,telemetry_v4,change_detection,4,formal_cd,formal,1,7,15,formal,N2_change,1777708646,151.361,2026-05-02T16:09:54.428,0,0,0,1,744074.567,744090.403,,,,,j,,1,1672.01,,,,747674.567,747743.496,749452.036,4000,1708.54,749452.036,"[{""stage_name"": ""fixation"", ""planned_duration_ms"": 100, ""intended_onset_ms"": 744074.567, ""actual_onset_global_ms"": 744090.403, ""actual_offset_global_ms"": 744188.725, ""actual_duration_ms"": 98.322}, {""stage_name"": ""memory_array"", ""planned_duration_ms"": 2500, ""intended_onset_ms"": 744174.567, ""actual_onset_global_ms"": 744226.888, ""actual_offset_global_ms"": 746699.839, ""actual_duration_ms"": 2472.951}, {""stage_name"": ""delay"", ""planned_duration_ms"": 1000, ""intended_onset_ms"": 746699.839, ""actual_onset_global_ms"": 746705.599, ""actual_offset_global_ms"": 747705.438, ""actual_duration_ms"": 999.839}, {""stage_name"": ""test_array"", ""planned_duration_ms"": 4000, ""intended_onset_ms"": 747705.438, ""actual_onset_global_ms"": 747743.496, ""actual_offset_global_ms"": 749452.036, ""actual_duration_ms"": 1708.54}]",,,,,,,,,,,,,,,,,,,,,,,,,,,,,,,,,,,,,,,,,,,,,,,,,,1.0,,,,,,,,,,,,,2.0,change,1.0,"[-20.87, 168.02]","[[109.56, -129.12], [-20.87, 168.02]]","[""red"", ""purple""]","[""red"", ""yellow""]",purple,yellow,j,change,3.0,1.0
011,011_T1_20260502_155726,PCPA,T1,standard,hci_substudy_v2,1,telemetry_v4,change_detection,4,formal_cd,formal,1,8,16,formal,N3_change,1777708646,151.361,2026-05-02T16:09:59.810,0,0,0,1,749456.732,749471.378,,,,,j,,1,2372.747,,,,753056.732,753179.747,755610.704,4000,2430.957,755610.704,"[{""stage_name"": ""fixation"", ""planned_duration_ms"": 100, ""intended_onset_ms"": 749456.732, ""actual_onset_global_ms"": 749471.378, ""actual_offset_global_ms"": 749569.794, ""actual_duration_ms"": 98.416}, {""stage_name"": ""memory_array"", ""planned_duration_ms"": 2500, ""intended_onset_ms"": 749556.732, ""actual_onset_global_ms"": 749621.379, ""actual_offset_global_ms"": 752116.981, ""actual_duration_ms"": 2495.602}, {""stage_name"": ""delay"", ""planned_duration_ms"": 1000, ""intended_onset_ms"": 752116.981, ""actual_onset_global_ms"": 752120.163, ""actual_offset_global_ms"": 753126.57, ""actual_duration_ms"": 1006.407}, {""stage_name"": ""test_array"", ""planned_duration_ms"": 4000, ""intended_onset_ms"": 753126.57, ""actual_onset_global_ms"": 753179.747, ""actual_offset_global_ms"": 755610.704, ""actual_duration_ms"": 2430.957}]",,,,,,,,,,,,,,,,,,,,,,,,,,,,,,,,,,,,,,,,,,,,,,,,,,1.0,,,,,,,,,,,,,3.0,change,0.0,"[-166.88, 177.73]","[[-166.88, 177.73], [222.97, 102.07], [231.03, -72.33]]","[""red"", ""purple"", ""green""]","[""yellow"", ""purple"", ""green""]",red,yellow,j,change,3.0,1.0
011,011_T1_20260502_155726,PCPA,T1,standard,hci_substudy_v2,1,telemetry_v4,change_detection,4,formal_cd,formal,1,9,17,formal,N4_change,1777708646,151.361,2026-05-02T16:10:05.969,0,0,0,1,755615.266,755629.314,,,,,j,,1,4087.977,,,,759215.266,759362.136,763533.364,4000,4171.228,763533.364,"[{""stage_name"": ""fixation"", ""planned_duration_ms"": 100, ""intended_onset_ms"": 755615.266, ""actual_onset_global_ms"": 755629.314, ""actual_offset_global_ms"": 755728.066, ""actual_duration_ms"": 98.752}, {""stage_name"": ""memory_array"", ""planned_duration_ms"": 2500, ""intended_onset_ms"": 755715.266, ""actual_onset_global_ms"": 755794.24, ""actual_offset_global_ms"": 758280.905, ""actual_duration_ms"": 2486.665}, {""stage_name"": ""delay"", ""planned_duration_ms"": 1000, ""intended_onset_ms"": 758280.905, ""actual_onset_global_ms"": 758287.409, ""actual_offset_global_ms"": 759292.068, ""actual_duration_ms"": 1004.659}, {""stage_name"": ""test_array"", ""planned_duration_ms"": 4000, ""intended_onset_ms"": 759292.068, ""actual_onset_global_ms"": 759362.136, ""actual_offset_global_ms"": 763533.364, ""actual_duration_ms"": 4171.228}]",,,,,,,,,,,,,,,,,,,,,,,,,,,,,,,,,,,,,,,,,,,,,,,,,,1.0,,,,,,,,,,,,,4.0,change,2.0,"[212.89, -45.87]","[[202.12, -149.51], [-145.62, 220.9], [212.89, -45.87], [-222.08, -27.18]]","[""green"", ""purple"", ""yellow"", ""blue""]","[""green"", ""purple"", ""red"", ""blue""]",yellow,red,j,change,6.0,1.0
011,011_T1_20260502_155726,PCPA,T1,standard,hci_substudy_v2,1,telemetry_v4,change_detection,4,formal_cd,formal,1,10,18,formal,N3_same,1777708646,151.361,2026-05-02T16:10:13.892,0,0,0,1,763538.528,763553.231,,,,,s,,1,2142.584,,,,767138.528,767236.103,769401.483,4000,2165.38,769401.483,"[{""stage_name"": ""fixation"", ""planned_duration_ms"": 100, ""intended_onset_ms"": 763538.528, ""actual_onset_global_ms"": 763553.231, ""actual_offset_global_ms"": 763653.31, ""actual_duration_ms"": 100.079}, {""stage_name"": ""memory_array"", ""planned_duration_ms"": 2500, ""intended_onset_ms"": 763638.528, ""actual_onset_global_ms"": 763704.708, ""actual_offset_global_ms"": 766175.372, ""actual_duration_ms"": 2470.664}, {""stage_name"": ""delay"", ""planned_duration_ms"": 1000, ""intended_onset_ms"": 766175.372, ""actual_onset_global_ms"": 766180.789, ""actual_offset_global_ms"": 767181.563, ""actual_duration_ms"": 1000.774}, {""stage_name"": ""test_array"", ""planned_duration_ms"": 4000, ""intended_onset_ms"": 767181.563, ""actual_onset_global_ms"": 767236.103, ""actual_offset_global_ms"": 769401.483, ""actual_duration_ms"": 2165.38}]",,,,,,,,,,,,,,,,,,,,,,,,,,,,,,,,,,,,,,,,,,,,,,,,,,1.0,,,,,,,,,,,,,3.0,same,0.0,"[158.07, -243.55]","[[158.07, -243.55], [138.32, -90.57], [-184.76, 34.46]]","[""yellow"", ""purple"", ""red""]","[""yellow"", ""purple"", ""red""]",yellow,yellow,s,same,3.0,1.0
011,011_T1_20260502_155726,PCPA,T1,standard,hci_substudy_v2,1,telemetry_v4,change_detection,4,formal_cd,formal,1,11,19,formal,N1_same,1777708646,151.361,2026-05-02T16:10:19.759,0,0,0,1,769406.023,769420.633,,,,,s,,1,2736.481,,,,773006.023,773051.087,775823.531,4000,2772.444,775823.531,"[{""stage_name"": ""fixation"", ""planned_duration_ms"": 100, ""intended_onset_ms"": 769406.023, ""actual_onset_global_ms"": 769420.633, ""actual_offset_global_ms"": 769519.742, ""actual_duration_ms"": 99.109}, {""stage_name"": ""memory_array"", ""planned_duration_ms"": 2500, ""intended_onset_ms"": 769506.023, ""actual_onset_global_ms"": 769543.604, ""actual_offset_global_ms"": 772020.748, ""actual_duration_ms"": 2477.144}, {""stage_name"": ""delay"", ""planned_duration_ms"": 1000, ""intended_onset_ms"": 772020.748, ""actual_onset_global_ms"": 772026.516, ""actual_offset_global_ms"": 773026.431, ""actual_duration_ms"": 999.915}, {""stage_name"": ""test_array"", ""planned_duration_ms"": 4000, ""intended_onset_ms"": 773026.431, ""actual_onset_global_ms"": 773051.087, ""actual_offset_global_ms"": 775823.531, ""actual_duration_ms"": 2772.444}]",,,,,,,,,,,,,,,,,,,,,,,,,,,,,,,,,,,,,,,,,,,,,,,,,,1.0,,,,,,,,,,,,,1.0,same,0.0,"[-244.59, -50.97]","[[-244.59, -50.97]]","[""yellow""]","[""yellow""]",yellow,yellow,s,same,2.0,1.0
011,011_T1_20260502_155726,PCPA,T1,standard,hci_substudy_v2,1,telemetry_v4,change_detection,4,formal_cd,formal,1,12,20,formal,N4_change,1777708646,151.361,2026-05-02T16:10:26.182,0,0,0,1,775828.509,775843.823,,,,,j,,1,2272.551,,,,779428.509,779531.024,781842.757,4000,2311.733,781842.757,"[{""stage_name"": ""fixation"", ""planned_duration_ms"": 100, ""intended_onset_ms"": 775828.509, ""actual_onset_global_ms"": 775843.823, ""actual_offset_global_ms"": 775944.502, ""actual_duration_ms"": 100.679}, {""stage_name"": ""memory_array"", ""planned_duration_ms"": 2500, ""intended_onset_ms"": 775928.509, ""actual_onset_global_ms"": 776066.665, ""actual_offset_global_ms"": 778456.699, ""actual_duration_ms"": 2390.034}, {""stage_name"": ""delay"", ""planned_duration_ms"": 1000, ""intended_onset_ms"": 778456.699, ""actual_onset_global_ms"": 778461.123, ""actual_offset_global_ms"": 779465.563, ""actual_duration_ms"": 1004.44}, {""stage_name"": ""test_array"", ""planned_duration_ms"": 4000, ""intended_onset_ms"": 779465.563, ""actual_onset_global_ms"": 779531.024, ""actual_offset_global_ms"": 781842.757, ""actual_duration_ms"": 2311.733}]",,,,,,,,,,,,,,,,,,,,,,,,,,,,,,,,,,,,,,,,,,,,,,,,,,1.0,,,,,,,,,,,,,4.0,change,2.0,"[-47.95, -108.95]","[[156.91, 238.72], [-78.89, -232.14], [-47.95, -108.95], [-145.04, 111.68]]","[""purple"", ""green"", ""red"", ""blue""]","[""purple"", ""green"", ""yellow"", ""blue""]",red,yellow,j,change,5.0,1.0
011,011_T1_20260502_155726,PCPA,T1,standard,hci_substudy_v2,1,telemetry_v4,change_detection,4,formal_cd,formal,1,13,21,formal,N3_same,1777708646,151.361,2026-05-02T16:10:32.201,0,0,0,1,781847.475,781861.704,,,,,s,,1,1833.291,,,,785447.475,785561.684,787412.159,4000,1850.475,787412.159,"[{""stage_name"": ""fixation"", ""planned_duration_ms"": 100, ""intended_onset_ms"": 781847.475, ""actual_onset_global_ms"": 781861.704, ""actual_offset_global_ms"": 781963.315, ""actual_duration_ms"": 101.611}, {""stage_name"": ""memory_array"", ""planned_duration_ms"": 2500, ""intended_onset_ms"": 781947.475, ""actual_onset_global_ms"": 782016.515, ""actual_offset_global_ms"": 784507.869, ""actual_duration_ms"": 2491.354}, {""stage_name"": ""delay"", ""planned_duration_ms"": 1000, ""intended_onset_ms"": 784507.869, ""actual_onset_global_ms"": 784511.598, ""actual_offset_global_ms"": 785509.281, ""actual_duration_ms"": 997.683}, {""stage_name"": ""test_array"", ""planned_duration_ms"": 4000, ""intended_onset_ms"": 785509.281, ""actual_onset_global_ms"": 785561.684, ""actual_offset_global_ms"": 787412.159, ""actual_duration_ms"": 1850.475}]",,,,,,,,,,,,,,,,,,,,,,,,,,,,,,,,,,,,,,,,,,,,,,,,,,1.0,,,,,,,,,,,,,3.0,same,0.0,"[-38.13, -177.03]","[[-38.13, -177.03], [190.05, 61.57], [148.05, -141.38]]","[""red"", ""green"", ""purple""]","[""red"", ""green"", ""purple""]",red,red,s,same,3.0,1.0
011,011_T1_20260502_155726,PCPA,T1,standard,hci_substudy_v2,1,telemetry_v4,change_detection,4,formal_cd,formal,1,14,22,formal,N4_change,1777708646,151.361,2026-05-02T16:10:37.770,0,0,0,1,787416.823,787433.178,,,,,j,,0,2505.727,,,,791016.823,791164.984,793738.316,4000,2573.332,793738.316,"[{""stage_name"": ""fixation"", ""planned_duration_ms"": 100, ""intended_onset_ms"": 787416.823, ""actual_onset_global_ms"": 787433.178, ""actual_offset_global_ms"": 787528.753, ""actual_duration_ms"": 95.575}, {""stage_name"": ""memory_array"", ""planned_duration_ms"": 2500, ""intended_onset_ms"": 787516.823, ""actual_onset_global_ms"": 787593.703, ""actual_offset_global_ms"": 790091.555, ""actual_duration_ms"": 2497.852}, {""stage_name"": ""delay"", ""planned_duration_ms"": 1000, ""intended_onset_ms"": 790091.555, ""actual_onset_global_ms"": 790095.446, ""actual_offset_global_ms"": 791099.703, ""actual_duration_ms"": 1004.257}, {""stage_name"": ""test_array"", ""planned_duration_ms"": 4000, ""intended_onset_ms"": 791099.703, ""actual_onset_global_ms"": 791164.984, ""actual_offset_global_ms"": 793738.316, ""actual_duration_ms"": 2573.332}]",,,,,,,,,,,,,,,,,,,,,,,,,,,,,,,,,,,,,,,,,,,,,,,,,,0.0,,,,,,,,,,,,,4.0,change,2.0,"[95.68, -19.62]","[[200.14, -250.54], [8.44, -232.24], [95.68, -19.62], [45.13, 98.9]]","[""blue"", ""red"", ""purple"", ""yellow""]","[""blue"", ""red"", ""green"", ""yellow""]",purple,green,s,same,6.0,1.0
011,011_T1_20260502_155726,PCPA,T1,standard,hci_substudy_v2,1,telemetry_v4,change_detection,4,formal_cd,formal,1,15,23,formal,N4_change,1777708646,151.361,2026-05-02T16:10:44.096,0,0,0,1,793743.143,793757.292,,,,,j,,1,1955.551,,,,797343.143,797472.206,799436.81,4000,1964.604,799436.81,"[{""stage_name"": ""fixation"", ""planned_duration_ms"": 100, ""intended_onset_ms"": 793743.143, ""actual_onset_global_ms"": 793757.292, ""actual_offset_global_ms"": 793853.731, ""actual_duration_ms"": 96.439}, {""stage_name"": ""memory_array"", ""planned_duration_ms"": 2500, ""intended_onset_ms"": 793843.143, ""actual_onset_global_ms"": 793917.552, ""actual_offset_global_ms"": 796396.162, ""actual_duration_ms"": 2478.61}, {""stage_name"": ""delay"", ""planned_duration_ms"": 1000, ""intended_onset_ms"": 796396.162, ""actual_onset_global_ms"": 796401.839, ""actual_offset_global_ms"": 797406.496, ""actual_duration_ms"": 1004.657}, {""stage_name"": ""test_array"", ""planned_duration_ms"": 4000, ""intended_onset_ms"": 797406.496, ""actual_onset_global_ms"": 797472.206, ""actual_offset_global_ms"": 799436.81, ""actual_duration_ms"": 1964.604}]",,,,,,,,,,,,,,,,,,,,,,,,,,,,,,,,,,,,,,,,,,,,,,,,,,1.0,,,,,,,,,,,,,4.0,change,1.0,"[-72.77, -157.61]","[[-153.55, 170.27], [-72.77, -157.61], [11.23, 182.92], [106.3, 33.55]]","[""green"", ""red"", ""purple"", ""yellow""]","[""green"", ""blue"", ""purple"", ""yellow""]",red,blue,j,change,4.0,1.0
011,011_T1_20260502_155726,PCPA,T1,standard,hci_substudy_v2,1,telemetry_v4,change_detection,4,formal_cd,formal,1,16,24,formal,N3_same,1777708646,151.361,2026-05-02T16:10:49.794,0,0,0,1,799440.828,799454.222,,,,,s,,1,1579.297,,,,803040.828,803124.746,804720.052,4000,1595.306,804720.052,"[{""stage_name"": ""fixation"", ""planned_duration_ms"": 100, ""intended_onset_ms"": 799440.828, ""actual_onset_global_ms"": 799454.222, ""actual_offset_global_ms"": 799547.905, ""actual_duration_ms"": 93.683}, {""stage_name"": ""memory_array"", ""planned_duration_ms"": 2500, ""intended_onset_ms"": 799540.828, ""actual_onset_global_ms"": 799588.092, ""actual_offset_global_ms"": 802079.047, ""actual_duration_ms"": 2490.955}, {""stage_name"": ""delay"", ""planned_duration_ms"": 1000, ""intended_onset_ms"": 802079.047, ""actual_onset_global_ms"": 802082.898, ""actual_offset_global_ms"": 803084.103, ""actual_duration_ms"": 1001.205}, {""stage_name"": ""test_array"", ""planned_duration_ms"": 4000, ""intended_onset_ms"": 803084.103, ""actual_onset_global_ms"": 803124.746, ""actual_offset_global_ms"": 804720.052, ""actual_duration_ms"": 1595.306}]",,,,,,,,,,,,,,,,,,,,,,,,,,,,,,,,,,,,,,,,,,,,,,,,,,1.0,,,,,,,,,,,,,3.0,same,1.0,"[175.1, -233.85]","[[-244.1, 78.86], [175.1, -233.85], [-64.73, -209.37]]","[""purple"", ""red"", ""blue""]","[""purple"", ""red"", ""blue""]",red,red,s,same,5.0,1.0
011,011_T1_20260502_155726,PCPA,T1,standard,hci_substudy_v2,1,telemetry_v4,change_detection,4,formal_cd,formal,1,17,25,formal,N4_same,1777708646,151.361,2026-05-02T16:10:55.080,0,0,0,1,804726.497,804741.006,,,,,s,,1,4490.203,,,,808326.497,808471.49,812995.756,4000,4524.266,812995.756,"[{""stage_name"": ""fixation"", ""planned_duration_ms"": 100, ""intended_onset_ms"": 804726.497, ""actual_onset_global_ms"": 804741.006, ""actual_offset_global_ms"": 804839.921, ""actual_duration_ms"": 98.915}, {""stage_name"": ""memory_array"", ""planned_duration_ms"": 2500, ""intended_onset_ms"": 804826.497, ""actual_onset_global_ms"": 804907.636, ""actual_offset_global_ms"": 807399.973, ""actual_duration_ms"": 2492.337}, {""stage_name"": ""delay"", ""planned_duration_ms"": 1000, ""intended_onset_ms"": 807399.973, ""actual_onset_global_ms"": 807402.905, ""actual_offset_global_ms"": 808404.813, ""actual_duration_ms"": 1001.908}, {""stage_name"": ""test_array"", ""planned_duration_ms"": 4000, ""intended_onset_ms"": 808404.813, ""actual_onset_global_ms"": 808471.49, ""actual_offset_global_ms"": 812995.756, ""actual_duration_ms"": 4524.266}]",,,,,,,,,,,,,,,,,,,,,,,,,,,,,,,,,,,,,,,,,,,,,,,,,,1.0,,,,,,,,,,,,,4.0,same,1.0,"[202.88, -241.62]","[[-21.31, 256.74], [202.88, -241.62], [202.94, -75.36], [-174.21, 132.68]]","[""purple"", ""blue"", ""red"", ""yellow""]","[""purple"", ""blue"", ""red"", ""yellow""]",blue,blue,s,same,8.0,1.0
011,011_T1_20260502_155726,PCPA,T1,standard,hci_substudy_v2,1,telemetry_v4,change_detection,4,formal_cd,formal,1,18,26,formal,N2_same,1777708646,151.361,2026-05-02T16:11:03.353,0,0,0,1,812999.458,813014.017,,,,,s,,1,7645.565,,,,816599.458,816692.273,824359.684,4000,7667.411,824359.684,"[{""stage_name"": ""fixation"", ""planned_duration_ms"": 100, ""intended_onset_ms"": 812999.458, ""actual_onset_global_ms"": 813014.017, ""actual_offset_global_ms"": 813109.174, ""actual_duration_ms"": 95.157}, {""stage_name"": ""memory_array"", ""planned_duration_ms"": 2500, ""intended_onset_ms"": 813099.458, ""actual_onset_global_ms"": 813139.654, ""actual_offset_global_ms"": 815648.486, ""actual_duration_ms"": 2508.832}, {""stage_name"": ""delay"", ""planned_duration_ms"": 1000, ""intended_onset_ms"": 815648.486, ""actual_onset_global_ms"": 815652.576, ""actual_offset_global_ms"": 816653.929, ""actual_duration_ms"": 1001.353}, {""stage_name"": ""test_array"", ""planned_duration_ms"": 4000, ""intended_onset_ms"": 816653.929, ""actual_onset_global_ms"": 816692.273, ""actual_offset_global_ms"": 824359.684, ""actual_duration_ms"": 7667.411}]",,,,,,,,,,,,,,,,,,,,,,,,,,,,,,,,,,,,,,,,,,,,,,,,,,1.0,,,,,,,,,,,,,2.0,same,0.0,"[16.25, -181.07]","[[16.25, -181.07], [31.38, 223.11]]","[""green"", ""blue""]","[""green"", ""blue""]",green,green,s,same,2.0,1.0
011,011_T1_20260502_155726,PCPA,T1,standard,hci_substudy_v2,1,telemetry_v4,change_detection,4,formal_cd,formal,1,19,27,formal,N2_change,1777708646,151.361,2026-05-02T16:11:14.718,0,0,0,1,824364.826,824380.75,,,,,j,,1,1297.823,,,,827964.826,828054.673,829406.286,4000,1351.613,829406.286,"[{""stage_name"": ""fixation"", ""planned_duration_ms"": 100, ""intended_onset_ms"": 824364.826, ""actual_onset_global_ms"": 824380.75, ""actual_offset_global_ms"": 824483.811, ""actual_duration_ms"": 103.061}, {""stage_name"": ""memory_array"", ""planned_duration_ms"": 2500, ""intended_onset_ms"": 824464.826, ""actual_onset_global_ms"": 824522.944, ""actual_offset_global_ms"": 827009.897, ""actual_duration_ms"": 2486.953}, {""stage_name"": ""delay"", ""planned_duration_ms"": 1000, ""intended_onset_ms"": 827009.897, ""actual_onset_global_ms"": 827016.388, ""actual_offset_global_ms"": 828015.978, ""actual_duration_ms"": 999.59}, {""stage_name"": ""test_array"", ""planned_duration_ms"": 4000, ""intended_onset_ms"": 828015.978, ""actual_onset_global_ms"": 828054.673, ""actual_offset_global_ms"": 829406.286, ""actual_duration_ms"": 1351.613}]",,,,,,,,,,,,,,,,,,,,,,,,,,,,,,,,,,,,,,,,,,,,,,,,,,1.0,,,,,,,,,,,,,2.0,change,0.0,"[208.8, 50.18]","[[208.8, 50.18], [219.63, 200.0]]","[""red"", ""green""]","[""yellow"", ""green""]",red,yellow,j,change,2.0,1.0
011,011_T1_20260502_155726,PCPA,T1,standard,hci_substudy_v2,1,telemetry_v4,change_detection,4,formal_cd,formal,1,20,28,formal,N1_same,1777708646,151.361,2026-05-02T16:11:19.764,0,0,0,1,829411.563,829426.193,,,,,s,,1,1444.327,,,,833011.563,833069.336,834542.578,4000,1473.242,834542.578,"[{""stage_name"": ""fixation"", ""planned_duration_ms"": 100, ""intended_onset_ms"": 829411.563, ""actual_onset_global_ms"": 829426.193, ""actual_offset_global_ms"": 829524.759, ""actual_duration_ms"": 98.566}, {""stage_name"": ""memory_array"", ""planned_duration_ms"": 2500, ""intended_onset_ms"": 829511.563, ""actual_onset_global_ms"": 829549.033, ""actual_offset_global_ms"": 832035.137, ""actual_duration_ms"": 2486.104}, {""stage_name"": ""delay"", ""planned_duration_ms"": 1000, ""intended_onset_ms"": 832035.137, ""actual_onset_global_ms"": 832041.147, ""actual_offset_global_ms"": 833044.801, ""actual_duration_ms"": 1003.654}, {""stage_name"": ""test_array"", ""planned_duration_ms"": 4000, ""intended_onset_ms"": 833044.801, ""actual_onset_global_ms"": 833069.336, ""actual_offset_global_ms"": 834542.578, ""actual_duration_ms"": 1473.242}]",,,,,,,,,,,,,,,,,,,,,,,,,,,,,,,,,,,,,,,,,,,,,,,,,,1.0,,,,,,,,,,,,,1.0,same,0.0,"[156.68, -165.86]","[[156.68, -165.86]]","[""red""]","[""red""]",red,red,s,same,1.0,1.0
011,011_T1_20260502_155726,PCPA,T1,standard,hci_substudy_v2,1,telemetry_v4,change_detection,4,formal_cd,formal,1,21,29,formal,N1_change,1777708646,151.361,2026-05-02T16:11:24.902,0,0,0,1,834548.653,834565.608,,,,,j,,1,1651.956,,,,838148.653,838201.741,839885.523,4000,1683.782,839885.523,"[{""stage_name"": ""fixation"", ""planned_duration_ms"": 100, ""intended_onset_ms"": 834548.653, ""actual_onset_global_ms"": 834565.608, ""actual_offset_global_ms"": 834666.427, ""actual_duration_ms"": 100.819}, {""stage_name"": ""memory_array"", ""planned_duration_ms"": 2500, ""intended_onset_ms"": 834648.653, ""actual_onset_global_ms"": 834689.704, ""actual_offset_global_ms"": 837168.443, ""actual_duration_ms"": 2478.739}, {""stage_name"": ""delay"", ""planned_duration_ms"": 1000, ""intended_onset_ms"": 837168.443, ""actual_onset_global_ms"": 837173.521, ""actual_offset_global_ms"": 838178.002, ""actual_duration_ms"": 1004.481}, {""stage_name"": ""test_array"", ""planned_duration_ms"": 4000, ""intended_onset_ms"": 838178.002, ""actual_onset_global_ms"": 838201.741, ""actual_offset_global_ms"": 839885.523, ""actual_duration_ms"": 1683.782}]",,,,,,,,,,,,,,,,,,,,,,,,,,,,,,,,,,,,,,,,,,,,,,,,,,1.0,,,,,,,,,,,,,1.0,change,0.0,"[-145.34, 205.55]","[[-145.34, 205.55]]","[""red""]","[""blue""]",red,blue,j,change,1.0,1.0
011,011_T1_20260502_155726,PCPA,T1,standard,hci_substudy_v2,1,telemetry_v4,change_detection,4,formal_cd,formal,1,22,30,formal,N3_change,1777708646,151.361,2026-05-02T16:11:30.244,0,0,0,1,839890.725,839905.133,,,,,j,,1,1294.085,,,,843490.725,843607.21,844912.51,4000,1305.3,844912.51,"[{""stage_name"": ""fixation"", ""planned_duration_ms"": 100, ""intended_onset_ms"": 839890.725, ""actual_onset_global_ms"": 839905.133, ""actual_offset_global_ms"": 840006.806, ""actual_duration_ms"": 101.673}, {""stage_name"": ""memory_array"", ""planned_duration_ms"": 2500, ""intended_onset_ms"": 839990.725, ""actual_onset_global_ms"": 840062.177, ""actual_offset_global_ms"": 842541.647, ""actual_duration_ms"": 2479.47}, {""stage_name"": ""delay"", ""planned_duration_ms"": 1000, ""intended_onset_ms"": 842541.647, ""actual_onset_global_ms"": 842548.602, ""actual_offset_global_ms"": 843551.662, ""actual_duration_ms"": 1003.06}, {""stage_name"": ""test_array"", ""planned_duration_ms"": 4000, ""intended_onset_ms"": 843551.662, ""actual_onset_global_ms"": 843607.21, ""actual_offset_global_ms"": 844912.51, ""actual_duration_ms"": 1305.3}]",,,,,,,,,,,,,,,,,,,,,,,,,,,,,,,,,,,,,,,,,,,,,,,,,,1.0,,,,,,,,,,,,,3.0,change,0.0,"[-77.31, 105.32]","[[-77.31, 105.32], [-258.81, -163.25], [-208.64, 185.82]]","[""green"", ""red"", ""blue""]","[""yellow"", ""red"", ""blue""]",green,yellow,j,change,3.0,1.0
011,011_T1_20260502_155726,PCPA,T1,standard,hci_substudy_v2,1,telemetry_v4,change_detection,4,formal_cd,formal,1,23,31,formal,N1_change,1777708646,151.361,2026-05-02T16:11:35.271,0,0,0,1,844917.972,844936.808,,,,,j,,0,1234.637,,,,848517.972,848579.913,849827.651,4000,1247.738,849827.651,"[{""stage_name"": ""fixation"", ""planned_duration_ms"": 100, ""intended_onset_ms"": 844917.972, ""actual_onset_global_ms"": 844936.808, ""actual_offset_global_ms"": 845037.848, ""actual_duration_ms"": 101.04}, {""stage_name"": ""memory_array"", ""planned_duration_ms"": 2500, ""intended_onset_ms"": 845017.972, ""actual_onset_global_ms"": 845062.914, ""actual_offset_global_ms"": 847543.014, ""actual_duration_ms"": 2480.1}, {""stage_name"": ""delay"", ""planned_duration_ms"": 1000, ""intended_onset_ms"": 847543.014, ""actual_onset_global_ms"": 847548.609, ""actual_offset_global_ms"": 848555.213, ""actual_duration_ms"": 1006.604}, {""stage_name"": ""test_array"", ""planned_duration_ms"": 4000, ""intended_onset_ms"": 848555.213, ""actual_onset_global_ms"": 848579.913, ""actual_offset_global_ms"": 849827.651, ""actual_duration_ms"": 1247.738}]",,,,,,,,,,,,,,,,,,,,,,,,,,,,,,,,,,,,,,,,,,,,,,,,,,0.0,,,,,,,,,,,,,1.0,change,0.0,"[96.35, -222.22]","[[96.35, -222.22]]","[""red""]","[""blue""]",red,blue,s,same,1.0,1.0
011,011_T1_20260502_155726,PCPA,T1,standard,hci_substudy_v2,1,telemetry_v4,change_detection,4,formal_cd,formal,1,24,32,formal,N2_same,1777708646,151.361,2026-05-02T16:11:40.186,0,0,0,1,849832.744,849849.04,,,,,s,,1,7058.65,,,,853432.744,853494.202,860585.117,4000,7090.915,860585.117,"[{""stage_name"": ""fixation"", ""planned_duration_ms"": 100, ""intended_onset_ms"": 849832.744, ""actual_onset_global_ms"": 849849.04, ""actual_offset_global_ms"": 849943.328, ""actual_duration_ms"": 94.288}, {""stage_name"": ""memory_array"", ""planned_duration_ms"": 2500, ""intended_onset_ms"": 849932.744, ""actual_onset_global_ms"": 849978.831, ""actual_offset_global_ms"": 852446.943, ""actual_duration_ms"": 2468.112}, {""stage_name"": ""delay"", ""planned_duration_ms"": 1000, ""intended_onset_ms"": 852446.943, ""actual_onset_global_ms"": 852453.105, ""actual_offset_global_ms"": 853456.42, ""actual_duration_ms"": 1003.315}, {""stage_name"": ""test_array"", ""planned_duration_ms"": 4000, ""intended_onset_ms"": 853456.42, ""actual_onset_global_ms"": 853494.202, ""actual_offset_global_ms"": 860585.117, ""actual_duration_ms"": 7090.915}]",,,,,,,,,,,,,,,,,,,,,,,,,,,,,,,,,,,,,,,,,,,,,,,,,,1.0,,,,,,,,,,,,,2.0,same,0.0,"[-203.26, -0.28]","[[-203.26, -0.28], [144.21, 220.96]]","[""purple"", ""yellow""]","[""purple"", ""yellow""]",purple,purple,s,same,2.0,1.0
011,011_T1_20260502_155726,PCPA,T1,standard,hci_substudy_v2,1,telemetry_v4,change_detection,4,formal_cd,formal,1,25,33,formal,N2_same,1777708646,151.361,2026-05-02T16:11:50.943,0,0,0,1,860589.509,860602.485,,,,,s,,1,2934.321,,,,864189.509,864277.655,867262.516,4000,2984.861,867262.516,"[{""stage_name"": ""fixation"", ""planned_duration_ms"": 100, ""intended_onset_ms"": 860589.509, ""actual_onset_global_ms"": 860602.485, ""actual_offset_global_ms"": 860698.209, ""actual_duration_ms"": 95.724}, {""stage_name"": ""memory_array"", ""planned_duration_ms"": 2500, ""intended_onset_ms"": 860689.509, ""actual_onset_global_ms"": 860735.142, ""actual_offset_global_ms"": 863231.489, ""actual_duration_ms"": 2496.347}, {""stage_name"": ""delay"", ""planned_duration_ms"": 1000, ""intended_onset_ms"": 863231.489, ""actual_onset_global_ms"": 863234.875, ""actual_offset_global_ms"": 864237.52, ""actual_duration_ms"": 1002.645}, {""stage_name"": ""test_array"", ""planned_duration_ms"": 4000, ""intended_onset_ms"": 864237.52, ""actual_onset_global_ms"": 864277.655, ""actual_offset_global_ms"": 867262.516, ""actual_duration_ms"": 2984.861}]",,,,,,,,,,,,,,,,,,,,,,,,,,,,,,,,,,,,,,,,,,,,,,,,,,1.0,,,,,,,,,,,,,2.0,same,1.0,"[-189.53, -152.4]","[[162.19, 233.28], [-189.53, -152.4]]","[""red"", ""yellow""]","[""red"", ""yellow""]",yellow,yellow,s,same,2.0,1.0
011,011_T1_20260502_155726,PCPA,T1,standard,hci_substudy_v2,1,telemetry_v4,change_detection,4,formal_cd,formal,1,26,34,formal,N3_change,1777708646,151.361,2026-05-02T16:11:57.621,0,0,0,1,867267.746,867283.712,,,,,j,,1,2832.616,,,,870867.746,870948.703,873849.35,4000,2900.647,873849.35,"[{""stage_name"": ""fixation"", ""planned_duration_ms"": 100, ""intended_onset_ms"": 867267.746, ""actual_onset_global_ms"": 867283.712, ""actual_offset_global_ms"": 867379.097, ""actual_duration_ms"": 95.385}, {""stage_name"": ""memory_array"", ""planned_duration_ms"": 2500, ""intended_onset_ms"": 867367.746, ""actual_onset_global_ms"": 867428.504, ""actual_offset_global_ms"": 869888.736, ""actual_duration_ms"": 2460.232}, {""stage_name"": ""delay"", ""planned_duration_ms"": 1000, ""intended_onset_ms"": 869888.736, ""actual_onset_global_ms"": 869894.733, ""actual_offset_global_ms"": 870895.391, ""actual_duration_ms"": 1000.658}, {""stage_name"": ""test_array"", ""planned_duration_ms"": 4000, ""intended_onset_ms"": 870895.391, ""actual_onset_global_ms"": 870948.703, ""actual_offset_global_ms"": 873849.35, ""actual_duration_ms"": 2900.647}]",,,,,,,,,,,,,,,,,,,,,,,,,,,,,,,,,,,,,,,,,,,,,,,,,,1.0,,,,,,,,,,,,,3.0,change,1.0,"[-12.53, -208.7]","[[192.69, 91.06], [-12.53, -208.7], [-142.31, 40.0]]","[""purple"", ""red"", ""yellow""]","[""purple"", ""green"", ""yellow""]",red,green,j,change,3.0,1.0
011,011_T1_20260502_155726,PCPA,T1,standard,hci_substudy_v2,1,telemetry_v4,change_detection,4,formal_cd,formal,1,27,35,formal,N4_same,1777708646,151.361,2026-05-02T16:12:04.209,0,0,0,1,873856.002,873870.064,,,,,s,,0,7450.766,,,,877456.002,877590.82,885084.143,4000,7493.323,885084.143,"[{""stage_name"": ""fixation"", ""planned_duration_ms"": 100, ""intended_onset_ms"": 873856.002, ""actual_onset_global_ms"": 873870.064, ""actual_offset_global_ms"": 873972.584, ""actual_duration_ms"": 102.52}, {""stage_name"": ""memory_array"", ""planned_duration_ms"": 2500, ""intended_onset_ms"": 873956.002, ""actual_onset_global_ms"": 874040.547, ""actual_offset_global_ms"": 876512.442, ""actual_duration_ms"": 2471.895}, {""stage_name"": ""delay"", ""planned_duration_ms"": 1000, ""intended_onset_ms"": 876512.442, ""actual_onset_global_ms"": 876519.981, ""actual_offset_global_ms"": 877519.51, ""actual_duration_ms"": 999.529}, {""stage_name"": ""test_array"", ""planned_duration_ms"": 4000, ""intended_onset_ms"": 877519.51, ""actual_onset_global_ms"": 877590.82, ""actual_offset_global_ms"": 885084.143, ""actual_duration_ms"": 7493.323}]",,,,,,,,,,,,,,,,,,,,,,,,,,,,,,,,,,,,,,,,,,,,,,,,,,0.0,,,,,,,,,,,,,4.0,same,3.0,"[-233.1, -163.55]","[[29.04, 202.57], [-30.92, -173.88], [225.41, 67.36], [-233.1, -163.55]]","[""red"", ""green"", ""blue"", ""purple""]","[""red"", ""green"", ""blue"", ""purple""]",purple,purple,j,change,6.0,1.0
011,011_T1_20260502_155726,PCPA,T1,standard,hci_substudy_v2,1,telemetry_v4,change_detection,4,formal_cd,formal,1,28,36,formal,N2_same,1777708646,151.361,2026-05-02T16:12:15.443,0,0,0,1,885089.41,885105.683,,,,,s,,1,1715.872,,,,888689.41,888759.23,890532.317,4000,1773.087,890532.317,"[{""stage_name"": ""fixation"", ""planned_duration_ms"": 100, ""intended_onset_ms"": 885089.41, ""actual_onset_global_ms"": 885105.683, ""actual_offset_global_ms"": 885208.384, ""actual_duration_ms"": 102.701}, {""stage_name"": ""memory_array"", ""planned_duration_ms"": 2500, ""intended_onset_ms"": 885189.41, ""actual_onset_global_ms"": 885247.864, ""actual_offset_global_ms"": 887713.487, ""actual_duration_ms"": 2465.623}, {""stage_name"": ""delay"", ""planned_duration_ms"": 1000, ""intended_onset_ms"": 887713.487, ""actual_onset_global_ms"": 887719.224, ""actual_offset_global_ms"": 888719.655, ""actual_duration_ms"": 1000.431}, {""stage_name"": ""test_array"", ""planned_duration_ms"": 4000, ""intended_onset_ms"": 888719.655, ""actual_onset_global_ms"": 888759.23, ""actual_offset_global_ms"": 890532.317, ""actual_duration_ms"": 1773.087}]",,,,,,,,,,,,,,,,,,,,,,,,,,,,,,,,,,,,,,,,,,,,,,,,,,1.0,,,,,,,,,,,,,2.0,same,1.0,"[-217.49, -216.1]","[[-25.08, -223.2], [-217.49, -216.1]]","[""blue"", ""purple""]","[""blue"", ""purple""]",purple,purple,s,same,2.0,1.0
011,011_T1_20260502_155726,PCPA,T1,standard,hci_substudy_v2,1,telemetry_v4,change_detection,4,formal_cd,formal,1,29,37,formal,N4_change,1777708646,151.361,2026-05-02T16:12:20.890,0,0,0,1,890537.57,890551.884,,,,,j,,1,1566.1,,,,894137.57,894254.619,895857.439,4000,1602.82,895857.439,"[{""stage_name"": ""fixation"", ""planned_duration_ms"": 100, ""intended_onset_ms"": 890537.57, ""actual_onset_global_ms"": 890551.884, ""actual_offset_global_ms"": 890653.253, ""actual_duration_ms"": 101.369}, {""stage_name"": ""memory_array"", ""planned_duration_ms"": 2500, ""intended_onset_ms"": 890637.57, ""actual_onset_global_ms"": 890722.059, ""actual_offset_global_ms"": 893187.689, ""actual_duration_ms"": 2465.63}, {""stage_name"": ""delay"", ""planned_duration_ms"": 1000, ""intended_onset_ms"": 893187.689, ""actual_onset_global_ms"": 893192.631, ""actual_offset_global_ms"": 894191.717, ""actual_duration_ms"": 999.086}, {""stage_name"": ""test_array"", ""planned_duration_ms"": 4000, ""intended_onset_ms"": 894191.717, ""actual_onset_global_ms"": 894254.619, ""actual_offset_global_ms"": 895857.439, ""actual_duration_ms"": 1602.82}]",,,,,,,,,,,,,,,,,,,,,,,,,,,,,,,,,,,,,,,,,,,,,,,,,,1.0,,,,,,,,,,,,,4.0,change,3.0,"[143.5, -22.22]","[[-173.94, -195.0], [98.33, 91.71], [-215.43, 22.5], [143.5, -22.22]]","[""blue"", ""purple"", ""green"", ""yellow""]","[""blue"", ""purple"", ""green"", ""red""]",yellow,red,j,change,7.0,1.0
011,011_T1_20260502_155726,PCPA,T1,standard,hci_substudy_v2,1,telemetry_v4,change_detection,4,formal_cd,formal,1,30,38,formal,N3_same,1777708646,151.361,2026-05-02T16:12:26.215,0,0,0,1,895862.236,895877.649,,,,,s,,1,3825.366,,,,899462.236,899546.552,903386.212,4000,3839.66,903386.212,"[{""stage_name"": ""fixation"", ""planned_duration_ms"": 100, ""intended_onset_ms"": 895862.236, ""actual_onset_global_ms"": 895877.649, ""actual_offset_global_ms"": 895971.234, ""actual_duration_ms"": 93.585}, {""stage_name"": ""memory_array"", ""planned_duration_ms"": 2500, ""intended_onset_ms"": 895962.236, ""actual_onset_global_ms"": 896014.92, ""actual_offset_global_ms"": 898486.968, ""actual_duration_ms"": 2472.048}, {""stage_name"": ""delay"", ""planned_duration_ms"": 1000, ""intended_onset_ms"": 898486.968, ""actual_onset_global_ms"": 898491.672, ""actual_offset_global_ms"": 899491.782, ""actual_duration_ms"": 1000.11}, {""stage_name"": ""test_array"", ""planned_duration_ms"": 4000, ""intended_onset_ms"": 899491.782, ""actual_onset_global_ms"": 899546.552, ""actual_offset_global_ms"": 903386.212, ""actual_duration_ms"": 3839.66}]",,,,,,,,,,,,,,,,,,,,,,,,,,,,,,,,,,,,,,,,,,,,,,,,,,1.0,,,,,,,,,,,,,3.0,same,0.0,"[75.61, -253.25]","[[75.61, -253.25], [-191.34, 134.92], [-240.43, -49.83]]","[""blue"", ""yellow"", ""red""]","[""blue"", ""yellow"", ""red""]",blue,blue,s,same,4.0,1.0
011,011_T1_20260502_155726,PCPA,T1,standard,hci_substudy_v2,1,telemetry_v4,change_detection,4,formal_cd,formal,1,31,39,formal,N3_change,1777708646,151.361,2026-05-02T16:12:33.745,0,0,0,1,903391.879,903409.389,,,,,j,,1,5492.267,,,,906991.879,907125.927,912686.589,4000,5560.662,912686.589,"[{""stage_name"": ""fixation"", ""planned_duration_ms"": 100, ""intended_onset_ms"": 903391.879, ""actual_onset_global_ms"": 903409.389, ""actual_offset_global_ms"": 903510.982, ""actual_duration_ms"": 101.593}, {""stage_name"": ""memory_array"", ""planned_duration_ms"": 2500, ""intended_onset_ms"": 903491.879, ""actual_onset_global_ms"": 903564.008, ""actual_offset_global_ms"": 906061.776, ""actual_duration_ms"": 2497.768}, {""stage_name"": ""delay"", ""planned_duration_ms"": 1000, ""intended_onset_ms"": 906061.776, ""actual_onset_global_ms"": 906065.124, ""actual_offset_global_ms"": 907069.678, ""actual_duration_ms"": 1004.554}, {""stage_name"": ""test_array"", ""planned_duration_ms"": 4000, ""intended_onset_ms"": 907069.678, ""actual_onset_global_ms"": 907125.927, ""actual_offset_global_ms"": 912686.589, ""actual_duration_ms"": 5560.662}]",,,,,,,,,,,,,,,,,,,,,,,,,,,,,,,,,,,,,,,,,,,,,,,,,,1.0,,,,,,,,,,,,,3.0,change,2.0,"[9.09, -113.1]","[[175.81, 237.08], [-91.57, 7.65], [9.09, -113.1]]","[""purple"", ""green"", ""yellow""]","[""purple"", ""green"", ""red""]",yellow,red,j,change,3.0,1.0
011,011_T1_20260502_155726,PCPA,T1,standard,hci_substudy_v2,1,telemetry_v4,change_detection,4,formal_cd,formal,1,32,40,formal,N2_change,1777708646,151.361,2026-05-02T16:12:43.046,0,0,0,1,912692.824,912708.606,,,,,j,,1,1644.563,,,,916292.824,916360.081,918047.783,4000,1687.702,918047.783,"[{""stage_name"": ""fixation"", ""planned_duration_ms"": 100, ""intended_onset_ms"": 912692.824, ""actual_onset_global_ms"": 912708.606, ""actual_offset_global_ms"": 912806.502, ""actual_duration_ms"": 97.896}, {""stage_name"": ""memory_array"", ""planned_duration_ms"": 2500, ""intended_onset_ms"": 912792.824, ""actual_onset_global_ms"": 912845.221, ""actual_offset_global_ms"": 915308.692, ""actual_duration_ms"": 2463.471}, {""stage_name"": ""delay"", ""planned_duration_ms"": 1000, ""intended_onset_ms"": 915308.692, ""actual_onset_global_ms"": 915314.846, ""actual_offset_global_ms"": 916318.09, ""actual_duration_ms"": 1003.244}, {""stage_name"": ""test_array"", ""planned_duration_ms"": 4000, ""intended_onset_ms"": 916318.09, ""actual_onset_global_ms"": 916360.081, ""actual_offset_global_ms"": 918047.783, ""actual_duration_ms"": 1687.702}]",,,,,,,,,,,,,,,,,,,,,,,,,,,,,,,,,,,,,,,,,,,,,,,,,,1.0,,,,,,,,,,,,,2.0,change,0.0,"[78.14, 208.88]","[[78.14, 208.88], [253.0, 40.22]]","[""red"", ""green""]","[""blue"", ""green""]",red,blue,j,change,3.0,1.0
011,011_T1_20260502_155726,PCPA,T1,standard,hci_substudy_v2,1,telemetry_v4,change_detection,4,formal_cd,formal,1,33,41,formal,N2_change,1777708646,151.361,2026-05-02T16:12:48.407,0,0,0,1,918053.56,918069.926,,,,,j,,1,9982.197,,,,921653.56,921730.873,931729.546,4000,9998.673,931729.546,"[{""stage_name"": ""fixation"", ""planned_duration_ms"": 100, ""intended_onset_ms"": 918053.56, ""actual_onset_global_ms"": 918069.926, ""actual_offset_global_ms"": 918172.978, ""actual_duration_ms"": 103.052}, {""stage_name"": ""memory_array"", ""planned_duration_ms"": 2500, ""intended_onset_ms"": 918153.56, ""actual_onset_global_ms"": 918211.954, ""actual_offset_global_ms"": 920679.883, ""actual_duration_ms"": 2467.929}, {""stage_name"": ""delay"", ""planned_duration_ms"": 1000, ""intended_onset_ms"": 920679.883, ""actual_onset_global_ms"": 920685.218, ""actual_offset_global_ms"": 921690.269, ""actual_duration_ms"": 1005.051}, {""stage_name"": ""test_array"", ""planned_duration_ms"": 4000, ""intended_onset_ms"": 921690.269, ""actual_onset_global_ms"": 921730.873, ""actual_offset_global_ms"": 931729.546, ""actual_duration_ms"": 9998.673}]",,,,,,,,,,,,,,,,,,,,,,,,,,,,,,,,,,,,,,,,,,,,,,,,,,1.0,,,,,,,,,,,,,2.0,change,0.0,"[-213.32, -167.99]","[[-213.32, -167.99], [105.66, -249.08]]","[""purple"", ""blue""]","[""red"", ""blue""]",purple,red,j,change,3.0,1.0
011,011_T1_20260502_155726,PCPA,T1,standard,hci_substudy_v2,1,telemetry_v4,change_detection,4,formal_cd,formal,1,34,42,formal,N1_same,1777708646,151.361,2026-05-02T16:13:02.089,0,0,0,1,931735.44,931749.55,,,,,s,,1,2462.677,,,,935335.44,935402.826,937886.761,4000,2483.935,937886.761,"[{""stage_name"": ""fixation"", ""planned_duration_ms"": 100, ""intended_onset_ms"": 931735.44, ""actual_onset_global_ms"": 931749.55, ""actual_offset_global_ms"": 931848.922, ""actual_duration_ms"": 99.372}, {""stage_name"": ""memory_array"", ""planned_duration_ms"": 2500, ""intended_onset_ms"": 931835.44, ""actual_onset_global_ms"": 931872.942, ""actual_offset_global_ms"": 934373.218, ""actual_duration_ms"": 2500.276}, {""stage_name"": ""delay"", ""planned_duration_ms"": 1000, ""intended_onset_ms"": 934373.218, ""actual_onset_global_ms"": 934376.862, ""actual_offset_global_ms"": 935375.285, ""actual_duration_ms"": 998.423}, {""stage_name"": ""test_array"", ""planned_duration_ms"": 4000, ""intended_onset_ms"": 935375.285, ""actual_onset_global_ms"": 935402.826, ""actual_offset_global_ms"": 937886.761, ""actual_duration_ms"": 2483.935}]",,,,,,,,,,,,,,,,,,,,,,,,,,,,,,,,,,,,,,,,,,,,,,,,,,1.0,,,,,,,,,,,,,1.0,same,0.0,"[83.23, -107.53]","[[83.23, -107.53]]","[""purple""]","[""purple""]",purple,purple,s,same,1.0,1.0
011,011_T1_20260502_155726,PCPA,T1,standard,hci_substudy_v2,1,telemetry_v4,change_detection,4,formal_cd,formal,1,35,43,formal,N1_change,1777708646,151.361,2026-05-02T16:13:08.247,0,0,0,1,937893.531,937910.046,,,,,j,,1,2876.317,,,,941493.531,941564.418,944474.86,4000,2910.442,944474.86,"[{""stage_name"": ""fixation"", ""planned_duration_ms"": 100, ""intended_onset_ms"": 937893.531, ""actual_onset_global_ms"": 937910.046, ""actual_offset_global_ms"": 938011.766, ""actual_duration_ms"": 101.72}, {""stage_name"": ""memory_array"", ""planned_duration_ms"": 2500, ""intended_onset_ms"": 937993.531, ""actual_onset_global_ms"": 938035.856, ""actual_offset_global_ms"": 940531.829, ""actual_duration_ms"": 2495.973}, {""stage_name"": ""delay"", ""planned_duration_ms"": 1000, ""intended_onset_ms"": 940531.829, ""actual_onset_global_ms"": 940535.626, ""actual_offset_global_ms"": 941538.621, ""actual_duration_ms"": 1002.995}, {""stage_name"": ""test_array"", ""planned_duration_ms"": 4000, ""intended_onset_ms"": 941538.621, ""actual_onset_global_ms"": 941564.418, ""actual_offset_global_ms"": 944474.86, ""actual_duration_ms"": 2910.442}]",,,,,,,,,,,,,,,,,,,,,,,,,,,,,,,,,,,,,,,,,,,,,,,,,,1.0,,,,,,,,,,,,,1.0,change,0.0,"[100.07, 232.6]","[[100.07, 232.6]]","[""purple""]","[""green""]",purple,green,j,change,1.0,1.0
011,011_T1_20260502_155726,PCPA,T1,standard,hci_substudy_v2,1,telemetry_v4,change_detection,4,formal_cd,formal,1,36,44,formal,N1_same,1777708646,151.361,2026-05-02T16:13:14.834,0,0,0,1,944480.554,944497.066,,,,,s,,1,1511.575,,,,948080.554,948149.952,949697.411,4000,1547.459,949697.411,"[{""stage_name"": ""fixation"", ""planned_duration_ms"": 100, ""intended_onset_ms"": 944480.554, ""actual_onset_global_ms"": 944497.066, ""actual_offset_global_ms"": 944597.635, ""actual_duration_ms"": 100.569}, {""stage_name"": ""memory_array"", ""planned_duration_ms"": 2500, ""intended_onset_ms"": 944580.554, ""actual_onset_global_ms"": 944621.511, ""actual_offset_global_ms"": 947111.057, ""actual_duration_ms"": 2489.546}, {""stage_name"": ""delay"", ""planned_duration_ms"": 1000, ""intended_onset_ms"": 947111.057, ""actual_onset_global_ms"": 947117.463, ""actual_offset_global_ms"": 948123.459, ""actual_duration_ms"": 1005.996}, {""stage_name"": ""test_array"", ""planned_duration_ms"": 4000, ""intended_onset_ms"": 948123.459, ""actual_onset_global_ms"": 948149.952, ""actual_offset_global_ms"": 949697.411, ""actual_duration_ms"": 1547.459}]",,,,,,,,,,,,,,,,,,,,,,,,,,,,,,,,,,,,,,,,,,,,,,,,,,1.0,,,,,,,,,,,,,1.0,same,0.0,"[-188.73, -6.46]","[[-188.73, -6.46]]","[""purple""]","[""purple""]",purple,purple,s,same,1.0,1.0
011,011_T1_20260502_155726,PCPA,T1,standard,hci_substudy_v2,1,telemetry_v4,change_detection,4,formal_cd,formal,1,37,45,formal,N4_same,1777708646,151.361,2026-05-02T16:13:20.057,0,0,0,1,949703.796,949717.786,,,,,s,,1,3042.196,,,,953303.796,953460.935,956513.52,4000,3052.585,956513.52,"[{""stage_name"": ""fixation"", ""planned_duration_ms"": 100, ""intended_onset_ms"": 949703.796, ""actual_onset_global_ms"": 949717.786, ""actual_offset_global_ms"": 949818.243, ""actual_duration_ms"": 100.457}, {""stage_name"": ""memory_array"", ""planned_duration_ms"": 2500, ""intended_onset_ms"": 949803.796, ""actual_onset_global_ms"": 949887.363, ""actual_offset_global_ms"": 952389.0, ""actual_duration_ms"": 2501.637}, {""stage_name"": ""delay"", ""planned_duration_ms"": 1000, ""intended_onset_ms"": 952389.0, ""actual_onset_global_ms"": 952393.365, ""actual_offset_global_ms"": 953391.73, ""actual_duration_ms"": 998.365}, {""stage_name"": ""test_array"", ""planned_duration_ms"": 4000, ""intended_onset_ms"": 953391.73, ""actual_onset_global_ms"": 953460.935, ""actual_offset_global_ms"": 956513.52, ""actual_duration_ms"": 3052.585}]",,,,,,,,,,,,,,,,,,,,,,,,,,,,,,,,,,,,,,,,,,,,,,,,,,1.0,,,,,,,,,,,,,4.0,same,0.0,"[-217.72, -120.49]","[[-217.72, -120.49], [-63.99, 175.06], [-67.4, -227.82], [79.2, 250.07]]","[""green"", ""yellow"", ""purple"", ""red""]","[""green"", ""yellow"", ""purple"", ""red""]",green,green,s,same,5.0,1.0
011,011_T1_20260502_155726,PCPA,T1,standard,hci_substudy_v2,1,telemetry_v4,change_detection,4,formal_cd,formal,1,38,46,formal,N2_same,1777708646,151.361,2026-05-02T16:13:26.871,0,0,0,1,956518.386,956533.4,,,,,s,,1,1666.283,,,,960118.386,960195.563,961877.812,4000,1682.249,961877.812,"[{""stage_name"": ""fixation"", ""planned_duration_ms"": 100, ""intended_onset_ms"": 956518.386, ""actual_onset_global_ms"": 956533.4, ""actual_offset_global_ms"": 956639.585, ""actual_duration_ms"": 106.185}, {""stage_name"": ""memory_array"", ""planned_duration_ms"": 2500, ""intended_onset_ms"": 956618.386, ""actual_onset_global_ms"": 956671.02, ""actual_offset_global_ms"": 959148.145, ""actual_duration_ms"": 2477.125}, {""stage_name"": ""delay"", ""planned_duration_ms"": 1000, ""intended_onset_ms"": 959148.145, ""actual_onset_global_ms"": 959154.281, ""actual_offset_global_ms"": 960153.827, ""actual_duration_ms"": 999.546}, {""stage_name"": ""test_array"", ""planned_duration_ms"": 4000, ""intended_onset_ms"": 960153.827, ""actual_onset_global_ms"": 960195.563, ""actual_offset_global_ms"": 961877.812, ""actual_duration_ms"": 1682.249}]",,,,,,,,,,,,,,,,,,,,,,,,,,,,,,,,,,,,,,,,,,,,,,,,,,1.0,,,,,,,,,,,,,2.0,same,0.0,"[171.02, -211.82]","[[171.02, -211.82], [-126.63, 183.86]]","[""green"", ""purple""]","[""green"", ""purple""]",green,green,s,same,2.0,1.0
011,011_T1_20260502_155726,PCPA,T1,standard,hci_substudy_v2,1,telemetry_v4,change_detection,4,formal_cd,formal,1,39,47,formal,N1_change,1777708646,151.361,2026-05-02T16:13:32.237,0,0,0,1,961883.574,961898.15,,,,,j,,1,9283.202,,,,965483.574,965536.849,974861.044,4000,9324.195,974861.044,"[{""stage_name"": ""fixation"", ""planned_duration_ms"": 100, ""intended_onset_ms"": 961883.574, ""actual_onset_global_ms"": 961898.15, ""actual_offset_global_ms"": 962001.808, ""actual_duration_ms"": 103.658}, {""stage_name"": ""memory_array"", ""planned_duration_ms"": 2500, ""intended_onset_ms"": 961983.574, ""actual_onset_global_ms"": 962026.961, ""actual_offset_global_ms"": 964505.68, ""actual_duration_ms"": 2478.719}, {""stage_name"": ""delay"", ""planned_duration_ms"": 1000, ""intended_onset_ms"": 964505.68, ""actual_onset_global_ms"": 964511.827, ""actual_offset_global_ms"": 965510.05, ""actual_duration_ms"": 998.223}, {""stage_name"": ""test_array"", ""planned_duration_ms"": 4000, ""intended_onset_ms"": 965510.05, ""actual_onset_global_ms"": 965536.849, ""actual_offset_global_ms"": 974861.044, ""actual_duration_ms"": 9324.195}]",,,,,,,,,,,,,,,,,,,,,,,,,,,,,,,,,,,,,,,,,,,,,,,,,,1.0,,,,,,,,,,,,,1.0,change,0.0,"[177.16, -22.8]","[[177.16, -22.8]]","[""blue""]","[""red""]",blue,red,j,change,1.0,1.0
011,011_T1_20260502_155726,PCPA,T1,standard,hci_substudy_v2,1,telemetry_v4,change_detection,4,formal_cd,formal,1,40,48,formal,N3_same,1777708646,151.361,2026-05-02T16:13:45.219,0,0,0,1,974866.546,974883.217,,,,,s,,1,3666.616,,,,978466.546,978567.844,982255.643,4000,3687.799,982255.643,"[{""stage_name"": ""fixation"", ""planned_duration_ms"": 100, ""intended_onset_ms"": 974866.546, ""actual_onset_global_ms"": 974883.217, ""actual_offset_global_ms"": 974984.596, ""actual_duration_ms"": 101.379}, {""stage_name"": ""memory_array"", ""planned_duration_ms"": 2500, ""intended_onset_ms"": 974966.546, ""actual_onset_global_ms"": 975039.681, ""actual_offset_global_ms"": 977506.546, ""actual_duration_ms"": 2466.865}, {""stage_name"": ""delay"", ""planned_duration_ms"": 1000, ""intended_onset_ms"": 977506.546, ""actual_onset_global_ms"": 977513.051, ""actual_offset_global_ms"": 978511.127, ""actual_duration_ms"": 998.076}, {""stage_name"": ""test_array"", ""planned_duration_ms"": 4000, ""intended_onset_ms"": 978511.127, ""actual_onset_global_ms"": 978567.844, ""actual_offset_global_ms"": 982255.643, ""actual_duration_ms"": 3687.799}]",,,,,,,,,,,,,,,,,,,,,,,,,,,,,,,,,,,,,,,,,,,,,,,,,,1.0,,,,,,,,,,,,,3.0,same,1.0,"[-156.7, -204.09]","[[22.49, -193.15], [-156.7, -204.09], [18.66, 116.72]]","[""purple"", ""green"", ""blue""]","[""purple"", ""green"", ""blue""]",green,green,s,same,4.0,1.0
011,011_T1_20260502_155726,PCPA,T1,standard,hci_substudy_v2,1,telemetry_v4,change_detection,4,formal_cd,formal,1,41,49,formal,N4_same,1777708646,151.361,2026-05-02T16:13:52.614,0,0,0,1,982260.283,982274.219,,,,,s,,1,1621.611,,,,985860.283,985978.004,987677.726,4000,1699.722,987677.726,"[{""stage_name"": ""fixation"", ""planned_duration_ms"": 100, ""intended_onset_ms"": 982260.283, ""actual_onset_global_ms"": 982274.219, ""actual_offset_global_ms"": 982367.424, ""actual_duration_ms"": 93.205}, {""stage_name"": ""memory_array"", ""planned_duration_ms"": 2500, ""intended_onset_ms"": 982360.283, ""actual_onset_global_ms"": 982420.574, ""actual_offset_global_ms"": 984902.077, ""actual_duration_ms"": 2481.503}, {""stage_name"": ""delay"", ""planned_duration_ms"": 1000, ""intended_onset_ms"": 984902.077, ""actual_onset_global_ms"": 984906.36, ""actual_offset_global_ms"": 985910.376, ""actual_duration_ms"": 1004.016}, {""stage_name"": ""test_array"", ""planned_duration_ms"": 4000, ""intended_onset_ms"": 985910.376, ""actual_onset_global_ms"": 985978.004, ""actual_offset_global_ms"": 987677.726, ""actual_duration_ms"": 1699.722}]",,,,,,,,,,,,,,,,,,,,,,,,,,,,,,,,,,,,,,,,,,,,,,,,,,1.0,,,,,,,,,,,,,4.0,same,2.0,"[-40.57, 109.72]","[[-230.51, 133.86], [94.19, 90.4], [-40.57, 109.72], [-2.5, -148.79]]","[""red"", ""yellow"", ""green"", ""blue""]","[""red"", ""yellow"", ""green"", ""blue""]",green,green,s,same,7.0,1.0
011,011_T1_20260502_155726,PCPA,T1,standard,hci_substudy_v2,1,telemetry_v4,change_detection,4,formal_cd,formal,1,42,50,formal,N2_change,1777708646,151.361,2026-05-02T16:13:58.037,0,0,0,1,987684.287,987701.082,,,,,j,,1,1481.417,,,,991284.287,991371.342,992886.431,4000,1515.089,992886.431,"[{""stage_name"": ""fixation"", ""planned_duration_ms"": 100, ""intended_onset_ms"": 987684.287, ""actual_onset_global_ms"": 987701.082, ""actual_offset_global_ms"": 987800.095, ""actual_duration_ms"": 99.013}, {""stage_name"": ""memory_array"", ""planned_duration_ms"": 2500, ""intended_onset_ms"": 987784.287, ""actual_onset_global_ms"": 987840.653, ""actual_offset_global_ms"": 990320.631, ""actual_duration_ms"": 2479.978}, {""stage_name"": ""delay"", ""planned_duration_ms"": 1000, ""intended_onset_ms"": 990320.631, ""actual_onset_global_ms"": 990326.39, ""actual_offset_global_ms"": 991331.124, ""actual_duration_ms"": 1004.734}, {""stage_name"": ""test_array"", ""planned_duration_ms"": 4000, ""intended_onset_ms"": 991331.124, ""actual_onset_global_ms"": 991371.342, ""actual_offset_global_ms"": 992886.431, ""actual_duration_ms"": 1515.089}]",,,,,,,,,,,,,,,,,,,,,,,,,,,,,,,,,,,,,,,,,,,,,,,,,,1.0,,,,,,,,,,,,,2.0,change,0.0,"[-33.05, 97.96]","[[-33.05, 97.96], [-138.26, 202.99]]","[""purple"", ""red""]","[""green"", ""red""]",purple,green,j,change,2.0,1.0
011,011_T1_20260502_155726,PCPA,T1,standard,hci_substudy_v2,1,telemetry_v4,change_detection,4,formal_cd,formal,1,43,51,formal,N1_change,1777708646,151.361,2026-05-02T16:14:03.245,0,0,0,1,992892.321,992909.359,,,,,j,,1,4273.171,,,,996492.321,996575.363,1000875.721,4000,4300.358,1000875.721,"[{""stage_name"": ""fixation"", ""planned_duration_ms"": 100, ""intended_onset_ms"": 992892.321, ""actual_onset_global_ms"": 992909.359, ""actual_offset_global_ms"": 993009.02, ""actual_duration_ms"": 99.661}, {""stage_name"": ""memory_array"", ""planned_duration_ms"": 2500, ""intended_onset_ms"": 992992.321, ""actual_onset_global_ms"": 993033.156, ""actual_offset_global_ms"": 995515.915, ""actual_duration_ms"": 2482.759}, {""stage_name"": ""delay"", ""planned_duration_ms"": 1000, ""intended_onset_ms"": 995515.915, ""actual_onset_global_ms"": 995549.427, ""actual_offset_global_ms"": 996550.274, ""actual_duration_ms"": 1000.847}, {""stage_name"": ""test_array"", ""planned_duration_ms"": 4000, ""intended_onset_ms"": 996550.274, ""actual_onset_global_ms"": 996575.363, ""actual_offset_global_ms"": 1000875.721, ""actual_duration_ms"": 4300.358}]",,,,,,,,,,,,,,,,,,,,,,,,,,,,,,,,,,,,,,,,,,,,,,,,,,1.0,,,,,,,,,,,,,1.0,change,0.0,"[227.92, 196.76]","[[227.92, 196.76]]","[""yellow""]","[""red""]",yellow,red,j,change,1.0,1.0
011,011_T1_20260502_155726,PCPA,T1,standard,hci_substudy_v2,1,telemetry_v4,change_detection,4,formal_cd,formal,1,44,52,formal,N2_change,1777708646,151.361,2026-05-02T16:14:11.236,0,0,0,1,1000882.291,1000898.501,,,,,j,,1,5304.031,,,,1004482.291,1004592.215,1009913.078,4000,5320.863,1009913.078,"[{""stage_name"": ""fixation"", ""planned_duration_ms"": 100, ""intended_onset_ms"": 1000882.291, ""actual_onset_global_ms"": 1000898.501, ""actual_offset_global_ms"": 1000998.727, ""actual_duration_ms"": 100.226}, {""stage_name"": ""memory_array"", ""planned_duration_ms"": 2500, ""intended_onset_ms"": 1000982.291, ""actual_onset_global_ms"": 1001037.316, ""actual_offset_global_ms"": 1003540.734, ""actual_duration_ms"": 2503.418}, {""stage_name"": ""delay"", ""planned_duration_ms"": 1000, ""intended_onset_ms"": 1003540.734, ""actual_onset_global_ms"": 1003545.149, ""actual_offset_global_ms"": 1004549.019, ""actual_duration_ms"": 1003.87}, {""stage_name"": ""test_array"", ""planned_duration_ms"": 4000, ""intended_onset_ms"": 1004549.019, ""actual_onset_global_ms"": 1004592.215, ""actual_offset_global_ms"": 1009913.078, ""actual_duration_ms"": 5320.863}]",,,,,,,,,,,,,,,,,,,,,,,,,,,,,,,,,,,,,,,,,,,,,,,,,,1.0,,,,,,,,,,,,,2.0,change,0.0,"[-138.55, 11.52]","[[-138.55, 11.52], [-161.09, 154.6]]","[""green"", ""red""]","[""blue"", ""red""]",green,blue,j,change,2.0,1.0
011,011_T1_20260502_155726,PCPA,T1,standard,hci_substudy_v2,1,telemetry_v4,change_detection,4,formal_cd,formal,1,45,53,formal,N2_same,1777708646,151.361,2026-05-02T16:14:20.272,0,0,0,1,1009919.083,1009936.067,,,,,s,,1,4937.365,,,,1013519.083,1013612.354,1018559.984,4000,4947.63,1018559.984,"[{""stage_name"": ""fixation"", ""planned_duration_ms"": 100, ""intended_onset_ms"": 1009919.083, ""actual_onset_global_ms"": 1009936.067, ""actual_offset_global_ms"": 1010038.039, ""actual_duration_ms"": 101.972}, {""stage_name"": ""memory_array"", ""planned_duration_ms"": 2500, ""intended_onset_ms"": 1010019.083, ""actual_onset_global_ms"": 1010076.367, ""actual_offset_global_ms"": 1012561.951, ""actual_duration_ms"": 2485.584}, {""stage_name"": ""delay"", ""planned_duration_ms"": 1000, ""intended_onset_ms"": 1012561.951, ""actual_onset_global_ms"": 1012568.423, ""actual_offset_global_ms"": 1013570.091, ""actual_duration_ms"": 1001.668}, {""stage_name"": ""test_array"", ""planned_duration_ms"": 4000, ""intended_onset_ms"": 1013570.091, ""actual_onset_global_ms"": 1013612.354, ""actual_offset_global_ms"": 1018559.984, ""actual_duration_ms"": 4947.63}]",,,,,,,,,,,,,,,,,,,,,,,,,,,,,,,,,,,,,,,,,,,,,,,,,,1.0,,,,,,,,,,,,,2.0,same,1.0,"[-108.31, 233.53]","[[69.31, 96.68], [-108.31, 233.53]]","[""red"", ""green""]","[""red"", ""green""]",green,green,s,same,2.0,1.0
011,011_T1_20260502_155726,PCPA,T1,standard,hci_substudy_v2,1,telemetry_v4,change_detection,4,formal_cd,formal,1,46,54,formal,N4_same,1777708646,151.361,2026-05-02T16:14:28.919,0,0,0,1,1018565.824,1018579.858,,,,,s,,1,3080.569,,,,1022165.824,1022275.419,1025371.815,4000,3096.396,1025371.815,"[{""stage_name"": ""fixation"", ""planned_duration_ms"": 100, ""intended_onset_ms"": 1018565.824, ""actual_onset_global_ms"": 1018579.858, ""actual_offset_global_ms"": 1018674.746, ""actual_duration_ms"": 94.888}, {""stage_name"": ""memory_array"", ""planned_duration_ms"": 2500, ""intended_onset_ms"": 1018665.824, ""actual_onset_global_ms"": 1018740.839, ""actual_offset_global_ms"": 1021200.335, ""actual_duration_ms"": 2459.496}, {""stage_name"": ""delay"", ""planned_duration_ms"": 1000, ""intended_onset_ms"": 1021200.335, ""actual_onset_global_ms"": 1021206.968, ""actual_offset_global_ms"": 1022207.754, ""actual_duration_ms"": 1000.786}, {""stage_name"": ""test_array"", ""planned_duration_ms"": 4000, ""intended_onset_ms"": 1022207.754, ""actual_onset_global_ms"": 1022275.419, ""actual_offset_global_ms"": 1025371.815, ""actual_duration_ms"": 3096.396}]",,,,,,,,,,,,,,,,,,,,,,,,,,,,,,,,,,,,,,,,,,,,,,,,,,1.0,,,,,,,,,,,,,4.0,same,0.0,"[115.92, 199.0]","[[115.92, 199.0], [-152.64, -254.26], [-155.99, 206.02], [155.34, -18.33]]","[""red"", ""purple"", ""yellow"", ""blue""]","[""red"", ""purple"", ""yellow"", ""blue""]",red,red,s,same,5.0,1.0
011,011_T1_20260502_155726,PCPA,T1,standard,hci_substudy_v2,1,telemetry_v4,change_detection,4,formal_cd,formal,1,47,55,formal,N1_change,1777708646,151.361,2026-05-02T16:14:35.731,0,0,0,1,1025378.115,1025394.629,,,,,j,,1,1890.682,,,,1028978.115,1029052.398,1030956.909,4000,1904.511,1030956.909,"[{""stage_name"": ""fixation"", ""planned_duration_ms"": 100, ""intended_onset_ms"": 1025378.115, ""actual_onset_global_ms"": 1025394.629, ""actual_offset_global_ms"": 1025494.272, ""actual_duration_ms"": 99.643}, {""stage_name"": ""memory_array"", ""planned_duration_ms"": 2500, ""intended_onset_ms"": 1025478.115, ""actual_onset_global_ms"": 1025519.106, ""actual_offset_global_ms"": 1028021.066, ""actual_duration_ms"": 2501.96}, {""stage_name"": ""delay"", ""planned_duration_ms"": 1000, ""intended_onset_ms"": 1028021.066, ""actual_onset_global_ms"": 1028025.213, ""actual_offset_global_ms"": 1029027.619, ""actual_duration_ms"": 1002.406}, {""stage_name"": ""test_array"", ""planned_duration_ms"": 4000, ""intended_onset_ms"": 1029027.619, ""actual_onset_global_ms"": 1029052.398, ""actual_offset_global_ms"": 1030956.909, ""actual_duration_ms"": 1904.511}]",,,,,,,,,,,,,,,,,,,,,,,,,,,,,,,,,,,,,,,,,,,,,,,,,,1.0,,,,,,,,,,,,,1.0,change,0.0,"[99.27, 82.65]","[[99.27, 82.65]]","[""green""]","[""blue""]",green,blue,j,change,1.0,1.0
011,011_T1_20260502_155726,PCPA,T1,standard,hci_substudy_v2,1,telemetry_v4,change_detection,4,formal_cd,formal,1,48,56,formal,N3_same,1777708646,151.361,2026-05-02T16:14:41.316,0,0,0,1,1030962.662,1030978.964,,,,,s,,1,3979.273,,,,1034562.662,1034665.418,1038692.967,4000,4027.549,1038692.967,"[{""stage_name"": ""fixation"", ""planned_duration_ms"": 100, ""intended_onset_ms"": 1030962.662, ""actual_onset_global_ms"": 1030978.964, ""actual_offset_global_ms"": 1031081.032, ""actual_duration_ms"": 102.068}, {""stage_name"": ""memory_array"", ""planned_duration_ms"": 2500, ""intended_onset_ms"": 1031062.662, ""actual_onset_global_ms"": 1031132.23, ""actual_offset_global_ms"": 1033609.797, ""actual_duration_ms"": 2477.567}, {""stage_name"": ""delay"", ""planned_duration_ms"": 1000, ""intended_onset_ms"": 1033609.797, ""actual_onset_global_ms"": 1033615.805, ""actual_offset_global_ms"": 1034612.959, ""actual_duration_ms"": 997.154}, {""stage_name"": ""test_array"", ""planned_duration_ms"": 4000, ""intended_onset_ms"": 1034612.959, ""actual_onset_global_ms"": 1034665.418, ""actual_offset_global_ms"": 1038692.967, ""actual_duration_ms"": 4027.549}]",,,,,,,,,,,,,,,,,,,,,,,,,,,,,,,,,,,,,,,,,,,,,,,,,,1.0,,,,,,,,,,,,,3.0,same,2.0,"[-76.35, 92.48]","[[174.58, -214.92], [96.58, -124.11], [-76.35, 92.48]]","[""red"", ""purple"", ""blue""]","[""red"", ""purple"", ""blue""]",blue,blue,s,same,3.0,1.0
