participant_id,session_id,group,timepoint,practice_layer,practice_protocol_version,telemetry_enabled,telemetry_version,task_name,task_order_index,block_name,block_type,block_index,trial_index_within_block,trial_index_global,practice_or_formal,condition_label,random_seed,screen_refresh_hz,timestamp_iso,omission,aborted,pause_count_during_trial,repeated_practice_round,intended_trial_start_ms,actual_trial_start_ms,condition,target_direction,flankers_direction,array_pattern_text,correct_response_key,participant_response_key,response_correct,rt_ms,response_time_global_ms,feedback_type,practice_pass_flag,intended_onset_ms,actual_onset_global_ms,actual_offset_global_ms,stage_duration_planned_ms,stage_duration_actual_ms,actual_trial_end_ms,stage_records_json,feedback_audio_file,feedback_audio_start_global_ms,feedback_audio_expected_duration_ms,feedback_audio_stop_global_ms,excluded_rt_low,excluded_rt_high,included_in_rt_analysis,task_accuracy_below_threshold,valid_task_data,prompt_level,support_type,support_trigger_reason,support_trigger_trial_index,rule_block_error_count,support_level,support_phase,support_duration_ms,post_support_success_streak,support_faded_after_trial,manual_intervention_flag,dccs_support_rule,dccs_error_type,dccs_dimension_highlight_used,dccs_demo_type,dccs_label_mode,dccs_post_support_rule_confusion,rule,cue_audio_file,cue_label,cue_audio_start_global_ms,cue_audio_expected_duration_ms,cue_audio_stop_global_ms,stimulus_color,stimulus_shape,stimulus_identity,trial_transition,previous_rule,current_rule,cue_to_first_response_ms,set_size,trial_type,probe_index,probe_position_xy,item_positions,item_colors_memory,item_colors_test,probe_original_color,probe_test_color,response_key,response_label,accuracy,layout_generation_attempts,overlap_check_passed
046,046_T1_20260518_155800,PA,T1,adaptive,hci_substudy_v2,1,telemetry_v4,flanker,1,formal_block_1,formal,1,1,13,formal,congruent,1779091080,59.326,2026-05-18T16:00:04.406,0,0,0,1,118027.545,118052.635,congruent,right,right,>>>>>,j,s,0,2660.216,120854.163,none,,118127.545,118193.947,120854.163,3000,2660.216,120854.163,"[{""stage_name"": ""fixation"", ""planned_duration_ms"": 100, ""intended_onset_ms"": 118027.545, ""actual_onset_global_ms"": 118052.635, ""actual_offset_global_ms"": 118171.89, ""actual_duration_ms"": 119.255}, {""stage_name"": ""stimulus"", ""planned_duration_ms"": 3000, ""intended_onset_ms"": 118127.545, ""actual_onset_global_ms"": 118193.947, ""actual_offset_global_ms"": 120854.163, ""actual_duration_ms"": 2660.216}]",,,,,0,0,0,0,1,,,,,,,,,,,,,,,,,,,,,,,,,,,,,,,,,,,,,,,,,,,,
046,046_T1_20260518_155800,PA,T1,adaptive,hci_substudy_v2,1,telemetry_v4,flanker,1,formal_block_1,formal,1,2,14,formal,incongruent,1779091080,59.326,2026-05-18T16:00:07.253,0,0,0,1,120874.63,120905.214,incongruent,right,left,<<><<,j,j,1,2264.049,123306.303,none,,120974.63,121042.254,123306.303,3000,2264.049,123306.303,"[{""stage_name"": ""fixation"", ""planned_duration_ms"": 100, ""intended_onset_ms"": 120874.63, ""actual_onset_global_ms"": 120905.214, ""actual_offset_global_ms"": 121021.174, ""actual_duration_ms"": 115.96}, {""stage_name"": ""stimulus"", ""planned_duration_ms"": 3000, ""intended_onset_ms"": 120974.63, ""actual_onset_global_ms"": 121042.254, ""actual_offset_global_ms"": 123306.303, ""actual_duration_ms"": 2264.049}]",,,,,0,0,1,0,1,,,,,,,,,,,,,,,,,,,,,,,,,,,,,,,,,,,,,,,,,,,,
046,046_T1_20260518_155800,PA,T1,adaptive,hci_substudy_v2,1,telemetry_v4,flanker,1,formal_block_1,formal,1,3,15,formal,incongruent,1779091080,59.326,2026-05-18T16:00:09.729,0,0,0,1,123350.496,123381.457,incongruent,right,left,<<><<,j,s,0,1366.677,124878.698,none,,123450.496,123512.021,124878.698,3000,1366.677,124878.698,"[{""stage_name"": ""fixation"", ""planned_duration_ms"": 100, ""intended_onset_ms"": 123350.496, ""actual_onset_global_ms"": 123381.457, ""actual_offset_global_ms"": 123490.311, ""actual_duration_ms"": 108.854}, {""stage_name"": ""stimulus"", ""planned_duration_ms"": 3000, ""intended_onset_ms"": 123450.496, ""actual_onset_global_ms"": 123512.021, ""actual_offset_global_ms"": 124878.698, ""actual_duration_ms"": 1366.677}]",,,,,0,0,0,0,1,,,,,,,,,,,,,,,,,,,,,,,,,,,,,,,,,,,,,,,,,,,,
046,046_T1_20260518_155800,PA,T1,adaptive,hci_substudy_v2,1,telemetry_v4,flanker,1,formal_block_1,formal,1,4,16,formal,incongruent,1779091080,59.326,2026-05-18T16:00:11.302,0,0,0,1,124922.58,124949.878,incongruent,left,right,>><>>,s,j,0,1939.012,127032.093,none,,125022.58,125093.081,127032.093,3000,1939.012,127032.093,"[{""stage_name"": ""fixation"", ""planned_duration_ms"": 100, ""intended_onset_ms"": 124922.58, ""actual_onset_global_ms"": 124949.878, ""actual_offset_global_ms"": 125070.951, ""actual_duration_ms"": 121.073}, {""stage_name"": ""stimulus"", ""planned_duration_ms"": 3000, ""intended_onset_ms"": 125022.58, ""actual_onset_global_ms"": 125093.081, ""actual_offset_global_ms"": 127032.093, ""actual_duration_ms"": 1939.012}]",,,,,0,0,0,0,1,,,,,,,,,,,,,,,,,,,,,,,,,,,,,,,,,,,,,,,,,,,,
046,046_T1_20260518_155800,PA,T1,adaptive,hci_substudy_v2,1,telemetry_v4,flanker,1,formal_block_1,formal,1,5,17,formal,congruent,1779091080,59.326,2026-05-18T16:00:13.437,0,0,0,1,127059.131,127089.352,congruent,right,right,>>>>>,j,j,1,4688.007,131913.314,none,,127159.131,127225.307,131913.314,3000,4688.007,131913.314,"[{""stage_name"": ""fixation"", ""planned_duration_ms"": 100, ""intended_onset_ms"": 127059.131, ""actual_onset_global_ms"": 127089.352, ""actual_offset_global_ms"": 127204.276, ""actual_duration_ms"": 114.924}, {""stage_name"": ""stimulus"", ""planned_duration_ms"": 3000, ""intended_onset_ms"": 127159.131, ""actual_onset_global_ms"": 127225.307, ""actual_offset_global_ms"": 131913.314, ""actual_duration_ms"": 4688.007}]",,,,,0,1,0,0,1,,,,,,,,,,,,,,,,,,,,,,,,,,,,,,,,,,,,,,,,,,,,
046,046_T1_20260518_155800,PA,T1,adaptive,hci_substudy_v2,1,telemetry_v4,flanker,1,formal_block_1,formal,1,6,18,formal,congruent,1779091080,59.326,2026-05-18T16:00:18.332,0,0,0,1,131953.262,131981.403,congruent,left,left,<<<<<,s,s,1,1331.615,133453.009,none,,132053.262,132121.394,133453.009,3000,1331.615,133453.009,"[{""stage_name"": ""fixation"", ""planned_duration_ms"": 100, ""intended_onset_ms"": 131953.262, ""actual_onset_global_ms"": 131981.403, ""actual_offset_global_ms"": 132101.066, ""actual_duration_ms"": 119.663}, {""stage_name"": ""stimulus"", ""planned_duration_ms"": 3000, ""intended_onset_ms"": 132053.262, ""actual_onset_global_ms"": 132121.394, ""actual_offset_global_ms"": 133453.009, ""actual_duration_ms"": 1331.615}]",,,,,0,0,1,0,1,,,,,,,,,,,,,,,,,,,,,,,,,,,,,,,,,,,,,,,,,,,,
046,046_T1_20260518_155800,PA,T1,adaptive,hci_substudy_v2,1,telemetry_v4,flanker,1,formal_block_1,formal,1,7,19,formal,incongruent,1779091080,59.326,2026-05-18T16:00:19.873,0,0,0,1,133494.519,133528.396,incongruent,left,right,>><>>,s,s,1,1834.187,135493.566,none,,133594.519,133659.379,135493.566,3000,1834.187,135493.566,"[{""stage_name"": ""fixation"", ""planned_duration_ms"": 100, ""intended_onset_ms"": 133494.519, ""actual_onset_global_ms"": 133528.396, ""actual_offset_global_ms"": 133640.405, ""actual_duration_ms"": 112.009}, {""stage_name"": ""stimulus"", ""planned_duration_ms"": 3000, ""intended_onset_ms"": 133594.519, ""actual_onset_global_ms"": 133659.379, ""actual_offset_global_ms"": 135493.566, ""actual_duration_ms"": 1834.187}]",,,,,0,0,1,0,1,,,,,,,,,,,,,,,,,,,,,,,,,,,,,,,,,,,,,,,,,,,,
046,046_T1_20260518_155800,PA,T1,adaptive,hci_substudy_v2,1,telemetry_v4,flanker,1,formal_block_1,formal,1,8,20,formal,congruent,1779091080,59.326,2026-05-18T16:00:21.902,0,0,0,1,135523.467,135555.502,congruent,left,left,<<<<<,s,s,1,4736.478,140426.258,none,,135623.467,135689.78,140426.258,3000,4736.478,140426.258,"[{""stage_name"": ""fixation"", ""planned_duration_ms"": 100, ""intended_onset_ms"": 135523.467, ""actual_onset_global_ms"": 135555.502, ""actual_offset_global_ms"": 135668.35, ""actual_duration_ms"": 112.848}, {""stage_name"": ""stimulus"", ""planned_duration_ms"": 3000, ""intended_onset_ms"": 135623.467, ""actual_onset_global_ms"": 135689.78, ""actual_offset_global_ms"": 140426.258, ""actual_duration_ms"": 4736.478}]",,,,,0,1,0,0,1,,,,,,,,,,,,,,,,,,,,,,,,,,,,,,,,,,,,,,,,,,,,
046,046_T1_20260518_155800,PA,T1,adaptive,hci_substudy_v2,1,telemetry_v4,flanker,1,formal_block_1,formal,1,9,21,formal,congruent,1779091080,59.326,2026-05-18T16:00:26.850,0,0,0,1,140471.734,140499.26,congruent,right,right,>>>>>,j,j,1,2434.494,143071.387,none,,140571.734,140636.893,143071.387,3000,2434.494,143071.387,"[{""stage_name"": ""fixation"", ""planned_duration_ms"": 100, ""intended_onset_ms"": 140471.734, ""actual_onset_global_ms"": 140499.26, ""actual_offset_global_ms"": 140617.911, ""actual_duration_ms"": 118.651}, {""stage_name"": ""stimulus"", ""planned_duration_ms"": 3000, ""intended_onset_ms"": 140571.734, ""actual_onset_global_ms"": 140636.893, ""actual_offset_global_ms"": 143071.387, ""actual_duration_ms"": 2434.494}]",,,,,0,0,1,0,1,,,,,,,,,,,,,,,,,,,,,,,,,,,,,,,,,,,,,,,,,,,,
046,046_T1_20260518_155800,PA,T1,adaptive,hci_substudy_v2,1,telemetry_v4,flanker,1,formal_block_1,formal,1,10,22,formal,incongruent,1779091080,59.326,2026-05-18T16:00:29.465,0,0,0,1,143085.748,143119.885,incongruent,left,right,>><>>,s,s,1,2508.677,145763.506,none,,143185.748,143254.829,145763.506,3000,2508.677,145763.506,"[{""stage_name"": ""fixation"", ""planned_duration_ms"": 100, ""intended_onset_ms"": 143085.748, ""actual_onset_global_ms"": 143119.885, ""actual_offset_global_ms"": 143234.193, ""actual_duration_ms"": 114.308}, {""stage_name"": ""stimulus"", ""planned_duration_ms"": 3000, ""intended_onset_ms"": 143185.748, ""actual_onset_global_ms"": 143254.829, ""actual_offset_global_ms"": 145763.506, ""actual_duration_ms"": 2508.677}]",,,,,0,0,1,0,1,,,,,,,,,,,,,,,,,,,,,,,,,,,,,,,,,,,,,,,,,,,,
046,046_T1_20260518_155800,PA,T1,adaptive,hci_substudy_v2,1,telemetry_v4,flanker,1,formal_block_1,formal,1,11,23,formal,congruent,1779091080,59.326,2026-05-18T16:00:32.156,0,0,0,1,145777.18,145808.431,congruent,left,left,<<<<<,s,s,1,1480.903,147419.133,none,,145877.18,145938.23,147419.133,3000,1480.903,147419.133,"[{""stage_name"": ""fixation"", ""planned_duration_ms"": 100, ""intended_onset_ms"": 145777.18, ""actual_onset_global_ms"": 145808.431, ""actual_offset_global_ms"": 145918.86, ""actual_duration_ms"": 110.429}, {""stage_name"": ""stimulus"", ""planned_duration_ms"": 3000, ""intended_onset_ms"": 145877.18, ""actual_onset_global_ms"": 145938.23, ""actual_offset_global_ms"": 147419.133, ""actual_duration_ms"": 1480.903}]",,,,,0,0,1,0,1,,,,,,,,,,,,,,,,,,,,,,,,,,,,,,,,,,,,,,,,,,,,
046,046_T1_20260518_155800,PA,T1,adaptive,hci_substudy_v2,1,telemetry_v4,flanker,1,formal_block_1,formal,1,12,24,formal,incongruent,1779091080,59.326,2026-05-18T16:00:33.845,0,0,0,1,147466.452,147495.175,incongruent,left,right,>><>>,s,s,1,1047.541,148677.066,none,,147566.452,147629.525,148677.066,3000,1047.541,148677.066,"[{""stage_name"": ""fixation"", ""planned_duration_ms"": 100, ""intended_onset_ms"": 147466.452, ""actual_onset_global_ms"": 147495.175, ""actual_offset_global_ms"": 147609.28, ""actual_duration_ms"": 114.105}, {""stage_name"": ""stimulus"", ""planned_duration_ms"": 3000, ""intended_onset_ms"": 147566.452, ""actual_onset_global_ms"": 147629.525, ""actual_offset_global_ms"": 148677.066, ""actual_duration_ms"": 1047.541}]",,,,,0,0,1,0,1,,,,,,,,,,,,,,,,,,,,,,,,,,,,,,,,,,,,,,,,,,,,
046,046_T1_20260518_155800,PA,T1,adaptive,hci_substudy_v2,1,telemetry_v4,flanker,1,formal_block_1,formal,1,13,25,formal,congruent,1779091080,59.326,2026-05-18T16:00:35.075,0,0,0,1,148696.416,148725.258,congruent,right,right,>>>>>,j,j,1,2663.085,151509.697,none,,148796.416,148846.612,151509.697,3000,2663.085,151509.697,"[{""stage_name"": ""fixation"", ""planned_duration_ms"": 100, ""intended_onset_ms"": 148696.416, ""actual_onset_global_ms"": 148725.258, ""actual_offset_global_ms"": 148831.535, ""actual_duration_ms"": 106.277}, {""stage_name"": ""stimulus"", ""planned_duration_ms"": 3000, ""intended_onset_ms"": 148796.416, ""actual_onset_global_ms"": 148846.612, ""actual_offset_global_ms"": 151509.697, ""actual_duration_ms"": 2663.085}]",,,,,0,0,1,0,1,,,,,,,,,,,,,,,,,,,,,,,,,,,,,,,,,,,,,,,,,,,,
046,046_T1_20260518_155800,PA,T1,adaptive,hci_substudy_v2,1,telemetry_v4,flanker,1,formal_block_1,formal,1,14,26,formal,incongruent,1779091080,59.326,2026-05-18T16:00:37.901,0,0,0,1,151523.379,151553.332,incongruent,right,left,<<><<,j,j,1,1925.0,153612.324,none,,151623.379,151687.324,153612.324,3000,1925.0,153612.324,"[{""stage_name"": ""fixation"", ""planned_duration_ms"": 100, ""intended_onset_ms"": 151523.379, ""actual_onset_global_ms"": 151553.332, ""actual_offset_global_ms"": 151667.188, ""actual_duration_ms"": 113.856}, {""stage_name"": ""stimulus"", ""planned_duration_ms"": 3000, ""intended_onset_ms"": 151623.379, ""actual_onset_global_ms"": 151687.324, ""actual_offset_global_ms"": 153612.324, ""actual_duration_ms"": 1925.0}]",,,,,0,0,1,0,1,,,,,,,,,,,,,,,,,,,,,,,,,,,,,,,,,,,,,,,,,,,,
046,046_T1_20260518_155800,PA,T1,adaptive,hci_substudy_v2,1,telemetry_v4,flanker,1,formal_block_1,formal,1,15,27,formal,incongruent,1779091080,59.326,2026-05-18T16:00:40.014,0,0,0,1,153635.033,153662.106,incongruent,left,right,>><>>,s,s,1,2430.639,156222.953,none,,153735.033,153792.314,156222.953,3000,2430.639,156222.953,"[{""stage_name"": ""fixation"", ""planned_duration_ms"": 100, ""intended_onset_ms"": 153635.033, ""actual_onset_global_ms"": 153662.106, ""actual_offset_global_ms"": 153774.428, ""actual_duration_ms"": 112.322}, {""stage_name"": ""stimulus"", ""planned_duration_ms"": 3000, ""intended_onset_ms"": 153735.033, ""actual_onset_global_ms"": 153792.314, ""actual_offset_global_ms"": 156222.953, ""actual_duration_ms"": 2430.639}]",,,,,0,0,1,0,1,,,,,,,,,,,,,,,,,,,,,,,,,,,,,,,,,,,,,,,,,,,,
046,046_T1_20260518_155800,PA,T1,adaptive,hci_substudy_v2,1,telemetry_v4,flanker,1,formal_block_1,formal,1,16,28,formal,congruent,1779091080,59.326,2026-05-18T16:00:42.636,0,0,0,1,156257.398,156286.73,congruent,right,right,>>>>>,j,j,1,1813.484,158235.018,none,,156357.398,156421.534,158235.018,3000,1813.484,158235.018,"[{""stage_name"": ""fixation"", ""planned_duration_ms"": 100, ""intended_onset_ms"": 156257.398, ""actual_onset_global_ms"": 156286.73, ""actual_offset_global_ms"": 156402.694, ""actual_duration_ms"": 115.964}, {""stage_name"": ""stimulus"", ""planned_duration_ms"": 3000, ""intended_onset_ms"": 156357.398, ""actual_onset_global_ms"": 156421.534, ""actual_offset_global_ms"": 158235.018, ""actual_duration_ms"": 1813.484}]",,,,,0,0,1,0,1,,,,,,,,,,,,,,,,,,,,,,,,,,,,,,,,,,,,,,,,,,,,
046,046_T1_20260518_155800,PA,T1,adaptive,hci_substudy_v2,1,telemetry_v4,flanker,1,formal_block_1,formal,1,17,29,formal,congruent,1779091080,59.326,2026-05-18T16:00:44.646,0,0,0,1,158267.324,158294.03,congruent,left,left,<<<<<,s,s,1,1843.566,160277.793,none,,158367.324,158434.227,160277.793,3000,1843.566,160277.793,"[{""stage_name"": ""fixation"", ""planned_duration_ms"": 100, ""intended_onset_ms"": 158267.324, ""actual_onset_global_ms"": 158294.03, ""actual_offset_global_ms"": 158412.324, ""actual_duration_ms"": 118.294}, {""stage_name"": ""stimulus"", ""planned_duration_ms"": 3000, ""intended_onset_ms"": 158367.324, ""actual_onset_global_ms"": 158434.227, ""actual_offset_global_ms"": 160277.793, ""actual_duration_ms"": 1843.566}]",,,,,0,0,1,0,1,,,,,,,,,,,,,,,,,,,,,,,,,,,,,,,,,,,,,,,,,,,,
046,046_T1_20260518_155800,PA,T1,adaptive,hci_substudy_v2,1,telemetry_v4,flanker,1,formal_block_1,formal,1,18,30,formal,congruent,1779091080,59.326,2026-05-18T16:00:46.675,0,0,0,1,160296.16,160324.648,congruent,left,left,<<<<<,s,s,1,1241.532,161694.301,none,,160396.16,160452.769,161694.301,3000,1241.532,161694.301,"[{""stage_name"": ""fixation"", ""planned_duration_ms"": 100, ""intended_onset_ms"": 160296.16, ""actual_onset_global_ms"": 160324.648, ""actual_offset_global_ms"": 160435.285, ""actual_duration_ms"": 110.637}, {""stage_name"": ""stimulus"", ""planned_duration_ms"": 3000, ""intended_onset_ms"": 160396.16, ""actual_onset_global_ms"": 160452.769, ""actual_offset_global_ms"": 161694.301, ""actual_duration_ms"": 1241.532}]",,,,,0,0,1,0,1,,,,,,,,,,,,,,,,,,,,,,,,,,,,,,,,,,,,,,,,,,,,
046,046_T1_20260518_155800,PA,T1,adaptive,hci_substudy_v2,1,telemetry_v4,flanker,1,formal_block_1,formal,1,19,31,formal,incongruent,1779091080,59.326,2026-05-18T16:00:48.095,0,0,0,1,161717.18,161749.483,incongruent,right,left,<<><<,j,j,1,2381.465,164266.321,none,,161817.18,161884.856,164266.321,3000,2381.465,164266.321,"[{""stage_name"": ""fixation"", ""planned_duration_ms"": 100, ""intended_onset_ms"": 161717.18, ""actual_onset_global_ms"": 161749.483, ""actual_offset_global_ms"": 161864.402, ""actual_duration_ms"": 114.919}, {""stage_name"": ""stimulus"", ""planned_duration_ms"": 3000, ""intended_onset_ms"": 161817.18, ""actual_onset_global_ms"": 161884.856, ""actual_offset_global_ms"": 164266.321, ""actual_duration_ms"": 2381.465}]",,,,,0,0,1,0,1,,,,,,,,,,,,,,,,,,,,,,,,,,,,,,,,,,,,,,,,,,,,
046,046_T1_20260518_155800,PA,T1,adaptive,hci_substudy_v2,1,telemetry_v4,flanker,1,formal_block_1,formal,1,20,32,formal,incongruent,1779091080,59.326,2026-05-18T16:00:50.683,0,0,0,1,164305.167,164340.054,incongruent,right,left,<<><<,j,j,1,1361.447,165804.326,none,,164405.167,164442.879,165804.326,3000,1361.447,165804.326,"[{""stage_name"": ""fixation"", ""planned_duration_ms"": 100, ""intended_onset_ms"": 164305.167, ""actual_onset_global_ms"": 164340.054, ""actual_offset_global_ms"": 164424.61, ""actual_duration_ms"": 84.556}, {""stage_name"": ""stimulus"", ""planned_duration_ms"": 3000, ""intended_onset_ms"": 164405.167, ""actual_onset_global_ms"": 164442.879, ""actual_offset_global_ms"": 165804.326, ""actual_duration_ms"": 1361.447}]",,,,,0,0,1,0,1,,,,,,,,,,,,,,,,,,,,,,,,,,,,,,,,,,,,,,,,,,,,
046,046_T1_20260518_155800,PA,T1,adaptive,hci_substudy_v2,1,telemetry_v4,flanker,1,formal_block_2,formal,2,1,33,formal,incongruent,1779091080,59.326,2026-05-18T16:00:52.214,0,0,0,1,165835.696,165861.82,incongruent,left,right,>><>>,s,s,1,1320.449,167323.159,none,,165935.696,166002.71,167323.159,3000,1320.449,167323.159,"[{""stage_name"": ""fixation"", ""planned_duration_ms"": 100, ""intended_onset_ms"": 165835.696, ""actual_onset_global_ms"": 165861.82, ""actual_offset_global_ms"": 165982.802, ""actual_duration_ms"": 120.982}, {""stage_name"": ""stimulus"", ""planned_duration_ms"": 3000, ""intended_onset_ms"": 165935.696, ""actual_onset_global_ms"": 166002.71, ""actual_offset_global_ms"": 167323.159, ""actual_duration_ms"": 1320.449}]",,,,,0,0,1,0,1,,,,,,,,,,,,,,,,,,,,,,,,,,,,,,,,,,,,,,,,,,,,
046,046_T1_20260518_155800,PA,T1,adaptive,hci_substudy_v2,1,telemetry_v4,flanker,1,formal_block_2,formal,2,2,34,formal,congruent,1779091080,59.326,2026-05-18T16:00:53.715,0,0,0,1,167336.538,167363.696,congruent,right,right,>>>>>,j,j,1,2529.618,170032.656,none,,167436.538,167503.038,170032.656,3000,2529.618,170032.656,"[{""stage_name"": ""fixation"", ""planned_duration_ms"": 100, ""intended_onset_ms"": 167336.538, ""actual_onset_global_ms"": 167363.696, ""actual_offset_global_ms"": 167481.329, ""actual_duration_ms"": 117.633}, {""stage_name"": ""stimulus"", ""planned_duration_ms"": 3000, ""intended_onset_ms"": 167436.538, ""actual_onset_global_ms"": 167503.038, ""actual_offset_global_ms"": 170032.656, ""actual_duration_ms"": 2529.618}]",,,,,0,0,1,0,1,,,,,,,,,,,,,,,,,,,,,,,,,,,,,,,,,,,,,,,,,,,,
046,046_T1_20260518_155800,PA,T1,adaptive,hci_substudy_v2,1,telemetry_v4,flanker,1,formal_block_2,formal,2,3,35,formal,incongruent,1779091080,59.326,2026-05-18T16:00:56.430,0,0,0,1,170051.473,170079.235,incongruent,left,right,>><>>,s,s,1,1491.602,171693.225,none,,170151.473,170201.623,171693.225,3000,1491.602,171693.225,"[{""stage_name"": ""fixation"", ""planned_duration_ms"": 100, ""intended_onset_ms"": 170051.473, ""actual_onset_global_ms"": 170079.235, ""actual_offset_global_ms"": 170180.334, ""actual_duration_ms"": 101.099}, {""stage_name"": ""stimulus"", ""planned_duration_ms"": 3000, ""intended_onset_ms"": 170151.473, ""actual_onset_global_ms"": 170201.623, ""actual_offset_global_ms"": 171693.225, ""actual_duration_ms"": 1491.602}]",,,,,0,0,1,0,1,,,,,,,,,,,,,,,,,,,,,,,,,,,,,,,,,,,,,,,,,,,,
046,046_T1_20260518_155800,PA,T1,adaptive,hci_substudy_v2,1,telemetry_v4,flanker,1,formal_block_2,formal,2,4,36,formal,incongruent,1779091080,59.326,2026-05-18T16:00:58.082,0,0,0,1,171703.834,171735.166,incongruent,right,left,<<><<,j,j,1,2984.027,174852.478,none,,171803.834,171868.451,174852.478,3000,2984.027,174852.478,"[{""stage_name"": ""fixation"", ""planned_duration_ms"": 100, ""intended_onset_ms"": 171703.834, ""actual_onset_global_ms"": 171735.166, ""actual_offset_global_ms"": 171850.241, ""actual_duration_ms"": 115.075}, {""stage_name"": ""stimulus"", ""planned_duration_ms"": 3000, ""intended_onset_ms"": 171803.834, ""actual_onset_global_ms"": 171868.451, ""actual_offset_global_ms"": 174852.478, ""actual_duration_ms"": 2984.027}]",,,,,0,0,1,0,1,,,,,,,,,,,,,,,,,,,,,,,,,,,,,,,,,,,,,,,,,,,,
046,046_T1_20260518_155800,PA,T1,adaptive,hci_substudy_v2,1,telemetry_v4,flanker,1,formal_block_2,formal,2,5,37,formal,congruent,1779091080,59.326,2026-05-18T16:01:01.262,0,0,0,1,174882.925,174914.722,congruent,left,left,<<<<<,s,s,1,1587.231,176636.713,none,,174982.925,175049.482,176636.713,3000,1587.231,176636.713,"[{""stage_name"": ""fixation"", ""planned_duration_ms"": 100, ""intended_onset_ms"": 174882.925, ""actual_onset_global_ms"": 174914.722, ""actual_offset_global_ms"": 175029.625, ""actual_duration_ms"": 114.903}, {""stage_name"": ""stimulus"", ""planned_duration_ms"": 3000, ""intended_onset_ms"": 174982.925, ""actual_onset_global_ms"": 175049.482, ""actual_offset_global_ms"": 176636.713, ""actual_duration_ms"": 1587.231}]",,,,,0,0,1,0,1,,,,,,,,,,,,,,,,,,,,,,,,,,,,,,,,,,,,,,,,,,,,
046,046_T1_20260518_155800,PA,T1,adaptive,hci_substudy_v2,1,telemetry_v4,flanker,1,formal_block_2,formal,2,6,38,formal,incongruent,1779091080,59.326,2026-05-18T16:01:03.033,0,0,0,1,176654.465,176686.464,incongruent,right,left,<<><<,j,j,1,5020.507,181836.048,none,,176754.465,176815.541,181836.048,3000,5020.507,181836.048,"[{""stage_name"": ""fixation"", ""planned_duration_ms"": 100, ""intended_onset_ms"": 176654.465, ""actual_onset_global_ms"": 176686.464, ""actual_offset_global_ms"": 176800.73, ""actual_duration_ms"": 114.266}, {""stage_name"": ""stimulus"", ""planned_duration_ms"": 3000, ""intended_onset_ms"": 176754.465, ""actual_onset_global_ms"": 176815.541, ""actual_offset_global_ms"": 181836.048, ""actual_duration_ms"": 5020.507}]",,,,,0,1,0,0,1,,,,,,,,,,,,,,,,,,,,,,,,,,,,,,,,,,,,,,,,,,,,
046,046_T1_20260518_155800,PA,T1,adaptive,hci_substudy_v2,1,telemetry_v4,flanker,1,formal_block_2,formal,2,7,39,formal,incongruent,1779091080,59.326,2026-05-18T16:01:08.252,0,0,0,1,181872.833,181905.465,incongruent,left,right,>><>>,s,s,1,1886.496,183924.672,none,,181972.833,182038.176,183924.672,3000,1886.496,183924.672,"[{""stage_name"": ""fixation"", ""planned_duration_ms"": 100, ""intended_onset_ms"": 181872.833, ""actual_onset_global_ms"": 181905.465, ""actual_offset_global_ms"": 182020.57, ""actual_duration_ms"": 115.105}, {""stage_name"": ""stimulus"", ""planned_duration_ms"": 3000, ""intended_onset_ms"": 181972.833, ""actual_onset_global_ms"": 182038.176, ""actual_offset_global_ms"": 183924.672, ""actual_duration_ms"": 1886.496}]",,,,,0,0,1,0,1,,,,,,,,,,,,,,,,,,,,,,,,,,,,,,,,,,,,,,,,,,,,
046,046_T1_20260518_155800,PA,T1,adaptive,hci_substudy_v2,1,telemetry_v4,flanker,1,formal_block_2,formal,2,8,40,formal,congruent,1779091080,59.326,2026-05-18T16:01:10.332,0,0,0,1,183952.64,183980.81,congruent,left,left,<<<<<,s,s,1,1949.41,186065.698,none,,184052.64,184116.288,186065.698,3000,1949.41,186065.698,"[{""stage_name"": ""fixation"", ""planned_duration_ms"": 100, ""intended_onset_ms"": 183952.64, ""actual_onset_global_ms"": 183980.81, ""actual_offset_global_ms"": 184095.345, ""actual_duration_ms"": 114.535}, {""stage_name"": ""stimulus"", ""planned_duration_ms"": 3000, ""intended_onset_ms"": 184052.64, ""actual_onset_global_ms"": 184116.288, ""actual_offset_global_ms"": 186065.698, ""actual_duration_ms"": 1949.41}]",,,,,0,0,1,0,1,,,,,,,,,,,,,,,,,,,,,,,,,,,,,,,,,,,,,,,,,,,,
046,046_T1_20260518_155800,PA,T1,adaptive,hci_substudy_v2,1,telemetry_v4,flanker,1,formal_block_2,formal,2,9,41,formal,congruent,1779091080,59.326,2026-05-18T16:01:12.461,0,0,0,1,186082.1,186115.58,congruent,right,right,>>>>>,j,j,1,1545.055,187793.255,none,,186182.1,186248.2,187793.255,3000,1545.055,187793.255,"[{""stage_name"": ""fixation"", ""planned_duration_ms"": 100, ""intended_onset_ms"": 186082.1, ""actual_onset_global_ms"": 186115.58, ""actual_offset_global_ms"": 186227.918, ""actual_duration_ms"": 112.338}, {""stage_name"": ""stimulus"", ""planned_duration_ms"": 3000, ""intended_onset_ms"": 186182.1, ""actual_onset_global_ms"": 186248.2, ""actual_offset_global_ms"": 187793.255, ""actual_duration_ms"": 1545.055}]",,,,,0,0,1,0,1,,,,,,,,,,,,,,,,,,,,,,,,,,,,,,,,,,,,,,,,,,,,
046,046_T1_20260518_155800,PA,T1,adaptive,hci_substudy_v2,1,telemetry_v4,flanker,1,formal_block_2,formal,2,10,42,formal,incongruent,1779091080,59.326,2026-05-18T16:01:14.189,0,0,0,1,187811.145,187838.963,incongruent,left,right,>><>>,s,s,1,996.273,188965.011,none,,187911.145,187968.738,188965.011,3000,996.273,188965.011,"[{""stage_name"": ""fixation"", ""planned_duration_ms"": 100, ""intended_onset_ms"": 187811.145, ""actual_onset_global_ms"": 187838.963, ""actual_offset_global_ms"": 187951.459, ""actual_duration_ms"": 112.496}, {""stage_name"": ""stimulus"", ""planned_duration_ms"": 3000, ""intended_onset_ms"": 187911.145, ""actual_onset_global_ms"": 187968.738, ""actual_offset_global_ms"": 188965.011, ""actual_duration_ms"": 996.273}]",,,,,0,0,1,0,1,,,,,,,,,,,,,,,,,,,,,,,,,,,,,,,,,,,,,,,,,,,,
046,046_T1_20260518_155800,PA,T1,adaptive,hci_substudy_v2,1,telemetry_v4,flanker,1,formal_block_2,formal,2,11,43,formal,incongruent,1779091080,59.326,2026-05-18T16:01:15.377,0,0,0,1,188998.401,189029.52,incongruent,left,right,>><>>,s,s,1,1315.024,190479.227,none,,189098.401,189164.203,190479.227,3000,1315.024,190479.227,"[{""stage_name"": ""fixation"", ""planned_duration_ms"": 100, ""intended_onset_ms"": 188998.401, ""actual_onset_global_ms"": 189029.52, ""actual_offset_global_ms"": 189144.186, ""actual_duration_ms"": 114.666}, {""stage_name"": ""stimulus"", ""planned_duration_ms"": 3000, ""intended_onset_ms"": 189098.401, ""actual_onset_global_ms"": 189164.203, ""actual_offset_global_ms"": 190479.227, ""actual_duration_ms"": 1315.024}]",,,,,0,0,1,0,1,,,,,,,,,,,,,,,,,,,,,,,,,,,,,,,,,,,,,,,,,,,,
046,046_T1_20260518_155800,PA,T1,adaptive,hci_substudy_v2,1,telemetry_v4,flanker,1,formal_block_2,formal,2,12,44,formal,incongruent,1779091080,59.326,2026-05-18T16:01:16.874,0,0,0,1,190496.092,190526.912,incongruent,right,left,<<><<,j,j,1,2143.091,192808.724,none,,190596.092,190665.633,192808.724,3000,2143.091,192808.724,"[{""stage_name"": ""fixation"", ""planned_duration_ms"": 100, ""intended_onset_ms"": 190496.092, ""actual_onset_global_ms"": 190526.912, ""actual_offset_global_ms"": 190643.6, ""actual_duration_ms"": 116.688}, {""stage_name"": ""stimulus"", ""planned_duration_ms"": 3000, ""intended_onset_ms"": 190596.092, ""actual_onset_global_ms"": 190665.633, ""actual_offset_global_ms"": 192808.724, ""actual_duration_ms"": 2143.091}]",,,,,0,0,1,0,1,,,,,,,,,,,,,,,,,,,,,,,,,,,,,,,,,,,,,,,,,,,,
046,046_T1_20260518_155800,PA,T1,adaptive,hci_substudy_v2,1,telemetry_v4,flanker,1,formal_block_2,formal,2,13,45,formal,congruent,1779091080,59.326,2026-05-18T16:01:19.226,0,0,0,1,192847.337,192875.609,congruent,right,right,>>>>>,j,j,1,526.283,193526.956,none,,192947.337,193000.673,193526.956,3000,526.283,193526.956,"[{""stage_name"": ""fixation"", ""planned_duration_ms"": 100, ""intended_onset_ms"": 192847.337, ""actual_onset_global_ms"": 192875.609, ""actual_offset_global_ms"": 192983.256, ""actual_duration_ms"": 107.647}, {""stage_name"": ""stimulus"", ""planned_duration_ms"": 3000, ""intended_onset_ms"": 192947.337, ""actual_onset_global_ms"": 193000.673, ""actual_offset_global_ms"": 193526.956, ""actual_duration_ms"": 526.283}]",,,,,0,0,1,0,1,,,,,,,,,,,,,,,,,,,,,,,,,,,,,,,,,,,,,,,,,,,,
046,046_T1_20260518_155800,PA,T1,adaptive,hci_substudy_v2,1,telemetry_v4,flanker,1,formal_block_2,formal,2,14,46,formal,congruent,1779091080,59.326,2026-05-18T16:01:19.954,0,0,0,1,193575.206,193606.599,congruent,left,left,<<<<<,s,s,1,1470.119,195215.7,none,,193675.206,193745.581,195215.7,3000,1470.119,195215.7,"[{""stage_name"": ""fixation"", ""planned_duration_ms"": 100, ""intended_onset_ms"": 193575.206, ""actual_onset_global_ms"": 193606.599, ""actual_offset_global_ms"": 193726.043, ""actual_duration_ms"": 119.444}, {""stage_name"": ""stimulus"", ""planned_duration_ms"": 3000, ""intended_onset_ms"": 193675.206, ""actual_onset_global_ms"": 193745.581, ""actual_offset_global_ms"": 195215.7, ""actual_duration_ms"": 1470.119}]",,,,,0,0,1,0,1,,,,,,,,,,,,,,,,,,,,,,,,,,,,,,,,,,,,,,,,,,,,
046,046_T1_20260518_155800,PA,T1,adaptive,hci_substudy_v2,1,telemetry_v4,flanker,1,formal_block_2,formal,2,15,47,formal,incongruent,1779091080,59.326,2026-05-18T16:01:21.627,0,0,0,1,195248.294,195275.534,incongruent,right,left,<<><<,j,s,0,435.134,195851.219,none,,195348.294,195416.085,195851.219,3000,435.134,195851.219,"[{""stage_name"": ""fixation"", ""planned_duration_ms"": 100, ""intended_onset_ms"": 195248.294, ""actual_onset_global_ms"": 195275.534, ""actual_offset_global_ms"": 195393.733, ""actual_duration_ms"": 118.199}, {""stage_name"": ""stimulus"", ""planned_duration_ms"": 3000, ""intended_onset_ms"": 195348.294, ""actual_onset_global_ms"": 195416.085, ""actual_offset_global_ms"": 195851.219, ""actual_duration_ms"": 435.134}]",,,,,0,0,0,0,1,,,,,,,,,,,,,,,,,,,,,,,,,,,,,,,,,,,,,,,,,,,,
046,046_T1_20260518_155800,PA,T1,adaptive,hci_substudy_v2,1,telemetry_v4,flanker,1,formal_block_2,formal,2,16,48,formal,congruent,1779091080,59.326,2026-05-18T16:01:22.271,0,0,0,1,195892.241,195919.095,congruent,right,right,>>>>>,j,j,1,3135.257,199185.619,none,,195992.241,196050.362,199185.619,3000,3135.257,199185.619,"[{""stage_name"": ""fixation"", ""planned_duration_ms"": 100, ""intended_onset_ms"": 195892.241, ""actual_onset_global_ms"": 195919.095, ""actual_offset_global_ms"": 196031.073, ""actual_duration_ms"": 111.978}, {""stage_name"": ""stimulus"", ""planned_duration_ms"": 3000, ""intended_onset_ms"": 195992.241, ""actual_onset_global_ms"": 196050.362, ""actual_offset_global_ms"": 199185.619, ""actual_duration_ms"": 3135.257}]",,,,,0,1,0,0,1,,,,,,,,,,,,,,,,,,,,,,,,,,,,,,,,,,,,,,,,,,,,
046,046_T1_20260518_155800,PA,T1,adaptive,hci_substudy_v2,1,telemetry_v4,flanker,1,formal_block_2,formal,2,17,49,formal,congruent,1779091080,59.326,2026-05-18T16:01:25.591,0,0,0,1,199212.312,199242.169,congruent,left,left,<<<<<,s,s,1,1256.327,200636.495,none,,199312.312,199380.168,200636.495,3000,1256.327,200636.495,"[{""stage_name"": ""fixation"", ""planned_duration_ms"": 100, ""intended_onset_ms"": 199212.312, ""actual_onset_global_ms"": 199242.169, ""actual_offset_global_ms"": 199358.803, ""actual_duration_ms"": 116.634}, {""stage_name"": ""stimulus"", ""planned_duration_ms"": 3000, ""intended_onset_ms"": 199312.312, ""actual_onset_global_ms"": 199380.168, ""actual_offset_global_ms"": 200636.495, ""actual_duration_ms"": 1256.327}]",,,,,0,0,1,0,1,,,,,,,,,,,,,,,,,,,,,,,,,,,,,,,,,,,,,,,,,,,,
046,046_T1_20260518_155800,PA,T1,adaptive,hci_substudy_v2,1,telemetry_v4,flanker,1,formal_block_2,formal,2,18,50,formal,congruent,1779091080,59.326,2026-05-18T16:01:27.041,0,0,0,1,200662.122,200696.593,congruent,left,left,<<<<<,s,s,1,1065.828,201895.081,none,,200762.122,200829.253,201895.081,3000,1065.828,201895.081,"[{""stage_name"": ""fixation"", ""planned_duration_ms"": 100, ""intended_onset_ms"": 200662.122, ""actual_onset_global_ms"": 200696.593, ""actual_offset_global_ms"": 200808.429, ""actual_duration_ms"": 111.836}, {""stage_name"": ""stimulus"", ""planned_duration_ms"": 3000, ""intended_onset_ms"": 200762.122, ""actual_onset_global_ms"": 200829.253, ""actual_offset_global_ms"": 201895.081, ""actual_duration_ms"": 1065.828}]",,,,,0,0,1,0,1,,,,,,,,,,,,,,,,,,,,,,,,,,,,,,,,,,,,,,,,,,,,
046,046_T1_20260518_155800,PA,T1,adaptive,hci_substudy_v2,1,telemetry_v4,flanker,1,formal_block_2,formal,2,19,51,formal,incongruent,1779091080,59.326,2026-05-18T16:01:28.289,0,0,0,1,201910.531,201942.48,incongruent,right,left,<<><<,j,j,1,2229.943,204314.081,none,,202010.531,202084.138,204314.081,3000,2229.943,204314.081,"[{""stage_name"": ""fixation"", ""planned_duration_ms"": 100, ""intended_onset_ms"": 201910.531, ""actual_onset_global_ms"": 201942.48, ""actual_offset_global_ms"": 202058.529, ""actual_duration_ms"": 116.049}, {""stage_name"": ""stimulus"", ""planned_duration_ms"": 3000, ""intended_onset_ms"": 202010.531, ""actual_onset_global_ms"": 202084.138, ""actual_offset_global_ms"": 204314.081, ""actual_duration_ms"": 2229.943}]",,,,,0,0,1,0,1,,,,,,,,,,,,,,,,,,,,,,,,,,,,,,,,,,,,,,,,,,,,
046,046_T1_20260518_155800,PA,T1,adaptive,hci_substudy_v2,1,telemetry_v4,flanker,1,formal_block_2,formal,2,20,52,formal,congruent,1779091080,59.326,2026-05-18T16:01:30.709,0,0,0,1,204330.334,204359.756,congruent,right,right,>>>>>,j,j,1,1380.589,205876.176,none,,204430.334,204495.587,205876.176,3000,1380.589,205876.176,"[{""stage_name"": ""fixation"", ""planned_duration_ms"": 100, ""intended_onset_ms"": 204330.334, ""actual_onset_global_ms"": 204359.756, ""actual_offset_global_ms"": 204474.693, ""actual_duration_ms"": 114.937}, {""stage_name"": ""stimulus"", ""planned_duration_ms"": 3000, ""intended_onset_ms"": 204430.334, ""actual_onset_global_ms"": 204495.587, ""actual_offset_global_ms"": 205876.176, ""actual_duration_ms"": 1380.589}]",,,,,0,0,1,0,1,,,,,,,,,,,,,,,,,,,,,,,,,,,,,,,,,,,,,,,,,,,,
046,046_T1_20260518_155800,PA,T1,adaptive,hci_substudy_v2,1,telemetry_v4,dccs,2,mixed_formal,formal,1,1,13,formal,shape,1779091080,59.326,2026-05-18T16:03:03.612,0,0,0,1,297233.006,297270.953,,,,,s,s,1,1474.448,299850.551,none,,297833.006,298376.103,299850.551,3000,1474.448,299850.551,"[{""stage_name"": ""fixation"", ""planned_duration_ms"": 100, ""intended_onset_ms"": 297233.006, ""actual_onset_global_ms"": 297270.953, ""actual_offset_global_ms"": 297353.295, ""actual_duration_ms"": 82.342}, {""stage_name"": ""cue"", ""planned_duration_ms"": 500, ""intended_onset_ms"": 297333.006, ""actual_onset_global_ms"": 297374.47, ""actual_offset_global_ms"": 298356.661, ""actual_duration_ms"": 982.191}, {""stage_name"": ""stimulus"", ""planned_duration_ms"": 3000, ""intended_onset_ms"": 297833.006, ""actual_onset_global_ms"": 298376.103, ""actual_offset_global_ms"": 299850.551, ""actual_duration_ms"": 1474.448}]",,,,,0,0,1,0,1,0.0,none,,,0.0,0.0,none,0.0,0.0,0.0,0.0,,,0.0,none,none,0.0,shape,cue_shape.wav,形状,297375.132,500.0,298141.382,red,rabbit,red_rabbit,first,,shape,2476.081,,,,,,,,,,,,,,
046,046_T1_20260518_155800,PA,T1,adaptive,hci_substudy_v2,1,telemetry_v4,dccs,2,mixed_formal,formal,1,2,14,formal,color,1779091080,59.326,2026-05-18T16:03:06.269,0,0,0,1,299890.441,299922.858,,,,,j,j,1,2614.073,303576.975,none,,300490.441,300962.902,303576.975,3000,2614.073,303576.975,"[{""stage_name"": ""fixation"", ""planned_duration_ms"": 100, ""intended_onset_ms"": 299890.441, ""actual_onset_global_ms"": 299922.858, ""actual_offset_global_ms"": 300010.292, ""actual_duration_ms"": 87.434}, {""stage_name"": ""cue"", ""planned_duration_ms"": 500, ""intended_onset_ms"": 299990.441, ""actual_onset_global_ms"": 300027.448, ""actual_offset_global_ms"": 300954.229, ""actual_duration_ms"": 926.781}, {""stage_name"": ""stimulus"", ""planned_duration_ms"": 3000, ""intended_onset_ms"": 300490.441, ""actual_onset_global_ms"": 300962.902, ""actual_offset_global_ms"": 303576.975, ""actual_duration_ms"": 2614.073}]",,,,,0,0,1,0,1,0.0,none,,,0.0,0.0,none,0.0,0.0,0.0,0.0,,,0.0,none,none,0.0,color,cue_color.wav,颜色,300028.001,500.0,300724.563,red,boat,red_boat,switch,shape,color,3549.527,,,,,,,,,,,,,,
046,046_T1_20260518_155800,PA,T1,adaptive,hci_substudy_v2,1,telemetry_v4,dccs,2,mixed_formal,formal,1,3,15,formal,shape,1779091080,59.326,2026-05-18T16:03:10.000,0,0,0,1,303621.623,303654.964,,,,,j,j,1,1179.809,305956.522,none,,304221.623,304776.713,305956.522,3000,1179.809,305956.522,"[{""stage_name"": ""fixation"", ""planned_duration_ms"": 100, ""intended_onset_ms"": 303621.623, ""actual_onset_global_ms"": 303654.964, ""actual_offset_global_ms"": 303769.072, ""actual_duration_ms"": 114.108}, {""stage_name"": ""cue"", ""planned_duration_ms"": 500, ""intended_onset_ms"": 303721.623, ""actual_onset_global_ms"": 303784.572, ""actual_offset_global_ms"": 304760.522, ""actual_duration_ms"": 975.95}, {""stage_name"": ""stimulus"", ""planned_duration_ms"": 3000, ""intended_onset_ms"": 304221.623, ""actual_onset_global_ms"": 304776.713, ""actual_offset_global_ms"": 305956.522, ""actual_duration_ms"": 1179.809}]",,,,,0,0,1,0,1,0.0,none,,,0.0,0.0,none,0.0,0.0,0.0,0.0,,,0.0,none,none,0.0,shape,cue_shape.wav,形状,303785.25,500.0,304551.5,blue,boat,blue_boat,switch,color,shape,2171.95,,,,,,,,,,,,,,
046,046_T1_20260518_155800,PA,T1,adaptive,hci_substudy_v2,1,telemetry_v4,dccs,2,mixed_formal,formal,1,4,16,formal,shape,1779091080,59.326,2026-05-18T16:03:12.371,0,0,0,1,305993.581,306025.879,,,,,s,s,1,845.886,307997.376,none,,306593.581,307151.49,307997.376,3000,845.886,307997.376,"[{""stage_name"": ""fixation"", ""planned_duration_ms"": 100, ""intended_onset_ms"": 305993.581, ""actual_onset_global_ms"": 306025.879, ""actual_offset_global_ms"": 306111.094, ""actual_duration_ms"": 85.215}, {""stage_name"": ""cue"", ""planned_duration_ms"": 500, ""intended_onset_ms"": 306093.581, ""actual_onset_global_ms"": 306133.539, ""actual_offset_global_ms"": 307136.216, ""actual_duration_ms"": 1002.677}, {""stage_name"": ""stimulus"", ""planned_duration_ms"": 3000, ""intended_onset_ms"": 306593.581, ""actual_onset_global_ms"": 307151.49, ""actual_offset_global_ms"": 307997.376, ""actual_duration_ms"": 845.886}]",,,,,0,0,1,0,1,0.0,none,,,0.0,0.0,none,0.0,0.0,0.0,0.0,,,0.0,none,none,0.0,shape,cue_shape.wav,形状,306134.066,500.0,306900.316,blue,rabbit,blue_rabbit,repeat,shape,shape,1863.837,,,,,,,,,,,,,,
046,046_T1_20260518_155800,PA,T1,adaptive,hci_substudy_v2,1,telemetry_v4,dccs,2,mixed_formal,formal,1,5,17,formal,color,1779091080,59.326,2026-05-18T16:03:14.402,0,0,0,1,308023.039,308055.435,,,,,s,s,1,786.339,309925.848,none,,308623.039,309139.509,309925.848,3000,786.339,309925.848,"[{""stage_name"": ""fixation"", ""planned_duration_ms"": 100, ""intended_onset_ms"": 308023.039, ""actual_onset_global_ms"": 308055.435, ""actual_offset_global_ms"": 308142.288, ""actual_duration_ms"": 86.853}, {""stage_name"": ""cue"", ""planned_duration_ms"": 500, ""intended_onset_ms"": 308123.039, ""actual_onset_global_ms"": 308161.16, ""actual_offset_global_ms"": 309124.745, ""actual_duration_ms"": 963.585}, {""stage_name"": ""stimulus"", ""planned_duration_ms"": 3000, ""intended_onset_ms"": 308623.039, ""actual_onset_global_ms"": 309139.509, ""actual_offset_global_ms"": 309925.848, ""actual_duration_ms"": 786.339}]",,,,,0,0,1,0,1,0.0,none,,,0.0,0.0,none,0.0,0.0,0.0,0.0,,,0.0,none,none,0.0,color,cue_color.wav,颜色,308161.733,500.0,308858.296,blue,rabbit,blue_rabbit,switch,shape,color,1764.688,,,,,,,,,,,,,,
046,046_T1_20260518_155800,PA,T1,adaptive,hci_substudy_v2,1,telemetry_v4,dccs,2,mixed_formal,formal,1,6,18,formal,color,1779091080,59.326,2026-05-18T16:03:16.334,0,0,0,1,309955.527,309995.803,,,,,s,s,1,1037.51,312098.656,none,,310555.527,311061.146,312098.656,3000,1037.51,312098.656,"[{""stage_name"": ""fixation"", ""planned_duration_ms"": 100, ""intended_onset_ms"": 309955.527, ""actual_onset_global_ms"": 309995.803, ""actual_offset_global_ms"": 310076.302, ""actual_duration_ms"": 80.499}, {""stage_name"": ""cue"", ""planned_duration_ms"": 500, ""intended_onset_ms"": 310055.527, ""actual_onset_global_ms"": 310090.987, ""actual_offset_global_ms"": 311048.693, ""actual_duration_ms"": 957.706}, {""stage_name"": ""stimulus"", ""planned_duration_ms"": 3000, ""intended_onset_ms"": 310555.527, ""actual_onset_global_ms"": 311061.146, ""actual_offset_global_ms"": 312098.656, ""actual_duration_ms"": 1037.51}]",,,,,0,0,1,0,1,0.0,none,,,0.0,0.0,none,0.0,0.0,0.0,0.0,,,0.0,none,none,0.0,color,cue_color.wav,颜色,310091.446,500.0,310788.008,blue,boat,blue_boat,repeat,color,color,2007.669,,,,,,,,,,,,,,
046,046_T1_20260518_155800,PA,T1,adaptive,hci_substudy_v2,1,telemetry_v4,dccs,2,mixed_formal,formal,1,7,19,formal,color,1779091080,59.326,2026-05-18T16:03:18.502,0,0,0,1,312122.695,312154.025,,,,,j,j,1,2168.167,315372.436,none,,312722.695,313204.269,315372.436,3000,2168.167,315372.436,"[{""stage_name"": ""fixation"", ""planned_duration_ms"": 100, ""intended_onset_ms"": 312122.695, ""actual_onset_global_ms"": 312154.025, ""actual_offset_global_ms"": 312240.576, ""actual_duration_ms"": 86.551}, {""stage_name"": ""cue"", ""planned_duration_ms"": 500, ""intended_onset_ms"": 312222.695, ""actual_onset_global_ms"": 312259.229, ""actual_offset_global_ms"": 313197.751, ""actual_duration_ms"": 938.522}, {""stage_name"": ""stimulus"", ""planned_duration_ms"": 3000, ""intended_onset_ms"": 312722.695, ""actual_onset_global_ms"": 313204.269, ""actual_offset_global_ms"": 315372.436, ""actual_duration_ms"": 2168.167}]",,,,,0,0,1,0,1,0.0,none,,,0.0,0.0,none,0.0,0.0,0.0,0.0,,,0.0,none,none,0.0,color,cue_color.wav,颜色,312259.799,500.0,312956.361,red,rabbit,red_rabbit,repeat,color,color,3113.207,,,,,,,,,,,,,,
046,046_T1_20260518_155800,PA,T1,adaptive,hci_substudy_v2,1,telemetry_v4,dccs,2,mixed_formal,formal,1,8,20,formal,shape,1779091080,59.326,2026-05-18T16:03:21.770,0,0,0,1,315391.528,315418.606,,,,,j,j,1,2299.636,318519.635,none,,315991.528,316219.999,318519.635,3000,2299.636,318519.635,"[{""stage_name"": ""fixation"", ""planned_duration_ms"": 100, ""intended_onset_ms"": 315391.528, ""actual_onset_global_ms"": 315418.606, ""actual_offset_global_ms"": 315521.473, ""actual_duration_ms"": 102.867}, {""stage_name"": ""cue"", ""planned_duration_ms"": 500, ""intended_onset_ms"": 315491.528, ""actual_onset_global_ms"": 315531.809, ""actual_offset_global_ms"": 316208.443, ""actual_duration_ms"": 676.634}, {""stage_name"": ""stimulus"", ""planned_duration_ms"": 3000, ""intended_onset_ms"": 315991.528, ""actual_onset_global_ms"": 316219.999, ""actual_offset_global_ms"": 318519.635, ""actual_duration_ms"": 2299.636}]",,,,,0,0,1,0,1,0.0,none,,,0.0,0.0,none,0.0,0.0,0.0,0.0,,,0.0,none,none,0.0,shape,cue_shape.wav,形状,315532.226,500.0,316298.476,red,boat,red_boat,switch,color,shape,2987.826,,,,,,,,,,,,,,
046,046_T1_20260518_155800,PA,T1,adaptive,hci_substudy_v2,1,telemetry_v4,dccs,2,mixed_formal,formal,1,9,21,formal,color,1779091080,59.326,2026-05-18T16:03:24.918,0,0,0,1,318539.057,318568.984,,,,,j,s,0,823.775,320498.315,none,,319139.057,319674.54,320498.315,3000,823.775,320498.315,"[{""stage_name"": ""fixation"", ""planned_duration_ms"": 100, ""intended_onset_ms"": 318539.057, ""actual_onset_global_ms"": 318568.984, ""actual_offset_global_ms"": 318689.223, ""actual_duration_ms"": 120.239}, {""stage_name"": ""cue"", ""planned_duration_ms"": 500, ""intended_onset_ms"": 318639.057, ""actual_onset_global_ms"": 318707.32, ""actual_offset_global_ms"": 319656.846, ""actual_duration_ms"": 949.526}, {""stage_name"": ""stimulus"", ""planned_duration_ms"": 3000, ""intended_onset_ms"": 319139.057, ""actual_onset_global_ms"": 319674.54, ""actual_offset_global_ms"": 320498.315, ""actual_duration_ms"": 823.775}]",,,,,0,0,0,0,1,0.0,none,,,0.0,0.0,none,0.0,0.0,0.0,0.0,,,0.0,none,none,0.0,color,cue_color.wav,颜色,318707.967,500.0,319404.53,red,rabbit,red_rabbit,switch,shape,color,1790.995,,,,,,,,,,,,,,
046,046_T1_20260518_155800,PA,T1,adaptive,hci_substudy_v2,1,telemetry_v4,dccs,2,mixed_formal,formal,1,10,22,formal,color,1779091080,59.326,2026-05-18T16:03:26.898,0,0,0,1,320518.906,320556.634,,,,,s,s,1,1064.849,322680.089,none,,321118.906,321615.24,322680.089,3000,1064.849,322680.089,"[{""stage_name"": ""fixation"", ""planned_duration_ms"": 100, ""intended_onset_ms"": 320518.906, ""actual_onset_global_ms"": 320556.634, ""actual_offset_global_ms"": 320638.98, ""actual_duration_ms"": 82.346}, {""stage_name"": ""cue"", ""planned_duration_ms"": 500, ""intended_onset_ms"": 320618.906, ""actual_onset_global_ms"": 320657.445, ""actual_offset_global_ms"": 321600.852, ""actual_duration_ms"": 943.407}, {""stage_name"": ""stimulus"", ""planned_duration_ms"": 3000, ""intended_onset_ms"": 321118.906, ""actual_onset_global_ms"": 321615.24, ""actual_offset_global_ms"": 322680.089, ""actual_duration_ms"": 1064.849}]",,,,,0,0,1,0,1,0.0,none,,,0.0,0.0,none,0.0,0.0,0.0,0.0,,,0.0,none,none,0.0,color,cue_color.wav,颜色,320658.045,500.0,321354.607,blue,rabbit,blue_rabbit,repeat,color,color,2022.644,,,,,,,,,,,,,,
046,046_T1_20260518_155800,PA,T1,adaptive,hci_substudy_v2,1,telemetry_v4,dccs,2,mixed_formal,formal,1,11,23,formal,shape,1779091080,59.326,2026-05-18T16:03:29.074,0,0,0,1,322695.124,322724.067,,,,,s,s,1,2376.2,325868.822,none,,323295.124,323492.622,325868.822,3000,2376.2,325868.822,"[{""stage_name"": ""fixation"", ""planned_duration_ms"": 100, ""intended_onset_ms"": 322695.124, ""actual_onset_global_ms"": 322724.067, ""actual_offset_global_ms"": 322815.251, ""actual_duration_ms"": 91.184}, {""stage_name"": ""cue"", ""planned_duration_ms"": 500, ""intended_onset_ms"": 322795.124, ""actual_onset_global_ms"": 322821.561, ""actual_offset_global_ms"": 323484.151, ""actual_duration_ms"": 662.59}, {""stage_name"": ""stimulus"", ""planned_duration_ms"": 3000, ""intended_onset_ms"": 323295.124, ""actual_onset_global_ms"": 323492.622, ""actual_offset_global_ms"": 325868.822, ""actual_duration_ms"": 2376.2}]",,,,,0,0,1,0,1,0.0,none,,,0.0,0.0,none,0.0,0.0,0.0,0.0,,,0.0,none,none,0.0,shape,cue_shape.wav,形状,322821.897,500.0,323588.147,blue,rabbit,blue_rabbit,switch,color,shape,3047.261,,,,,,,,,,,,,,
046,046_T1_20260518_155800,PA,T1,adaptive,hci_substudy_v2,1,telemetry_v4,dccs,2,mixed_formal,formal,1,12,24,formal,color,1779091080,59.326,2026-05-18T16:03:32.259,0,0,0,1,325880.263,325907.319,,,,,j,j,1,1673.171,328336.631,none,,326480.263,326663.46,328336.631,3000,1673.171,328336.631,"[{""stage_name"": ""fixation"", ""planned_duration_ms"": 100, ""intended_onset_ms"": 325880.263, ""actual_onset_global_ms"": 325907.319, ""actual_offset_global_ms"": 325998.549, ""actual_duration_ms"": 91.23}, {""stage_name"": ""cue"", ""planned_duration_ms"": 500, ""intended_onset_ms"": 325980.263, ""actual_onset_global_ms"": 326008.312, ""actual_offset_global_ms"": 326656.574, ""actual_duration_ms"": 648.262}, {""stage_name"": ""stimulus"", ""planned_duration_ms"": 3000, ""intended_onset_ms"": 326480.263, ""actual_onset_global_ms"": 326663.46, ""actual_offset_global_ms"": 328336.631, ""actual_duration_ms"": 1673.171}]",,,,,0,0,1,0,1,0.0,none,,,0.0,0.0,none,0.0,0.0,0.0,0.0,,,0.0,none,none,0.0,color,cue_color.wav,颜色,326008.816,500.0,326705.378,red,rabbit,red_rabbit,switch,shape,color,2328.319,,,,,,,,,,,,,,
046,046_T1_20260518_155800,PA,T1,adaptive,hci_substudy_v2,1,telemetry_v4,dccs,2,mixed_formal,formal,1,13,25,formal,shape,1779091080,59.326,2026-05-18T16:03:34.741,0,0,0,1,328362.496,328391.502,,,,,j,j,1,2350.24,331787.345,none,,328962.496,329437.105,331787.345,3000,2350.24,331787.345,"[{""stage_name"": ""fixation"", ""planned_duration_ms"": 100, ""intended_onset_ms"": 328362.496, ""actual_onset_global_ms"": 328391.502, ""actual_offset_global_ms"": 328492.658, ""actual_duration_ms"": 101.156}, {""stage_name"": ""cue"", ""planned_duration_ms"": 500, ""intended_onset_ms"": 328462.496, ""actual_onset_global_ms"": 328506.902, ""actual_offset_global_ms"": 329420.258, ""actual_duration_ms"": 913.356}, {""stage_name"": ""stimulus"", ""planned_duration_ms"": 3000, ""intended_onset_ms"": 328962.496, ""actual_onset_global_ms"": 329437.105, ""actual_offset_global_ms"": 331787.345, ""actual_duration_ms"": 2350.24}]",,,,,0,0,1,0,1,0.0,none,,,0.0,0.0,none,0.0,0.0,0.0,0.0,,,0.0,none,none,0.0,shape,cue_shape.wav,形状,328507.419,500.0,329273.669,red,boat,red_boat,switch,color,shape,3280.443,,,,,,,,,,,,,,
046,046_T1_20260518_155800,PA,T1,adaptive,hci_substudy_v2,1,telemetry_v4,dccs,2,mixed_formal,formal,1,14,26,formal,shape,1779091080,59.326,2026-05-18T16:03:38.185,0,0,0,1,331806.404,331837.323,,,,,j,j,1,957.252,333877.528,none,,332406.404,332920.276,333877.528,3000,957.252,333877.528,"[{""stage_name"": ""fixation"", ""planned_duration_ms"": 100, ""intended_onset_ms"": 331806.404, ""actual_onset_global_ms"": 331837.323, ""actual_offset_global_ms"": 331925.074, ""actual_duration_ms"": 87.751}, {""stage_name"": ""cue"", ""planned_duration_ms"": 500, ""intended_onset_ms"": 331906.404, ""actual_onset_global_ms"": 331942.426, ""actual_offset_global_ms"": 332904.191, ""actual_duration_ms"": 961.765}, {""stage_name"": ""stimulus"", ""planned_duration_ms"": 3000, ""intended_onset_ms"": 332406.404, ""actual_onset_global_ms"": 332920.276, ""actual_offset_global_ms"": 333877.528, ""actual_duration_ms"": 957.252}]",,,,,0,0,1,0,1,0.0,none,,,0.0,0.0,none,0.0,0.0,0.0,0.0,,,0.0,none,none,0.0,shape,cue_shape.wav,形状,331942.909,500.0,332709.159,blue,boat,blue_boat,repeat,shape,shape,1935.102,,,,,,,,,,,,,,
046,046_T1_20260518_155800,PA,T1,adaptive,hci_substudy_v2,1,telemetry_v4,dccs,2,mixed_formal,formal,1,15,27,formal,color,1779091080,59.326,2026-05-18T16:03:40.301,0,0,0,1,333921.701,333957.92,,,,,s,s,1,1052.414,336006.954,none,,334521.701,334954.54,336006.954,3000,1052.414,336006.954,"[{""stage_name"": ""fixation"", ""planned_duration_ms"": 100, ""intended_onset_ms"": 333921.701, ""actual_onset_global_ms"": 333957.92, ""actual_offset_global_ms"": 334039.911, ""actual_duration_ms"": 81.991}, {""stage_name"": ""cue"", ""planned_duration_ms"": 500, ""intended_onset_ms"": 334021.701, ""actual_onset_global_ms"": 334057.199, ""actual_offset_global_ms"": 334945.785, ""actual_duration_ms"": 888.586}, {""stage_name"": ""stimulus"", ""planned_duration_ms"": 3000, ""intended_onset_ms"": 334521.701, ""actual_onset_global_ms"": 334954.54, ""actual_offset_global_ms"": 336006.954, ""actual_duration_ms"": 1052.414}]",,,,,0,0,1,0,1,0.0,none,,,0.0,0.0,none,0.0,0.0,0.0,0.0,,,0.0,none,none,0.0,color,cue_color.wav,颜色,334057.837,500.0,334754.399,blue,boat,blue_boat,switch,shape,color,1949.755,,,,,,,,,,,,,,
046,046_T1_20260518_155800,PA,T1,adaptive,hci_substudy_v2,1,telemetry_v4,dccs,2,mixed_formal,formal,1,16,28,formal,color,1779091080,59.326,2026-05-18T16:03:42.431,0,0,0,1,336053.425,336080.72,,,,,s,s,1,923.485,338072.508,none,,336653.425,337149.023,338072.508,3000,923.485,338072.508,"[{""stage_name"": ""fixation"", ""planned_duration_ms"": 100, ""intended_onset_ms"": 336053.425, ""actual_onset_global_ms"": 336080.72, ""actual_offset_global_ms"": 336192.899, ""actual_duration_ms"": 112.179}, {""stage_name"": ""cue"", ""planned_duration_ms"": 500, ""intended_onset_ms"": 336153.425, ""actual_onset_global_ms"": 336209.647, ""actual_offset_global_ms"": 337134.829, ""actual_duration_ms"": 925.182}, {""stage_name"": ""stimulus"", ""planned_duration_ms"": 3000, ""intended_onset_ms"": 336653.425, ""actual_onset_global_ms"": 337149.023, ""actual_offset_global_ms"": 338072.508, ""actual_duration_ms"": 923.485}]",,,,,0,0,1,0,1,0.0,none,,,0.0,0.0,none,0.0,0.0,0.0,0.0,,,0.0,none,none,0.0,color,cue_color.wav,颜色,336210.205,500.0,336906.768,blue,rabbit,blue_rabbit,repeat,color,color,1862.861,,,,,,,,,,,,,,
046,046_T1_20260518_155800,PA,T1,adaptive,hci_substudy_v2,1,telemetry_v4,dccs,2,mixed_formal,formal,1,17,29,formal,color,1779091080,59.326,2026-05-18T16:03:44.495,0,0,0,1,338116.313,338145.123,,,,,j,j,1,620.545,339839.961,none,,338716.313,339219.416,339839.961,3000,620.545,339839.961,"[{""stage_name"": ""fixation"", ""planned_duration_ms"": 100, ""intended_onset_ms"": 338116.313, ""actual_onset_global_ms"": 338145.123, ""actual_offset_global_ms"": 338257.716, ""actual_duration_ms"": 112.593}, {""stage_name"": ""cue"", ""planned_duration_ms"": 500, ""intended_onset_ms"": 338216.313, ""actual_onset_global_ms"": 338277.037, ""actual_offset_global_ms"": 339209.007, ""actual_duration_ms"": 931.97}, {""stage_name"": ""stimulus"", ""planned_duration_ms"": 3000, ""intended_onset_ms"": 338716.313, ""actual_onset_global_ms"": 339219.416, ""actual_offset_global_ms"": 339839.961, ""actual_duration_ms"": 620.545}]",,,,,0,0,1,0,1,0.0,none,,,0.0,0.0,none,0.0,0.0,0.0,0.0,,,0.0,none,none,0.0,color,cue_color.wav,颜色,338277.753,500.0,338974.316,red,boat,red_boat,repeat,color,color,1562.924,,,,,,,,,,,,,,
046,046_T1_20260518_155800,PA,T1,adaptive,hci_substudy_v2,1,telemetry_v4,dccs,2,mixed_formal,formal,1,18,30,formal,shape,1779091080,59.326,2026-05-18T16:03:46.247,0,0,0,1,339868.553,339902.16,,,,,s,s,1,1574.716,342559.898,none,,340468.553,340985.182,342559.898,3000,1574.716,342559.898,"[{""stage_name"": ""fixation"", ""planned_duration_ms"": 100, ""intended_onset_ms"": 339868.553, ""actual_onset_global_ms"": 339902.16, ""actual_offset_global_ms"": 339987.558, ""actual_duration_ms"": 85.398}, {""stage_name"": ""cue"", ""planned_duration_ms"": 500, ""intended_onset_ms"": 339968.553, ""actual_onset_global_ms"": 340007.525, ""actual_offset_global_ms"": 340977.424, ""actual_duration_ms"": 969.899}, {""stage_name"": ""stimulus"", ""planned_duration_ms"": 3000, ""intended_onset_ms"": 340468.553, ""actual_onset_global_ms"": 340985.182, ""actual_offset_global_ms"": 342559.898, ""actual_duration_ms"": 1574.716}]",,,,,0,0,1,0,1,0.0,none,,,0.0,0.0,none,0.0,0.0,0.0,0.0,,,0.0,none,none,0.0,shape,cue_shape.wav,形状,340008.209,500.0,340774.459,red,rabbit,red_rabbit,switch,color,shape,2552.373,,,,,,,,,,,,,,
046,046_T1_20260518_155800,PA,T1,adaptive,hci_substudy_v2,1,telemetry_v4,dccs,2,mixed_formal,formal,1,19,31,formal,shape,1779091080,59.326,2026-05-18T16:03:48.953,0,0,0,1,342574.005,342604.084,,,,,s,s,1,899.143,344610.623,none,,343174.005,343711.48,344610.623,3000,899.143,344610.623,"[{""stage_name"": ""fixation"", ""planned_duration_ms"": 100, ""intended_onset_ms"": 342574.005, ""actual_onset_global_ms"": 342604.084, ""actual_offset_global_ms"": 342727.182, ""actual_duration_ms"": 123.098}, {""stage_name"": ""cue"", ""planned_duration_ms"": 500, ""intended_onset_ms"": 342674.005, ""actual_onset_global_ms"": 342745.772, ""actual_offset_global_ms"": 343697.464, ""actual_duration_ms"": 951.692}, {""stage_name"": ""stimulus"", ""planned_duration_ms"": 3000, ""intended_onset_ms"": 343174.005, ""actual_onset_global_ms"": 343711.48, ""actual_offset_global_ms"": 344610.623, ""actual_duration_ms"": 899.143}]",,,,,0,0,1,0,1,0.0,none,,,0.0,0.0,none,0.0,0.0,0.0,0.0,,,0.0,none,none,0.0,shape,cue_shape.wav,形状,342746.743,500.0,343512.993,blue,rabbit,blue_rabbit,repeat,shape,shape,1864.851,,,,,,,,,,,,,,
046,046_T1_20260518_155800,PA,T1,adaptive,hci_substudy_v2,1,telemetry_v4,dccs,2,mixed_formal,formal,1,20,32,formal,color,1779091080,59.326,2026-05-18T16:03:51.013,0,0,0,1,344634.238,344657.031,,,,,j,j,1,950.431,346344.886,none,,345234.238,345394.455,346344.886,3000,950.431,346344.886,"[{""stage_name"": ""fixation"", ""planned_duration_ms"": 100, ""intended_onset_ms"": 344634.238, ""actual_onset_global_ms"": 344657.031, ""actual_offset_global_ms"": 344757.706, ""actual_duration_ms"": 100.675}, {""stage_name"": ""cue"", ""planned_duration_ms"": 500, ""intended_onset_ms"": 344734.238, ""actual_onset_global_ms"": 344762.292, ""actual_offset_global_ms"": 345388.352, ""actual_duration_ms"": 626.06}, {""stage_name"": ""stimulus"", ""planned_duration_ms"": 3000, ""intended_onset_ms"": 345234.238, ""actual_onset_global_ms"": 345394.455, ""actual_offset_global_ms"": 346344.886, ""actual_duration_ms"": 950.431}]",,,,,0,0,1,0,1,0.0,none,,,0.0,0.0,none,0.0,0.0,0.0,0.0,,,0.0,none,none,0.0,color,cue_color.wav,颜色,344762.623,500.0,345459.186,red,boat,red_boat,switch,shape,color,1582.594,,,,,,,,,,,,,,
046,046_T1_20260518_155800,PA,T1,adaptive,hci_substudy_v2,1,telemetry_v4,dccs,2,mixed_formal,formal,1,21,33,formal,color,1779091080,59.326,2026-05-18T16:03:52.764,0,0,0,1,346385.401,346406.992,,,,,s,j,0,858.426,348205.456,none,,346985.401,347347.03,348205.456,3000,858.426,348205.456,"[{""stage_name"": ""fixation"", ""planned_duration_ms"": 100, ""intended_onset_ms"": 346385.401, ""actual_onset_global_ms"": 346406.992, ""actual_offset_global_ms"": 346522.655, ""actual_duration_ms"": 115.663}, {""stage_name"": ""cue"", ""planned_duration_ms"": 500, ""intended_onset_ms"": 346485.401, ""actual_onset_global_ms"": 346534.761, ""actual_offset_global_ms"": 347332.889, ""actual_duration_ms"": 798.128}, {""stage_name"": ""stimulus"", ""planned_duration_ms"": 3000, ""intended_onset_ms"": 346985.401, ""actual_onset_global_ms"": 347347.03, ""actual_offset_global_ms"": 348205.456, ""actual_duration_ms"": 858.426}]",,,,,0,0,0,0,1,0.0,none,,,0.0,0.0,none,0.0,0.0,0.0,0.0,,,0.0,none,none,0.0,color,cue_color.wav,颜色,346535.2,500.0,347231.763,blue,boat,blue_boat,repeat,color,color,1670.695,,,,,,,,,,,,,,
046,046_T1_20260518_155800,PA,T1,adaptive,hci_substudy_v2,1,telemetry_v4,dccs,2,mixed_formal,formal,1,22,34,formal,color,1779091080,59.326,2026-05-18T16:03:54.615,0,0,0,1,348236.391,348270.135,,,,,s,s,1,840.316,350192.56,none,,348836.391,349352.244,350192.56,3000,840.316,350192.56,"[{""stage_name"": ""fixation"", ""planned_duration_ms"": 100, ""intended_onset_ms"": 348236.391, ""actual_onset_global_ms"": 348270.135, ""actual_offset_global_ms"": 348384.199, ""actual_duration_ms"": 114.064}, {""stage_name"": ""cue"", ""planned_duration_ms"": 500, ""intended_onset_ms"": 348336.391, ""actual_onset_global_ms"": 348401.555, ""actual_offset_global_ms"": 349334.601, ""actual_duration_ms"": 933.046}, {""stage_name"": ""stimulus"", ""planned_duration_ms"": 3000, ""intended_onset_ms"": 348836.391, ""actual_onset_global_ms"": 349352.244, ""actual_offset_global_ms"": 350192.56, ""actual_duration_ms"": 840.316}]",,,,,0,0,1,0,1,0.0,none,,,0.0,0.0,none,0.0,0.0,0.0,0.0,,,0.0,none,none,0.0,color,cue_color.wav,颜色,348401.983,500.0,349098.546,blue,boat,blue_boat,repeat,color,color,1791.005,,,,,,,,,,,,,,
046,046_T1_20260518_155800,PA,T1,adaptive,hci_substudy_v2,1,telemetry_v4,dccs,2,mixed_formal,formal,1,23,35,formal,shape,1779091080,59.326,2026-05-18T16:03:56.603,0,0,0,1,350224.13,350248.729,,,,,s,s,1,1571.941,352927.33,none,,350824.13,351355.389,352927.33,3000,1571.941,352927.33,"[{""stage_name"": ""fixation"", ""planned_duration_ms"": 100, ""intended_onset_ms"": 350224.13, ""actual_onset_global_ms"": 350248.729, ""actual_offset_global_ms"": 350356.378, ""actual_duration_ms"": 107.649}, {""stage_name"": ""cue"", ""planned_duration_ms"": 500, ""intended_onset_ms"": 350324.13, ""actual_onset_global_ms"": 350374.908, ""actual_offset_global_ms"": 351336.473, ""actual_duration_ms"": 961.565}, {""stage_name"": ""stimulus"", ""planned_duration_ms"": 3000, ""intended_onset_ms"": 350824.13, ""actual_onset_global_ms"": 351355.389, ""actual_offset_global_ms"": 352927.33, ""actual_duration_ms"": 1571.941}]",,,,,0,0,1,0,1,0.0,none,,,0.0,0.0,none,0.0,0.0,0.0,0.0,,,0.0,none,none,0.0,shape,cue_shape.wav,形状,350375.478,500.0,351141.728,blue,rabbit,blue_rabbit,switch,color,shape,2552.422,,,,,,,,,,,,,,
046,046_T1_20260518_155800,PA,T1,adaptive,hci_substudy_v2,1,telemetry_v4,dccs,2,mixed_formal,formal,1,24,36,formal,shape,1779091080,59.326,2026-05-18T16:03:59.350,0,0,0,1,352972.177,353001.697,,,,,j,j,1,294.151,354294.468,none,,353572.177,354000.317,354294.468,3000,294.151,354294.468,"[{""stage_name"": ""fixation"", ""planned_duration_ms"": 100, ""intended_onset_ms"": 352972.177, ""actual_onset_global_ms"": 353001.697, ""actual_offset_global_ms"": 353089.146, ""actual_duration_ms"": 87.449}, {""stage_name"": ""cue"", ""planned_duration_ms"": 500, ""intended_onset_ms"": 353072.177, ""actual_onset_global_ms"": 353106.362, ""actual_offset_global_ms"": 353987.007, ""actual_duration_ms"": 880.645}, {""stage_name"": ""stimulus"", ""planned_duration_ms"": 3000, ""intended_onset_ms"": 353572.177, ""actual_onset_global_ms"": 354000.317, ""actual_offset_global_ms"": 354294.468, ""actual_duration_ms"": 294.151}]",,,,,0,0,1,0,1,0.0,none,,,0.0,0.0,none,0.0,0.0,0.0,0.0,,,0.0,none,none,0.0,shape,cue_shape.wav,形状,353106.956,500.0,353873.206,red,boat,red_boat,repeat,shape,shape,1188.106,,,,,,,,,,,,,,
046,046_T1_20260518_155800,PA,T1,adaptive,hci_substudy_v2,1,telemetry_v4,dccs,2,mixed_formal,formal,1,25,37,formal,shape,1779091080,59.326,2026-05-18T16:04:00.717,0,0,0,1,354337.85,354371.357,,,,,j,j,1,4182.383,359632.488,none,,354937.85,355450.105,359632.488,3000,4182.383,359632.488,"[{""stage_name"": ""fixation"", ""planned_duration_ms"": 100, ""intended_onset_ms"": 354337.85, ""actual_onset_global_ms"": 354371.357, ""actual_offset_global_ms"": 354486.658, ""actual_duration_ms"": 115.301}, {""stage_name"": ""cue"", ""planned_duration_ms"": 500, ""intended_onset_ms"": 354437.85, ""actual_onset_global_ms"": 354504.97, ""actual_offset_global_ms"": 355431.9, ""actual_duration_ms"": 926.93}, {""stage_name"": ""stimulus"", ""planned_duration_ms"": 3000, ""intended_onset_ms"": 354937.85, ""actual_onset_global_ms"": 355450.105, ""actual_offset_global_ms"": 359632.488, ""actual_duration_ms"": 4182.383}]",,,,,0,1,0,0,1,0.0,none,,,0.0,0.0,none,0.0,0.0,0.0,0.0,,,0.0,none,none,0.0,shape,cue_shape.wav,形状,354505.461,500.0,355271.711,blue,boat,blue_boat,repeat,shape,shape,5127.518,,,,,,,,,,,,,,
046,046_T1_20260518_155800,PA,T1,adaptive,hci_substudy_v2,1,telemetry_v4,dccs,2,mixed_formal,formal,1,26,38,formal,color,1779091080,59.326,2026-05-18T16:04:06.025,0,0,0,1,359646.183,359681.213,,,,,j,j,1,2255.949,362997.993,none,,360246.183,360742.044,362997.993,3000,2255.949,362997.993,"[{""stage_name"": ""fixation"", ""planned_duration_ms"": 100, ""intended_onset_ms"": 359646.183, ""actual_onset_global_ms"": 359681.213, ""actual_offset_global_ms"": 359769.538, ""actual_duration_ms"": 88.325}, {""stage_name"": ""cue"", ""planned_duration_ms"": 500, ""intended_onset_ms"": 359746.183, ""actual_onset_global_ms"": 359788.115, ""actual_offset_global_ms"": 360726.932, ""actual_duration_ms"": 938.817}, {""stage_name"": ""stimulus"", ""planned_duration_ms"": 3000, ""intended_onset_ms"": 360246.183, ""actual_onset_global_ms"": 360742.044, ""actual_offset_global_ms"": 362997.993, ""actual_duration_ms"": 2255.949}]",,,,,0,0,1,0,1,0.0,none,,,0.0,0.0,none,0.0,0.0,0.0,0.0,,,0.0,none,none,0.0,color,cue_color.wav,颜色,359788.766,500.0,360485.329,red,boat,red_boat,switch,shape,color,3209.878,,,,,,,,,,,,,,
046,046_T1_20260518_155800,PA,T1,adaptive,hci_substudy_v2,1,telemetry_v4,dccs,2,mixed_formal,formal,1,27,39,formal,color,1779091080,59.326,2026-05-18T16:04:09.401,0,0,0,1,363022.234,363049.775,,,,,s,s,1,984.761,365003.72,none,,363622.234,364018.959,365003.72,3000,984.761,365003.72,"[{""stage_name"": ""fixation"", ""planned_duration_ms"": 100, ""intended_onset_ms"": 363022.234, ""actual_onset_global_ms"": 363049.775, ""actual_offset_global_ms"": 363150.917, ""actual_duration_ms"": 101.142}, {""stage_name"": ""cue"", ""planned_duration_ms"": 500, ""intended_onset_ms"": 363122.234, ""actual_onset_global_ms"": 363164.924, ""actual_offset_global_ms"": 364005.064, ""actual_duration_ms"": 840.14}, {""stage_name"": ""stimulus"", ""planned_duration_ms"": 3000, ""intended_onset_ms"": 363622.234, ""actual_onset_global_ms"": 364018.959, ""actual_offset_global_ms"": 365003.72, ""actual_duration_ms"": 984.761}]",,,,,0,0,1,0,1,0.0,none,,,0.0,0.0,none,0.0,0.0,0.0,0.0,,,0.0,none,none,0.0,color,cue_color.wav,颜色,363165.417,500.0,363861.98,blue,rabbit,blue_rabbit,repeat,color,color,1838.796,,,,,,,,,,,,,,
046,046_T1_20260518_155800,PA,T1,adaptive,hci_substudy_v2,1,telemetry_v4,dccs,2,mixed_formal,formal,1,28,40,formal,shape,1779091080,59.326,2026-05-18T16:04:11.427,0,0,0,1,365048.842,365082.332,,,,,s,s,1,1207.612,367357.382,none,,365648.842,366149.77,367357.382,3000,1207.612,367357.382,"[{""stage_name"": ""fixation"", ""planned_duration_ms"": 100, ""intended_onset_ms"": 365048.842, ""actual_onset_global_ms"": 365082.332, ""actual_offset_global_ms"": 365169.259, ""actual_duration_ms"": 86.927}, {""stage_name"": ""cue"", ""planned_duration_ms"": 500, ""intended_onset_ms"": 365148.842, ""actual_onset_global_ms"": 365186.604, ""actual_offset_global_ms"": 366134.952, ""actual_duration_ms"": 948.348}, {""stage_name"": ""stimulus"", ""planned_duration_ms"": 3000, ""intended_onset_ms"": 365648.842, ""actual_onset_global_ms"": 366149.77, ""actual_offset_global_ms"": 367357.382, ""actual_duration_ms"": 1207.612}]",,,,,0,0,1,0,1,0.0,none,,,0.0,0.0,none,0.0,0.0,0.0,0.0,,,0.0,none,none,0.0,shape,cue_shape.wav,形状,365187.173,500.0,365953.423,red,rabbit,red_rabbit,switch,color,shape,2170.778,,,,,,,,,,,,,,
046,046_T1_20260518_155800,PA,T1,adaptive,hci_substudy_v2,1,telemetry_v4,dccs,2,mixed_formal,formal,1,29,41,formal,shape,1779091080,59.326,2026-05-18T16:04:13.776,0,0,0,1,367397.048,367427.945,,,,,s,s,1,1104.467,369618.748,none,,367997.048,368514.281,369618.748,3000,1104.467,369618.748,"[{""stage_name"": ""fixation"", ""planned_duration_ms"": 100, ""intended_onset_ms"": 367397.048, ""actual_onset_global_ms"": 367427.945, ""actual_offset_global_ms"": 367514.625, ""actual_duration_ms"": 86.68}, {""stage_name"": ""cue"", ""planned_duration_ms"": 500, ""intended_onset_ms"": 367497.048, ""actual_onset_global_ms"": 367534.888, ""actual_offset_global_ms"": 368497.234, ""actual_duration_ms"": 962.346}, {""stage_name"": ""stimulus"", ""planned_duration_ms"": 3000, ""intended_onset_ms"": 367997.048, ""actual_onset_global_ms"": 368514.281, ""actual_offset_global_ms"": 369618.748, ""actual_duration_ms"": 1104.467}]",,,,,0,0,1,0,1,0.0,none,,,0.0,0.0,none,0.0,0.0,0.0,0.0,,,0.0,none,none,0.0,shape,cue_shape.wav,形状,367535.722,500.0,368301.972,red,rabbit,red_rabbit,repeat,shape,shape,2083.86,,,,,,,,,,,,,,
046,046_T1_20260518_155800,PA,T1,adaptive,hci_substudy_v2,1,telemetry_v4,dccs,2,mixed_formal,formal,1,30,42,formal,shape,1779091080,59.326,2026-05-18T16:04:16.045,0,0,0,1,369665.822,369702.706,,,,,j,j,1,1424.152,372201.773,none,,370265.822,370777.621,372201.773,3000,1424.152,372201.773,"[{""stage_name"": ""fixation"", ""planned_duration_ms"": 100, ""intended_onset_ms"": 369665.822, ""actual_onset_global_ms"": 369702.706, ""actual_offset_global_ms"": 369786.105, ""actual_duration_ms"": 83.399}, {""stage_name"": ""cue"", ""planned_duration_ms"": 500, ""intended_onset_ms"": 369765.822, ""actual_onset_global_ms"": 369805.207, ""actual_offset_global_ms"": 370760.53, ""actual_duration_ms"": 955.323}, {""stage_name"": ""stimulus"", ""planned_duration_ms"": 3000, ""intended_onset_ms"": 370265.822, ""actual_onset_global_ms"": 370777.621, ""actual_offset_global_ms"": 372201.773, ""actual_duration_ms"": 1424.152}]",,,,,0,0,1,0,1,0.0,none,,,0.0,0.0,none,0.0,0.0,0.0,0.0,,,0.0,none,none,0.0,shape,cue_shape.wav,形状,369805.749,500.0,370571.999,red,boat,red_boat,repeat,shape,shape,2396.566,,,,,,,,,,,,,,
046,046_T1_20260518_155800,PA,T1,adaptive,hci_substudy_v2,1,telemetry_v4,change_detection,4,formal_cd,formal,1,1,9,formal,N3_same,1779091080,59.326,2026-05-18T16:09:01.889,0,0,0,1,655510.273,655552.3,,,,,s,,0,3057.479,,,,659110.273,659226.22,662373.82,4000,3147.6,662373.82,"[{""stage_name"": ""fixation"", ""planned_duration_ms"": 100, ""intended_onset_ms"": 655510.273, ""actual_onset_global_ms"": 655552.3, ""actual_offset_global_ms"": 655638.457, ""actual_duration_ms"": 86.157}, {""stage_name"": ""memory_array"", ""planned_duration_ms"": 2500, ""intended_onset_ms"": 655610.273, ""actual_onset_global_ms"": 655725.552, ""actual_offset_global_ms"": 658148.05, ""actual_duration_ms"": 2422.498}, {""stage_name"": ""delay"", ""planned_duration_ms"": 1000, ""intended_onset_ms"": 658148.05, ""actual_onset_global_ms"": 658146.678, ""actual_offset_global_ms"": 659153.312, ""actual_duration_ms"": 1006.634}, {""stage_name"": ""test_array"", ""planned_duration_ms"": 4000, ""intended_onset_ms"": 659153.312, ""actual_onset_global_ms"": 659226.22, ""actual_offset_global_ms"": 662373.82, ""actual_duration_ms"": 3147.6}]",,,,,0,1,0,0,1,,,,,,,,,,,,,,,,,,,,,,,,,,,,,,,3.0,same,1.0,"[-19.64, 186.13]","[[66.28, 235.33], [-19.64, 186.13], [203.4, 119.11]]","[""yellow"", ""red"", ""purple""]","[""yellow"", ""red"", ""purple""]",red,red,j,change,0.0,4.0,1.0
046,046_T1_20260518_155800,PA,T1,adaptive,hci_substudy_v2,1,telemetry_v4,change_detection,4,formal_cd,formal,1,2,10,formal,N1_change,1779091080,59.326,2026-05-18T16:09:08.758,0,0,0,1,662379.606,662405.245,,,,,j,,0,1323.825,,,,665979.606,666095.281,667483.656,4000,1388.375,667483.656,"[{""stage_name"": ""fixation"", ""planned_duration_ms"": 100, ""intended_onset_ms"": 662379.606, ""actual_onset_global_ms"": 662405.245, ""actual_offset_global_ms"": 662508.098, ""actual_duration_ms"": 102.853}, {""stage_name"": ""memory_array"", ""planned_duration_ms"": 2500, ""intended_onset_ms"": 662479.606, ""actual_onset_global_ms"": 662544.043, ""actual_offset_global_ms"": 665043.621, ""actual_duration_ms"": 2499.578}, {""stage_name"": ""delay"", ""planned_duration_ms"": 1000, ""intended_onset_ms"": 665043.621, ""actual_onset_global_ms"": 665042.557, ""actual_offset_global_ms"": 666052.415, ""actual_duration_ms"": 1009.858}, {""stage_name"": ""test_array"", ""planned_duration_ms"": 4000, ""intended_onset_ms"": 666052.415, ""actual_onset_global_ms"": 666095.281, ""actual_offset_global_ms"": 667483.656, ""actual_duration_ms"": 1388.375}]",,,,,0,0,0,0,1,,,,,,,,,,,,,,,,,,,,,,,,,,,,,,,1.0,change,0.0,"[-80.39, -75.46]","[[-80.39, -75.46]]","[""blue""]","[""purple""]",blue,purple,s,same,0.0,1.0,1.0
046,046_T1_20260518_155800,PA,T1,adaptive,hci_substudy_v2,1,telemetry_v4,change_detection,4,formal_cd,formal,1,3,11,formal,N1_same,1779091080,59.326,2026-05-18T16:09:13.872,0,0,0,1,667493.425,667523.271,,,,,s,,1,1660.86,,,,671093.425,671245.349,672926.7,4000,1681.351,672926.7,"[{""stage_name"": ""fixation"", ""planned_duration_ms"": 100, ""intended_onset_ms"": 667493.425, ""actual_onset_global_ms"": 667523.271, ""actual_offset_global_ms"": 667636.199, ""actual_duration_ms"": 112.928}, {""stage_name"": ""memory_array"", ""planned_duration_ms"": 2500, ""intended_onset_ms"": 667593.425, ""actual_onset_global_ms"": 667676.975, ""actual_offset_global_ms"": 670193.506, ""actual_duration_ms"": 2516.531}, {""stage_name"": ""delay"", ""planned_duration_ms"": 1000, ""intended_onset_ms"": 670193.506, ""actual_onset_global_ms"": 670198.953, ""actual_offset_global_ms"": 671200.867, ""actual_duration_ms"": 1001.914}, {""stage_name"": ""test_array"", ""planned_duration_ms"": 4000, ""intended_onset_ms"": 671200.867, ""actual_onset_global_ms"": 671245.349, ""actual_offset_global_ms"": 672926.7, ""actual_duration_ms"": 1681.351}]",,,,,0,0,1,0,1,,,,,,,,,,,,,,,,,,,,,,,,,,,,,,,1.0,same,0.0,"[-188.71, 34.5]","[[-188.71, 34.5]]","[""yellow""]","[""yellow""]",yellow,yellow,s,same,1.0,2.0,1.0
046,046_T1_20260518_155800,PA,T1,adaptive,hci_substudy_v2,1,telemetry_v4,change_detection,4,formal_cd,formal,1,4,12,formal,N2_same,1779091080,59.326,2026-05-18T16:09:19.314,0,0,0,1,672936.153,672966.201,,,,,s,,0,2028.31,,,,676536.153,676717.858,678774.652,4000,2056.794,678774.652,"[{""stage_name"": ""fixation"", ""planned_duration_ms"": 100, ""intended_onset_ms"": 672936.153, ""actual_onset_global_ms"": 672966.201, ""actual_offset_global_ms"": 673085.287, ""actual_duration_ms"": 119.086}, {""stage_name"": ""memory_array"", ""planned_duration_ms"": 2500, ""intended_onset_ms"": 673036.153, ""actual_onset_global_ms"": 673153.44, ""actual_offset_global_ms"": 675651.694, ""actual_duration_ms"": 2498.254}, {""stage_name"": ""delay"", ""planned_duration_ms"": 1000, ""intended_onset_ms"": 675651.694, ""actual_onset_global_ms"": 675660.468, ""actual_offset_global_ms"": 676673.361, ""actual_duration_ms"": 1012.893}, {""stage_name"": ""test_array"", ""planned_duration_ms"": 4000, ""intended_onset_ms"": 676673.361, ""actual_onset_global_ms"": 676717.858, ""actual_offset_global_ms"": 678774.652, ""actual_duration_ms"": 2056.794}]",,,,,0,0,0,0,1,,,,,,,,,,,,,,,,,,,,,,,,,,,,,,,2.0,same,1.0,"[-181.16, 49.95]","[[158.63, 38.56], [-181.16, 49.95]]","[""red"", ""blue""]","[""red"", ""blue""]",blue,blue,j,change,0.0,2.0,1.0
046,046_T1_20260518_155800,PA,T1,adaptive,hci_substudy_v2,1,telemetry_v4,change_detection,4,formal_cd,formal,1,5,13,formal,N4_change,1779091080,59.326,2026-05-18T16:09:25.161,0,0,0,1,678783.416,678810.477,,,,,j,,0,1123.548,,,,682383.416,682564.054,683772.443,4000,1208.389,683772.443,"[{""stage_name"": ""fixation"", ""planned_duration_ms"": 100, ""intended_onset_ms"": 678783.416, ""actual_onset_global_ms"": 678810.477, ""actual_offset_global_ms"": 678921.76, ""actual_duration_ms"": 111.283}, {""stage_name"": ""memory_array"", ""planned_duration_ms"": 2500, ""intended_onset_ms"": 678883.416, ""actual_onset_global_ms"": 679020.097, ""actual_offset_global_ms"": 681443.956, ""actual_duration_ms"": 2423.859}, {""stage_name"": ""delay"", ""planned_duration_ms"": 1000, ""intended_onset_ms"": 681443.956, ""actual_onset_global_ms"": 681442.075, ""actual_offset_global_ms"": 682466.087, ""actual_duration_ms"": 1024.012}, {""stage_name"": ""test_array"", ""planned_duration_ms"": 4000, ""intended_onset_ms"": 682466.087, ""actual_onset_global_ms"": 682564.054, ""actual_offset_global_ms"": 683772.443, ""actual_duration_ms"": 1208.389}]",,,,,0,0,0,0,1,,,,,,,,,,,,,,,,,,,,,,,,,,,,,,,4.0,change,0.0,"[136.04, -128.21]","[[136.04, -128.21], [-236.89, -25.37], [44.39, 86.96], [-212.1, 229.34]]","[""red"", ""blue"", ""yellow"", ""purple""]","[""green"", ""blue"", ""yellow"", ""purple""]",red,green,s,same,0.0,4.0,1.0
046,046_T1_20260518_155800,PA,T1,adaptive,hci_substudy_v2,1,telemetry_v4,change_detection,4,formal_cd,formal,1,6,14,formal,N2_change,1779091080,59.326,2026-05-18T16:09:30.160,0,0,0,1,683781.637,683808.644,,,,,j,,0,2075.829,,,,687381.637,687545.624,689721.789,4000,2176.165,689721.789,"[{""stage_name"": ""fixation"", ""planned_duration_ms"": 100, ""intended_onset_ms"": 683781.637, ""actual_onset_global_ms"": 683808.644, ""actual_offset_global_ms"": 683915.529, ""actual_duration_ms"": 106.885}, {""stage_name"": ""memory_array"", ""planned_duration_ms"": 2500, ""intended_onset_ms"": 683881.637, ""actual_onset_global_ms"": 683985.978, ""actual_offset_global_ms"": 686445.738, ""actual_duration_ms"": 2459.76}, {""stage_name"": ""delay"", ""planned_duration_ms"": 1000, ""intended_onset_ms"": 686445.738, ""actual_onset_global_ms"": 686452.454, ""actual_offset_global_ms"": 687475.633, ""actual_duration_ms"": 1023.179}, {""stage_name"": ""test_array"", ""planned_duration_ms"": 4000, ""intended_onset_ms"": 687475.633, ""actual_onset_global_ms"": 687545.624, ""actual_offset_global_ms"": 689721.789, ""actual_duration_ms"": 2176.165}]",,,,,0,0,0,0,1,,,,,,,,,,,,,,,,,,,,,,,,,,,,,,,2.0,change,0.0,"[-100.04, 155.52]","[[-100.04, 155.52], [32.15, 121.2]]","[""blue"", ""purple""]","[""yellow"", ""purple""]",blue,yellow,s,same,0.0,2.0,1.0
046,046_T1_20260518_155800,PA,T1,adaptive,hci_substudy_v2,1,telemetry_v4,change_detection,4,formal_cd,formal,1,7,15,formal,N4_same,1779091080,59.326,2026-05-18T16:09:36.104,0,0,0,1,689726.203,689747.488,,,,,s,,1,1346.207,,,,693326.203,693464.307,694885.382,4000,1421.075,694885.382,"[{""stage_name"": ""fixation"", ""planned_duration_ms"": 100, ""intended_onset_ms"": 689726.203, ""actual_onset_global_ms"": 689747.488, ""actual_offset_global_ms"": 689856.881, ""actual_duration_ms"": 109.393}, {""stage_name"": ""memory_array"", ""planned_duration_ms"": 2500, ""intended_onset_ms"": 689826.203, ""actual_onset_global_ms"": 689934.734, ""actual_offset_global_ms"": 692375.741, ""actual_duration_ms"": 2441.007}, {""stage_name"": ""delay"", ""planned_duration_ms"": 1000, ""intended_onset_ms"": 692375.741, ""actual_onset_global_ms"": 692382.655, ""actual_offset_global_ms"": 693400.867, ""actual_duration_ms"": 1018.212}, {""stage_name"": ""test_array"", ""planned_duration_ms"": 4000, ""intended_onset_ms"": 693400.867, ""actual_onset_global_ms"": 693464.307, ""actual_offset_global_ms"": 694885.382, ""actual_duration_ms"": 1421.075}]",,,,,0,0,1,0,1,,,,,,,,,,,,,,,,,,,,,,,,,,,,,,,4.0,same,0.0,"[44.33, 106.35]","[[44.33, 106.35], [-200.1, -27.52], [-203.95, 151.0], [-239.74, -222.77]]","[""green"", ""red"", ""blue"", ""yellow""]","[""green"", ""red"", ""blue"", ""yellow""]",green,green,s,same,1.0,4.0,1.0
046,046_T1_20260518_155800,PA,T1,adaptive,hci_substudy_v2,1,telemetry_v4,change_detection,4,formal_cd,formal,1,8,16,formal,N2_same,1779091080,59.326,2026-05-18T16:09:41.269,0,0,0,1,694889.893,694911.737,,,,,s,,0,1452.347,,,,698489.893,698608.602,700093.955,4000,1485.353,700093.955,"[{""stage_name"": ""fixation"", ""planned_duration_ms"": 100, ""intended_onset_ms"": 694889.893, ""actual_onset_global_ms"": 694911.737, ""actual_offset_global_ms"": 695023.164, ""actual_duration_ms"": 111.427}, {""stage_name"": ""memory_array"", ""planned_duration_ms"": 2500, ""intended_onset_ms"": 694989.893, ""actual_onset_global_ms"": 695081.771, ""actual_offset_global_ms"": 697524.587, ""actual_duration_ms"": 2442.816}, {""stage_name"": ""delay"", ""planned_duration_ms"": 1000, ""intended_onset_ms"": 697524.587, ""actual_onset_global_ms"": 697524.027, ""actual_offset_global_ms"": 698540.378, ""actual_duration_ms"": 1016.351}, {""stage_name"": ""test_array"", ""planned_duration_ms"": 4000, ""intended_onset_ms"": 698540.378, ""actual_onset_global_ms"": 698608.602, ""actual_offset_global_ms"": 700093.955, ""actual_duration_ms"": 1485.353}]",,,,,0,0,0,0,1,,,,,,,,,,,,,,,,,,,,,,,,,,,,,,,2.0,same,0.0,"[-200.46, -78.42]","[[-200.46, -78.42], [225.82, -81.43]]","[""green"", ""yellow""]","[""green"", ""yellow""]",green,green,j,change,0.0,2.0,1.0
046,046_T1_20260518_155800,PA,T1,adaptive,hci_substudy_v2,1,telemetry_v4,change_detection,4,formal_cd,formal,1,9,17,formal,N3_change,1779091080,59.326,2026-05-18T16:09:46.481,0,0,0,1,700101.902,700129.203,,,,,j,,0,1369.009,,,,703701.902,703893.856,705288.26,4000,1394.404,705288.26,"[{""stage_name"": ""fixation"", ""planned_duration_ms"": 100, ""intended_onset_ms"": 700101.902, ""actual_onset_global_ms"": 700129.203, ""actual_offset_global_ms"": 700240.589, ""actual_duration_ms"": 111.386}, {""stage_name"": ""memory_array"", ""planned_duration_ms"": 2500, ""intended_onset_ms"": 700201.902, ""actual_onset_global_ms"": 700309.922, ""actual_offset_global_ms"": 702801.896, ""actual_duration_ms"": 2491.974}, {""stage_name"": ""delay"", ""planned_duration_ms"": 1000, ""intended_onset_ms"": 702801.896, ""actual_onset_global_ms"": 702807.939, ""actual_offset_global_ms"": 703811.786, ""actual_duration_ms"": 1003.847}, {""stage_name"": ""test_array"", ""planned_duration_ms"": 4000, ""intended_onset_ms"": 703811.786, ""actual_onset_global_ms"": 703893.856, ""actual_offset_global_ms"": 705288.26, ""actual_duration_ms"": 1394.404}]",,,,,0,0,0,0,1,,,,,,,,,,,,,,,,,,,,,,,,,,,,,,,3.0,change,2.0,"[-42.96, -212.01]","[[14.9, -117.1], [92.74, -251.55], [-42.96, -212.01]]","[""red"", ""purple"", ""green""]","[""red"", ""purple"", ""yellow""]",green,yellow,s,same,0.0,4.0,1.0
046,046_T1_20260518_155800,PA,T1,adaptive,hci_substudy_v2,1,telemetry_v4,change_detection,4,formal_cd,formal,1,10,18,formal,N4_change,1779091080,59.326,2026-05-18T16:09:51.676,0,0,0,1,705297.897,705325.369,,,,,j,,1,2214.294,,,,708897.897,709095.376,711334.85,4000,2239.474,711334.85,"[{""stage_name"": ""fixation"", ""planned_duration_ms"": 100, ""intended_onset_ms"": 705297.897, ""actual_onset_global_ms"": 705325.369, ""actual_offset_global_ms"": 705437.959, ""actual_duration_ms"": 112.59}, {""stage_name"": ""memory_array"", ""planned_duration_ms"": 2500, ""intended_onset_ms"": 705397.897, ""actual_onset_global_ms"": 705535.638, ""actual_offset_global_ms"": 707965.156, ""actual_duration_ms"": 2429.518}, {""stage_name"": ""delay"", ""planned_duration_ms"": 1000, ""intended_onset_ms"": 707965.156, ""actual_onset_global_ms"": 707971.648, ""actual_offset_global_ms"": 708971.645, ""actual_duration_ms"": 999.997}, {""stage_name"": ""test_array"", ""planned_duration_ms"": 4000, ""intended_onset_ms"": 708971.645, ""actual_onset_global_ms"": 709095.376, ""actual_offset_global_ms"": 711334.85, ""actual_duration_ms"": 2239.474}]",,,,,0,0,1,0,1,,,,,,,,,,,,,,,,,,,,,,,,,,,,,,,4.0,change,0.0,"[-46.33, -239.93]","[[-46.33, -239.93], [93.05, -164.91], [204.42, 148.26], [-217.26, 12.05]]","[""blue"", ""purple"", ""yellow"", ""red""]","[""green"", ""purple"", ""yellow"", ""red""]",blue,green,j,change,1.0,6.0,1.0
046,046_T1_20260518_155800,PA,T1,adaptive,hci_substudy_v2,1,telemetry_v4,change_detection,4,formal_cd,formal,1,11,19,formal,N4_same,1779091080,59.326,2026-05-18T16:09:57.716,0,0,0,1,711338.149,711358.698,,,,,s,,0,2269.193,,,,714938.149,715045.245,717356.367,4000,2311.122,717356.367,"[{""stage_name"": ""fixation"", ""planned_duration_ms"": 100, ""intended_onset_ms"": 711338.149, ""actual_onset_global_ms"": 711358.698, ""actual_offset_global_ms"": 711462.097, ""actual_duration_ms"": 103.399}, {""stage_name"": ""memory_array"", ""planned_duration_ms"": 2500, ""intended_onset_ms"": 711438.149, ""actual_onset_global_ms"": 711558.44, ""actual_offset_global_ms"": 713967.209, ""actual_duration_ms"": 2408.769}, {""stage_name"": ""delay"", ""planned_duration_ms"": 1000, ""intended_onset_ms"": 713967.209, ""actual_onset_global_ms"": 713967.975, ""actual_offset_global_ms"": 714975.666, ""actual_duration_ms"": 1007.691}, {""stage_name"": ""test_array"", ""planned_duration_ms"": 4000, ""intended_onset_ms"": 714975.666, ""actual_onset_global_ms"": 715045.245, ""actual_offset_global_ms"": 717356.367, ""actual_duration_ms"": 2311.122}]",,,,,0,0,0,0,1,,,,,,,,,,,,,,,,,,,,,,,,,,,,,,,4.0,same,2.0,"[259.16, 6.81]","[[-79.7, 68.8], [-89.78, -135.04], [259.16, 6.81], [191.34, -252.37]]","[""green"", ""purple"", ""blue"", ""red""]","[""green"", ""purple"", ""blue"", ""red""]",blue,blue,j,change,0.0,6.0,1.0
046,046_T1_20260518_155800,PA,T1,adaptive,hci_substudy_v2,1,telemetry_v4,change_detection,4,formal_cd,formal,1,12,20,formal,N4_change,1779091080,59.326,2026-05-18T16:10:03.745,0,0,0,1,717365.951,717394.933,,,,,j,,1,1215.831,,,,720965.951,721115.109,722378.941,4000,1263.832,722378.941,"[{""stage_name"": ""fixation"", ""planned_duration_ms"": 100, ""intended_onset_ms"": 717365.951, ""actual_onset_global_ms"": 717394.933, ""actual_offset_global_ms"": 717514.19, ""actual_duration_ms"": 119.257}, {""stage_name"": ""memory_array"", ""planned_duration_ms"": 2500, ""intended_onset_ms"": 717465.951, ""actual_onset_global_ms"": 717632.672, ""actual_offset_global_ms"": 720021.428, ""actual_duration_ms"": 2388.756}, {""stage_name"": ""delay"", ""planned_duration_ms"": 1000, ""intended_onset_ms"": 720021.428, ""actual_onset_global_ms"": 720021.904, ""actual_offset_global_ms"": 721035.415, ""actual_duration_ms"": 1013.511}, {""stage_name"": ""test_array"", ""planned_duration_ms"": 4000, ""intended_onset_ms"": 721035.415, ""actual_onset_global_ms"": 721115.109, ""actual_offset_global_ms"": 722378.941, ""actual_duration_ms"": 1263.832}]",,,,,0,0,1,0,1,,,,,,,,,,,,,,,,,,,,,,,,,,,,,,,4.0,change,2.0,"[-3.98, -230.22]","[[114.52, -108.39], [-194.84, -92.55], [-3.98, -230.22], [-100.79, 98.32]]","[""purple"", ""blue"", ""red"", ""yellow""]","[""purple"", ""blue"", ""green"", ""yellow""]",red,green,j,change,1.0,5.0,1.0
046,046_T1_20260518_155800,PA,T1,adaptive,hci_substudy_v2,1,telemetry_v4,change_detection,4,formal_cd,formal,1,13,21,formal,N2_same,1779091080,59.326,2026-05-18T16:10:08.764,0,0,0,1,722385.681,722415.973,,,,,s,,0,1368.851,,,,725985.681,726131.424,727607.298,4000,1475.874,727607.298,"[{""stage_name"": ""fixation"", ""planned_duration_ms"": 100, ""intended_onset_ms"": 722385.681, ""actual_onset_global_ms"": 722415.973, ""actual_offset_global_ms"": 722502.91, ""actual_duration_ms"": 86.937}, {""stage_name"": ""memory_array"", ""planned_duration_ms"": 2500, ""intended_onset_ms"": 722485.681, ""actual_onset_global_ms"": 722559.049, ""actual_offset_global_ms"": 725056.405, ""actual_duration_ms"": 2497.356}, {""stage_name"": ""delay"", ""planned_duration_ms"": 1000, ""intended_onset_ms"": 725056.405, ""actual_onset_global_ms"": 725064.733, ""actual_offset_global_ms"": 726069.695, ""actual_duration_ms"": 1004.962}, {""stage_name"": ""test_array"", ""planned_duration_ms"": 4000, ""intended_onset_ms"": 726069.695, ""actual_onset_global_ms"": 726131.424, ""actual_offset_global_ms"": 727607.298, ""actual_duration_ms"": 1475.874}]",,,,,0,0,0,0,1,,,,,,,,,,,,,,,,,,,,,,,,,,,,,,,2.0,same,1.0,"[-221.91, -15.4]","[[-214.05, 178.15], [-221.91, -15.4]]","[""yellow"", ""red""]","[""yellow"", ""red""]",red,red,j,change,0.0,2.0,1.0
046,046_T1_20260518_155800,PA,T1,adaptive,hci_substudy_v2,1,telemetry_v4,change_detection,4,formal_cd,formal,1,14,22,formal,N3_same,1779091080,59.326,2026-05-18T16:10:13.997,0,0,0,1,727618.139,727647.007,,,,,s,,0,1092.211,,,,731218.139,731399.615,732583.45,4000,1183.835,732583.45,"[{""stage_name"": ""fixation"", ""planned_duration_ms"": 100, ""intended_onset_ms"": 727618.139, ""actual_onset_global_ms"": 727647.007, ""actual_offset_global_ms"": 727760.458, ""actual_duration_ms"": 113.451}, {""stage_name"": ""memory_array"", ""planned_duration_ms"": 2500, ""intended_onset_ms"": 727718.139, ""actual_onset_global_ms"": 727853.787, ""actual_offset_global_ms"": 730312.119, ""actual_duration_ms"": 2458.332}, {""stage_name"": ""delay"", ""planned_duration_ms"": 1000, ""intended_onset_ms"": 730312.119, ""actual_onset_global_ms"": 730324.289, ""actual_offset_global_ms"": 731330.449, ""actual_duration_ms"": 1006.16}, {""stage_name"": ""test_array"", ""planned_duration_ms"": 4000, ""intended_onset_ms"": 731330.449, ""actual_onset_global_ms"": 731399.615, ""actual_offset_global_ms"": 732583.45, ""actual_duration_ms"": 1183.835}]",,,,,0,0,0,0,1,,,,,,,,,,,,,,,,,,,,,,,,,,,,,,,3.0,same,2.0,"[-65.54, -195.13]","[[-171.21, -239.14], [202.92, -25.44], [-65.54, -195.13]]","[""blue"", ""green"", ""red""]","[""blue"", ""green"", ""red""]",red,red,j,change,0.0,3.0,1.0
046,046_T1_20260518_155800,PA,T1,adaptive,hci_substudy_v2,1,telemetry_v4,change_detection,4,formal_cd,formal,1,15,23,formal,N4_same,1779091080,59.326,2026-05-18T16:10:18.973,0,0,0,1,732594.245,732620.777,,,,,s,,1,1170.72,,,,736194.245,736463.088,737811.499,4000,1348.411,737811.499,"[{""stage_name"": ""fixation"", ""planned_duration_ms"": 100, ""intended_onset_ms"": 732594.245, ""actual_onset_global_ms"": 732620.777, ""actual_offset_global_ms"": 732733.747, ""actual_duration_ms"": 112.97}, {""stage_name"": ""memory_array"", ""planned_duration_ms"": 2500, ""intended_onset_ms"": 732694.245, ""actual_onset_global_ms"": 732835.121, ""actual_offset_global_ms"": 735324.469, ""actual_duration_ms"": 2489.348}, {""stage_name"": ""delay"", ""planned_duration_ms"": 1000, ""intended_onset_ms"": 735324.469, ""actual_onset_global_ms"": 735335.365, ""actual_offset_global_ms"": 736346.299, ""actual_duration_ms"": 1010.934}, {""stage_name"": ""test_array"", ""planned_duration_ms"": 4000, ""intended_onset_ms"": 736346.299, ""actual_onset_global_ms"": 736463.088, ""actual_offset_global_ms"": 737811.499, ""actual_duration_ms"": 1348.411}]",,,,,0,0,1,0,1,,,,,,,,,,,,,,,,,,,,,,,,,,,,,,,4.0,same,3.0,"[-52.67, 251.23]","[[-138.81, 179.18], [-94.13, -208.05], [220.63, 224.52], [-52.67, 251.23]]","[""red"", ""blue"", ""green"", ""purple""]","[""red"", ""blue"", ""green"", ""purple""]",purple,purple,s,same,1.0,4.0,1.0
046,046_T1_20260518_155800,PA,T1,adaptive,hci_substudy_v2,1,telemetry_v4,change_detection,4,formal_cd,formal,1,16,24,formal,N3_change,1779091080,59.326,2026-05-18T16:10:24.199,0,0,0,1,737819.573,737851.364,,,,,j,,1,5576.759,,,,741419.573,741662.467,747295.878,4000,5633.411,747295.878,"[{""stage_name"": ""fixation"", ""planned_duration_ms"": 100, ""intended_onset_ms"": 737819.573, ""actual_onset_global_ms"": 737851.364, ""actual_offset_global_ms"": 737966.629, ""actual_duration_ms"": 115.265}, {""stage_name"": ""memory_array"", ""planned_duration_ms"": 2500, ""intended_onset_ms"": 737919.573, ""actual_onset_global_ms"": 738046.211, ""actual_offset_global_ms"": 740561.504, ""actual_duration_ms"": 2515.293}, {""stage_name"": ""delay"", ""planned_duration_ms"": 1000, ""intended_onset_ms"": 740561.504, ""actual_onset_global_ms"": 740565.644, ""actual_offset_global_ms"": 741566.707, ""actual_duration_ms"": 1001.063}, {""stage_name"": ""test_array"", ""planned_duration_ms"": 4000, ""intended_onset_ms"": 741566.707, ""actual_onset_global_ms"": 741662.467, ""actual_offset_global_ms"": 747295.878, ""actual_duration_ms"": 5633.411}]",,,,,0,1,0,0,1,,,,,,,,,,,,,,,,,,,,,,,,,,,,,,,3.0,change,0.0,"[-134.16, 43.29]","[[-134.16, 43.29], [-160.97, 235.62], [-97.25, -118.42]]","[""red"", ""purple"", ""blue""]","[""green"", ""purple"", ""blue""]",red,green,j,change,1.0,5.0,1.0
046,046_T1_20260518_155800,PA,T1,adaptive,hci_substudy_v2,1,telemetry_v4,change_detection,4,formal_cd,formal,1,17,25,formal,N4_change,1779091080,59.326,2026-05-18T16:10:33.679,0,0,0,1,747300.984,747323.534,,,,,j,,0,1218.68,,,,750900.984,751074.088,752356.918,4000,1282.83,752356.918,"[{""stage_name"": ""fixation"", ""planned_duration_ms"": 100, ""intended_onset_ms"": 747300.984, ""actual_onset_global_ms"": 747323.534, ""actual_offset_global_ms"": 747437.275, ""actual_duration_ms"": 113.741}, {""stage_name"": ""memory_array"", ""planned_duration_ms"": 2500, ""intended_onset_ms"": 747400.984, ""actual_onset_global_ms"": 747533.253, ""actual_offset_global_ms"": 749975.222, ""actual_duration_ms"": 2441.969}, {""stage_name"": ""delay"", ""planned_duration_ms"": 1000, ""intended_onset_ms"": 749975.222, ""actual_onset_global_ms"": 749975.391, ""actual_offset_global_ms"": 750984.476, ""actual_duration_ms"": 1009.085}, {""stage_name"": ""test_array"", ""planned_duration_ms"": 4000, ""intended_onset_ms"": 750984.476, ""actual_onset_global_ms"": 751074.088, ""actual_offset_global_ms"": 752356.918, ""actual_duration_ms"": 1282.83}]",,,,,0,0,0,0,1,,,,,,,,,,,,,,,,,,,,,,,,,,,,,,,4.0,change,2.0,"[154.21, 43.73]","[[-178.24, 186.4], [53.44, 205.02], [154.21, 43.73], [-111.59, -135.15]]","[""yellow"", ""blue"", ""purple"", ""red""]","[""yellow"", ""blue"", ""green"", ""red""]",purple,green,s,same,0.0,4.0,1.0
046,046_T1_20260518_155800,PA,T1,adaptive,hci_substudy_v2,1,telemetry_v4,change_detection,4,formal_cd,formal,1,18,26,formal,N4_same,1779091080,59.326,2026-05-18T16:10:38.740,0,0,0,1,752360.926,752387.067,,,,,s,,0,2961.166,,,,755960.926,756093.329,759113.471,4000,3020.142,759113.471,"[{""stage_name"": ""fixation"", ""planned_duration_ms"": 100, ""intended_onset_ms"": 752360.926, ""actual_onset_global_ms"": 752387.067, ""actual_offset_global_ms"": 752496.767, ""actual_duration_ms"": 109.7}, {""stage_name"": ""memory_array"", ""planned_duration_ms"": 2500, ""intended_onset_ms"": 752460.926, ""actual_onset_global_ms"": 752594.864, ""actual_offset_global_ms"": 755037.291, ""actual_duration_ms"": 2442.427}, {""stage_name"": ""delay"", ""planned_duration_ms"": 1000, ""intended_onset_ms"": 755037.291, ""actual_onset_global_ms"": 755042.674, ""actual_offset_global_ms"": 756040.092, ""actual_duration_ms"": 997.418}, {""stage_name"": ""test_array"", ""planned_duration_ms"": 4000, ""intended_onset_ms"": 756040.092, ""actual_onset_global_ms"": 756093.329, ""actual_offset_global_ms"": 759113.471, ""actual_duration_ms"": 3020.142}]",,,,,0,0,0,0,1,,,,,,,,,,,,,,,,,,,,,,,,,,,,,,,4.0,same,3.0,"[255.91, 5.02]","[[122.29, -178.43], [-153.68, -90.66], [-78.28, 66.0], [255.91, 5.02]]","[""red"", ""blue"", ""purple"", ""yellow""]","[""red"", ""blue"", ""purple"", ""yellow""]",yellow,yellow,j,change,0.0,5.0,1.0
046,046_T1_20260518_155800,PA,T1,adaptive,hci_substudy_v2,1,telemetry_v4,change_detection,4,formal_cd,formal,1,19,27,formal,N2_change,1779091080,59.326,2026-05-18T16:10:45.499,0,0,0,1,759120.022,759143.202,,,,,j,,1,1810.266,,,,762720.022,762860.456,764742.703,4000,1882.247,764742.703,"[{""stage_name"": ""fixation"", ""planned_duration_ms"": 100, ""intended_onset_ms"": 759120.022, ""actual_onset_global_ms"": 759143.202, ""actual_offset_global_ms"": 759255.142, ""actual_duration_ms"": 111.94}, {""stage_name"": ""memory_array"", ""planned_duration_ms"": 2500, ""intended_onset_ms"": 759220.022, ""actual_onset_global_ms"": 759307.514, ""actual_offset_global_ms"": 761769.198, ""actual_duration_ms"": 2461.684}, {""stage_name"": ""delay"", ""planned_duration_ms"": 1000, ""intended_onset_ms"": 761769.198, ""actual_onset_global_ms"": 761778.336, ""actual_offset_global_ms"": 762790.199, ""actual_duration_ms"": 1011.863}, {""stage_name"": ""test_array"", ""planned_duration_ms"": 4000, ""intended_onset_ms"": 762790.199, ""actual_onset_global_ms"": 762860.456, ""actual_offset_global_ms"": 764742.703, ""actual_duration_ms"": 1882.247}]",,,,,0,0,1,0,1,,,,,,,,,,,,,,,,,,,,,,,,,,,,,,,2.0,change,0.0,"[194.71, -132.35]","[[194.71, -132.35], [247.17, 57.26]]","[""purple"", ""red""]","[""green"", ""red""]",purple,green,j,change,1.0,2.0,1.0
046,046_T1_20260518_155800,PA,T1,adaptive,hci_substudy_v2,1,telemetry_v4,change_detection,4,formal_cd,formal,1,20,28,formal,N3_change,1779091080,59.326,2026-05-18T16:10:51.132,0,0,0,1,764752.689,764783.981,,,,,j,,1,980.198,,,,768352.689,768515.556,769562.91,4000,1047.354,769562.91,"[{""stage_name"": ""fixation"", ""planned_duration_ms"": 100, ""intended_onset_ms"": 764752.689, ""actual_onset_global_ms"": 764783.981, ""actual_offset_global_ms"": 764903.27, ""actual_duration_ms"": 119.289}, {""stage_name"": ""memory_array"", ""planned_duration_ms"": 2500, ""intended_onset_ms"": 764852.689, ""actual_onset_global_ms"": 764978.295, ""actual_offset_global_ms"": 767439.029, ""actual_duration_ms"": 2460.734}, {""stage_name"": ""delay"", ""planned_duration_ms"": 1000, ""intended_onset_ms"": 767439.029, ""actual_onset_global_ms"": 767445.875, ""actual_offset_global_ms"": 768451.287, ""actual_duration_ms"": 1005.412}, {""stage_name"": ""test_array"", ""planned_duration_ms"": 4000, ""intended_onset_ms"": 768451.287, ""actual_onset_global_ms"": 768515.556, ""actual_offset_global_ms"": 769562.91, ""actual_duration_ms"": 1047.354}]",,,,,0,0,1,0,1,,,,,,,,,,,,,,,,,,,,,,,,,,,,,,,3.0,change,1.0,"[160.07, -250.29]","[[-225.5, 168.28], [160.07, -250.29], [-217.93, -251.6]]","[""purple"", ""green"", ""blue""]","[""purple"", ""yellow"", ""blue""]",green,yellow,j,change,1.0,4.0,1.0
046,046_T1_20260518_155800,PA,T1,adaptive,hci_substudy_v2,1,telemetry_v4,change_detection,4,formal_cd,formal,1,21,29,formal,N2_same,1779091080,59.326,2026-05-18T16:10:55.951,0,0,0,1,769572.184,769600.47,,,,,s,,1,1659.789,,,,773172.184,773330.708,775039.294,4000,1708.586,775039.294,"[{""stage_name"": ""fixation"", ""planned_duration_ms"": 100, ""intended_onset_ms"": 769572.184, ""actual_onset_global_ms"": 769600.47, ""actual_offset_global_ms"": 769718.218, ""actual_duration_ms"": 117.748}, {""stage_name"": ""memory_array"", ""planned_duration_ms"": 2500, ""intended_onset_ms"": 769672.184, ""actual_onset_global_ms"": 769782.752, ""actual_offset_global_ms"": 772250.635, ""actual_duration_ms"": 2467.883}, {""stage_name"": ""delay"", ""planned_duration_ms"": 1000, ""intended_onset_ms"": 772250.635, ""actual_onset_global_ms"": 772262.137, ""actual_offset_global_ms"": 773270.363, ""actual_duration_ms"": 1008.226}, {""stage_name"": ""test_array"", ""planned_duration_ms"": 4000, ""intended_onset_ms"": 773270.363, ""actual_onset_global_ms"": 773330.708, ""actual_offset_global_ms"": 775039.294, ""actual_duration_ms"": 1708.586}]",,,,,0,0,1,0,1,,,,,,,,,,,,,,,,,,,,,,,,,,,,,,,2.0,same,0.0,"[-134.46, 239.92]","[[-134.46, 239.92], [-33.52, 235.18]]","[""red"", ""purple""]","[""red"", ""purple""]",red,red,s,same,1.0,2.0,1.0
046,046_T1_20260518_155800,PA,T1,adaptive,hci_substudy_v2,1,telemetry_v4,change_detection,4,formal_cd,formal,1,22,30,formal,N1_same,1779091080,59.326,2026-05-18T16:11:01.429,0,0,0,1,775050.373,775080.835,,,,,s,,1,1417.121,,,,778650.373,778758.609,780230.336,4000,1471.727,780230.336,"[{""stage_name"": ""fixation"", ""planned_duration_ms"": 100, ""intended_onset_ms"": 775050.373, ""actual_onset_global_ms"": 775080.835, ""actual_offset_global_ms"": 775194.194, ""actual_duration_ms"": 113.359}, {""stage_name"": ""memory_array"", ""planned_duration_ms"": 2500, ""intended_onset_ms"": 775150.373, ""actual_onset_global_ms"": 775236.18, ""actual_offset_global_ms"": 777701.805, ""actual_duration_ms"": 2465.625}, {""stage_name"": ""delay"", ""planned_duration_ms"": 1000, ""intended_onset_ms"": 777701.805, ""actual_onset_global_ms"": 777712.628, ""actual_offset_global_ms"": 778713.738, ""actual_duration_ms"": 1001.11}, {""stage_name"": ""test_array"", ""planned_duration_ms"": 4000, ""intended_onset_ms"": 778713.738, ""actual_onset_global_ms"": 778758.609, ""actual_offset_global_ms"": 780230.336, ""actual_duration_ms"": 1471.727}]",,,,,0,0,1,0,1,,,,,,,,,,,,,,,,,,,,,,,,,,,,,,,1.0,same,0.0,"[211.52, 56.42]","[[211.52, 56.42]]","[""purple""]","[""purple""]",purple,purple,s,same,1.0,1.0,1.0
046,046_T1_20260518_155800,PA,T1,adaptive,hci_substudy_v2,1,telemetry_v4,change_detection,4,formal_cd,formal,1,23,31,formal,N1_change,1779091080,59.326,2026-05-18T16:11:06.621,0,0,0,1,780242.347,780277.879,,,,,j,,1,1372.804,,,,783842.347,783954.033,785386.516,4000,1432.483,785386.516,"[{""stage_name"": ""fixation"", ""planned_duration_ms"": 100, ""intended_onset_ms"": 780242.347, ""actual_onset_global_ms"": 780277.879, ""actual_offset_global_ms"": 780362.171, ""actual_duration_ms"": 84.292}, {""stage_name"": ""memory_array"", ""planned_duration_ms"": 2500, ""intended_onset_ms"": 780342.347, ""actual_onset_global_ms"": 780404.147, ""actual_offset_global_ms"": 782907.737, ""actual_duration_ms"": 2503.59}, {""stage_name"": ""delay"", ""planned_duration_ms"": 1000, ""intended_onset_ms"": 782907.737, ""actual_onset_global_ms"": 782911.989, ""actual_offset_global_ms"": 783910.583, ""actual_duration_ms"": 998.594}, {""stage_name"": ""test_array"", ""planned_duration_ms"": 4000, ""intended_onset_ms"": 783910.583, ""actual_onset_global_ms"": 783954.033, ""actual_offset_global_ms"": 785386.516, ""actual_duration_ms"": 1432.483}]",,,,,0,0,1,0,1,,,,,,,,,,,,,,,,,,,,,,,,,,,,,,,1.0,change,0.0,"[166.69, -223.98]","[[166.69, -223.98]]","[""yellow""]","[""blue""]",yellow,blue,j,change,1.0,1.0,1.0
046,046_T1_20260518_155800,PA,T1,adaptive,hci_substudy_v2,1,telemetry_v4,change_detection,4,formal_cd,formal,1,24,32,formal,N4_change,1779091080,59.326,2026-05-18T16:11:11.776,0,0,0,1,785397.235,785427.029,,,,,j,,1,3024.92,,,,788997.235,789203.726,792307.044,4000,3103.318,792307.044,"[{""stage_name"": ""fixation"", ""planned_duration_ms"": 100, ""intended_onset_ms"": 785397.235, ""actual_onset_global_ms"": 785427.029, ""actual_offset_global_ms"": 785538.962, ""actual_duration_ms"": 111.933}, {""stage_name"": ""memory_array"", ""planned_duration_ms"": 2500, ""intended_onset_ms"": 785497.235, ""actual_onset_global_ms"": 785610.013, ""actual_offset_global_ms"": 788096.914, ""actual_duration_ms"": 2486.901}, {""stage_name"": ""delay"", ""planned_duration_ms"": 1000, ""intended_onset_ms"": 788096.914, ""actual_onset_global_ms"": 788104.645, ""actual_offset_global_ms"": 789120.003, ""actual_duration_ms"": 1015.358}, {""stage_name"": ""test_array"", ""planned_duration_ms"": 4000, ""intended_onset_ms"": 789120.003, ""actual_onset_global_ms"": 789203.726, ""actual_offset_global_ms"": 792307.044, ""actual_duration_ms"": 3103.318}]",,,,,0,1,0,0,1,,,,,,,,,,,,,,,,,,,,,,,,,,,,,,,4.0,change,2.0,"[121.14, -255.15]","[[250.16, -14.35], [-132.76, 127.38], [121.14, -255.15], [136.1, -78.17]]","[""blue"", ""red"", ""green"", ""yellow""]","[""blue"", ""red"", ""purple"", ""yellow""]",green,purple,j,change,1.0,4.0,1.0
046,046_T1_20260518_155800,PA,T1,adaptive,hci_substudy_v2,1,telemetry_v4,change_detection,4,formal_cd,formal,1,25,33,formal,N3_change,1779091080,59.326,2026-05-18T16:11:18.696,0,0,0,1,792317.419,792353.022,,,,,j,,1,1481.143,,,,795917.419,796055.32,797588.721,4000,1533.401,797588.721,"[{""stage_name"": ""fixation"", ""planned_duration_ms"": 100, ""intended_onset_ms"": 792317.419, ""actual_onset_global_ms"": 792353.022, ""actual_offset_global_ms"": 792436.969, ""actual_duration_ms"": 83.947}, {""stage_name"": ""memory_array"", ""planned_duration_ms"": 2500, ""intended_onset_ms"": 792417.419, ""actual_onset_global_ms"": 792531.753, ""actual_offset_global_ms"": 794965.479, ""actual_duration_ms"": 2433.726}, {""stage_name"": ""delay"", ""planned_duration_ms"": 1000, ""intended_onset_ms"": 794965.479, ""actual_onset_global_ms"": 794975.827, ""actual_offset_global_ms"": 795978.137, ""actual_duration_ms"": 1002.31}, {""stage_name"": ""test_array"", ""planned_duration_ms"": 4000, ""intended_onset_ms"": 795978.137, ""actual_onset_global_ms"": 796055.32, ""actual_offset_global_ms"": 797588.721, ""actual_duration_ms"": 1533.401}]",,,,,0,0,1,0,1,,,,,,,,,,,,,,,,,,,,,,,,,,,,,,,3.0,change,2.0,"[-152.22, -114.87]","[[150.71, 190.69], [-53.72, 157.97], [-152.22, -114.87]]","[""green"", ""purple"", ""blue""]","[""green"", ""purple"", ""yellow""]",blue,yellow,j,change,1.0,5.0,1.0
046,046_T1_20260518_155800,PA,T1,adaptive,hci_substudy_v2,1,telemetry_v4,change_detection,4,formal_cd,formal,1,26,34,formal,N3_same,1779091080,59.326,2026-05-18T16:11:23.978,0,0,0,1,797599.008,797626.363,,,,,s,,0,1548.796,,,,801199.008,801398.391,803035.651,4000,1637.26,803035.651,"[{""stage_name"": ""fixation"", ""planned_duration_ms"": 100, ""intended_onset_ms"": 797599.008, ""actual_onset_global_ms"": 797626.363, ""actual_offset_global_ms"": 797741.69, ""actual_duration_ms"": 115.327}, {""stage_name"": ""memory_array"", ""planned_duration_ms"": 2500, ""intended_onset_ms"": 797699.008, ""actual_onset_global_ms"": 797816.057, ""actual_offset_global_ms"": 800299.102, ""actual_duration_ms"": 2483.045}, {""stage_name"": ""delay"", ""planned_duration_ms"": 1000, ""intended_onset_ms"": 800299.102, ""actual_onset_global_ms"": 800309.127, ""actual_offset_global_ms"": 801308.586, ""actual_duration_ms"": 999.459}, {""stage_name"": ""test_array"", ""planned_duration_ms"": 4000, ""intended_onset_ms"": 801308.586, ""actual_onset_global_ms"": 801398.391, ""actual_offset_global_ms"": 803035.651, ""actual_duration_ms"": 1637.26}]",,,,,0,0,0,0,1,,,,,,,,,,,,,,,,,,,,,,,,,,,,,,,3.0,same,2.0,"[70.48, 222.01]","[[-142.37, 33.48], [-155.49, -239.13], [70.48, 222.01]]","[""red"", ""yellow"", ""green""]","[""red"", ""yellow"", ""green""]",green,green,j,change,0.0,3.0,1.0
046,046_T1_20260518_155800,PA,T1,adaptive,hci_substudy_v2,1,telemetry_v4,change_detection,4,formal_cd,formal,1,27,35,formal,N2_change,1779091080,59.326,2026-05-18T16:11:29.424,0,0,0,1,803045.798,803078.066,,,,,j,,1,1122.59,,,,806645.798,806757.894,807953.408,4000,1195.514,807953.408,"[{""stage_name"": ""fixation"", ""planned_duration_ms"": 100, ""intended_onset_ms"": 803045.798, ""actual_onset_global_ms"": 803078.066, ""actual_offset_global_ms"": 803200.039, ""actual_duration_ms"": 121.973}, {""stage_name"": ""memory_array"", ""planned_duration_ms"": 2500, ""intended_onset_ms"": 803145.798, ""actual_onset_global_ms"": 803271.774, ""actual_offset_global_ms"": 805704.07, ""actual_duration_ms"": 2432.296}, {""stage_name"": ""delay"", ""planned_duration_ms"": 1000, ""intended_onset_ms"": 805704.07, ""actual_onset_global_ms"": 805703.815, ""actual_offset_global_ms"": 806711.119, ""actual_duration_ms"": 1007.304}, {""stage_name"": ""test_array"", ""planned_duration_ms"": 4000, ""intended_onset_ms"": 806711.119, ""actual_onset_global_ms"": 806757.894, ""actual_offset_global_ms"": 807953.408, ""actual_duration_ms"": 1195.514}]",,,,,0,0,1,0,1,,,,,,,,,,,,,,,,,,,,,,,,,,,,,,,2.0,change,1.0,"[145.36, -72.69]","[[-109.51, 124.54], [145.36, -72.69]]","[""blue"", ""red""]","[""blue"", ""yellow""]",red,yellow,j,change,1.0,2.0,1.0
046,046_T1_20260518_155800,PA,T1,adaptive,hci_substudy_v2,1,telemetry_v4,change_detection,4,formal_cd,formal,1,28,36,formal,N3_same,1779091080,59.326,2026-05-18T16:11:34.343,0,0,0,1,807963.908,807994.145,,,,,s,,1,590.007,,,,811563.908,811723.154,812376.807,4000,653.653,812376.807,"[{""stage_name"": ""fixation"", ""planned_duration_ms"": 100, ""intended_onset_ms"": 807963.908, ""actual_onset_global_ms"": 807994.145, ""actual_offset_global_ms"": 808104.166, ""actual_duration_ms"": 110.021}, {""stage_name"": ""memory_array"", ""planned_duration_ms"": 2500, ""intended_onset_ms"": 808063.908, ""actual_onset_global_ms"": 808170.162, ""actual_offset_global_ms"": 810610.932, ""actual_duration_ms"": 2440.77}, {""stage_name"": ""delay"", ""planned_duration_ms"": 1000, ""intended_onset_ms"": 810610.932, ""actual_onset_global_ms"": 810617.674, ""actual_offset_global_ms"": 811638.399, ""actual_duration_ms"": 1020.725}, {""stage_name"": ""test_array"", ""planned_duration_ms"": 4000, ""intended_onset_ms"": 811638.399, ""actual_onset_global_ms"": 811723.154, ""actual_offset_global_ms"": 812376.807, ""actual_duration_ms"": 653.653}]",,,,,0,0,1,0,1,,,,,,,,,,,,,,,,,,,,,,,,,,,,,,,3.0,same,2.0,"[-196.17, -205.53]","[[37.05, 210.91], [137.72, 64.26], [-196.17, -205.53]]","[""purple"", ""blue"", ""green""]","[""purple"", ""blue"", ""green""]",green,green,s,same,1.0,3.0,1.0
046,046_T1_20260518_155800,PA,T1,adaptive,hci_substudy_v2,1,telemetry_v4,change_detection,4,formal_cd,formal,1,29,37,formal,N4_same,1779091080,59.326,2026-05-18T16:11:38.766,0,0,0,1,812387.396,812416.961,,,,,s,,1,1961.074,,,,815987.396,816132.328,818135.255,4000,2002.927,818135.255,"[{""stage_name"": ""fixation"", ""planned_duration_ms"": 100, ""intended_onset_ms"": 812387.396, ""actual_onset_global_ms"": 812416.961, ""actual_offset_global_ms"": 812532.19, ""actual_duration_ms"": 115.229}, {""stage_name"": ""memory_array"", ""planned_duration_ms"": 2500, ""intended_onset_ms"": 812487.396, ""actual_onset_global_ms"": 812605.53, ""actual_offset_global_ms"": 815034.804, ""actual_duration_ms"": 2429.274}, {""stage_name"": ""delay"", ""planned_duration_ms"": 1000, ""intended_onset_ms"": 815034.804, ""actual_onset_global_ms"": 815035.864, ""actual_offset_global_ms"": 816055.115, ""actual_duration_ms"": 1019.251}, {""stage_name"": ""test_array"", ""planned_duration_ms"": 4000, ""intended_onset_ms"": 816055.115, ""actual_onset_global_ms"": 816132.328, ""actual_offset_global_ms"": 818135.255, ""actual_duration_ms"": 2002.927}]",,,,,0,0,1,0,1,,,,,,,,,,,,,,,,,,,,,,,,,,,,,,,4.0,same,3.0,"[-159.37, -226.01]","[[70.82, 175.91], [-61.71, 242.6], [16.58, -138.58], [-159.37, -226.01]]","[""purple"", ""yellow"", ""red"", ""green""]","[""purple"", ""yellow"", ""red"", ""green""]",green,green,s,same,1.0,7.0,1.0
046,046_T1_20260518_155800,PA,T1,adaptive,hci_substudy_v2,1,telemetry_v4,change_detection,4,formal_cd,formal,1,30,38,formal,N1_change,1779091080,59.326,2026-05-18T16:11:44.524,0,0,0,1,818145.378,818174.838,,,,,j,,1,1029.427,,,,821745.378,821852.362,822971.22,4000,1118.858,822971.22,"[{""stage_name"": ""fixation"", ""planned_duration_ms"": 100, ""intended_onset_ms"": 818145.378, ""actual_onset_global_ms"": 818174.838, ""actual_offset_global_ms"": 818292.902, ""actual_duration_ms"": 118.064}, {""stage_name"": ""memory_array"", ""planned_duration_ms"": 2500, ""intended_onset_ms"": 818245.378, ""actual_onset_global_ms"": 818329.059, ""actual_offset_global_ms"": 820794.807, ""actual_duration_ms"": 2465.748}, {""stage_name"": ""delay"", ""planned_duration_ms"": 1000, ""intended_onset_ms"": 820794.807, ""actual_onset_global_ms"": 820804.637, ""actual_offset_global_ms"": 821810.269, ""actual_duration_ms"": 1005.632}, {""stage_name"": ""test_array"", ""planned_duration_ms"": 4000, ""intended_onset_ms"": 821810.269, ""actual_onset_global_ms"": 821852.362, ""actual_offset_global_ms"": 822971.22, ""actual_duration_ms"": 1118.858}]",,,,,0,0,1,0,1,,,,,,,,,,,,,,,,,,,,,,,,,,,,,,,1.0,change,0.0,"[215.58, 22.64]","[[215.58, 22.64]]","[""yellow""]","[""blue""]",yellow,blue,j,change,1.0,2.0,1.0
046,046_T1_20260518_155800,PA,T1,adaptive,hci_substudy_v2,1,telemetry_v4,change_detection,4,formal_cd,formal,1,31,39,formal,N3_change,1779091080,59.326,2026-05-18T16:11:49.363,0,0,0,1,822983.878,823013.71,,,,,j,,1,1824.448,,,,826583.878,826745.784,828609.982,4000,1864.198,828609.982,"[{""stage_name"": ""fixation"", ""planned_duration_ms"": 100, ""intended_onset_ms"": 822983.878, ""actual_onset_global_ms"": 823013.71, ""actual_offset_global_ms"": 823130.823, ""actual_duration_ms"": 117.113}, {""stage_name"": ""memory_array"", ""planned_duration_ms"": 2500, ""intended_onset_ms"": 823083.878, ""actual_onset_global_ms"": 823193.178, ""actual_offset_global_ms"": 825636.508, ""actual_duration_ms"": 2443.33}, {""stage_name"": ""delay"", ""planned_duration_ms"": 1000, ""intended_onset_ms"": 825636.508, ""actual_onset_global_ms"": 825635.368, ""actual_offset_global_ms"": 826653.317, ""actual_duration_ms"": 1017.949}, {""stage_name"": ""test_array"", ""planned_duration_ms"": 4000, ""intended_onset_ms"": 826653.317, ""actual_onset_global_ms"": 826745.784, ""actual_offset_global_ms"": 828609.982, ""actual_duration_ms"": 1864.198}]",,,,,0,0,1,0,1,,,,,,,,,,,,,,,,,,,,,,,,,,,,,,,3.0,change,2.0,"[87.21, -80.66]","[[-29.76, -259.43], [194.32, -120.12], [87.21, -80.66]]","[""purple"", ""blue"", ""red""]","[""purple"", ""blue"", ""green""]",red,green,j,change,1.0,3.0,1.0
046,046_T1_20260518_155800,PA,T1,adaptive,hci_substudy_v2,1,telemetry_v4,change_detection,4,formal_cd,formal,1,32,40,formal,N1_change,1779091080,59.326,2026-05-18T16:11:54.999,0,0,0,1,828620.569,828653.878,,,,,j,,1,619.3,,,,832220.569,832345.887,833035.508,4000,689.621,833035.508,"[{""stage_name"": ""fixation"", ""planned_duration_ms"": 100, ""intended_onset_ms"": 828620.569, ""actual_onset_global_ms"": 828653.878, ""actual_offset_global_ms"": 828767.727, ""actual_duration_ms"": 113.849}, {""stage_name"": ""memory_array"", ""planned_duration_ms"": 2500, ""intended_onset_ms"": 828720.569, ""actual_onset_global_ms"": 828807.383, ""actual_offset_global_ms"": 831299.149, ""actual_duration_ms"": 2491.766}, {""stage_name"": ""delay"", ""planned_duration_ms"": 1000, ""intended_onset_ms"": 831299.149, ""actual_onset_global_ms"": 831305.406, ""actual_offset_global_ms"": 832302.277, ""actual_duration_ms"": 996.871}, {""stage_name"": ""test_array"", ""planned_duration_ms"": 4000, ""intended_onset_ms"": 832302.277, ""actual_onset_global_ms"": 832345.887, ""actual_offset_global_ms"": 833035.508, ""actual_duration_ms"": 689.621}]",,,,,0,0,1,0,1,,,,,,,,,,,,,,,,,,,,,,,,,,,,,,,1.0,change,0.0,"[70.8, -244.05]","[[70.8, -244.05]]","[""purple""]","[""yellow""]",purple,yellow,j,change,1.0,1.0,1.0
046,046_T1_20260518_155800,PA,T1,adaptive,hci_substudy_v2,1,telemetry_v4,change_detection,4,formal_cd,formal,1,33,41,formal,N2_same,1779091080,59.326,2026-05-18T16:11:59.426,0,0,0,1,833047.209,833075.608,,,,,s,,1,1949.975,,,,836647.209,836781.484,838796.56,4000,2015.076,838796.56,"[{""stage_name"": ""fixation"", ""planned_duration_ms"": 100, ""intended_onset_ms"": 833047.209, ""actual_onset_global_ms"": 833075.608, ""actual_offset_global_ms"": 833194.573, ""actual_duration_ms"": 118.965}, {""stage_name"": ""memory_array"", ""planned_duration_ms"": 2500, ""intended_onset_ms"": 833147.209, ""actual_onset_global_ms"": 833251.396, ""actual_offset_global_ms"": 835707.716, ""actual_duration_ms"": 2456.32}, {""stage_name"": ""delay"", ""planned_duration_ms"": 1000, ""intended_onset_ms"": 835707.716, ""actual_onset_global_ms"": 835718.503, ""actual_offset_global_ms"": 836724.37, ""actual_duration_ms"": 1005.867}, {""stage_name"": ""test_array"", ""planned_duration_ms"": 4000, ""intended_onset_ms"": 836724.37, ""actual_onset_global_ms"": 836781.484, ""actual_offset_global_ms"": 838796.56, ""actual_duration_ms"": 2015.076}]",,,,,0,0,1,0,1,,,,,,,,,,,,,,,,,,,,,,,,,,,,,,,2.0,same,0.0,"[132.52, -111.5]","[[132.52, -111.5], [-174.21, 164.53]]","[""purple"", ""red""]","[""purple"", ""red""]",purple,purple,s,same,1.0,2.0,1.0
046,046_T1_20260518_155800,PA,T1,adaptive,hci_substudy_v2,1,telemetry_v4,change_detection,4,formal_cd,formal,1,34,42,formal,N2_change,1779091080,59.326,2026-05-18T16:12:05.188,0,0,0,1,838808.753,838838.554,,,,,j,,1,1735.134,,,,842408.753,842533.995,844338.331,4000,1804.336,844338.331,"[{""stage_name"": ""fixation"", ""planned_duration_ms"": 100, ""intended_onset_ms"": 838808.753, ""actual_onset_global_ms"": 838838.554, ""actual_offset_global_ms"": 838958.562, ""actual_duration_ms"": 120.008}, {""stage_name"": ""memory_array"", ""planned_duration_ms"": 2500, ""intended_onset_ms"": 838908.753, ""actual_onset_global_ms"": 839029.796, ""actual_offset_global_ms"": 841473.346, ""actual_duration_ms"": 2443.55}, {""stage_name"": ""delay"", ""planned_duration_ms"": 1000, ""intended_onset_ms"": 841473.346, ""actual_onset_global_ms"": 841485.479, ""actual_offset_global_ms"": 842484.42, ""actual_duration_ms"": 998.941}, {""stage_name"": ""test_array"", ""planned_duration_ms"": 4000, ""intended_onset_ms"": 842484.42, ""actual_onset_global_ms"": 842533.995, ""actual_offset_global_ms"": 844338.331, ""actual_duration_ms"": 1804.336}]",,,,,0,0,1,0,1,,,,,,,,,,,,,,,,,,,,,,,,,,,,,,,2.0,change,0.0,"[102.18, 145.86]","[[102.18, 145.86], [-167.28, 130.57]]","[""purple"", ""green""]","[""blue"", ""green""]",purple,blue,j,change,1.0,3.0,1.0
046,046_T1_20260518_155800,PA,T1,adaptive,hci_substudy_v2,1,telemetry_v4,change_detection,4,formal_cd,formal,1,35,43,formal,N4_same,1779091080,59.326,2026-05-18T16:12:10.728,0,0,0,1,844349.38,844384.665,,,,,s,,1,2223.804,,,,847949.38,848149.108,850430.216,4000,2281.108,850430.216,"[{""stage_name"": ""fixation"", ""planned_duration_ms"": 100, ""intended_onset_ms"": 844349.38, ""actual_onset_global_ms"": 844384.665, ""actual_offset_global_ms"": 844496.773, ""actual_duration_ms"": 112.108}, {""stage_name"": ""memory_array"", ""planned_duration_ms"": 2500, ""intended_onset_ms"": 844449.38, ""actual_onset_global_ms"": 844589.391, ""actual_offset_global_ms"": 847059.463, ""actual_duration_ms"": 2470.072}, {""stage_name"": ""delay"", ""planned_duration_ms"": 1000, ""intended_onset_ms"": 847059.463, ""actual_onset_global_ms"": 847067.541, ""actual_offset_global_ms"": 848075.232, ""actual_duration_ms"": 1007.691}, {""stage_name"": ""test_array"", ""planned_duration_ms"": 4000, ""intended_onset_ms"": 848075.232, ""actual_onset_global_ms"": 848149.108, ""actual_offset_global_ms"": 850430.216, ""actual_duration_ms"": 2281.108}]",,,,,0,0,1,0,1,,,,,,,,,,,,,,,,,,,,,,,,,,,,,,,4.0,same,2.0,"[112.28, -25.77]","[[122.0, 121.02], [153.43, 241.44], [112.28, -25.77], [-230.67, 250.39]]","[""red"", ""blue"", ""green"", ""purple""]","[""red"", ""blue"", ""green"", ""purple""]",green,green,s,same,1.0,4.0,1.0
046,046_T1_20260518_155800,PA,T1,adaptive,hci_substudy_v2,1,telemetry_v4,change_detection,4,formal_cd,formal,1,36,44,formal,N4_change,1779091080,59.326,2026-05-18T16:12:16.821,0,0,0,1,850442.352,850468.108,,,,,j,,1,1640.64,,,,854042.352,854225.844,855922.196,4000,1696.352,855922.196,"[{""stage_name"": ""fixation"", ""planned_duration_ms"": 100, ""intended_onset_ms"": 850442.352, ""actual_onset_global_ms"": 850468.108, ""actual_offset_global_ms"": 850580.41, ""actual_duration_ms"": 112.302}, {""stage_name"": ""memory_array"", ""planned_duration_ms"": 2500, ""intended_onset_ms"": 850542.352, ""actual_onset_global_ms"": 850667.185, ""actual_offset_global_ms"": 853105.016, ""actual_duration_ms"": 2437.831}, {""stage_name"": ""delay"", ""planned_duration_ms"": 1000, ""intended_onset_ms"": 853105.016, ""actual_onset_global_ms"": 853111.156, ""actual_offset_global_ms"": 854115.451, ""actual_duration_ms"": 1004.295}, {""stage_name"": ""test_array"", ""planned_duration_ms"": 4000, ""intended_onset_ms"": 854115.451, ""actual_onset_global_ms"": 854225.844, ""actual_offset_global_ms"": 855922.196, ""actual_duration_ms"": 1696.352}]",,,,,0,0,1,0,1,,,,,,,,,,,,,,,,,,,,,,,,,,,,,,,4.0,change,1.0,"[226.88, 235.63]","[[-2.03, -254.69], [226.88, 235.63], [-137.74, 127.81], [101.42, 193.97]]","[""yellow"", ""blue"", ""green"", ""red""]","[""yellow"", ""purple"", ""green"", ""red""]",blue,purple,j,change,1.0,4.0,1.0
046,046_T1_20260518_155800,PA,T1,adaptive,hci_substudy_v2,1,telemetry_v4,change_detection,4,formal_cd,formal,1,37,45,formal,N2_same,1779091080,59.326,2026-05-18T16:12:22.311,0,0,0,1,855932.089,855964.618,,,,,s,,1,1699.756,,,,859532.089,859691.118,861424.324,4000,1733.206,861424.324,"[{""stage_name"": ""fixation"", ""planned_duration_ms"": 100, ""intended_onset_ms"": 855932.089, ""actual_onset_global_ms"": 855964.618, ""actual_offset_global_ms"": 856075.149, ""actual_duration_ms"": 110.531}, {""stage_name"": ""memory_array"", ""planned_duration_ms"": 2500, ""intended_onset_ms"": 856032.089, ""actual_onset_global_ms"": 856121.921, ""actual_offset_global_ms"": 858620.59, ""actual_duration_ms"": 2498.669}, {""stage_name"": ""delay"", ""planned_duration_ms"": 1000, ""intended_onset_ms"": 858620.59, ""actual_onset_global_ms"": 858632.06, ""actual_offset_global_ms"": 859621.347, ""actual_duration_ms"": 989.287}, {""stage_name"": ""test_array"", ""planned_duration_ms"": 4000, ""intended_onset_ms"": 859621.347, ""actual_onset_global_ms"": 859691.118, ""actual_offset_global_ms"": 861424.324, ""actual_duration_ms"": 1733.206}]",,,,,0,0,1,0,1,,,,,,,,,,,,,,,,,,,,,,,,,,,,,,,2.0,same,0.0,"[60.82, -69.5]","[[60.82, -69.5], [-230.32, 166.67]]","[""green"", ""purple""]","[""green"", ""purple""]",green,green,s,same,1.0,3.0,1.0
046,046_T1_20260518_155800,PA,T1,adaptive,hci_substudy_v2,1,telemetry_v4,change_detection,4,formal_cd,formal,1,38,46,formal,N1_change,1779091080,59.326,2026-05-18T16:12:27.814,0,0,0,1,861435.44,861462.195,,,,,j,,1,571.848,,,,865035.44,865171.85,865788.553,4000,616.703,865788.553,"[{""stage_name"": ""fixation"", ""planned_duration_ms"": 100, ""intended_onset_ms"": 861435.44, ""actual_onset_global_ms"": 861462.195, ""actual_offset_global_ms"": 861574.815, ""actual_duration_ms"": 112.62}, {""stage_name"": ""memory_array"", ""planned_duration_ms"": 2500, ""intended_onset_ms"": 861535.44, ""actual_onset_global_ms"": 861618.307, ""actual_offset_global_ms"": 864124.613, ""actual_duration_ms"": 2506.306}, {""stage_name"": ""delay"", ""planned_duration_ms"": 1000, ""intended_onset_ms"": 864124.613, ""actual_onset_global_ms"": 864132.228, ""actual_offset_global_ms"": 865133.5, ""actual_duration_ms"": 1001.272}, {""stage_name"": ""test_array"", ""planned_duration_ms"": 4000, ""intended_onset_ms"": 865133.5, ""actual_onset_global_ms"": 865171.85, ""actual_offset_global_ms"": 865788.553, ""actual_duration_ms"": 616.703}]",,,,,0,0,1,0,1,,,,,,,,,,,,,,,,,,,,,,,,,,,,,,,1.0,change,0.0,"[-147.73, 65.21]","[[-147.73, 65.21]]","[""purple""]","[""green""]",purple,green,j,change,1.0,1.0,1.0
046,046_T1_20260518_155800,PA,T1,adaptive,hci_substudy_v2,1,telemetry_v4,change_detection,4,formal_cd,formal,1,39,47,formal,N3_change,1779091080,59.326,2026-05-18T16:12:32.177,0,0,0,1,865798.171,865830.888,,,,,j,,1,1412.159,,,,869398.171,869567.912,871054.79,4000,1486.878,871054.79,"[{""stage_name"": ""fixation"", ""planned_duration_ms"": 100, ""intended_onset_ms"": 865798.171, ""actual_onset_global_ms"": 865830.888, ""actual_offset_global_ms"": 865943.144, ""actual_duration_ms"": 112.256}, {""stage_name"": ""memory_array"", ""planned_duration_ms"": 2500, ""intended_onset_ms"": 865898.171, ""actual_onset_global_ms"": 866015.787, ""actual_offset_global_ms"": 868493.855, ""actual_duration_ms"": 2478.068}, {""stage_name"": ""delay"", ""planned_duration_ms"": 1000, ""intended_onset_ms"": 868493.855, ""actual_onset_global_ms"": 868499.157, ""actual_offset_global_ms"": 869504.844, ""actual_duration_ms"": 1005.687}, {""stage_name"": ""test_array"", ""planned_duration_ms"": 4000, ""intended_onset_ms"": 869504.844, ""actual_onset_global_ms"": 869567.912, ""actual_offset_global_ms"": 871054.79, ""actual_duration_ms"": 1486.878}]",,,,,0,0,1,0,1,,,,,,,,,,,,,,,,,,,,,,,,,,,,,,,3.0,change,2.0,"[93.29, 149.56]","[[49.89, -89.02], [-185.85, 253.96], [93.29, 149.56]]","[""purple"", ""green"", ""blue""]","[""purple"", ""green"", ""red""]",blue,red,j,change,1.0,6.0,1.0
046,046_T1_20260518_155800,PA,T1,adaptive,hci_substudy_v2,1,telemetry_v4,change_detection,4,formal_cd,formal,1,40,48,formal,N1_change,1779091080,59.326,2026-05-18T16:12:37.439,0,0,0,1,871060.561,871085.261,,,,,j,,1,946.723,,,,874660.561,874760.113,875778.604,4000,1018.491,875778.604,"[{""stage_name"": ""fixation"", ""planned_duration_ms"": 100, ""intended_onset_ms"": 871060.561, ""actual_onset_global_ms"": 871085.261, ""actual_offset_global_ms"": 871191.424, ""actual_duration_ms"": 106.163}, {""stage_name"": ""memory_array"", ""planned_duration_ms"": 2500, ""intended_onset_ms"": 871160.561, ""actual_onset_global_ms"": 871230.652, ""actual_offset_global_ms"": 873703.274, ""actual_duration_ms"": 2472.622}, {""stage_name"": ""delay"", ""planned_duration_ms"": 1000, ""intended_onset_ms"": 873703.274, ""actual_onset_global_ms"": 873712.621, ""actual_offset_global_ms"": 874718.382, ""actual_duration_ms"": 1005.761}, {""stage_name"": ""test_array"", ""planned_duration_ms"": 4000, ""intended_onset_ms"": 874718.382, ""actual_onset_global_ms"": 874760.113, ""actual_offset_global_ms"": 875778.604, ""actual_duration_ms"": 1018.491}]",,,,,0,0,1,0,1,,,,,,,,,,,,,,,,,,,,,,,,,,,,,,,1.0,change,0.0,"[150.98, 253.95]","[[150.98, 253.95]]","[""blue""]","[""purple""]",blue,purple,j,change,1.0,1.0,1.0
046,046_T1_20260518_155800,PA,T1,adaptive,hci_substudy_v2,1,telemetry_v4,change_detection,4,formal_cd,formal,1,41,49,formal,N3_same,1779091080,59.326,2026-05-18T16:12:42.163,0,0,0,1,875784.4,875807.335,,,,,s,,0,1614.267,,,,879384.4,879528.458,881171.438,4000,1642.98,881171.438,"[{""stage_name"": ""fixation"", ""planned_duration_ms"": 100, ""intended_onset_ms"": 875784.4, ""actual_onset_global_ms"": 875807.335, ""actual_offset_global_ms"": 875919.574, ""actual_duration_ms"": 112.239}, {""stage_name"": ""memory_array"", ""planned_duration_ms"": 2500, ""intended_onset_ms"": 875884.4, ""actual_onset_global_ms"": 875993.389, ""actual_offset_global_ms"": 878454.519, ""actual_duration_ms"": 2461.13}, {""stage_name"": ""delay"", ""planned_duration_ms"": 1000, ""intended_onset_ms"": 878454.519, ""actual_onset_global_ms"": 878467.699, ""actual_offset_global_ms"": 879475.116, ""actual_duration_ms"": 1007.417}, {""stage_name"": ""test_array"", ""planned_duration_ms"": 4000, ""intended_onset_ms"": 879475.116, ""actual_onset_global_ms"": 879528.458, ""actual_offset_global_ms"": 881171.438, ""actual_duration_ms"": 1642.98}]",,,,,0,0,0,0,1,,,,,,,,,,,,,,,,,,,,,,,,,,,,,,,3.0,same,1.0,"[35.12, -189.28]","[[-31.06, 150.33], [35.12, -189.28], [246.45, 131.08]]","[""green"", ""blue"", ""red""]","[""green"", ""blue"", ""red""]",blue,blue,j,change,0.0,4.0,1.0
046,046_T1_20260518_155800,PA,T1,adaptive,hci_substudy_v2,1,telemetry_v4,change_detection,4,formal_cd,formal,1,42,50,formal,N2_change,1779091080,59.326,2026-05-18T16:12:47.561,0,0,0,1,881182.808,881215.658,,,,,j,,1,2027.189,,,,884782.808,884911.355,886992.104,4000,2080.749,886992.104,"[{""stage_name"": ""fixation"", ""planned_duration_ms"": 100, ""intended_onset_ms"": 881182.808, ""actual_onset_global_ms"": 881215.658, ""actual_offset_global_ms"": 881302.369, ""actual_duration_ms"": 86.711}, {""stage_name"": ""memory_array"", ""planned_duration_ms"": 2500, ""intended_onset_ms"": 881282.808, ""actual_onset_global_ms"": 881355.144, ""actual_offset_global_ms"": 883838.095, ""actual_duration_ms"": 2482.951}, {""stage_name"": ""delay"", ""planned_duration_ms"": 1000, ""intended_onset_ms"": 883838.095, ""actual_onset_global_ms"": 883844.231, ""actual_offset_global_ms"": 884847.68, ""actual_duration_ms"": 1003.449}, {""stage_name"": ""test_array"", ""planned_duration_ms"": 4000, ""intended_onset_ms"": 884847.68, ""actual_onset_global_ms"": 884911.355, ""actual_offset_global_ms"": 886992.104, ""actual_duration_ms"": 2080.749}]",,,,,0,0,1,0,1,,,,,,,,,,,,,,,,,,,,,,,,,,,,,,,2.0,change,0.0,"[258.46, 204.93]","[[258.46, 204.93], [149.07, 113.87]]","[""blue"", ""red""]","[""purple"", ""red""]",blue,purple,j,change,1.0,2.0,1.0
046,046_T1_20260518_155800,PA,T1,adaptive,hci_substudy_v2,1,telemetry_v4,change_detection,4,formal_cd,formal,1,43,51,formal,N3_same,1779091080,59.326,2026-05-18T16:12:53.383,0,0,0,1,887004.893,887031.018,,,,,s,,1,1569.7,,,,890604.893,890823.291,892447.585,4000,1624.294,892447.585,"[{""stage_name"": ""fixation"", ""planned_duration_ms"": 100, ""intended_onset_ms"": 887004.893, ""actual_onset_global_ms"": 887031.018, ""actual_offset_global_ms"": 887149.901, ""actual_duration_ms"": 118.883}, {""stage_name"": ""memory_array"", ""planned_duration_ms"": 2500, ""intended_onset_ms"": 887104.893, ""actual_onset_global_ms"": 887215.687, ""actual_offset_global_ms"": 889745.343, ""actual_duration_ms"": 2529.656}, {""stage_name"": ""delay"", ""planned_duration_ms"": 1000, ""intended_onset_ms"": 889745.343, ""actual_onset_global_ms"": 889743.905, ""actual_offset_global_ms"": 890759.796, ""actual_duration_ms"": 1015.891}, {""stage_name"": ""test_array"", ""planned_duration_ms"": 4000, ""intended_onset_ms"": 890759.796, ""actual_onset_global_ms"": 890823.291, ""actual_offset_global_ms"": 892447.585, ""actual_duration_ms"": 1624.294}]",,,,,0,0,1,0,1,,,,,,,,,,,,,,,,,,,,,,,,,,,,,,,3.0,same,0.0,"[64.43, 251.37]","[[64.43, 251.37], [182.43, 109.41], [-48.8, 227.07]]","[""red"", ""green"", ""purple""]","[""red"", ""green"", ""purple""]",red,red,s,same,1.0,3.0,1.0
046,046_T1_20260518_155800,PA,T1,adaptive,hci_substudy_v2,1,telemetry_v4,change_detection,4,formal_cd,formal,1,44,52,formal,N1_same,1779091080,59.326,2026-05-18T16:12:58.837,0,0,0,1,892458.741,892494.617,,,,,s,,1,2152.371,,,,896058.741,896203.254,898412.725,4000,2209.471,898412.725,"[{""stage_name"": ""fixation"", ""planned_duration_ms"": 100, ""intended_onset_ms"": 892458.741, ""actual_onset_global_ms"": 892494.617, ""actual_offset_global_ms"": 892605.207, ""actual_duration_ms"": 110.59}, {""stage_name"": ""memory_array"", ""planned_duration_ms"": 2500, ""intended_onset_ms"": 892558.741, ""actual_onset_global_ms"": 892633.679, ""actual_offset_global_ms"": 895141.559, ""actual_duration_ms"": 2507.88}, {""stage_name"": ""delay"", ""planned_duration_ms"": 1000, ""intended_onset_ms"": 895141.559, ""actual_onset_global_ms"": 895141.193, ""actual_offset_global_ms"": 896160.615, ""actual_duration_ms"": 1019.422}, {""stage_name"": ""test_array"", ""planned_duration_ms"": 4000, ""intended_onset_ms"": 896160.615, ""actual_onset_global_ms"": 896203.254, ""actual_offset_global_ms"": 898412.725, ""actual_duration_ms"": 2209.471}]",,,,,0,0,1,0,1,,,,,,,,,,,,,,,,,,,,,,,,,,,,,,,1.0,same,0.0,"[-112.4, -152.05]","[[-112.4, -152.05]]","[""green""]","[""green""]",green,green,s,same,1.0,1.0,1.0
046,046_T1_20260518_155800,PA,T1,adaptive,hci_substudy_v2,1,telemetry_v4,change_detection,4,formal_cd,formal,1,45,53,formal,N2_change,1779091080,59.326,2026-05-18T16:13:04.802,0,0,0,1,898423.589,898452.596,,,,,j,,1,1674.709,,,,902023.589,902198.588,903959.657,4000,1761.069,903959.657,"[{""stage_name"": ""fixation"", ""planned_duration_ms"": 100, ""intended_onset_ms"": 898423.589, ""actual_onset_global_ms"": 898452.596, ""actual_offset_global_ms"": 898568.171, ""actual_duration_ms"": 115.575}, {""stage_name"": ""memory_array"", ""planned_duration_ms"": 2500, ""intended_onset_ms"": 898523.589, ""actual_onset_global_ms"": 898637.17, ""actual_offset_global_ms"": 901106.36, ""actual_duration_ms"": 2469.19}, {""stage_name"": ""delay"", ""planned_duration_ms"": 1000, ""intended_onset_ms"": 901106.36, ""actual_onset_global_ms"": 901116.337, ""actual_offset_global_ms"": 902137.195, ""actual_duration_ms"": 1020.858}, {""stage_name"": ""test_array"", ""planned_duration_ms"": 4000, ""intended_onset_ms"": 902137.195, ""actual_onset_global_ms"": 902198.588, ""actual_offset_global_ms"": 903959.657, ""actual_duration_ms"": 1761.069}]",,,,,0,0,1,0,1,,,,,,,,,,,,,,,,,,,,,,,,,,,,,,,2.0,change,0.0,"[-55.84, 130.2]","[[-55.84, 130.2], [-224.12, -208.78]]","[""green"", ""red""]","[""blue"", ""red""]",green,blue,j,change,1.0,2.0,1.0
046,046_T1_20260518_155800,PA,T1,adaptive,hci_substudy_v2,1,telemetry_v4,change_detection,4,formal_cd,formal,1,46,54,formal,N1_same,1779091080,59.326,2026-05-18T16:13:10.350,0,0,0,1,903970.666,904002.24,,,,,s,,0,539.414,,,,907570.666,907720.157,908329.929,4000,609.772,908329.929,"[{""stage_name"": ""fixation"", ""planned_duration_ms"": 100, ""intended_onset_ms"": 903970.666, ""actual_onset_global_ms"": 904002.24, ""actual_offset_global_ms"": 904118.014, ""actual_duration_ms"": 115.774}, {""stage_name"": ""memory_array"", ""planned_duration_ms"": 2500, ""intended_onset_ms"": 904070.666, ""actual_onset_global_ms"": 904161.038, ""actual_offset_global_ms"": 906665.108, ""actual_duration_ms"": 2504.07}, {""stage_name"": ""delay"", ""planned_duration_ms"": 1000, ""intended_onset_ms"": 906665.108, ""actual_onset_global_ms"": 906671.97, ""actual_offset_global_ms"": 907679.357, ""actual_duration_ms"": 1007.387}, {""stage_name"": ""test_array"", ""planned_duration_ms"": 4000, ""intended_onset_ms"": 907679.357, ""actual_onset_global_ms"": 907720.157, ""actual_offset_global_ms"": 908329.929, ""actual_duration_ms"": 609.772}]",,,,,0,0,0,0,1,,,,,,,,,,,,,,,,,,,,,,,,,,,,,,,1.0,same,0.0,"[153.21, -173.17]","[[153.21, -173.17]]","[""blue""]","[""blue""]",blue,blue,j,change,0.0,1.0,1.0
046,046_T1_20260518_155800,PA,T1,adaptive,hci_substudy_v2,1,telemetry_v4,change_detection,4,formal_cd,formal,1,47,55,formal,N1_same,1779091080,59.326,2026-05-18T16:13:14.719,0,0,0,1,908340.518,908375.64,,,,,s,,1,862.039,,,,911940.518,912084.97,913021.591,4000,936.621,913021.591,"[{""stage_name"": ""fixation"", ""planned_duration_ms"": 100, ""intended_onset_ms"": 908340.518, ""actual_onset_global_ms"": 908375.64, ""actual_offset_global_ms"": 908484.164, ""actual_duration_ms"": 108.524}, {""stage_name"": ""memory_array"", ""planned_duration_ms"": 2500, ""intended_onset_ms"": 908440.518, ""actual_onset_global_ms"": 908526.839, ""actual_offset_global_ms"": 911023.06, ""actual_duration_ms"": 2496.221}, {""stage_name"": ""delay"", ""planned_duration_ms"": 1000, ""intended_onset_ms"": 911023.06, ""actual_onset_global_ms"": 911025.067, ""actual_offset_global_ms"": 912040.278, ""actual_duration_ms"": 1015.211}, {""stage_name"": ""test_array"", ""planned_duration_ms"": 4000, ""intended_onset_ms"": 912040.278, ""actual_onset_global_ms"": 912084.97, ""actual_offset_global_ms"": 913021.591, ""actual_duration_ms"": 936.621}]",,,,,0,0,1,0,1,,,,,,,,,,,,,,,,,,,,,,,,,,,,,,,1.0,same,0.0,"[154.53, 168.38]","[[154.53, 168.38]]","[""purple""]","[""purple""]",purple,purple,s,same,1.0,1.0,1.0
046,046_T1_20260518_155800,PA,T1,adaptive,hci_substudy_v2,1,telemetry_v4,change_detection,4,formal_cd,formal,1,48,56,formal,N1_same,1779091080,59.326,2026-05-18T16:13:19.413,0,0,0,1,913034.716,913063.063,,,,,s,,0,1392.106,,,,916634.716,916750.312,918170.039,4000,1419.727,918170.039,"[{""stage_name"": ""fixation"", ""planned_duration_ms"": 100, ""intended_onset_ms"": 913034.716, ""actual_onset_global_ms"": 913063.063, ""actual_offset_global_ms"": 913180.857, ""actual_duration_ms"": 117.794}, {""stage_name"": ""memory_array"", ""planned_duration_ms"": 2500, ""intended_onset_ms"": 913134.716, ""actual_onset_global_ms"": 913225.844, ""actual_offset_global_ms"": 915701.936, ""actual_duration_ms"": 2476.092}, {""stage_name"": ""delay"", ""planned_duration_ms"": 1000, ""intended_onset_ms"": 915701.936, ""actual_onset_global_ms"": 915708.343, ""actual_offset_global_ms"": 916706.267, ""actual_duration_ms"": 997.924}, {""stage_name"": ""test_array"", ""planned_duration_ms"": 4000, ""intended_onset_ms"": 916706.267, ""actual_onset_global_ms"": 916750.312, ""actual_offset_global_ms"": 918170.039, ""actual_duration_ms"": 1419.727}]",,,,,0,0,0,0,1,,,,,,,,,,,,,,,,,,,,,,,,,,,,,,,1.0,same,0.0,"[103.87, 206.47]","[[103.87, 206.47]]","[""yellow""]","[""yellow""]",yellow,yellow,j,change,0.0,1.0,1.0
