participant_id,session_id,group,timepoint,practice_layer,practice_protocol_version,telemetry_enabled,telemetry_version,task_name,task_order_index,block_name,block_type,block_index,trial_index_within_block,trial_index_global,practice_or_formal,condition_label,random_seed,screen_refresh_hz,timestamp_iso,omission,aborted,pause_count_during_trial,repeated_practice_round,intended_trial_start_ms,actual_trial_start_ms,condition,target_direction,flankers_direction,array_pattern_text,correct_response_key,participant_response_key,response_correct,rt_ms,response_time_global_ms,feedback_type,practice_pass_flag,intended_onset_ms,actual_onset_global_ms,actual_offset_global_ms,stage_duration_planned_ms,stage_duration_actual_ms,actual_trial_end_ms,stage_records_json,feedback_audio_file,feedback_audio_start_global_ms,feedback_audio_expected_duration_ms,feedback_audio_stop_global_ms,prompt_level,support_type,support_trigger_reason,support_trigger_trial_index,rule_block_error_count,support_level,support_phase,support_duration_ms,post_support_success_streak,support_faded_after_trial,manual_intervention_flag,dccs_support_rule,dccs_error_type,dccs_dimension_highlight_used,dccs_demo_type,dccs_label_mode,dccs_post_support_rule_confusion,rule,cue_audio_file,cue_label,cue_audio_start_global_ms,cue_audio_expected_duration_ms,cue_audio_stop_global_ms,stimulus_color,stimulus_shape,stimulus_identity,trial_transition,previous_rule,current_rule,cue_to_first_response_ms,digit_support_target,digit_transform_demo_used,digit_keypad_demo_used,digit_hesitation_prompt_used,digit_post_support_span_success,span_length,trial_index_within_span,span_round,presented_sequence,correct_backward_sequence,participant_input_sequence,participant_input_string,input_method,first_key_latency_ms,response_complete_time_ms,accuracy,omission_input,delete_count,clear_count,click_count,inter_key_intervals_ms,adaptive_decision,digits_audio_onsets_ms,digits_audio_files,digits_audio_events_json,repeated_audio_once_in_practice,termination_reason,terminal_span_length,set_size,trial_type,probe_index,probe_position_xy,item_positions,item_colors_memory,item_colors_test,probe_original_color,probe_test_color,response_key,response_label,layout_generation_attempts,overlap_check_passed
013,013_T1_20260518_150017,Control,T1,standard,hci_substudy_v2,1,telemetry_v4,flanker,1,practice_single,practice,1,1,1,practice,practice_single,1779087617,59.946,2026-05-18T15:01:03.986,0,0,0,1,37453.542,37577.864,practice_single,left,none,<,s,s,1,3965.73,41581.658,correct,,37553.542,37615.928,41581.658,3000,3965.73,42181.658,"[{""stage_name"": ""fixation"", ""planned_duration_ms"": 100, ""intended_onset_ms"": 37453.542, ""actual_onset_global_ms"": 37577.864, ""actual_offset_global_ms"": 37594.546, ""actual_duration_ms"": 16.682}, {""stage_name"": ""stimulus"", ""planned_duration_ms"": 3000, ""intended_onset_ms"": 37553.542, ""actual_onset_global_ms"": 37615.928, ""actual_offset_global_ms"": 41581.658, ""actual_duration_ms"": 3965.73}, {""stage_name"": ""feedback"", ""planned_duration_ms"": 600, ""intended_onset_ms"": 41581.658, ""actual_onset_global_ms"": 41711.813, ""actual_offset_global_ms"": 42268.901, ""actual_duration_ms"": 557.088}]",correct.wav,41645.9,600.0,42245.9,,,,,,,,,,,,,,,,,,,,,,,,,,,,,,,,,,,,,,,,,,,,,,,,,,,,,,,,,,,,,,,,,,,,,,,
013,013_T1_20260518_150017,Control,T1,standard,hci_substudy_v2,1,telemetry_v4,flanker,1,practice_single,practice,1,2,2,practice,practice_single,1779087617,59.946,2026-05-18T15:01:08.796,0,0,0,1,42264.567,42283.276,practice_single,right,none,>,j,j,1,16654.455,59047.653,correct,,42364.567,42393.198,59047.653,3000,16654.455,59647.653,"[{""stage_name"": ""fixation"", ""planned_duration_ms"": 100, ""intended_onset_ms"": 42264.567, ""actual_onset_global_ms"": 42283.276, ""actual_offset_global_ms"": 42389.817, ""actual_duration_ms"": 106.541}, {""stage_name"": ""stimulus"", ""planned_duration_ms"": 3000, ""intended_onset_ms"": 42364.567, ""actual_onset_global_ms"": 42393.198, ""actual_offset_global_ms"": 59047.653, ""actual_duration_ms"": 16654.455}, {""stage_name"": ""feedback"", ""planned_duration_ms"": 600, ""intended_onset_ms"": 59047.653, ""actual_onset_global_ms"": 59096.744, ""actual_offset_global_ms"": 59690.248, ""actual_duration_ms"": 593.504}]",correct.wav,59071.942,600.0,59671.942,,,,,,,,,,,,,,,,,,,,,,,,,,,,,,,,,,,,,,,,,,,,,,,,,,,,,,,,,,,,,,,,,,,,,,,
013,013_T1_20260518_150017,Control,T1,standard,hci_substudy_v2,1,telemetry_v4,flanker,1,practice_single,practice,1,3,3,practice,practice_single,1779087617,59.946,2026-05-18T15:01:26.214,0,0,0,1,59681.369,59705.624,practice_single,right,none,>,j,j,1,2796.039,62615.055,correct,,59781.369,59819.016,62615.055,3000,2796.039,63215.055,"[{""stage_name"": ""fixation"", ""planned_duration_ms"": 100, ""intended_onset_ms"": 59681.369, ""actual_onset_global_ms"": 59705.624, ""actual_offset_global_ms"": 59814.759, ""actual_duration_ms"": 109.135}, {""stage_name"": ""stimulus"", ""planned_duration_ms"": 3000, ""intended_onset_ms"": 59781.369, ""actual_onset_global_ms"": 59819.016, ""actual_offset_global_ms"": 62615.055, ""actual_duration_ms"": 2796.039}, {""stage_name"": ""feedback"", ""planned_duration_ms"": 600, ""intended_onset_ms"": 62615.055, ""actual_onset_global_ms"": 62643.26, ""actual_offset_global_ms"": 63246.897, ""actual_duration_ms"": 603.637}]",correct.wav,62620.762,600.0,63220.762,,,,,,,,,,,,,,,,,,,,,,,,,,,,,,,,,,,,,,,,,,,,,,,,,,,,,,,,,,,,,,,,,,,,,,,
013,013_T1_20260518_150017,Control,T1,standard,hci_substudy_v2,1,telemetry_v4,flanker,1,practice_single,practice,1,4,4,practice,practice_single,1779087617,59.946,2026-05-18T15:01:29.768,0,0,0,1,63236.054,63255.791,practice_single,left,none,<,s,s,1,1666.764,65022.658,correct,,63336.054,63355.894,65022.658,3000,1666.764,65622.658,"[{""stage_name"": ""fixation"", ""planned_duration_ms"": 100, ""intended_onset_ms"": 63236.054, ""actual_onset_global_ms"": 63255.791, ""actual_offset_global_ms"": 63355.03, ""actual_duration_ms"": 99.239}, {""stage_name"": ""stimulus"", ""planned_duration_ms"": 3000, ""intended_onset_ms"": 63336.054, ""actual_onset_global_ms"": 63355.894, ""actual_offset_global_ms"": 65022.658, ""actual_duration_ms"": 1666.764}, {""stage_name"": ""feedback"", ""planned_duration_ms"": 600, ""intended_onset_ms"": 65022.658, ""actual_onset_global_ms"": 65061.107, ""actual_offset_global_ms"": 65673.182, ""actual_duration_ms"": 612.075}]",correct.wav,65040.054,600.0,65640.054,,,,,,,,,,,,,,,,,,,,,,,,,,,,,,,,,,,,,,,,,,,,,,,,,,,,,,,,,,,,,,,,,,,,,,,
013,013_T1_20260518_150017,Control,T1,standard,hci_substudy_v2,1,telemetry_v4,flanker,1,practice_single,practice,1,5,5,practice,practice_single,1779087617,59.946,2026-05-18T15:01:32.197,0,0,0,1,65665.406,65689.294,practice_single,right,none,>,j,j,1,1444.338,67250.917,correct,,65765.406,65806.579,67250.917,3000,1444.338,67850.917,"[{""stage_name"": ""fixation"", ""planned_duration_ms"": 100, ""intended_onset_ms"": 65665.406, ""actual_onset_global_ms"": 65689.294, ""actual_offset_global_ms"": 65801.133, ""actual_duration_ms"": 111.839}, {""stage_name"": ""stimulus"", ""planned_duration_ms"": 3000, ""intended_onset_ms"": 65765.406, ""actual_onset_global_ms"": 65806.579, ""actual_offset_global_ms"": 67250.917, ""actual_duration_ms"": 1444.338}, {""stage_name"": ""feedback"", ""planned_duration_ms"": 600, ""intended_onset_ms"": 67250.917, ""actual_onset_global_ms"": 67277.725, ""actual_offset_global_ms"": 67880.425, ""actual_duration_ms"": 602.7}]",correct.wav,67256.858,600.0,67856.858,,,,,,,,,,,,,,,,,,,,,,,,,,,,,,,,,,,,,,,,,,,,,,,,,,,,,,,,,,,,,,,,,,,,,,,
013,013_T1_20260518_150017,Control,T1,standard,hci_substudy_v2,1,telemetry_v4,flanker,1,practice_single,practice,1,6,6,practice,practice_single,1779087617,59.946,2026-05-18T15:01:34.403,0,0,0,1,67870.991,67889.437,practice_single,left,none,<,s,s,1,2151.728,70157.988,correct,,67970.991,68006.26,70157.988,3000,2151.728,70757.988,"[{""stage_name"": ""fixation"", ""planned_duration_ms"": 100, ""intended_onset_ms"": 67870.991, ""actual_onset_global_ms"": 67889.437, ""actual_offset_global_ms"": 68004.664, ""actual_duration_ms"": 115.227}, {""stage_name"": ""stimulus"", ""planned_duration_ms"": 3000, ""intended_onset_ms"": 67970.991, ""actual_onset_global_ms"": 68006.26, ""actual_offset_global_ms"": 70157.988, ""actual_duration_ms"": 2151.728}, {""stage_name"": ""feedback"", ""planned_duration_ms"": 600, ""intended_onset_ms"": 70157.988, ""actual_onset_global_ms"": 70192.334, ""actual_offset_global_ms"": 70799.02, ""actual_duration_ms"": 606.686}]",correct.wav,70171.904,600.0,70771.904,,,,,,,,,,,,,,,,,,,,,,,,,,,,,,,,,,,,,,,,,,,,,,,,,,,,,,,,,,,,,,,,,,,,,,,
013,013_T1_20260518_150017,Control,T1,standard,hci_substudy_v2,1,telemetry_v4,flanker,1,practice_full,practice,2,1,7,practice,incongruent,1779087617,59.946,2026-05-18T15:01:52.022,0,0,0,1,85489.985,85519.928,incongruent,right,left,<<><<,j,j,1,3878.615,89497.766,correct,1.0,85589.985,85619.151,89497.766,3000,3878.615,90097.766,"[{""stage_name"": ""fixation"", ""planned_duration_ms"": 100, ""intended_onset_ms"": 85489.985, ""actual_onset_global_ms"": 85519.928, ""actual_offset_global_ms"": 85611.407, ""actual_duration_ms"": 91.479}, {""stage_name"": ""stimulus"", ""planned_duration_ms"": 3000, ""intended_onset_ms"": 85589.985, ""actual_onset_global_ms"": 85619.151, ""actual_offset_global_ms"": 89497.766, ""actual_duration_ms"": 3878.615}, {""stage_name"": ""feedback"", ""planned_duration_ms"": 600, ""intended_onset_ms"": 89497.766, ""actual_onset_global_ms"": 89527.502, ""actual_offset_global_ms"": 90124.74, ""actual_duration_ms"": 597.238}]",correct.wav,89507.779,600.0,90107.779,,,,,,,,,,,,,,,,,,,,,,,,,,,,,,,,,,,,,,,,,,,,,,,,,,,,,,,,,,,,,,,,,,,,,,,
013,013_T1_20260518_150017,Control,T1,standard,hci_substudy_v2,1,telemetry_v4,flanker,1,practice_full,practice,2,2,8,practice,incongruent,1779087617,59.946,2026-05-18T15:01:56.648,0,0,0,1,90116.242,90138.763,incongruent,right,left,<<><<,j,j,1,1731.094,91993.63,correct,1.0,90216.242,90262.536,91993.63,3000,1731.094,92593.63,"[{""stage_name"": ""fixation"", ""planned_duration_ms"": 100, ""intended_onset_ms"": 90116.242, ""actual_onset_global_ms"": 90138.763, ""actual_offset_global_ms"": 90251.26, ""actual_duration_ms"": 112.497}, {""stage_name"": ""stimulus"", ""planned_duration_ms"": 3000, ""intended_onset_ms"": 90216.242, ""actual_onset_global_ms"": 90262.536, ""actual_offset_global_ms"": 91993.63, ""actual_duration_ms"": 1731.094}, {""stage_name"": ""feedback"", ""planned_duration_ms"": 600, ""intended_onset_ms"": 91993.63, ""actual_onset_global_ms"": 92017.05, ""actual_offset_global_ms"": 92626.932, ""actual_duration_ms"": 609.882}]",correct.wav,91994.92,600.0,92594.92,,,,,,,,,,,,,,,,,,,,,,,,,,,,,,,,,,,,,,,,,,,,,,,,,,,,,,,,,,,,,,,,,,,,,,,
013,013_T1_20260518_150017,Control,T1,standard,hci_substudy_v2,1,telemetry_v4,flanker,1,practice_full,practice,2,3,9,practice,incongruent,1779087617,59.946,2026-05-18T15:01:59.148,0,0,0,1,92615.663,92636.946,incongruent,left,right,>><>>,s,s,1,1476.829,94223.428,correct,1.0,92715.663,92746.599,94223.428,3000,1476.829,94823.428,"[{""stage_name"": ""fixation"", ""planned_duration_ms"": 100, ""intended_onset_ms"": 92615.663, ""actual_onset_global_ms"": 92636.946, ""actual_offset_global_ms"": 92741.216, ""actual_duration_ms"": 104.27}, {""stage_name"": ""stimulus"", ""planned_duration_ms"": 3000, ""intended_onset_ms"": 92715.663, ""actual_onset_global_ms"": 92746.599, ""actual_offset_global_ms"": 94223.428, ""actual_duration_ms"": 1476.829}, {""stage_name"": ""feedback"", ""planned_duration_ms"": 600, ""intended_onset_ms"": 94223.428, ""actual_onset_global_ms"": 94264.453, ""actual_offset_global_ms"": 94873.313, ""actual_duration_ms"": 608.86}]",correct.wav,94239.738,600.0,94839.738,,,,,,,,,,,,,,,,,,,,,,,,,,,,,,,,,,,,,,,,,,,,,,,,,,,,,,,,,,,,,,,,,,,,,,,
013,013_T1_20260518_150017,Control,T1,standard,hci_substudy_v2,1,telemetry_v4,flanker,1,practice_full,practice,2,4,10,practice,congruent,1779087617,59.946,2026-05-18T15:02:01.398,0,0,0,1,94865.797,94893.701,congruent,left,left,<<<<<,s,s,1,1574.292,96566.696,correct,1.0,94965.797,94992.404,96566.696,3000,1574.292,97166.696,"[{""stage_name"": ""fixation"", ""planned_duration_ms"": 100, ""intended_onset_ms"": 94865.797, ""actual_onset_global_ms"": 94893.701, ""actual_offset_global_ms"": 94989.295, ""actual_duration_ms"": 95.594}, {""stage_name"": ""stimulus"", ""planned_duration_ms"": 3000, ""intended_onset_ms"": 94965.797, ""actual_onset_global_ms"": 94992.404, ""actual_offset_global_ms"": 96566.696, ""actual_duration_ms"": 1574.292}, {""stage_name"": ""feedback"", ""planned_duration_ms"": 600, ""intended_onset_ms"": 96566.696, ""actual_onset_global_ms"": 96589.393, ""actual_offset_global_ms"": 97194.949, ""actual_duration_ms"": 605.556}]",correct.wav,96570.304,600.0,97170.304,,,,,,,,,,,,,,,,,,,,,,,,,,,,,,,,,,,,,,,,,,,,,,,,,,,,,,,,,,,,,,,,,,,,,,,
013,013_T1_20260518_150017,Control,T1,standard,hci_substudy_v2,1,telemetry_v4,flanker,1,practice_full,practice,2,5,11,practice,congruent,1779087617,59.946,2026-05-18T15:02:03.720,0,0,0,1,97186.974,97205.429,congruent,right,right,>>>>>,j,j,1,2748.904,100065.21,correct,1.0,97286.974,97316.306,100065.21,3000,2748.904,100665.21,"[{""stage_name"": ""fixation"", ""planned_duration_ms"": 100, ""intended_onset_ms"": 97186.974, ""actual_onset_global_ms"": 97205.429, ""actual_offset_global_ms"": 97307.354, ""actual_duration_ms"": 101.925}, {""stage_name"": ""stimulus"", ""planned_duration_ms"": 3000, ""intended_onset_ms"": 97286.974, ""actual_onset_global_ms"": 97316.306, ""actual_offset_global_ms"": 100065.21, ""actual_duration_ms"": 2748.904}, {""stage_name"": ""feedback"", ""planned_duration_ms"": 600, ""intended_onset_ms"": 100065.21, ""actual_onset_global_ms"": 100109.999, ""actual_offset_global_ms"": 100716.554, ""actual_duration_ms"": 606.555}]",correct.wav,100090.698,600.0,100690.698,,,,,,,,,,,,,,,,,,,,,,,,,,,,,,,,,,,,,,,,,,,,,,,,,,,,,,,,,,,,,,,,,,,,,,,
013,013_T1_20260518_150017,Control,T1,standard,hci_substudy_v2,1,telemetry_v4,flanker,1,practice_full,practice,2,6,12,practice,congruent,1779087617,59.946,2026-05-18T15:02:07.239,0,0,0,1,100706.858,100728.952,congruent,left,left,<<<<<,s,s,1,2619.278,103466.753,correct,1.0,100806.858,100847.475,103466.753,3000,2619.278,104066.753,"[{""stage_name"": ""fixation"", ""planned_duration_ms"": 100, ""intended_onset_ms"": 100706.858, ""actual_onset_global_ms"": 100728.952, ""actual_offset_global_ms"": 100841.627, ""actual_duration_ms"": 112.675}, {""stage_name"": ""stimulus"", ""planned_duration_ms"": 3000, ""intended_onset_ms"": 100806.858, ""actual_onset_global_ms"": 100847.475, ""actual_offset_global_ms"": 103466.753, ""actual_duration_ms"": 2619.278}, {""stage_name"": ""feedback"", ""planned_duration_ms"": 600, ""intended_onset_ms"": 103466.753, ""actual_onset_global_ms"": 103509.577, ""actual_offset_global_ms"": 104109.131, ""actual_duration_ms"": 599.554}]",correct.wav,103484.417,600.0,104084.417,,,,,,,,,,,,,,,,,,,,,,,,,,,,,,,,,,,,,,,,,,,,,,,,,,,,,,,,,,,,,,,,,,,,,,,
013,013_T1_20260518_150017,Control,T1,standard,hci_substudy_v2,1,telemetry_v4,flanker,1,formal_block_1,formal,1,1,13,formal,congruent,1779087617,59.946,2026-05-18T15:02:42.220,0,0,0,1,135687.895,135719.59,congruent,right,right,>>>>>,j,j,1,1967.427,137795.824,none,,135787.895,135828.397,137795.824,3000,1967.427,137795.824,"[{""stage_name"": ""fixation"", ""planned_duration_ms"": 100, ""intended_onset_ms"": 135687.895, ""actual_onset_global_ms"": 135719.59, ""actual_offset_global_ms"": 135821.223, ""actual_duration_ms"": 101.633}, {""stage_name"": ""stimulus"", ""planned_duration_ms"": 3000, ""intended_onset_ms"": 135787.895, ""actual_onset_global_ms"": 135828.397, ""actual_offset_global_ms"": 137795.824, ""actual_duration_ms"": 1967.427}]",,,,,,,,,,,,,,,,,,,,,,,,,,,,,,,,,,,,,,,,,,,,,,,,,,,,,,,,,,,,,,,,,,,,,,,,,,,
013,013_T1_20260518_150017,Control,T1,standard,hci_substudy_v2,1,telemetry_v4,flanker,1,formal_block_1,formal,1,2,14,formal,incongruent,1779087617,59.946,2026-05-18T15:02:44.339,0,0,0,1,137810.424,137828.843,incongruent,right,left,<<><<,j,j,1,2920.583,140868.56,none,,137910.424,137947.977,140868.56,3000,2920.583,140868.56,"[{""stage_name"": ""fixation"", ""planned_duration_ms"": 100, ""intended_onset_ms"": 137810.424, ""actual_onset_global_ms"": 137828.843, ""actual_offset_global_ms"": 137942.223, ""actual_duration_ms"": 113.38}, {""stage_name"": ""stimulus"", ""planned_duration_ms"": 3000, ""intended_onset_ms"": 137910.424, ""actual_onset_global_ms"": 137947.977, ""actual_offset_global_ms"": 140868.56, ""actual_duration_ms"": 2920.583}]",,,,,,,,,,,,,,,,,,,,,,,,,,,,,,,,,,,,,,,,,,,,,,,,,,,,,,,,,,,,,,,,,,,,,,,,,,,
013,013_T1_20260518_150017,Control,T1,standard,hci_substudy_v2,1,telemetry_v4,flanker,1,formal_block_1,formal,1,3,15,formal,incongruent,1779087617,59.946,2026-05-18T15:02:47.416,0,0,0,1,140884.356,140905.732,incongruent,left,right,>><>>,s,s,1,2470.415,143496.198,none,,140984.356,141025.783,143496.198,3000,2470.415,143496.198,"[{""stage_name"": ""fixation"", ""planned_duration_ms"": 100, ""intended_onset_ms"": 140884.356, ""actual_onset_global_ms"": 140905.732, ""actual_offset_global_ms"": 141014.883, ""actual_duration_ms"": 109.151}, {""stage_name"": ""stimulus"", ""planned_duration_ms"": 3000, ""intended_onset_ms"": 140984.356, ""actual_onset_global_ms"": 141025.783, ""actual_offset_global_ms"": 143496.198, ""actual_duration_ms"": 2470.415}]",,,,,,,,,,,,,,,,,,,,,,,,,,,,,,,,,,,,,,,,,,,,,,,,,,,,,,,,,,,,,,,,,,,,,,,,,,,
013,013_T1_20260518_150017,Control,T1,standard,hci_substudy_v2,1,telemetry_v4,flanker,1,formal_block_1,formal,1,4,16,formal,congruent,1779087617,59.946,2026-05-18T15:02:50.051,0,0,0,1,143519.152,143537.963,congruent,right,right,>>>>>,j,j,1,2398.652,146040.783,none,,143619.152,143642.131,146040.783,3000,2398.652,146040.783,"[{""stage_name"": ""fixation"", ""planned_duration_ms"": 100, ""intended_onset_ms"": 143519.152, ""actual_onset_global_ms"": 143537.963, ""actual_offset_global_ms"": 143636.569, ""actual_duration_ms"": 98.606}, {""stage_name"": ""stimulus"", ""planned_duration_ms"": 3000, ""intended_onset_ms"": 143619.152, ""actual_onset_global_ms"": 143642.131, ""actual_offset_global_ms"": 146040.783, ""actual_duration_ms"": 2398.652}]",,,,,,,,,,,,,,,,,,,,,,,,,,,,,,,,,,,,,,,,,,,,,,,,,,,,,,,,,,,,,,,,,,,,,,,,,,,
013,013_T1_20260518_150017,Control,T1,standard,hci_substudy_v2,1,telemetry_v4,flanker,1,formal_block_1,formal,1,5,17,formal,congruent,1779087617,59.946,2026-05-18T15:02:52.588,0,0,0,1,146055.79,146076.138,congruent,left,left,<<<<<,s,s,1,1492.817,147688.826,none,,146155.79,146196.009,147688.826,3000,1492.817,147688.826,"[{""stage_name"": ""fixation"", ""planned_duration_ms"": 100, ""intended_onset_ms"": 146055.79, ""actual_onset_global_ms"": 146076.138, ""actual_offset_global_ms"": 146191.025, ""actual_duration_ms"": 114.887}, {""stage_name"": ""stimulus"", ""planned_duration_ms"": 3000, ""intended_onset_ms"": 146155.79, ""actual_onset_global_ms"": 146196.009, ""actual_offset_global_ms"": 147688.826, ""actual_duration_ms"": 1492.817}]",,,,,,,,,,,,,,,,,,,,,,,,,,,,,,,,,,,,,,,,,,,,,,,,,,,,,,,,,,,,,,,,,,,,,,,,,,,
013,013_T1_20260518_150017,Control,T1,standard,hci_substudy_v2,1,telemetry_v4,flanker,1,formal_block_1,formal,1,6,18,formal,incongruent,1779087617,59.946,2026-05-18T15:02:54.237,0,0,0,1,147705.246,147724.044,incongruent,left,right,>><>>,s,s,1,2321.274,150152.255,none,,147805.246,147830.981,150152.255,3000,2321.274,150152.255,"[{""stage_name"": ""fixation"", ""planned_duration_ms"": 100, ""intended_onset_ms"": 147705.246, ""actual_onset_global_ms"": 147724.044, ""actual_offset_global_ms"": 147825.512, ""actual_duration_ms"": 101.468}, {""stage_name"": ""stimulus"", ""planned_duration_ms"": 3000, ""intended_onset_ms"": 147805.246, ""actual_onset_global_ms"": 147830.981, ""actual_offset_global_ms"": 150152.255, ""actual_duration_ms"": 2321.274}]",,,,,,,,,,,,,,,,,,,,,,,,,,,,,,,,,,,,,,,,,,,,,,,,,,,,,,,,,,,,,,,,,,,,,,,,,,,
013,013_T1_20260518_150017,Control,T1,standard,hci_substudy_v2,1,telemetry_v4,flanker,1,formal_block_1,formal,1,7,19,formal,incongruent,1779087617,59.946,2026-05-18T15:02:56.712,0,0,0,1,150179.308,150199.255,incongruent,right,left,<<><<,j,j,1,1953.742,152271.634,none,,150279.308,150317.892,152271.634,3000,1953.742,152271.634,"[{""stage_name"": ""fixation"", ""planned_duration_ms"": 100, ""intended_onset_ms"": 150179.308, ""actual_onset_global_ms"": 150199.255, ""actual_offset_global_ms"": 150312.367, ""actual_duration_ms"": 113.112}, {""stage_name"": ""stimulus"", ""planned_duration_ms"": 3000, ""intended_onset_ms"": 150279.308, ""actual_onset_global_ms"": 150317.892, ""actual_offset_global_ms"": 152271.634, ""actual_duration_ms"": 1953.742}]",,,,,,,,,,,,,,,,,,,,,,,,,,,,,,,,,,,,,,,,,,,,,,,,,,,,,,,,,,,,,,,,,,,,,,,,,,,
013,013_T1_20260518_150017,Control,T1,standard,hci_substudy_v2,1,telemetry_v4,flanker,1,formal_block_1,formal,1,8,20,formal,incongruent,1779087617,59.946,2026-05-18T15:02:58.834,0,0,0,1,152301.323,152323.878,incongruent,right,left,<<><<,j,j,1,1705.737,154149.091,none,,152401.323,152443.354,154149.091,3000,1705.737,154149.091,"[{""stage_name"": ""fixation"", ""planned_duration_ms"": 100, ""intended_onset_ms"": 152301.323, ""actual_onset_global_ms"": 152323.878, ""actual_offset_global_ms"": 152437.457, ""actual_duration_ms"": 113.579}, {""stage_name"": ""stimulus"", ""planned_duration_ms"": 3000, ""intended_onset_ms"": 152401.323, ""actual_onset_global_ms"": 152443.354, ""actual_offset_global_ms"": 154149.091, ""actual_duration_ms"": 1705.737}]",,,,,,,,,,,,,,,,,,,,,,,,,,,,,,,,,,,,,,,,,,,,,,,,,,,,,,,,,,,,,,,,,,,,,,,,,,,
013,013_T1_20260518_150017,Control,T1,standard,hci_substudy_v2,1,telemetry_v4,flanker,1,formal_block_1,formal,1,9,21,formal,congruent,1779087617,59.946,2026-05-18T15:03:00.705,0,0,0,1,154172.898,154191.39,congruent,left,left,<<<<<,s,s,1,2574.769,156887.237,none,,154272.898,154312.468,156887.237,3000,2574.769,156887.237,"[{""stage_name"": ""fixation"", ""planned_duration_ms"": 100, ""intended_onset_ms"": 154172.898, ""actual_onset_global_ms"": 154191.39, ""actual_offset_global_ms"": 154305.23, ""actual_duration_ms"": 113.84}, {""stage_name"": ""stimulus"", ""planned_duration_ms"": 3000, ""intended_onset_ms"": 154272.898, ""actual_onset_global_ms"": 154312.468, ""actual_offset_global_ms"": 156887.237, ""actual_duration_ms"": 2574.769}]",,,,,,,,,,,,,,,,,,,,,,,,,,,,,,,,,,,,,,,,,,,,,,,,,,,,,,,,,,,,,,,,,,,,,,,,,,,
013,013_T1_20260518_150017,Control,T1,standard,hci_substudy_v2,1,telemetry_v4,flanker,1,formal_block_1,formal,1,10,22,formal,congruent,1779087617,59.946,2026-05-18T15:03:03.431,0,0,0,1,156898.58,156922.521,congruent,left,left,<<<<<,s,s,1,2185.739,159213.791,none,,156998.58,157028.052,159213.791,3000,2185.739,159213.791,"[{""stage_name"": ""fixation"", ""planned_duration_ms"": 100, ""intended_onset_ms"": 156898.58, ""actual_onset_global_ms"": 156922.521, ""actual_offset_global_ms"": 157020.556, ""actual_duration_ms"": 98.035}, {""stage_name"": ""stimulus"", ""planned_duration_ms"": 3000, ""intended_onset_ms"": 156998.58, ""actual_onset_global_ms"": 157028.052, ""actual_offset_global_ms"": 159213.791, ""actual_duration_ms"": 2185.739}]",,,,,,,,,,,,,,,,,,,,,,,,,,,,,,,,,,,,,,,,,,,,,,,,,,,,,,,,,,,,,,,,,,,,,,,,,,,
013,013_T1_20260518_150017,Control,T1,standard,hci_substudy_v2,1,telemetry_v4,flanker,1,formal_block_1,formal,1,11,23,formal,incongruent,1779087617,59.946,2026-05-18T15:03:05.751,0,0,0,1,159218.84,159234.538,incongruent,left,right,>><>>,s,s,1,1870.606,161209.383,none,,159318.84,159338.777,161209.383,3000,1870.606,161209.383,"[{""stage_name"": ""fixation"", ""planned_duration_ms"": 100, ""intended_onset_ms"": 159218.84, ""actual_onset_global_ms"": 159234.538, ""actual_offset_global_ms"": 159335.508, ""actual_duration_ms"": 100.97}, {""stage_name"": ""stimulus"", ""planned_duration_ms"": 3000, ""intended_onset_ms"": 159318.84, ""actual_onset_global_ms"": 159338.777, ""actual_offset_global_ms"": 161209.383, ""actual_duration_ms"": 1870.606}]",,,,,,,,,,,,,,,,,,,,,,,,,,,,,,,,,,,,,,,,,,,,,,,,,,,,,,,,,,,,,,,,,,,,,,,,,,,
013,013_T1_20260518_150017,Control,T1,standard,hci_substudy_v2,1,telemetry_v4,flanker,1,formal_block_1,formal,1,12,24,formal,congruent,1779087617,59.946,2026-05-18T15:03:07.760,0,0,0,1,161226.859,161250.38,congruent,right,right,>>>>>,j,j,1,2357.613,163712.888,none,,161326.859,161355.275,163712.888,3000,2357.613,163712.888,"[{""stage_name"": ""fixation"", ""planned_duration_ms"": 100, ""intended_onset_ms"": 161226.859, ""actual_onset_global_ms"": 161250.38, ""actual_offset_global_ms"": 161352.172, ""actual_duration_ms"": 101.792}, {""stage_name"": ""stimulus"", ""planned_duration_ms"": 3000, ""intended_onset_ms"": 161326.859, ""actual_onset_global_ms"": 161355.275, ""actual_offset_global_ms"": 163712.888, ""actual_duration_ms"": 2357.613}]",,,,,,,,,,,,,,,,,,,,,,,,,,,,,,,,,,,,,,,,,,,,,,,,,,,,,,,,,,,,,,,,,,,,,,,,,,,
013,013_T1_20260518_150017,Control,T1,standard,hci_substudy_v2,1,telemetry_v4,flanker,1,formal_block_1,formal,1,13,25,formal,incongruent,1779087617,59.946,2026-05-18T15:03:10.276,0,0,0,1,163743.569,163761.247,incongruent,right,left,<<><<,j,j,1,934.662,164806.762,none,,163843.569,163872.1,164806.762,3000,934.662,164806.762,"[{""stage_name"": ""fixation"", ""planned_duration_ms"": 100, ""intended_onset_ms"": 163743.569, ""actual_onset_global_ms"": 163761.247, ""actual_offset_global_ms"": 163868.804, ""actual_duration_ms"": 107.557}, {""stage_name"": ""stimulus"", ""planned_duration_ms"": 3000, ""intended_onset_ms"": 163843.569, ""actual_onset_global_ms"": 163872.1, ""actual_offset_global_ms"": 164806.762, ""actual_duration_ms"": 934.662}]",,,,,,,,,,,,,,,,,,,,,,,,,,,,,,,,,,,,,,,,,,,,,,,,,,,,,,,,,,,,,,,,,,,,,,,,,,,
013,013_T1_20260518_150017,Control,T1,standard,hci_substudy_v2,1,telemetry_v4,flanker,1,formal_block_1,formal,1,14,26,formal,incongruent,1779087617,59.946,2026-05-18T15:03:11.364,0,0,0,1,164830.937,164845.393,incongruent,right,left,<<><<,j,j,1,823.368,165777.596,none,,164930.937,164954.228,165777.596,3000,823.368,165777.596,"[{""stage_name"": ""fixation"", ""planned_duration_ms"": 100, ""intended_onset_ms"": 164830.937, ""actual_onset_global_ms"": 164845.393, ""actual_offset_global_ms"": 164951.393, ""actual_duration_ms"": 106.0}, {""stage_name"": ""stimulus"", ""planned_duration_ms"": 3000, ""intended_onset_ms"": 164930.937, ""actual_onset_global_ms"": 164954.228, ""actual_offset_global_ms"": 165777.596, ""actual_duration_ms"": 823.368}]",,,,,,,,,,,,,,,,,,,,,,,,,,,,,,,,,,,,,,,,,,,,,,,,,,,,,,,,,,,,,,,,,,,,,,,,,,,
013,013_T1_20260518_150017,Control,T1,standard,hci_substudy_v2,1,telemetry_v4,flanker,1,formal_block_1,formal,1,15,27,formal,incongruent,1779087617,59.946,2026-05-18T15:03:12.334,0,0,0,1,165801.294,165819.064,incongruent,left,right,>><>>,s,s,1,2893.899,168814.325,none,,165901.294,165920.426,168814.325,3000,2893.899,168814.325,"[{""stage_name"": ""fixation"", ""planned_duration_ms"": 100, ""intended_onset_ms"": 165801.294, ""actual_onset_global_ms"": 165819.064, ""actual_offset_global_ms"": 165918.963, ""actual_duration_ms"": 99.899}, {""stage_name"": ""stimulus"", ""planned_duration_ms"": 3000, ""intended_onset_ms"": 165901.294, ""actual_onset_global_ms"": 165920.426, ""actual_offset_global_ms"": 168814.325, ""actual_duration_ms"": 2893.899}]",,,,,,,,,,,,,,,,,,,,,,,,,,,,,,,,,,,,,,,,,,,,,,,,,,,,,,,,,,,,,,,,,,,,,,,,,,,
013,013_T1_20260518_150017,Control,T1,standard,hci_substudy_v2,1,telemetry_v4,flanker,1,formal_block_1,formal,1,16,28,formal,congruent,1779087617,59.946,2026-05-18T15:03:15.378,0,0,0,1,168846.266,168862.603,congruent,right,right,>>>>>,j,j,1,2116.717,171089.338,none,,168946.266,168972.621,171089.338,3000,2116.717,171089.338,"[{""stage_name"": ""fixation"", ""planned_duration_ms"": 100, ""intended_onset_ms"": 168846.266, ""actual_onset_global_ms"": 168862.603, ""actual_offset_global_ms"": 168968.916, ""actual_duration_ms"": 106.313}, {""stage_name"": ""stimulus"", ""planned_duration_ms"": 3000, ""intended_onset_ms"": 168946.266, ""actual_onset_global_ms"": 168972.621, ""actual_offset_global_ms"": 171089.338, ""actual_duration_ms"": 2116.717}]",,,,,,,,,,,,,,,,,,,,,,,,,,,,,,,,,,,,,,,,,,,,,,,,,,,,,,,,,,,,,,,,,,,,,,,,,,,
013,013_T1_20260518_150017,Control,T1,standard,hci_substudy_v2,1,telemetry_v4,flanker,1,formal_block_1,formal,1,17,29,formal,congruent,1779087617,59.946,2026-05-18T15:03:17.639,0,0,0,1,171107.306,171127.232,congruent,left,left,<<<<<,s,s,1,1565.81,172803.551,none,,171207.306,171237.741,172803.551,3000,1565.81,172803.551,"[{""stage_name"": ""fixation"", ""planned_duration_ms"": 100, ""intended_onset_ms"": 171107.306, ""actual_onset_global_ms"": 171127.232, ""actual_offset_global_ms"": 171235.232, ""actual_duration_ms"": 108.0}, {""stage_name"": ""stimulus"", ""planned_duration_ms"": 3000, ""intended_onset_ms"": 171207.306, ""actual_onset_global_ms"": 171237.741, ""actual_offset_global_ms"": 172803.551, ""actual_duration_ms"": 1565.81}]",,,,,,,,,,,,,,,,,,,,,,,,,,,,,,,,,,,,,,,,,,,,,,,,,,,,,,,,,,,,,,,,,,,,,,,,,,,
013,013_T1_20260518_150017,Control,T1,standard,hci_substudy_v2,1,telemetry_v4,flanker,1,formal_block_1,formal,1,18,30,formal,incongruent,1779087617,59.946,2026-05-18T15:03:19.344,0,0,0,1,172812.109,172828.072,incongruent,left,right,>><>>,s,s,1,1591.304,174527.18,none,,172912.109,172935.876,174527.18,3000,1591.304,174527.18,"[{""stage_name"": ""fixation"", ""planned_duration_ms"": 100, ""intended_onset_ms"": 172812.109, ""actual_onset_global_ms"": 172828.072, ""actual_offset_global_ms"": 172933.888, ""actual_duration_ms"": 105.816}, {""stage_name"": ""stimulus"", ""planned_duration_ms"": 3000, ""intended_onset_ms"": 172912.109, ""actual_onset_global_ms"": 172935.876, ""actual_offset_global_ms"": 174527.18, ""actual_duration_ms"": 1591.304}]",,,,,,,,,,,,,,,,,,,,,,,,,,,,,,,,,,,,,,,,,,,,,,,,,,,,,,,,,,,,,,,,,,,,,,,,,,,
013,013_T1_20260518_150017,Control,T1,standard,hci_substudy_v2,1,telemetry_v4,flanker,1,formal_block_1,formal,1,19,31,formal,congruent,1779087617,59.946,2026-05-18T15:03:21.079,0,0,0,1,174547.183,174566.823,congruent,right,right,>>>>>,j,j,1,1771.242,176446.442,none,,174647.183,174675.2,176446.442,3000,1771.242,176446.442,"[{""stage_name"": ""fixation"", ""planned_duration_ms"": 100, ""intended_onset_ms"": 174547.183, ""actual_onset_global_ms"": 174566.823, ""actual_offset_global_ms"": 174671.474, ""actual_duration_ms"": 104.651}, {""stage_name"": ""stimulus"", ""planned_duration_ms"": 3000, ""intended_onset_ms"": 174647.183, ""actual_onset_global_ms"": 174675.2, ""actual_offset_global_ms"": 176446.442, ""actual_duration_ms"": 1771.242}]",,,,,,,,,,,,,,,,,,,,,,,,,,,,,,,,,,,,,,,,,,,,,,,,,,,,,,,,,,,,,,,,,,,,,,,,,,,
013,013_T1_20260518_150017,Control,T1,standard,hci_substudy_v2,1,telemetry_v4,flanker,1,formal_block_1,formal,1,20,32,formal,congruent,1779087617,59.946,2026-05-18T15:03:22.994,0,0,0,1,176462.572,176481.283,congruent,left,left,<<<<<,s,s,1,1625.324,178214.66,none,,176562.572,176589.336,178214.66,3000,1625.324,178214.66,"[{""stage_name"": ""fixation"", ""planned_duration_ms"": 100, ""intended_onset_ms"": 176462.572, ""actual_onset_global_ms"": 176481.283, ""actual_offset_global_ms"": 176586.049, ""actual_duration_ms"": 104.766}, {""stage_name"": ""stimulus"", ""planned_duration_ms"": 3000, ""intended_onset_ms"": 176562.572, ""actual_onset_global_ms"": 176589.336, ""actual_offset_global_ms"": 178214.66, ""actual_duration_ms"": 1625.324}]",,,,,,,,,,,,,,,,,,,,,,,,,,,,,,,,,,,,,,,,,,,,,,,,,,,,,,,,,,,,,,,,,,,,,,,,,,,
013,013_T1_20260518_150017,Control,T1,standard,hci_substudy_v2,1,telemetry_v4,flanker,1,formal_block_2,formal,2,1,33,formal,incongruent,1779087617,59.946,2026-05-18T15:03:24.781,0,0,0,1,178248.897,178265.01,incongruent,left,right,>><>>,s,s,1,1937.668,180323.502,none,,178348.897,178385.834,180323.502,3000,1937.668,180323.502,"[{""stage_name"": ""fixation"", ""planned_duration_ms"": 100, ""intended_onset_ms"": 178248.897, ""actual_onset_global_ms"": 178265.01, ""actual_offset_global_ms"": 178379.742, ""actual_duration_ms"": 114.732}, {""stage_name"": ""stimulus"", ""planned_duration_ms"": 3000, ""intended_onset_ms"": 178348.897, ""actual_onset_global_ms"": 178385.834, ""actual_offset_global_ms"": 180323.502, ""actual_duration_ms"": 1937.668}]",,,,,,,,,,,,,,,,,,,,,,,,,,,,,,,,,,,,,,,,,,,,,,,,,,,,,,,,,,,,,,,,,,,,,,,,,,,
013,013_T1_20260518_150017,Control,T1,standard,hci_substudy_v2,1,telemetry_v4,flanker,1,formal_block_2,formal,2,2,34,formal,congruent,1779087617,59.946,2026-05-18T15:03:26.878,0,0,0,1,180346.346,180364.73,congruent,left,left,<<<<<,s,s,1,1274.975,181747.72,none,,180446.346,180472.745,181747.72,3000,1274.975,181747.72,"[{""stage_name"": ""fixation"", ""planned_duration_ms"": 100, ""intended_onset_ms"": 180346.346, ""actual_onset_global_ms"": 180364.73, ""actual_offset_global_ms"": 180468.737, ""actual_duration_ms"": 104.007}, {""stage_name"": ""stimulus"", ""planned_duration_ms"": 3000, ""intended_onset_ms"": 180446.346, ""actual_onset_global_ms"": 180472.745, ""actual_offset_global_ms"": 181747.72, ""actual_duration_ms"": 1274.975}]",,,,,,,,,,,,,,,,,,,,,,,,,,,,,,,,,,,,,,,,,,,,,,,,,,,,,,,,,,,,,,,,,,,,,,,,,,,
013,013_T1_20260518_150017,Control,T1,standard,hci_substudy_v2,1,telemetry_v4,flanker,1,formal_block_2,formal,2,3,35,formal,congruent,1779087617,59.946,2026-05-18T15:03:28.314,0,0,0,1,181782.183,181798.807,congruent,right,right,>>>>>,j,j,1,1493.437,183407.095,none,,181882.183,181913.658,183407.095,3000,1493.437,183407.095,"[{""stage_name"": ""fixation"", ""planned_duration_ms"": 100, ""intended_onset_ms"": 181782.183, ""actual_onset_global_ms"": 181798.807, ""actual_offset_global_ms"": 181909.282, ""actual_duration_ms"": 110.475}, {""stage_name"": ""stimulus"", ""planned_duration_ms"": 3000, ""intended_onset_ms"": 181882.183, ""actual_onset_global_ms"": 181913.658, ""actual_offset_global_ms"": 183407.095, ""actual_duration_ms"": 1493.437}]",,,,,,,,,,,,,,,,,,,,,,,,,,,,,,,,,,,,,,,,,,,,,,,,,,,,,,,,,,,,,,,,,,,,,,,,,,,
013,013_T1_20260518_150017,Control,T1,standard,hci_substudy_v2,1,telemetry_v4,flanker,1,formal_block_2,formal,2,4,36,formal,congruent,1779087617,59.946,2026-05-18T15:03:29.971,0,0,0,1,183439.063,183459.609,congruent,right,right,>>>>>,j,j,1,958.252,184536.36,none,,183539.063,183578.108,184536.36,3000,958.252,184536.36,"[{""stage_name"": ""fixation"", ""planned_duration_ms"": 100, ""intended_onset_ms"": 183439.063, ""actual_onset_global_ms"": 183459.609, ""actual_offset_global_ms"": 183572.96, ""actual_duration_ms"": 113.351}, {""stage_name"": ""stimulus"", ""planned_duration_ms"": 3000, ""intended_onset_ms"": 183539.063, ""actual_onset_global_ms"": 183578.108, ""actual_offset_global_ms"": 184536.36, ""actual_duration_ms"": 958.252}]",,,,,,,,,,,,,,,,,,,,,,,,,,,,,,,,,,,,,,,,,,,,,,,,,,,,,,,,,,,,,,,,,,,,,,,,,,,
013,013_T1_20260518_150017,Control,T1,standard,hci_substudy_v2,1,telemetry_v4,flanker,1,formal_block_2,formal,2,5,37,formal,incongruent,1779087617,59.946,2026-05-18T15:03:31.085,0,0,0,1,184552.678,184570.04,incongruent,left,right,>><>>,s,s,1,1270.76,185955.689,none,,184652.678,184684.929,185955.689,3000,1270.76,185955.689,"[{""stage_name"": ""fixation"", ""planned_duration_ms"": 100, ""intended_onset_ms"": 184552.678, ""actual_onset_global_ms"": 184570.04, ""actual_offset_global_ms"": 184679.265, ""actual_duration_ms"": 109.225}, {""stage_name"": ""stimulus"", ""planned_duration_ms"": 3000, ""intended_onset_ms"": 184652.678, ""actual_onset_global_ms"": 184684.929, ""actual_offset_global_ms"": 185955.689, ""actual_duration_ms"": 1270.76}]",,,,,,,,,,,,,,,,,,,,,,,,,,,,,,,,,,,,,,,,,,,,,,,,,,,,,,,,,,,,,,,,,,,,,,,,,,,
013,013_T1_20260518_150017,Control,T1,standard,hci_substudy_v2,1,telemetry_v4,flanker,1,formal_block_2,formal,2,6,38,formal,congruent,1779087617,59.946,2026-05-18T15:03:32.507,0,0,0,1,185974.158,185990.197,congruent,left,left,<<<<<,s,s,1,1045.125,187139.938,none,,186074.158,186094.813,187139.938,3000,1045.125,187139.938,"[{""stage_name"": ""fixation"", ""planned_duration_ms"": 100, ""intended_onset_ms"": 185974.158, ""actual_onset_global_ms"": 185990.197, ""actual_offset_global_ms"": 186090.686, ""actual_duration_ms"": 100.489}, {""stage_name"": ""stimulus"", ""planned_duration_ms"": 3000, ""intended_onset_ms"": 186074.158, ""actual_onset_global_ms"": 186094.813, ""actual_offset_global_ms"": 187139.938, ""actual_duration_ms"": 1045.125}]",,,,,,,,,,,,,,,,,,,,,,,,,,,,,,,,,,,,,,,,,,,,,,,,,,,,,,,,,,,,,,,,,,,,,,,,,,,
013,013_T1_20260518_150017,Control,T1,standard,hci_substudy_v2,1,telemetry_v4,flanker,1,formal_block_2,formal,2,7,39,formal,incongruent,1779087617,59.946,2026-05-18T15:03:33.698,0,0,0,1,187166.231,187184.819,incongruent,right,left,<<><<,j,j,1,808.708,188099.739,none,,187266.231,187291.031,188099.739,3000,808.708,188099.739,"[{""stage_name"": ""fixation"", ""planned_duration_ms"": 100, ""intended_onset_ms"": 187166.231, ""actual_onset_global_ms"": 187184.819, ""actual_offset_global_ms"": 187287.469, ""actual_duration_ms"": 102.65}, {""stage_name"": ""stimulus"", ""planned_duration_ms"": 3000, ""intended_onset_ms"": 187266.231, ""actual_onset_global_ms"": 187291.031, ""actual_offset_global_ms"": 188099.739, ""actual_duration_ms"": 808.708}]",,,,,,,,,,,,,,,,,,,,,,,,,,,,,,,,,,,,,,,,,,,,,,,,,,,,,,,,,,,,,,,,,,,,,,,,,,,
013,013_T1_20260518_150017,Control,T1,standard,hci_substudy_v2,1,telemetry_v4,flanker,1,formal_block_2,formal,2,8,40,formal,incongruent,1779087617,59.946,2026-05-18T15:03:34.651,0,0,0,1,188118.966,188135.281,incongruent,left,right,>><>>,s,s,1,1950.529,190209.546,none,,188218.966,188259.017,190209.546,3000,1950.529,190209.546,"[{""stage_name"": ""fixation"", ""planned_duration_ms"": 100, ""intended_onset_ms"": 188118.966, ""actual_onset_global_ms"": 188135.281, ""actual_offset_global_ms"": 188252.551, ""actual_duration_ms"": 117.27}, {""stage_name"": ""stimulus"", ""planned_duration_ms"": 3000, ""intended_onset_ms"": 188218.966, ""actual_onset_global_ms"": 188259.017, ""actual_offset_global_ms"": 190209.546, ""actual_duration_ms"": 1950.529}]",,,,,,,,,,,,,,,,,,,,,,,,,,,,,,,,,,,,,,,,,,,,,,,,,,,,,,,,,,,,,,,,,,,,,,,,,,,
013,013_T1_20260518_150017,Control,T1,standard,hci_substudy_v2,1,telemetry_v4,flanker,1,formal_block_2,formal,2,9,41,formal,congruent,1779087617,59.946,2026-05-18T15:03:36.760,0,0,0,1,190228.207,190245.939,congruent,right,right,>>>>>,j,j,1,906.935,191257.791,none,,190328.207,190350.856,191257.791,3000,906.935,191257.791,"[{""stage_name"": ""fixation"", ""planned_duration_ms"": 100, ""intended_onset_ms"": 190228.207, ""actual_onset_global_ms"": 190245.939, ""actual_offset_global_ms"": 190346.628, ""actual_duration_ms"": 100.689}, {""stage_name"": ""stimulus"", ""planned_duration_ms"": 3000, ""intended_onset_ms"": 190328.207, ""actual_onset_global_ms"": 190350.856, ""actual_offset_global_ms"": 191257.791, ""actual_duration_ms"": 906.935}]",,,,,,,,,,,,,,,,,,,,,,,,,,,,,,,,,,,,,,,,,,,,,,,,,,,,,,,,,,,,,,,,,,,,,,,,,,,
013,013_T1_20260518_150017,Control,T1,standard,hci_substudy_v2,1,telemetry_v4,flanker,1,formal_block_2,formal,2,10,42,formal,incongruent,1779087617,59.946,2026-05-18T15:03:37.804,0,0,0,1,191271.653,191287.357,incongruent,right,left,<<><<,j,j,1,1056.983,192462.135,none,,191371.653,191405.152,192462.135,3000,1056.983,192462.135,"[{""stage_name"": ""fixation"", ""planned_duration_ms"": 100, ""intended_onset_ms"": 191271.653, ""actual_onset_global_ms"": 191287.357, ""actual_offset_global_ms"": 191401.873, ""actual_duration_ms"": 114.516}, {""stage_name"": ""stimulus"", ""planned_duration_ms"": 3000, ""intended_onset_ms"": 191371.653, ""actual_onset_global_ms"": 191405.152, ""actual_offset_global_ms"": 192462.135, ""actual_duration_ms"": 1056.983}]",,,,,,,,,,,,,,,,,,,,,,,,,,,,,,,,,,,,,,,,,,,,,,,,,,,,,,,,,,,,,,,,,,,,,,,,,,,
013,013_T1_20260518_150017,Control,T1,standard,hci_substudy_v2,1,telemetry_v4,flanker,1,formal_block_2,formal,2,11,43,formal,congruent,1779087617,59.946,2026-05-18T15:03:39.007,0,0,0,1,192474.618,192492.509,congruent,left,left,<<<<<,s,s,1,861.33,193461.604,none,,192574.618,192600.274,193461.604,3000,861.33,193461.604,"[{""stage_name"": ""fixation"", ""planned_duration_ms"": 100, ""intended_onset_ms"": 192474.618, ""actual_onset_global_ms"": 192492.509, ""actual_offset_global_ms"": 192597.222, ""actual_duration_ms"": 104.713}, {""stage_name"": ""stimulus"", ""planned_duration_ms"": 3000, ""intended_onset_ms"": 192574.618, ""actual_onset_global_ms"": 192600.274, ""actual_offset_global_ms"": 193461.604, ""actual_duration_ms"": 861.33}]",,,,,,,,,,,,,,,,,,,,,,,,,,,,,,,,,,,,,,,,,,,,,,,,,,,,,,,,,,,,,,,,,,,,,,,,,,,
013,013_T1_20260518_150017,Control,T1,standard,hci_substudy_v2,1,telemetry_v4,flanker,1,formal_block_2,formal,2,12,44,formal,congruent,1779087617,59.946,2026-05-18T15:03:40.008,0,0,0,1,193476.188,193495.432,congruent,right,right,>>>>>,j,j,1,1024.196,194626.796,none,,193576.188,193602.6,194626.796,3000,1024.196,194626.796,"[{""stage_name"": ""fixation"", ""planned_duration_ms"": 100, ""intended_onset_ms"": 193476.188, ""actual_onset_global_ms"": 193495.432, ""actual_offset_global_ms"": 193601.084, ""actual_duration_ms"": 105.652}, {""stage_name"": ""stimulus"", ""planned_duration_ms"": 3000, ""intended_onset_ms"": 193576.188, ""actual_onset_global_ms"": 193602.6, ""actual_offset_global_ms"": 194626.796, ""actual_duration_ms"": 1024.196}]",,,,,,,,,,,,,,,,,,,,,,,,,,,,,,,,,,,,,,,,,,,,,,,,,,,,,,,,,,,,,,,,,,,,,,,,,,,
013,013_T1_20260518_150017,Control,T1,standard,hci_substudy_v2,1,telemetry_v4,flanker,1,formal_block_2,formal,2,13,45,formal,incongruent,1779087617,59.946,2026-05-18T15:03:41.190,0,0,0,1,194658.112,194673.557,incongruent,right,left,<<><<,j,j,1,1046.914,195835.543,none,,194758.112,194788.629,195835.543,3000,1046.914,195835.543,"[{""stage_name"": ""fixation"", ""planned_duration_ms"": 100, ""intended_onset_ms"": 194658.112, ""actual_onset_global_ms"": 194673.557, ""actual_offset_global_ms"": 194786.569, ""actual_duration_ms"": 113.012}, {""stage_name"": ""stimulus"", ""planned_duration_ms"": 3000, ""intended_onset_ms"": 194758.112, ""actual_onset_global_ms"": 194788.629, ""actual_offset_global_ms"": 195835.543, ""actual_duration_ms"": 1046.914}]",,,,,,,,,,,,,,,,,,,,,,,,,,,,,,,,,,,,,,,,,,,,,,,,,,,,,,,,,,,,,,,,,,,,,,,,,,,
013,013_T1_20260518_150017,Control,T1,standard,hci_substudy_v2,1,telemetry_v4,flanker,1,formal_block_2,formal,2,14,46,formal,congruent,1779087617,59.946,2026-05-18T15:03:42.394,0,0,0,1,195862.183,195880.836,congruent,left,left,<<<<<,s,s,1,1146.318,197134.528,none,,195962.183,195988.21,197134.528,3000,1146.318,197134.528,"[{""stage_name"": ""fixation"", ""planned_duration_ms"": 100, ""intended_onset_ms"": 195862.183, ""actual_onset_global_ms"": 195880.836, ""actual_offset_global_ms"": 195985.483, ""actual_duration_ms"": 104.647}, {""stage_name"": ""stimulus"", ""planned_duration_ms"": 3000, ""intended_onset_ms"": 195962.183, ""actual_onset_global_ms"": 195988.21, ""actual_offset_global_ms"": 197134.528, ""actual_duration_ms"": 1146.318}]",,,,,,,,,,,,,,,,,,,,,,,,,,,,,,,,,,,,,,,,,,,,,,,,,,,,,,,,,,,,,,,,,,,,,,,,,,,
013,013_T1_20260518_150017,Control,T1,standard,hci_substudy_v2,1,telemetry_v4,flanker,1,formal_block_2,formal,2,15,47,formal,incongruent,1779087617,59.946,2026-05-18T15:03:43.681,0,0,0,1,197148.283,197164.676,incongruent,left,right,>><>>,s,s,1,1288.28,198558.93,none,,197248.283,197270.65,198558.93,3000,1288.28,198558.93,"[{""stage_name"": ""fixation"", ""planned_duration_ms"": 100, ""intended_onset_ms"": 197148.283, ""actual_onset_global_ms"": 197164.676, ""actual_offset_global_ms"": 197266.469, ""actual_duration_ms"": 101.793}, {""stage_name"": ""stimulus"", ""planned_duration_ms"": 3000, ""intended_onset_ms"": 197248.283, ""actual_onset_global_ms"": 197270.65, ""actual_offset_global_ms"": 198558.93, ""actual_duration_ms"": 1288.28}]",,,,,,,,,,,,,,,,,,,,,,,,,,,,,,,,,,,,,,,,,,,,,,,,,,,,,,,,,,,,,,,,,,,,,,,,,,,
013,013_T1_20260518_150017,Control,T1,standard,hci_substudy_v2,1,telemetry_v4,flanker,1,formal_block_2,formal,2,16,48,formal,incongruent,1779087617,59.946,2026-05-18T15:03:45.104,0,0,0,1,198571.742,198590.122,incongruent,right,left,<<><<,j,j,1,856.459,199559.7,none,,198671.742,198703.241,199559.7,3000,856.459,199559.7,"[{""stage_name"": ""fixation"", ""planned_duration_ms"": 100, ""intended_onset_ms"": 198571.742, ""actual_onset_global_ms"": 198590.122, ""actual_offset_global_ms"": 198696.769, ""actual_duration_ms"": 106.647}, {""stage_name"": ""stimulus"", ""planned_duration_ms"": 3000, ""intended_onset_ms"": 198671.742, ""actual_onset_global_ms"": 198703.241, ""actual_offset_global_ms"": 199559.7, ""actual_duration_ms"": 856.459}]",,,,,,,,,,,,,,,,,,,,,,,,,,,,,,,,,,,,,,,,,,,,,,,,,,,,,,,,,,,,,,,,,,,,,,,,,,,
013,013_T1_20260518_150017,Control,T1,standard,hci_substudy_v2,1,telemetry_v4,flanker,1,formal_block_2,formal,2,17,49,formal,congruent,1779087617,59.946,2026-05-18T15:03:46.118,0,0,0,1,199586.424,199602.26,congruent,left,left,<<<<<,s,s,1,1549.484,201272.512,none,,199686.424,199723.028,201272.512,3000,1549.484,201272.512,"[{""stage_name"": ""fixation"", ""planned_duration_ms"": 100, ""intended_onset_ms"": 199586.424, ""actual_onset_global_ms"": 199602.26, ""actual_offset_global_ms"": 199718.669, ""actual_duration_ms"": 116.409}, {""stage_name"": ""stimulus"", ""planned_duration_ms"": 3000, ""intended_onset_ms"": 199686.424, ""actual_onset_global_ms"": 199723.028, ""actual_offset_global_ms"": 201272.512, ""actual_duration_ms"": 1549.484}]",,,,,,,,,,,,,,,,,,,,,,,,,,,,,,,,,,,,,,,,,,,,,,,,,,,,,,,,,,,,,,,,,,,,,,,,,,,
013,013_T1_20260518_150017,Control,T1,standard,hci_substudy_v2,1,telemetry_v4,flanker,1,formal_block_2,formal,2,18,50,formal,incongruent,1779087617,59.946,2026-05-18T15:03:47.842,0,0,0,1,201309.311,201329.434,incongruent,left,right,>><>>,s,s,1,1042.1,202481.27,none,,201409.311,201439.17,202481.27,3000,1042.1,202481.27,"[{""stage_name"": ""fixation"", ""planned_duration_ms"": 100, ""intended_onset_ms"": 201309.311, ""actual_onset_global_ms"": 201329.434, ""actual_offset_global_ms"": 201435.241, ""actual_duration_ms"": 105.807}, {""stage_name"": ""stimulus"", ""planned_duration_ms"": 3000, ""intended_onset_ms"": 201409.311, ""actual_onset_global_ms"": 201439.17, ""actual_offset_global_ms"": 202481.27, ""actual_duration_ms"": 1042.1}]",,,,,,,,,,,,,,,,,,,,,,,,,,,,,,,,,,,,,,,,,,,,,,,,,,,,,,,,,,,,,,,,,,,,,,,,,,,
013,013_T1_20260518_150017,Control,T1,standard,hci_substudy_v2,1,telemetry_v4,flanker,1,formal_block_2,formal,2,19,51,formal,incongruent,1779087617,59.946,2026-05-18T15:03:49.033,0,0,0,1,202500.896,202522.482,incongruent,right,left,<<><<,j,j,1,644.162,203271.718,none,,202600.896,202627.556,203271.718,3000,644.162,203271.718,"[{""stage_name"": ""fixation"", ""planned_duration_ms"": 100, ""intended_onset_ms"": 202500.896, ""actual_onset_global_ms"": 202522.482, ""actual_offset_global_ms"": 202624.195, ""actual_duration_ms"": 101.713}, {""stage_name"": ""stimulus"", ""planned_duration_ms"": 3000, ""intended_onset_ms"": 202600.896, ""actual_onset_global_ms"": 202627.556, ""actual_offset_global_ms"": 203271.718, ""actual_duration_ms"": 644.162}]",,,,,,,,,,,,,,,,,,,,,,,,,,,,,,,,,,,,,,,,,,,,,,,,,,,,,,,,,,,,,,,,,,,,,,,,,,,
013,013_T1_20260518_150017,Control,T1,standard,hci_substudy_v2,1,telemetry_v4,flanker,1,formal_block_2,formal,2,20,52,formal,congruent,1779087617,59.946,2026-05-18T15:03:49.824,0,0,0,1,203291.915,203308.245,congruent,right,right,>>>>>,j,j,1,738.171,204165.008,none,,203391.915,203426.837,204165.008,3000,738.171,204165.008,"[{""stage_name"": ""fixation"", ""planned_duration_ms"": 100, ""intended_onset_ms"": 203291.915, ""actual_onset_global_ms"": 203308.245, ""actual_offset_global_ms"": 203423.556, ""actual_duration_ms"": 115.311}, {""stage_name"": ""stimulus"", ""planned_duration_ms"": 3000, ""intended_onset_ms"": 203391.915, ""actual_onset_global_ms"": 203426.837, ""actual_offset_global_ms"": 204165.008, ""actual_duration_ms"": 738.171}]",,,,,,,,,,,,,,,,,,,,,,,,,,,,,,,,,,,,,,,,,,,,,,,,,,,,,,,,,,,,,,,,,,,,,,,,,,,
013,013_T1_20260518_150017,Control,T1,standard,hci_substudy_v2,1,telemetry_v4,dccs,2,pre_switch_practice,practice,1,1,1,practice,color,1779087617,59.946,2026-05-18T15:05:00.474,0,0,0,1,273941.822,274067.081,,,,,s,s,1,4976.972,279691.083,correct,1.0,274541.822,274714.111,279691.083,3000,4976.972,279841.083,"[{""stage_name"": ""fixation"", ""planned_duration_ms"": 100, ""intended_onset_ms"": 273941.822, ""actual_onset_global_ms"": 274067.081, ""actual_offset_global_ms"": 274083.763, ""actual_duration_ms"": 16.682}, {""stage_name"": ""cue"", ""planned_duration_ms"": 500, ""intended_onset_ms"": 274041.822, ""actual_onset_global_ms"": 274101.423, ""actual_offset_global_ms"": 274708.09, ""actual_duration_ms"": 606.667}, {""stage_name"": ""stimulus"", ""planned_duration_ms"": 3000, ""intended_onset_ms"": 274541.822, ""actual_onset_global_ms"": 274714.111, ""actual_offset_global_ms"": 279691.083, ""actual_duration_ms"": 4976.972}, {""stage_name"": ""feedback"", ""planned_duration_ms"": 150, ""intended_onset_ms"": 279691.083, ""actual_onset_global_ms"": 279733.526, ""actual_offset_global_ms"": 279871.274, ""actual_duration_ms"": 137.748}]",correct.wav,279703.765,150.0,280203.765,0.0,none,,,0.0,0.0,none,0.0,0.0,0.0,0.0,,,0.0,none,none,0.0,color,cue_color.wav,颜色,274101.841,500.0,274798.404,blue,rabbit,blue_rabbit,practice,,color,5589.66,,,,,,,,,,,,,,,,,,,,,,,,,,,,,,,,,,,,,,,,,
013,013_T1_20260518_150017,Control,T1,standard,hci_substudy_v2,1,telemetry_v4,dccs,2,pre_switch_practice,practice,1,2,2,practice,color,1779087617,59.946,2026-05-18T15:05:06.416,0,0,0,1,279883.029,279898.92,,,,,j,j,1,1888.446,282439.276,correct,1.0,280483.029,280550.83,282439.276,3000,1888.446,282589.276,"[{""stage_name"": ""fixation"", ""planned_duration_ms"": 100, ""intended_onset_ms"": 279883.029, ""actual_onset_global_ms"": 279898.92, ""actual_offset_global_ms"": 280000.985, ""actual_duration_ms"": 102.065}, {""stage_name"": ""cue"", ""planned_duration_ms"": 500, ""intended_onset_ms"": 279983.029, ""actual_onset_global_ms"": 280000.854, ""actual_offset_global_ms"": 280550.788, ""actual_duration_ms"": 549.934}, {""stage_name"": ""stimulus"", ""planned_duration_ms"": 3000, ""intended_onset_ms"": 280483.029, ""actual_onset_global_ms"": 280550.83, ""actual_offset_global_ms"": 282439.276, ""actual_duration_ms"": 1888.446}, {""stage_name"": ""feedback"", ""planned_duration_ms"": 150, ""intended_onset_ms"": 282439.276, ""actual_onset_global_ms"": 282475.387, ""actual_offset_global_ms"": 282623.871, ""actual_duration_ms"": 148.484}]",correct.wav,282455.158,150.0,282955.158,0.0,none,,,0.0,0.0,none,0.0,0.0,0.0,0.0,,,0.0,none,none,0.0,color,cue_color.wav,颜色,280001.32,500.0,280697.883,red,boat,red_boat,practice,,color,2438.422,,,,,,,,,,,,,,,,,,,,,,,,,,,,,,,,,,,,,,,,,
013,013_T1_20260518_150017,Control,T1,standard,hci_substudy_v2,1,telemetry_v4,dccs,2,pre_switch_practice,practice,1,3,3,practice,color,1779087617,59.946,2026-05-18T15:05:09.148,0,0,0,1,282616.315,282643.182,,,,,j,j,1,1503.002,284883.42,correct,1.0,283216.315,283380.418,284883.42,3000,1503.002,285033.42,"[{""stage_name"": ""fixation"", ""planned_duration_ms"": 100, ""intended_onset_ms"": 282616.315, ""actual_onset_global_ms"": 282643.182, ""actual_offset_global_ms"": 282738.324, ""actual_duration_ms"": 95.142}, {""stage_name"": ""cue"", ""planned_duration_ms"": 500, ""intended_onset_ms"": 282716.315, ""actual_onset_global_ms"": 282742.036, ""actual_offset_global_ms"": 283377.536, ""actual_duration_ms"": 635.5}, {""stage_name"": ""stimulus"", ""planned_duration_ms"": 3000, ""intended_onset_ms"": 283216.315, ""actual_onset_global_ms"": 283380.418, ""actual_offset_global_ms"": 284883.42, ""actual_duration_ms"": 1503.002}, {""stage_name"": ""feedback"", ""planned_duration_ms"": 150, ""intended_onset_ms"": 284883.42, ""actual_onset_global_ms"": 284911.467, ""actual_offset_global_ms"": 285061.579, ""actual_duration_ms"": 150.112}]",correct.wav,284888.258,150.0,285388.258,0.0,none,,,0.0,0.0,none,0.0,0.0,0.0,0.0,,,0.0,none,none,0.0,color,cue_color.wav,颜色,282742.553,500.0,283439.116,red,rabbit,red_rabbit,practice,,color,2141.384,,,,,,,,,,,,,,,,,,,,,,,,,,,,,,,,,,,,,,,,,
013,013_T1_20260518_150017,Control,T1,standard,hci_substudy_v2,1,telemetry_v4,dccs,2,pre_switch_practice,practice,1,4,4,practice,color,1779087617,59.946,2026-05-18T15:05:11.584,0,0,0,1,285052.052,285072.884,,,,,j,j,1,1656.869,287377.813,correct,1.0,285652.052,285720.944,287377.813,3000,1656.869,287527.813,"[{""stage_name"": ""fixation"", ""planned_duration_ms"": 100, ""intended_onset_ms"": 285052.052, ""actual_onset_global_ms"": 285072.884, ""actual_offset_global_ms"": 285170.624, ""actual_duration_ms"": 97.74}, {""stage_name"": ""cue"", ""planned_duration_ms"": 500, ""intended_onset_ms"": 285152.052, ""actual_onset_global_ms"": 285172.722, ""actual_offset_global_ms"": 285721.184, ""actual_duration_ms"": 548.462}, {""stage_name"": ""stimulus"", ""planned_duration_ms"": 3000, ""intended_onset_ms"": 285652.052, ""actual_onset_global_ms"": 285720.944, ""actual_offset_global_ms"": 287377.813, ""actual_duration_ms"": 1656.869}, {""stage_name"": ""feedback"", ""planned_duration_ms"": 150, ""intended_onset_ms"": 287377.813, ""actual_onset_global_ms"": 287402.704, ""actual_offset_global_ms"": 287566.424, ""actual_duration_ms"": 163.72}]",correct.wav,287385.866,150.0,287885.866,0.0,none,,,0.0,0.0,none,0.0,0.0,0.0,0.0,,,0.0,none,none,0.0,color,cue_color.wav,颜色,285173.224,500.0,285869.786,red,boat,red_boat,practice,,color,2205.091,,,,,,,,,,,,,,,,,,,,,,,,,,,,,,,,,,,,,,,,,
013,013_T1_20260518_150017,Control,T1,standard,hci_substudy_v2,1,telemetry_v4,dccs,2,pre_switch_practice,practice,1,5,5,practice,color,1779087617,59.946,2026-05-18T15:05:14.091,0,0,0,1,287557.928,287573.032,,,,,s,s,1,1303.163,289555.788,correct,1.0,288157.928,288252.625,289555.788,3000,1303.163,289705.788,"[{""stage_name"": ""fixation"", ""planned_duration_ms"": 100, ""intended_onset_ms"": 287557.928, ""actual_onset_global_ms"": 287573.032, ""actual_offset_global_ms"": 287693.813, ""actual_duration_ms"": 120.781}, {""stage_name"": ""cue"", ""planned_duration_ms"": 500, ""intended_onset_ms"": 287657.928, ""actual_onset_global_ms"": 287697.206, ""actual_offset_global_ms"": 288253.077, ""actual_duration_ms"": 555.871}, {""stage_name"": ""stimulus"", ""planned_duration_ms"": 3000, ""intended_onset_ms"": 288157.928, ""actual_onset_global_ms"": 288252.625, ""actual_offset_global_ms"": 289555.788, ""actual_duration_ms"": 1303.163}, {""stage_name"": ""feedback"", ""planned_duration_ms"": 150, ""intended_onset_ms"": 289555.788, ""actual_onset_global_ms"": 289591.585, ""actual_offset_global_ms"": 289750.561, ""actual_duration_ms"": 158.976}]",correct.wav,289570.538,150.0,290070.538,0.0,none,,,0.0,0.0,none,0.0,0.0,0.0,0.0,,,0.0,none,none,0.0,color,cue_color.wav,颜色,287697.836,500.0,288394.399,blue,rabbit,blue_rabbit,practice,,color,1858.582,,,,,,,,,,,,,,,,,,,,,,,,,,,,,,,,,,,,,,,,,
013,013_T1_20260518_150017,Control,T1,standard,hci_substudy_v2,1,telemetry_v4,dccs,2,pre_switch_practice,practice,1,6,6,practice,color,1779087617,59.946,2026-05-18T15:05:16.276,0,0,0,1,289744.108,289764.097,,,,,s,s,1,1772.888,292220.193,correct,1.0,290344.108,290447.305,292220.193,3000,1772.888,292370.193,"[{""stage_name"": ""fixation"", ""planned_duration_ms"": 100, ""intended_onset_ms"": 289744.108, ""actual_onset_global_ms"": 289764.097, ""actual_offset_global_ms"": 289868.124, ""actual_duration_ms"": 104.027}, {""stage_name"": ""cue"", ""planned_duration_ms"": 500, ""intended_onset_ms"": 289844.108, ""actual_onset_global_ms"": 289870.847, ""actual_offset_global_ms"": 290443.147, ""actual_duration_ms"": 572.3}, {""stage_name"": ""stimulus"", ""planned_duration_ms"": 3000, ""intended_onset_ms"": 290344.108, ""actual_onset_global_ms"": 290447.305, ""actual_offset_global_ms"": 292220.193, ""actual_duration_ms"": 1772.888}, {""stage_name"": ""feedback"", ""planned_duration_ms"": 150, ""intended_onset_ms"": 292220.193, ""actual_onset_global_ms"": 292242.731, ""actual_offset_global_ms"": 292399.194, ""actual_duration_ms"": 156.463}]",correct.wav,292223.807,150.0,292723.807,0.0,none,,,0.0,0.0,none,0.0,0.0,0.0,0.0,,,0.0,none,none,0.0,color,cue_color.wav,颜色,289871.282,500.0,290567.845,blue,boat,blue_boat,practice,,color,2349.346,,,,,,,,,,,,,,,,,,,,,,,,,,,,,,,,,,,,,,,,,
013,013_T1_20260518_150017,Control,T1,standard,hci_substudy_v2,1,telemetry_v4,dccs,2,post_switch_practice,practice,2,1,7,practice,shape,1779087617,59.946,2026-05-18T15:05:26.992,0,0,0,1,300459.277,300485.05,,,,,j,j,1,5059.073,306308.588,correct,1.0,301059.277,301249.515,306308.588,3000,5059.073,306458.588,"[{""stage_name"": ""fixation"", ""planned_duration_ms"": 100, ""intended_onset_ms"": 300459.277, ""actual_onset_global_ms"": 300485.05, ""actual_offset_global_ms"": 300586.568, ""actual_duration_ms"": 101.518}, {""stage_name"": ""cue"", ""planned_duration_ms"": 500, ""intended_onset_ms"": 300559.277, ""actual_onset_global_ms"": 300596.096, ""actual_offset_global_ms"": 301245.438, ""actual_duration_ms"": 649.342}, {""stage_name"": ""stimulus"", ""planned_duration_ms"": 3000, ""intended_onset_ms"": 301059.277, ""actual_onset_global_ms"": 301249.515, ""actual_offset_global_ms"": 306308.588, ""actual_duration_ms"": 5059.073}, {""stage_name"": ""feedback"", ""planned_duration_ms"": 150, ""intended_onset_ms"": 306308.588, ""actual_onset_global_ms"": 306341.302, ""actual_offset_global_ms"": 306483.534, ""actual_duration_ms"": 142.232}]",correct.wav,306313.72,150.0,306813.72,0.0,none,,,0.0,0.0,none,0.0,0.0,0.0,0.0,,,0.0,none,none,0.0,shape,cue_shape.wav,形状,300596.472,500.0,301362.722,red,boat,red_boat,practice,,shape,5712.492,,,,,,,,,,,,,,,,,,,,,,,,,,,,,,,,,,,,,,,,,
013,013_T1_20260518_150017,Control,T1,standard,hci_substudy_v2,1,telemetry_v4,dccs,2,post_switch_practice,practice,2,2,8,practice,shape,1779087617,59.946,2026-05-18T15:05:33.010,0,0,0,1,306477.62,306509.029,,,,,s,s,1,3784.342,311031.106,correct,1.0,307077.62,307246.764,311031.106,3000,3784.342,311181.106,"[{""stage_name"": ""fixation"", ""planned_duration_ms"": 100, ""intended_onset_ms"": 306477.62, ""actual_onset_global_ms"": 306509.029, ""actual_offset_global_ms"": 306595.412, ""actual_duration_ms"": 86.383}, {""stage_name"": ""cue"", ""planned_duration_ms"": 500, ""intended_onset_ms"": 306577.62, ""actual_onset_global_ms"": 306602.176, ""actual_offset_global_ms"": 307241.851, ""actual_duration_ms"": 639.675}, {""stage_name"": ""stimulus"", ""planned_duration_ms"": 3000, ""intended_onset_ms"": 307077.62, ""actual_onset_global_ms"": 307246.764, ""actual_offset_global_ms"": 311031.106, ""actual_duration_ms"": 3784.342}, {""stage_name"": ""feedback"", ""planned_duration_ms"": 150, ""intended_onset_ms"": 311031.106, ""actual_onset_global_ms"": 311062.923, ""actual_offset_global_ms"": 311217.576, ""actual_duration_ms"": 154.653}]",correct.wav,311036.519,150.0,311536.519,0.0,none,,,0.0,0.0,none,0.0,0.0,0.0,0.0,,,0.0,none,none,0.0,shape,cue_shape.wav,形状,306602.624,500.0,307368.874,blue,rabbit,blue_rabbit,practice,,shape,4428.93,,,,,,,,,,,,,,,,,,,,,,,,,,,,,,,,,,,,,,,,,
013,013_T1_20260518_150017,Control,T1,standard,hci_substudy_v2,1,telemetry_v4,dccs,2,post_switch_practice,practice,2,3,9,practice,shape,1779087617,59.946,2026-05-18T15:05:37.744,0,0,0,1,311211.265,311232.015,,,,,j,j,1,2209.32,314202.661,correct,1.0,311811.265,311993.341,314202.661,3000,2209.32,314352.661,"[{""stage_name"": ""fixation"", ""planned_duration_ms"": 100, ""intended_onset_ms"": 311211.265, ""actual_onset_global_ms"": 311232.015, ""actual_offset_global_ms"": 311330.97, ""actual_duration_ms"": 98.955}, {""stage_name"": ""cue"", ""planned_duration_ms"": 500, ""intended_onset_ms"": 311311.265, ""actual_onset_global_ms"": 311335.21, ""actual_offset_global_ms"": 311989.88, ""actual_duration_ms"": 654.67}, {""stage_name"": ""stimulus"", ""planned_duration_ms"": 3000, ""intended_onset_ms"": 311811.265, ""actual_onset_global_ms"": 311993.341, ""actual_offset_global_ms"": 314202.661, ""actual_duration_ms"": 2209.32}, {""stage_name"": ""feedback"", ""planned_duration_ms"": 150, ""intended_onset_ms"": 314202.661, ""actual_onset_global_ms"": 314231.649, ""actual_offset_global_ms"": 314392.407, ""actual_duration_ms"": 160.758}]",correct.wav,314209.135,150.0,314709.135,0.0,none,,,0.0,0.0,none,0.0,0.0,0.0,0.0,,,0.0,none,none,0.0,shape,cue_shape.wav,形状,311335.608,500.0,312101.858,blue,boat,blue_boat,practice,,shape,2867.451,,,,,,,,,,,,,,,,,,,,,,,,,,,,,,,,,,,,,,,,,
013,013_T1_20260518_150017,Control,T1,standard,hci_substudy_v2,1,telemetry_v4,dccs,2,post_switch_practice,practice,2,4,10,practice,shape,1779087617,59.946,2026-05-18T15:05:40.918,0,0,0,1,314385.719,314410.618,,,,,s,s,1,1034.519,316204.121,correct,1.0,314985.719,315169.602,316204.121,3000,1034.519,316354.121,"[{""stage_name"": ""fixation"", ""planned_duration_ms"": 100, ""intended_onset_ms"": 314385.719, ""actual_onset_global_ms"": 314410.618, ""actual_offset_global_ms"": 314507.051, ""actual_duration_ms"": 96.433}, {""stage_name"": ""cue"", ""planned_duration_ms"": 500, ""intended_onset_ms"": 314485.719, ""actual_onset_global_ms"": 314513.838, ""actual_offset_global_ms"": 315168.948, ""actual_duration_ms"": 655.11}, {""stage_name"": ""stimulus"", ""planned_duration_ms"": 3000, ""intended_onset_ms"": 314985.719, ""actual_onset_global_ms"": 315169.602, ""actual_offset_global_ms"": 316204.121, ""actual_duration_ms"": 1034.519}, {""stage_name"": ""feedback"", ""planned_duration_ms"": 150, ""intended_onset_ms"": 316204.121, ""actual_onset_global_ms"": 316232.887, ""actual_offset_global_ms"": 316391.094, ""actual_duration_ms"": 158.207}]",correct.wav,316209.553,150.0,316709.553,0.0,none,,,0.0,0.0,none,0.0,0.0,0.0,0.0,,,0.0,none,none,0.0,shape,cue_shape.wav,形状,314514.412,500.0,315280.662,red,rabbit,red_rabbit,practice,,shape,1690.283,,,,,,,,,,,,,,,,,,,,,,,,,,,,,,,,,,,,,,,,,
013,013_T1_20260518_150017,Control,T1,standard,hci_substudy_v2,1,telemetry_v4,dccs,2,post_switch_practice,practice,2,5,11,practice,shape,1779087617,59.946,2026-05-18T15:05:42.916,0,0,0,1,316382.954,316402.808,,,,,j,j,1,1078.387,318133.031,correct,1.0,316982.954,317054.644,318133.031,3000,1078.387,318283.031,"[{""stage_name"": ""fixation"", ""planned_duration_ms"": 100, ""intended_onset_ms"": 316382.954, ""actual_onset_global_ms"": 316402.808, ""actual_offset_global_ms"": 316503.35, ""actual_duration_ms"": 100.542}, {""stage_name"": ""cue"", ""planned_duration_ms"": 500, ""intended_onset_ms"": 316482.954, ""actual_onset_global_ms"": 316502.793, ""actual_offset_global_ms"": 317055.883, ""actual_duration_ms"": 553.09}, {""stage_name"": ""stimulus"", ""planned_duration_ms"": 3000, ""intended_onset_ms"": 316982.954, ""actual_onset_global_ms"": 317054.644, ""actual_offset_global_ms"": 318133.031, ""actual_duration_ms"": 1078.387}, {""stage_name"": ""feedback"", ""planned_duration_ms"": 150, ""intended_onset_ms"": 318133.031, ""actual_onset_global_ms"": 318152.843, ""actual_offset_global_ms"": 318304.176, ""actual_duration_ms"": 151.333}]",correct.wav,318136.666,150.0,318636.666,0.0,none,,,0.0,0.0,none,0.0,0.0,0.0,0.0,,,0.0,none,none,0.0,shape,cue_shape.wav,形状,316503.05,500.0,317269.3,red,boat,red_boat,practice,,shape,1630.238,,,,,,,,,,,,,,,,,,,,,,,,,,,,,,,,,,,,,,,,,
013,013_T1_20260518_150017,Control,T1,standard,hci_substudy_v2,1,telemetry_v4,dccs,2,post_switch_practice,practice,2,6,12,practice,shape,1779087617,59.946,2026-05-18T15:05:44.827,0,0,0,1,318295.288,318310.522,,,,,s,s,1,871.666,319862.105,correct,1.0,318895.288,318990.439,319862.105,3000,871.666,320012.105,"[{""stage_name"": ""fixation"", ""planned_duration_ms"": 100, ""intended_onset_ms"": 318295.288, ""actual_onset_global_ms"": 318310.522, ""actual_offset_global_ms"": 318418.596, ""actual_duration_ms"": 108.074}, {""stage_name"": ""cue"", ""planned_duration_ms"": 500, ""intended_onset_ms"": 318395.288, ""actual_onset_global_ms"": 318419.66, ""actual_offset_global_ms"": 318989.94, ""actual_duration_ms"": 570.28}, {""stage_name"": ""stimulus"", ""planned_duration_ms"": 3000, ""intended_onset_ms"": 318895.288, ""actual_onset_global_ms"": 318990.439, ""actual_offset_global_ms"": 319862.105, ""actual_duration_ms"": 871.666}, {""stage_name"": ""feedback"", ""planned_duration_ms"": 150, ""intended_onset_ms"": 319862.105, ""actual_onset_global_ms"": 319891.495, ""actual_offset_global_ms"": 320051.822, ""actual_duration_ms"": 160.327}]",correct.wav,319869.826,150.0,320369.826,0.0,none,,,0.0,0.0,none,0.0,0.0,0.0,0.0,,,0.0,none,none,0.0,shape,cue_shape.wav,形状,318420.084,500.0,319186.334,blue,rabbit,blue_rabbit,practice,,shape,1442.445,,,,,,,,,,,,,,,,,,,,,,,,,,,,,,,,,,,,,,,,,
013,013_T1_20260518_150017,Control,T1,standard,hci_substudy_v2,1,telemetry_v4,dccs,2,mixed_formal,formal,1,1,13,formal,color,1779087617,59.946,2026-05-18T15:05:53.354,0,0,0,1,326822.047,326842.276,,,,,s,s,1,2041.907,329508.706,none,,327422.047,327466.799,329508.706,3000,2041.907,329508.706,"[{""stage_name"": ""fixation"", ""planned_duration_ms"": 100, ""intended_onset_ms"": 326822.047, ""actual_onset_global_ms"": 326842.276, ""actual_offset_global_ms"": 326947.201, ""actual_duration_ms"": 104.925}, {""stage_name"": ""cue"", ""planned_duration_ms"": 500, ""intended_onset_ms"": 326922.047, ""actual_onset_global_ms"": 326949.443, ""actual_offset_global_ms"": 327466.992, ""actual_duration_ms"": 517.549}, {""stage_name"": ""stimulus"", ""planned_duration_ms"": 3000, ""intended_onset_ms"": 327422.047, ""actual_onset_global_ms"": 327466.799, ""actual_offset_global_ms"": 329508.706, ""actual_duration_ms"": 2041.907}]",,,,,0.0,none,,,0.0,0.0,none,0.0,0.0,0.0,0.0,,,0.0,none,none,0.0,color,cue_color.wav,颜色,326949.893,500.0,327646.455,blue,boat,blue_boat,first,,color,2559.263,,,,,,,,,,,,,,,,,,,,,,,,,,,,,,,,,,,,,,,,,
013,013_T1_20260518_150017,Control,T1,standard,hci_substudy_v2,1,telemetry_v4,dccs,2,mixed_formal,formal,1,2,14,formal,shape,1779087617,59.946,2026-05-18T15:05:56.051,0,0,0,1,329518.601,329536.235,,,,,s,s,1,1569.956,331770.121,none,,330118.601,330200.165,331770.121,3000,1569.956,331770.121,"[{""stage_name"": ""fixation"", ""planned_duration_ms"": 100, ""intended_onset_ms"": 329518.601, ""actual_onset_global_ms"": 329536.235, ""actual_offset_global_ms"": 329650.013, ""actual_duration_ms"": 113.778}, {""stage_name"": ""cue"", ""planned_duration_ms"": 500, ""intended_onset_ms"": 329618.601, ""actual_onset_global_ms"": 329651.657, ""actual_offset_global_ms"": 330200.772, ""actual_duration_ms"": 549.115}, {""stage_name"": ""stimulus"", ""planned_duration_ms"": 3000, ""intended_onset_ms"": 330118.601, ""actual_onset_global_ms"": 330200.165, ""actual_offset_global_ms"": 331770.121, ""actual_duration_ms"": 1569.956}]",,,,,0.0,none,,,0.0,0.0,none,0.0,0.0,0.0,0.0,,,0.0,none,none,0.0,shape,cue_shape.wav,形状,329652.069,500.0,330418.319,red,rabbit,red_rabbit,switch,color,shape,2118.464,,,,,,,,,,,,,,,,,,,,,,,,,,,,,,,,,,,,,,,,,
013,013_T1_20260518_150017,Control,T1,standard,hci_substudy_v2,1,telemetry_v4,dccs,2,mixed_formal,formal,1,3,15,formal,color,1779087617,59.946,2026-05-18T15:05:58.331,0,0,0,1,331798.071,331816.037,,,,,j,j,1,2129.203,334588.881,none,,332398.071,332459.678,334588.881,3000,2129.203,334588.881,"[{""stage_name"": ""fixation"", ""planned_duration_ms"": 100, ""intended_onset_ms"": 331798.071, ""actual_onset_global_ms"": 331816.037, ""actual_offset_global_ms"": 331917.49, ""actual_duration_ms"": 101.453}, {""stage_name"": ""cue"", ""planned_duration_ms"": 500, ""intended_onset_ms"": 331898.071, ""actual_onset_global_ms"": 331916.957, ""actual_offset_global_ms"": 332460.071, ""actual_duration_ms"": 543.114}, {""stage_name"": ""stimulus"", ""planned_duration_ms"": 3000, ""intended_onset_ms"": 332398.071, ""actual_onset_global_ms"": 332459.678, ""actual_offset_global_ms"": 334588.881, ""actual_duration_ms"": 2129.203}]",,,,,0.0,none,,,0.0,0.0,none,0.0,0.0,0.0,0.0,,,0.0,none,none,0.0,color,cue_color.wav,颜色,331917.315,500.0,332613.878,red,boat,red_boat,switch,shape,color,2671.924,,,,,,,,,,,,,,,,,,,,,,,,,,,,,,,,,,,,,,,,,
013,013_T1_20260518_150017,Control,T1,standard,hci_substudy_v2,1,telemetry_v4,dccs,2,mixed_formal,formal,1,4,16,formal,shape,1779087617,59.946,2026-05-18T15:06:01.147,0,0,0,1,334614.315,334635.27,,,,,j,j,1,742.494,336078.22,none,,335214.315,335335.726,336078.22,3000,742.494,336078.22,"[{""stage_name"": ""fixation"", ""planned_duration_ms"": 100, ""intended_onset_ms"": 334614.315, ""actual_onset_global_ms"": 334635.27, ""actual_offset_global_ms"": 334739.868, ""actual_duration_ms"": 104.598}, {""stage_name"": ""cue"", ""planned_duration_ms"": 500, ""intended_onset_ms"": 334714.315, ""actual_onset_global_ms"": 334743.95, ""actual_offset_global_ms"": 335336.851, ""actual_duration_ms"": 592.901}, {""stage_name"": ""stimulus"", ""planned_duration_ms"": 3000, ""intended_onset_ms"": 335214.315, ""actual_onset_global_ms"": 335335.726, ""actual_offset_global_ms"": 336078.22, ""actual_duration_ms"": 742.494}]",,,,,0.0,none,,,0.0,0.0,none,0.0,0.0,0.0,0.0,,,0.0,none,none,0.0,shape,cue_shape.wav,形状,334744.421,500.0,335510.671,blue,boat,blue_boat,switch,color,shape,1334.27,,,,,,,,,,,,,,,,,,,,,,,,,,,,,,,,,,,,,,,,,
013,013_T1_20260518_150017,Control,T1,standard,hci_substudy_v2,1,telemetry_v4,dccs,2,mixed_formal,formal,1,5,17,formal,color,1779087617,59.946,2026-05-18T15:06:02.634,0,0,0,1,336101.889,336118.173,,,,,j,j,1,3255.164,340056.215,none,,336701.889,336801.051,340056.215,3000,3255.164,340056.215,"[{""stage_name"": ""fixation"", ""planned_duration_ms"": 100, ""intended_onset_ms"": 336101.889, ""actual_onset_global_ms"": 336118.173, ""actual_offset_global_ms"": 336233.775, ""actual_duration_ms"": 115.602}, {""stage_name"": ""cue"", ""planned_duration_ms"": 500, ""intended_onset_ms"": 336201.889, ""actual_onset_global_ms"": 336235.194, ""actual_offset_global_ms"": 336799.267, ""actual_duration_ms"": 564.073}, {""stage_name"": ""stimulus"", ""planned_duration_ms"": 3000, ""intended_onset_ms"": 336701.889, ""actual_onset_global_ms"": 336801.051, ""actual_offset_global_ms"": 340056.215, ""actual_duration_ms"": 3255.164}]",,,,,0.0,none,,,0.0,0.0,none,0.0,0.0,0.0,0.0,,,0.0,none,none,0.0,color,cue_color.wav,颜色,336235.645,500.0,336932.208,red,boat,red_boat,switch,shape,color,3821.021,,,,,,,,,,,,,,,,,,,,,,,,,,,,,,,,,,,,,,,,,
013,013_T1_20260518_150017,Control,T1,standard,hci_substudy_v2,1,telemetry_v4,dccs,2,mixed_formal,formal,1,6,18,formal,color,1779087617,59.946,2026-05-18T15:06:06.609,0,0,0,1,340076.631,340096.474,,,,,s,s,1,701.452,341436.078,none,,340676.631,340734.626,341436.078,3000,701.452,341436.078,"[{""stage_name"": ""fixation"", ""planned_duration_ms"": 100, ""intended_onset_ms"": 340076.631, ""actual_onset_global_ms"": 340096.474, ""actual_offset_global_ms"": 340213.146, ""actual_duration_ms"": 116.672}, {""stage_name"": ""cue"", ""planned_duration_ms"": 500, ""intended_onset_ms"": 340176.631, ""actual_onset_global_ms"": 340216.308, ""actual_offset_global_ms"": 340735.12, ""actual_duration_ms"": 518.812}, {""stage_name"": ""stimulus"", ""planned_duration_ms"": 3000, ""intended_onset_ms"": 340676.631, ""actual_onset_global_ms"": 340734.626, ""actual_offset_global_ms"": 341436.078, ""actual_duration_ms"": 701.452}]",,,,,0.0,none,,,0.0,0.0,none,0.0,0.0,0.0,0.0,,,0.0,none,none,0.0,color,cue_color.wav,颜色,340216.844,500.0,340913.406,blue,boat,blue_boat,repeat,color,color,1219.77,,,,,,,,,,,,,,,,,,,,,,,,,,,,,,,,,,,,,,,,,
013,013_T1_20260518_150017,Control,T1,standard,hci_substudy_v2,1,telemetry_v4,dccs,2,mixed_formal,formal,1,7,19,formal,color,1779087617,59.946,2026-05-18T15:06:07.996,0,0,0,1,341463.268,341478.314,,,,,s,s,1,947.242,343074.882,none,,342063.268,342127.64,343074.882,3000,947.242,343074.882,"[{""stage_name"": ""fixation"", ""planned_duration_ms"": 100, ""intended_onset_ms"": 341463.268, ""actual_onset_global_ms"": 341478.314, ""actual_offset_global_ms"": 341583.311, ""actual_duration_ms"": 104.997}, {""stage_name"": ""cue"", ""planned_duration_ms"": 500, ""intended_onset_ms"": 341563.268, ""actual_onset_global_ms"": 341583.221, ""actual_offset_global_ms"": 342127.264, ""actual_duration_ms"": 544.043}, {""stage_name"": ""stimulus"", ""planned_duration_ms"": 3000, ""intended_onset_ms"": 342063.268, ""actual_onset_global_ms"": 342127.64, ""actual_offset_global_ms"": 343074.882, ""actual_duration_ms"": 947.242}]",,,,,0.0,none,,,0.0,0.0,none,0.0,0.0,0.0,0.0,,,0.0,none,none,0.0,color,cue_color.wav,颜色,341583.556,500.0,342280.118,blue,boat,blue_boat,repeat,color,color,1491.661,,,,,,,,,,,,,,,,,,,,,,,,,,,,,,,,,,,,,,,,,
013,013_T1_20260518_150017,Control,T1,standard,hci_substudy_v2,1,telemetry_v4,dccs,2,mixed_formal,formal,1,8,20,formal,shape,1779087617,59.946,2026-05-18T15:06:09.631,0,0,0,1,343099.402,343118.021,,,,,s,j,0,871.048,344663.984,none,,343699.402,343792.936,344663.984,3000,871.048,344663.984,"[{""stage_name"": ""fixation"", ""planned_duration_ms"": 100, ""intended_onset_ms"": 343099.402, ""actual_onset_global_ms"": 343118.021, ""actual_offset_global_ms"": 343221.575, ""actual_duration_ms"": 103.554}, {""stage_name"": ""cue"", ""planned_duration_ms"": 500, ""intended_onset_ms"": 343199.402, ""actual_onset_global_ms"": 343223.698, ""actual_offset_global_ms"": 343790.146, ""actual_duration_ms"": 566.448}, {""stage_name"": ""stimulus"", ""planned_duration_ms"": 3000, ""intended_onset_ms"": 343699.402, ""actual_onset_global_ms"": 343792.936, ""actual_offset_global_ms"": 344663.984, ""actual_duration_ms"": 871.048}]",,,,,0.0,none,,,0.0,0.0,none,0.0,0.0,0.0,0.0,,,0.0,none,none,0.0,shape,cue_shape.wav,形状,343224.114,500.0,343990.364,red,rabbit,red_rabbit,switch,color,shape,1440.286,,,,,,,,,,,,,,,,,,,,,,,,,,,,,,,,,,,,,,,,,
013,013_T1_20260518_150017,Control,T1,standard,hci_substudy_v2,1,telemetry_v4,dccs,2,mixed_formal,formal,1,9,21,formal,shape,1779087617,59.946,2026-05-18T15:06:11.226,0,0,0,1,344693.937,344711.12,,,,,j,s,0,2814.122,348218.231,none,,345293.937,345404.109,348218.231,3000,2814.122,348218.231,"[{""stage_name"": ""fixation"", ""planned_duration_ms"": 100, ""intended_onset_ms"": 344693.937, ""actual_onset_global_ms"": 344711.12, ""actual_offset_global_ms"": 344818.41, ""actual_duration_ms"": 107.29}, {""stage_name"": ""cue"", ""planned_duration_ms"": 500, ""intended_onset_ms"": 344793.937, ""actual_onset_global_ms"": 344819.358, ""actual_offset_global_ms"": 345403.315, ""actual_duration_ms"": 583.957}, {""stage_name"": ""stimulus"", ""planned_duration_ms"": 3000, ""intended_onset_ms"": 345293.937, ""actual_onset_global_ms"": 345404.109, ""actual_offset_global_ms"": 348218.231, ""actual_duration_ms"": 2814.122}]",,,,,0.0,none,,,0.0,0.0,none,0.0,0.0,0.0,0.0,,,0.0,none,none,0.0,shape,cue_shape.wav,形状,344819.757,500.0,345586.007,red,boat,red_boat,repeat,shape,shape,3398.873,,,,,,,,,,,,,,,,,,,,,,,,,,,,,,,,,,,,,,,,,
013,013_T1_20260518_150017,Control,T1,standard,hci_substudy_v2,1,telemetry_v4,dccs,2,mixed_formal,formal,1,10,22,formal,shape,1779087617,59.946,2026-05-18T15:06:14.766,0,0,0,1,348233.213,348255.559,,,,,s,s,1,3849.222,352857.993,none,,348833.213,349008.771,352857.993,3000,3849.222,352857.993,"[{""stage_name"": ""fixation"", ""planned_duration_ms"": 100, ""intended_onset_ms"": 348233.213, ""actual_onset_global_ms"": 348255.559, ""actual_offset_global_ms"": 348355.982, ""actual_duration_ms"": 100.423}, {""stage_name"": ""cue"", ""planned_duration_ms"": 500, ""intended_onset_ms"": 348333.213, ""actual_onset_global_ms"": 348360.011, ""actual_offset_global_ms"": 349005.792, ""actual_duration_ms"": 645.781}, {""stage_name"": ""stimulus"", ""planned_duration_ms"": 3000, ""intended_onset_ms"": 348833.213, ""actual_onset_global_ms"": 349008.771, ""actual_offset_global_ms"": 352857.993, ""actual_duration_ms"": 3849.222}]",,,,,0.0,none,,,0.0,0.0,none,0.0,0.0,0.0,0.0,,,0.0,none,none,0.0,shape,cue_shape.wav,形状,348360.588,500.0,349126.838,red,rabbit,red_rabbit,repeat,shape,shape,4497.982,,,,,,,,,,,,,,,,,,,,,,,,,,,,,,,,,,,,,,,,,
013,013_T1_20260518_150017,Control,T1,standard,hci_substudy_v2,1,telemetry_v4,dccs,2,mixed_formal,formal,1,11,23,formal,color,1779087617,59.946,2026-05-18T15:06:19.401,0,0,0,1,352869.001,352891.005,,,,,j,j,1,2828.846,356453.947,none,,353469.001,353625.101,356453.947,3000,2828.846,356453.947,"[{""stage_name"": ""fixation"", ""planned_duration_ms"": 100, ""intended_onset_ms"": 352869.001, ""actual_onset_global_ms"": 352891.005, ""actual_offset_global_ms"": 352985.612, ""actual_duration_ms"": 94.607}, {""stage_name"": ""cue"", ""planned_duration_ms"": 500, ""intended_onset_ms"": 352969.001, ""actual_onset_global_ms"": 352990.15, ""actual_offset_global_ms"": 353623.041, ""actual_duration_ms"": 632.891}, {""stage_name"": ""stimulus"", ""planned_duration_ms"": 3000, ""intended_onset_ms"": 353469.001, ""actual_onset_global_ms"": 353625.101, ""actual_offset_global_ms"": 356453.947, ""actual_duration_ms"": 2828.846}]",,,,,0.0,none,,,0.0,0.0,none,0.0,0.0,0.0,0.0,,,0.0,none,none,0.0,color,cue_color.wav,颜色,352990.645,500.0,353687.208,red,boat,red_boat,switch,shape,color,3463.797,,,,,,,,,,,,,,,,,,,,,,,,,,,,,,,,,,,,,,,,,
013,013_T1_20260518_150017,Control,T1,standard,hci_substudy_v2,1,telemetry_v4,dccs,2,mixed_formal,formal,1,12,24,formal,shape,1779087617,59.946,2026-05-18T15:06:23.011,0,0,0,1,356478.757,356495.064,,,,,s,s,1,1336.358,358503.249,none,,357078.757,357166.891,358503.249,3000,1336.358,358503.249,"[{""stage_name"": ""fixation"", ""planned_duration_ms"": 100, ""intended_onset_ms"": 356478.757, ""actual_onset_global_ms"": 356495.064, ""actual_offset_global_ms"": 356601.624, ""actual_duration_ms"": 106.56}, {""stage_name"": ""cue"", ""planned_duration_ms"": 500, ""intended_onset_ms"": 356578.757, ""actual_onset_global_ms"": 356603.422, ""actual_offset_global_ms"": 357164.527, ""actual_duration_ms"": 561.105}, {""stage_name"": ""stimulus"", ""planned_duration_ms"": 3000, ""intended_onset_ms"": 357078.757, ""actual_onset_global_ms"": 357166.891, ""actual_offset_global_ms"": 358503.249, ""actual_duration_ms"": 1336.358}]",,,,,0.0,none,,,0.0,0.0,none,0.0,0.0,0.0,0.0,,,0.0,none,none,0.0,shape,cue_shape.wav,形状,356603.822,500.0,357370.072,blue,rabbit,blue_rabbit,switch,color,shape,1899.827,,,,,,,,,,,,,,,,,,,,,,,,,,,,,,,,,,,,,,,,,
013,013_T1_20260518_150017,Control,T1,standard,hci_substudy_v2,1,telemetry_v4,dccs,2,mixed_formal,formal,1,13,25,formal,shape,1779087617,59.946,2026-05-18T15:06:25.066,0,0,0,1,358533.782,358558.678,,,,,j,j,1,1470.509,360783.008,none,,359133.782,359312.499,360783.008,3000,1470.509,360783.008,"[{""stage_name"": ""fixation"", ""planned_duration_ms"": 100, ""intended_onset_ms"": 358533.782, ""actual_onset_global_ms"": 358558.678, ""actual_offset_global_ms"": 358661.851, ""actual_duration_ms"": 103.173}, {""stage_name"": ""cue"", ""planned_duration_ms"": 500, ""intended_onset_ms"": 358633.782, ""actual_onset_global_ms"": 358668.565, ""actual_offset_global_ms"": 359307.996, ""actual_duration_ms"": 639.431}, {""stage_name"": ""stimulus"", ""planned_duration_ms"": 3000, ""intended_onset_ms"": 359133.782, ""actual_onset_global_ms"": 359312.499, ""actual_offset_global_ms"": 360783.008, ""actual_duration_ms"": 1470.509}]",,,,,0.0,none,,,0.0,0.0,none,0.0,0.0,0.0,0.0,,,0.0,none,none,0.0,shape,cue_shape.wav,形状,358669.025,500.0,359435.275,red,boat,red_boat,repeat,shape,shape,2114.443,,,,,,,,,,,,,,,,,,,,,,,,,,,,,,,,,,,,,,,,,
013,013_T1_20260518_150017,Control,T1,standard,hci_substudy_v2,1,telemetry_v4,dccs,2,mixed_formal,formal,1,14,26,formal,shape,1779087617,59.946,2026-05-18T15:06:27.334,0,0,0,1,360801.16,360821.549,,,,,s,s,1,2346.249,363931.029,none,,361401.16,361584.78,363931.029,3000,2346.249,363931.029,"[{""stage_name"": ""fixation"", ""planned_duration_ms"": 100, ""intended_onset_ms"": 360801.16, ""actual_onset_global_ms"": 360821.549, ""actual_offset_global_ms"": 360935.397, ""actual_duration_ms"": 113.848}, {""stage_name"": ""cue"", ""planned_duration_ms"": 500, ""intended_onset_ms"": 360901.16, ""actual_onset_global_ms"": 360939.75, ""actual_offset_global_ms"": 361578.358, ""actual_duration_ms"": 638.608}, {""stage_name"": ""stimulus"", ""planned_duration_ms"": 3000, ""intended_onset_ms"": 361401.16, ""actual_onset_global_ms"": 361584.78, ""actual_offset_global_ms"": 363931.029, ""actual_duration_ms"": 2346.249}]",,,,,0.0,none,,,0.0,0.0,none,0.0,0.0,0.0,0.0,,,0.0,none,none,0.0,shape,cue_shape.wav,形状,360940.219,500.0,361706.469,red,rabbit,red_rabbit,repeat,shape,shape,2991.279,,,,,,,,,,,,,,,,,,,,,,,,,,,,,,,,,,,,,,,,,
013,013_T1_20260518_150017,Control,T1,standard,hci_substudy_v2,1,telemetry_v4,dccs,2,mixed_formal,formal,1,15,27,formal,color,1779087617,59.946,2026-05-18T15:06:30.487,0,0,0,1,363954.906,363976.974,,,,,s,j,0,1524.913,366232.95,none,,364554.906,364708.037,366232.95,3000,1524.913,366232.95,"[{""stage_name"": ""fixation"", ""planned_duration_ms"": 100, ""intended_onset_ms"": 363954.906, ""actual_onset_global_ms"": 363976.974, ""actual_offset_global_ms"": 364072.28, ""actual_duration_ms"": 95.306}, {""stage_name"": ""cue"", ""planned_duration_ms"": 500, ""intended_onset_ms"": 364054.906, ""actual_onset_global_ms"": 364077.344, ""actual_offset_global_ms"": 364705.691, ""actual_duration_ms"": 628.347}, {""stage_name"": ""stimulus"", ""planned_duration_ms"": 3000, ""intended_onset_ms"": 364554.906, ""actual_onset_global_ms"": 364708.037, ""actual_offset_global_ms"": 366232.95, ""actual_duration_ms"": 1524.913}]",,,,,0.0,none,,,0.0,0.0,none,0.0,0.0,0.0,0.0,,,0.0,none,none,0.0,color,cue_color.wav,颜色,364077.84,500.0,364774.403,blue,boat,blue_boat,switch,shape,color,2155.606,,,,,,,,,,,,,,,,,,,,,,,,,,,,,,,,,,,,,,,,,
013,013_T1_20260518_150017,Control,T1,standard,hci_substudy_v2,1,telemetry_v4,dccs,2,mixed_formal,formal,1,16,28,formal,shape,1779087617,59.946,2026-05-18T15:06:32.784,0,0,0,1,366251.899,366274.037,,,,,s,s,1,1753.166,368783.371,none,,366851.899,367030.205,368783.371,3000,1753.166,368783.371,"[{""stage_name"": ""fixation"", ""planned_duration_ms"": 100, ""intended_onset_ms"": 366251.899, ""actual_onset_global_ms"": 366274.037, ""actual_offset_global_ms"": 366371.808, ""actual_duration_ms"": 97.771}, {""stage_name"": ""cue"", ""planned_duration_ms"": 500, ""intended_onset_ms"": 366351.899, ""actual_onset_global_ms"": 366375.925, ""actual_offset_global_ms"": 367027.286, ""actual_duration_ms"": 651.361}, {""stage_name"": ""stimulus"", ""planned_duration_ms"": 3000, ""intended_onset_ms"": 366851.899, ""actual_onset_global_ms"": 367030.205, ""actual_offset_global_ms"": 368783.371, ""actual_duration_ms"": 1753.166}]",,,,,0.0,none,,,0.0,0.0,none,0.0,0.0,0.0,0.0,,,0.0,none,none,0.0,shape,cue_shape.wav,形状,366376.401,500.0,367142.651,blue,rabbit,blue_rabbit,switch,color,shape,2407.446,,,,,,,,,,,,,,,,,,,,,,,,,,,,,,,,,,,,,,,,,
013,013_T1_20260518_150017,Control,T1,standard,hci_substudy_v2,1,telemetry_v4,dccs,2,mixed_formal,formal,1,17,29,formal,color,1779087617,59.946,2026-05-18T15:06:35.348,0,0,0,1,368816.408,368835.289,,,,,j,j,1,2415.219,371998.079,none,,369416.408,369582.86,371998.079,3000,2415.219,371998.079,"[{""stage_name"": ""fixation"", ""planned_duration_ms"": 100, ""intended_onset_ms"": 368816.408, ""actual_onset_global_ms"": 368835.289, ""actual_offset_global_ms"": 368951.914, ""actual_duration_ms"": 116.625}, {""stage_name"": ""cue"", ""planned_duration_ms"": 500, ""intended_onset_ms"": 368916.408, ""actual_onset_global_ms"": 368957.602, ""actual_offset_global_ms"": 369579.94, ""actual_duration_ms"": 622.338}, {""stage_name"": ""stimulus"", ""planned_duration_ms"": 3000, ""intended_onset_ms"": 369416.408, ""actual_onset_global_ms"": 369582.86, ""actual_offset_global_ms"": 371998.079, ""actual_duration_ms"": 2415.219}]",,,,,0.0,none,,,0.0,0.0,none,0.0,0.0,0.0,0.0,,,0.0,none,none,0.0,color,cue_color.wav,颜色,368958.078,500.0,369654.64,red,rabbit,red_rabbit,switch,shape,color,3040.477,,,,,,,,,,,,,,,,,,,,,,,,,,,,,,,,,,,,,,,,,
013,013_T1_20260518_150017,Control,T1,standard,hci_substudy_v2,1,telemetry_v4,dccs,2,mixed_formal,formal,1,18,30,formal,color,1779087617,59.946,2026-05-18T15:06:38.554,0,0,0,1,372022.25,372044.541,,,,,s,s,1,1251.606,374021.192,none,,372622.25,372769.586,374021.192,3000,1251.606,374021.192,"[{""stage_name"": ""fixation"", ""planned_duration_ms"": 100, ""intended_onset_ms"": 372022.25, ""actual_onset_global_ms"": 372044.541, ""actual_offset_global_ms"": 372152.767, ""actual_duration_ms"": 108.226}, {""stage_name"": ""cue"", ""planned_duration_ms"": 500, ""intended_onset_ms"": 372122.25, ""actual_onset_global_ms"": 372157.593, ""actual_offset_global_ms"": 372769.291, ""actual_duration_ms"": 611.698}, {""stage_name"": ""stimulus"", ""planned_duration_ms"": 3000, ""intended_onset_ms"": 372622.25, ""actual_onset_global_ms"": 372769.586, ""actual_offset_global_ms"": 374021.192, ""actual_duration_ms"": 1251.606}]",,,,,0.0,none,,,0.0,0.0,none,0.0,0.0,0.0,0.0,,,0.0,none,none,0.0,color,cue_color.wav,颜色,372158.128,500.0,372854.691,blue,rabbit,blue_rabbit,repeat,color,color,1863.599,,,,,,,,,,,,,,,,,,,,,,,,,,,,,,,,,,,,,,,,,
013,013_T1_20260518_150017,Control,T1,standard,hci_substudy_v2,1,telemetry_v4,dccs,2,mixed_formal,formal,1,19,31,formal,shape,1779087617,59.946,2026-05-18T15:06:40.567,0,0,0,1,374034.758,374050.97,,,,,j,j,1,2268.552,376999.793,none,,374634.758,374731.241,376999.793,3000,2268.552,376999.793,"[{""stage_name"": ""fixation"", ""planned_duration_ms"": 100, ""intended_onset_ms"": 374034.758, ""actual_onset_global_ms"": 374050.97, ""actual_offset_global_ms"": 374151.308, ""actual_duration_ms"": 100.338}, {""stage_name"": ""cue"", ""planned_duration_ms"": 500, ""intended_onset_ms"": 374134.758, ""actual_onset_global_ms"": 374154.687, ""actual_offset_global_ms"": 374730.025, ""actual_duration_ms"": 575.338}, {""stage_name"": ""stimulus"", ""planned_duration_ms"": 3000, ""intended_onset_ms"": 374634.758, ""actual_onset_global_ms"": 374731.241, ""actual_offset_global_ms"": 376999.793, ""actual_duration_ms"": 2268.552}]",,,,,0.0,none,,,0.0,0.0,none,0.0,0.0,0.0,0.0,,,0.0,none,none,0.0,shape,cue_shape.wav,形状,374155.222,500.0,374921.472,blue,boat,blue_boat,switch,color,shape,2845.106,,,,,,,,,,,,,,,,,,,,,,,,,,,,,,,,,,,,,,,,,
013,013_T1_20260518_150017,Control,T1,standard,hci_substudy_v2,1,telemetry_v4,dccs,2,mixed_formal,formal,1,20,32,formal,color,1779087617,59.946,2026-05-18T15:06:43.550,0,0,0,1,377018.067,377035.711,,,,,j,j,1,2388.323,380088.181,none,,377618.067,377699.858,380088.181,3000,2388.323,380088.181,"[{""stage_name"": ""fixation"", ""planned_duration_ms"": 100, ""intended_onset_ms"": 377018.067, ""actual_onset_global_ms"": 377035.711, ""actual_offset_global_ms"": 377150.863, ""actual_duration_ms"": 115.152}, {""stage_name"": ""cue"", ""planned_duration_ms"": 500, ""intended_onset_ms"": 377118.067, ""actual_onset_global_ms"": 377152.917, ""actual_offset_global_ms"": 377699.985, ""actual_duration_ms"": 547.068}, {""stage_name"": ""stimulus"", ""planned_duration_ms"": 3000, ""intended_onset_ms"": 377618.067, ""actual_onset_global_ms"": 377699.858, ""actual_offset_global_ms"": 380088.181, ""actual_duration_ms"": 2388.323}]",,,,,0.0,none,,,0.0,0.0,none,0.0,0.0,0.0,0.0,,,0.0,none,none,0.0,color,cue_color.wav,颜色,377153.595,500.0,377850.157,red,boat,red_boat,switch,shape,color,2935.264,,,,,,,,,,,,,,,,,,,,,,,,,,,,,,,,,,,,,,,,,
013,013_T1_20260518_150017,Control,T1,standard,hci_substudy_v2,1,telemetry_v4,dccs,2,mixed_formal,formal,1,21,33,formal,color,1779087617,59.946,2026-05-18T15:06:46.648,0,0,0,1,380115.209,380133.679,,,,,s,s,1,1310.866,382093.329,none,,380715.209,380782.463,382093.329,3000,1310.866,382093.329,"[{""stage_name"": ""fixation"", ""planned_duration_ms"": 100, ""intended_onset_ms"": 380115.209, ""actual_onset_global_ms"": 380133.679, ""actual_offset_global_ms"": 380235.463, ""actual_duration_ms"": 101.784}, {""stage_name"": ""cue"", ""planned_duration_ms"": 500, ""intended_onset_ms"": 380215.209, ""actual_onset_global_ms"": 380235.963, ""actual_offset_global_ms"": 380782.578, ""actual_duration_ms"": 546.615}, {""stage_name"": ""stimulus"", ""planned_duration_ms"": 3000, ""intended_onset_ms"": 380715.209, ""actual_onset_global_ms"": 380782.463, ""actual_offset_global_ms"": 382093.329, ""actual_duration_ms"": 1310.866}]",,,,,0.0,none,,,0.0,0.0,none,0.0,0.0,0.0,0.0,,,0.0,none,none,0.0,color,cue_color.wav,颜色,380236.395,500.0,380932.958,blue,rabbit,blue_rabbit,repeat,color,color,1857.366,,,,,,,,,,,,,,,,,,,,,,,,,,,,,,,,,,,,,,,,,
013,013_T1_20260518_150017,Control,T1,standard,hci_substudy_v2,1,telemetry_v4,dccs,2,mixed_formal,formal,1,22,34,formal,shape,1779087617,59.946,2026-05-18T15:06:48.646,0,0,0,1,382113.818,382137.449,,,,,j,j,1,10583.44,393493.097,none,,382713.818,382909.657,393493.097,3000,10583.44,393493.097,"[{""stage_name"": ""fixation"", ""planned_duration_ms"": 100, ""intended_onset_ms"": 382113.818, ""actual_onset_global_ms"": 382137.449, ""actual_offset_global_ms"": 382235.815, ""actual_duration_ms"": 98.366}, {""stage_name"": ""cue"", ""planned_duration_ms"": 500, ""intended_onset_ms"": 382213.818, ""actual_onset_global_ms"": 382242.379, ""actual_offset_global_ms"": 382905.725, ""actual_duration_ms"": 663.346}, {""stage_name"": ""stimulus"", ""planned_duration_ms"": 3000, ""intended_onset_ms"": 382713.818, ""actual_onset_global_ms"": 382909.657, ""actual_offset_global_ms"": 393493.097, ""actual_duration_ms"": 10583.44}]",,,,,0.0,none,,,0.0,0.0,none,0.0,0.0,0.0,0.0,,,0.0,none,none,0.0,shape,cue_shape.wav,形状,382243.05,500.0,383009.3,blue,boat,blue_boat,switch,color,shape,11250.718,,,,,,,,,,,,,,,,,,,,,,,,,,,,,,,,,,,,,,,,,
013,013_T1_20260518_150017,Control,T1,standard,hci_substudy_v2,1,telemetry_v4,dccs,2,mixed_formal,formal,1,23,35,formal,shape,1779087617,59.946,2026-05-18T15:07:00.048,0,0,0,1,393516.277,393537.18,,,,,s,s,1,2557.849,396860.485,none,,394116.277,394302.636,396860.485,3000,2557.849,396860.485,"[{""stage_name"": ""fixation"", ""planned_duration_ms"": 100, ""intended_onset_ms"": 393516.277, ""actual_onset_global_ms"": 393537.18, ""actual_offset_global_ms"": 393635.252, ""actual_duration_ms"": 98.072}, {""stage_name"": ""cue"", ""planned_duration_ms"": 500, ""intended_onset_ms"": 393616.277, ""actual_onset_global_ms"": 393640.889, ""actual_offset_global_ms"": 394296.653, ""actual_duration_ms"": 655.764}, {""stage_name"": ""stimulus"", ""planned_duration_ms"": 3000, ""intended_onset_ms"": 394116.277, ""actual_onset_global_ms"": 394302.636, ""actual_offset_global_ms"": 396860.485, ""actual_duration_ms"": 2557.849}]",,,,,0.0,none,,,0.0,0.0,none,0.0,0.0,0.0,0.0,,,0.0,none,none,0.0,shape,cue_shape.wav,形状,393641.372,500.0,394407.622,blue,rabbit,blue_rabbit,repeat,shape,shape,3219.596,,,,,,,,,,,,,,,,,,,,,,,,,,,,,,,,,,,,,,,,,
013,013_T1_20260518_150017,Control,T1,standard,hci_substudy_v2,1,telemetry_v4,dccs,2,mixed_formal,formal,1,24,36,formal,shape,1779087617,59.946,2026-05-18T15:07:03.410,0,0,0,1,396877.704,396893.864,,,,,s,s,1,1869.661,399465.362,none,,397477.704,397595.701,399465.362,3000,1869.661,399465.362,"[{""stage_name"": ""fixation"", ""planned_duration_ms"": 100, ""intended_onset_ms"": 396877.704, ""actual_onset_global_ms"": 396893.864, ""actual_offset_global_ms"": 397004.796, ""actual_duration_ms"": 110.932}, {""stage_name"": ""cue"", ""planned_duration_ms"": 500, ""intended_onset_ms"": 396977.704, ""actual_onset_global_ms"": 397006.774, ""actual_offset_global_ms"": 397594.12, ""actual_duration_ms"": 587.346}, {""stage_name"": ""stimulus"", ""planned_duration_ms"": 3000, ""intended_onset_ms"": 397477.704, ""actual_onset_global_ms"": 397595.701, ""actual_offset_global_ms"": 399465.362, ""actual_duration_ms"": 1869.661}]",,,,,0.0,none,,,0.0,0.0,none,0.0,0.0,0.0,0.0,,,0.0,none,none,0.0,shape,cue_shape.wav,形状,397007.178,500.0,397773.428,blue,rabbit,blue_rabbit,repeat,shape,shape,2458.588,,,,,,,,,,,,,,,,,,,,,,,,,,,,,,,,,,,,,,,,,
013,013_T1_20260518_150017,Control,T1,standard,hci_substudy_v2,1,telemetry_v4,dccs,2,mixed_formal,formal,1,25,37,formal,color,1779087617,59.946,2026-05-18T15:07:06.028,0,0,0,1,399496.018,399514.09,,,,,j,j,1,1770.197,401964.403,none,,400096.018,400194.206,401964.403,3000,1770.197,401964.403,"[{""stage_name"": ""fixation"", ""planned_duration_ms"": 100, ""intended_onset_ms"": 399496.018, ""actual_onset_global_ms"": 399514.09, ""actual_offset_global_ms"": 399619.934, ""actual_duration_ms"": 105.844}, {""stage_name"": ""cue"", ""planned_duration_ms"": 500, ""intended_onset_ms"": 399596.018, ""actual_onset_global_ms"": 399622.429, ""actual_offset_global_ms"": 400193.571, ""actual_duration_ms"": 571.142}, {""stage_name"": ""stimulus"", ""planned_duration_ms"": 3000, ""intended_onset_ms"": 400096.018, ""actual_onset_global_ms"": 400194.206, ""actual_offset_global_ms"": 401964.403, ""actual_duration_ms"": 1770.197}]",,,,,0.0,none,,,0.0,0.0,none,0.0,0.0,0.0,0.0,,,0.0,none,none,0.0,color,cue_color.wav,颜色,399622.97,500.0,400319.532,red,rabbit,red_rabbit,switch,shape,color,2341.974,,,,,,,,,,,,,,,,,,,,,,,,,,,,,,,,,,,,,,,,,
013,013_T1_20260518_150017,Control,T1,standard,hci_substudy_v2,1,telemetry_v4,dccs,2,mixed_formal,formal,1,26,38,formal,color,1779087617,59.946,2026-05-18T15:07:08.511,0,0,0,1,401978.183,401998.66,,,,,s,s,1,918.828,403577.798,none,,402578.183,402658.97,403577.798,3000,918.828,403577.798,"[{""stage_name"": ""fixation"", ""planned_duration_ms"": 100, ""intended_onset_ms"": 401978.183, ""actual_onset_global_ms"": 401998.66, ""actual_offset_global_ms"": 402101.123, ""actual_duration_ms"": 102.463}, {""stage_name"": ""cue"", ""planned_duration_ms"": 500, ""intended_onset_ms"": 402078.183, ""actual_onset_global_ms"": 402102.638, ""actual_offset_global_ms"": 402656.294, ""actual_duration_ms"": 553.656}, {""stage_name"": ""stimulus"", ""planned_duration_ms"": 3000, ""intended_onset_ms"": 402578.183, ""actual_onset_global_ms"": 402658.97, ""actual_offset_global_ms"": 403577.798, ""actual_duration_ms"": 918.828}]",,,,,0.0,none,,,0.0,0.0,none,0.0,0.0,0.0,0.0,,,0.0,none,none,0.0,color,cue_color.wav,颜色,402103.194,500.0,402799.757,blue,rabbit,blue_rabbit,repeat,color,color,1475.16,,,,,,,,,,,,,,,,,,,,,,,,,,,,,,,,,,,,,,,,,
013,013_T1_20260518_150017,Control,T1,standard,hci_substudy_v2,1,telemetry_v4,dccs,2,mixed_formal,formal,1,27,39,formal,color,1779087617,59.946,2026-05-18T15:07:10.132,0,0,0,1,403598.98,403619.333,,,,,s,s,1,721.999,404995.203,none,,404198.98,404273.204,404995.203,3000,721.999,404995.203,"[{""stage_name"": ""fixation"", ""planned_duration_ms"": 100, ""intended_onset_ms"": 403598.98, ""actual_onset_global_ms"": 403619.333, ""actual_offset_global_ms"": 403715.793, ""actual_duration_ms"": 96.46}, {""stage_name"": ""cue"", ""planned_duration_ms"": 500, ""intended_onset_ms"": 403698.98, ""actual_onset_global_ms"": 403717.85, ""actual_offset_global_ms"": 404275.184, ""actual_duration_ms"": 557.334}, {""stage_name"": ""stimulus"", ""planned_duration_ms"": 3000, ""intended_onset_ms"": 404198.98, ""actual_onset_global_ms"": 404273.204, ""actual_offset_global_ms"": 404995.203, ""actual_duration_ms"": 721.999}]",,,,,0.0,none,,,0.0,0.0,none,0.0,0.0,0.0,0.0,,,0.0,none,none,0.0,color,cue_color.wav,颜色,403718.353,500.0,404414.916,blue,rabbit,blue_rabbit,repeat,color,color,1277.353,,,,,,,,,,,,,,,,,,,,,,,,,,,,,,,,,,,,,,,,,
013,013_T1_20260518_150017,Control,T1,standard,hci_substudy_v2,1,telemetry_v4,dccs,2,mixed_formal,formal,1,28,40,formal,shape,1779087617,59.946,2026-05-18T15:07:11.546,0,0,0,1,405014.09,405032.253,,,,,j,j,1,1179.618,406911.776,none,,405614.09,405732.158,406911.776,3000,1179.618,406911.776,"[{""stage_name"": ""fixation"", ""planned_duration_ms"": 100, ""intended_onset_ms"": 405014.09, ""actual_onset_global_ms"": 405032.253, ""actual_offset_global_ms"": 405135.958, ""actual_duration_ms"": 103.705}, {""stage_name"": ""cue"", ""planned_duration_ms"": 500, ""intended_onset_ms"": 405114.09, ""actual_onset_global_ms"": 405140.016, ""actual_offset_global_ms"": 405728.189, ""actual_duration_ms"": 588.173}, {""stage_name"": ""stimulus"", ""planned_duration_ms"": 3000, ""intended_onset_ms"": 405614.09, ""actual_onset_global_ms"": 405732.158, ""actual_offset_global_ms"": 406911.776, ""actual_duration_ms"": 1179.618}]",,,,,0.0,none,,,0.0,0.0,none,0.0,0.0,0.0,0.0,,,0.0,none,none,0.0,shape,cue_shape.wav,形状,405140.7,500.0,405906.95,red,boat,red_boat,switch,color,shape,1771.76,,,,,,,,,,,,,,,,,,,,,,,,,,,,,,,,,,,,,,,,,
013,013_T1_20260518_150017,Control,T1,standard,hci_substudy_v2,1,telemetry_v4,dccs,2,mixed_formal,formal,1,29,41,formal,shape,1779087617,59.946,2026-05-18T15:07:13.458,0,0,0,1,406926.24,406945.604,,,,,j,j,1,784.823,408385.356,none,,407526.24,407600.533,408385.356,3000,784.823,408385.356,"[{""stage_name"": ""fixation"", ""planned_duration_ms"": 100, ""intended_onset_ms"": 406926.24, ""actual_onset_global_ms"": 406945.604, ""actual_offset_global_ms"": 407052.686, ""actual_duration_ms"": 107.082}, {""stage_name"": ""cue"", ""planned_duration_ms"": 500, ""intended_onset_ms"": 407026.24, ""actual_onset_global_ms"": 407053.593, ""actual_offset_global_ms"": 407601.545, ""actual_duration_ms"": 547.952}, {""stage_name"": ""stimulus"", ""planned_duration_ms"": 3000, ""intended_onset_ms"": 407526.24, ""actual_onset_global_ms"": 407600.533, ""actual_offset_global_ms"": 408385.356, ""actual_duration_ms"": 784.823}]",,,,,0.0,none,,,0.0,0.0,none,0.0,0.0,0.0,0.0,,,0.0,none,none,0.0,shape,cue_shape.wav,形状,407054.038,500.0,407820.288,red,boat,red_boat,repeat,shape,shape,1331.763,,,,,,,,,,,,,,,,,,,,,,,,,,,,,,,,,,,,,,,,,
013,013_T1_20260518_150017,Control,T1,standard,hci_substudy_v2,1,telemetry_v4,dccs,2,mixed_formal,formal,1,30,42,formal,color,1779087617,59.946,2026-05-18T15:07:14.948,0,0,0,1,408416.431,408438.826,,,,,j,j,1,1462.866,410625.023,none,,409016.431,409162.157,410625.023,3000,1462.866,410625.023,"[{""stage_name"": ""fixation"", ""planned_duration_ms"": 100, ""intended_onset_ms"": 408416.431, ""actual_onset_global_ms"": 408438.826, ""actual_offset_global_ms"": 408534.649, ""actual_duration_ms"": 95.823}, {""stage_name"": ""cue"", ""planned_duration_ms"": 500, ""intended_onset_ms"": 408516.431, ""actual_onset_global_ms"": 408538.433, ""actual_offset_global_ms"": 409157.607, ""actual_duration_ms"": 619.174}, {""stage_name"": ""stimulus"", ""planned_duration_ms"": 3000, ""intended_onset_ms"": 409016.431, ""actual_onset_global_ms"": 409162.157, ""actual_offset_global_ms"": 410625.023, ""actual_duration_ms"": 1462.866}]",,,,,0.0,none,,,0.0,0.0,none,0.0,0.0,0.0,0.0,,,0.0,none,none,0.0,color,cue_color.wav,颜色,408539.067,500.0,409235.629,red,rabbit,red_rabbit,switch,shape,color,2086.59,,,,,,,,,,,,,,,,,,,,,,,,,,,,,,,,,,,,,,,,,
013,013_T1_20260518_150017,Control,T1,standard,hci_substudy_v2,1,telemetry_v4,digit_span,3,practice_digitspan,practice,1,1,1,practice,span_2,1779087617,59.946,2026-05-18T15:07:59.803,0,0,0,1,453271.018,453491.694,,,,,,,1,,,,,453371.018,453496.105,507492.197,2000,53996.092,507492.197,"[{""stage_name"": ""fixation"", ""planned_duration_ms"": 100, ""intended_onset_ms"": 453271.018, ""actual_onset_global_ms"": 453491.694, ""actual_offset_global_ms"": 453508.376, ""actual_duration_ms"": 16.682}, {""stage_name"": ""auditory_sequence"", ""planned_duration_ms"": 2000, ""intended_onset_ms"": 453371.018, ""actual_onset_global_ms"": 453496.105, ""actual_offset_global_ms"": 455015.746, ""actual_duration_ms"": 1519.641}, {""stage_name"": ""wait"", ""planned_duration_ms"": 500, ""intended_onset_ms"": 455015.746, ""actual_onset_global_ms"": 455144.989, ""actual_offset_global_ms"": 455623.629, ""actual_duration_ms"": 478.64}, {""stage_name"": ""input_panel"", ""planned_duration_ms"": 15000, ""intended_onset_ms"": 455623.629, ""actual_onset_global_ms"": 455715.278, ""actual_offset_global_ms"": 507492.197, ""actual_duration_ms"": 51776.919}]",,,,,0.0,none,,,0.0,0.0,none,0.0,0.0,0.0,0.0,,,,,,,,,,,,,,,,,,,,none,0.0,0.0,0.0,0.0,2.0,1.0,1.0,"[7, 4]","[""4"", ""7""]","[""4"", ""7""]",47,onscreen_mouse,37821.549,51776.32,1.0,0.0,0.0,0.0,3.0,[6152.327],,"[453496.105, 454515.746]","[""digit_7.wav"", ""digit_4.wav""]","[{""audio_file"": ""digit_7.wav"", ""audio_start_global_ms"": 453496.105, ""audio_expected_duration_ms"": 500, ""audio_stop_global_ms"": 453996.105}, {""audio_file"": ""digit_4.wav"", ""audio_start_global_ms"": 454515.746, ""audio_expected_duration_ms"": 500, ""audio_stop_global_ms"": 455015.746}]",0.0,,,,,,,,,,,,,,,
013,013_T1_20260518_150017,Control,T1,standard,hci_substudy_v2,1,telemetry_v4,digit_span,3,practice_digitspan,practice,1,2,2,practice,span_2,1779087617,59.946,2026-05-18T15:08:54.035,0,0,0,1,507502.252,507664.553,,,,,,,1,,,,,507602.252,507668.186,540290.48,2000,32622.294,540290.48,"[{""stage_name"": ""fixation"", ""planned_duration_ms"": 100, ""intended_onset_ms"": 507502.252, ""actual_onset_global_ms"": 507664.553, ""actual_offset_global_ms"": 507681.235, ""actual_duration_ms"": 16.682}, {""stage_name"": ""auditory_sequence"", ""planned_duration_ms"": 2000, ""intended_onset_ms"": 507602.252, ""actual_onset_global_ms"": 507668.186, ""actual_offset_global_ms"": 509217.556, ""actual_duration_ms"": 1549.37}, {""stage_name"": ""wait"", ""planned_duration_ms"": 500, ""intended_onset_ms"": 509217.556, ""actual_onset_global_ms"": 509285.446, ""actual_offset_global_ms"": 509779.672, ""actual_duration_ms"": 494.226}, {""stage_name"": ""input_panel"", ""planned_duration_ms"": 15000, ""intended_onset_ms"": 509779.672, ""actual_onset_global_ms"": 509785.008, ""actual_offset_global_ms"": 540290.48, ""actual_duration_ms"": 30505.472}]",,,,,0.0,none,,,0.0,0.0,none,0.0,0.0,0.0,0.0,,,,,,,,,,,,,,,,,,,,none,0.0,0.0,0.0,0.0,2.0,2.0,1.0,"[8, 1]","[""1"", ""8""]","[""1"", ""8""]",18,onscreen_mouse,6139.224,30505.361,1.0,0.0,2.0,0.0,7.0,"[3315.546, 15032.931, 3672.331]",,"[507668.186, 508717.556]","[""digit_8.wav"", ""digit_1.wav""]","[{""audio_file"": ""digit_8.wav"", ""audio_start_global_ms"": 507668.186, ""audio_expected_duration_ms"": 500, ""audio_stop_global_ms"": 508168.186}, {""audio_file"": ""digit_1.wav"", ""audio_start_global_ms"": 508717.556, ""audio_expected_duration_ms"": 500, ""audio_stop_global_ms"": 509217.556}]",0.0,,,,,,,,,,,,,,,
013,013_T1_20260518_150017,Control,T1,standard,hci_substudy_v2,1,telemetry_v4,digit_span,3,practice_digitspan,practice,1,3,3,practice,span_2,1779087617,59.946,2026-05-18T15:09:26.829,0,0,0,1,540296.396,540443.504,,,,,,,1,,,,,540396.396,540447.159,555742.538,2000,15295.379,555742.538,"[{""stage_name"": ""fixation"", ""planned_duration_ms"": 100, ""intended_onset_ms"": 540296.396, ""actual_onset_global_ms"": 540443.504, ""actual_offset_global_ms"": 540460.186, ""actual_duration_ms"": 16.682}, {""stage_name"": ""auditory_sequence"", ""planned_duration_ms"": 2000, ""intended_onset_ms"": 540396.396, ""actual_onset_global_ms"": 540447.159, ""actual_offset_global_ms"": 541996.94, ""actual_duration_ms"": 1549.781}, {""stage_name"": ""wait"", ""planned_duration_ms"": 500, ""intended_onset_ms"": 541996.94, ""actual_onset_global_ms"": 542080.528, ""actual_offset_global_ms"": 542592.084, ""actual_duration_ms"": 511.556}, {""stage_name"": ""input_panel"", ""planned_duration_ms"": 15000, ""intended_onset_ms"": 542592.084, ""actual_onset_global_ms"": 542599.576, ""actual_offset_global_ms"": 555742.538, ""actual_duration_ms"": 13142.962}]",,,,,0.0,none,,,0.0,0.0,none,0.0,0.0,0.0,0.0,,,,,,,,,,,,,,,,,,,,none,0.0,0.0,0.0,0.0,2.0,3.0,1.0,"[7, 3]","[""3"", ""7""]","[""3"", ""7""]",37,onscreen_mouse,4406.337,13142.86,1.0,0.0,0.0,0.0,3.0,[4654.387],,"[540447.159, 541496.94]","[""digit_7.wav"", ""digit_3.wav""]","[{""audio_file"": ""digit_7.wav"", ""audio_start_global_ms"": 540447.159, ""audio_expected_duration_ms"": 500, ""audio_stop_global_ms"": 540947.159}, {""audio_file"": ""digit_3.wav"", ""audio_start_global_ms"": 541496.94, ""audio_expected_duration_ms"": 500, ""audio_stop_global_ms"": 541996.94}]",0.0,,,,,,,,,,,,,,,
013,013_T1_20260518_150017,Control,T1,standard,hci_substudy_v2,1,telemetry_v4,digit_span,3,practice_digitspan,practice,1,4,4,practice,span_2,1779087617,59.946,2026-05-18T15:09:42.280,0,0,0,1,555748.186,555909.65,,,,,,,1,,,,,555848.186,555913.416,567846.376,2000,11932.96,567846.376,"[{""stage_name"": ""fixation"", ""planned_duration_ms"": 100, ""intended_onset_ms"": 555748.186, ""actual_onset_global_ms"": 555909.65, ""actual_offset_global_ms"": 555926.332, ""actual_duration_ms"": 16.682}, {""stage_name"": ""auditory_sequence"", ""planned_duration_ms"": 2000, ""intended_onset_ms"": 555848.186, ""actual_onset_global_ms"": 555913.416, ""actual_offset_global_ms"": 557492.735, ""actual_duration_ms"": 1579.319}, {""stage_name"": ""wait"", ""planned_duration_ms"": 500, ""intended_onset_ms"": 557492.735, ""actual_onset_global_ms"": 557569.181, ""actual_offset_global_ms"": 558063.722, ""actual_duration_ms"": 494.541}, {""stage_name"": ""input_panel"", ""planned_duration_ms"": 15000, ""intended_onset_ms"": 558063.722, ""actual_onset_global_ms"": 558069.882, ""actual_offset_global_ms"": 567846.376, ""actual_duration_ms"": 9776.494}]",,,,,0.0,none,,,0.0,0.0,none,0.0,0.0,0.0,0.0,,,,,,,,,,,,,,,,,,,,none,0.0,0.0,0.0,0.0,2.0,4.0,1.0,"[8, 5]","[""5"", ""8""]","[""5"", ""8""]",58,onscreen_mouse,5135.542,9776.142,1.0,0.0,0.0,0.0,3.0,[1968.53],,"[555913.416, 556992.735]","[""digit_8.wav"", ""digit_5.wav""]","[{""audio_file"": ""digit_8.wav"", ""audio_start_global_ms"": 555913.416, ""audio_expected_duration_ms"": 500, ""audio_stop_global_ms"": 556413.416}, {""audio_file"": ""digit_5.wav"", ""audio_start_global_ms"": 556992.735, ""audio_expected_duration_ms"": 500, ""audio_stop_global_ms"": 557492.735}]",0.0,,,,,,,,,,,,,,,
013,013_T1_20260518_150017,Control,T1,standard,hci_substudy_v2,1,telemetry_v4,digit_span,3,practice_digitspan,practice,1,5,5,practice,span_2,1779087617,59.946,2026-05-18T15:09:54.385,0,0,0,1,567852.779,568023.115,,,,,,,1,,,,,567952.779,568027.081,589838.901,2000,21811.82,589838.901,"[{""stage_name"": ""fixation"", ""planned_duration_ms"": 100, ""intended_onset_ms"": 567852.779, ""actual_onset_global_ms"": 568023.115, ""actual_offset_global_ms"": 568039.797, ""actual_duration_ms"": 16.682}, {""stage_name"": ""auditory_sequence"", ""planned_duration_ms"": 2000, ""intended_onset_ms"": 567952.779, ""actual_onset_global_ms"": 568027.081, ""actual_offset_global_ms"": 569553.058, ""actual_duration_ms"": 1525.977}, {""stage_name"": ""wait"", ""planned_duration_ms"": 500, ""intended_onset_ms"": 569553.058, ""actual_onset_global_ms"": 569633.772, ""actual_offset_global_ms"": 570144.7, ""actual_duration_ms"": 510.928}, {""stage_name"": ""input_panel"", ""planned_duration_ms"": 15000, ""intended_onset_ms"": 570144.7, ""actual_onset_global_ms"": 570150.274, ""actual_offset_global_ms"": 589838.901, ""actual_duration_ms"": 19688.627}]",,,,,0.0,none,,,0.0,0.0,none,0.0,0.0,0.0,0.0,,,,,,,,,,,,,,,,,,,,none,0.0,0.0,0.0,0.0,2.0,5.0,1.0,"[3, 9]","[""9"", ""3""]","[""9"", ""3""]",93,onscreen_mouse,7742.163,19688.533,1.0,0.0,0.0,0.0,3.0,[4541.786],,"[568027.081, 569053.058]","[""digit_3.wav"", ""digit_9.wav""]","[{""audio_file"": ""digit_3.wav"", ""audio_start_global_ms"": 568027.081, ""audio_expected_duration_ms"": 500, ""audio_stop_global_ms"": 568527.081}, {""audio_file"": ""digit_9.wav"", ""audio_start_global_ms"": 569053.058, ""audio_expected_duration_ms"": 500, ""audio_stop_global_ms"": 569553.058}]",0.0,,,,,,,,,,,,,,,
013,013_T1_20260518_150017,Control,T1,standard,hci_substudy_v2,1,telemetry_v4,digit_span,3,practice_digitspan,practice,1,6,6,practice,span_2,1779087617,59.946,2026-05-18T15:10:16.377,0,0,0,1,589845.032,589985.883,,,,,,,1,,,,,589945.032,589990.147,601011.136,2000,11020.989,601011.136,"[{""stage_name"": ""fixation"", ""planned_duration_ms"": 100, ""intended_onset_ms"": 589845.032, ""actual_onset_global_ms"": 589985.883, ""actual_offset_global_ms"": 590002.565, ""actual_duration_ms"": 16.682}, {""stage_name"": ""auditory_sequence"", ""planned_duration_ms"": 2000, ""intended_onset_ms"": 589945.032, ""actual_onset_global_ms"": 589990.147, ""actual_offset_global_ms"": 591491.84, ""actual_duration_ms"": 1501.693}, {""stage_name"": ""wait"", ""planned_duration_ms"": 500, ""intended_onset_ms"": 591491.84, ""actual_onset_global_ms"": 591525.555, ""actual_offset_global_ms"": 592012.82, ""actual_duration_ms"": 487.265}, {""stage_name"": ""input_panel"", ""planned_duration_ms"": 15000, ""intended_onset_ms"": 592012.82, ""actual_onset_global_ms"": 592027.116, ""actual_offset_global_ms"": 601011.136, ""actual_duration_ms"": 8984.02}]",,,,,0.0,none,,,0.0,0.0,none,0.0,0.0,0.0,0.0,,,,,,,,,,,,,,,,,,,,none,0.0,0.0,0.0,0.0,2.0,6.0,1.0,"[8, 2]","[""2"", ""8""]","[""2"", ""8""]",28,onscreen_mouse,3489.116,8983.848,1.0,0.0,0.0,0.0,3.0,[2378.931],,"[589990.147, 590991.84]","[""digit_8.wav"", ""digit_2.wav""]","[{""audio_file"": ""digit_8.wav"", ""audio_start_global_ms"": 589990.147, ""audio_expected_duration_ms"": 500, ""audio_stop_global_ms"": 590490.147}, {""audio_file"": ""digit_2.wav"", ""audio_start_global_ms"": 590991.84, ""audio_expected_duration_ms"": 500, ""audio_stop_global_ms"": 591491.84}]",0.0,,,,,,,,,,,,,,,
013,013_T1_20260518_150017,Control,T1,standard,hci_substudy_v2,1,telemetry_v4,digit_span,3,formal_span_2,formal,1,1,7,formal,span_2,1779087617,59.946,2026-05-18T15:10:34.717,0,0,0,1,608184.819,608365.304,,,,,,,1,,,,,608284.819,608369.241,621619.556,2000,13250.315,621619.556,"[{""stage_name"": ""fixation"", ""planned_duration_ms"": 100, ""intended_onset_ms"": 608184.819, ""actual_onset_global_ms"": 608365.304, ""actual_offset_global_ms"": 608381.986, ""actual_duration_ms"": 16.682}, {""stage_name"": ""auditory_sequence"", ""planned_duration_ms"": 2000, ""intended_onset_ms"": 608284.819, ""actual_onset_global_ms"": 608369.241, ""actual_offset_global_ms"": 609924.476, ""actual_duration_ms"": 1555.235}, {""stage_name"": ""wait"", ""planned_duration_ms"": 500, ""intended_onset_ms"": 609924.476, ""actual_onset_global_ms"": 610013.039, ""actual_offset_global_ms"": 610512.991, ""actual_duration_ms"": 499.952}, {""stage_name"": ""input_panel"", ""planned_duration_ms"": 15000, ""intended_onset_ms"": 610512.991, ""actual_onset_global_ms"": 610526.467, ""actual_offset_global_ms"": 621619.556, ""actual_duration_ms"": 11093.089}]",,,,,0.0,none,,,0.0,0.0,none,0.0,0.0,0.0,0.0,,,,,,,,,,,,,,,,,,,,none,0.0,0.0,0.0,0.0,2.0,1.0,1.0,"[3, 6]","[""6"", ""3""]","[""6"", ""3""]",63,onscreen_mouse,6848.134,11092.69,1.0,0.0,0.0,0.0,3.0,[1652.711],advance,"[608369.241, 609424.476]","[""digit_3.wav"", ""digit_6.wav""]","[{""audio_file"": ""digit_3.wav"", ""audio_start_global_ms"": 608369.241, ""audio_expected_duration_ms"": 500, ""audio_stop_global_ms"": 608869.241}, {""audio_file"": ""digit_6.wav"", ""audio_start_global_ms"": 609424.476, ""audio_expected_duration_ms"": 500, ""audio_stop_global_ms"": 609924.476}]",0.0,two_failures_in_span,7.0,,,,,,,,,,,,,
013,013_T1_20260518_150017,Control,T1,standard,hci_substudy_v2,1,telemetry_v4,digit_span,3,formal_span_2,formal,1,2,8,formal,span_2,1779087617,59.946,2026-05-18T15:10:48.158,0,0,0,1,621626.062,621785.824,,,,,,,1,,,,,621726.062,621790.659,636344.883,2000,14554.224,636344.883,"[{""stage_name"": ""fixation"", ""planned_duration_ms"": 100, ""intended_onset_ms"": 621626.062, ""actual_onset_global_ms"": 621785.824, ""actual_offset_global_ms"": 621802.506, ""actual_duration_ms"": 16.682}, {""stage_name"": ""auditory_sequence"", ""planned_duration_ms"": 2000, ""intended_onset_ms"": 621726.062, ""actual_onset_global_ms"": 621790.659, ""actual_offset_global_ms"": 623375.779, ""actual_duration_ms"": 1585.12}, {""stage_name"": ""wait"", ""planned_duration_ms"": 500, ""intended_onset_ms"": 623375.779, ""actual_onset_global_ms"": 623481.253, ""actual_offset_global_ms"": 623981.83, ""actual_duration_ms"": 500.577}, {""stage_name"": ""input_panel"", ""planned_duration_ms"": 15000, ""intended_onset_ms"": 623981.83, ""actual_onset_global_ms"": 623988.474, ""actual_offset_global_ms"": 636344.883, ""actual_duration_ms"": 12356.409}]",,,,,0.0,none,,,0.0,0.0,none,0.0,0.0,0.0,0.0,,,,,,,,,,,,,,,,,,,,none,0.0,0.0,0.0,0.0,2.0,2.0,1.0,"[4, 8]","[""8"", ""4""]","[""8"", ""4""]",84,onscreen_mouse,5710.453,12356.231,1.0,0.0,0.0,0.0,3.0,[3320.664],advance,"[621790.659, 622875.779]","[""digit_4.wav"", ""digit_8.wav""]","[{""audio_file"": ""digit_4.wav"", ""audio_start_global_ms"": 621790.659, ""audio_expected_duration_ms"": 500, ""audio_stop_global_ms"": 622290.659}, {""audio_file"": ""digit_8.wav"", ""audio_start_global_ms"": 622875.779, ""audio_expected_duration_ms"": 500, ""audio_stop_global_ms"": 623375.779}]",0.0,two_failures_in_span,7.0,,,,,,,,,,,,,
013,013_T1_20260518_150017,Control,T1,standard,hci_substudy_v2,1,telemetry_v4,digit_span,3,formal_span_3,formal,2,1,9,formal,span_3,1779087617,59.946,2026-05-18T15:11:02.891,0,0,0,1,636358.816,636529.493,,,,,,,1,,,,,636458.816,636534.276,659176.845,3000,22642.569,659176.845,"[{""stage_name"": ""fixation"", ""planned_duration_ms"": 100, ""intended_onset_ms"": 636358.816, ""actual_onset_global_ms"": 636529.493, ""actual_offset_global_ms"": 636546.175, ""actual_duration_ms"": 16.682}, {""stage_name"": ""auditory_sequence"", ""planned_duration_ms"": 3000, ""intended_onset_ms"": 636458.816, ""actual_onset_global_ms"": 636534.276, ""actual_offset_global_ms"": 639095.683, ""actual_duration_ms"": 2561.407}, {""stage_name"": ""wait"", ""planned_duration_ms"": 500, ""intended_onset_ms"": 639095.683, ""actual_onset_global_ms"": 639196.832, ""actual_offset_global_ms"": 639692.79, ""actual_duration_ms"": 495.958}, {""stage_name"": ""input_panel"", ""planned_duration_ms"": 15000, ""intended_onset_ms"": 639692.79, ""actual_onset_global_ms"": 639697.864, ""actual_offset_global_ms"": 659176.845, ""actual_duration_ms"": 19478.981}]",,,,,0.0,none,,,0.0,0.0,none,0.0,0.0,0.0,0.0,,,,,,,,,,,,,,,,,,,,none,0.0,0.0,0.0,0.0,3.0,1.0,2.0,"[7, 6, 8]","[""8"", ""6"", ""7""]","[""8"", ""6"", ""7""]",867,onscreen_mouse,7227.026,19478.816,1.0,0.0,0.0,0.0,4.0,"[3483.843, 4409.28]",advance,"[636534.276, 637605.476, 638595.683]","[""digit_7.wav"", ""digit_6.wav"", ""digit_8.wav""]","[{""audio_file"": ""digit_7.wav"", ""audio_start_global_ms"": 636534.276, ""audio_expected_duration_ms"": 500, ""audio_stop_global_ms"": 637034.276}, {""audio_file"": ""digit_6.wav"", ""audio_start_global_ms"": 637605.476, ""audio_expected_duration_ms"": 500, ""audio_stop_global_ms"": 638105.476}, {""audio_file"": ""digit_8.wav"", ""audio_start_global_ms"": 638595.683, ""audio_expected_duration_ms"": 500, ""audio_stop_global_ms"": 639095.683}]",0.0,two_failures_in_span,7.0,,,,,,,,,,,,,
013,013_T1_20260518_150017,Control,T1,standard,hci_substudy_v2,1,telemetry_v4,digit_span,3,formal_span_3,formal,2,2,10,formal,span_3,1779087617,59.946,2026-05-18T15:11:25.719,0,0,0,1,659186.672,659327.574,,,,,,,1,,,,,659286.672,659331.723,675514.028,3000,16182.305,675514.028,"[{""stage_name"": ""fixation"", ""planned_duration_ms"": 100, ""intended_onset_ms"": 659186.672, ""actual_onset_global_ms"": 659327.574, ""actual_offset_global_ms"": 659344.256, ""actual_duration_ms"": 16.682}, {""stage_name"": ""auditory_sequence"", ""planned_duration_ms"": 3000, ""intended_onset_ms"": 659286.672, ""actual_onset_global_ms"": 659331.723, ""actual_offset_global_ms"": 661836.806, ""actual_duration_ms"": 2505.083}, {""stage_name"": ""wait"", ""planned_duration_ms"": 500, ""intended_onset_ms"": 661836.806, ""actual_onset_global_ms"": 661863.913, ""actual_offset_global_ms"": 662371.569, ""actual_duration_ms"": 507.656}, {""stage_name"": ""input_panel"", ""planned_duration_ms"": 15000, ""intended_onset_ms"": 662371.569, ""actual_onset_global_ms"": 662379.117, ""actual_offset_global_ms"": 675514.028, ""actual_duration_ms"": 13134.911}]",,,,,0.0,none,,,0.0,0.0,none,0.0,0.0,0.0,0.0,,,,,,,,,,,,,,,,,,,,none,0.0,0.0,0.0,0.0,3.0,2.0,2.0,"[1, 4, 3]","[""3"", ""4"", ""1""]","[""3"", ""4"", ""1""]",341,onscreen_mouse,3912.417,13134.699,1.0,0.0,0.0,0.0,4.0,"[3558.01, 2663.262]",advance,"[659331.723, 660332.732, 661336.806]","[""digit_1.wav"", ""digit_4.wav"", ""digit_3.wav""]","[{""audio_file"": ""digit_1.wav"", ""audio_start_global_ms"": 659331.723, ""audio_expected_duration_ms"": 500, ""audio_stop_global_ms"": 659831.723}, {""audio_file"": ""digit_4.wav"", ""audio_start_global_ms"": 660332.732, ""audio_expected_duration_ms"": 500, ""audio_stop_global_ms"": 660832.732}, {""audio_file"": ""digit_3.wav"", ""audio_start_global_ms"": 661336.806, ""audio_expected_duration_ms"": 500, ""audio_stop_global_ms"": 661836.806}]",0.0,two_failures_in_span,7.0,,,,,,,,,,,,,
013,013_T1_20260518_150017,Control,T1,standard,hci_substudy_v2,1,telemetry_v4,digit_span,3,formal_span_4,formal,3,1,11,formal,span_4,1779087617,59.946,2026-05-18T15:11:42.061,0,0,0,1,675528.347,675701.323,,,,,,,1,,,,,675628.347,675706.153,708614.686,4000,32908.533,708614.686,"[{""stage_name"": ""fixation"", ""planned_duration_ms"": 100, ""intended_onset_ms"": 675528.347, ""actual_onset_global_ms"": 675701.323, ""actual_offset_global_ms"": 675718.005, ""actual_duration_ms"": 16.682}, {""stage_name"": ""auditory_sequence"", ""planned_duration_ms"": 4000, ""intended_onset_ms"": 675628.347, ""actual_onset_global_ms"": 675706.153, ""actual_offset_global_ms"": 679284.691, ""actual_duration_ms"": 3578.538}, {""stage_name"": ""wait"", ""planned_duration_ms"": 500, ""intended_onset_ms"": 679284.691, ""actual_onset_global_ms"": 679337.986, ""actual_offset_global_ms"": 679849.241, ""actual_duration_ms"": 511.255}, {""stage_name"": ""input_panel"", ""planned_duration_ms"": 15000, ""intended_onset_ms"": 679849.241, ""actual_onset_global_ms"": 679857.882, ""actual_offset_global_ms"": 708614.686, ""actual_duration_ms"": 28756.804}]",,,,,0.0,none,,,0.0,0.0,none,0.0,0.0,0.0,0.0,,,,,,,,,,,,,,,,,,,,none,0.0,0.0,0.0,0.0,4.0,1.0,3.0,"[5, 7, 2, 6]","[""6"", ""2"", ""7"", ""5""]","[""6"", ""2"", ""7"", ""5""]",6275,onscreen_mouse,7938.948,28756.505,1.0,0.0,0.0,0.0,5.0,"[9106.372, 5314.51, 3674.318]",advance,"[675706.153, 676738.795, 677760.288, 678784.691]","[""digit_5.wav"", ""digit_7.wav"", ""digit_2.wav"", ""digit_6.wav""]","[{""audio_file"": ""digit_5.wav"", ""audio_start_global_ms"": 675706.153, ""audio_expected_duration_ms"": 500, ""audio_stop_global_ms"": 676206.153}, {""audio_file"": ""digit_7.wav"", ""audio_start_global_ms"": 676738.795, ""audio_expected_duration_ms"": 500, ""audio_stop_global_ms"": 677238.795}, {""audio_file"": ""digit_2.wav"", ""audio_start_global_ms"": 677760.288, ""audio_expected_duration_ms"": 500, ""audio_stop_global_ms"": 678260.288}, {""audio_file"": ""digit_6.wav"", ""audio_start_global_ms"": 678784.691, ""audio_expected_duration_ms"": 500, ""audio_stop_global_ms"": 679284.691}]",0.0,two_failures_in_span,7.0,,,,,,,,,,,,,
013,013_T1_20260518_150017,Control,T1,standard,hci_substudy_v2,1,telemetry_v4,digit_span,3,formal_span_4,formal,3,2,12,formal,span_4,1779087617,59.946,2026-05-18T15:12:15.154,0,0,0,1,708621.983,708776.786,,,,,,,1,,,,,708721.983,708780.387,738874.953,4000,30094.566,738874.953,"[{""stage_name"": ""fixation"", ""planned_duration_ms"": 100, ""intended_onset_ms"": 708621.983, ""actual_onset_global_ms"": 708776.786, ""actual_offset_global_ms"": 708793.468, ""actual_duration_ms"": 16.682}, {""stage_name"": ""auditory_sequence"", ""planned_duration_ms"": 4000, ""intended_onset_ms"": 708721.983, ""actual_onset_global_ms"": 708780.387, ""actual_offset_global_ms"": 712359.462, ""actual_duration_ms"": 3579.075}, {""stage_name"": ""wait"", ""planned_duration_ms"": 500, ""intended_onset_ms"": 712359.462, ""actual_onset_global_ms"": 712452.332, ""actual_offset_global_ms"": 712953.632, ""actual_duration_ms"": 501.3}, {""stage_name"": ""input_panel"", ""planned_duration_ms"": 15000, ""intended_onset_ms"": 712953.632, ""actual_onset_global_ms"": 712960.412, ""actual_offset_global_ms"": 738874.953, ""actual_duration_ms"": 25914.541}]",,,,,0.0,none,,,0.0,0.0,none,0.0,0.0,0.0,0.0,,,,,,,,,,,,,,,,,,,,none,0.0,0.0,0.0,0.0,4.0,2.0,3.0,"[3, 4, 8, 9]","[""9"", ""8"", ""4"", ""3""]","[""9"", ""8"", ""4"", ""3""]",9843,onscreen_mouse,7002.641,25914.414,1.0,0.0,0.0,0.0,5.0,"[5453.157, 6047.349, 2484.957]",advance,"[708780.387, 709841.312, 710880.034, 711859.462]","[""digit_3.wav"", ""digit_4.wav"", ""digit_8.wav"", ""digit_9.wav""]","[{""audio_file"": ""digit_3.wav"", ""audio_start_global_ms"": 708780.387, ""audio_expected_duration_ms"": 500, ""audio_stop_global_ms"": 709280.387}, {""audio_file"": ""digit_4.wav"", ""audio_start_global_ms"": 709841.312, ""audio_expected_duration_ms"": 500, ""audio_stop_global_ms"": 710341.312}, {""audio_file"": ""digit_8.wav"", ""audio_start_global_ms"": 710880.034, ""audio_expected_duration_ms"": 500, ""audio_stop_global_ms"": 711380.034}, {""audio_file"": ""digit_9.wav"", ""audio_start_global_ms"": 711859.462, ""audio_expected_duration_ms"": 500, ""audio_stop_global_ms"": 712359.462}]",0.0,two_failures_in_span,7.0,,,,,,,,,,,,,
013,013_T1_20260518_150017,Control,T1,standard,hci_substudy_v2,1,telemetry_v4,digit_span,3,formal_span_5,formal,4,1,13,formal,span_5,1779087617,59.946,2026-05-18T15:12:45.421,0,0,0,1,738888.886,739052.691,,,,,,,1,,,,,738988.886,739057.565,783481.011,5000,44423.446,783481.011,"[{""stage_name"": ""fixation"", ""planned_duration_ms"": 100, ""intended_onset_ms"": 738888.886, ""actual_onset_global_ms"": 739052.691, ""actual_offset_global_ms"": 739069.373, ""actual_duration_ms"": 16.682}, {""stage_name"": ""auditory_sequence"", ""planned_duration_ms"": 5000, ""intended_onset_ms"": 738988.886, ""actual_onset_global_ms"": 739057.565, ""actual_offset_global_ms"": 743572.924, ""actual_duration_ms"": 4515.359}, {""stage_name"": ""wait"", ""planned_duration_ms"": 500, ""intended_onset_ms"": 743572.924, ""actual_onset_global_ms"": 743687.284, ""actual_offset_global_ms"": 744179.852, ""actual_duration_ms"": 492.568}, {""stage_name"": ""input_panel"", ""planned_duration_ms"": 15000, ""intended_onset_ms"": 744179.852, ""actual_onset_global_ms"": 744185.563, ""actual_offset_global_ms"": 783481.011, ""actual_duration_ms"": 39295.448}]",,,,,0.0,none,,,0.0,0.0,none,0.0,0.0,0.0,0.0,,,,,,,,,,,,,,,,,,,,none,0.0,0.0,0.0,0.0,5.0,1.0,4.0,"[5, 6, 7, 9, 4]","[""4"", ""9"", ""7"", ""6"", ""5""]","[""4"", ""9"", ""7"", ""6"", ""5""]",49765,onscreen_mouse,12344.965,39295.234,1.0,0.0,0.0,0.0,6.0,"[2345.071, 5983.768, 5222.351, 8829.179]",advance,"[739057.565, 740108.675, 741063.058, 742110.858, 743072.924]","[""digit_5.wav"", ""digit_6.wav"", ""digit_7.wav"", ""digit_9.wav"", ""digit_4.wav""]","[{""audio_file"": ""digit_5.wav"", ""audio_start_global_ms"": 739057.565, ""audio_expected_duration_ms"": 500, ""audio_stop_global_ms"": 739557.565}, {""audio_file"": ""digit_6.wav"", ""audio_start_global_ms"": 740108.675, ""audio_expected_duration_ms"": 500, ""audio_stop_global_ms"": 740608.675}, {""audio_file"": ""digit_7.wav"", ""audio_start_global_ms"": 741063.058, ""audio_expected_duration_ms"": 500, ""audio_stop_global_ms"": 741563.058}, {""audio_file"": ""digit_9.wav"", ""audio_start_global_ms"": 742110.858, ""audio_expected_duration_ms"": 500, ""audio_stop_global_ms"": 742610.858}, {""audio_file"": ""digit_4.wav"", ""audio_start_global_ms"": 743072.924, ""audio_expected_duration_ms"": 500, ""audio_stop_global_ms"": 743572.924}]",0.0,two_failures_in_span,7.0,,,,,,,,,,,,,
013,013_T1_20260518_150017,Control,T1,standard,hci_substudy_v2,1,telemetry_v4,digit_span,3,formal_span_5,formal,4,2,14,formal,span_5,1779087617,59.946,2026-05-18T15:13:30.022,0,0,0,1,783489.946,783662.915,,,,,,,1,,,,,783589.946,783668.093,830305.031,5000,46636.938,830305.031,"[{""stage_name"": ""fixation"", ""planned_duration_ms"": 100, ""intended_onset_ms"": 783489.946, ""actual_onset_global_ms"": 783662.915, ""actual_offset_global_ms"": 783679.597, ""actual_duration_ms"": 16.682}, {""stage_name"": ""auditory_sequence"", ""planned_duration_ms"": 5000, ""intended_onset_ms"": 783589.946, ""actual_onset_global_ms"": 783668.093, ""actual_offset_global_ms"": 788192.999, ""actual_duration_ms"": 4524.906}, {""stage_name"": ""wait"", ""planned_duration_ms"": 500, ""intended_onset_ms"": 788192.999, ""actual_onset_global_ms"": 788319.53, ""actual_offset_global_ms"": 788821.083, ""actual_duration_ms"": 501.553}, {""stage_name"": ""input_panel"", ""planned_duration_ms"": 15000, ""intended_onset_ms"": 788821.083, ""actual_onset_global_ms"": 788829.729, ""actual_offset_global_ms"": 830305.031, ""actual_duration_ms"": 41475.302}]",,,,,0.0,none,,,0.0,0.0,none,0.0,0.0,0.0,0.0,,,,,,,,,,,,,,,,,,,,none,0.0,0.0,0.0,0.0,5.0,2.0,4.0,"[8, 4, 5, 7, 1]","[""1"", ""7"", ""5"", ""4"", ""8""]","[""1"", ""7"", ""5"", ""4"", ""8""]",17548,onscreen_mouse,6134.726,41474.943,1.0,0.0,0.0,0.0,6.0,"[7703.692, 4746.835, 9926.096, 9739.086]",advance,"[783668.093, 784724.56, 785694.381, 786757.611, 787692.999]","[""digit_8.wav"", ""digit_4.wav"", ""digit_5.wav"", ""digit_7.wav"", ""digit_1.wav""]","[{""audio_file"": ""digit_8.wav"", ""audio_start_global_ms"": 783668.093, ""audio_expected_duration_ms"": 500, ""audio_stop_global_ms"": 784168.093}, {""audio_file"": ""digit_4.wav"", ""audio_start_global_ms"": 784724.56, ""audio_expected_duration_ms"": 500, ""audio_stop_global_ms"": 785224.56}, {""audio_file"": ""digit_5.wav"", ""audio_start_global_ms"": 785694.381, ""audio_expected_duration_ms"": 500, ""audio_stop_global_ms"": 786194.381}, {""audio_file"": ""digit_7.wav"", ""audio_start_global_ms"": 786757.611, ""audio_expected_duration_ms"": 500, ""audio_stop_global_ms"": 787257.611}, {""audio_file"": ""digit_1.wav"", ""audio_start_global_ms"": 787692.999, ""audio_expected_duration_ms"": 500, ""audio_stop_global_ms"": 788192.999}]",0.0,two_failures_in_span,7.0,,,,,,,,,,,,,
013,013_T1_20260518_150017,Control,T1,standard,hci_substudy_v2,1,telemetry_v4,digit_span,3,formal_span_6,formal,5,1,15,formal,span_6,1779087617,59.946,2026-05-18T15:14:16.852,0,0,0,1,830320.069,830486.605,,,,,,,0,,,,,830420.069,830490.47,889575.262,6000,59084.792,889575.262,"[{""stage_name"": ""fixation"", ""planned_duration_ms"": 100, ""intended_onset_ms"": 830320.069, ""actual_onset_global_ms"": 830486.605, ""actual_offset_global_ms"": 830503.287, ""actual_duration_ms"": 16.682}, {""stage_name"": ""auditory_sequence"", ""planned_duration_ms"": 6000, ""intended_onset_ms"": 830420.069, ""actual_onset_global_ms"": 830490.47, ""actual_offset_global_ms"": 836015.847, ""actual_duration_ms"": 5525.377}, {""stage_name"": ""wait"", ""planned_duration_ms"": 500, ""intended_onset_ms"": 836015.847, ""actual_onset_global_ms"": 836127.922, ""actual_offset_global_ms"": 836628.398, ""actual_duration_ms"": 500.476}, {""stage_name"": ""input_panel"", ""planned_duration_ms"": 15000, ""intended_onset_ms"": 836628.398, ""actual_onset_global_ms"": 836640.702, ""actual_offset_global_ms"": 889575.262, ""actual_duration_ms"": 52934.56}]",,,,,0.0,none,,,0.0,0.0,none,0.0,0.0,0.0,0.0,,,,,,,,,,,,,,,,,,,,none,0.0,0.0,0.0,0.0,6.0,1.0,5.0,"[9, 2, 3, 4, 7, 1]","[""1"", ""7"", ""4"", ""3"", ""2"", ""9""]","[""1"", ""7"", ""4"", ""8"", ""4"", ""5""]",174845,onscreen_mouse,5498.802,52934.373,0.0,0.0,2.0,0.0,11.0,"[2570.1, 9182.787, 4099.698, 15689.372, 2730.181, 8046.521, 2980.663]",advance,"[830490.47, 831556.043, 832531.077, 833549.927, 834582.084, 835515.847]","[""digit_9.wav"", ""digit_2.wav"", ""digit_3.wav"", ""digit_4.wav"", ""digit_7.wav"", ""digit_1.wav""]","[{""audio_file"": ""digit_9.wav"", ""audio_start_global_ms"": 830490.47, ""audio_expected_duration_ms"": 500, ""audio_stop_global_ms"": 830990.47}, {""audio_file"": ""digit_2.wav"", ""audio_start_global_ms"": 831556.043, ""audio_expected_duration_ms"": 500, ""audio_stop_global_ms"": 832056.043}, {""audio_file"": ""digit_3.wav"", ""audio_start_global_ms"": 832531.077, ""audio_expected_duration_ms"": 500, ""audio_stop_global_ms"": 833031.077}, {""audio_file"": ""digit_4.wav"", ""audio_start_global_ms"": 833549.927, ""audio_expected_duration_ms"": 500, ""audio_stop_global_ms"": 834049.927}, {""audio_file"": ""digit_7.wav"", ""audio_start_global_ms"": 834582.084, ""audio_expected_duration_ms"": 500, ""audio_stop_global_ms"": 835082.084}, {""audio_file"": ""digit_1.wav"", ""audio_start_global_ms"": 835515.847, ""audio_expected_duration_ms"": 500, ""audio_stop_global_ms"": 836015.847}]",0.0,two_failures_in_span,7.0,,,,,,,,,,,,,
013,013_T1_20260518_150017,Control,T1,standard,hci_substudy_v2,1,telemetry_v4,digit_span,3,formal_span_6,formal,5,2,16,formal,span_6,1779087617,59.946,2026-05-18T15:15:16.115,0,0,0,1,889583.778,889749.561,,,,,,,1,,,,,889683.778,889753.943,941562.884,6000,51808.941,941562.884,"[{""stage_name"": ""fixation"", ""planned_duration_ms"": 100, ""intended_onset_ms"": 889583.778, ""actual_onset_global_ms"": 889749.561, ""actual_offset_global_ms"": 889766.243, ""actual_duration_ms"": 16.682}, {""stage_name"": ""auditory_sequence"", ""planned_duration_ms"": 6000, ""intended_onset_ms"": 889683.778, ""actual_onset_global_ms"": 889753.943, ""actual_offset_global_ms"": 895338.857, ""actual_duration_ms"": 5584.914}, {""stage_name"": ""wait"", ""planned_duration_ms"": 500, ""intended_onset_ms"": 895338.857, ""actual_onset_global_ms"": 895438.672, ""actual_offset_global_ms"": 895944.578, ""actual_duration_ms"": 505.906}, {""stage_name"": ""input_panel"", ""planned_duration_ms"": 15000, ""intended_onset_ms"": 895944.578, ""actual_onset_global_ms"": 895951.676, ""actual_offset_global_ms"": 941562.884, ""actual_duration_ms"": 45611.208}]",,,,,0.0,none,,,0.0,0.0,none,0.0,0.0,0.0,0.0,,,,,,,,,,,,,,,,,,,,none,0.0,0.0,0.0,0.0,6.0,2.0,5.0,"[7, 2, 1, 5, 3, 9]","[""9"", ""3"", ""5"", ""1"", ""2"", ""7""]","[""9"", ""3"", ""5"", ""1"", ""2"", ""7""]",935127,onscreen_mouse,3038.1,45610.673,1.0,0.0,1.0,0.0,9.0,"[5265.802, 5907.11, 5838.24, 4875.932, 6702.705, 4018.879]",advance,"[889753.943, 890838.84, 891766.811, 892797.109, 893790.392, 894838.857]","[""digit_7.wav"", ""digit_2.wav"", ""digit_1.wav"", ""digit_5.wav"", ""digit_3.wav"", ""digit_9.wav""]","[{""audio_file"": ""digit_7.wav"", ""audio_start_global_ms"": 889753.943, ""audio_expected_duration_ms"": 500, ""audio_stop_global_ms"": 890253.943}, {""audio_file"": ""digit_2.wav"", ""audio_start_global_ms"": 890838.84, ""audio_expected_duration_ms"": 500, ""audio_stop_global_ms"": 891338.84}, {""audio_file"": ""digit_1.wav"", ""audio_start_global_ms"": 891766.811, ""audio_expected_duration_ms"": 500, ""audio_stop_global_ms"": 892266.811}, {""audio_file"": ""digit_5.wav"", ""audio_start_global_ms"": 892797.109, ""audio_expected_duration_ms"": 500, ""audio_stop_global_ms"": 893297.109}, {""audio_file"": ""digit_3.wav"", ""audio_start_global_ms"": 893790.392, ""audio_expected_duration_ms"": 500, ""audio_stop_global_ms"": 894290.392}, {""audio_file"": ""digit_9.wav"", ""audio_start_global_ms"": 894838.857, ""audio_expected_duration_ms"": 500, ""audio_stop_global_ms"": 895338.857}]",0.0,two_failures_in_span,7.0,,,,,,,,,,,,,
013,013_T1_20260518_150017,Control,T1,standard,hci_substudy_v2,1,telemetry_v4,digit_span,3,formal_span_7,formal,6,1,17,formal,span_7,1779087617,59.946,2026-05-18T15:16:08.111,0,0,0,1,941578.39,941745.86,,,,,,,0,,,,,941678.39,941749.841,1014254.228,7000,72504.387,1014254.228,"[{""stage_name"": ""fixation"", ""planned_duration_ms"": 100, ""intended_onset_ms"": 941578.39, ""actual_onset_global_ms"": 941745.86, ""actual_offset_global_ms"": 941762.542, ""actual_duration_ms"": 16.682}, {""stage_name"": ""auditory_sequence"", ""planned_duration_ms"": 7000, ""intended_onset_ms"": 941678.39, ""actual_onset_global_ms"": 941749.841, ""actual_offset_global_ms"": 948255.725, ""actual_duration_ms"": 6505.884}, {""stage_name"": ""wait"", ""planned_duration_ms"": 500, ""intended_onset_ms"": 948255.725, ""actual_onset_global_ms"": 948364.656, ""actual_offset_global_ms"": 948862.672, ""actual_duration_ms"": 498.016}, {""stage_name"": ""input_panel"", ""planned_duration_ms"": 15000, ""intended_onset_ms"": 948862.672, ""actual_onset_global_ms"": 948869.427, ""actual_offset_global_ms"": 1014254.228, ""actual_duration_ms"": 65384.801}]",,,,,0.0,none,,,0.0,0.0,none,0.0,0.0,0.0,0.0,,,,,,,,,,,,,,,,,,,,none,0.0,0.0,0.0,0.0,7.0,1.0,6.0,"[6, 8, 7, 2, 1, 5, 4]","[""4"", ""5"", ""1"", ""2"", ""7"", ""8"", ""6""]","[""4"", ""5""]",45,onscreen_mouse,5469.531,65384.49,0.0,0.0,2.0,1.0,9.0,"[3533.386, 35231.123, 3702.278]",terminate,"[941749.841, 942809.54, 943801.209, 944832.245, 945838.941, 946824.042, 947755.725]","[""digit_6.wav"", ""digit_8.wav"", ""digit_7.wav"", ""digit_2.wav"", ""digit_1.wav"", ""digit_5.wav"", ""digit_4.wav""]","[{""audio_file"": ""digit_6.wav"", ""audio_start_global_ms"": 941749.841, ""audio_expected_duration_ms"": 500, ""audio_stop_global_ms"": 942249.841}, {""audio_file"": ""digit_8.wav"", ""audio_start_global_ms"": 942809.54, ""audio_expected_duration_ms"": 500, ""audio_stop_global_ms"": 943309.54}, {""audio_file"": ""digit_7.wav"", ""audio_start_global_ms"": 943801.209, ""audio_expected_duration_ms"": 500, ""audio_stop_global_ms"": 944301.209}, {""audio_file"": ""digit_2.wav"", ""audio_start_global_ms"": 944832.245, ""audio_expected_duration_ms"": 500, ""audio_stop_global_ms"": 945332.245}, {""audio_file"": ""digit_1.wav"", ""audio_start_global_ms"": 945838.941, ""audio_expected_duration_ms"": 500, ""audio_stop_global_ms"": 946338.941}, {""audio_file"": ""digit_5.wav"", ""audio_start_global_ms"": 946824.042, ""audio_expected_duration_ms"": 500, ""audio_stop_global_ms"": 947324.042}, {""audio_file"": ""digit_4.wav"", ""audio_start_global_ms"": 947755.725, ""audio_expected_duration_ms"": 500, ""audio_stop_global_ms"": 948255.725}]",0.0,two_failures_in_span,7.0,,,,,,,,,,,,,
013,013_T1_20260518_150017,Control,T1,standard,hci_substudy_v2,1,telemetry_v4,digit_span,3,formal_span_7,formal,6,2,18,formal,span_7,1779087617,59.946,2026-05-18T15:17:20.795,0,0,0,1,1014262.608,1014440.479,,,,,,,0,,,,,1014362.608,1014443.919,1036610.544,7000,22166.625,1036610.544,"[{""stage_name"": ""fixation"", ""planned_duration_ms"": 100, ""intended_onset_ms"": 1014262.608, ""actual_onset_global_ms"": 1014440.479, ""actual_offset_global_ms"": 1014457.161, ""actual_duration_ms"": 16.682}, {""stage_name"": ""auditory_sequence"", ""planned_duration_ms"": 7000, ""intended_onset_ms"": 1014362.608, ""actual_onset_global_ms"": 1014443.919, ""actual_offset_global_ms"": 1020965.313, ""actual_duration_ms"": 6521.394}, {""stage_name"": ""wait"", ""planned_duration_ms"": 500, ""intended_onset_ms"": 1020965.313, ""actual_onset_global_ms"": 1021065.804, ""actual_offset_global_ms"": 1021566.678, ""actual_duration_ms"": 500.874}, {""stage_name"": ""input_panel"", ""planned_duration_ms"": 15000, ""intended_onset_ms"": 1021566.678, ""actual_onset_global_ms"": 1021576.777, ""actual_offset_global_ms"": 1036610.544, ""actual_duration_ms"": 15033.767}]",,,,,0.0,none,,,0.0,0.0,none,0.0,0.0,0.0,0.0,,,,,,,,,,,,,,,,,,,,none,0.0,0.0,0.0,0.0,7.0,2.0,6.0,"[1, 7, 9, 6, 3, 8, 5]","[""5"", ""8"", ""3"", ""6"", ""9"", ""7"", ""1""]","[""3"", ""8"", ""5""]",385,onscreen_mouse,6369.341,15033.387,0.0,0.0,0.0,0.0,4.0,"[3113.558, 2245.328]",terminate,"[1014443.919, 1015525.074, 1016459.673, 1017529.918, 1018513.771, 1019514.29, 1020465.313]","[""digit_1.wav"", ""digit_7.wav"", ""digit_9.wav"", ""digit_6.wav"", ""digit_3.wav"", ""digit_8.wav"", ""digit_5.wav""]","[{""audio_file"": ""digit_1.wav"", ""audio_start_global_ms"": 1014443.919, ""audio_expected_duration_ms"": 500, ""audio_stop_global_ms"": 1014943.919}, {""audio_file"": ""digit_7.wav"", ""audio_start_global_ms"": 1015525.074, ""audio_expected_duration_ms"": 500, ""audio_stop_global_ms"": 1016025.074}, {""audio_file"": ""digit_9.wav"", ""audio_start_global_ms"": 1016459.673, ""audio_expected_duration_ms"": 500, ""audio_stop_global_ms"": 1016959.673}, {""audio_file"": ""digit_6.wav"", ""audio_start_global_ms"": 1017529.918, ""audio_expected_duration_ms"": 500, ""audio_stop_global_ms"": 1018029.918}, {""audio_file"": ""digit_3.wav"", ""audio_start_global_ms"": 1018513.771, ""audio_expected_duration_ms"": 500, ""audio_stop_global_ms"": 1019013.771}, {""audio_file"": ""digit_8.wav"", ""audio_start_global_ms"": 1019514.29, ""audio_expected_duration_ms"": 500, ""audio_stop_global_ms"": 1020014.29}, {""audio_file"": ""digit_5.wav"", ""audio_start_global_ms"": 1020465.313, ""audio_expected_duration_ms"": 500, ""audio_stop_global_ms"": 1020965.313}]",0.0,two_failures_in_span,7.0,,,,,,,,,,,,,
013,013_T1_20260518_150017,Control,T1,standard,hci_substudy_v2,1,telemetry_v4,change_detection,4,practice_cd,practice,1,1,1,practice,N2_change,1779087617,59.946,2026-05-18T15:18:29.766,0,0,0,1,1083234.526,1083270.247,,,,,j,,1,10985.196,,correct,1.0,1086834.526,1086942.707,1097976.391,4000,11033.684,1098126.391,"[{""stage_name"": ""fixation"", ""planned_duration_ms"": 100, ""intended_onset_ms"": 1083234.526, ""actual_onset_global_ms"": 1083270.247, ""actual_offset_global_ms"": 1083362.922, ""actual_duration_ms"": 92.675}, {""stage_name"": ""memory_array"", ""planned_duration_ms"": 2500, ""intended_onset_ms"": 1083334.526, ""actual_onset_global_ms"": 1083409.847, ""actual_offset_global_ms"": 1085865.917, ""actual_duration_ms"": 2456.07}, {""stage_name"": ""delay"", ""planned_duration_ms"": 1000, ""intended_onset_ms"": 1085865.917, ""actual_onset_global_ms"": 1085871.874, ""actual_offset_global_ms"": 1086883.432, ""actual_duration_ms"": 1011.558}, {""stage_name"": ""test_array"", ""planned_duration_ms"": 4000, ""intended_onset_ms"": 1086883.432, ""actual_onset_global_ms"": 1086942.707, ""actual_offset_global_ms"": 1097976.391, ""actual_duration_ms"": 11033.684}, {""stage_name"": ""feedback"", ""planned_duration_ms"": 150, ""intended_onset_ms"": 1097976.391, ""actual_onset_global_ms"": 1098020.76, ""actual_offset_global_ms"": 1098157.584, ""actual_duration_ms"": 136.824}]",correct.wav,1097977.395,150.0,1098477.395,,,,,,,,,,,,,,,,,,,,,,,,,,,,,,,,,,,,,,,,,,,,,,1.0,,,,,,,,,,,,,2.0,change,1.0,"[74.18, -179.91]","[[123.09, 150.49], [74.18, -179.91]]","[""red"", ""green""]","[""red"", ""yellow""]",green,yellow,j,change,5.0,1.0
013,013_T1_20260518_150017,Control,T1,standard,hci_substudy_v2,1,telemetry_v4,change_detection,4,practice_cd,practice,1,2,2,practice,N1_same,1779087617,59.946,2026-05-18T15:18:44.703,0,0,0,1,1098170.99,1098189.968,,,,,s,,1,3391.76,,correct,1.0,1101770.99,1101841.817,1105271.776,4000,3429.959,1105421.776,"[{""stage_name"": ""fixation"", ""planned_duration_ms"": 100, ""intended_onset_ms"": 1098170.99, ""actual_onset_global_ms"": 1098189.968, ""actual_offset_global_ms"": 1098303.273, ""actual_duration_ms"": 113.305}, {""stage_name"": ""memory_array"", ""planned_duration_ms"": 2500, ""intended_onset_ms"": 1098270.99, ""actual_onset_global_ms"": 1098327.305, ""actual_offset_global_ms"": 1100814.33, ""actual_duration_ms"": 2487.025}, {""stage_name"": ""delay"", ""planned_duration_ms"": 1000, ""intended_onset_ms"": 1100814.33, ""actual_onset_global_ms"": 1100818.217, ""actual_offset_global_ms"": 1101816.73, ""actual_duration_ms"": 998.513}, {""stage_name"": ""test_array"", ""planned_duration_ms"": 4000, ""intended_onset_ms"": 1101816.73, ""actual_onset_global_ms"": 1101841.817, ""actual_offset_global_ms"": 1105271.776, ""actual_duration_ms"": 3429.959}, {""stage_name"": ""feedback"", ""planned_duration_ms"": 150, ""intended_onset_ms"": 1105271.776, ""actual_onset_global_ms"": 1105295.18, ""actual_offset_global_ms"": 1105453.457, ""actual_duration_ms"": 158.277}]",correct.wav,1105272.418,150.0,1105772.418,,,,,,,,,,,,,,,,,,,,,,,,,,,,,,,,,,,,,,,,,,,,,,1.0,,,,,,,,,,,,,1.0,same,0.0,"[108.14, 53.31]","[[108.14, 53.31]]","[""purple""]","[""purple""]",purple,purple,s,same,1.0,1.0
013,013_T1_20260518_150017,Control,T1,standard,hci_substudy_v2,1,telemetry_v4,change_detection,4,practice_cd,practice,1,3,3,practice,N2_change,1779087617,59.946,2026-05-18T15:18:51.977,0,0,0,1,1105445.488,1105474.094,,,,,j,,1,3139.97,,correct,1.0,1109045.488,1109143.768,1112318.012,4000,3174.244,1112468.012,"[{""stage_name"": ""fixation"", ""planned_duration_ms"": 100, ""intended_onset_ms"": 1105445.488, ""actual_onset_global_ms"": 1105474.094, ""actual_offset_global_ms"": 1105566.52, ""actual_duration_ms"": 92.426}, {""stage_name"": ""memory_array"", ""planned_duration_ms"": 2500, ""intended_onset_ms"": 1105545.488, ""actual_onset_global_ms"": 1105607.816, ""actual_offset_global_ms"": 1108093.616, ""actual_duration_ms"": 2485.8}, {""stage_name"": ""delay"", ""planned_duration_ms"": 1000, ""intended_onset_ms"": 1108093.616, ""actual_onset_global_ms"": 1108089.463, ""actual_offset_global_ms"": 1109100.2, ""actual_duration_ms"": 1010.737}, {""stage_name"": ""test_array"", ""planned_duration_ms"": 4000, ""intended_onset_ms"": 1109100.2, ""actual_onset_global_ms"": 1109143.768, ""actual_offset_global_ms"": 1112318.012, ""actual_duration_ms"": 3174.244}, {""stage_name"": ""feedback"", ""planned_duration_ms"": 150, ""intended_onset_ms"": 1112318.012, ""actual_onset_global_ms"": 1112343.066, ""actual_offset_global_ms"": 1112494.552, ""actual_duration_ms"": 151.486}]",correct.wav,1112318.793,150.0,1112818.793,,,,,,,,,,,,,,,,,,,,,,,,,,,,,,,,,,,,,,,,,,,,,,1.0,,,,,,,,,,,,,2.0,change,1.0,"[-95.1, 254.21]","[[-244.39, -258.55], [-95.1, 254.21]]","[""green"", ""blue""]","[""green"", ""purple""]",blue,purple,j,change,3.0,1.0
013,013_T1_20260518_150017,Control,T1,standard,hci_substudy_v2,1,telemetry_v4,change_detection,4,practice_cd,practice,1,4,4,practice,N1_change,1779087617,59.946,2026-05-18T15:18:59.018,0,0,0,1,1112485.963,1112504.902,,,,,j,,1,2615.319,,correct,1.0,1116085.963,1116159.852,1118802.903,4000,2643.051,1118952.903,"[{""stage_name"": ""fixation"", ""planned_duration_ms"": 100, ""intended_onset_ms"": 1112485.963, ""actual_onset_global_ms"": 1112504.902, ""actual_offset_global_ms"": 1112616.72, ""actual_duration_ms"": 111.818}, {""stage_name"": ""memory_array"", ""planned_duration_ms"": 2500, ""intended_onset_ms"": 1112585.963, ""actual_onset_global_ms"": 1112637.537, ""actual_offset_global_ms"": 1115122.739, ""actual_duration_ms"": 2485.202}, {""stage_name"": ""delay"", ""planned_duration_ms"": 1000, ""intended_onset_ms"": 1115122.739, ""actual_onset_global_ms"": 1115120.607, ""actual_offset_global_ms"": 1116133.668, ""actual_duration_ms"": 1013.061}, {""stage_name"": ""test_array"", ""planned_duration_ms"": 4000, ""intended_onset_ms"": 1116133.668, ""actual_onset_global_ms"": 1116159.852, ""actual_offset_global_ms"": 1118802.903, ""actual_duration_ms"": 2643.051}, {""stage_name"": ""feedback"", ""planned_duration_ms"": 150, ""intended_onset_ms"": 1118802.903, ""actual_onset_global_ms"": 1118826.652, ""actual_offset_global_ms"": 1118987.643, ""actual_duration_ms"": 160.991}]",correct.wav,1118803.637,150.0,1119303.637,,,,,,,,,,,,,,,,,,,,,,,,,,,,,,,,,,,,,,,,,,,,,,1.0,,,,,,,,,,,,,1.0,change,0.0,"[193.78, -174.94]","[[193.78, -174.94]]","[""red""]","[""purple""]",red,purple,j,change,1.0,1.0
013,013_T1_20260518_150017,Control,T1,standard,hci_substudy_v2,1,telemetry_v4,change_detection,4,practice_cd,practice,1,5,5,practice,N1_same,1779087617,59.946,2026-05-18T15:19:05.511,0,0,0,1,1118979.016,1119002.105,,,,,s,,1,1888.829,,correct,1.0,1122579.016,1122672.169,1124600.585,4000,1928.416,1124750.585,"[{""stage_name"": ""fixation"", ""planned_duration_ms"": 100, ""intended_onset_ms"": 1118979.016, ""actual_onset_global_ms"": 1119002.105, ""actual_offset_global_ms"": 1119110.061, ""actual_duration_ms"": 107.956}, {""stage_name"": ""memory_array"", ""planned_duration_ms"": 2500, ""intended_onset_ms"": 1119079.016, ""actual_onset_global_ms"": 1119134.244, ""actual_offset_global_ms"": 1121642.073, ""actual_duration_ms"": 2507.829}, {""stage_name"": ""delay"", ""planned_duration_ms"": 1000, ""intended_onset_ms"": 1121642.073, ""actual_onset_global_ms"": 1121639.274, ""actual_offset_global_ms"": 1122649.984, ""actual_duration_ms"": 1010.71}, {""stage_name"": ""test_array"", ""planned_duration_ms"": 4000, ""intended_onset_ms"": 1122649.984, ""actual_onset_global_ms"": 1122672.169, ""actual_offset_global_ms"": 1124600.585, ""actual_duration_ms"": 1928.416}, {""stage_name"": ""feedback"", ""planned_duration_ms"": 150, ""intended_onset_ms"": 1124600.585, ""actual_onset_global_ms"": 1124625.871, ""actual_offset_global_ms"": 1124770.588, ""actual_duration_ms"": 144.717}]",correct.wav,1124601.271,150.0,1125101.271,,,,,,,,,,,,,,,,,,,,,,,,,,,,,,,,,,,,,,,,,,,,,,1.0,,,,,,,,,,,,,1.0,same,0.0,"[124.98, -16.96]","[[124.98, -16.96]]","[""yellow""]","[""yellow""]",yellow,yellow,s,same,1.0,1.0
013,013_T1_20260518_150017,Control,T1,standard,hci_substudy_v2,1,telemetry_v4,change_detection,4,practice_cd,practice,1,6,6,practice,N2_same,1779087617,59.946,2026-05-18T15:19:11.296,0,0,0,1,1124763.381,1124788.082,,,,,s,,1,2534.332,,correct,1.0,1128363.381,1128503.38,1131099.503,4000,2596.123,1131249.503,"[{""stage_name"": ""fixation"", ""planned_duration_ms"": 100, ""intended_onset_ms"": 1124763.381, ""actual_onset_global_ms"": 1124788.082, ""actual_offset_global_ms"": 1124900.032, ""actual_duration_ms"": 111.95}, {""stage_name"": ""memory_array"", ""planned_duration_ms"": 2500, ""intended_onset_ms"": 1124863.381, ""actual_onset_global_ms"": 1124941.809, ""actual_offset_global_ms"": 1127451.715, ""actual_duration_ms"": 2509.906}, {""stage_name"": ""delay"", ""planned_duration_ms"": 1000, ""intended_onset_ms"": 1127451.715, ""actual_onset_global_ms"": 1127452.541, ""actual_offset_global_ms"": 1128466.503, ""actual_duration_ms"": 1013.962}, {""stage_name"": ""test_array"", ""planned_duration_ms"": 4000, ""intended_onset_ms"": 1128466.503, ""actual_onset_global_ms"": 1128503.38, ""actual_offset_global_ms"": 1131099.503, ""actual_duration_ms"": 2596.123}, {""stage_name"": ""feedback"", ""planned_duration_ms"": 150, ""intended_onset_ms"": 1131099.503, ""actual_onset_global_ms"": 1131126.088, ""actual_offset_global_ms"": 1131272.184, ""actual_duration_ms"": 146.096}]",correct.wav,1131100.213,150.0,1131600.213,,,,,,,,,,,,,,,,,,,,,,,,,,,,,,,,,,,,,,,,,,,,,,1.0,,,,,,,,,,,,,2.0,same,1.0,"[166.58, 187.01]","[[-144.19, 162.11], [166.58, 187.01]]","[""yellow"", ""red""]","[""yellow"", ""red""]",red,red,s,same,3.0,1.0
013,013_T1_20260518_150017,Control,T1,standard,hci_substudy_v2,1,telemetry_v4,change_detection,4,practice_cd,practice,1,7,7,practice,N1_change,1779087617,59.946,2026-05-18T15:19:17.800,0,0,0,1,1131267.395,1131287.467,,,,,j,,1,2701.569,,correct,1.0,1134867.395,1134956.186,1137689.023,4000,2732.837,1137839.023,"[{""stage_name"": ""fixation"", ""planned_duration_ms"": 100, ""intended_onset_ms"": 1131267.395, ""actual_onset_global_ms"": 1131287.467, ""actual_offset_global_ms"": 1131403.501, ""actual_duration_ms"": 116.034}, {""stage_name"": ""memory_array"", ""planned_duration_ms"": 2500, ""intended_onset_ms"": 1131367.395, ""actual_onset_global_ms"": 1131421.728, ""actual_offset_global_ms"": 1133932.394, ""actual_duration_ms"": 2510.666}, {""stage_name"": ""delay"", ""planned_duration_ms"": 1000, ""intended_onset_ms"": 1133932.394, ""actual_onset_global_ms"": 1133934.399, ""actual_offset_global_ms"": 1134933.216, ""actual_duration_ms"": 998.817}, {""stage_name"": ""test_array"", ""planned_duration_ms"": 4000, ""intended_onset_ms"": 1134933.216, ""actual_onset_global_ms"": 1134956.186, ""actual_offset_global_ms"": 1137689.023, ""actual_duration_ms"": 2732.837}, {""stage_name"": ""feedback"", ""planned_duration_ms"": 150, ""intended_onset_ms"": 1137689.023, ""actual_onset_global_ms"": 1137709.213, ""actual_offset_global_ms"": 1137871.553, ""actual_duration_ms"": 162.34}]",correct.wav,1137690.074,150.0,1138190.074,,,,,,,,,,,,,,,,,,,,,,,,,,,,,,,,,,,,,,,,,,,,,,1.0,,,,,,,,,,,,,1.0,change,0.0,"[28.36, 110.91]","[[28.36, 110.91]]","[""red""]","[""green""]",red,green,j,change,1.0,1.0
013,013_T1_20260518_150017,Control,T1,standard,hci_substudy_v2,1,telemetry_v4,change_detection,4,practice_cd,practice,1,8,8,practice,N2_same,1779087617,59.946,2026-05-18T15:19:24.397,0,0,0,1,1137864.702,1137887.282,,,,,s,,1,2117.634,,correct,1.0,1141464.702,1141577.099,1143733.28,4000,2156.181,1143883.28,"[{""stage_name"": ""fixation"", ""planned_duration_ms"": 100, ""intended_onset_ms"": 1137864.702, ""actual_onset_global_ms"": 1137887.282, ""actual_offset_global_ms"": 1137999.5, ""actual_duration_ms"": 112.218}, {""stage_name"": ""memory_array"", ""planned_duration_ms"": 2500, ""intended_onset_ms"": 1137964.702, ""actual_onset_global_ms"": 1138040.699, ""actual_offset_global_ms"": 1140523.111, ""actual_duration_ms"": 2482.412}, {""stage_name"": ""delay"", ""planned_duration_ms"": 1000, ""intended_onset_ms"": 1140523.111, ""actual_onset_global_ms"": 1140521.334, ""actual_offset_global_ms"": 1141534.458, ""actual_duration_ms"": 1013.124}, {""stage_name"": ""test_array"", ""planned_duration_ms"": 4000, ""intended_onset_ms"": 1141534.458, ""actual_onset_global_ms"": 1141577.099, ""actual_offset_global_ms"": 1143733.28, ""actual_duration_ms"": 2156.181}, {""stage_name"": ""feedback"", ""planned_duration_ms"": 150, ""intended_onset_ms"": 1143733.28, ""actual_onset_global_ms"": 1143759.271, ""actual_offset_global_ms"": 1143903.002, ""actual_duration_ms"": 143.731}]",correct.wav,1143734.306,150.0,1144234.306,,,,,,,,,,,,,,,,,,,,,,,,,,,,,,,,,,,,,,,,,,,,,,1.0,,,,,,,,,,,,,2.0,same,0.0,"[-4.3, -142.22]","[[-4.3, -142.22], [150.99, -213.62]]","[""blue"", ""yellow""]","[""blue"", ""yellow""]",blue,blue,s,same,2.0,1.0
013,013_T1_20260518_150017,Control,T1,standard,hci_substudy_v2,1,telemetry_v4,change_detection,4,formal_cd,formal,1,1,9,formal,N3_same,1779087617,59.946,2026-05-18T15:19:39.841,0,0,0,1,1153308.477,1153323.788,,,,,s,,1,2271.673,,,,1156908.477,1157045.141,1159349.342,4000,2304.201,1159349.342,"[{""stage_name"": ""fixation"", ""planned_duration_ms"": 100, ""intended_onset_ms"": 1153308.477, ""actual_onset_global_ms"": 1153323.788, ""actual_offset_global_ms"": 1153440.079, ""actual_duration_ms"": 116.291}, {""stage_name"": ""memory_array"", ""planned_duration_ms"": 2500, ""intended_onset_ms"": 1153408.477, ""actual_onset_global_ms"": 1153491.459, ""actual_offset_global_ms"": 1155978.31, ""actual_duration_ms"": 2486.851}, {""stage_name"": ""delay"", ""planned_duration_ms"": 1000, ""intended_onset_ms"": 1155978.31, ""actual_onset_global_ms"": 1155971.665, ""actual_offset_global_ms"": 1156983.105, ""actual_duration_ms"": 1011.44}, {""stage_name"": ""test_array"", ""planned_duration_ms"": 4000, ""intended_onset_ms"": 1156983.105, ""actual_onset_global_ms"": 1157045.141, ""actual_offset_global_ms"": 1159349.342, ""actual_duration_ms"": 2304.201}]",,,,,,,,,,,,,,,,,,,,,,,,,,,,,,,,,,,,,,,,,,,,,,,,,,1.0,,,,,,,,,,,,,3.0,same,0.0,"[-201.89, 9.58]","[[-201.89, 9.58], [-109.46, 247.93], [-226.22, -180.49]]","[""blue"", ""purple"", ""yellow""]","[""blue"", ""purple"", ""yellow""]",blue,blue,s,same,3.0,1.0
013,013_T1_20260518_150017,Control,T1,standard,hci_substudy_v2,1,telemetry_v4,change_detection,4,formal_cd,formal,1,2,10,formal,N2_change,1779087617,59.946,2026-05-18T15:19:45.889,0,0,0,1,1159356.793,1159376.004,,,,,j,,0,13780.255,,,,1162956.793,1163053.452,1176866.089,4000,13812.637,1176866.089,"[{""stage_name"": ""fixation"", ""planned_duration_ms"": 100, ""intended_onset_ms"": 1159356.793, ""actual_onset_global_ms"": 1159376.004, ""actual_offset_global_ms"": 1159473.982, ""actual_duration_ms"": 97.978}, {""stage_name"": ""memory_array"", ""planned_duration_ms"": 2500, ""intended_onset_ms"": 1159456.793, ""actual_onset_global_ms"": 1159513.875, ""actual_offset_global_ms"": 1162003.026, ""actual_duration_ms"": 2489.151}, {""stage_name"": ""delay"", ""planned_duration_ms"": 1000, ""intended_onset_ms"": 1162003.026, ""actual_onset_global_ms"": 1161999.229, ""actual_offset_global_ms"": 1163016.31, ""actual_duration_ms"": 1017.081}, {""stage_name"": ""test_array"", ""planned_duration_ms"": 4000, ""intended_onset_ms"": 1163016.31, ""actual_onset_global_ms"": 1163053.452, ""actual_offset_global_ms"": 1176866.089, ""actual_duration_ms"": 13812.637}]",,,,,,,,,,,,,,,,,,,,,,,,,,,,,,,,,,,,,,,,,,,,,,,,,,0.0,,,,,,,,,,,,,2.0,change,1.0,"[-248.34, 226.31]","[[106.25, 239.89], [-248.34, 226.31]]","[""red"", ""green""]","[""red"", ""yellow""]",green,yellow,s,same,2.0,1.0
013,013_T1_20260518_150017,Control,T1,standard,hci_substudy_v2,1,telemetry_v4,change_detection,4,formal_cd,formal,1,3,11,formal,N1_change,1779087617,59.946,2026-05-18T15:20:03.405,0,0,0,1,1176873.027,1176893.177,,,,,j,,1,2539.91,,,,1180473.027,1180540.354,1183117.24,4000,2576.886,1183117.24,"[{""stage_name"": ""fixation"", ""planned_duration_ms"": 100, ""intended_onset_ms"": 1176873.027, ""actual_onset_global_ms"": 1176893.177, ""actual_offset_global_ms"": 1176990.489, ""actual_duration_ms"": 97.312}, {""stage_name"": ""memory_array"", ""planned_duration_ms"": 2500, ""intended_onset_ms"": 1176973.027, ""actual_onset_global_ms"": 1177010.702, ""actual_offset_global_ms"": 1179511.119, ""actual_duration_ms"": 2500.417}, {""stage_name"": ""delay"", ""planned_duration_ms"": 1000, ""intended_onset_ms"": 1179511.119, ""actual_onset_global_ms"": 1179505.807, ""actual_offset_global_ms"": 1180516.036, ""actual_duration_ms"": 1010.229}, {""stage_name"": ""test_array"", ""planned_duration_ms"": 4000, ""intended_onset_ms"": 1180516.036, ""actual_onset_global_ms"": 1180540.354, ""actual_offset_global_ms"": 1183117.24, ""actual_duration_ms"": 2576.886}]",,,,,,,,,,,,,,,,,,,,,,,,,,,,,,,,,,,,,,,,,,,,,,,,,,1.0,,,,,,,,,,,,,1.0,change,0.0,"[-51.47, -166.77]","[[-51.47, -166.77]]","[""red""]","[""yellow""]",red,yellow,j,change,1.0,1.0
013,013_T1_20260518_150017,Control,T1,standard,hci_substudy_v2,1,telemetry_v4,change_detection,4,formal_cd,formal,1,4,12,formal,N1_same,1779087617,59.946,2026-05-18T15:20:09.657,0,0,0,1,1183124.635,1183140.108,,,,,s,,1,1562.814,,,,1186724.635,1186788.286,1188401.574,4000,1613.288,1188401.574,"[{""stage_name"": ""fixation"", ""planned_duration_ms"": 100, ""intended_onset_ms"": 1183124.635, ""actual_onset_global_ms"": 1183140.108, ""actual_offset_global_ms"": 1183255.427, ""actual_duration_ms"": 115.319}, {""stage_name"": ""memory_array"", ""planned_duration_ms"": 2500, ""intended_onset_ms"": 1183224.635, ""actual_onset_global_ms"": 1183277.69, ""actual_offset_global_ms"": 1185765.479, ""actual_duration_ms"": 2487.789}, {""stage_name"": ""delay"", ""planned_duration_ms"": 1000, ""intended_onset_ms"": 1185765.479, ""actual_onset_global_ms"": 1185765.432, ""actual_offset_global_ms"": 1186766.367, ""actual_duration_ms"": 1000.935}, {""stage_name"": ""test_array"", ""planned_duration_ms"": 4000, ""intended_onset_ms"": 1186766.367, ""actual_onset_global_ms"": 1186788.286, ""actual_offset_global_ms"": 1188401.574, ""actual_duration_ms"": 1613.288}]",,,,,,,,,,,,,,,,,,,,,,,,,,,,,,,,,,,,,,,,,,,,,,,,,,1.0,,,,,,,,,,,,,1.0,same,0.0,"[-235.32, 184.23]","[[-235.32, 184.23]]","[""blue""]","[""blue""]",blue,blue,s,same,1.0,1.0
013,013_T1_20260518_150017,Control,T1,standard,hci_substudy_v2,1,telemetry_v4,change_detection,4,formal_cd,formal,1,5,13,formal,N3_same,1779087617,59.946,2026-05-18T15:20:14.941,0,0,0,1,1188408.618,1188428.578,,,,,s,,1,1547.959,,,,1192008.618,1192126.549,1193699.042,4000,1572.493,1193699.042,"[{""stage_name"": ""fixation"", ""planned_duration_ms"": 100, ""intended_onset_ms"": 1188408.618, ""actual_onset_global_ms"": 1188428.578, ""actual_offset_global_ms"": 1188541.235, ""actual_duration_ms"": 112.657}, {""stage_name"": ""memory_array"", ""planned_duration_ms"": 2500, ""intended_onset_ms"": 1188508.618, ""actual_onset_global_ms"": 1188603.251, ""actual_offset_global_ms"": 1191061.112, ""actual_duration_ms"": 2457.861}, {""stage_name"": ""delay"", ""planned_duration_ms"": 1000, ""intended_onset_ms"": 1191061.112, ""actual_onset_global_ms"": 1191058.395, ""actual_offset_global_ms"": 1192065.834, ""actual_duration_ms"": 1007.439}, {""stage_name"": ""test_array"", ""planned_duration_ms"": 4000, ""intended_onset_ms"": 1192065.834, ""actual_onset_global_ms"": 1192126.549, ""actual_offset_global_ms"": 1193699.042, ""actual_duration_ms"": 1572.493}]",,,,,,,,,,,,,,,,,,,,,,,,,,,,,,,,,,,,,,,,,,,,,,,,,,1.0,,,,,,,,,,,,,3.0,same,1.0,"[-66.92, -248.51]","[[-200.74, -41.75], [-66.92, -248.51], [-116.78, 44.5]]","[""purple"", ""green"", ""yellow""]","[""purple"", ""green"", ""yellow""]",green,green,s,same,3.0,1.0
013,013_T1_20260518_150017,Control,T1,standard,hci_substudy_v2,1,telemetry_v4,change_detection,4,formal_cd,formal,1,6,14,formal,N4_change,1779087617,59.946,2026-05-18T15:20:20.240,0,0,0,1,1193707.354,1193723.276,,,,,j,,1,3810.088,,,,1197307.354,1197425.466,1201298.54,4000,3873.074,1201298.54,"[{""stage_name"": ""fixation"", ""planned_duration_ms"": 100, ""intended_onset_ms"": 1193707.354, ""actual_onset_global_ms"": 1193723.276, ""actual_offset_global_ms"": 1193823.899, ""actual_duration_ms"": 100.623}, {""stage_name"": ""memory_array"", ""planned_duration_ms"": 2500, ""intended_onset_ms"": 1193807.354, ""actual_onset_global_ms"": 1193901.03, ""actual_offset_global_ms"": 1196349.466, ""actual_duration_ms"": 2448.436}, {""stage_name"": ""delay"", ""planned_duration_ms"": 1000, ""intended_onset_ms"": 1196349.466, ""actual_onset_global_ms"": 1196348.927, ""actual_offset_global_ms"": 1197365.366, ""actual_duration_ms"": 1016.439}, {""stage_name"": ""test_array"", ""planned_duration_ms"": 4000, ""intended_onset_ms"": 1197365.366, ""actual_onset_global_ms"": 1197425.466, ""actual_offset_global_ms"": 1201298.54, ""actual_duration_ms"": 3873.074}]",,,,,,,,,,,,,,,,,,,,,,,,,,,,,,,,,,,,,,,,,,,,,,,,,,1.0,,,,,,,,,,,,,4.0,change,0.0,"[-114.05, -202.82]","[[-114.05, -202.82], [-203.79, 90.95], [236.08, -157.96], [245.81, 93.14]]","[""yellow"", ""purple"", ""green"", ""blue""]","[""red"", ""purple"", ""green"", ""blue""]",yellow,red,j,change,4.0,1.0
013,013_T1_20260518_150017,Control,T1,standard,hci_substudy_v2,1,telemetry_v4,change_detection,4,formal_cd,formal,1,7,15,formal,N3_same,1779087617,59.946,2026-05-18T15:20:27.839,0,0,0,1,1201306.649,1201324.28,,,,,s,,1,2723.86,,,,1204906.649,1205016.336,1207798.626,4000,2782.29,1207798.626,"[{""stage_name"": ""fixation"", ""planned_duration_ms"": 100, ""intended_onset_ms"": 1201306.649, ""actual_onset_global_ms"": 1201324.28, ""actual_offset_global_ms"": 1201430.502, ""actual_duration_ms"": 106.222}, {""stage_name"": ""memory_array"", ""planned_duration_ms"": 2500, ""intended_onset_ms"": 1201406.649, ""actual_onset_global_ms"": 1201483.799, ""actual_offset_global_ms"": 1203932.868, ""actual_duration_ms"": 2449.069}, {""stage_name"": ""delay"", ""planned_duration_ms"": 1000, ""intended_onset_ms"": 1203932.868, ""actual_onset_global_ms"": 1203938.754, ""actual_offset_global_ms"": 1204949.062, ""actual_duration_ms"": 1010.308}, {""stage_name"": ""test_array"", ""planned_duration_ms"": 4000, ""intended_onset_ms"": 1204949.062, ""actual_onset_global_ms"": 1205016.336, ""actual_offset_global_ms"": 1207798.626, ""actual_duration_ms"": 2782.29}]",,,,,,,,,,,,,,,,,,,,,,,,,,,,,,,,,,,,,,,,,,,,,,,,,,1.0,,,,,,,,,,,,,3.0,same,0.0,"[139.92, -169.25]","[[139.92, -169.25], [-12.33, 99.22], [84.84, 252.87]]","[""red"", ""yellow"", ""purple""]","[""red"", ""yellow"", ""purple""]",red,red,s,same,4.0,1.0
013,013_T1_20260518_150017,Control,T1,standard,hci_substudy_v2,1,telemetry_v4,change_detection,4,formal_cd,formal,1,8,16,formal,N1_change,1779087617,59.946,2026-05-18T15:20:34.339,0,0,0,1,1207806.673,1207826.035,,,,,j,,1,1888.425,,,,1211406.673,1211492.629,1213398.937,4000,1906.308,1213398.937,"[{""stage_name"": ""fixation"", ""planned_duration_ms"": 100, ""intended_onset_ms"": 1207806.673, ""actual_onset_global_ms"": 1207826.035, ""actual_offset_global_ms"": 1207924.365, ""actual_duration_ms"": 98.33}, {""stage_name"": ""memory_array"", ""planned_duration_ms"": 2500, ""intended_onset_ms"": 1207906.673, ""actual_onset_global_ms"": 1207949.894, ""actual_offset_global_ms"": 1210454.137, ""actual_duration_ms"": 2504.243}, {""stage_name"": ""delay"", ""planned_duration_ms"": 1000, ""intended_onset_ms"": 1210454.137, ""actual_onset_global_ms"": 1210451.898, ""actual_offset_global_ms"": 1211465.521, ""actual_duration_ms"": 1013.623}, {""stage_name"": ""test_array"", ""planned_duration_ms"": 4000, ""intended_onset_ms"": 1211465.521, ""actual_onset_global_ms"": 1211492.629, ""actual_offset_global_ms"": 1213398.937, ""actual_duration_ms"": 1906.308}]",,,,,,,,,,,,,,,,,,,,,,,,,,,,,,,,,,,,,,,,,,,,,,,,,,1.0,,,,,,,,,,,,,1.0,change,0.0,"[138.99, 241.55]","[[138.99, 241.55]]","[""green""]","[""red""]",green,red,j,change,1.0,1.0
013,013_T1_20260518_150017,Control,T1,standard,hci_substudy_v2,1,telemetry_v4,change_detection,4,formal_cd,formal,1,9,17,formal,N4_same,1779087617,59.946,2026-05-18T15:20:39.940,0,0,0,1,1213407.193,1213425.672,,,,,s,,1,2739.332,,,,1217007.193,1217147.516,1219931.651,4000,2784.135,1219931.651,"[{""stage_name"": ""fixation"", ""planned_duration_ms"": 100, ""intended_onset_ms"": 1213407.193, ""actual_onset_global_ms"": 1213425.672, ""actual_offset_global_ms"": 1213527.571, ""actual_duration_ms"": 101.899}, {""stage_name"": ""memory_array"", ""planned_duration_ms"": 2500, ""intended_onset_ms"": 1213507.193, ""actual_onset_global_ms"": 1213572.117, ""actual_offset_global_ms"": 1216074.614, ""actual_duration_ms"": 2502.497}, {""stage_name"": ""delay"", ""planned_duration_ms"": 1000, ""intended_onset_ms"": 1216074.614, ""actual_onset_global_ms"": 1216068.91, ""actual_offset_global_ms"": 1217082.048, ""actual_duration_ms"": 1013.138}, {""stage_name"": ""test_array"", ""planned_duration_ms"": 4000, ""intended_onset_ms"": 1217082.048, ""actual_onset_global_ms"": 1217147.516, ""actual_offset_global_ms"": 1219931.651, ""actual_duration_ms"": 2784.135}]",,,,,,,,,,,,,,,,,,,,,,,,,,,,,,,,,,,,,,,,,,,,,,,,,,1.0,,,,,,,,,,,,,4.0,same,0.0,"[43.46, -161.35]","[[43.46, -161.35], [-207.54, 84.78], [148.04, 96.39], [258.66, 33.88]]","[""purple"", ""red"", ""yellow"", ""blue""]","[""purple"", ""red"", ""yellow"", ""blue""]",purple,purple,s,same,6.0,1.0
013,013_T1_20260518_150017,Control,T1,standard,hci_substudy_v2,1,telemetry_v4,change_detection,4,formal_cd,formal,1,10,18,formal,N4_change,1779087617,59.946,2026-05-18T15:20:46.474,0,0,0,1,1219941.786,1219960.861,,,,,j,,0,4090.291,,,,1223541.786,1223659.101,1227781.739,4000,4122.638,1227781.739,"[{""stage_name"": ""fixation"", ""planned_duration_ms"": 100, ""intended_onset_ms"": 1219941.786, ""actual_onset_global_ms"": 1219960.861, ""actual_offset_global_ms"": 1220066.137, ""actual_duration_ms"": 105.276}, {""stage_name"": ""memory_array"", ""planned_duration_ms"": 2500, ""intended_onset_ms"": 1220041.786, ""actual_onset_global_ms"": 1220137.285, ""actual_offset_global_ms"": 1222578.699, ""actual_duration_ms"": 2441.414}, {""stage_name"": ""delay"", ""planned_duration_ms"": 1000, ""intended_onset_ms"": 1222578.699, ""actual_onset_global_ms"": 1222577.713, ""actual_offset_global_ms"": 1223586.062, ""actual_duration_ms"": 1008.349}, {""stage_name"": ""test_array"", ""planned_duration_ms"": 4000, ""intended_onset_ms"": 1223586.062, ""actual_onset_global_ms"": 1223659.101, ""actual_offset_global_ms"": 1227781.739, ""actual_duration_ms"": 4122.638}]",,,,,,,,,,,,,,,,,,,,,,,,,,,,,,,,,,,,,,,,,,,,,,,,,,0.0,,,,,,,,,,,,,4.0,change,3.0,"[-186.67, -154.57]","[[-34.6, -141.74], [-165.78, 47.61], [-33.16, 215.47], [-186.67, -154.57]]","[""green"", ""yellow"", ""purple"", ""red""]","[""green"", ""yellow"", ""purple"", ""blue""]",red,blue,s,same,10.0,1.0
013,013_T1_20260518_150017,Control,T1,standard,hci_substudy_v2,1,telemetry_v4,change_detection,4,formal_cd,formal,1,11,19,formal,N3_same,1779087617,59.946,2026-05-18T15:20:54.322,0,0,0,1,1227789.258,1227807.508,,,,,s,,1,4309.821,,,,1231389.258,1231550.532,1235882.96,4000,4332.428,1235882.96,"[{""stage_name"": ""fixation"", ""planned_duration_ms"": 100, ""intended_onset_ms"": 1227789.258, ""actual_onset_global_ms"": 1227807.508, ""actual_offset_global_ms"": 1227907.774, ""actual_duration_ms"": 100.266}, {""stage_name"": ""memory_array"", ""planned_duration_ms"": 2500, ""intended_onset_ms"": 1227889.258, ""actual_onset_global_ms"": 1227963.953, ""actual_offset_global_ms"": 1230467.397, ""actual_duration_ms"": 2503.444}, {""stage_name"": ""delay"", ""planned_duration_ms"": 1000, ""intended_onset_ms"": 1230467.397, ""actual_onset_global_ms"": 1230465.597, ""actual_offset_global_ms"": 1231481.672, ""actual_duration_ms"": 1016.075}, {""stage_name"": ""test_array"", ""planned_duration_ms"": 4000, ""intended_onset_ms"": 1231481.672, ""actual_onset_global_ms"": 1231550.532, ""actual_offset_global_ms"": 1235882.96, ""actual_duration_ms"": 4332.428}]",,,,,,,,,,,,,,,,,,,,,,,,,,,,,,,,,,,,,,,,,,,,,,,,,,1.0,,,,,,,,,,,,,3.0,same,0.0,"[-177.73, -235.77]","[[-177.73, -235.77], [98.45, -121.33], [139.93, 72.79]]","[""red"", ""blue"", ""green""]","[""red"", ""blue"", ""green""]",red,red,s,same,4.0,1.0
013,013_T1_20260518_150017,Control,T1,standard,hci_substudy_v2,1,telemetry_v4,change_detection,4,formal_cd,formal,1,12,20,formal,N2_same,1779087617,59.946,2026-05-18T15:21:02.425,0,0,0,1,1235892.276,1235913.804,,,,,s,,1,1793.822,,,,1239492.276,1239585.055,1241417.167,4000,1832.112,1241417.167,"[{""stage_name"": ""fixation"", ""planned_duration_ms"": 100, ""intended_onset_ms"": 1235892.276, ""actual_onset_global_ms"": 1235913.804, ""actual_offset_global_ms"": 1236024.175, ""actual_duration_ms"": 110.371}, {""stage_name"": ""memory_array"", ""planned_duration_ms"": 2500, ""intended_onset_ms"": 1235992.276, ""actual_onset_global_ms"": 1236057.29, ""actual_offset_global_ms"": 1238528.635, ""actual_duration_ms"": 2471.345}, {""stage_name"": ""delay"", ""planned_duration_ms"": 1000, ""intended_onset_ms"": 1238528.635, ""actual_onset_global_ms"": 1238532.031, ""actual_offset_global_ms"": 1239548.542, ""actual_duration_ms"": 1016.511}, {""stage_name"": ""test_array"", ""planned_duration_ms"": 4000, ""intended_onset_ms"": 1239548.542, ""actual_onset_global_ms"": 1239585.055, ""actual_offset_global_ms"": 1241417.167, ""actual_duration_ms"": 1832.112}]",,,,,,,,,,,,,,,,,,,,,,,,,,,,,,,,,,,,,,,,,,,,,,,,,,1.0,,,,,,,,,,,,,2.0,same,1.0,"[148.15, 106.2]","[[-158.98, 191.43], [148.15, 106.2]]","[""red"", ""blue""]","[""red"", ""blue""]",blue,blue,s,same,3.0,1.0
013,013_T1_20260518_150017,Control,T1,standard,hci_substudy_v2,1,telemetry_v4,change_detection,4,formal_cd,formal,1,13,21,formal,N3_change,1779087617,59.946,2026-05-18T15:21:07.960,0,0,0,1,1241427.192,1241446.947,,,,,j,,1,4447.572,,,,1245027.192,1245253.03,1249748.565,4000,4495.535,1249748.565,"[{""stage_name"": ""fixation"", ""planned_duration_ms"": 100, ""intended_onset_ms"": 1241427.192, ""actual_onset_global_ms"": 1241446.947, ""actual_offset_global_ms"": 1241561.398, ""actual_duration_ms"": 114.451}, {""stage_name"": ""memory_array"", ""planned_duration_ms"": 2500, ""intended_onset_ms"": 1241527.192, ""actual_onset_global_ms"": 1241625.503, ""actual_offset_global_ms"": 1244196.17, ""actual_duration_ms"": 2570.667}, {""stage_name"": ""delay"", ""planned_duration_ms"": 1000, ""intended_onset_ms"": 1244196.17, ""actual_onset_global_ms"": 1244198.451, ""actual_offset_global_ms"": 1245199.819, ""actual_duration_ms"": 1001.368}, {""stage_name"": ""test_array"", ""planned_duration_ms"": 4000, ""intended_onset_ms"": 1245199.819, ""actual_onset_global_ms"": 1245253.03, ""actual_offset_global_ms"": 1249748.565, ""actual_duration_ms"": 4495.535}]",,,,,,,,,,,,,,,,,,,,,,,,,,,,,,,,,,,,,,,,,,,,,,,,,,1.0,,,,,,,,,,,,,3.0,change,1.0,"[-151.23, -114.6]","[[-107.93, 121.03], [-151.23, -114.6], [-47.53, -78.04]]","[""yellow"", ""green"", ""blue""]","[""yellow"", ""purple"", ""blue""]",green,purple,j,change,3.0,1.0
013,013_T1_20260518_150017,Control,T1,standard,hci_substudy_v2,1,telemetry_v4,change_detection,4,formal_cd,formal,1,14,22,formal,N2_same,1779087617,59.946,2026-05-18T15:21:16.290,0,0,0,1,1249758.486,1249779.204,,,,,s,,1,1580.589,,,,1253358.486,1253476.551,1255098.241,4000,1621.69,1255098.241,"[{""stage_name"": ""fixation"", ""planned_duration_ms"": 100, ""intended_onset_ms"": 1249758.486, ""actual_onset_global_ms"": 1249779.204, ""actual_offset_global_ms"": 1249890.4, ""actual_duration_ms"": 111.196}, {""stage_name"": ""memory_array"", ""planned_duration_ms"": 2500, ""intended_onset_ms"": 1249858.486, ""actual_onset_global_ms"": 1249927.353, ""actual_offset_global_ms"": 1252419.025, ""actual_duration_ms"": 2491.672}, {""stage_name"": ""delay"", ""planned_duration_ms"": 1000, ""intended_onset_ms"": 1252419.025, ""actual_onset_global_ms"": 1252417.378, ""actual_offset_global_ms"": 1253432.088, ""actual_duration_ms"": 1014.71}, {""stage_name"": ""test_array"", ""planned_duration_ms"": 4000, ""intended_onset_ms"": 1253432.088, ""actual_onset_global_ms"": 1253476.551, ""actual_offset_global_ms"": 1255098.241, ""actual_duration_ms"": 1621.69}]",,,,,,,,,,,,,,,,,,,,,,,,,,,,,,,,,,,,,,,,,,,,,,,,,,1.0,,,,,,,,,,,,,2.0,same,0.0,"[-53.57, -109.39]","[[-53.57, -109.39], [-157.09, 193.72]]","[""red"", ""yellow""]","[""red"", ""yellow""]",red,red,s,same,3.0,1.0
013,013_T1_20260518_150017,Control,T1,standard,hci_substudy_v2,1,telemetry_v4,change_detection,4,formal_cd,formal,1,15,23,formal,N2_change,1779087617,59.946,2026-05-18T15:21:21.639,0,0,0,1,1255106.173,1255124.324,,,,,j,,1,2164.745,,,,1258706.173,1258860.374,1261066.282,4000,2205.908,1261066.282,"[{""stage_name"": ""fixation"", ""planned_duration_ms"": 100, ""intended_onset_ms"": 1255106.173, ""actual_onset_global_ms"": 1255124.324, ""actual_offset_global_ms"": 1255241.42, ""actual_duration_ms"": 117.096}, {""stage_name"": ""memory_array"", ""planned_duration_ms"": 2500, ""intended_onset_ms"": 1255206.173, ""actual_onset_global_ms"": 1255281.635, ""actual_offset_global_ms"": 1257801.286, ""actual_duration_ms"": 2519.651}, {""stage_name"": ""delay"", ""planned_duration_ms"": 1000, ""intended_onset_ms"": 1257801.286, ""actual_onset_global_ms"": 1257798.724, ""actual_offset_global_ms"": 1258814.863, ""actual_duration_ms"": 1016.139}, {""stage_name"": ""test_array"", ""planned_duration_ms"": 4000, ""intended_onset_ms"": 1258814.863, ""actual_onset_global_ms"": 1258860.374, ""actual_offset_global_ms"": 1261066.282, ""actual_duration_ms"": 2205.908}]",,,,,,,,,,,,,,,,,,,,,,,,,,,,,,,,,,,,,,,,,,,,,,,,,,1.0,,,,,,,,,,,,,2.0,change,1.0,"[-219.21, -195.72]","[[89.28, 47.72], [-219.21, -195.72]]","[""yellow"", ""blue""]","[""yellow"", ""red""]",blue,red,j,change,2.0,1.0
013,013_T1_20260518_150017,Control,T1,standard,hci_substudy_v2,1,telemetry_v4,change_detection,4,formal_cd,formal,1,16,24,formal,N1_same,1779087617,59.946,2026-05-18T15:21:27.609,0,0,0,1,1261077.196,1261099.508,,,,,s,,1,3542.747,,,,1264677.196,1264748.102,1268321.057,4000,3572.955,1268321.057,"[{""stage_name"": ""fixation"", ""planned_duration_ms"": 100, ""intended_onset_ms"": 1261077.196, ""actual_onset_global_ms"": 1261099.508, ""actual_offset_global_ms"": 1261206.707, ""actual_duration_ms"": 107.199}, {""stage_name"": ""memory_array"", ""planned_duration_ms"": 2500, ""intended_onset_ms"": 1261177.196, ""actual_onset_global_ms"": 1261226.536, ""actual_offset_global_ms"": 1263727.462, ""actual_duration_ms"": 2500.926}, {""stage_name"": ""delay"", ""planned_duration_ms"": 1000, ""intended_onset_ms"": 1263727.462, ""actual_onset_global_ms"": 1263725.18, ""actual_offset_global_ms"": 1264731.322, ""actual_duration_ms"": 1006.142}, {""stage_name"": ""test_array"", ""planned_duration_ms"": 4000, ""intended_onset_ms"": 1264731.322, ""actual_onset_global_ms"": 1264748.102, ""actual_offset_global_ms"": 1268321.057, ""actual_duration_ms"": 3572.955}]",,,,,,,,,,,,,,,,,,,,,,,,,,,,,,,,,,,,,,,,,,,,,,,,,,1.0,,,,,,,,,,,,,1.0,same,0.0,"[202.24, -227.46]","[[202.24, -227.46]]","[""blue""]","[""blue""]",blue,blue,s,same,1.0,1.0
013,013_T1_20260518_150017,Control,T1,standard,hci_substudy_v2,1,telemetry_v4,change_detection,4,formal_cd,formal,1,17,25,formal,N1_same,1779087617,59.946,2026-05-18T15:21:34.861,0,0,0,1,1268328.619,1268347.738,,,,,s,,1,10068.818,,,,1271928.619,1272005.688,1282114.92,4000,10109.232,1282114.92,"[{""stage_name"": ""fixation"", ""planned_duration_ms"": 100, ""intended_onset_ms"": 1268328.619, ""actual_onset_global_ms"": 1268347.738, ""actual_offset_global_ms"": 1268447.871, ""actual_duration_ms"": 100.133}, {""stage_name"": ""memory_array"", ""planned_duration_ms"": 2500, ""intended_onset_ms"": 1268428.619, ""actual_onset_global_ms"": 1268466.869, ""actual_offset_global_ms"": 1270974.186, ""actual_duration_ms"": 2507.317}, {""stage_name"": ""delay"", ""planned_duration_ms"": 1000, ""intended_onset_ms"": 1270974.186, ""actual_onset_global_ms"": 1270968.955, ""actual_offset_global_ms"": 1271981.637, ""actual_duration_ms"": 1012.682}, {""stage_name"": ""test_array"", ""planned_duration_ms"": 4000, ""intended_onset_ms"": 1271981.637, ""actual_onset_global_ms"": 1272005.688, ""actual_offset_global_ms"": 1282114.92, ""actual_duration_ms"": 10109.232}]",,,,,,,,,,,,,,,,,,,,,,,,,,,,,,,,,,,,,,,,,,,,,,,,,,1.0,,,,,,,,,,,,,1.0,same,0.0,"[242.27, -18.33]","[[242.27, -18.33]]","[""red""]","[""red""]",red,red,s,same,1.0,1.0
013,013_T1_20260518_150017,Control,T1,standard,hci_substudy_v2,1,telemetry_v4,change_detection,4,formal_cd,formal,1,18,26,formal,N3_change,1779087617,59.946,2026-05-18T15:21:48.654,0,0,0,1,1282122.395,1282137.887,,,,,j,,1,7332.548,,,,1285722.395,1285847.491,1293214.392,4000,7366.901,1293214.392,"[{""stage_name"": ""fixation"", ""planned_duration_ms"": 100, ""intended_onset_ms"": 1282122.395, ""actual_onset_global_ms"": 1282137.887, ""actual_offset_global_ms"": 1282254.244, ""actual_duration_ms"": 116.357}, {""stage_name"": ""memory_array"", ""planned_duration_ms"": 2500, ""intended_onset_ms"": 1282222.395, ""actual_onset_global_ms"": 1282303.736, ""actual_offset_global_ms"": 1284775.059, ""actual_duration_ms"": 2471.323}, {""stage_name"": ""delay"", ""planned_duration_ms"": 1000, ""intended_onset_ms"": 1284775.059, ""actual_onset_global_ms"": 1284776.385, ""actual_offset_global_ms"": 1285781.47, ""actual_duration_ms"": 1005.085}, {""stage_name"": ""test_array"", ""planned_duration_ms"": 4000, ""intended_onset_ms"": 1285781.47, ""actual_onset_global_ms"": 1285847.491, ""actual_offset_global_ms"": 1293214.392, ""actual_duration_ms"": 7366.901}]",,,,,,,,,,,,,,,,,,,,,,,,,,,,,,,,,,,,,,,,,,,,,,,,,,1.0,,,,,,,,,,,,,3.0,change,0.0,"[212.12, 93.85]","[[212.12, 93.85], [165.31, -177.7], [158.1, 204.79]]","[""blue"", ""green"", ""yellow""]","[""red"", ""green"", ""yellow""]",blue,red,j,change,3.0,1.0
013,013_T1_20260518_150017,Control,T1,standard,hci_substudy_v2,1,telemetry_v4,change_detection,4,formal_cd,formal,1,19,27,formal,N2_change,1779087617,59.946,2026-05-18T15:21:59.755,0,0,0,1,1293221.975,1293240.506,,,,,j,,0,1641.79,,,,1296821.975,1296925.128,1298620.192,4000,1695.064,1298620.192,"[{""stage_name"": ""fixation"", ""planned_duration_ms"": 100, ""intended_onset_ms"": 1293221.975, ""actual_onset_global_ms"": 1293240.506, ""actual_offset_global_ms"": 1293339.831, ""actual_duration_ms"": 99.325}, {""stage_name"": ""memory_array"", ""planned_duration_ms"": 2500, ""intended_onset_ms"": 1293321.975, ""actual_onset_global_ms"": 1293382.7, ""actual_offset_global_ms"": 1295864.575, ""actual_duration_ms"": 2481.875}, {""stage_name"": ""delay"", ""planned_duration_ms"": 1000, ""intended_onset_ms"": 1295864.575, ""actual_onset_global_ms"": 1295864.11, ""actual_offset_global_ms"": 1296881.078, ""actual_duration_ms"": 1016.968}, {""stage_name"": ""test_array"", ""planned_duration_ms"": 4000, ""intended_onset_ms"": 1296881.078, ""actual_onset_global_ms"": 1296925.128, ""actual_offset_global_ms"": 1298620.192, ""actual_duration_ms"": 1695.064}]",,,,,,,,,,,,,,,,,,,,,,,,,,,,,,,,,,,,,,,,,,,,,,,,,,0.0,,,,,,,,,,,,,2.0,change,0.0,"[-220.81, -177.82]","[[-220.81, -177.82], [191.72, -104.13]]","[""yellow"", ""blue""]","[""red"", ""blue""]",yellow,red,s,same,2.0,1.0
013,013_T1_20260518_150017,Control,T1,standard,hci_substudy_v2,1,telemetry_v4,change_detection,4,formal_cd,formal,1,20,28,formal,N3_same,1779087617,59.946,2026-05-18T15:22:05.162,0,0,0,1,1298629.398,1298645.508,,,,,s,,1,2251.683,,,,1302229.398,1302358.138,1304667.304,4000,2309.166,1304667.304,"[{""stage_name"": ""fixation"", ""planned_duration_ms"": 100, ""intended_onset_ms"": 1298629.398, ""actual_onset_global_ms"": 1298645.508, ""actual_offset_global_ms"": 1298752.326, ""actual_duration_ms"": 106.818}, {""stage_name"": ""memory_array"", ""planned_duration_ms"": 2500, ""intended_onset_ms"": 1298729.398, ""actual_onset_global_ms"": 1298800.315, ""actual_offset_global_ms"": 1301289.992, ""actual_duration_ms"": 2489.677}, {""stage_name"": ""delay"", ""planned_duration_ms"": 1000, ""intended_onset_ms"": 1301289.992, ""actual_onset_global_ms"": 1301284.851, ""actual_offset_global_ms"": 1302297.766, ""actual_duration_ms"": 1012.915}, {""stage_name"": ""test_array"", ""planned_duration_ms"": 4000, ""intended_onset_ms"": 1302297.766, ""actual_onset_global_ms"": 1302358.138, ""actual_offset_global_ms"": 1304667.304, ""actual_duration_ms"": 2309.166}]",,,,,,,,,,,,,,,,,,,,,,,,,,,,,,,,,,,,,,,,,,,,,,,,,,1.0,,,,,,,,,,,,,3.0,same,2.0,"[-163.52, 128.41]","[[147.41, -44.33], [-52.23, 139.74], [-163.52, 128.41]]","[""red"", ""yellow"", ""blue""]","[""red"", ""yellow"", ""blue""]",blue,blue,s,same,4.0,1.0
013,013_T1_20260518_150017,Control,T1,standard,hci_substudy_v2,1,telemetry_v4,change_detection,4,formal_cd,formal,1,21,29,formal,N2_change,1779087617,59.946,2026-05-18T15:22:11.207,0,0,0,1,1304674.592,1304694.825,,,,,j,,1,2265.865,,,,1308274.592,1308380.655,1310669.14,4000,2288.485,1310669.14,"[{""stage_name"": ""fixation"", ""planned_duration_ms"": 100, ""intended_onset_ms"": 1304674.592, ""actual_onset_global_ms"": 1304694.825, ""actual_offset_global_ms"": 1304804.305, ""actual_duration_ms"": 109.48}, {""stage_name"": ""memory_array"", ""planned_duration_ms"": 2500, ""intended_onset_ms"": 1304774.592, ""actual_onset_global_ms"": 1304839.799, ""actual_offset_global_ms"": 1307339.158, ""actual_duration_ms"": 2499.359}, {""stage_name"": ""delay"", ""planned_duration_ms"": 1000, ""intended_onset_ms"": 1307339.158, ""actual_onset_global_ms"": 1307335.86, ""actual_offset_global_ms"": 1308348.372, ""actual_duration_ms"": 1012.512}, {""stage_name"": ""test_array"", ""planned_duration_ms"": 4000, ""intended_onset_ms"": 1308348.372, ""actual_onset_global_ms"": 1308380.655, ""actual_offset_global_ms"": 1310669.14, ""actual_duration_ms"": 2288.485}]",,,,,,,,,,,,,,,,,,,,,,,,,,,,,,,,,,,,,,,,,,,,,,,,,,1.0,,,,,,,,,,,,,2.0,change,1.0,"[-81.19, 42.98]","[[39.84, -169.08], [-81.19, 42.98]]","[""green"", ""purple""]","[""green"", ""blue""]",purple,blue,j,change,2.0,1.0
013,013_T1_20260518_150017,Control,T1,standard,hci_substudy_v2,1,telemetry_v4,change_detection,4,formal_cd,formal,1,22,30,formal,N4_change,1779087617,59.946,2026-05-18T15:22:17.209,0,0,0,1,1310676.533,1310696.358,,,,,j,,1,1862.072,,,,1314276.533,1314406.888,1316330.971,4000,1924.083,1316330.971,"[{""stage_name"": ""fixation"", ""planned_duration_ms"": 100, ""intended_onset_ms"": 1310676.533, ""actual_onset_global_ms"": 1310696.358, ""actual_offset_global_ms"": 1310808.915, ""actual_duration_ms"": 112.557}, {""stage_name"": ""memory_array"", ""planned_duration_ms"": 2500, ""intended_onset_ms"": 1310776.533, ""actual_onset_global_ms"": 1310886.923, ""actual_offset_global_ms"": 1313311.788, ""actual_duration_ms"": 2424.865}, {""stage_name"": ""delay"", ""planned_duration_ms"": 1000, ""intended_onset_ms"": 1313311.788, ""actual_onset_global_ms"": 1313313.938, ""actual_offset_global_ms"": 1314330.702, ""actual_duration_ms"": 1016.764}, {""stage_name"": ""test_array"", ""planned_duration_ms"": 4000, ""intended_onset_ms"": 1314330.702, ""actual_onset_global_ms"": 1314406.888, ""actual_offset_global_ms"": 1316330.971, ""actual_duration_ms"": 1924.083}]",,,,,,,,,,,,,,,,,,,,,,,,,,,,,,,,,,,,,,,,,,,,,,,,,,1.0,,,,,,,,,,,,,4.0,change,2.0,"[59.39, 146.29]","[[220.41, -5.37], [165.77, 105.57], [59.39, 146.29], [-104.86, -231.5]]","[""red"", ""green"", ""blue"", ""purple""]","[""red"", ""green"", ""yellow"", ""purple""]",blue,yellow,j,change,7.0,1.0
013,013_T1_20260518_150017,Control,T1,standard,hci_substudy_v2,1,telemetry_v4,change_detection,4,formal_cd,formal,1,23,31,formal,N2_same,1779087617,59.946,2026-05-18T15:22:22.872,0,0,0,1,1316339.475,1316356.951,,,,,s,,1,2960.154,,,,1319939.475,1320005.747,1323000.918,4000,2995.171,1323000.918,"[{""stage_name"": ""fixation"", ""planned_duration_ms"": 100, ""intended_onset_ms"": 1316339.475, ""actual_onset_global_ms"": 1316356.951, ""actual_offset_global_ms"": 1316458.512, ""actual_duration_ms"": 101.561}, {""stage_name"": ""memory_array"", ""planned_duration_ms"": 2500, ""intended_onset_ms"": 1316439.475, ""actual_onset_global_ms"": 1316491.577, ""actual_offset_global_ms"": 1318960.791, ""actual_duration_ms"": 2469.214}, {""stage_name"": ""delay"", ""planned_duration_ms"": 1000, ""intended_onset_ms"": 1318960.791, ""actual_onset_global_ms"": 1318964.286, ""actual_offset_global_ms"": 1319964.198, ""actual_duration_ms"": 999.912}, {""stage_name"": ""test_array"", ""planned_duration_ms"": 4000, ""intended_onset_ms"": 1319964.198, ""actual_onset_global_ms"": 1320005.747, ""actual_offset_global_ms"": 1323000.918, ""actual_duration_ms"": 2995.171}]",,,,,,,,,,,,,,,,,,,,,,,,,,,,,,,,,,,,,,,,,,,,,,,,,,1.0,,,,,,,,,,,,,2.0,same,0.0,"[127.87, 27.44]","[[127.87, 27.44], [-122.38, 113.31]]","[""yellow"", ""purple""]","[""yellow"", ""purple""]",yellow,yellow,s,same,3.0,1.0
013,013_T1_20260518_150017,Control,T1,standard,hci_substudy_v2,1,telemetry_v4,change_detection,4,formal_cd,formal,1,24,32,formal,N1_same,1779087617,59.946,2026-05-18T15:22:29.541,0,0,0,1,1323008.442,1323025.982,,,,,s,,1,2688.243,,,,1326608.442,1326688.898,1329430.919,4000,2742.021,1329430.919,"[{""stage_name"": ""fixation"", ""planned_duration_ms"": 100, ""intended_onset_ms"": 1323008.442, ""actual_onset_global_ms"": 1323025.982, ""actual_offset_global_ms"": 1323138.029, ""actual_duration_ms"": 112.047}, {""stage_name"": ""memory_array"", ""planned_duration_ms"": 2500, ""intended_onset_ms"": 1323108.442, ""actual_onset_global_ms"": 1323157.539, ""actual_offset_global_ms"": 1325650.712, ""actual_duration_ms"": 2493.173}, {""stage_name"": ""delay"", ""planned_duration_ms"": 1000, ""intended_onset_ms"": 1325650.712, ""actual_onset_global_ms"": 1325647.577, ""actual_offset_global_ms"": 1326663.665, ""actual_duration_ms"": 1016.088}, {""stage_name"": ""test_array"", ""planned_duration_ms"": 4000, ""intended_onset_ms"": 1326663.665, ""actual_onset_global_ms"": 1326688.898, ""actual_offset_global_ms"": 1329430.919, ""actual_duration_ms"": 2742.021}]",,,,,,,,,,,,,,,,,,,,,,,,,,,,,,,,,,,,,,,,,,,,,,,,,,1.0,,,,,,,,,,,,,1.0,same,0.0,"[-192.79, 175.88]","[[-192.79, 175.88]]","[""yellow""]","[""yellow""]",yellow,yellow,s,same,2.0,1.0
013,013_T1_20260518_150017,Control,T1,standard,hci_substudy_v2,1,telemetry_v4,change_detection,4,formal_cd,formal,1,25,33,formal,N3_same,1779087617,59.946,2026-05-18T15:22:35.973,0,0,0,1,1329440.664,1329458.859,,,,,s,,1,1732.312,,,,1333040.664,1333187.978,1334952.628,4000,1764.65,1334952.628,"[{""stage_name"": ""fixation"", ""planned_duration_ms"": 100, ""intended_onset_ms"": 1329440.664, ""actual_onset_global_ms"": 1329458.859, ""actual_offset_global_ms"": 1329572.993, ""actual_duration_ms"": 114.134}, {""stage_name"": ""memory_array"", ""planned_duration_ms"": 2500, ""intended_onset_ms"": 1329540.664, ""actual_onset_global_ms"": 1329627.698, ""actual_offset_global_ms"": 1332127.621, ""actual_duration_ms"": 2499.923}, {""stage_name"": ""delay"", ""planned_duration_ms"": 1000, ""intended_onset_ms"": 1332127.621, ""actual_onset_global_ms"": 1332132.476, ""actual_offset_global_ms"": 1333130.365, ""actual_duration_ms"": 997.889}, {""stage_name"": ""test_array"", ""planned_duration_ms"": 4000, ""intended_onset_ms"": 1333130.365, ""actual_onset_global_ms"": 1333187.978, ""actual_offset_global_ms"": 1334952.628, ""actual_duration_ms"": 1764.65}]",,,,,,,,,,,,,,,,,,,,,,,,,,,,,,,,,,,,,,,,,,,,,,,,,,1.0,,,,,,,,,,,,,3.0,same,2.0,"[69.32, 130.19]","[[-23.83, -150.6], [-230.28, -71.19], [69.32, 130.19]]","[""yellow"", ""green"", ""blue""]","[""yellow"", ""green"", ""blue""]",blue,blue,s,same,5.0,1.0
013,013_T1_20260518_150017,Control,T1,standard,hci_substudy_v2,1,telemetry_v4,change_detection,4,formal_cd,formal,1,26,34,formal,N2_change,1779087617,59.946,2026-05-18T15:22:41.497,0,0,0,1,1334964.414,1334984.606,,,,,j,,1,1847.99,,,,1338564.414,1338669.668,1340535.566,4000,1865.898,1340535.566,"[{""stage_name"": ""fixation"", ""planned_duration_ms"": 100, ""intended_onset_ms"": 1334964.414, ""actual_onset_global_ms"": 1334984.606, ""actual_offset_global_ms"": 1335098.079, ""actual_duration_ms"": 113.473}, {""stage_name"": ""memory_array"", ""planned_duration_ms"": 2500, ""intended_onset_ms"": 1335064.414, ""actual_onset_global_ms"": 1335146.948, ""actual_offset_global_ms"": 1337613.181, ""actual_duration_ms"": 2466.233}, {""stage_name"": ""delay"", ""planned_duration_ms"": 1000, ""intended_onset_ms"": 1337613.181, ""actual_onset_global_ms"": 1337615.333, ""actual_offset_global_ms"": 1338630.269, ""actual_duration_ms"": 1014.936}, {""stage_name"": ""test_array"", ""planned_duration_ms"": 4000, ""intended_onset_ms"": 1338630.269, ""actual_onset_global_ms"": 1338669.668, ""actual_offset_global_ms"": 1340535.566, ""actual_duration_ms"": 1865.898}]",,,,,,,,,,,,,,,,,,,,,,,,,,,,,,,,,,,,,,,,,,,,,,,,,,1.0,,,,,,,,,,,,,2.0,change,1.0,"[-234.04, -187.43]","[[-136.84, 109.45], [-234.04, -187.43]]","[""purple"", ""blue""]","[""purple"", ""green""]",blue,green,j,change,2.0,1.0
013,013_T1_20260518_150017,Control,T1,standard,hci_substudy_v2,1,telemetry_v4,change_detection,4,formal_cd,formal,1,27,35,formal,N4_change,1779087617,59.946,2026-05-18T15:22:47.077,0,0,0,1,1340544.215,1340560.671,,,,,j,,1,2532.595,,,,1344144.215,1344321.202,1346891.968,4000,2570.766,1346891.968,"[{""stage_name"": ""fixation"", ""planned_duration_ms"": 100, ""intended_onset_ms"": 1340544.215, ""actual_onset_global_ms"": 1340560.671, ""actual_offset_global_ms"": 1340673.85, ""actual_duration_ms"": 113.179}, {""stage_name"": ""memory_array"", ""planned_duration_ms"": 2500, ""intended_onset_ms"": 1340644.215, ""actual_onset_global_ms"": 1340749.202, ""actual_offset_global_ms"": 1343235.519, ""actual_duration_ms"": 2486.317}, {""stage_name"": ""delay"", ""planned_duration_ms"": 1000, ""intended_onset_ms"": 1343235.519, ""actual_onset_global_ms"": 1343232.646, ""actual_offset_global_ms"": 1344247.224, ""actual_duration_ms"": 1014.578}, {""stage_name"": ""test_array"", ""planned_duration_ms"": 4000, ""intended_onset_ms"": 1344247.224, ""actual_onset_global_ms"": 1344321.202, ""actual_offset_global_ms"": 1346891.968, ""actual_duration_ms"": 2570.766}]",,,,,,,,,,,,,,,,,,,,,,,,,,,,,,,,,,,,,,,,,,,,,,,,,,1.0,,,,,,,,,,,,,4.0,change,1.0,"[76.68, 65.96]","[[-162.3, 109.82], [76.68, 65.96], [99.89, -166.25], [222.31, 178.14]]","[""red"", ""green"", ""purple"", ""yellow""]","[""red"", ""blue"", ""purple"", ""yellow""]",green,blue,j,change,6.0,1.0
013,013_T1_20260518_150017,Control,T1,standard,hci_substudy_v2,1,telemetry_v4,change_detection,4,formal_cd,formal,1,28,36,formal,N4_same,1779087617,59.946,2026-05-18T15:22:53.433,0,0,0,1,1346900.609,1346919.192,,,,,s,,1,3999.528,,,,1350500.609,1350670.718,1354685.649,4000,4014.931,1354685.649,"[{""stage_name"": ""fixation"", ""planned_duration_ms"": 100, ""intended_onset_ms"": 1346900.609, ""actual_onset_global_ms"": 1346919.192, ""actual_offset_global_ms"": 1347023.454, ""actual_duration_ms"": 104.262}, {""stage_name"": ""memory_array"", ""planned_duration_ms"": 2500, ""intended_onset_ms"": 1347000.609, ""actual_onset_global_ms"": 1347104.252, ""actual_offset_global_ms"": 1349593.313, ""actual_duration_ms"": 2489.061}, {""stage_name"": ""delay"", ""planned_duration_ms"": 1000, ""intended_onset_ms"": 1349593.313, ""actual_onset_global_ms"": 1349590.247, ""actual_offset_global_ms"": 1350597.066, ""actual_duration_ms"": 1006.819}, {""stage_name"": ""test_array"", ""planned_duration_ms"": 4000, ""intended_onset_ms"": 1350597.066, ""actual_onset_global_ms"": 1350670.718, ""actual_offset_global_ms"": 1354685.649, ""actual_duration_ms"": 4014.931}]",,,,,,,,,,,,,,,,,,,,,,,,,,,,,,,,,,,,,,,,,,,,,,,,,,1.0,,,,,,,,,,,,,4.0,same,2.0,"[-219.99, -211.2]","[[42.12, -168.18], [-5.02, 175.06], [-219.99, -211.2], [240.15, -118.31]]","[""purple"", ""green"", ""blue"", ""yellow""]","[""purple"", ""green"", ""blue"", ""yellow""]",blue,blue,s,same,4.0,1.0
013,013_T1_20260518_150017,Control,T1,standard,hci_substudy_v2,1,telemetry_v4,change_detection,4,formal_cd,formal,1,29,37,formal,N4_same,1779087617,59.946,2026-05-18T15:23:01.226,0,0,0,1,1354694.042,1354717.809,,,,,s,,1,2035.186,,,,1358294.042,1358461.035,1360565.123,4000,2104.088,1360565.123,"[{""stage_name"": ""fixation"", ""planned_duration_ms"": 100, ""intended_onset_ms"": 1354694.042, ""actual_onset_global_ms"": 1354717.809, ""actual_offset_global_ms"": 1354821.099, ""actual_duration_ms"": 103.29}, {""stage_name"": ""memory_array"", ""planned_duration_ms"": 2500, ""intended_onset_ms"": 1354794.042, ""actual_onset_global_ms"": 1354891.532, ""actual_offset_global_ms"": 1357367.755, ""actual_duration_ms"": 2476.223}, {""stage_name"": ""delay"", ""planned_duration_ms"": 1000, ""intended_onset_ms"": 1357367.755, ""actual_onset_global_ms"": 1357364.489, ""actual_offset_global_ms"": 1358381.556, ""actual_duration_ms"": 1017.067}, {""stage_name"": ""test_array"", ""planned_duration_ms"": 4000, ""intended_onset_ms"": 1358381.556, ""actual_onset_global_ms"": 1358461.035, ""actual_offset_global_ms"": 1360565.123, ""actual_duration_ms"": 2104.088}]",,,,,,,,,,,,,,,,,,,,,,,,,,,,,,,,,,,,,,,,,,,,,,,,,,1.0,,,,,,,,,,,,,4.0,same,2.0,"[-1.27, -113.28]","[[247.2, 26.53], [-230.2, -201.76], [-1.27, -113.28], [67.78, 117.93]]","[""green"", ""yellow"", ""purple"", ""blue""]","[""green"", ""yellow"", ""purple"", ""blue""]",purple,purple,s,same,5.0,1.0
013,013_T1_20260518_150017,Control,T1,standard,hci_substudy_v2,1,telemetry_v4,change_detection,4,formal_cd,formal,1,30,38,formal,N3_change,1779087617,59.946,2026-05-18T15:23:07.109,0,0,0,1,1360577.274,1360594.487,,,,,j,,0,2333.044,,,,1364177.274,1364319.568,1366717.559,4000,2397.991,1366717.559,"[{""stage_name"": ""fixation"", ""planned_duration_ms"": 100, ""intended_onset_ms"": 1360577.274, ""actual_onset_global_ms"": 1360594.487, ""actual_offset_global_ms"": 1360705.151, ""actual_duration_ms"": 110.664}, {""stage_name"": ""memory_array"", ""planned_duration_ms"": 2500, ""intended_onset_ms"": 1360677.274, ""actual_onset_global_ms"": 1360758.591, ""actual_offset_global_ms"": 1363261.974, ""actual_duration_ms"": 2503.383}, {""stage_name"": ""delay"", ""planned_duration_ms"": 1000, ""intended_onset_ms"": 1363261.974, ""actual_onset_global_ms"": 1363264.88, ""actual_offset_global_ms"": 1364263.556, ""actual_duration_ms"": 998.676}, {""stage_name"": ""test_array"", ""planned_duration_ms"": 4000, ""intended_onset_ms"": 1364263.556, ""actual_onset_global_ms"": 1364319.568, ""actual_offset_global_ms"": 1366717.559, ""actual_duration_ms"": 2397.991}]",,,,,,,,,,,,,,,,,,,,,,,,,,,,,,,,,,,,,,,,,,,,,,,,,,0.0,,,,,,,,,,,,,3.0,change,0.0,"[199.47, 130.33]","[[199.47, 130.33], [231.23, -198.13], [-97.56, 187.96]]","[""yellow"", ""green"", ""red""]","[""blue"", ""green"", ""red""]",yellow,blue,s,same,3.0,1.0
013,013_T1_20260518_150017,Control,T1,standard,hci_substudy_v2,1,telemetry_v4,change_detection,4,formal_cd,formal,1,31,39,formal,N2_same,1779087617,59.946,2026-05-18T15:23:13.259,0,0,0,1,1366726.148,1366744.521,,,,,s,,1,2152.661,,,,1370326.148,1370431.192,1372615.518,4000,2184.326,1372615.518,"[{""stage_name"": ""fixation"", ""planned_duration_ms"": 100, ""intended_onset_ms"": 1366726.148, ""actual_onset_global_ms"": 1366744.521, ""actual_offset_global_ms"": 1366846.564, ""actual_duration_ms"": 102.043}, {""stage_name"": ""memory_array"", ""planned_duration_ms"": 2500, ""intended_onset_ms"": 1366826.148, ""actual_onset_global_ms"": 1366880.896, ""actual_offset_global_ms"": 1369393.875, ""actual_duration_ms"": 2512.979}, {""stage_name"": ""delay"", ""planned_duration_ms"": 1000, ""intended_onset_ms"": 1369393.875, ""actual_onset_global_ms"": 1369397.116, ""actual_offset_global_ms"": 1370396.647, ""actual_duration_ms"": 999.531}, {""stage_name"": ""test_array"", ""planned_duration_ms"": 4000, ""intended_onset_ms"": 1370396.647, ""actual_onset_global_ms"": 1370431.192, ""actual_offset_global_ms"": 1372615.518, ""actual_duration_ms"": 2184.326}]",,,,,,,,,,,,,,,,,,,,,,,,,,,,,,,,,,,,,,,,,,,,,,,,,,1.0,,,,,,,,,,,,,2.0,same,1.0,"[-174.9, 185.09]","[[-19.46, 212.28], [-174.9, 185.09]]","[""green"", ""yellow""]","[""green"", ""yellow""]",yellow,yellow,s,same,2.0,1.0
013,013_T1_20260518_150017,Control,T1,standard,hci_substudy_v2,1,telemetry_v4,change_detection,4,formal_cd,formal,1,32,40,formal,N2_same,1779087617,59.946,2026-05-18T15:23:19.157,0,0,0,1,1372624.667,1372642.743,,,,,s,,1,2494.269,,,,1376224.667,1376327.51,1378857.529,4000,2530.019,1378857.529,"[{""stage_name"": ""fixation"", ""planned_duration_ms"": 100, ""intended_onset_ms"": 1372624.667, ""actual_onset_global_ms"": 1372642.743, ""actual_offset_global_ms"": 1372752.139, ""actual_duration_ms"": 109.396}, {""stage_name"": ""memory_array"", ""planned_duration_ms"": 2500, ""intended_onset_ms"": 1372724.667, ""actual_onset_global_ms"": 1372790.757, ""actual_offset_global_ms"": 1375264.078, ""actual_duration_ms"": 2473.321}, {""stage_name"": ""delay"", ""planned_duration_ms"": 1000, ""intended_onset_ms"": 1375264.078, ""actual_onset_global_ms"": 1375265.177, ""actual_offset_global_ms"": 1376280.895, ""actual_duration_ms"": 1015.718}, {""stage_name"": ""test_array"", ""planned_duration_ms"": 4000, ""intended_onset_ms"": 1376280.895, ""actual_onset_global_ms"": 1376327.51, ""actual_offset_global_ms"": 1378857.529, ""actual_duration_ms"": 2530.019}]",,,,,,,,,,,,,,,,,,,,,,,,,,,,,,,,,,,,,,,,,,,,,,,,,,1.0,,,,,,,,,,,,,2.0,same,1.0,"[-119.02, 230.27]","[[-121.51, -251.93], [-119.02, 230.27]]","[""blue"", ""green""]","[""blue"", ""green""]",green,green,s,same,2.0,1.0
013,013_T1_20260518_150017,Control,T1,standard,hci_substudy_v2,1,telemetry_v4,change_detection,4,formal_cd,formal,1,33,41,formal,N3_change,1779087617,59.946,2026-05-18T15:23:25.403,0,0,0,1,1378870.63,1378893.877,,,,,j,,1,1612.639,,,,1382470.63,1382570.159,1384268.878,4000,1698.719,1384268.878,"[{""stage_name"": ""fixation"", ""planned_duration_ms"": 100, ""intended_onset_ms"": 1378870.63, ""actual_onset_global_ms"": 1378893.877, ""actual_offset_global_ms"": 1378989.571, ""actual_duration_ms"": 95.694}, {""stage_name"": ""memory_array"", ""planned_duration_ms"": 2500, ""intended_onset_ms"": 1378970.63, ""actual_onset_global_ms"": 1379051.888, ""actual_offset_global_ms"": 1381508.413, ""actual_duration_ms"": 2456.525}, {""stage_name"": ""delay"", ""planned_duration_ms"": 1000, ""intended_onset_ms"": 1381508.413, ""actual_onset_global_ms"": 1381508.226, ""actual_offset_global_ms"": 1382513.078, ""actual_duration_ms"": 1004.852}, {""stage_name"": ""test_array"", ""planned_duration_ms"": 4000, ""intended_onset_ms"": 1382513.078, ""actual_onset_global_ms"": 1382570.159, ""actual_offset_global_ms"": 1384268.878, ""actual_duration_ms"": 1698.719}]",,,,,,,,,,,,,,,,,,,,,,,,,,,,,,,,,,,,,,,,,,,,,,,,,,1.0,,,,,,,,,,,,,3.0,change,2.0,"[-175.0, -182.98]","[[-246.74, 214.6], [-109.66, -50.0], [-175.0, -182.98]]","[""red"", ""green"", ""yellow""]","[""red"", ""green"", ""blue""]",yellow,blue,j,change,4.0,1.0
013,013_T1_20260518_150017,Control,T1,standard,hci_substudy_v2,1,telemetry_v4,change_detection,4,formal_cd,formal,1,34,42,formal,N4_change,1779087617,59.946,2026-05-18T15:23:30.813,0,0,0,1,1384280.705,1384302.256,,,,,j,,1,2105.397,,,,1387880.705,1388034.483,1390169.359,4000,2134.876,1390169.359,"[{""stage_name"": ""fixation"", ""planned_duration_ms"": 100, ""intended_onset_ms"": 1384280.705, ""actual_onset_global_ms"": 1384302.256, ""actual_offset_global_ms"": 1384409.036, ""actual_duration_ms"": 106.78}, {""stage_name"": ""memory_array"", ""planned_duration_ms"": 2500, ""intended_onset_ms"": 1384380.705, ""actual_onset_global_ms"": 1384481.056, ""actual_offset_global_ms"": 1386947.264, ""actual_duration_ms"": 2466.208}, {""stage_name"": ""delay"", ""planned_duration_ms"": 1000, ""intended_onset_ms"": 1386947.264, ""actual_onset_global_ms"": 1386948.107, ""actual_offset_global_ms"": 1387963.034, ""actual_duration_ms"": 1014.927}, {""stage_name"": ""test_array"", ""planned_duration_ms"": 4000, ""intended_onset_ms"": 1387963.034, ""actual_onset_global_ms"": 1388034.483, ""actual_offset_global_ms"": 1390169.359, ""actual_duration_ms"": 2134.876}]",,,,,,,,,,,,,,,,,,,,,,,,,,,,,,,,,,,,,,,,,,,,,,,,,,1.0,,,,,,,,,,,,,4.0,change,1.0,"[-43.96, 78.67]","[[-170.06, 241.64], [-43.96, 78.67], [88.27, -173.65], [-219.79, -16.03]]","[""red"", ""green"", ""yellow"", ""blue""]","[""red"", ""purple"", ""yellow"", ""blue""]",green,purple,j,change,5.0,1.0
013,013_T1_20260518_150017,Control,T1,standard,hci_substudy_v2,1,telemetry_v4,change_detection,4,formal_cd,formal,1,35,43,formal,N3_change,1779087617,59.946,2026-05-18T15:23:36.711,0,0,0,1,1390178.743,1390196.125,,,,,j,,1,4883.861,,,,1393778.743,1393900.718,1398813.121,4000,4912.403,1398813.121,"[{""stage_name"": ""fixation"", ""planned_duration_ms"": 100, ""intended_onset_ms"": 1390178.743, ""actual_onset_global_ms"": 1390196.125, ""actual_offset_global_ms"": 1390306.378, ""actual_duration_ms"": 110.253}, {""stage_name"": ""memory_array"", ""planned_duration_ms"": 2500, ""intended_onset_ms"": 1390278.743, ""actual_onset_global_ms"": 1390356.157, ""actual_offset_global_ms"": 1392826.374, ""actual_duration_ms"": 2470.217}, {""stage_name"": ""delay"", ""planned_duration_ms"": 1000, ""intended_onset_ms"": 1392826.374, ""actual_onset_global_ms"": 1392829.788, ""actual_offset_global_ms"": 1393846.744, ""actual_duration_ms"": 1016.956}, {""stage_name"": ""test_array"", ""planned_duration_ms"": 4000, ""intended_onset_ms"": 1393846.744, ""actual_onset_global_ms"": 1393900.718, ""actual_offset_global_ms"": 1398813.121, ""actual_duration_ms"": 4912.403}]",,,,,,,,,,,,,,,,,,,,,,,,,,,,,,,,,,,,,,,,,,,,,,,,,,1.0,,,,,,,,,,,,,3.0,change,2.0,"[244.99, 228.78]","[[109.43, -6.63], [232.86, 72.36], [244.99, 228.78]]","[""blue"", ""yellow"", ""purple""]","[""blue"", ""yellow"", ""red""]",purple,red,j,change,3.0,1.0
013,013_T1_20260518_150017,Control,T1,standard,hci_substudy_v2,1,telemetry_v4,change_detection,4,formal_cd,formal,1,36,44,formal,N4_same,1779087617,59.946,2026-05-18T15:23:45.356,0,0,0,1,1398823.815,1398844.129,,,,,s,,0,3391.113,,,,1402423.815,1402604.995,1406029.419,4000,3424.424,1406029.419,"[{""stage_name"": ""fixation"", ""planned_duration_ms"": 100, ""intended_onset_ms"": 1398823.815, ""actual_onset_global_ms"": 1398844.129, ""actual_offset_global_ms"": 1398955.952, ""actual_duration_ms"": 111.823}, {""stage_name"": ""memory_array"", ""planned_duration_ms"": 2500, ""intended_onset_ms"": 1398923.815, ""actual_onset_global_ms"": 1399036.304, ""actual_offset_global_ms"": 1401528.446, ""actual_duration_ms"": 2492.142}, {""stage_name"": ""delay"", ""planned_duration_ms"": 1000, ""intended_onset_ms"": 1401528.446, ""actual_onset_global_ms"": 1401531.259, ""actual_offset_global_ms"": 1402529.413, ""actual_duration_ms"": 998.154}, {""stage_name"": ""test_array"", ""planned_duration_ms"": 4000, ""intended_onset_ms"": 1402529.413, ""actual_onset_global_ms"": 1402604.995, ""actual_offset_global_ms"": 1406029.419, ""actual_duration_ms"": 3424.424}]",,,,,,,,,,,,,,,,,,,,,,,,,,,,,,,,,,,,,,,,,,,,,,,,,,0.0,,,,,,,,,,,,,4.0,same,3.0,"[113.9, 259.04]","[[193.25, 89.69], [-36.18, -180.21], [75.97, -179.71], [113.9, 259.04]]","[""purple"", ""blue"", ""red"", ""green""]","[""purple"", ""blue"", ""red"", ""green""]",green,green,j,change,5.0,1.0
013,013_T1_20260518_150017,Control,T1,standard,hci_substudy_v2,1,telemetry_v4,change_detection,4,formal_cd,formal,1,37,45,formal,N1_same,1779087617,59.946,2026-05-18T15:23:52.570,0,0,0,1,1406037.584,1406055.998,,,,,s,,1,897.046,,,,1409637.584,1409716.813,1410653.381,4000,936.568,1410653.381,"[{""stage_name"": ""fixation"", ""planned_duration_ms"": 100, ""intended_onset_ms"": 1406037.584, ""actual_onset_global_ms"": 1406055.998, ""actual_offset_global_ms"": 1406160.004, ""actual_duration_ms"": 104.006}, {""stage_name"": ""memory_array"", ""planned_duration_ms"": 2500, ""intended_onset_ms"": 1406137.584, ""actual_onset_global_ms"": 1406179.542, ""actual_offset_global_ms"": 1408695.694, ""actual_duration_ms"": 2516.152}, {""stage_name"": ""delay"", ""planned_duration_ms"": 1000, ""intended_onset_ms"": 1408695.694, ""actual_onset_global_ms"": 1408696.351, ""actual_offset_global_ms"": 1409696.295, ""actual_duration_ms"": 999.944}, {""stage_name"": ""test_array"", ""planned_duration_ms"": 4000, ""intended_onset_ms"": 1409696.295, ""actual_onset_global_ms"": 1409716.813, ""actual_offset_global_ms"": 1410653.381, ""actual_duration_ms"": 936.568}]",,,,,,,,,,,,,,,,,,,,,,,,,,,,,,,,,,,,,,,,,,,,,,,,,,1.0,,,,,,,,,,,,,1.0,same,0.0,"[-90.36, 175.51]","[[-90.36, 175.51]]","[""purple""]","[""purple""]",purple,purple,s,same,1.0,1.0
013,013_T1_20260518_150017,Control,T1,standard,hci_substudy_v2,1,telemetry_v4,change_detection,4,formal_cd,formal,1,38,46,formal,N1_change,1779087617,59.946,2026-05-18T15:23:57.198,0,0,0,1,1410665.554,1410686.321,,,,,j,,1,1359.384,,,,1414265.554,1414357.336,1415733.952,4000,1376.616,1415733.952,"[{""stage_name"": ""fixation"", ""planned_duration_ms"": 100, ""intended_onset_ms"": 1410665.554, ""actual_onset_global_ms"": 1410686.321, ""actual_offset_global_ms"": 1410801.996, ""actual_duration_ms"": 115.675}, {""stage_name"": ""memory_array"", ""planned_duration_ms"": 2500, ""intended_onset_ms"": 1410765.554, ""actual_onset_global_ms"": 1410821.984, ""actual_offset_global_ms"": 1413318.564, ""actual_duration_ms"": 2496.58}, {""stage_name"": ""delay"", ""planned_duration_ms"": 1000, ""intended_onset_ms"": 1413318.564, ""actual_onset_global_ms"": 1413317.364, ""actual_offset_global_ms"": 1414329.615, ""actual_duration_ms"": 1012.251}, {""stage_name"": ""test_array"", ""planned_duration_ms"": 4000, ""intended_onset_ms"": 1414329.615, ""actual_onset_global_ms"": 1414357.336, ""actual_offset_global_ms"": 1415733.952, ""actual_duration_ms"": 1376.616}]",,,,,,,,,,,,,,,,,,,,,,,,,,,,,,,,,,,,,,,,,,,,,,,,,,1.0,,,,,,,,,,,,,1.0,change,0.0,"[-0.75, 239.03]","[[-0.75, 239.03]]","[""red""]","[""blue""]",red,blue,j,change,2.0,1.0
013,013_T1_20260518_150017,Control,T1,standard,hci_substudy_v2,1,telemetry_v4,change_detection,4,formal_cd,formal,1,39,47,formal,N1_change,1779087617,59.946,2026-05-18T15:24:02.279,0,0,0,1,1415746.366,1415764.987,,,,,j,,1,1442.49,,,,1419346.366,1419441.671,1420929.041,4000,1487.37,1420929.041,"[{""stage_name"": ""fixation"", ""planned_duration_ms"": 100, ""intended_onset_ms"": 1415746.366, ""actual_onset_global_ms"": 1415764.987, ""actual_offset_global_ms"": 1415877.832, ""actual_duration_ms"": 112.845}, {""stage_name"": ""memory_array"", ""planned_duration_ms"": 2500, ""intended_onset_ms"": 1415846.366, ""actual_onset_global_ms"": 1415899.31, ""actual_offset_global_ms"": 1418410.588, ""actual_duration_ms"": 2511.278}, {""stage_name"": ""delay"", ""planned_duration_ms"": 1000, ""intended_onset_ms"": 1418410.588, ""actual_onset_global_ms"": 1418413.916, ""actual_offset_global_ms"": 1419418.413, ""actual_duration_ms"": 1004.497}, {""stage_name"": ""test_array"", ""planned_duration_ms"": 4000, ""intended_onset_ms"": 1419418.413, ""actual_onset_global_ms"": 1419441.671, ""actual_offset_global_ms"": 1420929.041, ""actual_duration_ms"": 1487.37}]",,,,,,,,,,,,,,,,,,,,,,,,,,,,,,,,,,,,,,,,,,,,,,,,,,1.0,,,,,,,,,,,,,1.0,change,0.0,"[-97.94, -103.54]","[[-97.94, -103.54]]","[""red""]","[""yellow""]",red,yellow,j,change,1.0,1.0
013,013_T1_20260518_150017,Control,T1,standard,hci_substudy_v2,1,telemetry_v4,change_detection,4,formal_cd,formal,1,40,48,formal,N4_same,1779087617,59.946,2026-05-18T15:24:07.470,0,0,0,1,1420938.378,1420956.668,,,,,s,,1,4026.342,,,,1424538.378,1424725.581,1428768.594,4000,4043.013,1428768.594,"[{""stage_name"": ""fixation"", ""planned_duration_ms"": 100, ""intended_onset_ms"": 1420938.378, ""actual_onset_global_ms"": 1420956.668, ""actual_offset_global_ms"": 1421066.865, ""actual_duration_ms"": 110.197}, {""stage_name"": ""memory_array"", ""planned_duration_ms"": 2500, ""intended_onset_ms"": 1421038.378, ""actual_onset_global_ms"": 1421139.928, ""actual_offset_global_ms"": 1423634.147, ""actual_duration_ms"": 2494.219}, {""stage_name"": ""delay"", ""planned_duration_ms"": 1000, ""intended_onset_ms"": 1423634.147, ""actual_onset_global_ms"": 1423631.109, ""actual_offset_global_ms"": 1424647.307, ""actual_duration_ms"": 1016.198}, {""stage_name"": ""test_array"", ""planned_duration_ms"": 4000, ""intended_onset_ms"": 1424647.307, ""actual_onset_global_ms"": 1424725.581, ""actual_offset_global_ms"": 1428768.594, ""actual_duration_ms"": 4043.013}]",,,,,,,,,,,,,,,,,,,,,,,,,,,,,,,,,,,,,,,,,,,,,,,,,,1.0,,,,,,,,,,,,,4.0,same,3.0,"[-81.89, 225.52]","[[-118.56, -121.74], [225.71, 79.74], [150.66, -91.19], [-81.89, 225.52]]","[""blue"", ""purple"", ""green"", ""yellow""]","[""blue"", ""purple"", ""green"", ""yellow""]",yellow,yellow,s,same,5.0,1.0
013,013_T1_20260518_150017,Control,T1,standard,hci_substudy_v2,1,telemetry_v4,change_detection,4,formal_cd,formal,1,41,49,formal,N1_change,1779087617,59.946,2026-05-18T15:24:15.312,0,0,0,1,1428780.504,1428798.962,,,,,j,,1,1595.352,,,,1432380.504,1432450.323,1434199.798,4000,1749.475,1434199.798,"[{""stage_name"": ""fixation"", ""planned_duration_ms"": 100, ""intended_onset_ms"": 1428780.504, ""actual_onset_global_ms"": 1428798.962, ""actual_offset_global_ms"": 1428907.372, ""actual_duration_ms"": 108.41}, {""stage_name"": ""memory_array"", ""planned_duration_ms"": 2500, ""intended_onset_ms"": 1428880.504, ""actual_onset_global_ms"": 1428933.956, ""actual_offset_global_ms"": 1431421.783, ""actual_duration_ms"": 2487.827}, {""stage_name"": ""delay"", ""planned_duration_ms"": 1000, ""intended_onset_ms"": 1431421.783, ""actual_onset_global_ms"": 1431418.982, ""actual_offset_global_ms"": 1432429.313, ""actual_duration_ms"": 1010.331}, {""stage_name"": ""test_array"", ""planned_duration_ms"": 4000, ""intended_onset_ms"": 1432429.313, ""actual_onset_global_ms"": 1432450.323, ""actual_offset_global_ms"": 1434199.798, ""actual_duration_ms"": 1749.475}]",,,,,,,,,,,,,,,,,,,,,,,,,,,,,,,,,,,,,,,,,,,,,,,,,,1.0,,,,,,,,,,,,,1.0,change,0.0,"[-70.02, -233.48]","[[-70.02, -233.48]]","[""red""]","[""yellow""]",red,yellow,j,change,1.0,1.0
013,013_T1_20260518_150017,Control,T1,standard,hci_substudy_v2,1,telemetry_v4,change_detection,4,formal_cd,formal,1,42,50,formal,N2_change,1779087617,59.946,2026-05-18T15:24:20.745,0,0,0,1,1434212.623,1434229.81,,,,,j,,1,3508.454,,,,1437812.623,1437935.116,1441512.875,4000,3577.759,1441512.875,"[{""stage_name"": ""fixation"", ""planned_duration_ms"": 100, ""intended_onset_ms"": 1434212.623, ""actual_onset_global_ms"": 1434229.81, ""actual_offset_global_ms"": 1434337.917, ""actual_duration_ms"": 108.107}, {""stage_name"": ""memory_array"", ""planned_duration_ms"": 2500, ""intended_onset_ms"": 1434312.623, ""actual_onset_global_ms"": 1434377.881, ""actual_offset_global_ms"": 1436881.259, ""actual_duration_ms"": 2503.378}, {""stage_name"": ""delay"", ""planned_duration_ms"": 1000, ""intended_onset_ms"": 1436881.259, ""actual_onset_global_ms"": 1436879.923, ""actual_offset_global_ms"": 1437895.567, ""actual_duration_ms"": 1015.644}, {""stage_name"": ""test_array"", ""planned_duration_ms"": 4000, ""intended_onset_ms"": 1437895.567, ""actual_onset_global_ms"": 1437935.116, ""actual_offset_global_ms"": 1441512.875, ""actual_duration_ms"": 3577.759}]",,,,,,,,,,,,,,,,,,,,,,,,,,,,,,,,,,,,,,,,,,,,,,,,,,1.0,,,,,,,,,,,,,2.0,change,1.0,"[-255.18, -18.1]","[[155.92, 188.61], [-255.18, -18.1]]","[""yellow"", ""green""]","[""yellow"", ""purple""]",green,purple,j,change,2.0,1.0
013,013_T1_20260518_150017,Control,T1,standard,hci_substudy_v2,1,telemetry_v4,change_detection,4,formal_cd,formal,1,43,51,formal,N4_same,1779087617,59.946,2026-05-18T15:24:28.057,0,0,0,1,1441524.668,1441542.207,,,,,s,,1,3752.213,,,,1445124.668,1445314.736,1449147.884,4000,3833.148,1449147.884,"[{""stage_name"": ""fixation"", ""planned_duration_ms"": 100, ""intended_onset_ms"": 1441524.668, ""actual_onset_global_ms"": 1441542.207, ""actual_offset_global_ms"": 1441657.741, ""actual_duration_ms"": 115.534}, {""stage_name"": ""memory_array"", ""planned_duration_ms"": 2500, ""intended_onset_ms"": 1441624.668, ""actual_onset_global_ms"": 1441728.808, ""actual_offset_global_ms"": 1444242.563, ""actual_duration_ms"": 2513.755}, {""stage_name"": ""delay"", ""planned_duration_ms"": 1000, ""intended_onset_ms"": 1444242.563, ""actual_onset_global_ms"": 1444246.296, ""actual_offset_global_ms"": 1445247.194, ""actual_duration_ms"": 1000.898}, {""stage_name"": ""test_array"", ""planned_duration_ms"": 4000, ""intended_onset_ms"": 1445247.194, ""actual_onset_global_ms"": 1445314.736, ""actual_offset_global_ms"": 1449147.884, ""actual_duration_ms"": 3833.148}]",,,,,,,,,,,,,,,,,,,,,,,,,,,,,,,,,,,,,,,,,,,,,,,,,,1.0,,,,,,,,,,,,,4.0,same,3.0,"[86.19, 27.57]","[[-181.19, 138.02], [49.33, -196.0], [196.61, 98.81], [86.19, 27.57]]","[""yellow"", ""green"", ""red"", ""purple""]","[""yellow"", ""green"", ""red"", ""purple""]",purple,purple,s,same,4.0,1.0
013,013_T1_20260518_150017,Control,T1,standard,hci_substudy_v2,1,telemetry_v4,change_detection,4,formal_cd,formal,1,44,52,formal,N1_change,1779087617,59.946,2026-05-18T15:24:35.690,0,0,0,1,1449158.317,1449176.901,,,,,j,,1,1364.162,,,,1452758.317,1452852.97,1454262.694,4000,1409.724,1454262.694,"[{""stage_name"": ""fixation"", ""planned_duration_ms"": 100, ""intended_onset_ms"": 1449158.317, ""actual_onset_global_ms"": 1449176.901, ""actual_offset_global_ms"": 1449292.904, ""actual_duration_ms"": 116.003}, {""stage_name"": ""memory_array"", ""planned_duration_ms"": 2500, ""intended_onset_ms"": 1449258.317, ""actual_onset_global_ms"": 1449311.824, ""actual_offset_global_ms"": 1451812.686, ""actual_duration_ms"": 2500.862}, {""stage_name"": ""delay"", ""planned_duration_ms"": 1000, ""intended_onset_ms"": 1451812.686, ""actual_onset_global_ms"": 1451813.306, ""actual_offset_global_ms"": 1452829.115, ""actual_duration_ms"": 1015.809}, {""stage_name"": ""test_array"", ""planned_duration_ms"": 4000, ""intended_onset_ms"": 1452829.115, ""actual_onset_global_ms"": 1452852.97, ""actual_offset_global_ms"": 1454262.694, ""actual_duration_ms"": 1409.724}]",,,,,,,,,,,,,,,,,,,,,,,,,,,,,,,,,,,,,,,,,,,,,,,,,,1.0,,,,,,,,,,,,,1.0,change,0.0,"[-126.33, -63.19]","[[-126.33, -63.19]]","[""purple""]","[""red""]",purple,red,j,change,1.0,1.0
013,013_T1_20260518_150017,Control,T1,standard,hci_substudy_v2,1,telemetry_v4,change_detection,4,formal_cd,formal,1,45,53,formal,N3_change,1779087617,59.946,2026-05-18T15:24:40.805,0,0,0,1,1454272.234,1454293.222,,,,,j,,1,3592.217,,,,1457872.234,1458013.548,1461648.78,4000,3635.232,1461648.78,"[{""stage_name"": ""fixation"", ""planned_duration_ms"": 100, ""intended_onset_ms"": 1454272.234, ""actual_onset_global_ms"": 1454293.222, ""actual_offset_global_ms"": 1454404.539, ""actual_duration_ms"": 111.317}, {""stage_name"": ""memory_array"", ""planned_duration_ms"": 2500, ""intended_onset_ms"": 1454372.234, ""actual_onset_global_ms"": 1454458.36, ""actual_offset_global_ms"": 1456960.444, ""actual_duration_ms"": 2502.084}, {""stage_name"": ""delay"", ""planned_duration_ms"": 1000, ""intended_onset_ms"": 1456960.444, ""actual_onset_global_ms"": 1456963.798, ""actual_offset_global_ms"": 1457962.75, ""actual_duration_ms"": 998.952}, {""stage_name"": ""test_array"", ""planned_duration_ms"": 4000, ""intended_onset_ms"": 1457962.75, ""actual_onset_global_ms"": 1458013.548, ""actual_offset_global_ms"": 1461648.78, ""actual_duration_ms"": 3635.232}]",,,,,,,,,,,,,,,,,,,,,,,,,,,,,,,,,,,,,,,,,,,,,,,,,,1.0,,,,,,,,,,,,,3.0,change,1.0,"[-92.95, -101.16]","[[-210.85, -23.56], [-92.95, -101.16], [199.5, -6.34]]","[""purple"", ""yellow"", ""red""]","[""purple"", ""green"", ""red""]",yellow,green,j,change,3.0,1.0
013,013_T1_20260518_150017,Control,T1,standard,hci_substudy_v2,1,telemetry_v4,change_detection,4,formal_cd,formal,1,46,54,formal,N2_same,1779087617,59.946,2026-05-18T15:24:48.190,0,0,0,1,1461657.871,1461675.23,,,,,s,,0,2491.314,,,,1465257.871,1465337.112,1467883.164,4000,2546.052,1467883.164,"[{""stage_name"": ""fixation"", ""planned_duration_ms"": 100, ""intended_onset_ms"": 1461657.871, ""actual_onset_global_ms"": 1461675.23, ""actual_offset_global_ms"": 1461787.235, ""actual_duration_ms"": 112.005}, {""stage_name"": ""memory_array"", ""planned_duration_ms"": 2500, ""intended_onset_ms"": 1461757.871, ""actual_onset_global_ms"": 1461827.412, ""actual_offset_global_ms"": 1464291.085, ""actual_duration_ms"": 2463.673}, {""stage_name"": ""delay"", ""planned_duration_ms"": 1000, ""intended_onset_ms"": 1464291.085, ""actual_onset_global_ms"": 1464289.832, ""actual_offset_global_ms"": 1465295.854, ""actual_duration_ms"": 1006.022}, {""stage_name"": ""test_array"", ""planned_duration_ms"": 4000, ""intended_onset_ms"": 1465295.854, ""actual_onset_global_ms"": 1465337.112, ""actual_offset_global_ms"": 1467883.164, ""actual_duration_ms"": 2546.052}]",,,,,,,,,,,,,,,,,,,,,,,,,,,,,,,,,,,,,,,,,,,,,,,,,,0.0,,,,,,,,,,,,,2.0,same,1.0,"[185.23, -92.72]","[[-84.51, -227.01], [185.23, -92.72]]","[""purple"", ""blue""]","[""purple"", ""blue""]",blue,blue,j,change,2.0,1.0
013,013_T1_20260518_150017,Control,T1,standard,hci_substudy_v2,1,telemetry_v4,change_detection,4,formal_cd,formal,1,47,55,formal,N4_change,1779087617,59.946,2026-05-18T15:24:54.428,0,0,0,1,1467895.702,1467912.791,,,,,j,,1,2009.371,,,,1471495.702,1471679.65,1473785.002,4000,2105.352,1473785.002,"[{""stage_name"": ""fixation"", ""planned_duration_ms"": 100, ""intended_onset_ms"": 1467895.702, ""actual_onset_global_ms"": 1467912.791, ""actual_offset_global_ms"": 1468023.961, ""actual_duration_ms"": 111.17}, {""stage_name"": ""memory_array"", ""planned_duration_ms"": 2500, ""intended_onset_ms"": 1467995.702, ""actual_onset_global_ms"": 1468100.106, ""actual_offset_global_ms"": 1470584.949, ""actual_duration_ms"": 2484.843}, {""stage_name"": ""delay"", ""planned_duration_ms"": 1000, ""intended_onset_ms"": 1470584.949, ""actual_onset_global_ms"": 1470582.22, ""actual_offset_global_ms"": 1471599.888, ""actual_duration_ms"": 1017.668}, {""stage_name"": ""test_array"", ""planned_duration_ms"": 4000, ""intended_onset_ms"": 1471599.888, ""actual_onset_global_ms"": 1471679.65, ""actual_offset_global_ms"": 1473785.002, ""actual_duration_ms"": 2105.352}]",,,,,,,,,,,,,,,,,,,,,,,,,,,,,,,,,,,,,,,,,,,,,,,,,,1.0,,,,,,,,,,,,,4.0,change,0.0,"[201.69, -49.2]","[[201.69, -49.2], [-123.42, 165.86], [134.34, 54.87], [-216.64, -12.59]]","[""red"", ""purple"", ""blue"", ""green""]","[""yellow"", ""purple"", ""blue"", ""green""]",red,yellow,j,change,4.0,1.0
013,013_T1_20260518_150017,Control,T1,standard,hci_substudy_v2,1,telemetry_v4,change_detection,4,formal_cd,formal,1,48,56,formal,N1_same,1779087617,59.946,2026-05-18T15:25:00.330,0,0,0,1,1473798.655,1473818.571,,,,,s,,1,1474.152,,,,1477398.655,1477488.253,1478985.442,4000,1497.189,1478985.442,"[{""stage_name"": ""fixation"", ""planned_duration_ms"": 100, ""intended_onset_ms"": 1473798.655, ""actual_onset_global_ms"": 1473818.571, ""actual_offset_global_ms"": 1473923.532, ""actual_duration_ms"": 104.961}, {""stage_name"": ""memory_array"", ""planned_duration_ms"": 2500, ""intended_onset_ms"": 1473898.655, ""actual_onset_global_ms"": 1473944.683, ""actual_offset_global_ms"": 1476446.983, ""actual_duration_ms"": 2502.3}, {""stage_name"": ""delay"", ""planned_duration_ms"": 1000, ""intended_onset_ms"": 1476446.983, ""actual_onset_global_ms"": 1476445.368, ""actual_offset_global_ms"": 1477462.133, ""actual_duration_ms"": 1016.765}, {""stage_name"": ""test_array"", ""planned_duration_ms"": 4000, ""intended_onset_ms"": 1477462.133, ""actual_onset_global_ms"": 1477488.253, ""actual_offset_global_ms"": 1478985.442, ""actual_duration_ms"": 1497.189}]",,,,,,,,,,,,,,,,,,,,,,,,,,,,,,,,,,,,,,,,,,,,,,,,,,1.0,,,,,,,,,,,,,1.0,same,0.0,"[-132.96, 104.47]","[[-132.96, 104.47]]","[""blue""]","[""blue""]",blue,blue,s,same,1.0,1.0
