participant_id,session_id,group,timepoint,practice_layer,practice_protocol_version,telemetry_enabled,telemetry_version,task_name,task_order_index,block_name,block_type,block_index,trial_index_within_block,trial_index_global,practice_or_formal,condition_label,random_seed,screen_refresh_hz,timestamp_iso,omission,aborted,pause_count_during_trial,repeated_practice_round,intended_trial_start_ms,actual_trial_start_ms,condition,target_direction,flankers_direction,array_pattern_text,correct_response_key,participant_response_key,response_correct,rt_ms,response_time_global_ms,feedback_type,practice_pass_flag,intended_onset_ms,actual_onset_global_ms,actual_offset_global_ms,stage_duration_planned_ms,stage_duration_actual_ms,actual_trial_end_ms,stage_records_json,feedback_audio_file,feedback_audio_start_global_ms,feedback_audio_expected_duration_ms,feedback_audio_stop_global_ms,prompt_level,support_type,support_trigger_reason,support_trigger_trial_index,rule_block_error_count,support_level,support_phase,support_duration_ms,post_support_success_streak,support_faded_after_trial,manual_intervention_flag,dccs_support_rule,dccs_error_type,dccs_dimension_highlight_used,dccs_demo_type,dccs_label_mode,dccs_post_support_rule_confusion,rule,cue_audio_file,cue_label,cue_audio_start_global_ms,cue_audio_expected_duration_ms,cue_audio_stop_global_ms,stimulus_color,stimulus_shape,stimulus_identity,trial_transition,previous_rule,current_rule,cue_to_first_response_ms,digit_support_target,digit_transform_demo_used,digit_keypad_demo_used,digit_hesitation_prompt_used,digit_post_support_span_success,span_length,trial_index_within_span,span_round,presented_sequence,correct_backward_sequence,participant_input_sequence,participant_input_string,input_method,first_key_latency_ms,response_complete_time_ms,accuracy,omission_input,delete_count,clear_count,click_count,inter_key_intervals_ms,adaptive_decision,digits_audio_onsets_ms,digits_audio_files,digits_audio_events_json,repeated_audio_once_in_practice,termination_reason,terminal_span_length,set_size,trial_type,probe_index,probe_position_xy,item_positions,item_colors_memory,item_colors_test,probe_original_color,probe_test_color,response_key,response_label,layout_generation_attempts,overlap_check_passed
008,008_T1_20260425_152320,PCPA,T1,adaptive,hci_substudy_v2,1,telemetry_v4,flanker,1,practice_single,practice,1,1,1,practice,practice_single,1777101800,177.467,2026-04-25T15:24:03.880,0,0,0,1,39637.614,39709.974,practice_single,left,none,<,s,s,1,10267.632,50068.527,correct,,39737.614,39800.895,50068.527,3000,10267.632,50668.527,"[{""stage_name"": ""fixation"", ""planned_duration_ms"": 100, ""intended_onset_ms"": 39637.614, ""actual_onset_global_ms"": 39709.974, ""actual_offset_global_ms"": 39781.08, ""actual_duration_ms"": 71.106}, {""stage_name"": ""stimulus"", ""planned_duration_ms"": 3000, ""intended_onset_ms"": 39737.614, ""actual_onset_global_ms"": 39800.895, ""actual_offset_global_ms"": 50068.527, ""actual_duration_ms"": 10267.632}, {""stage_name"": ""feedback"", ""planned_duration_ms"": 600, ""intended_onset_ms"": 50068.527, ""actual_onset_global_ms"": 50113.376, ""actual_offset_global_ms"": 50710.595, ""actual_duration_ms"": 597.219}]",correct.wav,50094.753,600.0,50694.753,,,,,,,,,,,,,,,,,,,,,,,,,,,,,,,,,,,,,,,,,,,,,,,,,,,,,,,,,,,,,,,,,,,,,,,
008,008_T1_20260425_152320,PCPA,T1,adaptive,hci_substudy_v2,1,telemetry_v4,flanker,1,practice_single,practice,1,2,2,practice,practice_single,1777101800,177.467,2026-04-25T15:24:14.980,0,0,0,1,50736.762,50752.07,practice_single,right,none,>,j,j,1,1811.594,52674.991,correct,,50836.762,50863.397,52674.991,3000,1811.594,53274.991,"[{""stage_name"": ""fixation"", ""planned_duration_ms"": 100, ""intended_onset_ms"": 50736.762, ""actual_onset_global_ms"": 50752.07, ""actual_offset_global_ms"": 50854.901, ""actual_duration_ms"": 102.831}, {""stage_name"": ""stimulus"", ""planned_duration_ms"": 3000, ""intended_onset_ms"": 50836.762, ""actual_onset_global_ms"": 50863.397, ""actual_offset_global_ms"": 52674.991, ""actual_duration_ms"": 1811.594}, {""stage_name"": ""feedback"", ""planned_duration_ms"": 600, ""intended_onset_ms"": 52674.991, ""actual_onset_global_ms"": 52696.562, ""actual_offset_global_ms"": 53300.513, ""actual_duration_ms"": 603.951}]",correct.wav,52681.6,600.0,53281.6,,,,,,,,,,,,,,,,,,,,,,,,,,,,,,,,,,,,,,,,,,,,,,,,,,,,,,,,,,,,,,,,,,,,,,,
008,008_T1_20260425_152320,PCPA,T1,adaptive,hci_substudy_v2,1,telemetry_v4,flanker,1,practice_single,practice,1,3,3,practice,practice_single,1777101800,177.467,2026-04-25T15:24:17.542,0,0,0,1,53299.747,53318.131,practice_single,left,none,<,s,s,1,1244.245,54671.996,correct,,53399.747,53427.751,54671.996,3000,1244.245,55271.996,"[{""stage_name"": ""fixation"", ""planned_duration_ms"": 100, ""intended_onset_ms"": 53299.747, ""actual_onset_global_ms"": 53318.131, ""actual_offset_global_ms"": 53417.457, ""actual_duration_ms"": 99.326}, {""stage_name"": ""stimulus"", ""planned_duration_ms"": 3000, ""intended_onset_ms"": 53399.747, ""actual_onset_global_ms"": 53427.751, ""actual_offset_global_ms"": 54671.996, ""actual_duration_ms"": 1244.245}, {""stage_name"": ""feedback"", ""planned_duration_ms"": 600, ""intended_onset_ms"": 54671.996, ""actual_onset_global_ms"": 54699.007, ""actual_offset_global_ms"": 55297.686, ""actual_duration_ms"": 598.679}]",correct.wav,54682.933,600.0,55282.933,,,,,,,,,,,,,,,,,,,,,,,,,,,,,,,,,,,,,,,,,,,,,,,,,,,,,,,,,,,,,,,,,,,,,,,
008,008_T1_20260425_152320,PCPA,T1,adaptive,hci_substudy_v2,1,telemetry_v4,flanker,1,practice_single,practice,1,4,4,practice,practice_single,1777101800,177.467,2026-04-25T15:24:19.538,0,0,0,1,55296.298,55311.353,practice_single,right,none,>,j,j,1,1258.595,56678.246,correct,,55396.298,55419.651,56678.246,3000,1258.595,57278.246,"[{""stage_name"": ""fixation"", ""planned_duration_ms"": 100, ""intended_onset_ms"": 55296.298, ""actual_onset_global_ms"": 55311.353, ""actual_offset_global_ms"": 55409.277, ""actual_duration_ms"": 97.924}, {""stage_name"": ""stimulus"", ""planned_duration_ms"": 3000, ""intended_onset_ms"": 55396.298, ""actual_onset_global_ms"": 55419.651, ""actual_offset_global_ms"": 56678.246, ""actual_duration_ms"": 1258.595}, {""stage_name"": ""feedback"", ""planned_duration_ms"": 600, ""intended_onset_ms"": 56678.246, ""actual_onset_global_ms"": 56700.666, ""actual_offset_global_ms"": 57300.016, ""actual_duration_ms"": 599.35}]",correct.wav,56685.526,600.0,57285.526,,,,,,,,,,,,,,,,,,,,,,,,,,,,,,,,,,,,,,,,,,,,,,,,,,,,,,,,,,,,,,,,,,,,,,,
008,008_T1_20260425_152320,PCPA,T1,adaptive,hci_substudy_v2,1,telemetry_v4,flanker,1,practice_single,practice,1,5,5,practice,practice_single,1777101800,177.467,2026-04-25T15:24:21.541,0,0,0,1,57298.862,57314.477,practice_single,left,none,<,s,s,1,2440.967,59867.164,correct,,57398.862,57426.197,59867.164,3000,2440.967,60467.164,"[{""stage_name"": ""fixation"", ""planned_duration_ms"": 100, ""intended_onset_ms"": 57298.862, ""actual_onset_global_ms"": 57314.477, ""actual_offset_global_ms"": 57414.284, ""actual_duration_ms"": 99.807}, {""stage_name"": ""stimulus"", ""planned_duration_ms"": 3000, ""intended_onset_ms"": 57398.862, ""actual_onset_global_ms"": 57426.197, ""actual_offset_global_ms"": 59867.164, ""actual_duration_ms"": 2440.967}, {""stage_name"": ""feedback"", ""planned_duration_ms"": 600, ""intended_onset_ms"": 59867.164, ""actual_onset_global_ms"": 59885.754, ""actual_offset_global_ms"": 60477.765, ""actual_duration_ms"": 592.011}]",correct.wav,59868.755,600.0,60468.755,,,,,,,,,,,,,,,,,,,,,,,,,,,,,,,,,,,,,,,,,,,,,,,,,,,,,,,,,,,,,,,,,,,,,,,
008,008_T1_20260425_152320,PCPA,T1,adaptive,hci_substudy_v2,1,telemetry_v4,flanker,1,practice_single,practice,1,6,6,practice,practice_single,1777101800,177.467,2026-04-25T15:24:24.718,0,0,0,1,60475.987,60490.808,practice_single,right,none,>,j,j,1,1303.648,61903.81,correct,,60575.987,60600.162,61903.81,3000,1303.648,62503.81,"[{""stage_name"": ""fixation"", ""planned_duration_ms"": 100, ""intended_onset_ms"": 60475.987, ""actual_onset_global_ms"": 60490.808, ""actual_offset_global_ms"": 60589.278, ""actual_duration_ms"": 98.47}, {""stage_name"": ""stimulus"", ""planned_duration_ms"": 3000, ""intended_onset_ms"": 60575.987, ""actual_onset_global_ms"": 60600.162, ""actual_offset_global_ms"": 61903.81, ""actual_duration_ms"": 1303.648}, {""stage_name"": ""feedback"", ""planned_duration_ms"": 600, ""intended_onset_ms"": 61903.81, ""actual_onset_global_ms"": 61935.886, ""actual_offset_global_ms"": 62540.357, ""actual_duration_ms"": 604.471}]",correct.wav,61919.381,600.0,62519.381,,,,,,,,,,,,,,,,,,,,,,,,,,,,,,,,,,,,,,,,,,,,,,,,,,,,,,,,,,,,,,,,,,,,,,,
008,008_T1_20260425_152320,PCPA,T1,adaptive,hci_substudy_v2,1,telemetry_v4,flanker,1,practice_full,practice,2,1,7,practice,incongruent,1777101800,177.467,2026-04-25T15:24:34.709,0,0,0,1,70466.859,70484.601,incongruent,right,left,<<><<,j,s,0,942.669,71548.084,incorrect,1.0,70566.859,70605.415,71548.084,3000,942.669,72148.084,"[{""stage_name"": ""fixation"", ""planned_duration_ms"": 100, ""intended_onset_ms"": 70466.859, ""actual_onset_global_ms"": 70484.601, ""actual_offset_global_ms"": 70586.904, ""actual_duration_ms"": 102.303}, {""stage_name"": ""stimulus"", ""planned_duration_ms"": 3000, ""intended_onset_ms"": 70566.859, ""actual_onset_global_ms"": 70605.415, ""actual_offset_global_ms"": 71548.084, ""actual_duration_ms"": 942.669}, {""stage_name"": ""feedback"", ""planned_duration_ms"": 600, ""intended_onset_ms"": 71548.084, ""actual_onset_global_ms"": 71594.138, ""actual_offset_global_ms"": 72170.127, ""actual_duration_ms"": 575.989}]",incorrect.wav,71549.78,600.0,72149.78,,,,,,,,,,,,,,,,,,,,,,,,,,,,,,,,,,,,,,,,,,,,,,,,,,,,,,,,,,,,,,,,,,,,,,,
008,008_T1_20260425_152320,PCPA,T1,adaptive,hci_substudy_v2,1,telemetry_v4,flanker,1,practice_full,practice,2,2,8,practice,incongruent,1777101800,177.467,2026-04-25T15:24:36.413,0,0,0,1,72170.297,72187.749,incongruent,right,left,<<><<,j,j,1,3966.942,76267.947,correct,1.0,72270.297,72301.005,76267.947,3000,3966.942,76867.947,"[{""stage_name"": ""fixation"", ""planned_duration_ms"": 100, ""intended_onset_ms"": 72170.297, ""actual_onset_global_ms"": 72187.749, ""actual_offset_global_ms"": 72287.57, ""actual_duration_ms"": 99.821}, {""stage_name"": ""stimulus"", ""planned_duration_ms"": 3000, ""intended_onset_ms"": 72270.297, ""actual_onset_global_ms"": 72301.005, ""actual_offset_global_ms"": 76267.947, ""actual_duration_ms"": 3966.942}, {""stage_name"": ""feedback"", ""planned_duration_ms"": 600, ""intended_onset_ms"": 76267.947, ""actual_onset_global_ms"": 76291.603, ""actual_offset_global_ms"": 76881.513, ""actual_duration_ms"": 589.91}]",correct.wav,76275.72,600.0,76875.72,,,,,,,,,,,,,,,,,,,,,,,,,,,,,,,,,,,,,,,,,,,,,,,,,,,,,,,,,,,,,,,,,,,,,,,
008,008_T1_20260425_152320,PCPA,T1,adaptive,hci_substudy_v2,1,telemetry_v4,flanker,1,practice_full,practice,2,3,9,practice,incongruent,1777101800,177.467,2026-04-25T15:24:41.148,0,0,0,1,76905.647,76921.291,incongruent,left,right,>><>>,s,s,1,2608.956,79633.274,correct,1.0,77005.647,77024.318,79633.274,3000,2608.956,80233.274,"[{""stage_name"": ""fixation"", ""planned_duration_ms"": 100, ""intended_onset_ms"": 76905.647, ""actual_onset_global_ms"": 76921.291, ""actual_offset_global_ms"": 77011.585, ""actual_duration_ms"": 90.294}, {""stage_name"": ""stimulus"", ""planned_duration_ms"": 3000, ""intended_onset_ms"": 77005.647, ""actual_onset_global_ms"": 77024.318, ""actual_offset_global_ms"": 79633.274, ""actual_duration_ms"": 2608.956}, {""stage_name"": ""feedback"", ""planned_duration_ms"": 600, ""intended_onset_ms"": 79633.274, ""actual_onset_global_ms"": 79655.047, ""actual_offset_global_ms"": 80247.65, ""actual_duration_ms"": 592.603}]",correct.wav,79639.588,600.0,80239.588,,,,,,,,,,,,,,,,,,,,,,,,,,,,,,,,,,,,,,,,,,,,,,,,,,,,,,,,,,,,,,,,,,,,,,,
008,008_T1_20260425_152320,PCPA,T1,adaptive,hci_substudy_v2,1,telemetry_v4,flanker,1,practice_full,practice,2,4,10,practice,congruent,1777101800,177.467,2026-04-25T15:24:44.489,0,0,0,1,80246.254,80261.388,congruent,left,left,<<<<<,s,s,1,1782.499,82151.703,correct,1.0,80346.254,80369.204,82151.703,3000,1782.499,82751.703,"[{""stage_name"": ""fixation"", ""planned_duration_ms"": 100, ""intended_onset_ms"": 80246.254, ""actual_onset_global_ms"": 80261.388, ""actual_offset_global_ms"": 80357.675, ""actual_duration_ms"": 96.287}, {""stage_name"": ""stimulus"", ""planned_duration_ms"": 3000, ""intended_onset_ms"": 80346.254, ""actual_onset_global_ms"": 80369.204, ""actual_offset_global_ms"": 82151.703, ""actual_duration_ms"": 1782.499}, {""stage_name"": ""feedback"", ""planned_duration_ms"": 600, ""intended_onset_ms"": 82151.703, ""actual_onset_global_ms"": 82178.169, ""actual_offset_global_ms"": 82782.118, ""actual_duration_ms"": 603.949}]",correct.wav,82163.746,600.0,82763.746,,,,,,,,,,,,,,,,,,,,,,,,,,,,,,,,,,,,,,,,,,,,,,,,,,,,,,,,,,,,,,,,,,,,,,,
008,008_T1_20260425_152320,PCPA,T1,adaptive,hci_substudy_v2,1,telemetry_v4,flanker,1,practice_full,practice,2,5,11,practice,congruent,1777101800,177.467,2026-04-25T15:24:47.022,0,0,0,1,82780.244,82794.292,congruent,right,right,>>>>>,j,j,1,1465.786,84368.229,correct,1.0,82880.244,82902.443,84368.229,3000,1465.786,84968.229,"[{""stage_name"": ""fixation"", ""planned_duration_ms"": 100, ""intended_onset_ms"": 82780.244, ""actual_onset_global_ms"": 82794.292, ""actual_offset_global_ms"": 82889.985, ""actual_duration_ms"": 95.693}, {""stage_name"": ""stimulus"", ""planned_duration_ms"": 3000, ""intended_onset_ms"": 82880.244, ""actual_onset_global_ms"": 82902.443, ""actual_offset_global_ms"": 84368.229, ""actual_duration_ms"": 1465.786}, {""stage_name"": ""feedback"", ""planned_duration_ms"": 600, ""intended_onset_ms"": 84368.229, ""actual_onset_global_ms"": 84400.514, ""actual_offset_global_ms"": 85005.373, ""actual_duration_ms"": 604.859}]",correct.wav,84385.729,600.0,84985.729,,,,,,,,,,,,,,,,,,,,,,,,,,,,,,,,,,,,,,,,,,,,,,,,,,,,,,,,,,,,,,,,,,,,,,,
008,008_T1_20260425_152320,PCPA,T1,adaptive,hci_substudy_v2,1,telemetry_v4,flanker,1,practice_full,practice,2,6,12,practice,congruent,1777101800,177.467,2026-04-25T15:24:49.246,0,0,0,1,85003.509,85018.21,congruent,left,left,<<<<<,s,s,1,1656.078,86782.885,correct,1.0,85103.509,85126.807,86782.885,3000,1656.078,87382.885,"[{""stage_name"": ""fixation"", ""planned_duration_ms"": 100, ""intended_onset_ms"": 85003.509, ""actual_onset_global_ms"": 85018.21, ""actual_offset_global_ms"": 85114.757, ""actual_duration_ms"": 96.547}, {""stage_name"": ""stimulus"", ""planned_duration_ms"": 3000, ""intended_onset_ms"": 85103.509, ""actual_onset_global_ms"": 85126.807, ""actual_offset_global_ms"": 86782.885, ""actual_duration_ms"": 1656.078}, {""stage_name"": ""feedback"", ""planned_duration_ms"": 600, ""intended_onset_ms"": 86782.885, ""actual_onset_global_ms"": 86806.632, ""actual_offset_global_ms"": 87398.569, ""actual_duration_ms"": 591.937}]",correct.wav,86791.559,600.0,87391.559,,,,,,,,,,,,,,,,,,,,,,,,,,,,,,,,,,,,,,,,,,,,,,,,,,,,,,,,,,,,,,,,,,,,,,,
008,008_T1_20260425_152320,PCPA,T1,adaptive,hci_substudy_v2,1,telemetry_v4,flanker,1,formal_block_1,formal,1,1,13,formal,congruent,1777101800,177.467,2026-04-25T15:24:56.746,0,0,0,1,92503.308,92519.966,congruent,right,right,>>>>>,j,j,1,2935.177,95563.954,none,,92603.308,92628.777,95563.954,3000,2935.177,95563.954,"[{""stage_name"": ""fixation"", ""planned_duration_ms"": 100, ""intended_onset_ms"": 92503.308, ""actual_onset_global_ms"": 92519.966, ""actual_offset_global_ms"": 92617.09, ""actual_duration_ms"": 97.124}, {""stage_name"": ""stimulus"", ""planned_duration_ms"": 3000, ""intended_onset_ms"": 92603.308, ""actual_onset_global_ms"": 92628.777, ""actual_offset_global_ms"": 95563.954, ""actual_duration_ms"": 2935.177}]",,,,,,,,,,,,,,,,,,,,,,,,,,,,,,,,,,,,,,,,,,,,,,,,,,,,,,,,,,,,,,,,,,,,,,,,,,,
008,008_T1_20260425_152320,PCPA,T1,adaptive,hci_substudy_v2,1,telemetry_v4,flanker,1,formal_block_1,formal,1,2,14,formal,incongruent,1777101800,177.467,2026-04-25T15:24:59.812,0,0,0,1,95568.979,95584.522,incongruent,left,right,>><>>,s,s,1,1788.5,97490.733,none,,95668.979,95702.233,97490.733,3000,1788.5,97490.733,"[{""stage_name"": ""fixation"", ""planned_duration_ms"": 100, ""intended_onset_ms"": 95568.979, ""actual_onset_global_ms"": 95584.522, ""actual_offset_global_ms"": 95689.665, ""actual_duration_ms"": 105.143}, {""stage_name"": ""stimulus"", ""planned_duration_ms"": 3000, ""intended_onset_ms"": 95668.979, ""actual_onset_global_ms"": 95702.233, ""actual_offset_global_ms"": 97490.733, ""actual_duration_ms"": 1788.5}]",,,,,,,,,,,,,,,,,,,,,,,,,,,,,,,,,,,,,,,,,,,,,,,,,,,,,,,,,,,,,,,,,,,,,,,,,,,
008,008_T1_20260425_152320,PCPA,T1,adaptive,hci_substudy_v2,1,telemetry_v4,flanker,1,formal_block_1,formal,1,3,15,formal,incongruent,1777101800,177.467,2026-04-25T15:25:01.750,0,0,0,1,97506.921,97523.353,incongruent,left,right,>><>>,s,s,1,1317.247,98957.052,none,,97606.921,97639.805,98957.052,3000,1317.247,98957.052,"[{""stage_name"": ""fixation"", ""planned_duration_ms"": 100, ""intended_onset_ms"": 97506.921, ""actual_onset_global_ms"": 97523.353, ""actual_offset_global_ms"": 97626.32, ""actual_duration_ms"": 102.967}, {""stage_name"": ""stimulus"", ""planned_duration_ms"": 3000, ""intended_onset_ms"": 97606.921, ""actual_onset_global_ms"": 97639.805, ""actual_offset_global_ms"": 98957.052, ""actual_duration_ms"": 1317.247}]",,,,,,,,,,,,,,,,,,,,,,,,,,,,,,,,,,,,,,,,,,,,,,,,,,,,,,,,,,,,,,,,,,,,,,,,,,,
008,008_T1_20260425_152320,PCPA,T1,adaptive,hci_substudy_v2,1,telemetry_v4,flanker,1,formal_block_1,formal,1,4,16,formal,congruent,1777101800,177.467,2026-04-25T15:25:03.220,0,0,0,1,98977.887,98991.95,congruent,left,left,<<<<<,s,s,1,1302.607,100404.853,none,,99077.887,99102.246,100404.853,3000,1302.607,100404.853,"[{""stage_name"": ""fixation"", ""planned_duration_ms"": 100, ""intended_onset_ms"": 98977.887, ""actual_onset_global_ms"": 98991.95, ""actual_offset_global_ms"": 99089.349, ""actual_duration_ms"": 97.399}, {""stage_name"": ""stimulus"", ""planned_duration_ms"": 3000, ""intended_onset_ms"": 99077.887, ""actual_onset_global_ms"": 99102.246, ""actual_offset_global_ms"": 100404.853, ""actual_duration_ms"": 1302.607}]",,,,,,,,,,,,,,,,,,,,,,,,,,,,,,,,,,,,,,,,,,,,,,,,,,,,,,,,,,,,,,,,,,,,,,,,,,,
008,008_T1_20260425_152320,PCPA,T1,adaptive,hci_substudy_v2,1,telemetry_v4,flanker,1,formal_block_1,formal,1,5,17,formal,incongruent,1777101800,177.467,2026-04-25T15:25:04.657,0,0,0,1,100414.346,100431.324,incongruent,right,left,<<><<,j,j,1,2515.433,103062.926,none,,100514.346,100547.493,103062.926,3000,2515.433,103062.926,"[{""stage_name"": ""fixation"", ""planned_duration_ms"": 100, ""intended_onset_ms"": 100414.346, ""actual_onset_global_ms"": 100431.324, ""actual_offset_global_ms"": 100534.733, ""actual_duration_ms"": 103.409}, {""stage_name"": ""stimulus"", ""planned_duration_ms"": 3000, ""intended_onset_ms"": 100514.346, ""actual_onset_global_ms"": 100547.493, ""actual_offset_global_ms"": 103062.926, ""actual_duration_ms"": 2515.433}]",,,,,,,,,,,,,,,,,,,,,,,,,,,,,,,,,,,,,,,,,,,,,,,,,,,,,,,,,,,,,,,,,,,,,,,,,,,
008,008_T1_20260425_152320,PCPA,T1,adaptive,hci_substudy_v2,1,telemetry_v4,flanker,1,formal_block_1,formal,1,6,18,formal,congruent,1777101800,177.467,2026-04-25T15:25:07.312,0,0,0,1,103069.799,103084.33,congruent,right,right,>>>>>,j,j,1,1955.286,105153.823,none,,103169.799,103198.537,105153.823,3000,1955.286,105153.823,"[{""stage_name"": ""fixation"", ""planned_duration_ms"": 100, ""intended_onset_ms"": 103069.799, ""actual_onset_global_ms"": 103084.33, ""actual_offset_global_ms"": 103184.084, ""actual_duration_ms"": 99.754}, {""stage_name"": ""stimulus"", ""planned_duration_ms"": 3000, ""intended_onset_ms"": 103169.799, ""actual_onset_global_ms"": 103198.537, ""actual_offset_global_ms"": 105153.823, ""actual_duration_ms"": 1955.286}]",,,,,,,,,,,,,,,,,,,,,,,,,,,,,,,,,,,,,,,,,,,,,,,,,,,,,,,,,,,,,,,,,,,,,,,,,,,
008,008_T1_20260425_152320,PCPA,T1,adaptive,hci_substudy_v2,1,telemetry_v4,flanker,1,formal_block_1,formal,1,7,19,formal,congruent,1777101800,177.467,2026-04-25T15:25:09.417,0,0,0,1,105174.157,105191.216,congruent,left,left,<<<<<,s,s,1,1416.2,106726.211,none,,105274.157,105310.011,106726.211,3000,1416.2,106726.211,"[{""stage_name"": ""fixation"", ""planned_duration_ms"": 100, ""intended_onset_ms"": 105174.157, ""actual_onset_global_ms"": 105191.216, ""actual_offset_global_ms"": 105296.084, ""actual_duration_ms"": 104.868}, {""stage_name"": ""stimulus"", ""planned_duration_ms"": 3000, ""intended_onset_ms"": 105274.157, ""actual_onset_global_ms"": 105310.011, ""actual_offset_global_ms"": 106726.211, ""actual_duration_ms"": 1416.2}]",,,,,,,,,,,,,,,,,,,,,,,,,,,,,,,,,,,,,,,,,,,,,,,,,,,,,,,,,,,,,,,,,,,,,,,,,,,
008,008_T1_20260425_152320,PCPA,T1,adaptive,hci_substudy_v2,1,telemetry_v4,flanker,1,formal_block_1,formal,1,8,20,formal,congruent,1777101800,177.467,2026-04-25T15:25:10.980,0,0,0,1,106738.027,106753.614,congruent,right,right,>>>>>,j,j,1,1183.14,108047.682,none,,106838.027,106864.542,108047.682,3000,1183.14,108047.682,"[{""stage_name"": ""fixation"", ""planned_duration_ms"": 100, ""intended_onset_ms"": 106738.027, ""actual_onset_global_ms"": 106753.614, ""actual_offset_global_ms"": 106852.211, ""actual_duration_ms"": 98.597}, {""stage_name"": ""stimulus"", ""planned_duration_ms"": 3000, ""intended_onset_ms"": 106838.027, ""actual_onset_global_ms"": 106864.542, ""actual_offset_global_ms"": 108047.682, ""actual_duration_ms"": 1183.14}]",,,,,,,,,,,,,,,,,,,,,,,,,,,,,,,,,,,,,,,,,,,,,,,,,,,,,,,,,,,,,,,,,,,,,,,,,,,
008,008_T1_20260425_152320,PCPA,T1,adaptive,hci_substudy_v2,1,telemetry_v4,flanker,1,formal_block_1,formal,1,9,21,formal,incongruent,1777101800,177.467,2026-04-25T15:25:12.308,0,0,0,1,108065.959,108081.074,incongruent,right,left,<<><<,j,j,1,1636.468,109829.206,none,,108165.959,108192.738,109829.206,3000,1636.468,109829.206,"[{""stage_name"": ""fixation"", ""planned_duration_ms"": 100, ""intended_onset_ms"": 108065.959, ""actual_onset_global_ms"": 108081.074, ""actual_offset_global_ms"": 108180.438, ""actual_duration_ms"": 99.364}, {""stage_name"": ""stimulus"", ""planned_duration_ms"": 3000, ""intended_onset_ms"": 108165.959, ""actual_onset_global_ms"": 108192.738, ""actual_offset_global_ms"": 109829.206, ""actual_duration_ms"": 1636.468}]",,,,,,,,,,,,,,,,,,,,,,,,,,,,,,,,,,,,,,,,,,,,,,,,,,,,,,,,,,,,,,,,,,,,,,,,,,,
008,008_T1_20260425_152320,PCPA,T1,adaptive,hci_substudy_v2,1,telemetry_v4,flanker,1,formal_block_1,formal,1,10,22,formal,congruent,1777101800,177.467,2026-04-25T15:25:14.092,0,0,0,1,109849.413,109866.258,congruent,left,left,<<<<<,s,s,1,1706.895,111682.793,none,,109949.413,109975.898,111682.793,3000,1706.895,111682.793,"[{""stage_name"": ""fixation"", ""planned_duration_ms"": 100, ""intended_onset_ms"": 109849.413, ""actual_onset_global_ms"": 109866.258, ""actual_offset_global_ms"": 109964.009, ""actual_duration_ms"": 97.751}, {""stage_name"": ""stimulus"", ""planned_duration_ms"": 3000, ""intended_onset_ms"": 109949.413, ""actual_onset_global_ms"": 109975.898, ""actual_offset_global_ms"": 111682.793, ""actual_duration_ms"": 1706.895}]",,,,,,,,,,,,,,,,,,,,,,,,,,,,,,,,,,,,,,,,,,,,,,,,,,,,,,,,,,,,,,,,,,,,,,,,,,,
008,008_T1_20260425_152320,PCPA,T1,adaptive,hci_substudy_v2,1,telemetry_v4,flanker,1,formal_block_1,formal,1,11,23,formal,incongruent,1777101800,177.467,2026-04-25T15:25:15.948,0,0,0,1,111705.475,111720.518,incongruent,right,left,<<><<,j,j,1,1035.024,112865.755,none,,111805.475,111830.731,112865.755,3000,1035.024,112865.755,"[{""stage_name"": ""fixation"", ""planned_duration_ms"": 100, ""intended_onset_ms"": 111705.475, ""actual_onset_global_ms"": 111720.518, ""actual_offset_global_ms"": 111818.654, ""actual_duration_ms"": 98.136}, {""stage_name"": ""stimulus"", ""planned_duration_ms"": 3000, ""intended_onset_ms"": 111805.475, ""actual_onset_global_ms"": 111830.731, ""actual_offset_global_ms"": 112865.755, ""actual_duration_ms"": 1035.024}]",,,,,,,,,,,,,,,,,,,,,,,,,,,,,,,,,,,,,,,,,,,,,,,,,,,,,,,,,,,,,,,,,,,,,,,,,,,
008,008_T1_20260425_152320,PCPA,T1,adaptive,hci_substudy_v2,1,telemetry_v4,flanker,1,formal_block_1,formal,1,12,24,formal,congruent,1777101800,177.467,2026-04-25T15:25:17.122,0,0,0,1,112879.827,112895.966,congruent,left,left,<<<<<,s,s,1,1047.951,114058.242,none,,112979.827,113010.291,114058.242,3000,1047.951,114058.242,"[{""stage_name"": ""fixation"", ""planned_duration_ms"": 100, ""intended_onset_ms"": 112879.827, ""actual_onset_global_ms"": 112895.966, ""actual_offset_global_ms"": 112997.651, ""actual_duration_ms"": 101.685}, {""stage_name"": ""stimulus"", ""planned_duration_ms"": 3000, ""intended_onset_ms"": 112979.827, ""actual_onset_global_ms"": 113010.291, ""actual_offset_global_ms"": 114058.242, ""actual_duration_ms"": 1047.951}]",,,,,,,,,,,,,,,,,,,,,,,,,,,,,,,,,,,,,,,,,,,,,,,,,,,,,,,,,,,,,,,,,,,,,,,,,,,
008,008_T1_20260425_152320,PCPA,T1,adaptive,hci_substudy_v2,1,telemetry_v4,flanker,1,formal_block_1,formal,1,13,25,formal,incongruent,1777101800,177.467,2026-04-25T15:25:18.311,0,0,0,1,114068.612,114084.438,incongruent,left,right,>><>>,s,s,1,1001.112,115197.705,none,,114168.612,114196.593,115197.705,3000,1001.112,115197.705,"[{""stage_name"": ""fixation"", ""planned_duration_ms"": 100, ""intended_onset_ms"": 114068.612, ""actual_onset_global_ms"": 114084.438, ""actual_offset_global_ms"": 114183.384, ""actual_duration_ms"": 98.946}, {""stage_name"": ""stimulus"", ""planned_duration_ms"": 3000, ""intended_onset_ms"": 114168.612, ""actual_onset_global_ms"": 114196.593, ""actual_offset_global_ms"": 115197.705, ""actual_duration_ms"": 1001.112}]",,,,,,,,,,,,,,,,,,,,,,,,,,,,,,,,,,,,,,,,,,,,,,,,,,,,,,,,,,,,,,,,,,,,,,,,,,,
008,008_T1_20260425_152320,PCPA,T1,adaptive,hci_substudy_v2,1,telemetry_v4,flanker,1,formal_block_1,formal,1,14,26,formal,incongruent,1777101800,177.467,2026-04-25T15:25:19.454,0,0,0,1,115211.15,115226.137,incongruent,right,left,<<><<,j,j,1,1466.096,116807.715,none,,115311.15,115341.619,116807.715,3000,1466.096,116807.715,"[{""stage_name"": ""fixation"", ""planned_duration_ms"": 100, ""intended_onset_ms"": 115211.15, ""actual_onset_global_ms"": 115226.137, ""actual_offset_global_ms"": 115328.152, ""actual_duration_ms"": 102.015}, {""stage_name"": ""stimulus"", ""planned_duration_ms"": 3000, ""intended_onset_ms"": 115311.15, ""actual_onset_global_ms"": 115341.619, ""actual_offset_global_ms"": 116807.715, ""actual_duration_ms"": 1466.096}]",,,,,,,,,,,,,,,,,,,,,,,,,,,,,,,,,,,,,,,,,,,,,,,,,,,,,,,,,,,,,,,,,,,,,,,,,,,
008,008_T1_20260425_152320,PCPA,T1,adaptive,hci_substudy_v2,1,telemetry_v4,flanker,1,formal_block_1,formal,1,15,27,formal,congruent,1777101800,177.467,2026-04-25T15:25:21.068,0,0,0,1,116825.27,116841.736,congruent,right,right,>>>>>,j,j,1,1294.396,118251.267,none,,116925.27,116956.871,118251.267,3000,1294.396,118251.267,"[{""stage_name"": ""fixation"", ""planned_duration_ms"": 100, ""intended_onset_ms"": 116825.27, ""actual_onset_global_ms"": 116841.736, ""actual_offset_global_ms"": 116943.223, ""actual_duration_ms"": 101.487}, {""stage_name"": ""stimulus"", ""planned_duration_ms"": 3000, ""intended_onset_ms"": 116925.27, ""actual_onset_global_ms"": 116956.871, ""actual_offset_global_ms"": 118251.267, ""actual_duration_ms"": 1294.396}]",,,,,,,,,,,,,,,,,,,,,,,,,,,,,,,,,,,,,,,,,,,,,,,,,,,,,,,,,,,,,,,,,,,,,,,,,,,
008,008_T1_20260425_152320,PCPA,T1,adaptive,hci_substudy_v2,1,telemetry_v4,flanker,1,formal_block_1,formal,1,16,28,formal,congruent,1777101800,177.467,2026-04-25T15:25:22.500,0,0,0,1,118257.223,118272.274,congruent,left,left,<<<<<,s,s,1,1879.436,120262.69,none,,118357.223,118383.254,120262.69,3000,1879.436,120262.69,"[{""stage_name"": ""fixation"", ""planned_duration_ms"": 100, ""intended_onset_ms"": 118257.223, ""actual_onset_global_ms"": 118272.274, ""actual_offset_global_ms"": 118370.639, ""actual_duration_ms"": 98.365}, {""stage_name"": ""stimulus"", ""planned_duration_ms"": 3000, ""intended_onset_ms"": 118357.223, ""actual_onset_global_ms"": 118383.254, ""actual_offset_global_ms"": 120262.69, ""actual_duration_ms"": 1879.436}]",,,,,,,,,,,,,,,,,,,,,,,,,,,,,,,,,,,,,,,,,,,,,,,,,,,,,,,,,,,,,,,,,,,,,,,,,,,
008,008_T1_20260425_152320,PCPA,T1,adaptive,hci_substudy_v2,1,telemetry_v4,flanker,1,formal_block_1,formal,1,17,29,formal,congruent,1777101800,177.467,2026-04-25T15:25:24.520,0,0,0,1,120277.047,120294.587,congruent,right,right,>>>>>,j,j,1,1277.511,121687.708,none,,120377.047,120410.197,121687.708,3000,1277.511,121687.708,"[{""stage_name"": ""fixation"", ""planned_duration_ms"": 100, ""intended_onset_ms"": 120277.047, ""actual_onset_global_ms"": 120294.587, ""actual_offset_global_ms"": 120396.269, ""actual_duration_ms"": 101.682}, {""stage_name"": ""stimulus"", ""planned_duration_ms"": 3000, ""intended_onset_ms"": 120377.047, ""actual_onset_global_ms"": 120410.197, ""actual_offset_global_ms"": 121687.708, ""actual_duration_ms"": 1277.511}]",,,,,,,,,,,,,,,,,,,,,,,,,,,,,,,,,,,,,,,,,,,,,,,,,,,,,,,,,,,,,,,,,,,,,,,,,,,
008,008_T1_20260425_152320,PCPA,T1,adaptive,hci_substudy_v2,1,telemetry_v4,flanker,1,formal_block_1,formal,1,18,30,formal,incongruent,1777101800,177.467,2026-04-25T15:25:25.950,0,0,0,1,121708.099,121723.25,incongruent,left,right,>><>>,s,s,1,1871.288,123713.604,none,,121808.099,121842.316,123713.604,3000,1871.288,123713.604,"[{""stage_name"": ""fixation"", ""planned_duration_ms"": 100, ""intended_onset_ms"": 121708.099, ""actual_onset_global_ms"": 121723.25, ""actual_offset_global_ms"": 121828.756, ""actual_duration_ms"": 105.506}, {""stage_name"": ""stimulus"", ""planned_duration_ms"": 3000, ""intended_onset_ms"": 121808.099, ""actual_onset_global_ms"": 121842.316, ""actual_offset_global_ms"": 123713.604, ""actual_duration_ms"": 1871.288}]",,,,,,,,,,,,,,,,,,,,,,,,,,,,,,,,,,,,,,,,,,,,,,,,,,,,,,,,,,,,,,,,,,,,,,,,,,,
008,008_T1_20260425_152320,PCPA,T1,adaptive,hci_substudy_v2,1,telemetry_v4,flanker,1,formal_block_1,formal,1,19,31,formal,incongruent,1777101800,177.467,2026-04-25T15:25:27.972,0,0,0,1,123729.912,123746.978,incongruent,left,right,>><>>,s,s,1,1423.486,125279.321,none,,123829.912,123855.835,125279.321,3000,1423.486,125279.321,"[{""stage_name"": ""fixation"", ""planned_duration_ms"": 100, ""intended_onset_ms"": 123729.912, ""actual_onset_global_ms"": 123746.978, ""actual_offset_global_ms"": 123843.511, ""actual_duration_ms"": 96.533}, {""stage_name"": ""stimulus"", ""planned_duration_ms"": 3000, ""intended_onset_ms"": 123829.912, ""actual_onset_global_ms"": 123855.835, ""actual_offset_global_ms"": 125279.321, ""actual_duration_ms"": 1423.486}]",,,,,,,,,,,,,,,,,,,,,,,,,,,,,,,,,,,,,,,,,,,,,,,,,,,,,,,,,,,,,,,,,,,,,,,,,,,
008,008_T1_20260425_152320,PCPA,T1,adaptive,hci_substudy_v2,1,telemetry_v4,flanker,1,formal_block_1,formal,1,20,32,formal,incongruent,1777101800,177.467,2026-04-25T15:25:29.527,0,0,0,1,125284.542,125302.497,incongruent,right,left,<<><<,j,j,1,1253.693,126673.08,none,,125384.542,125419.387,126673.08,3000,1253.693,126673.08,"[{""stage_name"": ""fixation"", ""planned_duration_ms"": 100, ""intended_onset_ms"": 125284.542, ""actual_onset_global_ms"": 125302.497, ""actual_offset_global_ms"": 125405.275, ""actual_duration_ms"": 102.778}, {""stage_name"": ""stimulus"", ""planned_duration_ms"": 3000, ""intended_onset_ms"": 125384.542, ""actual_onset_global_ms"": 125419.387, ""actual_offset_global_ms"": 126673.08, ""actual_duration_ms"": 1253.693}]",,,,,,,,,,,,,,,,,,,,,,,,,,,,,,,,,,,,,,,,,,,,,,,,,,,,,,,,,,,,,,,,,,,,,,,,,,,
008,008_T1_20260425_152320,PCPA,T1,adaptive,hci_substudy_v2,1,telemetry_v4,flanker,1,formal_block_2,formal,2,1,33,formal,incongruent,1777101800,177.467,2026-04-25T15:25:30.937,0,0,0,1,126693.858,126708.784,incongruent,right,left,<<><<,j,j,1,4557.372,131381.105,none,,126793.858,126823.733,131381.105,3000,4557.372,131381.105,"[{""stage_name"": ""fixation"", ""planned_duration_ms"": 100, ""intended_onset_ms"": 126693.858, ""actual_onset_global_ms"": 126708.784, ""actual_offset_global_ms"": 126811.168, ""actual_duration_ms"": 102.384}, {""stage_name"": ""stimulus"", ""planned_duration_ms"": 3000, ""intended_onset_ms"": 126793.858, ""actual_onset_global_ms"": 126823.733, ""actual_offset_global_ms"": 131381.105, ""actual_duration_ms"": 4557.372}]",,,,,,,,,,,,,,,,,,,,,,,,,,,,,,,,,,,,,,,,,,,,,,,,,,,,,,,,,,,,,,,,,,,,,,,,,,,
008,008_T1_20260425_152320,PCPA,T1,adaptive,hci_substudy_v2,1,telemetry_v4,flanker,1,formal_block_2,formal,2,2,34,formal,incongruent,1777101800,177.467,2026-04-25T15:25:35.646,0,0,0,1,131402.997,131420.465,incongruent,left,right,>><>>,s,s,1,2260.416,133797.617,none,,131502.997,131537.201,133797.617,3000,2260.416,133797.617,"[{""stage_name"": ""fixation"", ""planned_duration_ms"": 100, ""intended_onset_ms"": 131402.997, ""actual_onset_global_ms"": 131420.465, ""actual_offset_global_ms"": 131523.897, ""actual_duration_ms"": 103.432}, {""stage_name"": ""stimulus"", ""planned_duration_ms"": 3000, ""intended_onset_ms"": 131502.997, ""actual_onset_global_ms"": 131537.201, ""actual_offset_global_ms"": 133797.617, ""actual_duration_ms"": 2260.416}]",,,,,,,,,,,,,,,,,,,,,,,,,,,,,,,,,,,,,,,,,,,,,,,,,,,,,,,,,,,,,,,,,,,,,,,,,,,
008,008_T1_20260425_152320,PCPA,T1,adaptive,hci_substudy_v2,1,telemetry_v4,flanker,1,formal_block_2,formal,2,3,35,formal,incongruent,1777101800,177.467,2026-04-25T15:25:38.053,0,0,0,1,133810.308,133824.663,incongruent,right,left,<<><<,j,j,1,1194.35,135123.721,none,,133910.308,133929.371,135123.721,3000,1194.35,135123.721,"[{""stage_name"": ""fixation"", ""planned_duration_ms"": 100, ""intended_onset_ms"": 133810.308, ""actual_onset_global_ms"": 133824.663, ""actual_offset_global_ms"": 133918.014, ""actual_duration_ms"": 93.351}, {""stage_name"": ""stimulus"", ""planned_duration_ms"": 3000, ""intended_onset_ms"": 133910.308, ""actual_onset_global_ms"": 133929.371, ""actual_offset_global_ms"": 135123.721, ""actual_duration_ms"": 1194.35}]",,,,,,,,,,,,,,,,,,,,,,,,,,,,,,,,,,,,,,,,,,,,,,,,,,,,,,,,,,,,,,,,,,,,,,,,,,,
008,008_T1_20260425_152320,PCPA,T1,adaptive,hci_substudy_v2,1,telemetry_v4,flanker,1,formal_block_2,formal,2,4,36,formal,congruent,1777101800,177.467,2026-04-25T15:25:39.386,0,0,0,1,135142.869,135158.903,congruent,right,right,>>>>>,j,j,1,1312.066,136576.221,none,,135242.869,135264.155,136576.221,3000,1312.066,136576.221,"[{""stage_name"": ""fixation"", ""planned_duration_ms"": 100, ""intended_onset_ms"": 135142.869, ""actual_onset_global_ms"": 135158.903, ""actual_offset_global_ms"": 135251.982, ""actual_duration_ms"": 93.079}, {""stage_name"": ""stimulus"", ""planned_duration_ms"": 3000, ""intended_onset_ms"": 135242.869, ""actual_onset_global_ms"": 135264.155, ""actual_offset_global_ms"": 136576.221, ""actual_duration_ms"": 1312.066}]",,,,,,,,,,,,,,,,,,,,,,,,,,,,,,,,,,,,,,,,,,,,,,,,,,,,,,,,,,,,,,,,,,,,,,,,,,,
008,008_T1_20260425_152320,PCPA,T1,adaptive,hci_substudy_v2,1,telemetry_v4,flanker,1,formal_block_2,formal,2,5,37,formal,congruent,1777101800,177.467,2026-04-25T15:25:40.836,0,0,0,1,136593.871,136611.693,congruent,left,left,<<<<<,s,s,1,1453.83,138171.546,none,,136693.871,136717.716,138171.546,3000,1453.83,138171.546,"[{""stage_name"": ""fixation"", ""planned_duration_ms"": 100, ""intended_onset_ms"": 136593.871, ""actual_onset_global_ms"": 136611.693, ""actual_offset_global_ms"": 136706.061, ""actual_duration_ms"": 94.368}, {""stage_name"": ""stimulus"", ""planned_duration_ms"": 3000, ""intended_onset_ms"": 136693.871, ""actual_onset_global_ms"": 136717.716, ""actual_offset_global_ms"": 138171.546, ""actual_duration_ms"": 1453.83}]",,,,,,,,,,,,,,,,,,,,,,,,,,,,,,,,,,,,,,,,,,,,,,,,,,,,,,,,,,,,,,,,,,,,,,,,,,,
008,008_T1_20260425_152320,PCPA,T1,adaptive,hci_substudy_v2,1,telemetry_v4,flanker,1,formal_block_2,formal,2,6,38,formal,congruent,1777101800,177.467,2026-04-25T15:25:42.424,0,0,0,1,138181.588,138195.715,congruent,left,left,<<<<<,s,s,1,1050.548,139351.043,none,,138281.588,138300.495,139351.043,3000,1050.548,139351.043,"[{""stage_name"": ""fixation"", ""planned_duration_ms"": 100, ""intended_onset_ms"": 138181.588, ""actual_onset_global_ms"": 138195.715, ""actual_offset_global_ms"": 138289.424, ""actual_duration_ms"": 93.709}, {""stage_name"": ""stimulus"", ""planned_duration_ms"": 3000, ""intended_onset_ms"": 138281.588, ""actual_onset_global_ms"": 138300.495, ""actual_offset_global_ms"": 139351.043, ""actual_duration_ms"": 1050.548}]",,,,,,,,,,,,,,,,,,,,,,,,,,,,,,,,,,,,,,,,,,,,,,,,,,,,,,,,,,,,,,,,,,,,,,,,,,,
008,008_T1_20260425_152320,PCPA,T1,adaptive,hci_substudy_v2,1,telemetry_v4,flanker,1,formal_block_2,formal,2,7,39,formal,incongruent,1777101800,177.467,2026-04-25T15:25:43.599,0,0,0,1,139356.504,139373.433,incongruent,left,right,>><>>,s,s,1,1188.847,140667.707,none,,139456.504,139478.86,140667.707,3000,1188.847,140667.707,"[{""stage_name"": ""fixation"", ""planned_duration_ms"": 100, ""intended_onset_ms"": 139356.504, ""actual_onset_global_ms"": 139373.433, ""actual_offset_global_ms"": 139466.722, ""actual_duration_ms"": 93.289}, {""stage_name"": ""stimulus"", ""planned_duration_ms"": 3000, ""intended_onset_ms"": 139456.504, ""actual_onset_global_ms"": 139478.86, ""actual_offset_global_ms"": 140667.707, ""actual_duration_ms"": 1188.847}]",,,,,,,,,,,,,,,,,,,,,,,,,,,,,,,,,,,,,,,,,,,,,,,,,,,,,,,,,,,,,,,,,,,,,,,,,,,
008,008_T1_20260425_152320,PCPA,T1,adaptive,hci_substudy_v2,1,telemetry_v4,flanker,1,formal_block_2,formal,2,8,40,formal,congruent,1777101800,177.467,2026-04-25T15:25:44.929,0,0,0,1,140686.336,140700.605,congruent,right,right,>>>>>,j,j,1,1072.099,141880.121,none,,140786.336,140808.022,141880.121,3000,1072.099,141880.121,"[{""stage_name"": ""fixation"", ""planned_duration_ms"": 100, ""intended_onset_ms"": 140686.336, ""actual_onset_global_ms"": 140700.605, ""actual_offset_global_ms"": 140795.84, ""actual_duration_ms"": 95.235}, {""stage_name"": ""stimulus"", ""planned_duration_ms"": 3000, ""intended_onset_ms"": 140786.336, ""actual_onset_global_ms"": 140808.022, ""actual_offset_global_ms"": 141880.121, ""actual_duration_ms"": 1072.099}]",,,,,,,,,,,,,,,,,,,,,,,,,,,,,,,,,,,,,,,,,,,,,,,,,,,,,,,,,,,,,,,,,,,,,,,,,,,
008,008_T1_20260425_152320,PCPA,T1,adaptive,hci_substudy_v2,1,telemetry_v4,flanker,1,formal_block_2,formal,2,9,41,formal,incongruent,1777101800,177.467,2026-04-25T15:25:46.133,0,0,0,1,141890.628,141908.888,incongruent,left,right,>><>>,s,s,1,1091.078,143108.737,none,,141990.628,142017.659,143108.737,3000,1091.078,143108.737,"[{""stage_name"": ""fixation"", ""planned_duration_ms"": 100, ""intended_onset_ms"": 141890.628, ""actual_onset_global_ms"": 141908.888, ""actual_offset_global_ms"": 142005.821, ""actual_duration_ms"": 96.933}, {""stage_name"": ""stimulus"", ""planned_duration_ms"": 3000, ""intended_onset_ms"": 141990.628, ""actual_onset_global_ms"": 142017.659, ""actual_offset_global_ms"": 143108.737, ""actual_duration_ms"": 1091.078}]",,,,,,,,,,,,,,,,,,,,,,,,,,,,,,,,,,,,,,,,,,,,,,,,,,,,,,,,,,,,,,,,,,,,,,,,,,,
008,008_T1_20260425_152320,PCPA,T1,adaptive,hci_substudy_v2,1,telemetry_v4,flanker,1,formal_block_2,formal,2,10,42,formal,congruent,1777101800,177.467,2026-04-25T15:25:47.374,0,0,0,1,143131.462,143146.012,congruent,right,right,>>>>>,j,j,1,1191.625,144446.614,none,,143231.462,143254.989,144446.614,3000,1191.625,144446.614,"[{""stage_name"": ""fixation"", ""planned_duration_ms"": 100, ""intended_onset_ms"": 143131.462, ""actual_onset_global_ms"": 143146.012, ""actual_offset_global_ms"": 143242.993, ""actual_duration_ms"": 96.981}, {""stage_name"": ""stimulus"", ""planned_duration_ms"": 3000, ""intended_onset_ms"": 143231.462, ""actual_onset_global_ms"": 143254.989, ""actual_offset_global_ms"": 144446.614, ""actual_duration_ms"": 1191.625}]",,,,,,,,,,,,,,,,,,,,,,,,,,,,,,,,,,,,,,,,,,,,,,,,,,,,,,,,,,,,,,,,,,,,,,,,,,,
008,008_T1_20260425_152320,PCPA,T1,adaptive,hci_substudy_v2,1,telemetry_v4,flanker,1,formal_block_2,formal,2,11,43,formal,congruent,1777101800,177.467,2026-04-25T15:25:48.709,0,0,0,1,144466.139,144483.259,congruent,left,left,<<<<<,s,s,1,3225.88,147815.662,none,,144566.139,144589.782,147815.662,3000,3225.88,147815.662,"[{""stage_name"": ""fixation"", ""planned_duration_ms"": 100, ""intended_onset_ms"": 144466.139, ""actual_onset_global_ms"": 144483.259, ""actual_offset_global_ms"": 144577.911, ""actual_duration_ms"": 94.652}, {""stage_name"": ""stimulus"", ""planned_duration_ms"": 3000, ""intended_onset_ms"": 144566.139, ""actual_onset_global_ms"": 144589.782, ""actual_offset_global_ms"": 147815.662, ""actual_duration_ms"": 3225.88}]",,,,,,,,,,,,,,,,,,,,,,,,,,,,,,,,,,,,,,,,,,,,,,,,,,,,,,,,,,,,,,,,,,,,,,,,,,,
008,008_T1_20260425_152320,PCPA,T1,adaptive,hci_substudy_v2,1,telemetry_v4,flanker,1,formal_block_2,formal,2,12,44,formal,congruent,1777101800,177.467,2026-04-25T15:25:52.072,0,0,0,1,147829.197,147846.149,congruent,left,left,<<<<<,s,s,1,1388.615,149343.822,none,,147929.197,147955.207,149343.822,3000,1388.615,149343.822,"[{""stage_name"": ""fixation"", ""planned_duration_ms"": 100, ""intended_onset_ms"": 147829.197, ""actual_onset_global_ms"": 147846.149, ""actual_offset_global_ms"": 147942.773, ""actual_duration_ms"": 96.624}, {""stage_name"": ""stimulus"", ""planned_duration_ms"": 3000, ""intended_onset_ms"": 147929.197, ""actual_onset_global_ms"": 147955.207, ""actual_offset_global_ms"": 149343.822, ""actual_duration_ms"": 1388.615}]",,,,,,,,,,,,,,,,,,,,,,,,,,,,,,,,,,,,,,,,,,,,,,,,,,,,,,,,,,,,,,,,,,,,,,,,,,,
008,008_T1_20260425_152320,PCPA,T1,adaptive,hci_substudy_v2,1,telemetry_v4,flanker,1,formal_block_2,formal,2,13,45,formal,incongruent,1777101800,177.467,2026-04-25T15:25:53.608,0,0,0,1,149366.322,149380.91,incongruent,left,right,>><>>,s,s,1,979.069,150468.63,none,,149466.322,149489.561,150468.63,3000,979.069,150468.63,"[{""stage_name"": ""fixation"", ""planned_duration_ms"": 100, ""intended_onset_ms"": 149366.322, ""actual_onset_global_ms"": 149380.91, ""actual_offset_global_ms"": 149476.521, ""actual_duration_ms"": 95.611}, {""stage_name"": ""stimulus"", ""planned_duration_ms"": 3000, ""intended_onset_ms"": 149466.322, ""actual_onset_global_ms"": 149489.561, ""actual_offset_global_ms"": 150468.63, ""actual_duration_ms"": 979.069}]",,,,,,,,,,,,,,,,,,,,,,,,,,,,,,,,,,,,,,,,,,,,,,,,,,,,,,,,,,,,,,,,,,,,,,,,,,,
008,008_T1_20260425_152320,PCPA,T1,adaptive,hci_substudy_v2,1,telemetry_v4,flanker,1,formal_block_2,formal,2,14,46,formal,congruent,1777101800,177.467,2026-04-25T15:25:54.727,0,0,0,1,150483.931,150500.859,congruent,right,right,>>>>>,j,j,1,1148.089,151754.62,none,,150583.931,150606.531,151754.62,3000,1148.089,151754.62,"[{""stage_name"": ""fixation"", ""planned_duration_ms"": 100, ""intended_onset_ms"": 150483.931, ""actual_onset_global_ms"": 150500.859, ""actual_offset_global_ms"": 150595.249, ""actual_duration_ms"": 94.39}, {""stage_name"": ""stimulus"", ""planned_duration_ms"": 3000, ""intended_onset_ms"": 150583.931, ""actual_onset_global_ms"": 150606.531, ""actual_offset_global_ms"": 151754.62, ""actual_duration_ms"": 1148.089}]",,,,,,,,,,,,,,,,,,,,,,,,,,,,,,,,,,,,,,,,,,,,,,,,,,,,,,,,,,,,,,,,,,,,,,,,,,,
008,008_T1_20260425_152320,PCPA,T1,adaptive,hci_substudy_v2,1,telemetry_v4,flanker,1,formal_block_2,formal,2,15,47,formal,incongruent,1777101800,177.467,2026-04-25T15:25:56.016,0,0,0,1,151773.73,151788.381,incongruent,right,left,<<><<,j,j,1,1193.283,153091.263,none,,151873.73,151897.98,153091.263,3000,1193.283,153091.263,"[{""stage_name"": ""fixation"", ""planned_duration_ms"": 100, ""intended_onset_ms"": 151773.73, ""actual_onset_global_ms"": 151788.381, ""actual_offset_global_ms"": 151884.739, ""actual_duration_ms"": 96.358}, {""stage_name"": ""stimulus"", ""planned_duration_ms"": 3000, ""intended_onset_ms"": 151873.73, ""actual_onset_global_ms"": 151897.98, ""actual_offset_global_ms"": 153091.263, ""actual_duration_ms"": 1193.283}]",,,,,,,,,,,,,,,,,,,,,,,,,,,,,,,,,,,,,,,,,,,,,,,,,,,,,,,,,,,,,,,,,,,,,,,,,,,
008,008_T1_20260425_152320,PCPA,T1,adaptive,hci_substudy_v2,1,telemetry_v4,flanker,1,formal_block_2,formal,2,16,48,formal,congruent,1777101800,177.467,2026-04-25T15:25:57.345,0,0,0,1,153103.064,153120.357,congruent,left,left,<<<<<,s,s,1,1504.756,154735.628,none,,153203.064,153230.872,154735.628,3000,1504.756,154735.628,"[{""stage_name"": ""fixation"", ""planned_duration_ms"": 100, ""intended_onset_ms"": 153103.064, ""actual_onset_global_ms"": 153120.357, ""actual_offset_global_ms"": 153218.14, ""actual_duration_ms"": 97.783}, {""stage_name"": ""stimulus"", ""planned_duration_ms"": 3000, ""intended_onset_ms"": 153203.064, ""actual_onset_global_ms"": 153230.872, ""actual_offset_global_ms"": 154735.628, ""actual_duration_ms"": 1504.756}]",,,,,,,,,,,,,,,,,,,,,,,,,,,,,,,,,,,,,,,,,,,,,,,,,,,,,,,,,,,,,,,,,,,,,,,,,,,
008,008_T1_20260425_152320,PCPA,T1,adaptive,hci_substudy_v2,1,telemetry_v4,flanker,1,formal_block_2,formal,2,17,49,formal,incongruent,1777101800,177.467,2026-04-25T15:25:58.993,0,0,0,1,154750.86,154765.026,incongruent,left,right,>><>>,s,s,1,1114.454,155987.336,none,,154850.86,154872.882,155987.336,3000,1114.454,155987.336,"[{""stage_name"": ""fixation"", ""planned_duration_ms"": 100, ""intended_onset_ms"": 154750.86, ""actual_onset_global_ms"": 154765.026, ""actual_offset_global_ms"": 154861.004, ""actual_duration_ms"": 95.978}, {""stage_name"": ""stimulus"", ""planned_duration_ms"": 3000, ""intended_onset_ms"": 154850.86, ""actual_onset_global_ms"": 154872.882, ""actual_offset_global_ms"": 155987.336, ""actual_duration_ms"": 1114.454}]",,,,,,,,,,,,,,,,,,,,,,,,,,,,,,,,,,,,,,,,,,,,,,,,,,,,,,,,,,,,,,,,,,,,,,,,,,,
008,008_T1_20260425_152320,PCPA,T1,adaptive,hci_substudy_v2,1,telemetry_v4,flanker,1,formal_block_2,formal,2,18,50,formal,incongruent,1777101800,177.467,2026-04-25T15:26:00.238,0,0,0,1,155996.233,156013.306,incongruent,right,left,<<><<,j,j,1,1491.57,157615.735,none,,156096.233,156124.165,157615.735,3000,1491.57,157615.735,"[{""stage_name"": ""fixation"", ""planned_duration_ms"": 100, ""intended_onset_ms"": 155996.233, ""actual_onset_global_ms"": 156013.306, ""actual_offset_global_ms"": 156112.381, ""actual_duration_ms"": 99.075}, {""stage_name"": ""stimulus"", ""planned_duration_ms"": 3000, ""intended_onset_ms"": 156096.233, ""actual_onset_global_ms"": 156124.165, ""actual_offset_global_ms"": 157615.735, ""actual_duration_ms"": 1491.57}]",,,,,,,,,,,,,,,,,,,,,,,,,,,,,,,,,,,,,,,,,,,,,,,,,,,,,,,,,,,,,,,,,,,,,,,,,,,
008,008_T1_20260425_152320,PCPA,T1,adaptive,hci_substudy_v2,1,telemetry_v4,flanker,1,formal_block_2,formal,2,19,51,formal,incongruent,1777101800,177.467,2026-04-25T15:26:01.875,0,0,0,1,157632.838,157649.496,incongruent,right,left,<<><<,j,j,1,1146.63,158910.305,none,,157732.838,157763.675,158910.305,3000,1146.63,158910.305,"[{""stage_name"": ""fixation"", ""planned_duration_ms"": 100, ""intended_onset_ms"": 157632.838, ""actual_onset_global_ms"": 157649.496, ""actual_offset_global_ms"": 157750.296, ""actual_duration_ms"": 100.8}, {""stage_name"": ""stimulus"", ""planned_duration_ms"": 3000, ""intended_onset_ms"": 157732.838, ""actual_onset_global_ms"": 157763.675, ""actual_offset_global_ms"": 158910.305, ""actual_duration_ms"": 1146.63}]",,,,,,,,,,,,,,,,,,,,,,,,,,,,,,,,,,,,,,,,,,,,,,,,,,,,,,,,,,,,,,,,,,,,,,,,,,,
008,008_T1_20260425_152320,PCPA,T1,adaptive,hci_substudy_v2,1,telemetry_v4,flanker,1,formal_block_2,formal,2,20,52,formal,congruent,1777101800,177.467,2026-04-25T15:26:03.165,0,0,0,1,158922.322,158937.117,congruent,right,right,>>>>>,j,j,1,1300.489,160350.914,none,,159022.322,159050.425,160350.914,3000,1300.489,160350.914,"[{""stage_name"": ""fixation"", ""planned_duration_ms"": 100, ""intended_onset_ms"": 158922.322, ""actual_onset_global_ms"": 158937.117, ""actual_offset_global_ms"": 159037.533, ""actual_duration_ms"": 100.416}, {""stage_name"": ""stimulus"", ""planned_duration_ms"": 3000, ""intended_onset_ms"": 159022.322, ""actual_onset_global_ms"": 159050.425, ""actual_offset_global_ms"": 160350.914, ""actual_duration_ms"": 1300.489}]",,,,,,,,,,,,,,,,,,,,,,,,,,,,,,,,,,,,,,,,,,,,,,,,,,,,,,,,,,,,,,,,,,,,,,,,,,,
008,008_T1_20260425_152320,PCPA,T1,adaptive,hci_substudy_v2,1,telemetry_v4,dccs,2,pre_switch_practice,practice,1,1,1,practice,color,1777101800,177.467,2026-04-25T15:26:12.988,0,0,0,1,168745.842,168894.7,,,,,s,s,1,30707.598,201074.234,correct,1.0,169345.842,170366.636,201074.234,3000,30707.598,201224.234,"[{""stage_name"": ""fixation"", ""planned_duration_ms"": 100, ""intended_onset_ms"": 168745.842, ""actual_onset_global_ms"": 168894.7, ""actual_offset_global_ms"": 168900.335, ""actual_duration_ms"": 5.635}, {""stage_name"": ""cue"", ""planned_duration_ms"": 500, ""intended_onset_ms"": 168845.842, ""actual_onset_global_ms"": 168918.992, ""actual_offset_global_ms"": 170356.171, ""actual_duration_ms"": 1437.179}, {""stage_name"": ""stimulus"", ""planned_duration_ms"": 3000, ""intended_onset_ms"": 169345.842, ""actual_onset_global_ms"": 170366.636, ""actual_offset_global_ms"": 201074.234, ""actual_duration_ms"": 30707.598}, {""stage_name"": ""feedback"", ""planned_duration_ms"": 150, ""intended_onset_ms"": 201074.234, ""actual_onset_global_ms"": 201097.6, ""actual_offset_global_ms"": 201236.019, ""actual_duration_ms"": 138.419}]",correct.wav,201078.671,150.0,201578.671,0.0,none,,,0.0,0.0,none,0.0,0.0,0.0,0.0,,,0.0,none,none,0.0,color,cue_color.wav,颜色,168919.174,500.0,169615.736,blue,rabbit,blue_rabbit,practice,,color,32155.242,,,,,,,,,,,,,,,,,,,,,,,,,,,,,,,,,,,,,,,,,
008,008_T1_20260425_152320,PCPA,T1,adaptive,hci_substudy_v2,1,telemetry_v4,dccs,2,pre_switch_practice,practice,1,2,2,practice,color,1777101800,177.467,2026-04-25T15:26:45.478,0,0,0,1,201235.783,201249.809,,,,,j,j,1,8541.544,211268.784,correct,1.0,201835.783,202727.24,211268.784,3000,8541.544,211418.784,"[{""stage_name"": ""fixation"", ""planned_duration_ms"": 100, ""intended_onset_ms"": 201235.783, ""actual_onset_global_ms"": 201249.809, ""actual_offset_global_ms"": 201344.245, ""actual_duration_ms"": 94.436}, {""stage_name"": ""cue"", ""planned_duration_ms"": 500, ""intended_onset_ms"": 201335.783, ""actual_onset_global_ms"": 201354.233, ""actual_offset_global_ms"": 202718.563, ""actual_duration_ms"": 1364.33}, {""stage_name"": ""stimulus"", ""planned_duration_ms"": 3000, ""intended_onset_ms"": 201835.783, ""actual_onset_global_ms"": 202727.24, ""actual_offset_global_ms"": 211268.784, ""actual_duration_ms"": 8541.544}, {""stage_name"": ""feedback"", ""planned_duration_ms"": 150, ""intended_onset_ms"": 211268.784, ""actual_onset_global_ms"": 211284.829, ""actual_offset_global_ms"": 211434.761, ""actual_duration_ms"": 149.932}]",correct.wav,211270.245,150.0,211770.245,0.0,none,,,0.0,0.0,none,0.0,0.0,0.0,0.0,,,0.0,none,none,0.0,color,cue_color.wav,颜色,201354.368,500.0,202050.93,red,boat,red_boat,practice,,color,9914.551,,,,,,,,,,,,,,,,,,,,,,,,,,,,,,,,,,,,,,,,,
008,008_T1_20260425_152320,PCPA,T1,adaptive,hci_substudy_v2,1,telemetry_v4,dccs,2,pre_switch_practice,practice,1,3,3,practice,color,1777101800,177.467,2026-04-25T15:26:55.676,0,0,0,1,211433.307,211450.819,,,,,s,s,1,4985.702,217915.661,correct,1.0,212033.307,212929.959,217915.661,3000,4985.702,218065.661,"[{""stage_name"": ""fixation"", ""planned_duration_ms"": 100, ""intended_onset_ms"": 211433.307, ""actual_onset_global_ms"": 211450.819, ""actual_offset_global_ms"": 211545.52, ""actual_duration_ms"": 94.701}, {""stage_name"": ""cue"", ""planned_duration_ms"": 500, ""intended_onset_ms"": 211533.307, ""actual_onset_global_ms"": 211555.158, ""actual_offset_global_ms"": 212921.263, ""actual_duration_ms"": 1366.105}, {""stage_name"": ""stimulus"", ""planned_duration_ms"": 3000, ""intended_onset_ms"": 212033.307, ""actual_onset_global_ms"": 212929.959, ""actual_offset_global_ms"": 217915.661, ""actual_duration_ms"": 4985.702}, {""stage_name"": ""feedback"", ""planned_duration_ms"": 150, ""intended_onset_ms"": 217915.661, ""actual_onset_global_ms"": 217945.502, ""actual_offset_global_ms"": 218088.279, ""actual_duration_ms"": 142.777}]",correct.wav,217929.585,150.0,218429.585,0.0,none,,,0.0,0.0,none,0.0,0.0,0.0,0.0,,,0.0,none,none,0.0,color,cue_color.wav,颜色,211555.321,500.0,212251.883,blue,rabbit,blue_rabbit,practice,,color,6360.503,,,,,,,,,,,,,,,,,,,,,,,,,,,,,,,,,,,,,,,,,
008,008_T1_20260425_152320,PCPA,T1,adaptive,hci_substudy_v2,1,telemetry_v4,dccs,2,pre_switch_practice,practice,1,4,4,practice,color,1777101800,177.467,2026-04-25T15:27:02.329,0,0,0,1,218087.163,218103.722,,,,,j,j,1,7399.403,227072.236,correct,1.0,218687.163,219672.833,227072.236,3000,7399.403,227222.236,"[{""stage_name"": ""fixation"", ""planned_duration_ms"": 100, ""intended_onset_ms"": 218087.163, ""actual_onset_global_ms"": 218103.722, ""actual_offset_global_ms"": 218200.369, ""actual_duration_ms"": 96.647}, {""stage_name"": ""cue"", ""planned_duration_ms"": 500, ""intended_onset_ms"": 218187.163, ""actual_onset_global_ms"": 218210.342, ""actual_offset_global_ms"": 219663.19, ""actual_duration_ms"": 1452.848}, {""stage_name"": ""stimulus"", ""planned_duration_ms"": 3000, ""intended_onset_ms"": 218687.163, ""actual_onset_global_ms"": 219672.833, ""actual_offset_global_ms"": 227072.236, ""actual_duration_ms"": 7399.403}, {""stage_name"": ""feedback"", ""planned_duration_ms"": 150, ""intended_onset_ms"": 227072.236, ""actual_onset_global_ms"": 227094.843, ""actual_offset_global_ms"": 227247.659, ""actual_duration_ms"": 152.816}]",correct.wav,227078.463,150.0,227578.463,0.0,none,,,0.0,0.0,none,0.0,0.0,0.0,0.0,,,0.0,none,none,0.0,color,cue_color.wav,颜色,218210.508,500.0,218907.071,red,rabbit,red_rabbit,practice,,color,8861.894,,,,,,,,,,,,,,,,,,,,,,,,,,,,,,,,,,,,,,,,,
008,008_T1_20260425_152320,PCPA,T1,adaptive,hci_substudy_v2,1,telemetry_v4,dccs,2,pre_switch_practice,practice,1,5,5,practice,color,1777101800,177.467,2026-04-25T15:27:11.491,0,0,0,1,227248.177,227266.459,,,,,j,j,1,1885.065,230719.331,correct,1.0,227848.177,228834.266,230719.331,3000,1885.065,230869.331,"[{""stage_name"": ""fixation"", ""planned_duration_ms"": 100, ""intended_onset_ms"": 227248.177, ""actual_onset_global_ms"": 227266.459, ""actual_offset_global_ms"": 227366.436, ""actual_duration_ms"": 99.977}, {""stage_name"": ""cue"", ""planned_duration_ms"": 500, ""intended_onset_ms"": 227348.177, ""actual_onset_global_ms"": 227377.382, ""actual_offset_global_ms"": 228824.759, ""actual_duration_ms"": 1447.377}, {""stage_name"": ""stimulus"", ""planned_duration_ms"": 3000, ""intended_onset_ms"": 227848.177, ""actual_onset_global_ms"": 228834.266, ""actual_offset_global_ms"": 230719.331, ""actual_duration_ms"": 1885.065}, {""stage_name"": ""feedback"", ""planned_duration_ms"": 150, ""intended_onset_ms"": 230719.331, ""actual_onset_global_ms"": 230746.288, ""actual_offset_global_ms"": 230891.918, ""actual_duration_ms"": 145.63}]",correct.wav,230727.906,150.0,231227.906,0.0,none,,,0.0,0.0,none,0.0,0.0,0.0,0.0,,,0.0,none,none,0.0,color,cue_color.wav,颜色,227377.575,500.0,228074.138,red,boat,red_boat,practice,,color,3341.949,,,,,,,,,,,,,,,,,,,,,,,,,,,,,,,,,,,,,,,,,
008,008_T1_20260425_152320,PCPA,T1,adaptive,hci_substudy_v2,1,telemetry_v4,dccs,2,pre_switch_practice,practice,1,6,6,practice,color,1777101800,177.467,2026-04-25T15:27:15.133,0,0,0,1,230890.571,230907.341,,,,,s,s,1,1804.84,234309.27,correct,1.0,231490.571,232504.43,234309.27,3000,1804.84,234459.27,"[{""stage_name"": ""fixation"", ""planned_duration_ms"": 100, ""intended_onset_ms"": 230890.571, ""actual_onset_global_ms"": 230907.341, ""actual_offset_global_ms"": 231005.547, ""actual_duration_ms"": 98.206}, {""stage_name"": ""cue"", ""planned_duration_ms"": 500, ""intended_onset_ms"": 230990.571, ""actual_onset_global_ms"": 231015.694, ""actual_offset_global_ms"": 232493.522, ""actual_duration_ms"": 1477.828}, {""stage_name"": ""stimulus"", ""planned_duration_ms"": 3000, ""intended_onset_ms"": 231490.571, ""actual_onset_global_ms"": 232504.43, ""actual_offset_global_ms"": 234309.27, ""actual_duration_ms"": 1804.84}, {""stage_name"": ""feedback"", ""planned_duration_ms"": 150, ""intended_onset_ms"": 234309.27, ""actual_onset_global_ms"": 234327.799, ""actual_offset_global_ms"": 234471.711, ""actual_duration_ms"": 143.912}]",correct.wav,234312.108,150.0,234812.108,0.0,none,,,0.0,0.0,none,0.0,0.0,0.0,0.0,,,0.0,none,none,0.0,color,cue_color.wav,颜色,231015.896,500.0,231712.459,blue,boat,blue_boat,practice,,color,3293.576,,,,,,,,,,,,,,,,,,,,,,,,,,,,,,,,,,,,,,,,,
008,008_T1_20260425_152320,PCPA,T1,adaptive,hci_substudy_v2,1,telemetry_v4,dccs,2,post_switch_practice,practice,2,1,7,practice,shape,1777101800,177.467,2026-04-25T15:27:22.232,0,0,0,1,237989.376,238009.612,,,,,s,s,1,6377.507,246040.866,correct,1.0,238589.376,239663.359,246040.866,3000,6377.507,246190.866,"[{""stage_name"": ""fixation"", ""planned_duration_ms"": 100, ""intended_onset_ms"": 237989.376, ""actual_onset_global_ms"": 238009.612, ""actual_offset_global_ms"": 238097.874, ""actual_duration_ms"": 88.262}, {""stage_name"": ""cue"", ""planned_duration_ms"": 500, ""intended_onset_ms"": 238089.376, ""actual_onset_global_ms"": 238115.843, ""actual_offset_global_ms"": 239653.394, ""actual_duration_ms"": 1537.551}, {""stage_name"": ""stimulus"", ""planned_duration_ms"": 3000, ""intended_onset_ms"": 238589.376, ""actual_onset_global_ms"": 239663.359, ""actual_offset_global_ms"": 246040.866, ""actual_duration_ms"": 6377.507}, {""stage_name"": ""feedback"", ""planned_duration_ms"": 150, ""intended_onset_ms"": 246040.866, ""actual_onset_global_ms"": 246072.703, ""actual_offset_global_ms"": 246223.668, ""actual_duration_ms"": 150.965}]",correct.wav,246056.448,150.0,246556.448,0.0,none,,,0.0,0.0,none,0.0,0.0,0.0,0.0,,,0.0,none,none,0.0,shape,cue_shape.wav,形状,238116.008,500.0,238882.258,red,rabbit,red_rabbit,practice,,shape,7925.023,,,,,,,,,,,,,,,,,,,,,,,,,,,,,,,,,,,,,,,,,
008,008_T1_20260425_152320,PCPA,T1,adaptive,hci_substudy_v2,1,telemetry_v4,dccs,2,post_switch_practice,practice,2,2,8,practice,shape,1777101800,177.467,2026-04-25T15:27:30.464,0,0,0,1,246222.405,246242.289,,,,,s,s,1,1612.188,249487.825,correct,1.0,246822.405,247875.637,249487.825,3000,1612.188,249637.825,"[{""stage_name"": ""fixation"", ""planned_duration_ms"": 100, ""intended_onset_ms"": 246222.405, ""actual_onset_global_ms"": 246242.289, ""actual_offset_global_ms"": 246333.27, ""actual_duration_ms"": 90.981}, {""stage_name"": ""cue"", ""planned_duration_ms"": 500, ""intended_onset_ms"": 246322.405, ""actual_onset_global_ms"": 246349.733, ""actual_offset_global_ms"": 247865.231, ""actual_duration_ms"": 1515.498}, {""stage_name"": ""stimulus"", ""planned_duration_ms"": 3000, ""intended_onset_ms"": 246822.405, ""actual_onset_global_ms"": 247875.637, ""actual_offset_global_ms"": 249487.825, ""actual_duration_ms"": 1612.188}, {""stage_name"": ""feedback"", ""planned_duration_ms"": 150, ""intended_onset_ms"": 249487.825, ""actual_onset_global_ms"": 249521.44, ""actual_offset_global_ms"": 249667.8, ""actual_duration_ms"": 146.36}]",correct.wav,249503.793,150.0,250003.793,0.0,none,,,0.0,0.0,none,0.0,0.0,0.0,0.0,,,0.0,none,none,0.0,shape,cue_shape.wav,形状,246350.005,500.0,247116.255,blue,rabbit,blue_rabbit,practice,,shape,3138.092,,,,,,,,,,,,,,,,,,,,,,,,,,,,,,,,,,,,,,,,,
008,008_T1_20260425_152320,PCPA,T1,adaptive,hci_substudy_v2,1,telemetry_v4,dccs,2,post_switch_practice,practice,2,3,9,practice,shape,1777101800,177.467,2026-04-25T15:27:33.909,0,0,0,1,249666.855,249682.0,,,,,j,j,1,2083.001,253397.929,correct,1.0,250266.855,251314.928,253397.929,3000,2083.001,253547.929,"[{""stage_name"": ""fixation"", ""planned_duration_ms"": 100, ""intended_onset_ms"": 249666.855, ""actual_onset_global_ms"": 249682.0, ""actual_offset_global_ms"": 249773.849, ""actual_duration_ms"": 91.849}, {""stage_name"": ""cue"", ""planned_duration_ms"": 500, ""intended_onset_ms"": 249766.855, ""actual_onset_global_ms"": 249786.035, ""actual_offset_global_ms"": 251303.987, ""actual_duration_ms"": 1517.952}, {""stage_name"": ""stimulus"", ""planned_duration_ms"": 3000, ""intended_onset_ms"": 250266.855, ""actual_onset_global_ms"": 251314.928, ""actual_offset_global_ms"": 253397.929, ""actual_duration_ms"": 2083.001}, {""stage_name"": ""feedback"", ""planned_duration_ms"": 150, ""intended_onset_ms"": 253397.929, ""actual_onset_global_ms"": 253424.499, ""actual_offset_global_ms"": 253575.299, ""actual_duration_ms"": 150.8}]",correct.wav,253408.441,150.0,253908.441,0.0,none,,,0.0,0.0,none,0.0,0.0,0.0,0.0,,,0.0,none,none,0.0,shape,cue_shape.wav,形状,249786.217,500.0,250552.467,blue,boat,blue_boat,practice,,shape,3611.894,,,,,,,,,,,,,,,,,,,,,,,,,,,,,,,,,,,,,,,,,
008,008_T1_20260425_152320,PCPA,T1,adaptive,hci_substudy_v2,1,telemetry_v4,dccs,2,post_switch_practice,practice,2,4,10,practice,shape,1777101800,177.467,2026-04-25T15:27:37.816,0,0,0,1,253574.453,253590.34,,,,,j,j,1,1454.405,256706.076,correct,1.0,254174.453,255251.671,256706.076,3000,1454.405,256856.076,"[{""stage_name"": ""fixation"", ""planned_duration_ms"": 100, ""intended_onset_ms"": 253574.453, ""actual_onset_global_ms"": 253590.34, ""actual_offset_global_ms"": 253695.956, ""actual_duration_ms"": 105.616}, {""stage_name"": ""cue"", ""planned_duration_ms"": 500, ""intended_onset_ms"": 253674.453, ""actual_onset_global_ms"": 253709.331, ""actual_offset_global_ms"": 255240.186, ""actual_duration_ms"": 1530.855}, {""stage_name"": ""stimulus"", ""planned_duration_ms"": 3000, ""intended_onset_ms"": 254174.453, ""actual_onset_global_ms"": 255251.671, ""actual_offset_global_ms"": 256706.076, ""actual_duration_ms"": 1454.405}, {""stage_name"": ""feedback"", ""planned_duration_ms"": 150, ""intended_onset_ms"": 256706.076, ""actual_onset_global_ms"": 256735.189, ""actual_offset_global_ms"": 256884.971, ""actual_duration_ms"": 149.782}]",correct.wav,256718.283,150.0,257218.283,0.0,none,,,0.0,0.0,none,0.0,0.0,0.0,0.0,,,0.0,none,none,0.0,shape,cue_shape.wav,形状,253709.499,500.0,254475.749,red,boat,red_boat,practice,,shape,2996.745,,,,,,,,,,,,,,,,,,,,,,,,,,,,,,,,,,,,,,,,,
008,008_T1_20260425_152320,PCPA,T1,adaptive,hci_substudy_v2,1,telemetry_v4,dccs,2,post_switch_practice,practice,2,5,11,practice,shape,1777101800,177.467,2026-04-25T15:27:41.126,0,0,0,1,256883.542,256899.954,,,,,s,s,1,1211.994,259757.952,correct,1.0,257483.542,258545.958,259757.952,3000,1211.994,259907.952,"[{""stage_name"": ""fixation"", ""planned_duration_ms"": 100, ""intended_onset_ms"": 256883.542, ""actual_onset_global_ms"": 256899.954, ""actual_offset_global_ms"": 257003.671, ""actual_duration_ms"": 103.717}, {""stage_name"": ""cue"", ""planned_duration_ms"": 500, ""intended_onset_ms"": 256983.542, ""actual_onset_global_ms"": 257014.9, ""actual_offset_global_ms"": 258536.936, ""actual_duration_ms"": 1522.036}, {""stage_name"": ""stimulus"", ""planned_duration_ms"": 3000, ""intended_onset_ms"": 257483.542, ""actual_onset_global_ms"": 258545.958, ""actual_offset_global_ms"": 259757.952, ""actual_duration_ms"": 1211.994}, {""stage_name"": ""feedback"", ""planned_duration_ms"": 150, ""intended_onset_ms"": 259757.952, ""actual_onset_global_ms"": 259776.593, ""actual_offset_global_ms"": 259916.563, ""actual_duration_ms"": 139.97}]",correct.wav,259759.575,150.0,260259.575,0.0,none,,,0.0,0.0,none,0.0,0.0,0.0,0.0,,,0.0,none,none,0.0,shape,cue_shape.wav,形状,257015.074,500.0,257781.324,blue,rabbit,blue_rabbit,practice,,shape,2743.052,,,,,,,,,,,,,,,,,,,,,,,,,,,,,,,,,,,,,,,,,
008,008_T1_20260425_152320,PCPA,T1,adaptive,hci_substudy_v2,1,telemetry_v4,dccs,2,post_switch_practice,practice,2,6,12,practice,shape,1777101800,177.467,2026-04-25T15:27:44.159,0,0,0,1,259916.724,259931.036,,,,,j,j,1,637.018,262209.949,correct,1.0,260516.724,261572.931,262209.949,3000,637.018,262359.949,"[{""stage_name"": ""fixation"", ""planned_duration_ms"": 100, ""intended_onset_ms"": 259916.724, ""actual_onset_global_ms"": 259931.036, ""actual_offset_global_ms"": 260034.698, ""actual_duration_ms"": 103.662}, {""stage_name"": ""cue"", ""planned_duration_ms"": 500, ""intended_onset_ms"": 260016.724, ""actual_onset_global_ms"": 260047.026, ""actual_offset_global_ms"": 261561.175, ""actual_duration_ms"": 1514.149}, {""stage_name"": ""stimulus"", ""planned_duration_ms"": 3000, ""intended_onset_ms"": 260516.724, ""actual_onset_global_ms"": 261572.931, ""actual_offset_global_ms"": 262209.949, ""actual_duration_ms"": 637.018}, {""stage_name"": ""feedback"", ""planned_duration_ms"": 150, ""intended_onset_ms"": 262209.949, ""actual_onset_global_ms"": 262229.338, ""actual_offset_global_ms"": 262381.381, ""actual_duration_ms"": 152.043}]",correct.wav,262212.659,150.0,262712.659,0.0,none,,,0.0,0.0,none,0.0,0.0,0.0,0.0,,,0.0,none,none,0.0,shape,cue_shape.wav,形状,260047.217,500.0,260813.467,red,boat,red_boat,practice,,shape,2162.923,,,,,,,,,,,,,,,,,,,,,,,,,,,,,,,,,,,,,,,,,
008,008_T1_20260425_152320,PCPA,T1,adaptive,hci_substudy_v2,1,telemetry_v4,dccs,2,mixed_formal,formal,1,1,13,formal,shape,1777101800,177.467,2026-04-25T15:27:51.243,0,0,0,1,267000.268,267020.269,,,,,j,j,1,2261.648,270924.87,none,,267600.268,268663.222,270924.87,3000,2261.648,270924.87,"[{""stage_name"": ""fixation"", ""planned_duration_ms"": 100, ""intended_onset_ms"": 267000.268, ""actual_onset_global_ms"": 267020.269, ""actual_offset_global_ms"": 267109.961, ""actual_duration_ms"": 89.692}, {""stage_name"": ""cue"", ""planned_duration_ms"": 500, ""intended_onset_ms"": 267100.268, ""actual_onset_global_ms"": 267125.939, ""actual_offset_global_ms"": 268652.892, ""actual_duration_ms"": 1526.953}, {""stage_name"": ""stimulus"", ""planned_duration_ms"": 3000, ""intended_onset_ms"": 267600.268, ""actual_onset_global_ms"": 268663.222, ""actual_offset_global_ms"": 270924.87, ""actual_duration_ms"": 2261.648}]",,,,,0.0,none,,,0.0,0.0,none,0.0,0.0,0.0,0.0,,,0.0,none,none,0.0,shape,cue_shape.wav,形状,267126.113,500.0,267892.363,red,boat,red_boat,first,,shape,3798.931,,,,,,,,,,,,,,,,,,,,,,,,,,,,,,,,,,,,,,,,,
008,008_T1_20260425_152320,PCPA,T1,adaptive,hci_substudy_v2,1,telemetry_v4,dccs,2,mixed_formal,formal,1,2,14,formal,shape,1777101800,177.467,2026-04-25T15:27:55.175,0,0,0,1,270932.994,270948.891,,,,,s,s,1,1788.041,274393.135,none,,271532.994,272605.094,274393.135,3000,1788.041,274393.135,"[{""stage_name"": ""fixation"", ""planned_duration_ms"": 100, ""intended_onset_ms"": 270932.994, ""actual_onset_global_ms"": 270948.891, ""actual_offset_global_ms"": 271039.062, ""actual_duration_ms"": 90.171}, {""stage_name"": ""cue"", ""planned_duration_ms"": 500, ""intended_onset_ms"": 271032.994, ""actual_onset_global_ms"": 271053.501, ""actual_offset_global_ms"": 272593.087, ""actual_duration_ms"": 1539.586}, {""stage_name"": ""stimulus"", ""planned_duration_ms"": 3000, ""intended_onset_ms"": 271532.994, ""actual_onset_global_ms"": 272605.094, ""actual_offset_global_ms"": 274393.135, ""actual_duration_ms"": 1788.041}]",,,,,0.0,none,,,0.0,0.0,none,0.0,0.0,0.0,0.0,,,0.0,none,none,0.0,shape,cue_shape.wav,形状,271053.683,500.0,271819.933,red,rabbit,red_rabbit,repeat,shape,shape,3339.634,,,,,,,,,,,,,,,,,,,,,,,,,,,,,,,,,,,,,,,,,
008,008_T1_20260425_152320,PCPA,T1,adaptive,hci_substudy_v2,1,telemetry_v4,dccs,2,mixed_formal,formal,1,3,15,formal,shape,1777101800,177.467,2026-04-25T15:27:58.654,0,0,0,1,274411.449,274427.741,,,,,s,s,1,1380.478,277433.33,none,,275011.449,276052.852,277433.33,3000,1380.478,277433.33,"[{""stage_name"": ""fixation"", ""planned_duration_ms"": 100, ""intended_onset_ms"": 274411.449, ""actual_onset_global_ms"": 274427.741, ""actual_offset_global_ms"": 274518.193, ""actual_duration_ms"": 90.452}, {""stage_name"": ""cue"", ""planned_duration_ms"": 500, ""intended_onset_ms"": 274511.449, ""actual_onset_global_ms"": 274532.332, ""actual_offset_global_ms"": 276042.615, ""actual_duration_ms"": 1510.283}, {""stage_name"": ""stimulus"", ""planned_duration_ms"": 3000, ""intended_onset_ms"": 275011.449, ""actual_onset_global_ms"": 276052.852, ""actual_offset_global_ms"": 277433.33, ""actual_duration_ms"": 1380.478}]",,,,,0.0,none,,,0.0,0.0,none,0.0,0.0,0.0,0.0,,,0.0,none,none,0.0,shape,cue_shape.wav,形状,274532.505,500.0,275298.755,blue,rabbit,blue_rabbit,repeat,shape,shape,2900.998,,,,,,,,,,,,,,,,,,,,,,,,,,,,,,,,,,,,,,,,,
008,008_T1_20260425_152320,PCPA,T1,adaptive,hci_substudy_v2,1,telemetry_v4,dccs,2,mixed_formal,formal,1,4,16,formal,color,1777101800,177.467,2026-04-25T15:28:01.686,0,0,0,1,277443.643,277460.885,,,,,j,j,1,1414.353,280453.215,none,,278043.643,279038.862,280453.215,3000,1414.353,280453.215,"[{""stage_name"": ""fixation"", ""planned_duration_ms"": 100, ""intended_onset_ms"": 277443.643, ""actual_onset_global_ms"": 277460.885, ""actual_offset_global_ms"": 277564.931, ""actual_duration_ms"": 104.046}, {""stage_name"": ""cue"", ""planned_duration_ms"": 500, ""intended_onset_ms"": 277543.643, ""actual_onset_global_ms"": 277577.772, ""actual_offset_global_ms"": 279028.313, ""actual_duration_ms"": 1450.541}, {""stage_name"": ""stimulus"", ""planned_duration_ms"": 3000, ""intended_onset_ms"": 278043.643, ""actual_onset_global_ms"": 279038.862, ""actual_offset_global_ms"": 280453.215, ""actual_duration_ms"": 1414.353}]",,,,,0.0,none,,,0.0,0.0,none,0.0,0.0,0.0,0.0,,,0.0,none,none,0.0,color,cue_color.wav,颜色,277577.951,500.0,278274.514,red,rabbit,red_rabbit,switch,shape,color,2875.443,,,,,,,,,,,,,,,,,,,,,,,,,,,,,,,,,,,,,,,,,
008,008_T1_20260425_152320,PCPA,T1,adaptive,hci_substudy_v2,1,telemetry_v4,dccs,2,mixed_formal,formal,1,5,17,formal,color,1777101800,177.467,2026-04-25T15:28:04.705,0,0,0,1,280462.416,280477.458,,,,,s,s,1,1885.586,283967.765,none,,281062.416,282082.179,283967.765,3000,1885.586,283967.765,"[{""stage_name"": ""fixation"", ""planned_duration_ms"": 100, ""intended_onset_ms"": 280462.416, ""actual_onset_global_ms"": 280477.458, ""actual_offset_global_ms"": 280579.298, ""actual_duration_ms"": 101.84}, {""stage_name"": ""cue"", ""planned_duration_ms"": 500, ""intended_onset_ms"": 280562.416, ""actual_onset_global_ms"": 280589.734, ""actual_offset_global_ms"": 282071.283, ""actual_duration_ms"": 1481.549}, {""stage_name"": ""stimulus"", ""planned_duration_ms"": 3000, ""intended_onset_ms"": 281062.416, ""actual_onset_global_ms"": 282082.179, ""actual_offset_global_ms"": 283967.765, ""actual_duration_ms"": 1885.586}]",,,,,0.0,none,,,0.0,0.0,none,0.0,0.0,0.0,0.0,,,0.0,none,none,0.0,color,cue_color.wav,颜色,280589.868,500.0,281286.431,blue,boat,blue_boat,repeat,color,color,3378.031,,,,,,,,,,,,,,,,,,,,,,,,,,,,,,,,,,,,,,,,,
008,008_T1_20260425_152320,PCPA,T1,adaptive,hci_substudy_v2,1,telemetry_v4,dccs,2,mixed_formal,formal,1,6,18,formal,shape,1777101800,177.467,2026-04-25T15:28:08.226,0,0,0,1,283983.259,284000.376,,,,,s,s,1,1765.188,287398.963,none,,284583.259,285633.775,287398.963,3000,1765.188,287398.963,"[{""stage_name"": ""fixation"", ""planned_duration_ms"": 100, ""intended_onset_ms"": 283983.259, ""actual_onset_global_ms"": 284000.376, ""actual_offset_global_ms"": 284090.335, ""actual_duration_ms"": 89.959}, {""stage_name"": ""cue"", ""planned_duration_ms"": 500, ""intended_onset_ms"": 284083.259, ""actual_onset_global_ms"": 284105.652, ""actual_offset_global_ms"": 285621.738, ""actual_duration_ms"": 1516.086}, {""stage_name"": ""stimulus"", ""planned_duration_ms"": 3000, ""intended_onset_ms"": 284583.259, ""actual_onset_global_ms"": 285633.775, ""actual_offset_global_ms"": 287398.963, ""actual_duration_ms"": 1765.188}]",,,,,0.0,none,,,0.0,0.0,none,0.0,0.0,0.0,0.0,,,0.0,none,none,0.0,shape,cue_shape.wav,形状,284105.837,500.0,284872.087,red,rabbit,red_rabbit,switch,color,shape,3293.311,,,,,,,,,,,,,,,,,,,,,,,,,,,,,,,,,,,,,,,,,
008,008_T1_20260425_152320,PCPA,T1,adaptive,hci_substudy_v2,1,telemetry_v4,dccs,2,mixed_formal,formal,1,7,19,formal,color,1777101800,177.467,2026-04-25T15:28:11.664,0,0,0,1,287421.358,287437.021,,,,,s,s,1,1249.045,290286.101,none,,288021.358,289037.056,290286.101,3000,1249.045,290286.101,"[{""stage_name"": ""fixation"", ""planned_duration_ms"": 100, ""intended_onset_ms"": 287421.358, ""actual_onset_global_ms"": 287437.021, ""actual_offset_global_ms"": 287537.366, ""actual_duration_ms"": 100.345}, {""stage_name"": ""cue"", ""planned_duration_ms"": 500, ""intended_onset_ms"": 287521.358, ""actual_onset_global_ms"": 287548.729, ""actual_offset_global_ms"": 289028.387, ""actual_duration_ms"": 1479.658}, {""stage_name"": ""stimulus"", ""planned_duration_ms"": 3000, ""intended_onset_ms"": 288021.358, ""actual_onset_global_ms"": 289037.056, ""actual_offset_global_ms"": 290286.101, ""actual_duration_ms"": 1249.045}]",,,,,0.0,none,,,0.0,0.0,none,0.0,0.0,0.0,0.0,,,0.0,none,none,0.0,color,cue_color.wav,颜色,287548.914,500.0,288245.476,blue,rabbit,blue_rabbit,switch,shape,color,2737.372,,,,,,,,,,,,,,,,,,,,,,,,,,,,,,,,,,,,,,,,,
008,008_T1_20260425_152320,PCPA,T1,adaptive,hci_substudy_v2,1,telemetry_v4,dccs,2,mixed_formal,formal,1,8,20,formal,shape,1777101800,177.467,2026-04-25T15:28:14.548,0,0,0,1,290305.953,290321.889,,,,,j,j,1,2972.545,294960.124,none,,290905.953,291987.579,294960.124,3000,2972.545,294960.124,"[{""stage_name"": ""fixation"", ""planned_duration_ms"": 100, ""intended_onset_ms"": 290305.953, ""actual_onset_global_ms"": 290321.889, ""actual_offset_global_ms"": 290413.889, ""actual_duration_ms"": 92.0}, {""stage_name"": ""cue"", ""planned_duration_ms"": 500, ""intended_onset_ms"": 290405.953, ""actual_onset_global_ms"": 290427.78, ""actual_offset_global_ms"": 291975.641, ""actual_duration_ms"": 1547.861}, {""stage_name"": ""stimulus"", ""planned_duration_ms"": 3000, ""intended_onset_ms"": 290905.953, ""actual_onset_global_ms"": 291987.579, ""actual_offset_global_ms"": 294960.124, ""actual_duration_ms"": 2972.545}]",,,,,0.0,none,,,0.0,0.0,none,0.0,0.0,0.0,0.0,,,0.0,none,none,0.0,shape,cue_shape.wav,形状,290427.962,500.0,291194.212,red,boat,red_boat,switch,color,shape,4532.344,,,,,,,,,,,,,,,,,,,,,,,,,,,,,,,,,,,,,,,,,
008,008_T1_20260425_152320,PCPA,T1,adaptive,hci_substudy_v2,1,telemetry_v4,dccs,2,mixed_formal,formal,1,9,21,formal,color,1777101800,177.467,2026-04-25T15:28:19.209,0,0,0,1,294966.62,294981.169,,,,,s,s,1,2318.729,298933.201,none,,295566.62,296614.472,298933.201,3000,2318.729,298933.201,"[{""stage_name"": ""fixation"", ""planned_duration_ms"": 100, ""intended_onset_ms"": 294966.62, ""actual_onset_global_ms"": 294981.169, ""actual_offset_global_ms"": 295078.76, ""actual_duration_ms"": 97.591}, {""stage_name"": ""cue"", ""planned_duration_ms"": 500, ""intended_onset_ms"": 295066.62, ""actual_onset_global_ms"": 295088.983, ""actual_offset_global_ms"": 296604.512, ""actual_duration_ms"": 1515.529}, {""stage_name"": ""stimulus"", ""planned_duration_ms"": 3000, ""intended_onset_ms"": 295566.62, ""actual_onset_global_ms"": 296614.472, ""actual_offset_global_ms"": 298933.201, ""actual_duration_ms"": 2318.729}]",,,,,0.0,none,,,0.0,0.0,none,0.0,0.0,0.0,0.0,,,0.0,none,none,0.0,color,cue_color.wav,颜色,295089.158,500.0,295785.72,blue,boat,blue_boat,switch,shape,color,3844.218,,,,,,,,,,,,,,,,,,,,,,,,,,,,,,,,,,,,,,,,,
008,008_T1_20260425_152320,PCPA,T1,adaptive,hci_substudy_v2,1,telemetry_v4,dccs,2,mixed_formal,formal,1,10,22,formal,color,1777101800,177.467,2026-04-25T15:28:23.183,0,0,0,1,298940.983,298958.387,,,,,j,j,1,1396.839,301933.16,none,,299540.983,300536.321,301933.16,3000,1396.839,301933.16,"[{""stage_name"": ""fixation"", ""planned_duration_ms"": 100, ""intended_onset_ms"": 298940.983, ""actual_onset_global_ms"": 298958.387, ""actual_offset_global_ms"": 299046.713, ""actual_duration_ms"": 88.326}, {""stage_name"": ""cue"", ""planned_duration_ms"": 500, ""intended_onset_ms"": 299040.983, ""actual_onset_global_ms"": 299059.457, ""actual_offset_global_ms"": 300527.109, ""actual_duration_ms"": 1467.652}, {""stage_name"": ""stimulus"", ""planned_duration_ms"": 3000, ""intended_onset_ms"": 299540.983, ""actual_onset_global_ms"": 300536.321, ""actual_offset_global_ms"": 301933.16, ""actual_duration_ms"": 1396.839}]",,,,,0.0,none,,,0.0,0.0,none,0.0,0.0,0.0,0.0,,,0.0,none,none,0.0,color,cue_color.wav,颜色,299059.639,500.0,299756.202,red,boat,red_boat,repeat,color,color,2873.703,,,,,,,,,,,,,,,,,,,,,,,,,,,,,,,,,,,,,,,,,
008,008_T1_20260425_152320,PCPA,T1,adaptive,hci_substudy_v2,1,telemetry_v4,dccs,2,mixed_formal,formal,1,11,23,formal,shape,1777101800,177.467,2026-04-25T15:28:26.192,0,0,0,1,301949.656,301968.067,,,,,j,j,1,3088.903,306692.436,none,,302549.656,303603.533,306692.436,3000,3088.903,306692.436,"[{""stage_name"": ""fixation"", ""planned_duration_ms"": 100, ""intended_onset_ms"": 301949.656, ""actual_onset_global_ms"": 301968.067, ""actual_offset_global_ms"": 302060.747, ""actual_duration_ms"": 92.68}, {""stage_name"": ""cue"", ""planned_duration_ms"": 500, ""intended_onset_ms"": 302049.656, ""actual_onset_global_ms"": 302073.976, ""actual_offset_global_ms"": 303592.403, ""actual_duration_ms"": 1518.427}, {""stage_name"": ""stimulus"", ""planned_duration_ms"": 3000, ""intended_onset_ms"": 302549.656, ""actual_onset_global_ms"": 303603.533, ""actual_offset_global_ms"": 306692.436, ""actual_duration_ms"": 3088.903}]",,,,,0.0,none,,,0.0,0.0,none,0.0,0.0,0.0,0.0,,,0.0,none,none,0.0,shape,cue_shape.wav,形状,302074.238,500.0,302840.488,red,boat,red_boat,switch,color,shape,4618.46,,,,,,,,,,,,,,,,,,,,,,,,,,,,,,,,,,,,,,,,,
008,008_T1_20260425_152320,PCPA,T1,adaptive,hci_substudy_v2,1,telemetry_v4,dccs,2,mixed_formal,formal,1,12,24,formal,color,1777101800,177.467,2026-04-25T15:28:30.941,0,0,0,1,306699.483,306714.938,,,,,s,s,1,1294.875,309634.033,none,,307299.483,308339.158,309634.033,3000,1294.875,309634.033,"[{""stage_name"": ""fixation"", ""planned_duration_ms"": 100, ""intended_onset_ms"": 306699.483, ""actual_onset_global_ms"": 306714.938, ""actual_offset_global_ms"": 306816.167, ""actual_duration_ms"": 101.229}, {""stage_name"": ""cue"", ""planned_duration_ms"": 500, ""intended_onset_ms"": 306799.483, ""actual_onset_global_ms"": 306829.808, ""actual_offset_global_ms"": 308328.894, ""actual_duration_ms"": 1499.086}, {""stage_name"": ""stimulus"", ""planned_duration_ms"": 3000, ""intended_onset_ms"": 307299.483, ""actual_onset_global_ms"": 308339.158, ""actual_offset_global_ms"": 309634.033, ""actual_duration_ms"": 1294.875}]",,,,,0.0,none,,,0.0,0.0,none,0.0,0.0,0.0,0.0,,,0.0,none,none,0.0,color,cue_color.wav,颜色,306830.009,500.0,307526.572,blue,boat,blue_boat,switch,shape,color,2804.225,,,,,,,,,,,,,,,,,,,,,,,,,,,,,,,,,,,,,,,,,
008,008_T1_20260425_152320,PCPA,T1,adaptive,hci_substudy_v2,1,telemetry_v4,dccs,2,mixed_formal,formal,1,13,25,formal,color,1777101800,177.467,2026-04-25T15:28:33.895,0,0,0,1,309653.343,309669.892,,,,,j,j,1,1119.573,312416.729,none,,310253.343,311297.156,312416.729,3000,1119.573,312416.729,"[{""stage_name"": ""fixation"", ""planned_duration_ms"": 100, ""intended_onset_ms"": 309653.343, ""actual_onset_global_ms"": 309669.892, ""actual_offset_global_ms"": 309768.468, ""actual_duration_ms"": 98.576}, {""stage_name"": ""cue"", ""planned_duration_ms"": 500, ""intended_onset_ms"": 309753.343, ""actual_onset_global_ms"": 309782.655, ""actual_offset_global_ms"": 311286.879, ""actual_duration_ms"": 1504.224}, {""stage_name"": ""stimulus"", ""planned_duration_ms"": 3000, ""intended_onset_ms"": 310253.343, ""actual_onset_global_ms"": 311297.156, ""actual_offset_global_ms"": 312416.729, ""actual_duration_ms"": 1119.573}]",,,,,0.0,none,,,0.0,0.0,none,0.0,0.0,0.0,0.0,,,0.0,none,none,0.0,color,cue_color.wav,颜色,309782.867,500.0,310479.43,red,boat,red_boat,repeat,color,color,2634.074,,,,,,,,,,,,,,,,,,,,,,,,,,,,,,,,,,,,,,,,,
008,008_T1_20260425_152320,PCPA,T1,adaptive,hci_substudy_v2,1,telemetry_v4,dccs,2,mixed_formal,formal,1,14,26,formal,color,1777101800,177.467,2026-04-25T15:28:36.674,0,0,0,1,312431.926,312447.091,,,,,s,s,1,1130.609,315191.831,none,,313031.926,314061.222,315191.831,3000,1130.609,315191.831,"[{""stage_name"": ""fixation"", ""planned_duration_ms"": 100, ""intended_onset_ms"": 312431.926, ""actual_onset_global_ms"": 312447.091, ""actual_offset_global_ms"": 312550.542, ""actual_duration_ms"": 103.451}, {""stage_name"": ""cue"", ""planned_duration_ms"": 500, ""intended_onset_ms"": 312531.926, ""actual_onset_global_ms"": 312562.15, ""actual_offset_global_ms"": 314051.282, ""actual_duration_ms"": 1489.132}, {""stage_name"": ""stimulus"", ""planned_duration_ms"": 3000, ""intended_onset_ms"": 313031.926, ""actual_onset_global_ms"": 314061.222, ""actual_offset_global_ms"": 315191.831, ""actual_duration_ms"": 1130.609}]",,,,,0.0,none,,,0.0,0.0,none,0.0,0.0,0.0,0.0,,,0.0,none,none,0.0,color,cue_color.wav,颜色,312562.309,500.0,313258.872,blue,rabbit,blue_rabbit,repeat,color,color,2629.681,,,,,,,,,,,,,,,,,,,,,,,,,,,,,,,,,,,,,,,,,
008,008_T1_20260425_152320,PCPA,T1,adaptive,hci_substudy_v2,1,telemetry_v4,dccs,2,mixed_formal,formal,1,15,27,formal,shape,1777101800,177.467,2026-04-25T15:28:39.453,0,0,0,1,315210.721,315228.356,,,,,s,s,1,2054.762,318925.834,none,,315810.721,316871.072,318925.834,3000,2054.762,318925.834,"[{""stage_name"": ""fixation"", ""planned_duration_ms"": 100, ""intended_onset_ms"": 315210.721, ""actual_onset_global_ms"": 315228.356, ""actual_offset_global_ms"": 315321.344, ""actual_duration_ms"": 92.988}, {""stage_name"": ""cue"", ""planned_duration_ms"": 500, ""intended_onset_ms"": 315310.721, ""actual_onset_global_ms"": 315332.8, ""actual_offset_global_ms"": 316860.512, ""actual_duration_ms"": 1527.712}, {""stage_name"": ""stimulus"", ""planned_duration_ms"": 3000, ""intended_onset_ms"": 315810.721, ""actual_onset_global_ms"": 316871.072, ""actual_offset_global_ms"": 318925.834, ""actual_duration_ms"": 2054.762}]",,,,,0.0,none,,,0.0,0.0,none,0.0,0.0,0.0,0.0,,,0.0,none,none,0.0,shape,cue_shape.wav,形状,315332.994,500.0,316099.244,blue,rabbit,blue_rabbit,switch,color,shape,3593.034,,,,,,,,,,,,,,,,,,,,,,,,,,,,,,,,,,,,,,,,,
008,008_T1_20260425_152320,PCPA,T1,adaptive,hci_substudy_v2,1,telemetry_v4,dccs,2,mixed_formal,formal,1,16,28,formal,shape,1777101800,177.467,2026-04-25T15:28:43.189,0,0,0,1,318946.783,318966.029,,,,,j,j,1,1665.179,322327.996,none,,319546.783,320662.817,322327.996,3000,1665.179,322327.996,"[{""stage_name"": ""fixation"", ""planned_duration_ms"": 100, ""intended_onset_ms"": 318946.783, ""actual_onset_global_ms"": 318966.029, ""actual_offset_global_ms"": 319054.267, ""actual_duration_ms"": 88.238}, {""stage_name"": ""cue"", ""planned_duration_ms"": 500, ""intended_onset_ms"": 319046.783, ""actual_onset_global_ms"": 319087.066, ""actual_offset_global_ms"": 320652.181, ""actual_duration_ms"": 1565.115}, {""stage_name"": ""stimulus"", ""planned_duration_ms"": 3000, ""intended_onset_ms"": 319546.783, ""actual_onset_global_ms"": 320662.817, ""actual_offset_global_ms"": 322327.996, ""actual_duration_ms"": 1665.179}]",,,,,0.0,none,,,0.0,0.0,none,0.0,0.0,0.0,0.0,,,0.0,none,none,0.0,shape,cue_shape.wav,形状,319087.38,500.0,319853.63,blue,boat,blue_boat,repeat,shape,shape,3240.93,,,,,,,,,,,,,,,,,,,,,,,,,,,,,,,,,,,,,,,,,
008,008_T1_20260425_152320,PCPA,T1,adaptive,hci_substudy_v2,1,telemetry_v4,dccs,2,mixed_formal,formal,1,17,29,formal,shape,1777101800,177.467,2026-04-25T15:28:46.587,0,0,0,1,322344.94,322360.607,,,,,s,s,1,1324.967,325369.239,none,,322944.94,324044.272,325369.239,3000,1324.967,325369.239,"[{""stage_name"": ""fixation"", ""planned_duration_ms"": 100, ""intended_onset_ms"": 322344.94, ""actual_onset_global_ms"": 322360.607, ""actual_offset_global_ms"": 322466.866, ""actual_duration_ms"": 106.259}, {""stage_name"": ""cue"", ""planned_duration_ms"": 500, ""intended_onset_ms"": 322444.94, ""actual_onset_global_ms"": 322478.901, ""actual_offset_global_ms"": 324032.877, ""actual_duration_ms"": 1553.976}, {""stage_name"": ""stimulus"", ""planned_duration_ms"": 3000, ""intended_onset_ms"": 322944.94, ""actual_onset_global_ms"": 324044.272, ""actual_offset_global_ms"": 325369.239, ""actual_duration_ms"": 1324.967}]",,,,,0.0,none,,,0.0,0.0,none,0.0,0.0,0.0,0.0,,,0.0,none,none,0.0,shape,cue_shape.wav,形状,322479.09,500.0,323245.34,blue,rabbit,blue_rabbit,repeat,shape,shape,2890.338,,,,,,,,,,,,,,,,,,,,,,,,,,,,,,,,,,,,,,,,,
008,008_T1_20260425_152320,PCPA,T1,adaptive,hci_substudy_v2,1,telemetry_v4,dccs,2,mixed_formal,formal,1,18,30,formal,color,1777101800,177.467,2026-04-25T15:28:49.634,0,0,0,1,325391.574,325408.797,,,,,j,j,1,964.279,327972.691,none,,325991.574,327008.412,327972.691,3000,964.279,327972.691,"[{""stage_name"": ""fixation"", ""planned_duration_ms"": 100, ""intended_onset_ms"": 325391.574, ""actual_onset_global_ms"": 325408.797, ""actual_offset_global_ms"": 325498.729, ""actual_duration_ms"": 89.932}, {""stage_name"": ""cue"", ""planned_duration_ms"": 500, ""intended_onset_ms"": 325491.574, ""actual_onset_global_ms"": 325512.749, ""actual_offset_global_ms"": 326999.489, ""actual_duration_ms"": 1486.74}, {""stage_name"": ""stimulus"", ""planned_duration_ms"": 3000, ""intended_onset_ms"": 325991.574, ""actual_onset_global_ms"": 327008.412, ""actual_offset_global_ms"": 327972.691, ""actual_duration_ms"": 964.279}]",,,,,0.0,none,,,0.0,0.0,none,0.0,0.0,0.0,0.0,,,0.0,none,none,0.0,color,cue_color.wav,颜色,325512.959,500.0,326209.521,red,rabbit,red_rabbit,switch,shape,color,2459.942,,,,,,,,,,,,,,,,,,,,,,,,,,,,,,,,,,,,,,,,,
008,008_T1_20260425_152320,PCPA,T1,adaptive,hci_substudy_v2,1,telemetry_v4,dccs,2,mixed_formal,formal,1,19,31,formal,color,1777101800,177.467,2026-04-25T15:28:52.226,0,0,0,1,327983.709,327999.84,,,,,j,j,1,1144.106,330755.413,none,,328583.709,329611.307,330755.413,3000,1144.106,330755.413,"[{""stage_name"": ""fixation"", ""planned_duration_ms"": 100, ""intended_onset_ms"": 327983.709, ""actual_onset_global_ms"": 327999.84, ""actual_offset_global_ms"": 328091.749, ""actual_duration_ms"": 91.909}, {""stage_name"": ""cue"", ""planned_duration_ms"": 500, ""intended_onset_ms"": 328083.709, ""actual_onset_global_ms"": 328102.432, ""actual_offset_global_ms"": 329599.257, ""actual_duration_ms"": 1496.825}, {""stage_name"": ""stimulus"", ""planned_duration_ms"": 3000, ""intended_onset_ms"": 328583.709, ""actual_onset_global_ms"": 329611.307, ""actual_offset_global_ms"": 330755.413, ""actual_duration_ms"": 1144.106}]",,,,,0.0,none,,,0.0,0.0,none,0.0,0.0,0.0,0.0,,,0.0,none,none,0.0,color,cue_color.wav,颜色,328102.603,500.0,328799.166,red,boat,red_boat,repeat,color,color,2652.981,,,,,,,,,,,,,,,,,,,,,,,,,,,,,,,,,,,,,,,,,
008,008_T1_20260425_152320,PCPA,T1,adaptive,hci_substudy_v2,1,telemetry_v4,dccs,2,mixed_formal,formal,1,20,32,formal,color,1777101800,177.467,2026-04-25T15:28:55.009,0,0,0,1,330767.49,330785.33,,,,,s,s,1,824.33,333180.335,none,,331367.49,332356.005,333180.335,3000,824.33,333180.335,"[{""stage_name"": ""fixation"", ""planned_duration_ms"": 100, ""intended_onset_ms"": 330767.49, ""actual_onset_global_ms"": 330785.33, ""actual_offset_global_ms"": 330874.806, ""actual_duration_ms"": 89.476}, {""stage_name"": ""cue"", ""planned_duration_ms"": 500, ""intended_onset_ms"": 330867.49, ""actual_onset_global_ms"": 330887.315, ""actual_offset_global_ms"": 332346.629, ""actual_duration_ms"": 1459.314}, {""stage_name"": ""stimulus"", ""planned_duration_ms"": 3000, ""intended_onset_ms"": 331367.49, ""actual_onset_global_ms"": 332356.005, ""actual_offset_global_ms"": 333180.335, ""actual_duration_ms"": 824.33}]",,,,,0.0,none,,,0.0,0.0,none,0.0,0.0,0.0,0.0,,,0.0,none,none,0.0,color,cue_color.wav,颜色,330887.498,500.0,331584.061,blue,boat,blue_boat,repeat,color,color,2293.02,,,,,,,,,,,,,,,,,,,,,,,,,,,,,,,,,,,,,,,,,
008,008_T1_20260425_152320,PCPA,T1,adaptive,hci_substudy_v2,1,telemetry_v4,dccs,2,mixed_formal,formal,1,21,33,formal,shape,1777101800,177.467,2026-04-25T15:28:57.443,0,0,0,1,333200.318,333216.177,,,,,j,j,1,2350.61,337239.575,none,,333800.318,334888.965,337239.575,3000,2350.61,337239.575,"[{""stage_name"": ""fixation"", ""planned_duration_ms"": 100, ""intended_onset_ms"": 333200.318, ""actual_onset_global_ms"": 333216.177, ""actual_offset_global_ms"": 333322.137, ""actual_duration_ms"": 105.96}, {""stage_name"": ""cue"", ""planned_duration_ms"": 500, ""intended_onset_ms"": 333300.318, ""actual_onset_global_ms"": 333335.602, ""actual_offset_global_ms"": 334878.993, ""actual_duration_ms"": 1543.391}, {""stage_name"": ""stimulus"", ""planned_duration_ms"": 3000, ""intended_onset_ms"": 333800.318, ""actual_onset_global_ms"": 334888.965, ""actual_offset_global_ms"": 337239.575, ""actual_duration_ms"": 2350.61}]",,,,,0.0,none,,,0.0,0.0,none,0.0,0.0,0.0,0.0,,,0.0,none,none,0.0,shape,cue_shape.wav,形状,333335.801,500.0,334102.051,red,boat,red_boat,switch,color,shape,3903.973,,,,,,,,,,,,,,,,,,,,,,,,,,,,,,,,,,,,,,,,,
008,008_T1_20260425_152320,PCPA,T1,adaptive,hci_substudy_v2,1,telemetry_v4,dccs,2,mixed_formal,formal,1,22,34,formal,color,1777101800,177.467,2026-04-25T15:29:01.492,0,0,0,1,337249.498,337267.619,,,,,s,s,1,1363.531,340210.819,none,,337849.498,338847.288,340210.819,3000,1363.531,340210.819,"[{""stage_name"": ""fixation"", ""planned_duration_ms"": 100, ""intended_onset_ms"": 337249.498, ""actual_onset_global_ms"": 337267.619, ""actual_offset_global_ms"": 337356.485, ""actual_duration_ms"": 88.866}, {""stage_name"": ""cue"", ""planned_duration_ms"": 500, ""intended_onset_ms"": 337349.498, ""actual_onset_global_ms"": 337369.757, ""actual_offset_global_ms"": 338837.166, ""actual_duration_ms"": 1467.409}, {""stage_name"": ""stimulus"", ""planned_duration_ms"": 3000, ""intended_onset_ms"": 337849.498, ""actual_onset_global_ms"": 338847.288, ""actual_offset_global_ms"": 340210.819, ""actual_duration_ms"": 1363.531}]",,,,,0.0,none,,,0.0,0.0,none,0.0,0.0,0.0,0.0,,,0.0,none,none,0.0,color,cue_color.wav,颜色,337369.932,500.0,338066.494,blue,rabbit,blue_rabbit,switch,shape,color,2841.062,,,,,,,,,,,,,,,,,,,,,,,,,,,,,,,,,,,,,,,,,
008,008_T1_20260425_152320,PCPA,T1,adaptive,hci_substudy_v2,1,telemetry_v4,dccs,2,mixed_formal,formal,1,23,35,formal,shape,1777101800,177.467,2026-04-25T15:29:04.476,0,0,0,1,340233.349,340250.859,,,,,j,j,1,1918.368,343845.829,none,,340833.349,341927.461,343845.829,3000,1918.368,343845.829,"[{""stage_name"": ""fixation"", ""planned_duration_ms"": 100, ""intended_onset_ms"": 340233.349, ""actual_onset_global_ms"": 340250.859, ""actual_offset_global_ms"": 340342.858, ""actual_duration_ms"": 91.999}, {""stage_name"": ""cue"", ""planned_duration_ms"": 500, ""intended_onset_ms"": 340333.349, ""actual_onset_global_ms"": 340356.57, ""actual_offset_global_ms"": 341915.647, ""actual_duration_ms"": 1559.077}, {""stage_name"": ""stimulus"", ""planned_duration_ms"": 3000, ""intended_onset_ms"": 340833.349, ""actual_onset_global_ms"": 341927.461, ""actual_offset_global_ms"": 343845.829, ""actual_duration_ms"": 1918.368}]",,,,,0.0,none,,,0.0,0.0,none,0.0,0.0,0.0,0.0,,,0.0,none,none,0.0,shape,cue_shape.wav,形状,340356.826,500.0,341123.076,blue,boat,blue_boat,switch,color,shape,3489.259,,,,,,,,,,,,,,,,,,,,,,,,,,,,,,,,,,,,,,,,,
008,008_T1_20260425_152320,PCPA,T1,adaptive,hci_substudy_v2,1,telemetry_v4,dccs,2,mixed_formal,formal,1,24,36,formal,color,1777101800,177.467,2026-04-25T15:29:08.103,0,0,0,1,343860.87,343876.278,,,,,s,s,1,1306.387,346777.867,none,,344460.87,345471.48,346777.867,3000,1306.387,346777.867,"[{""stage_name"": ""fixation"", ""planned_duration_ms"": 100, ""intended_onset_ms"": 343860.87, ""actual_onset_global_ms"": 343876.278, ""actual_offset_global_ms"": 343978.087, ""actual_duration_ms"": 101.809}, {""stage_name"": ""cue"", ""planned_duration_ms"": 500, ""intended_onset_ms"": 343960.87, ""actual_onset_global_ms"": 343989.351, ""actual_offset_global_ms"": 345460.971, ""actual_duration_ms"": 1471.62}, {""stage_name"": ""stimulus"", ""planned_duration_ms"": 3000, ""intended_onset_ms"": 344460.87, ""actual_onset_global_ms"": 345471.48, ""actual_offset_global_ms"": 346777.867, ""actual_duration_ms"": 1306.387}]",,,,,0.0,none,,,0.0,0.0,none,0.0,0.0,0.0,0.0,,,0.0,none,none,0.0,color,cue_color.wav,颜色,343989.545,500.0,344686.107,blue,rabbit,blue_rabbit,switch,shape,color,2788.516,,,,,,,,,,,,,,,,,,,,,,,,,,,,,,,,,,,,,,,,,
008,008_T1_20260425_152320,PCPA,T1,adaptive,hci_substudy_v2,1,telemetry_v4,dccs,2,mixed_formal,formal,1,25,37,formal,color,1777101800,177.467,2026-04-25T15:29:11.038,0,0,0,1,346795.964,346813.241,,,,,j,j,1,1088.566,349500.008,none,,347395.964,348411.442,349500.008,3000,1088.566,349500.008,"[{""stage_name"": ""fixation"", ""planned_duration_ms"": 100, ""intended_onset_ms"": 346795.964, ""actual_onset_global_ms"": 346813.241, ""actual_offset_global_ms"": 346916.1, ""actual_duration_ms"": 102.859}, {""stage_name"": ""cue"", ""planned_duration_ms"": 500, ""intended_onset_ms"": 346895.964, ""actual_onset_global_ms"": 346927.316, ""actual_offset_global_ms"": 348399.798, ""actual_duration_ms"": 1472.482}, {""stage_name"": ""stimulus"", ""planned_duration_ms"": 3000, ""intended_onset_ms"": 347395.964, ""actual_onset_global_ms"": 348411.442, ""actual_offset_global_ms"": 349500.008, ""actual_duration_ms"": 1088.566}]",,,,,0.0,none,,,0.0,0.0,none,0.0,0.0,0.0,0.0,,,0.0,none,none,0.0,color,cue_color.wav,颜色,346927.619,500.0,347624.182,red,rabbit,red_rabbit,repeat,color,color,2572.692,,,,,,,,,,,,,,,,,,,,,,,,,,,,,,,,,,,,,,,,,
008,008_T1_20260425_152320,PCPA,T1,adaptive,hci_substudy_v2,1,telemetry_v4,dccs,2,mixed_formal,formal,1,26,38,formal,shape,1777101800,177.467,2026-04-25T15:29:13.764,0,0,0,1,349521.241,349537.131,,,,,s,s,1,2124.869,353308.093,none,,350121.241,351183.224,353308.093,3000,2124.869,353308.093,"[{""stage_name"": ""fixation"", ""planned_duration_ms"": 100, ""intended_onset_ms"": 349521.241, ""actual_onset_global_ms"": 349537.131, ""actual_offset_global_ms"": 349643.249, ""actual_duration_ms"": 106.118}, {""stage_name"": ""cue"", ""planned_duration_ms"": 500, ""intended_onset_ms"": 349621.241, ""actual_onset_global_ms"": 349655.165, ""actual_offset_global_ms"": 351171.625, ""actual_duration_ms"": 1516.46}, {""stage_name"": ""stimulus"", ""planned_duration_ms"": 3000, ""intended_onset_ms"": 350121.241, ""actual_onset_global_ms"": 351183.224, ""actual_offset_global_ms"": 353308.093, ""actual_duration_ms"": 2124.869}]",,,,,0.0,none,,,0.0,0.0,none,0.0,0.0,0.0,0.0,,,0.0,none,none,0.0,shape,cue_shape.wav,形状,349655.332,500.0,350421.582,blue,rabbit,blue_rabbit,switch,color,shape,3652.928,,,,,,,,,,,,,,,,,,,,,,,,,,,,,,,,,,,,,,,,,
008,008_T1_20260425_152320,PCPA,T1,adaptive,hci_substudy_v2,1,telemetry_v4,dccs,2,mixed_formal,formal,1,27,39,formal,shape,1777101800,177.467,2026-04-25T15:29:17.572,0,0,0,1,353329.289,353346.91,,,,,j,j,1,2860.853,357852.432,none,,353929.289,354991.579,357852.432,3000,2860.853,357852.432,"[{""stage_name"": ""fixation"", ""planned_duration_ms"": 100, ""intended_onset_ms"": 353329.289, ""actual_onset_global_ms"": 353346.91, ""actual_offset_global_ms"": 353435.098, ""actual_duration_ms"": 88.188}, {""stage_name"": ""cue"", ""planned_duration_ms"": 500, ""intended_onset_ms"": 353429.289, ""actual_onset_global_ms"": 353448.988, ""actual_offset_global_ms"": 354981.184, ""actual_duration_ms"": 1532.196}, {""stage_name"": ""stimulus"", ""planned_duration_ms"": 3000, ""intended_onset_ms"": 353929.289, ""actual_onset_global_ms"": 354991.579, ""actual_offset_global_ms"": 357852.432, ""actual_duration_ms"": 2860.853}]",,,,,0.0,none,,,0.0,0.0,none,0.0,0.0,0.0,0.0,,,0.0,none,none,0.0,shape,cue_shape.wav,形状,353449.179,500.0,354215.429,blue,boat,blue_boat,repeat,shape,shape,4403.444,,,,,,,,,,,,,,,,,,,,,,,,,,,,,,,,,,,,,,,,,
008,008_T1_20260425_152320,PCPA,T1,adaptive,hci_substudy_v2,1,telemetry_v4,dccs,2,mixed_formal,formal,1,28,40,formal,shape,1777101800,177.467,2026-04-25T15:29:22.106,0,0,0,1,357863.548,357879.267,,,,,s,s,1,2837.429,362351.299,none,,358463.548,359513.87,362351.299,3000,2837.429,362351.299,"[{""stage_name"": ""fixation"", ""planned_duration_ms"": 100, ""intended_onset_ms"": 357863.548, ""actual_onset_global_ms"": 357879.267, ""actual_offset_global_ms"": 357971.216, ""actual_duration_ms"": 91.949}, {""stage_name"": ""cue"", ""planned_duration_ms"": 500, ""intended_onset_ms"": 357963.548, ""actual_onset_global_ms"": 357984.384, ""actual_offset_global_ms"": 359504.065, ""actual_duration_ms"": 1519.681}, {""stage_name"": ""stimulus"", ""planned_duration_ms"": 3000, ""intended_onset_ms"": 358463.548, ""actual_onset_global_ms"": 359513.87, ""actual_offset_global_ms"": 362351.299, ""actual_duration_ms"": 2837.429}]",,,,,0.0,none,,,0.0,0.0,none,0.0,0.0,0.0,0.0,,,0.0,none,none,0.0,shape,cue_shape.wav,形状,357984.556,500.0,358750.806,red,rabbit,red_rabbit,repeat,shape,shape,4366.915,,,,,,,,,,,,,,,,,,,,,,,,,,,,,,,,,,,,,,,,,
008,008_T1_20260425_152320,PCPA,T1,adaptive,hci_substudy_v2,1,telemetry_v4,dccs,2,mixed_formal,formal,1,29,41,formal,color,1777101800,177.467,2026-04-25T15:29:26.613,0,0,0,1,362370.231,362387.634,,,,,j,j,1,2218.397,366207.575,none,,362970.231,363989.178,366207.575,3000,2218.397,366207.575,"[{""stage_name"": ""fixation"", ""planned_duration_ms"": 100, ""intended_onset_ms"": 362370.231, ""actual_onset_global_ms"": 362387.634, ""actual_offset_global_ms"": 362477.39, ""actual_duration_ms"": 89.756}, {""stage_name"": ""cue"", ""planned_duration_ms"": 500, ""intended_onset_ms"": 362470.231, ""actual_onset_global_ms"": 362489.579, ""actual_offset_global_ms"": 363978.104, ""actual_duration_ms"": 1488.525}, {""stage_name"": ""stimulus"", ""planned_duration_ms"": 3000, ""intended_onset_ms"": 362970.231, ""actual_onset_global_ms"": 363989.178, ""actual_offset_global_ms"": 366207.575, ""actual_duration_ms"": 2218.397}]",,,,,0.0,none,,,0.0,0.0,none,0.0,0.0,0.0,0.0,,,0.0,none,none,0.0,color,cue_color.wav,颜色,362489.745,500.0,363186.307,red,boat,red_boat,switch,shape,color,3717.996,,,,,,,,,,,,,,,,,,,,,,,,,,,,,,,,,,,,,,,,,
008,008_T1_20260425_152320,PCPA,T1,adaptive,hci_substudy_v2,1,telemetry_v4,dccs,2,mixed_formal,formal,1,30,42,formal,shape,1777101800,177.467,2026-04-25T15:29:30.464,0,0,0,1,366222.269,366241.497,,,,,s,s,1,2938.526,370833.524,none,,366822.269,367894.998,370833.524,3000,2938.526,370833.524,"[{""stage_name"": ""fixation"", ""planned_duration_ms"": 100, ""intended_onset_ms"": 366222.269, ""actual_onset_global_ms"": 366241.497, ""actual_offset_global_ms"": 366332.97, ""actual_duration_ms"": 91.473}, {""stage_name"": ""cue"", ""planned_duration_ms"": 500, ""intended_onset_ms"": 366322.269, ""actual_onset_global_ms"": 366348.859, ""actual_offset_global_ms"": 367883.042, ""actual_duration_ms"": 1534.183}, {""stage_name"": ""stimulus"", ""planned_duration_ms"": 3000, ""intended_onset_ms"": 366822.269, ""actual_onset_global_ms"": 367894.998, ""actual_offset_global_ms"": 370833.524, ""actual_duration_ms"": 2938.526}]",,,,,0.0,none,,,0.0,0.0,none,0.0,0.0,0.0,0.0,,,0.0,none,none,0.0,shape,cue_shape.wav,形状,366349.206,500.0,367115.456,red,rabbit,red_rabbit,switch,color,shape,4484.665,,,,,,,,,,,,,,,,,,,,,,,,,,,,,,,,,,,,,,,,,
008,008_T1_20260425_152320,PCPA,T1,adaptive,hci_substudy_v2,1,telemetry_v4,digit_span,3,practice_digitspan,practice,1,1,1,practice,span_2,1777101800,177.467,2026-04-25T15:29:54.616,0,0,0,1,390373.374,390497.992,,,,,,,1,,,,,390473.374,390500.731,405854.603,2000,15353.872,405854.603,"[{""stage_name"": ""fixation"", ""planned_duration_ms"": 100, ""intended_onset_ms"": 390373.374, ""actual_onset_global_ms"": 390497.992, ""actual_offset_global_ms"": 390503.627, ""actual_duration_ms"": 5.635}, {""stage_name"": ""auditory_sequence"", ""planned_duration_ms"": 2000, ""intended_onset_ms"": 390473.374, ""actual_onset_global_ms"": 390500.731, ""actual_offset_global_ms"": 392040.586, ""actual_duration_ms"": 1539.855}, {""stage_name"": ""wait"", ""planned_duration_ms"": 500, ""intended_onset_ms"": 392040.586, ""actual_onset_global_ms"": 392081.709, ""actual_offset_global_ms"": 392555.172, ""actual_duration_ms"": 473.463}, {""stage_name"": ""input_panel"", ""planned_duration_ms"": 15000, ""intended_onset_ms"": 392555.172, ""actual_onset_global_ms"": 392605.699, ""actual_offset_global_ms"": 405854.603, ""actual_duration_ms"": 13248.904}]",,,,,0.0,none,,,0.0,0.0,none,0.0,0.0,0.0,0.0,,,,,,,,,,,,,,,,,,,,none,0.0,0.0,0.0,0.0,2.0,1.0,1.0,"[6, 5]","[""5"", ""6""]","[""5"", ""6""]",56,onscreen_mouse,11911.961,13248.763,1.0,0.0,0.0,0.0,3.0,[449.216],,"[390500.731, 391540.586]","[""digit_6.wav"", ""digit_5.wav""]","[{""audio_file"": ""digit_6.wav"", ""audio_start_global_ms"": 390500.731, ""audio_expected_duration_ms"": 500, ""audio_stop_global_ms"": 391000.731}, {""audio_file"": ""digit_5.wav"", ""audio_start_global_ms"": 391540.586, ""audio_expected_duration_ms"": 500, ""audio_stop_global_ms"": 392040.586}]",0.0,,,,,,,,,,,,,,,
008,008_T1_20260425_152320,PCPA,T1,adaptive,hci_substudy_v2,1,telemetry_v4,digit_span,3,practice_digitspan,practice,1,2,2,practice,span_2,1777101800,177.467,2026-04-25T15:30:10.101,0,0,0,1,405858.86,405999.182,,,,,,,1,,,,,405958.86,406001.513,421369.518,2000,15368.005,421369.518,"[{""stage_name"": ""fixation"", ""planned_duration_ms"": 100, ""intended_onset_ms"": 405858.86, ""actual_onset_global_ms"": 405999.182, ""actual_offset_global_ms"": 406004.817, ""actual_duration_ms"": 5.635}, {""stage_name"": ""auditory_sequence"", ""planned_duration_ms"": 2000, ""intended_onset_ms"": 405958.86, ""actual_onset_global_ms"": 406001.513, ""actual_offset_global_ms"": 407545.538, ""actual_duration_ms"": 1544.025}, {""stage_name"": ""wait"", ""planned_duration_ms"": 500, ""intended_onset_ms"": 407545.538, ""actual_onset_global_ms"": 407647.455, ""actual_offset_global_ms"": 408138.469, ""actual_duration_ms"": 491.014}, {""stage_name"": ""input_panel"", ""planned_duration_ms"": 15000, ""intended_onset_ms"": 408138.469, ""actual_onset_global_ms"": 408156.898, ""actual_offset_global_ms"": 421369.518, ""actual_duration_ms"": 13212.62}]",,,,,0.0,none,,,0.0,0.0,none,0.0,0.0,0.0,0.0,,,,,,,,,,,,,,,,,,,,none,0.0,0.0,0.0,0.0,2.0,2.0,1.0,"[5, 2]","[""2"", ""5""]","[""2"", ""5""]",25,onscreen_mouse,12012.753,13212.462,1.0,0.0,0.0,0.0,3.0,[408.756],,"[406001.513, 407045.538]","[""digit_5.wav"", ""digit_2.wav""]","[{""audio_file"": ""digit_5.wav"", ""audio_start_global_ms"": 406001.513, ""audio_expected_duration_ms"": 500, ""audio_stop_global_ms"": 406501.513}, {""audio_file"": ""digit_2.wav"", ""audio_start_global_ms"": 407045.538, ""audio_expected_duration_ms"": 500, ""audio_stop_global_ms"": 407545.538}]",0.0,,,,,,,,,,,,,,,
008,008_T1_20260425_152320,PCPA,T1,adaptive,hci_substudy_v2,1,telemetry_v4,digit_span,3,practice_digitspan,practice,1,3,3,practice,span_2,1777101800,177.467,2026-04-25T15:30:25.618,0,0,0,1,421375.196,421510.112,,,,,,,1,,,,,421475.196,421512.348,428063.112,2000,6550.764,428063.112,"[{""stage_name"": ""fixation"", ""planned_duration_ms"": 100, ""intended_onset_ms"": 421375.196, ""actual_onset_global_ms"": 421510.112, ""actual_offset_global_ms"": 421515.747, ""actual_duration_ms"": 5.635}, {""stage_name"": ""auditory_sequence"", ""planned_duration_ms"": 2000, ""intended_onset_ms"": 421475.196, ""actual_onset_global_ms"": 421512.348, ""actual_offset_global_ms"": 423053.885, ""actual_duration_ms"": 1541.537}, {""stage_name"": ""wait"", ""planned_duration_ms"": 500, ""intended_onset_ms"": 423053.885, ""actual_onset_global_ms"": 423114.587, ""actual_offset_global_ms"": 423605.481, ""actual_duration_ms"": 490.894}, {""stage_name"": ""input_panel"", ""planned_duration_ms"": 15000, ""intended_onset_ms"": 423605.481, ""actual_onset_global_ms"": 423621.037, ""actual_offset_global_ms"": 428063.112, ""actual_duration_ms"": 4442.075}]",,,,,0.0,none,,,0.0,0.0,none,0.0,0.0,0.0,0.0,,,,,,,,,,,,,,,,,,,,none,0.0,0.0,0.0,0.0,2.0,3.0,1.0,"[4, 9]","[""9"", ""4""]","[""9"", ""4""]",94,onscreen_mouse,3362.167,4441.927,1.0,0.0,0.0,0.0,3.0,[533.136],,"[421512.348, 422553.885]","[""digit_4.wav"", ""digit_9.wav""]","[{""audio_file"": ""digit_4.wav"", ""audio_start_global_ms"": 421512.348, ""audio_expected_duration_ms"": 500, ""audio_stop_global_ms"": 422012.348}, {""audio_file"": ""digit_9.wav"", ""audio_start_global_ms"": 422553.885, ""audio_expected_duration_ms"": 500, ""audio_stop_global_ms"": 423053.885}]",0.0,,,,,,,,,,,,,,,
008,008_T1_20260425_152320,PCPA,T1,adaptive,hci_substudy_v2,1,telemetry_v4,digit_span,3,practice_digitspan,practice,1,4,4,practice,span_2,1777101800,177.467,2026-04-25T15:30:32.310,0,0,0,1,428067.778,428202.198,,,,,,,1,,,,,428167.778,428205.115,438547.033,2000,10341.918,438547.033,"[{""stage_name"": ""fixation"", ""planned_duration_ms"": 100, ""intended_onset_ms"": 428067.778, ""actual_onset_global_ms"": 428202.198, ""actual_offset_global_ms"": 428207.833, ""actual_duration_ms"": 5.635}, {""stage_name"": ""auditory_sequence"", ""planned_duration_ms"": 2000, ""intended_onset_ms"": 428167.778, ""actual_onset_global_ms"": 428205.115, ""actual_offset_global_ms"": 429713.193, ""actual_duration_ms"": 1508.078}, {""stage_name"": ""wait"", ""planned_duration_ms"": 500, ""intended_onset_ms"": 429713.193, ""actual_onset_global_ms"": 429748.697, ""actual_offset_global_ms"": 430252.276, ""actual_duration_ms"": 503.579}, {""stage_name"": ""input_panel"", ""planned_duration_ms"": 15000, ""intended_onset_ms"": 430252.276, ""actual_onset_global_ms"": 430268.409, ""actual_offset_global_ms"": 438547.033, ""actual_duration_ms"": 8278.624}]",,,,,0.0,none,,,0.0,0.0,none,0.0,0.0,0.0,0.0,,,,,,,,,,,,,,,,,,,,none,0.0,0.0,0.0,0.0,2.0,4.0,1.0,"[4, 3]","[""3"", ""4""]","[""3"", ""4""]",34,onscreen_mouse,6822.775,8278.47,1.0,0.0,0.0,0.0,3.0,[777.368],,"[428205.115, 429213.193]","[""digit_4.wav"", ""digit_3.wav""]","[{""audio_file"": ""digit_4.wav"", ""audio_start_global_ms"": 428205.115, ""audio_expected_duration_ms"": 500, ""audio_stop_global_ms"": 428705.115}, {""audio_file"": ""digit_3.wav"", ""audio_start_global_ms"": 429213.193, ""audio_expected_duration_ms"": 500, ""audio_stop_global_ms"": 429713.193}]",0.0,,,,,,,,,,,,,,,
008,008_T1_20260425_152320,PCPA,T1,adaptive,hci_substudy_v2,1,telemetry_v4,digit_span,3,practice_digitspan,practice,1,5,5,practice,span_2,1777101800,177.467,2026-04-25T15:30:42.793,0,0,0,1,438551.077,438683.56,,,,,,,1,,,,,438651.077,438686.152,447890.737,2000,9204.585,447890.737,"[{""stage_name"": ""fixation"", ""planned_duration_ms"": 100, ""intended_onset_ms"": 438551.077, ""actual_onset_global_ms"": 438683.56, ""actual_offset_global_ms"": 438689.195, ""actual_duration_ms"": 5.635}, {""stage_name"": ""auditory_sequence"", ""planned_duration_ms"": 2000, ""intended_onset_ms"": 438651.077, ""actual_onset_global_ms"": 438686.152, ""actual_offset_global_ms"": 440207.483, ""actual_duration_ms"": 1521.331}, {""stage_name"": ""wait"", ""planned_duration_ms"": 500, ""intended_onset_ms"": 440207.483, ""actual_onset_global_ms"": 440290.961, ""actual_offset_global_ms"": 440795.013, ""actual_duration_ms"": 504.052}, {""stage_name"": ""input_panel"", ""planned_duration_ms"": 15000, ""intended_onset_ms"": 440795.013, ""actual_onset_global_ms"": 440812.191, ""actual_offset_global_ms"": 447890.737, ""actual_duration_ms"": 7078.546}]",,,,,0.0,none,,,0.0,0.0,none,0.0,0.0,0.0,0.0,,,,,,,,,,,,,,,,,,,,none,0.0,0.0,0.0,0.0,2.0,5.0,1.0,"[3, 7]","[""7"", ""3""]","[""7"", ""3""]",73,onscreen_mouse,6003.667,7078.407,1.0,0.0,0.0,0.0,3.0,[552.418],,"[438686.152, 439707.483]","[""digit_3.wav"", ""digit_7.wav""]","[{""audio_file"": ""digit_3.wav"", ""audio_start_global_ms"": 438686.152, ""audio_expected_duration_ms"": 500, ""audio_stop_global_ms"": 439186.152}, {""audio_file"": ""digit_7.wav"", ""audio_start_global_ms"": 439707.483, ""audio_expected_duration_ms"": 500, ""audio_stop_global_ms"": 440207.483}]",0.0,,,,,,,,,,,,,,,
008,008_T1_20260425_152320,PCPA,T1,adaptive,hci_substudy_v2,1,telemetry_v4,digit_span,3,practice_digitspan,practice,1,6,6,practice,span_2,1777101800,177.467,2026-04-25T15:30:52.139,0,0,0,1,447896.59,448030.564,,,,,,,1,,,,,447996.59,448032.877,453131.737,2000,5098.86,453131.737,"[{""stage_name"": ""fixation"", ""planned_duration_ms"": 100, ""intended_onset_ms"": 447896.59, ""actual_onset_global_ms"": 448030.564, ""actual_offset_global_ms"": 448036.199, ""actual_duration_ms"": 5.635}, {""stage_name"": ""auditory_sequence"", ""planned_duration_ms"": 2000, ""intended_onset_ms"": 447996.59, ""actual_onset_global_ms"": 448032.877, ""actual_offset_global_ms"": 449577.48, ""actual_duration_ms"": 1544.603}, {""stage_name"": ""wait"", ""planned_duration_ms"": 500, ""intended_onset_ms"": 449577.48, ""actual_onset_global_ms"": 449628.358, ""actual_offset_global_ms"": 450132.169, ""actual_duration_ms"": 503.811}, {""stage_name"": ""input_panel"", ""planned_duration_ms"": 15000, ""intended_onset_ms"": 450132.169, ""actual_onset_global_ms"": 450147.615, ""actual_offset_global_ms"": 453131.737, ""actual_duration_ms"": 2984.122}]",,,,,0.0,none,,,0.0,0.0,none,0.0,0.0,0.0,0.0,,,,,,,,,,,,,,,,,,,,none,0.0,0.0,0.0,0.0,2.0,6.0,1.0,"[6, 8]","[""8"", ""6""]","[""8"", ""6""]",86,onscreen_mouse,1699.687,2983.818,1.0,0.0,0.0,0.0,3.0,[393.681],,"[448032.877, 449077.48]","[""digit_6.wav"", ""digit_8.wav""]","[{""audio_file"": ""digit_6.wav"", ""audio_start_global_ms"": 448032.877, ""audio_expected_duration_ms"": 500, ""audio_stop_global_ms"": 448532.877}, {""audio_file"": ""digit_8.wav"", ""audio_start_global_ms"": 449077.48, ""audio_expected_duration_ms"": 500, ""audio_stop_global_ms"": 449577.48}]",0.0,,,,,,,,,,,,,,,
008,008_T1_20260425_152320,PCPA,T1,adaptive,hci_substudy_v2,1,telemetry_v4,digit_span,3,formal_span_2,formal,1,1,7,formal,span_2,1777101800,177.467,2026-04-25T15:31:05.975,0,0,0,1,461731.817,461844.56,,,,,,,1,,,,,461831.817,461846.612,466634.595,2000,4787.983,466634.595,"[{""stage_name"": ""fixation"", ""planned_duration_ms"": 100, ""intended_onset_ms"": 461731.817, ""actual_onset_global_ms"": 461844.56, ""actual_offset_global_ms"": 461850.195, ""actual_duration_ms"": 5.635}, {""stage_name"": ""auditory_sequence"", ""planned_duration_ms"": 2000, ""intended_onset_ms"": 461831.817, ""actual_onset_global_ms"": 461846.612, ""actual_offset_global_ms"": 463379.334, ""actual_duration_ms"": 1532.722}, {""stage_name"": ""wait"", ""planned_duration_ms"": 500, ""intended_onset_ms"": 463379.334, ""actual_onset_global_ms"": 463420.011, ""actual_offset_global_ms"": 463925.234, ""actual_duration_ms"": 505.223}, {""stage_name"": ""input_panel"", ""planned_duration_ms"": 15000, ""intended_onset_ms"": 463925.234, ""actual_onset_global_ms"": 463939.3, ""actual_offset_global_ms"": 466634.595, ""actual_duration_ms"": 2695.295}]",,,,,0.0,none,,,0.0,0.0,none,0.0,0.0,0.0,0.0,,,,,,,,,,,,,,,,,,,,none,0.0,0.0,0.0,0.0,2.0,1.0,1.0,"[6, 2]","[""2"", ""6""]","[""2"", ""6""]",26,onscreen_mouse,1565.301,2695.024,1.0,0.0,0.0,0.0,3.0,[403.897],advance,"[461846.612, 462879.334]","[""digit_6.wav"", ""digit_2.wav""]","[{""audio_file"": ""digit_6.wav"", ""audio_start_global_ms"": 461846.612, ""audio_expected_duration_ms"": 500, ""audio_stop_global_ms"": 462346.612}, {""audio_file"": ""digit_2.wav"", ""audio_start_global_ms"": 462879.334, ""audio_expected_duration_ms"": 500, ""audio_stop_global_ms"": 463379.334}]",0.0,two_failures_in_span,4.0,,,,,,,,,,,,,
008,008_T1_20260425_152320,PCPA,T1,adaptive,hci_substudy_v2,1,telemetry_v4,digit_span,3,formal_span_2,formal,1,2,8,formal,span_2,1777101800,177.467,2026-04-25T15:31:10.882,0,0,0,1,466638.991,466826.98,,,,,,,1,,,,,466738.991,466829.537,471121.441,2000,4291.904,471121.441,"[{""stage_name"": ""fixation"", ""planned_duration_ms"": 100, ""intended_onset_ms"": 466638.991, ""actual_onset_global_ms"": 466826.98, ""actual_offset_global_ms"": 466832.615, ""actual_duration_ms"": 5.635}, {""stage_name"": ""auditory_sequence"", ""planned_duration_ms"": 2000, ""intended_onset_ms"": 466738.991, ""actual_onset_global_ms"": 466829.537, ""actual_offset_global_ms"": 468362.194, ""actual_duration_ms"": 1532.657}, {""stage_name"": ""wait"", ""planned_duration_ms"": 500, ""intended_onset_ms"": 468362.194, ""actual_onset_global_ms"": 468403.946, ""actual_offset_global_ms"": 468892.164, ""actual_duration_ms"": 488.218}, {""stage_name"": ""input_panel"", ""planned_duration_ms"": 15000, ""intended_onset_ms"": 468892.164, ""actual_onset_global_ms"": 468908.637, ""actual_offset_global_ms"": 471121.441, ""actual_duration_ms"": 2212.804}]",,,,,0.0,none,,,0.0,0.0,none,0.0,0.0,0.0,0.0,,,,,,,,,,,,,,,,,,,,none,0.0,0.0,0.0,0.0,2.0,2.0,1.0,"[5, 2]","[""2"", ""5""]","[""2"", ""5""]",25,onscreen_mouse,1339.717,2212.677,1.0,0.0,0.0,0.0,3.0,[350.028],advance,"[466829.537, 467862.194]","[""digit_5.wav"", ""digit_2.wav""]","[{""audio_file"": ""digit_5.wav"", ""audio_start_global_ms"": 466829.537, ""audio_expected_duration_ms"": 500, ""audio_stop_global_ms"": 467329.537}, {""audio_file"": ""digit_2.wav"", ""audio_start_global_ms"": 467862.194, ""audio_expected_duration_ms"": 500, ""audio_stop_global_ms"": 468362.194}]",0.0,two_failures_in_span,4.0,,,,,,,,,,,,,
008,008_T1_20260425_152320,PCPA,T1,adaptive,hci_substudy_v2,1,telemetry_v4,digit_span,3,formal_span_3,formal,2,1,9,formal,span_3,1777101800,177.467,2026-04-25T15:31:15.371,0,0,0,1,471128.925,471266.513,,,,,,,0,,,,,471228.925,471268.603,476353.032,3000,5084.429,476353.032,"[{""stage_name"": ""fixation"", ""planned_duration_ms"": 100, ""intended_onset_ms"": 471128.925, ""actual_onset_global_ms"": 471266.513, ""actual_offset_global_ms"": 471272.148, ""actual_duration_ms"": 5.635}, {""stage_name"": ""auditory_sequence"", ""planned_duration_ms"": 3000, ""intended_onset_ms"": 471228.925, ""actual_onset_global_ms"": 471268.603, ""actual_offset_global_ms"": 473808.312, ""actual_duration_ms"": 2539.709}, {""stage_name"": ""wait"", ""planned_duration_ms"": 500, ""intended_onset_ms"": 473808.312, ""actual_onset_global_ms"": 473906.353, ""actual_offset_global_ms"": 474403.101, ""actual_duration_ms"": 496.748}, {""stage_name"": ""input_panel"", ""planned_duration_ms"": 15000, ""intended_onset_ms"": 474403.101, ""actual_onset_global_ms"": 474418.918, ""actual_offset_global_ms"": 476353.032, ""actual_duration_ms"": 1934.114}]",,,,,0.0,none,,,0.0,0.0,none,0.0,0.0,0.0,0.0,,,,,,,,,,,,,,,,,,,,none,0.0,0.0,0.0,0.0,3.0,1.0,2.0,"[9, 4, 5]","[""5"", ""4"", ""9""]","[""4"", ""9""]",49,onscreen_mouse,787.09,1933.883,0.0,0.0,0.0,0.0,3.0,[773.264],advance,"[471268.603, 472327.264, 473308.312]","[""digit_9.wav"", ""digit_4.wav"", ""digit_5.wav""]","[{""audio_file"": ""digit_9.wav"", ""audio_start_global_ms"": 471268.603, ""audio_expected_duration_ms"": 500, ""audio_stop_global_ms"": 471768.603}, {""audio_file"": ""digit_4.wav"", ""audio_start_global_ms"": 472327.264, ""audio_expected_duration_ms"": 500, ""audio_stop_global_ms"": 472827.264}, {""audio_file"": ""digit_5.wav"", ""audio_start_global_ms"": 473308.312, ""audio_expected_duration_ms"": 500, ""audio_stop_global_ms"": 473808.312}]",0.0,two_failures_in_span,4.0,,,,,,,,,,,,,
008,008_T1_20260425_152320,PCPA,T1,adaptive,hci_substudy_v2,1,telemetry_v4,digit_span,3,formal_span_3,formal,2,2,10,formal,span_3,1777101800,177.467,2026-04-25T15:31:20.600,0,0,0,1,476357.841,476492.732,,,,,,,1,,,,,476457.841,476495.033,483004.985,3000,6509.952,483004.985,"[{""stage_name"": ""fixation"", ""planned_duration_ms"": 100, ""intended_onset_ms"": 476357.841, ""actual_onset_global_ms"": 476492.732, ""actual_offset_global_ms"": 476498.367, ""actual_duration_ms"": 5.635}, {""stage_name"": ""auditory_sequence"", ""planned_duration_ms"": 3000, ""intended_onset_ms"": 476457.841, ""actual_onset_global_ms"": 476495.033, ""actual_offset_global_ms"": 479010.406, ""actual_duration_ms"": 2515.373}, {""stage_name"": ""wait"", ""planned_duration_ms"": 500, ""intended_onset_ms"": 479010.406, ""actual_onset_global_ms"": 479167.402, ""actual_offset_global_ms"": 479650.597, ""actual_duration_ms"": 483.195}, {""stage_name"": ""input_panel"", ""planned_duration_ms"": 15000, ""intended_onset_ms"": 479650.597, ""actual_onset_global_ms"": 479670.295, ""actual_offset_global_ms"": 483004.985, ""actual_duration_ms"": 3334.69}]",,,,,0.0,none,,,0.0,0.0,none,0.0,0.0,0.0,0.0,,,,,,,,,,,,,,,,,,,,none,0.0,0.0,0.0,0.0,3.0,2.0,2.0,"[9, 4, 7]","[""7"", ""4"", ""9""]","[""7"", ""4"", ""9""]",749,onscreen_mouse,2182.341,3334.457,1.0,0.0,0.0,0.0,4.0,"[340.475, 451.004]",advance,"[476495.033, 477548.521, 478510.406]","[""digit_9.wav"", ""digit_4.wav"", ""digit_7.wav""]","[{""audio_file"": ""digit_9.wav"", ""audio_start_global_ms"": 476495.033, ""audio_expected_duration_ms"": 500, ""audio_stop_global_ms"": 476995.033}, {""audio_file"": ""digit_4.wav"", ""audio_start_global_ms"": 477548.521, ""audio_expected_duration_ms"": 500, ""audio_stop_global_ms"": 478048.521}, {""audio_file"": ""digit_7.wav"", ""audio_start_global_ms"": 478510.406, ""audio_expected_duration_ms"": 500, ""audio_stop_global_ms"": 479010.406}]",0.0,two_failures_in_span,4.0,,,,,,,,,,,,,
008,008_T1_20260425_152320,PCPA,T1,adaptive,hci_substudy_v2,1,telemetry_v4,digit_span,3,formal_span_4,formal,3,1,11,formal,span_4,1777101800,177.467,2026-04-25T15:31:27.255,0,0,0,1,483012.572,483146.666,,,,,,,0,,,,,483112.572,483148.848,503659.301,4000,20510.453,503659.301,"[{""stage_name"": ""fixation"", ""planned_duration_ms"": 100, ""intended_onset_ms"": 483012.572, ""actual_onset_global_ms"": 483146.666, ""actual_offset_global_ms"": 483152.301, ""actual_duration_ms"": 5.635}, {""stage_name"": ""auditory_sequence"", ""planned_duration_ms"": 4000, ""intended_onset_ms"": 483112.572, ""actual_onset_global_ms"": 483148.848, ""actual_offset_global_ms"": 486655.288, ""actual_duration_ms"": 3506.44}, {""stage_name"": ""wait"", ""planned_duration_ms"": 500, ""intended_onset_ms"": 486655.288, ""actual_onset_global_ms"": 486749.934, ""actual_offset_global_ms"": 487254.622, ""actual_duration_ms"": 504.688}, {""stage_name"": ""input_panel"", ""planned_duration_ms"": 15000, ""intended_onset_ms"": 487254.622, ""actual_onset_global_ms"": 487271.094, ""actual_offset_global_ms"": 503659.301, ""actual_duration_ms"": 16388.207}]",,,,,0.0,none,,,0.0,0.0,none,0.0,0.0,0.0,0.0,,,,,,,,,,,,,,,,,,,,none,0.0,0.0,0.0,0.0,4.0,1.0,3.0,"[8, 5, 1, 9]","[""9"", ""1"", ""5"", ""8""]","[""1"", ""9"", ""5"", ""4""]",1954,onscreen_mouse,7774.295,16388.106,0.0,0.0,0.0,0.0,5.0,"[606.327, 4310.877, 2829.466]",terminate,"[483148.848, 484192.975, 485172.422, 486155.288]","[""digit_8.wav"", ""digit_5.wav"", ""digit_1.wav"", ""digit_9.wav""]","[{""audio_file"": ""digit_8.wav"", ""audio_start_global_ms"": 483148.848, ""audio_expected_duration_ms"": 500, ""audio_stop_global_ms"": 483648.848}, {""audio_file"": ""digit_5.wav"", ""audio_start_global_ms"": 484192.975, ""audio_expected_duration_ms"": 500, ""audio_stop_global_ms"": 484692.975}, {""audio_file"": ""digit_1.wav"", ""audio_start_global_ms"": 485172.422, ""audio_expected_duration_ms"": 500, ""audio_stop_global_ms"": 485672.422}, {""audio_file"": ""digit_9.wav"", ""audio_start_global_ms"": 486155.288, ""audio_expected_duration_ms"": 500, ""audio_stop_global_ms"": 486655.288}]",0.0,two_failures_in_span,4.0,,,,,,,,,,,,,
008,008_T1_20260425_152320,PCPA,T1,adaptive,hci_substudy_v2,1,telemetry_v4,digit_span,3,formal_span_4,formal,3,2,12,formal,span_4,1777101800,177.467,2026-04-25T15:31:47.907,0,0,0,1,503664.347,503800.349,,,,,,,0,,,,,503764.347,503803.169,515120.502,4000,11317.333,515120.502,"[{""stage_name"": ""fixation"", ""planned_duration_ms"": 100, ""intended_onset_ms"": 503664.347, ""actual_onset_global_ms"": 503800.349, ""actual_offset_global_ms"": 503805.984, ""actual_duration_ms"": 5.635}, {""stage_name"": ""auditory_sequence"", ""planned_duration_ms"": 4000, ""intended_onset_ms"": 503764.347, ""actual_onset_global_ms"": 503803.169, ""actual_offset_global_ms"": 507366.646, ""actual_duration_ms"": 3563.477}, {""stage_name"": ""wait"", ""planned_duration_ms"": 500, ""intended_onset_ms"": 507366.646, ""actual_onset_global_ms"": 507461.6, ""actual_offset_global_ms"": 507947.417, ""actual_duration_ms"": 485.817}, {""stage_name"": ""input_panel"", ""planned_duration_ms"": 15000, ""intended_onset_ms"": 507947.417, ""actual_onset_global_ms"": 507966.887, ""actual_offset_global_ms"": 515120.502, ""actual_duration_ms"": 7153.615}]",,,,,0.0,none,,,0.0,0.0,none,0.0,0.0,0.0,0.0,,,,,,,,,,,,,,,,,,,,none,0.0,0.0,0.0,0.0,4.0,2.0,3.0,"[2, 3, 7, 4]","[""4"", ""7"", ""3"", ""2""]","[""3"", ""2"", ""7"", ""4""]",3274,onscreen_mouse,2565.509,7153.457,0.0,0.0,0.0,0.0,5.0,"[691.812, 2045.643, 780.023]",terminate,"[503803.169, 504850.684, 505836.51, 506866.646]","[""digit_2.wav"", ""digit_3.wav"", ""digit_7.wav"", ""digit_4.wav""]","[{""audio_file"": ""digit_2.wav"", ""audio_start_global_ms"": 503803.169, ""audio_expected_duration_ms"": 500, ""audio_stop_global_ms"": 504303.169}, {""audio_file"": ""digit_3.wav"", ""audio_start_global_ms"": 504850.684, ""audio_expected_duration_ms"": 500, ""audio_stop_global_ms"": 505350.684}, {""audio_file"": ""digit_7.wav"", ""audio_start_global_ms"": 505836.51, ""audio_expected_duration_ms"": 500, ""audio_stop_global_ms"": 506336.51}, {""audio_file"": ""digit_4.wav"", ""audio_start_global_ms"": 506866.646, ""audio_expected_duration_ms"": 500, ""audio_stop_global_ms"": 507366.646}]",0.0,two_failures_in_span,4.0,,,,,,,,,,,,,
008,008_T1_20260425_152320,PCPA,T1,adaptive,hci_substudy_v2,1,telemetry_v4,change_detection,4,practice_cd,practice,1,1,1,practice,N2_change,1777101800,177.467,2026-04-25T15:32:40.425,0,0,0,1,556182.637,556205.701,,,,,j,,1,5542.278,,correct,1.0,559782.637,559888.44,565442.006,4000,5553.566,565592.006,"[{""stage_name"": ""fixation"", ""planned_duration_ms"": 100, ""intended_onset_ms"": 556182.637, ""actual_onset_global_ms"": 556205.701, ""actual_offset_global_ms"": 556303.072, ""actual_duration_ms"": 97.371}, {""stage_name"": ""memory_array"", ""planned_duration_ms"": 2500, ""intended_onset_ms"": 556282.637, ""actual_onset_global_ms"": 556341.944, ""actual_offset_global_ms"": 558839.584, ""actual_duration_ms"": 2497.64}, {""stage_name"": ""delay"", ""planned_duration_ms"": 1000, ""intended_onset_ms"": 558839.584, ""actual_onset_global_ms"": 558843.528, ""actual_offset_global_ms"": 559842.793, ""actual_duration_ms"": 999.265}, {""stage_name"": ""test_array"", ""planned_duration_ms"": 4000, ""intended_onset_ms"": 559842.793, ""actual_onset_global_ms"": 559888.44, ""actual_offset_global_ms"": 565442.006, ""actual_duration_ms"": 5553.566}, {""stage_name"": ""feedback"", ""planned_duration_ms"": 150, ""intended_onset_ms"": 565442.006, ""actual_onset_global_ms"": 565468.582, ""actual_offset_global_ms"": 565601.87, ""actual_duration_ms"": 133.288}]",correct.wav,565442.258,150.0,565942.258,,,,,,,,,,,,,,,,,,,,,,,,,,,,,,,,,,,,,,,,,,,,,,1.0,,,,,,,,,,,,,2.0,change,0.0,"[-196.93, -200.13]","[[-196.93, -200.13], [153.52, 81.12]]","[""blue"", ""red""]","[""green"", ""red""]",blue,green,j,change,2.0,1.0
008,008_T1_20260425_152320,PCPA,T1,adaptive,hci_substudy_v2,1,telemetry_v4,change_detection,4,practice_cd,practice,1,2,2,practice,N2_same,1777101800,177.467,2026-04-25T15:32:49.845,0,0,0,1,565602.525,565619.756,,,,,s,,1,3652.06,,correct,1.0,569202.525,569293.52,572974.147,4000,3680.627,573124.147,"[{""stage_name"": ""fixation"", ""planned_duration_ms"": 100, ""intended_onset_ms"": 565602.525, ""actual_onset_global_ms"": 565619.756, ""actual_offset_global_ms"": 565715.105, ""actual_duration_ms"": 95.349}, {""stage_name"": ""memory_array"", ""planned_duration_ms"": 2500, ""intended_onset_ms"": 565702.525, ""actual_onset_global_ms"": 565753.094, ""actual_offset_global_ms"": 568243.879, ""actual_duration_ms"": 2490.785}, {""stage_name"": ""delay"", ""planned_duration_ms"": 1000, ""intended_onset_ms"": 568243.879, ""actual_onset_global_ms"": 568251.39, ""actual_offset_global_ms"": 569253.71, ""actual_duration_ms"": 1002.32}, {""stage_name"": ""test_array"", ""planned_duration_ms"": 4000, ""intended_onset_ms"": 569253.71, ""actual_onset_global_ms"": 569293.52, ""actual_offset_global_ms"": 572974.147, ""actual_duration_ms"": 3680.627}, {""stage_name"": ""feedback"", ""planned_duration_ms"": 150, ""intended_onset_ms"": 572974.147, ""actual_onset_global_ms"": 572990.912, ""actual_offset_global_ms"": 573136.186, ""actual_duration_ms"": 145.274}]",correct.wav,572974.339,150.0,573474.339,,,,,,,,,,,,,,,,,,,,,,,,,,,,,,,,,,,,,,,,,,,,,,1.0,,,,,,,,,,,,,2.0,same,1.0,"[-216.4, 37.74]","[[-31.06, -107.84], [-216.4, 37.74]]","[""blue"", ""yellow""]","[""blue"", ""yellow""]",yellow,yellow,s,same,2.0,1.0
008,008_T1_20260425_152320,PCPA,T1,adaptive,hci_substudy_v2,1,telemetry_v4,change_detection,4,practice_cd,practice,1,3,3,practice,N1_change,1777101800,177.467,2026-04-25T15:32:57.376,0,0,0,1,573133.435,573147.392,,,,,j,,1,3452.554,,correct,1.0,576733.435,576779.35,580264.664,4000,3485.314,580414.664,"[{""stage_name"": ""fixation"", ""planned_duration_ms"": 100, ""intended_onset_ms"": 573133.435, ""actual_onset_global_ms"": 573147.392, ""actual_offset_global_ms"": 573240.008, ""actual_duration_ms"": 92.616}, {""stage_name"": ""memory_array"", ""planned_duration_ms"": 2500, ""intended_onset_ms"": 573233.435, ""actual_onset_global_ms"": 573260.458, ""actual_offset_global_ms"": 575748.04, ""actual_duration_ms"": 2487.582}, {""stage_name"": ""delay"", ""planned_duration_ms"": 1000, ""intended_onset_ms"": 575748.04, ""actual_onset_global_ms"": 575754.61, ""actual_offset_global_ms"": 576754.959, ""actual_duration_ms"": 1000.349}, {""stage_name"": ""test_array"", ""planned_duration_ms"": 4000, ""intended_onset_ms"": 576754.959, ""actual_onset_global_ms"": 576779.35, ""actual_offset_global_ms"": 580264.664, ""actual_duration_ms"": 3485.314}, {""stage_name"": ""feedback"", ""planned_duration_ms"": 150, ""intended_onset_ms"": 580264.664, ""actual_onset_global_ms"": 580280.306, ""actual_offset_global_ms"": 580429.328, ""actual_duration_ms"": 149.022}]",correct.wav,580264.918,150.0,580764.918,,,,,,,,,,,,,,,,,,,,,,,,,,,,,,,,,,,,,,,,,,,,,,1.0,,,,,,,,,,,,,1.0,change,0.0,"[7.64, -258.93]","[[7.64, -258.93]]","[""green""]","[""red""]",green,red,j,change,1.0,1.0
008,008_T1_20260425_152320,PCPA,T1,adaptive,hci_substudy_v2,1,telemetry_v4,change_detection,4,practice_cd,practice,1,4,4,practice,N2_same,1777101800,177.467,2026-04-25T15:33:04.670,0,0,0,1,580427.738,580443.63,,,,,s,,1,1785.871,,correct,1.0,584027.738,584114.209,585918.391,4000,1804.182,586068.391,"[{""stage_name"": ""fixation"", ""planned_duration_ms"": 100, ""intended_onset_ms"": 580427.738, ""actual_onset_global_ms"": 580443.63, ""actual_offset_global_ms"": 580537.882, ""actual_duration_ms"": 94.252}, {""stage_name"": ""memory_array"", ""planned_duration_ms"": 2500, ""intended_onset_ms"": 580527.738, ""actual_onset_global_ms"": 580577.603, ""actual_offset_global_ms"": 583066.734, ""actual_duration_ms"": 2489.131}, {""stage_name"": ""delay"", ""planned_duration_ms"": 1000, ""intended_onset_ms"": 583066.734, ""actual_onset_global_ms"": 583073.31, ""actual_offset_global_ms"": 584076.012, ""actual_duration_ms"": 1002.702}, {""stage_name"": ""test_array"", ""planned_duration_ms"": 4000, ""intended_onset_ms"": 584076.012, ""actual_onset_global_ms"": 584114.209, ""actual_offset_global_ms"": 585918.391, ""actual_duration_ms"": 1804.182}, {""stage_name"": ""feedback"", ""planned_duration_ms"": 150, ""intended_onset_ms"": 585918.391, ""actual_onset_global_ms"": 585937.556, ""actual_offset_global_ms"": 586090.296, ""actual_duration_ms"": 152.74}]",correct.wav,585918.636,150.0,586418.636,,,,,,,,,,,,,,,,,,,,,,,,,,,,,,,,,,,,,,,,,,,,,,1.0,,,,,,,,,,,,,2.0,same,1.0,"[202.49, 108.6]","[[-74.0, 64.0], [202.49, 108.6]]","[""purple"", ""green""]","[""purple"", ""green""]",green,green,s,same,2.0,1.0
008,008_T1_20260425_152320,PCPA,T1,adaptive,hci_substudy_v2,1,telemetry_v4,change_detection,4,practice_cd,practice,1,5,5,practice,N1_same,1777101800,177.467,2026-04-25T15:33:10.330,0,0,0,1,586088.271,586104.686,,,,,s,,1,1247.24,,correct,1.0,589688.271,589753.22,591038.871,4000,1285.651,591188.871,"[{""stage_name"": ""fixation"", ""planned_duration_ms"": 100, ""intended_onset_ms"": 586088.271, ""actual_onset_global_ms"": 586104.686, ""actual_offset_global_ms"": 586206.345, ""actual_duration_ms"": 101.659}, {""stage_name"": ""memory_array"", ""planned_duration_ms"": 2500, ""intended_onset_ms"": 586188.271, ""actual_onset_global_ms"": 586229.465, ""actual_offset_global_ms"": 588722.45, ""actual_duration_ms"": 2492.985}, {""stage_name"": ""delay"", ""planned_duration_ms"": 1000, ""intended_onset_ms"": 588722.45, ""actual_onset_global_ms"": 588726.693, ""actual_offset_global_ms"": 589728.638, ""actual_duration_ms"": 1001.945}, {""stage_name"": ""test_array"", ""planned_duration_ms"": 4000, ""intended_onset_ms"": 589728.638, ""actual_onset_global_ms"": 589753.22, ""actual_offset_global_ms"": 591038.871, ""actual_duration_ms"": 1285.651}, {""stage_name"": ""feedback"", ""planned_duration_ms"": 150, ""intended_onset_ms"": 591038.871, ""actual_onset_global_ms"": 591055.505, ""actual_offset_global_ms"": 591194.992, ""actual_duration_ms"": 139.487}]",correct.wav,591039.283,150.0,591539.283,,,,,,,,,,,,,,,,,,,,,,,,,,,,,,,,,,,,,,,,,,,,,,1.0,,,,,,,,,,,,,1.0,same,0.0,"[-194.28, 80.58]","[[-194.28, 80.58]]","[""red""]","[""red""]",red,red,s,same,1.0,1.0
008,008_T1_20260425_152320,PCPA,T1,adaptive,hci_substudy_v2,1,telemetry_v4,change_detection,4,practice_cd,practice,1,6,6,practice,N1_same,1777101800,177.467,2026-04-25T15:33:15.438,0,0,0,1,591195.391,591209.933,,,,,s,,1,1441.594,,correct,1.0,594795.391,594869.059,596337.531,4000,1468.472,596487.531,"[{""stage_name"": ""fixation"", ""planned_duration_ms"": 100, ""intended_onset_ms"": 591195.391, ""actual_onset_global_ms"": 591209.933, ""actual_offset_global_ms"": 591313.798, ""actual_duration_ms"": 103.865}, {""stage_name"": ""memory_array"", ""planned_duration_ms"": 2500, ""intended_onset_ms"": 591295.391, ""actual_onset_global_ms"": 591342.981, ""actual_offset_global_ms"": 593835.571, ""actual_duration_ms"": 2492.59}, {""stage_name"": ""delay"", ""planned_duration_ms"": 1000, ""intended_onset_ms"": 593835.571, ""actual_onset_global_ms"": 593840.127, ""actual_offset_global_ms"": 594844.791, ""actual_duration_ms"": 1004.664}, {""stage_name"": ""test_array"", ""planned_duration_ms"": 4000, ""intended_onset_ms"": 594844.791, ""actual_onset_global_ms"": 594869.059, ""actual_offset_global_ms"": 596337.531, ""actual_duration_ms"": 1468.472}, {""stage_name"": ""feedback"", ""planned_duration_ms"": 150, ""intended_onset_ms"": 596337.531, ""actual_onset_global_ms"": 596355.41, ""actual_offset_global_ms"": 596501.351, ""actual_duration_ms"": 145.941}]",correct.wav,596337.783,150.0,596837.783,,,,,,,,,,,,,,,,,,,,,,,,,,,,,,,,,,,,,,,,,,,,,,1.0,,,,,,,,,,,,,1.0,same,0.0,"[15.73, -235.0]","[[15.73, -235.0]]","[""yellow""]","[""yellow""]",yellow,yellow,s,same,1.0,1.0
008,008_T1_20260425_152320,PCPA,T1,adaptive,hci_substudy_v2,1,telemetry_v4,change_detection,4,practice_cd,practice,1,7,7,practice,N2_change,1777101800,177.467,2026-04-25T15:33:20.742,0,0,0,1,596499.607,596516.628,,,,,j,,1,3381.064,,correct,1.0,600099.607,600164.612,603584.652,4000,3420.04,603734.652,"[{""stage_name"": ""fixation"", ""planned_duration_ms"": 100, ""intended_onset_ms"": 596499.607, ""actual_onset_global_ms"": 596516.628, ""actual_offset_global_ms"": 596607.504, ""actual_duration_ms"": 90.876}, {""stage_name"": ""memory_array"", ""planned_duration_ms"": 2500, ""intended_onset_ms"": 596599.607, ""actual_onset_global_ms"": 596647.745, ""actual_offset_global_ms"": 599115.747, ""actual_duration_ms"": 2468.002}, {""stage_name"": ""delay"", ""planned_duration_ms"": 1000, ""intended_onset_ms"": 599115.747, ""actual_onset_global_ms"": 599122.247, ""actual_offset_global_ms"": 600124.906, ""actual_duration_ms"": 1002.659}, {""stage_name"": ""test_array"", ""planned_duration_ms"": 4000, ""intended_onset_ms"": 600124.906, ""actual_onset_global_ms"": 600164.612, ""actual_offset_global_ms"": 603584.652, ""actual_duration_ms"": 3420.04}, {""stage_name"": ""feedback"", ""planned_duration_ms"": 150, ""intended_onset_ms"": 603584.652, ""actual_onset_global_ms"": 603602.457, ""actual_offset_global_ms"": 603740.733, ""actual_duration_ms"": 138.276}]",correct.wav,603584.858,150.0,604084.858,,,,,,,,,,,,,,,,,,,,,,,,,,,,,,,,,,,,,,,,,,,,,,1.0,,,,,,,,,,,,,2.0,change,0.0,"[-251.88, 87.36]","[[-251.88, 87.36], [-163.51, -81.75]]","[""blue"", ""purple""]","[""yellow"", ""purple""]",blue,yellow,j,change,2.0,1.0
008,008_T1_20260425_152320,PCPA,T1,adaptive,hci_substudy_v2,1,telemetry_v4,change_detection,4,practice_cd,practice,1,8,8,practice,N1_change,1777101800,177.467,2026-04-25T15:33:27.983,0,0,0,1,603741.162,603755.398,,,,,j,,1,2743.894,,correct,1.0,607341.162,607388.052,610142.964,4000,2754.912,610292.964,"[{""stage_name"": ""fixation"", ""planned_duration_ms"": 100, ""intended_onset_ms"": 603741.162, ""actual_onset_global_ms"": 603755.398, ""actual_offset_global_ms"": 603851.701, ""actual_duration_ms"": 96.303}, {""stage_name"": ""memory_array"", ""planned_duration_ms"": 2500, ""intended_onset_ms"": 603841.162, ""actual_onset_global_ms"": 603878.274, ""actual_offset_global_ms"": 606358.043, ""actual_duration_ms"": 2479.769}, {""stage_name"": ""delay"", ""planned_duration_ms"": 1000, ""intended_onset_ms"": 606358.043, ""actual_onset_global_ms"": 606364.972, ""actual_offset_global_ms"": 607362.105, ""actual_duration_ms"": 997.133}, {""stage_name"": ""test_array"", ""planned_duration_ms"": 4000, ""intended_onset_ms"": 607362.105, ""actual_onset_global_ms"": 607388.052, ""actual_offset_global_ms"": 610142.964, ""actual_duration_ms"": 2754.912}, {""stage_name"": ""feedback"", ""planned_duration_ms"": 150, ""intended_onset_ms"": 610142.964, ""actual_onset_global_ms"": 610160.613, ""actual_offset_global_ms"": 610314.933, ""actual_duration_ms"": 154.32}]",correct.wav,610143.256,150.0,610643.256,,,,,,,,,,,,,,,,,,,,,,,,,,,,,,,,,,,,,,,,,,,,,,1.0,,,,,,,,,,,,,1.0,change,0.0,"[148.31, 120.0]","[[148.31, 120.0]]","[""red""]","[""yellow""]",red,yellow,j,change,1.0,1.0
008,008_T1_20260425_152320,PCPA,T1,adaptive,hci_substudy_v2,1,telemetry_v4,change_detection,4,formal_cd,formal,1,1,9,formal,N2_change,1777101800,177.467,2026-04-25T15:33:39.551,0,0,0,1,615308.349,615324.821,,,,,j,,0,1900.818,,,,618908.349,618972.281,620913.672,4000,1941.391,620913.672,"[{""stage_name"": ""fixation"", ""planned_duration_ms"": 100, ""intended_onset_ms"": 615308.349, ""actual_onset_global_ms"": 615324.821, ""actual_offset_global_ms"": 615422.324, ""actual_duration_ms"": 97.503}, {""stage_name"": ""memory_array"", ""planned_duration_ms"": 2500, ""intended_onset_ms"": 615408.349, ""actual_onset_global_ms"": 615459.323, ""actual_offset_global_ms"": 617924.61, ""actual_duration_ms"": 2465.287}, {""stage_name"": ""delay"", ""planned_duration_ms"": 1000, ""intended_onset_ms"": 617924.61, ""actual_onset_global_ms"": 617930.634, ""actual_offset_global_ms"": 618933.138, ""actual_duration_ms"": 1002.504}, {""stage_name"": ""test_array"", ""planned_duration_ms"": 4000, ""intended_onset_ms"": 618933.138, ""actual_onset_global_ms"": 618972.281, ""actual_offset_global_ms"": 620913.672, ""actual_duration_ms"": 1941.391}]",,,,,,,,,,,,,,,,,,,,,,,,,,,,,,,,,,,,,,,,,,,,,,,,,,0.0,,,,,,,,,,,,,2.0,change,1.0,"[-69.76, -209.96]","[[236.73, 86.42], [-69.76, -209.96]]","[""yellow"", ""green""]","[""yellow"", ""purple""]",green,purple,s,same,2.0,1.0
008,008_T1_20260425_152320,PCPA,T1,adaptive,hci_substudy_v2,1,telemetry_v4,change_detection,4,formal_cd,formal,1,2,10,formal,N2_same,1777101800,177.467,2026-04-25T15:33:45.160,0,0,0,1,620917.874,620931.237,,,,,s,,1,2579.673,,,,624517.874,624618.254,627246.71,4000,2628.456,627246.71,"[{""stage_name"": ""fixation"", ""planned_duration_ms"": 100, ""intended_onset_ms"": 620917.874, ""actual_onset_global_ms"": 620931.237, ""actual_offset_global_ms"": 621030.176, ""actual_duration_ms"": 98.939}, {""stage_name"": ""memory_array"", ""planned_duration_ms"": 2500, ""intended_onset_ms"": 621017.874, ""actual_onset_global_ms"": 621069.373, ""actual_offset_global_ms"": 623570.946, ""actual_duration_ms"": 2501.573}, {""stage_name"": ""delay"", ""planned_duration_ms"": 1000, ""intended_onset_ms"": 623570.946, ""actual_onset_global_ms"": 623575.071, ""actual_offset_global_ms"": 624577.793, ""actual_duration_ms"": 1002.722}, {""stage_name"": ""test_array"", ""planned_duration_ms"": 4000, ""intended_onset_ms"": 624577.793, ""actual_onset_global_ms"": 624618.254, ""actual_offset_global_ms"": 627246.71, ""actual_duration_ms"": 2628.456}]",,,,,,,,,,,,,,,,,,,,,,,,,,,,,,,,,,,,,,,,,,,,,,,,,,1.0,,,,,,,,,,,,,2.0,same,1.0,"[-90.17, 138.1]","[[190.44, -171.59], [-90.17, 138.1]]","[""purple"", ""green""]","[""purple"", ""green""]",green,green,s,same,3.0,1.0
008,008_T1_20260425_152320,PCPA,T1,adaptive,hci_substudy_v2,1,telemetry_v4,change_detection,4,formal_cd,formal,1,3,11,formal,N1_change,1777101800,177.467,2026-04-25T15:33:51.493,0,0,0,1,627251.475,627265.333,,,,,j,,1,2998.833,,,,630851.475,630902.902,633936.553,4000,3033.651,633936.553,"[{""stage_name"": ""fixation"", ""planned_duration_ms"": 100, ""intended_onset_ms"": 627251.475, ""actual_onset_global_ms"": 627265.333, ""actual_offset_global_ms"": 627359.09, ""actual_duration_ms"": 93.757}, {""stage_name"": ""memory_array"", ""planned_duration_ms"": 2500, ""intended_onset_ms"": 627351.475, ""actual_onset_global_ms"": 627379.288, ""actual_offset_global_ms"": 629868.938, ""actual_duration_ms"": 2489.65}, {""stage_name"": ""delay"", ""planned_duration_ms"": 1000, ""intended_onset_ms"": 629868.938, ""actual_onset_global_ms"": 629877.043, ""actual_offset_global_ms"": 630879.315, ""actual_duration_ms"": 1002.272}, {""stage_name"": ""test_array"", ""planned_duration_ms"": 4000, ""intended_onset_ms"": 630879.315, ""actual_onset_global_ms"": 630902.902, ""actual_offset_global_ms"": 633936.553, ""actual_duration_ms"": 3033.651}]",,,,,,,,,,,,,,,,,,,,,,,,,,,,,,,,,,,,,,,,,,,,,,,,,,1.0,,,,,,,,,,,,,1.0,change,0.0,"[240.31, -194.23]","[[240.31, -194.23]]","[""red""]","[""green""]",red,green,j,change,1.0,1.0
008,008_T1_20260425_152320,PCPA,T1,adaptive,hci_substudy_v2,1,telemetry_v4,change_detection,4,formal_cd,formal,1,4,12,formal,N4_change,1777101800,177.467,2026-04-25T15:33:58.183,0,0,0,1,633940.988,633956.136,,,,,j,,0,4074.474,,,,637540.988,637670.144,641798.399,4000,4128.255,641798.399,"[{""stage_name"": ""fixation"", ""planned_duration_ms"": 100, ""intended_onset_ms"": 633940.988, ""actual_onset_global_ms"": 633956.136, ""actual_offset_global_ms"": 634053.838, ""actual_duration_ms"": 97.702}, {""stage_name"": ""memory_array"", ""planned_duration_ms"": 2500, ""intended_onset_ms"": 634040.988, ""actual_onset_global_ms"": 634120.437, ""actual_offset_global_ms"": 636595.742, ""actual_duration_ms"": 2475.305}, {""stage_name"": ""delay"", ""planned_duration_ms"": 1000, ""intended_onset_ms"": 636595.742, ""actual_onset_global_ms"": 636601.473, ""actual_offset_global_ms"": 637601.818, ""actual_duration_ms"": 1000.345}, {""stage_name"": ""test_array"", ""planned_duration_ms"": 4000, ""intended_onset_ms"": 637601.818, ""actual_onset_global_ms"": 637670.144, ""actual_offset_global_ms"": 641798.399, ""actual_duration_ms"": 4128.255}]",,,,,,,,,,,,,,,,,,,,,,,,,,,,,,,,,,,,,,,,,,,,,,,,,,0.0,,,,,,,,,,,,,4.0,change,0.0,"[81.09, -189.35]","[[81.09, -189.35], [154.76, 5.06], [258.92, 17.53], [199.85, -105.66]]","[""red"", ""green"", ""purple"", ""yellow""]","[""blue"", ""green"", ""purple"", ""yellow""]",red,blue,s,same,5.0,1.0
008,008_T1_20260425_152320,PCPA,T1,adaptive,hci_substudy_v2,1,telemetry_v4,change_detection,4,formal_cd,formal,1,5,13,formal,N2_change,1777101800,177.467,2026-04-25T15:34:06.045,0,0,0,1,641802.264,641816.117,,,,,j,,1,7619.075,,,,645402.264,645473.021,653110.266,4000,7637.245,653110.266,"[{""stage_name"": ""fixation"", ""planned_duration_ms"": 100, ""intended_onset_ms"": 641802.264, ""actual_onset_global_ms"": 641816.117, ""actual_offset_global_ms"": 641910.113, ""actual_duration_ms"": 93.996}, {""stage_name"": ""memory_array"", ""planned_duration_ms"": 2500, ""intended_onset_ms"": 641902.264, ""actual_onset_global_ms"": 641943.235, ""actual_offset_global_ms"": 644426.541, ""actual_duration_ms"": 2483.306}, {""stage_name"": ""delay"", ""planned_duration_ms"": 1000, ""intended_onset_ms"": 644426.541, ""actual_onset_global_ms"": 644433.275, ""actual_offset_global_ms"": 645432.866, ""actual_duration_ms"": 999.591}, {""stage_name"": ""test_array"", ""planned_duration_ms"": 4000, ""intended_onset_ms"": 645432.866, ""actual_onset_global_ms"": 645473.021, ""actual_offset_global_ms"": 653110.266, ""actual_duration_ms"": 7637.245}]",,,,,,,,,,,,,,,,,,,,,,,,,,,,,,,,,,,,,,,,,,,,,,,,,,1.0,,,,,,,,,,,,,2.0,change,1.0,"[171.96, 42.68]","[[-89.52, 204.47], [171.96, 42.68]]","[""blue"", ""green""]","[""blue"", ""yellow""]",green,yellow,j,change,2.0,1.0
008,008_T1_20260425_152320,PCPA,T1,adaptive,hci_substudy_v2,1,telemetry_v4,change_detection,4,formal_cd,formal,1,6,14,formal,N4_same,1777101800,177.467,2026-04-25T15:34:17.357,0,0,0,1,653114.679,653130.456,,,,,s,,1,2032.074,,,,656714.679,656795.654,658897.514,4000,2101.86,658897.514,"[{""stage_name"": ""fixation"", ""planned_duration_ms"": 100, ""intended_onset_ms"": 653114.679, ""actual_onset_global_ms"": 653130.456, ""actual_offset_global_ms"": 653231.629, ""actual_duration_ms"": 101.173}, {""stage_name"": ""memory_array"", ""planned_duration_ms"": 2500, ""intended_onset_ms"": 653214.679, ""actual_onset_global_ms"": 653302.892, ""actual_offset_global_ms"": 655732.123, ""actual_duration_ms"": 2429.231}, {""stage_name"": ""delay"", ""planned_duration_ms"": 1000, ""intended_onset_ms"": 655732.123, ""actual_onset_global_ms"": 655738.201, ""actual_offset_global_ms"": 656740.288, ""actual_duration_ms"": 1002.087}, {""stage_name"": ""test_array"", ""planned_duration_ms"": 4000, ""intended_onset_ms"": 656740.288, ""actual_onset_global_ms"": 656795.654, ""actual_offset_global_ms"": 658897.514, ""actual_duration_ms"": 2101.86}]",,,,,,,,,,,,,,,,,,,,,,,,,,,,,,,,,,,,,,,,,,,,,,,,,,1.0,,,,,,,,,,,,,4.0,same,1.0,"[238.05, 237.49]","[[-69.54, -78.26], [238.05, 237.49], [-68.0, 204.48], [-195.65, 253.41]]","[""purple"", ""yellow"", ""blue"", ""red""]","[""purple"", ""yellow"", ""blue"", ""red""]",yellow,yellow,s,same,4.0,1.0
008,008_T1_20260425_152320,PCPA,T1,adaptive,hci_substudy_v2,1,telemetry_v4,change_detection,4,formal_cd,formal,1,7,15,formal,N3_change,1777101800,177.467,2026-04-25T15:34:23.144,0,0,0,1,658901.576,658915.492,,,,,j,,0,3216.226,,,,662501.576,662618.445,665892.038,4000,3273.593,665892.038,"[{""stage_name"": ""fixation"", ""planned_duration_ms"": 100, ""intended_onset_ms"": 658901.576, ""actual_onset_global_ms"": 658915.492, ""actual_offset_global_ms"": 659010.963, ""actual_duration_ms"": 95.471}, {""stage_name"": ""memory_array"", ""planned_duration_ms"": 2500, ""intended_onset_ms"": 659001.576, ""actual_onset_global_ms"": 659062.392, ""actual_offset_global_ms"": 661553.466, ""actual_duration_ms"": 2491.074}, {""stage_name"": ""delay"", ""planned_duration_ms"": 1000, ""intended_onset_ms"": 661553.466, ""actual_onset_global_ms"": 661560.251, ""actual_offset_global_ms"": 662563.04, ""actual_duration_ms"": 1002.789}, {""stage_name"": ""test_array"", ""planned_duration_ms"": 4000, ""intended_onset_ms"": 662563.04, ""actual_onset_global_ms"": 662618.445, ""actual_offset_global_ms"": 665892.038, ""actual_duration_ms"": 3273.593}]",,,,,,,,,,,,,,,,,,,,,,,,,,,,,,,,,,,,,,,,,,,,,,,,,,0.0,,,,,,,,,,,,,3.0,change,1.0,"[-122.27, -239.22]","[[85.61, -30.47], [-122.27, -239.22], [-85.94, 94.29]]","[""purple"", ""yellow"", ""blue""]","[""purple"", ""green"", ""blue""]",yellow,green,s,same,3.0,1.0
008,008_T1_20260425_152320,PCPA,T1,adaptive,hci_substudy_v2,1,telemetry_v4,change_detection,4,formal_cd,formal,1,8,16,formal,N4_change,1777101800,177.467,2026-04-25T15:34:30.139,0,0,0,1,665896.472,665914.146,,,,,j,,0,3803.264,,,,669496.472,669617.47,673446.932,4000,3829.462,673446.932,"[{""stage_name"": ""fixation"", ""planned_duration_ms"": 100, ""intended_onset_ms"": 665896.472, ""actual_onset_global_ms"": 665914.146, ""actual_offset_global_ms"": 666016.935, ""actual_duration_ms"": 102.789}, {""stage_name"": ""memory_array"", ""planned_duration_ms"": 2500, ""intended_onset_ms"": 665996.472, ""actual_onset_global_ms"": 666088.206, ""actual_offset_global_ms"": 668543.041, ""actual_duration_ms"": 2454.835}, {""stage_name"": ""delay"", ""planned_duration_ms"": 1000, ""intended_onset_ms"": 668543.041, ""actual_onset_global_ms"": 668550.421, ""actual_offset_global_ms"": 669551.151, ""actual_duration_ms"": 1000.73}, {""stage_name"": ""test_array"", ""planned_duration_ms"": 4000, ""intended_onset_ms"": 669551.151, ""actual_onset_global_ms"": 669617.47, ""actual_offset_global_ms"": 673446.932, ""actual_duration_ms"": 3829.462}]",,,,,,,,,,,,,,,,,,,,,,,,,,,,,,,,,,,,,,,,,,,,,,,,,,0.0,,,,,,,,,,,,,4.0,change,3.0,"[-224.19, 96.14]","[[20.65, 229.51], [249.86, 63.94], [-184.77, -168.67], [-224.19, 96.14]]","[""yellow"", ""purple"", ""green"", ""blue""]","[""yellow"", ""purple"", ""green"", ""red""]",blue,red,s,same,5.0,1.0
008,008_T1_20260425_152320,PCPA,T1,adaptive,hci_substudy_v2,1,telemetry_v4,change_detection,4,formal_cd,formal,1,9,17,formal,N3_same,1777101800,177.467,2026-04-25T15:34:37.694,0,0,0,1,673451.611,673467.908,,,,,s,,1,1902.908,,,,677051.611,677185.873,679120.495,4000,1934.622,679120.495,"[{""stage_name"": ""fixation"", ""planned_duration_ms"": 100, ""intended_onset_ms"": 673451.611, ""actual_onset_global_ms"": 673467.908, ""actual_offset_global_ms"": 673568.856, ""actual_duration_ms"": 100.948}, {""stage_name"": ""memory_array"", ""planned_duration_ms"": 2500, ""intended_onset_ms"": 673551.611, ""actual_onset_global_ms"": 673623.452, ""actual_offset_global_ms"": 676122.871, ""actual_duration_ms"": 2499.419}, {""stage_name"": ""delay"", ""planned_duration_ms"": 1000, ""intended_onset_ms"": 676122.871, ""actual_onset_global_ms"": 676127.545, ""actual_offset_global_ms"": 677130.453, ""actual_duration_ms"": 1002.908}, {""stage_name"": ""test_array"", ""planned_duration_ms"": 4000, ""intended_onset_ms"": 677130.453, ""actual_onset_global_ms"": 677185.873, ""actual_offset_global_ms"": 679120.495, ""actual_duration_ms"": 1934.622}]",,,,,,,,,,,,,,,,,,,,,,,,,,,,,,,,,,,,,,,,,,,,,,,,,,1.0,,,,,,,,,,,,,3.0,same,2.0,"[-82.38, -131.28]","[[-57.24, 221.24], [64.84, -157.77], [-82.38, -131.28]]","[""yellow"", ""blue"", ""purple""]","[""yellow"", ""blue"", ""purple""]",purple,purple,s,same,4.0,1.0
008,008_T1_20260425_152320,PCPA,T1,adaptive,hci_substudy_v2,1,telemetry_v4,change_detection,4,formal_cd,formal,1,10,18,formal,N3_same,1777101800,177.467,2026-04-25T15:34:43.367,0,0,0,1,679125.143,679138.9,,,,,s,,1,2004.941,,,,682725.143,682822.74,684851.149,4000,2028.409,684851.149,"[{""stage_name"": ""fixation"", ""planned_duration_ms"": 100, ""intended_onset_ms"": 679125.143, ""actual_onset_global_ms"": 679138.9, ""actual_offset_global_ms"": 679235.65, ""actual_duration_ms"": 96.75}, {""stage_name"": ""memory_array"", ""planned_duration_ms"": 2500, ""intended_onset_ms"": 679225.143, ""actual_onset_global_ms"": 679290.064, ""actual_offset_global_ms"": 681759.868, ""actual_duration_ms"": 2469.804}, {""stage_name"": ""delay"", ""planned_duration_ms"": 1000, ""intended_onset_ms"": 681759.868, ""actual_onset_global_ms"": 681766.391, ""actual_offset_global_ms"": 682770.921, ""actual_duration_ms"": 1004.53}, {""stage_name"": ""test_array"", ""planned_duration_ms"": 4000, ""intended_onset_ms"": 682770.921, ""actual_onset_global_ms"": 682822.74, ""actual_offset_global_ms"": 684851.149, ""actual_duration_ms"": 2028.409}]",,,,,,,,,,,,,,,,,,,,,,,,,,,,,,,,,,,,,,,,,,,,,,,,,,1.0,,,,,,,,,,,,,3.0,same,1.0,"[-247.32, 104.67]","[[-33.77, -113.19], [-247.32, 104.67], [240.27, 12.53]]","[""blue"", ""red"", ""purple""]","[""blue"", ""red"", ""purple""]",red,red,s,same,3.0,1.0
008,008_T1_20260425_152320,PCPA,T1,adaptive,hci_substudy_v2,1,telemetry_v4,change_detection,4,formal_cd,formal,1,11,19,formal,N3_change,1777101800,177.467,2026-04-25T15:34:49.099,0,0,0,1,684856.286,684872.275,,,,,j,,0,2145.577,,,,688456.286,688577.264,690787.676,4000,2210.412,690787.676,"[{""stage_name"": ""fixation"", ""planned_duration_ms"": 100, ""intended_onset_ms"": 684856.286, ""actual_onset_global_ms"": 684872.275, ""actual_offset_global_ms"": 684974.036, ""actual_duration_ms"": 101.761}, {""stage_name"": ""memory_array"", ""planned_duration_ms"": 2500, ""intended_onset_ms"": 684956.286, ""actual_onset_global_ms"": 685029.084, ""actual_offset_global_ms"": 687513.108, ""actual_duration_ms"": 2484.024}, {""stage_name"": ""delay"", ""planned_duration_ms"": 1000, ""intended_onset_ms"": 687513.108, ""actual_onset_global_ms"": 687519.413, ""actual_offset_global_ms"": 688523.075, ""actual_duration_ms"": 1003.662}, {""stage_name"": ""test_array"", ""planned_duration_ms"": 4000, ""intended_onset_ms"": 688523.075, ""actual_onset_global_ms"": 688577.264, ""actual_offset_global_ms"": 690787.676, ""actual_duration_ms"": 2210.412}]",,,,,,,,,,,,,,,,,,,,,,,,,,,,,,,,,,,,,,,,,,,,,,,,,,0.0,,,,,,,,,,,,,3.0,change,2.0,"[-112.23, -34.15]","[[-85.52, 159.57], [-219.3, -114.33], [-112.23, -34.15]]","[""green"", ""yellow"", ""red""]","[""green"", ""yellow"", ""blue""]",red,blue,s,same,4.0,1.0
008,008_T1_20260425_152320,PCPA,T1,adaptive,hci_substudy_v2,1,telemetry_v4,change_detection,4,formal_cd,formal,1,12,20,formal,N2_same,1777101800,177.467,2026-04-25T15:34:55.035,0,0,0,1,690792.752,690807.911,,,,,s,,1,1792.51,,,,694392.752,694470.63,696312.671,4000,1842.041,696312.671,"[{""stage_name"": ""fixation"", ""planned_duration_ms"": 100, ""intended_onset_ms"": 690792.752, ""actual_onset_global_ms"": 690807.911, ""actual_offset_global_ms"": 690907.917, ""actual_duration_ms"": 100.006}, {""stage_name"": ""memory_array"", ""planned_duration_ms"": 2500, ""intended_onset_ms"": 690892.752, ""actual_onset_global_ms"": 690948.341, ""actual_offset_global_ms"": 693414.328, ""actual_duration_ms"": 2465.987}, {""stage_name"": ""delay"", ""planned_duration_ms"": 1000, ""intended_onset_ms"": 693414.328, ""actual_onset_global_ms"": 693421.431, ""actual_offset_global_ms"": 694428.427, ""actual_duration_ms"": 1006.996}, {""stage_name"": ""test_array"", ""planned_duration_ms"": 4000, ""intended_onset_ms"": 694428.427, ""actual_onset_global_ms"": 694470.63, ""actual_offset_global_ms"": 696312.671, ""actual_duration_ms"": 1842.041}]",,,,,,,,,,,,,,,,,,,,,,,,,,,,,,,,,,,,,,,,,,,,,,,,,,1.0,,,,,,,,,,,,,2.0,same,1.0,"[-31.12, 86.64]","[[251.82, -61.0], [-31.12, 86.64]]","[""purple"", ""red""]","[""purple"", ""red""]",red,red,s,same,3.0,1.0
008,008_T1_20260425_152320,PCPA,T1,adaptive,hci_substudy_v2,1,telemetry_v4,change_detection,4,formal_cd,formal,1,13,21,formal,N3_same,1777101800,177.467,2026-04-25T15:35:00.560,0,0,0,1,696317.478,696333.249,,,,,s,,1,1813.636,,,,699917.478,700030.114,701876.505,4000,1846.391,701876.505,"[{""stage_name"": ""fixation"", ""planned_duration_ms"": 100, ""intended_onset_ms"": 696317.478, ""actual_onset_global_ms"": 696333.249, ""actual_offset_global_ms"": 696428.607, ""actual_duration_ms"": 95.358}, {""stage_name"": ""memory_array"", ""planned_duration_ms"": 2500, ""intended_onset_ms"": 696417.478, ""actual_onset_global_ms"": 696482.126, ""actual_offset_global_ms"": 698967.554, ""actual_duration_ms"": 2485.428}, {""stage_name"": ""delay"", ""planned_duration_ms"": 1000, ""intended_onset_ms"": 698967.554, ""actual_onset_global_ms"": 698975.221, ""actual_offset_global_ms"": 699976.143, ""actual_duration_ms"": 1000.922}, {""stage_name"": ""test_array"", ""planned_duration_ms"": 4000, ""intended_onset_ms"": 699976.143, ""actual_onset_global_ms"": 700030.114, ""actual_offset_global_ms"": 701876.505, ""actual_duration_ms"": 1846.391}]",,,,,,,,,,,,,,,,,,,,,,,,,,,,,,,,,,,,,,,,,,,,,,,,,,1.0,,,,,,,,,,,,,3.0,same,1.0,"[-77.63, 51.36]","[[19.11, 88.56], [-77.63, 51.36], [163.53, -145.69]]","[""yellow"", ""red"", ""blue""]","[""yellow"", ""red"", ""blue""]",red,red,s,same,4.0,1.0
008,008_T1_20260425_152320,PCPA,T1,adaptive,hci_substudy_v2,1,telemetry_v4,change_detection,4,formal_cd,formal,1,14,22,formal,N1_change,1777101800,177.467,2026-04-25T15:35:06.124,0,0,0,1,701881.16,701895.581,,,,,j,,1,1627.32,,,,705481.16,705539.303,707194.498,4000,1655.195,707194.498,"[{""stage_name"": ""fixation"", ""planned_duration_ms"": 100, ""intended_onset_ms"": 701881.16, ""actual_onset_global_ms"": 701895.581, ""actual_offset_global_ms"": 701999.172, ""actual_duration_ms"": 103.591}, {""stage_name"": ""memory_array"", ""planned_duration_ms"": 2500, ""intended_onset_ms"": 701981.16, ""actual_onset_global_ms"": 702024.683, ""actual_offset_global_ms"": 704502.605, ""actual_duration_ms"": 2477.922}, {""stage_name"": ""delay"", ""planned_duration_ms"": 1000, ""intended_onset_ms"": 704502.605, ""actual_onset_global_ms"": 704509.138, ""actual_offset_global_ms"": 705514.901, ""actual_duration_ms"": 1005.763}, {""stage_name"": ""test_array"", ""planned_duration_ms"": 4000, ""intended_onset_ms"": 705514.901, ""actual_onset_global_ms"": 705539.303, ""actual_offset_global_ms"": 707194.498, ""actual_duration_ms"": 1655.195}]",,,,,,,,,,,,,,,,,,,,,,,,,,,,,,,,,,,,,,,,,,,,,,,,,,1.0,,,,,,,,,,,,,1.0,change,0.0,"[-60.9, -78.65]","[[-60.9, -78.65]]","[""green""]","[""yellow""]",green,yellow,j,change,1.0,1.0
008,008_T1_20260425_152320,PCPA,T1,adaptive,hci_substudy_v2,1,telemetry_v4,change_detection,4,formal_cd,formal,1,15,23,formal,N4_change,1777101800,177.467,2026-04-25T15:35:11.443,0,0,0,1,707200.393,707215.859,,,,,j,,0,4139.351,,,,710800.393,710911.326,715088.777,4000,4177.451,715088.777,"[{""stage_name"": ""fixation"", ""planned_duration_ms"": 100, ""intended_onset_ms"": 707200.393, ""actual_onset_global_ms"": 707215.859, ""actual_offset_global_ms"": 707319.195, ""actual_duration_ms"": 103.336}, {""stage_name"": ""memory_array"", ""planned_duration_ms"": 2500, ""intended_onset_ms"": 707300.393, ""actual_onset_global_ms"": 707389.479, ""actual_offset_global_ms"": 709837.298, ""actual_duration_ms"": 2447.819}, {""stage_name"": ""delay"", ""planned_duration_ms"": 1000, ""intended_onset_ms"": 709837.298, ""actual_onset_global_ms"": 709845.146, ""actual_offset_global_ms"": 710845.315, ""actual_duration_ms"": 1000.169}, {""stage_name"": ""test_array"", ""planned_duration_ms"": 4000, ""intended_onset_ms"": 710845.315, ""actual_onset_global_ms"": 710911.326, ""actual_offset_global_ms"": 715088.777, ""actual_duration_ms"": 4177.451}]",,,,,,,,,,,,,,,,,,,,,,,,,,,,,,,,,,,,,,,,,,,,,,,,,,0.0,,,,,,,,,,,,,4.0,change,0.0,"[259.35, -83.61]","[[259.35, -83.61], [105.75, 84.23], [-101.79, -220.81], [-147.51, -100.84]]","[""blue"", ""red"", ""purple"", ""green""]","[""yellow"", ""red"", ""purple"", ""green""]",blue,yellow,s,same,5.0,1.0
008,008_T1_20260425_152320,PCPA,T1,adaptive,hci_substudy_v2,1,telemetry_v4,change_detection,4,formal_cd,formal,1,16,24,formal,N1_same,1777101800,177.467,2026-04-25T15:35:19.336,0,0,0,1,715093.315,715108.959,,,,,s,,0,1875.731,,,,718693.315,718742.564,720631.254,4000,1888.69,720631.254,"[{""stage_name"": ""fixation"", ""planned_duration_ms"": 100, ""intended_onset_ms"": 715093.315, ""actual_onset_global_ms"": 715108.959, ""actual_offset_global_ms"": 715203.125, ""actual_duration_ms"": 94.166}, {""stage_name"": ""memory_array"", ""planned_duration_ms"": 2500, ""intended_onset_ms"": 715193.315, ""actual_onset_global_ms"": 715223.581, ""actual_offset_global_ms"": 717704.676, ""actual_duration_ms"": 2481.095}, {""stage_name"": ""delay"", ""planned_duration_ms"": 1000, ""intended_onset_ms"": 717704.676, ""actual_onset_global_ms"": 717711.96, ""actual_offset_global_ms"": 718715.068, ""actual_duration_ms"": 1003.108}, {""stage_name"": ""test_array"", ""planned_duration_ms"": 4000, ""intended_onset_ms"": 718715.068, ""actual_onset_global_ms"": 718742.564, ""actual_offset_global_ms"": 720631.254, ""actual_duration_ms"": 1888.69}]",,,,,,,,,,,,,,,,,,,,,,,,,,,,,,,,,,,,,,,,,,,,,,,,,,0.0,,,,,,,,,,,,,1.0,same,0.0,"[112.29, -253.92]","[[112.29, -253.92]]","[""purple""]","[""purple""]",purple,purple,j,change,1.0,1.0
008,008_T1_20260425_152320,PCPA,T1,adaptive,hci_substudy_v2,1,telemetry_v4,change_detection,4,formal_cd,formal,1,17,25,formal,N1_change,1777101800,177.467,2026-04-25T15:35:24.879,0,0,0,1,720636.058,720650.721,,,,,j,,1,1083.674,,,,724236.058,724296.874,725418.57,4000,1121.696,725418.57,"[{""stage_name"": ""fixation"", ""planned_duration_ms"": 100, ""intended_onset_ms"": 720636.058, ""actual_onset_global_ms"": 720650.721, ""actual_offset_global_ms"": 720750.866, ""actual_duration_ms"": 100.145}, {""stage_name"": ""memory_array"", ""planned_duration_ms"": 2500, ""intended_onset_ms"": 720736.058, ""actual_onset_global_ms"": 720773.465, ""actual_offset_global_ms"": 723267.174, ""actual_duration_ms"": 2493.709}, {""stage_name"": ""delay"", ""planned_duration_ms"": 1000, ""intended_onset_ms"": 723267.174, ""actual_onset_global_ms"": 723271.73, ""actual_offset_global_ms"": 724270.788, ""actual_duration_ms"": 999.058}, {""stage_name"": ""test_array"", ""planned_duration_ms"": 4000, ""intended_onset_ms"": 724270.788, ""actual_onset_global_ms"": 724296.874, ""actual_offset_global_ms"": 725418.57, ""actual_duration_ms"": 1121.696}]",,,,,,,,,,,,,,,,,,,,,,,,,,,,,,,,,,,,,,,,,,,,,,,,,,1.0,,,,,,,,,,,,,1.0,change,0.0,"[151.97, -247.56]","[[151.97, -247.56]]","[""yellow""]","[""purple""]",yellow,purple,j,change,1.0,1.0
008,008_T1_20260425_152320,PCPA,T1,adaptive,hci_substudy_v2,1,telemetry_v4,change_detection,4,formal_cd,formal,1,18,26,formal,N3_same,1777101800,177.467,2026-04-25T15:35:29.666,0,0,0,1,725423.572,725439.96,,,,,s,,1,2454.169,,,,729023.572,729102.36,731612.44,4000,2510.08,731612.44,"[{""stage_name"": ""fixation"", ""planned_duration_ms"": 100, ""intended_onset_ms"": 725423.572, ""actual_onset_global_ms"": 725439.96, ""actual_offset_global_ms"": 725541.978, ""actual_duration_ms"": 102.018}, {""stage_name"": ""memory_array"", ""planned_duration_ms"": 2500, ""intended_onset_ms"": 725523.572, ""actual_onset_global_ms"": 725597.82, ""actual_offset_global_ms"": 728052.127, ""actual_duration_ms"": 2454.307}, {""stage_name"": ""delay"", ""planned_duration_ms"": 1000, ""intended_onset_ms"": 728052.127, ""actual_onset_global_ms"": 728058.784, ""actual_offset_global_ms"": 729057.603, ""actual_duration_ms"": 998.819}, {""stage_name"": ""test_array"", ""planned_duration_ms"": 4000, ""intended_onset_ms"": 729057.603, ""actual_onset_global_ms"": 729102.36, ""actual_offset_global_ms"": 731612.44, ""actual_duration_ms"": 2510.08}]",,,,,,,,,,,,,,,,,,,,,,,,,,,,,,,,,,,,,,,,,,,,,,,,,,1.0,,,,,,,,,,,,,3.0,same,1.0,"[140.33, -221.32]","[[120.73, 222.19], [140.33, -221.32], [-210.92, -33.54]]","[""yellow"", ""purple"", ""blue""]","[""yellow"", ""purple"", ""blue""]",purple,purple,s,same,4.0,1.0
008,008_T1_20260425_152320,PCPA,T1,adaptive,hci_substudy_v2,1,telemetry_v4,change_detection,4,formal_cd,formal,1,19,27,formal,N3_change,1777101800,177.467,2026-04-25T15:35:35.859,0,0,0,1,731616.532,731630.427,,,,,j,,1,2065.695,,,,735216.532,735330.2,737420.061,4000,2089.861,737420.061,"[{""stage_name"": ""fixation"", ""planned_duration_ms"": 100, ""intended_onset_ms"": 731616.532, ""actual_onset_global_ms"": 731630.427, ""actual_offset_global_ms"": 731723.502, ""actual_duration_ms"": 93.075}, {""stage_name"": ""memory_array"", ""planned_duration_ms"": 2500, ""intended_onset_ms"": 731716.532, ""actual_onset_global_ms"": 731767.056, ""actual_offset_global_ms"": 734272.25, ""actual_duration_ms"": 2505.194}, {""stage_name"": ""delay"", ""planned_duration_ms"": 1000, ""intended_onset_ms"": 734272.25, ""actual_onset_global_ms"": 734277.292, ""actual_offset_global_ms"": 735274.125, ""actual_duration_ms"": 996.833}, {""stage_name"": ""test_array"", ""planned_duration_ms"": 4000, ""intended_onset_ms"": 735274.125, ""actual_onset_global_ms"": 735330.2, ""actual_offset_global_ms"": 737420.061, ""actual_duration_ms"": 2089.861}]",,,,,,,,,,,,,,,,,,,,,,,,,,,,,,,,,,,,,,,,,,,,,,,,,,1.0,,,,,,,,,,,,,3.0,change,0.0,"[-137.19, -116.18]","[[-137.19, -116.18], [-174.34, -12.57], [-93.53, 107.29]]","[""green"", ""red"", ""yellow""]","[""blue"", ""red"", ""yellow""]",green,blue,j,change,5.0,1.0
008,008_T1_20260425_152320,PCPA,T1,adaptive,hci_substudy_v2,1,telemetry_v4,change_detection,4,formal_cd,formal,1,20,28,formal,N4_same,1777101800,177.467,2026-04-25T15:35:41.667,0,0,0,1,737424.902,737441.646,,,,,s,,1,2563.705,,,,741024.902,741131.773,743761.571,4000,2629.798,743761.571,"[{""stage_name"": ""fixation"", ""planned_duration_ms"": 100, ""intended_onset_ms"": 737424.902, ""actual_onset_global_ms"": 737441.646, ""actual_offset_global_ms"": 737547.567, ""actual_duration_ms"": 105.921}, {""stage_name"": ""memory_array"", ""planned_duration_ms"": 2500, ""intended_onset_ms"": 737524.902, ""actual_onset_global_ms"": 737615.336, ""actual_offset_global_ms"": 740055.716, ""actual_duration_ms"": 2440.38}, {""stage_name"": ""delay"", ""planned_duration_ms"": 1000, ""intended_onset_ms"": 740055.716, ""actual_onset_global_ms"": 740063.084, ""actual_offset_global_ms"": 741066.28, ""actual_duration_ms"": 1003.196}, {""stage_name"": ""test_array"", ""planned_duration_ms"": 4000, ""intended_onset_ms"": 741066.28, ""actual_onset_global_ms"": 741131.773, ""actual_offset_global_ms"": 743761.571, ""actual_duration_ms"": 2629.798}]",,,,,,,,,,,,,,,,,,,,,,,,,,,,,,,,,,,,,,,,,,,,,,,,,,1.0,,,,,,,,,,,,,4.0,same,1.0,"[-27.94, 107.43]","[[-204.12, 223.94], [-27.94, 107.43], [-51.79, -237.96], [29.55, -164.27]]","[""red"", ""green"", ""blue"", ""yellow""]","[""red"", ""green"", ""blue"", ""yellow""]",green,green,s,same,5.0,1.0
008,008_T1_20260425_152320,PCPA,T1,adaptive,hci_substudy_v2,1,telemetry_v4,change_detection,4,formal_cd,formal,1,21,29,formal,N1_same,1777101800,177.467,2026-04-25T15:35:48.008,0,0,0,1,743765.76,743779.169,,,,,s,,1,3313.492,,,,747365.76,747416.504,750747.361,4000,3330.857,750747.361,"[{""stage_name"": ""fixation"", ""planned_duration_ms"": 100, ""intended_onset_ms"": 743765.76, ""actual_onset_global_ms"": 743779.169, ""actual_offset_global_ms"": 743885.299, ""actual_duration_ms"": 106.13}, {""stage_name"": ""memory_array"", ""planned_duration_ms"": 2500, ""intended_onset_ms"": 743865.76, ""actual_onset_global_ms"": 743905.563, ""actual_offset_global_ms"": 746386.438, ""actual_duration_ms"": 2480.875}, {""stage_name"": ""delay"", ""planned_duration_ms"": 1000, ""intended_onset_ms"": 746386.438, ""actual_onset_global_ms"": 746392.84, ""actual_offset_global_ms"": 747391.351, ""actual_duration_ms"": 998.511}, {""stage_name"": ""test_array"", ""planned_duration_ms"": 4000, ""intended_onset_ms"": 747391.351, ""actual_onset_global_ms"": 747416.504, ""actual_offset_global_ms"": 750747.361, ""actual_duration_ms"": 3330.857}]",,,,,,,,,,,,,,,,,,,,,,,,,,,,,,,,,,,,,,,,,,,,,,,,,,1.0,,,,,,,,,,,,,1.0,same,0.0,"[184.23, -200.57]","[[184.23, -200.57]]","[""purple""]","[""purple""]",purple,purple,s,same,1.0,1.0
008,008_T1_20260425_152320,PCPA,T1,adaptive,hci_substudy_v2,1,telemetry_v4,change_detection,4,formal_cd,formal,1,22,30,formal,N4_same,1777101800,177.467,2026-04-25T15:35:54.994,0,0,0,1,750751.668,750767.688,,,,,s,,1,4158.026,,,,754351.668,754478.508,758692.153,4000,4213.645,758692.153,"[{""stage_name"": ""fixation"", ""planned_duration_ms"": 100, ""intended_onset_ms"": 750751.668, ""actual_onset_global_ms"": 750767.688, ""actual_offset_global_ms"": 750861.622, ""actual_duration_ms"": 93.934}, {""stage_name"": ""memory_array"", ""planned_duration_ms"": 2500, ""intended_onset_ms"": 750851.668, ""actual_onset_global_ms"": 750914.34, ""actual_offset_global_ms"": 753417.56, ""actual_duration_ms"": 2503.22}, {""stage_name"": ""delay"", ""planned_duration_ms"": 1000, ""intended_onset_ms"": 753417.56, ""actual_onset_global_ms"": 753421.843, ""actual_offset_global_ms"": 754424.613, ""actual_duration_ms"": 1002.77}, {""stage_name"": ""test_array"", ""planned_duration_ms"": 4000, ""intended_onset_ms"": 754424.613, ""actual_onset_global_ms"": 754478.508, ""actual_offset_global_ms"": 758692.153, ""actual_duration_ms"": 4213.645}]",,,,,,,,,,,,,,,,,,,,,,,,,,,,,,,,,,,,,,,,,,,,,,,,,,1.0,,,,,,,,,,,,,4.0,same,2.0,"[-259.59, 51.92]","[[-68.74, -235.86], [78.27, -133.59], [-259.59, 51.92], [-102.8, 91.16]]","[""blue"", ""yellow"", ""purple"", ""green""]","[""blue"", ""yellow"", ""purple"", ""green""]",purple,purple,s,same,4.0,1.0
008,008_T1_20260425_152320,PCPA,T1,adaptive,hci_substudy_v2,1,telemetry_v4,change_detection,4,formal_cd,formal,1,23,31,formal,N4_change,1777101800,177.467,2026-04-25T15:36:02.939,0,0,0,1,758696.63,758711.373,,,,,j,,0,3861.135,,,,762296.63,762390.428,766275.365,4000,3884.937,766275.365,"[{""stage_name"": ""fixation"", ""planned_duration_ms"": 100, ""intended_onset_ms"": 758696.63, ""actual_onset_global_ms"": 758711.373, ""actual_offset_global_ms"": 758804.695, ""actual_duration_ms"": 93.322}, {""stage_name"": ""memory_array"", ""planned_duration_ms"": 2500, ""intended_onset_ms"": 758796.63, ""actual_onset_global_ms"": 758859.5, ""actual_offset_global_ms"": 761313.57, ""actual_duration_ms"": 2454.07}, {""stage_name"": ""delay"", ""planned_duration_ms"": 1000, ""intended_onset_ms"": 761313.57, ""actual_onset_global_ms"": 761319.31, ""actual_offset_global_ms"": 762318.79, ""actual_duration_ms"": 999.48}, {""stage_name"": ""test_array"", ""planned_duration_ms"": 4000, ""intended_onset_ms"": 762318.79, ""actual_onset_global_ms"": 762390.428, ""actual_offset_global_ms"": 766275.365, ""actual_duration_ms"": 3884.937}]",,,,,,,,,,,,,,,,,,,,,,,,,,,,,,,,,,,,,,,,,,,,,,,,,,0.0,,,,,,,,,,,,,4.0,change,2.0,"[51.57, -229.08]","[[164.61, 127.22], [254.78, 254.32], [51.57, -229.08], [136.14, -124.44]]","[""blue"", ""green"", ""purple"", ""yellow""]","[""blue"", ""green"", ""red"", ""yellow""]",purple,red,s,same,5.0,1.0
008,008_T1_20260425_152320,PCPA,T1,adaptive,hci_substudy_v2,1,telemetry_v4,change_detection,4,formal_cd,formal,1,24,32,formal,N2_change,1777101800,177.467,2026-04-25T15:36:10.522,0,0,0,1,766280.049,766293.398,,,,,j,,1,1402.121,,,,769880.049,769965.815,771415.492,4000,1449.677,771415.492,"[{""stage_name"": ""fixation"", ""planned_duration_ms"": 100, ""intended_onset_ms"": 766280.049, ""actual_onset_global_ms"": 766293.398, ""actual_offset_global_ms"": 766396.503, ""actual_duration_ms"": 103.105}, {""stage_name"": ""memory_array"", ""planned_duration_ms"": 2500, ""intended_onset_ms"": 766380.049, ""actual_onset_global_ms"": 766427.558, ""actual_offset_global_ms"": 768922.422, ""actual_duration_ms"": 2494.864}, {""stage_name"": ""delay"", ""planned_duration_ms"": 1000, ""intended_onset_ms"": 768922.422, ""actual_onset_global_ms"": 768926.384, ""actual_offset_global_ms"": 769925.39, ""actual_duration_ms"": 999.006}, {""stage_name"": ""test_array"", ""planned_duration_ms"": 4000, ""intended_onset_ms"": 769925.39, ""actual_onset_global_ms"": 769965.815, ""actual_offset_global_ms"": 771415.492, ""actual_duration_ms"": 1449.677}]",,,,,,,,,,,,,,,,,,,,,,,,,,,,,,,,,,,,,,,,,,,,,,,,,,1.0,,,,,,,,,,,,,2.0,change,1.0,"[-168.55, -6.39]","[[135.5, 159.42], [-168.55, -6.39]]","[""purple"", ""blue""]","[""purple"", ""yellow""]",blue,yellow,j,change,2.0,1.0
008,008_T1_20260425_152320,PCPA,T1,adaptive,hci_substudy_v2,1,telemetry_v4,change_detection,4,formal_cd,formal,1,25,33,formal,N2_change,1777101800,177.467,2026-04-25T15:36:15.661,0,0,0,1,771419.806,771434.677,,,,,j,,1,3588.685,,,,775019.806,775088.954,778704.686,4000,3615.732,778704.686,"[{""stage_name"": ""fixation"", ""planned_duration_ms"": 100, ""intended_onset_ms"": 771419.806, ""actual_onset_global_ms"": 771434.677, ""actual_offset_global_ms"": 771530.36, ""actual_duration_ms"": 95.683}, {""stage_name"": ""memory_array"", ""planned_duration_ms"": 2500, ""intended_onset_ms"": 771519.806, ""actual_onset_global_ms"": 771563.223, ""actual_offset_global_ms"": 774045.191, ""actual_duration_ms"": 2481.968}, {""stage_name"": ""delay"", ""planned_duration_ms"": 1000, ""intended_onset_ms"": 774045.191, ""actual_onset_global_ms"": 774050.643, ""actual_offset_global_ms"": 775056.281, ""actual_duration_ms"": 1005.638}, {""stage_name"": ""test_array"", ""planned_duration_ms"": 4000, ""intended_onset_ms"": 775056.281, ""actual_onset_global_ms"": 775088.954, ""actual_offset_global_ms"": 778704.686, ""actual_duration_ms"": 3615.732}]",,,,,,,,,,,,,,,,,,,,,,,,,,,,,,,,,,,,,,,,,,,,,,,,,,1.0,,,,,,,,,,,,,2.0,change,0.0,"[230.5, -198.98]","[[230.5, -198.98], [-232.25, 29.44]]","[""yellow"", ""green""]","[""blue"", ""green""]",yellow,blue,j,change,2.0,1.0
008,008_T1_20260425_152320,PCPA,T1,adaptive,hci_substudy_v2,1,telemetry_v4,change_detection,4,formal_cd,formal,1,26,34,formal,N4_same,1777101800,177.467,2026-04-25T15:36:22.953,0,0,0,1,778710.371,778725.547,,,,,s,,1,1681.509,,,,782310.371,782467.424,784159.343,4000,1691.919,784159.343,"[{""stage_name"": ""fixation"", ""planned_duration_ms"": 100, ""intended_onset_ms"": 778710.371, ""actual_onset_global_ms"": 778725.547, ""actual_offset_global_ms"": 778826.475, ""actual_duration_ms"": 100.928}, {""stage_name"": ""memory_array"", ""planned_duration_ms"": 2500, ""intended_onset_ms"": 778810.371, ""actual_onset_global_ms"": 778896.081, ""actual_offset_global_ms"": 781387.414, ""actual_duration_ms"": 2491.333}, {""stage_name"": ""delay"", ""planned_duration_ms"": 1000, ""intended_onset_ms"": 781387.414, ""actual_onset_global_ms"": 781394.078, ""actual_offset_global_ms"": 782399.533, ""actual_duration_ms"": 1005.455}, {""stage_name"": ""test_array"", ""planned_duration_ms"": 4000, ""intended_onset_ms"": 782399.533, ""actual_onset_global_ms"": 782467.424, ""actual_offset_global_ms"": 784159.343, ""actual_duration_ms"": 1691.919}]",,,,,,,,,,,,,,,,,,,,,,,,,,,,,,,,,,,,,,,,,,,,,,,,,,1.0,,,,,,,,,,,,,4.0,same,2.0,"[5.76, -210.62]","[[174.08, 180.61], [-71.94, -86.87], [5.76, -210.62], [-186.12, 209.07]]","[""red"", ""yellow"", ""blue"", ""green""]","[""red"", ""yellow"", ""blue"", ""green""]",blue,blue,s,same,4.0,1.0
008,008_T1_20260425_152320,PCPA,T1,adaptive,hci_substudy_v2,1,telemetry_v4,change_detection,4,formal_cd,formal,1,27,35,formal,N4_same,1777101800,177.467,2026-04-25T15:36:28.406,0,0,0,1,784163.697,784178.75,,,,,s,,1,2175.169,,,,787763.697,787881.994,790124.059,4000,2242.065,790124.059,"[{""stage_name"": ""fixation"", ""planned_duration_ms"": 100, ""intended_onset_ms"": 784163.697, ""actual_onset_global_ms"": 784178.75, ""actual_offset_global_ms"": 784271.982, ""actual_duration_ms"": 93.232}, {""stage_name"": ""memory_array"", ""planned_duration_ms"": 2500, ""intended_onset_ms"": 784263.697, ""actual_onset_global_ms"": 784327.741, ""actual_offset_global_ms"": 786804.725, ""actual_duration_ms"": 2476.984}, {""stage_name"": ""delay"", ""planned_duration_ms"": 1000, ""intended_onset_ms"": 786804.725, ""actual_onset_global_ms"": 786810.305, ""actual_offset_global_ms"": 787812.159, ""actual_duration_ms"": 1001.854}, {""stage_name"": ""test_array"", ""planned_duration_ms"": 4000, ""intended_onset_ms"": 787812.159, ""actual_onset_global_ms"": 787881.994, ""actual_offset_global_ms"": 790124.059, ""actual_duration_ms"": 2242.065}]",,,,,,,,,,,,,,,,,,,,,,,,,,,,,,,,,,,,,,,,,,,,,,,,,,1.0,,,,,,,,,,,,,4.0,same,2.0,"[60.38, -229.66]","[[-240.14, -157.39], [-159.63, -33.04], [60.38, -229.66], [184.36, 100.95]]","[""green"", ""yellow"", ""purple"", ""red""]","[""green"", ""yellow"", ""purple"", ""red""]",purple,purple,s,same,4.0,1.0
008,008_T1_20260425_152320,PCPA,T1,adaptive,hci_substudy_v2,1,telemetry_v4,change_detection,4,formal_cd,formal,1,28,36,formal,N1_change,1777101800,177.467,2026-04-25T15:36:34.372,0,0,0,1,790129.416,790146.527,,,,,j,,1,2072.859,,,,793729.416,793780.187,795875.438,4000,2095.251,795875.438,"[{""stage_name"": ""fixation"", ""planned_duration_ms"": 100, ""intended_onset_ms"": 790129.416, ""actual_onset_global_ms"": 790146.527, ""actual_offset_global_ms"": 790244.851, ""actual_duration_ms"": 98.324}, {""stage_name"": ""memory_array"", ""planned_duration_ms"": 2500, ""intended_onset_ms"": 790229.416, ""actual_onset_global_ms"": 790274.742, ""actual_offset_global_ms"": 792749.513, ""actual_duration_ms"": 2474.771}, {""stage_name"": ""delay"", ""planned_duration_ms"": 1000, ""intended_onset_ms"": 792749.513, ""actual_onset_global_ms"": 792756.11, ""actual_offset_global_ms"": 793755.422, ""actual_duration_ms"": 999.312}, {""stage_name"": ""test_array"", ""planned_duration_ms"": 4000, ""intended_onset_ms"": 793755.422, ""actual_onset_global_ms"": 793780.187, ""actual_offset_global_ms"": 795875.438, ""actual_duration_ms"": 2095.251}]",,,,,,,,,,,,,,,,,,,,,,,,,,,,,,,,,,,,,,,,,,,,,,,,,,1.0,,,,,,,,,,,,,1.0,change,0.0,"[-34.01, 171.98]","[[-34.01, 171.98]]","[""purple""]","[""blue""]",purple,blue,j,change,1.0,1.0
008,008_T1_20260425_152320,PCPA,T1,adaptive,hci_substudy_v2,1,telemetry_v4,change_detection,4,formal_cd,formal,1,29,37,formal,N2_same,1777101800,177.467,2026-04-25T15:36:40.124,0,0,0,1,795881.671,795895.693,,,,,s,,1,5126.01,,,,799481.671,799553.021,804713.184,4000,5160.163,804713.184,"[{""stage_name"": ""fixation"", ""planned_duration_ms"": 100, ""intended_onset_ms"": 795881.671, ""actual_onset_global_ms"": 795895.693, ""actual_offset_global_ms"": 795999.453, ""actual_duration_ms"": 103.76}, {""stage_name"": ""memory_array"", ""planned_duration_ms"": 2500, ""intended_onset_ms"": 795981.671, ""actual_onset_global_ms"": 796041.653, ""actual_offset_global_ms"": 798503.188, ""actual_duration_ms"": 2461.535}, {""stage_name"": ""delay"", ""planned_duration_ms"": 1000, ""intended_onset_ms"": 798503.188, ""actual_onset_global_ms"": 798509.279, ""actual_offset_global_ms"": 799509.707, ""actual_duration_ms"": 1000.428}, {""stage_name"": ""test_array"", ""planned_duration_ms"": 4000, ""intended_onset_ms"": 799509.707, ""actual_onset_global_ms"": 799553.021, ""actual_offset_global_ms"": 804713.184, ""actual_duration_ms"": 5160.163}]",,,,,,,,,,,,,,,,,,,,,,,,,,,,,,,,,,,,,,,,,,,,,,,,,,1.0,,,,,,,,,,,,,2.0,same,0.0,"[-62.59, 187.4]","[[-62.59, 187.4], [169.06, 165.86]]","[""purple"", ""red""]","[""purple"", ""red""]",purple,purple,s,same,2.0,1.0
008,008_T1_20260425_152320,PCPA,T1,adaptive,hci_substudy_v2,1,telemetry_v4,change_detection,4,formal_cd,formal,1,30,38,formal,N4_change,1777101800,177.467,2026-04-25T15:36:48.960,0,0,0,1,804718.065,804734.445,,,,,j,,1,2677.164,,,,808318.065,808420.955,811114.146,4000,2693.191,811114.146,"[{""stage_name"": ""fixation"", ""planned_duration_ms"": 100, ""intended_onset_ms"": 804718.065, ""actual_onset_global_ms"": 804734.445, ""actual_offset_global_ms"": 804835.369, ""actual_duration_ms"": 100.924}, {""stage_name"": ""memory_array"", ""planned_duration_ms"": 2500, ""intended_onset_ms"": 804818.065, ""actual_onset_global_ms"": 804903.751, ""actual_offset_global_ms"": 807345.408, ""actual_duration_ms"": 2441.657}, {""stage_name"": ""delay"", ""planned_duration_ms"": 1000, ""intended_onset_ms"": 807345.408, ""actual_onset_global_ms"": 807352.275, ""actual_offset_global_ms"": 808350.433, ""actual_duration_ms"": 998.158}, {""stage_name"": ""test_array"", ""planned_duration_ms"": 4000, ""intended_onset_ms"": 808350.433, ""actual_onset_global_ms"": 808420.955, ""actual_offset_global_ms"": 811114.146, ""actual_duration_ms"": 2693.191}]",,,,,,,,,,,,,,,,,,,,,,,,,,,,,,,,,,,,,,,,,,,,,,,,,,1.0,,,,,,,,,,,,,4.0,change,2.0,"[174.27, -162.77]","[[-53.01, -232.99], [134.34, 153.79], [174.27, -162.77], [-237.86, 153.11]]","[""green"", ""yellow"", ""blue"", ""purple""]","[""green"", ""yellow"", ""red"", ""purple""]",blue,red,j,change,4.0,1.0
008,008_T1_20260425_152320,PCPA,T1,adaptive,hci_substudy_v2,1,telemetry_v4,change_detection,4,formal_cd,formal,1,31,39,formal,N2_same,1777101800,177.467,2026-04-25T15:36:55.361,0,0,0,1,811118.773,811132.555,,,,,s,,1,1926.642,,,,814718.773,814816.369,816785.996,4000,1969.627,816785.996,"[{""stage_name"": ""fixation"", ""planned_duration_ms"": 100, ""intended_onset_ms"": 811118.773, ""actual_onset_global_ms"": 811132.555, ""actual_offset_global_ms"": 811236.052, ""actual_duration_ms"": 103.497}, {""stage_name"": ""memory_array"", ""planned_duration_ms"": 2500, ""intended_onset_ms"": 811218.773, ""actual_onset_global_ms"": 811266.889, ""actual_offset_global_ms"": 813772.305, ""actual_duration_ms"": 2505.416}, {""stage_name"": ""delay"", ""planned_duration_ms"": 1000, ""intended_onset_ms"": 813772.305, ""actual_onset_global_ms"": 813776.504, ""actual_offset_global_ms"": 814774.733, ""actual_duration_ms"": 998.229}, {""stage_name"": ""test_array"", ""planned_duration_ms"": 4000, ""intended_onset_ms"": 814774.733, ""actual_onset_global_ms"": 814816.369, ""actual_offset_global_ms"": 816785.996, ""actual_duration_ms"": 1969.627}]",,,,,,,,,,,,,,,,,,,,,,,,,,,,,,,,,,,,,,,,,,,,,,,,,,1.0,,,,,,,,,,,,,2.0,same,1.0,"[23.04, 116.48]","[[235.15, -34.56], [23.04, 116.48]]","[""green"", ""blue""]","[""green"", ""blue""]",blue,blue,s,same,2.0,1.0
008,008_T1_20260425_152320,PCPA,T1,adaptive,hci_substudy_v2,1,telemetry_v4,change_detection,4,formal_cd,formal,1,32,40,formal,N4_change,1777101800,177.467,2026-04-25T15:37:01.033,0,0,0,1,816790.864,816806.976,,,,,j,,0,2184.219,,,,820390.864,820488.468,822751.897,4000,2263.429,822751.897,"[{""stage_name"": ""fixation"", ""planned_duration_ms"": 100, ""intended_onset_ms"": 816790.864, ""actual_onset_global_ms"": 816806.976, ""actual_offset_global_ms"": 816902.743, ""actual_duration_ms"": 95.767}, {""stage_name"": ""memory_array"", ""planned_duration_ms"": 2500, ""intended_onset_ms"": 816890.864, ""actual_onset_global_ms"": 816968.826, ""actual_offset_global_ms"": 819404.311, ""actual_duration_ms"": 2435.485}, {""stage_name"": ""delay"", ""planned_duration_ms"": 1000, ""intended_onset_ms"": 819404.311, ""actual_onset_global_ms"": 819409.914, ""actual_offset_global_ms"": 820415.816, ""actual_duration_ms"": 1005.902}, {""stage_name"": ""test_array"", ""planned_duration_ms"": 4000, ""intended_onset_ms"": 820415.816, ""actual_onset_global_ms"": 820488.468, ""actual_offset_global_ms"": 822751.897, ""actual_duration_ms"": 2263.429}]",,,,,,,,,,,,,,,,,,,,,,,,,,,,,,,,,,,,,,,,,,,,,,,,,,0.0,,,,,,,,,,,,,4.0,change,2.0,"[67.09, 140.73]","[[97.59, -250.1], [-92.87, 227.51], [67.09, 140.73], [-241.86, -66.97]]","[""green"", ""yellow"", ""red"", ""purple""]","[""green"", ""yellow"", ""blue"", ""purple""]",red,blue,s,same,6.0,1.0
008,008_T1_20260425_152320,PCPA,T1,adaptive,hci_substudy_v2,1,telemetry_v4,change_detection,4,formal_cd,formal,1,33,41,formal,N2_change,1777101800,177.467,2026-04-25T15:37:07.000,0,0,0,1,822757.751,822773.21,,,,,j,,0,7481.97,,,,826357.751,826435.971,833963.069,4000,7527.098,833963.069,"[{""stage_name"": ""fixation"", ""planned_duration_ms"": 100, ""intended_onset_ms"": 822757.751, ""actual_onset_global_ms"": 822773.21, ""actual_offset_global_ms"": 822875.799, ""actual_duration_ms"": 102.589}, {""stage_name"": ""memory_array"", ""planned_duration_ms"": 2500, ""intended_onset_ms"": 822857.751, ""actual_onset_global_ms"": 822914.629, ""actual_offset_global_ms"": 825392.915, ""actual_duration_ms"": 2478.286}, {""stage_name"": ""delay"", ""planned_duration_ms"": 1000, ""intended_onset_ms"": 825392.915, ""actual_onset_global_ms"": 825398.867, ""actual_offset_global_ms"": 826395.881, ""actual_duration_ms"": 997.014}, {""stage_name"": ""test_array"", ""planned_duration_ms"": 4000, ""intended_onset_ms"": 826395.881, ""actual_onset_global_ms"": 826435.971, ""actual_offset_global_ms"": 833963.069, ""actual_duration_ms"": 7527.098}]",,,,,,,,,,,,,,,,,,,,,,,,,,,,,,,,,,,,,,,,,,,,,,,,,,0.0,,,,,,,,,,,,,2.0,change,0.0,"[60.3, -77.84]","[[60.3, -77.84], [209.17, 86.45]]","[""purple"", ""yellow""]","[""red"", ""yellow""]",purple,red,s,same,3.0,1.0
008,008_T1_20260425_152320,PCPA,T1,adaptive,hci_substudy_v2,1,telemetry_v4,change_detection,4,formal_cd,formal,1,34,42,formal,N1_same,1777101800,177.467,2026-04-25T15:37:18.211,0,0,0,1,833968.674,833985.509,,,,,s,,1,1197.051,,,,837568.674,837630.661,838853.414,4000,1222.753,838853.414,"[{""stage_name"": ""fixation"", ""planned_duration_ms"": 100, ""intended_onset_ms"": 833968.674, ""actual_onset_global_ms"": 833985.509, ""actual_offset_global_ms"": 834087.826, ""actual_duration_ms"": 102.317}, {""stage_name"": ""memory_array"", ""planned_duration_ms"": 2500, ""intended_onset_ms"": 834068.674, ""actual_onset_global_ms"": 834111.792, ""actual_offset_global_ms"": 836597.291, ""actual_duration_ms"": 2485.499}, {""stage_name"": ""delay"", ""planned_duration_ms"": 1000, ""intended_onset_ms"": 836597.291, ""actual_onset_global_ms"": 836605.574, ""actual_offset_global_ms"": 837603.922, ""actual_duration_ms"": 998.348}, {""stage_name"": ""test_array"", ""planned_duration_ms"": 4000, ""intended_onset_ms"": 837603.922, ""actual_onset_global_ms"": 837630.661, ""actual_offset_global_ms"": 838853.414, ""actual_duration_ms"": 1222.753}]",,,,,,,,,,,,,,,,,,,,,,,,,,,,,,,,,,,,,,,,,,,,,,,,,,1.0,,,,,,,,,,,,,1.0,same,0.0,"[139.78, 82.34]","[[139.78, 82.34]]","[""purple""]","[""purple""]",purple,purple,s,same,1.0,1.0
008,008_T1_20260425_152320,PCPA,T1,adaptive,hci_substudy_v2,1,telemetry_v4,change_detection,4,formal_cd,formal,1,35,43,formal,N3_same,1777101800,177.467,2026-04-25T15:37:23.101,0,0,0,1,838859.03,838875.59,,,,,s,,1,2811.909,,,,842459.03,842588.634,845438.421,4000,2849.787,845438.421,"[{""stage_name"": ""fixation"", ""planned_duration_ms"": 100, ""intended_onset_ms"": 838859.03, ""actual_onset_global_ms"": 838875.59, ""actual_offset_global_ms"": 838976.768, ""actual_duration_ms"": 101.178}, {""stage_name"": ""memory_array"", ""planned_duration_ms"": 2500, ""intended_onset_ms"": 838959.03, ""actual_onset_global_ms"": 839031.971, ""actual_offset_global_ms"": 841525.063, ""actual_duration_ms"": 2493.092}, {""stage_name"": ""delay"", ""planned_duration_ms"": 1000, ""intended_onset_ms"": 841525.063, ""actual_onset_global_ms"": 841529.265, ""actual_offset_global_ms"": 842532.531, ""actual_duration_ms"": 1003.266}, {""stage_name"": ""test_array"", ""planned_duration_ms"": 4000, ""intended_onset_ms"": 842532.531, ""actual_onset_global_ms"": 842588.634, ""actual_offset_global_ms"": 845438.421, ""actual_duration_ms"": 2849.787}]",,,,,,,,,,,,,,,,,,,,,,,,,,,,,,,,,,,,,,,,,,,,,,,,,,1.0,,,,,,,,,,,,,3.0,same,1.0,"[78.04, 90.19]","[[55.03, 222.26], [78.04, 90.19], [193.86, -88.27]]","[""yellow"", ""purple"", ""red""]","[""yellow"", ""purple"", ""red""]",purple,purple,s,same,3.0,1.0
008,008_T1_20260425_152320,PCPA,T1,adaptive,hci_substudy_v2,1,telemetry_v4,change_detection,4,formal_cd,formal,1,36,44,formal,N3_change,1777101800,177.467,2026-04-25T15:37:29.687,0,0,0,1,845444.756,845459.465,,,,,j,,1,1920.559,,,,849044.756,849159.361,851090.508,4000,1931.147,851090.508,"[{""stage_name"": ""fixation"", ""planned_duration_ms"": 100, ""intended_onset_ms"": 845444.756, ""actual_onset_global_ms"": 845459.465, ""actual_offset_global_ms"": 845560.918, ""actual_duration_ms"": 101.453}, {""stage_name"": ""memory_array"", ""planned_duration_ms"": 2500, ""intended_onset_ms"": 845544.756, ""actual_onset_global_ms"": 845616.123, ""actual_offset_global_ms"": 848093.088, ""actual_duration_ms"": 2476.965}, {""stage_name"": ""delay"", ""planned_duration_ms"": 1000, ""intended_onset_ms"": 848093.088, ""actual_onset_global_ms"": 848099.555, ""actual_offset_global_ms"": 849102.761, ""actual_duration_ms"": 1003.206}, {""stage_name"": ""test_array"", ""planned_duration_ms"": 4000, ""intended_onset_ms"": 849102.761, ""actual_onset_global_ms"": 849159.361, ""actual_offset_global_ms"": 851090.508, ""actual_duration_ms"": 1931.147}]",,,,,,,,,,,,,,,,,,,,,,,,,,,,,,,,,,,,,,,,,,,,,,,,,,1.0,,,,,,,,,,,,,3.0,change,2.0,"[249.66, -6.79]","[[159.48, -67.41], [98.79, 71.65], [249.66, -6.79]]","[""yellow"", ""green"", ""purple""]","[""yellow"", ""green"", ""red""]",purple,red,j,change,3.0,1.0
008,008_T1_20260425_152320,PCPA,T1,adaptive,hci_substudy_v2,1,telemetry_v4,change_detection,4,formal_cd,formal,1,37,45,formal,N1_change,1777101800,177.467,2026-04-25T15:37:35.337,0,0,0,1,851095.114,851110.915,,,,,j,,1,1986.382,,,,854695.114,854750.831,856774.848,4000,2024.017,856774.848,"[{""stage_name"": ""fixation"", ""planned_duration_ms"": 100, ""intended_onset_ms"": 851095.114, ""actual_onset_global_ms"": 851110.915, ""actual_offset_global_ms"": 851206.653, ""actual_duration_ms"": 95.738}, {""stage_name"": ""memory_array"", ""planned_duration_ms"": 2500, ""intended_onset_ms"": 851195.114, ""actual_onset_global_ms"": 851226.676, ""actual_offset_global_ms"": 853716.998, ""actual_duration_ms"": 2490.322}, {""stage_name"": ""delay"", ""planned_duration_ms"": 1000, ""intended_onset_ms"": 853716.998, ""actual_onset_global_ms"": 853723.401, ""actual_offset_global_ms"": 854724.261, ""actual_duration_ms"": 1000.86}, {""stage_name"": ""test_array"", ""planned_duration_ms"": 4000, ""intended_onset_ms"": 854724.261, ""actual_onset_global_ms"": 854750.831, ""actual_offset_global_ms"": 856774.848, ""actual_duration_ms"": 2024.017}]",,,,,,,,,,,,,,,,,,,,,,,,,,,,,,,,,,,,,,,,,,,,,,,,,,1.0,,,,,,,,,,,,,1.0,change,0.0,"[224.67, 65.94]","[[224.67, 65.94]]","[""yellow""]","[""green""]",yellow,green,j,change,1.0,1.0
008,008_T1_20260425_152320,PCPA,T1,adaptive,hci_substudy_v2,1,telemetry_v4,change_detection,4,formal_cd,formal,1,38,46,formal,N1_same,1777101800,177.467,2026-04-25T15:37:41.024,0,0,0,1,856780.964,856794.887,,,,,s,,1,2702.891,,,,860380.964,860448.765,863186.903,4000,2738.138,863186.903,"[{""stage_name"": ""fixation"", ""planned_duration_ms"": 100, ""intended_onset_ms"": 856780.964, ""actual_onset_global_ms"": 856794.887, ""actual_offset_global_ms"": 856891.46, ""actual_duration_ms"": 96.573}, {""stage_name"": ""memory_array"", ""planned_duration_ms"": 2500, ""intended_onset_ms"": 856880.964, ""actual_onset_global_ms"": 856917.728, ""actual_offset_global_ms"": 859407.653, ""actual_duration_ms"": 2489.925}, {""stage_name"": ""delay"", ""planned_duration_ms"": 1000, ""intended_onset_ms"": 859407.653, ""actual_onset_global_ms"": 859414.947, ""actual_offset_global_ms"": 860419.654, ""actual_duration_ms"": 1004.707}, {""stage_name"": ""test_array"", ""planned_duration_ms"": 4000, ""intended_onset_ms"": 860419.654, ""actual_onset_global_ms"": 860448.765, ""actual_offset_global_ms"": 863186.903, ""actual_duration_ms"": 2738.138}]",,,,,,,,,,,,,,,,,,,,,,,,,,,,,,,,,,,,,,,,,,,,,,,,,,1.0,,,,,,,,,,,,,1.0,same,0.0,"[-84.38, -32.56]","[[-84.38, -32.56]]","[""blue""]","[""blue""]",blue,blue,s,same,1.0,1.0
008,008_T1_20260425_152320,PCPA,T1,adaptive,hci_substudy_v2,1,telemetry_v4,change_detection,4,formal_cd,formal,1,39,47,formal,N1_same,1777101800,177.467,2026-04-25T15:37:47.435,0,0,0,1,863192.799,863209.56,,,,,s,,1,1604.527,,,,866792.799,866850.975,868469.765,4000,1618.79,868469.765,"[{""stage_name"": ""fixation"", ""planned_duration_ms"": 100, ""intended_onset_ms"": 863192.799, ""actual_onset_global_ms"": 863209.56, ""actual_offset_global_ms"": 863309.274, ""actual_duration_ms"": 99.714}, {""stage_name"": ""memory_array"", ""planned_duration_ms"": 2500, ""intended_onset_ms"": 863292.799, ""actual_onset_global_ms"": 863334.997, ""actual_offset_global_ms"": 865817.204, ""actual_duration_ms"": 2482.207}, {""stage_name"": ""delay"", ""planned_duration_ms"": 1000, ""intended_onset_ms"": 865817.204, ""actual_onset_global_ms"": 865824.444, ""actual_offset_global_ms"": 866821.853, ""actual_duration_ms"": 997.409}, {""stage_name"": ""test_array"", ""planned_duration_ms"": 4000, ""intended_onset_ms"": 866821.853, ""actual_onset_global_ms"": 866850.975, ""actual_offset_global_ms"": 868469.765, ""actual_duration_ms"": 1618.79}]",,,,,,,,,,,,,,,,,,,,,,,,,,,,,,,,,,,,,,,,,,,,,,,,,,1.0,,,,,,,,,,,,,1.0,same,0.0,"[220.67, 70.13]","[[220.67, 70.13]]","[""green""]","[""green""]",green,green,s,same,1.0,1.0
008,008_T1_20260425_152320,PCPA,T1,adaptive,hci_substudy_v2,1,telemetry_v4,change_detection,4,formal_cd,formal,1,40,48,formal,N3_change,1777101800,177.467,2026-04-25T15:37:52.717,0,0,0,1,868475.575,868492.923,,,,,j,,1,2821.597,,,,872075.575,872167.011,875046.677,4000,2879.666,875046.677,"[{""stage_name"": ""fixation"", ""planned_duration_ms"": 100, ""intended_onset_ms"": 868475.575, ""actual_onset_global_ms"": 868492.923, ""actual_offset_global_ms"": 868581.911, ""actual_duration_ms"": 88.988}, {""stage_name"": ""memory_array"", ""planned_duration_ms"": 2500, ""intended_onset_ms"": 868575.575, ""actual_onset_global_ms"": 868639.575, ""actual_offset_global_ms"": 871102.006, ""actual_duration_ms"": 2462.431}, {""stage_name"": ""delay"", ""planned_duration_ms"": 1000, ""intended_onset_ms"": 871102.006, ""actual_onset_global_ms"": 871108.165, ""actual_offset_global_ms"": 872112.256, ""actual_duration_ms"": 1004.091}, {""stage_name"": ""test_array"", ""planned_duration_ms"": 4000, ""intended_onset_ms"": 872112.256, ""actual_onset_global_ms"": 872167.011, ""actual_offset_global_ms"": 875046.677, ""actual_duration_ms"": 2879.666}]",,,,,,,,,,,,,,,,,,,,,,,,,,,,,,,,,,,,,,,,,,,,,,,,,,1.0,,,,,,,,,,,,,3.0,change,2.0,"[181.92, 107.15]","[[-110.73, 50.75], [-2.91, -245.41], [181.92, 107.15]]","[""blue"", ""yellow"", ""green""]","[""blue"", ""yellow"", ""purple""]",green,purple,j,change,3.0,1.0
008,008_T1_20260425_152320,PCPA,T1,adaptive,hci_substudy_v2,1,telemetry_v4,change_detection,4,formal_cd,formal,1,41,49,formal,N3_change,1777101800,177.467,2026-04-25T15:37:59.295,0,0,0,1,875052.539,875066.947,,,,,j,,1,1529.021,,,,878652.539,878778.669,880353.32,4000,1574.651,880353.32,"[{""stage_name"": ""fixation"", ""planned_duration_ms"": 100, ""intended_onset_ms"": 875052.539, ""actual_onset_global_ms"": 875066.947, ""actual_offset_global_ms"": 875164.856, ""actual_duration_ms"": 97.909}, {""stage_name"": ""memory_array"", ""planned_duration_ms"": 2500, ""intended_onset_ms"": 875152.539, ""actual_onset_global_ms"": 875218.698, ""actual_offset_global_ms"": 877721.411, ""actual_duration_ms"": 2502.713}, {""stage_name"": ""delay"", ""planned_duration_ms"": 1000, ""intended_onset_ms"": 877721.411, ""actual_onset_global_ms"": 877726.333, ""actual_offset_global_ms"": 878725.78, ""actual_duration_ms"": 999.447}, {""stage_name"": ""test_array"", ""planned_duration_ms"": 4000, ""intended_onset_ms"": 878725.78, ""actual_onset_global_ms"": 878778.669, ""actual_offset_global_ms"": 880353.32, ""actual_duration_ms"": 1574.651}]",,,,,,,,,,,,,,,,,,,,,,,,,,,,,,,,,,,,,,,,,,,,,,,,,,1.0,,,,,,,,,,,,,3.0,change,0.0,"[-17.2, 156.7]","[[-17.2, 156.7], [80.61, 229.93], [196.08, -231.11]]","[""blue"", ""green"", ""red""]","[""purple"", ""green"", ""red""]",blue,purple,j,change,3.0,1.0
008,008_T1_20260425_152320,PCPA,T1,adaptive,hci_substudy_v2,1,telemetry_v4,change_detection,4,formal_cd,formal,1,42,50,formal,N3_same,1777101800,177.467,2026-04-25T15:38:04.601,0,0,0,1,880358.921,880375.788,,,,,s,,0,4055.518,,,,883958.921,884079.986,888192.784,4000,4112.798,888192.784,"[{""stage_name"": ""fixation"", ""planned_duration_ms"": 100, ""intended_onset_ms"": 880358.921, ""actual_onset_global_ms"": 880375.788, ""actual_offset_global_ms"": 880475.373, ""actual_duration_ms"": 99.585}, {""stage_name"": ""memory_array"", ""planned_duration_ms"": 2500, ""intended_onset_ms"": 880458.921, ""actual_onset_global_ms"": 880530.142, ""actual_offset_global_ms"": 883022.724, ""actual_duration_ms"": 2492.582}, {""stage_name"": ""delay"", ""planned_duration_ms"": 1000, ""intended_onset_ms"": 883022.724, ""actual_onset_global_ms"": 883026.256, ""actual_offset_global_ms"": 884027.119, ""actual_duration_ms"": 1000.863}, {""stage_name"": ""test_array"", ""planned_duration_ms"": 4000, ""intended_onset_ms"": 884027.119, ""actual_onset_global_ms"": 884079.986, ""actual_offset_global_ms"": 888192.784, ""actual_duration_ms"": 4112.798}]",,,,,,,,,,,,,,,,,,,,,,,,,,,,,,,,,,,,,,,,,,,,,,,,,,0.0,,,,,,,,,,,,,3.0,same,2.0,"[-249.51, -155.87]","[[-161.16, -74.59], [-155.52, 180.95], [-249.51, -155.87]]","[""red"", ""blue"", ""green""]","[""red"", ""blue"", ""green""]",green,green,j,change,5.0,1.0
008,008_T1_20260425_152320,PCPA,T1,adaptive,hci_substudy_v2,1,telemetry_v4,change_detection,4,formal_cd,formal,1,43,51,formal,N4_same,1777101800,177.467,2026-04-25T15:38:12.441,0,0,0,1,888198.776,888212.87,,,,,s,,0,2804.527,,,,891798.776,891976.09,894841.364,4000,2865.274,894841.364,"[{""stage_name"": ""fixation"", ""planned_duration_ms"": 100, ""intended_onset_ms"": 888198.776, ""actual_onset_global_ms"": 888212.87, ""actual_offset_global_ms"": 888317.827, ""actual_duration_ms"": 104.957}, {""stage_name"": ""memory_array"", ""planned_duration_ms"": 2500, ""intended_onset_ms"": 888298.776, ""actual_onset_global_ms"": 888384.557, ""actual_offset_global_ms"": 890886.822, ""actual_duration_ms"": 2502.265}, {""stage_name"": ""delay"", ""planned_duration_ms"": 1000, ""intended_onset_ms"": 890886.822, ""actual_onset_global_ms"": 890891.469, ""actual_offset_global_ms"": 891901.714, ""actual_duration_ms"": 1010.245}, {""stage_name"": ""test_array"", ""planned_duration_ms"": 4000, ""intended_onset_ms"": 891901.714, ""actual_onset_global_ms"": 891976.09, ""actual_offset_global_ms"": 894841.364, ""actual_duration_ms"": 2865.274}]",,,,,,,,,,,,,,,,,,,,,,,,,,,,,,,,,,,,,,,,,,,,,,,,,,0.0,,,,,,,,,,,,,4.0,same,1.0,"[149.78, -102.2]","[[-175.78, -122.95], [149.78, -102.2], [-71.37, -115.14], [82.54, 189.38]]","[""yellow"", ""purple"", ""green"", ""blue""]","[""yellow"", ""purple"", ""green"", ""blue""]",purple,purple,j,change,4.0,1.0
008,008_T1_20260425_152320,PCPA,T1,adaptive,hci_substudy_v2,1,telemetry_v4,change_detection,4,formal_cd,formal,1,44,52,formal,N1_change,1777101800,177.467,2026-04-25T15:38:19.090,0,0,0,1,894847.572,894866.977,,,,,j,,1,5960.805,,,,898447.572,898500.975,904481.397,4000,5980.422,904481.397,"[{""stage_name"": ""fixation"", ""planned_duration_ms"": 100, ""intended_onset_ms"": 894847.572, ""actual_onset_global_ms"": 894866.977, ""actual_offset_global_ms"": 894956.119, ""actual_duration_ms"": 89.142}, {""stage_name"": ""memory_array"", ""planned_duration_ms"": 2500, ""intended_onset_ms"": 894947.572, ""actual_onset_global_ms"": 894982.284, ""actual_offset_global_ms"": 897466.88, ""actual_duration_ms"": 2484.596}, {""stage_name"": ""delay"", ""planned_duration_ms"": 1000, ""intended_onset_ms"": 897466.88, ""actual_onset_global_ms"": 897473.508, ""actual_offset_global_ms"": 898475.16, ""actual_duration_ms"": 1001.652}, {""stage_name"": ""test_array"", ""planned_duration_ms"": 4000, ""intended_onset_ms"": 898475.16, ""actual_onset_global_ms"": 898500.975, ""actual_offset_global_ms"": 904481.397, ""actual_duration_ms"": 5980.422}]",,,,,,,,,,,,,,,,,,,,,,,,,,,,,,,,,,,,,,,,,,,,,,,,,,1.0,,,,,,,,,,,,,1.0,change,0.0,"[-2.17, 118.48]","[[-2.17, 118.48]]","[""green""]","[""yellow""]",green,yellow,j,change,1.0,1.0
008,008_T1_20260425_152320,PCPA,T1,adaptive,hci_substudy_v2,1,telemetry_v4,change_detection,4,formal_cd,formal,1,45,53,formal,N1_same,1777101800,177.467,2026-04-25T15:38:28.731,0,0,0,1,904489.11,904503.083,,,,,s,,0,2167.756,,,,908089.11,908160.716,910338.595,4000,2177.879,910338.595,"[{""stage_name"": ""fixation"", ""planned_duration_ms"": 100, ""intended_onset_ms"": 904489.11, ""actual_onset_global_ms"": 904503.083, ""actual_offset_global_ms"": 904600.24, ""actual_duration_ms"": 97.157}, {""stage_name"": ""memory_array"", ""planned_duration_ms"": 2500, ""intended_onset_ms"": 904589.11, ""actual_onset_global_ms"": 904625.856, ""actual_offset_global_ms"": 907126.436, ""actual_duration_ms"": 2500.58}, {""stage_name"": ""delay"", ""planned_duration_ms"": 1000, ""intended_onset_ms"": 907126.436, ""actual_onset_global_ms"": 907131.19, ""actual_offset_global_ms"": 908135.04, ""actual_duration_ms"": 1003.85}, {""stage_name"": ""test_array"", ""planned_duration_ms"": 4000, ""intended_onset_ms"": 908135.04, ""actual_onset_global_ms"": 908160.716, ""actual_offset_global_ms"": 910338.595, ""actual_duration_ms"": 2177.879}]",,,,,,,,,,,,,,,,,,,,,,,,,,,,,,,,,,,,,,,,,,,,,,,,,,0.0,,,,,,,,,,,,,1.0,same,0.0,"[80.66, -49.57]","[[80.66, -49.57]]","[""blue""]","[""blue""]",blue,blue,j,change,2.0,1.0
008,008_T1_20260425_152320,PCPA,T1,adaptive,hci_substudy_v2,1,telemetry_v4,change_detection,4,formal_cd,formal,1,46,54,formal,N2_same,1777101800,177.467,2026-04-25T15:38:34.587,0,0,0,1,910345.07,910361.014,,,,,s,,1,2392.576,,,,913945.07,914032.873,916445.725,4000,2412.852,916445.725,"[{""stage_name"": ""fixation"", ""planned_duration_ms"": 100, ""intended_onset_ms"": 910345.07, ""actual_onset_global_ms"": 910361.014, ""actual_offset_global_ms"": 910456.757, ""actual_duration_ms"": 95.743}, {""stage_name"": ""memory_array"", ""planned_duration_ms"": 2500, ""intended_onset_ms"": 910445.07, ""actual_onset_global_ms"": 910494.772, ""actual_offset_global_ms"": 912989.239, ""actual_duration_ms"": 2494.467}, {""stage_name"": ""delay"", ""planned_duration_ms"": 1000, ""intended_onset_ms"": 912989.239, ""actual_onset_global_ms"": 912992.949, ""actual_offset_global_ms"": 913992.588, ""actual_duration_ms"": 999.639}, {""stage_name"": ""test_array"", ""planned_duration_ms"": 4000, ""intended_onset_ms"": 913992.588, ""actual_onset_global_ms"": 914032.873, ""actual_offset_global_ms"": 916445.725, ""actual_duration_ms"": 2412.852}]",,,,,,,,,,,,,,,,,,,,,,,,,,,,,,,,,,,,,,,,,,,,,,,,,,1.0,,,,,,,,,,,,,2.0,same,1.0,"[47.05, 211.48]","[[67.88, -216.3], [47.05, 211.48]]","[""green"", ""purple""]","[""green"", ""purple""]",purple,purple,s,same,2.0,1.0
008,008_T1_20260425_152320,PCPA,T1,adaptive,hci_substudy_v2,1,telemetry_v4,change_detection,4,formal_cd,formal,1,47,55,formal,N2_same,1777101800,177.467,2026-04-25T15:38:40.695,0,0,0,1,916452.186,916469.01,,,,,s,,1,1314.955,,,,920052.186,920137.686,921490.591,4000,1352.905,921490.591,"[{""stage_name"": ""fixation"", ""planned_duration_ms"": 100, ""intended_onset_ms"": 916452.186, ""actual_onset_global_ms"": 916469.01, ""actual_offset_global_ms"": 916567.187, ""actual_duration_ms"": 98.177}, {""stage_name"": ""memory_array"", ""planned_duration_ms"": 2500, ""intended_onset_ms"": 916552.186, ""actual_onset_global_ms"": 916606.328, ""actual_offset_global_ms"": 919090.883, ""actual_duration_ms"": 2484.555}, {""stage_name"": ""delay"", ""planned_duration_ms"": 1000, ""intended_onset_ms"": 919090.883, ""actual_onset_global_ms"": 919097.222, ""actual_offset_global_ms"": 920097.534, ""actual_duration_ms"": 1000.312}, {""stage_name"": ""test_array"", ""planned_duration_ms"": 4000, ""intended_onset_ms"": 920097.534, ""actual_onset_global_ms"": 920137.686, ""actual_offset_global_ms"": 921490.591, ""actual_duration_ms"": 1352.905}]",,,,,,,,,,,,,,,,,,,,,,,,,,,,,,,,,,,,,,,,,,,,,,,,,,1.0,,,,,,,,,,,,,2.0,same,0.0,"[-161.9, 216.38]","[[-161.9, 216.38], [104.7, 188.3]]","[""red"", ""blue""]","[""red"", ""blue""]",red,red,s,same,2.0,1.0
008,008_T1_20260425_152320,PCPA,T1,adaptive,hci_substudy_v2,1,telemetry_v4,change_detection,4,formal_cd,formal,1,48,56,formal,N2_change,1777101800,177.467,2026-04-25T15:38:45.738,0,0,0,1,921495.541,921510.97,,,,,j,,1,2119.031,,,,925095.541,925183.913,927337.831,4000,2153.918,927337.831,"[{""stage_name"": ""fixation"", ""planned_duration_ms"": 100, ""intended_onset_ms"": 921495.541, ""actual_onset_global_ms"": 921510.97, ""actual_offset_global_ms"": 921611.872, ""actual_duration_ms"": 100.902}, {""stage_name"": ""memory_array"", ""planned_duration_ms"": 2500, ""intended_onset_ms"": 921595.541, ""actual_onset_global_ms"": 921643.949, ""actual_offset_global_ms"": 924135.322, ""actual_duration_ms"": 2491.373}, {""stage_name"": ""delay"", ""planned_duration_ms"": 1000, ""intended_onset_ms"": 924135.322, ""actual_onset_global_ms"": 924141.406, ""actual_offset_global_ms"": 925143.253, ""actual_duration_ms"": 1001.847}, {""stage_name"": ""test_array"", ""planned_duration_ms"": 4000, ""intended_onset_ms"": 925143.253, ""actual_onset_global_ms"": 925183.913, ""actual_offset_global_ms"": 927337.831, ""actual_duration_ms"": 2153.918}]",,,,,,,,,,,,,,,,,,,,,,,,,,,,,,,,,,,,,,,,,,,,,,,,,,1.0,,,,,,,,,,,,,2.0,change,1.0,"[-187.74, -247.57]","[[-122.78, 43.94], [-187.74, -247.57]]","[""yellow"", ""green""]","[""yellow"", ""red""]",green,red,j,change,2.0,1.0
