participant_id,session_id,group,timepoint,practice_layer,practice_protocol_version,telemetry_enabled,telemetry_version,task_name,task_order_index,block_name,block_type,block_index,trial_index_within_block,trial_index_global,practice_or_formal,condition_label,random_seed,screen_refresh_hz,timestamp_iso,omission,aborted,pause_count_during_trial,repeated_practice_round,intended_trial_start_ms,actual_trial_start_ms,condition,target_direction,flankers_direction,array_pattern_text,correct_response_key,participant_response_key,response_correct,rt_ms,response_time_global_ms,feedback_type,practice_pass_flag,intended_onset_ms,actual_onset_global_ms,actual_offset_global_ms,stage_duration_planned_ms,stage_duration_actual_ms,actual_trial_end_ms,stage_records_json,feedback_audio_file,feedback_audio_start_global_ms,feedback_audio_expected_duration_ms,feedback_audio_stop_global_ms,excluded_rt_low,excluded_rt_high,included_in_rt_analysis,task_accuracy_below_threshold,valid_task_data,prompt_level,support_type,support_trigger_reason,support_trigger_trial_index,rule_block_error_count,support_level,support_phase,support_duration_ms,post_support_success_streak,support_faded_after_trial,manual_intervention_flag,dccs_support_rule,dccs_error_type,dccs_dimension_highlight_used,dccs_demo_type,dccs_label_mode,dccs_post_support_rule_confusion,rule,cue_audio_file,cue_label,cue_audio_start_global_ms,cue_audio_expected_duration_ms,cue_audio_stop_global_ms,stimulus_color,stimulus_shape,stimulus_identity,trial_transition,previous_rule,current_rule,cue_to_first_response_ms,set_size,trial_type,probe_index,probe_position_xy,item_positions,item_colors_memory,item_colors_test,probe_original_color,probe_test_color,response_key,response_label,accuracy,layout_generation_attempts,overlap_check_passed
0008,0008_T1_20260520_152501,PA,T1,adaptive,hci_substudy_v2,1,telemetry_v4,flanker,1,formal_block_1,formal,1,1,37,formal,incongruent,1779261901,60.0,2026-05-20T15:27:46.163,0,0,0,3,161564.982,161582.716,incongruent,right,left,<<><<,j,j,1,3677.981,165371.578,none,,161664.982,161693.597,165371.578,3000,3677.981,165371.578,"[{""stage_name"": ""fixation"", ""planned_duration_ms"": 100, ""intended_onset_ms"": 161564.982, ""actual_onset_global_ms"": 161582.716, ""actual_offset_global_ms"": 161692.683, ""actual_duration_ms"": 109.967}, {""stage_name"": ""stimulus"", ""planned_duration_ms"": 3000, ""intended_onset_ms"": 161664.982, ""actual_onset_global_ms"": 161693.597, ""actual_offset_global_ms"": 165371.578, ""actual_duration_ms"": 3677.981}]",,,,,0,1,0,0,1,,,,,,,,,,,,,,,,,,,,,,,,,,,,,,,,,,,,,,,,,,,,
0008,0008_T1_20260520_152501,PA,T1,adaptive,hci_substudy_v2,1,telemetry_v4,flanker,1,formal_block_1,formal,1,2,38,formal,incongruent,1779261901,60.0,2026-05-20T15:27:49.986,0,0,0,3,165388.147,165403.138,incongruent,left,right,>><>>,s,s,1,1350.161,166872.66,none,,165488.147,165522.499,166872.66,3000,1350.161,166872.66,"[{""stage_name"": ""fixation"", ""planned_duration_ms"": 100, ""intended_onset_ms"": 165388.147, ""actual_onset_global_ms"": 165403.138, ""actual_offset_global_ms"": 165518.877, ""actual_duration_ms"": 115.739}, {""stage_name"": ""stimulus"", ""planned_duration_ms"": 3000, ""intended_onset_ms"": 165488.147, ""actual_onset_global_ms"": 165522.499, ""actual_offset_global_ms"": 166872.66, ""actual_duration_ms"": 1350.161}]",,,,,0,0,1,0,1,,,,,,,,,,,,,,,,,,,,,,,,,,,,,,,,,,,,,,,,,,,,
0008,0008_T1_20260520_152501,PA,T1,adaptive,hci_substudy_v2,1,telemetry_v4,flanker,1,formal_block_1,formal,1,3,39,formal,congruent,1779261901,60.0,2026-05-20T15:27:51.487,0,0,0,3,166889.388,166905.05,congruent,right,right,>>>>>,j,j,1,892.063,167913.848,none,,166989.388,167021.785,167913.848,3000,892.063,167913.848,"[{""stage_name"": ""fixation"", ""planned_duration_ms"": 100, ""intended_onset_ms"": 166889.388, ""actual_onset_global_ms"": 166905.05, ""actual_offset_global_ms"": 167017.998, ""actual_duration_ms"": 112.948}, {""stage_name"": ""stimulus"", ""planned_duration_ms"": 3000, ""intended_onset_ms"": 166989.388, ""actual_onset_global_ms"": 167021.785, ""actual_offset_global_ms"": 167913.848, ""actual_duration_ms"": 892.063}]",,,,,0,0,1,0,1,,,,,,,,,,,,,,,,,,,,,,,,,,,,,,,,,,,,,,,,,,,,
0008,0008_T1_20260520_152501,PA,T1,adaptive,hci_substudy_v2,1,telemetry_v4,flanker,1,formal_block_1,formal,1,4,40,formal,congruent,1779261901,60.0,2026-05-20T15:27:52.520,0,0,0,3,167922.216,167937.244,congruent,right,right,>>>>>,j,j,1,1548.328,169599.623,none,,168022.216,168051.295,169599.623,3000,1548.328,169599.623,"[{""stage_name"": ""fixation"", ""planned_duration_ms"": 100, ""intended_onset_ms"": 167922.216, ""actual_onset_global_ms"": 167937.244, ""actual_offset_global_ms"": 168049.061, ""actual_duration_ms"": 111.817}, {""stage_name"": ""stimulus"", ""planned_duration_ms"": 3000, ""intended_onset_ms"": 168022.216, ""actual_onset_global_ms"": 168051.295, ""actual_offset_global_ms"": 169599.623, ""actual_duration_ms"": 1548.328}]",,,,,0,0,1,0,1,,,,,,,,,,,,,,,,,,,,,,,,,,,,,,,,,,,,,,,,,,,,
0008,0008_T1_20260520_152501,PA,T1,adaptive,hci_substudy_v2,1,telemetry_v4,flanker,1,formal_block_1,formal,1,5,41,formal,incongruent,1779261901,60.0,2026-05-20T15:27:54.212,0,0,0,3,169614.052,169630.065,incongruent,right,left,<<><<,j,j,1,1007.559,170754.936,none,,169714.052,169747.377,170754.936,3000,1007.559,170754.936,"[{""stage_name"": ""fixation"", ""planned_duration_ms"": 100, ""intended_onset_ms"": 169614.052, ""actual_onset_global_ms"": 169630.065, ""actual_offset_global_ms"": 169745.166, ""actual_duration_ms"": 115.101}, {""stage_name"": ""stimulus"", ""planned_duration_ms"": 3000, ""intended_onset_ms"": 169714.052, ""actual_onset_global_ms"": 169747.377, ""actual_offset_global_ms"": 170754.936, ""actual_duration_ms"": 1007.559}]",,,,,0,0,1,0,1,,,,,,,,,,,,,,,,,,,,,,,,,,,,,,,,,,,,,,,,,,,,
0008,0008_T1_20260520_152501,PA,T1,adaptive,hci_substudy_v2,1,telemetry_v4,flanker,1,formal_block_1,formal,1,6,42,formal,congruent,1779261901,60.0,2026-05-20T15:27:55.366,0,0,0,3,170768.301,170783.813,congruent,left,left,<<<<<,s,s,1,1076.209,171980.516,none,,170868.301,170904.307,171980.516,3000,1076.209,171980.516,"[{""stage_name"": ""fixation"", ""planned_duration_ms"": 100, ""intended_onset_ms"": 170768.301, ""actual_onset_global_ms"": 170783.813, ""actual_offset_global_ms"": 170900.283, ""actual_duration_ms"": 116.47}, {""stage_name"": ""stimulus"", ""planned_duration_ms"": 3000, ""intended_onset_ms"": 170868.301, ""actual_onset_global_ms"": 170904.307, ""actual_offset_global_ms"": 171980.516, ""actual_duration_ms"": 1076.209}]",,,,,0,0,1,0,1,,,,,,,,,,,,,,,,,,,,,,,,,,,,,,,,,,,,,,,,,,,,
0008,0008_T1_20260520_152501,PA,T1,adaptive,hci_substudy_v2,1,telemetry_v4,flanker,1,formal_block_1,formal,1,7,43,formal,incongruent,1779261901,60.0,2026-05-20T15:27:56.596,0,0,0,3,171998.625,172013.299,incongruent,left,right,>><>>,s,s,1,904.642,173031.985,none,,172098.625,172127.343,173031.985,3000,904.642,173031.985,"[{""stage_name"": ""fixation"", ""planned_duration_ms"": 100, ""intended_onset_ms"": 171998.625, ""actual_onset_global_ms"": 172013.299, ""actual_offset_global_ms"": 172125.808, ""actual_duration_ms"": 112.509}, {""stage_name"": ""stimulus"", ""planned_duration_ms"": 3000, ""intended_onset_ms"": 172098.625, ""actual_onset_global_ms"": 172127.343, ""actual_offset_global_ms"": 173031.985, ""actual_duration_ms"": 904.642}]",,,,,0,0,1,0,1,,,,,,,,,,,,,,,,,,,,,,,,,,,,,,,,,,,,,,,,,,,,
0008,0008_T1_20260520_152501,PA,T1,adaptive,hci_substudy_v2,1,telemetry_v4,flanker,1,formal_block_1,formal,1,8,44,formal,congruent,1779261901,60.0,2026-05-20T15:27:57.639,0,0,0,3,173041.304,173057.28,congruent,right,right,>>>>>,j,j,1,961.631,174132.341,none,,173141.304,173170.71,174132.341,3000,961.631,174132.341,"[{""stage_name"": ""fixation"", ""planned_duration_ms"": 100, ""intended_onset_ms"": 173041.304, ""actual_onset_global_ms"": 173057.28, ""actual_offset_global_ms"": 173169.934, ""actual_duration_ms"": 112.654}, {""stage_name"": ""stimulus"", ""planned_duration_ms"": 3000, ""intended_onset_ms"": 173141.304, ""actual_onset_global_ms"": 173170.71, ""actual_offset_global_ms"": 174132.341, ""actual_duration_ms"": 961.631}]",,,,,0,0,1,0,1,,,,,,,,,,,,,,,,,,,,,,,,,,,,,,,,,,,,,,,,,,,,
0008,0008_T1_20260520_152501,PA,T1,adaptive,hci_substudy_v2,1,telemetry_v4,flanker,1,formal_block_1,formal,1,9,45,formal,incongruent,1779261901,60.0,2026-05-20T15:27:58.751,0,0,0,3,174153.094,174168.217,incongruent,right,left,<<><<,j,j,1,850.091,175132.491,none,,174253.094,174282.4,175132.491,3000,850.091,175132.491,"[{""stage_name"": ""fixation"", ""planned_duration_ms"": 100, ""intended_onset_ms"": 174153.094, ""actual_onset_global_ms"": 174168.217, ""actual_offset_global_ms"": 174280.058, ""actual_duration_ms"": 111.841}, {""stage_name"": ""stimulus"", ""planned_duration_ms"": 3000, ""intended_onset_ms"": 174253.094, ""actual_onset_global_ms"": 174282.4, ""actual_offset_global_ms"": 175132.491, ""actual_duration_ms"": 850.091}]",,,,,0,0,1,0,1,,,,,,,,,,,,,,,,,,,,,,,,,,,,,,,,,,,,,,,,,,,,
0008,0008_T1_20260520_152501,PA,T1,adaptive,hci_substudy_v2,1,telemetry_v4,flanker,1,formal_block_1,formal,1,10,46,formal,congruent,1779261901,60.0,2026-05-20T15:27:59.749,0,0,0,3,175150.968,175165.48,congruent,left,left,<<<<<,s,s,1,888.21,176170.942,none,,175250.968,175282.732,176170.942,3000,888.21,176170.942,"[{""stage_name"": ""fixation"", ""planned_duration_ms"": 100, ""intended_onset_ms"": 175150.968, ""actual_onset_global_ms"": 175165.48, ""actual_offset_global_ms"": 175279.447, ""actual_duration_ms"": 113.967}, {""stage_name"": ""stimulus"", ""planned_duration_ms"": 3000, ""intended_onset_ms"": 175250.968, ""actual_onset_global_ms"": 175282.732, ""actual_offset_global_ms"": 176170.942, ""actual_duration_ms"": 888.21}]",,,,,0,0,1,0,1,,,,,,,,,,,,,,,,,,,,,,,,,,,,,,,,,,,,,,,,,,,,
0008,0008_T1_20260520_152501,PA,T1,adaptive,hci_substudy_v2,1,telemetry_v4,flanker,1,formal_block_1,formal,1,11,47,formal,incongruent,1779261901,60.0,2026-05-20T15:28:00.788,0,0,0,3,176190.792,176205.113,incongruent,right,left,<<><<,j,s,0,778.787,177089.564,none,,176290.792,176310.777,177089.564,3000,778.787,177089.564,"[{""stage_name"": ""fixation"", ""planned_duration_ms"": 100, ""intended_onset_ms"": 176190.792, ""actual_onset_global_ms"": 176205.113, ""actual_offset_global_ms"": 176308.949, ""actual_duration_ms"": 103.836}, {""stage_name"": ""stimulus"", ""planned_duration_ms"": 3000, ""intended_onset_ms"": 176290.792, ""actual_onset_global_ms"": 176310.777, ""actual_offset_global_ms"": 177089.564, ""actual_duration_ms"": 778.787}]",,,,,0,0,0,0,1,,,,,,,,,,,,,,,,,,,,,,,,,,,,,,,,,,,,,,,,,,,,
0008,0008_T1_20260520_152501,PA,T1,adaptive,hci_substudy_v2,1,telemetry_v4,flanker,1,formal_block_1,formal,1,12,48,formal,congruent,1779261901,60.0,2026-05-20T15:28:01.706,0,0,0,3,177107.783,177122.964,congruent,left,left,<<<<<,s,s,1,2203.582,179438.706,none,,177207.783,177235.124,179438.706,3000,2203.582,179438.706,"[{""stage_name"": ""fixation"", ""planned_duration_ms"": 100, ""intended_onset_ms"": 177107.783, ""actual_onset_global_ms"": 177122.964, ""actual_offset_global_ms"": 177233.601, ""actual_duration_ms"": 110.637}, {""stage_name"": ""stimulus"", ""planned_duration_ms"": 3000, ""intended_onset_ms"": 177207.783, ""actual_onset_global_ms"": 177235.124, ""actual_offset_global_ms"": 179438.706, ""actual_duration_ms"": 2203.582}]",,,,,0,0,1,0,1,,,,,,,,,,,,,,,,,,,,,,,,,,,,,,,,,,,,,,,,,,,,
0008,0008_T1_20260520_152501,PA,T1,adaptive,hci_substudy_v2,1,telemetry_v4,flanker,1,formal_block_1,formal,1,13,49,formal,incongruent,1779261901,60.0,2026-05-20T15:28:04.043,0,0,0,3,179445.268,179460.448,incongruent,left,right,>><>>,s,s,1,1229.527,180811.002,none,,179545.268,179581.475,180811.002,3000,1229.527,180811.002,"[{""stage_name"": ""fixation"", ""planned_duration_ms"": 100, ""intended_onset_ms"": 179445.268, ""actual_onset_global_ms"": 179460.448, ""actual_offset_global_ms"": 179574.93, ""actual_duration_ms"": 114.482}, {""stage_name"": ""stimulus"", ""planned_duration_ms"": 3000, ""intended_onset_ms"": 179545.268, ""actual_onset_global_ms"": 179581.475, ""actual_offset_global_ms"": 180811.002, ""actual_duration_ms"": 1229.527}]",,,,,0,0,1,0,1,,,,,,,,,,,,,,,,,,,,,,,,,,,,,,,,,,,,,,,,,,,,
0008,0008_T1_20260520_152501,PA,T1,adaptive,hci_substudy_v2,1,telemetry_v4,flanker,1,formal_block_1,formal,1,14,50,formal,congruent,1779261901,60.0,2026-05-20T15:28:05.418,0,0,0,3,180819.716,180835.034,congruent,right,right,>>>>>,j,j,1,945.333,181896.215,none,,180919.716,180950.882,181896.215,3000,945.333,181896.215,"[{""stage_name"": ""fixation"", ""planned_duration_ms"": 100, ""intended_onset_ms"": 180819.716, ""actual_onset_global_ms"": 180835.034, ""actual_offset_global_ms"": 180948.894, ""actual_duration_ms"": 113.86}, {""stage_name"": ""stimulus"", ""planned_duration_ms"": 3000, ""intended_onset_ms"": 180919.716, ""actual_onset_global_ms"": 180950.882, ""actual_offset_global_ms"": 181896.215, ""actual_duration_ms"": 945.333}]",,,,,0,0,1,0,1,,,,,,,,,,,,,,,,,,,,,,,,,,,,,,,,,,,,,,,,,,,,
0008,0008_T1_20260520_152501,PA,T1,adaptive,hci_substudy_v2,1,telemetry_v4,flanker,1,formal_block_1,formal,1,15,51,formal,congruent,1779261901,60.0,2026-05-20T15:28:06.504,0,0,0,3,181906.386,181922.064,congruent,left,left,<<<<<,s,s,1,1621.302,183657.858,none,,182006.386,182036.556,183657.858,3000,1621.302,183657.858,"[{""stage_name"": ""fixation"", ""planned_duration_ms"": 100, ""intended_onset_ms"": 181906.386, ""actual_onset_global_ms"": 181922.064, ""actual_offset_global_ms"": 182034.065, ""actual_duration_ms"": 112.001}, {""stage_name"": ""stimulus"", ""planned_duration_ms"": 3000, ""intended_onset_ms"": 182006.386, ""actual_onset_global_ms"": 182036.556, ""actual_offset_global_ms"": 183657.858, ""actual_duration_ms"": 1621.302}]",,,,,0,0,1,0,1,,,,,,,,,,,,,,,,,,,,,,,,,,,,,,,,,,,,,,,,,,,,
0008,0008_T1_20260520_152501,PA,T1,adaptive,hci_substudy_v2,1,telemetry_v4,flanker,1,formal_block_1,formal,1,16,52,formal,incongruent,1779261901,60.0,2026-05-20T15:28:08.278,0,0,0,3,183680.191,183696.101,incongruent,left,right,>><>>,s,s,1,1025.413,184842.853,none,,183780.191,183817.44,184842.853,3000,1025.413,184842.853,"[{""stage_name"": ""fixation"", ""planned_duration_ms"": 100, ""intended_onset_ms"": 183680.191, ""actual_onset_global_ms"": 183696.101, ""actual_offset_global_ms"": 183814.291, ""actual_duration_ms"": 118.19}, {""stage_name"": ""stimulus"", ""planned_duration_ms"": 3000, ""intended_onset_ms"": 183780.191, ""actual_onset_global_ms"": 183817.44, ""actual_offset_global_ms"": 184842.853, ""actual_duration_ms"": 1025.413}]",,,,,0,0,1,0,1,,,,,,,,,,,,,,,,,,,,,,,,,,,,,,,,,,,,,,,,,,,,
0008,0008_T1_20260520_152501,PA,T1,adaptive,hci_substudy_v2,1,telemetry_v4,flanker,1,formal_block_1,formal,1,17,53,formal,incongruent,1779261901,60.0,2026-05-20T15:28:09.447,0,0,0,3,184849.8,184865.782,incongruent,left,right,>><>>,s,s,1,806.53,185788.59,none,,184949.8,184982.06,185788.59,3000,806.53,185788.59,"[{""stage_name"": ""fixation"", ""planned_duration_ms"": 100, ""intended_onset_ms"": 184849.8, ""actual_onset_global_ms"": 184865.782, ""actual_offset_global_ms"": 184979.147, ""actual_duration_ms"": 113.365}, {""stage_name"": ""stimulus"", ""planned_duration_ms"": 3000, ""intended_onset_ms"": 184949.8, ""actual_onset_global_ms"": 184982.06, ""actual_offset_global_ms"": 185788.59, ""actual_duration_ms"": 806.53}]",,,,,0,0,1,0,1,,,,,,,,,,,,,,,,,,,,,,,,,,,,,,,,,,,,,,,,,,,,
0008,0008_T1_20260520_152501,PA,T1,adaptive,hci_substudy_v2,1,telemetry_v4,flanker,1,formal_block_1,formal,1,18,54,formal,congruent,1779261901,60.0,2026-05-20T15:28:10.392,0,0,0,3,185794.486,185810.048,congruent,right,right,>>>>>,j,j,1,847.76,186774.619,none,,185894.486,185926.859,186774.619,3000,847.76,186774.619,"[{""stage_name"": ""fixation"", ""planned_duration_ms"": 100, ""intended_onset_ms"": 185794.486, ""actual_onset_global_ms"": 185810.048, ""actual_offset_global_ms"": 185923.853, ""actual_duration_ms"": 113.805}, {""stage_name"": ""stimulus"", ""planned_duration_ms"": 3000, ""intended_onset_ms"": 185894.486, ""actual_onset_global_ms"": 185926.859, ""actual_offset_global_ms"": 186774.619, ""actual_duration_ms"": 847.76}]",,,,,0,0,1,0,1,,,,,,,,,,,,,,,,,,,,,,,,,,,,,,,,,,,,,,,,,,,,
0008,0008_T1_20260520_152501,PA,T1,adaptive,hci_substudy_v2,1,telemetry_v4,flanker,1,formal_block_1,formal,1,19,55,formal,congruent,1779261901,60.0,2026-05-20T15:28:11.382,0,0,0,3,186783.598,186798.618,congruent,left,left,<<<<<,s,s,1,899.787,187813.606,none,,186883.598,186913.819,187813.606,3000,899.787,187813.606,"[{""stage_name"": ""fixation"", ""planned_duration_ms"": 100, ""intended_onset_ms"": 186783.598, ""actual_onset_global_ms"": 186798.618, ""actual_offset_global_ms"": 186911.368, ""actual_duration_ms"": 112.75}, {""stage_name"": ""stimulus"", ""planned_duration_ms"": 3000, ""intended_onset_ms"": 186883.598, ""actual_onset_global_ms"": 186913.819, ""actual_offset_global_ms"": 187813.606, ""actual_duration_ms"": 899.787}]",,,,,0,0,1,0,1,,,,,,,,,,,,,,,,,,,,,,,,,,,,,,,,,,,,,,,,,,,,
0008,0008_T1_20260520_152501,PA,T1,adaptive,hci_substudy_v2,1,telemetry_v4,flanker,1,formal_block_1,formal,1,20,56,formal,incongruent,1779261901,60.0,2026-05-20T15:28:12.433,0,0,0,3,187836.314,187853.577,incongruent,right,left,<<><<,j,j,1,912.273,188877.802,none,,187936.314,187965.529,188877.802,3000,912.273,188877.802,"[{""stage_name"": ""fixation"", ""planned_duration_ms"": 100, ""intended_onset_ms"": 187836.314, ""actual_onset_global_ms"": 187853.577, ""actual_offset_global_ms"": 187963.86, ""actual_duration_ms"": 110.283}, {""stage_name"": ""stimulus"", ""planned_duration_ms"": 3000, ""intended_onset_ms"": 187936.314, ""actual_onset_global_ms"": 187965.529, ""actual_offset_global_ms"": 188877.802, ""actual_duration_ms"": 912.273}]",,,,,0,0,1,0,1,,,,,,,,,,,,,,,,,,,,,,,,,,,,,,,,,,,,,,,,,,,,
0008,0008_T1_20260520_152501,PA,T1,adaptive,hci_substudy_v2,1,telemetry_v4,flanker,1,formal_block_2,formal,2,1,57,formal,incongruent,1779261901,60.0,2026-05-20T15:28:13.486,0,0,0,3,188889.122,188903.538,incongruent,left,right,>><>>,s,s,1,871.869,189886.619,none,,188989.122,189014.75,189886.619,3000,871.869,189886.619,"[{""stage_name"": ""fixation"", ""planned_duration_ms"": 100, ""intended_onset_ms"": 188889.122, ""actual_onset_global_ms"": 188903.538, ""actual_offset_global_ms"": 189013.045, ""actual_duration_ms"": 109.507}, {""stage_name"": ""stimulus"", ""planned_duration_ms"": 3000, ""intended_onset_ms"": 188989.122, ""actual_onset_global_ms"": 189014.75, ""actual_offset_global_ms"": 189886.619, ""actual_duration_ms"": 871.869}]",,,,,0,0,1,0,1,,,,,,,,,,,,,,,,,,,,,,,,,,,,,,,,,,,,,,,,,,,,
0008,0008_T1_20260520_152501,PA,T1,adaptive,hci_substudy_v2,1,telemetry_v4,flanker,1,formal_block_2,formal,2,2,58,formal,incongruent,1779261901,60.0,2026-05-20T15:28:14.503,0,0,0,3,189905.93,189923.226,incongruent,right,left,<<><<,j,j,1,827.419,190866.379,none,,190005.93,190038.96,190866.379,3000,827.419,190866.379,"[{""stage_name"": ""fixation"", ""planned_duration_ms"": 100, ""intended_onset_ms"": 189905.93, ""actual_onset_global_ms"": 189923.226, ""actual_offset_global_ms"": 190036.974, ""actual_duration_ms"": 113.748}, {""stage_name"": ""stimulus"", ""planned_duration_ms"": 3000, ""intended_onset_ms"": 190005.93, ""actual_onset_global_ms"": 190038.96, ""actual_offset_global_ms"": 190866.379, ""actual_duration_ms"": 827.419}]",,,,,0,0,1,0,1,,,,,,,,,,,,,,,,,,,,,,,,,,,,,,,,,,,,,,,,,,,,
0008,0008_T1_20260520_152501,PA,T1,adaptive,hci_substudy_v2,1,telemetry_v4,flanker,1,formal_block_2,formal,2,3,59,formal,congruent,1779261901,60.0,2026-05-20T15:28:15.483,0,0,0,3,190885.147,190900.991,congruent,right,right,>>>>>,j,j,1,1099.741,192114.566,none,,190985.147,191014.825,192114.566,3000,1099.741,192114.566,"[{""stage_name"": ""fixation"", ""planned_duration_ms"": 100, ""intended_onset_ms"": 190885.147, ""actual_onset_global_ms"": 190900.991, ""actual_offset_global_ms"": 191012.444, ""actual_duration_ms"": 111.453}, {""stage_name"": ""stimulus"", ""planned_duration_ms"": 3000, ""intended_onset_ms"": 190985.147, ""actual_onset_global_ms"": 191014.825, ""actual_offset_global_ms"": 192114.566, ""actual_duration_ms"": 1099.741}]",,,,,0,0,1,0,1,,,,,,,,,,,,,,,,,,,,,,,,,,,,,,,,,,,,,,,,,,,,
0008,0008_T1_20260520_152501,PA,T1,adaptive,hci_substudy_v2,1,telemetry_v4,flanker,1,formal_block_2,formal,2,4,60,formal,incongruent,1779261901,60.0,2026-05-20T15:28:16.737,0,0,0,3,192139.606,192154.766,incongruent,right,left,<<><<,j,j,1,861.454,193135.805,none,,192239.606,192274.351,193135.805,3000,861.454,193135.805,"[{""stage_name"": ""fixation"", ""planned_duration_ms"": 100, ""intended_onset_ms"": 192139.606, ""actual_onset_global_ms"": 192154.766, ""actual_offset_global_ms"": 192271.19, ""actual_duration_ms"": 116.424}, {""stage_name"": ""stimulus"", ""planned_duration_ms"": 3000, ""intended_onset_ms"": 192239.606, ""actual_onset_global_ms"": 192274.351, ""actual_offset_global_ms"": 193135.805, ""actual_duration_ms"": 861.454}]",,,,,0,0,1,0,1,,,,,,,,,,,,,,,,,,,,,,,,,,,,,,,,,,,,,,,,,,,,
0008,0008_T1_20260520_152501,PA,T1,adaptive,hci_substudy_v2,1,telemetry_v4,flanker,1,formal_block_2,formal,2,5,61,formal,congruent,1779261901,60.0,2026-05-20T15:28:17.747,0,0,0,3,193148.77,193166.918,congruent,left,left,<<<<<,s,s,1,857.408,194125.957,none,,193248.77,193268.549,194125.957,3000,857.408,194125.957,"[{""stage_name"": ""fixation"", ""planned_duration_ms"": 100, ""intended_onset_ms"": 193148.77, ""actual_onset_global_ms"": 193166.918, ""actual_offset_global_ms"": 193265.427, ""actual_duration_ms"": 98.509}, {""stage_name"": ""stimulus"", ""planned_duration_ms"": 3000, ""intended_onset_ms"": 193248.77, ""actual_onset_global_ms"": 193268.549, ""actual_offset_global_ms"": 194125.957, ""actual_duration_ms"": 857.408}]",,,,,0,0,1,0,1,,,,,,,,,,,,,,,,,,,,,,,,,,,,,,,,,,,,,,,,,,,,
0008,0008_T1_20260520_152501,PA,T1,adaptive,hci_substudy_v2,1,telemetry_v4,flanker,1,formal_block_2,formal,2,6,62,formal,congruent,1779261901,60.0,2026-05-20T15:28:18.734,0,0,0,3,194136.307,194152.504,congruent,left,left,<<<<<,s,j,0,835.201,195106.594,none,,194236.307,194271.393,195106.594,3000,835.201,195106.594,"[{""stage_name"": ""fixation"", ""planned_duration_ms"": 100, ""intended_onset_ms"": 194136.307, ""actual_onset_global_ms"": 194152.504, ""actual_offset_global_ms"": 194268.641, ""actual_duration_ms"": 116.137}, {""stage_name"": ""stimulus"", ""planned_duration_ms"": 3000, ""intended_onset_ms"": 194236.307, ""actual_onset_global_ms"": 194271.393, ""actual_offset_global_ms"": 195106.594, ""actual_duration_ms"": 835.201}]",,,,,0,0,0,0,1,,,,,,,,,,,,,,,,,,,,,,,,,,,,,,,,,,,,,,,,,,,,
0008,0008_T1_20260520_152501,PA,T1,adaptive,hci_substudy_v2,1,telemetry_v4,flanker,1,formal_block_2,formal,2,7,63,formal,incongruent,1779261901,60.0,2026-05-20T15:28:19.728,0,0,0,3,195129.599,195143.936,incongruent,right,left,<<><<,j,j,1,1179.039,196439.749,none,,195229.599,195260.71,196439.749,3000,1179.039,196439.749,"[{""stage_name"": ""fixation"", ""planned_duration_ms"": 100, ""intended_onset_ms"": 195129.599, ""actual_onset_global_ms"": 195143.936, ""actual_offset_global_ms"": 195257.709, ""actual_duration_ms"": 113.773}, {""stage_name"": ""stimulus"", ""planned_duration_ms"": 3000, ""intended_onset_ms"": 195229.599, ""actual_onset_global_ms"": 195260.71, ""actual_offset_global_ms"": 196439.749, ""actual_duration_ms"": 1179.039}]",,,,,0,0,1,0,1,,,,,,,,,,,,,,,,,,,,,,,,,,,,,,,,,,,,,,,,,,,,
0008,0008_T1_20260520_152501,PA,T1,adaptive,hci_substudy_v2,1,telemetry_v4,flanker,1,formal_block_2,formal,2,8,64,formal,incongruent,1779261901,60.0,2026-05-20T15:28:21.061,0,0,0,3,196462.548,196479.202,incongruent,right,left,<<><<,j,j,1,815.576,197409.824,none,,196562.548,196594.248,197409.824,3000,815.576,197409.824,"[{""stage_name"": ""fixation"", ""planned_duration_ms"": 100, ""intended_onset_ms"": 196462.548, ""actual_onset_global_ms"": 196479.202, ""actual_offset_global_ms"": 196593.005, ""actual_duration_ms"": 113.803}, {""stage_name"": ""stimulus"", ""planned_duration_ms"": 3000, ""intended_onset_ms"": 196562.548, ""actual_onset_global_ms"": 196594.248, ""actual_offset_global_ms"": 197409.824, ""actual_duration_ms"": 815.576}]",,,,,0,0,1,0,1,,,,,,,,,,,,,,,,,,,,,,,,,,,,,,,,,,,,,,,,,,,,
0008,0008_T1_20260520_152501,PA,T1,adaptive,hci_substudy_v2,1,telemetry_v4,flanker,1,formal_block_2,formal,2,9,65,formal,incongruent,1779261901,60.0,2026-05-20T15:28:22.028,0,0,0,3,197430.035,197445.392,incongruent,left,right,>><>>,s,s,1,800.557,198362.869,none,,197530.035,197562.312,198362.869,3000,800.557,198362.869,"[{""stage_name"": ""fixation"", ""planned_duration_ms"": 100, ""intended_onset_ms"": 197430.035, ""actual_onset_global_ms"": 197445.392, ""actual_offset_global_ms"": 197559.759, ""actual_duration_ms"": 114.367}, {""stage_name"": ""stimulus"", ""planned_duration_ms"": 3000, ""intended_onset_ms"": 197530.035, ""actual_onset_global_ms"": 197562.312, ""actual_offset_global_ms"": 198362.869, ""actual_duration_ms"": 800.557}]",,,,,0,0,1,0,1,,,,,,,,,,,,,,,,,,,,,,,,,,,,,,,,,,,,,,,,,,,,
0008,0008_T1_20260520_152501,PA,T1,adaptive,hci_substudy_v2,1,telemetry_v4,flanker,1,formal_block_2,formal,2,10,66,formal,congruent,1779261901,60.0,2026-05-20T15:28:22.985,0,0,0,3,198387.701,198402.848,congruent,left,left,<<<<<,s,j,0,673.185,199190.576,none,,198487.701,198517.391,199190.576,3000,673.185,199190.576,"[{""stage_name"": ""fixation"", ""planned_duration_ms"": 100, ""intended_onset_ms"": 198387.701, ""actual_onset_global_ms"": 198402.848, ""actual_offset_global_ms"": 198515.554, ""actual_duration_ms"": 112.706}, {""stage_name"": ""stimulus"", ""planned_duration_ms"": 3000, ""intended_onset_ms"": 198487.701, ""actual_onset_global_ms"": 198517.391, ""actual_offset_global_ms"": 199190.576, ""actual_duration_ms"": 673.185}]",,,,,0,0,0,0,1,,,,,,,,,,,,,,,,,,,,,,,,,,,,,,,,,,,,,,,,,,,,
0008,0008_T1_20260520_152501,PA,T1,adaptive,hci_substudy_v2,1,telemetry_v4,flanker,1,formal_block_2,formal,2,11,67,formal,incongruent,1779261901,60.0,2026-05-20T15:28:23.796,0,0,0,3,199197.739,199215.115,incongruent,right,left,<<><<,j,j,1,668.037,200001.977,none,,199297.739,199333.94,200001.977,3000,668.037,200001.977,"[{""stage_name"": ""fixation"", ""planned_duration_ms"": 100, ""intended_onset_ms"": 199197.739, ""actual_onset_global_ms"": 199215.115, ""actual_offset_global_ms"": 199331.397, ""actual_duration_ms"": 116.282}, {""stage_name"": ""stimulus"", ""planned_duration_ms"": 3000, ""intended_onset_ms"": 199297.739, ""actual_onset_global_ms"": 199333.94, ""actual_offset_global_ms"": 200001.977, ""actual_duration_ms"": 668.037}]",,,,,0,0,1,0,1,,,,,,,,,,,,,,,,,,,,,,,,,,,,,,,,,,,,,,,,,,,,
0008,0008_T1_20260520_152501,PA,T1,adaptive,hci_substudy_v2,1,telemetry_v4,flanker,1,formal_block_2,formal,2,12,68,formal,congruent,1779261901,60.0,2026-05-20T15:28:24.608,0,0,0,3,200010.52,200026.294,congruent,right,right,>>>>>,j,j,1,1195.364,201342.368,none,,200110.52,200147.004,201342.368,3000,1195.364,201342.368,"[{""stage_name"": ""fixation"", ""planned_duration_ms"": 100, ""intended_onset_ms"": 200010.52, ""actual_onset_global_ms"": 200026.294, ""actual_offset_global_ms"": 200143.662, ""actual_duration_ms"": 117.368}, {""stage_name"": ""stimulus"", ""planned_duration_ms"": 3000, ""intended_onset_ms"": 200110.52, ""actual_onset_global_ms"": 200147.004, ""actual_offset_global_ms"": 201342.368, ""actual_duration_ms"": 1195.364}]",,,,,0,0,1,0,1,,,,,,,,,,,,,,,,,,,,,,,,,,,,,,,,,,,,,,,,,,,,
0008,0008_T1_20260520_152501,PA,T1,adaptive,hci_substudy_v2,1,telemetry_v4,flanker,1,formal_block_2,formal,2,13,69,formal,congruent,1779261901,60.0,2026-05-20T15:28:25.963,0,0,0,3,201365.742,201382.94,congruent,left,left,<<<<<,s,s,1,780.92,202281.077,none,,201465.742,201500.157,202281.077,3000,780.92,202281.077,"[{""stage_name"": ""fixation"", ""planned_duration_ms"": 100, ""intended_onset_ms"": 201365.742, ""actual_onset_global_ms"": 201382.94, ""actual_offset_global_ms"": 201497.678, ""actual_duration_ms"": 114.738}, {""stage_name"": ""stimulus"", ""planned_duration_ms"": 3000, ""intended_onset_ms"": 201465.742, ""actual_onset_global_ms"": 201500.157, ""actual_offset_global_ms"": 202281.077, ""actual_duration_ms"": 780.92}]",,,,,0,0,1,0,1,,,,,,,,,,,,,,,,,,,,,,,,,,,,,,,,,,,,,,,,,,,,
0008,0008_T1_20260520_152501,PA,T1,adaptive,hci_substudy_v2,1,telemetry_v4,flanker,1,formal_block_2,formal,2,14,70,formal,congruent,1779261901,60.0,2026-05-20T15:28:26.889,0,0,0,3,202291.296,202306.718,congruent,right,right,>>>>>,j,j,1,1419.898,203846.409,none,,202391.296,202426.511,203846.409,3000,1419.898,203846.409,"[{""stage_name"": ""fixation"", ""planned_duration_ms"": 100, ""intended_onset_ms"": 202291.296, ""actual_onset_global_ms"": 202306.718, ""actual_offset_global_ms"": 202422.843, ""actual_duration_ms"": 116.125}, {""stage_name"": ""stimulus"", ""planned_duration_ms"": 3000, ""intended_onset_ms"": 202391.296, ""actual_onset_global_ms"": 202426.511, ""actual_offset_global_ms"": 203846.409, ""actual_duration_ms"": 1419.898}]",,,,,0,0,1,0,1,,,,,,,,,,,,,,,,,,,,,,,,,,,,,,,,,,,,,,,,,,,,
0008,0008_T1_20260520_152501,PA,T1,adaptive,hci_substudy_v2,1,telemetry_v4,flanker,1,formal_block_2,formal,2,15,71,formal,incongruent,1779261901,60.0,2026-05-20T15:28:28.459,0,0,0,3,203861.815,203876.927,incongruent,left,right,>><>>,s,s,1,788.51,204783.768,none,,203961.815,203995.258,204783.768,3000,788.51,204783.768,"[{""stage_name"": ""fixation"", ""planned_duration_ms"": 100, ""intended_onset_ms"": 203861.815, ""actual_onset_global_ms"": 203876.927, ""actual_offset_global_ms"": 203992.669, ""actual_duration_ms"": 115.742}, {""stage_name"": ""stimulus"", ""planned_duration_ms"": 3000, ""intended_onset_ms"": 203961.815, ""actual_onset_global_ms"": 203995.258, ""actual_offset_global_ms"": 204783.768, ""actual_duration_ms"": 788.51}]",,,,,0,0,1,0,1,,,,,,,,,,,,,,,,,,,,,,,,,,,,,,,,,,,,,,,,,,,,
0008,0008_T1_20260520_152501,PA,T1,adaptive,hci_substudy_v2,1,telemetry_v4,flanker,1,formal_block_2,formal,2,16,72,formal,incongruent,1779261901,60.0,2026-05-20T15:28:29.403,0,0,0,3,204804.6,204821.939,incongruent,left,right,>><>>,s,s,1,828.851,205755.012,none,,204904.6,204926.161,205755.012,3000,828.851,205755.012,"[{""stage_name"": ""fixation"", ""planned_duration_ms"": 100, ""intended_onset_ms"": 204804.6, ""actual_onset_global_ms"": 204821.939, ""actual_offset_global_ms"": 204924.464, ""actual_duration_ms"": 102.525}, {""stage_name"": ""stimulus"", ""planned_duration_ms"": 3000, ""intended_onset_ms"": 204904.6, ""actual_onset_global_ms"": 204926.161, ""actual_offset_global_ms"": 205755.012, ""actual_duration_ms"": 828.851}]",,,,,0,0,1,0,1,,,,,,,,,,,,,,,,,,,,,,,,,,,,,,,,,,,,,,,,,,,,
0008,0008_T1_20260520_152501,PA,T1,adaptive,hci_substudy_v2,1,telemetry_v4,flanker,1,formal_block_2,formal,2,17,73,formal,congruent,1779261901,60.0,2026-05-20T15:28:30.363,0,0,0,3,205765.463,205780.086,congruent,left,left,<<<<<,s,s,1,639.309,206543.545,none,,205865.463,205904.236,206543.545,3000,639.309,206543.545,"[{""stage_name"": ""fixation"", ""planned_duration_ms"": 100, ""intended_onset_ms"": 205765.463, ""actual_onset_global_ms"": 205780.086, ""actual_offset_global_ms"": 205899.859, ""actual_duration_ms"": 119.773}, {""stage_name"": ""stimulus"", ""planned_duration_ms"": 3000, ""intended_onset_ms"": 205865.463, ""actual_onset_global_ms"": 205904.236, ""actual_offset_global_ms"": 206543.545, ""actual_duration_ms"": 639.309}]",,,,,0,0,1,0,1,,,,,,,,,,,,,,,,,,,,,,,,,,,,,,,,,,,,,,,,,,,,
0008,0008_T1_20260520_152501,PA,T1,adaptive,hci_substudy_v2,1,telemetry_v4,flanker,1,formal_block_2,formal,2,18,74,formal,congruent,1779261901,60.0,2026-05-20T15:28:31.164,0,0,0,3,206566.633,206582.296,congruent,right,right,>>>>>,j,j,1,842.865,207539.461,none,,206666.633,206696.596,207539.461,3000,842.865,207539.461,"[{""stage_name"": ""fixation"", ""planned_duration_ms"": 100, ""intended_onset_ms"": 206566.633, ""actual_onset_global_ms"": 206582.296, ""actual_offset_global_ms"": 206695.0, ""actual_duration_ms"": 112.704}, {""stage_name"": ""stimulus"", ""planned_duration_ms"": 3000, ""intended_onset_ms"": 206666.633, ""actual_onset_global_ms"": 206696.596, ""actual_offset_global_ms"": 207539.461, ""actual_duration_ms"": 842.865}]",,,,,0,0,1,0,1,,,,,,,,,,,,,,,,,,,,,,,,,,,,,,,,,,,,,,,,,,,,
0008,0008_T1_20260520_152501,PA,T1,adaptive,hci_substudy_v2,1,telemetry_v4,flanker,1,formal_block_2,formal,2,19,75,formal,congruent,1779261901,60.0,2026-05-20T15:28:32.160,0,0,0,3,207562.448,207576.614,congruent,right,right,>>>>>,j,j,1,812.675,208507.808,none,,207662.448,207695.133,208507.808,3000,812.675,208507.808,"[{""stage_name"": ""fixation"", ""planned_duration_ms"": 100, ""intended_onset_ms"": 207562.448, ""actual_onset_global_ms"": 207576.614, ""actual_offset_global_ms"": 207693.681, ""actual_duration_ms"": 117.067}, {""stage_name"": ""stimulus"", ""planned_duration_ms"": 3000, ""intended_onset_ms"": 207662.448, ""actual_onset_global_ms"": 207695.133, ""actual_offset_global_ms"": 208507.808, ""actual_duration_ms"": 812.675}]",,,,,0,0,1,0,1,,,,,,,,,,,,,,,,,,,,,,,,,,,,,,,,,,,,,,,,,,,,
0008,0008_T1_20260520_152501,PA,T1,adaptive,hci_substudy_v2,1,telemetry_v4,flanker,1,formal_block_2,formal,2,20,76,formal,incongruent,1779261901,60.0,2026-05-20T15:28:33.127,0,0,0,3,208529.258,208545.896,incongruent,left,right,>><>>,s,s,1,782.247,209446.425,none,,208629.258,208664.178,209446.425,3000,782.247,209446.425,"[{""stage_name"": ""fixation"", ""planned_duration_ms"": 100, ""intended_onset_ms"": 208529.258, ""actual_onset_global_ms"": 208545.896, ""actual_offset_global_ms"": 208661.831, ""actual_duration_ms"": 115.935}, {""stage_name"": ""stimulus"", ""planned_duration_ms"": 3000, ""intended_onset_ms"": 208629.258, ""actual_onset_global_ms"": 208664.178, ""actual_offset_global_ms"": 209446.425, ""actual_duration_ms"": 782.247}]",,,,,0,0,1,0,1,,,,,,,,,,,,,,,,,,,,,,,,,,,,,,,,,,,,,,,,,,,,
0008,0008_T1_20260520_152501,PA,T1,adaptive,hci_substudy_v2,1,telemetry_v4,dccs,2,mixed_formal,formal,1,1,13,formal,shape,1779261901,60.0,2026-05-20T15:29:20.035,0,0,0,1,255437.291,255453.588,,,,,j,j,1,3587.627,259672.811,none,,256037.291,256085.184,259672.811,3000,3587.627,259672.811,"[{""stage_name"": ""fixation"", ""planned_duration_ms"": 100, ""intended_onset_ms"": 255437.291, ""actual_onset_global_ms"": 255453.588, ""actual_offset_global_ms"": 255555.931, ""actual_duration_ms"": 102.343}, {""stage_name"": ""cue"", ""planned_duration_ms"": 500, ""intended_onset_ms"": 255537.291, ""actual_onset_global_ms"": 255557.43, ""actual_offset_global_ms"": 256085.417, ""actual_duration_ms"": 527.987}, {""stage_name"": ""stimulus"", ""planned_duration_ms"": 3000, ""intended_onset_ms"": 256037.291, ""actual_onset_global_ms"": 256085.184, ""actual_offset_global_ms"": 259672.811, ""actual_duration_ms"": 3587.627}]",,,,,0,1,0,0,1,0.0,none,,,0.0,0.0,none,0.0,0.0,0.0,0.0,,,0.0,none,none,0.0,shape,cue_shape.wav,形状,255557.613,500.0,256323.863,blue,boat,blue_boat,first,,shape,4115.381,,,,,,,,,,,,,,
0008,0008_T1_20260520_152501,PA,T1,adaptive,hci_substudy_v2,1,telemetry_v4,dccs,2,mixed_formal,formal,1,2,14,formal,color,1779261901,60.0,2026-05-20T15:29:24.281,0,0,0,1,259683.136,259704.371,,,,,j,j,1,3206.993,263522.932,none,,260283.136,260315.939,263522.932,3000,3206.993,263522.932,"[{""stage_name"": ""fixation"", ""planned_duration_ms"": 100, ""intended_onset_ms"": 259683.136, ""actual_onset_global_ms"": 259704.371, ""actual_offset_global_ms"": 259804.965, ""actual_duration_ms"": 100.594}, {""stage_name"": ""cue"", ""planned_duration_ms"": 500, ""intended_onset_ms"": 259783.136, ""actual_onset_global_ms"": 259806.005, ""actual_offset_global_ms"": 260316.991, ""actual_duration_ms"": 510.986}, {""stage_name"": ""stimulus"", ""planned_duration_ms"": 3000, ""intended_onset_ms"": 260283.136, ""actual_onset_global_ms"": 260315.939, ""actual_offset_global_ms"": 263522.932, ""actual_duration_ms"": 3206.993}]",,,,,0,1,0,0,1,0.0,none,,,0.0,0.0,none,0.0,0.0,0.0,0.0,,,0.0,none,none,0.0,color,cue_color.wav,颜色,259806.188,500.0,260502.75,red,rabbit,red_rabbit,switch,shape,color,3716.927,,,,,,,,,,,,,,
0008,0008_T1_20260520_152501,PA,T1,adaptive,hci_substudy_v2,1,telemetry_v4,dccs,2,mixed_formal,formal,1,3,15,formal,shape,1779261901,60.0,2026-05-20T15:29:28.132,0,0,0,1,263534.962,263551.651,,,,,s,s,1,2139.078,266308.878,none,,264134.962,264169.8,266308.878,3000,2139.078,266308.878,"[{""stage_name"": ""fixation"", ""planned_duration_ms"": 100, ""intended_onset_ms"": 263534.962, ""actual_onset_global_ms"": 263551.651, ""actual_offset_global_ms"": 263656.691, ""actual_duration_ms"": 105.04}, {""stage_name"": ""cue"", ""planned_duration_ms"": 500, ""intended_onset_ms"": 263634.962, ""actual_onset_global_ms"": 263658.472, ""actual_offset_global_ms"": 264171.258, ""actual_duration_ms"": 512.786}, {""stage_name"": ""stimulus"", ""planned_duration_ms"": 3000, ""intended_onset_ms"": 264134.962, ""actual_onset_global_ms"": 264169.8, ""actual_offset_global_ms"": 266308.878, ""actual_duration_ms"": 2139.078}]",,,,,0,0,1,0,1,0.0,none,,,0.0,0.0,none,0.0,0.0,0.0,0.0,,,0.0,none,none,0.0,shape,cue_shape.wav,形状,263658.627,500.0,264424.877,red,rabbit,red_rabbit,switch,color,shape,2650.406,,,,,,,,,,,,,,
0008,0008_T1_20260520_152501,PA,T1,adaptive,hci_substudy_v2,1,telemetry_v4,dccs,2,mixed_formal,formal,1,4,16,formal,shape,1779261901,60.0,2026-05-20T15:29:30.927,0,0,0,1,266328.773,266344.951,,,,,s,s,1,2018.544,268974.5,none,,266928.773,266955.956,268974.5,3000,2018.544,268974.5,"[{""stage_name"": ""fixation"", ""planned_duration_ms"": 100, ""intended_onset_ms"": 266328.773, ""actual_onset_global_ms"": 266344.951, ""actual_offset_global_ms"": 266458.166, ""actual_duration_ms"": 113.215}, {""stage_name"": ""cue"", ""planned_duration_ms"": 500, ""intended_onset_ms"": 266428.773, ""actual_onset_global_ms"": 266458.343, ""actual_offset_global_ms"": 266957.318, ""actual_duration_ms"": 498.975}, {""stage_name"": ""stimulus"", ""planned_duration_ms"": 3000, ""intended_onset_ms"": 266928.773, ""actual_onset_global_ms"": 266955.956, ""actual_offset_global_ms"": 268974.5, ""actual_duration_ms"": 2018.544}]",,,,,0,0,1,0,1,0.0,none,,,0.0,0.0,none,0.0,0.0,0.0,0.0,,,0.0,none,none,0.0,shape,cue_shape.wav,形状,266458.511,500.0,267224.761,blue,rabbit,blue_rabbit,repeat,shape,shape,2516.157,,,,,,,,,,,,,,
0008,0008_T1_20260520_152501,PA,T1,adaptive,hci_substudy_v2,1,telemetry_v4,dccs,2,mixed_formal,formal,1,5,17,formal,color,1779261901,60.0,2026-05-20T15:29:33.586,0,0,0,1,268988.121,269003.453,,,,,s,s,1,3395.504,272986.28,none,,269588.121,269590.776,272986.28,3000,3395.504,272986.28,"[{""stage_name"": ""fixation"", ""planned_duration_ms"": 100, ""intended_onset_ms"": 268988.121, ""actual_onset_global_ms"": 269003.453, ""actual_offset_global_ms"": 269113.064, ""actual_duration_ms"": 109.611}, {""stage_name"": ""cue"", ""planned_duration_ms"": 500, ""intended_onset_ms"": 269088.121, ""actual_onset_global_ms"": 269112.021, ""actual_offset_global_ms"": 269592.093, ""actual_duration_ms"": 480.072}, {""stage_name"": ""stimulus"", ""planned_duration_ms"": 3000, ""intended_onset_ms"": 269588.121, ""actual_onset_global_ms"": 269590.776, ""actual_offset_global_ms"": 272986.28, ""actual_duration_ms"": 3395.504}]",,,,,0,1,0,0,1,0.0,none,,,0.0,0.0,none,0.0,0.0,0.0,0.0,,,0.0,none,none,0.0,color,cue_color.wav,颜色,269112.192,500.0,269808.754,blue,boat,blue_boat,switch,shape,color,3874.259,,,,,,,,,,,,,,
0008,0008_T1_20260520_152501,PA,T1,adaptive,hci_substudy_v2,1,telemetry_v4,dccs,2,mixed_formal,formal,1,6,18,formal,shape,1779261901,60.0,2026-05-20T15:29:37.596,0,0,0,1,272998.315,273016.281,,,,,j,j,1,1582.169,275233.714,none,,273598.315,273651.545,275233.714,3000,1582.169,275233.714,"[{""stage_name"": ""fixation"", ""planned_duration_ms"": 100, ""intended_onset_ms"": 272998.315, ""actual_onset_global_ms"": 273016.281, ""actual_offset_global_ms"": 273120.731, ""actual_duration_ms"": 104.45}, {""stage_name"": ""cue"", ""planned_duration_ms"": 500, ""intended_onset_ms"": 273098.315, ""actual_onset_global_ms"": 273122.609, ""actual_offset_global_ms"": 273651.761, ""actual_duration_ms"": 529.152}, {""stage_name"": ""stimulus"", ""planned_duration_ms"": 3000, ""intended_onset_ms"": 273598.315, ""actual_onset_global_ms"": 273651.545, ""actual_offset_global_ms"": 275233.714, ""actual_duration_ms"": 1582.169}]",,,,,0,0,1,0,1,0.0,none,,,0.0,0.0,none,0.0,0.0,0.0,0.0,,,0.0,none,none,0.0,shape,cue_shape.wav,形状,273122.788,500.0,273889.038,red,boat,red_boat,switch,color,shape,2111.105,,,,,,,,,,,,,,
0008,0008_T1_20260520_152501,PA,T1,adaptive,hci_substudy_v2,1,telemetry_v4,dccs,2,mixed_formal,formal,1,7,19,formal,shape,1779261901,60.0,2026-05-20T15:29:39.851,0,0,0,1,275253.24,275268.85,,,,,j,j,1,806.626,276698.428,none,,275853.24,275891.802,276698.428,3000,806.626,276698.428,"[{""stage_name"": ""fixation"", ""planned_duration_ms"": 100, ""intended_onset_ms"": 275253.24, ""actual_onset_global_ms"": 275268.85, ""actual_offset_global_ms"": 275374.962, ""actual_duration_ms"": 106.112}, {""stage_name"": ""cue"", ""planned_duration_ms"": 500, ""intended_onset_ms"": 275353.24, ""actual_onset_global_ms"": 275377.872, ""actual_offset_global_ms"": 275892.783, ""actual_duration_ms"": 514.911}, {""stage_name"": ""stimulus"", ""planned_duration_ms"": 3000, ""intended_onset_ms"": 275853.24, ""actual_onset_global_ms"": 275891.802, ""actual_offset_global_ms"": 276698.428, ""actual_duration_ms"": 806.626}]",,,,,0,0,1,0,1,0.0,none,,,0.0,0.0,none,0.0,0.0,0.0,0.0,,,0.0,none,none,0.0,shape,cue_shape.wav,形状,275378.079,500.0,276144.329,blue,boat,blue_boat,repeat,shape,shape,1320.556,,,,,,,,,,,,,,
0008,0008_T1_20260520_152501,PA,T1,adaptive,hci_substudy_v2,1,telemetry_v4,dccs,2,mixed_formal,formal,1,8,20,formal,color,1779261901,60.0,2026-05-20T15:29:41.313,0,0,0,1,276715.15,276731.998,,,,,j,j,1,2167.528,279516.714,none,,277315.15,277349.186,279516.714,3000,2167.528,279516.714,"[{""stage_name"": ""fixation"", ""planned_duration_ms"": 100, ""intended_onset_ms"": 276715.15, ""actual_onset_global_ms"": 276731.998, ""actual_offset_global_ms"": 276846.885, ""actual_duration_ms"": 114.887}, {""stage_name"": ""cue"", ""planned_duration_ms"": 500, ""intended_onset_ms"": 276815.15, ""actual_onset_global_ms"": 276847.226, ""actual_offset_global_ms"": 277350.768, ""actual_duration_ms"": 503.542}, {""stage_name"": ""stimulus"", ""planned_duration_ms"": 3000, ""intended_onset_ms"": 277315.15, ""actual_onset_global_ms"": 277349.186, ""actual_offset_global_ms"": 279516.714, ""actual_duration_ms"": 2167.528}]",,,,,0,0,1,0,1,0.0,none,,,0.0,0.0,none,0.0,0.0,0.0,0.0,,,0.0,none,none,0.0,color,cue_color.wav,颜色,276847.606,500.0,277544.169,red,boat,red_boat,switch,shape,color,2669.488,,,,,,,,,,,,,,
0008,0008_T1_20260520_152501,PA,T1,adaptive,hci_substudy_v2,1,telemetry_v4,dccs,2,mixed_formal,formal,1,9,21,formal,shape,1779261901,60.0,2026-05-20T15:29:44.122,0,0,0,1,279523.732,279540.136,,,,,s,s,1,1261.747,281415.88,none,,280123.732,280154.133,281415.88,3000,1261.747,281415.88,"[{""stage_name"": ""fixation"", ""planned_duration_ms"": 100, ""intended_onset_ms"": 279523.732, ""actual_onset_global_ms"": 279540.136, ""actual_offset_global_ms"": 279644.427, ""actual_duration_ms"": 104.291}, {""stage_name"": ""cue"", ""planned_duration_ms"": 500, ""intended_onset_ms"": 279623.732, ""actual_onset_global_ms"": 279646.298, ""actual_offset_global_ms"": 280156.208, ""actual_duration_ms"": 509.91}, {""stage_name"": ""stimulus"", ""planned_duration_ms"": 3000, ""intended_onset_ms"": 280123.732, ""actual_onset_global_ms"": 280154.133, ""actual_offset_global_ms"": 281415.88, ""actual_duration_ms"": 1261.747}]",,,,,0,0,1,0,1,0.0,none,,,0.0,0.0,none,0.0,0.0,0.0,0.0,,,0.0,none,none,0.0,shape,cue_shape.wav,形状,279646.477,500.0,280412.727,red,rabbit,red_rabbit,switch,color,shape,1769.582,,,,,,,,,,,,,,
0008,0008_T1_20260520_152501,PA,T1,adaptive,hci_substudy_v2,1,telemetry_v4,dccs,2,mixed_formal,formal,1,10,22,formal,shape,1779261901,60.0,2026-05-20T15:29:46.031,0,0,0,1,281433.9,281451.418,,,,,s,s,1,766.228,282841.751,none,,282033.9,282075.523,282841.751,3000,766.228,282841.751,"[{""stage_name"": ""fixation"", ""planned_duration_ms"": 100, ""intended_onset_ms"": 281433.9, ""actual_onset_global_ms"": 281451.418, ""actual_offset_global_ms"": 281553.134, ""actual_duration_ms"": 101.716}, {""stage_name"": ""cue"", ""planned_duration_ms"": 500, ""intended_onset_ms"": 281533.9, ""actual_onset_global_ms"": 281555.923, ""actual_offset_global_ms"": 282076.599, ""actual_duration_ms"": 520.676}, {""stage_name"": ""stimulus"", ""planned_duration_ms"": 3000, ""intended_onset_ms"": 282033.9, ""actual_onset_global_ms"": 282075.523, ""actual_offset_global_ms"": 282841.751, ""actual_duration_ms"": 766.228}]",,,,,0,0,1,0,1,0.0,none,,,0.0,0.0,none,0.0,0.0,0.0,0.0,,,0.0,none,none,0.0,shape,cue_shape.wav,形状,281556.079,500.0,282322.329,blue,rabbit,blue_rabbit,repeat,shape,shape,1285.828,,,,,,,,,,,,,,
0008,0008_T1_20260520_152501,PA,T1,adaptive,hci_substudy_v2,1,telemetry_v4,dccs,2,mixed_formal,formal,1,11,23,formal,shape,1779261901,60.0,2026-05-20T15:29:47.452,0,0,0,1,282854.315,282871.456,,,,,s,s,1,2429.495,285942.776,none,,283454.315,283513.281,285942.776,3000,2429.495,285942.776,"[{""stage_name"": ""fixation"", ""planned_duration_ms"": 100, ""intended_onset_ms"": 282854.315, ""actual_onset_global_ms"": 282871.456, ""actual_offset_global_ms"": 282987.236, ""actual_duration_ms"": 115.78}, {""stage_name"": ""cue"", ""planned_duration_ms"": 500, ""intended_onset_ms"": 282954.315, ""actual_onset_global_ms"": 282989.166, ""actual_offset_global_ms"": 283513.575, ""actual_duration_ms"": 524.409}, {""stage_name"": ""stimulus"", ""planned_duration_ms"": 3000, ""intended_onset_ms"": 283454.315, ""actual_onset_global_ms"": 283513.281, ""actual_offset_global_ms"": 285942.776, ""actual_duration_ms"": 2429.495}]",,,,,0,0,1,0,1,0.0,none,,,0.0,0.0,none,0.0,0.0,0.0,0.0,,,0.0,none,none,0.0,shape,cue_shape.wav,形状,282989.412,500.0,283755.662,red,rabbit,red_rabbit,repeat,shape,shape,2953.61,,,,,,,,,,,,,,
0008,0008_T1_20260520_152501,PA,T1,adaptive,hci_substudy_v2,1,telemetry_v4,dccs,2,mixed_formal,formal,1,12,24,formal,color,1779261901,60.0,2026-05-20T15:29:50.562,0,0,0,1,285964.746,285980.252,,,,,j,j,1,2446.799,289022.074,none,,286564.746,286575.275,289022.074,3000,2446.799,289022.074,"[{""stage_name"": ""fixation"", ""planned_duration_ms"": 100, ""intended_onset_ms"": 285964.746, ""actual_onset_global_ms"": 285980.252, ""actual_offset_global_ms"": 286089.924, ""actual_duration_ms"": 109.672}, {""stage_name"": ""cue"", ""planned_duration_ms"": 500, ""intended_onset_ms"": 286064.746, ""actual_onset_global_ms"": 286089.073, ""actual_offset_global_ms"": 286576.661, ""actual_duration_ms"": 487.588}, {""stage_name"": ""stimulus"", ""planned_duration_ms"": 3000, ""intended_onset_ms"": 286564.746, ""actual_onset_global_ms"": 286575.275, ""actual_offset_global_ms"": 289022.074, ""actual_duration_ms"": 2446.799}]",,,,,0,0,1,0,1,0.0,none,,,0.0,0.0,none,0.0,0.0,0.0,0.0,,,0.0,none,none,0.0,color,cue_color.wav,颜色,286089.206,500.0,286785.769,red,rabbit,red_rabbit,switch,shape,color,2933.001,,,,,,,,,,,,,,
0008,0008_T1_20260520_152501,PA,T1,adaptive,hci_substudy_v2,1,telemetry_v4,dccs,2,mixed_formal,formal,1,13,25,formal,color,1779261901,60.0,2026-05-20T15:29:53.630,0,0,0,1,289032.294,289048.996,,,,,s,s,1,1395.894,291065.867,none,,289632.294,289669.973,291065.867,3000,1395.894,291065.867,"[{""stage_name"": ""fixation"", ""planned_duration_ms"": 100, ""intended_onset_ms"": 289032.294, ""actual_onset_global_ms"": 289048.996, ""actual_offset_global_ms"": 289162.619, ""actual_duration_ms"": 113.623}, {""stage_name"": ""cue"", ""planned_duration_ms"": 500, ""intended_onset_ms"": 289132.294, ""actual_onset_global_ms"": 289163.163, ""actual_offset_global_ms"": 289671.345, ""actual_duration_ms"": 508.182}, {""stage_name"": ""stimulus"", ""planned_duration_ms"": 3000, ""intended_onset_ms"": 289632.294, ""actual_onset_global_ms"": 289669.973, ""actual_offset_global_ms"": 291065.867, ""actual_duration_ms"": 1395.894}]",,,,,0,0,1,0,1,0.0,none,,,0.0,0.0,none,0.0,0.0,0.0,0.0,,,0.0,none,none,0.0,color,cue_color.wav,颜色,289163.456,500.0,289860.019,blue,boat,blue_boat,repeat,color,color,1902.704,,,,,,,,,,,,,,
0008,0008_T1_20260520_152501,PA,T1,adaptive,hci_substudy_v2,1,telemetry_v4,dccs,2,mixed_formal,formal,1,14,26,formal,shape,1779261901,60.0,2026-05-20T15:29:55.673,0,0,0,1,291075.785,291092.273,,,,,j,j,1,1078.953,292810.641,none,,291675.785,291731.688,292810.641,3000,1078.953,292810.641,"[{""stage_name"": ""fixation"", ""planned_duration_ms"": 100, ""intended_onset_ms"": 291075.785, ""actual_onset_global_ms"": 291092.273, ""actual_offset_global_ms"": 291208.657, ""actual_duration_ms"": 116.384}, {""stage_name"": ""cue"", ""planned_duration_ms"": 500, ""intended_onset_ms"": 291175.785, ""actual_onset_global_ms"": 291209.929, ""actual_offset_global_ms"": 291730.958, ""actual_duration_ms"": 521.029}, {""stage_name"": ""stimulus"", ""planned_duration_ms"": 3000, ""intended_onset_ms"": 291675.785, ""actual_onset_global_ms"": 291731.688, ""actual_offset_global_ms"": 292810.641, ""actual_duration_ms"": 1078.953}]",,,,,0,0,1,0,1,0.0,none,,,0.0,0.0,none,0.0,0.0,0.0,0.0,,,0.0,none,none,0.0,shape,cue_shape.wav,形状,291210.101,500.0,291976.351,blue,boat,blue_boat,switch,color,shape,1600.712,,,,,,,,,,,,,,
0008,0008_T1_20260520_152501,PA,T1,adaptive,hci_substudy_v2,1,telemetry_v4,dccs,2,mixed_formal,formal,1,15,27,formal,shape,1779261901,60.0,2026-05-20T15:29:57.428,0,0,0,1,292830.329,292847.268,,,,,s,s,1,2054.219,295534.935,none,,293430.329,293480.716,295534.935,3000,2054.219,295534.935,"[{""stage_name"": ""fixation"", ""planned_duration_ms"": 100, ""intended_onset_ms"": 292830.329, ""actual_onset_global_ms"": 292847.268, ""actual_offset_global_ms"": 292951.105, ""actual_duration_ms"": 103.837}, {""stage_name"": ""cue"", ""planned_duration_ms"": 500, ""intended_onset_ms"": 292930.329, ""actual_onset_global_ms"": 292952.399, ""actual_offset_global_ms"": 293479.91, ""actual_duration_ms"": 527.511}, {""stage_name"": ""stimulus"", ""planned_duration_ms"": 3000, ""intended_onset_ms"": 293430.329, ""actual_onset_global_ms"": 293480.716, ""actual_offset_global_ms"": 295534.935, ""actual_duration_ms"": 2054.219}]",,,,,0,0,1,0,1,0.0,none,,,0.0,0.0,none,0.0,0.0,0.0,0.0,,,0.0,none,none,0.0,shape,cue_shape.wav,形状,292952.609,500.0,293718.859,blue,rabbit,blue_rabbit,repeat,shape,shape,2582.536,,,,,,,,,,,,,,
0008,0008_T1_20260520_152501,PA,T1,adaptive,hci_substudy_v2,1,telemetry_v4,dccs,2,mixed_formal,formal,1,16,28,formal,color,1779261901,60.0,2026-05-20T15:30:00.146,0,0,0,1,295548.509,295564.319,,,,,j,j,1,1264.302,297441.181,none,,296148.509,296176.879,297441.181,3000,1264.302,297441.181,"[{""stage_name"": ""fixation"", ""planned_duration_ms"": 100, ""intended_onset_ms"": 295548.509, ""actual_onset_global_ms"": 295564.319, ""actual_offset_global_ms"": 295667.733, ""actual_duration_ms"": 103.414}, {""stage_name"": ""cue"", ""planned_duration_ms"": 500, ""intended_onset_ms"": 295648.509, ""actual_onset_global_ms"": 295668.938, ""actual_offset_global_ms"": 296176.384, ""actual_duration_ms"": 507.446}, {""stage_name"": ""stimulus"", ""planned_duration_ms"": 3000, ""intended_onset_ms"": 296148.509, ""actual_onset_global_ms"": 296176.879, ""actual_offset_global_ms"": 297441.181, ""actual_duration_ms"": 1264.302}]",,,,,0,0,1,0,1,0.0,none,,,0.0,0.0,none,0.0,0.0,0.0,0.0,,,0.0,none,none,0.0,color,cue_color.wav,颜色,295669.106,500.0,296365.669,red,boat,red_boat,switch,shape,color,1772.243,,,,,,,,,,,,,,
0008,0008_T1_20260520_152501,PA,T1,adaptive,hci_substudy_v2,1,telemetry_v4,dccs,2,mixed_formal,formal,1,17,29,formal,shape,1779261901,60.0,2026-05-20T15:30:02.048,0,0,0,1,297450.695,297469.427,,,,,s,s,1,3231.995,301324.954,none,,298050.695,298092.959,301324.954,3000,3231.995,301324.954,"[{""stage_name"": ""fixation"", ""planned_duration_ms"": 100, ""intended_onset_ms"": 297450.695, ""actual_onset_global_ms"": 297469.427, ""actual_offset_global_ms"": 297568.456, ""actual_duration_ms"": 99.029}, {""stage_name"": ""cue"", ""planned_duration_ms"": 500, ""intended_onset_ms"": 297550.695, ""actual_onset_global_ms"": 297570.214, ""actual_offset_global_ms"": 298093.097, ""actual_duration_ms"": 522.883}, {""stage_name"": ""stimulus"", ""planned_duration_ms"": 3000, ""intended_onset_ms"": 298050.695, ""actual_onset_global_ms"": 298092.959, ""actual_offset_global_ms"": 301324.954, ""actual_duration_ms"": 3231.995}]",,,,,0,1,0,0,1,0.0,none,,,0.0,0.0,none,0.0,0.0,0.0,0.0,,,0.0,none,none,0.0,shape,cue_shape.wav,形状,297570.448,500.0,298336.698,red,rabbit,red_rabbit,switch,color,shape,3754.74,,,,,,,,,,,,,,
0008,0008_T1_20260520_152501,PA,T1,adaptive,hci_substudy_v2,1,telemetry_v4,dccs,2,mixed_formal,formal,1,18,30,formal,color,1779261901,60.0,2026-05-20T15:30:05.936,0,0,0,1,301338.501,301354.315,,,,,s,s,1,1863.575,303844.565,none,,301938.501,301980.99,303844.565,3000,1863.575,303844.565,"[{""stage_name"": ""fixation"", ""planned_duration_ms"": 100, ""intended_onset_ms"": 301338.501, ""actual_onset_global_ms"": 301354.315, ""actual_offset_global_ms"": 301466.542, ""actual_duration_ms"": 112.227}, {""stage_name"": ""cue"", ""planned_duration_ms"": 500, ""intended_onset_ms"": 301438.501, ""actual_onset_global_ms"": 301467.91, ""actual_offset_global_ms"": 301982.652, ""actual_duration_ms"": 514.742}, {""stage_name"": ""stimulus"", ""planned_duration_ms"": 3000, ""intended_onset_ms"": 301938.501, ""actual_onset_global_ms"": 301980.99, ""actual_offset_global_ms"": 303844.565, ""actual_duration_ms"": 1863.575}]",,,,,0,0,1,0,1,0.0,none,,,0.0,0.0,none,0.0,0.0,0.0,0.0,,,0.0,none,none,0.0,color,cue_color.wav,颜色,301468.112,500.0,302164.675,blue,rabbit,blue_rabbit,switch,shape,color,2376.655,,,,,,,,,,,,,,
0008,0008_T1_20260520_152501,PA,T1,adaptive,hci_substudy_v2,1,telemetry_v4,dccs,2,mixed_formal,formal,1,19,31,formal,color,1779261901,60.0,2026-05-20T15:30:08.463,0,0,0,1,303864.713,303883.519,,,,,j,j,1,935.796,305395.226,none,,304464.713,304459.43,305395.226,3000,935.796,305395.226,"[{""stage_name"": ""fixation"", ""planned_duration_ms"": 100, ""intended_onset_ms"": 303864.713, ""actual_onset_global_ms"": 303883.519, ""actual_offset_global_ms"": 303993.056, ""actual_duration_ms"": 109.537}, {""stage_name"": ""cue"", ""planned_duration_ms"": 500, ""intended_onset_ms"": 303964.713, ""actual_onset_global_ms"": 303993.501, ""actual_offset_global_ms"": 304461.657, ""actual_duration_ms"": 468.156}, {""stage_name"": ""stimulus"", ""planned_duration_ms"": 3000, ""intended_onset_ms"": 304464.713, ""actual_onset_global_ms"": 304459.43, ""actual_offset_global_ms"": 305395.226, ""actual_duration_ms"": 935.796}]",,,,,0,0,1,0,1,0.0,none,,,0.0,0.0,none,0.0,0.0,0.0,0.0,,,0.0,none,none,0.0,color,cue_color.wav,颜色,303993.662,500.0,304690.225,red,rabbit,red_rabbit,repeat,color,color,1401.725,,,,,,,,,,,,,,
0008,0008_T1_20260520_152501,PA,T1,adaptive,hci_substudy_v2,1,telemetry_v4,dccs,2,mixed_formal,formal,1,20,32,formal,color,1779261901,60.0,2026-05-20T15:30:10.000,0,0,0,1,305402.184,305417.971,,,,,j,j,1,1147.637,307193.871,none,,306002.184,306046.234,307193.871,3000,1147.637,307193.871,"[{""stage_name"": ""fixation"", ""planned_duration_ms"": 100, ""intended_onset_ms"": 305402.184, ""actual_onset_global_ms"": 305417.971, ""actual_offset_global_ms"": 305532.136, ""actual_duration_ms"": 114.165}, {""stage_name"": ""cue"", ""planned_duration_ms"": 500, ""intended_onset_ms"": 305502.184, ""actual_onset_global_ms"": 305532.331, ""actual_offset_global_ms"": 306047.121, ""actual_duration_ms"": 514.79}, {""stage_name"": ""stimulus"", ""planned_duration_ms"": 3000, ""intended_onset_ms"": 306002.184, ""actual_onset_global_ms"": 306046.234, ""actual_offset_global_ms"": 307193.871, ""actual_duration_ms"": 1147.637}]",,,,,0,0,1,0,1,0.0,none,,,0.0,0.0,none,0.0,0.0,0.0,0.0,,,0.0,none,none,0.0,color,cue_color.wav,颜色,305532.537,500.0,306229.1,red,boat,red_boat,repeat,color,color,1661.54,,,,,,,,,,,,,,
0008,0008_T1_20260520_152501,PA,T1,adaptive,hci_substudy_v2,1,telemetry_v4,dccs,2,mixed_formal,formal,1,21,33,formal,shape,1779261901,60.0,2026-05-20T15:30:11.803,0,0,0,1,307205.565,307223.536,,,,,j,j,1,1255.629,309109.535,none,,307805.565,307853.906,309109.535,3000,1255.629,309109.535,"[{""stage_name"": ""fixation"", ""planned_duration_ms"": 100, ""intended_onset_ms"": 307205.565, ""actual_onset_global_ms"": 307223.536, ""actual_offset_global_ms"": 307334.294, ""actual_duration_ms"": 110.758}, {""stage_name"": ""cue"", ""planned_duration_ms"": 500, ""intended_onset_ms"": 307305.565, ""actual_onset_global_ms"": 307334.717, ""actual_offset_global_ms"": 307854.806, ""actual_duration_ms"": 520.089}, {""stage_name"": ""stimulus"", ""planned_duration_ms"": 3000, ""intended_onset_ms"": 307805.565, ""actual_onset_global_ms"": 307853.906, ""actual_offset_global_ms"": 309109.535, ""actual_duration_ms"": 1255.629}]",,,,,0,0,1,0,1,0.0,none,,,0.0,0.0,none,0.0,0.0,0.0,0.0,,,0.0,none,none,0.0,shape,cue_shape.wav,形状,307334.882,500.0,308101.132,red,boat,red_boat,switch,color,shape,1774.818,,,,,,,,,,,,,,
0008,0008_T1_20260520_152501,PA,T1,adaptive,hci_substudy_v2,1,telemetry_v4,dccs,2,mixed_formal,formal,1,22,34,formal,color,1779261901,60.0,2026-05-20T15:30:13.723,0,0,0,1,309125.228,309139.909,,,,,s,s,1,1761.319,311530.879,none,,309725.228,309769.56,311530.879,3000,1761.319,311530.879,"[{""stage_name"": ""fixation"", ""planned_duration_ms"": 100, ""intended_onset_ms"": 309125.228, ""actual_onset_global_ms"": 309139.909, ""actual_offset_global_ms"": 309250.89, ""actual_duration_ms"": 110.981}, {""stage_name"": ""cue"", ""planned_duration_ms"": 500, ""intended_onset_ms"": 309225.228, ""actual_onset_global_ms"": 309251.189, ""actual_offset_global_ms"": 309769.792, ""actual_duration_ms"": 518.603}, {""stage_name"": ""stimulus"", ""planned_duration_ms"": 3000, ""intended_onset_ms"": 309725.228, ""actual_onset_global_ms"": 309769.56, ""actual_offset_global_ms"": 311530.879, ""actual_duration_ms"": 1761.319}]",,,,,0,0,1,0,1,0.0,none,,,0.0,0.0,none,0.0,0.0,0.0,0.0,,,0.0,none,none,0.0,color,cue_color.wav,颜色,309251.432,500.0,309947.994,blue,rabbit,blue_rabbit,switch,shape,color,2279.69,,,,,,,,,,,,,,
0008,0008_T1_20260520_152501,PA,T1,adaptive,hci_substudy_v2,1,telemetry_v4,dccs,2,mixed_formal,formal,1,23,35,formal,color,1779261901,60.0,2026-05-20T15:30:16.137,0,0,0,1,311539.257,311557.639,,,,,s,s,1,1647.277,313820.526,none,,312139.257,312173.249,313820.526,3000,1647.277,313820.526,"[{""stage_name"": ""fixation"", ""planned_duration_ms"": 100, ""intended_onset_ms"": 311539.257, ""actual_onset_global_ms"": 311557.639, ""actual_offset_global_ms"": 311661.661, ""actual_duration_ms"": 104.022}, {""stage_name"": ""cue"", ""planned_duration_ms"": 500, ""intended_onset_ms"": 311639.257, ""actual_onset_global_ms"": 311663.37, ""actual_offset_global_ms"": 312174.008, ""actual_duration_ms"": 510.638}, {""stage_name"": ""stimulus"", ""planned_duration_ms"": 3000, ""intended_onset_ms"": 312139.257, ""actual_onset_global_ms"": 312173.249, ""actual_offset_global_ms"": 313820.526, ""actual_duration_ms"": 1647.277}]",,,,,0,0,1,0,1,0.0,none,,,0.0,0.0,none,0.0,0.0,0.0,0.0,,,0.0,none,none,0.0,color,cue_color.wav,颜色,311663.609,500.0,312360.171,blue,boat,blue_boat,repeat,color,color,2157.156,,,,,,,,,,,,,,
0008,0008_T1_20260520_152501,PA,T1,adaptive,hci_substudy_v2,1,telemetry_v4,dccs,2,mixed_formal,formal,1,24,36,formal,shape,1779261901,60.0,2026-05-20T15:30:18.436,0,0,0,1,313838.54,313854.501,,,,,s,s,1,1800.674,316279.486,none,,314438.54,314478.812,316279.486,3000,1800.674,316279.486,"[{""stage_name"": ""fixation"", ""planned_duration_ms"": 100, ""intended_onset_ms"": 313838.54, ""actual_onset_global_ms"": 313854.501, ""actual_offset_global_ms"": 313956.37, ""actual_duration_ms"": 101.869}, {""stage_name"": ""cue"", ""planned_duration_ms"": 500, ""intended_onset_ms"": 313938.54, ""actual_onset_global_ms"": 313957.935, ""actual_offset_global_ms"": 314478.839, ""actual_duration_ms"": 520.904}, {""stage_name"": ""stimulus"", ""planned_duration_ms"": 3000, ""intended_onset_ms"": 314438.54, ""actual_onset_global_ms"": 314478.812, ""actual_offset_global_ms"": 316279.486, ""actual_duration_ms"": 1800.674}]",,,,,0,0,1,0,1,0.0,none,,,0.0,0.0,none,0.0,0.0,0.0,0.0,,,0.0,none,none,0.0,shape,cue_shape.wav,形状,313958.135,500.0,314724.385,blue,rabbit,blue_rabbit,switch,color,shape,2321.551,,,,,,,,,,,,,,
0008,0008_T1_20260520_152501,PA,T1,adaptive,hci_substudy_v2,1,telemetry_v4,dccs,2,mixed_formal,formal,1,25,37,formal,color,1779261901,60.0,2026-05-20T15:30:20.898,0,0,0,1,316300.404,316317.577,,,,,j,j,1,848.347,317781.879,none,,316900.404,316933.532,317781.879,3000,848.347,317781.879,"[{""stage_name"": ""fixation"", ""planned_duration_ms"": 100, ""intended_onset_ms"": 316300.404, ""actual_onset_global_ms"": 316317.577, ""actual_offset_global_ms"": 316430.124, ""actual_duration_ms"": 112.547}, {""stage_name"": ""cue"", ""planned_duration_ms"": 500, ""intended_onset_ms"": 316400.404, ""actual_onset_global_ms"": 316430.602, ""actual_offset_global_ms"": 316934.744, ""actual_duration_ms"": 504.142}, {""stage_name"": ""stimulus"", ""planned_duration_ms"": 3000, ""intended_onset_ms"": 316900.404, ""actual_onset_global_ms"": 316933.532, ""actual_offset_global_ms"": 317781.879, ""actual_duration_ms"": 848.347}]",,,,,0,0,1,0,1,0.0,none,,,0.0,0.0,none,0.0,0.0,0.0,0.0,,,0.0,none,none,0.0,color,cue_color.wav,颜色,316430.756,500.0,317127.318,red,boat,red_boat,switch,shape,color,1351.277,,,,,,,,,,,,,,
0008,0008_T1_20260520_152501,PA,T1,adaptive,hci_substudy_v2,1,telemetry_v4,dccs,2,mixed_formal,formal,1,26,38,formal,color,1779261901,60.0,2026-05-20T15:30:22.400,0,0,0,1,317801.805,317817.279,,,,,s,s,1,900.055,319327.951,none,,318401.805,318427.896,319327.951,3000,900.055,319327.951,"[{""stage_name"": ""fixation"", ""planned_duration_ms"": 100, ""intended_onset_ms"": 317801.805, ""actual_onset_global_ms"": 317817.279, ""actual_offset_global_ms"": 317929.55, ""actual_duration_ms"": 112.271}, {""stage_name"": ""cue"", ""planned_duration_ms"": 500, ""intended_onset_ms"": 317901.805, ""actual_onset_global_ms"": 317929.382, ""actual_offset_global_ms"": 318427.995, ""actual_duration_ms"": 498.613}, {""stage_name"": ""stimulus"", ""planned_duration_ms"": 3000, ""intended_onset_ms"": 318401.805, ""actual_onset_global_ms"": 318427.896, ""actual_offset_global_ms"": 319327.951, ""actual_duration_ms"": 900.055}]",,,,,0,0,1,0,1,0.0,none,,,0.0,0.0,none,0.0,0.0,0.0,0.0,,,0.0,none,none,0.0,color,cue_color.wav,颜色,317929.654,500.0,318626.216,blue,rabbit,blue_rabbit,repeat,color,color,1398.569,,,,,,,,,,,,,,
0008,0008_T1_20260520_152501,PA,T1,adaptive,hci_substudy_v2,1,telemetry_v4,dccs,2,mixed_formal,formal,1,27,39,formal,color,1779261901,60.0,2026-05-20T15:30:23.935,0,0,0,1,319337.299,319355.748,,,,,s,s,1,782.526,320754.888,none,,319937.299,319972.362,320754.888,3000,782.526,320754.888,"[{""stage_name"": ""fixation"", ""planned_duration_ms"": 100, ""intended_onset_ms"": 319337.299, ""actual_onset_global_ms"": 319355.748, ""actual_offset_global_ms"": 319454.135, ""actual_duration_ms"": 98.387}, {""stage_name"": ""cue"", ""planned_duration_ms"": 500, ""intended_onset_ms"": 319437.299, ""actual_onset_global_ms"": 319455.298, ""actual_offset_global_ms"": 319971.867, ""actual_duration_ms"": 516.569}, {""stage_name"": ""stimulus"", ""planned_duration_ms"": 3000, ""intended_onset_ms"": 319937.299, ""actual_onset_global_ms"": 319972.362, ""actual_offset_global_ms"": 320754.888, ""actual_duration_ms"": 782.526}]",,,,,0,0,1,0,1,0.0,none,,,0.0,0.0,none,0.0,0.0,0.0,0.0,,,0.0,none,none,0.0,color,cue_color.wav,颜色,319455.506,500.0,320152.068,blue,boat,blue_boat,repeat,color,color,1299.59,,,,,,,,,,,,,,
0008,0008_T1_20260520_152501,PA,T1,adaptive,hci_substudy_v2,1,telemetry_v4,dccs,2,mixed_formal,formal,1,28,40,formal,shape,1779261901,60.0,2026-05-20T15:30:25.362,0,0,0,1,320764.121,320780.815,,,,,j,j,1,2574.322,323987.045,none,,321364.121,321412.723,323987.045,3000,2574.322,323987.045,"[{""stage_name"": ""fixation"", ""planned_duration_ms"": 100, ""intended_onset_ms"": 320764.121, ""actual_onset_global_ms"": 320780.815, ""actual_offset_global_ms"": 320885.402, ""actual_duration_ms"": 104.587}, {""stage_name"": ""cue"", ""planned_duration_ms"": 500, ""intended_onset_ms"": 320864.121, ""actual_onset_global_ms"": 320887.476, ""actual_offset_global_ms"": 321413.195, ""actual_duration_ms"": 525.719}, {""stage_name"": ""stimulus"", ""planned_duration_ms"": 3000, ""intended_onset_ms"": 321364.121, ""actual_onset_global_ms"": 321412.723, ""actual_offset_global_ms"": 323987.045, ""actual_duration_ms"": 2574.322}]",,,,,0,0,1,0,1,0.0,none,,,0.0,0.0,none,0.0,0.0,0.0,0.0,,,0.0,none,none,0.0,shape,cue_shape.wav,形状,320888.792,500.0,321655.042,red,boat,red_boat,switch,color,shape,3099.569,,,,,,,,,,,,,,
0008,0008_T1_20260520_152501,PA,T1,adaptive,hci_substudy_v2,1,telemetry_v4,dccs,2,mixed_formal,formal,1,29,41,formal,color,1779261901,60.0,2026-05-20T15:30:28.595,0,0,0,1,323996.987,324015.3,,,,,s,s,1,1724.948,326362.426,none,,324596.987,324637.478,326362.426,3000,1724.948,326362.426,"[{""stage_name"": ""fixation"", ""planned_duration_ms"": 100, ""intended_onset_ms"": 323996.987, ""actual_onset_global_ms"": 324015.3, ""actual_offset_global_ms"": 324123.917, ""actual_duration_ms"": 108.617}, {""stage_name"": ""cue"", ""planned_duration_ms"": 500, ""intended_onset_ms"": 324096.987, ""actual_onset_global_ms"": 324124.695, ""actual_offset_global_ms"": 324638.572, ""actual_duration_ms"": 513.877}, {""stage_name"": ""stimulus"", ""planned_duration_ms"": 3000, ""intended_onset_ms"": 324596.987, ""actual_onset_global_ms"": 324637.478, ""actual_offset_global_ms"": 326362.426, ""actual_duration_ms"": 1724.948}]",,,,,0,0,1,0,1,0.0,none,,,0.0,0.0,none,0.0,0.0,0.0,0.0,,,0.0,none,none,0.0,color,cue_color.wav,颜色,324124.887,500.0,324821.449,blue,rabbit,blue_rabbit,switch,shape,color,2237.731,,,,,,,,,,,,,,
0008,0008_T1_20260520_152501,PA,T1,adaptive,hci_substudy_v2,1,telemetry_v4,dccs,2,mixed_formal,formal,1,30,42,formal,shape,1779261901,60.0,2026-05-20T15:30:30.979,0,0,0,1,326381.502,326396.758,,,,,j,j,1,2627.192,329669.611,none,,326981.502,327042.419,329669.611,3000,2627.192,329669.611,"[{""stage_name"": ""fixation"", ""planned_duration_ms"": 100, ""intended_onset_ms"": 326381.502, ""actual_onset_global_ms"": 326396.758, ""actual_offset_global_ms"": 326516.343, ""actual_duration_ms"": 119.585}, {""stage_name"": ""cue"", ""planned_duration_ms"": 500, ""intended_onset_ms"": 326481.502, ""actual_onset_global_ms"": 326517.705, ""actual_offset_global_ms"": 327042.765, ""actual_duration_ms"": 525.06}, {""stage_name"": ""stimulus"", ""planned_duration_ms"": 3000, ""intended_onset_ms"": 326981.502, ""actual_onset_global_ms"": 327042.419, ""actual_offset_global_ms"": 329669.611, ""actual_duration_ms"": 2627.192}]",,,,,0,0,1,0,1,0.0,none,,,0.0,0.0,none,0.0,0.0,0.0,0.0,,,0.0,none,none,0.0,shape,cue_shape.wav,形状,326517.887,500.0,327284.137,red,boat,red_boat,switch,color,shape,3151.906,,,,,,,,,,,,,,
0008,0008_T1_20260520_152501,PA,T1,adaptive,hci_substudy_v2,1,telemetry_v4,change_detection,4,formal_cd,formal,1,1,9,formal,N3_change,1779261901,60.0,2026-05-20T15:33:24.621,0,0,0,1,500023.86,500040.605,,,,,j,,1,16160.254,,,,503623.86,503702.343,519919.797,4000,16217.454,519919.797,"[{""stage_name"": ""fixation"", ""planned_duration_ms"": 100, ""intended_onset_ms"": 500023.86, ""actual_onset_global_ms"": 500040.605, ""actual_offset_global_ms"": 500149.554, ""actual_duration_ms"": 108.949}, {""stage_name"": ""memory_array"", ""planned_duration_ms"": 2500, ""intended_onset_ms"": 500123.86, ""actual_onset_global_ms"": 500190.376, ""actual_offset_global_ms"": 502650.326, ""actual_duration_ms"": 2459.95}, {""stage_name"": ""delay"", ""planned_duration_ms"": 1000, ""intended_onset_ms"": 502650.326, ""actual_onset_global_ms"": 502646.38, ""actual_offset_global_ms"": 503660.338, ""actual_duration_ms"": 1013.958}, {""stage_name"": ""test_array"", ""planned_duration_ms"": 4000, ""intended_onset_ms"": 503660.338, ""actual_onset_global_ms"": 503702.343, ""actual_offset_global_ms"": 519919.797, ""actual_duration_ms"": 16217.454}]",,,,,0,1,0,0,1,,,,,,,,,,,,,,,,,,,,,,,,,,,,,,,3.0,change,0.0,"[229.68, 98.86]","[[229.68, 98.86], [-143.11, -7.29], [233.69, -98.71]]","[""purple"", ""blue"", ""red""]","[""yellow"", ""blue"", ""red""]",purple,yellow,j,change,1.0,6.0,1.0
0008,0008_T1_20260520_152501,PA,T1,adaptive,hci_substudy_v2,1,telemetry_v4,change_detection,4,formal_cd,formal,1,2,10,formal,N4_same,1779261901,60.0,2026-05-20T15:33:44.522,0,0,0,1,519924.386,519939.374,,,,,s,,1,2611.639,,,,523524.386,523638.851,526301.545,4000,2662.694,526301.545,"[{""stage_name"": ""fixation"", ""planned_duration_ms"": 100, ""intended_onset_ms"": 519924.386, ""actual_onset_global_ms"": 519939.374, ""actual_offset_global_ms"": 520050.524, ""actual_duration_ms"": 111.15}, {""stage_name"": ""memory_array"", ""planned_duration_ms"": 2500, ""intended_onset_ms"": 520024.386, ""actual_onset_global_ms"": 520107.514, ""actual_offset_global_ms"": 522571.168, ""actual_duration_ms"": 2463.654}, {""stage_name"": ""delay"", ""planned_duration_ms"": 1000, ""intended_onset_ms"": 522571.168, ""actual_onset_global_ms"": 522567.446, ""actual_offset_global_ms"": 523577.23, ""actual_duration_ms"": 1009.784}, {""stage_name"": ""test_array"", ""planned_duration_ms"": 4000, ""intended_onset_ms"": 523577.23, ""actual_onset_global_ms"": 523638.851, ""actual_offset_global_ms"": 526301.545, ""actual_duration_ms"": 2662.694}]",,,,,0,0,1,0,1,,,,,,,,,,,,,,,,,,,,,,,,,,,,,,,4.0,same,0.0,"[21.06, 181.04]","[[21.06, 181.04], [-76.95, -113.27], [-246.03, -239.69], [229.77, 104.24]]","[""blue"", ""yellow"", ""red"", ""purple""]","[""blue"", ""yellow"", ""red"", ""purple""]",blue,blue,s,same,1.0,4.0,1.0
0008,0008_T1_20260520_152501,PA,T1,adaptive,hci_substudy_v2,1,telemetry_v4,change_detection,4,formal_cd,formal,1,3,11,formal,N1_same,1779261901,60.0,2026-05-20T15:33:50.903,0,0,0,1,526305.339,526319.903,,,,,s,,1,2444.011,,,,529905.339,529958.445,532423.335,4000,2464.89,532423.335,"[{""stage_name"": ""fixation"", ""planned_duration_ms"": 100, ""intended_onset_ms"": 526305.339, ""actual_onset_global_ms"": 526319.903, ""actual_offset_global_ms"": 526426.237, ""actual_duration_ms"": 106.334}, {""stage_name"": ""memory_array"", ""planned_duration_ms"": 2500, ""intended_onset_ms"": 526405.339, ""actual_onset_global_ms"": 526436.45, ""actual_offset_global_ms"": 528940.84, ""actual_duration_ms"": 2504.39}, {""stage_name"": ""delay"", ""planned_duration_ms"": 1000, ""intended_onset_ms"": 528940.84, ""actual_onset_global_ms"": 528934.496, ""actual_offset_global_ms"": 529944.956, ""actual_duration_ms"": 1010.46}, {""stage_name"": ""test_array"", ""planned_duration_ms"": 4000, ""intended_onset_ms"": 529944.956, ""actual_onset_global_ms"": 529958.445, ""actual_offset_global_ms"": 532423.335, ""actual_duration_ms"": 2464.89}]",,,,,0,0,1,0,1,,,,,,,,,,,,,,,,,,,,,,,,,,,,,,,1.0,same,0.0,"[114.84, -117.37]","[[114.84, -117.37]]","[""red""]","[""red""]",red,red,s,same,1.0,1.0,1.0
0008,0008_T1_20260520_152501,PA,T1,adaptive,hci_substudy_v2,1,telemetry_v4,change_detection,4,formal_cd,formal,1,4,12,formal,N3_change,1779261901,60.0,2026-05-20T15:33:57.024,0,0,0,1,532427.012,532441.55,,,,,j,,1,3378.491,,,,536027.012,536105.407,539499.932,4000,3394.525,539499.932,"[{""stage_name"": ""fixation"", ""planned_duration_ms"": 100, ""intended_onset_ms"": 532427.012, ""actual_onset_global_ms"": 532441.55, ""actual_offset_global_ms"": 532551.769, ""actual_duration_ms"": 110.219}, {""stage_name"": ""memory_array"", ""planned_duration_ms"": 2500, ""intended_onset_ms"": 532527.012, ""actual_onset_global_ms"": 532596.186, ""actual_offset_global_ms"": 535056.37, ""actual_duration_ms"": 2460.184}, {""stage_name"": ""delay"", ""planned_duration_ms"": 1000, ""intended_onset_ms"": 535056.37, ""actual_onset_global_ms"": 535050.868, ""actual_offset_global_ms"": 536063.737, ""actual_duration_ms"": 1012.869}, {""stage_name"": ""test_array"", ""planned_duration_ms"": 4000, ""intended_onset_ms"": 536063.737, ""actual_onset_global_ms"": 536105.407, ""actual_offset_global_ms"": 539499.932, ""actual_duration_ms"": 3394.525}]",,,,,0,1,0,0,1,,,,,,,,,,,,,,,,,,,,,,,,,,,,,,,3.0,change,2.0,"[-193.35, -220.88]","[[-89.49, 63.16], [198.26, 105.66], [-193.35, -220.88]]","[""red"", ""green"", ""purple""]","[""red"", ""green"", ""blue""]",purple,blue,j,change,1.0,3.0,1.0
0008,0008_T1_20260520_152501,PA,T1,adaptive,hci_substudy_v2,1,telemetry_v4,change_detection,4,formal_cd,formal,1,5,13,formal,N2_change,1779261901,60.0,2026-05-20T15:34:04.103,0,0,0,1,539504.812,539520.123,,,,,j,,1,2121.362,,,,543104.812,543178.4,545319.386,4000,2140.986,545319.386,"[{""stage_name"": ""fixation"", ""planned_duration_ms"": 100, ""intended_onset_ms"": 539504.812, ""actual_onset_global_ms"": 539520.123, ""actual_offset_global_ms"": 539625.753, ""actual_duration_ms"": 105.63}, {""stage_name"": ""memory_array"", ""planned_duration_ms"": 2500, ""intended_onset_ms"": 539604.812, ""actual_onset_global_ms"": 539653.853, ""actual_offset_global_ms"": 542148.977, ""actual_duration_ms"": 2495.124}, {""stage_name"": ""delay"", ""planned_duration_ms"": 1000, ""intended_onset_ms"": 542148.977, ""actual_onset_global_ms"": 542142.758, ""actual_offset_global_ms"": 543150.343, ""actual_duration_ms"": 1007.585}, {""stage_name"": ""test_array"", ""planned_duration_ms"": 4000, ""intended_onset_ms"": 543150.343, ""actual_onset_global_ms"": 543178.4, ""actual_offset_global_ms"": 545319.386, ""actual_duration_ms"": 2140.986}]",,,,,0,0,1,0,1,,,,,,,,,,,,,,,,,,,,,,,,,,,,,,,2.0,change,1.0,"[-256.77, 44.62]","[[19.64, 201.75], [-256.77, 44.62]]","[""purple"", ""red""]","[""purple"", ""blue""]",red,blue,j,change,1.0,2.0,1.0
0008,0008_T1_20260520_152501,PA,T1,adaptive,hci_substudy_v2,1,telemetry_v4,change_detection,4,formal_cd,formal,1,6,14,formal,N3_same,1779261901,60.0,2026-05-20T15:34:09.924,0,0,0,1,545325.854,545340.583,,,,,s,,1,2223.307,,,,548925.854,549041.351,551321.424,4000,2280.073,551321.424,"[{""stage_name"": ""fixation"", ""planned_duration_ms"": 100, ""intended_onset_ms"": 545325.854, ""actual_onset_global_ms"": 545340.583, ""actual_offset_global_ms"": 545454.864, ""actual_duration_ms"": 114.281}, {""stage_name"": ""memory_array"", ""planned_duration_ms"": 2500, ""intended_onset_ms"": 545425.854, ""actual_onset_global_ms"": 545499.717, ""actual_offset_global_ms"": 547997.334, ""actual_duration_ms"": 2497.617}, {""stage_name"": ""delay"", ""planned_duration_ms"": 1000, ""intended_onset_ms"": 547997.334, ""actual_onset_global_ms"": 547991.275, ""actual_offset_global_ms"": 548998.326, ""actual_duration_ms"": 1007.051}, {""stage_name"": ""test_array"", ""planned_duration_ms"": 4000, ""intended_onset_ms"": 548998.326, ""actual_onset_global_ms"": 549041.351, ""actual_offset_global_ms"": 551321.424, ""actual_duration_ms"": 2280.073}]",,,,,0,0,1,0,1,,,,,,,,,,,,,,,,,,,,,,,,,,,,,,,3.0,same,0.0,"[224.81, 39.02]","[[224.81, 39.02], [-55.84, 143.24], [-167.09, -190.47]]","[""green"", ""yellow"", ""blue""]","[""green"", ""yellow"", ""blue""]",green,green,s,same,1.0,3.0,1.0
0008,0008_T1_20260520_152501,PA,T1,adaptive,hci_substudy_v2,1,telemetry_v4,change_detection,4,formal_cd,formal,1,7,15,formal,N4_change,1779261901,60.0,2026-05-20T15:34:15.925,0,0,0,1,551327.067,551343.881,,,,,j,,0,2661.74,,,,554927.067,555037.695,557739.252,4000,2701.557,557739.252,"[{""stage_name"": ""fixation"", ""planned_duration_ms"": 100, ""intended_onset_ms"": 551327.067, ""actual_onset_global_ms"": 551343.881, ""actual_offset_global_ms"": 551457.711, ""actual_duration_ms"": 113.83}, {""stage_name"": ""memory_array"", ""planned_duration_ms"": 2500, ""intended_onset_ms"": 551427.067, ""actual_onset_global_ms"": 551518.3, ""actual_offset_global_ms"": 553962.879, ""actual_duration_ms"": 2444.579}, {""stage_name"": ""delay"", ""planned_duration_ms"": 1000, ""intended_onset_ms"": 553962.879, ""actual_onset_global_ms"": 553959.781, ""actual_offset_global_ms"": 554974.812, ""actual_duration_ms"": 1015.031}, {""stage_name"": ""test_array"", ""planned_duration_ms"": 4000, ""intended_onset_ms"": 554974.812, ""actual_onset_global_ms"": 555037.695, ""actual_offset_global_ms"": 557739.252, ""actual_duration_ms"": 2701.557}]",,,,,0,0,0,0,1,,,,,,,,,,,,,,,,,,,,,,,,,,,,,,,4.0,change,3.0,"[-23.24, -230.14]","[[-116.36, -25.6], [-235.25, 9.23], [-83.19, -145.29], [-23.24, -230.14]]","[""red"", ""purple"", ""yellow"", ""blue""]","[""red"", ""purple"", ""yellow"", ""green""]",blue,green,s,same,0.0,4.0,1.0
0008,0008_T1_20260520_152501,PA,T1,adaptive,hci_substudy_v2,1,telemetry_v4,change_detection,4,formal_cd,formal,1,8,16,formal,N1_same,1779261901,60.0,2026-05-20T15:34:22.342,0,0,0,1,557744.628,557759.421,,,,,s,,1,1975.908,,,,561344.628,561404.704,563402.25,4000,1997.546,563402.25,"[{""stage_name"": ""fixation"", ""planned_duration_ms"": 100, ""intended_onset_ms"": 557744.628, ""actual_onset_global_ms"": 557759.421, ""actual_offset_global_ms"": 557874.951, ""actual_duration_ms"": 115.53}, {""stage_name"": ""memory_array"", ""planned_duration_ms"": 2500, ""intended_onset_ms"": 557844.628, ""actual_onset_global_ms"": 557890.531, ""actual_offset_global_ms"": 560380.445, ""actual_duration_ms"": 2489.914}, {""stage_name"": ""delay"", ""planned_duration_ms"": 1000, ""intended_onset_ms"": 560380.445, ""actual_onset_global_ms"": 560374.116, ""actual_offset_global_ms"": 561388.697, ""actual_duration_ms"": 1014.581}, {""stage_name"": ""test_array"", ""planned_duration_ms"": 4000, ""intended_onset_ms"": 561388.697, ""actual_onset_global_ms"": 561404.704, ""actual_offset_global_ms"": 563402.25, ""actual_duration_ms"": 1997.546}]",,,,,0,0,1,0,1,,,,,,,,,,,,,,,,,,,,,,,,,,,,,,,1.0,same,0.0,"[-172.29, 227.46]","[[-172.29, 227.46]]","[""purple""]","[""purple""]",purple,purple,s,same,1.0,1.0,1.0
0008,0008_T1_20260520_152501,PA,T1,adaptive,hci_substudy_v2,1,telemetry_v4,change_detection,4,formal_cd,formal,1,9,17,formal,N2_change,1779261901,60.0,2026-05-20T15:34:28.005,0,0,0,1,563407.175,563423.331,,,,,j,,1,1856.27,,,,567007.175,567072.238,568949.621,4000,1877.383,568949.621,"[{""stage_name"": ""fixation"", ""planned_duration_ms"": 100, ""intended_onset_ms"": 563407.175, ""actual_onset_global_ms"": 563423.331, ""actual_offset_global_ms"": 563532.192, ""actual_duration_ms"": 108.861}, {""stage_name"": ""memory_array"", ""planned_duration_ms"": 2500, ""intended_onset_ms"": 563507.175, ""actual_onset_global_ms"": 563561.443, ""actual_offset_global_ms"": 566035.971, ""actual_duration_ms"": 2474.528}, {""stage_name"": ""delay"", ""planned_duration_ms"": 1000, ""intended_onset_ms"": 566035.971, ""actual_onset_global_ms"": 566032.432, ""actual_offset_global_ms"": 567040.926, ""actual_duration_ms"": 1008.494}, {""stage_name"": ""test_array"", ""planned_duration_ms"": 4000, ""intended_onset_ms"": 567040.926, ""actual_onset_global_ms"": 567072.238, ""actual_offset_global_ms"": 568949.621, ""actual_duration_ms"": 1877.383}]",,,,,0,0,1,0,1,,,,,,,,,,,,,,,,,,,,,,,,,,,,,,,2.0,change,1.0,"[-99.71, -127.14]","[[39.73, -239.17], [-99.71, -127.14]]","[""blue"", ""red""]","[""blue"", ""purple""]",red,purple,j,change,1.0,3.0,1.0
0008,0008_T1_20260520_152501,PA,T1,adaptive,hci_substudy_v2,1,telemetry_v4,change_detection,4,formal_cd,formal,1,10,18,formal,N2_change,1779261901,60.0,2026-05-20T15:34:33.553,0,0,0,1,568955.287,568969.838,,,,,j,,1,3480.201,,,,572555.287,572629.536,576165.422,4000,3535.886,576165.422,"[{""stage_name"": ""fixation"", ""planned_duration_ms"": 100, ""intended_onset_ms"": 568955.287, ""actual_onset_global_ms"": 568969.838, ""actual_offset_global_ms"": 569086.669, ""actual_duration_ms"": 116.831}, {""stage_name"": ""memory_array"", ""planned_duration_ms"": 2500, ""intended_onset_ms"": 569055.287, ""actual_onset_global_ms"": 569117.121, ""actual_offset_global_ms"": 571593.726, ""actual_duration_ms"": 2476.605}, {""stage_name"": ""delay"", ""planned_duration_ms"": 1000, ""intended_onset_ms"": 571593.726, ""actual_onset_global_ms"": 571586.891, ""actual_offset_global_ms"": 572598.835, ""actual_duration_ms"": 1011.944}, {""stage_name"": ""test_array"", ""planned_duration_ms"": 4000, ""intended_onset_ms"": 572598.835, ""actual_onset_global_ms"": 572629.536, ""actual_offset_global_ms"": 576165.422, ""actual_duration_ms"": 3535.886}]",,,,,0,1,0,0,1,,,,,,,,,,,,,,,,,,,,,,,,,,,,,,,2.0,change,0.0,"[115.97, -145.47]","[[115.97, -145.47], [-224.7, 15.67]]","[""red"", ""yellow""]","[""blue"", ""yellow""]",red,blue,j,change,1.0,4.0,1.0
0008,0008_T1_20260520_152501,PA,T1,adaptive,hci_substudy_v2,1,telemetry_v4,change_detection,4,formal_cd,formal,1,11,19,formal,N1_change,1779261901,60.0,2026-05-20T15:34:40.768,0,0,0,1,576170.296,576185.383,,,,,j,,1,1654.462,,,,579770.296,579822.061,581503.066,4000,1681.005,581503.066,"[{""stage_name"": ""fixation"", ""planned_duration_ms"": 100, ""intended_onset_ms"": 576170.296, ""actual_onset_global_ms"": 576185.383, ""actual_offset_global_ms"": 576293.459, ""actual_duration_ms"": 108.076}, {""stage_name"": ""memory_array"", ""planned_duration_ms"": 2500, ""intended_onset_ms"": 576270.296, ""actual_onset_global_ms"": 576307.292, ""actual_offset_global_ms"": 578805.798, ""actual_duration_ms"": 2498.506}, {""stage_name"": ""delay"", ""planned_duration_ms"": 1000, ""intended_onset_ms"": 578805.798, ""actual_onset_global_ms"": 578799.901, ""actual_offset_global_ms"": 579806.915, ""actual_duration_ms"": 1007.014}, {""stage_name"": ""test_array"", ""planned_duration_ms"": 4000, ""intended_onset_ms"": 579806.915, ""actual_onset_global_ms"": 579822.061, ""actual_offset_global_ms"": 581503.066, ""actual_duration_ms"": 1681.005}]",,,,,0,0,1,0,1,,,,,,,,,,,,,,,,,,,,,,,,,,,,,,,1.0,change,0.0,"[123.91, 8.46]","[[123.91, 8.46]]","[""yellow""]","[""blue""]",yellow,blue,j,change,1.0,1.0,1.0
0008,0008_T1_20260520_152501,PA,T1,adaptive,hci_substudy_v2,1,telemetry_v4,change_detection,4,formal_cd,formal,1,12,20,formal,N1_same,1779261901,60.0,2026-05-20T15:34:46.107,0,0,0,1,581508.45,581524.884,,,,,s,,0,3202.055,,,,585108.45,585177.554,588410.71,4000,3233.156,588410.71,"[{""stage_name"": ""fixation"", ""planned_duration_ms"": 100, ""intended_onset_ms"": 581508.45, ""actual_onset_global_ms"": 581524.884, ""actual_offset_global_ms"": 581634.931, ""actual_duration_ms"": 110.047}, {""stage_name"": ""memory_array"", ""planned_duration_ms"": 2500, ""intended_onset_ms"": 581608.45, ""actual_onset_global_ms"": 581648.291, ""actual_offset_global_ms"": 584154.369, ""actual_duration_ms"": 2506.078}, {""stage_name"": ""delay"", ""planned_duration_ms"": 1000, ""intended_onset_ms"": 584154.369, ""actual_onset_global_ms"": 584148.913, ""actual_offset_global_ms"": 585162.404, ""actual_duration_ms"": 1013.491}, {""stage_name"": ""test_array"", ""planned_duration_ms"": 4000, ""intended_onset_ms"": 585162.404, ""actual_onset_global_ms"": 585177.554, ""actual_offset_global_ms"": 588410.71, ""actual_duration_ms"": 3233.156}]",,,,,0,1,0,0,1,,,,,,,,,,,,,,,,,,,,,,,,,,,,,,,1.0,same,0.0,"[-104.92, 35.52]","[[-104.92, 35.52]]","[""blue""]","[""blue""]",blue,blue,j,change,0.0,1.0,1.0
0008,0008_T1_20260520_152501,PA,T1,adaptive,hci_substudy_v2,1,telemetry_v4,change_detection,4,formal_cd,formal,1,13,21,formal,N3_change,1779261901,60.0,2026-05-20T15:34:53.013,0,0,0,1,588415.591,588430.046,,,,,j,,1,2450.807,,,,592015.591,592139.59,594639.122,4000,2499.532,594639.122,"[{""stage_name"": ""fixation"", ""planned_duration_ms"": 100, ""intended_onset_ms"": 588415.591, ""actual_onset_global_ms"": 588430.046, ""actual_offset_global_ms"": 588537.072, ""actual_duration_ms"": 107.026}, {""stage_name"": ""memory_array"", ""planned_duration_ms"": 2500, ""intended_onset_ms"": 588515.591, ""actual_onset_global_ms"": 588577.951, ""actual_offset_global_ms"": 591090.031, ""actual_duration_ms"": 2512.08}, {""stage_name"": ""delay"", ""planned_duration_ms"": 1000, ""intended_onset_ms"": 591090.031, ""actual_onset_global_ms"": 591083.953, ""actual_offset_global_ms"": 592094.057, ""actual_duration_ms"": 1010.104}, {""stage_name"": ""test_array"", ""planned_duration_ms"": 4000, ""intended_onset_ms"": 592094.057, ""actual_onset_global_ms"": 592139.59, ""actual_offset_global_ms"": 594639.122, ""actual_duration_ms"": 2499.532}]",,,,,0,0,1,0,1,,,,,,,,,,,,,,,,,,,,,,,,,,,,,,,3.0,change,1.0,"[-175.96, 32.77]","[[26.6, -193.8], [-175.96, 32.77], [125.47, -61.91]]","[""blue"", ""purple"", ""red""]","[""blue"", ""green"", ""red""]",purple,green,j,change,1.0,4.0,1.0
0008,0008_T1_20260520_152501,PA,T1,adaptive,hci_substudy_v2,1,telemetry_v4,change_detection,4,formal_cd,formal,1,14,22,formal,N2_same,1779261901,60.0,2026-05-20T15:34:59.241,0,0,0,1,594643.664,594659.287,,,,,s,,1,1312.647,,,,598243.664,598300.829,599667.152,4000,1366.323,599667.152,"[{""stage_name"": ""fixation"", ""planned_duration_ms"": 100, ""intended_onset_ms"": 594643.664, ""actual_onset_global_ms"": 594659.287, ""actual_offset_global_ms"": 594766.296, ""actual_duration_ms"": 107.009}, {""stage_name"": ""memory_array"", ""planned_duration_ms"": 2500, ""intended_onset_ms"": 594743.664, ""actual_onset_global_ms"": 594788.178, ""actual_offset_global_ms"": 597266.658, ""actual_duration_ms"": 2478.48}, {""stage_name"": ""delay"", ""planned_duration_ms"": 1000, ""intended_onset_ms"": 597266.658, ""actual_onset_global_ms"": 597259.626, ""actual_offset_global_ms"": 598271.771, ""actual_duration_ms"": 1012.145}, {""stage_name"": ""test_array"", ""planned_duration_ms"": 4000, ""intended_onset_ms"": 598271.771, ""actual_onset_global_ms"": 598300.829, ""actual_offset_global_ms"": 599667.152, ""actual_duration_ms"": 1366.323}]",,,,,0,0,1,0,1,,,,,,,,,,,,,,,,,,,,,,,,,,,,,,,2.0,same,0.0,"[-161.49, 185.64]","[[-161.49, 185.64], [-89.28, -198.75]]","[""yellow"", ""green""]","[""yellow"", ""green""]",yellow,yellow,s,same,1.0,2.0,1.0
0008,0008_T1_20260520_152501,PA,T1,adaptive,hci_substudy_v2,1,telemetry_v4,change_detection,4,formal_cd,formal,1,15,23,formal,N2_change,1779261901,60.0,2026-05-20T15:35:04.270,0,0,0,1,599672.342,599687.321,,,,,j,,1,2352.611,,,,603272.342,603352.076,605761.529,4000,2409.453,605761.529,"[{""stage_name"": ""fixation"", ""planned_duration_ms"": 100, ""intended_onset_ms"": 599672.342, ""actual_onset_global_ms"": 599687.321, ""actual_offset_global_ms"": 599800.947, ""actual_duration_ms"": 113.626}, {""stage_name"": ""memory_array"", ""planned_duration_ms"": 2500, ""intended_onset_ms"": 599772.342, ""actual_onset_global_ms"": 599828.839, ""actual_offset_global_ms"": 602320.527, ""actual_duration_ms"": 2491.688}, {""stage_name"": ""delay"", ""planned_duration_ms"": 1000, ""intended_onset_ms"": 602320.527, ""actual_onset_global_ms"": 602313.676, ""actual_offset_global_ms"": 603323.301, ""actual_duration_ms"": 1009.625}, {""stage_name"": ""test_array"", ""planned_duration_ms"": 4000, ""intended_onset_ms"": 603323.301, ""actual_onset_global_ms"": 603352.076, ""actual_offset_global_ms"": 605761.529, ""actual_duration_ms"": 2409.453}]",,,,,0,0,1,0,1,,,,,,,,,,,,,,,,,,,,,,,,,,,,,,,2.0,change,0.0,"[-149.83, 248.32]","[[-149.83, 248.32], [-96.77, -26.46]]","[""blue"", ""yellow""]","[""purple"", ""yellow""]",blue,purple,j,change,1.0,3.0,1.0
0008,0008_T1_20260520_152501,PA,T1,adaptive,hci_substudy_v2,1,telemetry_v4,change_detection,4,formal_cd,formal,1,16,24,formal,N2_same,1779261901,60.0,2026-05-20T15:35:10.364,0,0,0,1,605766.964,605783.624,,,,,s,,1,1797.044,,,,609366.964,609439.42,611279.233,4000,1839.813,611279.233,"[{""stage_name"": ""fixation"", ""planned_duration_ms"": 100, ""intended_onset_ms"": 605766.964, ""actual_onset_global_ms"": 605783.624, ""actual_offset_global_ms"": 605896.572, ""actual_duration_ms"": 112.948}, {""stage_name"": ""memory_array"", ""planned_duration_ms"": 2500, ""intended_onset_ms"": 605866.964, ""actual_onset_global_ms"": 605927.476, ""actual_offset_global_ms"": 608398.961, ""actual_duration_ms"": 2471.485}, {""stage_name"": ""delay"", ""planned_duration_ms"": 1000, ""intended_onset_ms"": 608398.961, ""actual_onset_global_ms"": 608394.302, ""actual_offset_global_ms"": 609409.867, ""actual_duration_ms"": 1015.565}, {""stage_name"": ""test_array"", ""planned_duration_ms"": 4000, ""intended_onset_ms"": 609409.867, ""actual_onset_global_ms"": 609439.42, ""actual_offset_global_ms"": 611279.233, ""actual_duration_ms"": 1839.813}]",,,,,0,0,1,0,1,,,,,,,,,,,,,,,,,,,,,,,,,,,,,,,2.0,same,0.0,"[89.02, 17.94]","[[89.02, 17.94], [-168.35, 244.43]]","[""red"", ""purple""]","[""red"", ""purple""]",red,red,s,same,1.0,3.0,1.0
0008,0008_T1_20260520_152501,PA,T1,adaptive,hci_substudy_v2,1,telemetry_v4,change_detection,4,formal_cd,formal,1,17,25,formal,N3_same,1779261901,60.0,2026-05-20T15:35:15.883,0,0,0,1,611284.568,611299.151,,,,,s,,1,1945.893,,,,614884.568,614997.969,617018.076,4000,2020.107,617018.076,"[{""stage_name"": ""fixation"", ""planned_duration_ms"": 100, ""intended_onset_ms"": 611284.568, ""actual_onset_global_ms"": 611299.151, ""actual_offset_global_ms"": 611406.483, ""actual_duration_ms"": 107.332}, {""stage_name"": ""memory_array"", ""planned_duration_ms"": 2500, ""intended_onset_ms"": 611384.568, ""actual_onset_global_ms"": 611447.712, ""actual_offset_global_ms"": 613941.652, ""actual_duration_ms"": 2493.94}, {""stage_name"": ""delay"", ""planned_duration_ms"": 1000, ""intended_onset_ms"": 613941.652, ""actual_onset_global_ms"": 613935.531, ""actual_offset_global_ms"": 614951.373, ""actual_duration_ms"": 1015.842}, {""stage_name"": ""test_array"", ""planned_duration_ms"": 4000, ""intended_onset_ms"": 614951.373, ""actual_onset_global_ms"": 614997.969, ""actual_offset_global_ms"": 617018.076, ""actual_duration_ms"": 2020.107}]",,,,,0,0,1,0,1,,,,,,,,,,,,,,,,,,,,,,,,,,,,,,,3.0,same,2.0,"[-147.9, 72.31]","[[58.26, -147.68], [-155.75, -91.93], [-147.9, 72.31]]","[""green"", ""blue"", ""yellow""]","[""green"", ""blue"", ""yellow""]",yellow,yellow,s,same,1.0,5.0,1.0
0008,0008_T1_20260520_152501,PA,T1,adaptive,hci_substudy_v2,1,telemetry_v4,change_detection,4,formal_cd,formal,1,18,26,formal,N1_change,1779261901,60.0,2026-05-20T15:35:21.622,0,0,0,1,617024.184,617040.748,,,,,j,,1,1562.467,,,,620624.184,620701.356,622306.12,4000,1604.764,622306.12,"[{""stage_name"": ""fixation"", ""planned_duration_ms"": 100, ""intended_onset_ms"": 617024.184, ""actual_onset_global_ms"": 617040.748, ""actual_offset_global_ms"": 617155.203, ""actual_duration_ms"": 114.455}, {""stage_name"": ""memory_array"", ""planned_duration_ms"": 2500, ""intended_onset_ms"": 617124.184, ""actual_onset_global_ms"": 617170.019, ""actual_offset_global_ms"": 619679.827, ""actual_duration_ms"": 2509.808}, {""stage_name"": ""delay"", ""planned_duration_ms"": 1000, ""intended_onset_ms"": 619679.827, ""actual_onset_global_ms"": 619672.74, ""actual_offset_global_ms"": 620686.639, ""actual_duration_ms"": 1013.899}, {""stage_name"": ""test_array"", ""planned_duration_ms"": 4000, ""intended_onset_ms"": 620686.639, ""actual_onset_global_ms"": 620701.356, ""actual_offset_global_ms"": 622306.12, ""actual_duration_ms"": 1604.764}]",,,,,0,0,1,0,1,,,,,,,,,,,,,,,,,,,,,,,,,,,,,,,1.0,change,0.0,"[-117.43, 244.74]","[[-117.43, 244.74]]","[""purple""]","[""green""]",purple,green,j,change,1.0,1.0,1.0
0008,0008_T1_20260520_152501,PA,T1,adaptive,hci_substudy_v2,1,telemetry_v4,change_detection,4,formal_cd,formal,1,19,27,formal,N4_same,1779261901,60.0,2026-05-20T15:35:26.909,0,0,0,1,622311.416,622325.851,,,,,s,,1,1641.388,,,,625911.416,626026.296,627741.875,4000,1715.579,627741.875,"[{""stage_name"": ""fixation"", ""planned_duration_ms"": 100, ""intended_onset_ms"": 622311.416, ""actual_onset_global_ms"": 622325.851, ""actual_offset_global_ms"": 622433.66, ""actual_duration_ms"": 107.809}, {""stage_name"": ""memory_array"", ""planned_duration_ms"": 2500, ""intended_onset_ms"": 622411.416, ""actual_onset_global_ms"": 622493.178, ""actual_offset_global_ms"": 624956.608, ""actual_duration_ms"": 2463.43}, {""stage_name"": ""delay"", ""planned_duration_ms"": 1000, ""intended_onset_ms"": 624956.608, ""actual_onset_global_ms"": 624954.485, ""actual_offset_global_ms"": 625966.61, ""actual_duration_ms"": 1012.125}, {""stage_name"": ""test_array"", ""planned_duration_ms"": 4000, ""intended_onset_ms"": 625966.61, ""actual_onset_global_ms"": 626026.296, ""actual_offset_global_ms"": 627741.875, ""actual_duration_ms"": 1715.579}]",,,,,0,0,1,0,1,,,,,,,,,,,,,,,,,,,,,,,,,,,,,,,4.0,same,2.0,"[70.27, -247.04]","[[-247.62, -205.83], [16.93, 142.61], [70.27, -247.04], [217.55, -115.76]]","[""blue"", ""green"", ""purple"", ""red""]","[""blue"", ""green"", ""purple"", ""red""]",purple,purple,s,same,1.0,7.0,1.0
0008,0008_T1_20260520_152501,PA,T1,adaptive,hci_substudy_v2,1,telemetry_v4,change_detection,4,formal_cd,formal,1,20,28,formal,N2_change,1779261901,60.0,2026-05-20T15:35:32.346,0,0,0,1,627747.831,627765.562,,,,,j,,1,1753.153,,,,631347.831,631436.328,633208.941,4000,1772.613,633208.941,"[{""stage_name"": ""fixation"", ""planned_duration_ms"": 100, ""intended_onset_ms"": 627747.831, ""actual_onset_global_ms"": 627765.562, ""actual_offset_global_ms"": 627864.635, ""actual_duration_ms"": 99.073}, {""stage_name"": ""memory_array"", ""planned_duration_ms"": 2500, ""intended_onset_ms"": 627847.831, ""actual_onset_global_ms"": 627894.953, ""actual_offset_global_ms"": 630407.235, ""actual_duration_ms"": 2512.282}, {""stage_name"": ""delay"", ""planned_duration_ms"": 1000, ""intended_onset_ms"": 630407.235, ""actual_onset_global_ms"": 630400.476, ""actual_offset_global_ms"": 631407.552, ""actual_duration_ms"": 1007.076}, {""stage_name"": ""test_array"", ""planned_duration_ms"": 4000, ""intended_onset_ms"": 631407.552, ""actual_onset_global_ms"": 631436.328, ""actual_offset_global_ms"": 633208.941, ""actual_duration_ms"": 1772.613}]",,,,,0,0,1,0,1,,,,,,,,,,,,,,,,,,,,,,,,,,,,,,,2.0,change,1.0,"[171.09, -23.21]","[[-210.18, -220.91], [171.09, -23.21]]","[""green"", ""purple""]","[""green"", ""yellow""]",purple,yellow,j,change,1.0,2.0,1.0
0008,0008_T1_20260520_152501,PA,T1,adaptive,hci_substudy_v2,1,telemetry_v4,change_detection,4,formal_cd,formal,1,21,29,formal,N3_same,1779261901,60.0,2026-05-20T15:35:37.812,0,0,0,1,633214.234,633228.664,,,,,s,,0,3061.844,,,,636814.234,636884.297,639956.893,4000,3072.596,639956.893,"[{""stage_name"": ""fixation"", ""planned_duration_ms"": 100, ""intended_onset_ms"": 633214.234, ""actual_onset_global_ms"": 633228.664, ""actual_offset_global_ms"": 633333.902, ""actual_duration_ms"": 105.238}, {""stage_name"": ""memory_array"", ""planned_duration_ms"": 2500, ""intended_onset_ms"": 633314.234, ""actual_onset_global_ms"": 633375.231, ""actual_offset_global_ms"": 635839.169, ""actual_duration_ms"": 2463.938}, {""stage_name"": ""delay"", ""planned_duration_ms"": 1000, ""intended_onset_ms"": 635839.169, ""actual_onset_global_ms"": 635834.361, ""actual_offset_global_ms"": 636841.529, ""actual_duration_ms"": 1007.168}, {""stage_name"": ""test_array"", ""planned_duration_ms"": 4000, ""intended_onset_ms"": 636841.529, ""actual_onset_global_ms"": 636884.297, ""actual_offset_global_ms"": 639956.893, ""actual_duration_ms"": 3072.596}]",,,,,0,1,0,0,1,,,,,,,,,,,,,,,,,,,,,,,,,,,,,,,3.0,same,0.0,"[-121.79, 51.0]","[[-121.79, 51.0], [182.24, -17.44], [-26.66, -123.58]]","[""blue"", ""red"", ""purple""]","[""blue"", ""red"", ""purple""]",blue,blue,j,change,0.0,3.0,1.0
0008,0008_T1_20260520_152501,PA,T1,adaptive,hci_substudy_v2,1,telemetry_v4,change_detection,4,formal_cd,formal,1,22,30,formal,N4_same,1779261901,60.0,2026-05-20T15:35:44.560,0,0,0,1,639962.027,639978.953,,,,,s,,1,2441.851,,,,643562.027,643717.818,646211.869,4000,2494.051,646211.869,"[{""stage_name"": ""fixation"", ""planned_duration_ms"": 100, ""intended_onset_ms"": 639962.027, ""actual_onset_global_ms"": 639978.953, ""actual_offset_global_ms"": 640089.336, ""actual_duration_ms"": 110.383}, {""stage_name"": ""memory_array"", ""planned_duration_ms"": 2500, ""intended_onset_ms"": 640062.027, ""actual_onset_global_ms"": 640146.124, ""actual_offset_global_ms"": 642653.582, ""actual_duration_ms"": 2507.458}, {""stage_name"": ""delay"", ""planned_duration_ms"": 1000, ""intended_onset_ms"": 642653.582, ""actual_onset_global_ms"": 642647.959, ""actual_offset_global_ms"": 643661.462, ""actual_duration_ms"": 1013.503}, {""stage_name"": ""test_array"", ""planned_duration_ms"": 4000, ""intended_onset_ms"": 643661.462, ""actual_onset_global_ms"": 643717.818, ""actual_offset_global_ms"": 646211.869, ""actual_duration_ms"": 2494.051}]",,,,,0,0,1,0,1,,,,,,,,,,,,,,,,,,,,,,,,,,,,,,,4.0,same,0.0,"[-234.55, -147.18]","[[-234.55, -147.18], [-234.88, 22.71], [-107.91, 221.3], [187.78, 18.22]]","[""green"", ""blue"", ""yellow"", ""red""]","[""green"", ""blue"", ""yellow"", ""red""]",green,green,s,same,1.0,5.0,1.0
0008,0008_T1_20260520_152501,PA,T1,adaptive,hci_substudy_v2,1,telemetry_v4,change_detection,4,formal_cd,formal,1,23,31,formal,N4_change,1779261901,60.0,2026-05-20T15:35:50.815,0,0,0,1,646217.461,646232.238,,,,,j,,0,2852.316,,,,649817.461,649925.398,652815.357,4000,2889.959,652815.357,"[{""stage_name"": ""fixation"", ""planned_duration_ms"": 100, ""intended_onset_ms"": 646217.461, ""actual_onset_global_ms"": 646232.238, ""actual_offset_global_ms"": 646345.171, ""actual_duration_ms"": 112.933}, {""stage_name"": ""memory_array"", ""planned_duration_ms"": 2500, ""intended_onset_ms"": 646317.461, ""actual_onset_global_ms"": 646403.336, ""actual_offset_global_ms"": 648860.801, ""actual_duration_ms"": 2457.465}, {""stage_name"": ""delay"", ""planned_duration_ms"": 1000, ""intended_onset_ms"": 648860.801, ""actual_onset_global_ms"": 648856.87, ""actual_offset_global_ms"": 649868.335, ""actual_duration_ms"": 1011.465}, {""stage_name"": ""test_array"", ""planned_duration_ms"": 4000, ""intended_onset_ms"": 649868.335, ""actual_onset_global_ms"": 649925.398, ""actual_offset_global_ms"": 652815.357, ""actual_duration_ms"": 2889.959}]",,,,,0,0,0,0,1,,,,,,,,,,,,,,,,,,,,,,,,,,,,,,,4.0,change,3.0,"[-22.81, 187.89]","[[95.09, 112.06], [199.08, 188.86], [-211.97, 168.75], [-22.81, 187.89]]","[""yellow"", ""red"", ""green"", ""purple""]","[""yellow"", ""red"", ""green"", ""blue""]",purple,blue,s,same,0.0,7.0,1.0
0008,0008_T1_20260520_152501,PA,T1,adaptive,hci_substudy_v2,1,telemetry_v4,change_detection,4,formal_cd,formal,1,24,32,formal,N1_same,1779261901,60.0,2026-05-20T15:35:57.418,0,0,0,1,652820.909,652837.675,,,,,s,,1,1683.902,,,,656420.909,656486.921,658181.099,4000,1694.178,658181.099,"[{""stage_name"": ""fixation"", ""planned_duration_ms"": 100, ""intended_onset_ms"": 652820.909, ""actual_onset_global_ms"": 652837.675, ""actual_offset_global_ms"": 652950.244, ""actual_duration_ms"": 112.569}, {""stage_name"": ""memory_array"", ""planned_duration_ms"": 2500, ""intended_onset_ms"": 652920.909, ""actual_onset_global_ms"": 652963.074, ""actual_offset_global_ms"": 655467.418, ""actual_duration_ms"": 2504.344}, {""stage_name"": ""delay"", ""planned_duration_ms"": 1000, ""intended_onset_ms"": 655467.418, ""actual_onset_global_ms"": 655460.24, ""actual_offset_global_ms"": 656472.185, ""actual_duration_ms"": 1011.945}, {""stage_name"": ""test_array"", ""planned_duration_ms"": 4000, ""intended_onset_ms"": 656472.185, ""actual_onset_global_ms"": 656486.921, ""actual_offset_global_ms"": 658181.099, ""actual_duration_ms"": 1694.178}]",,,,,0,0,1,0,1,,,,,,,,,,,,,,,,,,,,,,,,,,,,,,,1.0,same,0.0,"[46.78, 129.24]","[[46.78, 129.24]]","[""purple""]","[""purple""]",purple,purple,s,same,1.0,1.0,1.0
0008,0008_T1_20260520_152501,PA,T1,adaptive,hci_substudy_v2,1,telemetry_v4,change_detection,4,formal_cd,formal,1,25,33,formal,N1_change,1779261901,60.0,2026-05-20T15:36:02.784,0,0,0,1,658186.463,658200.392,,,,,j,,1,1691.195,,,,661786.463,661853.536,663572.595,4000,1719.059,663572.595,"[{""stage_name"": ""fixation"", ""planned_duration_ms"": 100, ""intended_onset_ms"": 658186.463, ""actual_onset_global_ms"": 658200.392, ""actual_offset_global_ms"": 658311.215, ""actual_duration_ms"": 110.823}, {""stage_name"": ""memory_array"", ""planned_duration_ms"": 2500, ""intended_onset_ms"": 658286.463, ""actual_onset_global_ms"": 658325.655, ""actual_offset_global_ms"": 660836.308, ""actual_duration_ms"": 2510.653}, {""stage_name"": ""delay"", ""planned_duration_ms"": 1000, ""intended_onset_ms"": 660836.308, ""actual_onset_global_ms"": 660829.896, ""actual_offset_global_ms"": 661838.267, ""actual_duration_ms"": 1008.371}, {""stage_name"": ""test_array"", ""planned_duration_ms"": 4000, ""intended_onset_ms"": 661838.267, ""actual_onset_global_ms"": 661853.536, ""actual_offset_global_ms"": 663572.595, ""actual_duration_ms"": 1719.059}]",,,,,0,0,1,0,1,,,,,,,,,,,,,,,,,,,,,,,,,,,,,,,1.0,change,0.0,"[32.65, -133.41]","[[32.65, -133.41]]","[""green""]","[""purple""]",green,purple,j,change,1.0,1.0,1.0
0008,0008_T1_20260520_152501,PA,T1,adaptive,hci_substudy_v2,1,telemetry_v4,change_detection,4,formal_cd,formal,1,26,34,formal,N3_same,1779261901,60.0,2026-05-20T15:36:08.175,0,0,0,1,663577.519,663593.812,,,,,s,,1,3126.42,,,,667177.519,667290.207,670490.811,4000,3200.604,670490.811,"[{""stage_name"": ""fixation"", ""planned_duration_ms"": 100, ""intended_onset_ms"": 663577.519, ""actual_onset_global_ms"": 663593.812, ""actual_offset_global_ms"": 663704.687, ""actual_duration_ms"": 110.875}, {""stage_name"": ""memory_array"", ""planned_duration_ms"": 2500, ""intended_onset_ms"": 663677.519, ""actual_onset_global_ms"": 663746.013, ""actual_offset_global_ms"": 666239.726, ""actual_duration_ms"": 2493.713}, {""stage_name"": ""delay"", ""planned_duration_ms"": 1000, ""intended_onset_ms"": 666239.726, ""actual_onset_global_ms"": 666233.628, ""actual_offset_global_ms"": 667249.65, ""actual_duration_ms"": 1016.022}, {""stage_name"": ""test_array"", ""planned_duration_ms"": 4000, ""intended_onset_ms"": 667249.65, ""actual_onset_global_ms"": 667290.207, ""actual_offset_global_ms"": 670490.811, ""actual_duration_ms"": 3200.604}]",,,,,0,1,0,0,1,,,,,,,,,,,,,,,,,,,,,,,,,,,,,,,3.0,same,2.0,"[-233.24, 87.87]","[[131.53, -152.5], [30.12, 200.76], [-233.24, 87.87]]","[""purple"", ""red"", ""yellow""]","[""purple"", ""red"", ""yellow""]",yellow,yellow,s,same,1.0,4.0,1.0
0008,0008_T1_20260520_152501,PA,T1,adaptive,hci_substudy_v2,1,telemetry_v4,change_detection,4,formal_cd,formal,1,27,35,formal,N1_change,1779261901,60.0,2026-05-20T15:36:15.094,0,0,0,1,670496.577,670512.093,,,,,j,,1,1438.984,,,,674096.577,674143.952,675599.745,4000,1455.793,675599.745,"[{""stage_name"": ""fixation"", ""planned_duration_ms"": 100, ""intended_onset_ms"": 670496.577, ""actual_onset_global_ms"": 670512.093, ""actual_offset_global_ms"": 670624.373, ""actual_duration_ms"": 112.28}, {""stage_name"": ""memory_array"", ""planned_duration_ms"": 2500, ""intended_onset_ms"": 670596.577, ""actual_onset_global_ms"": 670639.689, ""actual_offset_global_ms"": 673129.161, ""actual_duration_ms"": 2489.472}, {""stage_name"": ""delay"", ""planned_duration_ms"": 1000, ""intended_onset_ms"": 673129.161, ""actual_onset_global_ms"": 673122.804, ""actual_offset_global_ms"": 674130.142, ""actual_duration_ms"": 1007.338}, {""stage_name"": ""test_array"", ""planned_duration_ms"": 4000, ""intended_onset_ms"": 674130.142, ""actual_onset_global_ms"": 674143.952, ""actual_offset_global_ms"": 675599.745, ""actual_duration_ms"": 1455.793}]",,,,,0,0,1,0,1,,,,,,,,,,,,,,,,,,,,,,,,,,,,,,,1.0,change,0.0,"[207.48, 86.43]","[[207.48, 86.43]]","[""yellow""]","[""red""]",yellow,red,j,change,1.0,1.0,1.0
0008,0008_T1_20260520_152501,PA,T1,adaptive,hci_substudy_v2,1,telemetry_v4,change_detection,4,formal_cd,formal,1,28,36,formal,N3_same,1779261901,60.0,2026-05-20T15:36:20.203,0,0,0,1,675605.69,675622.889,,,,,s,,0,2121.925,,,,679205.69,679313.901,681449.268,4000,2135.367,681449.268,"[{""stage_name"": ""fixation"", ""planned_duration_ms"": 100, ""intended_onset_ms"": 675605.69, ""actual_onset_global_ms"": 675622.889, ""actual_offset_global_ms"": 675734.393, ""actual_duration_ms"": 111.504}, {""stage_name"": ""memory_array"", ""planned_duration_ms"": 2500, ""intended_onset_ms"": 675705.69, ""actual_onset_global_ms"": 675776.393, ""actual_offset_global_ms"": 678279.947, ""actual_duration_ms"": 2503.554}, {""stage_name"": ""delay"", ""planned_duration_ms"": 1000, ""intended_onset_ms"": 678279.947, ""actual_onset_global_ms"": 678273.57, ""actual_offset_global_ms"": 679280.076, ""actual_duration_ms"": 1006.506}, {""stage_name"": ""test_array"", ""planned_duration_ms"": 4000, ""intended_onset_ms"": 679280.076, ""actual_onset_global_ms"": 679313.901, ""actual_offset_global_ms"": 681449.268, ""actual_duration_ms"": 2135.367}]",,,,,0,0,0,0,1,,,,,,,,,,,,,,,,,,,,,,,,,,,,,,,3.0,same,0.0,"[22.23, 157.21]","[[22.23, 157.21], [66.03, -154.96], [-63.27, -211.35]]","[""red"", ""blue"", ""purple""]","[""red"", ""blue"", ""purple""]",red,red,j,change,0.0,4.0,1.0
0008,0008_T1_20260520_152501,PA,T1,adaptive,hci_substudy_v2,1,telemetry_v4,change_detection,4,formal_cd,formal,1,29,37,formal,N3_change,1779261901,60.0,2026-05-20T15:36:26.053,0,0,0,1,681455.294,681469.619,,,,,j,,0,1929.974,,,,685055.294,685176.683,687140.023,4000,1963.34,687140.023,"[{""stage_name"": ""fixation"", ""planned_duration_ms"": 100, ""intended_onset_ms"": 681455.294, ""actual_onset_global_ms"": 681469.619, ""actual_offset_global_ms"": 681585.787, ""actual_duration_ms"": 116.168}, {""stage_name"": ""memory_array"", ""planned_duration_ms"": 2500, ""intended_onset_ms"": 681555.294, ""actual_onset_global_ms"": 681632.633, ""actual_offset_global_ms"": 684117.995, ""actual_duration_ms"": 2485.362}, {""stage_name"": ""delay"", ""planned_duration_ms"": 1000, ""intended_onset_ms"": 684117.995, ""actual_onset_global_ms"": 684112.376, ""actual_offset_global_ms"": 685129.021, ""actual_duration_ms"": 1016.645}, {""stage_name"": ""test_array"", ""planned_duration_ms"": 4000, ""intended_onset_ms"": 685129.021, ""actual_onset_global_ms"": 685176.683, ""actual_offset_global_ms"": 687140.023, ""actual_duration_ms"": 1963.34}]",,,,,0,0,0,0,1,,,,,,,,,,,,,,,,,,,,,,,,,,,,,,,3.0,change,0.0,"[-4.73, -175.56]","[[-4.73, -175.56], [-163.91, -147.61], [-228.38, -240.81]]","[""purple"", ""red"", ""green""]","[""yellow"", ""red"", ""green""]",purple,yellow,s,same,0.0,4.0,1.0
0008,0008_T1_20260520_152501,PA,T1,adaptive,hci_substudy_v2,1,telemetry_v4,change_detection,4,formal_cd,formal,1,30,38,formal,N4_same,1779261901,60.0,2026-05-20T15:36:31.744,0,0,0,1,687145.622,687162.563,,,,,s,,0,1870.739,,,,690745.622,690909.893,692852.018,4000,1942.125,692852.018,"[{""stage_name"": ""fixation"", ""planned_duration_ms"": 100, ""intended_onset_ms"": 687145.622, ""actual_onset_global_ms"": 687162.563, ""actual_offset_global_ms"": 687277.382, ""actual_duration_ms"": 114.819}, {""stage_name"": ""memory_array"", ""planned_duration_ms"": 2500, ""intended_onset_ms"": 687245.622, ""actual_onset_global_ms"": 687338.448, ""actual_offset_global_ms"": 689844.737, ""actual_duration_ms"": 2506.289}, {""stage_name"": ""delay"", ""planned_duration_ms"": 1000, ""intended_onset_ms"": 689844.737, ""actual_onset_global_ms"": 689838.746, ""actual_offset_global_ms"": 690853.05, ""actual_duration_ms"": 1014.304}, {""stage_name"": ""test_array"", ""planned_duration_ms"": 4000, ""intended_onset_ms"": 690853.05, ""actual_onset_global_ms"": 690909.893, ""actual_offset_global_ms"": 692852.018, ""actual_duration_ms"": 1942.125}]",,,,,0,0,0,0,1,,,,,,,,,,,,,,,,,,,,,,,,,,,,,,,4.0,same,0.0,"[-66.13, -156.11]","[[-66.13, -156.11], [231.87, -119.88], [-87.6, -28.81], [-142.02, 109.19]]","[""green"", ""purple"", ""yellow"", ""red""]","[""green"", ""purple"", ""yellow"", ""red""]",green,green,j,change,0.0,7.0,1.0
0008,0008_T1_20260520_152501,PA,T1,adaptive,hci_substudy_v2,1,telemetry_v4,change_detection,4,formal_cd,formal,1,31,39,formal,N4_change,1779261901,60.0,2026-05-20T15:36:37.455,0,0,0,1,692857.584,692872.113,,,,,j,,0,3036.154,,,,696457.584,696628.072,699679.156,4000,3051.084,699679.156,"[{""stage_name"": ""fixation"", ""planned_duration_ms"": 100, ""intended_onset_ms"": 692857.584, ""actual_onset_global_ms"": 692872.113, ""actual_offset_global_ms"": 692985.816, ""actual_duration_ms"": 113.703}, {""stage_name"": ""memory_array"", ""planned_duration_ms"": 2500, ""intended_onset_ms"": 692957.584, ""actual_onset_global_ms"": 693042.608, ""actual_offset_global_ms"": 695561.521, ""actual_duration_ms"": 2518.913}, {""stage_name"": ""delay"", ""planned_duration_ms"": 1000, ""intended_onset_ms"": 695561.521, ""actual_onset_global_ms"": 695554.831, ""actual_offset_global_ms"": 696571.158, ""actual_duration_ms"": 1016.327}, {""stage_name"": ""test_array"", ""planned_duration_ms"": 4000, ""intended_onset_ms"": 696571.158, ""actual_onset_global_ms"": 696628.072, ""actual_offset_global_ms"": 699679.156, ""actual_duration_ms"": 3051.084}]",,,,,0,1,0,0,1,,,,,,,,,,,,,,,,,,,,,,,,,,,,,,,4.0,change,1.0,"[158.44, -27.27]","[[5.19, -188.91], [158.44, -27.27], [-2.75, 216.56], [-153.4, 155.74]]","[""blue"", ""yellow"", ""red"", ""purple""]","[""blue"", ""green"", ""red"", ""purple""]",yellow,green,s,same,0.0,7.0,1.0
0008,0008_T1_20260520_152501,PA,T1,adaptive,hci_substudy_v2,1,telemetry_v4,change_detection,4,formal_cd,formal,1,32,40,formal,N1_same,1779261901,60.0,2026-05-20T15:36:44.284,0,0,0,1,699685.745,699703.006,,,,,s,,1,1814.409,,,,703285.745,703363.727,705195.469,4000,1831.742,705195.469,"[{""stage_name"": ""fixation"", ""planned_duration_ms"": 100, ""intended_onset_ms"": 699685.745, ""actual_onset_global_ms"": 699703.006, ""actual_offset_global_ms"": 699816.445, ""actual_duration_ms"": 113.439}, {""stage_name"": ""memory_array"", ""planned_duration_ms"": 2500, ""intended_onset_ms"": 699785.745, ""actual_onset_global_ms"": 699831.587, ""actual_offset_global_ms"": 702345.377, ""actual_duration_ms"": 2513.79}, {""stage_name"": ""delay"", ""planned_duration_ms"": 1000, ""intended_onset_ms"": 702345.377, ""actual_onset_global_ms"": 702338.661, ""actual_offset_global_ms"": 703349.962, ""actual_duration_ms"": 1011.301}, {""stage_name"": ""test_array"", ""planned_duration_ms"": 4000, ""intended_onset_ms"": 703349.962, ""actual_onset_global_ms"": 703363.727, ""actual_offset_global_ms"": 705195.469, ""actual_duration_ms"": 1831.742}]",,,,,0,0,1,0,1,,,,,,,,,,,,,,,,,,,,,,,,,,,,,,,1.0,same,0.0,"[-230.44, -128.6]","[[-230.44, -128.6]]","[""red""]","[""red""]",red,red,s,same,1.0,1.0,1.0
0008,0008_T1_20260520_152501,PA,T1,adaptive,hci_substudy_v2,1,telemetry_v4,change_detection,4,formal_cd,formal,1,33,41,formal,N4_change,1779261901,60.0,2026-05-20T15:36:49.798,0,0,0,1,705200.779,705215.557,,,,,j,,0,2121.651,,,,708800.779,708936.086,711102.711,4000,2166.625,711102.711,"[{""stage_name"": ""fixation"", ""planned_duration_ms"": 100, ""intended_onset_ms"": 705200.779, ""actual_onset_global_ms"": 705215.557, ""actual_offset_global_ms"": 705324.604, ""actual_duration_ms"": 109.047}, {""stage_name"": ""memory_array"", ""planned_duration_ms"": 2500, ""intended_onset_ms"": 705300.779, ""actual_onset_global_ms"": 705379.876, ""actual_offset_global_ms"": 707869.931, ""actual_duration_ms"": 2490.055}, {""stage_name"": ""delay"", ""planned_duration_ms"": 1000, ""intended_onset_ms"": 707869.931, ""actual_onset_global_ms"": 707864.495, ""actual_offset_global_ms"": 708874.979, ""actual_duration_ms"": 1010.484}, {""stage_name"": ""test_array"", ""planned_duration_ms"": 4000, ""intended_onset_ms"": 708874.979, ""actual_onset_global_ms"": 708936.086, ""actual_offset_global_ms"": 711102.711, ""actual_duration_ms"": 2166.625}]",,,,,0,0,0,0,1,,,,,,,,,,,,,,,,,,,,,,,,,,,,,,,4.0,change,2.0,"[-241.49, 105.92]","[[102.68, 83.71], [209.06, 188.25], [-241.49, 105.92], [231.01, -53.61]]","[""green"", ""purple"", ""yellow"", ""red""]","[""green"", ""purple"", ""blue"", ""red""]",yellow,blue,s,same,0.0,6.0,1.0
0008,0008_T1_20260520_152501,PA,T1,adaptive,hci_substudy_v2,1,telemetry_v4,change_detection,4,formal_cd,formal,1,34,42,formal,N3_change,1779261901,60.0,2026-05-20T15:36:55.706,0,0,0,1,711108.268,711124.658,,,,,j,,0,2050.812,,,,714708.268,714816.85,716908.883,4000,2092.033,716908.883,"[{""stage_name"": ""fixation"", ""planned_duration_ms"": 100, ""intended_onset_ms"": 711108.268, ""actual_onset_global_ms"": 711124.658, ""actual_offset_global_ms"": 711234.715, ""actual_duration_ms"": 110.057}, {""stage_name"": ""memory_array"", ""planned_duration_ms"": 2500, ""intended_onset_ms"": 711208.268, ""actual_onset_global_ms"": 711275.728, ""actual_offset_global_ms"": 713764.476, ""actual_duration_ms"": 2488.748}, {""stage_name"": ""delay"", ""planned_duration_ms"": 1000, ""intended_onset_ms"": 713764.476, ""actual_onset_global_ms"": 713758.262, ""actual_offset_global_ms"": 714772.09, ""actual_duration_ms"": 1013.828}, {""stage_name"": ""test_array"", ""planned_duration_ms"": 4000, ""intended_onset_ms"": 714772.09, ""actual_onset_global_ms"": 714816.85, ""actual_offset_global_ms"": 716908.883, ""actual_duration_ms"": 2092.033}]",,,,,0,0,0,0,1,,,,,,,,,,,,,,,,,,,,,,,,,,,,,,,3.0,change,0.0,"[-96.7, -160.89]","[[-96.7, -160.89], [-208.71, -108.64], [88.74, 76.01]]","[""blue"", ""red"", ""yellow""]","[""green"", ""red"", ""yellow""]",blue,green,s,same,0.0,5.0,1.0
0008,0008_T1_20260520_152501,PA,T1,adaptive,hci_substudy_v2,1,telemetry_v4,change_detection,4,formal_cd,formal,1,35,43,formal,N4_same,1779261901,60.0,2026-05-20T15:37:01.513,0,0,0,1,716914.898,716929.865,,,,,s,,1,2000.438,,,,720514.898,720649.168,722680.529,4000,2031.361,722680.529,"[{""stage_name"": ""fixation"", ""planned_duration_ms"": 100, ""intended_onset_ms"": 716914.898, ""actual_onset_global_ms"": 716929.865, ""actual_offset_global_ms"": 717044.595, ""actual_duration_ms"": 114.73}, {""stage_name"": ""memory_array"", ""planned_duration_ms"": 2500, ""intended_onset_ms"": 717014.898, ""actual_onset_global_ms"": 717103.388, ""actual_offset_global_ms"": 719587.974, ""actual_duration_ms"": 2484.586}, {""stage_name"": ""delay"", ""planned_duration_ms"": 1000, ""intended_onset_ms"": 719587.974, ""actual_onset_global_ms"": 719580.87, ""actual_offset_global_ms"": 720593.53, ""actual_duration_ms"": 1012.66}, {""stage_name"": ""test_array"", ""planned_duration_ms"": 4000, ""intended_onset_ms"": 720593.53, ""actual_onset_global_ms"": 720649.168, ""actual_offset_global_ms"": 722680.529, ""actual_duration_ms"": 2031.361}]",,,,,0,0,1,0,1,,,,,,,,,,,,,,,,,,,,,,,,,,,,,,,4.0,same,2.0,"[57.49, 151.33]","[[-250.05, -104.95], [159.91, 114.12], [57.49, 151.33], [-137.75, -47.75]]","[""red"", ""green"", ""yellow"", ""blue""]","[""red"", ""green"", ""yellow"", ""blue""]",yellow,yellow,s,same,1.0,4.0,1.0
0008,0008_T1_20260520_152501,PA,T1,adaptive,hci_substudy_v2,1,telemetry_v4,change_detection,4,formal_cd,formal,1,36,44,formal,N2_same,1779261901,60.0,2026-05-20T15:37:07.284,0,0,0,1,722686.535,722702.542,,,,,s,,1,3495.09,,,,726286.535,726358.697,729867.412,4000,3508.715,729867.412,"[{""stage_name"": ""fixation"", ""planned_duration_ms"": 100, ""intended_onset_ms"": 722686.535, ""actual_onset_global_ms"": 722702.542, ""actual_offset_global_ms"": 722812.433, ""actual_duration_ms"": 109.891}, {""stage_name"": ""memory_array"", ""planned_duration_ms"": 2500, ""intended_onset_ms"": 722786.535, ""actual_onset_global_ms"": 722839.617, ""actual_offset_global_ms"": 725327.601, ""actual_duration_ms"": 2487.984}, {""stage_name"": ""delay"", ""planned_duration_ms"": 1000, ""intended_onset_ms"": 725327.601, ""actual_onset_global_ms"": 725322.218, ""actual_offset_global_ms"": 726328.954, ""actual_duration_ms"": 1006.736}, {""stage_name"": ""test_array"", ""planned_duration_ms"": 4000, ""intended_onset_ms"": 726328.954, ""actual_onset_global_ms"": 726358.697, ""actual_offset_global_ms"": 729867.412, ""actual_duration_ms"": 3508.715}]",,,,,0,1,0,0,1,,,,,,,,,,,,,,,,,,,,,,,,,,,,,,,2.0,same,1.0,"[-59.19, 125.46]","[[-198.96, -182.79], [-59.19, 125.46]]","[""blue"", ""green""]","[""blue"", ""green""]",green,green,s,same,1.0,2.0,1.0
0008,0008_T1_20260520_152501,PA,T1,adaptive,hci_substudy_v2,1,telemetry_v4,change_detection,4,formal_cd,formal,1,37,45,formal,N4_change,1779261901,60.0,2026-05-20T15:37:14.471,0,0,0,1,729872.709,729886.759,,,,,j,,0,3460.15,,,,733472.709,733577.981,737081.746,4000,3503.765,737081.746,"[{""stage_name"": ""fixation"", ""planned_duration_ms"": 100, ""intended_onset_ms"": 729872.709, ""actual_onset_global_ms"": 729886.759, ""actual_offset_global_ms"": 729994.309, ""actual_duration_ms"": 107.55}, {""stage_name"": ""memory_array"", ""planned_duration_ms"": 2500, ""intended_onset_ms"": 729972.709, ""actual_onset_global_ms"": 730040.318, ""actual_offset_global_ms"": 732526.676, ""actual_duration_ms"": 2486.358}, {""stage_name"": ""delay"", ""planned_duration_ms"": 1000, ""intended_onset_ms"": 732526.676, ""actual_onset_global_ms"": 732520.814, ""actual_offset_global_ms"": 733528.885, ""actual_duration_ms"": 1008.071}, {""stage_name"": ""test_array"", ""planned_duration_ms"": 4000, ""intended_onset_ms"": 733528.885, ""actual_onset_global_ms"": 733577.981, ""actual_offset_global_ms"": 737081.746, ""actual_duration_ms"": 3503.765}]",,,,,0,1,0,0,1,,,,,,,,,,,,,,,,,,,,,,,,,,,,,,,4.0,change,0.0,"[-133.84, 106.66]","[[-133.84, 106.66], [128.58, -122.26], [-15.92, -104.91], [-115.21, 238.4]]","[""blue"", ""red"", ""purple"", ""yellow""]","[""green"", ""red"", ""purple"", ""yellow""]",blue,green,s,same,0.0,6.0,1.0
0008,0008_T1_20260520_152501,PA,T1,adaptive,hci_substudy_v2,1,telemetry_v4,change_detection,4,formal_cd,formal,1,38,46,formal,N3_same,1779261901,60.0,2026-05-20T15:37:21.684,0,0,0,1,737086.869,737102.588,,,,,s,,1,2461.191,,,,740686.869,740772.471,743284.567,4000,2512.096,743284.567,"[{""stage_name"": ""fixation"", ""planned_duration_ms"": 100, ""intended_onset_ms"": 737086.869, ""actual_onset_global_ms"": 737102.588, ""actual_offset_global_ms"": 737208.258, ""actual_duration_ms"": 105.67}, {""stage_name"": ""memory_array"", ""planned_duration_ms"": 2500, ""intended_onset_ms"": 737186.869, ""actual_onset_global_ms"": 737241.051, ""actual_offset_global_ms"": 739720.036, ""actual_duration_ms"": 2478.985}, {""stage_name"": ""delay"", ""planned_duration_ms"": 1000, ""intended_onset_ms"": 739720.036, ""actual_onset_global_ms"": 739712.989, ""actual_offset_global_ms"": 740730.26, ""actual_duration_ms"": 1017.271}, {""stage_name"": ""test_array"", ""planned_duration_ms"": 4000, ""intended_onset_ms"": 740730.26, ""actual_onset_global_ms"": 740772.471, ""actual_offset_global_ms"": 743284.567, ""actual_duration_ms"": 2512.096}]",,,,,0,0,1,0,1,,,,,,,,,,,,,,,,,,,,,,,,,,,,,,,3.0,same,1.0,"[205.97, 225.77]","[[-124.59, 61.34], [205.97, 225.77], [-18.42, 235.79]]","[""yellow"", ""red"", ""green""]","[""yellow"", ""red"", ""green""]",red,red,s,same,1.0,3.0,1.0
0008,0008_T1_20260520_152501,PA,T1,adaptive,hci_substudy_v2,1,telemetry_v4,change_detection,4,formal_cd,formal,1,39,47,formal,N4_same,1779261901,60.0,2026-05-20T15:37:27.887,0,0,0,1,743290.512,743306.051,,,,,s,,1,1734.748,,,,746890.512,747034.765,748810.749,4000,1775.984,748810.749,"[{""stage_name"": ""fixation"", ""planned_duration_ms"": 100, ""intended_onset_ms"": 743290.512, ""actual_onset_global_ms"": 743306.051, ""actual_offset_global_ms"": 743421.175, ""actual_duration_ms"": 115.124}, {""stage_name"": ""memory_array"", ""planned_duration_ms"": 2500, ""intended_onset_ms"": 743390.512, ""actual_onset_global_ms"": 743480.512, ""actual_offset_global_ms"": 745972.232, ""actual_duration_ms"": 2491.72}, {""stage_name"": ""delay"", ""planned_duration_ms"": 1000, ""intended_onset_ms"": 745972.232, ""actual_onset_global_ms"": 745966.164, ""actual_offset_global_ms"": 746973.793, ""actual_duration_ms"": 1007.629}, {""stage_name"": ""test_array"", ""planned_duration_ms"": 4000, ""intended_onset_ms"": 746973.793, ""actual_onset_global_ms"": 747034.765, ""actual_offset_global_ms"": 748810.749, ""actual_duration_ms"": 1775.984}]",,,,,0,0,1,0,1,,,,,,,,,,,,,,,,,,,,,,,,,,,,,,,4.0,same,2.0,"[-112.73, -228.98]","[[-140.65, -41.77], [111.55, -205.5], [-112.73, -228.98], [-229.71, -177.56]]","[""purple"", ""red"", ""yellow"", ""blue""]","[""purple"", ""red"", ""yellow"", ""blue""]",yellow,yellow,s,same,1.0,5.0,1.0
0008,0008_T1_20260520_152501,PA,T1,adaptive,hci_substudy_v2,1,telemetry_v4,change_detection,4,formal_cd,formal,1,40,48,formal,N2_same,1779261901,60.0,2026-05-20T15:37:33.415,0,0,0,1,748817.218,748833.747,,,,,s,,1,3867.072,,,,752417.218,752524.365,756414.661,4000,3890.296,756414.661,"[{""stage_name"": ""fixation"", ""planned_duration_ms"": 100, ""intended_onset_ms"": 748817.218, ""actual_onset_global_ms"": 748833.747, ""actual_offset_global_ms"": 748945.191, ""actual_duration_ms"": 111.444}, {""stage_name"": ""memory_array"", ""planned_duration_ms"": 2500, ""intended_onset_ms"": 748917.218, ""actual_onset_global_ms"": 748976.588, ""actual_offset_global_ms"": 751484.498, ""actual_duration_ms"": 2507.91}, {""stage_name"": ""delay"", ""planned_duration_ms"": 1000, ""intended_onset_ms"": 751484.498, ""actual_onset_global_ms"": 751479.015, ""actual_offset_global_ms"": 752492.283, ""actual_duration_ms"": 1013.268}, {""stage_name"": ""test_array"", ""planned_duration_ms"": 4000, ""intended_onset_ms"": 752492.283, ""actual_onset_global_ms"": 752524.365, ""actual_offset_global_ms"": 756414.661, ""actual_duration_ms"": 3890.296}]",,,,,0,1,0,0,1,,,,,,,,,,,,,,,,,,,,,,,,,,,,,,,2.0,same,0.0,"[192.12, 92.38]","[[192.12, 92.38], [-5.84, 257.12]]","[""blue"", ""green""]","[""blue"", ""green""]",blue,blue,s,same,1.0,2.0,1.0
0008,0008_T1_20260520_152501,PA,T1,adaptive,hci_substudy_v2,1,telemetry_v4,change_detection,4,formal_cd,formal,1,41,49,formal,N4_change,1779261901,60.0,2026-05-20T15:37:41.017,0,0,0,1,756420.302,756434.922,,,,,j,,0,3519.068,,,,760020.302,760102.5,763654.482,4000,3551.982,763654.482,"[{""stage_name"": ""fixation"", ""planned_duration_ms"": 100, ""intended_onset_ms"": 756420.302, ""actual_onset_global_ms"": 756434.922, ""actual_offset_global_ms"": 756546.275, ""actual_duration_ms"": 111.353}, {""stage_name"": ""memory_array"", ""planned_duration_ms"": 2500, ""intended_onset_ms"": 756520.302, ""actual_onset_global_ms"": 756606.141, ""actual_offset_global_ms"": 759046.521, ""actual_duration_ms"": 2440.38}, {""stage_name"": ""delay"", ""planned_duration_ms"": 1000, ""intended_onset_ms"": 759046.521, ""actual_onset_global_ms"": 759042.641, ""actual_offset_global_ms"": 760055.089, ""actual_duration_ms"": 1012.448}, {""stage_name"": ""test_array"", ""planned_duration_ms"": 4000, ""intended_onset_ms"": 760055.089, ""actual_onset_global_ms"": 760102.5, ""actual_offset_global_ms"": 763654.482, ""actual_duration_ms"": 3551.982}]",,,,,0,1,0,0,1,,,,,,,,,,,,,,,,,,,,,,,,,,,,,,,4.0,change,1.0,"[-42.68, -190.62]","[[-149.49, -201.34], [-42.68, -190.62], [122.81, -30.96], [-132.75, 127.03]]","[""yellow"", ""blue"", ""purple"", ""red""]","[""yellow"", ""green"", ""purple"", ""red""]",blue,green,s,same,0.0,4.0,1.0
0008,0008_T1_20260520_152501,PA,T1,adaptive,hci_substudy_v2,1,telemetry_v4,change_detection,4,formal_cd,formal,1,42,50,formal,N2_same,1779261901,60.0,2026-05-20T15:37:48.258,0,0,0,1,763660.428,763677.406,,,,,s,,1,1860.882,,,,767260.428,767355.714,769240.437,4000,1884.723,769240.437,"[{""stage_name"": ""fixation"", ""planned_duration_ms"": 100, ""intended_onset_ms"": 763660.428, ""actual_onset_global_ms"": 763677.406, ""actual_offset_global_ms"": 763790.186, ""actual_duration_ms"": 112.78}, {""stage_name"": ""memory_array"", ""planned_duration_ms"": 2500, ""intended_onset_ms"": 763760.428, ""actual_onset_global_ms"": 763818.314, ""actual_offset_global_ms"": 766324.002, ""actual_duration_ms"": 2505.688}, {""stage_name"": ""delay"", ""planned_duration_ms"": 1000, ""intended_onset_ms"": 766324.002, ""actual_onset_global_ms"": 766317.503, ""actual_offset_global_ms"": 767325.004, ""actual_duration_ms"": 1007.501}, {""stage_name"": ""test_array"", ""planned_duration_ms"": 4000, ""intended_onset_ms"": 767325.004, ""actual_onset_global_ms"": 767355.714, ""actual_offset_global_ms"": 769240.437, ""actual_duration_ms"": 1884.723}]",,,,,0,0,1,0,1,,,,,,,,,,,,,,,,,,,,,,,,,,,,,,,2.0,same,1.0,"[197.29, 221.2]","[[161.45, -134.24], [197.29, 221.2]]","[""green"", ""red""]","[""green"", ""red""]",red,red,s,same,1.0,3.0,1.0
0008,0008_T1_20260520_152501,PA,T1,adaptive,hci_substudy_v2,1,telemetry_v4,change_detection,4,formal_cd,formal,1,43,51,formal,N1_change,1779261901,60.0,2026-05-20T15:37:53.845,0,0,0,1,769247.005,769261.557,,,,,j,,1,2228.477,,,,772847.005,772899.277,775152.238,4000,2252.961,775152.238,"[{""stage_name"": ""fixation"", ""planned_duration_ms"": 100, ""intended_onset_ms"": 769247.005, ""actual_onset_global_ms"": 769261.557, ""actual_offset_global_ms"": 769363.567, ""actual_duration_ms"": 102.01}, {""stage_name"": ""memory_array"", ""planned_duration_ms"": 2500, ""intended_onset_ms"": 769347.005, ""actual_onset_global_ms"": 769378.503, ""actual_offset_global_ms"": 771882.765, ""actual_duration_ms"": 2504.262}, {""stage_name"": ""delay"", ""planned_duration_ms"": 1000, ""intended_onset_ms"": 771882.765, ""actual_onset_global_ms"": 771876.654, ""actual_offset_global_ms"": 772883.883, ""actual_duration_ms"": 1007.229}, {""stage_name"": ""test_array"", ""planned_duration_ms"": 4000, ""intended_onset_ms"": 772883.883, ""actual_onset_global_ms"": 772899.277, ""actual_offset_global_ms"": 775152.238, ""actual_duration_ms"": 2252.961}]",,,,,0,0,1,0,1,,,,,,,,,,,,,,,,,,,,,,,,,,,,,,,1.0,change,0.0,"[-254.77, -160.89]","[[-254.77, -160.89]]","[""red""]","[""yellow""]",red,yellow,j,change,1.0,1.0,1.0
0008,0008_T1_20260520_152501,PA,T1,adaptive,hci_substudy_v2,1,telemetry_v4,change_detection,4,formal_cd,formal,1,44,52,formal,N2_same,1779261901,60.0,2026-05-20T15:37:59.756,0,0,0,1,775158.689,775176.017,,,,,s,,1,2072.619,,,,778758.689,778831.912,780931.865,4000,2099.953,780931.865,"[{""stage_name"": ""fixation"", ""planned_duration_ms"": 100, ""intended_onset_ms"": 775158.689, ""actual_onset_global_ms"": 775176.017, ""actual_offset_global_ms"": 775290.064, ""actual_duration_ms"": 114.047}, {""stage_name"": ""memory_array"", ""planned_duration_ms"": 2500, ""intended_onset_ms"": 775258.689, ""actual_onset_global_ms"": 775322.142, ""actual_offset_global_ms"": 777790.389, ""actual_duration_ms"": 2468.247}, {""stage_name"": ""delay"", ""planned_duration_ms"": 1000, ""intended_onset_ms"": 777790.389, ""actual_onset_global_ms"": 777787.49, ""actual_offset_global_ms"": 778801.458, ""actual_duration_ms"": 1013.968}, {""stage_name"": ""test_array"", ""planned_duration_ms"": 4000, ""intended_onset_ms"": 778801.458, ""actual_onset_global_ms"": 778831.912, ""actual_offset_global_ms"": 780931.865, ""actual_duration_ms"": 2099.953}]",,,,,0,0,1,0,1,,,,,,,,,,,,,,,,,,,,,,,,,,,,,,,2.0,same,1.0,"[162.91, -122.39]","[[-130.11, 214.06], [162.91, -122.39]]","[""purple"", ""yellow""]","[""purple"", ""yellow""]",yellow,yellow,s,same,1.0,4.0,1.0
0008,0008_T1_20260520_152501,PA,T1,adaptive,hci_substudy_v2,1,telemetry_v4,change_detection,4,formal_cd,formal,1,45,53,formal,N1_same,1779261901,60.0,2026-05-20T15:38:05.536,0,0,0,1,780938.374,780952.864,,,,,s,,1,1373.171,,,,784538.374,784596.476,785998.584,4000,1402.108,785998.584,"[{""stage_name"": ""fixation"", ""planned_duration_ms"": 100, ""intended_onset_ms"": 780938.374, ""actual_onset_global_ms"": 780952.864, ""actual_offset_global_ms"": 781065.009, ""actual_duration_ms"": 112.145}, {""stage_name"": ""memory_array"", ""planned_duration_ms"": 2500, ""intended_onset_ms"": 781038.374, ""actual_onset_global_ms"": 781078.876, ""actual_offset_global_ms"": 783571.361, ""actual_duration_ms"": 2492.485}, {""stage_name"": ""delay"", ""planned_duration_ms"": 1000, ""intended_onset_ms"": 783571.361, ""actual_onset_global_ms"": 783564.443, ""actual_offset_global_ms"": 784580.637, ""actual_duration_ms"": 1016.194}, {""stage_name"": ""test_array"", ""planned_duration_ms"": 4000, ""intended_onset_ms"": 784580.637, ""actual_onset_global_ms"": 784596.476, ""actual_offset_global_ms"": 785998.584, ""actual_duration_ms"": 1402.108}]",,,,,0,0,1,0,1,,,,,,,,,,,,,,,,,,,,,,,,,,,,,,,1.0,same,0.0,"[-102.49, -41.3]","[[-102.49, -41.3]]","[""green""]","[""green""]",green,green,s,same,1.0,1.0,1.0
0008,0008_T1_20260520_152501,PA,T1,adaptive,hci_substudy_v2,1,telemetry_v4,change_detection,4,formal_cd,formal,1,46,54,formal,N3_change,1779261901,60.0,2026-05-20T15:38:10.602,0,0,0,1,786004.535,786022.187,,,,,j,,1,1969.018,,,,789604.535,789733.697,791728.852,4000,1995.155,791728.852,"[{""stage_name"": ""fixation"", ""planned_duration_ms"": 100, ""intended_onset_ms"": 786004.535, ""actual_onset_global_ms"": 786022.187, ""actual_offset_global_ms"": 786124.403, ""actual_duration_ms"": 102.216}, {""stage_name"": ""memory_array"", ""planned_duration_ms"": 2500, ""intended_onset_ms"": 786104.535, ""actual_onset_global_ms"": 786167.712, ""actual_offset_global_ms"": 788681.7, ""actual_duration_ms"": 2513.988}, {""stage_name"": ""delay"", ""planned_duration_ms"": 1000, ""intended_onset_ms"": 788681.7, ""actual_onset_global_ms"": 788675.795, ""actual_offset_global_ms"": 789688.131, ""actual_duration_ms"": 1012.336}, {""stage_name"": ""test_array"", ""planned_duration_ms"": 4000, ""intended_onset_ms"": 789688.131, ""actual_onset_global_ms"": 789733.697, ""actual_offset_global_ms"": 791728.852, ""actual_duration_ms"": 1995.155}]",,,,,0,0,1,0,1,,,,,,,,,,,,,,,,,,,,,,,,,,,,,,,3.0,change,1.0,"[-174.06, 180.59]","[[-96.41, 42.51], [-174.06, 180.59], [-24.79, 195.89]]","[""red"", ""yellow"", ""blue""]","[""red"", ""purple"", ""blue""]",yellow,purple,j,change,1.0,3.0,1.0
0008,0008_T1_20260520_152501,PA,T1,adaptive,hci_substudy_v2,1,telemetry_v4,change_detection,4,formal_cd,formal,1,47,55,formal,N2_change,1779261901,60.0,2026-05-20T15:38:16.331,0,0,0,1,791733.799,791747.035,,,,,j,,1,1868.562,,,,795333.799,795431.074,797353.096,4000,1922.022,797353.096,"[{""stage_name"": ""fixation"", ""planned_duration_ms"": 100, ""intended_onset_ms"": 791733.799, ""actual_onset_global_ms"": 791747.035, ""actual_offset_global_ms"": 791852.048, ""actual_duration_ms"": 105.013}, {""stage_name"": ""memory_array"", ""planned_duration_ms"": 2500, ""intended_onset_ms"": 791833.799, ""actual_onset_global_ms"": 791874.358, ""actual_offset_global_ms"": 794396.761, ""actual_duration_ms"": 2522.403}, {""stage_name"": ""delay"", ""planned_duration_ms"": 1000, ""intended_onset_ms"": 794396.761, ""actual_onset_global_ms"": 794391.561, ""actual_offset_global_ms"": 795399.383, ""actual_duration_ms"": 1007.822}, {""stage_name"": ""test_array"", ""planned_duration_ms"": 4000, ""intended_onset_ms"": 795399.383, ""actual_onset_global_ms"": 795431.074, ""actual_offset_global_ms"": 797353.096, ""actual_duration_ms"": 1922.022}]",,,,,0,0,1,0,1,,,,,,,,,,,,,,,,,,,,,,,,,,,,,,,2.0,change,1.0,"[259.0, 95.15]","[[58.37, -113.43], [259.0, 95.15]]","[""green"", ""blue""]","[""green"", ""red""]",blue,red,j,change,1.0,2.0,1.0
0008,0008_T1_20260520_152501,PA,T1,adaptive,hci_substudy_v2,1,telemetry_v4,change_detection,4,formal_cd,formal,1,48,56,formal,N1_change,1779261901,60.0,2026-05-20T15:38:21.957,0,0,0,1,797359.331,797376.962,,,,,j,,1,3647.66,,,,800959.331,801059.269,804720.585,4000,3661.316,804720.585,"[{""stage_name"": ""fixation"", ""planned_duration_ms"": 100, ""intended_onset_ms"": 797359.331, ""actual_onset_global_ms"": 797376.962, ""actual_offset_global_ms"": 797486.202, ""actual_duration_ms"": 109.24}, {""stage_name"": ""memory_array"", ""planned_duration_ms"": 2500, ""intended_onset_ms"": 797459.331, ""actual_onset_global_ms"": 797501.385, ""actual_offset_global_ms"": 800034.335, ""actual_duration_ms"": 2532.95}, {""stage_name"": ""delay"", ""planned_duration_ms"": 1000, ""intended_onset_ms"": 800034.335, ""actual_onset_global_ms"": 800030.256, ""actual_offset_global_ms"": 801042.571, ""actual_duration_ms"": 1012.315}, {""stage_name"": ""test_array"", ""planned_duration_ms"": 4000, ""intended_onset_ms"": 801042.571, ""actual_onset_global_ms"": 801059.269, ""actual_offset_global_ms"": 804720.585, ""actual_duration_ms"": 3661.316}]",,,,,0,1,0,0,1,,,,,,,,,,,,,,,,,,,,,,,,,,,,,,,1.0,change,0.0,"[-202.07, 71.83]","[[-202.07, 71.83]]","[""yellow""]","[""blue""]",yellow,blue,j,change,1.0,1.0,1.0
