participant_id,session_id,group,timepoint,practice_layer,practice_protocol_version,telemetry_enabled,telemetry_version,task_name,task_order_index,block_name,block_type,block_index,trial_index_within_block,trial_index_global,practice_or_formal,condition_label,random_seed,screen_refresh_hz,timestamp_iso,omission,aborted,pause_count_during_trial,repeated_practice_round,intended_trial_start_ms,actual_trial_start_ms,condition,target_direction,flankers_direction,array_pattern_text,correct_response_key,participant_response_key,response_correct,rt_ms,response_time_global_ms,feedback_type,practice_pass_flag,intended_onset_ms,actual_onset_global_ms,actual_offset_global_ms,stage_duration_planned_ms,stage_duration_actual_ms,actual_trial_end_ms,stage_records_json,feedback_audio_file,feedback_audio_start_global_ms,feedback_audio_expected_duration_ms,feedback_audio_stop_global_ms,prompt_level,support_type,support_trigger_reason,support_trigger_trial_index,rule_block_error_count,support_level,support_phase,support_duration_ms,post_support_success_streak,support_faded_after_trial,manual_intervention_flag,dccs_support_rule,dccs_error_type,dccs_dimension_highlight_used,dccs_demo_type,dccs_label_mode,dccs_post_support_rule_confusion,rule,cue_audio_file,cue_label,cue_audio_start_global_ms,cue_audio_expected_duration_ms,cue_audio_stop_global_ms,stimulus_color,stimulus_shape,stimulus_identity,trial_transition,previous_rule,current_rule,cue_to_first_response_ms,digit_support_target,digit_transform_demo_used,digit_keypad_demo_used,digit_hesitation_prompt_used,digit_post_support_span_success,span_length,trial_index_within_span,span_round,presented_sequence,correct_backward_sequence,participant_input_sequence,participant_input_string,input_method,first_key_latency_ms,response_complete_time_ms,accuracy,omission_input,delete_count,clear_count,click_count,inter_key_intervals_ms,adaptive_decision,digits_audio_onsets_ms,digits_audio_files,digits_audio_events_json,repeated_audio_once_in_practice,termination_reason,terminal_span_length,set_size,trial_type,probe_index,probe_position_xy,item_positions,item_colors_memory,item_colors_test,probe_original_color,probe_test_color,response_key,response_label,layout_generation_attempts,overlap_check_passed
35,35_T1_20260518_152420,PA,T1,standard,hci_substudy_v2,1,telemetry_v4,flanker,1,practice_single,practice,1,1,1,practice,practice_single,1779089060,965.549,2026-05-18T15:24:42.669,0,0,0,1,20554.422,20571.193,practice_single,right,none,>,j,j,1,25214.196,45884.226,correct,,20654.422,20670.03,45884.226,3000,25214.196,46484.226,"[{""stage_name"": ""fixation"", ""planned_duration_ms"": 100, ""intended_onset_ms"": 20554.422, ""actual_onset_global_ms"": 20571.193, ""actual_offset_global_ms"": 20661.968, ""actual_duration_ms"": 90.775}, {""stage_name"": ""stimulus"", ""planned_duration_ms"": 3000, ""intended_onset_ms"": 20654.422, ""actual_onset_global_ms"": 20670.03, ""actual_offset_global_ms"": 45884.226, ""actual_duration_ms"": 25214.196}, {""stage_name"": ""feedback"", ""planned_duration_ms"": 600, ""intended_onset_ms"": 45884.226, ""actual_onset_global_ms"": 45905.621, ""actual_offset_global_ms"": 46492.424, ""actual_duration_ms"": 586.803}]",correct.wav,45890.24,600.0,46490.24,,,,,,,,,,,,,,,,,,,,,,,,,,,,,,,,,,,,,,,,,,,,,,,,,,,,,,,,,,,,,,,,,,,,,,,
35,35_T1_20260518_152420,PA,T1,standard,hci_substudy_v2,1,telemetry_v4,flanker,1,practice_single,practice,1,2,2,practice,practice_single,1779089060,965.549,2026-05-18T15:25:08.614,0,0,0,1,46498.325,46502.403,practice_single,left,none,<,s,j,0,1158.165,47763.273,incorrect,,46598.325,46605.108,47763.273,3000,1158.165,48363.273,"[{""stage_name"": ""fixation"", ""planned_duration_ms"": 100, ""intended_onset_ms"": 46498.325, ""actual_onset_global_ms"": 46502.403, ""actual_offset_global_ms"": 46599.535, ""actual_duration_ms"": 97.132}, {""stage_name"": ""stimulus"", ""planned_duration_ms"": 3000, ""intended_onset_ms"": 46598.325, ""actual_onset_global_ms"": 46605.108, ""actual_offset_global_ms"": 47763.273, ""actual_duration_ms"": 1158.165}, {""stage_name"": ""feedback"", ""planned_duration_ms"": 600, ""intended_onset_ms"": 47763.273, ""actual_onset_global_ms"": 47771.973, ""actual_offset_global_ms"": 48368.229, ""actual_duration_ms"": 596.256}]",incorrect.wav,47765.808,600.0,48365.808,,,,,,,,,,,,,,,,,,,,,,,,,,,,,,,,,,,,,,,,,,,,,,,,,,,,,,,,,,,,,,,,,,,,,,,
35,35_T1_20260518_152420,PA,T1,standard,hci_substudy_v2,1,telemetry_v4,flanker,1,practice_single,practice,1,3,3,practice,practice_single,1779089060,965.549,2026-05-18T15:25:10.487,0,0,0,1,48372.312,48378.739,practice_single,right,none,>,j,s,0,5092.262,53573.969,incorrect,,48472.312,48481.707,53573.969,3000,5092.262,54173.969,"[{""stage_name"": ""fixation"", ""planned_duration_ms"": 100, ""intended_onset_ms"": 48372.312, ""actual_onset_global_ms"": 48378.739, ""actual_offset_global_ms"": 48475.604, ""actual_duration_ms"": 96.865}, {""stage_name"": ""stimulus"", ""planned_duration_ms"": 3000, ""intended_onset_ms"": 48472.312, ""actual_onset_global_ms"": 48481.707, ""actual_offset_global_ms"": 53573.969, ""actual_duration_ms"": 5092.262}, {""stage_name"": ""feedback"", ""planned_duration_ms"": 600, ""intended_onset_ms"": 53573.969, ""actual_onset_global_ms"": 53579.861, ""actual_offset_global_ms"": 54179.201, ""actual_duration_ms"": 599.34}]",incorrect.wav,53576.293,600.0,54176.293,,,,,,,,,,,,,,,,,,,,,,,,,,,,,,,,,,,,,,,,,,,,,,,,,,,,,,,,,,,,,,,,,,,,,,,
35,35_T1_20260518_152420,PA,T1,standard,hci_substudy_v2,1,telemetry_v4,flanker,1,practice_single,practice,1,4,4,practice,practice_single,1779089060,965.549,2026-05-18T15:25:16.297,0,0,0,1,54181.451,54185.401,practice_single,left,none,<,s,s,1,7418.256,61707.408,correct,,54281.451,54289.152,61707.408,3000,7418.256,62307.408,"[{""stage_name"": ""fixation"", ""planned_duration_ms"": 100, ""intended_onset_ms"": 54181.451, ""actual_onset_global_ms"": 54185.401, ""actual_offset_global_ms"": 54283.712, ""actual_duration_ms"": 98.311}, {""stage_name"": ""stimulus"", ""planned_duration_ms"": 3000, ""intended_onset_ms"": 54281.451, ""actual_onset_global_ms"": 54289.152, ""actual_offset_global_ms"": 61707.408, ""actual_duration_ms"": 7418.256}, {""stage_name"": ""feedback"", ""planned_duration_ms"": 600, ""intended_onset_ms"": 61707.408, ""actual_onset_global_ms"": 61715.161, ""actual_offset_global_ms"": 62311.243, ""actual_duration_ms"": 596.082}]",correct.wav,61710.003,600.0,62310.003,,,,,,,,,,,,,,,,,,,,,,,,,,,,,,,,,,,,,,,,,,,,,,,,,,,,,,,,,,,,,,,,,,,,,,,
35,35_T1_20260518_152420,PA,T1,standard,hci_substudy_v2,1,telemetry_v4,flanker,1,practice_single,practice,1,5,5,practice,practice_single,1779089060,965.549,2026-05-18T15:25:24.430,0,0,0,1,62314.833,62319.669,practice_single,left,none,<,s,s,1,2479.129,64902.001,correct,,62414.833,62422.872,64902.001,3000,2479.129,65502.001,"[{""stage_name"": ""fixation"", ""planned_duration_ms"": 100, ""intended_onset_ms"": 62314.833, ""actual_onset_global_ms"": 62319.669, ""actual_offset_global_ms"": 62419.611, ""actual_duration_ms"": 99.942}, {""stage_name"": ""stimulus"", ""planned_duration_ms"": 3000, ""intended_onset_ms"": 62414.833, ""actual_onset_global_ms"": 62422.872, ""actual_offset_global_ms"": 64902.001, ""actual_duration_ms"": 2479.129}, {""stage_name"": ""feedback"", ""planned_duration_ms"": 600, ""intended_onset_ms"": 64902.001, ""actual_onset_global_ms"": 64910.188, ""actual_offset_global_ms"": 65507.326, ""actual_duration_ms"": 597.138}]",correct.wav,64905.975,600.0,65505.975,,,,,,,,,,,,,,,,,,,,,,,,,,,,,,,,,,,,,,,,,,,,,,,,,,,,,,,,,,,,,,,,,,,,,,,
35,35_T1_20260518_152420,PA,T1,standard,hci_substudy_v2,1,telemetry_v4,flanker,1,practice_single,practice,1,6,6,practice,practice_single,1779089060,965.549,2026-05-18T15:25:27.626,0,0,0,1,65510.731,65514.858,practice_single,right,none,>,j,j,1,3440.747,69058.193,correct,,65610.731,65617.446,69058.193,3000,3440.747,69658.193,"[{""stage_name"": ""fixation"", ""planned_duration_ms"": 100, ""intended_onset_ms"": 65510.731, ""actual_onset_global_ms"": 65514.858, ""actual_offset_global_ms"": 65612.604, ""actual_duration_ms"": 97.746}, {""stage_name"": ""stimulus"", ""planned_duration_ms"": 3000, ""intended_onset_ms"": 65610.731, ""actual_onset_global_ms"": 65617.446, ""actual_offset_global_ms"": 69058.193, ""actual_duration_ms"": 3440.747}, {""stage_name"": ""feedback"", ""planned_duration_ms"": 600, ""intended_onset_ms"": 69058.193, ""actual_onset_global_ms"": 69062.972, ""actual_offset_global_ms"": 69661.857, ""actual_duration_ms"": 598.885}]",correct.wav,69058.998,600.0,69658.998,,,,,,,,,,,,,,,,,,,,,,,,,,,,,,,,,,,,,,,,,,,,,,,,,,,,,,,,,,,,,,,,,,,,,,,
35,35_T1_20260518_152420,PA,T1,standard,hci_substudy_v2,1,telemetry_v4,flanker,1,practice_full,practice,2,1,7,practice,congruent,1779089060,965.549,2026-05-18T15:25:42.455,0,0,0,1,80339.697,80345.311,congruent,left,left,<<<<<,s,s,1,14876.383,95325.025,correct,1.0,80439.697,80448.642,95325.025,3000,14876.383,95925.025,"[{""stage_name"": ""fixation"", ""planned_duration_ms"": 100, ""intended_onset_ms"": 80339.697, ""actual_onset_global_ms"": 80345.311, ""actual_offset_global_ms"": 80442.55, ""actual_duration_ms"": 97.239}, {""stage_name"": ""stimulus"", ""planned_duration_ms"": 3000, ""intended_onset_ms"": 80439.697, ""actual_onset_global_ms"": 80448.642, ""actual_offset_global_ms"": 95325.025, ""actual_duration_ms"": 14876.383}, {""stage_name"": ""feedback"", ""planned_duration_ms"": 600, ""intended_onset_ms"": 95325.025, ""actual_onset_global_ms"": 95332.623, ""actual_offset_global_ms"": 95933.169, ""actual_duration_ms"": 600.546}]",correct.wav,95328.891,600.0,95928.891,,,,,,,,,,,,,,,,,,,,,,,,,,,,,,,,,,,,,,,,,,,,,,,,,,,,,,,,,,,,,,,,,,,,,,,
35,35_T1_20260518_152420,PA,T1,standard,hci_substudy_v2,1,telemetry_v4,flanker,1,practice_full,practice,2,2,8,practice,congruent,1779089060,965.549,2026-05-18T15:25:58.050,0,0,0,1,95935.341,95940.652,congruent,left,left,<<<<<,s,s,1,1922.145,97967.151,correct,1.0,96035.341,96045.006,97967.151,3000,1922.145,98567.151,"[{""stage_name"": ""fixation"", ""planned_duration_ms"": 100, ""intended_onset_ms"": 95935.341, ""actual_onset_global_ms"": 95940.652, ""actual_offset_global_ms"": 96038.898, ""actual_duration_ms"": 98.246}, {""stage_name"": ""stimulus"", ""planned_duration_ms"": 3000, ""intended_onset_ms"": 96035.341, ""actual_onset_global_ms"": 96045.006, ""actual_offset_global_ms"": 97967.151, ""actual_duration_ms"": 1922.145}, {""stage_name"": ""feedback"", ""planned_duration_ms"": 600, ""intended_onset_ms"": 97967.151, ""actual_onset_global_ms"": 97974.755, ""actual_offset_global_ms"": 98572.706, ""actual_duration_ms"": 597.951}]",correct.wav,97970.475,600.0,98570.475,,,,,,,,,,,,,,,,,,,,,,,,,,,,,,,,,,,,,,,,,,,,,,,,,,,,,,,,,,,,,,,,,,,,,,,
35,35_T1_20260518_152420,PA,T1,standard,hci_substudy_v2,1,telemetry_v4,flanker,1,practice_full,practice,2,3,9,practice,incongruent,1779089060,965.549,2026-05-18T15:26:00.693,0,0,0,1,98577.692,98581.983,incongruent,left,right,>><>>,s,s,1,1932.911,100620.484,correct,1.0,98677.692,98687.573,100620.484,3000,1932.911,101220.484,"[{""stage_name"": ""fixation"", ""planned_duration_ms"": 100, ""intended_onset_ms"": 98577.692, ""actual_onset_global_ms"": 98581.983, ""actual_offset_global_ms"": 98682.539, ""actual_duration_ms"": 100.556}, {""stage_name"": ""stimulus"", ""planned_duration_ms"": 3000, ""intended_onset_ms"": 98677.692, ""actual_onset_global_ms"": 98687.573, ""actual_offset_global_ms"": 100620.484, ""actual_duration_ms"": 1932.911}, {""stage_name"": ""feedback"", ""planned_duration_ms"": 600, ""intended_onset_ms"": 100620.484, ""actual_onset_global_ms"": 100628.117, ""actual_offset_global_ms"": 101226.689, ""actual_duration_ms"": 598.572}]",correct.wav,100624.517,600.0,101224.517,,,,,,,,,,,,,,,,,,,,,,,,,,,,,,,,,,,,,,,,,,,,,,,,,,,,,,,,,,,,,,,,,,,,,,,
35,35_T1_20260518_152420,PA,T1,standard,hci_substudy_v2,1,telemetry_v4,flanker,1,practice_full,practice,2,4,10,practice,incongruent,1779089060,965.549,2026-05-18T15:26:03.344,0,0,0,1,101228.858,101234.009,incongruent,right,left,<<><<,j,j,1,1388.226,102726.085,correct,1.0,101328.858,101337.859,102726.085,3000,1388.226,103326.085,"[{""stage_name"": ""fixation"", ""planned_duration_ms"": 100, ""intended_onset_ms"": 101228.858, ""actual_onset_global_ms"": 101234.009, ""actual_offset_global_ms"": 101333.172, ""actual_duration_ms"": 99.163}, {""stage_name"": ""stimulus"", ""planned_duration_ms"": 3000, ""intended_onset_ms"": 101328.858, ""actual_onset_global_ms"": 101337.859, ""actual_offset_global_ms"": 102726.085, ""actual_duration_ms"": 1388.226}, {""stage_name"": ""feedback"", ""planned_duration_ms"": 600, ""intended_onset_ms"": 102726.085, ""actual_onset_global_ms"": 102734.635, ""actual_offset_global_ms"": 103333.01, ""actual_duration_ms"": 598.375}]",correct.wav,102730.565,600.0,103330.565,,,,,,,,,,,,,,,,,,,,,,,,,,,,,,,,,,,,,,,,,,,,,,,,,,,,,,,,,,,,,,,,,,,,,,,
35,35_T1_20260518_152420,PA,T1,standard,hci_substudy_v2,1,telemetry_v4,flanker,1,practice_full,practice,2,5,11,practice,congruent,1779089060,965.549,2026-05-18T15:26:05.451,0,0,0,1,103336.584,103340.423,congruent,right,right,>>>>>,j,j,1,918.424,104364.076,correct,1.0,103436.584,103445.652,104364.076,3000,918.424,104964.076,"[{""stage_name"": ""fixation"", ""planned_duration_ms"": 100, ""intended_onset_ms"": 103336.584, ""actual_onset_global_ms"": 103340.423, ""actual_offset_global_ms"": 103441.539, ""actual_duration_ms"": 101.116}, {""stage_name"": ""stimulus"", ""planned_duration_ms"": 3000, ""intended_onset_ms"": 103436.584, ""actual_onset_global_ms"": 103445.652, ""actual_offset_global_ms"": 104364.076, ""actual_duration_ms"": 918.424}, {""stage_name"": ""feedback"", ""planned_duration_ms"": 600, ""intended_onset_ms"": 104364.076, ""actual_onset_global_ms"": 104369.51, ""actual_offset_global_ms"": 104968.655, ""actual_duration_ms"": 599.145}]",correct.wav,104365.812,600.0,104965.812,,,,,,,,,,,,,,,,,,,,,,,,,,,,,,,,,,,,,,,,,,,,,,,,,,,,,,,,,,,,,,,,,,,,,,,
35,35_T1_20260518_152420,PA,T1,standard,hci_substudy_v2,1,telemetry_v4,flanker,1,practice_full,practice,2,6,12,practice,incongruent,1779089060,965.549,2026-05-18T15:26:07.086,0,0,0,1,104970.847,104976.157,incongruent,right,left,<<><<,j,j,1,2494.77,107576.243,correct,1.0,105070.847,105081.473,107576.243,3000,2494.77,108176.243,"[{""stage_name"": ""fixation"", ""planned_duration_ms"": 100, ""intended_onset_ms"": 104970.847, ""actual_onset_global_ms"": 104976.157, ""actual_offset_global_ms"": 105074.087, ""actual_duration_ms"": 97.93}, {""stage_name"": ""stimulus"", ""planned_duration_ms"": 3000, ""intended_onset_ms"": 105070.847, ""actual_onset_global_ms"": 105081.473, ""actual_offset_global_ms"": 107576.243, ""actual_duration_ms"": 2494.77}, {""stage_name"": ""feedback"", ""planned_duration_ms"": 600, ""intended_onset_ms"": 107576.243, ""actual_onset_global_ms"": 107584.493, ""actual_offset_global_ms"": 108182.218, ""actual_duration_ms"": 597.725}]",correct.wav,107579.837,600.0,108179.837,,,,,,,,,,,,,,,,,,,,,,,,,,,,,,,,,,,,,,,,,,,,,,,,,,,,,,,,,,,,,,,,,,,,,,,
35,35_T1_20260518_152420,PA,T1,standard,hci_substudy_v2,1,telemetry_v4,flanker,1,formal_block_1,formal,1,1,13,formal,incongruent,1779089060,965.549,2026-05-18T15:26:21.543,0,0,0,1,119428.501,119433.812,incongruent,right,left,<<><<,j,j,1,1156.862,120696.038,none,,119528.501,119539.176,120696.038,3000,1156.862,120696.038,"[{""stage_name"": ""fixation"", ""planned_duration_ms"": 100, ""intended_onset_ms"": 119428.501, ""actual_onset_global_ms"": 119433.812, ""actual_offset_global_ms"": 119531.939, ""actual_duration_ms"": 98.127}, {""stage_name"": ""stimulus"", ""planned_duration_ms"": 3000, ""intended_onset_ms"": 119528.501, ""actual_onset_global_ms"": 119539.176, ""actual_offset_global_ms"": 120696.038, ""actual_duration_ms"": 1156.862}]",,,,,,,,,,,,,,,,,,,,,,,,,,,,,,,,,,,,,,,,,,,,,,,,,,,,,,,,,,,,,,,,,,,,,,,,,,,
35,35_T1_20260518_152420,PA,T1,standard,hci_substudy_v2,1,telemetry_v4,flanker,1,formal_block_1,formal,1,2,14,formal,incongruent,1779089060,965.549,2026-05-18T15:26:22.817,0,0,0,1,120701.593,120705.368,incongruent,right,left,<<><<,j,j,1,1773.205,122583.992,none,,120801.593,120810.787,122583.992,3000,1773.205,122583.992,"[{""stage_name"": ""fixation"", ""planned_duration_ms"": 100, ""intended_onset_ms"": 120701.593, ""actual_onset_global_ms"": 120705.368, ""actual_offset_global_ms"": 120805.514, ""actual_duration_ms"": 100.146}, {""stage_name"": ""stimulus"", ""planned_duration_ms"": 3000, ""intended_onset_ms"": 120801.593, ""actual_onset_global_ms"": 120810.787, ""actual_offset_global_ms"": 122583.992, ""actual_duration_ms"": 1773.205}]",,,,,,,,,,,,,,,,,,,,,,,,,,,,,,,,,,,,,,,,,,,,,,,,,,,,,,,,,,,,,,,,,,,,,,,,,,,
35,35_T1_20260518_152420,PA,T1,standard,hci_substudy_v2,1,telemetry_v4,flanker,1,formal_block_1,formal,1,3,15,formal,incongruent,1779089060,965.549,2026-05-18T15:26:24.705,0,0,0,1,122589.337,122594.259,incongruent,left,right,>><>>,s,j,0,895.669,123592.108,none,,122689.337,122696.439,123592.108,3000,895.669,123592.108,"[{""stage_name"": ""fixation"", ""planned_duration_ms"": 100, ""intended_onset_ms"": 122589.337, ""actual_onset_global_ms"": 122594.259, ""actual_offset_global_ms"": 122690.559, ""actual_duration_ms"": 96.3}, {""stage_name"": ""stimulus"", ""planned_duration_ms"": 3000, ""intended_onset_ms"": 122689.337, ""actual_onset_global_ms"": 122696.439, ""actual_offset_global_ms"": 123592.108, ""actual_duration_ms"": 895.669}]",,,,,,,,,,,,,,,,,,,,,,,,,,,,,,,,,,,,,,,,,,,,,,,,,,,,,,,,,,,,,,,,,,,,,,,,,,,
35,35_T1_20260518_152420,PA,T1,standard,hci_substudy_v2,1,telemetry_v4,flanker,1,formal_block_1,formal,1,4,16,formal,congruent,1779089060,965.549,2026-05-18T15:26:25.715,0,0,0,1,123599.796,123604.015,congruent,left,left,<<<<<,s,s,1,2204.106,125914.055,none,,123699.796,123709.949,125914.055,3000,2204.106,125914.055,"[{""stage_name"": ""fixation"", ""planned_duration_ms"": 100, ""intended_onset_ms"": 123599.796, ""actual_onset_global_ms"": 123604.015, ""actual_offset_global_ms"": 123704.93, ""actual_duration_ms"": 100.915}, {""stage_name"": ""stimulus"", ""planned_duration_ms"": 3000, ""intended_onset_ms"": 123699.796, ""actual_onset_global_ms"": 123709.949, ""actual_offset_global_ms"": 125914.055, ""actual_duration_ms"": 2204.106}]",,,,,,,,,,,,,,,,,,,,,,,,,,,,,,,,,,,,,,,,,,,,,,,,,,,,,,,,,,,,,,,,,,,,,,,,,,,
35,35_T1_20260518_152420,PA,T1,standard,hci_substudy_v2,1,telemetry_v4,flanker,1,formal_block_1,formal,1,5,17,formal,incongruent,1779089060,965.549,2026-05-18T15:26:28.034,0,0,0,1,125918.919,125924.156,incongruent,left,right,>><>>,s,s,1,1529.086,127555.989,none,,126018.919,126026.903,127555.989,3000,1529.086,127555.989,"[{""stage_name"": ""fixation"", ""planned_duration_ms"": 100, ""intended_onset_ms"": 125918.919, ""actual_onset_global_ms"": 125924.156, ""actual_offset_global_ms"": 126020.366, ""actual_duration_ms"": 96.21}, {""stage_name"": ""stimulus"", ""planned_duration_ms"": 3000, ""intended_onset_ms"": 126018.919, ""actual_onset_global_ms"": 126026.903, ""actual_offset_global_ms"": 127555.989, ""actual_duration_ms"": 1529.086}]",,,,,,,,,,,,,,,,,,,,,,,,,,,,,,,,,,,,,,,,,,,,,,,,,,,,,,,,,,,,,,,,,,,,,,,,,,,
35,35_T1_20260518_152420,PA,T1,standard,hci_substudy_v2,1,telemetry_v4,flanker,1,formal_block_1,formal,1,6,18,formal,congruent,1779089060,965.549,2026-05-18T15:26:29.679,0,0,0,1,127563.851,127567.818,congruent,right,right,>>>>>,j,j,1,723.155,128395.486,none,,127663.851,127672.331,128395.486,3000,723.155,128395.486,"[{""stage_name"": ""fixation"", ""planned_duration_ms"": 100, ""intended_onset_ms"": 127563.851, ""actual_onset_global_ms"": 127567.818, ""actual_offset_global_ms"": 127666.035, ""actual_duration_ms"": 98.217}, {""stage_name"": ""stimulus"", ""planned_duration_ms"": 3000, ""intended_onset_ms"": 127663.851, ""actual_onset_global_ms"": 127672.331, ""actual_offset_global_ms"": 128395.486, ""actual_duration_ms"": 723.155}]",,,,,,,,,,,,,,,,,,,,,,,,,,,,,,,,,,,,,,,,,,,,,,,,,,,,,,,,,,,,,,,,,,,,,,,,,,,
35,35_T1_20260518_152420,PA,T1,standard,hci_substudy_v2,1,telemetry_v4,flanker,1,formal_block_1,formal,1,7,19,formal,incongruent,1779089060,965.549,2026-05-18T15:26:30.519,0,0,0,1,128404.443,128409.725,incongruent,left,right,>><>>,s,s,1,691.338,129204.507,none,,128504.443,128513.169,129204.507,3000,691.338,129204.507,"[{""stage_name"": ""fixation"", ""planned_duration_ms"": 100, ""intended_onset_ms"": 128404.443, ""actual_onset_global_ms"": 128409.725, ""actual_offset_global_ms"": 128507.315, ""actual_duration_ms"": 97.59}, {""stage_name"": ""stimulus"", ""planned_duration_ms"": 3000, ""intended_onset_ms"": 128504.443, ""actual_onset_global_ms"": 128513.169, ""actual_offset_global_ms"": 129204.507, ""actual_duration_ms"": 691.338}]",,,,,,,,,,,,,,,,,,,,,,,,,,,,,,,,,,,,,,,,,,,,,,,,,,,,,,,,,,,,,,,,,,,,,,,,,,,
35,35_T1_20260518_152420,PA,T1,standard,hci_substudy_v2,1,telemetry_v4,flanker,1,formal_block_1,formal,1,8,20,formal,incongruent,1779089060,965.549,2026-05-18T15:26:31.326,0,0,0,1,129211.347,129216.593,incongruent,right,left,<<><<,j,j,1,863.773,130182.286,none,,129311.347,129318.513,130182.286,3000,863.773,130182.286,"[{""stage_name"": ""fixation"", ""planned_duration_ms"": 100, ""intended_onset_ms"": 129211.347, ""actual_onset_global_ms"": 129216.593, ""actual_offset_global_ms"": 129312.77, ""actual_duration_ms"": 96.177}, {""stage_name"": ""stimulus"", ""planned_duration_ms"": 3000, ""intended_onset_ms"": 129311.347, ""actual_onset_global_ms"": 129318.513, ""actual_offset_global_ms"": 130182.286, ""actual_duration_ms"": 863.773}]",,,,,,,,,,,,,,,,,,,,,,,,,,,,,,,,,,,,,,,,,,,,,,,,,,,,,,,,,,,,,,,,,,,,,,,,,,,
35,35_T1_20260518_152420,PA,T1,standard,hci_substudy_v2,1,telemetry_v4,flanker,1,formal_block_1,formal,1,9,21,formal,congruent,1779089060,965.549,2026-05-18T15:26:32.303,0,0,0,1,130188.343,130192.367,congruent,left,left,<<<<<,s,s,1,703.224,131000.144,none,,130288.343,130296.92,131000.144,3000,703.224,131000.144,"[{""stage_name"": ""fixation"", ""planned_duration_ms"": 100, ""intended_onset_ms"": 130188.343, ""actual_onset_global_ms"": 130192.367, ""actual_offset_global_ms"": 130292.607, ""actual_duration_ms"": 100.24}, {""stage_name"": ""stimulus"", ""planned_duration_ms"": 3000, ""intended_onset_ms"": 130288.343, ""actual_onset_global_ms"": 130296.92, ""actual_offset_global_ms"": 131000.144, ""actual_duration_ms"": 703.224}]",,,,,,,,,,,,,,,,,,,,,,,,,,,,,,,,,,,,,,,,,,,,,,,,,,,,,,,,,,,,,,,,,,,,,,,,,,,
35,35_T1_20260518_152420,PA,T1,standard,hci_substudy_v2,1,telemetry_v4,flanker,1,formal_block_1,formal,1,10,22,formal,incongruent,1779089060,965.549,2026-05-18T15:26:33.125,0,0,0,1,131009.429,131014.277,incongruent,right,left,<<><<,j,j,1,484.661,131601.92,none,,131109.429,131117.259,131601.92,3000,484.661,131601.92,"[{""stage_name"": ""fixation"", ""planned_duration_ms"": 100, ""intended_onset_ms"": 131009.429, ""actual_onset_global_ms"": 131014.277, ""actual_offset_global_ms"": 131112.904, ""actual_duration_ms"": 98.627}, {""stage_name"": ""stimulus"", ""planned_duration_ms"": 3000, ""intended_onset_ms"": 131109.429, ""actual_onset_global_ms"": 131117.259, ""actual_offset_global_ms"": 131601.92, ""actual_duration_ms"": 484.661}]",,,,,,,,,,,,,,,,,,,,,,,,,,,,,,,,,,,,,,,,,,,,,,,,,,,,,,,,,,,,,,,,,,,,,,,,,,,
35,35_T1_20260518_152420,PA,T1,standard,hci_substudy_v2,1,telemetry_v4,flanker,1,formal_block_1,formal,1,11,23,formal,congruent,1779089060,965.549,2026-05-18T15:26:33.721,0,0,0,1,131606.43,131610.4,congruent,right,right,>>>>>,j,s,0,421.238,132134.289,none,,131706.43,131713.051,132134.289,3000,421.238,132134.289,"[{""stage_name"": ""fixation"", ""planned_duration_ms"": 100, ""intended_onset_ms"": 131606.43, ""actual_onset_global_ms"": 131610.4, ""actual_offset_global_ms"": 131709.047, ""actual_duration_ms"": 98.647}, {""stage_name"": ""stimulus"", ""planned_duration_ms"": 3000, ""intended_onset_ms"": 131706.43, ""actual_onset_global_ms"": 131713.051, ""actual_offset_global_ms"": 132134.289, ""actual_duration_ms"": 421.238}]",,,,,,,,,,,,,,,,,,,,,,,,,,,,,,,,,,,,,,,,,,,,,,,,,,,,,,,,,,,,,,,,,,,,,,,,,,,
35,35_T1_20260518_152420,PA,T1,standard,hci_substudy_v2,1,telemetry_v4,flanker,1,formal_block_1,formal,1,12,24,formal,incongruent,1779089060,965.549,2026-05-18T15:26:34.259,0,0,0,1,132144.298,132148.806,incongruent,left,right,>><>>,s,j,0,1697.703,133950.235,none,,132244.298,132252.532,133950.235,3000,1697.703,133950.235,"[{""stage_name"": ""fixation"", ""planned_duration_ms"": 100, ""intended_onset_ms"": 132144.298, ""actual_onset_global_ms"": 132148.806, ""actual_offset_global_ms"": 132246.405, ""actual_duration_ms"": 97.599}, {""stage_name"": ""stimulus"", ""planned_duration_ms"": 3000, ""intended_onset_ms"": 132244.298, ""actual_onset_global_ms"": 132252.532, ""actual_offset_global_ms"": 133950.235, ""actual_duration_ms"": 1697.703}]",,,,,,,,,,,,,,,,,,,,,,,,,,,,,,,,,,,,,,,,,,,,,,,,,,,,,,,,,,,,,,,,,,,,,,,,,,,
35,35_T1_20260518_152420,PA,T1,standard,hci_substudy_v2,1,telemetry_v4,flanker,1,formal_block_1,formal,1,13,25,formal,congruent,1779089060,965.549,2026-05-18T15:26:36.072,0,0,0,1,133956.469,133961.523,congruent,left,left,<<<<<,s,s,1,915.01,134980.024,none,,134056.469,134065.014,134980.024,3000,915.01,134980.024,"[{""stage_name"": ""fixation"", ""planned_duration_ms"": 100, ""intended_onset_ms"": 133956.469, ""actual_onset_global_ms"": 133961.523, ""actual_offset_global_ms"": 134058.283, ""actual_duration_ms"": 96.76}, {""stage_name"": ""stimulus"", ""planned_duration_ms"": 3000, ""intended_onset_ms"": 134056.469, ""actual_onset_global_ms"": 134065.014, ""actual_offset_global_ms"": 134980.024, ""actual_duration_ms"": 915.01}]",,,,,,,,,,,,,,,,,,,,,,,,,,,,,,,,,,,,,,,,,,,,,,,,,,,,,,,,,,,,,,,,,,,,,,,,,,,
35,35_T1_20260518_152420,PA,T1,standard,hci_substudy_v2,1,telemetry_v4,flanker,1,formal_block_1,formal,1,14,26,formal,incongruent,1779089060,965.549,2026-05-18T15:26:37.100,0,0,0,1,134985.293,134988.949,incongruent,right,left,<<><<,j,j,1,725.526,135818.143,none,,135085.293,135092.617,135818.143,3000,725.526,135818.143,"[{""stage_name"": ""fixation"", ""planned_duration_ms"": 100, ""intended_onset_ms"": 134985.293, ""actual_onset_global_ms"": 134988.949, ""actual_offset_global_ms"": 135088.621, ""actual_duration_ms"": 99.672}, {""stage_name"": ""stimulus"", ""planned_duration_ms"": 3000, ""intended_onset_ms"": 135085.293, ""actual_onset_global_ms"": 135092.617, ""actual_offset_global_ms"": 135818.143, ""actual_duration_ms"": 725.526}]",,,,,,,,,,,,,,,,,,,,,,,,,,,,,,,,,,,,,,,,,,,,,,,,,,,,,,,,,,,,,,,,,,,,,,,,,,,
35,35_T1_20260518_152420,PA,T1,standard,hci_substudy_v2,1,telemetry_v4,flanker,1,formal_block_1,formal,1,15,27,formal,congruent,1779089060,965.549,2026-05-18T15:26:37.939,0,0,0,1,135824.702,135829.221,congruent,left,left,<<<<<,s,s,1,626.086,136557.901,none,,135924.702,135931.815,136557.901,3000,626.086,136557.901,"[{""stage_name"": ""fixation"", ""planned_duration_ms"": 100, ""intended_onset_ms"": 135824.702, ""actual_onset_global_ms"": 135829.221, ""actual_offset_global_ms"": 135927.808, ""actual_duration_ms"": 98.587}, {""stage_name"": ""stimulus"", ""planned_duration_ms"": 3000, ""intended_onset_ms"": 135924.702, ""actual_onset_global_ms"": 135931.815, ""actual_offset_global_ms"": 136557.901, ""actual_duration_ms"": 626.086}]",,,,,,,,,,,,,,,,,,,,,,,,,,,,,,,,,,,,,,,,,,,,,,,,,,,,,,,,,,,,,,,,,,,,,,,,,,,
35,35_T1_20260518_152420,PA,T1,standard,hci_substudy_v2,1,telemetry_v4,flanker,1,formal_block_1,formal,1,16,28,formal,congruent,1779089060,965.549,2026-05-18T15:26:38.681,0,0,0,1,136566.556,136570.591,congruent,right,right,>>>>>,j,j,1,578.276,137253.908,none,,136666.556,136675.632,137253.908,3000,578.276,137253.908,"[{""stage_name"": ""fixation"", ""planned_duration_ms"": 100, ""intended_onset_ms"": 136566.556, ""actual_onset_global_ms"": 136570.591, ""actual_offset_global_ms"": 136671.053, ""actual_duration_ms"": 100.462}, {""stage_name"": ""stimulus"", ""planned_duration_ms"": 3000, ""intended_onset_ms"": 136666.556, ""actual_onset_global_ms"": 136675.632, ""actual_offset_global_ms"": 137253.908, ""actual_duration_ms"": 578.276}]",,,,,,,,,,,,,,,,,,,,,,,,,,,,,,,,,,,,,,,,,,,,,,,,,,,,,,,,,,,,,,,,,,,,,,,,,,,
35,35_T1_20260518_152420,PA,T1,standard,hci_substudy_v2,1,telemetry_v4,flanker,1,formal_block_1,formal,1,17,29,formal,incongruent,1779089060,965.549,2026-05-18T15:26:39.377,0,0,0,1,137260.869,137265.459,incongruent,left,right,>><>>,s,s,1,947.838,138316.105,none,,137360.869,137368.267,138316.105,3000,947.838,138316.105,"[{""stage_name"": ""fixation"", ""planned_duration_ms"": 100, ""intended_onset_ms"": 137260.869, ""actual_onset_global_ms"": 137265.459, ""actual_offset_global_ms"": 137362.281, ""actual_duration_ms"": 96.822}, {""stage_name"": ""stimulus"", ""planned_duration_ms"": 3000, ""intended_onset_ms"": 137360.869, ""actual_onset_global_ms"": 137368.267, ""actual_offset_global_ms"": 138316.105, ""actual_duration_ms"": 947.838}]",,,,,,,,,,,,,,,,,,,,,,,,,,,,,,,,,,,,,,,,,,,,,,,,,,,,,,,,,,,,,,,,,,,,,,,,,,,
35,35_T1_20260518_152420,PA,T1,standard,hci_substudy_v2,1,telemetry_v4,flanker,1,formal_block_1,formal,1,18,30,formal,congruent,1779089060,965.549,2026-05-18T15:26:40.437,0,0,0,1,138321.906,138325.842,congruent,right,right,>>>>>,j,j,1,782.684,139211.923,none,,138421.906,138429.239,139211.923,3000,782.684,139211.923,"[{""stage_name"": ""fixation"", ""planned_duration_ms"": 100, ""intended_onset_ms"": 138321.906, ""actual_onset_global_ms"": 138325.842, ""actual_offset_global_ms"": 138423.358, ""actual_duration_ms"": 97.516}, {""stage_name"": ""stimulus"", ""planned_duration_ms"": 3000, ""intended_onset_ms"": 138421.906, ""actual_onset_global_ms"": 138429.239, ""actual_offset_global_ms"": 139211.923, ""actual_duration_ms"": 782.684}]",,,,,,,,,,,,,,,,,,,,,,,,,,,,,,,,,,,,,,,,,,,,,,,,,,,,,,,,,,,,,,,,,,,,,,,,,,,
35,35_T1_20260518_152420,PA,T1,standard,hci_substudy_v2,1,telemetry_v4,flanker,1,formal_block_1,formal,1,19,31,formal,congruent,1779089060,965.549,2026-05-18T15:26:41.335,0,0,0,1,139219.608,139224.475,congruent,left,left,<<<<<,s,s,1,598.085,139926.002,none,,139319.608,139327.917,139926.002,3000,598.085,139926.002,"[{""stage_name"": ""fixation"", ""planned_duration_ms"": 100, ""intended_onset_ms"": 139219.608, ""actual_onset_global_ms"": 139224.475, ""actual_offset_global_ms"": 139321.551, ""actual_duration_ms"": 97.076}, {""stage_name"": ""stimulus"", ""planned_duration_ms"": 3000, ""intended_onset_ms"": 139319.608, ""actual_onset_global_ms"": 139327.917, ""actual_offset_global_ms"": 139926.002, ""actual_duration_ms"": 598.085}]",,,,,,,,,,,,,,,,,,,,,,,,,,,,,,,,,,,,,,,,,,,,,,,,,,,,,,,,,,,,,,,,,,,,,,,,,,,
35,35_T1_20260518_152420,PA,T1,standard,hci_substudy_v2,1,telemetry_v4,flanker,1,formal_block_1,formal,1,20,32,formal,congruent,1779089060,965.549,2026-05-18T15:26:42.051,0,0,0,1,139935.361,139940.338,congruent,right,right,>>>>>,j,j,1,419.255,140463.022,none,,140035.361,140043.767,140463.022,3000,419.255,140463.022,"[{""stage_name"": ""fixation"", ""planned_duration_ms"": 100, ""intended_onset_ms"": 139935.361, ""actual_onset_global_ms"": 139940.338, ""actual_offset_global_ms"": 140037.696, ""actual_duration_ms"": 97.358}, {""stage_name"": ""stimulus"", ""planned_duration_ms"": 3000, ""intended_onset_ms"": 140035.361, ""actual_onset_global_ms"": 140043.767, ""actual_offset_global_ms"": 140463.022, ""actual_duration_ms"": 419.255}]",,,,,,,,,,,,,,,,,,,,,,,,,,,,,,,,,,,,,,,,,,,,,,,,,,,,,,,,,,,,,,,,,,,,,,,,,,,
35,35_T1_20260518_152420,PA,T1,standard,hci_substudy_v2,1,telemetry_v4,flanker,1,formal_block_2,formal,2,1,33,formal,incongruent,1779089060,965.549,2026-05-18T15:26:42.584,0,0,0,1,140468.977,140472.594,incongruent,left,right,>><>>,s,s,1,1149.395,141725.348,none,,140568.977,140575.953,141725.348,3000,1149.395,141725.348,"[{""stage_name"": ""fixation"", ""planned_duration_ms"": 100, ""intended_onset_ms"": 140468.977, ""actual_onset_global_ms"": 140472.594, ""actual_offset_global_ms"": 140571.92, ""actual_duration_ms"": 99.326}, {""stage_name"": ""stimulus"", ""planned_duration_ms"": 3000, ""intended_onset_ms"": 140568.977, ""actual_onset_global_ms"": 140575.953, ""actual_offset_global_ms"": 141725.348, ""actual_duration_ms"": 1149.395}]",,,,,,,,,,,,,,,,,,,,,,,,,,,,,,,,,,,,,,,,,,,,,,,,,,,,,,,,,,,,,,,,,,,,,,,,,,,
35,35_T1_20260518_152420,PA,T1,standard,hci_substudy_v2,1,telemetry_v4,flanker,1,formal_block_2,formal,2,2,34,formal,incongruent,1779089060,965.549,2026-05-18T15:26:43.850,0,0,0,1,141735.147,141739.909,incongruent,right,left,<<><<,j,j,1,571.709,142415.661,none,,141835.147,141843.952,142415.661,3000,571.709,142415.661,"[{""stage_name"": ""fixation"", ""planned_duration_ms"": 100, ""intended_onset_ms"": 141735.147, ""actual_onset_global_ms"": 141739.909, ""actual_offset_global_ms"": 141837.751, ""actual_duration_ms"": 97.842}, {""stage_name"": ""stimulus"", ""planned_duration_ms"": 3000, ""intended_onset_ms"": 141835.147, ""actual_onset_global_ms"": 141843.952, ""actual_offset_global_ms"": 142415.661, ""actual_duration_ms"": 571.709}]",,,,,,,,,,,,,,,,,,,,,,,,,,,,,,,,,,,,,,,,,,,,,,,,,,,,,,,,,,,,,,,,,,,,,,,,,,,
35,35_T1_20260518_152420,PA,T1,standard,hci_substudy_v2,1,telemetry_v4,flanker,1,formal_block_2,formal,2,3,35,formal,incongruent,1779089060,965.549,2026-05-18T15:26:44.540,0,0,0,1,142424.979,142428.802,incongruent,right,left,<<><<,j,j,1,1296.502,143830.115,none,,142524.979,142533.613,143830.115,3000,1296.502,143830.115,"[{""stage_name"": ""fixation"", ""planned_duration_ms"": 100, ""intended_onset_ms"": 142424.979, ""actual_onset_global_ms"": 142428.802, ""actual_offset_global_ms"": 142528.678, ""actual_duration_ms"": 99.876}, {""stage_name"": ""stimulus"", ""planned_duration_ms"": 3000, ""intended_onset_ms"": 142524.979, ""actual_onset_global_ms"": 142533.613, ""actual_offset_global_ms"": 143830.115, ""actual_duration_ms"": 1296.502}]",,,,,,,,,,,,,,,,,,,,,,,,,,,,,,,,,,,,,,,,,,,,,,,,,,,,,,,,,,,,,,,,,,,,,,,,,,,
35,35_T1_20260518_152420,PA,T1,standard,hci_substudy_v2,1,telemetry_v4,flanker,1,formal_block_2,formal,2,4,36,formal,congruent,1779089060,965.549,2026-05-18T15:26:45.952,0,0,0,1,143836.912,143841.603,congruent,right,right,>>>>>,j,j,1,1334.66,145280.894,none,,143936.912,143946.234,145280.894,3000,1334.66,145280.894,"[{""stage_name"": ""fixation"", ""planned_duration_ms"": 100, ""intended_onset_ms"": 143836.912, ""actual_onset_global_ms"": 143841.603, ""actual_offset_global_ms"": 143941.146, ""actual_duration_ms"": 99.543}, {""stage_name"": ""stimulus"", ""planned_duration_ms"": 3000, ""intended_onset_ms"": 143936.912, ""actual_onset_global_ms"": 143946.234, ""actual_offset_global_ms"": 145280.894, ""actual_duration_ms"": 1334.66}]",,,,,,,,,,,,,,,,,,,,,,,,,,,,,,,,,,,,,,,,,,,,,,,,,,,,,,,,,,,,,,,,,,,,,,,,,,,
35,35_T1_20260518_152420,PA,T1,standard,hci_substudy_v2,1,telemetry_v4,flanker,1,formal_block_2,formal,2,5,37,formal,congruent,1779089060,965.549,2026-05-18T15:26:47.401,0,0,0,1,145286.095,145290.976,congruent,left,left,<<<<<,s,s,1,1072.952,146466.962,none,,145386.095,145394.01,146466.962,3000,1072.952,146466.962,"[{""stage_name"": ""fixation"", ""planned_duration_ms"": 100, ""intended_onset_ms"": 145286.095, ""actual_onset_global_ms"": 145290.976, ""actual_offset_global_ms"": 145390.031, ""actual_duration_ms"": 99.055}, {""stage_name"": ""stimulus"", ""planned_duration_ms"": 3000, ""intended_onset_ms"": 145386.095, ""actual_onset_global_ms"": 145394.01, ""actual_offset_global_ms"": 146466.962, ""actual_duration_ms"": 1072.952}]",,,,,,,,,,,,,,,,,,,,,,,,,,,,,,,,,,,,,,,,,,,,,,,,,,,,,,,,,,,,,,,,,,,,,,,,,,,
35,35_T1_20260518_152420,PA,T1,standard,hci_substudy_v2,1,telemetry_v4,flanker,1,formal_block_2,formal,2,6,38,formal,incongruent,1779089060,965.549,2026-05-18T15:26:48.590,0,0,0,1,146475.197,146479.453,incongruent,left,right,>><>>,s,s,1,1318.756,147903.449,none,,146575.197,146584.693,147903.449,3000,1318.756,147903.449,"[{""stage_name"": ""fixation"", ""planned_duration_ms"": 100, ""intended_onset_ms"": 146475.197, ""actual_onset_global_ms"": 146479.453, ""actual_offset_global_ms"": 146579.295, ""actual_duration_ms"": 99.842}, {""stage_name"": ""stimulus"", ""planned_duration_ms"": 3000, ""intended_onset_ms"": 146575.197, ""actual_onset_global_ms"": 146584.693, ""actual_offset_global_ms"": 147903.449, ""actual_duration_ms"": 1318.756}]",,,,,,,,,,,,,,,,,,,,,,,,,,,,,,,,,,,,,,,,,,,,,,,,,,,,,,,,,,,,,,,,,,,,,,,,,,,
35,35_T1_20260518_152420,PA,T1,standard,hci_substudy_v2,1,telemetry_v4,flanker,1,formal_block_2,formal,2,7,39,formal,incongruent,1779089060,965.549,2026-05-18T15:26:50.025,0,0,0,1,147909.899,147914.975,incongruent,right,left,<<><<,j,j,1,789.812,148808.37,none,,148009.899,148018.558,148808.37,3000,789.812,148808.37,"[{""stage_name"": ""fixation"", ""planned_duration_ms"": 100, ""intended_onset_ms"": 147909.899, ""actual_onset_global_ms"": 147914.975, ""actual_offset_global_ms"": 148011.972, ""actual_duration_ms"": 96.997}, {""stage_name"": ""stimulus"", ""planned_duration_ms"": 3000, ""intended_onset_ms"": 148009.899, ""actual_onset_global_ms"": 148018.558, ""actual_offset_global_ms"": 148808.37, ""actual_duration_ms"": 789.812}]",,,,,,,,,,,,,,,,,,,,,,,,,,,,,,,,,,,,,,,,,,,,,,,,,,,,,,,,,,,,,,,,,,,,,,,,,,,
35,35_T1_20260518_152420,PA,T1,standard,hci_substudy_v2,1,telemetry_v4,flanker,1,formal_block_2,formal,2,8,40,formal,congruent,1779089060,965.549,2026-05-18T15:26:50.928,0,0,0,1,148812.527,148816.956,congruent,right,right,>>>>>,j,j,1,1032.431,149953.867,none,,148912.527,148921.436,149953.867,3000,1032.431,149953.867,"[{""stage_name"": ""fixation"", ""planned_duration_ms"": 100, ""intended_onset_ms"": 148812.527, ""actual_onset_global_ms"": 148816.956, ""actual_offset_global_ms"": 148915.369, ""actual_duration_ms"": 98.413}, {""stage_name"": ""stimulus"", ""planned_duration_ms"": 3000, ""intended_onset_ms"": 148912.527, ""actual_onset_global_ms"": 148921.436, ""actual_offset_global_ms"": 149953.867, ""actual_duration_ms"": 1032.431}]",,,,,,,,,,,,,,,,,,,,,,,,,,,,,,,,,,,,,,,,,,,,,,,,,,,,,,,,,,,,,,,,,,,,,,,,,,,
35,35_T1_20260518_152420,PA,T1,standard,hci_substudy_v2,1,telemetry_v4,flanker,1,formal_block_2,formal,2,9,41,formal,incongruent,1779089060,965.549,2026-05-18T15:26:52.074,0,0,0,1,149958.407,149964.157,incongruent,left,right,>><>>,s,s,1,727.528,150795.144,none,,150058.407,150067.616,150795.144,3000,727.528,150795.144,"[{""stage_name"": ""fixation"", ""planned_duration_ms"": 100, ""intended_onset_ms"": 149958.407, ""actual_onset_global_ms"": 149964.157, ""actual_offset_global_ms"": 150062.884, ""actual_duration_ms"": 98.727}, {""stage_name"": ""stimulus"", ""planned_duration_ms"": 3000, ""intended_onset_ms"": 150058.407, ""actual_onset_global_ms"": 150067.616, ""actual_offset_global_ms"": 150795.144, ""actual_duration_ms"": 727.528}]",,,,,,,,,,,,,,,,,,,,,,,,,,,,,,,,,,,,,,,,,,,,,,,,,,,,,,,,,,,,,,,,,,,,,,,,,,,
35,35_T1_20260518_152420,PA,T1,standard,hci_substudy_v2,1,telemetry_v4,flanker,1,formal_block_2,formal,2,10,42,formal,congruent,1779089060,965.549,2026-05-18T15:26:52.916,0,0,0,1,150800.136,150804.566,congruent,left,left,<<<<<,s,s,1,935.1,151842.653,none,,150900.136,150907.553,151842.653,3000,935.1,151842.653,"[{""stage_name"": ""fixation"", ""planned_duration_ms"": 100, ""intended_onset_ms"": 150800.136, ""actual_onset_global_ms"": 150804.566, ""actual_offset_global_ms"": 150903.131, ""actual_duration_ms"": 98.565}, {""stage_name"": ""stimulus"", ""planned_duration_ms"": 3000, ""intended_onset_ms"": 150900.136, ""actual_onset_global_ms"": 150907.553, ""actual_offset_global_ms"": 151842.653, ""actual_duration_ms"": 935.1}]",,,,,,,,,,,,,,,,,,,,,,,,,,,,,,,,,,,,,,,,,,,,,,,,,,,,,,,,,,,,,,,,,,,,,,,,,,,
35,35_T1_20260518_152420,PA,T1,standard,hci_substudy_v2,1,telemetry_v4,flanker,1,formal_block_2,formal,2,11,43,formal,congruent,1779089060,965.549,2026-05-18T15:26:53.966,0,0,0,1,151851.329,151856.27,congruent,right,right,>>>>>,j,j,1,848.562,152809.324,none,,151951.329,151960.762,152809.324,3000,848.562,152809.324,"[{""stage_name"": ""fixation"", ""planned_duration_ms"": 100, ""intended_onset_ms"": 151851.329, ""actual_onset_global_ms"": 151856.27, ""actual_offset_global_ms"": 151954.657, ""actual_duration_ms"": 98.387}, {""stage_name"": ""stimulus"", ""planned_duration_ms"": 3000, ""intended_onset_ms"": 151951.329, ""actual_onset_global_ms"": 151960.762, ""actual_offset_global_ms"": 152809.324, ""actual_duration_ms"": 848.562}]",,,,,,,,,,,,,,,,,,,,,,,,,,,,,,,,,,,,,,,,,,,,,,,,,,,,,,,,,,,,,,,,,,,,,,,,,,,
35,35_T1_20260518_152420,PA,T1,standard,hci_substudy_v2,1,telemetry_v4,flanker,1,formal_block_2,formal,2,12,44,formal,congruent,1779089060,965.549,2026-05-18T15:26:54.935,0,0,0,1,152819.952,152825.176,congruent,left,left,<<<<<,s,s,1,758.018,153687.113,none,,152919.952,152929.095,153687.113,3000,758.018,153687.113,"[{""stage_name"": ""fixation"", ""planned_duration_ms"": 100, ""intended_onset_ms"": 152819.952, ""actual_onset_global_ms"": 152825.176, ""actual_offset_global_ms"": 152924.926, ""actual_duration_ms"": 99.75}, {""stage_name"": ""stimulus"", ""planned_duration_ms"": 3000, ""intended_onset_ms"": 152919.952, ""actual_onset_global_ms"": 152929.095, ""actual_offset_global_ms"": 153687.113, ""actual_duration_ms"": 758.018}]",,,,,,,,,,,,,,,,,,,,,,,,,,,,,,,,,,,,,,,,,,,,,,,,,,,,,,,,,,,,,,,,,,,,,,,,,,,
35,35_T1_20260518_152420,PA,T1,standard,hci_substudy_v2,1,telemetry_v4,flanker,1,formal_block_2,formal,2,13,45,formal,incongruent,1779089060,965.549,2026-05-18T15:26:55.807,0,0,0,1,153692.251,153696.471,incongruent,right,left,<<><<,j,j,1,595.544,154396.127,none,,153792.251,153800.583,154396.127,3000,595.544,154396.127,"[{""stage_name"": ""fixation"", ""planned_duration_ms"": 100, ""intended_onset_ms"": 153692.251, ""actual_onset_global_ms"": 153696.471, ""actual_offset_global_ms"": 153796.176, ""actual_duration_ms"": 99.705}, {""stage_name"": ""stimulus"", ""planned_duration_ms"": 3000, ""intended_onset_ms"": 153792.251, ""actual_onset_global_ms"": 153800.583, ""actual_offset_global_ms"": 154396.127, ""actual_duration_ms"": 595.544}]",,,,,,,,,,,,,,,,,,,,,,,,,,,,,,,,,,,,,,,,,,,,,,,,,,,,,,,,,,,,,,,,,,,,,,,,,,,
35,35_T1_20260518_152420,PA,T1,standard,hci_substudy_v2,1,telemetry_v4,flanker,1,formal_block_2,formal,2,14,46,formal,congruent,1779089060,965.549,2026-05-18T15:26:56.518,0,0,0,1,154402.563,154407.534,congruent,right,right,>>>>>,j,j,1,2032.95,156542.931,none,,154502.563,154509.981,156542.931,3000,2032.95,156542.931,"[{""stage_name"": ""fixation"", ""planned_duration_ms"": 100, ""intended_onset_ms"": 154402.563, ""actual_onset_global_ms"": 154407.534, ""actual_offset_global_ms"": 154503.636, ""actual_duration_ms"": 96.102}, {""stage_name"": ""stimulus"", ""planned_duration_ms"": 3000, ""intended_onset_ms"": 154502.563, ""actual_onset_global_ms"": 154509.981, ""actual_offset_global_ms"": 156542.931, ""actual_duration_ms"": 2032.95}]",,,,,,,,,,,,,,,,,,,,,,,,,,,,,,,,,,,,,,,,,,,,,,,,,,,,,,,,,,,,,,,,,,,,,,,,,,,
35,35_T1_20260518_152420,PA,T1,standard,hci_substudy_v2,1,telemetry_v4,flanker,1,formal_block_2,formal,2,15,47,formal,congruent,1779089060,965.549,2026-05-18T15:26:58.665,0,0,0,1,156549.729,156553.68,congruent,left,left,<<<<<,s,s,1,1898.281,158557.008,none,,156649.729,156658.727,158557.008,3000,1898.281,158557.008,"[{""stage_name"": ""fixation"", ""planned_duration_ms"": 100, ""intended_onset_ms"": 156549.729, ""actual_onset_global_ms"": 156553.68, ""actual_offset_global_ms"": 156654.259, ""actual_duration_ms"": 100.579}, {""stage_name"": ""stimulus"", ""planned_duration_ms"": 3000, ""intended_onset_ms"": 156649.729, ""actual_onset_global_ms"": 156658.727, ""actual_offset_global_ms"": 158557.008, ""actual_duration_ms"": 1898.281}]",,,,,,,,,,,,,,,,,,,,,,,,,,,,,,,,,,,,,,,,,,,,,,,,,,,,,,,,,,,,,,,,,,,,,,,,,,,
35,35_T1_20260518_152420,PA,T1,standard,hci_substudy_v2,1,telemetry_v4,flanker,1,formal_block_2,formal,2,16,48,formal,congruent,1779089060,965.549,2026-05-18T15:27:00.682,0,0,0,1,158566.658,158571.478,congruent,right,right,>>>>>,j,j,1,633.504,159309.122,none,,158666.658,158675.618,159309.122,3000,633.504,159309.122,"[{""stage_name"": ""fixation"", ""planned_duration_ms"": 100, ""intended_onset_ms"": 158566.658, ""actual_onset_global_ms"": 158571.478, ""actual_offset_global_ms"": 158671.364, ""actual_duration_ms"": 99.886}, {""stage_name"": ""stimulus"", ""planned_duration_ms"": 3000, ""intended_onset_ms"": 158666.658, ""actual_onset_global_ms"": 158675.618, ""actual_offset_global_ms"": 159309.122, ""actual_duration_ms"": 633.504}]",,,,,,,,,,,,,,,,,,,,,,,,,,,,,,,,,,,,,,,,,,,,,,,,,,,,,,,,,,,,,,,,,,,,,,,,,,,
35,35_T1_20260518_152420,PA,T1,standard,hci_substudy_v2,1,telemetry_v4,flanker,1,formal_block_2,formal,2,17,49,formal,incongruent,1779089060,965.549,2026-05-18T15:27:01.431,0,0,0,1,159315.114,159319.334,incongruent,left,right,>><>>,s,s,1,582.941,160006.241,none,,159415.114,159423.3,160006.241,3000,582.941,160006.241,"[{""stage_name"": ""fixation"", ""planned_duration_ms"": 100, ""intended_onset_ms"": 159315.114, ""actual_onset_global_ms"": 159319.334, ""actual_offset_global_ms"": 159418.059, ""actual_duration_ms"": 98.725}, {""stage_name"": ""stimulus"", ""planned_duration_ms"": 3000, ""intended_onset_ms"": 159415.114, ""actual_onset_global_ms"": 159423.3, ""actual_offset_global_ms"": 160006.241, ""actual_duration_ms"": 582.941}]",,,,,,,,,,,,,,,,,,,,,,,,,,,,,,,,,,,,,,,,,,,,,,,,,,,,,,,,,,,,,,,,,,,,,,,,,,,
35,35_T1_20260518_152420,PA,T1,standard,hci_substudy_v2,1,telemetry_v4,flanker,1,formal_block_2,formal,2,18,50,formal,incongruent,1779089060,965.549,2026-05-18T15:27:02.131,0,0,0,1,160015.295,160019.955,incongruent,left,right,>><>>,s,s,1,1830.581,161954.179,none,,160115.295,160123.598,161954.179,3000,1830.581,161954.179,"[{""stage_name"": ""fixation"", ""planned_duration_ms"": 100, ""intended_onset_ms"": 160015.295, ""actual_onset_global_ms"": 160019.955, ""actual_offset_global_ms"": 160116.694, ""actual_duration_ms"": 96.739}, {""stage_name"": ""stimulus"", ""planned_duration_ms"": 3000, ""intended_onset_ms"": 160115.295, ""actual_onset_global_ms"": 160123.598, ""actual_offset_global_ms"": 161954.179, ""actual_duration_ms"": 1830.581}]",,,,,,,,,,,,,,,,,,,,,,,,,,,,,,,,,,,,,,,,,,,,,,,,,,,,,,,,,,,,,,,,,,,,,,,,,,,
35,35_T1_20260518_152420,PA,T1,standard,hci_substudy_v2,1,telemetry_v4,flanker,1,formal_block_2,formal,2,19,51,formal,congruent,1779089060,965.549,2026-05-18T15:27:04.074,0,0,0,1,161959.205,161964.174,congruent,left,left,<<<<<,s,s,1,792.392,162860.044,none,,162059.205,162067.652,162860.044,3000,792.392,162860.044,"[{""stage_name"": ""fixation"", ""planned_duration_ms"": 100, ""intended_onset_ms"": 161959.205, ""actual_onset_global_ms"": 161964.174, ""actual_offset_global_ms"": 162061.494, ""actual_duration_ms"": 97.32}, {""stage_name"": ""stimulus"", ""planned_duration_ms"": 3000, ""intended_onset_ms"": 162059.205, ""actual_onset_global_ms"": 162067.652, ""actual_offset_global_ms"": 162860.044, ""actual_duration_ms"": 792.392}]",,,,,,,,,,,,,,,,,,,,,,,,,,,,,,,,,,,,,,,,,,,,,,,,,,,,,,,,,,,,,,,,,,,,,,,,,,,
35,35_T1_20260518_152420,PA,T1,standard,hci_substudy_v2,1,telemetry_v4,flanker,1,formal_block_2,formal,2,20,52,formal,incongruent,1779089060,965.549,2026-05-18T15:27:04.985,0,0,0,1,162869.785,162873.756,incongruent,right,left,<<><<,j,j,1,642.747,163621.104,none,,162969.785,162978.357,163621.104,3000,642.747,163621.104,"[{""stage_name"": ""fixation"", ""planned_duration_ms"": 100, ""intended_onset_ms"": 162869.785, ""actual_onset_global_ms"": 162873.756, ""actual_offset_global_ms"": 162974.357, ""actual_duration_ms"": 100.601}, {""stage_name"": ""stimulus"", ""planned_duration_ms"": 3000, ""intended_onset_ms"": 162969.785, ""actual_onset_global_ms"": 162978.357, ""actual_offset_global_ms"": 163621.104, ""actual_duration_ms"": 642.747}]",,,,,,,,,,,,,,,,,,,,,,,,,,,,,,,,,,,,,,,,,,,,,,,,,,,,,,,,,,,,,,,,,,,,,,,,,,,
35,35_T1_20260518_152420,PA,T1,standard,hci_substudy_v2,1,telemetry_v4,dccs,2,pre_switch_practice,practice,1,1,1,practice,color,1779089060,965.549,2026-05-18T15:27:27.499,0,0,0,1,185384.044,185433.09,,,,,j,j,1,2038.583,189637.223,correct,1.0,185984.044,187598.64,189637.223,3000,2038.583,189787.223,"[{""stage_name"": ""fixation"", ""planned_duration_ms"": 100, ""intended_onset_ms"": 185384.044, ""actual_onset_global_ms"": 185433.09, ""actual_offset_global_ms"": 185487.551, ""actual_duration_ms"": 54.461}, {""stage_name"": ""cue"", ""planned_duration_ms"": 500, ""intended_onset_ms"": 185484.044, ""actual_onset_global_ms"": 185496.518, ""actual_offset_global_ms"": 187595.651, ""actual_duration_ms"": 2099.133}, {""stage_name"": ""stimulus"", ""planned_duration_ms"": 3000, ""intended_onset_ms"": 185984.044, ""actual_onset_global_ms"": 187598.64, ""actual_offset_global_ms"": 189637.223, ""actual_duration_ms"": 2038.583}, {""stage_name"": ""feedback"", ""planned_duration_ms"": 150, ""intended_onset_ms"": 189637.223, ""actual_onset_global_ms"": 189644.199, ""actual_offset_global_ms"": 189789.517, ""actual_duration_ms"": 145.318}]",correct.wav,189638.12,150.0,190138.12,0.0,none,,,0.0,0.0,none,0.0,0.0,0.0,0.0,,,0.0,none,none,0.0,color,cue_color.wav,颜色,185496.697,500.0,186193.259,red,boat,red_boat,practice,,color,4140.705,,,,,,,,,,,,,,,,,,,,,,,,,,,,,,,,,,,,,,,,,
35,35_T1_20260518_152420,PA,T1,standard,hci_substudy_v2,1,telemetry_v4,dccs,2,pre_switch_practice,practice,1,2,2,practice,color,1779089060,965.549,2026-05-18T15:27:31.911,0,0,0,1,189795.758,189799.707,,,,,s,s,1,671.748,192672.49,correct,1.0,190395.758,192000.742,192672.49,3000,671.748,192822.49,"[{""stage_name"": ""fixation"", ""planned_duration_ms"": 100, ""intended_onset_ms"": 189795.758, ""actual_onset_global_ms"": 189799.707, ""actual_offset_global_ms"": 189898.899, ""actual_duration_ms"": 99.192}, {""stage_name"": ""cue"", ""planned_duration_ms"": 500, ""intended_onset_ms"": 189895.758, ""actual_onset_global_ms"": 189902.212, ""actual_offset_global_ms"": 191998.253, ""actual_duration_ms"": 2096.041}, {""stage_name"": ""stimulus"", ""planned_duration_ms"": 3000, ""intended_onset_ms"": 190395.758, ""actual_onset_global_ms"": 192000.742, ""actual_offset_global_ms"": 192672.49, ""actual_duration_ms"": 671.748}, {""stage_name"": ""feedback"", ""planned_duration_ms"": 150, ""intended_onset_ms"": 192672.49, ""actual_onset_global_ms"": 192681.39, ""actual_offset_global_ms"": 192830.712, ""actual_duration_ms"": 149.322}]",correct.wav,192677.309,150.0,193177.309,0.0,none,,,0.0,0.0,none,0.0,0.0,0.0,0.0,,,0.0,none,none,0.0,color,cue_color.wav,颜色,189902.615,500.0,190599.177,blue,rabbit,blue_rabbit,practice,,color,2770.278,,,,,,,,,,,,,,,,,,,,,,,,,,,,,,,,,,,,,,,,,
35,35_T1_20260518_152420,PA,T1,standard,hci_substudy_v2,1,telemetry_v4,dccs,2,pre_switch_practice,practice,1,3,3,practice,color,1779089060,965.549,2026-05-18T15:27:34.948,0,0,0,1,192833.088,192839.192,,,,,s,s,1,1071.818,196118.225,correct,1.0,193433.088,195046.407,196118.225,3000,1071.818,196268.225,"[{""stage_name"": ""fixation"", ""planned_duration_ms"": 100, ""intended_onset_ms"": 192833.088, ""actual_onset_global_ms"": 192839.192, ""actual_offset_global_ms"": 192936.639, ""actual_duration_ms"": 97.447}, {""stage_name"": ""cue"", ""planned_duration_ms"": 500, ""intended_onset_ms"": 192933.088, ""actual_onset_global_ms"": 192941.773, ""actual_offset_global_ms"": 195043.962, ""actual_duration_ms"": 2102.189}, {""stage_name"": ""stimulus"", ""planned_duration_ms"": 3000, ""intended_onset_ms"": 193433.088, ""actual_onset_global_ms"": 195046.407, ""actual_offset_global_ms"": 196118.225, ""actual_duration_ms"": 1071.818}, {""stage_name"": ""feedback"", ""planned_duration_ms"": 150, ""intended_onset_ms"": 196118.225, ""actual_onset_global_ms"": 196122.941, ""actual_offset_global_ms"": 196272.774, ""actual_duration_ms"": 149.833}]",correct.wav,196118.905,150.0,196618.905,0.0,none,,,0.0,0.0,none,0.0,0.0,0.0,0.0,,,0.0,none,none,0.0,color,cue_color.wav,颜色,192941.971,500.0,193638.533,blue,rabbit,blue_rabbit,practice,,color,3176.452,,,,,,,,,,,,,,,,,,,,,,,,,,,,,,,,,,,,,,,,,
35,35_T1_20260518_152420,PA,T1,standard,hci_substudy_v2,1,telemetry_v4,dccs,2,pre_switch_practice,practice,1,4,4,practice,color,1779089060,965.549,2026-05-18T15:27:38.391,0,0,0,1,196275.565,196281.75,,,,,j,j,1,897.946,199378.935,correct,1.0,196875.565,198480.989,199378.935,3000,897.946,199528.935,"[{""stage_name"": ""fixation"", ""planned_duration_ms"": 100, ""intended_onset_ms"": 196275.565, ""actual_onset_global_ms"": 196281.75, ""actual_offset_global_ms"": 196379.614, ""actual_duration_ms"": 97.864}, {""stage_name"": ""cue"", ""planned_duration_ms"": 500, ""intended_onset_ms"": 196375.565, ""actual_onset_global_ms"": 196384.989, ""actual_offset_global_ms"": 198478.166, ""actual_duration_ms"": 2093.177}, {""stage_name"": ""stimulus"", ""planned_duration_ms"": 3000, ""intended_onset_ms"": 196875.565, ""actual_onset_global_ms"": 198480.989, ""actual_offset_global_ms"": 199378.935, ""actual_duration_ms"": 897.946}, {""stage_name"": ""feedback"", ""planned_duration_ms"": 150, ""intended_onset_ms"": 199378.935, ""actual_onset_global_ms"": 199384.832, ""actual_offset_global_ms"": 199534.755, ""actual_duration_ms"": 149.923}]",correct.wav,199380.978,150.0,199880.978,0.0,none,,,0.0,0.0,none,0.0,0.0,0.0,0.0,,,0.0,none,none,0.0,color,cue_color.wav,颜色,196385.183,500.0,197081.745,red,rabbit,red_rabbit,practice,,color,2993.946,,,,,,,,,,,,,,,,,,,,,,,,,,,,,,,,,,,,,,,,,
35,35_T1_20260518_152420,PA,T1,standard,hci_substudy_v2,1,telemetry_v4,dccs,2,pre_switch_practice,practice,1,5,5,practice,color,1779089060,965.549,2026-05-18T15:27:41.653,0,0,0,1,199537.453,199541.458,,,,,j,s,0,305.518,202048.073,incorrect,1.0,200137.453,201742.555,202048.073,3000,305.518,202198.073,"[{""stage_name"": ""fixation"", ""planned_duration_ms"": 100, ""intended_onset_ms"": 199537.453, ""actual_onset_global_ms"": 199541.458, ""actual_offset_global_ms"": 199639.219, ""actual_duration_ms"": 97.761}, {""stage_name"": ""cue"", ""planned_duration_ms"": 500, ""intended_onset_ms"": 199637.453, ""actual_onset_global_ms"": 199644.948, ""actual_offset_global_ms"": 201740.145, ""actual_duration_ms"": 2095.197}, {""stage_name"": ""stimulus"", ""planned_duration_ms"": 3000, ""intended_onset_ms"": 200137.453, ""actual_onset_global_ms"": 201742.555, ""actual_offset_global_ms"": 202048.073, ""actual_duration_ms"": 305.518}, {""stage_name"": ""feedback"", ""planned_duration_ms"": 150, ""intended_onset_ms"": 202048.073, ""actual_onset_global_ms"": 202056.5, ""actual_offset_global_ms"": 202202.544, ""actual_duration_ms"": 146.044}]",incorrect.wav,202050.95,150.0,202550.95,0.0,none,,,0.0,0.0,none,0.0,0.0,0.0,0.0,,,0.0,none,none,0.0,color,cue_color.wav,颜色,199645.138,500.0,200341.701,red,boat,red_boat,practice,,color,2403.125,,,,,,,,,,,,,,,,,,,,,,,,,,,,,,,,,,,,,,,,,
35,35_T1_20260518_152420,PA,T1,standard,hci_substudy_v2,1,telemetry_v4,dccs,2,pre_switch_practice,practice,1,6,6,practice,color,1779089060,965.549,2026-05-18T15:27:44.322,0,0,0,1,202206.723,202211.748,,,,,s,s,1,984.392,205408.205,correct,1.0,202806.723,204423.813,205408.205,3000,984.392,205558.205,"[{""stage_name"": ""fixation"", ""planned_duration_ms"": 100, ""intended_onset_ms"": 202206.723, ""actual_onset_global_ms"": 202211.748, ""actual_offset_global_ms"": 202308.52, ""actual_duration_ms"": 96.772}, {""stage_name"": ""cue"", ""planned_duration_ms"": 500, ""intended_onset_ms"": 202306.723, ""actual_onset_global_ms"": 202314.008, ""actual_offset_global_ms"": 204421.183, ""actual_duration_ms"": 2107.175}, {""stage_name"": ""stimulus"", ""planned_duration_ms"": 3000, ""intended_onset_ms"": 202806.723, ""actual_onset_global_ms"": 204423.813, ""actual_offset_global_ms"": 205408.205, ""actual_duration_ms"": 984.392}, {""stage_name"": ""feedback"", ""planned_duration_ms"": 150, ""intended_onset_ms"": 205408.205, ""actual_onset_global_ms"": 205416.424, ""actual_offset_global_ms"": 205566.338, ""actual_duration_ms"": 149.914}]",correct.wav,205412.494,150.0,205912.494,0.0,none,,,0.0,0.0,none,0.0,0.0,0.0,0.0,,,0.0,none,none,0.0,color,cue_color.wav,颜色,202314.21,500.0,203010.772,blue,boat,blue_boat,practice,,color,3094.197,,,,,,,,,,,,,,,,,,,,,,,,,,,,,,,,,,,,,,,,,
35,35_T1_20260518_152420,PA,T1,standard,hci_substudy_v2,1,telemetry_v4,dccs,2,post_switch_practice,practice,2,1,7,practice,shape,1779089060,965.549,2026-05-18T15:27:51.595,0,0,0,1,209479.184,209485.476,,,,,j,j,1,2049.901,213909.989,correct,1.0,210079.184,211860.088,213909.989,3000,2049.901,214059.989,"[{""stage_name"": ""fixation"", ""planned_duration_ms"": 100, ""intended_onset_ms"": 209479.184, ""actual_onset_global_ms"": 209485.476, ""actual_offset_global_ms"": 209582.459, ""actual_duration_ms"": 96.983}, {""stage_name"": ""cue"", ""planned_duration_ms"": 500, ""intended_onset_ms"": 209579.184, ""actual_onset_global_ms"": 209589.679, ""actual_offset_global_ms"": 211857.017, ""actual_duration_ms"": 2267.338}, {""stage_name"": ""stimulus"", ""planned_duration_ms"": 3000, ""intended_onset_ms"": 210079.184, ""actual_onset_global_ms"": 211860.088, ""actual_offset_global_ms"": 213909.989, ""actual_duration_ms"": 2049.901}, {""stage_name"": ""feedback"", ""planned_duration_ms"": 150, ""intended_onset_ms"": 213909.989, ""actual_onset_global_ms"": 213919.193, ""actual_offset_global_ms"": 214068.551, ""actual_duration_ms"": 149.358}]",correct.wav,213914.718,150.0,214414.718,0.0,none,,,0.0,0.0,none,0.0,0.0,0.0,0.0,,,0.0,none,none,0.0,shape,cue_shape.wav,形状,209589.866,500.0,210356.116,red,boat,red_boat,practice,,shape,4320.31,,,,,,,,,,,,,,,,,,,,,,,,,,,,,,,,,,,,,,,,,
35,35_T1_20260518_152420,PA,T1,standard,hci_substudy_v2,1,telemetry_v4,dccs,2,post_switch_practice,practice,2,2,8,practice,shape,1779089060,965.549,2026-05-18T15:27:56.186,0,0,0,1,214071.376,214078.284,,,,,s,s,1,1067.233,217520.877,correct,1.0,214671.376,216453.644,217520.877,3000,1067.233,217670.877,"[{""stage_name"": ""fixation"", ""planned_duration_ms"": 100, ""intended_onset_ms"": 214071.376, ""actual_onset_global_ms"": 214078.284, ""actual_offset_global_ms"": 214176.185, ""actual_duration_ms"": 97.901}, {""stage_name"": ""cue"", ""planned_duration_ms"": 500, ""intended_onset_ms"": 214171.376, ""actual_onset_global_ms"": 214181.941, ""actual_offset_global_ms"": 216450.369, ""actual_duration_ms"": 2268.428}, {""stage_name"": ""stimulus"", ""planned_duration_ms"": 3000, ""intended_onset_ms"": 214671.376, ""actual_onset_global_ms"": 216453.644, ""actual_offset_global_ms"": 217520.877, ""actual_duration_ms"": 1067.233}, {""stage_name"": ""feedback"", ""planned_duration_ms"": 150, ""intended_onset_ms"": 217520.877, ""actual_onset_global_ms"": 217528.94, ""actual_offset_global_ms"": 217675.16, ""actual_duration_ms"": 146.22}]",correct.wav,217524.139,150.0,218024.139,0.0,none,,,0.0,0.0,none,0.0,0.0,0.0,0.0,,,0.0,none,none,0.0,shape,cue_shape.wav,形状,214182.127,500.0,214948.377,red,rabbit,red_rabbit,practice,,shape,3338.936,,,,,,,,,,,,,,,,,,,,,,,,,,,,,,,,,,,,,,,,,
35,35_T1_20260518_152420,PA,T1,standard,hci_substudy_v2,1,telemetry_v4,dccs,2,post_switch_practice,practice,2,3,9,practice,shape,1779089060,965.549,2026-05-18T15:27:59.795,0,0,0,1,217679.858,217685.001,,,,,s,j,0,492.111,220620.115,incorrect,1.0,218279.858,220128.004,220620.115,3000,492.111,220770.115,"[{""stage_name"": ""fixation"", ""planned_duration_ms"": 100, ""intended_onset_ms"": 217679.858, ""actual_onset_global_ms"": 217685.001, ""actual_offset_global_ms"": 217781.027, ""actual_duration_ms"": 96.026}, {""stage_name"": ""cue"", ""planned_duration_ms"": 500, ""intended_onset_ms"": 217779.858, ""actual_onset_global_ms"": 217786.762, ""actual_offset_global_ms"": 220124.877, ""actual_duration_ms"": 2338.115}, {""stage_name"": ""stimulus"", ""planned_duration_ms"": 3000, ""intended_onset_ms"": 218279.858, ""actual_onset_global_ms"": 220128.004, ""actual_offset_global_ms"": 220620.115, ""actual_duration_ms"": 492.111}, {""stage_name"": ""feedback"", ""planned_duration_ms"": 150, ""intended_onset_ms"": 220620.115, ""actual_onset_global_ms"": 220625.55, ""actual_offset_global_ms"": 220772.953, ""actual_duration_ms"": 147.403}]",incorrect.wav,220620.829,150.0,221120.829,0.0,none,,,0.0,0.0,none,0.0,0.0,0.0,0.0,,,0.0,none,none,0.0,shape,cue_shape.wav,形状,217786.932,500.0,218553.182,blue,rabbit,blue_rabbit,practice,,shape,2833.353,,,,,,,,,,,,,,,,,,,,,,,,,,,,,,,,,,,,,,,,,
35,35_T1_20260518_152420,PA,T1,standard,hci_substudy_v2,1,telemetry_v4,dccs,2,post_switch_practice,practice,2,4,10,practice,shape,1779089060,965.549,2026-05-18T15:28:02.893,0,0,0,1,220777.608,220783.081,,,,,j,j,1,1386.539,224598.845,correct,1.0,221377.608,223212.306,224598.845,3000,1386.539,224748.845,"[{""stage_name"": ""fixation"", ""planned_duration_ms"": 100, ""intended_onset_ms"": 220777.608, ""actual_onset_global_ms"": 220783.081, ""actual_offset_global_ms"": 220879.558, ""actual_duration_ms"": 96.477}, {""stage_name"": ""cue"", ""planned_duration_ms"": 500, ""intended_onset_ms"": 220877.608, ""actual_onset_global_ms"": 220885.409, ""actual_offset_global_ms"": 223209.505, ""actual_duration_ms"": 2324.096}, {""stage_name"": ""stimulus"", ""planned_duration_ms"": 3000, ""intended_onset_ms"": 221377.608, ""actual_onset_global_ms"": 223212.306, ""actual_offset_global_ms"": 224598.845, ""actual_duration_ms"": 1386.539}, {""stage_name"": ""feedback"", ""planned_duration_ms"": 150, ""intended_onset_ms"": 224598.845, ""actual_onset_global_ms"": 224605.845, ""actual_offset_global_ms"": 224754.213, ""actual_duration_ms"": 148.368}]",correct.wav,224601.135,150.0,225101.135,0.0,none,,,0.0,0.0,none,0.0,0.0,0.0,0.0,,,0.0,none,none,0.0,shape,cue_shape.wav,形状,220885.613,500.0,221651.863,blue,boat,blue_boat,practice,,shape,3713.436,,,,,,,,,,,,,,,,,,,,,,,,,,,,,,,,,,,,,,,,,
35,35_T1_20260518_152420,PA,T1,standard,hci_substudy_v2,1,telemetry_v4,dccs,2,post_switch_practice,practice,2,5,11,practice,shape,1779089060,965.549,2026-05-18T15:28:06.874,0,0,0,1,224758.7,224764.403,,,,,j,j,1,1104.085,228310.895,correct,1.0,225358.7,227206.81,228310.895,3000,1104.085,228460.895,"[{""stage_name"": ""fixation"", ""planned_duration_ms"": 100, ""intended_onset_ms"": 224758.7, ""actual_onset_global_ms"": 224764.403, ""actual_offset_global_ms"": 224861.043, ""actual_duration_ms"": 96.64}, {""stage_name"": ""cue"", ""planned_duration_ms"": 500, ""intended_onset_ms"": 224858.7, ""actual_onset_global_ms"": 224867.419, ""actual_offset_global_ms"": 227203.3, ""actual_duration_ms"": 2335.881}, {""stage_name"": ""stimulus"", ""planned_duration_ms"": 3000, ""intended_onset_ms"": 225358.7, ""actual_onset_global_ms"": 227206.81, ""actual_offset_global_ms"": 228310.895, ""actual_duration_ms"": 1104.085}, {""stage_name"": ""feedback"", ""planned_duration_ms"": 150, ""intended_onset_ms"": 228310.895, ""actual_onset_global_ms"": 228319.377, ""actual_offset_global_ms"": 228469.216, ""actual_duration_ms"": 149.839}]",correct.wav,228314.82,150.0,228814.82,0.0,none,,,0.0,0.0,none,0.0,0.0,0.0,0.0,,,0.0,none,none,0.0,shape,cue_shape.wav,形状,224867.65,500.0,225633.9,red,boat,red_boat,practice,,shape,3443.476,,,,,,,,,,,,,,,,,,,,,,,,,,,,,,,,,,,,,,,,,
35,35_T1_20260518_152420,PA,T1,standard,hci_substudy_v2,1,telemetry_v4,dccs,2,post_switch_practice,practice,2,6,12,practice,shape,1779089060,965.549,2026-05-18T15:28:10.587,0,0,0,1,228472.193,228476.654,,,,,s,s,1,900.729,231813.145,correct,1.0,229072.193,230912.416,231813.145,3000,900.729,231963.145,"[{""stage_name"": ""fixation"", ""planned_duration_ms"": 100, ""intended_onset_ms"": 228472.193, ""actual_onset_global_ms"": 228476.654, ""actual_offset_global_ms"": 228575.817, ""actual_duration_ms"": 99.163}, {""stage_name"": ""cue"", ""planned_duration_ms"": 500, ""intended_onset_ms"": 228572.193, ""actual_onset_global_ms"": 228579.272, ""actual_offset_global_ms"": 230909.298, ""actual_duration_ms"": 2330.026}, {""stage_name"": ""stimulus"", ""planned_duration_ms"": 3000, ""intended_onset_ms"": 229072.193, ""actual_onset_global_ms"": 230912.416, ""actual_offset_global_ms"": 231813.145, ""actual_duration_ms"": 900.729}, {""stage_name"": ""feedback"", ""planned_duration_ms"": 150, ""intended_onset_ms"": 231813.145, ""actual_onset_global_ms"": 231820.61, ""actual_offset_global_ms"": 231968.722, ""actual_duration_ms"": 148.112}]",correct.wav,231816.394,150.0,232316.394,0.0,none,,,0.0,0.0,none,0.0,0.0,0.0,0.0,,,0.0,none,none,0.0,shape,cue_shape.wav,形状,228579.46,500.0,229345.71,blue,rabbit,blue_rabbit,practice,,shape,3233.873,,,,,,,,,,,,,,,,,,,,,,,,,,,,,,,,,,,,,,,,,
35,35_T1_20260518_152420,PA,T1,standard,hci_substudy_v2,1,telemetry_v4,dccs,2,mixed_formal,formal,1,1,13,formal,shape,1779089060,965.549,2026-05-18T15:28:34.850,0,0,0,1,252734.089,252740.523,,,,,s,s,1,1092.936,256242.934,none,,253334.089,255149.998,256242.934,3000,1092.936,256242.934,"[{""stage_name"": ""fixation"", ""planned_duration_ms"": 100, ""intended_onset_ms"": 252734.089, ""actual_onset_global_ms"": 252740.523, ""actual_offset_global_ms"": 252836.077, ""actual_duration_ms"": 95.554}, {""stage_name"": ""cue"", ""planned_duration_ms"": 500, ""intended_onset_ms"": 252834.089, ""actual_onset_global_ms"": 252841.616, ""actual_offset_global_ms"": 255147.162, ""actual_duration_ms"": 2305.546}, {""stage_name"": ""stimulus"", ""planned_duration_ms"": 3000, ""intended_onset_ms"": 253334.089, ""actual_onset_global_ms"": 255149.998, ""actual_offset_global_ms"": 256242.934, ""actual_duration_ms"": 1092.936}]",,,,,0.0,none,,,0.0,0.0,none,0.0,0.0,0.0,0.0,,,0.0,none,none,0.0,shape,cue_shape.wav,形状,252841.802,500.0,253608.052,blue,rabbit,blue_rabbit,first,,shape,3401.318,,,,,,,,,,,,,,,,,,,,,,,,,,,,,,,,,,,,,,,,,
35,35_T1_20260518_152420,PA,T1,standard,hci_substudy_v2,1,telemetry_v4,dccs,2,mixed_formal,formal,1,2,14,formal,shape,1779089060,965.549,2026-05-18T15:28:38.366,0,0,0,1,256250.941,256255.352,,,,,s,s,1,930.646,259562.966,none,,256850.941,258632.32,259562.966,3000,930.646,259562.966,"[{""stage_name"": ""fixation"", ""planned_duration_ms"": 100, ""intended_onset_ms"": 256250.941, ""actual_onset_global_ms"": 256255.352, ""actual_offset_global_ms"": 256354.731, ""actual_duration_ms"": 99.379}, {""stage_name"": ""cue"", ""planned_duration_ms"": 500, ""intended_onset_ms"": 256350.941, ""actual_onset_global_ms"": 256358.452, ""actual_offset_global_ms"": 258629.298, ""actual_duration_ms"": 2270.846}, {""stage_name"": ""stimulus"", ""planned_duration_ms"": 3000, ""intended_onset_ms"": 256850.941, ""actual_onset_global_ms"": 258632.32, ""actual_offset_global_ms"": 259562.966, ""actual_duration_ms"": 930.646}]",,,,,0.0,none,,,0.0,0.0,none,0.0,0.0,0.0,0.0,,,0.0,none,none,0.0,shape,cue_shape.wav,形状,256358.657,500.0,257124.907,red,rabbit,red_rabbit,repeat,shape,shape,3204.514,,,,,,,,,,,,,,,,,,,,,,,,,,,,,,,,,,,,,,,,,
35,35_T1_20260518_152420,PA,T1,standard,hci_substudy_v2,1,telemetry_v4,dccs,2,mixed_formal,formal,1,3,15,formal,color,1779089060,965.549,2026-05-18T15:28:41.685,0,0,0,1,259569.676,259575.026,,,,,s,s,1,1004.6,262765.228,none,,260169.676,261760.628,262765.228,3000,1004.6,262765.228,"[{""stage_name"": ""fixation"", ""planned_duration_ms"": 100, ""intended_onset_ms"": 259569.676, ""actual_onset_global_ms"": 259575.026, ""actual_offset_global_ms"": 259674.458, ""actual_duration_ms"": 99.432}, {""stage_name"": ""cue"", ""planned_duration_ms"": 500, ""intended_onset_ms"": 259669.676, ""actual_onset_global_ms"": 259677.923, ""actual_offset_global_ms"": 261757.745, ""actual_duration_ms"": 2079.822}, {""stage_name"": ""stimulus"", ""planned_duration_ms"": 3000, ""intended_onset_ms"": 260169.676, ""actual_onset_global_ms"": 261760.628, ""actual_offset_global_ms"": 262765.228, ""actual_duration_ms"": 1004.6}]",,,,,0.0,none,,,0.0,0.0,none,0.0,0.0,0.0,0.0,,,0.0,none,none,0.0,color,cue_color.wav,颜色,259678.198,500.0,260374.761,blue,boat,blue_boat,switch,shape,color,3087.305,,,,,,,,,,,,,,,,,,,,,,,,,,,,,,,,,,,,,,,,,
35,35_T1_20260518_152420,PA,T1,standard,hci_substudy_v2,1,telemetry_v4,dccs,2,mixed_formal,formal,1,4,16,formal,color,1779089060,965.549,2026-05-18T15:28:44.886,0,0,0,1,262770.269,262776.055,,,,,j,j,1,555.155,265549.322,none,,263370.269,264994.167,265549.322,3000,555.155,265549.322,"[{""stage_name"": ""fixation"", ""planned_duration_ms"": 100, ""intended_onset_ms"": 262770.269, ""actual_onset_global_ms"": 262776.055, ""actual_offset_global_ms"": 262871.479, ""actual_duration_ms"": 95.424}, {""stage_name"": ""cue"", ""planned_duration_ms"": 500, ""intended_onset_ms"": 262870.269, ""actual_onset_global_ms"": 262876.923, ""actual_offset_global_ms"": 264991.378, ""actual_duration_ms"": 2114.455}, {""stage_name"": ""stimulus"", ""planned_duration_ms"": 3000, ""intended_onset_ms"": 263370.269, ""actual_onset_global_ms"": 264994.167, ""actual_offset_global_ms"": 265549.322, ""actual_duration_ms"": 555.155}]",,,,,0.0,none,,,0.0,0.0,none,0.0,0.0,0.0,0.0,,,0.0,none,none,0.0,color,cue_color.wav,颜色,262877.106,500.0,263573.669,red,boat,red_boat,repeat,color,color,2672.399,,,,,,,,,,,,,,,,,,,,,,,,,,,,,,,,,,,,,,,,,
35,35_T1_20260518_152420,PA,T1,standard,hci_substudy_v2,1,telemetry_v4,dccs,2,mixed_formal,formal,1,5,17,formal,shape,1779089060,965.549,2026-05-18T15:28:47.672,0,0,0,1,265555.971,265560.344,,,,,s,s,1,687.315,268658.244,none,,266155.971,267970.929,268658.244,3000,687.315,268658.244,"[{""stage_name"": ""fixation"", ""planned_duration_ms"": 100, ""intended_onset_ms"": 265555.971, ""actual_onset_global_ms"": 265560.344, ""actual_offset_global_ms"": 265658.939, ""actual_duration_ms"": 98.595}, {""stage_name"": ""cue"", ""planned_duration_ms"": 500, ""intended_onset_ms"": 265655.971, ""actual_onset_global_ms"": 265662.664, ""actual_offset_global_ms"": 267968.0, ""actual_duration_ms"": 2305.336}, {""stage_name"": ""stimulus"", ""planned_duration_ms"": 3000, ""intended_onset_ms"": 266155.971, ""actual_onset_global_ms"": 267970.929, ""actual_offset_global_ms"": 268658.244, ""actual_duration_ms"": 687.315}]",,,,,0.0,none,,,0.0,0.0,none,0.0,0.0,0.0,0.0,,,0.0,none,none,0.0,shape,cue_shape.wav,形状,265662.859,500.0,266429.109,red,rabbit,red_rabbit,switch,color,shape,2995.58,,,,,,,,,,,,,,,,,,,,,,,,,,,,,,,,,,,,,,,,,
35,35_T1_20260518_152420,PA,T1,standard,hci_substudy_v2,1,telemetry_v4,dccs,2,mixed_formal,formal,1,6,18,formal,color,1779089060,965.549,2026-05-18T15:28:50.783,0,0,0,1,268667.144,268671.935,,,,,j,j,1,478.259,271393.088,none,,269267.144,270914.829,271393.088,3000,478.259,271393.088,"[{""stage_name"": ""fixation"", ""planned_duration_ms"": 100, ""intended_onset_ms"": 268667.144, ""actual_onset_global_ms"": 268671.935, ""actual_offset_global_ms"": 268771.259, ""actual_duration_ms"": 99.324}, {""stage_name"": ""cue"", ""planned_duration_ms"": 500, ""intended_onset_ms"": 268767.144, ""actual_onset_global_ms"": 268775.362, ""actual_offset_global_ms"": 270911.783, ""actual_duration_ms"": 2136.421}, {""stage_name"": ""stimulus"", ""planned_duration_ms"": 3000, ""intended_onset_ms"": 269267.144, ""actual_onset_global_ms"": 270914.829, ""actual_offset_global_ms"": 271393.088, ""actual_duration_ms"": 478.259}]",,,,,0.0,none,,,0.0,0.0,none,0.0,0.0,0.0,0.0,,,0.0,none,none,0.0,color,cue_color.wav,颜色,268775.565,500.0,269472.128,red,rabbit,red_rabbit,switch,shape,color,2617.726,,,,,,,,,,,,,,,,,,,,,,,,,,,,,,,,,,,,,,,,,
35,35_T1_20260518_152420,PA,T1,standard,hci_substudy_v2,1,telemetry_v4,dccs,2,mixed_formal,formal,1,7,19,formal,color,1779089060,965.549,2026-05-18T15:28:53.517,0,0,0,1,271401.758,271405.894,,,,,j,j,1,670.172,274321.113,none,,272001.758,273650.941,274321.113,3000,670.172,274321.113,"[{""stage_name"": ""fixation"", ""planned_duration_ms"": 100, ""intended_onset_ms"": 271401.758, ""actual_onset_global_ms"": 271405.894, ""actual_offset_global_ms"": 271504.026, ""actual_duration_ms"": 98.132}, {""stage_name"": ""cue"", ""planned_duration_ms"": 500, ""intended_onset_ms"": 271501.758, ""actual_onset_global_ms"": 271509.645, ""actual_offset_global_ms"": 273648.079, ""actual_duration_ms"": 2138.434}, {""stage_name"": ""stimulus"", ""planned_duration_ms"": 3000, ""intended_onset_ms"": 272001.758, ""actual_onset_global_ms"": 273650.941, ""actual_offset_global_ms"": 274321.113, ""actual_duration_ms"": 670.172}]",,,,,0.0,none,,,0.0,0.0,none,0.0,0.0,0.0,0.0,,,0.0,none,none,0.0,color,cue_color.wav,颜色,271509.835,500.0,272206.398,red,rabbit,red_rabbit,repeat,color,color,2811.468,,,,,,,,,,,,,,,,,,,,,,,,,,,,,,,,,,,,,,,,,
35,35_T1_20260518_152420,PA,T1,standard,hci_substudy_v2,1,telemetry_v4,dccs,2,mixed_formal,formal,1,8,20,formal,color,1779089060,965.549,2026-05-18T15:28:56.444,0,0,0,1,274329.412,274334.351,,,,,s,s,1,1059.669,277632.4,none,,274929.412,276572.731,277632.4,3000,1059.669,277632.4,"[{""stage_name"": ""fixation"", ""planned_duration_ms"": 100, ""intended_onset_ms"": 274329.412, ""actual_onset_global_ms"": 274334.351, ""actual_offset_global_ms"": 274431.178, ""actual_duration_ms"": 96.827}, {""stage_name"": ""cue"", ""planned_duration_ms"": 500, ""intended_onset_ms"": 274429.412, ""actual_onset_global_ms"": 274436.978, ""actual_offset_global_ms"": 276570.183, ""actual_duration_ms"": 2133.205}, {""stage_name"": ""stimulus"", ""planned_duration_ms"": 3000, ""intended_onset_ms"": 274929.412, ""actual_onset_global_ms"": 276572.731, ""actual_offset_global_ms"": 277632.4, ""actual_duration_ms"": 1059.669}]",,,,,0.0,none,,,0.0,0.0,none,0.0,0.0,0.0,0.0,,,0.0,none,none,0.0,color,cue_color.wav,颜色,274437.181,500.0,275133.743,blue,rabbit,blue_rabbit,repeat,color,color,3195.422,,,,,,,,,,,,,,,,,,,,,,,,,,,,,,,,,,,,,,,,,
35,35_T1_20260518_152420,PA,T1,standard,hci_substudy_v2,1,telemetry_v4,dccs,2,mixed_formal,formal,1,9,21,formal,shape,1779089060,965.549,2026-05-18T15:28:59.755,0,0,0,1,277640.451,277645.301,,,,,j,j,1,1445.736,281499.089,none,,278240.451,280053.353,281499.089,3000,1445.736,281499.089,"[{""stage_name"": ""fixation"", ""planned_duration_ms"": 100, ""intended_onset_ms"": 277640.451, ""actual_onset_global_ms"": 277645.301, ""actual_offset_global_ms"": 277744.311, ""actual_duration_ms"": 99.01}, {""stage_name"": ""cue"", ""planned_duration_ms"": 500, ""intended_onset_ms"": 277740.451, ""actual_onset_global_ms"": 277748.341, ""actual_offset_global_ms"": 280050.011, ""actual_duration_ms"": 2301.67}, {""stage_name"": ""stimulus"", ""planned_duration_ms"": 3000, ""intended_onset_ms"": 278240.451, ""actual_onset_global_ms"": 280053.353, ""actual_offset_global_ms"": 281499.089, ""actual_duration_ms"": 1445.736}]",,,,,0.0,none,,,0.0,0.0,none,0.0,0.0,0.0,0.0,,,0.0,none,none,0.0,shape,cue_shape.wav,形状,277748.549,500.0,278514.799,red,boat,red_boat,switch,color,shape,3750.748,,,,,,,,,,,,,,,,,,,,,,,,,,,,,,,,,,,,,,,,,
35,35_T1_20260518_152420,PA,T1,standard,hci_substudy_v2,1,telemetry_v4,dccs,2,mixed_formal,formal,1,10,22,formal,shape,1779089060,965.549,2026-05-18T15:29:03.621,0,0,0,1,281505.346,281511.592,,,,,j,j,1,964.074,284904.127,none,,282105.346,283940.053,284904.127,3000,964.074,284904.127,"[{""stage_name"": ""fixation"", ""planned_duration_ms"": 100, ""intended_onset_ms"": 281505.346, ""actual_onset_global_ms"": 281511.592, ""actual_offset_global_ms"": 281607.324, ""actual_duration_ms"": 95.732}, {""stage_name"": ""cue"", ""planned_duration_ms"": 500, ""intended_onset_ms"": 281605.346, ""actual_onset_global_ms"": 281612.965, ""actual_offset_global_ms"": 283936.834, ""actual_duration_ms"": 2323.869}, {""stage_name"": ""stimulus"", ""planned_duration_ms"": 3000, ""intended_onset_ms"": 282105.346, ""actual_onset_global_ms"": 283940.053, ""actual_offset_global_ms"": 284904.127, ""actual_duration_ms"": 964.074}]",,,,,0.0,none,,,0.0,0.0,none,0.0,0.0,0.0,0.0,,,0.0,none,none,0.0,shape,cue_shape.wav,形状,281613.148,500.0,282379.398,red,boat,red_boat,repeat,shape,shape,3291.162,,,,,,,,,,,,,,,,,,,,,,,,,,,,,,,,,,,,,,,,,
35,35_T1_20260518_152420,PA,T1,standard,hci_substudy_v2,1,telemetry_v4,dccs,2,mixed_formal,formal,1,11,23,formal,color,1779089060,965.549,2026-05-18T15:29:07.032,0,0,0,1,284916.52,284921.497,,,,,s,s,1,1171.709,288336.094,none,,285516.52,287164.385,288336.094,3000,1171.709,288336.094,"[{""stage_name"": ""fixation"", ""planned_duration_ms"": 100, ""intended_onset_ms"": 284916.52, ""actual_onset_global_ms"": 284921.497, ""actual_offset_global_ms"": 285019.961, ""actual_duration_ms"": 98.464}, {""stage_name"": ""cue"", ""planned_duration_ms"": 500, ""intended_onset_ms"": 285016.52, ""actual_onset_global_ms"": 285023.333, ""actual_offset_global_ms"": 287161.567, ""actual_duration_ms"": 2138.234}, {""stage_name"": ""stimulus"", ""planned_duration_ms"": 3000, ""intended_onset_ms"": 285516.52, ""actual_onset_global_ms"": 287164.385, ""actual_offset_global_ms"": 288336.094, ""actual_duration_ms"": 1171.709}]",,,,,0.0,none,,,0.0,0.0,none,0.0,0.0,0.0,0.0,,,0.0,none,none,0.0,color,cue_color.wav,颜色,285023.542,500.0,285720.105,blue,rabbit,blue_rabbit,switch,shape,color,3312.761,,,,,,,,,,,,,,,,,,,,,,,,,,,,,,,,,,,,,,,,,
35,35_T1_20260518_152420,PA,T1,standard,hci_substudy_v2,1,telemetry_v4,dccs,2,mixed_formal,formal,1,12,24,formal,color,1779089060,965.549,2026-05-18T15:29:10.460,0,0,0,1,288344.806,288349.291,,,,,s,s,1,1038.901,291628.833,none,,288944.806,290589.932,291628.833,3000,1038.901,291628.833,"[{""stage_name"": ""fixation"", ""planned_duration_ms"": 100, ""intended_onset_ms"": 288344.806, ""actual_onset_global_ms"": 288349.291, ""actual_offset_global_ms"": 288448.656, ""actual_duration_ms"": 99.365}, {""stage_name"": ""cue"", ""planned_duration_ms"": 500, ""intended_onset_ms"": 288444.806, ""actual_onset_global_ms"": 288452.136, ""actual_offset_global_ms"": 290586.729, ""actual_duration_ms"": 2134.593}, {""stage_name"": ""stimulus"", ""planned_duration_ms"": 3000, ""intended_onset_ms"": 288944.806, ""actual_onset_global_ms"": 290589.932, ""actual_offset_global_ms"": 291628.833, ""actual_duration_ms"": 1038.901}]",,,,,0.0,none,,,0.0,0.0,none,0.0,0.0,0.0,0.0,,,0.0,none,none,0.0,color,cue_color.wav,颜色,288452.342,500.0,289148.905,blue,rabbit,blue_rabbit,repeat,color,color,3176.697,,,,,,,,,,,,,,,,,,,,,,,,,,,,,,,,,,,,,,,,,
35,35_T1_20260518_152420,PA,T1,standard,hci_substudy_v2,1,telemetry_v4,dccs,2,mixed_formal,formal,1,13,25,formal,color,1779089060,965.549,2026-05-18T15:29:13.753,0,0,0,1,291637.696,291643.131,,,,,s,j,0,1072.109,294947.892,none,,292237.696,293875.783,294947.892,3000,1072.109,294947.892,"[{""stage_name"": ""fixation"", ""planned_duration_ms"": 100, ""intended_onset_ms"": 291637.696, ""actual_onset_global_ms"": 291643.131, ""actual_offset_global_ms"": 291739.589, ""actual_duration_ms"": 96.458}, {""stage_name"": ""cue"", ""planned_duration_ms"": 500, ""intended_onset_ms"": 291737.696, ""actual_onset_global_ms"": 291745.224, ""actual_offset_global_ms"": 293872.92, ""actual_duration_ms"": 2127.696}, {""stage_name"": ""stimulus"", ""planned_duration_ms"": 3000, ""intended_onset_ms"": 292237.696, ""actual_onset_global_ms"": 293875.783, ""actual_offset_global_ms"": 294947.892, ""actual_duration_ms"": 1072.109}]",,,,,0.0,none,,,0.0,0.0,none,0.0,0.0,0.0,0.0,,,0.0,none,none,0.0,color,cue_color.wav,颜色,291745.412,500.0,292441.975,blue,boat,blue_boat,repeat,color,color,3202.668,,,,,,,,,,,,,,,,,,,,,,,,,,,,,,,,,,,,,,,,,
35,35_T1_20260518_152420,PA,T1,standard,hci_substudy_v2,1,telemetry_v4,dccs,2,mixed_formal,formal,1,14,26,formal,shape,1779089060,965.549,2026-05-18T15:29:17.070,0,0,0,1,294955.168,294959.561,,,,,j,j,1,1203.294,298586.07,none,,295555.168,297382.776,298586.07,3000,1203.294,298586.07,"[{""stage_name"": ""fixation"", ""planned_duration_ms"": 100, ""intended_onset_ms"": 294955.168, ""actual_onset_global_ms"": 294959.561, ""actual_offset_global_ms"": 295057.866, ""actual_duration_ms"": 98.305}, {""stage_name"": ""cue"", ""planned_duration_ms"": 500, ""intended_onset_ms"": 295055.168, ""actual_onset_global_ms"": 295064.573, ""actual_offset_global_ms"": 297379.234, ""actual_duration_ms"": 2314.661}, {""stage_name"": ""stimulus"", ""planned_duration_ms"": 3000, ""intended_onset_ms"": 295555.168, ""actual_onset_global_ms"": 297382.776, ""actual_offset_global_ms"": 298586.07, ""actual_duration_ms"": 1203.294}]",,,,,0.0,none,,,0.0,0.0,none,0.0,0.0,0.0,0.0,,,0.0,none,none,0.0,shape,cue_shape.wav,形状,295064.823,500.0,295831.073,blue,boat,blue_boat,switch,color,shape,3521.497,,,,,,,,,,,,,,,,,,,,,,,,,,,,,,,,,,,,,,,,,
35,35_T1_20260518_152420,PA,T1,standard,hci_substudy_v2,1,telemetry_v4,dccs,2,mixed_formal,formal,1,15,27,formal,shape,1779089060,965.549,2026-05-18T15:29:20.708,0,0,0,1,298592.523,298598.306,,,,,j,j,1,969.569,301981.95,none,,299192.523,301012.381,301981.95,3000,969.569,301981.95,"[{""stage_name"": ""fixation"", ""planned_duration_ms"": 100, ""intended_onset_ms"": 298592.523, ""actual_onset_global_ms"": 298598.306, ""actual_offset_global_ms"": 298698.0, ""actual_duration_ms"": 99.694}, {""stage_name"": ""cue"", ""planned_duration_ms"": 500, ""intended_onset_ms"": 298692.523, ""actual_onset_global_ms"": 298701.979, ""actual_offset_global_ms"": 301009.669, ""actual_duration_ms"": 2307.69}, {""stage_name"": ""stimulus"", ""planned_duration_ms"": 3000, ""intended_onset_ms"": 299192.523, ""actual_onset_global_ms"": 301012.381, ""actual_offset_global_ms"": 301981.95, ""actual_duration_ms"": 969.569}]",,,,,0.0,none,,,0.0,0.0,none,0.0,0.0,0.0,0.0,,,0.0,none,none,0.0,shape,cue_shape.wav,形状,298702.2,500.0,299468.45,blue,boat,blue_boat,repeat,shape,shape,3279.971,,,,,,,,,,,,,,,,,,,,,,,,,,,,,,,,,,,,,,,,,
35,35_T1_20260518_152420,PA,T1,standard,hci_substudy_v2,1,telemetry_v4,dccs,2,mixed_formal,formal,1,16,28,formal,shape,1779089060,965.549,2026-05-18T15:29:24.104,0,0,0,1,301989.093,301994.323,,,,,s,s,1,1043.135,305445.193,none,,302589.093,304402.058,305445.193,3000,1043.135,305445.193,"[{""stage_name"": ""fixation"", ""planned_duration_ms"": 100, ""intended_onset_ms"": 301989.093, ""actual_onset_global_ms"": 301994.323, ""actual_offset_global_ms"": 302090.854, ""actual_duration_ms"": 96.531}, {""stage_name"": ""cue"", ""planned_duration_ms"": 500, ""intended_onset_ms"": 302089.093, ""actual_onset_global_ms"": 302096.762, ""actual_offset_global_ms"": 304398.804, ""actual_duration_ms"": 2302.042}, {""stage_name"": ""stimulus"", ""planned_duration_ms"": 3000, ""intended_onset_ms"": 302589.093, ""actual_onset_global_ms"": 304402.058, ""actual_offset_global_ms"": 305445.193, ""actual_duration_ms"": 1043.135}]",,,,,0.0,none,,,0.0,0.0,none,0.0,0.0,0.0,0.0,,,0.0,none,none,0.0,shape,cue_shape.wav,形状,302096.954,500.0,302863.204,blue,rabbit,blue_rabbit,repeat,shape,shape,3348.431,,,,,,,,,,,,,,,,,,,,,,,,,,,,,,,,,,,,,,,,,
35,35_T1_20260518_152420,PA,T1,standard,hci_substudy_v2,1,telemetry_v4,dccs,2,mixed_formal,formal,1,17,29,formal,color,1779089060,965.549,2026-05-18T15:29:27.570,0,0,0,1,305454.553,305458.936,,,,,j,j,1,1015.805,308693.94,none,,306054.553,307678.135,308693.94,3000,1015.805,308693.94,"[{""stage_name"": ""fixation"", ""planned_duration_ms"": 100, ""intended_onset_ms"": 305454.553, ""actual_onset_global_ms"": 305458.936, ""actual_offset_global_ms"": 305556.617, ""actual_duration_ms"": 97.681}, {""stage_name"": ""cue"", ""planned_duration_ms"": 500, ""intended_onset_ms"": 305554.553, ""actual_onset_global_ms"": 305562.575, ""actual_offset_global_ms"": 307675.525, ""actual_duration_ms"": 2112.95}, {""stage_name"": ""stimulus"", ""planned_duration_ms"": 3000, ""intended_onset_ms"": 306054.553, ""actual_onset_global_ms"": 307678.135, ""actual_offset_global_ms"": 308693.94, ""actual_duration_ms"": 1015.805}]",,,,,0.0,none,,,0.0,0.0,none,0.0,0.0,0.0,0.0,,,0.0,none,none,0.0,color,cue_color.wav,颜色,305562.787,500.0,306259.35,red,boat,red_boat,switch,shape,color,3131.365,,,,,,,,,,,,,,,,,,,,,,,,,,,,,,,,,,,,,,,,,
35,35_T1_20260518_152420,PA,T1,standard,hci_substudy_v2,1,telemetry_v4,dccs,2,mixed_formal,formal,1,18,30,formal,shape,1779089060,965.549,2026-05-18T15:29:30.818,0,0,0,1,308703.044,308708.294,,,,,s,s,1,1779.986,312863.006,none,,309303.044,311083.02,312863.006,3000,1779.986,312863.006,"[{""stage_name"": ""fixation"", ""planned_duration_ms"": 100, ""intended_onset_ms"": 308703.044, ""actual_onset_global_ms"": 308708.294, ""actual_offset_global_ms"": 308805.256, ""actual_duration_ms"": 96.962}, {""stage_name"": ""cue"", ""planned_duration_ms"": 500, ""intended_onset_ms"": 308803.044, ""actual_onset_global_ms"": 308811.246, ""actual_offset_global_ms"": 311080.274, ""actual_duration_ms"": 2269.028}, {""stage_name"": ""stimulus"", ""planned_duration_ms"": 3000, ""intended_onset_ms"": 309303.044, ""actual_onset_global_ms"": 311083.02, ""actual_offset_global_ms"": 312863.006, ""actual_duration_ms"": 1779.986}]",,,,,0.0,none,,,0.0,0.0,none,0.0,0.0,0.0,0.0,,,0.0,none,none,0.0,shape,cue_shape.wav,形状,308811.446,500.0,309577.696,blue,rabbit,blue_rabbit,switch,color,shape,4051.76,,,,,,,,,,,,,,,,,,,,,,,,,,,,,,,,,,,,,,,,,
35,35_T1_20260518_152420,PA,T1,standard,hci_substudy_v2,1,telemetry_v4,dccs,2,mixed_formal,formal,1,19,31,formal,shape,1779089060,965.549,2026-05-18T15:29:34.983,0,0,0,1,312868.487,312873.69,,,,,s,s,1,836.881,316083.797,none,,313468.487,315246.916,316083.797,3000,836.881,316083.797,"[{""stage_name"": ""fixation"", ""planned_duration_ms"": 100, ""intended_onset_ms"": 312868.487, ""actual_onset_global_ms"": 312873.69, ""actual_offset_global_ms"": 312969.979, ""actual_duration_ms"": 96.289}, {""stage_name"": ""cue"", ""planned_duration_ms"": 500, ""intended_onset_ms"": 312968.487, ""actual_onset_global_ms"": 312976.007, ""actual_offset_global_ms"": 315243.769, ""actual_duration_ms"": 2267.762}, {""stage_name"": ""stimulus"", ""planned_duration_ms"": 3000, ""intended_onset_ms"": 313468.487, ""actual_onset_global_ms"": 315246.916, ""actual_offset_global_ms"": 316083.797, ""actual_duration_ms"": 836.881}]",,,,,0.0,none,,,0.0,0.0,none,0.0,0.0,0.0,0.0,,,0.0,none,none,0.0,shape,cue_shape.wav,形状,312976.22,500.0,313742.47,red,rabbit,red_rabbit,repeat,shape,shape,3107.79,,,,,,,,,,,,,,,,,,,,,,,,,,,,,,,,,,,,,,,,,
35,35_T1_20260518_152420,PA,T1,standard,hci_substudy_v2,1,telemetry_v4,dccs,2,mixed_formal,formal,1,20,32,formal,color,1779089060,965.549,2026-05-18T15:29:38.204,0,0,0,1,316089.088,316094.371,,,,,j,j,1,865.882,319137.936,none,,316689.088,318272.054,319137.936,3000,865.882,319137.936,"[{""stage_name"": ""fixation"", ""planned_duration_ms"": 100, ""intended_onset_ms"": 316089.088, ""actual_onset_global_ms"": 316094.371, ""actual_offset_global_ms"": 316191.298, ""actual_duration_ms"": 96.927}, {""stage_name"": ""cue"", ""planned_duration_ms"": 500, ""intended_onset_ms"": 316189.088, ""actual_onset_global_ms"": 316196.383, ""actual_offset_global_ms"": 318269.512, ""actual_duration_ms"": 2073.129}, {""stage_name"": ""stimulus"", ""planned_duration_ms"": 3000, ""intended_onset_ms"": 316689.088, ""actual_onset_global_ms"": 318272.054, ""actual_offset_global_ms"": 319137.936, ""actual_duration_ms"": 865.882}]",,,,,0.0,none,,,0.0,0.0,none,0.0,0.0,0.0,0.0,,,0.0,none,none,0.0,color,cue_color.wav,颜色,316196.569,500.0,316893.132,red,boat,red_boat,switch,shape,color,2941.553,,,,,,,,,,,,,,,,,,,,,,,,,,,,,,,,,,,,,,,,,
35,35_T1_20260518_152420,PA,T1,standard,hci_substudy_v2,1,telemetry_v4,dccs,2,mixed_formal,formal,1,21,33,formal,shape,1779089060,965.549,2026-05-18T15:29:41.261,0,0,0,1,319145.207,319149.385,,,,,s,s,1,978.193,322489.898,none,,319745.207,321511.705,322489.898,3000,978.193,322489.898,"[{""stage_name"": ""fixation"", ""planned_duration_ms"": 100, ""intended_onset_ms"": 319145.207, ""actual_onset_global_ms"": 319149.385, ""actual_offset_global_ms"": 319250.518, ""actual_duration_ms"": 101.133}, {""stage_name"": ""cue"", ""planned_duration_ms"": 500, ""intended_onset_ms"": 319245.207, ""actual_onset_global_ms"": 319254.11, ""actual_offset_global_ms"": 321508.671, ""actual_duration_ms"": 2254.561}, {""stage_name"": ""stimulus"", ""planned_duration_ms"": 3000, ""intended_onset_ms"": 319745.207, ""actual_onset_global_ms"": 321511.705, ""actual_offset_global_ms"": 322489.898, ""actual_duration_ms"": 978.193}]",,,,,0.0,none,,,0.0,0.0,none,0.0,0.0,0.0,0.0,,,0.0,none,none,0.0,shape,cue_shape.wav,形状,319254.311,500.0,320020.561,blue,rabbit,blue_rabbit,switch,color,shape,3235.788,,,,,,,,,,,,,,,,,,,,,,,,,,,,,,,,,,,,,,,,,
35,35_T1_20260518_152420,PA,T1,standard,hci_substudy_v2,1,telemetry_v4,dccs,2,mixed_formal,formal,1,22,34,formal,color,1779089060,965.549,2026-05-18T15:29:44.614,0,0,0,1,322498.864,322503.905,,,,,j,j,1,768.561,325455.77,none,,323098.864,324687.209,325455.77,3000,768.561,325455.77,"[{""stage_name"": ""fixation"", ""planned_duration_ms"": 100, ""intended_onset_ms"": 322498.864, ""actual_onset_global_ms"": 322503.905, ""actual_offset_global_ms"": 322601.145, ""actual_duration_ms"": 97.24}, {""stage_name"": ""cue"", ""planned_duration_ms"": 500, ""intended_onset_ms"": 322598.864, ""actual_onset_global_ms"": 322606.561, ""actual_offset_global_ms"": 324684.798, ""actual_duration_ms"": 2078.237}, {""stage_name"": ""stimulus"", ""planned_duration_ms"": 3000, ""intended_onset_ms"": 323098.864, ""actual_onset_global_ms"": 324687.209, ""actual_offset_global_ms"": 325455.77, ""actual_duration_ms"": 768.561}]",,,,,0.0,none,,,0.0,0.0,none,0.0,0.0,0.0,0.0,,,0.0,none,none,0.0,color,cue_color.wav,颜色,322606.759,500.0,323303.322,red,boat,red_boat,switch,shape,color,2849.209,,,,,,,,,,,,,,,,,,,,,,,,,,,,,,,,,,,,,,,,,
35,35_T1_20260518_152420,PA,T1,standard,hci_substudy_v2,1,telemetry_v4,dccs,2,mixed_formal,formal,1,23,35,formal,shape,1779089060,965.549,2026-05-18T15:29:47.578,0,0,0,1,325463.053,325468.554,,,,,s,s,1,1024.499,328858.842,none,,326063.053,327834.343,328858.842,3000,1024.499,328858.842,"[{""stage_name"": ""fixation"", ""planned_duration_ms"": 100, ""intended_onset_ms"": 325463.053, ""actual_onset_global_ms"": 325468.554, ""actual_offset_global_ms"": 325566.097, ""actual_duration_ms"": 97.543}, {""stage_name"": ""cue"", ""planned_duration_ms"": 500, ""intended_onset_ms"": 325563.053, ""actual_onset_global_ms"": 325571.881, ""actual_offset_global_ms"": 327831.628, ""actual_duration_ms"": 2259.747}, {""stage_name"": ""stimulus"", ""planned_duration_ms"": 3000, ""intended_onset_ms"": 326063.053, ""actual_onset_global_ms"": 327834.343, ""actual_offset_global_ms"": 328858.842, ""actual_duration_ms"": 1024.499}]",,,,,0.0,none,,,0.0,0.0,none,0.0,0.0,0.0,0.0,,,0.0,none,none,0.0,shape,cue_shape.wav,形状,325572.12,500.0,326338.37,red,rabbit,red_rabbit,switch,color,shape,3286.961,,,,,,,,,,,,,,,,,,,,,,,,,,,,,,,,,,,,,,,,,
35,35_T1_20260518_152420,PA,T1,standard,hci_substudy_v2,1,telemetry_v4,dccs,2,mixed_formal,formal,1,24,36,formal,shape,1779089060,965.549,2026-05-18T15:29:50.981,0,0,0,1,328865.396,328869.831,,,,,j,j,1,834.237,332062.81,none,,329465.396,331228.573,332062.81,3000,834.237,332062.81,"[{""stage_name"": ""fixation"", ""planned_duration_ms"": 100, ""intended_onset_ms"": 328865.396, ""actual_onset_global_ms"": 328869.831, ""actual_offset_global_ms"": 328969.788, ""actual_duration_ms"": 99.957}, {""stage_name"": ""cue"", ""planned_duration_ms"": 500, ""intended_onset_ms"": 328965.396, ""actual_onset_global_ms"": 328974.092, ""actual_offset_global_ms"": 331225.689, ""actual_duration_ms"": 2251.597}, {""stage_name"": ""stimulus"", ""planned_duration_ms"": 3000, ""intended_onset_ms"": 329465.396, ""actual_onset_global_ms"": 331228.573, ""actual_offset_global_ms"": 332062.81, ""actual_duration_ms"": 834.237}]",,,,,0.0,none,,,0.0,0.0,none,0.0,0.0,0.0,0.0,,,0.0,none,none,0.0,shape,cue_shape.wav,形状,328974.291,500.0,329740.541,red,boat,red_boat,repeat,shape,shape,3088.718,,,,,,,,,,,,,,,,,,,,,,,,,,,,,,,,,,,,,,,,,
35,35_T1_20260518_152420,PA,T1,standard,hci_substudy_v2,1,telemetry_v4,dccs,2,mixed_formal,formal,1,25,37,formal,color,1779089060,965.549,2026-05-18T15:29:54.185,0,0,0,1,332069.985,332075.934,,,,,s,s,1,698.523,334956.025,none,,332669.985,334257.502,334956.025,3000,698.523,334956.025,"[{""stage_name"": ""fixation"", ""planned_duration_ms"": 100, ""intended_onset_ms"": 332069.985, ""actual_onset_global_ms"": 332075.934, ""actual_offset_global_ms"": 332171.892, ""actual_duration_ms"": 95.958}, {""stage_name"": ""cue"", ""planned_duration_ms"": 500, ""intended_onset_ms"": 332169.985, ""actual_onset_global_ms"": 332176.984, ""actual_offset_global_ms"": 334254.635, ""actual_duration_ms"": 2077.651}, {""stage_name"": ""stimulus"", ""planned_duration_ms"": 3000, ""intended_onset_ms"": 332669.985, ""actual_onset_global_ms"": 334257.502, ""actual_offset_global_ms"": 334956.025, ""actual_duration_ms"": 698.523}]",,,,,0.0,none,,,0.0,0.0,none,0.0,0.0,0.0,0.0,,,0.0,none,none,0.0,color,cue_color.wav,颜色,332177.18,500.0,332873.742,blue,rabbit,blue_rabbit,switch,shape,color,2779.041,,,,,,,,,,,,,,,,,,,,,,,,,,,,,,,,,,,,,,,,,
35,35_T1_20260518_152420,PA,T1,standard,hci_substudy_v2,1,telemetry_v4,dccs,2,mixed_formal,formal,1,26,38,formal,color,1779089060,965.549,2026-05-18T15:29:57.078,0,0,0,1,334962.846,334967.168,,,,,j,j,1,756.56,337953.841,none,,335562.846,337197.281,337953.841,3000,756.56,337953.841,"[{""stage_name"": ""fixation"", ""planned_duration_ms"": 100, ""intended_onset_ms"": 334962.846, ""actual_onset_global_ms"": 334967.168, ""actual_offset_global_ms"": 335067.173, ""actual_duration_ms"": 100.005}, {""stage_name"": ""cue"", ""planned_duration_ms"": 500, ""intended_onset_ms"": 335062.846, ""actual_onset_global_ms"": 335070.816, ""actual_offset_global_ms"": 337194.477, ""actual_duration_ms"": 2123.661}, {""stage_name"": ""stimulus"", ""planned_duration_ms"": 3000, ""intended_onset_ms"": 335562.846, ""actual_onset_global_ms"": 337197.281, ""actual_offset_global_ms"": 337953.841, ""actual_duration_ms"": 756.56}]",,,,,0.0,none,,,0.0,0.0,none,0.0,0.0,0.0,0.0,,,0.0,none,none,0.0,color,cue_color.wav,颜色,335071.025,500.0,335767.588,red,rabbit,red_rabbit,repeat,color,color,2883.025,,,,,,,,,,,,,,,,,,,,,,,,,,,,,,,,,,,,,,,,,
35,35_T1_20260518_152420,PA,T1,standard,hci_substudy_v2,1,telemetry_v4,dccs,2,mixed_formal,formal,1,27,39,formal,color,1779089060,965.549,2026-05-18T15:30:00.075,0,0,0,1,337959.594,337965.157,,,,,s,s,1,765.193,341005.939,none,,338559.594,340240.746,341005.939,3000,765.193,341005.939,"[{""stage_name"": ""fixation"", ""planned_duration_ms"": 100, ""intended_onset_ms"": 337959.594, ""actual_onset_global_ms"": 337965.157, ""actual_offset_global_ms"": 338062.088, ""actual_duration_ms"": 96.931}, {""stage_name"": ""cue"", ""planned_duration_ms"": 500, ""intended_onset_ms"": 338059.594, ""actual_onset_global_ms"": 338067.432, ""actual_offset_global_ms"": 340238.138, ""actual_duration_ms"": 2170.706}, {""stage_name"": ""stimulus"", ""planned_duration_ms"": 3000, ""intended_onset_ms"": 338559.594, ""actual_onset_global_ms"": 340240.746, ""actual_offset_global_ms"": 341005.939, ""actual_duration_ms"": 765.193}]",,,,,0.0,none,,,0.0,0.0,none,0.0,0.0,0.0,0.0,,,0.0,none,none,0.0,color,cue_color.wav,颜色,338067.691,500.0,338764.253,blue,boat,blue_boat,repeat,color,color,2938.507,,,,,,,,,,,,,,,,,,,,,,,,,,,,,,,,,,,,,,,,,
35,35_T1_20260518_152420,PA,T1,standard,hci_substudy_v2,1,telemetry_v4,dccs,2,mixed_formal,formal,1,28,40,formal,shape,1779089060,965.549,2026-05-18T15:30:03.130,0,0,0,1,341014.988,341019.417,,,,,j,j,1,1069.126,344564.847,none,,341614.988,343495.721,344564.847,3000,1069.126,344564.847,"[{""stage_name"": ""fixation"", ""planned_duration_ms"": 100, ""intended_onset_ms"": 341014.988, ""actual_onset_global_ms"": 341019.417, ""actual_offset_global_ms"": 341118.727, ""actual_duration_ms"": 99.31}, {""stage_name"": ""cue"", ""planned_duration_ms"": 500, ""intended_onset_ms"": 341114.988, ""actual_onset_global_ms"": 341122.598, ""actual_offset_global_ms"": 343491.76, ""actual_duration_ms"": 2369.162}, {""stage_name"": ""stimulus"", ""planned_duration_ms"": 3000, ""intended_onset_ms"": 341614.988, ""actual_onset_global_ms"": 343495.721, ""actual_offset_global_ms"": 344564.847, ""actual_duration_ms"": 1069.126}]",,,,,0.0,none,,,0.0,0.0,none,0.0,0.0,0.0,0.0,,,0.0,none,none,0.0,shape,cue_shape.wav,形状,341122.862,500.0,341889.112,red,boat,red_boat,switch,color,shape,3442.249,,,,,,,,,,,,,,,,,,,,,,,,,,,,,,,,,,,,,,,,,
35,35_T1_20260518_152420,PA,T1,standard,hci_substudy_v2,1,telemetry_v4,dccs,2,mixed_formal,formal,1,29,41,formal,color,1779089060,965.549,2026-05-18T15:30:06.686,0,0,0,1,344570.749,344576.709,,,,,s,s,1,687.046,347537.851,none,,345170.749,346850.805,347537.851,3000,687.046,347537.851,"[{""stage_name"": ""fixation"", ""planned_duration_ms"": 100, ""intended_onset_ms"": 344570.749, ""actual_onset_global_ms"": 344576.709, ""actual_offset_global_ms"": 344674.481, ""actual_duration_ms"": 97.772}, {""stage_name"": ""cue"", ""planned_duration_ms"": 500, ""intended_onset_ms"": 344670.749, ""actual_onset_global_ms"": 344679.744, ""actual_offset_global_ms"": 346848.098, ""actual_duration_ms"": 2168.354}, {""stage_name"": ""stimulus"", ""planned_duration_ms"": 3000, ""intended_onset_ms"": 345170.749, ""actual_onset_global_ms"": 346850.805, ""actual_offset_global_ms"": 347537.851, ""actual_duration_ms"": 687.046}]",,,,,0.0,none,,,0.0,0.0,none,0.0,0.0,0.0,0.0,,,0.0,none,none,0.0,color,cue_color.wav,颜色,344679.965,500.0,345376.528,blue,boat,blue_boat,switch,shape,color,2858.107,,,,,,,,,,,,,,,,,,,,,,,,,,,,,,,,,,,,,,,,,
35,35_T1_20260518_152420,PA,T1,standard,hci_substudy_v2,1,telemetry_v4,dccs,2,mixed_formal,formal,1,30,42,formal,shape,1779089060,965.549,2026-05-18T15:30:09.659,0,0,0,1,347543.52,347549.581,,,,,j,j,1,773.175,350775.066,none,,348143.52,350001.891,350775.066,3000,773.175,350775.066,"[{""stage_name"": ""fixation"", ""planned_duration_ms"": 100, ""intended_onset_ms"": 347543.52, ""actual_onset_global_ms"": 347549.581, ""actual_offset_global_ms"": 347646.008, ""actual_duration_ms"": 96.427}, {""stage_name"": ""cue"", ""planned_duration_ms"": 500, ""intended_onset_ms"": 347643.52, ""actual_onset_global_ms"": 347652.313, ""actual_offset_global_ms"": 349998.53, ""actual_duration_ms"": 2346.217}, {""stage_name"": ""stimulus"", ""planned_duration_ms"": 3000, ""intended_onset_ms"": 348143.52, ""actual_onset_global_ms"": 350001.891, ""actual_offset_global_ms"": 350775.066, ""actual_duration_ms"": 773.175}]",,,,,0.0,none,,,0.0,0.0,none,0.0,0.0,0.0,0.0,,,0.0,none,none,0.0,shape,cue_shape.wav,形状,347652.501,500.0,348418.751,blue,boat,blue_boat,switch,color,shape,3122.753,,,,,,,,,,,,,,,,,,,,,,,,,,,,,,,,,,,,,,,,,
35,35_T1_20260518_152420,PA,T1,standard,hci_substudy_v2,1,telemetry_v4,digit_span,3,practice_digitspan,practice,1,1,1,practice,span_2,1779089060,965.549,2026-05-18T15:31:33.252,0,0,0,1,431136.948,431225.24,,,,,,,1,,,,,431236.948,431309.625,458865.854,2000,27556.229,458865.854,"[{""stage_name"": ""fixation"", ""planned_duration_ms"": 100, ""intended_onset_ms"": 431136.948, ""actual_onset_global_ms"": 431225.24, ""actual_offset_global_ms"": 431308.4, ""actual_duration_ms"": 83.16}, {""stage_name"": ""auditory_sequence"", ""planned_duration_ms"": 2000, ""intended_onset_ms"": 431236.948, ""actual_onset_global_ms"": 431309.625, ""actual_offset_global_ms"": 432817.516, ""actual_duration_ms"": 1507.891}, {""stage_name"": ""wait"", ""planned_duration_ms"": 500, ""intended_onset_ms"": 432817.516, ""actual_onset_global_ms"": 432850.072, ""actual_offset_global_ms"": 433342.267, ""actual_duration_ms"": 492.195}, {""stage_name"": ""input_panel"", ""planned_duration_ms"": 15000, ""intended_onset_ms"": 433342.267, ""actual_onset_global_ms"": 433372.895, ""actual_offset_global_ms"": 458865.854, ""actual_duration_ms"": 25492.959}]",,,,,0.0,none,,,0.0,0.0,none,0.0,0.0,0.0,0.0,,,,,,,,,,,,,,,,,,,,none,0.0,0.0,0.0,0.0,2.0,1.0,1.0,"[9, 8]","[""8"", ""9""]","[""8"", ""9""]",89,onscreen_mouse,10266.954,25492.88,1.0,0.0,0.0,0.0,3.0,[6202.099],,"[431309.625, 432317.516]","[""digit_9.wav"", ""digit_8.wav""]","[{""audio_file"": ""digit_9.wav"", ""audio_start_global_ms"": 431309.625, ""audio_expected_duration_ms"": 500, ""audio_stop_global_ms"": 431809.625}, {""audio_file"": ""digit_8.wav"", ""audio_start_global_ms"": 432317.516, ""audio_expected_duration_ms"": 500, ""audio_stop_global_ms"": 432817.516}]",0.0,,,,,,,,,,,,,,,
35,35_T1_20260518_152420,PA,T1,standard,hci_substudy_v2,1,telemetry_v4,digit_span,3,practice_digitspan,practice,1,2,2,practice,span_2,1779089060,965.549,2026-05-18T15:32:00.984,0,0,0,1,458869.579,458951.13,,,,,,,1,,,,,458969.579,459030.583,516881.479,2000,57850.896,516881.479,"[{""stage_name"": ""fixation"", ""planned_duration_ms"": 100, ""intended_onset_ms"": 458869.579, ""actual_onset_global_ms"": 458951.13, ""actual_offset_global_ms"": 459029.293, ""actual_duration_ms"": 78.163}, {""stage_name"": ""auditory_sequence"", ""planned_duration_ms"": 2000, ""intended_onset_ms"": 458969.579, ""actual_onset_global_ms"": 459030.583, ""actual_offset_global_ms"": 460548.334, ""actual_duration_ms"": 1517.751}, {""stage_name"": ""wait"", ""planned_duration_ms"": 500, ""intended_onset_ms"": 460548.334, ""actual_onset_global_ms"": 460586.007, ""actual_offset_global_ms"": 461085.213, ""actual_duration_ms"": 499.206}, {""stage_name"": ""input_panel"", ""planned_duration_ms"": 15000, ""intended_onset_ms"": 461085.213, ""actual_onset_global_ms"": 461091.425, ""actual_offset_global_ms"": 482869.018, ""actual_duration_ms"": 21777.593}, {""stage_name"": ""auditory_sequence"", ""planned_duration_ms"": 2000, ""intended_onset_ms"": 495383.29, ""actual_onset_global_ms"": 495383.362, ""actual_offset_global_ms"": 496885.669, ""actual_duration_ms"": 1502.307}, {""stage_name"": ""wait"", ""planned_duration_ms"": 500, ""intended_onset_ms"": 496885.669, ""actual_onset_global_ms"": 496915.598, ""actual_offset_global_ms"": 497413.734, ""actual_duration_ms"": 498.136}]",,,,,0.0,none,,,0.0,0.0,none,0.0,0.0,0.0,0.0,,,,,,,,,,,,,,,,,,,,none,0.0,0.0,0.0,0.0,2.0,2.0,1.0,"[6, 8]","[""8"", ""6""]","[""8"", ""6""]",86,onscreen_mouse,8847.175,19459.158,1.0,0.0,0.0,0.0,3.0,[7387.263],,"[495383.362, 496385.669]","[""digit_6.wav"", ""digit_8.wav""]","[{""audio_file"": ""digit_6.wav"", ""audio_start_global_ms"": 495383.362, ""audio_expected_duration_ms"": 500, ""audio_stop_global_ms"": 495883.362}, {""audio_file"": ""digit_8.wav"", ""audio_start_global_ms"": 496385.669, ""audio_expected_duration_ms"": 500, ""audio_stop_global_ms"": 496885.669}]",1.0,,,,,,,,,,,,,,,
35,35_T1_20260518_152420,PA,T1,standard,hci_substudy_v2,1,telemetry_v4,digit_span,3,practice_digitspan,practice,1,3,3,practice,span_2,1779089060,965.549,2026-05-18T15:32:59.000,0,0,0,1,516884.934,516964.705,,,,,,,1,,,,,516984.934,517043.904,563353.787,2000,46309.883,563353.787,"[{""stage_name"": ""fixation"", ""planned_duration_ms"": 100, ""intended_onset_ms"": 516884.934, ""actual_onset_global_ms"": 516964.705, ""actual_offset_global_ms"": 517043.0, ""actual_duration_ms"": 78.295}, {""stage_name"": ""auditory_sequence"", ""planned_duration_ms"": 2000, ""intended_onset_ms"": 516984.934, ""actual_onset_global_ms"": 517043.904, ""actual_offset_global_ms"": 518552.448, ""actual_duration_ms"": 1508.544}, {""stage_name"": ""wait"", ""planned_duration_ms"": 500, ""intended_onset_ms"": 518552.448, ""actual_onset_global_ms"": 518591.536, ""actual_offset_global_ms"": 519086.491, ""actual_duration_ms"": 494.955}, {""stage_name"": ""input_panel"", ""planned_duration_ms"": 15000, ""intended_onset_ms"": 519086.491, ""actual_onset_global_ms"": 519095.723, ""actual_offset_global_ms"": 530880.564, ""actual_duration_ms"": 11784.841}, {""stage_name"": ""auditory_sequence"", ""planned_duration_ms"": 2000, ""intended_onset_ms"": 533835.255, ""actual_onset_global_ms"": 533835.334, ""actual_offset_global_ms"": 535337.111, ""actual_duration_ms"": 1501.777}, {""stage_name"": ""wait"", ""planned_duration_ms"": 500, ""intended_onset_ms"": 535337.111, ""actual_onset_global_ms"": 535373.156, ""actual_offset_global_ms"": 535872.517, ""actual_duration_ms"": 499.361}]",,,,,0.0,none,,,0.0,0.0,none,0.0,0.0,0.0,0.0,,,,,,,,,,,,,,,,,,,,none,0.0,0.0,0.0,0.0,2.0,3.0,1.0,"[7, 6]","[""6"", ""7""]","[""6"", ""7""]",67,onscreen_mouse,7913.75,27474.692,1.0,0.0,0.0,0.0,3.0,[2639.072],,"[533835.334, 534837.111]","[""digit_7.wav"", ""digit_6.wav""]","[{""audio_file"": ""digit_7.wav"", ""audio_start_global_ms"": 533835.334, ""audio_expected_duration_ms"": 500, ""audio_stop_global_ms"": 534335.334}, {""audio_file"": ""digit_6.wav"", ""audio_start_global_ms"": 534837.111, ""audio_expected_duration_ms"": 500, ""audio_stop_global_ms"": 535337.111}]",1.0,,,,,,,,,,,,,,,
35,35_T1_20260518_152420,PA,T1,standard,hci_substudy_v2,1,telemetry_v4,digit_span,3,practice_digitspan,practice,1,4,4,practice,span_2,1779089060,965.549,2026-05-18T15:33:45.472,0,0,0,1,563357.359,563438.592,,,,,,,1,,,,,563457.359,563516.97,580310.21,2000,16793.24,580310.21,"[{""stage_name"": ""fixation"", ""planned_duration_ms"": 100, ""intended_onset_ms"": 563357.359, ""actual_onset_global_ms"": 563438.592, ""actual_offset_global_ms"": 563516.131, ""actual_duration_ms"": 77.539}, {""stage_name"": ""auditory_sequence"", ""planned_duration_ms"": 2000, ""intended_onset_ms"": 563457.359, ""actual_onset_global_ms"": 563516.97, ""actual_offset_global_ms"": 565049.891, ""actual_duration_ms"": 1532.921}, {""stage_name"": ""wait"", ""planned_duration_ms"": 500, ""intended_onset_ms"": 565049.891, ""actual_onset_global_ms"": 565073.977, ""actual_offset_global_ms"": 565575.383, ""actual_duration_ms"": 501.406}, {""stage_name"": ""input_panel"", ""planned_duration_ms"": 15000, ""intended_onset_ms"": 565575.383, ""actual_onset_global_ms"": 565581.981, ""actual_offset_global_ms"": 580310.21, ""actual_duration_ms"": 14728.229}]",,,,,0.0,none,,,0.0,0.0,none,0.0,0.0,0.0,0.0,,,,,,,,,,,,,,,,,,,,none,0.0,0.0,0.0,0.0,2.0,4.0,1.0,"[8, 7]","[""7"", ""8""]","[""7"", ""8""]",78,onscreen_mouse,5702.391,14728.163,1.0,0.0,0.0,0.0,3.0,[1653.766],,"[563516.97, 564549.891]","[""digit_8.wav"", ""digit_7.wav""]","[{""audio_file"": ""digit_8.wav"", ""audio_start_global_ms"": 563516.97, ""audio_expected_duration_ms"": 500, ""audio_stop_global_ms"": 564016.97}, {""audio_file"": ""digit_7.wav"", ""audio_start_global_ms"": 564549.891, ""audio_expected_duration_ms"": 500, ""audio_stop_global_ms"": 565049.891}]",0.0,,,,,,,,,,,,,,,
35,35_T1_20260518_152420,PA,T1,standard,hci_substudy_v2,1,telemetry_v4,digit_span,3,practice_digitspan,practice,1,5,5,practice,span_2,1779089060,965.549,2026-05-18T15:34:02.429,0,0,0,1,580313.747,580395.417,,,,,,,1,,,,,580413.747,580475.974,591287.656,2000,10811.682,591287.656,"[{""stage_name"": ""fixation"", ""planned_duration_ms"": 100, ""intended_onset_ms"": 580313.747, ""actual_onset_global_ms"": 580395.417, ""actual_offset_global_ms"": 580474.976, ""actual_duration_ms"": 79.559}, {""stage_name"": ""auditory_sequence"", ""planned_duration_ms"": 2000, ""intended_onset_ms"": 580413.747, ""actual_onset_global_ms"": 580475.974, ""actual_offset_global_ms"": 581988.345, ""actual_duration_ms"": 1512.371}, {""stage_name"": ""wait"", ""planned_duration_ms"": 500, ""intended_onset_ms"": 581988.345, ""actual_onset_global_ms"": 582023.146, ""actual_offset_global_ms"": 582519.182, ""actual_duration_ms"": 496.036}, {""stage_name"": ""input_panel"", ""planned_duration_ms"": 15000, ""intended_onset_ms"": 582519.182, ""actual_onset_global_ms"": 582528.136, ""actual_offset_global_ms"": 591287.656, ""actual_duration_ms"": 8759.52}]",,,,,0.0,none,,,0.0,0.0,none,0.0,0.0,0.0,0.0,,,,,,,,,,,,,,,,,,,,none,0.0,0.0,0.0,0.0,2.0,5.0,1.0,"[2, 3]","[""3"", ""2""]","[""3"", ""2""]",32,onscreen_mouse,5077.443,8759.428,1.0,0.0,0.0,0.0,3.0,[930.991],,"[580475.974, 581488.345]","[""digit_2.wav"", ""digit_3.wav""]","[{""audio_file"": ""digit_2.wav"", ""audio_start_global_ms"": 580475.974, ""audio_expected_duration_ms"": 500, ""audio_stop_global_ms"": 580975.974}, {""audio_file"": ""digit_3.wav"", ""audio_start_global_ms"": 581488.345, ""audio_expected_duration_ms"": 500, ""audio_stop_global_ms"": 581988.345}]",0.0,,,,,,,,,,,,,,,
35,35_T1_20260518_152420,PA,T1,standard,hci_substudy_v2,1,telemetry_v4,digit_span,3,practice_digitspan,practice,1,6,6,practice,span_2,1779089060,965.549,2026-05-18T15:34:13.407,0,0,0,1,591291.46,591371.124,,,,,,,1,,,,,591391.46,591454.315,634779.204,2000,43324.889,634779.204,"[{""stage_name"": ""fixation"", ""planned_duration_ms"": 100, ""intended_onset_ms"": 591291.46, ""actual_onset_global_ms"": 591371.124, ""actual_offset_global_ms"": 591453.317, ""actual_duration_ms"": 82.193}, {""stage_name"": ""auditory_sequence"", ""planned_duration_ms"": 2000, ""intended_onset_ms"": 591391.46, ""actual_onset_global_ms"": 591454.315, ""actual_offset_global_ms"": 592977.592, ""actual_duration_ms"": 1523.277}, {""stage_name"": ""wait"", ""planned_duration_ms"": 500, ""intended_onset_ms"": 592977.592, ""actual_onset_global_ms"": 593008.137, ""actual_offset_global_ms"": 593504.999, ""actual_duration_ms"": 496.862}, {""stage_name"": ""input_panel"", ""planned_duration_ms"": 15000, ""intended_onset_ms"": 593504.999, ""actual_onset_global_ms"": 593513.457, ""actual_offset_global_ms"": 610449.908, ""actual_duration_ms"": 16936.451}, {""stage_name"": ""auditory_sequence"", ""planned_duration_ms"": 2000, ""intended_onset_ms"": 620069.897, ""actual_onset_global_ms"": 620069.962, ""actual_offset_global_ms"": 621572.965, ""actual_duration_ms"": 1503.003}, {""stage_name"": ""wait"", ""planned_duration_ms"": 500, ""intended_onset_ms"": 621572.965, ""actual_onset_global_ms"": 621600.397, ""actual_offset_global_ms"": 622099.341, ""actual_duration_ms"": 498.944}]",,,,,0.0,none,,,0.0,0.0,none,0.0,0.0,0.0,0.0,,,,,,,,,,,,,,,,,,,,none,0.0,0.0,0.0,0.0,2.0,6.0,1.0,"[6, 9]","[""9"", ""6""]","[""9"", ""6""]",96,onscreen_mouse,8685.062,12673.009,1.0,0.0,0.0,0.0,3.0,[1279.85],,"[620069.962, 621072.965]","[""digit_6.wav"", ""digit_9.wav""]","[{""audio_file"": ""digit_6.wav"", ""audio_start_global_ms"": 620069.962, ""audio_expected_duration_ms"": 500, ""audio_stop_global_ms"": 620569.962}, {""audio_file"": ""digit_9.wav"", ""audio_start_global_ms"": 621072.965, ""audio_expected_duration_ms"": 500, ""audio_stop_global_ms"": 621572.965}]",1.0,,,,,,,,,,,,,,,
35,35_T1_20260518_152420,PA,T1,standard,hci_substudy_v2,1,telemetry_v4,digit_span,3,formal_span_2,formal,1,1,7,formal,span_2,1779089060,965.549,2026-05-18T15:35:28.176,0,0,0,1,666060.766,666138.827,,,,,,,1,,,,,666160.766,666221.282,675246.75,2000,9025.468,675246.75,"[{""stage_name"": ""fixation"", ""planned_duration_ms"": 100, ""intended_onset_ms"": 666060.766, ""actual_onset_global_ms"": 666138.827, ""actual_offset_global_ms"": 666220.289, ""actual_duration_ms"": 81.462}, {""stage_name"": ""auditory_sequence"", ""planned_duration_ms"": 2000, ""intended_onset_ms"": 666160.766, ""actual_onset_global_ms"": 666221.282, ""actual_offset_global_ms"": 667727.012, ""actual_duration_ms"": 1505.73}, {""stage_name"": ""wait"", ""planned_duration_ms"": 500, ""intended_onset_ms"": 667727.012, ""actual_onset_global_ms"": 667773.704, ""actual_offset_global_ms"": 668272.401, ""actual_duration_ms"": 498.697}, {""stage_name"": ""input_panel"", ""planned_duration_ms"": 15000, ""intended_onset_ms"": 668272.401, ""actual_onset_global_ms"": 668278.466, ""actual_offset_global_ms"": 675246.75, ""actual_duration_ms"": 6968.284}]",,,,,0.0,none,,,0.0,0.0,none,0.0,0.0,0.0,0.0,,,,,,,,,,,,,,,,,,,,none,0.0,0.0,0.0,0.0,2.0,1.0,1.0,"[8, 3]","[""3"", ""8""]","[""3"", ""8""]",38,onscreen_mouse,3443.312,6968.199,1.0,0.0,0.0,0.0,3.0,[1343.74],advance,"[666221.282, 667227.012]","[""digit_8.wav"", ""digit_3.wav""]","[{""audio_file"": ""digit_8.wav"", ""audio_start_global_ms"": 666221.282, ""audio_expected_duration_ms"": 500, ""audio_stop_global_ms"": 666721.282}, {""audio_file"": ""digit_3.wav"", ""audio_start_global_ms"": 667227.012, ""audio_expected_duration_ms"": 500, ""audio_stop_global_ms"": 667727.012}]",0.0,two_failures_in_span,3.0,,,,,,,,,,,,,
35,35_T1_20260518_152420,PA,T1,standard,hci_substudy_v2,1,telemetry_v4,digit_span,3,formal_span_2,formal,1,2,8,formal,span_2,1779089060,965.549,2026-05-18T15:35:37.365,0,0,0,1,675250.293,675329.479,,,,,,,0,,,,,675350.293,675412.253,687929.943,2000,12517.69,687929.943,"[{""stage_name"": ""fixation"", ""planned_duration_ms"": 100, ""intended_onset_ms"": 675250.293, ""actual_onset_global_ms"": 675329.479, ""actual_offset_global_ms"": 675411.362, ""actual_duration_ms"": 81.883}, {""stage_name"": ""auditory_sequence"", ""planned_duration_ms"": 2000, ""intended_onset_ms"": 675350.293, ""actual_onset_global_ms"": 675412.253, ""actual_offset_global_ms"": 676955.33, ""actual_duration_ms"": 1543.077}, {""stage_name"": ""wait"", ""planned_duration_ms"": 500, ""intended_onset_ms"": 676955.33, ""actual_onset_global_ms"": 676984.7, ""actual_offset_global_ms"": 677485.265, ""actual_duration_ms"": 500.565}, {""stage_name"": ""input_panel"", ""planned_duration_ms"": 15000, ""intended_onset_ms"": 677485.265, ""actual_onset_global_ms"": 677491.127, ""actual_offset_global_ms"": 687929.943, ""actual_duration_ms"": 10438.816}]",,,,,0.0,none,,,0.0,0.0,none,0.0,0.0,0.0,0.0,,,,,,,,,,,,,,,,,,,,none,0.0,0.0,0.0,0.0,2.0,2.0,1.0,"[5, 3]","[""3"", ""5""]","[""3"", ""8""]",38,onscreen_mouse,7625.19,10438.732,0.0,0.0,0.0,0.0,3.0,[1140.531],advance,"[675412.253, 676455.33]","[""digit_5.wav"", ""digit_3.wav""]","[{""audio_file"": ""digit_5.wav"", ""audio_start_global_ms"": 675412.253, ""audio_expected_duration_ms"": 500, ""audio_stop_global_ms"": 675912.253}, {""audio_file"": ""digit_3.wav"", ""audio_start_global_ms"": 676455.33, ""audio_expected_duration_ms"": 500, ""audio_stop_global_ms"": 676955.33}]",0.0,two_failures_in_span,3.0,,,,,,,,,,,,,
35,35_T1_20260518_152420,PA,T1,standard,hci_substudy_v2,1,telemetry_v4,digit_span,3,formal_span_3,formal,2,1,9,formal,span_3,1779089060,965.549,2026-05-18T15:35:50.052,0,0,0,1,687936.406,688019.537,,,,,,,0,,,,,688036.406,688099.785,707702.466,3000,19602.681,707702.466,"[{""stage_name"": ""fixation"", ""planned_duration_ms"": 100, ""intended_onset_ms"": 687936.406, ""actual_onset_global_ms"": 688019.537, ""actual_offset_global_ms"": 688098.497, ""actual_duration_ms"": 78.96}, {""stage_name"": ""auditory_sequence"", ""planned_duration_ms"": 3000, ""intended_onset_ms"": 688036.406, ""actual_onset_global_ms"": 688099.785, ""actual_offset_global_ms"": 690621.648, ""actual_duration_ms"": 2521.863}, {""stage_name"": ""wait"", ""planned_duration_ms"": 500, ""intended_onset_ms"": 690621.648, ""actual_onset_global_ms"": 690651.753, ""actual_offset_global_ms"": 691145.071, ""actual_duration_ms"": 493.318}, {""stage_name"": ""input_panel"", ""planned_duration_ms"": 15000, ""intended_onset_ms"": 691145.071, ""actual_onset_global_ms"": 691153.055, ""actual_offset_global_ms"": 707702.466, ""actual_duration_ms"": 16549.411}]",,,,,0.0,none,,,0.0,0.0,none,0.0,0.0,0.0,0.0,,,,,,,,,,,,,,,,,,,,none,0.0,0.0,0.0,0.0,3.0,1.0,2.0,"[6, 2, 5]","[""5"", ""2"", ""6""]","[""5"", ""6""]",56,onscreen_mouse,12099.87,16549.333,0.0,0.0,0.0,0.0,3.0,[2076.062],terminate,"[688099.785, 689129.691, 690121.648]","[""digit_6.wav"", ""digit_2.wav"", ""digit_5.wav""]","[{""audio_file"": ""digit_6.wav"", ""audio_start_global_ms"": 688099.785, ""audio_expected_duration_ms"": 500, ""audio_stop_global_ms"": 688599.785}, {""audio_file"": ""digit_2.wav"", ""audio_start_global_ms"": 689129.691, ""audio_expected_duration_ms"": 500, ""audio_stop_global_ms"": 689629.691}, {""audio_file"": ""digit_5.wav"", ""audio_start_global_ms"": 690121.648, ""audio_expected_duration_ms"": 500, ""audio_stop_global_ms"": 690621.648}]",0.0,two_failures_in_span,3.0,,,,,,,,,,,,,
35,35_T1_20260518_152420,PA,T1,standard,hci_substudy_v2,1,telemetry_v4,digit_span,3,formal_span_3,formal,2,2,10,formal,span_3,1779089060,965.549,2026-05-18T15:36:09.822,0,0,0,1,707706.301,707786.316,,,,,,,0,,,,,707806.301,707868.229,751705.557,3000,43837.328,751705.557,"[{""stage_name"": ""fixation"", ""planned_duration_ms"": 100, ""intended_onset_ms"": 707706.301, ""actual_onset_global_ms"": 707786.316, ""actual_offset_global_ms"": 707866.701, ""actual_duration_ms"": 80.385}, {""stage_name"": ""auditory_sequence"", ""planned_duration_ms"": 3000, ""intended_onset_ms"": 707806.301, ""actual_onset_global_ms"": 707868.229, ""actual_offset_global_ms"": 710404.619, ""actual_duration_ms"": 2536.39}, {""stage_name"": ""wait"", ""planned_duration_ms"": 500, ""intended_onset_ms"": 710404.619, ""actual_onset_global_ms"": 710440.024, ""actual_offset_global_ms"": 710935.971, ""actual_duration_ms"": 495.947}, {""stage_name"": ""input_panel"", ""planned_duration_ms"": 15000, ""intended_onset_ms"": 710935.971, ""actual_onset_global_ms"": 710944.003, ""actual_offset_global_ms"": 751705.557, ""actual_duration_ms"": 40761.554}]",,,,,0.0,none,,,0.0,0.0,none,0.0,0.0,0.0,0.0,,,,,,,,,,,,,,,,,,,,none,0.0,0.0,0.0,0.0,3.0,2.0,2.0,"[9, 6, 5]","[""5"", ""6"", ""9""]",[],,onscreen_mouse,40761.487,40761.5,0.0,0.0,0.0,0.0,1.0,[],terminate,"[707868.229, 708888.717, 709904.619]","[""digit_9.wav"", ""digit_6.wav"", ""digit_5.wav""]","[{""audio_file"": ""digit_9.wav"", ""audio_start_global_ms"": 707868.229, ""audio_expected_duration_ms"": 500, ""audio_stop_global_ms"": 708368.229}, {""audio_file"": ""digit_6.wav"", ""audio_start_global_ms"": 708888.717, ""audio_expected_duration_ms"": 500, ""audio_stop_global_ms"": 709388.717}, {""audio_file"": ""digit_5.wav"", ""audio_start_global_ms"": 709904.619, ""audio_expected_duration_ms"": 500, ""audio_stop_global_ms"": 710404.619}]",0.0,two_failures_in_span,3.0,,,,,,,,,,,,,
35,35_T1_20260518_152420,PA,T1,standard,hci_substudy_v2,1,telemetry_v4,change_detection,4,practice_cd,practice,1,1,1,practice,N2_change,1779089060,965.549,2026-05-18T15:37:44.746,0,0,0,1,802630.969,802640.762,,,,,j,,1,4819.941,,correct,1.0,806230.969,806273.881,811106.445,4000,4832.564,811256.445,"[{""stage_name"": ""fixation"", ""planned_duration_ms"": 100, ""intended_onset_ms"": 802630.969, ""actual_onset_global_ms"": 802640.762, ""actual_offset_global_ms"": 802733.151, ""actual_duration_ms"": 92.389}, {""stage_name"": ""memory_array"", ""planned_duration_ms"": 2500, ""intended_onset_ms"": 802730.969, ""actual_onset_global_ms"": 802756.545, ""actual_offset_global_ms"": 805245.103, ""actual_duration_ms"": 2488.558}, {""stage_name"": ""delay"", ""planned_duration_ms"": 1000, ""intended_onset_ms"": 805245.103, ""actual_onset_global_ms"": 805248.793, ""actual_offset_global_ms"": 806248.519, ""actual_duration_ms"": 999.726}, {""stage_name"": ""test_array"", ""planned_duration_ms"": 4000, ""intended_onset_ms"": 806248.519, ""actual_onset_global_ms"": 806273.881, ""actual_offset_global_ms"": 811106.445, ""actual_duration_ms"": 4832.564}, {""stage_name"": ""feedback"", ""planned_duration_ms"": 150, ""intended_onset_ms"": 811106.445, ""actual_onset_global_ms"": 811115.975, ""actual_offset_global_ms"": 811260.801, ""actual_duration_ms"": 144.826}]",correct.wav,811106.702,150.0,811606.702,,,,,,,,,,,,,,,,,,,,,,,,,,,,,,,,,,,,,,,,,,,,,,1.0,,,,,,,,,,,,,2.0,change,0.0,"[192.7, -229.21]","[[192.7, -229.21], [-112.36, 33.5]]","[""green"", ""purple""]","[""yellow"", ""purple""]",green,yellow,j,change,2.0,1.0
35,35_T1_20260518_152420,PA,T1,standard,hci_substudy_v2,1,telemetry_v4,change_detection,4,practice_cd,practice,1,2,2,practice,N1_change,1779089060,965.549,2026-05-18T15:37:53.380,0,0,0,1,811264.798,811270.61,,,,,j,,1,10826.756,,correct,1.0,814864.798,814892.937,825724.438,4000,10831.501,825874.438,"[{""stage_name"": ""fixation"", ""planned_duration_ms"": 100, ""intended_onset_ms"": 811264.798, ""actual_onset_global_ms"": 811270.61, ""actual_offset_global_ms"": 811367.547, ""actual_duration_ms"": 96.937}, {""stage_name"": ""memory_array"", ""planned_duration_ms"": 2500, ""intended_onset_ms"": 811364.798, ""actual_onset_global_ms"": 811381.68, ""actual_offset_global_ms"": 813875.699, ""actual_duration_ms"": 2494.019}, {""stage_name"": ""delay"", ""planned_duration_ms"": 1000, ""intended_onset_ms"": 813875.699, ""actual_onset_global_ms"": 813879.422, ""actual_offset_global_ms"": 814879.909, ""actual_duration_ms"": 1000.487}, {""stage_name"": ""test_array"", ""planned_duration_ms"": 4000, ""intended_onset_ms"": 814879.909, ""actual_onset_global_ms"": 814892.937, ""actual_offset_global_ms"": 825724.438, ""actual_duration_ms"": 10831.501}, {""stage_name"": ""feedback"", ""planned_duration_ms"": 150, ""intended_onset_ms"": 825724.438, ""actual_onset_global_ms"": 825729.011, ""actual_offset_global_ms"": 825879.213, ""actual_duration_ms"": 150.202}]",correct.wav,825724.663,150.0,826224.663,,,,,,,,,,,,,,,,,,,,,,,,,,,,,,,,,,,,,,,,,,,,,,1.0,,,,,,,,,,,,,1.0,change,0.0,"[239.11, 124.03]","[[239.11, 124.03]]","[""blue""]","[""red""]",blue,red,j,change,1.0,1.0
35,35_T1_20260518_152420,PA,T1,standard,hci_substudy_v2,1,telemetry_v4,change_detection,4,practice_cd,practice,1,3,3,practice,N2_same,1779089060,965.549,2026-05-18T15:38:07.996,0,0,0,1,825881.393,825885.38,,,,,s,,1,11522.919,,correct,1.0,829481.393,829517.649,841044.45,4000,11526.801,841194.45,"[{""stage_name"": ""fixation"", ""planned_duration_ms"": 100, ""intended_onset_ms"": 825881.393, ""actual_onset_global_ms"": 825885.38, ""actual_offset_global_ms"": 825984.883, ""actual_duration_ms"": 99.503}, {""stage_name"": ""memory_array"", ""planned_duration_ms"": 2500, ""intended_onset_ms"": 825981.393, ""actual_onset_global_ms"": 826006.388, ""actual_offset_global_ms"": 828491.466, ""actual_duration_ms"": 2485.078}, {""stage_name"": ""delay"", ""planned_duration_ms"": 1000, ""intended_onset_ms"": 828491.466, ""actual_onset_global_ms"": 828495.874, ""actual_offset_global_ms"": 829495.747, ""actual_duration_ms"": 999.873}, {""stage_name"": ""test_array"", ""planned_duration_ms"": 4000, ""intended_onset_ms"": 829495.747, ""actual_onset_global_ms"": 829517.649, ""actual_offset_global_ms"": 841044.45, ""actual_duration_ms"": 11526.801}, {""stage_name"": ""feedback"", ""planned_duration_ms"": 150, ""intended_onset_ms"": 841044.45, ""actual_onset_global_ms"": 841049.82, ""actual_offset_global_ms"": 841197.583, ""actual_duration_ms"": 147.763}]",correct.wav,841044.738,150.0,841544.738,,,,,,,,,,,,,,,,,,,,,,,,,,,,,,,,,,,,,,,,,,,,,,1.0,,,,,,,,,,,,,2.0,same,1.0,"[95.84, -35.47]","[[231.13, 97.71], [95.84, -35.47]]","[""purple"", ""yellow""]","[""purple"", ""yellow""]",yellow,yellow,s,same,2.0,1.0
35,35_T1_20260518_152420,PA,T1,standard,hci_substudy_v2,1,telemetry_v4,change_detection,4,practice_cd,practice,1,4,4,practice,N1_change,1779089060,965.549,2026-05-18T15:38:23.317,0,0,0,1,841201.89,841206.645,,,,,j,,1,5536.874,,correct,1.0,844801.89,844827.293,850382.326,4000,5555.033,850532.326,"[{""stage_name"": ""fixation"", ""planned_duration_ms"": 100, ""intended_onset_ms"": 841201.89, ""actual_onset_global_ms"": 841206.645, ""actual_offset_global_ms"": 841304.448, ""actual_duration_ms"": 97.803}, {""stage_name"": ""memory_array"", ""planned_duration_ms"": 2500, ""intended_onset_ms"": 841301.89, ""actual_onset_global_ms"": 841318.427, ""actual_offset_global_ms"": 843809.894, ""actual_duration_ms"": 2491.467}, {""stage_name"": ""delay"", ""planned_duration_ms"": 1000, ""intended_onset_ms"": 843809.894, ""actual_onset_global_ms"": 843814.277, ""actual_offset_global_ms"": 844814.014, ""actual_duration_ms"": 999.737}, {""stage_name"": ""test_array"", ""planned_duration_ms"": 4000, ""intended_onset_ms"": 844814.014, ""actual_onset_global_ms"": 844827.293, ""actual_offset_global_ms"": 850382.326, ""actual_duration_ms"": 5555.033}, {""stage_name"": ""feedback"", ""planned_duration_ms"": 150, ""intended_onset_ms"": 850382.326, ""actual_onset_global_ms"": 850387.375, ""actual_offset_global_ms"": 850535.643, ""actual_duration_ms"": 148.268}]",correct.wav,850382.637,150.0,850882.637,,,,,,,,,,,,,,,,,,,,,,,,,,,,,,,,,,,,,,,,,,,,,,1.0,,,,,,,,,,,,,1.0,change,0.0,"[-168.47, 81.86]","[[-168.47, 81.86]]","[""red""]","[""purple""]",red,purple,j,change,1.0,1.0
35,35_T1_20260518_152420,PA,T1,standard,hci_substudy_v2,1,telemetry_v4,change_detection,4,practice_cd,practice,1,5,5,practice,N1_same,1779089060,965.549,2026-05-18T15:38:32.655,0,0,0,1,850540.148,850544.132,,,,,s,,1,1806.521,,correct,1.0,854140.148,854165.559,855979.333,4000,1813.774,856129.333,"[{""stage_name"": ""fixation"", ""planned_duration_ms"": 100, ""intended_onset_ms"": 850540.148, ""actual_onset_global_ms"": 850544.132, ""actual_offset_global_ms"": 850644.132, ""actual_duration_ms"": 100.0}, {""stage_name"": ""memory_array"", ""planned_duration_ms"": 2500, ""intended_onset_ms"": 850640.148, ""actual_onset_global_ms"": 850656.581, ""actual_offset_global_ms"": 853150.754, ""actual_duration_ms"": 2494.173}, {""stage_name"": ""delay"", ""planned_duration_ms"": 1000, ""intended_onset_ms"": 853150.754, ""actual_onset_global_ms"": 853154.12, ""actual_offset_global_ms"": 854153.363, ""actual_duration_ms"": 999.243}, {""stage_name"": ""test_array"", ""planned_duration_ms"": 4000, ""intended_onset_ms"": 854153.363, ""actual_onset_global_ms"": 854165.559, ""actual_offset_global_ms"": 855979.333, ""actual_duration_ms"": 1813.774}, {""stage_name"": ""feedback"", ""planned_duration_ms"": 150, ""intended_onset_ms"": 855979.333, ""actual_onset_global_ms"": 855983.736, ""actual_offset_global_ms"": 856134.032, ""actual_duration_ms"": 150.296}]",correct.wav,855979.583,150.0,856479.583,,,,,,,,,,,,,,,,,,,,,,,,,,,,,,,,,,,,,,,,,,,,,,1.0,,,,,,,,,,,,,1.0,same,0.0,"[-233.26, 218.14]","[[-233.26, 218.14]]","[""blue""]","[""blue""]",blue,blue,s,same,1.0,1.0
35,35_T1_20260518_152420,PA,T1,standard,hci_substudy_v2,1,telemetry_v4,change_detection,4,practice_cd,practice,1,6,6,practice,N1_same,1779089060,965.549,2026-05-18T15:38:38.251,0,0,0,1,856136.367,856141.141,,,,,s,,1,1598.237,,correct,1.0,859736.367,859757.704,861361.364,4000,1603.66,861511.364,"[{""stage_name"": ""fixation"", ""planned_duration_ms"": 100, ""intended_onset_ms"": 856136.367, ""actual_onset_global_ms"": 856141.141, ""actual_offset_global_ms"": 856237.948, ""actual_duration_ms"": 96.807}, {""stage_name"": ""memory_array"", ""planned_duration_ms"": 2500, ""intended_onset_ms"": 856236.367, ""actual_onset_global_ms"": 856251.438, ""actual_offset_global_ms"": 858742.191, ""actual_duration_ms"": 2490.753}, {""stage_name"": ""delay"", ""planned_duration_ms"": 1000, ""intended_onset_ms"": 858742.191, ""actual_onset_global_ms"": 858745.677, ""actual_offset_global_ms"": 859745.23, ""actual_duration_ms"": 999.553}, {""stage_name"": ""test_array"", ""planned_duration_ms"": 4000, ""intended_onset_ms"": 859745.23, ""actual_onset_global_ms"": 859757.704, ""actual_offset_global_ms"": 861361.364, ""actual_duration_ms"": 1603.66}, {""stage_name"": ""feedback"", ""planned_duration_ms"": 150, ""intended_onset_ms"": 861361.364, ""actual_onset_global_ms"": 861366.221, ""actual_offset_global_ms"": 861516.133, ""actual_duration_ms"": 149.912}]",correct.wav,861361.637,150.0,861861.637,,,,,,,,,,,,,,,,,,,,,,,,,,,,,,,,,,,,,,,,,,,,,,1.0,,,,,,,,,,,,,1.0,same,0.0,"[-103.67, -40.0]","[[-103.67, -40.0]]","[""yellow""]","[""yellow""]",yellow,yellow,s,same,1.0,1.0
35,35_T1_20260518_152420,PA,T1,standard,hci_substudy_v2,1,telemetry_v4,change_detection,4,practice_cd,practice,1,7,7,practice,N2_same,1779089060,965.549,2026-05-18T15:38:43.634,0,0,0,1,861518.506,861523.647,,,,,s,,1,2225.373,,correct,1.0,865118.506,865149.569,867393.08,4000,2243.511,867543.08,"[{""stage_name"": ""fixation"", ""planned_duration_ms"": 100, ""intended_onset_ms"": 861518.506, ""actual_onset_global_ms"": 861523.647, ""actual_offset_global_ms"": 861619.981, ""actual_duration_ms"": 96.334}, {""stage_name"": ""memory_array"", ""planned_duration_ms"": 2500, ""intended_onset_ms"": 861618.506, ""actual_onset_global_ms"": 861641.785, ""actual_offset_global_ms"": 864122.826, ""actual_duration_ms"": 2481.041}, {""stage_name"": ""delay"", ""planned_duration_ms"": 1000, ""intended_onset_ms"": 864122.826, ""actual_onset_global_ms"": 864126.743, ""actual_offset_global_ms"": 865126.124, ""actual_duration_ms"": 999.381}, {""stage_name"": ""test_array"", ""planned_duration_ms"": 4000, ""intended_onset_ms"": 865126.124, ""actual_onset_global_ms"": 865149.569, ""actual_offset_global_ms"": 867393.08, ""actual_duration_ms"": 2243.511}, {""stage_name"": ""feedback"", ""planned_duration_ms"": 150, ""intended_onset_ms"": 867393.08, ""actual_onset_global_ms"": 867397.49, ""actual_offset_global_ms"": 867548.387, ""actual_duration_ms"": 150.897}]",correct.wav,867393.478,150.0,867893.478,,,,,,,,,,,,,,,,,,,,,,,,,,,,,,,,,,,,,,,,,,,,,,1.0,,,,,,,,,,,,,2.0,same,0.0,"[-234.37, 215.22]","[[-234.37, 215.22], [-124.72, 200.17]]","[""blue"", ""red""]","[""blue"", ""red""]",blue,blue,s,same,2.0,1.0
35,35_T1_20260518_152420,PA,T1,standard,hci_substudy_v2,1,telemetry_v4,change_detection,4,practice_cd,practice,1,8,8,practice,N2_change,1779089060,965.549,2026-05-18T15:38:49.666,0,0,0,1,867550.806,867554.665,,,,,j,,1,2491.754,,correct,1.0,871150.806,871185.445,873691.918,4000,2506.473,873841.918,"[{""stage_name"": ""fixation"", ""planned_duration_ms"": 100, ""intended_onset_ms"": 867550.806, ""actual_onset_global_ms"": 867554.665, ""actual_offset_global_ms"": 867654.743, ""actual_duration_ms"": 100.078}, {""stage_name"": ""memory_array"", ""planned_duration_ms"": 2500, ""intended_onset_ms"": 867650.806, ""actual_onset_global_ms"": 867675.121, ""actual_offset_global_ms"": 870160.787, ""actual_duration_ms"": 2485.666}, {""stage_name"": ""delay"", ""planned_duration_ms"": 1000, ""intended_onset_ms"": 870160.787, ""actual_onset_global_ms"": 870165.14, ""actual_offset_global_ms"": 871163.9, ""actual_duration_ms"": 998.76}, {""stage_name"": ""test_array"", ""planned_duration_ms"": 4000, ""intended_onset_ms"": 871163.9, ""actual_onset_global_ms"": 871185.445, ""actual_offset_global_ms"": 873691.918, ""actual_duration_ms"": 2506.473}, {""stage_name"": ""feedback"", ""planned_duration_ms"": 150, ""intended_onset_ms"": 873691.918, ""actual_onset_global_ms"": 873696.553, ""actual_offset_global_ms"": 873844.594, ""actual_duration_ms"": 148.041}]",correct.wav,873692.159,150.0,874192.159,,,,,,,,,,,,,,,,,,,,,,,,,,,,,,,,,,,,,,,,,,,,,,1.0,,,,,,,,,,,,,2.0,change,1.0,"[-61.73, -147.22]","[[-149.88, -85.46], [-61.73, -147.22]]","[""yellow"", ""green""]","[""yellow"", ""red""]",green,red,j,change,2.0,1.0
35,35_T1_20260518_152420,PA,T1,standard,hci_substudy_v2,1,telemetry_v4,change_detection,4,formal_cd,formal,1,1,9,formal,N4_change,1779089060,965.549,2026-05-18T15:39:01.565,0,0,0,1,879449.825,879454.206,,,,,j,,1,27338.439,,,,883049.825,883103.163,910445.108,4000,27341.945,910445.108,"[{""stage_name"": ""fixation"", ""planned_duration_ms"": 100, ""intended_onset_ms"": 879449.825, ""actual_onset_global_ms"": 879454.206, ""actual_offset_global_ms"": 879554.331, ""actual_duration_ms"": 100.125}, {""stage_name"": ""memory_array"", ""planned_duration_ms"": 2500, ""intended_onset_ms"": 879549.825, ""actual_onset_global_ms"": 879593.883, ""actual_offset_global_ms"": 882060.728, ""actual_duration_ms"": 2466.845}, {""stage_name"": ""delay"", ""planned_duration_ms"": 1000, ""intended_onset_ms"": 882060.728, ""actual_onset_global_ms"": 882064.603, ""actual_offset_global_ms"": 883063.325, ""actual_duration_ms"": 998.722}, {""stage_name"": ""test_array"", ""planned_duration_ms"": 4000, ""intended_onset_ms"": 883063.325, ""actual_onset_global_ms"": 883103.163, ""actual_offset_global_ms"": 910445.108, ""actual_duration_ms"": 27341.945}]",,,,,,,,,,,,,,,,,,,,,,,,,,,,,,,,,,,,,,,,,,,,,,,,,,1.0,,,,,,,,,,,,,4.0,change,1.0,"[-208.36, -89.55]","[[-35.19, -180.6], [-208.36, -89.55], [188.69, -26.77], [187.66, 138.74]]","[""red"", ""blue"", ""green"", ""yellow""]","[""red"", ""purple"", ""green"", ""yellow""]",blue,purple,j,change,4.0,1.0
35,35_T1_20260518_152420,PA,T1,standard,hci_substudy_v2,1,telemetry_v4,change_detection,4,formal_cd,formal,1,2,10,formal,N3_change,1779089060,965.549,2026-05-18T15:39:32.564,0,0,0,1,910449.362,910453.424,,,,,j,,1,2093.088,,,,914049.362,914104.737,916200.766,4000,2096.029,916200.766,"[{""stage_name"": ""fixation"", ""planned_duration_ms"": 100, ""intended_onset_ms"": 910449.362, ""actual_onset_global_ms"": 910453.424, ""actual_offset_global_ms"": 910554.197, ""actual_duration_ms"": 100.773}, {""stage_name"": ""memory_array"", ""planned_duration_ms"": 2500, ""intended_onset_ms"": 910549.362, ""actual_onset_global_ms"": 910583.108, ""actual_offset_global_ms"": 913071.337, ""actual_duration_ms"": 2488.229}, {""stage_name"": ""delay"", ""planned_duration_ms"": 1000, ""intended_onset_ms"": 913071.337, ""actual_onset_global_ms"": 913075.013, ""actual_offset_global_ms"": 914073.624, ""actual_duration_ms"": 998.611}, {""stage_name"": ""test_array"", ""planned_duration_ms"": 4000, ""intended_onset_ms"": 914073.624, ""actual_onset_global_ms"": 914104.737, ""actual_offset_global_ms"": 916200.766, ""actual_duration_ms"": 2096.029}]",,,,,,,,,,,,,,,,,,,,,,,,,,,,,,,,,,,,,,,,,,,,,,,,,,1.0,,,,,,,,,,,,,3.0,change,1.0,"[202.34, -103.03]","[[91.53, -176.54], [202.34, -103.03], [-232.71, 129.01]]","[""purple"", ""green"", ""red""]","[""purple"", ""blue"", ""red""]",green,blue,j,change,4.0,1.0
35,35_T1_20260518_152420,PA,T1,standard,hci_substudy_v2,1,telemetry_v4,change_detection,4,formal_cd,formal,1,3,11,formal,N4_change,1779089060,965.549,2026-05-18T15:39:38.319,0,0,0,1,916204.591,916209.445,,,,,j,,1,1708.879,,,,919804.591,919873.841,921624.697,4000,1750.856,921624.697,"[{""stage_name"": ""fixation"", ""planned_duration_ms"": 100, ""intended_onset_ms"": 916204.591, ""actual_onset_global_ms"": 916209.445, ""actual_offset_global_ms"": 916308.764, ""actual_duration_ms"": 99.319}, {""stage_name"": ""memory_array"", ""planned_duration_ms"": 2500, ""intended_onset_ms"": 916304.591, ""actual_onset_global_ms"": 916347.094, ""actual_offset_global_ms"": 918830.241, ""actual_duration_ms"": 2483.147}, {""stage_name"": ""delay"", ""planned_duration_ms"": 1000, ""intended_onset_ms"": 918830.241, ""actual_onset_global_ms"": 918834.096, ""actual_offset_global_ms"": 919833.474, ""actual_duration_ms"": 999.378}, {""stage_name"": ""test_array"", ""planned_duration_ms"": 4000, ""intended_onset_ms"": 919833.474, ""actual_onset_global_ms"": 919873.841, ""actual_offset_global_ms"": 921624.697, ""actual_duration_ms"": 1750.856}]",,,,,,,,,,,,,,,,,,,,,,,,,,,,,,,,,,,,,,,,,,,,,,,,,,1.0,,,,,,,,,,,,,4.0,change,3.0,"[38.44, -121.02]","[[189.49, -24.18], [-255.79, 226.23], [13.49, 242.65], [38.44, -121.02]]","[""purple"", ""yellow"", ""blue"", ""green""]","[""purple"", ""yellow"", ""blue"", ""red""]",green,red,j,change,4.0,1.0
35,35_T1_20260518_152420,PA,T1,standard,hci_substudy_v2,1,telemetry_v4,change_detection,4,formal_cd,formal,1,4,12,formal,N3_same,1779089060,965.549,2026-05-18T15:39:43.744,0,0,0,1,921628.551,921631.995,,,,,s,,1,5049.133,,,,925228.551,925271.392,930354.18,4000,5082.788,930354.18,"[{""stage_name"": ""fixation"", ""planned_duration_ms"": 100, ""intended_onset_ms"": 921628.551, ""actual_onset_global_ms"": 921631.995, ""actual_offset_global_ms"": 921733.069, ""actual_duration_ms"": 101.074}, {""stage_name"": ""memory_array"", ""planned_duration_ms"": 2500, ""intended_onset_ms"": 921728.551, ""actual_onset_global_ms"": 921762.639, ""actual_offset_global_ms"": 924238.4, ""actual_duration_ms"": 2475.761}, {""stage_name"": ""delay"", ""planned_duration_ms"": 1000, ""intended_onset_ms"": 924238.4, ""actual_onset_global_ms"": 924241.962, ""actual_offset_global_ms"": 925241.728, ""actual_duration_ms"": 999.766}, {""stage_name"": ""test_array"", ""planned_duration_ms"": 4000, ""intended_onset_ms"": 925241.728, ""actual_onset_global_ms"": 925271.392, ""actual_offset_global_ms"": 930354.18, ""actual_duration_ms"": 5082.788}]",,,,,,,,,,,,,,,,,,,,,,,,,,,,,,,,,,,,,,,,,,,,,,,,,,1.0,,,,,,,,,,,,,3.0,same,0.0,"[120.43, 212.67]","[[120.43, 212.67], [-63.01, -121.28], [-249.33, 116.38]]","[""blue"", ""purple"", ""red""]","[""blue"", ""purple"", ""red""]",blue,blue,s,same,3.0,1.0
35,35_T1_20260518_152420,PA,T1,standard,hci_substudy_v2,1,telemetry_v4,change_detection,4,formal_cd,formal,1,5,13,formal,N4_same,1779089060,965.549,2026-05-18T15:39:52.473,0,0,0,1,930357.815,930362.213,,,,,s,,1,1894.168,,,,933957.815,934017.553,935922.626,4000,1905.073,935922.626,"[{""stage_name"": ""fixation"", ""planned_duration_ms"": 100, ""intended_onset_ms"": 930357.815, ""actual_onset_global_ms"": 930362.213, ""actual_offset_global_ms"": 930462.128, ""actual_duration_ms"": 99.915}, {""stage_name"": ""memory_array"", ""planned_duration_ms"": 2500, ""intended_onset_ms"": 930457.815, ""actual_onset_global_ms"": 930501.35, ""actual_offset_global_ms"": 932974.973, ""actual_duration_ms"": 2473.623}, {""stage_name"": ""delay"", ""planned_duration_ms"": 1000, ""intended_onset_ms"": 932974.973, ""actual_onset_global_ms"": 932978.173, ""actual_offset_global_ms"": 933978.718, ""actual_duration_ms"": 1000.545}, {""stage_name"": ""test_array"", ""planned_duration_ms"": 4000, ""intended_onset_ms"": 933978.718, ""actual_onset_global_ms"": 934017.553, ""actual_offset_global_ms"": 935922.626, ""actual_duration_ms"": 1905.073}]",,,,,,,,,,,,,,,,,,,,,,,,,,,,,,,,,,,,,,,,,,,,,,,,,,1.0,,,,,,,,,,,,,4.0,same,1.0,"[-9.33, 141.54]","[[-192.68, -169.29], [-9.33, 141.54], [-257.67, 55.56], [51.45, -135.99]]","[""red"", ""purple"", ""yellow"", ""blue""]","[""red"", ""purple"", ""yellow"", ""blue""]",purple,purple,s,same,7.0,1.0
35,35_T1_20260518_152420,PA,T1,standard,hci_substudy_v2,1,telemetry_v4,change_detection,4,formal_cd,formal,1,6,14,formal,N1_same,1779089060,965.549,2026-05-18T15:39:58.041,0,0,0,1,935926.493,935931.135,,,,,s,,1,3085.767,,,,939526.493,939553.991,942644.988,4000,3090.997,942644.988,"[{""stage_name"": ""fixation"", ""planned_duration_ms"": 100, ""intended_onset_ms"": 935926.493, ""actual_onset_global_ms"": 935931.135, ""actual_offset_global_ms"": 936031.086, ""actual_duration_ms"": 99.951}, {""stage_name"": ""memory_array"", ""planned_duration_ms"": 2500, ""intended_onset_ms"": 936026.493, ""actual_onset_global_ms"": 936042.218, ""actual_offset_global_ms"": 938536.978, ""actual_duration_ms"": 2494.76}, {""stage_name"": ""delay"", ""planned_duration_ms"": 1000, ""intended_onset_ms"": 938536.978, ""actual_onset_global_ms"": 938540.698, ""actual_offset_global_ms"": 939540.527, ""actual_duration_ms"": 999.829}, {""stage_name"": ""test_array"", ""planned_duration_ms"": 4000, ""intended_onset_ms"": 939540.527, ""actual_onset_global_ms"": 939553.991, ""actual_offset_global_ms"": 942644.988, ""actual_duration_ms"": 3090.997}]",,,,,,,,,,,,,,,,,,,,,,,,,,,,,,,,,,,,,,,,,,,,,,,,,,1.0,,,,,,,,,,,,,1.0,same,0.0,"[-102.46, 1.62]","[[-102.46, 1.62]]","[""yellow""]","[""yellow""]",yellow,yellow,s,same,1.0,1.0
35,35_T1_20260518_152420,PA,T1,standard,hci_substudy_v2,1,telemetry_v4,change_detection,4,formal_cd,formal,1,7,15,formal,N2_change,1779089060,965.549,2026-05-18T15:40:04.764,0,0,0,1,942648.774,942652.362,,,,,j,,1,2025.499,,,,946248.774,946286.014,948331.139,4000,2045.125,948331.139,"[{""stage_name"": ""fixation"", ""planned_duration_ms"": 100, ""intended_onset_ms"": 942648.774, ""actual_onset_global_ms"": 942652.362, ""actual_offset_global_ms"": 942753.671, ""actual_duration_ms"": 101.309}, {""stage_name"": ""memory_array"", ""planned_duration_ms"": 2500, ""intended_onset_ms"": 942748.774, ""actual_onset_global_ms"": 942774.05, ""actual_offset_global_ms"": 945257.463, ""actual_duration_ms"": 2483.413}, {""stage_name"": ""delay"", ""planned_duration_ms"": 1000, ""intended_onset_ms"": 945257.463, ""actual_onset_global_ms"": 945260.997, ""actual_offset_global_ms"": 946262.691, ""actual_duration_ms"": 1001.694}, {""stage_name"": ""test_array"", ""planned_duration_ms"": 4000, ""intended_onset_ms"": 946262.691, ""actual_onset_global_ms"": 946286.014, ""actual_offset_global_ms"": 948331.139, ""actual_duration_ms"": 2045.125}]",,,,,,,,,,,,,,,,,,,,,,,,,,,,,,,,,,,,,,,,,,,,,,,,,,1.0,,,,,,,,,,,,,2.0,change,0.0,"[-152.47, -107.92]","[[-152.47, -107.92], [-54.97, 204.59]]","[""green"", ""red""]","[""purple"", ""red""]",green,purple,j,change,3.0,1.0
35,35_T1_20260518_152420,PA,T1,standard,hci_substudy_v2,1,telemetry_v4,change_detection,4,formal_cd,formal,1,8,16,formal,N1_change,1779089060,965.549,2026-05-18T15:40:10.450,0,0,0,1,948334.975,948339.69,,,,,j,,1,32135.944,,,,951934.975,951963.978,984109.034,4000,32145.056,984109.034,"[{""stage_name"": ""fixation"", ""planned_duration_ms"": 100, ""intended_onset_ms"": 948334.975, ""actual_onset_global_ms"": 948339.69, ""actual_offset_global_ms"": 948438.506, ""actual_duration_ms"": 98.816}, {""stage_name"": ""memory_array"", ""planned_duration_ms"": 2500, ""intended_onset_ms"": 948434.975, ""actual_onset_global_ms"": 948450.657, ""actual_offset_global_ms"": 950945.699, ""actual_duration_ms"": 2495.042}, {""stage_name"": ""delay"", ""planned_duration_ms"": 1000, ""intended_onset_ms"": 950945.699, ""actual_onset_global_ms"": 950950.962, ""actual_offset_global_ms"": 951950.653, ""actual_duration_ms"": 999.691}, {""stage_name"": ""test_array"", ""planned_duration_ms"": 4000, ""intended_onset_ms"": 951950.653, ""actual_onset_global_ms"": 951963.978, ""actual_offset_global_ms"": 984109.034, ""actual_duration_ms"": 32145.056}]",,,,,,,,,,,,,,,,,,,,,,,,,,,,,,,,,,,,,,,,,,,,,,,,,,1.0,,,,,,,,,,,,,1.0,change,0.0,"[172.85, -32.83]","[[172.85, -32.83]]","[""purple""]","[""green""]",purple,green,j,change,1.0,1.0
35,35_T1_20260518_152420,PA,T1,standard,hci_substudy_v2,1,telemetry_v4,change_detection,4,formal_cd,formal,1,9,17,formal,N2_same,1779089060,965.549,2026-05-18T15:40:46.228,0,0,0,1,984112.677,984116.526,,,,,s,,1,1400.341,,,,987712.677,987744.436,989160.658,4000,1416.222,989160.658,"[{""stage_name"": ""fixation"", ""planned_duration_ms"": 100, ""intended_onset_ms"": 984112.677, ""actual_onset_global_ms"": 984116.526, ""actual_offset_global_ms"": 984214.169, ""actual_duration_ms"": 97.643}, {""stage_name"": ""memory_array"", ""planned_duration_ms"": 2500, ""intended_onset_ms"": 984212.677, ""actual_onset_global_ms"": 984235.804, ""actual_offset_global_ms"": 986718.939, ""actual_duration_ms"": 2483.135}, {""stage_name"": ""delay"", ""planned_duration_ms"": 1000, ""intended_onset_ms"": 986718.939, ""actual_onset_global_ms"": 986723.088, ""actual_offset_global_ms"": 987722.299, ""actual_duration_ms"": 999.211}, {""stage_name"": ""test_array"", ""planned_duration_ms"": 4000, ""intended_onset_ms"": 987722.299, ""actual_onset_global_ms"": 987744.436, ""actual_offset_global_ms"": 989160.658, ""actual_duration_ms"": 1416.222}]",,,,,,,,,,,,,,,,,,,,,,,,,,,,,,,,,,,,,,,,,,,,,,,,,,1.0,,,,,,,,,,,,,2.0,same,1.0,"[171.27, 116.9]","[[230.3, -129.84], [171.27, 116.9]]","[""green"", ""yellow""]","[""green"", ""yellow""]",yellow,yellow,s,same,2.0,1.0
35,35_T1_20260518_152420,PA,T1,standard,hci_substudy_v2,1,telemetry_v4,change_detection,4,formal_cd,formal,1,10,18,formal,N1_change,1779089060,965.549,2026-05-18T15:40:51.280,0,0,0,1,989164.52,989169.279,,,,,j,,1,1921.944,,,,992764.52,992785.763,994724.754,4000,1938.991,994724.754,"[{""stage_name"": ""fixation"", ""planned_duration_ms"": 100, ""intended_onset_ms"": 989164.52, ""actual_onset_global_ms"": 989169.279, ""actual_offset_global_ms"": 989266.314, ""actual_duration_ms"": 97.035}, {""stage_name"": ""memory_array"", ""planned_duration_ms"": 2500, ""intended_onset_ms"": 989264.52, ""actual_onset_global_ms"": 989280.297, ""actual_offset_global_ms"": 991771.274, ""actual_duration_ms"": 2490.977}, {""stage_name"": ""delay"", ""planned_duration_ms"": 1000, ""intended_onset_ms"": 991771.274, ""actual_onset_global_ms"": 991774.72, ""actual_offset_global_ms"": 992773.311, ""actual_duration_ms"": 998.591}, {""stage_name"": ""test_array"", ""planned_duration_ms"": 4000, ""intended_onset_ms"": 992773.311, ""actual_onset_global_ms"": 992785.763, ""actual_offset_global_ms"": 994724.754, ""actual_duration_ms"": 1938.991}]",,,,,,,,,,,,,,,,,,,,,,,,,,,,,,,,,,,,,,,,,,,,,,,,,,1.0,,,,,,,,,,,,,1.0,change,0.0,"[-166.31, -71.37]","[[-166.31, -71.37]]","[""purple""]","[""yellow""]",purple,yellow,j,change,1.0,1.0
35,35_T1_20260518_152420,PA,T1,standard,hci_substudy_v2,1,telemetry_v4,change_detection,4,formal_cd,formal,1,11,19,formal,N4_same,1779089060,965.549,2026-05-18T15:40:56.844,0,0,0,1,994728.578,994733.193,,,,,s,,1,1976.214,,,,998328.578,998403.497,1000420.403,4000,2016.906,1000420.403,"[{""stage_name"": ""fixation"", ""planned_duration_ms"": 100, ""intended_onset_ms"": 994728.578, ""actual_onset_global_ms"": 994733.193, ""actual_offset_global_ms"": 994833.116, ""actual_duration_ms"": 99.923}, {""stage_name"": ""memory_array"", ""planned_duration_ms"": 2500, ""intended_onset_ms"": 994828.578, ""actual_onset_global_ms"": 994871.198, ""actual_offset_global_ms"": 997359.924, ""actual_duration_ms"": 2488.726}, {""stage_name"": ""delay"", ""planned_duration_ms"": 1000, ""intended_onset_ms"": 997359.924, ""actual_onset_global_ms"": 997363.288, ""actual_offset_global_ms"": 998364.237, ""actual_duration_ms"": 1000.949}, {""stage_name"": ""test_array"", ""planned_duration_ms"": 4000, ""intended_onset_ms"": 998364.237, ""actual_onset_global_ms"": 998403.497, ""actual_offset_global_ms"": 1000420.403, ""actual_duration_ms"": 2016.906}]",,,,,,,,,,,,,,,,,,,,,,,,,,,,,,,,,,,,,,,,,,,,,,,,,,1.0,,,,,,,,,,,,,4.0,same,2.0,"[-58.02, 184.57]","[[189.82, 195.65], [60.81, 252.84], [-58.02, 184.57], [-250.89, 37.04]]","[""purple"", ""yellow"", ""blue"", ""red""]","[""purple"", ""yellow"", ""blue"", ""red""]",blue,blue,s,same,5.0,1.0
35,35_T1_20260518_152420,PA,T1,standard,hci_substudy_v2,1,telemetry_v4,change_detection,4,formal_cd,formal,1,12,20,formal,N1_same,1779089060,965.549,2026-05-18T15:41:02.540,0,0,0,1,1000424.376,1000427.849,,,,,s,,1,2177.164,,,,1004024.376,1004051.452,1006241.275,4000,2189.823,1006241.275,"[{""stage_name"": ""fixation"", ""planned_duration_ms"": 100, ""intended_onset_ms"": 1000424.376, ""actual_onset_global_ms"": 1000427.849, ""actual_offset_global_ms"": 1000529.073, ""actual_duration_ms"": 101.224}, {""stage_name"": ""memory_array"", ""planned_duration_ms"": 2500, ""intended_onset_ms"": 1000524.376, ""actual_onset_global_ms"": 1000540.966, ""actual_offset_global_ms"": 1003035.936, ""actual_duration_ms"": 2494.97}, {""stage_name"": ""delay"", ""planned_duration_ms"": 1000, ""intended_onset_ms"": 1003035.936, ""actual_onset_global_ms"": 1003039.575, ""actual_offset_global_ms"": 1004038.667, ""actual_duration_ms"": 999.092}, {""stage_name"": ""test_array"", ""planned_duration_ms"": 4000, ""intended_onset_ms"": 1004038.667, ""actual_onset_global_ms"": 1004051.452, ""actual_offset_global_ms"": 1006241.275, ""actual_duration_ms"": 2189.823}]",,,,,,,,,,,,,,,,,,,,,,,,,,,,,,,,,,,,,,,,,,,,,,,,,,1.0,,,,,,,,,,,,,1.0,same,0.0,"[-37.95, -189.62]","[[-37.95, -189.62]]","[""green""]","[""green""]",green,green,s,same,1.0,1.0
35,35_T1_20260518_152420,PA,T1,standard,hci_substudy_v2,1,telemetry_v4,change_detection,4,formal_cd,formal,1,13,21,formal,N3_change,1779089060,965.549,2026-05-18T15:41:08.361,0,0,0,1,1006245.172,1006249.462,,,,,j,,1,8829.748,,,,1009845.172,1009908.936,1018769.591,4000,8860.655,1018769.591,"[{""stage_name"": ""fixation"", ""planned_duration_ms"": 100, ""intended_onset_ms"": 1006245.172, ""actual_onset_global_ms"": 1006249.462, ""actual_offset_global_ms"": 1006349.639, ""actual_duration_ms"": 100.177}, {""stage_name"": ""memory_array"", ""planned_duration_ms"": 2500, ""intended_onset_ms"": 1006345.172, ""actual_onset_global_ms"": 1006378.3, ""actual_offset_global_ms"": 1008873.997, ""actual_duration_ms"": 2495.697}, {""stage_name"": ""delay"", ""planned_duration_ms"": 1000, ""intended_onset_ms"": 1008873.997, ""actual_onset_global_ms"": 1008878.439, ""actual_offset_global_ms"": 1009877.712, ""actual_duration_ms"": 999.273}, {""stage_name"": ""test_array"", ""planned_duration_ms"": 4000, ""intended_onset_ms"": 1009877.712, ""actual_onset_global_ms"": 1009908.936, ""actual_offset_global_ms"": 1018769.591, ""actual_duration_ms"": 8860.655}]",,,,,,,,,,,,,,,,,,,,,,,,,,,,,,,,,,,,,,,,,,,,,,,,,,1.0,,,,,,,,,,,,,3.0,change,0.0,"[-31.9, 208.05]","[[-31.9, 208.05], [-92.07, -129.25], [238.12, 113.09]]","[""red"", ""yellow"", ""purple""]","[""blue"", ""yellow"", ""purple""]",red,blue,j,change,3.0,1.0
35,35_T1_20260518_152420,PA,T1,standard,hci_substudy_v2,1,telemetry_v4,change_detection,4,formal_cd,formal,1,14,22,formal,N1_same,1779089060,965.549,2026-05-18T15:41:20.889,0,0,0,1,1018773.471,1018777.547,,,,,s,,1,2421.176,,,,1022373.471,1022396.294,1024829.784,4000,2433.49,1024829.784,"[{""stage_name"": ""fixation"", ""planned_duration_ms"": 100, ""intended_onset_ms"": 1018773.471, ""actual_onset_global_ms"": 1018777.547, ""actual_offset_global_ms"": 1018876.193, ""actual_duration_ms"": 98.646}, {""stage_name"": ""memory_array"", ""planned_duration_ms"": 2500, ""intended_onset_ms"": 1018873.471, ""actual_onset_global_ms"": 1018889.292, ""actual_offset_global_ms"": 1021380.887, ""actual_duration_ms"": 2491.595}, {""stage_name"": ""delay"", ""planned_duration_ms"": 1000, ""intended_onset_ms"": 1021380.887, ""actual_onset_global_ms"": 1021384.303, ""actual_offset_global_ms"": 1022382.877, ""actual_duration_ms"": 998.574}, {""stage_name"": ""test_array"", ""planned_duration_ms"": 4000, ""intended_onset_ms"": 1022382.877, ""actual_onset_global_ms"": 1022396.294, ""actual_offset_global_ms"": 1024829.784, ""actual_duration_ms"": 2433.49}]",,,,,,,,,,,,,,,,,,,,,,,,,,,,,,,,,,,,,,,,,,,,,,,,,,1.0,,,,,,,,,,,,,1.0,same,0.0,"[123.16, -79.58]","[[123.16, -79.58]]","[""purple""]","[""purple""]",purple,purple,s,same,1.0,1.0
35,35_T1_20260518_152420,PA,T1,standard,hci_substudy_v2,1,telemetry_v4,change_detection,4,formal_cd,formal,1,15,23,formal,N3_change,1779089060,965.549,2026-05-18T15:41:26.950,0,0,0,1,1024834.419,1024839.696,,,,,j,,1,2488.053,,,,1028434.419,1028485.291,1031001.699,4000,2516.408,1031001.699,"[{""stage_name"": ""fixation"", ""planned_duration_ms"": 100, ""intended_onset_ms"": 1024834.419, ""actual_onset_global_ms"": 1024839.696, ""actual_offset_global_ms"": 1024937.209, ""actual_duration_ms"": 97.513}, {""stage_name"": ""memory_array"", ""planned_duration_ms"": 2500, ""intended_onset_ms"": 1024934.419, ""actual_onset_global_ms"": 1024967.901, ""actual_offset_global_ms"": 1027452.224, ""actual_duration_ms"": 2484.323}, {""stage_name"": ""delay"", ""planned_duration_ms"": 1000, ""intended_onset_ms"": 1027452.224, ""actual_onset_global_ms"": 1027455.858, ""actual_offset_global_ms"": 1028454.952, ""actual_duration_ms"": 999.094}, {""stage_name"": ""test_array"", ""planned_duration_ms"": 4000, ""intended_onset_ms"": 1028454.952, ""actual_onset_global_ms"": 1028485.291, ""actual_offset_global_ms"": 1031001.699, ""actual_duration_ms"": 2516.408}]",,,,,,,,,,,,,,,,,,,,,,,,,,,,,,,,,,,,,,,,,,,,,,,,,,1.0,,,,,,,,,,,,,3.0,change,2.0,"[-131.95, -12.2]","[[196.91, 151.67], [-231.62, 221.56], [-131.95, -12.2]]","[""red"", ""green"", ""blue""]","[""red"", ""green"", ""yellow""]",blue,yellow,j,change,6.0,1.0
35,35_T1_20260518_152420,PA,T1,standard,hci_substudy_v2,1,telemetry_v4,change_detection,4,formal_cd,formal,1,16,24,formal,N4_same,1779089060,965.549,2026-05-18T15:41:33.121,0,0,0,1,1031005.729,1031009.226,,,,,s,,1,2079.453,,,,1034605.729,1034665.005,1036767.421,4000,2102.416,1036767.421,"[{""stage_name"": ""fixation"", ""planned_duration_ms"": 100, ""intended_onset_ms"": 1031005.729, ""actual_onset_global_ms"": 1031009.226, ""actual_offset_global_ms"": 1031109.494, ""actual_duration_ms"": 100.268}, {""stage_name"": ""memory_array"", ""planned_duration_ms"": 2500, ""intended_onset_ms"": 1031105.729, ""actual_onset_global_ms"": 1031147.073, ""actual_offset_global_ms"": 1033621.821, ""actual_duration_ms"": 2474.748}, {""stage_name"": ""delay"", ""planned_duration_ms"": 1000, ""intended_onset_ms"": 1033621.821, ""actual_onset_global_ms"": 1033625.777, ""actual_offset_global_ms"": 1034625.383, ""actual_duration_ms"": 999.606}, {""stage_name"": ""test_array"", ""planned_duration_ms"": 4000, ""intended_onset_ms"": 1034625.383, ""actual_onset_global_ms"": 1034665.005, ""actual_offset_global_ms"": 1036767.421, ""actual_duration_ms"": 2102.416}]",,,,,,,,,,,,,,,,,,,,,,,,,,,,,,,,,,,,,,,,,,,,,,,,,,1.0,,,,,,,,,,,,,4.0,same,3.0,"[-0.53, -145.75]","[[-247.04, 185.93], [-109.95, -133.49], [69.53, 203.22], [-0.53, -145.75]]","[""purple"", ""yellow"", ""blue"", ""red""]","[""purple"", ""yellow"", ""blue"", ""red""]",red,red,s,same,4.0,1.0
35,35_T1_20260518_152420,PA,T1,standard,hci_substudy_v2,1,telemetry_v4,change_detection,4,formal_cd,formal,1,17,25,formal,N3_same,1779089060,965.549,2026-05-18T15:41:38.887,0,0,0,1,1036771.553,1036775.937,,,,,s,,0,6928.019,,,,1040371.553,1040423.624,1047358.138,4000,6934.514,1047358.138,"[{""stage_name"": ""fixation"", ""planned_duration_ms"": 100, ""intended_onset_ms"": 1036771.553, ""actual_onset_global_ms"": 1036775.937, ""actual_offset_global_ms"": 1036873.185, ""actual_duration_ms"": 97.248}, {""stage_name"": ""memory_array"", ""planned_duration_ms"": 2500, ""intended_onset_ms"": 1036871.553, ""actual_onset_global_ms"": 1036905.571, ""actual_offset_global_ms"": 1039390.403, ""actual_duration_ms"": 2484.832}, {""stage_name"": ""delay"", ""planned_duration_ms"": 1000, ""intended_onset_ms"": 1039390.403, ""actual_onset_global_ms"": 1039394.062, ""actual_offset_global_ms"": 1040392.816, ""actual_duration_ms"": 998.754}, {""stage_name"": ""test_array"", ""planned_duration_ms"": 4000, ""intended_onset_ms"": 1040392.816, ""actual_onset_global_ms"": 1040423.624, ""actual_offset_global_ms"": 1047358.138, ""actual_duration_ms"": 6934.514}]",,,,,,,,,,,,,,,,,,,,,,,,,,,,,,,,,,,,,,,,,,,,,,,,,,0.0,,,,,,,,,,,,,3.0,same,0.0,"[28.73, 257.01]","[[28.73, 257.01], [194.77, 35.89], [-233.01, 96.64]]","[""green"", ""red"", ""yellow""]","[""green"", ""red"", ""yellow""]",green,green,j,change,3.0,1.0
35,35_T1_20260518_152420,PA,T1,standard,hci_substudy_v2,1,telemetry_v4,change_detection,4,formal_cd,formal,1,18,26,formal,N4_change,1779089060,965.549,2026-05-18T15:41:49.477,0,0,0,1,1047362.12,1047366.683,,,,,j,,1,3006.336,,,,1050962.12,1051039.219,1054070.219,4000,3031.0,1054070.219,"[{""stage_name"": ""fixation"", ""planned_duration_ms"": 100, ""intended_onset_ms"": 1047362.12, ""actual_onset_global_ms"": 1047366.683, ""actual_offset_global_ms"": 1047465.627, ""actual_duration_ms"": 98.944}, {""stage_name"": ""memory_array"", ""planned_duration_ms"": 2500, ""intended_onset_ms"": 1047462.12, ""actual_onset_global_ms"": 1047504.471, ""actual_offset_global_ms"": 1049996.825, ""actual_duration_ms"": 2492.354}, {""stage_name"": ""delay"", ""planned_duration_ms"": 1000, ""intended_onset_ms"": 1049996.825, ""actual_onset_global_ms"": 1050000.715, ""actual_offset_global_ms"": 1050999.479, ""actual_duration_ms"": 998.764}, {""stage_name"": ""test_array"", ""planned_duration_ms"": 4000, ""intended_onset_ms"": 1050999.479, ""actual_onset_global_ms"": 1051039.219, ""actual_offset_global_ms"": 1054070.219, ""actual_duration_ms"": 3031.0}]",,,,,,,,,,,,,,,,,,,,,,,,,,,,,,,,,,,,,,,,,,,,,,,,,,1.0,,,,,,,,,,,,,4.0,change,2.0,"[86.24, -154.29]","[[-88.12, -143.99], [-174.18, -212.87], [86.24, -154.29], [69.34, 103.84]]","[""purple"", ""blue"", ""red"", ""green""]","[""purple"", ""blue"", ""yellow"", ""green""]",red,yellow,j,change,4.0,1.0
35,35_T1_20260518_152420,PA,T1,standard,hci_substudy_v2,1,telemetry_v4,change_detection,4,formal_cd,formal,1,19,27,formal,N3_change,1779089060,965.549,2026-05-18T15:41:56.189,0,0,0,1,1054074.231,1054077.863,,,,,j,,1,27220.899,,,,1057674.231,1057729.755,1084978.008,4000,27248.253,1084978.008,"[{""stage_name"": ""fixation"", ""planned_duration_ms"": 100, ""intended_onset_ms"": 1054074.231, ""actual_onset_global_ms"": 1054077.863, ""actual_offset_global_ms"": 1054175.92, ""actual_duration_ms"": 98.057}, {""stage_name"": ""memory_array"", ""planned_duration_ms"": 2500, ""intended_onset_ms"": 1054174.231, ""actual_onset_global_ms"": 1054207.448, ""actual_offset_global_ms"": 1056693.695, ""actual_duration_ms"": 2486.247}, {""stage_name"": ""delay"", ""planned_duration_ms"": 1000, ""intended_onset_ms"": 1056693.695, ""actual_onset_global_ms"": 1056697.78, ""actual_offset_global_ms"": 1057697.015, ""actual_duration_ms"": 999.235}, {""stage_name"": ""test_array"", ""planned_duration_ms"": 4000, ""intended_onset_ms"": 1057697.015, ""actual_onset_global_ms"": 1057729.755, ""actual_offset_global_ms"": 1084978.008, ""actual_duration_ms"": 27248.253}]",,,,,,,,,,,,,,,,,,,,,,,,,,,,,,,,,,,,,,,,,,,,,,,,,,1.0,,,,,,,,,,,,,3.0,change,0.0,"[-126.53, -149.74]","[[-126.53, -149.74], [-254.19, -167.97], [-255.21, 7.87]]","[""yellow"", ""purple"", ""red""]","[""blue"", ""purple"", ""red""]",yellow,blue,j,change,4.0,1.0
35,35_T1_20260518_152420,PA,T1,standard,hci_substudy_v2,1,telemetry_v4,change_detection,4,formal_cd,formal,1,20,28,formal,N2_change,1779089060,965.549,2026-05-18T15:42:27.097,0,0,0,1,1084982.061,1084986.604,,,,,j,,1,3001.953,,,,1088582.061,1088616.464,1091643.785,4000,3027.321,1091643.785,"[{""stage_name"": ""fixation"", ""planned_duration_ms"": 100, ""intended_onset_ms"": 1084982.061, ""actual_onset_global_ms"": 1084986.604, ""actual_offset_global_ms"": 1085086.708, ""actual_duration_ms"": 100.104}, {""stage_name"": ""memory_array"", ""planned_duration_ms"": 2500, ""intended_onset_ms"": 1085082.061, ""actual_onset_global_ms"": 1085108.863, ""actual_offset_global_ms"": 1087589.817, ""actual_duration_ms"": 2480.954}, {""stage_name"": ""delay"", ""planned_duration_ms"": 1000, ""intended_onset_ms"": 1087589.817, ""actual_onset_global_ms"": 1087593.671, ""actual_offset_global_ms"": 1088593.754, ""actual_duration_ms"": 1000.083}, {""stage_name"": ""test_array"", ""planned_duration_ms"": 4000, ""intended_onset_ms"": 1088593.754, ""actual_onset_global_ms"": 1088616.464, ""actual_offset_global_ms"": 1091643.785, ""actual_duration_ms"": 3027.321}]",,,,,,,,,,,,,,,,,,,,,,,,,,,,,,,,,,,,,,,,,,,,,,,,,,1.0,,,,,,,,,,,,,2.0,change,1.0,"[-118.76, 195.13]","[[-172.93, -113.92], [-118.76, 195.13]]","[""green"", ""yellow""]","[""green"", ""purple""]",yellow,purple,j,change,2.0,1.0
35,35_T1_20260518_152420,PA,T1,standard,hci_substudy_v2,1,telemetry_v4,change_detection,4,formal_cd,formal,1,21,29,formal,N2_same,1779089060,965.549,2026-05-18T15:42:33.763,0,0,0,1,1091647.936,1091652.02,,,,,s,,1,1756.311,,,,1095247.936,1095293.295,1097056.174,4000,1762.879,1097056.174,"[{""stage_name"": ""fixation"", ""planned_duration_ms"": 100, ""intended_onset_ms"": 1091647.936, ""actual_onset_global_ms"": 1091652.02, ""actual_offset_global_ms"": 1091752.691, ""actual_duration_ms"": 100.671}, {""stage_name"": ""memory_array"", ""planned_duration_ms"": 2500, ""intended_onset_ms"": 1091747.936, ""actual_onset_global_ms"": 1091774.467, ""actual_offset_global_ms"": 1094266.856, ""actual_duration_ms"": 2492.389}, {""stage_name"": ""delay"", ""planned_duration_ms"": 1000, ""intended_onset_ms"": 1094266.856, ""actual_onset_global_ms"": 1094270.767, ""actual_offset_global_ms"": 1095271.129, ""actual_duration_ms"": 1000.362}, {""stage_name"": ""test_array"", ""planned_duration_ms"": 4000, ""intended_onset_ms"": 1095271.129, ""actual_onset_global_ms"": 1095293.295, ""actual_offset_global_ms"": 1097056.174, ""actual_duration_ms"": 1762.879}]",,,,,,,,,,,,,,,,,,,,,,,,,,,,,,,,,,,,,,,,,,,,,,,,,,1.0,,,,,,,,,,,,,2.0,same,0.0,"[-240.56, 122.75]","[[-240.56, 122.75], [247.3, 224.01]]","[""red"", ""purple""]","[""red"", ""purple""]",red,red,s,same,2.0,1.0
35,35_T1_20260518_152420,PA,T1,standard,hci_substudy_v2,1,telemetry_v4,change_detection,4,formal_cd,formal,1,22,30,formal,N2_change,1779089060,965.549,2026-05-18T15:42:39.176,0,0,0,1,1097060.468,1097065.459,,,,,j,,1,1811.119,,,,1100660.468,1100707.815,1102542.707,4000,1834.892,1102542.707,"[{""stage_name"": ""fixation"", ""planned_duration_ms"": 100, ""intended_onset_ms"": 1097060.468, ""actual_onset_global_ms"": 1097065.459, ""actual_offset_global_ms"": 1097162.739, ""actual_duration_ms"": 97.28}, {""stage_name"": ""memory_array"", ""planned_duration_ms"": 2500, ""intended_onset_ms"": 1097160.468, ""actual_onset_global_ms"": 1097185.942, ""actual_offset_global_ms"": 1099681.376, ""actual_duration_ms"": 2495.434}, {""stage_name"": ""delay"", ""planned_duration_ms"": 1000, ""intended_onset_ms"": 1099681.376, ""actual_onset_global_ms"": 1099685.541, ""actual_offset_global_ms"": 1100683.562, ""actual_duration_ms"": 998.021}, {""stage_name"": ""test_array"", ""planned_duration_ms"": 4000, ""intended_onset_ms"": 1100683.562, ""actual_onset_global_ms"": 1100707.815, ""actual_offset_global_ms"": 1102542.707, ""actual_duration_ms"": 1834.892}]",,,,,,,,,,,,,,,,,,,,,,,,,,,,,,,,,,,,,,,,,,,,,,,,,,1.0,,,,,,,,,,,,,2.0,change,0.0,"[-147.5, -117.68]","[[-147.5, -117.68], [-216.43, 96.92]]","[""red"", ""green""]","[""purple"", ""green""]",red,purple,j,change,2.0,1.0
35,35_T1_20260518_152420,PA,T1,standard,hci_substudy_v2,1,telemetry_v4,change_detection,4,formal_cd,formal,1,23,31,formal,N3_same,1779089060,965.549,2026-05-18T15:42:44.662,0,0,0,1,1102546.701,1102550.521,,,,,s,,1,2453.075,,,,1106146.701,1106193.462,1108672.318,4000,2478.856,1108672.318,"[{""stage_name"": ""fixation"", ""planned_duration_ms"": 100, ""intended_onset_ms"": 1102546.701, ""actual_onset_global_ms"": 1102550.521, ""actual_offset_global_ms"": 1102650.261, ""actual_duration_ms"": 99.74}, {""stage_name"": ""memory_array"", ""planned_duration_ms"": 2500, ""intended_onset_ms"": 1102646.701, ""actual_onset_global_ms"": 1102680.689, ""actual_offset_global_ms"": 1105157.071, ""actual_duration_ms"": 2476.382}, {""stage_name"": ""delay"", ""planned_duration_ms"": 1000, ""intended_onset_ms"": 1105157.071, ""actual_onset_global_ms"": 1105160.744, ""actual_offset_global_ms"": 1106161.387, ""actual_duration_ms"": 1000.643}, {""stage_name"": ""test_array"", ""planned_duration_ms"": 4000, ""intended_onset_ms"": 1106161.387, ""actual_onset_global_ms"": 1106193.462, ""actual_offset_global_ms"": 1108672.318, ""actual_duration_ms"": 2478.856}]",,,,,,,,,,,,,,,,,,,,,,,,,,,,,,,,,,,,,,,,,,,,,,,,,,1.0,,,,,,,,,,,,,3.0,same,1.0,"[97.57, 188.3]","[[238.37, 40.39], [97.57, 188.3], [-160.87, 182.36]]","[""green"", ""red"", ""blue""]","[""green"", ""red"", ""blue""]",red,red,s,same,3.0,1.0
35,35_T1_20260518_152420,PA,T1,standard,hci_substudy_v2,1,telemetry_v4,change_detection,4,formal_cd,formal,1,24,32,formal,N1_change,1779089060,965.549,2026-05-18T15:42:50.792,0,0,0,1,1108676.869,1108681.597,,,,,j,,1,4167.316,,,,1112276.869,1112349.053,1116531.997,4000,4182.944,1116531.997,"[{""stage_name"": ""fixation"", ""planned_duration_ms"": 100, ""intended_onset_ms"": 1108676.869, ""actual_onset_global_ms"": 1108681.597, ""actual_offset_global_ms"": 1108779.401, ""actual_duration_ms"": 97.804}, {""stage_name"": ""memory_array"", ""planned_duration_ms"": 2500, ""intended_onset_ms"": 1108776.869, ""actual_onset_global_ms"": 1108793.009, ""actual_offset_global_ms"": 1111331.308, ""actual_duration_ms"": 2538.299}, {""stage_name"": ""delay"", ""planned_duration_ms"": 1000, ""intended_onset_ms"": 1111331.308, ""actual_onset_global_ms"": 1111334.814, ""actual_offset_global_ms"": 1112335.323, ""actual_duration_ms"": 1000.509}, {""stage_name"": ""test_array"", ""planned_duration_ms"": 4000, ""intended_onset_ms"": 1112335.323, ""actual_onset_global_ms"": 1112349.053, ""actual_offset_global_ms"": 1116531.997, ""actual_duration_ms"": 4182.944}]",,,,,,,,,,,,,,,,,,,,,,,,,,,,,,,,,,,,,,,,,,,,,,,,,,1.0,,,,,,,,,,,,,1.0,change,0.0,"[216.37, 101.76]","[[216.37, 101.76]]","[""purple""]","[""yellow""]",purple,yellow,j,change,2.0,1.0
35,35_T1_20260518_152420,PA,T1,standard,hci_substudy_v2,1,telemetry_v4,change_detection,4,formal_cd,formal,1,25,33,formal,N1_same,1779089060,965.549,2026-05-18T15:42:58.651,0,0,0,1,1116536.331,1116541.494,,,,,s,,1,2438.261,,,,1120136.331,1120158.325,1122605.613,4000,2447.288,1122605.613,"[{""stage_name"": ""fixation"", ""planned_duration_ms"": 100, ""intended_onset_ms"": 1116536.331, ""actual_onset_global_ms"": 1116541.494, ""actual_offset_global_ms"": 1116641.453, ""actual_duration_ms"": 99.959}, {""stage_name"": ""memory_array"", ""planned_duration_ms"": 2500, ""intended_onset_ms"": 1116636.331, ""actual_onset_global_ms"": 1116653.665, ""actual_offset_global_ms"": 1119142.166, ""actual_duration_ms"": 2488.501}, {""stage_name"": ""delay"", ""planned_duration_ms"": 1000, ""intended_onset_ms"": 1119142.166, ""actual_onset_global_ms"": 1119145.708, ""actual_offset_global_ms"": 1120145.541, ""actual_duration_ms"": 999.833}, {""stage_name"": ""test_array"", ""planned_duration_ms"": 4000, ""intended_onset_ms"": 1120145.541, ""actual_onset_global_ms"": 1120158.325, ""actual_offset_global_ms"": 1122605.613, ""actual_duration_ms"": 2447.288}]",,,,,,,,,,,,,,,,,,,,,,,,,,,,,,,,,,,,,,,,,,,,,,,,,,1.0,,,,,,,,,,,,,1.0,same,0.0,"[150.34, -257.65]","[[150.34, -257.65]]","[""green""]","[""green""]",green,green,s,same,4.0,1.0
35,35_T1_20260518_152420,PA,T1,standard,hci_substudy_v2,1,telemetry_v4,change_detection,4,formal_cd,formal,1,26,34,formal,N3_same,1779089060,965.549,2026-05-18T15:43:04.726,0,0,0,1,1122610.315,1122613.995,,,,,s,,1,1671.92,,,,1126210.315,1126270.912,1127965.422,4000,1694.51,1127965.422,"[{""stage_name"": ""fixation"", ""planned_duration_ms"": 100, ""intended_onset_ms"": 1122610.315, ""actual_onset_global_ms"": 1122613.995, ""actual_offset_global_ms"": 1122714.621, ""actual_duration_ms"": 100.626}, {""stage_name"": ""memory_array"", ""planned_duration_ms"": 2500, ""intended_onset_ms"": 1122710.315, ""actual_onset_global_ms"": 1122743.781, ""actual_offset_global_ms"": 1125237.248, ""actual_duration_ms"": 2493.467}, {""stage_name"": ""delay"", ""planned_duration_ms"": 1000, ""intended_onset_ms"": 1125237.248, ""actual_onset_global_ms"": 1125241.474, ""actual_offset_global_ms"": 1126239.971, ""actual_duration_ms"": 998.497}, {""stage_name"": ""test_array"", ""planned_duration_ms"": 4000, ""intended_onset_ms"": 1126239.971, ""actual_onset_global_ms"": 1126270.912, ""actual_offset_global_ms"": 1127965.422, ""actual_duration_ms"": 1694.51}]",,,,,,,,,,,,,,,,,,,,,,,,,,,,,,,,,,,,,,,,,,,,,,,,,,1.0,,,,,,,,,,,,,3.0,same,2.0,"[-243.75, -130.15]","[[-30.0, 87.24], [-135.02, 22.71], [-243.75, -130.15]]","[""yellow"", ""red"", ""purple""]","[""yellow"", ""red"", ""purple""]",purple,purple,s,same,4.0,1.0
35,35_T1_20260518_152420,PA,T1,standard,hci_substudy_v2,1,telemetry_v4,change_detection,4,formal_cd,formal,1,27,35,formal,N1_change,1779089060,965.549,2026-05-18T15:43:10.085,0,0,0,1,1127970.047,1127974.964,,,,,j,,0,22490.325,,,,1131570.047,1131595.078,1154089.512,4000,22494.434,1154089.512,"[{""stage_name"": ""fixation"", ""planned_duration_ms"": 100, ""intended_onset_ms"": 1127970.047, ""actual_onset_global_ms"": 1127974.964, ""actual_offset_global_ms"": 1128073.974, ""actual_duration_ms"": 99.01}, {""stage_name"": ""memory_array"", ""planned_duration_ms"": 2500, ""intended_onset_ms"": 1128070.047, ""actual_onset_global_ms"": 1128086.298, ""actual_offset_global_ms"": 1130578.515, ""actual_duration_ms"": 2492.217}, {""stage_name"": ""delay"", ""planned_duration_ms"": 1000, ""intended_onset_ms"": 1130578.515, ""actual_onset_global_ms"": 1130582.695, ""actual_offset_global_ms"": 1131581.207, ""actual_duration_ms"": 998.512}, {""stage_name"": ""test_array"", ""planned_duration_ms"": 4000, ""intended_onset_ms"": 1131581.207, ""actual_onset_global_ms"": 1131595.078, ""actual_offset_global_ms"": 1154089.512, ""actual_duration_ms"": 22494.434}]",,,,,,,,,,,,,,,,,,,,,,,,,,,,,,,,,,,,,,,,,,,,,,,,,,0.0,,,,,,,,,,,,,1.0,change,0.0,"[36.14, 196.53]","[[36.14, 196.53]]","[""blue""]","[""purple""]",blue,purple,s,same,1.0,1.0
35,35_T1_20260518_152420,PA,T1,standard,hci_substudy_v2,1,telemetry_v4,change_detection,4,formal_cd,formal,1,28,36,formal,N1_change,1779089060,965.549,2026-05-18T15:43:36.209,0,0,0,1,1154093.939,1154097.668,,,,,j,,1,1696.603,,,,1157693.939,1157721.195,1159432.497,4000,1711.302,1159432.497,"[{""stage_name"": ""fixation"", ""planned_duration_ms"": 100, ""intended_onset_ms"": 1154093.939, ""actual_onset_global_ms"": 1154097.668, ""actual_offset_global_ms"": 1154195.504, ""actual_duration_ms"": 97.836}, {""stage_name"": ""memory_array"", ""planned_duration_ms"": 2500, ""intended_onset_ms"": 1154193.939, ""actual_onset_global_ms"": 1154210.415, ""actual_offset_global_ms"": 1156704.463, ""actual_duration_ms"": 2494.048}, {""stage_name"": ""delay"", ""planned_duration_ms"": 1000, ""intended_onset_ms"": 1156704.463, ""actual_onset_global_ms"": 1156708.026, ""actual_offset_global_ms"": 1157708.378, ""actual_duration_ms"": 1000.352}, {""stage_name"": ""test_array"", ""planned_duration_ms"": 4000, ""intended_onset_ms"": 1157708.378, ""actual_onset_global_ms"": 1157721.195, ""actual_offset_global_ms"": 1159432.497, ""actual_duration_ms"": 1711.302}]",,,,,,,,,,,,,,,,,,,,,,,,,,,,,,,,,,,,,,,,,,,,,,,,,,1.0,,,,,,,,,,,,,1.0,change,0.0,"[211.86, -60.04]","[[211.86, -60.04]]","[""blue""]","[""green""]",blue,green,j,change,1.0,1.0
35,35_T1_20260518_152420,PA,T1,standard,hci_substudy_v2,1,telemetry_v4,change_detection,4,formal_cd,formal,1,29,37,formal,N4_same,1779089060,965.549,2026-05-18T15:43:41.552,0,0,0,1,1159436.835,1159441.603,,,,,s,,1,2651.487,,,,1163036.835,1163116.943,1165795.508,4000,2678.565,1165795.508,"[{""stage_name"": ""fixation"", ""planned_duration_ms"": 100, ""intended_onset_ms"": 1159436.835, ""actual_onset_global_ms"": 1159441.603, ""actual_offset_global_ms"": 1159539.614, ""actual_duration_ms"": 98.011}, {""stage_name"": ""memory_array"", ""planned_duration_ms"": 2500, ""intended_onset_ms"": 1159536.835, ""actual_onset_global_ms"": 1159579.405, ""actual_offset_global_ms"": 1162073.852, ""actual_duration_ms"": 2494.447}, {""stage_name"": ""delay"", ""planned_duration_ms"": 1000, ""intended_onset_ms"": 1162073.852, ""actual_onset_global_ms"": 1162077.781, ""actual_offset_global_ms"": 1163077.925, ""actual_duration_ms"": 1000.144}, {""stage_name"": ""test_array"", ""planned_duration_ms"": 4000, ""intended_onset_ms"": 1163077.925, ""actual_onset_global_ms"": 1163116.943, ""actual_offset_global_ms"": 1165795.508, ""actual_duration_ms"": 2678.565}]",,,,,,,,,,,,,,,,,,,,,,,,,,,,,,,,,,,,,,,,,,,,,,,,,,1.0,,,,,,,,,,,,,4.0,same,0.0,"[-227.65, -41.73]","[[-227.65, -41.73], [-124.03, 19.54], [105.8, 227.16], [-75.62, -123.97]]","[""red"", ""purple"", ""yellow"", ""blue""]","[""red"", ""purple"", ""yellow"", ""blue""]",red,red,s,same,5.0,1.0
35,35_T1_20260518_152420,PA,T1,standard,hci_substudy_v2,1,telemetry_v4,change_detection,4,formal_cd,formal,1,30,38,formal,N4_change,1779089060,965.549,2026-05-18T15:43:47.916,0,0,0,1,1165799.967,1165804.699,,,,,j,,1,9580.228,,,,1169399.967,1169466.321,1179086.347,4000,9620.026,1179086.347,"[{""stage_name"": ""fixation"", ""planned_duration_ms"": 100, ""intended_onset_ms"": 1165799.967, ""actual_onset_global_ms"": 1165804.699, ""actual_offset_global_ms"": 1165903.041, ""actual_duration_ms"": 98.342}, {""stage_name"": ""memory_array"", ""planned_duration_ms"": 2500, ""intended_onset_ms"": 1165899.967, ""actual_onset_global_ms"": 1165943.06, ""actual_offset_global_ms"": 1168421.527, ""actual_duration_ms"": 2478.467}, {""stage_name"": ""delay"", ""planned_duration_ms"": 1000, ""intended_onset_ms"": 1168421.527, ""actual_onset_global_ms"": 1168425.165, ""actual_offset_global_ms"": 1169425.207, ""actual_duration_ms"": 1000.042}, {""stage_name"": ""test_array"", ""planned_duration_ms"": 4000, ""intended_onset_ms"": 1169425.207, ""actual_onset_global_ms"": 1169466.321, ""actual_offset_global_ms"": 1179086.347, ""actual_duration_ms"": 9620.026}]",,,,,,,,,,,,,,,,,,,,,,,,,,,,,,,,,,,,,,,,,,,,,,,,,,1.0,,,,,,,,,,,,,4.0,change,2.0,"[-184.52, 25.88]","[[-118.71, 103.67], [143.13, -35.27], [-184.52, 25.88], [217.98, 185.65]]","[""blue"", ""purple"", ""yellow"", ""green""]","[""blue"", ""purple"", ""red"", ""green""]",yellow,red,j,change,4.0,1.0
35,35_T1_20260518_152420,PA,T1,standard,hci_substudy_v2,1,telemetry_v4,change_detection,4,formal_cd,formal,1,31,39,formal,N2_change,1779089060,965.549,2026-05-18T15:44:01.206,0,0,0,1,1179091.186,1179095.874,,,,,j,,1,2988.798,,,,1182691.186,1182738.807,1185741.641,4000,3002.834,1185741.641,"[{""stage_name"": ""fixation"", ""planned_duration_ms"": 100, ""intended_onset_ms"": 1179091.186, ""actual_onset_global_ms"": 1179095.874, ""actual_offset_global_ms"": 1179192.746, ""actual_duration_ms"": 96.872}, {""stage_name"": ""memory_array"", ""planned_duration_ms"": 2500, ""intended_onset_ms"": 1179191.186, ""actual_onset_global_ms"": 1179215.355, ""actual_offset_global_ms"": 1181712.056, ""actual_duration_ms"": 2496.701}, {""stage_name"": ""delay"", ""planned_duration_ms"": 1000, ""intended_onset_ms"": 1181712.056, ""actual_onset_global_ms"": 1181716.072, ""actual_offset_global_ms"": 1182714.375, ""actual_duration_ms"": 998.303}, {""stage_name"": ""test_array"", ""planned_duration_ms"": 4000, ""intended_onset_ms"": 1182714.375, ""actual_onset_global_ms"": 1182738.807, ""actual_offset_global_ms"": 1185741.641, ""actual_duration_ms"": 3002.834}]",,,,,,,,,,,,,,,,,,,,,,,,,,,,,,,,,,,,,,,,,,,,,,,,,,1.0,,,,,,,,,,,,,2.0,change,1.0,"[17.41, 179.25]","[[47.26, -78.36], [17.41, 179.25]]","[""blue"", ""green""]","[""blue"", ""purple""]",green,purple,j,change,3.0,1.0
35,35_T1_20260518_152420,PA,T1,standard,hci_substudy_v2,1,telemetry_v4,change_detection,4,formal_cd,formal,1,32,40,formal,N2_same,1779089060,965.549,2026-05-18T15:44:07.861,0,0,0,1,1185746.128,1185751.669,,,,,s,,1,2071.314,,,,1189346.128,1189390.248,1191477.592,4000,2087.344,1191477.592,"[{""stage_name"": ""fixation"", ""planned_duration_ms"": 100, ""intended_onset_ms"": 1185746.128, ""actual_onset_global_ms"": 1185751.669, ""actual_offset_global_ms"": 1185848.306, ""actual_duration_ms"": 96.637}, {""stage_name"": ""memory_array"", ""planned_duration_ms"": 2500, ""intended_onset_ms"": 1185846.128, ""actual_onset_global_ms"": 1185871.464, ""actual_offset_global_ms"": 1188364.551, ""actual_duration_ms"": 2493.087}, {""stage_name"": ""delay"", ""planned_duration_ms"": 1000, ""intended_onset_ms"": 1188364.551, ""actual_onset_global_ms"": 1188368.517, ""actual_offset_global_ms"": 1189367.279, ""actual_duration_ms"": 998.762}, {""stage_name"": ""test_array"", ""planned_duration_ms"": 4000, ""intended_onset_ms"": 1189367.279, ""actual_onset_global_ms"": 1189390.248, ""actual_offset_global_ms"": 1191477.592, ""actual_duration_ms"": 2087.344}]",,,,,,,,,,,,,,,,,,,,,,,,,,,,,,,,,,,,,,,,,,,,,,,,,,1.0,,,,,,,,,,,,,2.0,same,0.0,"[-30.61, -183.21]","[[-30.61, -183.21], [-149.65, -26.38]]","[""blue"", ""green""]","[""blue"", ""green""]",blue,blue,s,same,2.0,1.0
35,35_T1_20260518_152420,PA,T1,standard,hci_substudy_v2,1,telemetry_v4,change_detection,4,formal_cd,formal,1,33,41,formal,N2_change,1779089060,965.549,2026-05-18T15:44:13.598,0,0,0,1,1191482.046,1191486.193,,,,,j,,1,2464.377,,,,1195082.046,1195115.129,1197596.729,4000,2481.6,1197596.729,"[{""stage_name"": ""fixation"", ""planned_duration_ms"": 100, ""intended_onset_ms"": 1191482.046, ""actual_onset_global_ms"": 1191486.193, ""actual_offset_global_ms"": 1191585.156, ""actual_duration_ms"": 98.963}, {""stage_name"": ""memory_array"", ""planned_duration_ms"": 2500, ""intended_onset_ms"": 1191582.046, ""actual_onset_global_ms"": 1191605.998, ""actual_offset_global_ms"": 1194090.174, ""actual_duration_ms"": 2484.176}, {""stage_name"": ""delay"", ""planned_duration_ms"": 1000, ""intended_onset_ms"": 1194090.174, ""actual_onset_global_ms"": 1194093.969, ""actual_offset_global_ms"": 1195093.109, ""actual_duration_ms"": 999.14}, {""stage_name"": ""test_array"", ""planned_duration_ms"": 4000, ""intended_onset_ms"": 1195093.109, ""actual_onset_global_ms"": 1195115.129, ""actual_offset_global_ms"": 1197596.729, ""actual_duration_ms"": 2481.6}]",,,,,,,,,,,,,,,,,,,,,,,,,,,,,,,,,,,,,,,,,,,,,,,,,,1.0,,,,,,,,,,,,,2.0,change,0.0,"[120.55, -15.18]","[[120.55, -15.18], [-143.31, 204.53]]","[""green"", ""yellow""]","[""red"", ""yellow""]",green,red,j,change,2.0,1.0
35,35_T1_20260518_152420,PA,T1,standard,hci_substudy_v2,1,telemetry_v4,change_detection,4,formal_cd,formal,1,34,42,formal,N3_same,1779089060,965.549,2026-05-18T15:44:19.717,0,0,0,1,1197601.476,1197606.257,,,,,s,,1,1609.024,,,,1201201.476,1201249.479,1202887.576,4000,1638.097,1202887.576,"[{""stage_name"": ""fixation"", ""planned_duration_ms"": 100, ""intended_onset_ms"": 1197601.476, ""actual_onset_global_ms"": 1197606.257, ""actual_offset_global_ms"": 1197703.968, ""actual_duration_ms"": 97.711}, {""stage_name"": ""memory_array"", ""planned_duration_ms"": 2500, ""intended_onset_ms"": 1197701.476, ""actual_onset_global_ms"": 1197736.057, ""actual_offset_global_ms"": 1200213.962, ""actual_duration_ms"": 2477.905}, {""stage_name"": ""delay"", ""planned_duration_ms"": 1000, ""intended_onset_ms"": 1200213.962, ""actual_onset_global_ms"": 1200217.469, ""actual_offset_global_ms"": 1201218.584, ""actual_duration_ms"": 1001.115}, {""stage_name"": ""test_array"", ""planned_duration_ms"": 4000, ""intended_onset_ms"": 1201218.584, ""actual_onset_global_ms"": 1201249.479, ""actual_offset_global_ms"": 1202887.576, ""actual_duration_ms"": 1638.097}]",,,,,,,,,,,,,,,,,,,,,,,,,,,,,,,,,,,,,,,,,,,,,,,,,,1.0,,,,,,,,,,,,,3.0,same,1.0,"[-162.47, -95.35]","[[226.29, 66.59], [-162.47, -95.35], [-83.89, 196.1]]","[""purple"", ""yellow"", ""red""]","[""purple"", ""yellow"", ""red""]",yellow,yellow,s,same,3.0,1.0
35,35_T1_20260518_152420,PA,T1,standard,hci_substudy_v2,1,telemetry_v4,change_detection,4,formal_cd,formal,1,35,43,formal,N2_same,1779089060,965.549,2026-05-18T15:44:25.008,0,0,0,1,1202892.039,1202895.827,,,,,s,,0,3822.48,,,,1206492.039,1206539.055,1210377.726,4000,3838.671,1210377.726,"[{""stage_name"": ""fixation"", ""planned_duration_ms"": 100, ""intended_onset_ms"": 1202892.039, ""actual_onset_global_ms"": 1202895.827, ""actual_offset_global_ms"": 1202996.296, ""actual_duration_ms"": 100.469}, {""stage_name"": ""memory_array"", ""planned_duration_ms"": 2500, ""intended_onset_ms"": 1202992.039, ""actual_onset_global_ms"": 1203017.944, ""actual_offset_global_ms"": 1205514.117, ""actual_duration_ms"": 2496.173}, {""stage_name"": ""delay"", ""planned_duration_ms"": 1000, ""intended_onset_ms"": 1205514.117, ""actual_onset_global_ms"": 1205517.971, ""actual_offset_global_ms"": 1206517.736, ""actual_duration_ms"": 999.765}, {""stage_name"": ""test_array"", ""planned_duration_ms"": 4000, ""intended_onset_ms"": 1206517.736, ""actual_onset_global_ms"": 1206539.055, ""actual_offset_global_ms"": 1210377.726, ""actual_duration_ms"": 3838.671}]",,,,,,,,,,,,,,,,,,,,,,,,,,,,,,,,,,,,,,,,,,,,,,,,,,0.0,,,,,,,,,,,,,2.0,same,1.0,"[-154.33, 59.59]","[[14.2, 241.9], [-154.33, 59.59]]","[""red"", ""yellow""]","[""red"", ""yellow""]",yellow,yellow,j,change,3.0,1.0
35,35_T1_20260518_152420,PA,T1,standard,hci_substudy_v2,1,telemetry_v4,change_detection,4,formal_cd,formal,1,36,44,formal,N4_change,1779089060,965.549,2026-05-18T15:44:32.497,0,0,0,1,1210382.326,1210387.022,,,,,j,,0,3575.457,,,,1213982.326,1214049.894,1217631.336,4000,3581.442,1217631.336,"[{""stage_name"": ""fixation"", ""planned_duration_ms"": 100, ""intended_onset_ms"": 1210382.326, ""actual_onset_global_ms"": 1210387.022, ""actual_offset_global_ms"": 1210484.28, ""actual_duration_ms"": 97.258}, {""stage_name"": ""memory_array"", ""planned_duration_ms"": 2500, ""intended_onset_ms"": 1210482.326, ""actual_onset_global_ms"": 1210523.77, ""actual_offset_global_ms"": 1213007.928, ""actual_duration_ms"": 2484.158}, {""stage_name"": ""delay"", ""planned_duration_ms"": 1000, ""intended_onset_ms"": 1213007.928, ""actual_onset_global_ms"": 1213011.444, ""actual_offset_global_ms"": 1214010.841, ""actual_duration_ms"": 999.397}, {""stage_name"": ""test_array"", ""planned_duration_ms"": 4000, ""intended_onset_ms"": 1214010.841, ""actual_onset_global_ms"": 1214049.894, ""actual_offset_global_ms"": 1217631.336, ""actual_duration_ms"": 3581.442}]",,,,,,,,,,,,,,,,,,,,,,,,,,,,,,,,,,,,,,,,,,,,,,,,,,0.0,,,,,,,,,,,,,4.0,change,2.0,"[98.69, 234.83]","[[211.31, 6.33], [-9.06, 168.22], [98.69, 234.83], [-169.05, -127.61]]","[""purple"", ""red"", ""blue"", ""yellow""]","[""purple"", ""red"", ""green"", ""yellow""]",blue,green,s,same,5.0,1.0
35,35_T1_20260518_152420,PA,T1,standard,hci_substudy_v2,1,telemetry_v4,change_detection,4,formal_cd,formal,1,37,45,formal,N2_same,1779089060,965.549,2026-05-18T15:44:39.751,0,0,0,1,1217635.909,1217641.226,,,,,s,,0,1907.526,,,,1221235.909,1221284.289,1223215.624,4000,1931.335,1223215.624,"[{""stage_name"": ""fixation"", ""planned_duration_ms"": 100, ""intended_onset_ms"": 1217635.909, ""actual_onset_global_ms"": 1217641.226, ""actual_offset_global_ms"": 1217740.236, ""actual_duration_ms"": 99.01}, {""stage_name"": ""memory_array"", ""planned_duration_ms"": 2500, ""intended_onset_ms"": 1217735.909, ""actual_onset_global_ms"": 1217761.73, ""actual_offset_global_ms"": 1220261.783, ""actual_duration_ms"": 2500.053}, {""stage_name"": ""delay"", ""planned_duration_ms"": 1000, ""intended_onset_ms"": 1220261.783, ""actual_onset_global_ms"": 1220263.38, ""actual_offset_global_ms"": 1221261.849, ""actual_duration_ms"": 998.469}, {""stage_name"": ""test_array"", ""planned_duration_ms"": 4000, ""intended_onset_ms"": 1221261.849, ""actual_onset_global_ms"": 1221284.289, ""actual_offset_global_ms"": 1223215.624, ""actual_duration_ms"": 1931.335}]",,,,,,,,,,,,,,,,,,,,,,,,,,,,,,,,,,,,,,,,,,,,,,,,,,0.0,,,,,,,,,,,,,2.0,same,0.0,"[-159.64, -105.37]","[[-159.64, -105.37], [229.04, 85.18]]","[""yellow"", ""blue""]","[""yellow"", ""blue""]",yellow,yellow,j,change,2.0,1.0
35,35_T1_20260518_152420,PA,T1,standard,hci_substudy_v2,1,telemetry_v4,change_detection,4,formal_cd,formal,1,38,46,formal,N4_same,1779089060,965.549,2026-05-18T15:44:45.336,0,0,0,1,1223220.36,1223224.446,,,,,s,,1,1817.589,,,,1226820.36,1226882.66,1228733.85,4000,1851.19,1228733.85,"[{""stage_name"": ""fixation"", ""planned_duration_ms"": 100, ""intended_onset_ms"": 1223220.36, ""actual_onset_global_ms"": 1223224.446, ""actual_offset_global_ms"": 1223323.639, ""actual_duration_ms"": 99.193}, {""stage_name"": ""memory_array"", ""planned_duration_ms"": 2500, ""intended_onset_ms"": 1223320.36, ""actual_onset_global_ms"": 1223361.495, ""actual_offset_global_ms"": 1225839.681, ""actual_duration_ms"": 2478.186}, {""stage_name"": ""delay"", ""planned_duration_ms"": 1000, ""intended_onset_ms"": 1225839.681, ""actual_onset_global_ms"": 1225843.396, ""actual_offset_global_ms"": 1226843.271, ""actual_duration_ms"": 999.875}, {""stage_name"": ""test_array"", ""planned_duration_ms"": 4000, ""intended_onset_ms"": 1226843.271, ""actual_onset_global_ms"": 1226882.66, ""actual_offset_global_ms"": 1228733.85, ""actual_duration_ms"": 1851.19}]",,,,,,,,,,,,,,,,,,,,,,,,,,,,,,,,,,,,,,,,,,,,,,,,,,1.0,,,,,,,,,,,,,4.0,same,3.0,"[-180.99, -132.36]","[[72.82, 189.92], [-53.75, 248.68], [27.79, -130.91], [-180.99, -132.36]]","[""green"", ""red"", ""purple"", ""blue""]","[""green"", ""red"", ""purple"", ""blue""]",blue,blue,s,same,5.0,1.0
35,35_T1_20260518_152420,PA,T1,standard,hci_substudy_v2,1,telemetry_v4,change_detection,4,formal_cd,formal,1,39,47,formal,N4_same,1779089060,965.549,2026-05-18T15:44:50.854,0,0,0,1,1228738.683,1228743.354,,,,,s,,1,4779.845,,,,1232338.683,1232387.377,1237188.469,4000,4801.092,1237188.469,"[{""stage_name"": ""fixation"", ""planned_duration_ms"": 100, ""intended_onset_ms"": 1228738.683, ""actual_onset_global_ms"": 1228743.354, ""actual_offset_global_ms"": 1228841.847, ""actual_duration_ms"": 98.493}, {""stage_name"": ""memory_array"", ""planned_duration_ms"": 2500, ""intended_onset_ms"": 1228838.683, ""actual_onset_global_ms"": 1228879.464, ""actual_offset_global_ms"": 1231345.784, ""actual_duration_ms"": 2466.32}, {""stage_name"": ""delay"", ""planned_duration_ms"": 1000, ""intended_onset_ms"": 1231345.784, ""actual_onset_global_ms"": 1231349.387, ""actual_offset_global_ms"": 1232349.356, ""actual_duration_ms"": 999.969}, {""stage_name"": ""test_array"", ""planned_duration_ms"": 4000, ""intended_onset_ms"": 1232349.356, ""actual_onset_global_ms"": 1232387.377, ""actual_offset_global_ms"": 1237188.469, ""actual_duration_ms"": 4801.092}]",,,,,,,,,,,,,,,,,,,,,,,,,,,,,,,,,,,,,,,,,,,,,,,,,,1.0,,,,,,,,,,,,,4.0,same,2.0,"[-188.89, -30.6]","[[-173.83, 88.35], [-171.7, -142.24], [-188.89, -30.6], [125.02, -240.87]]","[""green"", ""yellow"", ""red"", ""purple""]","[""green"", ""yellow"", ""red"", ""purple""]",red,red,s,same,4.0,1.0
35,35_T1_20260518_152420,PA,T1,standard,hci_substudy_v2,1,telemetry_v4,change_detection,4,formal_cd,formal,1,40,48,formal,N3_change,1779089060,965.549,2026-05-18T15:44:59.308,0,0,0,1,1237192.92,1237196.456,,,,,j,,1,4792.244,,,,1240792.92,1240835.041,1245648.387,4000,4813.346,1245648.387,"[{""stage_name"": ""fixation"", ""planned_duration_ms"": 100, ""intended_onset_ms"": 1237192.92, ""actual_onset_global_ms"": 1237196.456, ""actual_offset_global_ms"": 1237294.096, ""actual_duration_ms"": 97.64}, {""stage_name"": ""memory_array"", ""planned_duration_ms"": 2500, ""intended_onset_ms"": 1237292.92, ""actual_onset_global_ms"": 1237324.85, ""actual_offset_global_ms"": 1239800.124, ""actual_duration_ms"": 2475.274}, {""stage_name"": ""delay"", ""planned_duration_ms"": 1000, ""intended_onset_ms"": 1239800.124, ""actual_onset_global_ms"": 1239803.658, ""actual_offset_global_ms"": 1240804.528, ""actual_duration_ms"": 1000.87}, {""stage_name"": ""test_array"", ""planned_duration_ms"": 4000, ""intended_onset_ms"": 1240804.528, ""actual_onset_global_ms"": 1240835.041, ""actual_offset_global_ms"": 1245648.387, ""actual_duration_ms"": 4813.346}]",,,,,,,,,,,,,,,,,,,,,,,,,,,,,,,,,,,,,,,,,,,,,,,,,,1.0,,,,,,,,,,,,,3.0,change,2.0,"[146.81, -33.96]","[[220.1, 114.45], [33.55, 236.32], [146.81, -33.96]]","[""green"", ""purple"", ""red""]","[""green"", ""purple"", ""yellow""]",red,yellow,j,change,5.0,1.0
35,35_T1_20260518_152420,PA,T1,standard,hci_substudy_v2,1,telemetry_v4,change_detection,4,formal_cd,formal,1,41,49,formal,N1_change,1779089060,965.549,2026-05-18T15:45:07.768,0,0,0,1,1245653.392,1245658.646,,,,,j,,1,37469.296,,,,1249253.392,1249281.264,1286762.119,4000,37480.855,1286762.119,"[{""stage_name"": ""fixation"", ""planned_duration_ms"": 100, ""intended_onset_ms"": 1245653.392, ""actual_onset_global_ms"": 1245658.646, ""actual_offset_global_ms"": 1245755.108, ""actual_duration_ms"": 96.462}, {""stage_name"": ""memory_array"", ""planned_duration_ms"": 2500, ""intended_onset_ms"": 1245753.392, ""actual_onset_global_ms"": 1245769.563, ""actual_offset_global_ms"": 1248265.446, ""actual_duration_ms"": 2495.883}, {""stage_name"": ""delay"", ""planned_duration_ms"": 1000, ""intended_onset_ms"": 1248265.446, ""actual_onset_global_ms"": 1248268.91, ""actual_offset_global_ms"": 1249267.229, ""actual_duration_ms"": 998.319}, {""stage_name"": ""test_array"", ""planned_duration_ms"": 4000, ""intended_onset_ms"": 1249267.229, ""actual_onset_global_ms"": 1249281.264, ""actual_offset_global_ms"": 1286762.119, ""actual_duration_ms"": 37480.855}]",,,,,,,,,,,,,,,,,,,,,,,,,,,,,,,,,,,,,,,,,,,,,,,,,,1.0,,,,,,,,,,,,,1.0,change,0.0,"[162.23, 164.23]","[[162.23, 164.23]]","[""blue""]","[""green""]",blue,green,j,change,1.0,1.0
35,35_T1_20260518_152420,PA,T1,standard,hci_substudy_v2,1,telemetry_v4,change_detection,4,formal_cd,formal,1,42,50,formal,N2_change,1779089060,965.549,2026-05-18T15:45:48.882,0,0,0,1,1286766.822,1286771.404,,,,,j,,1,3604.443,,,,1290366.822,1290411.067,1294025.657,4000,3614.59,1294025.657,"[{""stage_name"": ""fixation"", ""planned_duration_ms"": 100, ""intended_onset_ms"": 1286766.822, ""actual_onset_global_ms"": 1286771.404, ""actual_offset_global_ms"": 1286868.742, ""actual_duration_ms"": 97.338}, {""stage_name"": ""memory_array"", ""planned_duration_ms"": 2500, ""intended_onset_ms"": 1286866.822, ""actual_onset_global_ms"": 1286890.631, ""actual_offset_global_ms"": 1289389.774, ""actual_duration_ms"": 2499.143}, {""stage_name"": ""delay"", ""planned_duration_ms"": 1000, ""intended_onset_ms"": 1289389.774, ""actual_onset_global_ms"": 1289391.111, ""actual_offset_global_ms"": 1290389.871, ""actual_duration_ms"": 998.76}, {""stage_name"": ""test_array"", ""planned_duration_ms"": 4000, ""intended_onset_ms"": 1290389.871, ""actual_onset_global_ms"": 1290411.067, ""actual_offset_global_ms"": 1294025.657, ""actual_duration_ms"": 3614.59}]",,,,,,,,,,,,,,,,,,,,,,,,,,,,,,,,,,,,,,,,,,,,,,,,,,1.0,,,,,,,,,,,,,2.0,change,0.0,"[-249.0, 184.96]","[[-249.0, 184.96], [179.42, -72.8]]","[""yellow"", ""green""]","[""purple"", ""green""]",yellow,purple,j,change,3.0,1.0
35,35_T1_20260518_152420,PA,T1,standard,hci_substudy_v2,1,telemetry_v4,change_detection,4,formal_cd,formal,1,43,51,formal,N3_same,1779089060,965.549,2026-05-18T15:45:56.145,0,0,0,1,1294030.414,1294034.036,,,,,s,,1,7334.586,,,,1297630.414,1297681.804,1305029.467,4000,7347.663,1305029.467,"[{""stage_name"": ""fixation"", ""planned_duration_ms"": 100, ""intended_onset_ms"": 1294030.414, ""actual_onset_global_ms"": 1294034.036, ""actual_offset_global_ms"": 1294133.136, ""actual_duration_ms"": 99.1}, {""stage_name"": ""memory_array"", ""planned_duration_ms"": 2500, ""intended_onset_ms"": 1294130.414, ""actual_onset_global_ms"": 1294162.188, ""actual_offset_global_ms"": 1296646.492, ""actual_duration_ms"": 2484.304}, {""stage_name"": ""delay"", ""planned_duration_ms"": 1000, ""intended_onset_ms"": 1296646.492, ""actual_onset_global_ms"": 1296650.657, ""actual_offset_global_ms"": 1297648.46, ""actual_duration_ms"": 997.803}, {""stage_name"": ""test_array"", ""planned_duration_ms"": 4000, ""intended_onset_ms"": 1297648.46, ""actual_onset_global_ms"": 1297681.804, ""actual_offset_global_ms"": 1305029.467, ""actual_duration_ms"": 7347.663}]",,,,,,,,,,,,,,,,,,,,,,,,,,,,,,,,,,,,,,,,,,,,,,,,,,1.0,,,,,,,,,,,,,3.0,same,0.0,"[-168.37, -141.18]","[[-168.37, -141.18], [39.78, 142.47], [-5.41, -237.05]]","[""green"", ""blue"", ""purple""]","[""green"", ""blue"", ""purple""]",green,green,s,same,4.0,1.0
35,35_T1_20260518_152420,PA,T1,standard,hci_substudy_v2,1,telemetry_v4,change_detection,4,formal_cd,formal,1,44,52,formal,N2_same,1779089060,965.549,2026-05-18T15:46:07.150,0,0,0,1,1305034.994,1305040.339,,,,,s,,1,6222.313,,,,1308634.994,1308677.262,1314910.442,4000,6233.18,1314910.442,"[{""stage_name"": ""fixation"", ""planned_duration_ms"": 100, ""intended_onset_ms"": 1305034.994, ""actual_onset_global_ms"": 1305040.339, ""actual_offset_global_ms"": 1305137.48, ""actual_duration_ms"": 97.141}, {""stage_name"": ""memory_array"", ""planned_duration_ms"": 2500, ""intended_onset_ms"": 1305134.994, ""actual_onset_global_ms"": 1305161.386, ""actual_offset_global_ms"": 1307650.029, ""actual_duration_ms"": 2488.643}, {""stage_name"": ""delay"", ""planned_duration_ms"": 1000, ""intended_onset_ms"": 1307650.029, ""actual_onset_global_ms"": 1307654.318, ""actual_offset_global_ms"": 1308652.491, ""actual_duration_ms"": 998.173}, {""stage_name"": ""test_array"", ""planned_duration_ms"": 4000, ""intended_onset_ms"": 1308652.491, ""actual_onset_global_ms"": 1308677.262, ""actual_offset_global_ms"": 1314910.442, ""actual_duration_ms"": 6233.18}]",,,,,,,,,,,,,,,,,,,,,,,,,,,,,,,,,,,,,,,,,,,,,,,,,,1.0,,,,,,,,,,,,,2.0,same,0.0,"[-206.51, 164.39]","[[-206.51, 164.39], [200.8, 77.12]]","[""blue"", ""red""]","[""blue"", ""red""]",blue,blue,s,same,2.0,1.0
35,35_T1_20260518_152420,PA,T1,standard,hci_substudy_v2,1,telemetry_v4,change_detection,4,formal_cd,formal,1,45,53,formal,N3_change,1779089060,965.549,2026-05-18T15:46:17.030,0,0,0,1,1314915.375,1314919.006,,,,,j,,1,2871.935,,,,1318515.375,1318571.565,1321469.018,4000,2897.453,1321469.018,"[{""stage_name"": ""fixation"", ""planned_duration_ms"": 100, ""intended_onset_ms"": 1314915.375, ""actual_onset_global_ms"": 1314919.006, ""actual_offset_global_ms"": 1315020.077, ""actual_duration_ms"": 101.071}, {""stage_name"": ""memory_array"", ""planned_duration_ms"": 2500, ""intended_onset_ms"": 1315015.375, ""actual_onset_global_ms"": 1315051.214, ""actual_offset_global_ms"": 1317537.381, ""actual_duration_ms"": 2486.167}, {""stage_name"": ""delay"", ""planned_duration_ms"": 1000, ""intended_onset_ms"": 1317537.381, ""actual_onset_global_ms"": 1317540.84, ""actual_offset_global_ms"": 1318540.474, ""actual_duration_ms"": 999.634}, {""stage_name"": ""test_array"", ""planned_duration_ms"": 4000, ""intended_onset_ms"": 1318540.474, ""actual_onset_global_ms"": 1318571.565, ""actual_offset_global_ms"": 1321469.018, ""actual_duration_ms"": 2897.453}]",,,,,,,,,,,,,,,,,,,,,,,,,,,,,,,,,,,,,,,,,,,,,,,,,,1.0,,,,,,,,,,,,,3.0,change,0.0,"[81.48, -147.2]","[[81.48, -147.2], [-107.72, 20.42], [195.33, 119.28]]","[""red"", ""yellow"", ""green""]","[""purple"", ""yellow"", ""green""]",red,purple,j,change,5.0,1.0
35,35_T1_20260518_152420,PA,T1,standard,hci_substudy_v2,1,telemetry_v4,change_detection,4,formal_cd,formal,1,46,54,formal,N1_same,1779089060,965.549,2026-05-18T15:46:23.589,0,0,0,1,1321474.706,1321479.82,,,,,s,,1,3286.501,,,,1325074.706,1325097.959,1328400.598,4000,3302.639,1328400.598,"[{""stage_name"": ""fixation"", ""planned_duration_ms"": 100, ""intended_onset_ms"": 1321474.706, ""actual_onset_global_ms"": 1321479.82, ""actual_offset_global_ms"": 1321577.04, ""actual_duration_ms"": 97.22}, {""stage_name"": ""memory_array"", ""planned_duration_ms"": 2500, ""intended_onset_ms"": 1321574.706, ""actual_onset_global_ms"": 1321590.387, ""actual_offset_global_ms"": 1324079.857, ""actual_duration_ms"": 2489.47}, {""stage_name"": ""delay"", ""planned_duration_ms"": 1000, ""intended_onset_ms"": 1324079.857, ""actual_onset_global_ms"": 1324083.781, ""actual_offset_global_ms"": 1325084.607, ""actual_duration_ms"": 1000.826}, {""stage_name"": ""test_array"", ""planned_duration_ms"": 4000, ""intended_onset_ms"": 1325084.607, ""actual_onset_global_ms"": 1325097.959, ""actual_offset_global_ms"": 1328400.598, ""actual_duration_ms"": 3302.639}]",,,,,,,,,,,,,,,,,,,,,,,,,,,,,,,,,,,,,,,,,,,,,,,,,,1.0,,,,,,,,,,,,,1.0,same,0.0,"[238.62, 63.53]","[[238.62, 63.53]]","[""purple""]","[""purple""]",purple,purple,s,same,1.0,1.0
35,35_T1_20260518_152420,PA,T1,standard,hci_substudy_v2,1,telemetry_v4,change_detection,4,formal_cd,formal,1,47,55,formal,N4_change,1779089060,965.549,2026-05-18T15:46:30.521,0,0,0,1,1328405.956,1328409.816,,,,,j,,1,5530.853,,,,1332005.956,1332087.668,1337651.33,4000,5563.662,1337651.33,"[{""stage_name"": ""fixation"", ""planned_duration_ms"": 100, ""intended_onset_ms"": 1328405.956, ""actual_onset_global_ms"": 1328409.816, ""actual_offset_global_ms"": 1328508.365, ""actual_duration_ms"": 98.549}, {""stage_name"": ""memory_array"", ""planned_duration_ms"": 2500, ""intended_onset_ms"": 1328505.956, ""actual_onset_global_ms"": 1328548.088, ""actual_offset_global_ms"": 1331043.112, ""actual_duration_ms"": 2495.024}, {""stage_name"": ""delay"", ""planned_duration_ms"": 1000, ""intended_onset_ms"": 1331043.112, ""actual_onset_global_ms"": 1331047.208, ""actual_offset_global_ms"": 1332048.297, ""actual_duration_ms"": 1001.089}, {""stage_name"": ""test_array"", ""planned_duration_ms"": 4000, ""intended_onset_ms"": 1332048.297, ""actual_onset_global_ms"": 1332087.668, ""actual_offset_global_ms"": 1337651.33, ""actual_duration_ms"": 5563.662}]",,,,,,,,,,,,,,,,,,,,,,,,,,,,,,,,,,,,,,,,,,,,,,,,,,1.0,,,,,,,,,,,,,4.0,change,1.0,"[-60.92, -98.52]","[[-232.03, -36.69], [-60.92, -98.52], [235.37, 64.11], [-167.73, 194.2]]","[""yellow"", ""purple"", ""green"", ""blue""]","[""yellow"", ""red"", ""green"", ""blue""]",purple,red,j,change,4.0,1.0
35,35_T1_20260518_152420,PA,T1,standard,hci_substudy_v2,1,telemetry_v4,change_detection,4,formal_cd,formal,1,48,56,formal,N1_same,1779089060,965.549,2026-05-18T15:46:39.772,0,0,0,1,1337656.377,1337660.996,,,,,s,,1,1321.901,,,,1341256.377,1341281.476,1342619.732,4000,1338.256,1342619.732,"[{""stage_name"": ""fixation"", ""planned_duration_ms"": 100, ""intended_onset_ms"": 1337656.377, ""actual_onset_global_ms"": 1337660.996, ""actual_offset_global_ms"": 1337758.055, ""actual_duration_ms"": 97.059}, {""stage_name"": ""memory_array"", ""planned_duration_ms"": 2500, ""intended_onset_ms"": 1337756.377, ""actual_onset_global_ms"": 1337771.797, ""actual_offset_global_ms"": 1340266.518, ""actual_duration_ms"": 2494.721}, {""stage_name"": ""delay"", ""planned_duration_ms"": 1000, ""intended_onset_ms"": 1340266.518, ""actual_onset_global_ms"": 1340269.83, ""actual_offset_global_ms"": 1341268.836, ""actual_duration_ms"": 999.006}, {""stage_name"": ""test_array"", ""planned_duration_ms"": 4000, ""intended_onset_ms"": 1341268.836, ""actual_onset_global_ms"": 1341281.476, ""actual_offset_global_ms"": 1342619.732, ""actual_duration_ms"": 1338.256}]",,,,,,,,,,,,,,,,,,,,,,,,,,,,,,,,,,,,,,,,,,,,,,,,,,1.0,,,,,,,,,,,,,1.0,same,0.0,"[-5.61, 148.15]","[[-5.61, 148.15]]","[""green""]","[""green""]",green,green,s,same,1.0,1.0
