participant_id,session_id,group,timepoint,practice_layer,practice_protocol_version,telemetry_enabled,telemetry_version,task_name,task_order_index,block_name,block_type,block_index,trial_index_within_block,trial_index_global,practice_or_formal,condition_label,random_seed,screen_refresh_hz,timestamp_iso,omission,aborted,pause_count_during_trial,repeated_practice_round,intended_trial_start_ms,actual_trial_start_ms,condition,target_direction,flankers_direction,array_pattern_text,correct_response_key,participant_response_key,response_correct,rt_ms,response_time_global_ms,feedback_type,practice_pass_flag,intended_onset_ms,actual_onset_global_ms,actual_offset_global_ms,stage_duration_planned_ms,stage_duration_actual_ms,actual_trial_end_ms,stage_records_json,feedback_audio_file,feedback_audio_start_global_ms,feedback_audio_expected_duration_ms,feedback_audio_stop_global_ms,excluded_rt_low,excluded_rt_high,included_in_rt_analysis,task_accuracy_below_threshold,valid_task_data,prompt_level,support_type,support_trigger_reason,support_trigger_trial_index,rule_block_error_count,support_level,support_phase,support_duration_ms,post_support_success_streak,support_faded_after_trial,manual_intervention_flag,dccs_support_rule,dccs_error_type,dccs_dimension_highlight_used,dccs_demo_type,dccs_label_mode,dccs_post_support_rule_confusion,rule,cue_audio_file,cue_label,cue_audio_start_global_ms,cue_audio_expected_duration_ms,cue_audio_stop_global_ms,stimulus_color,stimulus_shape,stimulus_identity,trial_transition,previous_rule,current_rule,cue_to_first_response_ms,set_size,trial_type,probe_index,probe_position_xy,item_positions,item_colors_memory,item_colors_test,probe_original_color,probe_test_color,response_key,response_label,accuracy,layout_generation_attempts,overlap_check_passed
013,013_T1_20260520_150729,PA,T1,standard,hci_substudy_v2,1,telemetry_v4,flanker,1,formal_block_1,formal,1,1,13,formal,incongruent,1779260849,60.182,2026-05-20T15:09:04.767,0,0,0,1,86713.675,86733.738,incongruent,left,right,>><>>,s,j,0,5428.393,92263.56,none,,86813.675,86835.167,92263.56,3000,5428.393,92263.56,"[{""stage_name"": ""fixation"", ""planned_duration_ms"": 100, ""intended_onset_ms"": 86713.675, ""actual_onset_global_ms"": 86733.738, ""actual_offset_global_ms"": 86832.173, ""actual_duration_ms"": 98.435}, {""stage_name"": ""stimulus"", ""planned_duration_ms"": 3000, ""intended_onset_ms"": 86813.675, ""actual_onset_global_ms"": 86835.167, ""actual_offset_global_ms"": 92263.56, ""actual_duration_ms"": 5428.393}]",,,,,0,1,0,0,1,,,,,,,,,,,,,,,,,,,,,,,,,,,,,,,,,,,,,,,,,,,,
013,013_T1_20260520_150729,PA,T1,standard,hci_substudy_v2,1,telemetry_v4,flanker,1,formal_block_1,formal,1,2,14,formal,incongruent,1779260849,60.182,2026-05-20T15:09:10.334,0,0,0,1,92281.699,92295.785,incongruent,right,left,<<><<,j,j,1,4224.677,96647.952,none,,92381.699,92423.275,96647.952,3000,4224.677,96647.952,"[{""stage_name"": ""fixation"", ""planned_duration_ms"": 100, ""intended_onset_ms"": 92281.699, ""actual_onset_global_ms"": 92295.785, ""actual_offset_global_ms"": 92418.977, ""actual_duration_ms"": 123.192}, {""stage_name"": ""stimulus"", ""planned_duration_ms"": 3000, ""intended_onset_ms"": 92381.699, ""actual_onset_global_ms"": 92423.275, ""actual_offset_global_ms"": 96647.952, ""actual_duration_ms"": 4224.677}]",,,,,0,1,0,0,1,,,,,,,,,,,,,,,,,,,,,,,,,,,,,,,,,,,,,,,,,,,,
013,013_T1_20260520_150729,PA,T1,standard,hci_substudy_v2,1,telemetry_v4,flanker,1,formal_block_1,formal,1,3,15,formal,congruent,1779260849,60.182,2026-05-20T15:09:14.726,0,0,0,1,96673.45,96691.932,congruent,right,right,>>>>>,j,s,0,1849.412,98656.244,none,,96773.45,96806.832,98656.244,3000,1849.412,98656.244,"[{""stage_name"": ""fixation"", ""planned_duration_ms"": 100, ""intended_onset_ms"": 96673.45, ""actual_onset_global_ms"": 96691.932, ""actual_offset_global_ms"": 96805.435, ""actual_duration_ms"": 113.503}, {""stage_name"": ""stimulus"", ""planned_duration_ms"": 3000, ""intended_onset_ms"": 96773.45, ""actual_onset_global_ms"": 96806.832, ""actual_offset_global_ms"": 98656.244, ""actual_duration_ms"": 1849.412}]",,,,,0,0,0,0,1,,,,,,,,,,,,,,,,,,,,,,,,,,,,,,,,,,,,,,,,,,,,
013,013_T1_20260520_150729,PA,T1,standard,hci_substudy_v2,1,telemetry_v4,flanker,1,formal_block_1,formal,1,4,16,formal,congruent,1779260849,60.182,2026-05-20T15:09:16.726,0,0,0,1,98672.44,98688.539,congruent,left,left,<<<<<,s,s,1,11825.46,110634.828,none,,98772.44,98809.368,110634.828,3000,11825.46,110634.828,"[{""stage_name"": ""fixation"", ""planned_duration_ms"": 100, ""intended_onset_ms"": 98672.44, ""actual_onset_global_ms"": 98688.539, ""actual_offset_global_ms"": 98804.998, ""actual_duration_ms"": 116.459}, {""stage_name"": ""stimulus"", ""planned_duration_ms"": 3000, ""intended_onset_ms"": 98772.44, ""actual_onset_global_ms"": 98809.368, ""actual_offset_global_ms"": 110634.828, ""actual_duration_ms"": 11825.46}]",,,,,0,1,0,0,1,,,,,,,,,,,,,,,,,,,,,,,,,,,,,,,,,,,,,,,,,,,,
013,013_T1_20260520_150729,PA,T1,standard,hci_substudy_v2,1,telemetry_v4,flanker,1,formal_block_1,formal,1,5,17,formal,congruent,1779260849,60.182,2026-05-20T15:09:28.709,0,0,0,1,110655.446,110674.759,congruent,left,left,<<<<<,s,s,1,4021.208,114811.021,none,,110755.446,110789.813,114811.021,3000,4021.208,114811.021,"[{""stage_name"": ""fixation"", ""planned_duration_ms"": 100, ""intended_onset_ms"": 110655.446, ""actual_onset_global_ms"": 110674.759, ""actual_offset_global_ms"": 110788.202, ""actual_duration_ms"": 113.443}, {""stage_name"": ""stimulus"", ""planned_duration_ms"": 3000, ""intended_onset_ms"": 110755.446, ""actual_onset_global_ms"": 110789.813, ""actual_offset_global_ms"": 114811.021, ""actual_duration_ms"": 4021.208}]",,,,,0,1,0,0,1,,,,,,,,,,,,,,,,,,,,,,,,,,,,,,,,,,,,,,,,,,,,
013,013_T1_20260520_150729,PA,T1,standard,hci_substudy_v2,1,telemetry_v4,flanker,1,formal_block_1,formal,1,6,18,formal,incongruent,1779260849,60.182,2026-05-20T15:09:32.887,0,0,0,1,114833.337,114847.297,incongruent,left,right,>><>>,s,s,1,3418.769,118374.236,none,,114933.337,114955.467,118374.236,3000,3418.769,118374.236,"[{""stage_name"": ""fixation"", ""planned_duration_ms"": 100, ""intended_onset_ms"": 114833.337, ""actual_onset_global_ms"": 114847.297, ""actual_offset_global_ms"": 114951.07, ""actual_duration_ms"": 103.773}, {""stage_name"": ""stimulus"", ""planned_duration_ms"": 3000, ""intended_onset_ms"": 114933.337, ""actual_onset_global_ms"": 114955.467, ""actual_offset_global_ms"": 118374.236, ""actual_duration_ms"": 3418.769}]",,,,,0,1,0,0,1,,,,,,,,,,,,,,,,,,,,,,,,,,,,,,,,,,,,,,,,,,,,
013,013_T1_20260520_150729,PA,T1,standard,hci_substudy_v2,1,telemetry_v4,flanker,1,formal_block_1,formal,1,7,19,formal,congruent,1779260849,60.182,2026-05-20T15:09:36.446,0,0,0,1,118391.942,118412.072,congruent,right,right,>>>>>,j,j,1,1505.729,120038.706,none,,118491.942,118532.977,120038.706,3000,1505.729,120038.706,"[{""stage_name"": ""fixation"", ""planned_duration_ms"": 100, ""intended_onset_ms"": 118391.942, ""actual_onset_global_ms"": 118412.072, ""actual_offset_global_ms"": 118524.345, ""actual_duration_ms"": 112.273}, {""stage_name"": ""stimulus"", ""planned_duration_ms"": 3000, ""intended_onset_ms"": 118491.942, ""actual_onset_global_ms"": 118532.977, ""actual_offset_global_ms"": 120038.706, ""actual_duration_ms"": 1505.729}]",,,,,0,0,1,0,1,,,,,,,,,,,,,,,,,,,,,,,,,,,,,,,,,,,,,,,,,,,,
013,013_T1_20260520_150729,PA,T1,standard,hci_substudy_v2,1,telemetry_v4,flanker,1,formal_block_1,formal,1,8,20,formal,congruent,1779260849,60.182,2026-05-20T15:09:38.117,0,0,0,1,120063.057,120084.907,congruent,right,right,>>>>>,j,j,1,2221.109,122423.869,none,,120163.057,120202.76,122423.869,3000,2221.109,122423.869,"[{""stage_name"": ""fixation"", ""planned_duration_ms"": 100, ""intended_onset_ms"": 120063.057, ""actual_onset_global_ms"": 120084.907, ""actual_offset_global_ms"": 120195.443, ""actual_duration_ms"": 110.536}, {""stage_name"": ""stimulus"", ""planned_duration_ms"": 3000, ""intended_onset_ms"": 120163.057, ""actual_onset_global_ms"": 120202.76, ""actual_offset_global_ms"": 122423.869, ""actual_duration_ms"": 2221.109}]",,,,,0,0,1,0,1,,,,,,,,,,,,,,,,,,,,,,,,,,,,,,,,,,,,,,,,,,,,
013,013_T1_20260520_150729,PA,T1,standard,hci_substudy_v2,1,telemetry_v4,flanker,1,formal_block_1,formal,1,9,21,formal,incongruent,1779260849,60.182,2026-05-20T15:09:40.494,0,0,0,1,122441.518,122462.074,incongruent,right,left,<<><<,j,j,1,2526.275,125102.741,none,,122541.518,122576.466,125102.741,3000,2526.275,125102.741,"[{""stage_name"": ""fixation"", ""planned_duration_ms"": 100, ""intended_onset_ms"": 122441.518, ""actual_onset_global_ms"": 122462.074, ""actual_offset_global_ms"": 122573.161, ""actual_duration_ms"": 111.087}, {""stage_name"": ""stimulus"", ""planned_duration_ms"": 3000, ""intended_onset_ms"": 122541.518, ""actual_onset_global_ms"": 122576.466, ""actual_offset_global_ms"": 125102.741, ""actual_duration_ms"": 2526.275}]",,,,,0,0,1,0,1,,,,,,,,,,,,,,,,,,,,,,,,,,,,,,,,,,,,,,,,,,,,
013,013_T1_20260520_150729,PA,T1,standard,hci_substudy_v2,1,telemetry_v4,flanker,1,formal_block_1,formal,1,10,22,formal,congruent,1779260849,60.182,2026-05-20T15:09:43.171,0,0,0,1,125117.487,125139.996,congruent,left,left,<<<<<,s,s,1,1630.843,126885.977,none,,125217.487,125255.134,126885.977,3000,1630.843,126885.977,"[{""stage_name"": ""fixation"", ""planned_duration_ms"": 100, ""intended_onset_ms"": 125117.487, ""actual_onset_global_ms"": 125139.996, ""actual_offset_global_ms"": 125248.718, ""actual_duration_ms"": 108.722}, {""stage_name"": ""stimulus"", ""planned_duration_ms"": 3000, ""intended_onset_ms"": 125217.487, ""actual_onset_global_ms"": 125255.134, ""actual_offset_global_ms"": 126885.977, ""actual_duration_ms"": 1630.843}]",,,,,0,0,1,0,1,,,,,,,,,,,,,,,,,,,,,,,,,,,,,,,,,,,,,,,,,,,,
013,013_T1_20260520_150729,PA,T1,standard,hci_substudy_v2,1,telemetry_v4,flanker,1,formal_block_1,formal,1,11,23,formal,incongruent,1779260849,60.182,2026-05-20T15:09:44.955,0,0,0,1,126901.334,126918.146,incongruent,right,left,<<><<,j,j,1,1846.652,128874.632,none,,127001.334,127027.98,128874.632,3000,1846.652,128874.632,"[{""stage_name"": ""fixation"", ""planned_duration_ms"": 100, ""intended_onset_ms"": 126901.334, ""actual_onset_global_ms"": 126918.146, ""actual_offset_global_ms"": 127024.214, ""actual_duration_ms"": 106.068}, {""stage_name"": ""stimulus"", ""planned_duration_ms"": 3000, ""intended_onset_ms"": 127001.334, ""actual_onset_global_ms"": 127027.98, ""actual_offset_global_ms"": 128874.632, ""actual_duration_ms"": 1846.652}]",,,,,0,0,1,0,1,,,,,,,,,,,,,,,,,,,,,,,,,,,,,,,,,,,,,,,,,,,,
013,013_T1_20260520_150729,PA,T1,standard,hci_substudy_v2,1,telemetry_v4,flanker,1,formal_block_1,formal,1,12,24,formal,incongruent,1779260849,60.182,2026-05-20T15:09:46.958,0,0,0,1,128904.837,128923.699,incongruent,right,left,<<><<,j,j,1,1344.618,130377.82,none,,129004.837,129033.202,130377.82,3000,1344.618,130377.82,"[{""stage_name"": ""fixation"", ""planned_duration_ms"": 100, ""intended_onset_ms"": 128904.837, ""actual_onset_global_ms"": 128923.699, ""actual_offset_global_ms"": 129028.531, ""actual_duration_ms"": 104.832}, {""stage_name"": ""stimulus"", ""planned_duration_ms"": 3000, ""intended_onset_ms"": 129004.837, ""actual_onset_global_ms"": 129033.202, ""actual_offset_global_ms"": 130377.82, ""actual_duration_ms"": 1344.618}]",,,,,0,0,1,0,1,,,,,,,,,,,,,,,,,,,,,,,,,,,,,,,,,,,,,,,,,,,,
013,013_T1_20260520_150729,PA,T1,standard,hci_substudy_v2,1,telemetry_v4,flanker,1,formal_block_1,formal,1,13,25,formal,congruent,1779260849,60.182,2026-05-20T15:09:48.454,0,0,0,1,130401.461,130420.657,congruent,left,left,<<<<<,s,s,1,7408.611,137936.387,none,,130501.461,130527.776,137936.387,3000,7408.611,137936.387,"[{""stage_name"": ""fixation"", ""planned_duration_ms"": 100, ""intended_onset_ms"": 130401.461, ""actual_onset_global_ms"": 130420.657, ""actual_offset_global_ms"": 130523.81, ""actual_duration_ms"": 103.153}, {""stage_name"": ""stimulus"", ""planned_duration_ms"": 3000, ""intended_onset_ms"": 130501.461, ""actual_onset_global_ms"": 130527.776, ""actual_offset_global_ms"": 137936.387, ""actual_duration_ms"": 7408.611}]",,,,,0,1,0,0,1,,,,,,,,,,,,,,,,,,,,,,,,,,,,,,,,,,,,,,,,,,,,
013,013_T1_20260520_150729,PA,T1,standard,hci_substudy_v2,1,telemetry_v4,flanker,1,formal_block_1,formal,1,14,26,formal,incongruent,1779260849,60.182,2026-05-20T15:09:56.012,0,0,0,1,137958.638,137974.632,incongruent,left,right,>><>>,s,s,1,2182.275,140273.895,none,,138058.638,138091.62,140273.895,3000,2182.275,140273.895,"[{""stage_name"": ""fixation"", ""planned_duration_ms"": 100, ""intended_onset_ms"": 137958.638, ""actual_onset_global_ms"": 137974.632, ""actual_offset_global_ms"": 138088.249, ""actual_duration_ms"": 113.617}, {""stage_name"": ""stimulus"", ""planned_duration_ms"": 3000, ""intended_onset_ms"": 138058.638, ""actual_onset_global_ms"": 138091.62, ""actual_offset_global_ms"": 140273.895, ""actual_duration_ms"": 2182.275}]",,,,,0,0,1,0,1,,,,,,,,,,,,,,,,,,,,,,,,,,,,,,,,,,,,,,,,,,,,
013,013_T1_20260520_150729,PA,T1,standard,hci_substudy_v2,1,telemetry_v4,flanker,1,formal_block_1,formal,1,15,27,formal,incongruent,1779260849,60.182,2026-05-20T15:09:58.340,0,0,0,1,140286.951,140305.247,incongruent,right,left,<<><<,j,j,1,5241.275,145649.394,none,,140386.951,140408.119,145649.394,3000,5241.275,145649.394,"[{""stage_name"": ""fixation"", ""planned_duration_ms"": 100, ""intended_onset_ms"": 140286.951, ""actual_onset_global_ms"": 140305.247, ""actual_offset_global_ms"": 140404.628, ""actual_duration_ms"": 99.381}, {""stage_name"": ""stimulus"", ""planned_duration_ms"": 3000, ""intended_onset_ms"": 140386.951, ""actual_onset_global_ms"": 140408.119, ""actual_offset_global_ms"": 145649.394, ""actual_duration_ms"": 5241.275}]",,,,,0,1,0,0,1,,,,,,,,,,,,,,,,,,,,,,,,,,,,,,,,,,,,,,,,,,,,
013,013_T1_20260520_150729,PA,T1,standard,hci_substudy_v2,1,telemetry_v4,flanker,1,formal_block_1,formal,1,16,28,formal,congruent,1779260849,60.182,2026-05-20T15:10:03.734,0,0,0,1,145681.457,145695.669,congruent,right,right,>>>>>,j,j,1,5118.637,150939.975,none,,145781.457,145821.338,150939.975,3000,5118.637,150939.975,"[{""stage_name"": ""fixation"", ""planned_duration_ms"": 100, ""intended_onset_ms"": 145681.457, ""actual_onset_global_ms"": 145695.669, ""actual_offset_global_ms"": 145817.965, ""actual_duration_ms"": 122.296}, {""stage_name"": ""stimulus"", ""planned_duration_ms"": 3000, ""intended_onset_ms"": 145781.457, ""actual_onset_global_ms"": 145821.338, ""actual_offset_global_ms"": 150939.975, ""actual_duration_ms"": 5118.637}]",,,,,0,1,0,0,1,,,,,,,,,,,,,,,,,,,,,,,,,,,,,,,,,,,,,,,,,,,,
013,013_T1_20260520_150729,PA,T1,standard,hci_substudy_v2,1,telemetry_v4,flanker,1,formal_block_1,formal,1,17,29,formal,incongruent,1779260849,60.182,2026-05-20T15:10:09.017,0,0,0,1,150964.204,150982.564,incongruent,left,right,>><>>,s,s,1,1385.085,152469.427,none,,151064.204,151084.342,152469.427,3000,1385.085,152469.427,"[{""stage_name"": ""fixation"", ""planned_duration_ms"": 100, ""intended_onset_ms"": 150964.204, ""actual_onset_global_ms"": 150982.564, ""actual_offset_global_ms"": 151082.274, ""actual_duration_ms"": 99.71}, {""stage_name"": ""stimulus"", ""planned_duration_ms"": 3000, ""intended_onset_ms"": 151064.204, ""actual_onset_global_ms"": 151084.342, ""actual_offset_global_ms"": 152469.427, ""actual_duration_ms"": 1385.085}]",,,,,0,0,1,0,1,,,,,,,,,,,,,,,,,,,,,,,,,,,,,,,,,,,,,,,,,,,,
013,013_T1_20260520_150729,PA,T1,standard,hci_substudy_v2,1,telemetry_v4,flanker,1,formal_block_1,formal,1,18,30,formal,congruent,1779260849,60.182,2026-05-20T15:10:10.535,0,0,0,1,152481.684,152497.598,congruent,left,left,<<<<<,s,s,1,1043.973,153652.55,none,,152581.684,152608.577,153652.55,3000,1043.973,153652.55,"[{""stage_name"": ""fixation"", ""planned_duration_ms"": 100, ""intended_onset_ms"": 152481.684, ""actual_onset_global_ms"": 152497.598, ""actual_offset_global_ms"": 152604.92, ""actual_duration_ms"": 107.322}, {""stage_name"": ""stimulus"", ""planned_duration_ms"": 3000, ""intended_onset_ms"": 152581.684, ""actual_onset_global_ms"": 152608.577, ""actual_offset_global_ms"": 153652.55, ""actual_duration_ms"": 1043.973}]",,,,,0,0,1,0,1,,,,,,,,,,,,,,,,,,,,,,,,,,,,,,,,,,,,,,,,,,,,
013,013_T1_20260520_150729,PA,T1,standard,hci_substudy_v2,1,telemetry_v4,flanker,1,formal_block_1,formal,1,19,31,formal,congruent,1779260849,60.182,2026-05-20T15:10:11.724,0,0,0,1,153670.288,153689.048,congruent,right,right,>>>>>,j,j,1,1479.286,155271.427,none,,153770.288,153792.141,155271.427,3000,1479.286,155271.427,"[{""stage_name"": ""fixation"", ""planned_duration_ms"": 100, ""intended_onset_ms"": 153670.288, ""actual_onset_global_ms"": 153689.048, ""actual_offset_global_ms"": 153788.281, ""actual_duration_ms"": 99.233}, {""stage_name"": ""stimulus"", ""planned_duration_ms"": 3000, ""intended_onset_ms"": 153770.288, ""actual_onset_global_ms"": 153792.141, ""actual_offset_global_ms"": 155271.427, ""actual_duration_ms"": 1479.286}]",,,,,0,0,1,0,1,,,,,,,,,,,,,,,,,,,,,,,,,,,,,,,,,,,,,,,,,,,,
013,013_T1_20260520_150729,PA,T1,standard,hci_substudy_v2,1,telemetry_v4,flanker,1,formal_block_1,formal,1,20,32,formal,incongruent,1779260849,60.182,2026-05-20T15:10:13.349,0,0,0,1,155296.331,155315.156,incongruent,left,right,>><>>,s,s,1,2994.383,158424.502,none,,155396.331,155430.119,158424.502,3000,2994.383,158424.502,"[{""stage_name"": ""fixation"", ""planned_duration_ms"": 100, ""intended_onset_ms"": 155296.331, ""actual_onset_global_ms"": 155315.156, ""actual_offset_global_ms"": 155423.213, ""actual_duration_ms"": 108.057}, {""stage_name"": ""stimulus"", ""planned_duration_ms"": 3000, ""intended_onset_ms"": 155396.331, ""actual_onset_global_ms"": 155430.119, ""actual_offset_global_ms"": 158424.502, ""actual_duration_ms"": 2994.383}]",,,,,0,0,1,0,1,,,,,,,,,,,,,,,,,,,,,,,,,,,,,,,,,,,,,,,,,,,,
013,013_T1_20260520_150729,PA,T1,standard,hci_substudy_v2,1,telemetry_v4,flanker,1,formal_block_2,formal,2,1,33,formal,congruent,1779260849,60.182,2026-05-20T15:10:16.493,0,0,0,1,158439.517,158454.574,congruent,right,right,>>>>>,j,j,1,1035.513,159613.657,none,,158539.517,158578.144,159613.657,3000,1035.513,159613.657,"[{""stage_name"": ""fixation"", ""planned_duration_ms"": 100, ""intended_onset_ms"": 158439.517, ""actual_onset_global_ms"": 158454.574, ""actual_offset_global_ms"": 158572.137, ""actual_duration_ms"": 117.563}, {""stage_name"": ""stimulus"", ""planned_duration_ms"": 3000, ""intended_onset_ms"": 158539.517, ""actual_onset_global_ms"": 158578.144, ""actual_offset_global_ms"": 159613.657, ""actual_duration_ms"": 1035.513}]",,,,,0,0,1,0,1,,,,,,,,,,,,,,,,,,,,,,,,,,,,,,,,,,,,,,,,,,,,
013,013_T1_20260520_150729,PA,T1,standard,hci_substudy_v2,1,telemetry_v4,flanker,1,formal_block_2,formal,2,2,34,formal,incongruent,1779260849,60.182,2026-05-20T15:10:17.680,0,0,0,1,159627.018,159644.939,incongruent,right,left,<<><<,j,j,1,1517.922,161277.366,none,,159727.018,159759.444,161277.366,3000,1517.922,161277.366,"[{""stage_name"": ""fixation"", ""planned_duration_ms"": 100, ""intended_onset_ms"": 159627.018, ""actual_onset_global_ms"": 159644.939, ""actual_offset_global_ms"": 159754.249, ""actual_duration_ms"": 109.31}, {""stage_name"": ""stimulus"", ""planned_duration_ms"": 3000, ""intended_onset_ms"": 159727.018, ""actual_onset_global_ms"": 159759.444, ""actual_offset_global_ms"": 161277.366, ""actual_duration_ms"": 1517.922}]",,,,,0,0,1,0,1,,,,,,,,,,,,,,,,,,,,,,,,,,,,,,,,,,,,,,,,,,,,
013,013_T1_20260520_150729,PA,T1,standard,hci_substudy_v2,1,telemetry_v4,flanker,1,formal_block_2,formal,2,3,35,formal,incongruent,1779260849,60.182,2026-05-20T15:10:19.358,0,0,0,1,161304.687,161321.043,incongruent,left,right,>><>>,s,s,1,1389.029,162816.762,none,,161404.687,161427.733,162816.762,3000,1389.029,162816.762,"[{""stage_name"": ""fixation"", ""planned_duration_ms"": 100, ""intended_onset_ms"": 161304.687, ""actual_onset_global_ms"": 161321.043, ""actual_offset_global_ms"": 161423.968, ""actual_duration_ms"": 102.925}, {""stage_name"": ""stimulus"", ""planned_duration_ms"": 3000, ""intended_onset_ms"": 161404.687, ""actual_onset_global_ms"": 161427.733, ""actual_offset_global_ms"": 162816.762, ""actual_duration_ms"": 1389.029}]",,,,,0,0,1,0,1,,,,,,,,,,,,,,,,,,,,,,,,,,,,,,,,,,,,,,,,,,,,
013,013_T1_20260520_150729,PA,T1,standard,hci_substudy_v2,1,telemetry_v4,flanker,1,formal_block_2,formal,2,4,36,formal,incongruent,1779260849,60.182,2026-05-20T15:10:20.884,0,0,0,1,162830.791,162848.957,incongruent,right,left,<<><<,j,j,1,823.941,163779.629,none,,162930.791,162955.688,163779.629,3000,823.941,163779.629,"[{""stage_name"": ""fixation"", ""planned_duration_ms"": 100, ""intended_onset_ms"": 162830.791, ""actual_onset_global_ms"": 162848.957, ""actual_offset_global_ms"": 162954.387, ""actual_duration_ms"": 105.43}, {""stage_name"": ""stimulus"", ""planned_duration_ms"": 3000, ""intended_onset_ms"": 162930.791, ""actual_onset_global_ms"": 162955.688, ""actual_offset_global_ms"": 163779.629, ""actual_duration_ms"": 823.941}]",,,,,0,0,1,0,1,,,,,,,,,,,,,,,,,,,,,,,,,,,,,,,,,,,,,,,,,,,,
013,013_T1_20260520_150729,PA,T1,standard,hci_substudy_v2,1,telemetry_v4,flanker,1,formal_block_2,formal,2,5,37,formal,congruent,1779260849,60.182,2026-05-20T15:10:21.857,0,0,0,1,163803.968,163823.961,congruent,left,left,<<<<<,s,s,1,1123.647,165048.708,none,,163903.968,163925.061,165048.708,3000,1123.647,165048.708,"[{""stage_name"": ""fixation"", ""planned_duration_ms"": 100, ""intended_onset_ms"": 163803.968, ""actual_onset_global_ms"": 163823.961, ""actual_offset_global_ms"": 163920.997, ""actual_duration_ms"": 97.036}, {""stage_name"": ""stimulus"", ""planned_duration_ms"": 3000, ""intended_onset_ms"": 163903.968, ""actual_onset_global_ms"": 163925.061, ""actual_offset_global_ms"": 165048.708, ""actual_duration_ms"": 1123.647}]",,,,,0,0,1,0,1,,,,,,,,,,,,,,,,,,,,,,,,,,,,,,,,,,,,,,,,,,,,
013,013_T1_20260520_150729,PA,T1,standard,hci_substudy_v2,1,telemetry_v4,flanker,1,formal_block_2,formal,2,6,38,formal,incongruent,1779260849,60.182,2026-05-20T15:10:23.122,0,0,0,1,165068.863,165085.198,incongruent,left,right,>><>>,s,s,1,1563.0,166757.866,none,,165168.863,165194.866,166757.866,3000,1563.0,166757.866,"[{""stage_name"": ""fixation"", ""planned_duration_ms"": 100, ""intended_onset_ms"": 165068.863, ""actual_onset_global_ms"": 165085.198, ""actual_offset_global_ms"": 165191.488, ""actual_duration_ms"": 106.29}, {""stage_name"": ""stimulus"", ""planned_duration_ms"": 3000, ""intended_onset_ms"": 165168.863, ""actual_onset_global_ms"": 165194.866, ""actual_offset_global_ms"": 166757.866, ""actual_duration_ms"": 1563.0}]",,,,,0,0,1,0,1,,,,,,,,,,,,,,,,,,,,,,,,,,,,,,,,,,,,,,,,,,,,
013,013_T1_20260520_150729,PA,T1,standard,hci_substudy_v2,1,telemetry_v4,flanker,1,formal_block_2,formal,2,7,39,formal,congruent,1779260849,60.182,2026-05-20T15:10:24.826,0,0,0,1,166773.345,166789.976,congruent,right,right,>>>>>,j,j,1,993.521,167901.057,none,,166873.345,166907.536,167901.057,3000,993.521,167901.057,"[{""stage_name"": ""fixation"", ""planned_duration_ms"": 100, ""intended_onset_ms"": 166773.345, ""actual_onset_global_ms"": 166789.976, ""actual_offset_global_ms"": 166904.724, ""actual_duration_ms"": 114.748}, {""stage_name"": ""stimulus"", ""planned_duration_ms"": 3000, ""intended_onset_ms"": 166873.345, ""actual_onset_global_ms"": 166907.536, ""actual_offset_global_ms"": 167901.057, ""actual_duration_ms"": 993.521}]",,,,,0,0,1,0,1,,,,,,,,,,,,,,,,,,,,,,,,,,,,,,,,,,,,,,,,,,,,
013,013_T1_20260520_150729,PA,T1,standard,hci_substudy_v2,1,telemetry_v4,flanker,1,formal_block_2,formal,2,8,40,formal,congruent,1779260849,60.182,2026-05-20T15:10:25.982,0,0,0,1,167928.488,167948.086,congruent,left,left,<<<<<,s,s,1,1539.708,169609.687,none,,168028.488,168069.979,169609.687,3000,1539.708,169609.687,"[{""stage_name"": ""fixation"", ""planned_duration_ms"": 100, ""intended_onset_ms"": 167928.488, ""actual_onset_global_ms"": 167948.086, ""actual_offset_global_ms"": 168063.777, ""actual_duration_ms"": 115.691}, {""stage_name"": ""stimulus"", ""planned_duration_ms"": 3000, ""intended_onset_ms"": 168028.488, ""actual_onset_global_ms"": 168069.979, ""actual_offset_global_ms"": 169609.687, ""actual_duration_ms"": 1539.708}]",,,,,0,0,1,0,1,,,,,,,,,,,,,,,,,,,,,,,,,,,,,,,,,,,,,,,,,,,,
013,013_T1_20260520_150729,PA,T1,standard,hci_substudy_v2,1,telemetry_v4,flanker,1,formal_block_2,formal,2,9,41,formal,congruent,1779260849,60.182,2026-05-20T15:10:27.687,0,0,0,1,169634.022,169656.266,congruent,right,right,>>>>>,j,j,1,1717.493,171493.552,none,,169734.022,169776.059,171493.552,3000,1717.493,171493.552,"[{""stage_name"": ""fixation"", ""planned_duration_ms"": 100, ""intended_onset_ms"": 169634.022, ""actual_onset_global_ms"": 169656.266, ""actual_offset_global_ms"": 169770.121, ""actual_duration_ms"": 113.855}, {""stage_name"": ""stimulus"", ""planned_duration_ms"": 3000, ""intended_onset_ms"": 169734.022, ""actual_onset_global_ms"": 169776.059, ""actual_offset_global_ms"": 171493.552, ""actual_duration_ms"": 1717.493}]",,,,,0,0,1,0,1,,,,,,,,,,,,,,,,,,,,,,,,,,,,,,,,,,,,,,,,,,,,
013,013_T1_20260520_150729,PA,T1,standard,hci_substudy_v2,1,telemetry_v4,flanker,1,formal_block_2,formal,2,10,42,formal,incongruent,1779260849,60.182,2026-05-20T15:10:29.576,0,0,0,1,171522.391,171539.366,incongruent,right,left,<<><<,j,j,1,1343.548,172993.028,none,,171622.391,171649.48,172993.028,3000,1343.548,172993.028,"[{""stage_name"": ""fixation"", ""planned_duration_ms"": 100, ""intended_onset_ms"": 171522.391, ""actual_onset_global_ms"": 171539.366, ""actual_offset_global_ms"": 171644.074, ""actual_duration_ms"": 104.708}, {""stage_name"": ""stimulus"", ""planned_duration_ms"": 3000, ""intended_onset_ms"": 171622.391, ""actual_onset_global_ms"": 171649.48, ""actual_offset_global_ms"": 172993.028, ""actual_duration_ms"": 1343.548}]",,,,,0,0,1,0,1,,,,,,,,,,,,,,,,,,,,,,,,,,,,,,,,,,,,,,,,,,,,
013,013_T1_20260520_150729,PA,T1,standard,hci_substudy_v2,1,telemetry_v4,flanker,1,formal_block_2,formal,2,11,43,formal,incongruent,1779260849,60.182,2026-05-20T15:10:31.071,0,0,0,1,173017.312,173041.57,incongruent,left,right,>><>>,s,s,1,1072.015,174216.695,none,,173117.312,173144.68,174216.695,3000,1072.015,174216.695,"[{""stage_name"": ""fixation"", ""planned_duration_ms"": 100, ""intended_onset_ms"": 173017.312, ""actual_onset_global_ms"": 173041.57, ""actual_offset_global_ms"": 173138.363, ""actual_duration_ms"": 96.793}, {""stage_name"": ""stimulus"", ""planned_duration_ms"": 3000, ""intended_onset_ms"": 173117.312, ""actual_onset_global_ms"": 173144.68, ""actual_offset_global_ms"": 174216.695, ""actual_duration_ms"": 1072.015}]",,,,,0,0,1,0,1,,,,,,,,,,,,,,,,,,,,,,,,,,,,,,,,,,,,,,,,,,,,
013,013_T1_20260520_150729,PA,T1,standard,hci_substudy_v2,1,telemetry_v4,flanker,1,formal_block_2,formal,2,12,44,formal,congruent,1779260849,60.182,2026-05-20T15:10:32.282,0,0,0,1,174228.836,174250.17,congruent,left,left,<<<<<,s,s,1,964.481,175331.099,none,,174328.836,174366.618,175331.099,3000,964.481,175331.099,"[{""stage_name"": ""fixation"", ""planned_duration_ms"": 100, ""intended_onset_ms"": 174228.836, ""actual_onset_global_ms"": 174250.17, ""actual_offset_global_ms"": 174359.034, ""actual_duration_ms"": 108.864}, {""stage_name"": ""stimulus"", ""planned_duration_ms"": 3000, ""intended_onset_ms"": 174328.836, ""actual_onset_global_ms"": 174366.618, ""actual_offset_global_ms"": 175331.099, ""actual_duration_ms"": 964.481}]",,,,,0,0,1,0,1,,,,,,,,,,,,,,,,,,,,,,,,,,,,,,,,,,,,,,,,,,,,
013,013_T1_20260520_150729,PA,T1,standard,hci_substudy_v2,1,telemetry_v4,flanker,1,formal_block_2,formal,2,13,45,formal,incongruent,1779260849,60.182,2026-05-20T15:10:33.399,0,0,0,1,175346.208,175364.416,incongruent,left,right,>><>>,s,s,1,1136.445,176614.892,none,,175446.208,175478.447,176614.892,3000,1136.445,176614.892,"[{""stage_name"": ""fixation"", ""planned_duration_ms"": 100, ""intended_onset_ms"": 175346.208, ""actual_onset_global_ms"": 175364.416, ""actual_offset_global_ms"": 175473.185, ""actual_duration_ms"": 108.769}, {""stage_name"": ""stimulus"", ""planned_duration_ms"": 3000, ""intended_onset_ms"": 175446.208, ""actual_onset_global_ms"": 175478.447, ""actual_offset_global_ms"": 176614.892, ""actual_duration_ms"": 1136.445}]",,,,,0,0,1,0,1,,,,,,,,,,,,,,,,,,,,,,,,,,,,,,,,,,,,,,,,,,,,
013,013_T1_20260520_150729,PA,T1,standard,hci_substudy_v2,1,telemetry_v4,flanker,1,formal_block_2,formal,2,14,46,formal,congruent,1779260849,60.182,2026-05-20T15:10:34.687,0,0,0,1,176634.217,176655.661,congruent,right,right,>>>>>,j,j,1,902.469,177669.751,none,,176734.217,176767.282,177669.751,3000,902.469,177669.751,"[{""stage_name"": ""fixation"", ""planned_duration_ms"": 100, ""intended_onset_ms"": 176634.217, ""actual_onset_global_ms"": 176655.661, ""actual_offset_global_ms"": 176758.825, ""actual_duration_ms"": 103.164}, {""stage_name"": ""stimulus"", ""planned_duration_ms"": 3000, ""intended_onset_ms"": 176734.217, ""actual_onset_global_ms"": 176767.282, ""actual_offset_global_ms"": 177669.751, ""actual_duration_ms"": 902.469}]",,,,,0,0,1,0,1,,,,,,,,,,,,,,,,,,,,,,,,,,,,,,,,,,,,,,,,,,,,
013,013_T1_20260520_150729,PA,T1,standard,hci_substudy_v2,1,telemetry_v4,flanker,1,formal_block_2,formal,2,15,47,formal,congruent,1779260849,60.182,2026-05-20T15:10:35.742,0,0,0,1,177689.294,177707.875,congruent,left,left,<<<<<,s,s,1,2156.15,179982.03,none,,177789.294,177825.88,179982.03,3000,2156.15,179982.03,"[{""stage_name"": ""fixation"", ""planned_duration_ms"": 100, ""intended_onset_ms"": 177689.294, ""actual_onset_global_ms"": 177707.875, ""actual_offset_global_ms"": 177820.673, ""actual_duration_ms"": 112.798}, {""stage_name"": ""stimulus"", ""planned_duration_ms"": 3000, ""intended_onset_ms"": 177789.294, ""actual_onset_global_ms"": 177825.88, ""actual_offset_global_ms"": 179982.03, ""actual_duration_ms"": 2156.15}]",,,,,0,0,1,0,1,,,,,,,,,,,,,,,,,,,,,,,,,,,,,,,,,,,,,,,,,,,,
013,013_T1_20260520_150729,PA,T1,standard,hci_substudy_v2,1,telemetry_v4,flanker,1,formal_block_2,formal,2,16,48,formal,congruent,1779260849,60.182,2026-05-20T15:10:38.057,0,0,0,1,180003.281,180021.539,congruent,left,left,<<<<<,s,s,1,1360.916,181485.513,none,,180103.281,180124.597,181485.513,3000,1360.916,181485.513,"[{""stage_name"": ""fixation"", ""planned_duration_ms"": 100, ""intended_onset_ms"": 180003.281, ""actual_onset_global_ms"": 180021.539, ""actual_offset_global_ms"": 180121.739, ""actual_duration_ms"": 100.2}, {""stage_name"": ""stimulus"", ""planned_duration_ms"": 3000, ""intended_onset_ms"": 180103.281, ""actual_onset_global_ms"": 180124.597, ""actual_offset_global_ms"": 181485.513, ""actual_duration_ms"": 1360.916}]",,,,,0,0,1,0,1,,,,,,,,,,,,,,,,,,,,,,,,,,,,,,,,,,,,,,,,,,,,
013,013_T1_20260520_150729,PA,T1,standard,hci_substudy_v2,1,telemetry_v4,flanker,1,formal_block_2,formal,2,17,49,formal,incongruent,1779260849,60.182,2026-05-20T15:10:39.566,0,0,0,1,181512.658,181527.007,incongruent,right,left,<<><<,j,j,1,836.757,182479.665,none,,181612.658,181642.908,182479.665,3000,836.757,182479.665,"[{""stage_name"": ""fixation"", ""planned_duration_ms"": 100, ""intended_onset_ms"": 181512.658, ""actual_onset_global_ms"": 181527.007, ""actual_offset_global_ms"": 181639.677, ""actual_duration_ms"": 112.67}, {""stage_name"": ""stimulus"", ""planned_duration_ms"": 3000, ""intended_onset_ms"": 181612.658, ""actual_onset_global_ms"": 181642.908, ""actual_offset_global_ms"": 182479.665, ""actual_duration_ms"": 836.757}]",,,,,0,0,1,0,1,,,,,,,,,,,,,,,,,,,,,,,,,,,,,,,,,,,,,,,,,,,,
013,013_T1_20260520_150729,PA,T1,standard,hci_substudy_v2,1,telemetry_v4,flanker,1,formal_block_2,formal,2,18,50,formal,congruent,1779260849,60.182,2026-05-20T15:10:40.555,0,0,0,1,182501.844,182518.027,congruent,right,right,>>>>>,j,j,1,926.45,183554.133,none,,182601.844,182627.683,183554.133,3000,926.45,183554.133,"[{""stage_name"": ""fixation"", ""planned_duration_ms"": 100, ""intended_onset_ms"": 182501.844, ""actual_onset_global_ms"": 182518.027, ""actual_offset_global_ms"": 182623.464, ""actual_duration_ms"": 105.437}, {""stage_name"": ""stimulus"", ""planned_duration_ms"": 3000, ""intended_onset_ms"": 182601.844, ""actual_onset_global_ms"": 182627.683, ""actual_offset_global_ms"": 183554.133, ""actual_duration_ms"": 926.45}]",,,,,0,0,1,0,1,,,,,,,,,,,,,,,,,,,,,,,,,,,,,,,,,,,,,,,,,,,,
013,013_T1_20260520_150729,PA,T1,standard,hci_substudy_v2,1,telemetry_v4,flanker,1,formal_block_2,formal,2,19,51,formal,incongruent,1779260849,60.182,2026-05-20T15:10:41.637,0,0,0,1,183583.327,183602.09,incongruent,right,left,<<><<,j,j,1,2088.545,185797.868,none,,183683.327,183709.323,185797.868,3000,2088.545,185797.868,"[{""stage_name"": ""fixation"", ""planned_duration_ms"": 100, ""intended_onset_ms"": 183583.327, ""actual_onset_global_ms"": 183602.09, ""actual_offset_global_ms"": 183706.297, ""actual_duration_ms"": 104.207}, {""stage_name"": ""stimulus"", ""planned_duration_ms"": 3000, ""intended_onset_ms"": 183683.327, ""actual_onset_global_ms"": 183709.323, ""actual_offset_global_ms"": 185797.868, ""actual_duration_ms"": 2088.545}]",,,,,0,0,1,0,1,,,,,,,,,,,,,,,,,,,,,,,,,,,,,,,,,,,,,,,,,,,,
013,013_T1_20260520_150729,PA,T1,standard,hci_substudy_v2,1,telemetry_v4,flanker,1,formal_block_2,formal,2,20,52,formal,incongruent,1779260849,60.182,2026-05-20T15:10:43.876,0,0,0,1,185822.383,185838.308,incongruent,left,right,>><>>,s,s,1,912.634,186871.448,none,,185922.383,185958.814,186871.448,3000,912.634,186871.448,"[{""stage_name"": ""fixation"", ""planned_duration_ms"": 100, ""intended_onset_ms"": 185822.383, ""actual_onset_global_ms"": 185838.308, ""actual_offset_global_ms"": 185954.269, ""actual_duration_ms"": 115.961}, {""stage_name"": ""stimulus"", ""planned_duration_ms"": 3000, ""intended_onset_ms"": 185922.383, ""actual_onset_global_ms"": 185958.814, ""actual_offset_global_ms"": 186871.448, ""actual_duration_ms"": 912.634}]",,,,,0,0,1,0,1,,,,,,,,,,,,,,,,,,,,,,,,,,,,,,,,,,,,,,,,,,,,
013,013_T1_20260520_150729,PA,T1,standard,hci_substudy_v2,1,telemetry_v4,dccs,2,mixed_formal,formal,1,1,37,formal,color,1779260849,60.182,2026-05-20T15:14:02.951,0,0,0,3,384898.163,384919.584,,,,,s,s,1,3680.469,389300.744,none,,385498.163,385620.275,389300.744,3000,3680.469,389300.744,"[{""stage_name"": ""fixation"", ""planned_duration_ms"": 100, ""intended_onset_ms"": 384898.163, ""actual_onset_global_ms"": 384919.584, ""actual_offset_global_ms"": 385031.071, ""actual_duration_ms"": 111.487}, {""stage_name"": ""cue"", ""planned_duration_ms"": 500, ""intended_onset_ms"": 384998.163, ""actual_onset_global_ms"": 385034.997, ""actual_offset_global_ms"": 385620.292, ""actual_duration_ms"": 585.295}, {""stage_name"": ""stimulus"", ""planned_duration_ms"": 3000, ""intended_onset_ms"": 385498.163, ""actual_onset_global_ms"": 385620.275, ""actual_offset_global_ms"": 389300.744, ""actual_duration_ms"": 3680.469}]",,,,,0,1,0,0,1,0.0,none,,,0.0,0.0,none,0.0,0.0,0.0,0.0,,,0.0,none,none,0.0,color,cue_color.wav,颜色,385035.426,500.0,385731.988,blue,rabbit,blue_rabbit,first,,color,4265.747,,,,,,,,,,,,,,
013,013_T1_20260520_150729,PA,T1,standard,hci_substudy_v2,1,telemetry_v4,dccs,2,mixed_formal,formal,1,2,38,formal,shape,1779260849,60.182,2026-05-20T15:14:07.383,0,0,0,3,389329.787,389347.926,,,,,j,j,1,1447.962,391539.707,none,,389929.787,390091.745,391539.707,3000,1447.962,391539.707,"[{""stage_name"": ""fixation"", ""planned_duration_ms"": 100, ""intended_onset_ms"": 389329.787, ""actual_onset_global_ms"": 389347.926, ""actual_offset_global_ms"": 389464.745, ""actual_duration_ms"": 116.819}, {""stage_name"": ""cue"", ""planned_duration_ms"": 500, ""intended_onset_ms"": 389429.787, ""actual_onset_global_ms"": 389470.27, ""actual_offset_global_ms"": 390087.805, ""actual_duration_ms"": 617.535}, {""stage_name"": ""stimulus"", ""planned_duration_ms"": 3000, ""intended_onset_ms"": 389929.787, ""actual_onset_global_ms"": 390091.745, ""actual_offset_global_ms"": 391539.707, ""actual_duration_ms"": 1447.962}]",,,,,0,0,1,0,1,0.0,none,,,0.0,0.0,none,0.0,0.0,0.0,0.0,,,0.0,none,none,0.0,shape,cue_shape.wav,形状,389470.765,500.0,390237.015,red,boat,red_boat,switch,color,shape,2069.437,,,,,,,,,,,,,,
013,013_T1_20260520_150729,PA,T1,standard,hci_substudy_v2,1,telemetry_v4,dccs,2,mixed_formal,formal,1,3,39,formal,shape,1779260849,60.182,2026-05-20T15:14:09.629,0,0,0,3,391575.886,391596.663,,,,,s,j,0,1989.403,394326.161,none,,392175.886,392336.758,394326.161,3000,1989.403,394326.161,"[{""stage_name"": ""fixation"", ""planned_duration_ms"": 100, ""intended_onset_ms"": 391575.886, ""actual_onset_global_ms"": 391596.663, ""actual_offset_global_ms"": 391701.218, ""actual_duration_ms"": 104.555}, {""stage_name"": ""cue"", ""planned_duration_ms"": 500, ""intended_onset_ms"": 391675.886, ""actual_onset_global_ms"": 391704.673, ""actual_offset_global_ms"": 392337.177, ""actual_duration_ms"": 632.504}, {""stage_name"": ""stimulus"", ""planned_duration_ms"": 3000, ""intended_onset_ms"": 392175.886, ""actual_onset_global_ms"": 392336.758, ""actual_offset_global_ms"": 394326.161, ""actual_duration_ms"": 1989.403}]",,,,,0,0,0,0,1,0.0,none,,,0.0,0.0,none,0.0,0.0,0.0,0.0,,,0.0,none,none,0.0,shape,cue_shape.wav,形状,391705.112,500.0,392471.362,red,rabbit,red_rabbit,repeat,shape,shape,2621.488,,,,,,,,,,,,,,
013,013_T1_20260520_150729,PA,T1,standard,hci_substudy_v2,1,telemetry_v4,dccs,2,mixed_formal,formal,1,4,40,formal,color,1779260849,60.182,2026-05-20T15:14:12.403,0,0,0,3,394349.804,394364.441,,,,,j,j,1,951.604,395941.39,none,,394949.804,394989.786,395941.39,3000,951.604,395941.39,"[{""stage_name"": ""fixation"", ""planned_duration_ms"": 100, ""intended_onset_ms"": 394349.804, ""actual_onset_global_ms"": 394364.441, ""actual_offset_global_ms"": 394472.885, ""actual_duration_ms"": 108.444}, {""stage_name"": ""cue"", ""planned_duration_ms"": 500, ""intended_onset_ms"": 394449.804, ""actual_onset_global_ms"": 394473.96, ""actual_offset_global_ms"": 394990.685, ""actual_duration_ms"": 516.725}, {""stage_name"": ""stimulus"", ""planned_duration_ms"": 3000, ""intended_onset_ms"": 394949.804, ""actual_onset_global_ms"": 394989.786, ""actual_offset_global_ms"": 395941.39, ""actual_duration_ms"": 951.604}]",,,,,0,0,1,0,1,0.0,none,,,0.0,0.0,none,0.0,0.0,0.0,0.0,,,0.0,none,none,0.0,color,cue_color.wav,颜色,394474.354,500.0,395170.916,red,rabbit,red_rabbit,switch,shape,color,1467.43,,,,,,,,,,,,,,
013,013_T1_20260520_150729,PA,T1,standard,hci_substudy_v2,1,telemetry_v4,dccs,2,mixed_formal,formal,1,5,41,formal,shape,1779260849,60.182,2026-05-20T15:14:14.018,0,0,0,3,395965.068,395984.821,,,,,j,j,1,3948.105,400569.427,none,,396565.068,396621.322,400569.427,3000,3948.105,400569.427,"[{""stage_name"": ""fixation"", ""planned_duration_ms"": 100, ""intended_onset_ms"": 395965.068, ""actual_onset_global_ms"": 395984.821, ""actual_offset_global_ms"": 396096.607, ""actual_duration_ms"": 111.786}, {""stage_name"": ""cue"", ""planned_duration_ms"": 500, ""intended_onset_ms"": 396065.068, ""actual_onset_global_ms"": 396099.844, ""actual_offset_global_ms"": 396623.032, ""actual_duration_ms"": 523.188}, {""stage_name"": ""stimulus"", ""planned_duration_ms"": 3000, ""intended_onset_ms"": 396565.068, ""actual_onset_global_ms"": 396621.322, ""actual_offset_global_ms"": 400569.427, ""actual_duration_ms"": 3948.105}]",,,,,0,1,0,0,1,0.0,none,,,0.0,0.0,none,0.0,0.0,0.0,0.0,,,0.0,none,none,0.0,shape,cue_shape.wav,形状,396100.301,500.0,396866.551,blue,boat,blue_boat,switch,color,shape,4469.583,,,,,,,,,,,,,,
013,013_T1_20260520_150729,PA,T1,standard,hci_substudy_v2,1,telemetry_v4,dccs,2,mixed_formal,formal,1,6,42,formal,color,1779260849,60.182,2026-05-20T15:14:18.634,0,0,0,3,400580.772,400598.901,,,,,j,j,1,3052.22,404271.253,none,,401180.772,401219.033,404271.253,3000,3052.22,404271.253,"[{""stage_name"": ""fixation"", ""planned_duration_ms"": 100, ""intended_onset_ms"": 400580.772, ""actual_onset_global_ms"": 400598.901, ""actual_offset_global_ms"": 400701.876, ""actual_duration_ms"": 102.975}, {""stage_name"": ""cue"", ""planned_duration_ms"": 500, ""intended_onset_ms"": 400680.772, ""actual_onset_global_ms"": 400703.092, ""actual_offset_global_ms"": 401220.854, ""actual_duration_ms"": 517.762}, {""stage_name"": ""stimulus"", ""planned_duration_ms"": 3000, ""intended_onset_ms"": 401180.772, ""actual_onset_global_ms"": 401219.033, ""actual_offset_global_ms"": 404271.253, ""actual_duration_ms"": 3052.22}]",,,,,0,1,0,0,1,0.0,none,,,0.0,0.0,none,0.0,0.0,0.0,0.0,,,0.0,none,none,0.0,color,cue_color.wav,颜色,400703.639,500.0,401400.202,red,boat,red_boat,switch,shape,color,3568.161,,,,,,,,,,,,,,
013,013_T1_20260520_150729,PA,T1,standard,hci_substudy_v2,1,telemetry_v4,dccs,2,mixed_formal,formal,1,7,43,formal,color,1779260849,60.182,2026-05-20T15:14:22.353,0,0,0,3,404300.247,404317.378,,,,,s,s,1,1045.377,405981.279,none,,404900.247,404935.902,405981.279,3000,1045.377,405981.279,"[{""stage_name"": ""fixation"", ""planned_duration_ms"": 100, ""intended_onset_ms"": 404300.247, ""actual_onset_global_ms"": 404317.378, ""actual_offset_global_ms"": 404417.911, ""actual_duration_ms"": 100.533}, {""stage_name"": ""cue"", ""planned_duration_ms"": 500, ""intended_onset_ms"": 404400.247, ""actual_onset_global_ms"": 404417.766, ""actual_offset_global_ms"": 404937.505, ""actual_duration_ms"": 519.739}, {""stage_name"": ""stimulus"", ""planned_duration_ms"": 3000, ""intended_onset_ms"": 404900.247, ""actual_onset_global_ms"": 404935.902, ""actual_offset_global_ms"": 405981.279, ""actual_duration_ms"": 1045.377}]",,,,,0,0,1,0,1,0.0,none,,,0.0,0.0,none,0.0,0.0,0.0,0.0,,,0.0,none,none,0.0,color,cue_color.wav,颜色,404418.187,500.0,405114.749,blue,rabbit,blue_rabbit,repeat,color,color,1563.513,,,,,,,,,,,,,,
013,013_T1_20260520_150729,PA,T1,standard,hci_substudy_v2,1,telemetry_v4,dccs,2,mixed_formal,formal,1,8,44,formal,shape,1779260849,60.182,2026-05-20T15:14:24.053,0,0,0,3,405999.636,406016.682,,,,,s,s,1,3252.466,409952.833,none,,406599.636,406700.367,409952.833,3000,3252.466,409952.833,"[{""stage_name"": ""fixation"", ""planned_duration_ms"": 100, ""intended_onset_ms"": 405999.636, ""actual_onset_global_ms"": 406016.682, ""actual_offset_global_ms"": 406131.432, ""actual_duration_ms"": 114.75}, {""stage_name"": ""cue"", ""planned_duration_ms"": 500, ""intended_onset_ms"": 406099.636, ""actual_onset_global_ms"": 406136.083, ""actual_offset_global_ms"": 406696.783, ""actual_duration_ms"": 560.7}, {""stage_name"": ""stimulus"", ""planned_duration_ms"": 3000, ""intended_onset_ms"": 406599.636, ""actual_onset_global_ms"": 406700.367, ""actual_offset_global_ms"": 409952.833, ""actual_duration_ms"": 3252.466}]",,,,,0,1,0,0,1,0.0,none,,,0.0,0.0,none,0.0,0.0,0.0,0.0,,,0.0,none,none,0.0,shape,cue_shape.wav,形状,406136.442,500.0,406902.692,blue,rabbit,blue_rabbit,switch,color,shape,3816.75,,,,,,,,,,,,,,
013,013_T1_20260520_150729,PA,T1,standard,hci_substudy_v2,1,telemetry_v4,dccs,2,mixed_formal,formal,1,9,45,formal,shape,1779260849,60.182,2026-05-20T15:14:28.037,0,0,0,3,409983.908,410001.608,,,,,s,s,1,1573.975,412347.122,none,,410583.908,410773.147,412347.122,3000,1573.975,412347.122,"[{""stage_name"": ""fixation"", ""planned_duration_ms"": 100, ""intended_onset_ms"": 409983.908, ""actual_onset_global_ms"": 410001.608, ""actual_offset_global_ms"": 410117.383, ""actual_duration_ms"": 115.775}, {""stage_name"": ""cue"", ""planned_duration_ms"": 500, ""intended_onset_ms"": 410083.908, ""actual_onset_global_ms"": 410120.177, ""actual_offset_global_ms"": 410678.797, ""actual_duration_ms"": 558.62}, {""stage_name"": ""stimulus"", ""planned_duration_ms"": 3000, ""intended_onset_ms"": 410583.908, ""actual_onset_global_ms"": 410773.147, ""actual_offset_global_ms"": 412347.122, ""actual_duration_ms"": 1573.975}]",,,,,0,0,1,0,1,0.0,none,,,0.0,0.0,none,0.0,0.0,0.0,0.0,,,0.0,none,none,0.0,shape,cue_shape.wav,形状,410120.619,500.0,410886.869,blue,rabbit,blue_rabbit,repeat,shape,shape,2226.945,,,,,,,,,,,,,,
013,013_T1_20260520_150729,PA,T1,standard,hci_substudy_v2,1,telemetry_v4,dccs,2,mixed_formal,formal,1,10,46,formal,shape,1779260849,60.182,2026-05-20T15:14:30.416,0,0,0,3,412363.309,412380.976,,,,,j,j,1,1769.549,414805.088,none,,412963.309,413035.539,414805.088,3000,1769.549,414805.088,"[{""stage_name"": ""fixation"", ""planned_duration_ms"": 100, ""intended_onset_ms"": 412363.309, ""actual_onset_global_ms"": 412380.976, ""actual_offset_global_ms"": 412487.744, ""actual_duration_ms"": 106.768}, {""stage_name"": ""cue"", ""planned_duration_ms"": 500, ""intended_onset_ms"": 412463.309, ""actual_onset_global_ms"": 412488.178, ""actual_offset_global_ms"": 413034.629, ""actual_duration_ms"": 546.451}, {""stage_name"": ""stimulus"", ""planned_duration_ms"": 3000, ""intended_onset_ms"": 412963.309, ""actual_onset_global_ms"": 413035.539, ""actual_offset_global_ms"": 414805.088, ""actual_duration_ms"": 1769.549}]",,,,,0,0,1,0,1,0.0,none,,,0.0,0.0,none,0.0,0.0,0.0,0.0,,,0.0,none,none,0.0,shape,cue_shape.wav,形状,412488.547,500.0,413254.797,blue,boat,blue_boat,repeat,shape,shape,2316.91,,,,,,,,,,,,,,
013,013_T1_20260520_150729,PA,T1,standard,hci_substudy_v2,1,telemetry_v4,dccs,2,mixed_formal,formal,1,11,47,formal,color,1779260849,60.182,2026-05-20T15:14:32.887,0,0,0,3,414834.011,414850.334,,,,,s,s,1,1122.838,416610.238,none,,415434.011,415487.4,416610.238,3000,1122.838,416610.238,"[{""stage_name"": ""fixation"", ""planned_duration_ms"": 100, ""intended_onset_ms"": 414834.011, ""actual_onset_global_ms"": 414850.334, ""actual_offset_global_ms"": 414950.805, ""actual_duration_ms"": 100.471}, {""stage_name"": ""cue"", ""planned_duration_ms"": 500, ""intended_onset_ms"": 414934.011, ""actual_onset_global_ms"": 414951.685, ""actual_offset_global_ms"": 415488.312, ""actual_duration_ms"": 536.627}, {""stage_name"": ""stimulus"", ""planned_duration_ms"": 3000, ""intended_onset_ms"": 415434.011, ""actual_onset_global_ms"": 415487.4, ""actual_offset_global_ms"": 416610.238, ""actual_duration_ms"": 1122.838}]",,,,,0,0,1,0,1,0.0,none,,,0.0,0.0,none,0.0,0.0,0.0,0.0,,,0.0,none,none,0.0,color,cue_color.wav,颜色,414952.125,500.0,415648.688,blue,boat,blue_boat,switch,shape,color,1658.553,,,,,,,,,,,,,,
013,013_T1_20260520_150729,PA,T1,standard,hci_substudy_v2,1,telemetry_v4,dccs,2,mixed_formal,formal,1,12,48,formal,shape,1779260849,60.182,2026-05-20T15:14:34.684,0,0,0,3,416631.731,416648.065,,,,,s,s,1,1714.104,418998.354,none,,417231.731,417284.25,418998.354,3000,1714.104,418998.354,"[{""stage_name"": ""fixation"", ""planned_duration_ms"": 100, ""intended_onset_ms"": 416631.731, ""actual_onset_global_ms"": 416648.065, ""actual_offset_global_ms"": 416753.551, ""actual_duration_ms"": 105.486}, {""stage_name"": ""cue"", ""planned_duration_ms"": 500, ""intended_onset_ms"": 416731.731, ""actual_onset_global_ms"": 416754.395, ""actual_offset_global_ms"": 417285.806, ""actual_duration_ms"": 531.411}, {""stage_name"": ""stimulus"", ""planned_duration_ms"": 3000, ""intended_onset_ms"": 417231.731, ""actual_onset_global_ms"": 417284.25, ""actual_offset_global_ms"": 418998.354, ""actual_duration_ms"": 1714.104}]",,,,,0,0,1,0,1,0.0,none,,,0.0,0.0,none,0.0,0.0,0.0,0.0,,,0.0,none,none,0.0,shape,cue_shape.wav,形状,416754.75,500.0,417521.0,blue,rabbit,blue_rabbit,switch,color,shape,2243.959,,,,,,,,,,,,,,
013,013_T1_20260520_150729,PA,T1,standard,hci_substudy_v2,1,telemetry_v4,dccs,2,mixed_formal,formal,1,13,49,formal,shape,1779260849,60.182,2026-05-20T15:14:37.072,0,0,0,3,419019.017,419038.227,,,,,j,j,1,1573.863,421364.019,none,,419619.017,419790.156,421364.019,3000,1573.863,421364.019,"[{""stage_name"": ""fixation"", ""planned_duration_ms"": 100, ""intended_onset_ms"": 419019.017, ""actual_onset_global_ms"": 419038.227, ""actual_offset_global_ms"": 419136.706, ""actual_duration_ms"": 98.479}, {""stage_name"": ""cue"", ""planned_duration_ms"": 500, ""intended_onset_ms"": 419119.017, ""actual_onset_global_ms"": 419141.702, ""actual_offset_global_ms"": 419786.645, ""actual_duration_ms"": 644.943}, {""stage_name"": ""stimulus"", ""planned_duration_ms"": 3000, ""intended_onset_ms"": 419619.017, ""actual_onset_global_ms"": 419790.156, ""actual_offset_global_ms"": 421364.019, ""actual_duration_ms"": 1573.863}]",,,,,0,0,1,0,1,0.0,none,,,0.0,0.0,none,0.0,0.0,0.0,0.0,,,0.0,none,none,0.0,shape,cue_shape.wav,形状,419142.161,500.0,419908.411,red,boat,red_boat,repeat,shape,shape,2222.317,,,,,,,,,,,,,,
013,013_T1_20260520_150729,PA,T1,standard,hci_substudy_v2,1,telemetry_v4,dccs,2,mixed_formal,formal,1,14,50,formal,color,1779260849,60.182,2026-05-20T15:14:39.436,0,0,0,3,421382.493,421402.033,,,,,j,j,1,2709.179,424829.361,none,,421982.493,422120.182,424829.361,3000,2709.179,424829.361,"[{""stage_name"": ""fixation"", ""planned_duration_ms"": 100, ""intended_onset_ms"": 421382.493, ""actual_onset_global_ms"": 421402.033, ""actual_offset_global_ms"": 421517.907, ""actual_duration_ms"": 115.874}, {""stage_name"": ""cue"", ""planned_duration_ms"": 500, ""intended_onset_ms"": 421482.493, ""actual_onset_global_ms"": 421519.608, ""actual_offset_global_ms"": 422119.673, ""actual_duration_ms"": 600.065}, {""stage_name"": ""stimulus"", ""planned_duration_ms"": 3000, ""intended_onset_ms"": 421982.493, ""actual_onset_global_ms"": 422120.182, ""actual_offset_global_ms"": 424829.361, ""actual_duration_ms"": 2709.179}]",,,,,0,0,1,0,1,0.0,none,,,0.0,0.0,none,0.0,0.0,0.0,0.0,,,0.0,none,none,0.0,color,cue_color.wav,颜色,421519.984,500.0,422216.546,red,boat,red_boat,switch,shape,color,3309.753,,,,,,,,,,,,,,
013,013_T1_20260520_150729,PA,T1,standard,hci_substudy_v2,1,telemetry_v4,dccs,2,mixed_formal,formal,1,15,51,formal,shape,1779260849,60.182,2026-05-20T15:14:42.921,0,0,0,3,424867.761,424887.288,,,,,j,s,0,4638.476,430295.966,none,,425467.761,425657.49,430295.966,3000,4638.476,430295.966,"[{""stage_name"": ""fixation"", ""planned_duration_ms"": 100, ""intended_onset_ms"": 424867.761, ""actual_onset_global_ms"": 424887.288, ""actual_offset_global_ms"": 425003.902, ""actual_duration_ms"": 116.614}, {""stage_name"": ""cue"", ""planned_duration_ms"": 500, ""intended_onset_ms"": 424967.761, ""actual_onset_global_ms"": 425006.049, ""actual_offset_global_ms"": 425654.459, ""actual_duration_ms"": 648.41}, {""stage_name"": ""stimulus"", ""planned_duration_ms"": 3000, ""intended_onset_ms"": 425467.761, ""actual_onset_global_ms"": 425657.49, ""actual_offset_global_ms"": 430295.966, ""actual_duration_ms"": 4638.476}]",,,,,0,1,0,0,1,0.0,none,,,0.0,0.0,none,0.0,0.0,0.0,0.0,,,0.0,none,none,0.0,shape,cue_shape.wav,形状,425006.626,500.0,425772.876,red,boat,red_boat,switch,color,shape,5289.917,,,,,,,,,,,,,,
013,013_T1_20260520_150729,PA,T1,standard,hci_substudy_v2,1,telemetry_v4,dccs,2,mixed_formal,formal,1,16,52,formal,color,1779260849,60.182,2026-05-20T15:14:48.386,0,0,0,3,430332.602,430350.383,,,,,s,s,1,1805.266,432889.436,none,,430932.602,431084.17,432889.436,3000,1805.266,432889.436,"[{""stage_name"": ""fixation"", ""planned_duration_ms"": 100, ""intended_onset_ms"": 430332.602, ""actual_onset_global_ms"": 430350.383, ""actual_offset_global_ms"": 430465.059, ""actual_duration_ms"": 114.676}, {""stage_name"": ""cue"", ""planned_duration_ms"": 500, ""intended_onset_ms"": 430432.602, ""actual_onset_global_ms"": 430469.874, ""actual_offset_global_ms"": 431081.66, ""actual_duration_ms"": 611.786}, {""stage_name"": ""stimulus"", ""planned_duration_ms"": 3000, ""intended_onset_ms"": 430932.602, ""actual_onset_global_ms"": 431084.17, ""actual_offset_global_ms"": 432889.436, ""actual_duration_ms"": 1805.266}]",,,,,0,0,1,0,1,0.0,none,,,0.0,0.0,none,0.0,0.0,0.0,0.0,,,0.0,none,none,0.0,color,cue_color.wav,颜色,430470.312,500.0,431166.874,blue,boat,blue_boat,switch,shape,color,2419.562,,,,,,,,,,,,,,
013,013_T1_20260520_150729,PA,T1,standard,hci_substudy_v2,1,telemetry_v4,dccs,2,mixed_formal,formal,1,17,53,formal,shape,1779260849,60.182,2026-05-20T15:14:50.976,0,0,0,3,432922.585,432943.298,,,,,j,j,1,1905.172,435622.522,none,,433522.585,433717.35,435622.522,3000,1905.172,435622.522,"[{""stage_name"": ""fixation"", ""planned_duration_ms"": 100, ""intended_onset_ms"": 432922.585, ""actual_onset_global_ms"": 432943.298, ""actual_offset_global_ms"": 433045.474, ""actual_duration_ms"": 102.176}, {""stage_name"": ""cue"", ""planned_duration_ms"": 500, ""intended_onset_ms"": 433022.585, ""actual_onset_global_ms"": 433049.985, ""actual_offset_global_ms"": 433714.363, ""actual_duration_ms"": 664.378}, {""stage_name"": ""stimulus"", ""planned_duration_ms"": 3000, ""intended_onset_ms"": 433522.585, ""actual_onset_global_ms"": 433717.35, ""actual_offset_global_ms"": 435622.522, ""actual_duration_ms"": 1905.172}]",,,,,0,0,1,0,1,0.0,none,,,0.0,0.0,none,0.0,0.0,0.0,0.0,,,0.0,none,none,0.0,shape,cue_shape.wav,形状,433050.439,500.0,433816.689,red,boat,red_boat,switch,color,shape,2572.537,,,,,,,,,,,,,,
013,013_T1_20260520_150729,PA,T1,standard,hci_substudy_v2,1,telemetry_v4,dccs,2,mixed_formal,formal,1,18,54,formal,color,1779260849,60.182,2026-05-20T15:14:53.692,0,0,0,3,435639.416,435661.055,,,,,s,s,1,1276.851,437671.138,none,,436239.416,436394.287,437671.138,3000,1276.851,437671.138,"[{""stage_name"": ""fixation"", ""planned_duration_ms"": 100, ""intended_onset_ms"": 435639.416, ""actual_onset_global_ms"": 435661.055, ""actual_offset_global_ms"": 435770.353, ""actual_duration_ms"": 109.298}, {""stage_name"": ""cue"", ""planned_duration_ms"": 500, ""intended_onset_ms"": 435739.416, ""actual_onset_global_ms"": 435775.885, ""actual_offset_global_ms"": 436392.068, ""actual_duration_ms"": 616.183}, {""stage_name"": ""stimulus"", ""planned_duration_ms"": 3000, ""intended_onset_ms"": 436239.416, ""actual_onset_global_ms"": 436394.287, ""actual_offset_global_ms"": 437671.138, ""actual_duration_ms"": 1276.851}]",,,,,0,0,1,0,1,0.0,none,,,0.0,0.0,none,0.0,0.0,0.0,0.0,,,0.0,none,none,0.0,color,cue_color.wav,颜色,435776.379,500.0,436472.942,blue,boat,blue_boat,switch,shape,color,1895.253,,,,,,,,,,,,,,
013,013_T1_20260520_150729,PA,T1,standard,hci_substudy_v2,1,telemetry_v4,dccs,2,mixed_formal,formal,1,19,55,formal,shape,1779260849,60.182,2026-05-20T15:14:55.757,0,0,0,3,437703.863,437720.274,,,,,s,s,1,2362.284,440853.371,none,,438303.863,438491.087,440853.371,3000,2362.284,440853.371,"[{""stage_name"": ""fixation"", ""planned_duration_ms"": 100, ""intended_onset_ms"": 437703.863, ""actual_onset_global_ms"": 437720.274, ""actual_offset_global_ms"": 437838.769, ""actual_duration_ms"": 118.495}, {""stage_name"": ""cue"", ""planned_duration_ms"": 500, ""intended_onset_ms"": 437803.863, ""actual_onset_global_ms"": 437843.209, ""actual_offset_global_ms"": 438489.837, ""actual_duration_ms"": 646.628}, {""stage_name"": ""stimulus"", ""planned_duration_ms"": 3000, ""intended_onset_ms"": 438303.863, ""actual_onset_global_ms"": 438491.087, ""actual_offset_global_ms"": 440853.371, ""actual_duration_ms"": 2362.284}]",,,,,0,0,1,0,1,0.0,none,,,0.0,0.0,none,0.0,0.0,0.0,0.0,,,0.0,none,none,0.0,shape,cue_shape.wav,形状,437843.844,500.0,438610.094,blue,rabbit,blue_rabbit,switch,color,shape,3010.162,,,,,,,,,,,,,,
013,013_T1_20260520_150729,PA,T1,standard,hci_substudy_v2,1,telemetry_v4,dccs,2,mixed_formal,formal,1,20,56,formal,color,1779260849,60.182,2026-05-20T15:14:58.927,0,0,0,3,440874.464,440895.204,,,,,j,j,1,895.782,442517.013,none,,441474.464,441621.231,442517.013,3000,895.782,442517.013,"[{""stage_name"": ""fixation"", ""planned_duration_ms"": 100, ""intended_onset_ms"": 440874.464, ""actual_onset_global_ms"": 440895.204, ""actual_offset_global_ms"": 440999.833, ""actual_duration_ms"": 104.629}, {""stage_name"": ""cue"", ""planned_duration_ms"": 500, ""intended_onset_ms"": 440974.464, ""actual_onset_global_ms"": 441002.666, ""actual_offset_global_ms"": 441615.545, ""actual_duration_ms"": 612.879}, {""stage_name"": ""stimulus"", ""planned_duration_ms"": 3000, ""intended_onset_ms"": 441474.464, ""actual_onset_global_ms"": 441621.231, ""actual_offset_global_ms"": 442517.013, ""actual_duration_ms"": 895.782}]",,,,,0,0,1,0,1,0.0,none,,,0.0,0.0,none,0.0,0.0,0.0,0.0,,,0.0,none,none,0.0,color,cue_color.wav,颜色,441003.123,500.0,441699.686,red,boat,red_boat,switch,shape,color,1514.347,,,,,,,,,,,,,,
013,013_T1_20260520_150729,PA,T1,standard,hci_substudy_v2,1,telemetry_v4,dccs,2,mixed_formal,formal,1,21,57,formal,shape,1779260849,60.182,2026-05-20T15:15:00.589,0,0,0,3,442536.027,442557.531,,,,,s,s,1,1582.829,444885.974,none,,443136.027,443303.145,444885.974,3000,1582.829,444885.974,"[{""stage_name"": ""fixation"", ""planned_duration_ms"": 100, ""intended_onset_ms"": 442536.027, ""actual_onset_global_ms"": 442557.531, ""actual_offset_global_ms"": 442656.908, ""actual_duration_ms"": 99.377}, {""stage_name"": ""cue"", ""planned_duration_ms"": 500, ""intended_onset_ms"": 442636.027, ""actual_onset_global_ms"": 442660.174, ""actual_offset_global_ms"": 443298.785, ""actual_duration_ms"": 638.611}, {""stage_name"": ""stimulus"", ""planned_duration_ms"": 3000, ""intended_onset_ms"": 443136.027, ""actual_onset_global_ms"": 443303.145, ""actual_offset_global_ms"": 444885.974, ""actual_duration_ms"": 1582.829}]",,,,,0,0,1,0,1,0.0,none,,,0.0,0.0,none,0.0,0.0,0.0,0.0,,,0.0,none,none,0.0,shape,cue_shape.wav,形状,442660.571,500.0,443426.821,red,rabbit,red_rabbit,switch,color,shape,2225.8,,,,,,,,,,,,,,
013,013_T1_20260520_150729,PA,T1,standard,hci_substudy_v2,1,telemetry_v4,dccs,2,mixed_formal,formal,1,22,58,formal,color,1779260849,60.182,2026-05-20T15:15:02.959,0,0,0,3,444906.14,444929.345,,,,,j,j,1,1351.17,447004.143,none,,445506.14,445652.973,447004.143,3000,1351.17,447004.143,"[{""stage_name"": ""fixation"", ""planned_duration_ms"": 100, ""intended_onset_ms"": 444906.14, ""actual_onset_global_ms"": 444929.345, ""actual_offset_global_ms"": 445038.634, ""actual_duration_ms"": 109.289}, {""stage_name"": ""cue"", ""planned_duration_ms"": 500, ""intended_onset_ms"": 445006.14, ""actual_onset_global_ms"": 445041.811, ""actual_offset_global_ms"": 445652.496, ""actual_duration_ms"": 610.685}, {""stage_name"": ""stimulus"", ""planned_duration_ms"": 3000, ""intended_onset_ms"": 445506.14, ""actual_onset_global_ms"": 445652.973, ""actual_offset_global_ms"": 447004.143, ""actual_duration_ms"": 1351.17}]",,,,,0,0,1,0,1,0.0,none,,,0.0,0.0,none,0.0,0.0,0.0,0.0,,,0.0,none,none,0.0,color,cue_color.wav,颜色,445042.211,500.0,445738.774,red,rabbit,red_rabbit,switch,shape,color,1962.332,,,,,,,,,,,,,,
013,013_T1_20260520_150729,PA,T1,standard,hci_substudy_v2,1,telemetry_v4,dccs,2,mixed_formal,formal,1,23,59,formal,shape,1779260849,60.182,2026-05-20T15:15:05.087,0,0,0,3,447033.79,447051.75,,,,,s,s,1,4267.379,452065.094,none,,447633.79,447797.715,452065.094,3000,4267.379,452065.094,"[{""stage_name"": ""fixation"", ""planned_duration_ms"": 100, ""intended_onset_ms"": 447033.79, ""actual_onset_global_ms"": 447051.75, ""actual_offset_global_ms"": 447153.432, ""actual_duration_ms"": 101.682}, {""stage_name"": ""cue"", ""planned_duration_ms"": 500, ""intended_onset_ms"": 447133.79, ""actual_onset_global_ms"": 447157.236, ""actual_offset_global_ms"": 447794.08, ""actual_duration_ms"": 636.844}, {""stage_name"": ""stimulus"", ""planned_duration_ms"": 3000, ""intended_onset_ms"": 447633.79, ""actual_onset_global_ms"": 447797.715, ""actual_offset_global_ms"": 452065.094, ""actual_duration_ms"": 4267.379}]",,,,,0,1,0,0,1,0.0,none,,,0.0,0.0,none,0.0,0.0,0.0,0.0,,,0.0,none,none,0.0,shape,cue_shape.wav,形状,447157.805,500.0,447924.055,red,rabbit,red_rabbit,switch,color,shape,4907.858,,,,,,,,,,,,,,
013,013_T1_20260520_150729,PA,T1,standard,hci_substudy_v2,1,telemetry_v4,dccs,2,mixed_formal,formal,1,24,60,formal,color,1779260849,60.182,2026-05-20T15:15:10.138,0,0,0,3,452084.323,452099.041,,,,,s,s,1,5772.674,458525.515,none,,452684.323,452752.841,458525.515,3000,5772.674,458525.515,"[{""stage_name"": ""fixation"", ""planned_duration_ms"": 100, ""intended_onset_ms"": 452084.323, ""actual_onset_global_ms"": 452099.041, ""actual_offset_global_ms"": 452202.033, ""actual_duration_ms"": 102.992}, {""stage_name"": ""cue"", ""planned_duration_ms"": 500, ""intended_onset_ms"": 452184.323, ""actual_onset_global_ms"": 452202.875, ""actual_offset_global_ms"": 452753.049, ""actual_duration_ms"": 550.174}, {""stage_name"": ""stimulus"", ""planned_duration_ms"": 3000, ""intended_onset_ms"": 452684.323, ""actual_onset_global_ms"": 452752.841, ""actual_offset_global_ms"": 458525.515, ""actual_duration_ms"": 5772.674}]",,,,,0,1,0,0,1,0.0,none,,,0.0,0.0,none,0.0,0.0,0.0,0.0,,,0.0,none,none,0.0,color,cue_color.wav,颜色,452203.369,500.0,452899.932,blue,boat,blue_boat,switch,shape,color,6322.64,,,,,,,,,,,,,,
013,013_T1_20260520_150729,PA,T1,standard,hci_substudy_v2,1,telemetry_v4,dccs,2,mixed_formal,formal,1,25,61,formal,shape,1779260849,60.182,2026-05-20T15:15:16.602,0,0,0,3,458549.19,458566.692,,,,,s,s,1,1776.451,460998.666,none,,459149.19,459222.215,460998.666,3000,1776.451,460998.666,"[{""stage_name"": ""fixation"", ""planned_duration_ms"": 100, ""intended_onset_ms"": 458549.19, ""actual_onset_global_ms"": 458566.692, ""actual_offset_global_ms"": 458671.692, ""actual_duration_ms"": 105.0}, {""stage_name"": ""cue"", ""planned_duration_ms"": 500, ""intended_onset_ms"": 458649.19, ""actual_onset_global_ms"": 458673.018, ""actual_offset_global_ms"": 459221.921, ""actual_duration_ms"": 548.903}, {""stage_name"": ""stimulus"", ""planned_duration_ms"": 3000, ""intended_onset_ms"": 459149.19, ""actual_onset_global_ms"": 459222.215, ""actual_offset_global_ms"": 460998.666, ""actual_duration_ms"": 1776.451}]",,,,,0,0,1,0,1,0.0,none,,,0.0,0.0,none,0.0,0.0,0.0,0.0,,,0.0,none,none,0.0,shape,cue_shape.wav,形状,458673.51,500.0,459439.76,red,rabbit,red_rabbit,switch,color,shape,2325.648,,,,,,,,,,,,,,
013,013_T1_20260520_150729,PA,T1,standard,hci_substudy_v2,1,telemetry_v4,dccs,2,mixed_formal,formal,1,26,62,formal,color,1779260849,60.182,2026-05-20T15:15:19.072,0,0,0,3,461018.405,461033.519,,,,,j,j,1,1280.274,462947.712,none,,461618.405,461667.438,462947.712,3000,1280.274,462947.712,"[{""stage_name"": ""fixation"", ""planned_duration_ms"": 100, ""intended_onset_ms"": 461018.405, ""actual_onset_global_ms"": 461033.519, ""actual_offset_global_ms"": 461134.968, ""actual_duration_ms"": 101.449}, {""stage_name"": ""cue"", ""planned_duration_ms"": 500, ""intended_onset_ms"": 461118.405, ""actual_onset_global_ms"": 461135.754, ""actual_offset_global_ms"": 461667.287, ""actual_duration_ms"": 531.533}, {""stage_name"": ""stimulus"", ""planned_duration_ms"": 3000, ""intended_onset_ms"": 461618.405, ""actual_onset_global_ms"": 461667.438, ""actual_offset_global_ms"": 462947.712, ""actual_duration_ms"": 1280.274}]",,,,,0,0,1,0,1,0.0,none,,,0.0,0.0,none,0.0,0.0,0.0,0.0,,,0.0,none,none,0.0,color,cue_color.wav,颜色,461136.194,500.0,461832.757,red,boat,red_boat,switch,shape,color,1811.958,,,,,,,,,,,,,,
013,013_T1_20260520_150729,PA,T1,standard,hci_substudy_v2,1,telemetry_v4,dccs,2,mixed_formal,formal,1,27,63,formal,shape,1779260849,60.182,2026-05-20T15:15:21.017,0,0,0,3,462963.691,462984.866,,,,,j,s,0,3291.024,466970.327,none,,463563.691,463679.303,466970.327,3000,3291.024,466970.327,"[{""stage_name"": ""fixation"", ""planned_duration_ms"": 100, ""intended_onset_ms"": 462963.691, ""actual_onset_global_ms"": 462984.866, ""actual_offset_global_ms"": 463083.925, ""actual_duration_ms"": 99.059}, {""stage_name"": ""cue"", ""planned_duration_ms"": 500, ""intended_onset_ms"": 463063.691, ""actual_onset_global_ms"": 463085.64, ""actual_offset_global_ms"": 463677.015, ""actual_duration_ms"": 591.375}, {""stage_name"": ""stimulus"", ""planned_duration_ms"": 3000, ""intended_onset_ms"": 463563.691, ""actual_onset_global_ms"": 463679.303, ""actual_offset_global_ms"": 466970.327, ""actual_duration_ms"": 3291.024}]",,,,,0,1,0,0,1,0.0,none,,,0.0,0.0,none,0.0,0.0,0.0,0.0,,,0.0,none,none,0.0,shape,cue_shape.wav,形状,463086.082,500.0,463852.332,blue,boat,blue_boat,switch,color,shape,3884.687,,,,,,,,,,,,,,
013,013_T1_20260520_150729,PA,T1,standard,hci_substudy_v2,1,telemetry_v4,dccs,2,mixed_formal,formal,1,28,64,formal,color,1779260849,60.182,2026-05-20T15:15:25.044,0,0,0,3,466991.909,467010.414,,,,,s,s,1,3987.28,471733.347,none,,467591.909,467746.067,471733.347,3000,3987.28,471733.347,"[{""stage_name"": ""fixation"", ""planned_duration_ms"": 100, ""intended_onset_ms"": 466991.909, ""actual_onset_global_ms"": 467010.414, ""actual_offset_global_ms"": 467124.979, ""actual_duration_ms"": 114.565}, {""stage_name"": ""cue"", ""planned_duration_ms"": 500, ""intended_onset_ms"": 467091.909, ""actual_onset_global_ms"": 467130.314, ""actual_offset_global_ms"": 467741.822, ""actual_duration_ms"": 611.508}, {""stage_name"": ""stimulus"", ""planned_duration_ms"": 3000, ""intended_onset_ms"": 467591.909, ""actual_onset_global_ms"": 467746.067, ""actual_offset_global_ms"": 471733.347, ""actual_duration_ms"": 3987.28}]",,,,,0,1,0,0,1,0.0,none,,,0.0,0.0,none,0.0,0.0,0.0,0.0,,,0.0,none,none,0.0,color,cue_color.wav,颜色,467130.73,500.0,467827.292,blue,rabbit,blue_rabbit,switch,shape,color,4603.033,,,,,,,,,,,,,,
013,013_T1_20260520_150729,PA,T1,standard,hci_substudy_v2,1,telemetry_v4,dccs,2,mixed_formal,formal,1,29,65,formal,color,1779260849,60.182,2026-05-20T15:15:29.806,0,0,0,3,471753.036,471772.031,,,,,j,j,1,1070.63,473586.425,none,,472353.036,472515.795,473586.425,3000,1070.63,473586.425,"[{""stage_name"": ""fixation"", ""planned_duration_ms"": 100, ""intended_onset_ms"": 471753.036, ""actual_onset_global_ms"": 471772.031, ""actual_offset_global_ms"": 471885.945, ""actual_duration_ms"": 113.914}, {""stage_name"": ""cue"", ""planned_duration_ms"": 500, ""intended_onset_ms"": 471853.036, ""actual_onset_global_ms"": 471889.591, ""actual_offset_global_ms"": 472511.107, ""actual_duration_ms"": 621.516}, {""stage_name"": ""stimulus"", ""planned_duration_ms"": 3000, ""intended_onset_ms"": 472353.036, ""actual_onset_global_ms"": 472515.795, ""actual_offset_global_ms"": 473586.425, ""actual_duration_ms"": 1070.63}]",,,,,0,0,1,0,1,0.0,none,,,0.0,0.0,none,0.0,0.0,0.0,0.0,,,0.0,none,none,0.0,color,cue_color.wav,颜色,471890.078,500.0,472586.64,red,rabbit,red_rabbit,repeat,color,color,1696.834,,,,,,,,,,,,,,
013,013_T1_20260520_150729,PA,T1,standard,hci_substudy_v2,1,telemetry_v4,dccs,2,mixed_formal,formal,1,30,66,formal,color,1779260849,60.182,2026-05-20T15:15:31.673,0,0,0,3,473619.27,473637.688,,,,,s,s,1,2928.592,477299.077,none,,474219.27,474370.485,477299.077,3000,2928.592,477299.077,"[{""stage_name"": ""fixation"", ""planned_duration_ms"": 100, ""intended_onset_ms"": 473619.27, ""actual_onset_global_ms"": 473637.688, ""actual_offset_global_ms"": 473752.688, ""actual_duration_ms"": 115.0}, {""stage_name"": ""cue"", ""planned_duration_ms"": 500, ""intended_onset_ms"": 473719.27, ""actual_onset_global_ms"": 473761.051, ""actual_offset_global_ms"": 474369.717, ""actual_duration_ms"": 608.666}, {""stage_name"": ""stimulus"", ""planned_duration_ms"": 3000, ""intended_onset_ms"": 474219.27, ""actual_onset_global_ms"": 474370.485, ""actual_offset_global_ms"": 477299.077, ""actual_duration_ms"": 2928.592}]",,,,,0,0,1,0,1,0.0,none,,,0.0,0.0,none,0.0,0.0,0.0,0.0,,,0.0,none,none,0.0,color,cue_color.wav,颜色,473761.567,500.0,474458.129,blue,rabbit,blue_rabbit,repeat,color,color,3538.026,,,,,,,,,,,,,,
013,013_T1_20260520_150729,PA,T1,standard,hci_substudy_v2,1,telemetry_v4,change_detection,4,formal_cd,formal,1,1,17,formal,N1_same,1779260849,60.182,2026-05-20T15:21:52.092,0,0,0,2,854038.679,854063.777,,,,,s,,1,1397.521,,,,857638.679,857715.426,859144.91,4000,1429.484,859144.91,"[{""stage_name"": ""fixation"", ""planned_duration_ms"": 100, ""intended_onset_ms"": 854038.679, ""actual_onset_global_ms"": 854063.777, ""actual_offset_global_ms"": 854175.692, ""actual_duration_ms"": 111.915}, {""stage_name"": ""memory_array"", ""planned_duration_ms"": 2500, ""intended_onset_ms"": 854138.679, ""actual_onset_global_ms"": 854194.061, ""actual_offset_global_ms"": 856684.981, ""actual_duration_ms"": 2490.92}, {""stage_name"": ""delay"", ""planned_duration_ms"": 1000, ""intended_onset_ms"": 856684.981, ""actual_onset_global_ms"": 856682.323, ""actual_offset_global_ms"": 857688.682, ""actual_duration_ms"": 1006.359}, {""stage_name"": ""test_array"", ""planned_duration_ms"": 4000, ""intended_onset_ms"": 857688.682, ""actual_onset_global_ms"": 857715.426, ""actual_offset_global_ms"": 859144.91, ""actual_duration_ms"": 1429.484}]",,,,,0,0,1,1,0,,,,,,,,,,,,,,,,,,,,,,,,,,,,,,,1.0,same,0.0,"[151.42, 205.34]","[[151.42, 205.34]]","[""green""]","[""green""]",green,green,s,same,1.0,1.0,1.0
013,013_T1_20260520_150729,PA,T1,standard,hci_substudy_v2,1,telemetry_v4,change_detection,4,formal_cd,formal,1,2,18,formal,N2_change,1779260849,60.182,2026-05-20T15:21:57.209,0,0,0,2,859155.413,859173.521,,,,,j,,0,2119.52,,,,862755.413,862865.348,865027.204,4000,2161.856,865027.204,"[{""stage_name"": ""fixation"", ""planned_duration_ms"": 100, ""intended_onset_ms"": 859155.413, ""actual_onset_global_ms"": 859173.521, ""actual_offset_global_ms"": 859286.061, ""actual_duration_ms"": 112.54}, {""stage_name"": ""memory_array"", ""planned_duration_ms"": 2500, ""intended_onset_ms"": 859255.413, ""actual_onset_global_ms"": 859322.865, ""actual_offset_global_ms"": 861809.774, ""actual_duration_ms"": 2486.909}, {""stage_name"": ""delay"", ""planned_duration_ms"": 1000, ""intended_onset_ms"": 861809.774, ""actual_onset_global_ms"": 861809.779, ""actual_offset_global_ms"": 862826.587, ""actual_duration_ms"": 1016.808}, {""stage_name"": ""test_array"", ""planned_duration_ms"": 4000, ""intended_onset_ms"": 862826.587, ""actual_onset_global_ms"": 862865.348, ""actual_offset_global_ms"": 865027.204, ""actual_duration_ms"": 2161.856}]",,,,,0,0,0,1,0,,,,,,,,,,,,,,,,,,,,,,,,,,,,,,,2.0,change,1.0,"[-9.29, -95.72]","[[195.05, -249.88], [-9.29, -95.72]]","[""purple"", ""red""]","[""purple"", ""blue""]",red,blue,s,same,0.0,2.0,1.0
013,013_T1_20260520_150729,PA,T1,standard,hci_substudy_v2,1,telemetry_v4,change_detection,4,formal_cd,formal,1,3,19,formal,N4_change,1779260849,60.182,2026-05-20T15:22:03.092,0,0,0,2,865039.763,865064.456,,,,,j,,0,3167.135,,,,868639.763,868790.968,872057.242,4000,3266.274,872057.242,"[{""stage_name"": ""fixation"", ""planned_duration_ms"": 100, ""intended_onset_ms"": 865039.763, ""actual_onset_global_ms"": 865064.456, ""actual_offset_global_ms"": 865170.711, ""actual_duration_ms"": 106.255}, {""stage_name"": ""memory_array"", ""planned_duration_ms"": 2500, ""intended_onset_ms"": 865139.763, ""actual_onset_global_ms"": 865239.012, ""actual_offset_global_ms"": 867702.932, ""actual_duration_ms"": 2463.92}, {""stage_name"": ""delay"", ""planned_duration_ms"": 1000, ""intended_onset_ms"": 867702.932, ""actual_onset_global_ms"": 867708.683, ""actual_offset_global_ms"": 868721.459, ""actual_duration_ms"": 1012.776}, {""stage_name"": ""test_array"", ""planned_duration_ms"": 4000, ""intended_onset_ms"": 868721.459, ""actual_onset_global_ms"": 868790.968, ""actual_offset_global_ms"": 872057.242, ""actual_duration_ms"": 3266.274}]",,,,,0,1,0,1,0,,,,,,,,,,,,,,,,,,,,,,,,,,,,,,,4.0,change,0.0,"[-151.89, 205.17]","[[-151.89, 205.17], [146.01, 108.56], [91.27, -218.21], [211.85, 24.8]]","[""yellow"", ""blue"", ""green"", ""purple""]","[""red"", ""blue"", ""green"", ""purple""]",yellow,red,s,same,0.0,6.0,1.0
013,013_T1_20260520_150729,PA,T1,standard,hci_substudy_v2,1,telemetry_v4,change_detection,4,formal_cd,formal,1,4,20,formal,N4_change,1779260849,60.182,2026-05-20T15:22:10.120,0,0,0,2,872067.131,872089.025,,,,,j,,1,1653.446,,,,875667.131,875824.826,877503.242,4000,1678.416,877503.242,"[{""stage_name"": ""fixation"", ""planned_duration_ms"": 100, ""intended_onset_ms"": 872067.131, ""actual_onset_global_ms"": 872089.025, ""actual_offset_global_ms"": 872201.885, ""actual_duration_ms"": 112.86}, {""stage_name"": ""memory_array"", ""planned_duration_ms"": 2500, ""intended_onset_ms"": 872167.131, ""actual_onset_global_ms"": 872266.005, ""actual_offset_global_ms"": 874748.641, ""actual_duration_ms"": 2482.636}, {""stage_name"": ""delay"", ""planned_duration_ms"": 1000, ""intended_onset_ms"": 874748.641, ""actual_onset_global_ms"": 874744.492, ""actual_offset_global_ms"": 875755.0, ""actual_duration_ms"": 1010.508}, {""stage_name"": ""test_array"", ""planned_duration_ms"": 4000, ""intended_onset_ms"": 875755.0, ""actual_onset_global_ms"": 875824.826, ""actual_offset_global_ms"": 877503.242, ""actual_duration_ms"": 1678.416}]",,,,,0,0,1,1,0,,,,,,,,,,,,,,,,,,,,,,,,,,,,,,,4.0,change,3.0,"[-255.17, -154.98]","[[-103.64, -225.11], [153.6, -190.16], [-119.41, 113.93], [-255.17, -154.98]]","[""green"", ""blue"", ""red"", ""yellow""]","[""green"", ""blue"", ""red"", ""purple""]",yellow,purple,j,change,1.0,4.0,1.0
013,013_T1_20260520_150729,PA,T1,standard,hci_substudy_v2,1,telemetry_v4,change_detection,4,formal_cd,formal,1,5,21,formal,N4_same,1779260849,60.182,2026-05-20T15:22:15.568,0,0,0,2,877513.998,877533.976,,,,,s,,0,11723.677,,,,881113.998,881306.567,893143.903,4000,11837.336,893143.903,"[{""stage_name"": ""fixation"", ""planned_duration_ms"": 100, ""intended_onset_ms"": 877513.998, ""actual_onset_global_ms"": 877533.976, ""actual_offset_global_ms"": 877647.074, ""actual_duration_ms"": 113.098}, {""stage_name"": ""memory_array"", ""planned_duration_ms"": 2500, ""intended_onset_ms"": 877613.998, ""actual_onset_global_ms"": 877712.146, ""actual_offset_global_ms"": 880226.791, ""actual_duration_ms"": 2514.645}, {""stage_name"": ""delay"", ""planned_duration_ms"": 1000, ""intended_onset_ms"": 880226.791, ""actual_onset_global_ms"": 880225.606, ""actual_offset_global_ms"": 881238.495, ""actual_duration_ms"": 1012.889}, {""stage_name"": ""test_array"", ""planned_duration_ms"": 4000, ""intended_onset_ms"": 881238.495, ""actual_onset_global_ms"": 881306.567, ""actual_offset_global_ms"": 893143.903, ""actual_duration_ms"": 11837.336}]",,,,,0,1,0,1,0,,,,,,,,,,,,,,,,,,,,,,,,,,,,,,,4.0,same,0.0,"[187.09, 109.76]","[[187.09, 109.76], [142.4, -191.91], [-199.21, -211.81], [-205.71, -61.4]]","[""purple"", ""blue"", ""red"", ""green""]","[""purple"", ""blue"", ""red"", ""green""]",purple,purple,j,change,0.0,4.0,1.0
013,013_T1_20260520_150729,PA,T1,standard,hci_substudy_v2,1,telemetry_v4,change_detection,4,formal_cd,formal,1,6,22,formal,N3_same,1779260849,60.182,2026-05-20T15:22:31.206,0,0,0,2,893152.733,893176.091,,,,,s,,1,4961.802,,,,896752.733,896901.004,901907.77,4000,5006.766,901907.77,"[{""stage_name"": ""fixation"", ""planned_duration_ms"": 100, ""intended_onset_ms"": 893152.733, ""actual_onset_global_ms"": 893176.091, ""actual_offset_global_ms"": 893283.996, ""actual_duration_ms"": 107.905}, {""stage_name"": ""memory_array"", ""planned_duration_ms"": 2500, ""intended_onset_ms"": 893252.733, ""actual_onset_global_ms"": 893344.106, ""actual_offset_global_ms"": 895837.942, ""actual_duration_ms"": 2493.836}, {""stage_name"": ""delay"", ""planned_duration_ms"": 1000, ""intended_onset_ms"": 895837.942, ""actual_onset_global_ms"": 895837.856, ""actual_offset_global_ms"": 896838.023, ""actual_duration_ms"": 1000.167}, {""stage_name"": ""test_array"", ""planned_duration_ms"": 4000, ""intended_onset_ms"": 896838.023, ""actual_onset_global_ms"": 896901.004, ""actual_offset_global_ms"": 901907.77, ""actual_duration_ms"": 5006.766}]",,,,,0,1,0,1,0,,,,,,,,,,,,,,,,,,,,,,,,,,,,,,,3.0,same,0.0,"[-11.93, 217.37]","[[-11.93, 217.37], [-49.28, -106.29], [88.52, 84.24]]","[""blue"", ""red"", ""purple""]","[""blue"", ""red"", ""purple""]",blue,blue,s,same,1.0,3.0,1.0
013,013_T1_20260520_150729,PA,T1,standard,hci_substudy_v2,1,telemetry_v4,change_detection,4,formal_cd,formal,1,7,23,formal,N1_change,1779260849,60.182,2026-05-20T15:22:39.969,0,0,0,2,901915.344,901930.984,,,,,j,,0,2544.028,,,,905515.344,905597.692,908192.898,4000,2595.206,908192.898,"[{""stage_name"": ""fixation"", ""planned_duration_ms"": 100, ""intended_onset_ms"": 901915.344, ""actual_onset_global_ms"": 901930.984, ""actual_offset_global_ms"": 902035.508, ""actual_duration_ms"": 104.524}, {""stage_name"": ""memory_array"", ""planned_duration_ms"": 2500, ""intended_onset_ms"": 902015.344, ""actual_onset_global_ms"": 902055.273, ""actual_offset_global_ms"": 904566.3, ""actual_duration_ms"": 2511.027}, {""stage_name"": ""delay"", ""planned_duration_ms"": 1000, ""intended_onset_ms"": 904566.3, ""actual_onset_global_ms"": 904561.024, ""actual_offset_global_ms"": 905570.946, ""actual_duration_ms"": 1009.922}, {""stage_name"": ""test_array"", ""planned_duration_ms"": 4000, ""intended_onset_ms"": 905570.946, ""actual_onset_global_ms"": 905597.692, ""actual_offset_global_ms"": 908192.898, ""actual_duration_ms"": 2595.206}]",,,,,0,0,0,1,0,,,,,,,,,,,,,,,,,,,,,,,,,,,,,,,1.0,change,0.0,"[-247.81, -42.48]","[[-247.81, -42.48]]","[""green""]","[""red""]",green,red,s,same,0.0,1.0,1.0
013,013_T1_20260520_150729,PA,T1,standard,hci_substudy_v2,1,telemetry_v4,change_detection,4,formal_cd,formal,1,8,24,formal,N4_same,1779260849,60.182,2026-05-20T15:22:46.257,0,0,0,2,908203.837,908223.625,,,,,s,,1,9196.233,,,,911803.837,911940.387,921221.098,4000,9280.711,921221.098,"[{""stage_name"": ""fixation"", ""planned_duration_ms"": 100, ""intended_onset_ms"": 908203.837, ""actual_onset_global_ms"": 908223.625, ""actual_offset_global_ms"": 908334.235, ""actual_duration_ms"": 110.61}, {""stage_name"": ""memory_array"", ""planned_duration_ms"": 2500, ""intended_onset_ms"": 908303.837, ""actual_onset_global_ms"": 908407.29, ""actual_offset_global_ms"": 910854.66, ""actual_duration_ms"": 2447.37}, {""stage_name"": ""delay"", ""planned_duration_ms"": 1000, ""intended_onset_ms"": 910854.66, ""actual_onset_global_ms"": 910861.336, ""actual_offset_global_ms"": 911871.233, ""actual_duration_ms"": 1009.897}, {""stage_name"": ""test_array"", ""planned_duration_ms"": 4000, ""intended_onset_ms"": 911871.233, ""actual_onset_global_ms"": 911940.387, ""actual_offset_global_ms"": 921221.098, ""actual_duration_ms"": 9280.711}]",,,,,0,1,0,1,0,,,,,,,,,,,,,,,,,,,,,,,,,,,,,,,4.0,same,1.0,"[-52.9, -239.24]","[[224.88, 198.13], [-52.9, -239.24], [118.54, 217.12], [-238.5, 190.73]]","[""purple"", ""blue"", ""red"", ""green""]","[""purple"", ""blue"", ""red"", ""green""]",blue,blue,s,same,1.0,4.0,1.0
013,013_T1_20260520_150729,PA,T1,standard,hci_substudy_v2,1,telemetry_v4,change_detection,4,formal_cd,formal,1,9,25,formal,N1_same,1779260849,60.182,2026-05-20T15:22:59.282,0,0,0,2,921228.883,921246.44,,,,,s,,0,3625.428,,,,924828.883,924910.032,928555.4,4000,3645.368,928555.4,"[{""stage_name"": ""fixation"", ""planned_duration_ms"": 100, ""intended_onset_ms"": 921228.883, ""actual_onset_global_ms"": 921246.44, ""actual_offset_global_ms"": 921352.682, ""actual_duration_ms"": 106.242}, {""stage_name"": ""memory_array"", ""planned_duration_ms"": 2500, ""intended_onset_ms"": 921328.883, ""actual_onset_global_ms"": 921371.672, ""actual_offset_global_ms"": 923872.124, ""actual_duration_ms"": 2500.452}, {""stage_name"": ""delay"", ""planned_duration_ms"": 1000, ""intended_onset_ms"": 923872.124, ""actual_onset_global_ms"": 923868.501, ""actual_offset_global_ms"": 924887.686, ""actual_duration_ms"": 1019.185}, {""stage_name"": ""test_array"", ""planned_duration_ms"": 4000, ""intended_onset_ms"": 924887.686, ""actual_onset_global_ms"": 924910.032, ""actual_offset_global_ms"": 928555.4, ""actual_duration_ms"": 3645.368}]",,,,,0,1,0,1,0,,,,,,,,,,,,,,,,,,,,,,,,,,,,,,,1.0,same,0.0,"[-156.18, 22.25]","[[-156.18, 22.25]]","[""purple""]","[""purple""]",purple,purple,j,change,0.0,1.0,1.0
013,013_T1_20260520_150729,PA,T1,standard,hci_substudy_v2,1,telemetry_v4,change_detection,4,formal_cd,formal,1,10,26,formal,N3_same,1779260849,60.182,2026-05-20T15:23:06.619,0,0,0,2,928564.968,928584.758,,,,,s,,1,3438.853,,,,932164.968,932291.262,935773.182,4000,3481.92,935773.182,"[{""stage_name"": ""fixation"", ""planned_duration_ms"": 100, ""intended_onset_ms"": 928564.968, ""actual_onset_global_ms"": 928584.758, ""actual_offset_global_ms"": 928697.74, ""actual_duration_ms"": 112.982}, {""stage_name"": ""memory_array"", ""planned_duration_ms"": 2500, ""intended_onset_ms"": 928664.968, ""actual_onset_global_ms"": 928753.971, ""actual_offset_global_ms"": 931217.686, ""actual_duration_ms"": 2463.715}, {""stage_name"": ""delay"", ""planned_duration_ms"": 1000, ""intended_onset_ms"": 931217.686, ""actual_onset_global_ms"": 931221.097, ""actual_offset_global_ms"": 932237.764, ""actual_duration_ms"": 1016.667}, {""stage_name"": ""test_array"", ""planned_duration_ms"": 4000, ""intended_onset_ms"": 932237.764, ""actual_onset_global_ms"": 932291.262, ""actual_offset_global_ms"": 935773.182, ""actual_duration_ms"": 3481.92}]",,,,,0,1,0,1,0,,,,,,,,,,,,,,,,,,,,,,,,,,,,,,,3.0,same,1.0,"[-51.54, -183.47]","[[54.89, 238.02], [-51.54, -183.47], [-173.15, -201.73]]","[""yellow"", ""purple"", ""blue""]","[""yellow"", ""purple"", ""blue""]",purple,purple,s,same,1.0,4.0,1.0
013,013_T1_20260520_150729,PA,T1,standard,hci_substudy_v2,1,telemetry_v4,change_detection,4,formal_cd,formal,1,11,27,formal,N4_change,1779260849,60.182,2026-05-20T15:23:13.834,0,0,0,2,935780.738,935796.894,,,,,j,,0,4582.237,,,,939380.738,939502.657,944271.017,4000,4768.36,944271.017,"[{""stage_name"": ""fixation"", ""planned_duration_ms"": 100, ""intended_onset_ms"": 935780.738, ""actual_onset_global_ms"": 935796.894, ""actual_offset_global_ms"": 935913.864, ""actual_duration_ms"": 116.97}, {""stage_name"": ""memory_array"", ""planned_duration_ms"": 2500, ""intended_onset_ms"": 935880.738, ""actual_onset_global_ms"": 935979.201, ""actual_offset_global_ms"": 938417.766, ""actual_duration_ms"": 2438.565}, {""stage_name"": ""delay"", ""planned_duration_ms"": 1000, ""intended_onset_ms"": 938417.766, ""actual_onset_global_ms"": 938420.703, ""actual_offset_global_ms"": 939420.963, ""actual_duration_ms"": 1000.26}, {""stage_name"": ""test_array"", ""planned_duration_ms"": 4000, ""intended_onset_ms"": 939420.963, ""actual_onset_global_ms"": 939502.657, ""actual_offset_global_ms"": 944271.017, ""actual_duration_ms"": 4768.36}]",,,,,0,1,0,1,0,,,,,,,,,,,,,,,,,,,,,,,,,,,,,,,4.0,change,3.0,"[-248.5, -206.29]","[[-145.94, -239.4], [73.4, 239.42], [215.55, -134.86], [-248.5, -206.29]]","[""red"", ""green"", ""purple"", ""blue""]","[""red"", ""green"", ""purple"", ""yellow""]",blue,yellow,s,same,0.0,9.0,1.0
013,013_T1_20260520_150729,PA,T1,standard,hci_substudy_v2,1,telemetry_v4,change_detection,4,formal_cd,formal,1,12,28,formal,N1_same,1779260849,60.182,2026-05-20T15:23:22.335,0,0,0,2,944282.14,944300.151,,,,,s,,0,1098.672,,,,947882.14,947956.993,949090.227,4000,1133.234,949090.227,"[{""stage_name"": ""fixation"", ""planned_duration_ms"": 100, ""intended_onset_ms"": 944282.14, ""actual_onset_global_ms"": 944300.151, ""actual_offset_global_ms"": 944407.574, ""actual_duration_ms"": 107.423}, {""stage_name"": ""memory_array"", ""planned_duration_ms"": 2500, ""intended_onset_ms"": 944382.14, ""actual_onset_global_ms"": 944424.386, ""actual_offset_global_ms"": 946935.169, ""actual_duration_ms"": 2510.783}, {""stage_name"": ""delay"", ""planned_duration_ms"": 1000, ""intended_onset_ms"": 946935.169, ""actual_onset_global_ms"": 946938.552, ""actual_offset_global_ms"": 947937.453, ""actual_duration_ms"": 998.901}, {""stage_name"": ""test_array"", ""planned_duration_ms"": 4000, ""intended_onset_ms"": 947937.453, ""actual_onset_global_ms"": 947956.993, ""actual_offset_global_ms"": 949090.227, ""actual_duration_ms"": 1133.234}]",,,,,0,0,0,1,0,,,,,,,,,,,,,,,,,,,,,,,,,,,,,,,1.0,same,0.0,"[64.81, 130.03]","[[64.81, 130.03]]","[""purple""]","[""purple""]",purple,purple,j,change,0.0,1.0,1.0
013,013_T1_20260520_150729,PA,T1,standard,hci_substudy_v2,1,telemetry_v4,change_detection,4,formal_cd,formal,1,13,29,formal,N1_same,1779260849,60.182,2026-05-20T15:23:27.151,0,0,0,2,949098.302,949114.052,,,,,s,,1,2105.125,,,,952698.302,952791.392,954910.733,4000,2119.341,954910.733,"[{""stage_name"": ""fixation"", ""planned_duration_ms"": 100, ""intended_onset_ms"": 949098.302, ""actual_onset_global_ms"": 949114.052, ""actual_offset_global_ms"": 949231.428, ""actual_duration_ms"": 117.376}, {""stage_name"": ""memory_array"", ""planned_duration_ms"": 2500, ""intended_onset_ms"": 949198.302, ""actual_onset_global_ms"": 949249.659, ""actual_offset_global_ms"": 951754.344, ""actual_duration_ms"": 2504.685}, {""stage_name"": ""delay"", ""planned_duration_ms"": 1000, ""intended_onset_ms"": 951754.344, ""actual_onset_global_ms"": 951754.192, ""actual_offset_global_ms"": 952770.702, ""actual_duration_ms"": 1016.51}, {""stage_name"": ""test_array"", ""planned_duration_ms"": 4000, ""intended_onset_ms"": 952770.702, ""actual_onset_global_ms"": 952791.392, ""actual_offset_global_ms"": 954910.733, ""actual_duration_ms"": 2119.341}]",,,,,0,0,1,1,0,,,,,,,,,,,,,,,,,,,,,,,,,,,,,,,1.0,same,0.0,"[135.79, 156.09]","[[135.79, 156.09]]","[""red""]","[""red""]",red,red,s,same,1.0,1.0,1.0
013,013_T1_20260520_150729,PA,T1,standard,hci_substudy_v2,1,telemetry_v4,change_detection,4,formal_cd,formal,1,14,30,formal,N4_same,1779260849,60.182,2026-05-20T15:23:32.974,0,0,0,2,954920.867,954940.594,,,,,s,,0,1971.908,,,,958520.867,958645.956,960670.506,4000,2024.55,960670.506,"[{""stage_name"": ""fixation"", ""planned_duration_ms"": 100, ""intended_onset_ms"": 954920.867, ""actual_onset_global_ms"": 954940.594, ""actual_offset_global_ms"": 955046.201, ""actual_duration_ms"": 105.607}, {""stage_name"": ""memory_array"", ""planned_duration_ms"": 2500, ""intended_onset_ms"": 955020.867, ""actual_onset_global_ms"": 955115.128, ""actual_offset_global_ms"": 957556.547, ""actual_duration_ms"": 2441.419}, {""stage_name"": ""delay"", ""planned_duration_ms"": 1000, ""intended_onset_ms"": 957556.547, ""actual_onset_global_ms"": 957558.701, ""actual_offset_global_ms"": 958571.764, ""actual_duration_ms"": 1013.063}, {""stage_name"": ""test_array"", ""planned_duration_ms"": 4000, ""intended_onset_ms"": 958571.764, ""actual_onset_global_ms"": 958645.956, ""actual_offset_global_ms"": 960670.506, ""actual_duration_ms"": 2024.55}]",,,,,0,0,0,1,0,,,,,,,,,,,,,,,,,,,,,,,,,,,,,,,4.0,same,0.0,"[156.6, -158.2]","[[156.6, -158.2], [-53.03, 180.62], [-89.78, 20.62], [-257.52, -251.2]]","[""yellow"", ""green"", ""red"", ""blue""]","[""yellow"", ""green"", ""red"", ""blue""]",yellow,yellow,j,change,0.0,4.0,1.0
013,013_T1_20260520_150729,PA,T1,standard,hci_substudy_v2,1,telemetry_v4,change_detection,4,formal_cd,formal,1,15,31,formal,N3_change,1779260849,60.182,2026-05-20T15:23:38.734,0,0,0,2,960680.977,960696.677,,,,,j,,0,3463.705,,,,964280.977,964434.024,967943.439,4000,3509.415,967943.439,"[{""stage_name"": ""fixation"", ""planned_duration_ms"": 100, ""intended_onset_ms"": 960680.977, ""actual_onset_global_ms"": 960696.677, ""actual_offset_global_ms"": 960814.733, ""actual_duration_ms"": 118.056}, {""stage_name"": ""memory_array"", ""planned_duration_ms"": 2500, ""intended_onset_ms"": 960780.977, ""actual_onset_global_ms"": 960870.145, ""actual_offset_global_ms"": 963370.089, ""actual_duration_ms"": 2499.944}, {""stage_name"": ""delay"", ""planned_duration_ms"": 1000, ""intended_onset_ms"": 963370.089, ""actual_onset_global_ms"": 963370.192, ""actual_offset_global_ms"": 964370.677, ""actual_duration_ms"": 1000.485}, {""stage_name"": ""test_array"", ""planned_duration_ms"": 4000, ""intended_onset_ms"": 964370.677, ""actual_onset_global_ms"": 964434.024, ""actual_offset_global_ms"": 967943.439, ""actual_duration_ms"": 3509.415}]",,,,,0,1,0,1,0,,,,,,,,,,,,,,,,,,,,,,,,,,,,,,,3.0,change,1.0,"[-124.03, 33.58]","[[152.76, 232.36], [-124.03, 33.58], [27.35, -154.84]]","[""red"", ""purple"", ""yellow""]","[""red"", ""blue"", ""yellow""]",purple,blue,s,same,0.0,3.0,1.0
013,013_T1_20260520_150729,PA,T1,standard,hci_substudy_v2,1,telemetry_v4,change_detection,4,formal_cd,formal,1,16,32,formal,N1_change,1779260849,60.182,2026-05-20T15:23:46.005,0,0,0,2,967950.891,967968.57,,,,,j,,1,1212.93,,,,971550.891,971628.229,972891.359,4000,1263.13,972891.359,"[{""stage_name"": ""fixation"", ""planned_duration_ms"": 100, ""intended_onset_ms"": 967950.891, ""actual_onset_global_ms"": 967968.57, ""actual_offset_global_ms"": 968070.464, ""actual_duration_ms"": 101.894}, {""stage_name"": ""memory_array"", ""planned_duration_ms"": 2500, ""intended_onset_ms"": 968050.891, ""actual_onset_global_ms"": 968084.368, ""actual_offset_global_ms"": 970595.312, ""actual_duration_ms"": 2510.944}, {""stage_name"": ""delay"", ""planned_duration_ms"": 1000, ""intended_onset_ms"": 970595.312, ""actual_onset_global_ms"": 970590.505, ""actual_offset_global_ms"": 971604.02, ""actual_duration_ms"": 1013.515}, {""stage_name"": ""test_array"", ""planned_duration_ms"": 4000, ""intended_onset_ms"": 971604.02, ""actual_onset_global_ms"": 971628.229, ""actual_offset_global_ms"": 972891.359, ""actual_duration_ms"": 1263.13}]",,,,,0,0,1,1,0,,,,,,,,,,,,,,,,,,,,,,,,,,,,,,,1.0,change,0.0,"[106.52, 140.87]","[[106.52, 140.87]]","[""yellow""]","[""purple""]",yellow,purple,j,change,1.0,2.0,1.0
013,013_T1_20260520_150729,PA,T1,standard,hci_substudy_v2,1,telemetry_v4,change_detection,4,formal_cd,formal,1,17,33,formal,N2_same,1779260849,60.182,2026-05-20T15:23:50.953,0,0,0,2,972899.0,972913.444,,,,,s,,1,1251.12,,,,976499.0,976607.767,977926.738,4000,1318.971,977926.738,"[{""stage_name"": ""fixation"", ""planned_duration_ms"": 100, ""intended_onset_ms"": 972899.0, ""actual_onset_global_ms"": 972913.444, ""actual_offset_global_ms"": 973027.783, ""actual_duration_ms"": 114.339}, {""stage_name"": ""memory_array"", ""planned_duration_ms"": 2500, ""intended_onset_ms"": 972999.0, ""actual_onset_global_ms"": 973066.193, ""actual_offset_global_ms"": 975567.44, ""actual_duration_ms"": 2501.247}, {""stage_name"": ""delay"", ""planned_duration_ms"": 1000, ""intended_onset_ms"": 975567.44, ""actual_onset_global_ms"": 975571.935, ""actual_offset_global_ms"": 976570.356, ""actual_duration_ms"": 998.421}, {""stage_name"": ""test_array"", ""planned_duration_ms"": 4000, ""intended_onset_ms"": 976570.356, ""actual_onset_global_ms"": 976607.767, ""actual_offset_global_ms"": 977926.738, ""actual_duration_ms"": 1318.971}]",,,,,0,0,1,1,0,,,,,,,,,,,,,,,,,,,,,,,,,,,,,,,2.0,same,0.0,"[85.67, -98.62]","[[85.67, -98.62], [-174.04, 177.27]]","[""yellow"", ""blue""]","[""yellow"", ""blue""]",yellow,yellow,s,same,1.0,2.0,1.0
013,013_T1_20260520_150729,PA,T1,standard,hci_substudy_v2,1,telemetry_v4,change_detection,4,formal_cd,formal,1,18,34,formal,N3_same,1779260849,60.182,2026-05-20T15:23:55.990,0,0,0,2,977936.901,977955.738,,,,,s,,0,6676.26,,,,981536.901,981683.995,988394.482,4000,6710.487,988394.482,"[{""stage_name"": ""fixation"", ""planned_duration_ms"": 100, ""intended_onset_ms"": 977936.901, ""actual_onset_global_ms"": 977955.738, ""actual_offset_global_ms"": 978063.215, ""actual_duration_ms"": 107.477}, {""stage_name"": ""memory_array"", ""planned_duration_ms"": 2500, ""intended_onset_ms"": 978036.901, ""actual_onset_global_ms"": 978115.939, ""actual_offset_global_ms"": 980617.167, ""actual_duration_ms"": 2501.228}, {""stage_name"": ""delay"", ""planned_duration_ms"": 1000, ""intended_onset_ms"": 980617.167, ""actual_onset_global_ms"": 980621.49, ""actual_offset_global_ms"": 981620.52, ""actual_duration_ms"": 999.03}, {""stage_name"": ""test_array"", ""planned_duration_ms"": 4000, ""intended_onset_ms"": 981620.52, ""actual_onset_global_ms"": 981683.995, ""actual_offset_global_ms"": 988394.482, ""actual_duration_ms"": 6710.487}]",,,,,0,1,0,1,0,,,,,,,,,,,,,,,,,,,,,,,,,,,,,,,3.0,same,2.0,"[222.89, 14.67]","[[-259.11, -128.85], [-244.02, 162.33], [222.89, 14.67]]","[""green"", ""red"", ""yellow""]","[""green"", ""red"", ""yellow""]",yellow,yellow,j,change,0.0,3.0,1.0
013,013_T1_20260520_150729,PA,T1,standard,hci_substudy_v2,1,telemetry_v4,change_detection,4,formal_cd,formal,1,19,35,formal,N2_same,1779260849,60.182,2026-05-20T15:24:06.456,0,0,0,2,988402.766,988420.97,,,,,s,,1,1913.513,,,,992002.766,992117.483,994092.68,4000,1975.197,994092.68,"[{""stage_name"": ""fixation"", ""planned_duration_ms"": 100, ""intended_onset_ms"": 988402.766, ""actual_onset_global_ms"": 988420.97, ""actual_offset_global_ms"": 988535.491, ""actual_duration_ms"": 114.521}, {""stage_name"": ""memory_array"", ""planned_duration_ms"": 2500, ""intended_onset_ms"": 988502.766, ""actual_onset_global_ms"": 988573.378, ""actual_offset_global_ms"": 991066.985, ""actual_duration_ms"": 2493.607}, {""stage_name"": ""delay"", ""planned_duration_ms"": 1000, ""intended_onset_ms"": 991066.985, ""actual_onset_global_ms"": 991071.515, ""actual_offset_global_ms"": 992074.443, ""actual_duration_ms"": 1002.928}, {""stage_name"": ""test_array"", ""planned_duration_ms"": 4000, ""intended_onset_ms"": 992074.443, ""actual_onset_global_ms"": 992117.483, ""actual_offset_global_ms"": 994092.68, ""actual_duration_ms"": 1975.197}]",,,,,0,0,1,1,0,,,,,,,,,,,,,,,,,,,,,,,,,,,,,,,2.0,same,1.0,"[-125.94, -101.43]","[[-65.94, -198.93], [-125.94, -101.43]]","[""yellow"", ""purple""]","[""yellow"", ""purple""]",purple,purple,s,same,1.0,2.0,1.0
013,013_T1_20260520_150729,PA,T1,standard,hci_substudy_v2,1,telemetry_v4,change_detection,4,formal_cd,formal,1,20,36,formal,N2_change,1779260849,60.182,2026-05-20T15:24:12.156,0,0,0,2,994102.79,994124.507,,,,,j,,1,1068.384,,,,997702.79,997808.063,998938.514,4000,1130.451,998938.514,"[{""stage_name"": ""fixation"", ""planned_duration_ms"": 100, ""intended_onset_ms"": 994102.79, ""actual_onset_global_ms"": 994124.507, ""actual_offset_global_ms"": 994229.699, ""actual_duration_ms"": 105.192}, {""stage_name"": ""memory_array"", ""planned_duration_ms"": 2500, ""intended_onset_ms"": 994202.79, ""actual_onset_global_ms"": 994265.184, ""actual_offset_global_ms"": 996763.865, ""actual_duration_ms"": 2498.681}, {""stage_name"": ""delay"", ""planned_duration_ms"": 1000, ""intended_onset_ms"": 996763.865, ""actual_onset_global_ms"": 996759.343, ""actual_offset_global_ms"": 997771.427, ""actual_duration_ms"": 1012.084}, {""stage_name"": ""test_array"", ""planned_duration_ms"": 4000, ""intended_onset_ms"": 997771.427, ""actual_onset_global_ms"": 997808.063, ""actual_offset_global_ms"": 998938.514, ""actual_duration_ms"": 1130.451}]",,,,,0,0,1,1,0,,,,,,,,,,,,,,,,,,,,,,,,,,,,,,,2.0,change,1.0,"[239.02, 32.01]","[[-187.45, -174.32], [239.02, 32.01]]","[""green"", ""purple""]","[""green"", ""yellow""]",purple,yellow,j,change,1.0,2.0,1.0
013,013_T1_20260520_150729,PA,T1,standard,hci_substudy_v2,1,telemetry_v4,change_detection,4,formal_cd,formal,1,21,37,formal,N2_change,1779260849,60.182,2026-05-20T15:24:17.005,0,0,0,2,998951.081,998969.824,,,,,j,,0,1288.75,,,,1002551.081,1002673.703,1004026.23,4000,1352.527,1004026.23,"[{""stage_name"": ""fixation"", ""planned_duration_ms"": 100, ""intended_onset_ms"": 998951.081, ""actual_onset_global_ms"": 998969.824, ""actual_offset_global_ms"": 999085.181, ""actual_duration_ms"": 115.357}, {""stage_name"": ""memory_array"", ""planned_duration_ms"": 2500, ""intended_onset_ms"": 999051.081, ""actual_onset_global_ms"": 999123.244, ""actual_offset_global_ms"": 1001627.245, ""actual_duration_ms"": 2504.001}, {""stage_name"": ""delay"", ""planned_duration_ms"": 1000, ""intended_onset_ms"": 1001627.245, ""actual_onset_global_ms"": 1001625.907, ""actual_offset_global_ms"": 1002636.681, ""actual_duration_ms"": 1010.774}, {""stage_name"": ""test_array"", ""planned_duration_ms"": 4000, ""intended_onset_ms"": 1002636.681, ""actual_onset_global_ms"": 1002673.703, ""actual_offset_global_ms"": 1004026.23, ""actual_duration_ms"": 1352.527}]",,,,,0,0,0,1,0,,,,,,,,,,,,,,,,,,,,,,,,,,,,,,,2.0,change,1.0,"[-121.58, -15.11]","[[118.54, -250.65], [-121.58, -15.11]]","[""red"", ""blue""]","[""red"", ""green""]",blue,green,s,same,0.0,2.0,1.0
013,013_T1_20260520_150729,PA,T1,standard,hci_substudy_v2,1,telemetry_v4,change_detection,4,formal_cd,formal,1,22,38,formal,N4_change,1779260849,60.182,2026-05-20T15:24:22.088,0,0,0,2,1004035.159,1004055.284,,,,,j,,1,2250.513,,,,1007635.159,1007755.651,1010054.581,4000,2298.93,1010054.581,"[{""stage_name"": ""fixation"", ""planned_duration_ms"": 100, ""intended_onset_ms"": 1004035.159, ""actual_onset_global_ms"": 1004055.284, ""actual_offset_global_ms"": 1004163.657, ""actual_duration_ms"": 108.373}, {""stage_name"": ""memory_array"", ""planned_duration_ms"": 2500, ""intended_onset_ms"": 1004135.159, ""actual_onset_global_ms"": 1004372.467, ""actual_offset_global_ms"": 1006680.954, ""actual_duration_ms"": 2308.487}, {""stage_name"": ""delay"", ""planned_duration_ms"": 1000, ""intended_onset_ms"": 1006680.954, ""actual_onset_global_ms"": 1006679.814, ""actual_offset_global_ms"": 1007686.306, ""actual_duration_ms"": 1006.492}, {""stage_name"": ""test_array"", ""planned_duration_ms"": 4000, ""intended_onset_ms"": 1007686.306, ""actual_onset_global_ms"": 1007755.651, ""actual_offset_global_ms"": 1010054.581, ""actual_duration_ms"": 2298.93}]",,,,,0,0,1,1,0,,,,,,,,,,,,,,,,,,,,,,,,,,,,,,,4.0,change,0.0,"[96.65, 4.09]","[[96.65, 4.09], [101.89, 255.32], [-140.12, -4.95], [-137.49, -127.18]]","[""blue"", ""purple"", ""red"", ""yellow""]","[""green"", ""purple"", ""red"", ""yellow""]",blue,green,j,change,1.0,5.0,1.0
013,013_T1_20260520_150729,PA,T1,standard,hci_substudy_v2,1,telemetry_v4,change_detection,4,formal_cd,formal,1,23,39,formal,N3_same,1779260849,60.182,2026-05-20T15:24:28.119,0,0,0,2,1010065.912,1010082.693,,,,,s,,0,1272.954,,,,1013665.912,1013799.046,1015108.01,4000,1308.964,1015108.01,"[{""stage_name"": ""fixation"", ""planned_duration_ms"": 100, ""intended_onset_ms"": 1010065.912, ""actual_onset_global_ms"": 1010082.693, ""actual_offset_global_ms"": 1010193.438, ""actual_duration_ms"": 110.745}, {""stage_name"": ""memory_array"", ""planned_duration_ms"": 2500, ""intended_onset_ms"": 1010165.912, ""actual_onset_global_ms"": 1010243.358, ""actual_offset_global_ms"": 1012717.292, ""actual_duration_ms"": 2473.934}, {""stage_name"": ""delay"", ""planned_duration_ms"": 1000, ""intended_onset_ms"": 1012717.292, ""actual_onset_global_ms"": 1012720.678, ""actual_offset_global_ms"": 1013736.596, ""actual_duration_ms"": 1015.918}, {""stage_name"": ""test_array"", ""planned_duration_ms"": 4000, ""intended_onset_ms"": 1013736.596, ""actual_onset_global_ms"": 1013799.046, ""actual_offset_global_ms"": 1015108.01, ""actual_duration_ms"": 1308.964}]",,,,,0,0,0,1,0,,,,,,,,,,,,,,,,,,,,,,,,,,,,,,,3.0,same,0.0,"[162.56, -163.84]","[[162.56, -163.84], [-171.58, -159.22], [169.49, 22.92]]","[""yellow"", ""purple"", ""green""]","[""yellow"", ""purple"", ""green""]",yellow,yellow,j,change,0.0,5.0,1.0
013,013_T1_20260520_150729,PA,T1,standard,hci_substudy_v2,1,telemetry_v4,change_detection,4,formal_cd,formal,1,24,40,formal,N1_same,1779260849,60.182,2026-05-20T15:24:33.175,0,0,0,2,1015121.3,1015141.539,,,,,s,,1,738.792,,,,1018721.3,1018788.934,1019569.542,4000,780.608,1019569.542,"[{""stage_name"": ""fixation"", ""planned_duration_ms"": 100, ""intended_onset_ms"": 1015121.3, ""actual_onset_global_ms"": 1015141.539, ""actual_offset_global_ms"": 1015246.764, ""actual_duration_ms"": 105.225}, {""stage_name"": ""memory_array"", ""planned_duration_ms"": 2500, ""intended_onset_ms"": 1015221.3, ""actual_onset_global_ms"": 1015266.732, ""actual_offset_global_ms"": 1017767.866, ""actual_duration_ms"": 2501.134}, {""stage_name"": ""delay"", ""planned_duration_ms"": 1000, ""intended_onset_ms"": 1017767.866, ""actual_onset_global_ms"": 1017771.241, ""actual_offset_global_ms"": 1018770.271, ""actual_duration_ms"": 999.03}, {""stage_name"": ""test_array"", ""planned_duration_ms"": 4000, ""intended_onset_ms"": 1018770.271, ""actual_onset_global_ms"": 1018788.934, ""actual_offset_global_ms"": 1019569.542, ""actual_duration_ms"": 780.608}]",,,,,0,0,1,1,0,,,,,,,,,,,,,,,,,,,,,,,,,,,,,,,1.0,same,0.0,"[-32.91, 220.17]","[[-32.91, 220.17]]","[""purple""]","[""purple""]",purple,purple,s,same,1.0,1.0,1.0
013,013_T1_20260520_150729,PA,T1,standard,hci_substudy_v2,1,telemetry_v4,change_detection,4,formal_cd,formal,1,25,41,formal,N1_change,1779260849,60.182,2026-05-20T15:24:37.631,0,0,0,2,1019578.25,1019595.137,,,,,j,,1,559.5,,,,1023178.25,1023239.752,1023844.487,4000,604.735,1023844.487,"[{""stage_name"": ""fixation"", ""planned_duration_ms"": 100, ""intended_onset_ms"": 1019578.25, ""actual_onset_global_ms"": 1019595.137, ""actual_offset_global_ms"": 1019695.338, ""actual_duration_ms"": 100.201}, {""stage_name"": ""memory_array"", ""planned_duration_ms"": 2500, ""intended_onset_ms"": 1019678.25, ""actual_onset_global_ms"": 1019712.572, ""actual_offset_global_ms"": 1022208.172, ""actual_duration_ms"": 2495.6}, {""stage_name"": ""delay"", ""planned_duration_ms"": 1000, ""intended_onset_ms"": 1022208.172, ""actual_onset_global_ms"": 1022207.403, ""actual_offset_global_ms"": 1023220.129, ""actual_duration_ms"": 1012.726}, {""stage_name"": ""test_array"", ""planned_duration_ms"": 4000, ""intended_onset_ms"": 1023220.129, ""actual_onset_global_ms"": 1023239.752, ""actual_offset_global_ms"": 1023844.487, ""actual_duration_ms"": 604.735}]",,,,,0,0,1,1,0,,,,,,,,,,,,,,,,,,,,,,,,,,,,,,,1.0,change,0.0,"[205.57, -190.73]","[[205.57, -190.73]]","[""yellow""]","[""blue""]",yellow,blue,j,change,1.0,1.0,1.0
013,013_T1_20260520_150729,PA,T1,standard,hci_substudy_v2,1,telemetry_v4,change_detection,4,formal_cd,formal,1,26,42,formal,N3_change,1779260849,60.182,2026-05-20T15:24:41.908,0,0,0,2,1023855.79,1023877.141,,,,,j,,1,2634.633,,,,1027455.79,1027574.792,1030225.716,4000,2650.924,1030225.716,"[{""stage_name"": ""fixation"", ""planned_duration_ms"": 100, ""intended_onset_ms"": 1023855.79, ""actual_onset_global_ms"": 1023877.141, ""actual_offset_global_ms"": 1023979.791, ""actual_duration_ms"": 102.65}, {""stage_name"": ""memory_array"", ""planned_duration_ms"": 2500, ""intended_onset_ms"": 1023955.79, ""actual_onset_global_ms"": 1024030.795, ""actual_offset_global_ms"": 1026513.509, ""actual_duration_ms"": 2482.714}, {""stage_name"": ""delay"", ""planned_duration_ms"": 1000, ""intended_onset_ms"": 1026513.509, ""actual_onset_global_ms"": 1026508.12, ""actual_offset_global_ms"": 1027520.074, ""actual_duration_ms"": 1011.954}, {""stage_name"": ""test_array"", ""planned_duration_ms"": 4000, ""intended_onset_ms"": 1027520.074, ""actual_onset_global_ms"": 1027574.792, ""actual_offset_global_ms"": 1030225.716, ""actual_duration_ms"": 2650.924}]",,,,,0,0,1,1,0,,,,,,,,,,,,,,,,,,,,,,,,,,,,,,,3.0,change,2.0,"[233.7, 31.27]","[[-243.49, -58.24], [85.85, 256.61], [233.7, 31.27]]","[""yellow"", ""green"", ""red""]","[""yellow"", ""green"", ""purple""]",red,purple,j,change,1.0,3.0,1.0
013,013_T1_20260520_150729,PA,T1,standard,hci_substudy_v2,1,telemetry_v4,change_detection,4,formal_cd,formal,1,27,43,formal,N4_change,1779260849,60.182,2026-05-20T15:24:48.291,0,0,0,2,1030237.814,1030256.089,,,,,j,,0,1040.724,,,,1033837.814,1033988.033,1035042.09,4000,1054.057,1035042.09,"[{""stage_name"": ""fixation"", ""planned_duration_ms"": 100, ""intended_onset_ms"": 1030237.814, ""actual_onset_global_ms"": 1030256.089, ""actual_offset_global_ms"": 1030374.588, ""actual_duration_ms"": 118.499}, {""stage_name"": ""memory_array"", ""planned_duration_ms"": 2500, ""intended_onset_ms"": 1030337.814, ""actual_onset_global_ms"": 1030452.306, ""actual_offset_global_ms"": 1032913.346, ""actual_duration_ms"": 2461.04}, {""stage_name"": ""delay"", ""planned_duration_ms"": 1000, ""intended_onset_ms"": 1032913.346, ""actual_onset_global_ms"": 1032913.677, ""actual_offset_global_ms"": 1033919.434, ""actual_duration_ms"": 1005.757}, {""stage_name"": ""test_array"", ""planned_duration_ms"": 4000, ""intended_onset_ms"": 1033919.434, ""actual_onset_global_ms"": 1033988.033, ""actual_offset_global_ms"": 1035042.09, ""actual_duration_ms"": 1054.057}]",,,,,0,0,0,1,0,,,,,,,,,,,,,,,,,,,,,,,,,,,,,,,4.0,change,2.0,"[-177.97, -188.93]","[[-125.15, -60.85], [111.06, 44.09], [-177.97, -188.93], [11.8, 175.42]]","[""blue"", ""red"", ""purple"", ""yellow""]","[""blue"", ""red"", ""green"", ""yellow""]",purple,green,s,same,0.0,4.0,1.0
013,013_T1_20260520_150729,PA,T1,standard,hci_substudy_v2,1,telemetry_v4,change_detection,4,formal_cd,formal,1,28,44,formal,N3_same,1779260849,60.182,2026-05-20T15:24:53.107,0,0,0,2,1035053.544,1035072.684,,,,,s,,0,943.644,,,,1038653.544,1038776.667,1039793.709,4000,1017.042,1039793.709,"[{""stage_name"": ""fixation"", ""planned_duration_ms"": 100, ""intended_onset_ms"": 1035053.544, ""actual_onset_global_ms"": 1035072.684, ""actual_offset_global_ms"": 1035178.207, ""actual_duration_ms"": 105.523}, {""stage_name"": ""memory_array"", ""planned_duration_ms"": 2500, ""intended_onset_ms"": 1035153.544, ""actual_onset_global_ms"": 1035234.749, ""actual_offset_global_ms"": 1037716.047, ""actual_duration_ms"": 2481.298}, {""stage_name"": ""delay"", ""planned_duration_ms"": 1000, ""intended_onset_ms"": 1037716.047, ""actual_onset_global_ms"": 1037709.563, ""actual_offset_global_ms"": 1038722.5, ""actual_duration_ms"": 1012.937}, {""stage_name"": ""test_array"", ""planned_duration_ms"": 4000, ""intended_onset_ms"": 1038722.5, ""actual_onset_global_ms"": 1038776.667, ""actual_offset_global_ms"": 1039793.709, ""actual_duration_ms"": 1017.042}]",,,,,0,0,0,1,0,,,,,,,,,,,,,,,,,,,,,,,,,,,,,,,3.0,same,0.0,"[-88.64, 42.12]","[[-88.64, 42.12], [17.22, 99.1], [-151.91, -76.52]]","[""blue"", ""green"", ""purple""]","[""blue"", ""green"", ""purple""]",blue,blue,j,change,0.0,4.0,1.0
013,013_T1_20260520_150729,PA,T1,standard,hci_substudy_v2,1,telemetry_v4,change_detection,4,formal_cd,formal,1,29,45,formal,N3_change,1779260849,60.182,2026-05-20T15:24:57.857,0,0,0,2,1039803.117,1039819.526,,,,,j,,0,3364.104,,,,1043403.117,1043539.298,1046959.667,4000,3420.369,1046959.667,"[{""stage_name"": ""fixation"", ""planned_duration_ms"": 100, ""intended_onset_ms"": 1039803.117, ""actual_onset_global_ms"": 1039819.526, ""actual_offset_global_ms"": 1039928.574, ""actual_duration_ms"": 109.048}, {""stage_name"": ""memory_array"", ""planned_duration_ms"": 2500, ""intended_onset_ms"": 1039903.117, ""actual_onset_global_ms"": 1039981.942, ""actual_offset_global_ms"": 1042478.487, ""actual_duration_ms"": 2496.545}, {""stage_name"": ""delay"", ""planned_duration_ms"": 1000, ""intended_onset_ms"": 1042478.487, ""actual_onset_global_ms"": 1042476.22, ""actual_offset_global_ms"": 1043486.48, ""actual_duration_ms"": 1010.26}, {""stage_name"": ""test_array"", ""planned_duration_ms"": 4000, ""intended_onset_ms"": 1043486.48, ""actual_onset_global_ms"": 1043539.298, ""actual_offset_global_ms"": 1046959.667, ""actual_duration_ms"": 3420.369}]",,,,,0,1,0,1,0,,,,,,,,,,,,,,,,,,,,,,,,,,,,,,,3.0,change,2.0,"[-140.04, -141.15]","[[-21.54, -249.49], [-160.3, 237.51], [-140.04, -141.15]]","[""red"", ""yellow"", ""purple""]","[""red"", ""yellow"", ""blue""]",purple,blue,s,same,0.0,3.0,1.0
013,013_T1_20260520_150729,PA,T1,standard,hci_substudy_v2,1,telemetry_v4,change_detection,4,formal_cd,formal,1,30,46,formal,N3_change,1779260849,60.182,2026-05-20T15:25:05.026,0,0,0,2,1046972.48,1046994.969,,,,,j,,0,12217.505,,,,1050572.48,1050702.821,1062985.739,4000,12282.918,1062985.739,"[{""stage_name"": ""fixation"", ""planned_duration_ms"": 100, ""intended_onset_ms"": 1046972.48, ""actual_onset_global_ms"": 1046994.969, ""actual_offset_global_ms"": 1047095.353, ""actual_duration_ms"": 100.384}, {""stage_name"": ""memory_array"", ""planned_duration_ms"": 2500, ""intended_onset_ms"": 1047072.48, ""actual_onset_global_ms"": 1047149.453, ""actual_offset_global_ms"": 1049617.872, ""actual_duration_ms"": 2468.419}, {""stage_name"": ""delay"", ""planned_duration_ms"": 1000, ""intended_onset_ms"": 1049617.872, ""actual_onset_global_ms"": 1049619.407, ""actual_offset_global_ms"": 1050636.231, ""actual_duration_ms"": 1016.824}, {""stage_name"": ""test_array"", ""planned_duration_ms"": 4000, ""intended_onset_ms"": 1050636.231, ""actual_onset_global_ms"": 1050702.821, ""actual_offset_global_ms"": 1062985.739, ""actual_duration_ms"": 12282.918}]",,,,,0,1,0,1,0,,,,,,,,,,,,,,,,,,,,,,,,,,,,,,,3.0,change,0.0,"[248.41, -209.32]","[[248.41, -209.32], [-21.29, 180.84], [-117.25, -86.17]]","[""yellow"", ""green"", ""blue""]","[""purple"", ""green"", ""blue""]",yellow,purple,s,same,0.0,5.0,1.0
013,013_T1_20260520_150729,PA,T1,standard,hci_substudy_v2,1,telemetry_v4,change_detection,4,formal_cd,formal,1,31,47,formal,N4_same,1779260849,60.182,2026-05-20T15:25:21.048,0,0,0,2,1062995.047,1063011.993,,,,,s,,0,5809.841,,,,1066595.047,1066743.231,1072587.519,4000,5844.288,1072587.519,"[{""stage_name"": ""fixation"", ""planned_duration_ms"": 100, ""intended_onset_ms"": 1062995.047, ""actual_onset_global_ms"": 1063011.993, ""actual_offset_global_ms"": 1063112.801, ""actual_duration_ms"": 100.808}, {""stage_name"": ""memory_array"", ""planned_duration_ms"": 2500, ""intended_onset_ms"": 1063095.047, ""actual_onset_global_ms"": 1063180.836, ""actual_offset_global_ms"": 1065654.24, ""actual_duration_ms"": 2473.404}, {""stage_name"": ""delay"", ""planned_duration_ms"": 1000, ""intended_onset_ms"": 1065654.24, ""actual_onset_global_ms"": 1065656.437, ""actual_offset_global_ms"": 1066669.194, ""actual_duration_ms"": 1012.757}, {""stage_name"": ""test_array"", ""planned_duration_ms"": 4000, ""intended_onset_ms"": 1066669.194, ""actual_onset_global_ms"": 1066743.231, ""actual_offset_global_ms"": 1072587.519, ""actual_duration_ms"": 5844.288}]",,,,,0,1,0,1,0,,,,,,,,,,,,,,,,,,,,,,,,,,,,,,,4.0,same,1.0,"[-17.3, 188.91]","[[-149.64, -54.41], [-17.3, 188.91], [-36.47, 89.45], [256.6, -165.92]]","[""blue"", ""green"", ""yellow"", ""red""]","[""blue"", ""green"", ""yellow"", ""red""]",green,green,j,change,0.0,4.0,1.0
013,013_T1_20260520_150729,PA,T1,standard,hci_substudy_v2,1,telemetry_v4,change_detection,4,formal_cd,formal,1,32,48,formal,N2_same,1779260849,60.182,2026-05-20T15:25:30.650,0,0,0,2,1072597.697,1072617.605,,,,,s,,1,2636.919,,,,1076197.697,1076289.848,1078941.627,4000,2651.779,1078941.627,"[{""stage_name"": ""fixation"", ""planned_duration_ms"": 100, ""intended_onset_ms"": 1072597.697, ""actual_onset_global_ms"": 1072617.605, ""actual_offset_global_ms"": 1072728.004, ""actual_duration_ms"": 110.399}, {""stage_name"": ""memory_array"", ""planned_duration_ms"": 2500, ""intended_onset_ms"": 1072697.697, ""actual_onset_global_ms"": 1072770.28, ""actual_offset_global_ms"": 1075240.077, ""actual_duration_ms"": 2469.797}, {""stage_name"": ""delay"", ""planned_duration_ms"": 1000, ""intended_onset_ms"": 1075240.077, ""actual_onset_global_ms"": 1075241.093, ""actual_offset_global_ms"": 1076252.294, ""actual_duration_ms"": 1011.201}, {""stage_name"": ""test_array"", ""planned_duration_ms"": 4000, ""intended_onset_ms"": 1076252.294, ""actual_onset_global_ms"": 1076289.848, ""actual_offset_global_ms"": 1078941.627, ""actual_duration_ms"": 2651.779}]",,,,,0,0,1,1,0,,,,,,,,,,,,,,,,,,,,,,,,,,,,,,,2.0,same,1.0,"[159.36, 165.43]","[[233.65, 83.91], [159.36, 165.43]]","[""purple"", ""blue""]","[""purple"", ""blue""]",blue,blue,s,same,1.0,3.0,1.0
013,013_T1_20260520_150729,PA,T1,standard,hci_substudy_v2,1,telemetry_v4,change_detection,4,formal_cd,formal,1,33,49,formal,N1_change,1779260849,60.182,2026-05-20T15:25:37.004,0,0,0,2,1078952.155,1078970.048,,,,,j,,0,2285.408,,,,1082552.155,1082627.556,1084923.282,4000,2295.726,1084923.282,"[{""stage_name"": ""fixation"", ""planned_duration_ms"": 100, ""intended_onset_ms"": 1078952.155, ""actual_onset_global_ms"": 1078970.048, ""actual_offset_global_ms"": 1079077.453, ""actual_duration_ms"": 107.405}, {""stage_name"": ""memory_array"", ""planned_duration_ms"": 2500, ""intended_onset_ms"": 1079052.155, ""actual_onset_global_ms"": 1079098.554, ""actual_offset_global_ms"": 1081593.862, ""actual_duration_ms"": 2495.308}, {""stage_name"": ""delay"", ""planned_duration_ms"": 1000, ""intended_onset_ms"": 1081593.862, ""actual_onset_global_ms"": 1081591.178, ""actual_offset_global_ms"": 1082602.719, ""actual_duration_ms"": 1011.541}, {""stage_name"": ""test_array"", ""planned_duration_ms"": 4000, ""intended_onset_ms"": 1082602.719, ""actual_onset_global_ms"": 1082627.556, ""actual_offset_global_ms"": 1084923.282, ""actual_duration_ms"": 2295.726}]",,,,,0,0,0,1,0,,,,,,,,,,,,,,,,,,,,,,,,,,,,,,,1.0,change,0.0,"[-258.67, 240.72]","[[-258.67, 240.72]]","[""yellow""]","[""purple""]",yellow,purple,s,same,0.0,1.0,1.0
013,013_T1_20260520_150729,PA,T1,standard,hci_substudy_v2,1,telemetry_v4,change_detection,4,formal_cd,formal,1,34,50,formal,N3_change,1779260849,60.182,2026-05-20T15:25:42.983,0,0,0,2,1084929.994,1084944.758,,,,,j,,0,2035.135,,,,1088529.994,1088651.372,1090709.321,4000,2057.949,1090709.321,"[{""stage_name"": ""fixation"", ""planned_duration_ms"": 100, ""intended_onset_ms"": 1084929.994, ""actual_onset_global_ms"": 1084944.758, ""actual_offset_global_ms"": 1085052.172, ""actual_duration_ms"": 107.414}, {""stage_name"": ""memory_array"", ""planned_duration_ms"": 2500, ""intended_onset_ms"": 1085029.994, ""actual_onset_global_ms"": 1085083.329, ""actual_offset_global_ms"": 1087597.417, ""actual_duration_ms"": 2514.088}, {""stage_name"": ""delay"", ""planned_duration_ms"": 1000, ""intended_onset_ms"": 1087597.417, ""actual_onset_global_ms"": 1087592.155, ""actual_offset_global_ms"": 1088602.621, ""actual_duration_ms"": 1010.466}, {""stage_name"": ""test_array"", ""planned_duration_ms"": 4000, ""intended_onset_ms"": 1088602.621, ""actual_onset_global_ms"": 1088651.372, ""actual_offset_global_ms"": 1090709.321, ""actual_duration_ms"": 2057.949}]",,,,,0,0,0,1,0,,,,,,,,,,,,,,,,,,,,,,,,,,,,,,,3.0,change,2.0,"[-177.06, 191.19]","[[54.35, -177.5], [-157.72, -221.09], [-177.06, 191.19]]","[""purple"", ""green"", ""yellow""]","[""purple"", ""green"", ""red""]",yellow,red,s,same,0.0,3.0,1.0
013,013_T1_20260520_150729,PA,T1,standard,hci_substudy_v2,1,telemetry_v4,change_detection,4,formal_cd,formal,1,35,51,formal,N1_same,1779260849,60.182,2026-05-20T15:25:48.772,0,0,0,2,1090718.368,1090732.043,,,,,s,,0,1413.331,,,,1094318.368,1094393.159,1095852.162,4000,1459.003,1095852.162,"[{""stage_name"": ""fixation"", ""planned_duration_ms"": 100, ""intended_onset_ms"": 1090718.368, ""actual_onset_global_ms"": 1090732.043, ""actual_offset_global_ms"": 1090843.771, ""actual_duration_ms"": 111.728}, {""stage_name"": ""memory_array"", ""planned_duration_ms"": 2500, ""intended_onset_ms"": 1090818.368, ""actual_onset_global_ms"": 1090860.034, ""actual_offset_global_ms"": 1093360.159, ""actual_duration_ms"": 2500.125}, {""stage_name"": ""delay"", ""planned_duration_ms"": 1000, ""intended_onset_ms"": 1093360.159, ""actual_onset_global_ms"": 1093355.624, ""actual_offset_global_ms"": 1094369.038, ""actual_duration_ms"": 1013.414}, {""stage_name"": ""test_array"", ""planned_duration_ms"": 4000, ""intended_onset_ms"": 1094369.038, ""actual_onset_global_ms"": 1094393.159, ""actual_offset_global_ms"": 1095852.162, ""actual_duration_ms"": 1459.003}]",,,,,0,0,0,1,0,,,,,,,,,,,,,,,,,,,,,,,,,,,,,,,1.0,same,0.0,"[-214.06, -165.82]","[[-214.06, -165.82]]","[""yellow""]","[""yellow""]",yellow,yellow,j,change,0.0,1.0,1.0
013,013_T1_20260520_150729,PA,T1,standard,hci_substudy_v2,1,telemetry_v4,change_detection,4,formal_cd,formal,1,36,52,formal,N2_same,1779260849,60.182,2026-05-20T15:25:53.914,0,0,0,2,1095860.934,1095878.901,,,,,s,,1,2753.618,,,,1099460.934,1099542.895,1102353.552,4000,2810.657,1102353.552,"[{""stage_name"": ""fixation"", ""planned_duration_ms"": 100, ""intended_onset_ms"": 1095860.934, ""actual_onset_global_ms"": 1095878.901, ""actual_offset_global_ms"": 1095978.696, ""actual_duration_ms"": 99.795}, {""stage_name"": ""memory_array"", ""planned_duration_ms"": 2500, ""intended_onset_ms"": 1095960.934, ""actual_onset_global_ms"": 1096011.871, ""actual_offset_global_ms"": 1098483.281, ""actual_duration_ms"": 2471.41}, {""stage_name"": ""delay"", ""planned_duration_ms"": 1000, ""intended_onset_ms"": 1098483.281, ""actual_onset_global_ms"": 1098485.561, ""actual_offset_global_ms"": 1099502.228, ""actual_duration_ms"": 1016.667}, {""stage_name"": ""test_array"", ""planned_duration_ms"": 4000, ""intended_onset_ms"": 1099502.228, ""actual_onset_global_ms"": 1099542.895, ""actual_offset_global_ms"": 1102353.552, ""actual_duration_ms"": 2810.657}]",,,,,0,0,1,1,0,,,,,,,,,,,,,,,,,,,,,,,,,,,,,,,2.0,same,1.0,"[-187.1, -149.5]","[[-45.42, -182.14], [-187.1, -149.5]]","[""green"", ""yellow""]","[""green"", ""yellow""]",yellow,yellow,s,same,1.0,2.0,1.0
013,013_T1_20260520_150729,PA,T1,standard,hci_substudy_v2,1,telemetry_v4,change_detection,4,formal_cd,formal,1,37,53,formal,N3_change,1779260849,60.182,2026-05-20T15:26:00.414,0,0,0,2,1102362.042,1102377.987,,,,,j,,1,4894.808,,,,1105962.042,1106100.199,1111058.089,4000,4957.89,1111058.089,"[{""stage_name"": ""fixation"", ""planned_duration_ms"": 100, ""intended_onset_ms"": 1102362.042, ""actual_onset_global_ms"": 1102377.987, ""actual_offset_global_ms"": 1102494.108, ""actual_duration_ms"": 116.121}, {""stage_name"": ""memory_array"", ""planned_duration_ms"": 2500, ""intended_onset_ms"": 1102462.042, ""actual_onset_global_ms"": 1102542.209, ""actual_offset_global_ms"": 1105049.506, ""actual_duration_ms"": 2507.297}, {""stage_name"": ""delay"", ""planned_duration_ms"": 1000, ""intended_onset_ms"": 1105049.506, ""actual_onset_global_ms"": 1105053.492, ""actual_offset_global_ms"": 1106051.823, ""actual_duration_ms"": 998.331}, {""stage_name"": ""test_array"", ""planned_duration_ms"": 4000, ""intended_onset_ms"": 1106051.823, ""actual_onset_global_ms"": 1106100.199, ""actual_offset_global_ms"": 1111058.089, ""actual_duration_ms"": 4957.89}]",,,,,0,1,0,1,0,,,,,,,,,,,,,,,,,,,,,,,,,,,,,,,3.0,change,0.0,"[-96.75, 9.52]","[[-96.75, 9.52], [-118.67, -168.5], [-247.95, 136.16]]","[""yellow"", ""purple"", ""red""]","[""green"", ""purple"", ""red""]",yellow,green,j,change,1.0,5.0,1.0
013,013_T1_20260520_150729,PA,T1,standard,hci_substudy_v2,1,telemetry_v4,change_detection,4,formal_cd,formal,1,38,54,formal,N2_change,1779260849,60.182,2026-05-20T15:26:09.121,0,0,0,2,1111067.345,1111086.705,,,,,j,,0,3257.14,,,,1114667.345,1114752.526,1118071.87,4000,3319.344,1118071.87,"[{""stage_name"": ""fixation"", ""planned_duration_ms"": 100, ""intended_onset_ms"": 1111067.345, ""actual_onset_global_ms"": 1111086.705, ""actual_offset_global_ms"": 1111194.219, ""actual_duration_ms"": 107.514}, {""stage_name"": ""memory_array"", ""planned_duration_ms"": 2500, ""intended_onset_ms"": 1111167.345, ""actual_onset_global_ms"": 1111225.947, ""actual_offset_global_ms"": 1113699.879, ""actual_duration_ms"": 2473.932}, {""stage_name"": ""delay"", ""planned_duration_ms"": 1000, ""intended_onset_ms"": 1113699.879, ""actual_onset_global_ms"": 1113705.574, ""actual_offset_global_ms"": 1114718.611, ""actual_duration_ms"": 1013.037}, {""stage_name"": ""test_array"", ""planned_duration_ms"": 4000, ""intended_onset_ms"": 1114718.611, ""actual_onset_global_ms"": 1114752.526, ""actual_offset_global_ms"": 1118071.87, ""actual_duration_ms"": 3319.344}]",,,,,0,1,0,1,0,,,,,,,,,,,,,,,,,,,,,,,,,,,,,,,2.0,change,1.0,"[-104.73, -182.97]","[[156.03, 97.37], [-104.73, -182.97]]","[""yellow"", ""green""]","[""yellow"", ""purple""]",green,purple,s,same,0.0,2.0,1.0
013,013_T1_20260520_150729,PA,T1,standard,hci_substudy_v2,1,telemetry_v4,change_detection,4,formal_cd,formal,1,39,55,formal,N4_same,1779260849,60.182,2026-05-20T15:26:16.134,0,0,0,2,1118080.826,1118097.129,,,,,s,,0,2131.026,,,,1121680.826,1121808.912,1124020.093,4000,2211.181,1124020.093,"[{""stage_name"": ""fixation"", ""planned_duration_ms"": 100, ""intended_onset_ms"": 1118080.826, ""actual_onset_global_ms"": 1118097.129, ""actual_offset_global_ms"": 1118210.862, ""actual_duration_ms"": 113.733}, {""stage_name"": ""memory_array"", ""planned_duration_ms"": 2500, ""intended_onset_ms"": 1118180.826, ""actual_onset_global_ms"": 1118272.369, ""actual_offset_global_ms"": 1120723.78, ""actual_duration_ms"": 2451.411}, {""stage_name"": ""delay"", ""planned_duration_ms"": 1000, ""intended_onset_ms"": 1120723.78, ""actual_onset_global_ms"": 1120724.174, ""actual_offset_global_ms"": 1121735.832, ""actual_duration_ms"": 1011.658}, {""stage_name"": ""test_array"", ""planned_duration_ms"": 4000, ""intended_onset_ms"": 1121735.832, ""actual_onset_global_ms"": 1121808.912, ""actual_offset_global_ms"": 1124020.093, ""actual_duration_ms"": 2211.181}]",,,,,0,0,0,1,0,,,,,,,,,,,,,,,,,,,,,,,,,,,,,,,4.0,same,2.0,"[-18.6, -156.81]","[[-103.96, -101.4], [-181.67, -175.68], [-18.6, -156.81], [232.73, 85.24]]","[""blue"", ""purple"", ""yellow"", ""red""]","[""blue"", ""purple"", ""yellow"", ""red""]",yellow,yellow,j,change,0.0,5.0,1.0
013,013_T1_20260520_150729,PA,T1,standard,hci_substudy_v2,1,telemetry_v4,change_detection,4,formal_cd,formal,1,40,56,formal,N2_same,1779260849,60.182,2026-05-20T15:26:22.085,0,0,0,2,1124032.007,1124052.544,,,,,s,,1,1640.875,,,,1127632.007,1127725.683,1129425.641,4000,1699.958,1129425.641,"[{""stage_name"": ""fixation"", ""planned_duration_ms"": 100, ""intended_onset_ms"": 1124032.007, ""actual_onset_global_ms"": 1124052.544, ""actual_offset_global_ms"": 1124163.027, ""actual_duration_ms"": 110.483}, {""stage_name"": ""memory_array"", ""planned_duration_ms"": 2500, ""intended_onset_ms"": 1124132.007, ""actual_onset_global_ms"": 1124198.787, ""actual_offset_global_ms"": 1126681.545, ""actual_duration_ms"": 2482.758}, {""stage_name"": ""delay"", ""planned_duration_ms"": 1000, ""intended_onset_ms"": 1126681.545, ""actual_onset_global_ms"": 1126675.863, ""actual_offset_global_ms"": 1127685.191, ""actual_duration_ms"": 1009.328}, {""stage_name"": ""test_array"", ""planned_duration_ms"": 4000, ""intended_onset_ms"": 1127685.191, ""actual_onset_global_ms"": 1127725.683, ""actual_offset_global_ms"": 1129425.641, ""actual_duration_ms"": 1699.958}]",,,,,0,0,1,1,0,,,,,,,,,,,,,,,,,,,,,,,,,,,,,,,2.0,same,0.0,"[-21.96, -105.67]","[[-21.96, -105.67], [160.44, 257.41]]","[""green"", ""yellow""]","[""green"", ""yellow""]",green,green,s,same,1.0,4.0,1.0
013,013_T1_20260520_150729,PA,T1,standard,hci_substudy_v2,1,telemetry_v4,change_detection,4,formal_cd,formal,1,41,57,formal,N1_change,1779260849,60.182,2026-05-20T15:26:27.489,0,0,0,2,1129435.56,1129452.438,,,,,j,,0,3557.629,,,,1133035.56,1133128.033,1136718.688,4000,3590.655,1136718.688,"[{""stage_name"": ""fixation"", ""planned_duration_ms"": 100, ""intended_onset_ms"": 1129435.56, ""actual_onset_global_ms"": 1129452.438, ""actual_offset_global_ms"": 1129563.324, ""actual_duration_ms"": 110.886}, {""stage_name"": ""memory_array"", ""planned_duration_ms"": 2500, ""intended_onset_ms"": 1129535.56, ""actual_onset_global_ms"": 1129587.101, ""actual_offset_global_ms"": 1132089.805, ""actual_duration_ms"": 2502.704}, {""stage_name"": ""delay"", ""planned_duration_ms"": 1000, ""intended_onset_ms"": 1132089.805, ""actual_onset_global_ms"": 1132084.803, ""actual_offset_global_ms"": 1133102.545, ""actual_duration_ms"": 1017.742}, {""stage_name"": ""test_array"", ""planned_duration_ms"": 4000, ""intended_onset_ms"": 1133102.545, ""actual_onset_global_ms"": 1133128.033, ""actual_offset_global_ms"": 1136718.688, ""actual_duration_ms"": 3590.655}]",,,,,0,1,0,1,0,,,,,,,,,,,,,,,,,,,,,,,,,,,,,,,1.0,change,0.0,"[96.52, -244.85]","[[96.52, -244.85]]","[""red""]","[""purple""]",red,purple,s,same,0.0,1.0,1.0
013,013_T1_20260520_150729,PA,T1,standard,hci_substudy_v2,1,telemetry_v4,change_detection,4,formal_cd,formal,1,42,58,formal,N2_change,1779260849,60.182,2026-05-20T15:26:34.782,0,0,0,2,1136728.345,1136745.336,,,,,j,,1,3224.973,,,,1140328.345,1140424.361,1143707.65,4000,3283.289,1143707.65,"[{""stage_name"": ""fixation"", ""planned_duration_ms"": 100, ""intended_onset_ms"": 1136728.345, ""actual_onset_global_ms"": 1136745.336, ""actual_offset_global_ms"": 1136849.314, ""actual_duration_ms"": 103.978}, {""stage_name"": ""memory_array"", ""planned_duration_ms"": 2500, ""intended_onset_ms"": 1136828.345, ""actual_onset_global_ms"": 1136886.943, ""actual_offset_global_ms"": 1139379.924, ""actual_duration_ms"": 2492.981}, {""stage_name"": ""delay"", ""planned_duration_ms"": 1000, ""intended_onset_ms"": 1139379.924, ""actual_onset_global_ms"": 1139374.147, ""actual_offset_global_ms"": 1140386.014, ""actual_duration_ms"": 1011.867}, {""stage_name"": ""test_array"", ""planned_duration_ms"": 4000, ""intended_onset_ms"": 1140386.014, ""actual_onset_global_ms"": 1140424.361, ""actual_offset_global_ms"": 1143707.65, ""actual_duration_ms"": 3283.289}]",,,,,0,1,0,1,0,,,,,,,,,,,,,,,,,,,,,,,,,,,,,,,2.0,change,1.0,"[189.96, 53.66]","[[208.39, -182.16], [189.96, 53.66]]","[""blue"", ""yellow""]","[""blue"", ""green""]",yellow,green,j,change,1.0,2.0,1.0
013,013_T1_20260520_150729,PA,T1,standard,hci_substudy_v2,1,telemetry_v4,change_detection,4,formal_cd,formal,1,43,59,formal,N4_same,1779260849,60.182,2026-05-20T15:26:41.774,0,0,0,2,1143721.587,1143737.933,,,,,s,,1,8221.049,,,,1147321.587,1147555.217,1155802.73,4000,8247.513,1155802.73,"[{""stage_name"": ""fixation"", ""planned_duration_ms"": 100, ""intended_onset_ms"": 1143721.587, ""actual_onset_global_ms"": 1143737.933, ""actual_offset_global_ms"": 1143849.044, ""actual_duration_ms"": 111.111}, {""stage_name"": ""memory_array"", ""planned_duration_ms"": 2500, ""intended_onset_ms"": 1143821.587, ""actual_onset_global_ms"": 1143923.612, ""actual_offset_global_ms"": 1146467.02, ""actual_duration_ms"": 2543.408}, {""stage_name"": ""delay"", ""planned_duration_ms"": 1000, ""intended_onset_ms"": 1146467.02, ""actual_onset_global_ms"": 1146469.074, ""actual_offset_global_ms"": 1147484.843, ""actual_duration_ms"": 1015.769}, {""stage_name"": ""test_array"", ""planned_duration_ms"": 4000, ""intended_onset_ms"": 1147484.843, ""actual_onset_global_ms"": 1147555.217, ""actual_offset_global_ms"": 1155802.73, ""actual_duration_ms"": 8247.513}]",,,,,0,1,0,1,0,,,,,,,,,,,,,,,,,,,,,,,,,,,,,,,4.0,same,3.0,"[86.47, 258.38]","[[224.68, 256.25], [-134.03, 211.88], [-185.15, -31.76], [86.47, 258.38]]","[""blue"", ""yellow"", ""red"", ""purple""]","[""blue"", ""yellow"", ""red"", ""purple""]",purple,purple,s,same,1.0,5.0,1.0
013,013_T1_20260520_150729,PA,T1,standard,hci_substudy_v2,1,telemetry_v4,change_detection,4,formal_cd,formal,1,44,60,formal,N4_change,1779260849,60.182,2026-05-20T15:26:53.866,0,0,0,2,1155813.095,1155830.783,,,,,j,,1,1500.82,,,,1159413.095,1159521.667,1161041.285,4000,1519.618,1161041.285,"[{""stage_name"": ""fixation"", ""planned_duration_ms"": 100, ""intended_onset_ms"": 1155813.095, ""actual_onset_global_ms"": 1155830.783, ""actual_offset_global_ms"": 1155935.165, ""actual_duration_ms"": 104.382}, {""stage_name"": ""memory_array"", ""planned_duration_ms"": 2500, ""intended_onset_ms"": 1155913.095, ""actual_onset_global_ms"": 1156009.317, ""actual_offset_global_ms"": 1158435.725, ""actual_duration_ms"": 2426.408}, {""stage_name"": ""delay"", ""planned_duration_ms"": 1000, ""intended_onset_ms"": 1158435.725, ""actual_onset_global_ms"": 1158439.026, ""actual_offset_global_ms"": 1159450.999, ""actual_duration_ms"": 1011.973}, {""stage_name"": ""test_array"", ""planned_duration_ms"": 4000, ""intended_onset_ms"": 1159450.999, ""actual_onset_global_ms"": 1159521.667, ""actual_offset_global_ms"": 1161041.285, ""actual_duration_ms"": 1519.618}]",,,,,0,0,1,1,0,,,,,,,,,,,,,,,,,,,,,,,,,,,,,,,4.0,change,1.0,"[-172.25, -103.65]","[[116.77, 38.09], [-172.25, -103.65], [-142.95, 239.07], [-30.22, 109.29]]","[""yellow"", ""red"", ""blue"", ""green""]","[""yellow"", ""purple"", ""blue"", ""green""]",red,purple,j,change,1.0,4.0,1.0
013,013_T1_20260520_150729,PA,T1,standard,hci_substudy_v2,1,telemetry_v4,change_detection,4,formal_cd,formal,1,45,61,formal,N1_change,1779260849,60.182,2026-05-20T15:26:59.105,0,0,0,2,1161051.693,1161068.243,,,,,j,,0,7618.363,,,,1164651.693,1164739.312,1172401.301,4000,7661.989,1172401.301,"[{""stage_name"": ""fixation"", ""planned_duration_ms"": 100, ""intended_onset_ms"": 1161051.693, ""actual_onset_global_ms"": 1161068.243, ""actual_offset_global_ms"": 1161177.143, ""actual_duration_ms"": 108.9}, {""stage_name"": ""memory_array"", ""planned_duration_ms"": 2500, ""intended_onset_ms"": 1161151.693, ""actual_onset_global_ms"": 1161196.335, ""actual_offset_global_ms"": 1163711.635, ""actual_duration_ms"": 2515.3}, {""stage_name"": ""delay"", ""planned_duration_ms"": 1000, ""intended_onset_ms"": 1163711.635, ""actual_onset_global_ms"": 1163706.975, ""actual_offset_global_ms"": 1164717.931, ""actual_duration_ms"": 1010.956}, {""stage_name"": ""test_array"", ""planned_duration_ms"": 4000, ""intended_onset_ms"": 1164717.931, ""actual_onset_global_ms"": 1164739.312, ""actual_offset_global_ms"": 1172401.301, ""actual_duration_ms"": 7661.989}]",,,,,0,1,0,1,0,,,,,,,,,,,,,,,,,,,,,,,,,,,,,,,1.0,change,0.0,"[154.78, -230.63]","[[154.78, -230.63]]","[""purple""]","[""red""]",purple,red,s,same,0.0,1.0,1.0
013,013_T1_20260520_150729,PA,T1,standard,hci_substudy_v2,1,telemetry_v4,change_detection,4,formal_cd,formal,1,46,62,formal,N2_change,1779260849,60.182,2026-05-20T15:27:10.469,0,0,0,2,1172415.152,1172432.961,,,,,j,,1,1320.556,,,,1176015.152,1176103.275,1177440.736,4000,1337.461,1177440.736,"[{""stage_name"": ""fixation"", ""planned_duration_ms"": 100, ""intended_onset_ms"": 1172415.152, ""actual_onset_global_ms"": 1172432.961, ""actual_offset_global_ms"": 1172543.811, ""actual_duration_ms"": 110.85}, {""stage_name"": ""memory_array"", ""planned_duration_ms"": 2500, ""intended_onset_ms"": 1172515.152, ""actual_onset_global_ms"": 1172582.886, ""actual_offset_global_ms"": 1175054.687, ""actual_duration_ms"": 2471.801}, {""stage_name"": ""delay"", ""planned_duration_ms"": 1000, ""intended_onset_ms"": 1175054.687, ""actual_onset_global_ms"": 1175057.279, ""actual_offset_global_ms"": 1176068.068, ""actual_duration_ms"": 1010.789}, {""stage_name"": ""test_array"", ""planned_duration_ms"": 4000, ""intended_onset_ms"": 1176068.068, ""actual_onset_global_ms"": 1176103.275, ""actual_offset_global_ms"": 1177440.736, ""actual_duration_ms"": 1337.461}]",,,,,0,0,1,1,0,,,,,,,,,,,,,,,,,,,,,,,,,,,,,,,2.0,change,1.0,"[76.81, 220.83]","[[-186.6, 31.82], [76.81, 220.83]]","[""red"", ""purple""]","[""red"", ""green""]",purple,green,j,change,1.0,2.0,1.0
013,013_T1_20260520_150729,PA,T1,standard,hci_substudy_v2,1,telemetry_v4,change_detection,4,formal_cd,formal,1,47,63,formal,N2_same,1779260849,60.182,2026-05-20T15:27:15.506,0,0,0,2,1177453.19,1177471.308,,,,,s,,1,1715.053,,,,1181053.19,1181154.304,1182940.879,4000,1786.575,1182940.879,"[{""stage_name"": ""fixation"", ""planned_duration_ms"": 100, ""intended_onset_ms"": 1177453.19, ""actual_onset_global_ms"": 1177471.308, ""actual_offset_global_ms"": 1177580.488, ""actual_duration_ms"": 109.18}, {""stage_name"": ""memory_array"", ""planned_duration_ms"": 2500, ""intended_onset_ms"": 1177553.19, ""actual_onset_global_ms"": 1177615.992, ""actual_offset_global_ms"": 1180107.302, ""actual_duration_ms"": 2491.31}, {""stage_name"": ""delay"", ""planned_duration_ms"": 1000, ""intended_onset_ms"": 1180107.302, ""actual_onset_global_ms"": 1180103.271, ""actual_offset_global_ms"": 1181117.928, ""actual_duration_ms"": 1014.657}, {""stage_name"": ""test_array"", ""planned_duration_ms"": 4000, ""intended_onset_ms"": 1181117.928, ""actual_onset_global_ms"": 1181154.304, ""actual_offset_global_ms"": 1182940.879, ""actual_duration_ms"": 1786.575}]",,,,,0,0,1,1,0,,,,,,,,,,,,,,,,,,,,,,,,,,,,,,,2.0,same,1.0,"[-193.58, 227.16]","[[188.95, 13.24], [-193.58, 227.16]]","[""yellow"", ""green""]","[""yellow"", ""green""]",green,green,s,same,1.0,2.0,1.0
013,013_T1_20260520_150729,PA,T1,standard,hci_substudy_v2,1,telemetry_v4,change_detection,4,formal_cd,formal,1,48,64,formal,N3_same,1779260849,60.182,2026-05-20T15:27:21.009,0,0,0,2,1182955.716,1182973.764,,,,,s,,0,3131.305,,,,1186555.716,1186667.784,1189823.002,4000,3155.218,1189823.002,"[{""stage_name"": ""fixation"", ""planned_duration_ms"": 100, ""intended_onset_ms"": 1182955.716, ""actual_onset_global_ms"": 1182973.764, ""actual_offset_global_ms"": 1183079.163, ""actual_duration_ms"": 105.399}, {""stage_name"": ""memory_array"", ""planned_duration_ms"": 2500, ""intended_onset_ms"": 1183055.716, ""actual_onset_global_ms"": 1183131.468, ""actual_offset_global_ms"": 1185600.767, ""actual_duration_ms"": 2469.299}, {""stage_name"": ""delay"", ""planned_duration_ms"": 1000, ""intended_onset_ms"": 1185600.767, ""actual_onset_global_ms"": 1185603.571, ""actual_offset_global_ms"": 1186617.953, ""actual_duration_ms"": 1014.382}, {""stage_name"": ""test_array"", ""planned_duration_ms"": 4000, ""intended_onset_ms"": 1186617.953, ""actual_onset_global_ms"": 1186667.784, ""actual_offset_global_ms"": 1189823.002, ""actual_duration_ms"": 3155.218}]",,,,,0,1,0,1,0,,,,,,,,,,,,,,,,,,,,,,,,,,,,,,,3.0,same,2.0,"[118.63, 158.39]","[[-108.25, -252.89], [-45.62, 112.99], [118.63, 158.39]]","[""blue"", ""yellow"", ""green""]","[""blue"", ""yellow"", ""green""]",green,green,j,change,0.0,3.0,1.0
