participant_id,session_id,group,timepoint,practice_layer,practice_protocol_version,telemetry_enabled,telemetry_version,task_name,task_order_index,block_name,block_type,block_index,trial_index_within_block,trial_index_global,practice_or_formal,condition_label,random_seed,screen_refresh_hz,timestamp_iso,omission,aborted,pause_count_during_trial,repeated_practice_round,intended_trial_start_ms,actual_trial_start_ms,condition,target_direction,flankers_direction,array_pattern_text,correct_response_key,participant_response_key,response_correct,rt_ms,response_time_global_ms,feedback_type,practice_pass_flag,intended_onset_ms,actual_onset_global_ms,actual_offset_global_ms,stage_duration_planned_ms,stage_duration_actual_ms,actual_trial_end_ms,stage_records_json,feedback_audio_file,feedback_audio_start_global_ms,feedback_audio_expected_duration_ms,feedback_audio_stop_global_ms,excluded_rt_low,excluded_rt_high,included_in_rt_analysis,task_accuracy_below_threshold,valid_task_data,prompt_level,support_type,support_trigger_reason,support_trigger_trial_index,rule_block_error_count,support_level,support_phase,support_duration_ms,post_support_success_streak,support_faded_after_trial,manual_intervention_flag,dccs_support_rule,dccs_error_type,dccs_dimension_highlight_used,dccs_demo_type,dccs_label_mode,dccs_post_support_rule_confusion,rule,cue_audio_file,cue_label,cue_audio_start_global_ms,cue_audio_expected_duration_ms,cue_audio_stop_global_ms,stimulus_color,stimulus_shape,stimulus_identity,trial_transition,previous_rule,current_rule,cue_to_first_response_ms,set_size,trial_type,probe_index,probe_position_xy,item_positions,item_colors_memory,item_colors_test,probe_original_color,probe_test_color,response_key,response_label,accuracy,layout_generation_attempts,overlap_check_passed
36,36_T1_20260520_153334,PA,T1,adaptive,hci_substudy_v2,1,telemetry_v4,flanker,1,formal_block_1,formal,1,1,13,formal,incongruent,1779262414,957.492,2026-05-20T15:36:08.471,0,0,0,1,152310.649,152315.727,incongruent,left,right,>><>>,s,s,1,12376.15,164795.359,none,,152410.649,152419.209,164795.359,3000,12376.15,164795.359,"[{""stage_name"": ""fixation"", ""planned_duration_ms"": 100, ""intended_onset_ms"": 152310.649, ""actual_onset_global_ms"": 152315.727, ""actual_offset_global_ms"": 152412.75, ""actual_duration_ms"": 97.023}, {""stage_name"": ""stimulus"", ""planned_duration_ms"": 3000, ""intended_onset_ms"": 152410.649, ""actual_onset_global_ms"": 152419.209, ""actual_offset_global_ms"": 164795.359, ""actual_duration_ms"": 12376.15}]",,,,,0,1,0,0,1,,,,,,,,,,,,,,,,,,,,,,,,,,,,,,,,,,,,,,,,,,,,
36,36_T1_20260520_153334,PA,T1,adaptive,hci_substudy_v2,1,telemetry_v4,flanker,1,formal_block_1,formal,1,2,14,formal,incongruent,1779262414,957.492,2026-05-20T15:36:20.961,0,0,0,1,164800.855,164805.17,incongruent,right,left,<<><<,j,j,1,9113.465,174021.56,none,,164900.855,164908.095,174021.56,3000,9113.465,174021.56,"[{""stage_name"": ""fixation"", ""planned_duration_ms"": 100, ""intended_onset_ms"": 164800.855, ""actual_onset_global_ms"": 164805.17, ""actual_offset_global_ms"": 164903.766, ""actual_duration_ms"": 98.596}, {""stage_name"": ""stimulus"", ""planned_duration_ms"": 3000, ""intended_onset_ms"": 164900.855, ""actual_onset_global_ms"": 164908.095, ""actual_offset_global_ms"": 174021.56, ""actual_duration_ms"": 9113.465}]",,,,,0,1,0,0,1,,,,,,,,,,,,,,,,,,,,,,,,,,,,,,,,,,,,,,,,,,,,
36,36_T1_20260520_153334,PA,T1,adaptive,hci_substudy_v2,1,telemetry_v4,flanker,1,formal_block_1,formal,1,3,15,formal,congruent,1779262414,957.492,2026-05-20T15:36:30.186,0,0,0,1,174025.421,174030.37,congruent,right,right,>>>>>,j,j,1,5072.289,179206.514,none,,174125.421,174134.225,179206.514,3000,5072.289,179206.514,"[{""stage_name"": ""fixation"", ""planned_duration_ms"": 100, ""intended_onset_ms"": 174025.421, ""actual_onset_global_ms"": 174030.37, ""actual_offset_global_ms"": 174129.329, ""actual_duration_ms"": 98.959}, {""stage_name"": ""stimulus"", ""planned_duration_ms"": 3000, ""intended_onset_ms"": 174125.421, ""actual_onset_global_ms"": 174134.225, ""actual_offset_global_ms"": 179206.514, ""actual_duration_ms"": 5072.289}]",,,,,0,1,0,0,1,,,,,,,,,,,,,,,,,,,,,,,,,,,,,,,,,,,,,,,,,,,,
36,36_T1_20260520_153334,PA,T1,adaptive,hci_substudy_v2,1,telemetry_v4,flanker,1,formal_block_1,formal,1,4,16,formal,incongruent,1779262414,957.492,2026-05-20T15:36:35.374,0,0,0,1,179213.321,179217.176,incongruent,left,right,>><>>,s,s,1,9480.595,188801.451,none,,179313.321,179320.856,188801.451,3000,9480.595,188801.451,"[{""stage_name"": ""fixation"", ""planned_duration_ms"": 100, ""intended_onset_ms"": 179213.321, ""actual_onset_global_ms"": 179217.176, ""actual_offset_global_ms"": 179316.29, ""actual_duration_ms"": 99.114}, {""stage_name"": ""stimulus"", ""planned_duration_ms"": 3000, ""intended_onset_ms"": 179313.321, ""actual_onset_global_ms"": 179320.856, ""actual_offset_global_ms"": 188801.451, ""actual_duration_ms"": 9480.595}]",,,,,0,1,0,0,1,,,,,,,,,,,,,,,,,,,,,,,,,,,,,,,,,,,,,,,,,,,,
36,36_T1_20260520_153334,PA,T1,adaptive,hci_substudy_v2,1,telemetry_v4,flanker,1,formal_block_1,formal,1,5,17,formal,incongruent,1779262414,957.492,2026-05-20T15:36:44.969,0,0,0,1,188808.798,188813.63,incongruent,right,left,<<><<,j,s,0,8460.211,197376.675,none,,188908.798,188916.464,197376.675,3000,8460.211,197376.675,"[{""stage_name"": ""fixation"", ""planned_duration_ms"": 100, ""intended_onset_ms"": 188808.798, ""actual_onset_global_ms"": 188813.63, ""actual_offset_global_ms"": 188912.279, ""actual_duration_ms"": 98.649}, {""stage_name"": ""stimulus"", ""planned_duration_ms"": 3000, ""intended_onset_ms"": 188908.798, ""actual_onset_global_ms"": 188916.464, ""actual_offset_global_ms"": 197376.675, ""actual_duration_ms"": 8460.211}]",,,,,0,1,0,0,1,,,,,,,,,,,,,,,,,,,,,,,,,,,,,,,,,,,,,,,,,,,,
36,36_T1_20260520_153334,PA,T1,adaptive,hci_substudy_v2,1,telemetry_v4,flanker,1,formal_block_1,formal,1,6,18,formal,incongruent,1779262414,957.492,2026-05-20T15:36:53.543,0,0,0,1,197382.424,197386.9,incongruent,left,right,>><>>,s,s,1,6870.852,204360.846,none,,197482.424,197489.994,204360.846,3000,6870.852,204360.846,"[{""stage_name"": ""fixation"", ""planned_duration_ms"": 100, ""intended_onset_ms"": 197382.424, ""actual_onset_global_ms"": 197386.9, ""actual_offset_global_ms"": 197483.49, ""actual_duration_ms"": 96.59}, {""stage_name"": ""stimulus"", ""planned_duration_ms"": 3000, ""intended_onset_ms"": 197482.424, ""actual_onset_global_ms"": 197489.994, ""actual_offset_global_ms"": 204360.846, ""actual_duration_ms"": 6870.852}]",,,,,0,1,0,0,1,,,,,,,,,,,,,,,,,,,,,,,,,,,,,,,,,,,,,,,,,,,,
36,36_T1_20260520_153334,PA,T1,adaptive,hci_substudy_v2,1,telemetry_v4,flanker,1,formal_block_1,formal,1,7,19,formal,congruent,1779262414,957.492,2026-05-20T15:37:00.530,0,0,0,1,204369.979,204375.341,congruent,right,right,>>>>>,j,j,1,7381.085,211860.682,none,,204469.979,204479.597,211860.682,3000,7381.085,211860.682,"[{""stage_name"": ""fixation"", ""planned_duration_ms"": 100, ""intended_onset_ms"": 204369.979, ""actual_onset_global_ms"": 204375.341, ""actual_offset_global_ms"": 204472.627, ""actual_duration_ms"": 97.286}, {""stage_name"": ""stimulus"", ""planned_duration_ms"": 3000, ""intended_onset_ms"": 204469.979, ""actual_onset_global_ms"": 204479.597, ""actual_offset_global_ms"": 211860.682, ""actual_duration_ms"": 7381.085}]",,,,,0,1,0,0,1,,,,,,,,,,,,,,,,,,,,,,,,,,,,,,,,,,,,,,,,,,,,
36,36_T1_20260520_153334,PA,T1,adaptive,hci_substudy_v2,1,telemetry_v4,flanker,1,formal_block_1,formal,1,8,20,formal,congruent,1779262414,957.492,2026-05-20T15:37:08.031,0,0,0,1,211870.133,211875.848,congruent,right,right,>>>>>,j,j,1,2647.749,214626.412,none,,211970.133,211978.663,214626.412,3000,2647.749,214626.412,"[{""stage_name"": ""fixation"", ""planned_duration_ms"": 100, ""intended_onset_ms"": 211870.133, ""actual_onset_global_ms"": 211875.848, ""actual_offset_global_ms"": 211972.233, ""actual_duration_ms"": 96.385}, {""stage_name"": ""stimulus"", ""planned_duration_ms"": 3000, ""intended_onset_ms"": 211970.133, ""actual_onset_global_ms"": 211978.663, ""actual_offset_global_ms"": 214626.412, ""actual_duration_ms"": 2647.749}]",,,,,0,0,1,0,1,,,,,,,,,,,,,,,,,,,,,,,,,,,,,,,,,,,,,,,,,,,,
36,36_T1_20260520_153334,PA,T1,adaptive,hci_substudy_v2,1,telemetry_v4,flanker,1,formal_block_1,formal,1,9,21,formal,congruent,1779262414,957.492,2026-05-20T15:37:10.796,0,0,0,1,214635.409,214639.274,congruent,left,left,<<<<<,s,s,1,3967.968,218712.44,none,,214735.409,214744.472,218712.44,3000,3967.968,218712.44,"[{""stage_name"": ""fixation"", ""planned_duration_ms"": 100, ""intended_onset_ms"": 214635.409, ""actual_onset_global_ms"": 214639.274, ""actual_offset_global_ms"": 214739.887, ""actual_duration_ms"": 100.613}, {""stage_name"": ""stimulus"", ""planned_duration_ms"": 3000, ""intended_onset_ms"": 214735.409, ""actual_onset_global_ms"": 214744.472, ""actual_offset_global_ms"": 218712.44, ""actual_duration_ms"": 3967.968}]",,,,,0,1,0,0,1,,,,,,,,,,,,,,,,,,,,,,,,,,,,,,,,,,,,,,,,,,,,
36,36_T1_20260520_153334,PA,T1,adaptive,hci_substudy_v2,1,telemetry_v4,flanker,1,formal_block_1,formal,1,10,22,formal,incongruent,1779262414,957.492,2026-05-20T15:37:14.879,0,0,0,1,218718.781,218723.615,incongruent,left,right,>><>>,s,j,0,4257.421,223085.566,none,,218818.781,218828.145,223085.566,3000,4257.421,223085.566,"[{""stage_name"": ""fixation"", ""planned_duration_ms"": 100, ""intended_onset_ms"": 218718.781, ""actual_onset_global_ms"": 218723.615, ""actual_offset_global_ms"": 218820.933, ""actual_duration_ms"": 97.318}, {""stage_name"": ""stimulus"", ""planned_duration_ms"": 3000, ""intended_onset_ms"": 218818.781, ""actual_onset_global_ms"": 218828.145, ""actual_offset_global_ms"": 223085.566, ""actual_duration_ms"": 4257.421}]",,,,,0,1,0,0,1,,,,,,,,,,,,,,,,,,,,,,,,,,,,,,,,,,,,,,,,,,,,
36,36_T1_20260520_153334,PA,T1,adaptive,hci_substudy_v2,1,telemetry_v4,flanker,1,formal_block_1,formal,1,11,23,formal,congruent,1779262414,957.492,2026-05-20T15:37:19.254,0,0,0,1,223092.89,223096.717,congruent,left,left,<<<<<,s,s,1,3255.925,226456.659,none,,223192.89,223200.734,226456.659,3000,3255.925,226456.659,"[{""stage_name"": ""fixation"", ""planned_duration_ms"": 100, ""intended_onset_ms"": 223092.89, ""actual_onset_global_ms"": 223096.717, ""actual_offset_global_ms"": 223196.255, ""actual_duration_ms"": 99.538}, {""stage_name"": ""stimulus"", ""planned_duration_ms"": 3000, ""intended_onset_ms"": 223192.89, ""actual_onset_global_ms"": 223200.734, ""actual_offset_global_ms"": 226456.659, ""actual_duration_ms"": 3255.925}]",,,,,0,1,0,0,1,,,,,,,,,,,,,,,,,,,,,,,,,,,,,,,,,,,,,,,,,,,,
36,36_T1_20260520_153334,PA,T1,adaptive,hci_substudy_v2,1,telemetry_v4,flanker,1,formal_block_1,formal,1,12,24,formal,incongruent,1779262414,957.492,2026-05-20T15:37:22.626,0,0,0,1,226465.838,226471.215,incongruent,right,left,<<><<,j,s,0,2594.959,229170.488,none,,226565.838,226575.529,229170.488,3000,2594.959,229170.488,"[{""stage_name"": ""fixation"", ""planned_duration_ms"": 100, ""intended_onset_ms"": 226465.838, ""actual_onset_global_ms"": 226471.215, ""actual_offset_global_ms"": 226569.333, ""actual_duration_ms"": 98.118}, {""stage_name"": ""stimulus"", ""planned_duration_ms"": 3000, ""intended_onset_ms"": 226565.838, ""actual_onset_global_ms"": 226575.529, ""actual_offset_global_ms"": 229170.488, ""actual_duration_ms"": 2594.959}]",,,,,0,0,0,0,1,,,,,,,,,,,,,,,,,,,,,,,,,,,,,,,,,,,,,,,,,,,,
36,36_T1_20260520_153334,PA,T1,adaptive,hci_substudy_v2,1,telemetry_v4,flanker,1,formal_block_1,formal,1,13,25,formal,congruent,1779262414,957.492,2026-05-20T15:37:25.338,0,0,0,1,229177.395,229182.234,congruent,right,right,>>>>>,j,j,1,5294.446,234580.334,none,,229277.395,229285.888,234580.334,3000,5294.446,234580.334,"[{""stage_name"": ""fixation"", ""planned_duration_ms"": 100, ""intended_onset_ms"": 229177.395, ""actual_onset_global_ms"": 229182.234, ""actual_offset_global_ms"": 229279.572, ""actual_duration_ms"": 97.338}, {""stage_name"": ""stimulus"", ""planned_duration_ms"": 3000, ""intended_onset_ms"": 229277.395, ""actual_onset_global_ms"": 229285.888, ""actual_offset_global_ms"": 234580.334, ""actual_duration_ms"": 5294.446}]",,,,,0,1,0,0,1,,,,,,,,,,,,,,,,,,,,,,,,,,,,,,,,,,,,,,,,,,,,
36,36_T1_20260520_153334,PA,T1,adaptive,hci_substudy_v2,1,telemetry_v4,flanker,1,formal_block_1,formal,1,14,26,formal,congruent,1779262414,957.492,2026-05-20T15:37:30.750,0,0,0,1,234588.698,234592.45,congruent,left,left,<<<<<,s,s,1,2875.311,237572.535,none,,234688.698,234697.224,237572.535,3000,2875.311,237572.535,"[{""stage_name"": ""fixation"", ""planned_duration_ms"": 100, ""intended_onset_ms"": 234588.698, ""actual_onset_global_ms"": 234592.45, ""actual_offset_global_ms"": 234692.797, ""actual_duration_ms"": 100.347}, {""stage_name"": ""stimulus"", ""planned_duration_ms"": 3000, ""intended_onset_ms"": 234688.698, ""actual_onset_global_ms"": 234697.224, ""actual_offset_global_ms"": 237572.535, ""actual_duration_ms"": 2875.311}]",,,,,0,0,1,0,1,,,,,,,,,,,,,,,,,,,,,,,,,,,,,,,,,,,,,,,,,,,,
36,36_T1_20260520_153334,PA,T1,adaptive,hci_substudy_v2,1,telemetry_v4,flanker,1,formal_block_1,formal,1,15,27,formal,congruent,1779262414,957.492,2026-05-20T15:37:33.740,0,0,0,1,237579.512,237584.128,congruent,right,right,>>>>>,j,j,1,3873.183,241561.879,none,,237679.512,237688.696,241561.879,3000,3873.183,241561.879,"[{""stage_name"": ""fixation"", ""planned_duration_ms"": 100, ""intended_onset_ms"": 237579.512, ""actual_onset_global_ms"": 237584.128, ""actual_offset_global_ms"": 237681.915, ""actual_duration_ms"": 97.787}, {""stage_name"": ""stimulus"", ""planned_duration_ms"": 3000, ""intended_onset_ms"": 237679.512, ""actual_onset_global_ms"": 237688.696, ""actual_offset_global_ms"": 241561.879, ""actual_duration_ms"": 3873.183}]",,,,,0,1,0,0,1,,,,,,,,,,,,,,,,,,,,,,,,,,,,,,,,,,,,,,,,,,,,
36,36_T1_20260520_153334,PA,T1,adaptive,hci_substudy_v2,1,telemetry_v4,flanker,1,formal_block_1,formal,1,16,28,formal,incongruent,1779262414,957.492,2026-05-20T15:37:37.730,0,0,0,1,241568.75,241572.845,incongruent,right,left,<<><<,j,j,1,9459.803,251136.649,none,,241668.75,241676.846,251136.649,3000,9459.803,251136.649,"[{""stage_name"": ""fixation"", ""planned_duration_ms"": 100, ""intended_onset_ms"": 241568.75, ""actual_onset_global_ms"": 241572.845, ""actual_offset_global_ms"": 241670.636, ""actual_duration_ms"": 97.791}, {""stage_name"": ""stimulus"", ""planned_duration_ms"": 3000, ""intended_onset_ms"": 241668.75, ""actual_onset_global_ms"": 241676.846, ""actual_offset_global_ms"": 251136.649, ""actual_duration_ms"": 9459.803}]",,,,,0,1,0,0,1,,,,,,,,,,,,,,,,,,,,,,,,,,,,,,,,,,,,,,,,,,,,
36,36_T1_20260520_153334,PA,T1,adaptive,hci_substudy_v2,1,telemetry_v4,flanker,1,formal_block_1,formal,1,17,29,formal,incongruent,1779262414,957.492,2026-05-20T15:37:47.306,0,0,0,1,251145.516,251150.374,incongruent,right,left,<<><<,j,j,1,2817.797,254072.486,none,,251245.516,251254.689,254072.486,3000,2817.797,254072.486,"[{""stage_name"": ""fixation"", ""planned_duration_ms"": 100, ""intended_onset_ms"": 251145.516, ""actual_onset_global_ms"": 251150.374, ""actual_offset_global_ms"": 251250.441, ""actual_duration_ms"": 100.067}, {""stage_name"": ""stimulus"", ""planned_duration_ms"": 3000, ""intended_onset_ms"": 251245.516, ""actual_onset_global_ms"": 251254.689, ""actual_offset_global_ms"": 254072.486, ""actual_duration_ms"": 2817.797}]",,,,,0,0,1,0,1,,,,,,,,,,,,,,,,,,,,,,,,,,,,,,,,,,,,,,,,,,,,
36,36_T1_20260520_153334,PA,T1,adaptive,hci_substudy_v2,1,telemetry_v4,flanker,1,formal_block_1,formal,1,18,30,formal,congruent,1779262414,957.492,2026-05-20T15:37:50.242,0,0,0,1,254080.784,254084.769,congruent,left,left,<<<<<,s,s,1,4032.912,258221.34,none,,254180.784,254188.428,258221.34,3000,4032.912,258221.34,"[{""stage_name"": ""fixation"", ""planned_duration_ms"": 100, ""intended_onset_ms"": 254080.784, ""actual_onset_global_ms"": 254084.769, ""actual_offset_global_ms"": 254182.104, ""actual_duration_ms"": 97.335}, {""stage_name"": ""stimulus"", ""planned_duration_ms"": 3000, ""intended_onset_ms"": 254180.784, ""actual_onset_global_ms"": 254188.428, ""actual_offset_global_ms"": 258221.34, ""actual_duration_ms"": 4032.912}]",,,,,0,1,0,0,1,,,,,,,,,,,,,,,,,,,,,,,,,,,,,,,,,,,,,,,,,,,,
36,36_T1_20260520_153334,PA,T1,adaptive,hci_substudy_v2,1,telemetry_v4,flanker,1,formal_block_1,formal,1,19,31,formal,congruent,1779262414,957.492,2026-05-20T15:37:54.390,0,0,0,1,258229.608,258234.404,congruent,left,left,<<<<<,s,s,1,1981.635,260319.801,none,,258329.608,258338.166,260319.801,3000,1981.635,260319.801,"[{""stage_name"": ""fixation"", ""planned_duration_ms"": 100, ""intended_onset_ms"": 258229.608, ""actual_onset_global_ms"": 258234.404, ""actual_offset_global_ms"": 258333.547, ""actual_duration_ms"": 99.143}, {""stage_name"": ""stimulus"", ""planned_duration_ms"": 3000, ""intended_onset_ms"": 258329.608, ""actual_onset_global_ms"": 258338.166, ""actual_offset_global_ms"": 260319.801, ""actual_duration_ms"": 1981.635}]",,,,,0,0,1,0,1,,,,,,,,,,,,,,,,,,,,,,,,,,,,,,,,,,,,,,,,,,,,
36,36_T1_20260520_153334,PA,T1,adaptive,hci_substudy_v2,1,telemetry_v4,flanker,1,formal_block_1,formal,1,20,32,formal,incongruent,1779262414,957.492,2026-05-20T15:37:56.489,0,0,0,1,260329.322,260334.096,incongruent,left,right,>><>>,s,j,0,5344.521,265783.609,none,,260429.322,260439.088,265783.609,3000,5344.521,265783.609,"[{""stage_name"": ""fixation"", ""planned_duration_ms"": 100, ""intended_onset_ms"": 260329.322, ""actual_onset_global_ms"": 260334.096, ""actual_offset_global_ms"": 260434.359, ""actual_duration_ms"": 100.263}, {""stage_name"": ""stimulus"", ""planned_duration_ms"": 3000, ""intended_onset_ms"": 260429.322, ""actual_onset_global_ms"": 260439.088, ""actual_offset_global_ms"": 265783.609, ""actual_duration_ms"": 5344.521}]",,,,,0,1,0,0,1,,,,,,,,,,,,,,,,,,,,,,,,,,,,,,,,,,,,,,,,,,,,
36,36_T1_20260520_153334,PA,T1,adaptive,hci_substudy_v2,1,telemetry_v4,flanker,1,formal_block_2,formal,2,1,33,formal,incongruent,1779262414,957.492,2026-05-20T15:38:01.949,0,0,0,1,265788.131,265792.133,incongruent,right,left,<<><<,j,s,0,3573.875,269469.487,none,,265888.131,265895.612,269469.487,3000,3573.875,269469.487,"[{""stage_name"": ""fixation"", ""planned_duration_ms"": 100, ""intended_onset_ms"": 265788.131, ""actual_onset_global_ms"": 265792.133, ""actual_offset_global_ms"": 265889.363, ""actual_duration_ms"": 97.23}, {""stage_name"": ""stimulus"", ""planned_duration_ms"": 3000, ""intended_onset_ms"": 265888.131, ""actual_onset_global_ms"": 265895.612, ""actual_offset_global_ms"": 269469.487, ""actual_duration_ms"": 3573.875}]",,,,,0,1,0,0,1,,,,,,,,,,,,,,,,,,,,,,,,,,,,,,,,,,,,,,,,,,,,
36,36_T1_20260520_153334,PA,T1,adaptive,hci_substudy_v2,1,telemetry_v4,flanker,1,formal_block_2,formal,2,2,34,formal,congruent,1779262414,957.492,2026-05-20T15:38:05.638,0,0,0,1,269477.414,269482.464,congruent,right,right,>>>>>,j,j,1,2663.656,272250.455,none,,269577.414,269586.799,272250.455,3000,2663.656,272250.455,"[{""stage_name"": ""fixation"", ""planned_duration_ms"": 100, ""intended_onset_ms"": 269477.414, ""actual_onset_global_ms"": 269482.464, ""actual_offset_global_ms"": 269582.248, ""actual_duration_ms"": 99.784}, {""stage_name"": ""stimulus"", ""planned_duration_ms"": 3000, ""intended_onset_ms"": 269577.414, ""actual_onset_global_ms"": 269586.799, ""actual_offset_global_ms"": 272250.455, ""actual_duration_ms"": 2663.656}]",,,,,0,0,1,0,1,,,,,,,,,,,,,,,,,,,,,,,,,,,,,,,,,,,,,,,,,,,,
36,36_T1_20260520_153334,PA,T1,adaptive,hci_substudy_v2,1,telemetry_v4,flanker,1,formal_block_2,formal,2,3,35,formal,congruent,1779262414,957.492,2026-05-20T15:38:08.420,0,0,0,1,272259.516,272263.373,congruent,right,right,>>>>>,j,j,1,1670.165,274037.641,none,,272359.516,272367.476,274037.641,3000,1670.165,274037.641,"[{""stage_name"": ""fixation"", ""planned_duration_ms"": 100, ""intended_onset_ms"": 272259.516, ""actual_onset_global_ms"": 272263.373, ""actual_offset_global_ms"": 272363.003, ""actual_duration_ms"": 99.63}, {""stage_name"": ""stimulus"", ""planned_duration_ms"": 3000, ""intended_onset_ms"": 272359.516, ""actual_onset_global_ms"": 272367.476, ""actual_offset_global_ms"": 274037.641, ""actual_duration_ms"": 1670.165}]",,,,,0,0,1,0,1,,,,,,,,,,,,,,,,,,,,,,,,,,,,,,,,,,,,,,,,,,,,
36,36_T1_20260520_153334,PA,T1,adaptive,hci_substudy_v2,1,telemetry_v4,flanker,1,formal_block_2,formal,2,4,36,formal,congruent,1779262414,957.492,2026-05-20T15:38:10.207,0,0,0,1,274046.676,274051.648,congruent,left,left,<<<<<,s,s,1,2162.678,276317.405,none,,274146.676,274154.727,276317.405,3000,2162.678,276317.405,"[{""stage_name"": ""fixation"", ""planned_duration_ms"": 100, ""intended_onset_ms"": 274046.676, ""actual_onset_global_ms"": 274051.648, ""actual_offset_global_ms"": 274150.359, ""actual_duration_ms"": 98.711}, {""stage_name"": ""stimulus"", ""planned_duration_ms"": 3000, ""intended_onset_ms"": 274146.676, ""actual_onset_global_ms"": 274154.727, ""actual_offset_global_ms"": 276317.405, ""actual_duration_ms"": 2162.678}]",,,,,0,0,1,0,1,,,,,,,,,,,,,,,,,,,,,,,,,,,,,,,,,,,,,,,,,,,,
36,36_T1_20260520_153334,PA,T1,adaptive,hci_substudy_v2,1,telemetry_v4,flanker,1,formal_block_2,formal,2,5,37,formal,incongruent,1779262414,957.492,2026-05-20T15:38:12.486,0,0,0,1,276325.413,276331.083,incongruent,right,left,<<><<,j,s,0,2900.642,279335.809,none,,276425.413,276435.167,279335.809,3000,2900.642,279335.809,"[{""stage_name"": ""fixation"", ""planned_duration_ms"": 100, ""intended_onset_ms"": 276325.413, ""actual_onset_global_ms"": 276331.083, ""actual_offset_global_ms"": 276430.427, ""actual_duration_ms"": 99.344}, {""stage_name"": ""stimulus"", ""planned_duration_ms"": 3000, ""intended_onset_ms"": 276425.413, ""actual_onset_global_ms"": 276435.167, ""actual_offset_global_ms"": 279335.809, ""actual_duration_ms"": 2900.642}]",,,,,0,0,0,0,1,,,,,,,,,,,,,,,,,,,,,,,,,,,,,,,,,,,,,,,,,,,,
36,36_T1_20260520_153334,PA,T1,adaptive,hci_substudy_v2,1,telemetry_v4,flanker,1,formal_block_2,formal,2,6,38,formal,incongruent,1779262414,957.492,2026-05-20T15:38:15.506,0,0,0,1,279345.503,279349.55,incongruent,left,right,>><>>,s,j,0,3283.718,282736.402,none,,279445.503,279452.684,282736.402,3000,3283.718,282736.402,"[{""stage_name"": ""fixation"", ""planned_duration_ms"": 100, ""intended_onset_ms"": 279345.503, ""actual_onset_global_ms"": 279349.55, ""actual_offset_global_ms"": 279448.634, ""actual_duration_ms"": 99.084}, {""stage_name"": ""stimulus"", ""planned_duration_ms"": 3000, ""intended_onset_ms"": 279445.503, ""actual_onset_global_ms"": 279452.684, ""actual_offset_global_ms"": 282736.402, ""actual_duration_ms"": 3283.718}]",,,,,0,1,0,0,1,,,,,,,,,,,,,,,,,,,,,,,,,,,,,,,,,,,,,,,,,,,,
36,36_T1_20260520_153334,PA,T1,adaptive,hci_substudy_v2,1,telemetry_v4,flanker,1,formal_block_2,formal,2,7,39,formal,incongruent,1779262414,957.492,2026-05-20T15:38:18.904,0,0,0,1,282743.149,282747.715,incongruent,left,right,>><>>,s,j,0,2118.191,284970.375,none,,282843.149,282852.184,284970.375,3000,2118.191,284970.375,"[{""stage_name"": ""fixation"", ""planned_duration_ms"": 100, ""intended_onset_ms"": 282743.149, ""actual_onset_global_ms"": 282747.715, ""actual_offset_global_ms"": 282847.64, ""actual_duration_ms"": 99.925}, {""stage_name"": ""stimulus"", ""planned_duration_ms"": 3000, ""intended_onset_ms"": 282843.149, ""actual_onset_global_ms"": 282852.184, ""actual_offset_global_ms"": 284970.375, ""actual_duration_ms"": 2118.191}]",,,,,0,0,0,0,1,,,,,,,,,,,,,,,,,,,,,,,,,,,,,,,,,,,,,,,,,,,,
36,36_T1_20260520_153334,PA,T1,adaptive,hci_substudy_v2,1,telemetry_v4,flanker,1,formal_block_2,formal,2,8,40,formal,congruent,1779262414,957.492,2026-05-20T15:38:21.138,0,0,0,1,284977.002,284981.063,congruent,right,right,>>>>>,j,j,1,894.921,285980.52,none,,285077.002,285085.599,285980.52,3000,894.921,285980.52,"[{""stage_name"": ""fixation"", ""planned_duration_ms"": 100, ""intended_onset_ms"": 284977.002, ""actual_onset_global_ms"": 284981.063, ""actual_offset_global_ms"": 285080.966, ""actual_duration_ms"": 99.903}, {""stage_name"": ""stimulus"", ""planned_duration_ms"": 3000, ""intended_onset_ms"": 285077.002, ""actual_onset_global_ms"": 285085.599, ""actual_offset_global_ms"": 285980.52, ""actual_duration_ms"": 894.921}]",,,,,0,0,1,0,1,,,,,,,,,,,,,,,,,,,,,,,,,,,,,,,,,,,,,,,,,,,,
36,36_T1_20260520_153334,PA,T1,adaptive,hci_substudy_v2,1,telemetry_v4,flanker,1,formal_block_2,formal,2,9,41,formal,incongruent,1779262414,957.492,2026-05-20T15:38:22.147,0,0,0,1,285986.349,285991.262,incongruent,left,right,>><>>,s,j,0,1625.455,287721.405,none,,286086.349,286095.95,287721.405,3000,1625.455,287721.405,"[{""stage_name"": ""fixation"", ""planned_duration_ms"": 100, ""intended_onset_ms"": 285986.349, ""actual_onset_global_ms"": 285991.262, ""actual_offset_global_ms"": 286091.122, ""actual_duration_ms"": 99.86}, {""stage_name"": ""stimulus"", ""planned_duration_ms"": 3000, ""intended_onset_ms"": 286086.349, ""actual_onset_global_ms"": 286095.95, ""actual_offset_global_ms"": 287721.405, ""actual_duration_ms"": 1625.455}]",,,,,0,0,0,0,1,,,,,,,,,,,,,,,,,,,,,,,,,,,,,,,,,,,,,,,,,,,,
36,36_T1_20260520_153334,PA,T1,adaptive,hci_substudy_v2,1,telemetry_v4,flanker,1,formal_block_2,formal,2,10,42,formal,congruent,1779262414,957.492,2026-05-20T15:38:23.891,0,0,0,1,287730.161,287734.216,congruent,right,right,>>>>>,j,j,1,739.909,288577.869,none,,287830.161,287837.96,288577.869,3000,739.909,288577.869,"[{""stage_name"": ""fixation"", ""planned_duration_ms"": 100, ""intended_onset_ms"": 287730.161, ""actual_onset_global_ms"": 287734.216, ""actual_offset_global_ms"": 287833.855, ""actual_duration_ms"": 99.639}, {""stage_name"": ""stimulus"", ""planned_duration_ms"": 3000, ""intended_onset_ms"": 287830.161, ""actual_onset_global_ms"": 287837.96, ""actual_offset_global_ms"": 288577.869, ""actual_duration_ms"": 739.909}]",,,,,0,0,1,0,1,,,,,,,,,,,,,,,,,,,,,,,,,,,,,,,,,,,,,,,,,,,,
36,36_T1_20260520_153334,PA,T1,adaptive,hci_substudy_v2,1,telemetry_v4,flanker,1,formal_block_2,formal,2,11,43,formal,incongruent,1779262414,957.492,2026-05-20T15:38:24.746,0,0,0,1,288585.35,288590.21,incongruent,right,left,<<><<,j,s,0,1828.001,290521.461,none,,288685.35,288693.46,290521.461,3000,1828.001,290521.461,"[{""stage_name"": ""fixation"", ""planned_duration_ms"": 100, ""intended_onset_ms"": 288585.35, ""actual_onset_global_ms"": 288590.21, ""actual_offset_global_ms"": 288687.039, ""actual_duration_ms"": 96.829}, {""stage_name"": ""stimulus"", ""planned_duration_ms"": 3000, ""intended_onset_ms"": 288685.35, ""actual_onset_global_ms"": 288693.46, ""actual_offset_global_ms"": 290521.461, ""actual_duration_ms"": 1828.001}]",,,,,0,0,0,0,1,,,,,,,,,,,,,,,,,,,,,,,,,,,,,,,,,,,,,,,,,,,,
36,36_T1_20260520_153334,PA,T1,adaptive,hci_substudy_v2,1,telemetry_v4,flanker,1,formal_block_2,formal,2,12,44,formal,congruent,1779262414,957.492,2026-05-20T15:38:26.688,0,0,0,1,290527.02,290532.57,congruent,right,right,>>>>>,j,j,1,3094.949,293730.624,none,,290627.02,290635.675,293730.624,3000,3094.949,293730.624,"[{""stage_name"": ""fixation"", ""planned_duration_ms"": 100, ""intended_onset_ms"": 290527.02, ""actual_onset_global_ms"": 290532.57, ""actual_offset_global_ms"": 290631.211, ""actual_duration_ms"": 98.641}, {""stage_name"": ""stimulus"", ""planned_duration_ms"": 3000, ""intended_onset_ms"": 290627.02, ""actual_onset_global_ms"": 290635.675, ""actual_offset_global_ms"": 293730.624, ""actual_duration_ms"": 3094.949}]",,,,,0,1,0,0,1,,,,,,,,,,,,,,,,,,,,,,,,,,,,,,,,,,,,,,,,,,,,
36,36_T1_20260520_153334,PA,T1,adaptive,hci_substudy_v2,1,telemetry_v4,flanker,1,formal_block_2,formal,2,13,45,formal,congruent,1779262414,957.492,2026-05-20T15:38:29.899,0,0,0,1,293738.159,293741.923,congruent,left,left,<<<<<,s,s,1,3449.449,297295.742,none,,293838.159,293846.293,297295.742,3000,3449.449,297295.742,"[{""stage_name"": ""fixation"", ""planned_duration_ms"": 100, ""intended_onset_ms"": 293738.159, ""actual_onset_global_ms"": 293741.923, ""actual_offset_global_ms"": 293842.074, ""actual_duration_ms"": 100.151}, {""stage_name"": ""stimulus"", ""planned_duration_ms"": 3000, ""intended_onset_ms"": 293838.159, ""actual_onset_global_ms"": 293846.293, ""actual_offset_global_ms"": 297295.742, ""actual_duration_ms"": 3449.449}]",,,,,0,1,0,0,1,,,,,,,,,,,,,,,,,,,,,,,,,,,,,,,,,,,,,,,,,,,,
36,36_T1_20260520_153334,PA,T1,adaptive,hci_substudy_v2,1,telemetry_v4,flanker,1,formal_block_2,formal,2,14,46,formal,incongruent,1779262414,957.492,2026-05-20T15:38:33.464,0,0,0,1,297303.145,297308.178,incongruent,right,left,<<><<,j,s,0,1527.774,298939.321,none,,297403.145,297411.547,298939.321,3000,1527.774,298939.321,"[{""stage_name"": ""fixation"", ""planned_duration_ms"": 100, ""intended_onset_ms"": 297303.145, ""actual_onset_global_ms"": 297308.178, ""actual_offset_global_ms"": 297405.433, ""actual_duration_ms"": 97.255}, {""stage_name"": ""stimulus"", ""planned_duration_ms"": 3000, ""intended_onset_ms"": 297403.145, ""actual_onset_global_ms"": 297411.547, ""actual_offset_global_ms"": 298939.321, ""actual_duration_ms"": 1527.774}]",,,,,0,0,0,0,1,,,,,,,,,,,,,,,,,,,,,,,,,,,,,,,,,,,,,,,,,,,,
36,36_T1_20260520_153334,PA,T1,adaptive,hci_substudy_v2,1,telemetry_v4,flanker,1,formal_block_2,formal,2,15,47,formal,incongruent,1779262414,957.492,2026-05-20T15:38:35.107,0,0,0,1,298946.585,298950.245,incongruent,left,right,>><>>,s,j,0,4874.783,303929.514,none,,299046.585,299054.731,303929.514,3000,4874.783,303929.514,"[{""stage_name"": ""fixation"", ""planned_duration_ms"": 100, ""intended_onset_ms"": 298946.585, ""actual_onset_global_ms"": 298950.245, ""actual_offset_global_ms"": 299048.577, ""actual_duration_ms"": 98.332}, {""stage_name"": ""stimulus"", ""planned_duration_ms"": 3000, ""intended_onset_ms"": 299046.585, ""actual_onset_global_ms"": 299054.731, ""actual_offset_global_ms"": 303929.514, ""actual_duration_ms"": 4874.783}]",,,,,0,1,0,0,1,,,,,,,,,,,,,,,,,,,,,,,,,,,,,,,,,,,,,,,,,,,,
36,36_T1_20260520_153334,PA,T1,adaptive,hci_substudy_v2,1,telemetry_v4,flanker,1,formal_block_2,formal,2,16,48,formal,congruent,1779262414,957.492,2026-05-20T15:38:40.097,0,0,0,1,303936.04,303940.684,congruent,left,left,<<<<<,s,s,1,2548.9,306593.498,none,,304036.04,304044.598,306593.498,3000,2548.9,306593.498,"[{""stage_name"": ""fixation"", ""planned_duration_ms"": 100, ""intended_onset_ms"": 303936.04, ""actual_onset_global_ms"": 303940.684, ""actual_offset_global_ms"": 304038.514, ""actual_duration_ms"": 97.83}, {""stage_name"": ""stimulus"", ""planned_duration_ms"": 3000, ""intended_onset_ms"": 304036.04, ""actual_onset_global_ms"": 304044.598, ""actual_offset_global_ms"": 306593.498, ""actual_duration_ms"": 2548.9}]",,,,,0,0,1,0,1,,,,,,,,,,,,,,,,,,,,,,,,,,,,,,,,,,,,,,,,,,,,
36,36_T1_20260520_153334,PA,T1,adaptive,hci_substudy_v2,1,telemetry_v4,flanker,1,formal_block_2,formal,2,17,49,formal,incongruent,1779262414,957.492,2026-05-20T15:38:42.761,0,0,0,1,306600.176,306604.06,incongruent,right,left,<<><<,j,s,0,1630.355,308337.169,none,,306700.176,306706.814,308337.169,3000,1630.355,308337.169,"[{""stage_name"": ""fixation"", ""planned_duration_ms"": 100, ""intended_onset_ms"": 306600.176, ""actual_onset_global_ms"": 306604.06, ""actual_offset_global_ms"": 306702.54, ""actual_duration_ms"": 98.48}, {""stage_name"": ""stimulus"", ""planned_duration_ms"": 3000, ""intended_onset_ms"": 306700.176, ""actual_onset_global_ms"": 306706.814, ""actual_offset_global_ms"": 308337.169, ""actual_duration_ms"": 1630.355}]",,,,,0,0,0,0,1,,,,,,,,,,,,,,,,,,,,,,,,,,,,,,,,,,,,,,,,,,,,
36,36_T1_20260520_153334,PA,T1,adaptive,hci_substudy_v2,1,telemetry_v4,flanker,1,formal_block_2,formal,2,18,50,formal,congruent,1779262414,957.492,2026-05-20T15:38:44.503,0,0,0,1,308341.667,308346.523,congruent,left,left,<<<<<,s,s,1,1017.099,309466.689,none,,308441.667,308449.59,309466.689,3000,1017.099,309466.689,"[{""stage_name"": ""fixation"", ""planned_duration_ms"": 100, ""intended_onset_ms"": 308341.667, ""actual_onset_global_ms"": 308346.523, ""actual_offset_global_ms"": 308445.481, ""actual_duration_ms"": 98.958}, {""stage_name"": ""stimulus"", ""planned_duration_ms"": 3000, ""intended_onset_ms"": 308441.667, ""actual_onset_global_ms"": 308449.59, ""actual_offset_global_ms"": 309466.689, ""actual_duration_ms"": 1017.099}]",,,,,0,0,1,0,1,,,,,,,,,,,,,,,,,,,,,,,,,,,,,,,,,,,,,,,,,,,,
36,36_T1_20260520_153334,PA,T1,adaptive,hci_substudy_v2,1,telemetry_v4,flanker,1,formal_block_2,formal,2,19,51,formal,incongruent,1779262414,957.492,2026-05-20T15:38:45.633,0,0,0,1,309472.35,309477.158,incongruent,left,right,>><>>,s,j,0,3962.861,313543.615,none,,309572.35,309580.754,313543.615,3000,3962.861,313543.615,"[{""stage_name"": ""fixation"", ""planned_duration_ms"": 100, ""intended_onset_ms"": 309472.35, ""actual_onset_global_ms"": 309477.158, ""actual_offset_global_ms"": 309574.671, ""actual_duration_ms"": 97.513}, {""stage_name"": ""stimulus"", ""planned_duration_ms"": 3000, ""intended_onset_ms"": 309572.35, ""actual_onset_global_ms"": 309580.754, ""actual_offset_global_ms"": 313543.615, ""actual_duration_ms"": 3962.861}]",,,,,0,1,0,0,1,,,,,,,,,,,,,,,,,,,,,,,,,,,,,,,,,,,,,,,,,,,,
36,36_T1_20260520_153334,PA,T1,adaptive,hci_substudy_v2,1,telemetry_v4,flanker,1,formal_block_2,formal,2,20,52,formal,congruent,1779262414,957.492,2026-05-20T15:38:49.710,0,0,0,1,313549.167,313553.394,congruent,left,left,<<<<<,s,s,1,1890.049,315545.78,none,,313649.167,313655.731,315545.78,3000,1890.049,315545.78,"[{""stage_name"": ""fixation"", ""planned_duration_ms"": 100, ""intended_onset_ms"": 313549.167, ""actual_onset_global_ms"": 313553.394, ""actual_offset_global_ms"": 313651.843, ""actual_duration_ms"": 98.449}, {""stage_name"": ""stimulus"", ""planned_duration_ms"": 3000, ""intended_onset_ms"": 313649.167, ""actual_onset_global_ms"": 313655.731, ""actual_offset_global_ms"": 315545.78, ""actual_duration_ms"": 1890.049}]",,,,,0,0,1,0,1,,,,,,,,,,,,,,,,,,,,,,,,,,,,,,,,,,,,,,,,,,,,
36,36_T1_20260520_153334,PA,T1,adaptive,hci_substudy_v2,1,telemetry_v4,dccs,2,mixed_formal,formal,1,1,13,formal,shape,1779262414,957.492,2026-05-20T15:41:20.436,0,0,0,1,464275.815,464281.604,,,,,j,j,1,4253.827,470871.281,none,,464875.815,466617.454,470871.281,3000,4253.827,470871.281,"[{""stage_name"": ""fixation"", ""planned_duration_ms"": 100, ""intended_onset_ms"": 464275.815, ""actual_onset_global_ms"": 464281.604, ""actual_offset_global_ms"": 464378.847, ""actual_duration_ms"": 97.243}, {""stage_name"": ""cue"", ""planned_duration_ms"": 500, ""intended_onset_ms"": 464375.815, ""actual_onset_global_ms"": 464384.304, ""actual_offset_global_ms"": 466614.475, ""actual_duration_ms"": 2230.171}, {""stage_name"": ""stimulus"", ""planned_duration_ms"": 3000, ""intended_onset_ms"": 464875.815, ""actual_onset_global_ms"": 466617.454, ""actual_offset_global_ms"": 470871.281, ""actual_duration_ms"": 4253.827}]",,,,,0,1,0,0,1,0.0,none,,,0.0,0.0,none,0.0,0.0,0.0,0.0,,,0.0,none,none,0.0,shape,cue_shape.wav,形状,464384.503,500.0,465150.753,red,boat,red_boat,first,,shape,6486.977,,,,,,,,,,,,,,
36,36_T1_20260520_153334,PA,T1,adaptive,hci_substudy_v2,1,telemetry_v4,dccs,2,mixed_formal,formal,1,2,14,formal,shape,1779262414,957.492,2026-05-20T15:41:27.038,0,0,0,1,470877.663,470882.139,,,,,s,s,1,1629.317,474856.17,none,,471477.663,473226.853,474856.17,3000,1629.317,474856.17,"[{""stage_name"": ""fixation"", ""planned_duration_ms"": 100, ""intended_onset_ms"": 470877.663, ""actual_onset_global_ms"": 470882.139, ""actual_offset_global_ms"": 470979.501, ""actual_duration_ms"": 97.362}, {""stage_name"": ""cue"", ""planned_duration_ms"": 500, ""intended_onset_ms"": 470977.663, ""actual_onset_global_ms"": 470985.203, ""actual_offset_global_ms"": 473223.942, ""actual_duration_ms"": 2238.739}, {""stage_name"": ""stimulus"", ""planned_duration_ms"": 3000, ""intended_onset_ms"": 471477.663, ""actual_onset_global_ms"": 473226.853, ""actual_offset_global_ms"": 474856.17, ""actual_duration_ms"": 1629.317}]",,,,,0,0,1,0,1,0.0,none,,,0.0,0.0,none,0.0,0.0,0.0,0.0,,,0.0,none,none,0.0,shape,cue_shape.wav,形状,470985.394,500.0,471751.644,blue,rabbit,blue_rabbit,repeat,shape,shape,3870.967,,,,,,,,,,,,,,
36,36_T1_20260520_153334,PA,T1,adaptive,hci_substudy_v2,1,telemetry_v4,dccs,2,mixed_formal,formal,1,3,15,formal,color,1779262414,957.492,2026-05-20T15:41:31.025,0,0,0,1,474864.151,474869.882,,,,,j,j,1,4415.083,481429.272,none,,475464.151,477014.189,481429.272,3000,4415.083,481429.272,"[{""stage_name"": ""fixation"", ""planned_duration_ms"": 100, ""intended_onset_ms"": 474864.151, ""actual_onset_global_ms"": 474869.882, ""actual_offset_global_ms"": 474965.352, ""actual_duration_ms"": 95.47}, {""stage_name"": ""cue"", ""planned_duration_ms"": 500, ""intended_onset_ms"": 474964.151, ""actual_onset_global_ms"": 474970.732, ""actual_offset_global_ms"": 477011.31, ""actual_duration_ms"": 2040.578}, {""stage_name"": ""stimulus"", ""planned_duration_ms"": 3000, ""intended_onset_ms"": 475464.151, ""actual_onset_global_ms"": 477014.189, ""actual_offset_global_ms"": 481429.272, ""actual_duration_ms"": 4415.083}]",,,,,0,1,0,0,1,0.0,none,,,0.0,0.0,none,0.0,0.0,0.0,0.0,,,0.0,none,none,0.0,color,cue_color.wav,颜色,474970.93,500.0,475667.492,red,boat,red_boat,switch,shape,color,6458.54,,,,,,,,,,,,,,
36,36_T1_20260520_153334,PA,T1,adaptive,hci_substudy_v2,1,telemetry_v4,dccs,2,mixed_formal,formal,1,4,16,formal,shape,1779262414,957.492,2026-05-20T15:41:37.598,0,0,0,1,481437.377,481443.249,,,,,s,s,1,3254.197,487025.201,none,,482037.377,483771.004,487025.201,3000,3254.197,487025.201,"[{""stage_name"": ""fixation"", ""planned_duration_ms"": 100, ""intended_onset_ms"": 481437.377, ""actual_onset_global_ms"": 481443.249, ""actual_offset_global_ms"": 481539.925, ""actual_duration_ms"": 96.676}, {""stage_name"": ""cue"", ""planned_duration_ms"": 500, ""intended_onset_ms"": 481537.377, ""actual_onset_global_ms"": 481545.76, ""actual_offset_global_ms"": 483768.1, ""actual_duration_ms"": 2222.34}, {""stage_name"": ""stimulus"", ""planned_duration_ms"": 3000, ""intended_onset_ms"": 482037.377, ""actual_onset_global_ms"": 483771.004, ""actual_offset_global_ms"": 487025.201, ""actual_duration_ms"": 3254.197}]",,,,,0,1,0,0,1,0.0,none,,,0.0,0.0,none,0.0,0.0,0.0,0.0,,,0.0,none,none,0.0,shape,cue_shape.wav,形状,481545.964,500.0,482312.214,blue,rabbit,blue_rabbit,switch,color,shape,5479.441,,,,,,,,,,,,,,
36,36_T1_20260520_153334,PA,T1,adaptive,hci_substudy_v2,1,telemetry_v4,dccs,2,mixed_formal,formal,1,5,17,formal,shape,1779262414,957.492,2026-05-20T15:41:43.192,0,0,0,1,487031.446,487035.71,,,,,s,s,1,1498.422,490853.227,none,,487631.446,489354.805,490853.227,3000,1498.422,490853.227,"[{""stage_name"": ""fixation"", ""planned_duration_ms"": 100, ""intended_onset_ms"": 487031.446, ""actual_onset_global_ms"": 487035.71, ""actual_offset_global_ms"": 487134.714, ""actual_duration_ms"": 99.004}, {""stage_name"": ""cue"", ""planned_duration_ms"": 500, ""intended_onset_ms"": 487131.446, ""actual_onset_global_ms"": 487138.47, ""actual_offset_global_ms"": 489351.877, ""actual_duration_ms"": 2213.407}, {""stage_name"": ""stimulus"", ""planned_duration_ms"": 3000, ""intended_onset_ms"": 487631.446, ""actual_onset_global_ms"": 489354.805, ""actual_offset_global_ms"": 490853.227, ""actual_duration_ms"": 1498.422}]",,,,,0,0,1,0,1,0.0,none,,,0.0,0.0,none,0.0,0.0,0.0,0.0,,,0.0,none,none,0.0,shape,cue_shape.wav,形状,487138.695,500.0,487904.945,blue,rabbit,blue_rabbit,repeat,shape,shape,3714.757,,,,,,,,,,,,,,
36,36_T1_20260520_153334,PA,T1,adaptive,hci_substudy_v2,1,telemetry_v4,dccs,2,mixed_formal,formal,1,6,18,formal,color,1779262414,957.492,2026-05-20T15:41:47.019,0,0,0,1,490857.824,490863.193,,,,,s,s,1,4189.025,497200.422,none,,491457.824,493011.397,497200.422,3000,4189.025,497200.422,"[{""stage_name"": ""fixation"", ""planned_duration_ms"": 100, ""intended_onset_ms"": 490857.824, ""actual_onset_global_ms"": 490863.193, ""actual_offset_global_ms"": 490961.98, ""actual_duration_ms"": 98.787}, {""stage_name"": ""cue"", ""planned_duration_ms"": 500, ""intended_onset_ms"": 490957.824, ""actual_onset_global_ms"": 490965.651, ""actual_offset_global_ms"": 493008.961, ""actual_duration_ms"": 2043.31}, {""stage_name"": ""stimulus"", ""planned_duration_ms"": 3000, ""intended_onset_ms"": 491457.824, ""actual_onset_global_ms"": 493011.397, ""actual_offset_global_ms"": 497200.422, ""actual_duration_ms"": 4189.025}]",,,,,0,1,0,0,1,0.0,none,,,0.0,0.0,none,0.0,0.0,0.0,0.0,,,0.0,none,none,0.0,color,cue_color.wav,颜色,490965.84,500.0,491662.403,blue,boat,blue_boat,switch,shape,color,6234.771,,,,,,,,,,,,,,
36,36_T1_20260520_153334,PA,T1,adaptive,hci_substudy_v2,1,telemetry_v4,dccs,2,mixed_formal,formal,1,7,19,formal,shape,1779262414,957.492,2026-05-20T15:41:53.370,0,0,0,1,497208.523,497212.772,,,,,j,j,1,3130.084,502656.493,none,,497808.523,499526.409,502656.493,3000,3130.084,502656.493,"[{""stage_name"": ""fixation"", ""planned_duration_ms"": 100, ""intended_onset_ms"": 497208.523, ""actual_onset_global_ms"": 497212.772, ""actual_offset_global_ms"": 497312.672, ""actual_duration_ms"": 99.9}, {""stage_name"": ""cue"", ""planned_duration_ms"": 500, ""intended_onset_ms"": 497308.523, ""actual_onset_global_ms"": 497316.574, ""actual_offset_global_ms"": 499523.08, ""actual_duration_ms"": 2206.506}, {""stage_name"": ""stimulus"", ""planned_duration_ms"": 3000, ""intended_onset_ms"": 497808.523, ""actual_onset_global_ms"": 499526.409, ""actual_offset_global_ms"": 502656.493, ""actual_duration_ms"": 3130.084}]",,,,,0,1,0,0,1,0.0,none,,,0.0,0.0,none,0.0,0.0,0.0,0.0,,,0.0,none,none,0.0,shape,cue_shape.wav,形状,497316.916,500.0,498083.166,blue,boat,blue_boat,switch,color,shape,5339.919,,,,,,,,,,,,,,
36,36_T1_20260520_153334,PA,T1,adaptive,hci_substudy_v2,1,telemetry_v4,dccs,2,mixed_formal,formal,1,8,20,formal,color,1779262414,957.492,2026-05-20T15:41:58.824,0,0,0,1,502662.513,502667.724,,,,,s,s,1,2486.319,507355.411,none,,503262.513,504869.092,507355.411,3000,2486.319,507355.411,"[{""stage_name"": ""fixation"", ""planned_duration_ms"": 100, ""intended_onset_ms"": 502662.513, ""actual_onset_global_ms"": 502667.724, ""actual_offset_global_ms"": 502765.716, ""actual_duration_ms"": 97.992}, {""stage_name"": ""cue"", ""planned_duration_ms"": 500, ""intended_onset_ms"": 502762.513, ""actual_onset_global_ms"": 502771.179, ""actual_offset_global_ms"": 504866.324, ""actual_duration_ms"": 2095.145}, {""stage_name"": ""stimulus"", ""planned_duration_ms"": 3000, ""intended_onset_ms"": 503262.513, ""actual_onset_global_ms"": 504869.092, ""actual_offset_global_ms"": 507355.411, ""actual_duration_ms"": 2486.319}]",,,,,0,0,1,0,1,0.0,none,,,0.0,0.0,none,0.0,0.0,0.0,0.0,,,0.0,none,none,0.0,color,cue_color.wav,颜色,502771.364,500.0,503467.927,blue,rabbit,blue_rabbit,switch,shape,color,4584.232,,,,,,,,,,,,,,
36,36_T1_20260520_153334,PA,T1,adaptive,hci_substudy_v2,1,telemetry_v4,dccs,2,mixed_formal,formal,1,9,21,formal,color,1779262414,957.492,2026-05-20T15:42:03.521,0,0,0,1,507360.854,507365.487,,,,,s,s,1,701.188,510333.355,none,,507960.854,509632.167,510333.355,3000,701.188,510333.355,"[{""stage_name"": ""fixation"", ""planned_duration_ms"": 100, ""intended_onset_ms"": 507360.854, ""actual_onset_global_ms"": 507365.487, ""actual_offset_global_ms"": 507462.726, ""actual_duration_ms"": 97.239}, {""stage_name"": ""cue"", ""planned_duration_ms"": 500, ""intended_onset_ms"": 507460.854, ""actual_onset_global_ms"": 507468.385, ""actual_offset_global_ms"": 509629.046, ""actual_duration_ms"": 2160.661}, {""stage_name"": ""stimulus"", ""planned_duration_ms"": 3000, ""intended_onset_ms"": 507960.854, ""actual_onset_global_ms"": 509632.167, ""actual_offset_global_ms"": 510333.355, ""actual_duration_ms"": 701.188}]",,,,,0,0,1,0,1,0.0,none,,,0.0,0.0,none,0.0,0.0,0.0,0.0,,,0.0,none,none,0.0,color,cue_color.wav,颜色,507468.576,500.0,508165.139,blue,rabbit,blue_rabbit,repeat,color,color,2864.97,,,,,,,,,,,,,,
36,36_T1_20260520_153334,PA,T1,adaptive,hci_substudy_v2,1,telemetry_v4,dccs,2,mixed_formal,formal,1,10,22,formal,shape,1779262414,957.492,2026-05-20T15:42:06.504,0,0,0,1,510342.639,510349.231,,,,,j,j,1,2132.343,514897.272,none,,510942.639,512764.929,514897.272,3000,2132.343,514897.272,"[{""stage_name"": ""fixation"", ""planned_duration_ms"": 100, ""intended_onset_ms"": 510342.639, ""actual_onset_global_ms"": 510349.231, ""actual_offset_global_ms"": 510445.895, ""actual_duration_ms"": 96.664}, {""stage_name"": ""cue"", ""planned_duration_ms"": 500, ""intended_onset_ms"": 510442.639, ""actual_onset_global_ms"": 510452.479, ""actual_offset_global_ms"": 512761.9, ""actual_duration_ms"": 2309.421}, {""stage_name"": ""stimulus"", ""planned_duration_ms"": 3000, ""intended_onset_ms"": 510942.639, ""actual_onset_global_ms"": 512764.929, ""actual_offset_global_ms"": 514897.272, ""actual_duration_ms"": 2132.343}]",,,,,0,0,1,0,1,0.0,none,,,0.0,0.0,none,0.0,0.0,0.0,0.0,,,0.0,none,none,0.0,shape,cue_shape.wav,形状,510452.678,500.0,511218.928,red,boat,red_boat,switch,color,shape,4444.793,,,,,,,,,,,,,,
36,36_T1_20260520_153334,PA,T1,adaptive,hci_substudy_v2,1,telemetry_v4,dccs,2,mixed_formal,formal,1,11,23,formal,shape,1779262414,957.492,2026-05-20T15:42:11.064,0,0,0,1,514902.839,514909.597,,,,,s,j,0,1761.406,519091.744,none,,515502.839,517330.338,519091.744,3000,1761.406,519091.744,"[{""stage_name"": ""fixation"", ""planned_duration_ms"": 100, ""intended_onset_ms"": 514902.839, ""actual_onset_global_ms"": 514909.597, ""actual_offset_global_ms"": 515007.542, ""actual_duration_ms"": 97.945}, {""stage_name"": ""cue"", ""planned_duration_ms"": 500, ""intended_onset_ms"": 515002.839, ""actual_onset_global_ms"": 515013.565, ""actual_offset_global_ms"": 517326.496, ""actual_duration_ms"": 2312.931}, {""stage_name"": ""stimulus"", ""planned_duration_ms"": 3000, ""intended_onset_ms"": 515502.839, ""actual_onset_global_ms"": 517330.338, ""actual_offset_global_ms"": 519091.744, ""actual_duration_ms"": 1761.406}]",,,,,0,0,0,0,1,0.0,none,,,0.0,0.0,none,0.0,0.0,0.0,0.0,,,0.0,none,none,0.0,shape,cue_shape.wav,形状,515013.754,500.0,515780.004,red,rabbit,red_rabbit,repeat,shape,shape,4078.179,,,,,,,,,,,,,,
36,36_T1_20260520_153334,PA,T1,adaptive,hci_substudy_v2,1,telemetry_v4,dccs,2,mixed_formal,formal,1,12,24,formal,color,1779262414,957.492,2026-05-20T15:42:15.259,0,0,0,1,519098.687,519103.132,,,,,j,j,1,1444.158,522805.342,none,,519698.687,521361.184,522805.342,3000,1444.158,522805.342,"[{""stage_name"": ""fixation"", ""planned_duration_ms"": 100, ""intended_onset_ms"": 519098.687, ""actual_onset_global_ms"": 519103.132, ""actual_offset_global_ms"": 519203.727, ""actual_duration_ms"": 100.595}, {""stage_name"": ""cue"", ""planned_duration_ms"": 500, ""intended_onset_ms"": 519198.687, ""actual_onset_global_ms"": 519207.338, ""actual_offset_global_ms"": 521358.798, ""actual_duration_ms"": 2151.46}, {""stage_name"": ""stimulus"", ""planned_duration_ms"": 3000, ""intended_onset_ms"": 519698.687, ""actual_onset_global_ms"": 521361.184, ""actual_offset_global_ms"": 522805.342, ""actual_duration_ms"": 1444.158}]",,,,,0,0,1,0,1,0.0,none,,,0.0,0.0,none,0.0,0.0,0.0,0.0,,,0.0,none,none,0.0,color,cue_color.wav,颜色,519207.605,500.0,519904.167,red,boat,red_boat,switch,shape,color,3598.004,,,,,,,,,,,,,,
36,36_T1_20260520_153334,PA,T1,adaptive,hci_substudy_v2,1,telemetry_v4,dccs,2,mixed_formal,formal,1,13,25,formal,color,1779262414,957.492,2026-05-20T15:42:18.974,0,0,0,1,522813.377,522819.638,,,,,s,s,1,2255.324,527316.589,none,,523413.377,525061.265,527316.589,3000,2255.324,527316.589,"[{""stage_name"": ""fixation"", ""planned_duration_ms"": 100, ""intended_onset_ms"": 522813.377, ""actual_onset_global_ms"": 522819.638, ""actual_offset_global_ms"": 522916.919, ""actual_duration_ms"": 97.281}, {""stage_name"": ""cue"", ""planned_duration_ms"": 500, ""intended_onset_ms"": 522913.377, ""actual_onset_global_ms"": 522922.482, ""actual_offset_global_ms"": 525058.691, ""actual_duration_ms"": 2136.209}, {""stage_name"": ""stimulus"", ""planned_duration_ms"": 3000, ""intended_onset_ms"": 523413.377, ""actual_onset_global_ms"": 525061.265, ""actual_offset_global_ms"": 527316.589, ""actual_duration_ms"": 2255.324}]",,,,,0,0,1,0,1,0.0,none,,,0.0,0.0,none,0.0,0.0,0.0,0.0,,,0.0,none,none,0.0,color,cue_color.wav,颜色,522922.687,500.0,523619.249,blue,rabbit,blue_rabbit,repeat,color,color,4394.107,,,,,,,,,,,,,,
36,36_T1_20260520_153334,PA,T1,adaptive,hci_substudy_v2,1,telemetry_v4,dccs,2,mixed_formal,formal,1,14,26,formal,shape,1779262414,957.492,2026-05-20T15:42:23.486,0,0,0,1,527324.718,527329.024,,,,,s,s,1,3745.947,533537.271,none,,527924.718,529791.324,533537.271,3000,3745.947,533537.271,"[{""stage_name"": ""fixation"", ""planned_duration_ms"": 100, ""intended_onset_ms"": 527324.718, ""actual_onset_global_ms"": 527329.024, ""actual_offset_global_ms"": 527428.44, ""actual_duration_ms"": 99.416}, {""stage_name"": ""cue"", ""planned_duration_ms"": 500, ""intended_onset_ms"": 527424.718, ""actual_onset_global_ms"": 527432.504, ""actual_offset_global_ms"": 529788.395, ""actual_duration_ms"": 2355.891}, {""stage_name"": ""stimulus"", ""planned_duration_ms"": 3000, ""intended_onset_ms"": 527924.718, ""actual_onset_global_ms"": 529791.324, ""actual_offset_global_ms"": 533537.271, ""actual_duration_ms"": 3745.947}]",,,,,0,1,0,0,1,0.0,none,,,0.0,0.0,none,0.0,0.0,0.0,0.0,,,0.0,none,none,0.0,shape,cue_shape.wav,形状,527432.734,500.0,528198.984,red,rabbit,red_rabbit,switch,color,shape,6104.767,,,,,,,,,,,,,,
36,36_T1_20260520_153334,PA,T1,adaptive,hci_substudy_v2,1,telemetry_v4,dccs,2,mixed_formal,formal,1,15,27,formal,color,1779262414,957.492,2026-05-20T15:42:29.707,0,0,0,1,533546.21,533552.127,,,,,j,j,1,4699.65,540493.322,none,,534146.21,535793.672,540493.322,3000,4699.65,540493.322,"[{""stage_name"": ""fixation"", ""planned_duration_ms"": 100, ""intended_onset_ms"": 533546.21, ""actual_onset_global_ms"": 533552.127, ""actual_offset_global_ms"": 533648.806, ""actual_duration_ms"": 96.679}, {""stage_name"": ""cue"", ""planned_duration_ms"": 500, ""intended_onset_ms"": 533646.21, ""actual_onset_global_ms"": 533654.498, ""actual_offset_global_ms"": 535790.878, ""actual_duration_ms"": 2136.38}, {""stage_name"": ""stimulus"", ""planned_duration_ms"": 3000, ""intended_onset_ms"": 534146.21, ""actual_onset_global_ms"": 535793.672, ""actual_offset_global_ms"": 540493.322, ""actual_duration_ms"": 4699.65}]",,,,,0,1,0,0,1,0.0,none,,,0.0,0.0,none,0.0,0.0,0.0,0.0,,,0.0,none,none,0.0,color,cue_color.wav,颜色,533654.74,500.0,534351.302,red,rabbit,red_rabbit,switch,shape,color,6838.824,,,,,,,,,,,,,,
36,36_T1_20260520_153334,PA,T1,adaptive,hci_substudy_v2,1,telemetry_v4,dccs,2,mixed_formal,formal,1,16,28,formal,shape,1779262414,957.492,2026-05-20T15:42:36.661,0,0,0,1,540500.22,540505.478,,,,,j,j,1,4208.323,547150.353,none,,541100.22,542942.03,547150.353,3000,4208.323,547150.353,"[{""stage_name"": ""fixation"", ""planned_duration_ms"": 100, ""intended_onset_ms"": 540500.22, ""actual_onset_global_ms"": 540505.478, ""actual_offset_global_ms"": 540604.652, ""actual_duration_ms"": 99.174}, {""stage_name"": ""cue"", ""planned_duration_ms"": 500, ""intended_onset_ms"": 540600.22, ""actual_onset_global_ms"": 540609.086, ""actual_offset_global_ms"": 542939.052, ""actual_duration_ms"": 2329.966}, {""stage_name"": ""stimulus"", ""planned_duration_ms"": 3000, ""intended_onset_ms"": 541100.22, ""actual_onset_global_ms"": 542942.03, ""actual_offset_global_ms"": 547150.353, ""actual_duration_ms"": 4208.323}]",,,,,0,1,0,0,1,0.0,none,,,0.0,0.0,none,0.0,0.0,0.0,0.0,,,0.0,none,none,0.0,shape,cue_shape.wav,形状,540609.327,500.0,541375.577,red,boat,red_boat,switch,color,shape,6541.267,,,,,,,,,,,,,,
36,36_T1_20260520_153334,PA,T1,adaptive,hci_substudy_v2,1,telemetry_v4,dccs,2,mixed_formal,formal,1,17,29,formal,color,1779262414,957.492,2026-05-20T15:42:43.320,0,0,0,1,547158.958,547163.079,,,,,s,s,1,3733.409,553157.609,none,,547758.958,549424.2,553157.609,3000,3733.409,553157.609,"[{""stage_name"": ""fixation"", ""planned_duration_ms"": 100, ""intended_onset_ms"": 547158.958, ""actual_onset_global_ms"": 547163.079, ""actual_offset_global_ms"": 547263.538, ""actual_duration_ms"": 100.459}, {""stage_name"": ""cue"", ""planned_duration_ms"": 500, ""intended_onset_ms"": 547258.958, ""actual_onset_global_ms"": 547267.51, ""actual_offset_global_ms"": 549421.557, ""actual_duration_ms"": 2154.047}, {""stage_name"": ""stimulus"", ""planned_duration_ms"": 3000, ""intended_onset_ms"": 547758.958, ""actual_onset_global_ms"": 549424.2, ""actual_offset_global_ms"": 553157.609, ""actual_duration_ms"": 3733.409}]",,,,,0,1,0,0,1,0.0,none,,,0.0,0.0,none,0.0,0.0,0.0,0.0,,,0.0,none,none,0.0,color,cue_color.wav,颜色,547267.731,500.0,547964.294,blue,boat,blue_boat,switch,shape,color,5890.099,,,,,,,,,,,,,,
36,36_T1_20260520_153334,PA,T1,adaptive,hci_substudy_v2,1,telemetry_v4,dccs,2,mixed_formal,formal,1,18,30,formal,shape,1779262414,957.492,2026-05-20T15:42:49.327,0,0,0,1,553166.131,553171.68,,,,,s,s,1,2010.922,557594.226,none,,553766.131,555583.304,557594.226,3000,2010.922,557594.226,"[{""stage_name"": ""fixation"", ""planned_duration_ms"": 100, ""intended_onset_ms"": 553166.131, ""actual_onset_global_ms"": 553171.68, ""actual_offset_global_ms"": 553270.546, ""actual_duration_ms"": 98.866}, {""stage_name"": ""cue"", ""planned_duration_ms"": 500, ""intended_onset_ms"": 553266.131, ""actual_onset_global_ms"": 553274.415, ""actual_offset_global_ms"": 555580.304, ""actual_duration_ms"": 2305.889}, {""stage_name"": ""stimulus"", ""planned_duration_ms"": 3000, ""intended_onset_ms"": 553766.131, ""actual_onset_global_ms"": 555583.304, ""actual_offset_global_ms"": 557594.226, ""actual_duration_ms"": 2010.922}]",,,,,0,0,1,0,1,0.0,none,,,0.0,0.0,none,0.0,0.0,0.0,0.0,,,0.0,none,none,0.0,shape,cue_shape.wav,形状,553274.674,500.0,554040.924,red,rabbit,red_rabbit,switch,color,shape,4319.811,,,,,,,,,,,,,,
36,36_T1_20260520_153334,PA,T1,adaptive,hci_substudy_v2,1,telemetry_v4,dccs,2,mixed_formal,formal,1,19,31,formal,color,1779262414,957.492,2026-05-20T15:42:53.762,0,0,0,1,557601.747,557606.087,,,,,j,j,1,2543.96,562372.244,none,,558201.747,559828.284,562372.244,3000,2543.96,562372.244,"[{""stage_name"": ""fixation"", ""planned_duration_ms"": 100, ""intended_onset_ms"": 557601.747, ""actual_onset_global_ms"": 557606.087, ""actual_offset_global_ms"": 557703.654, ""actual_duration_ms"": 97.567}, {""stage_name"": ""cue"", ""planned_duration_ms"": 500, ""intended_onset_ms"": 557701.747, ""actual_onset_global_ms"": 557709.172, ""actual_offset_global_ms"": 559825.455, ""actual_duration_ms"": 2116.283}, {""stage_name"": ""stimulus"", ""planned_duration_ms"": 3000, ""intended_onset_ms"": 558201.747, ""actual_onset_global_ms"": 559828.284, ""actual_offset_global_ms"": 562372.244, ""actual_duration_ms"": 2543.96}]",,,,,0,0,1,0,1,0.0,none,,,0.0,0.0,none,0.0,0.0,0.0,0.0,,,0.0,none,none,0.0,color,cue_color.wav,颜色,557709.377,500.0,558405.939,red,boat,red_boat,switch,shape,color,4663.072,,,,,,,,,,,,,,
36,36_T1_20260520_153334,PA,T1,adaptive,hci_substudy_v2,1,telemetry_v4,dccs,2,mixed_formal,formal,1,20,32,formal,shape,1779262414,957.492,2026-05-20T15:42:58.539,0,0,0,1,562378.73,562384.602,,,,,j,j,1,2850.018,567667.161,none,,562978.73,564817.143,567667.161,3000,2850.018,567667.161,"[{""stage_name"": ""fixation"", ""planned_duration_ms"": 100, ""intended_onset_ms"": 562378.73, ""actual_onset_global_ms"": 562384.602, ""actual_offset_global_ms"": 562482.232, ""actual_duration_ms"": 97.63}, {""stage_name"": ""cue"", ""planned_duration_ms"": 500, ""intended_onset_ms"": 562478.73, ""actual_onset_global_ms"": 562487.657, ""actual_offset_global_ms"": 564813.914, ""actual_duration_ms"": 2326.257}, {""stage_name"": ""stimulus"", ""planned_duration_ms"": 3000, ""intended_onset_ms"": 562978.73, ""actual_onset_global_ms"": 564817.143, ""actual_offset_global_ms"": 567667.161, ""actual_duration_ms"": 2850.018}]",,,,,0,0,1,0,1,0.0,none,,,0.0,0.0,none,0.0,0.0,0.0,0.0,,,0.0,none,none,0.0,shape,cue_shape.wav,形状,562487.86,500.0,563254.11,blue,boat,blue_boat,switch,color,shape,5179.504,,,,,,,,,,,,,,
36,36_T1_20260520_153334,PA,T1,adaptive,hci_substudy_v2,1,telemetry_v4,dccs,2,mixed_formal,formal,1,21,33,formal,color,1779262414,957.492,2026-05-20T15:43:03.835,0,0,0,1,567674.668,567678.607,,,,,j,j,1,1448.941,571377.123,none,,568274.668,569928.182,571377.123,3000,1448.941,571377.123,"[{""stage_name"": ""fixation"", ""planned_duration_ms"": 100, ""intended_onset_ms"": 567674.668, ""actual_onset_global_ms"": 567678.607, ""actual_offset_global_ms"": 567779.172, ""actual_duration_ms"": 100.565}, {""stage_name"": ""cue"", ""planned_duration_ms"": 500, ""intended_onset_ms"": 567774.668, ""actual_onset_global_ms"": 567782.83, ""actual_offset_global_ms"": 569925.641, ""actual_duration_ms"": 2142.811}, {""stage_name"": ""stimulus"", ""planned_duration_ms"": 3000, ""intended_onset_ms"": 568274.668, ""actual_onset_global_ms"": 569928.182, ""actual_offset_global_ms"": 571377.123, ""actual_duration_ms"": 1448.941}]",,,,,0,0,1,0,1,0.0,none,,,0.0,0.0,none,0.0,0.0,0.0,0.0,,,0.0,none,none,0.0,color,cue_color.wav,颜色,567783.062,500.0,568479.625,red,rabbit,red_rabbit,switch,shape,color,3594.293,,,,,,,,,,,,,,
36,36_T1_20260520_153334,PA,T1,adaptive,hci_substudy_v2,1,telemetry_v4,dccs,2,mixed_formal,formal,1,22,34,formal,color,1779262414,957.492,2026-05-20T15:43:07.547,0,0,0,1,571386.197,571391.474,,,,,s,s,1,2109.384,575735.262,none,,571986.197,573625.878,575735.262,3000,2109.384,575735.262,"[{""stage_name"": ""fixation"", ""planned_duration_ms"": 100, ""intended_onset_ms"": 571386.197, ""actual_onset_global_ms"": 571391.474, ""actual_offset_global_ms"": 571491.546, ""actual_duration_ms"": 100.072}, {""stage_name"": ""cue"", ""planned_duration_ms"": 500, ""intended_onset_ms"": 571486.197, ""actual_onset_global_ms"": 571495.854, ""actual_offset_global_ms"": 573623.077, ""actual_duration_ms"": 2127.223}, {""stage_name"": ""stimulus"", ""planned_duration_ms"": 3000, ""intended_onset_ms"": 571986.197, ""actual_onset_global_ms"": 573625.878, ""actual_offset_global_ms"": 575735.262, ""actual_duration_ms"": 2109.384}]",,,,,0,0,1,0,1,0.0,none,,,0.0,0.0,none,0.0,0.0,0.0,0.0,,,0.0,none,none,0.0,color,cue_color.wav,颜色,571496.044,500.0,572192.606,blue,boat,blue_boat,repeat,color,color,4239.408,,,,,,,,,,,,,,
36,36_T1_20260520_153334,PA,T1,adaptive,hci_substudy_v2,1,telemetry_v4,dccs,2,mixed_formal,formal,1,23,35,formal,shape,1779262414,957.492,2026-05-20T15:43:11.902,0,0,0,1,575740.859,575747.142,,,,,j,j,1,2894.013,581061.219,none,,576340.859,578167.206,581061.219,3000,2894.013,581061.219,"[{""stage_name"": ""fixation"", ""planned_duration_ms"": 100, ""intended_onset_ms"": 575740.859, ""actual_onset_global_ms"": 575747.142, ""actual_offset_global_ms"": 575845.82, ""actual_duration_ms"": 98.678}, {""stage_name"": ""cue"", ""planned_duration_ms"": 500, ""intended_onset_ms"": 575840.859, ""actual_onset_global_ms"": 575849.842, ""actual_offset_global_ms"": 578164.157, ""actual_duration_ms"": 2314.315}, {""stage_name"": ""stimulus"", ""planned_duration_ms"": 3000, ""intended_onset_ms"": 576340.859, ""actual_onset_global_ms"": 578167.206, ""actual_offset_global_ms"": 581061.219, ""actual_duration_ms"": 2894.013}]",,,,,0,0,1,0,1,0.0,none,,,0.0,0.0,none,0.0,0.0,0.0,0.0,,,0.0,none,none,0.0,shape,cue_shape.wav,形状,575850.277,500.0,576616.527,red,boat,red_boat,switch,color,shape,5211.377,,,,,,,,,,,,,,
36,36_T1_20260520_153334,PA,T1,adaptive,hci_substudy_v2,1,telemetry_v4,dccs,2,mixed_formal,formal,1,24,36,formal,shape,1779262414,957.492,2026-05-20T15:43:17.231,0,0,0,1,581070.543,581075.371,,,,,s,s,1,5237.151,588732.229,none,,581670.543,583495.078,588732.229,3000,5237.151,588732.229,"[{""stage_name"": ""fixation"", ""planned_duration_ms"": 100, ""intended_onset_ms"": 581070.543, ""actual_onset_global_ms"": 581075.371, ""actual_offset_global_ms"": 581175.6, ""actual_duration_ms"": 100.229}, {""stage_name"": ""cue"", ""planned_duration_ms"": 500, ""intended_onset_ms"": 581170.543, ""actual_onset_global_ms"": 581179.682, ""actual_offset_global_ms"": 583491.953, ""actual_duration_ms"": 2312.271}, {""stage_name"": ""stimulus"", ""planned_duration_ms"": 3000, ""intended_onset_ms"": 581670.543, ""actual_onset_global_ms"": 583495.078, ""actual_offset_global_ms"": 588732.229, ""actual_duration_ms"": 5237.151}]",,,,,0,1,0,0,1,0.0,none,,,0.0,0.0,none,0.0,0.0,0.0,0.0,,,0.0,none,none,0.0,shape,cue_shape.wav,形状,581179.874,500.0,581946.124,blue,rabbit,blue_rabbit,repeat,shape,shape,7552.547,,,,,,,,,,,,,,
36,36_T1_20260520_153334,PA,T1,adaptive,hci_substudy_v2,1,telemetry_v4,dccs,2,mixed_formal,formal,1,25,37,formal,color,1779262414,957.492,2026-05-20T15:43:24.902,0,0,0,1,588741.432,588746.788,,,,,j,j,1,2220.387,593223.243,none,,589341.432,591002.856,593223.243,3000,2220.387,593223.243,"[{""stage_name"": ""fixation"", ""planned_duration_ms"": 100, ""intended_onset_ms"": 588741.432, ""actual_onset_global_ms"": 588746.788, ""actual_offset_global_ms"": 588844.762, ""actual_duration_ms"": 97.974}, {""stage_name"": ""cue"", ""planned_duration_ms"": 500, ""intended_onset_ms"": 588841.432, ""actual_onset_global_ms"": 588850.321, ""actual_offset_global_ms"": 591000.111, ""actual_duration_ms"": 2149.79}, {""stage_name"": ""stimulus"", ""planned_duration_ms"": 3000, ""intended_onset_ms"": 589341.432, ""actual_onset_global_ms"": 591002.856, ""actual_offset_global_ms"": 593223.243, ""actual_duration_ms"": 2220.387}]",,,,,0,0,1,0,1,0.0,none,,,0.0,0.0,none,0.0,0.0,0.0,0.0,,,0.0,none,none,0.0,color,cue_color.wav,颜色,588850.49,500.0,589547.052,red,boat,red_boat,switch,shape,color,4372.922,,,,,,,,,,,,,,
36,36_T1_20260520_153334,PA,T1,adaptive,hci_substudy_v2,1,telemetry_v4,dccs,2,mixed_formal,formal,1,26,38,formal,color,1779262414,957.492,2026-05-20T15:43:29.392,0,0,0,1,593230.93,593235.396,,,,,s,s,1,1717.18,597152.141,none,,593830.93,595434.961,597152.141,3000,1717.18,597152.141,"[{""stage_name"": ""fixation"", ""planned_duration_ms"": 100, ""intended_onset_ms"": 593230.93, ""actual_onset_global_ms"": 593235.396, ""actual_offset_global_ms"": 593332.228, ""actual_duration_ms"": 96.832}, {""stage_name"": ""cue"", ""planned_duration_ms"": 500, ""intended_onset_ms"": 593330.93, ""actual_onset_global_ms"": 593337.882, ""actual_offset_global_ms"": 595431.957, ""actual_duration_ms"": 2094.075}, {""stage_name"": ""stimulus"", ""planned_duration_ms"": 3000, ""intended_onset_ms"": 593830.93, ""actual_onset_global_ms"": 595434.961, ""actual_offset_global_ms"": 597152.141, ""actual_duration_ms"": 1717.18}]",,,,,0,0,1,0,1,0.0,none,,,0.0,0.0,none,0.0,0.0,0.0,0.0,,,0.0,none,none,0.0,color,cue_color.wav,颜色,593338.073,500.0,594034.635,blue,boat,blue_boat,repeat,color,color,3814.259,,,,,,,,,,,,,,
36,36_T1_20260520_153334,PA,T1,adaptive,hci_substudy_v2,1,telemetry_v4,dccs,2,mixed_formal,formal,1,27,39,formal,color,1779262414,957.492,2026-05-20T15:43:33.319,0,0,0,1,597157.706,597163.433,,,,,s,s,1,1143.985,600498.398,none,,597757.706,599354.413,600498.398,3000,1143.985,600498.398,"[{""stage_name"": ""fixation"", ""planned_duration_ms"": 100, ""intended_onset_ms"": 597157.706, ""actual_onset_global_ms"": 597163.433, ""actual_offset_global_ms"": 597260.857, ""actual_duration_ms"": 97.424}, {""stage_name"": ""cue"", ""planned_duration_ms"": 500, ""intended_onset_ms"": 597257.706, ""actual_onset_global_ms"": 597266.362, ""actual_offset_global_ms"": 599351.274, ""actual_duration_ms"": 2084.912}, {""stage_name"": ""stimulus"", ""planned_duration_ms"": 3000, ""intended_onset_ms"": 597757.706, ""actual_onset_global_ms"": 599354.413, ""actual_offset_global_ms"": 600498.398, ""actual_duration_ms"": 1143.985}]",,,,,0,0,1,0,1,0.0,none,,,0.0,0.0,none,0.0,0.0,0.0,0.0,,,0.0,none,none,0.0,color,cue_color.wav,颜色,597266.601,500.0,597963.164,blue,rabbit,blue_rabbit,repeat,color,color,3232.036,,,,,,,,,,,,,,
36,36_T1_20260520_153334,PA,T1,adaptive,hci_substudy_v2,1,telemetry_v4,dccs,2,mixed_formal,formal,1,28,40,formal,shape,1779262414,957.492,2026-05-20T15:43:36.668,0,0,0,1,600507.625,600511.806,,,,,s,s,1,1557.573,604416.161,none,,601107.625,602858.588,604416.161,3000,1557.573,604416.161,"[{""stage_name"": ""fixation"", ""planned_duration_ms"": 100, ""intended_onset_ms"": 600507.625, ""actual_onset_global_ms"": 600511.806, ""actual_offset_global_ms"": 600608.805, ""actual_duration_ms"": 96.999}, {""stage_name"": ""cue"", ""planned_duration_ms"": 500, ""intended_onset_ms"": 600607.625, ""actual_onset_global_ms"": 600614.446, ""actual_offset_global_ms"": 602855.653, ""actual_duration_ms"": 2241.207}, {""stage_name"": ""stimulus"", ""planned_duration_ms"": 3000, ""intended_onset_ms"": 601107.625, ""actual_onset_global_ms"": 602858.588, ""actual_offset_global_ms"": 604416.161, ""actual_duration_ms"": 1557.573}]",,,,,0,0,1,0,1,0.0,none,,,0.0,0.0,none,0.0,0.0,0.0,0.0,,,0.0,none,none,0.0,shape,cue_shape.wav,形状,600614.661,500.0,601380.911,red,rabbit,red_rabbit,switch,color,shape,3801.715,,,,,,,,,,,,,,
36,36_T1_20260520_153334,PA,T1,adaptive,hci_substudy_v2,1,telemetry_v4,dccs,2,mixed_formal,formal,1,29,41,formal,shape,1779262414,957.492,2026-05-20T15:43:40.582,0,0,0,1,604421.575,604426.925,,,,,j,j,1,7185.96,613957.42,none,,605021.575,606771.46,613957.42,3000,7185.96,613957.42,"[{""stage_name"": ""fixation"", ""planned_duration_ms"": 100, ""intended_onset_ms"": 604421.575, ""actual_onset_global_ms"": 604426.925, ""actual_offset_global_ms"": 604526.521, ""actual_duration_ms"": 99.596}, {""stage_name"": ""cue"", ""planned_duration_ms"": 500, ""intended_onset_ms"": 604521.575, ""actual_onset_global_ms"": 604530.586, ""actual_offset_global_ms"": 606768.468, ""actual_duration_ms"": 2237.882}, {""stage_name"": ""stimulus"", ""planned_duration_ms"": 3000, ""intended_onset_ms"": 605021.575, ""actual_onset_global_ms"": 606771.46, ""actual_offset_global_ms"": 613957.42, ""actual_duration_ms"": 7185.96}]",,,,,0,1,0,0,1,0.0,none,,,0.0,0.0,none,0.0,0.0,0.0,0.0,,,0.0,none,none,0.0,shape,cue_shape.wav,形状,604530.79,500.0,605297.04,blue,boat,blue_boat,repeat,shape,shape,9426.834,,,,,,,,,,,,,,
36,36_T1_20260520_153334,PA,T1,adaptive,hci_substudy_v2,1,telemetry_v4,dccs,2,mixed_formal,formal,1,30,42,formal,color,1779262414,957.492,2026-05-20T15:43:50.126,0,0,0,1,613965.89,613970.991,,,,,j,j,1,2534.682,618705.129,none,,614565.89,616170.447,618705.129,3000,2534.682,618705.129,"[{""stage_name"": ""fixation"", ""planned_duration_ms"": 100, ""intended_onset_ms"": 613965.89, ""actual_onset_global_ms"": 613970.991, ""actual_offset_global_ms"": 614069.265, ""actual_duration_ms"": 98.274}, {""stage_name"": ""cue"", ""planned_duration_ms"": 500, ""intended_onset_ms"": 614065.89, ""actual_onset_global_ms"": 614074.927, ""actual_offset_global_ms"": 616168.087, ""actual_duration_ms"": 2093.16}, {""stage_name"": ""stimulus"", ""planned_duration_ms"": 3000, ""intended_onset_ms"": 614565.89, ""actual_onset_global_ms"": 616170.447, ""actual_offset_global_ms"": 618705.129, ""actual_duration_ms"": 2534.682}]",,,,,0,0,1,0,1,0.0,none,,,0.0,0.0,none,0.0,0.0,0.0,0.0,,,0.0,none,none,0.0,color,cue_color.wav,颜色,614075.121,500.0,614771.684,red,rabbit,red_rabbit,switch,shape,color,4630.202,,,,,,,,,,,,,,
36,36_T1_20260520_153334,PA,T1,adaptive,hci_substudy_v2,1,telemetry_v4,change_detection,4,formal_cd,formal,1,1,9,formal,N4_same,1779262414,957.492,2026-05-20T15:53:05.713,0,0,0,1,1169552.956,1169557.494,,,,,s,,1,2586.647,,,,1173152.956,1173213.367,1175820.673,4000,2607.306,1175820.673,"[{""stage_name"": ""fixation"", ""planned_duration_ms"": 100, ""intended_onset_ms"": 1169552.956, ""actual_onset_global_ms"": 1169557.494, ""actual_offset_global_ms"": 1169655.143, ""actual_duration_ms"": 97.649}, {""stage_name"": ""memory_array"", ""planned_duration_ms"": 2500, ""intended_onset_ms"": 1169652.956, ""actual_onset_global_ms"": 1169696.013, ""actual_offset_global_ms"": 1172169.32, ""actual_duration_ms"": 2473.307}, {""stage_name"": ""delay"", ""planned_duration_ms"": 1000, ""intended_onset_ms"": 1172169.32, ""actual_onset_global_ms"": 1172173.477, ""actual_offset_global_ms"": 1173171.692, ""actual_duration_ms"": 998.215}, {""stage_name"": ""test_array"", ""planned_duration_ms"": 4000, ""intended_onset_ms"": 1173171.692, ""actual_onset_global_ms"": 1173213.367, ""actual_offset_global_ms"": 1175820.673, ""actual_duration_ms"": 2607.306}]",,,,,0,0,1,0,1,,,,,,,,,,,,,,,,,,,,,,,,,,,,,,,4.0,same,0.0,"[-215.27, -49.87]","[[-215.27, -49.87], [67.14, 181.24], [251.58, 6.04], [169.18, -245.53]]","[""purple"", ""blue"", ""yellow"", ""red""]","[""purple"", ""blue"", ""yellow"", ""red""]",purple,purple,s,same,1.0,4.0,1.0
36,36_T1_20260520_153334,PA,T1,adaptive,hci_substudy_v2,1,telemetry_v4,change_detection,4,formal_cd,formal,1,2,10,formal,N4_same,1779262414,957.492,2026-05-20T15:53:11.985,0,0,0,1,1175824.443,1175828.82,,,,,s,,1,2062.587,,,,1179424.443,1179499.243,1181597.886,4000,2098.643,1181597.886,"[{""stage_name"": ""fixation"", ""planned_duration_ms"": 100, ""intended_onset_ms"": 1175824.443, ""actual_onset_global_ms"": 1175828.82, ""actual_offset_global_ms"": 1175925.663, ""actual_duration_ms"": 96.843}, {""stage_name"": ""memory_array"", ""planned_duration_ms"": 2500, ""intended_onset_ms"": 1175924.443, ""actual_onset_global_ms"": 1175964.303, ""actual_offset_global_ms"": 1178457.913, ""actual_duration_ms"": 2493.61}, {""stage_name"": ""delay"", ""planned_duration_ms"": 1000, ""intended_onset_ms"": 1178457.913, ""actual_onset_global_ms"": 1178461.712, ""actual_offset_global_ms"": 1179460.222, ""actual_duration_ms"": 998.51}, {""stage_name"": ""test_array"", ""planned_duration_ms"": 4000, ""intended_onset_ms"": 1179460.222, ""actual_onset_global_ms"": 1179499.243, ""actual_offset_global_ms"": 1181597.886, ""actual_duration_ms"": 2098.643}]",,,,,0,0,1,0,1,,,,,,,,,,,,,,,,,,,,,,,,,,,,,,,4.0,same,0.0,"[94.44, -66.56]","[[94.44, -66.56], [197.35, -259.99], [237.11, 100.74], [-47.51, 250.66]]","[""green"", ""yellow"", ""blue"", ""red""]","[""green"", ""yellow"", ""blue"", ""red""]",green,green,s,same,1.0,4.0,1.0
36,36_T1_20260520_153334,PA,T1,adaptive,hci_substudy_v2,1,telemetry_v4,change_detection,4,formal_cd,formal,1,3,11,formal,N1_same,1779262414,957.492,2026-05-20T15:53:17.762,0,0,0,1,1181601.386,1181605.071,,,,,s,,1,1094.407,,,,1185201.386,1185224.423,1186325.607,4000,1101.184,1186325.607,"[{""stage_name"": ""fixation"", ""planned_duration_ms"": 100, ""intended_onset_ms"": 1181601.386, ""actual_onset_global_ms"": 1181605.071, ""actual_offset_global_ms"": 1181703.53, ""actual_duration_ms"": 98.459}, {""stage_name"": ""memory_array"", ""planned_duration_ms"": 2500, ""intended_onset_ms"": 1181701.386, ""actual_onset_global_ms"": 1181714.924, ""actual_offset_global_ms"": 1184207.886, ""actual_duration_ms"": 2492.962}, {""stage_name"": ""delay"", ""planned_duration_ms"": 1000, ""intended_onset_ms"": 1184207.886, ""actual_onset_global_ms"": 1184211.507, ""actual_offset_global_ms"": 1185209.601, ""actual_duration_ms"": 998.094}, {""stage_name"": ""test_array"", ""planned_duration_ms"": 4000, ""intended_onset_ms"": 1185209.601, ""actual_onset_global_ms"": 1185224.423, ""actual_offset_global_ms"": 1186325.607, ""actual_duration_ms"": 1101.184}]",,,,,0,0,1,0,1,,,,,,,,,,,,,,,,,,,,,,,,,,,,,,,1.0,same,0.0,"[204.84, -90.75]","[[204.84, -90.75]]","[""green""]","[""green""]",green,green,s,same,1.0,1.0,1.0
36,36_T1_20260520_153334,PA,T1,adaptive,hci_substudy_v2,1,telemetry_v4,change_detection,4,formal_cd,formal,1,4,12,formal,N1_change,1779262414,957.492,2026-05-20T15:53:22.490,0,0,0,1,1186329.3,1186334.516,,,,,j,,1,1242.521,,,,1189929.3,1189958.471,1191212.516,4000,1254.045,1191212.516,"[{""stage_name"": ""fixation"", ""planned_duration_ms"": 100, ""intended_onset_ms"": 1186329.3, ""actual_onset_global_ms"": 1186334.516, ""actual_offset_global_ms"": 1186432.221, ""actual_duration_ms"": 97.705}, {""stage_name"": ""memory_array"", ""planned_duration_ms"": 2500, ""intended_onset_ms"": 1186429.3, ""actual_onset_global_ms"": 1186445.398, ""actual_offset_global_ms"": 1188943.856, ""actual_duration_ms"": 2498.458}, {""stage_name"": ""delay"", ""planned_duration_ms"": 1000, ""intended_onset_ms"": 1188943.856, ""actual_onset_global_ms"": 1188945.229, ""actual_offset_global_ms"": 1189945.904, ""actual_duration_ms"": 1000.675}, {""stage_name"": ""test_array"", ""planned_duration_ms"": 4000, ""intended_onset_ms"": 1189945.904, ""actual_onset_global_ms"": 1189958.471, ""actual_offset_global_ms"": 1191212.516, ""actual_duration_ms"": 1254.045}]",,,,,0,0,1,0,1,,,,,,,,,,,,,,,,,,,,,,,,,,,,,,,1.0,change,0.0,"[258.02, 7.29]","[[258.02, 7.29]]","[""green""]","[""purple""]",green,purple,j,change,1.0,1.0,1.0
36,36_T1_20260520_153334,PA,T1,adaptive,hci_substudy_v2,1,telemetry_v4,change_detection,4,formal_cd,formal,1,5,13,formal,N1_same,1779262414,957.492,2026-05-20T15:53:27.377,0,0,0,1,1191216.472,1191220.262,,,,,s,,1,903.57,,,,1194816.472,1194836.507,1195746.155,4000,909.648,1195746.155,"[{""stage_name"": ""fixation"", ""planned_duration_ms"": 100, ""intended_onset_ms"": 1191216.472, ""actual_onset_global_ms"": 1191220.262, ""actual_offset_global_ms"": 1191320.487, ""actual_duration_ms"": 100.225}, {""stage_name"": ""memory_array"", ""planned_duration_ms"": 2500, ""intended_onset_ms"": 1191316.472, ""actual_onset_global_ms"": 1191332.262, ""actual_offset_global_ms"": 1193821.236, ""actual_duration_ms"": 2488.974}, {""stage_name"": ""delay"", ""planned_duration_ms"": 1000, ""intended_onset_ms"": 1193821.236, ""actual_onset_global_ms"": 1193824.979, ""actual_offset_global_ms"": 1194823.672, ""actual_duration_ms"": 998.693}, {""stage_name"": ""test_array"", ""planned_duration_ms"": 4000, ""intended_onset_ms"": 1194823.672, ""actual_onset_global_ms"": 1194836.507, ""actual_offset_global_ms"": 1195746.155, ""actual_duration_ms"": 909.648}]",,,,,0,0,1,0,1,,,,,,,,,,,,,,,,,,,,,,,,,,,,,,,1.0,same,0.0,"[119.04, 220.53]","[[119.04, 220.53]]","[""purple""]","[""purple""]",purple,purple,s,same,1.0,1.0,1.0
36,36_T1_20260520_153334,PA,T1,adaptive,hci_substudy_v2,1,telemetry_v4,change_detection,4,formal_cd,formal,1,6,14,formal,N3_same,1779262414,957.492,2026-05-20T15:53:31.910,0,0,0,1,1195749.989,1195755.069,,,,,s,,1,1493.974,,,,1199349.989,1199410.928,1200909.166,4000,1498.238,1200909.166,"[{""stage_name"": ""fixation"", ""planned_duration_ms"": 100, ""intended_onset_ms"": 1195749.989, ""actual_onset_global_ms"": 1195755.069, ""actual_offset_global_ms"": 1195853.785, ""actual_duration_ms"": 98.716}, {""stage_name"": ""memory_array"", ""planned_duration_ms"": 2500, ""intended_onset_ms"": 1195849.989, ""actual_onset_global_ms"": 1195882.028, ""actual_offset_global_ms"": 1198378.421, ""actual_duration_ms"": 2496.393}, {""stage_name"": ""delay"", ""planned_duration_ms"": 1000, ""intended_onset_ms"": 1198378.421, ""actual_onset_global_ms"": 1198381.924, ""actual_offset_global_ms"": 1199380.9, ""actual_duration_ms"": 998.976}, {""stage_name"": ""test_array"", ""planned_duration_ms"": 4000, ""intended_onset_ms"": 1199380.9, ""actual_onset_global_ms"": 1199410.928, ""actual_offset_global_ms"": 1200909.166, ""actual_duration_ms"": 1498.238}]",,,,,0,0,1,0,1,,,,,,,,,,,,,,,,,,,,,,,,,,,,,,,3.0,same,0.0,"[102.35, 184.78]","[[102.35, 184.78], [-100.62, -19.04], [111.18, 40.75]]","[""green"", ""blue"", ""purple""]","[""green"", ""blue"", ""purple""]",green,green,s,same,1.0,4.0,1.0
36,36_T1_20260520_153334,PA,T1,adaptive,hci_substudy_v2,1,telemetry_v4,change_detection,4,formal_cd,formal,1,7,15,formal,N2_change,1779262414,957.492,2026-05-20T15:53:37.073,0,0,0,1,1200912.786,1200917.435,,,,,j,,1,1300.832,,,,1204512.786,1204560.276,1205873.31,4000,1313.034,1205873.31,"[{""stage_name"": ""fixation"", ""planned_duration_ms"": 100, ""intended_onset_ms"": 1200912.786, ""actual_onset_global_ms"": 1200917.435, ""actual_offset_global_ms"": 1201015.019, ""actual_duration_ms"": 97.584}, {""stage_name"": ""memory_array"", ""planned_duration_ms"": 2500, ""intended_onset_ms"": 1201012.786, ""actual_onset_global_ms"": 1201037.602, ""actual_offset_global_ms"": 1203532.134, ""actual_duration_ms"": 2494.532}, {""stage_name"": ""delay"", ""planned_duration_ms"": 1000, ""intended_onset_ms"": 1203532.134, ""actual_onset_global_ms"": 1203536.0, ""actual_offset_global_ms"": 1204536.873, ""actual_duration_ms"": 1000.873}, {""stage_name"": ""test_array"", ""planned_duration_ms"": 4000, ""intended_onset_ms"": 1204536.873, ""actual_onset_global_ms"": 1204560.276, ""actual_offset_global_ms"": 1205873.31, ""actual_duration_ms"": 1313.034}]",,,,,0,0,1,0,1,,,,,,,,,,,,,,,,,,,,,,,,,,,,,,,2.0,change,0.0,"[-160.7, -209.47]","[[-160.7, -209.47], [-79.73, 97.04]]","[""green"", ""purple""]","[""blue"", ""purple""]",green,blue,j,change,1.0,3.0,1.0
36,36_T1_20260520_153334,PA,T1,adaptive,hci_substudy_v2,1,telemetry_v4,change_detection,4,formal_cd,formal,1,8,16,formal,N4_same,1779262414,957.492,2026-05-20T15:53:42.037,0,0,0,1,1205877.085,1205880.696,,,,,s,,1,926.03,,,,1209477.085,1209583.744,1210552.196,4000,968.452,1210552.196,"[{""stage_name"": ""fixation"", ""planned_duration_ms"": 100, ""intended_onset_ms"": 1205877.085, ""actual_onset_global_ms"": 1205880.696, ""actual_offset_global_ms"": 1205980.359, ""actual_duration_ms"": 99.663}, {""stage_name"": ""memory_array"", ""planned_duration_ms"": 2500, ""intended_onset_ms"": 1205977.085, ""actual_onset_global_ms"": 1206019.87, ""actual_offset_global_ms"": 1208541.92, ""actual_duration_ms"": 2522.05}, {""stage_name"": ""delay"", ""planned_duration_ms"": 1000, ""intended_onset_ms"": 1208541.92, ""actual_onset_global_ms"": 1208545.797, ""actual_offset_global_ms"": 1209544.307, ""actual_duration_ms"": 998.51}, {""stage_name"": ""test_array"", ""planned_duration_ms"": 4000, ""intended_onset_ms"": 1209544.307, ""actual_onset_global_ms"": 1209583.744, ""actual_offset_global_ms"": 1210552.196, ""actual_duration_ms"": 968.452}]",,,,,0,0,1,0,1,,,,,,,,,,,,,,,,,,,,,,,,,,,,,,,4.0,same,2.0,"[-51.83, 253.05]","[[-117.66, 171.88], [-149.72, -31.96], [-51.83, 253.05], [222.26, 82.48]]","[""yellow"", ""red"", ""blue"", ""green""]","[""yellow"", ""red"", ""blue"", ""green""]",blue,blue,s,same,1.0,5.0,1.0
36,36_T1_20260520_153334,PA,T1,adaptive,hci_substudy_v2,1,telemetry_v4,change_detection,4,formal_cd,formal,1,9,17,formal,N4_change,1779262414,957.492,2026-05-20T15:53:46.717,0,0,0,1,1210556.086,1210560.57,,,,,j,,0,947.088,,,,1214156.086,1214206.186,1215172.3,4000,966.114,1215172.3,"[{""stage_name"": ""fixation"", ""planned_duration_ms"": 100, ""intended_onset_ms"": 1210556.086, ""actual_onset_global_ms"": 1210560.57, ""actual_offset_global_ms"": 1210660.229, ""actual_duration_ms"": 99.659}, {""stage_name"": ""memory_array"", ""planned_duration_ms"": 2500, ""intended_onset_ms"": 1210656.086, ""actual_onset_global_ms"": 1210698.747, ""actual_offset_global_ms"": 1213162.361, ""actual_duration_ms"": 2463.614}, {""stage_name"": ""delay"", ""planned_duration_ms"": 1000, ""intended_onset_ms"": 1213162.361, ""actual_onset_global_ms"": 1213165.92, ""actual_offset_global_ms"": 1214166.692, ""actual_duration_ms"": 1000.772}, {""stage_name"": ""test_array"", ""planned_duration_ms"": 4000, ""intended_onset_ms"": 1214166.692, ""actual_onset_global_ms"": 1214206.186, ""actual_offset_global_ms"": 1215172.3, ""actual_duration_ms"": 966.114}]",,,,,0,0,0,0,1,,,,,,,,,,,,,,,,,,,,,,,,,,,,,,,4.0,change,0.0,"[-150.63, 200.44]","[[-150.63, 200.44], [71.06, 214.94], [-60.59, -160.39], [-158.68, -259.95]]","[""green"", ""purple"", ""red"", ""yellow""]","[""blue"", ""purple"", ""red"", ""yellow""]",green,blue,s,same,0.0,4.0,1.0
36,36_T1_20260520_153334,PA,T1,adaptive,hci_substudy_v2,1,telemetry_v4,change_detection,4,formal_cd,formal,1,10,18,formal,N3_change,1779262414,957.492,2026-05-20T15:53:51.336,0,0,0,1,1215176.088,1215179.617,,,,,j,,1,1211.224,,,,1218776.088,1218831.598,1220069.959,4000,1238.361,1220069.959,"[{""stage_name"": ""fixation"", ""planned_duration_ms"": 100, ""intended_onset_ms"": 1215176.088, ""actual_onset_global_ms"": 1215179.617, ""actual_offset_global_ms"": 1215278.624, ""actual_duration_ms"": 99.007}, {""stage_name"": ""memory_array"", ""planned_duration_ms"": 2500, ""intended_onset_ms"": 1215276.088, ""actual_onset_global_ms"": 1215308.494, ""actual_offset_global_ms"": 1217799.148, ""actual_duration_ms"": 2490.654}, {""stage_name"": ""delay"", ""planned_duration_ms"": 1000, ""intended_onset_ms"": 1217799.148, ""actual_onset_global_ms"": 1217802.486, ""actual_offset_global_ms"": 1218801.239, ""actual_duration_ms"": 998.753}, {""stage_name"": ""test_array"", ""planned_duration_ms"": 4000, ""intended_onset_ms"": 1218801.239, ""actual_onset_global_ms"": 1218831.598, ""actual_offset_global_ms"": 1220069.959, ""actual_duration_ms"": 1238.361}]",,,,,0,0,1,0,1,,,,,,,,,,,,,,,,,,,,,,,,,,,,,,,3.0,change,2.0,"[213.09, 59.06]","[[-94.95, -107.34], [-95.98, 87.32], [213.09, 59.06]]","[""purple"", ""yellow"", ""red""]","[""purple"", ""yellow"", ""blue""]",red,blue,j,change,1.0,3.0,1.0
36,36_T1_20260520_153334,PA,T1,adaptive,hci_substudy_v2,1,telemetry_v4,change_detection,4,formal_cd,formal,1,11,19,formal,N3_same,1779262414,957.492,2026-05-20T15:53:56.235,0,0,0,1,1220073.956,1220078.604,,,,,s,,1,1130.362,,,,1223673.956,1223717.571,1224874.673,4000,1157.102,1224874.673,"[{""stage_name"": ""fixation"", ""planned_duration_ms"": 100, ""intended_onset_ms"": 1220073.956, ""actual_onset_global_ms"": 1220078.604, ""actual_offset_global_ms"": 1220178.011, ""actual_duration_ms"": 99.407}, {""stage_name"": ""memory_array"", ""planned_duration_ms"": 2500, ""intended_onset_ms"": 1220173.956, ""actual_onset_global_ms"": 1220206.545, ""actual_offset_global_ms"": 1222683.208, ""actual_duration_ms"": 2476.663}, {""stage_name"": ""delay"", ""planned_duration_ms"": 1000, ""intended_onset_ms"": 1222683.208, ""actual_onset_global_ms"": 1222687.114, ""actual_offset_global_ms"": 1223687.535, ""actual_duration_ms"": 1000.421}, {""stage_name"": ""test_array"", ""planned_duration_ms"": 4000, ""intended_onset_ms"": 1223687.535, ""actual_onset_global_ms"": 1223717.571, ""actual_offset_global_ms"": 1224874.673, ""actual_duration_ms"": 1157.102}]",,,,,0,0,1,0,1,,,,,,,,,,,,,,,,,,,,,,,,,,,,,,,3.0,same,2.0,"[103.87, -259.63]","[[-167.72, 105.81], [243.42, 175.59], [103.87, -259.63]]","[""green"", ""red"", ""yellow""]","[""green"", ""red"", ""yellow""]",yellow,yellow,s,same,1.0,3.0,1.0
36,36_T1_20260520_153334,PA,T1,adaptive,hci_substudy_v2,1,telemetry_v4,change_detection,4,formal_cd,formal,1,12,20,formal,N1_same,1779262414,957.492,2026-05-20T15:54:01.040,0,0,0,1,1224878.474,1224882.904,,,,,s,,1,1532.206,,,,1228478.474,1228507.67,1230045.709,4000,1538.039,1230045.709,"[{""stage_name"": ""fixation"", ""planned_duration_ms"": 100, ""intended_onset_ms"": 1224878.474, ""actual_onset_global_ms"": 1224882.904, ""actual_offset_global_ms"": 1224982.484, ""actual_duration_ms"": 99.58}, {""stage_name"": ""memory_array"", ""planned_duration_ms"": 2500, ""intended_onset_ms"": 1224978.474, ""actual_onset_global_ms"": 1224995.248, ""actual_offset_global_ms"": 1227491.178, ""actual_duration_ms"": 2495.93}, {""stage_name"": ""delay"", ""planned_duration_ms"": 1000, ""intended_onset_ms"": 1227491.178, ""actual_onset_global_ms"": 1227494.912, ""actual_offset_global_ms"": 1228493.94, ""actual_duration_ms"": 999.028}, {""stage_name"": ""test_array"", ""planned_duration_ms"": 4000, ""intended_onset_ms"": 1228493.94, ""actual_onset_global_ms"": 1228507.67, ""actual_offset_global_ms"": 1230045.709, ""actual_duration_ms"": 1538.039}]",,,,,0,0,1,0,1,,,,,,,,,,,,,,,,,,,,,,,,,,,,,,,1.0,same,0.0,"[201.06, 135.73]","[[201.06, 135.73]]","[""purple""]","[""purple""]",purple,purple,s,same,1.0,1.0,1.0
36,36_T1_20260520_153334,PA,T1,adaptive,hci_substudy_v2,1,telemetry_v4,change_detection,4,formal_cd,formal,1,13,21,formal,N4_change,1779262414,957.492,2026-05-20T15:54:06.210,0,0,0,1,1230049.501,1230053.934,,,,,j,,1,1444.193,,,,1233649.501,1233713.784,1235175.087,4000,1461.303,1235175.087,"[{""stage_name"": ""fixation"", ""planned_duration_ms"": 100, ""intended_onset_ms"": 1230049.501, ""actual_onset_global_ms"": 1230053.934, ""actual_offset_global_ms"": 1230153.548, ""actual_duration_ms"": 99.614}, {""stage_name"": ""memory_array"", ""planned_duration_ms"": 2500, ""intended_onset_ms"": 1230149.501, ""actual_onset_global_ms"": 1230193.595, ""actual_offset_global_ms"": 1232672.023, ""actual_duration_ms"": 2478.428}, {""stage_name"": ""delay"", ""planned_duration_ms"": 1000, ""intended_onset_ms"": 1232672.023, ""actual_onset_global_ms"": 1232675.904, ""actual_offset_global_ms"": 1233674.466, ""actual_duration_ms"": 998.562}, {""stage_name"": ""test_array"", ""planned_duration_ms"": 4000, ""intended_onset_ms"": 1233674.466, ""actual_onset_global_ms"": 1233713.784, ""actual_offset_global_ms"": 1235175.087, ""actual_duration_ms"": 1461.303}]",,,,,0,0,1,0,1,,,,,,,,,,,,,,,,,,,,,,,,,,,,,,,4.0,change,2.0,"[-185.9, -4.58]","[[192.87, -62.74], [-60.87, -159.39], [-185.9, -4.58], [135.84, 142.75]]","[""yellow"", ""purple"", ""blue"", ""green""]","[""yellow"", ""purple"", ""red"", ""green""]",blue,red,j,change,1.0,6.0,1.0
36,36_T1_20260520_153334,PA,T1,adaptive,hci_substudy_v2,1,telemetry_v4,change_detection,4,formal_cd,formal,1,14,22,formal,N3_same,1779262414,957.492,2026-05-20T15:54:11.340,0,0,0,1,1235178.895,1235183.498,,,,,s,,1,705.497,,,,1238778.895,1238832.404,1239570.473,4000,738.069,1239570.473,"[{""stage_name"": ""fixation"", ""planned_duration_ms"": 100, ""intended_onset_ms"": 1235178.895, ""actual_onset_global_ms"": 1235183.498, ""actual_offset_global_ms"": 1235282.564, ""actual_duration_ms"": 99.066}, {""stage_name"": ""memory_array"", ""planned_duration_ms"": 2500, ""intended_onset_ms"": 1235278.895, ""actual_onset_global_ms"": 1235314.318, ""actual_offset_global_ms"": 1237797.436, ""actual_duration_ms"": 2483.118}, {""stage_name"": ""delay"", ""planned_duration_ms"": 1000, ""intended_onset_ms"": 1237797.436, ""actual_onset_global_ms"": 1237801.439, ""actual_offset_global_ms"": 1238801.493, ""actual_duration_ms"": 1000.054}, {""stage_name"": ""test_array"", ""planned_duration_ms"": 4000, ""intended_onset_ms"": 1238801.493, ""actual_onset_global_ms"": 1238832.404, ""actual_offset_global_ms"": 1239570.473, ""actual_duration_ms"": 738.069}]",,,,,0,0,1,0,1,,,,,,,,,,,,,,,,,,,,,,,,,,,,,,,3.0,same,0.0,"[-69.43, -104.95]","[[-69.43, -104.95], [-153.71, 211.14], [106.05, -21.59]]","[""blue"", ""yellow"", ""green""]","[""blue"", ""yellow"", ""green""]",blue,blue,s,same,1.0,3.0,1.0
36,36_T1_20260520_153334,PA,T1,adaptive,hci_substudy_v2,1,telemetry_v4,change_detection,4,formal_cd,formal,1,15,23,formal,N1_change,1779262414,957.492,2026-05-20T15:54:15.735,0,0,0,1,1239574.756,1239578.513,,,,,j,,1,973.95,,,,1243174.756,1243203.882,1244193.629,4000,989.747,1244193.629,"[{""stage_name"": ""fixation"", ""planned_duration_ms"": 100, ""intended_onset_ms"": 1239574.756, ""actual_onset_global_ms"": 1239578.513, ""actual_offset_global_ms"": 1239678.906, ""actual_duration_ms"": 100.393}, {""stage_name"": ""memory_array"", ""planned_duration_ms"": 2500, ""intended_onset_ms"": 1239674.756, ""actual_onset_global_ms"": 1239690.649, ""actual_offset_global_ms"": 1242186.496, ""actual_duration_ms"": 2495.847}, {""stage_name"": ""delay"", ""planned_duration_ms"": 1000, ""intended_onset_ms"": 1242186.496, ""actual_onset_global_ms"": 1242190.142, ""actual_offset_global_ms"": 1243188.358, ""actual_duration_ms"": 998.216}, {""stage_name"": ""test_array"", ""planned_duration_ms"": 4000, ""intended_onset_ms"": 1243188.358, ""actual_onset_global_ms"": 1243203.882, ""actual_offset_global_ms"": 1244193.629, ""actual_duration_ms"": 989.747}]",,,,,0,0,1,0,1,,,,,,,,,,,,,,,,,,,,,,,,,,,,,,,1.0,change,0.0,"[57.05, 219.64]","[[57.05, 219.64]]","[""blue""]","[""yellow""]",blue,yellow,j,change,1.0,1.0,1.0
36,36_T1_20260520_153334,PA,T1,adaptive,hci_substudy_v2,1,telemetry_v4,change_detection,4,formal_cd,formal,1,16,24,formal,N2_change,1779262414,957.492,2026-05-20T15:54:20.358,0,0,0,1,1244197.825,1244202.646,,,,,j,,1,2952.702,,,,1247797.825,1247861.126,1250822.595,4000,2961.469,1250822.595,"[{""stage_name"": ""fixation"", ""planned_duration_ms"": 100, ""intended_onset_ms"": 1244197.825, ""actual_onset_global_ms"": 1244202.646, ""actual_offset_global_ms"": 1244300.236, ""actual_duration_ms"": 97.59}, {""stage_name"": ""memory_array"", ""planned_duration_ms"": 2500, ""intended_onset_ms"": 1244297.825, ""actual_onset_global_ms"": 1244324.348, ""actual_offset_global_ms"": 1246833.796, ""actual_duration_ms"": 2509.448}, {""stage_name"": ""delay"", ""planned_duration_ms"": 1000, ""intended_onset_ms"": 1246833.796, ""actual_onset_global_ms"": 1246837.517, ""actual_offset_global_ms"": 1247838.492, ""actual_duration_ms"": 1000.975}, {""stage_name"": ""test_array"", ""planned_duration_ms"": 4000, ""intended_onset_ms"": 1247838.492, ""actual_onset_global_ms"": 1247861.126, ""actual_offset_global_ms"": 1250822.595, ""actual_duration_ms"": 2961.469}]",,,,,0,0,1,0,1,,,,,,,,,,,,,,,,,,,,,,,,,,,,,,,2.0,change,0.0,"[77.56, -189.46]","[[77.56, -189.46], [-240.89, -154.31]]","[""red"", ""yellow""]","[""blue"", ""yellow""]",red,blue,j,change,1.0,2.0,1.0
36,36_T1_20260520_153334,PA,T1,adaptive,hci_substudy_v2,1,telemetry_v4,change_detection,4,formal_cd,formal,1,17,25,formal,N3_same,1779262414,957.492,2026-05-20T15:54:26.987,0,0,0,1,1250826.788,1250830.898,,,,,s,,1,1070.907,,,,1254426.788,1254484.344,1255582.254,4000,1097.91,1255582.254,"[{""stage_name"": ""fixation"", ""planned_duration_ms"": 100, ""intended_onset_ms"": 1250826.788, ""actual_onset_global_ms"": 1250830.898, ""actual_offset_global_ms"": 1250930.842, ""actual_duration_ms"": 99.944}, {""stage_name"": ""memory_array"", ""planned_duration_ms"": 2500, ""intended_onset_ms"": 1250926.788, ""actual_onset_global_ms"": 1250961.441, ""actual_offset_global_ms"": 1253450.119, ""actual_duration_ms"": 2488.678}, {""stage_name"": ""delay"", ""planned_duration_ms"": 1000, ""intended_onset_ms"": 1253450.119, ""actual_onset_global_ms"": 1253453.96, ""actual_offset_global_ms"": 1254452.6, ""actual_duration_ms"": 998.64}, {""stage_name"": ""test_array"", ""planned_duration_ms"": 4000, ""intended_onset_ms"": 1254452.6, ""actual_onset_global_ms"": 1254484.344, ""actual_offset_global_ms"": 1255582.254, ""actual_duration_ms"": 1097.91}]",,,,,0,0,1,0,1,,,,,,,,,,,,,,,,,,,,,,,,,,,,,,,3.0,same,1.0,"[121.0, 227.28]","[[137.62, 108.96], [121.0, 227.28], [79.09, -48.83]]","[""blue"", ""green"", ""yellow""]","[""blue"", ""green"", ""yellow""]",green,green,s,same,1.0,3.0,1.0
36,36_T1_20260520_153334,PA,T1,adaptive,hci_substudy_v2,1,telemetry_v4,change_detection,4,formal_cd,formal,1,18,26,formal,N1_same,1779262414,957.492,2026-05-20T15:54:31.748,0,0,0,1,1255586.544,1255591.405,,,,,s,,0,2547.531,,,,1259186.544,1259213.477,1261768.047,4000,2554.57,1261768.047,"[{""stage_name"": ""fixation"", ""planned_duration_ms"": 100, ""intended_onset_ms"": 1255586.544, ""actual_onset_global_ms"": 1255591.405, ""actual_offset_global_ms"": 1255689.211, ""actual_duration_ms"": 97.806}, {""stage_name"": ""memory_array"", ""planned_duration_ms"": 2500, ""intended_onset_ms"": 1255686.544, ""actual_onset_global_ms"": 1255702.744, ""actual_offset_global_ms"": 1258196.994, ""actual_duration_ms"": 2494.25}, {""stage_name"": ""delay"", ""planned_duration_ms"": 1000, ""intended_onset_ms"": 1258196.994, ""actual_onset_global_ms"": 1258201.3, ""actual_offset_global_ms"": 1259200.563, ""actual_duration_ms"": 999.263}, {""stage_name"": ""test_array"", ""planned_duration_ms"": 4000, ""intended_onset_ms"": 1259200.563, ""actual_onset_global_ms"": 1259213.477, ""actual_offset_global_ms"": 1261768.047, ""actual_duration_ms"": 2554.57}]",,,,,0,0,0,0,1,,,,,,,,,,,,,,,,,,,,,,,,,,,,,,,1.0,same,0.0,"[-259.9, 231.67]","[[-259.9, 231.67]]","[""blue""]","[""blue""]",blue,blue,j,change,0.0,1.0,1.0
36,36_T1_20260520_153334,PA,T1,adaptive,hci_substudy_v2,1,telemetry_v4,change_detection,4,formal_cd,formal,1,19,27,formal,N4_change,1779262414,957.492,2026-05-20T15:54:37.933,0,0,0,1,1261772.321,1261776.247,,,,,j,,1,1687.768,,,,1265372.321,1265452.157,1267157.775,4000,1705.618,1267157.775,"[{""stage_name"": ""fixation"", ""planned_duration_ms"": 100, ""intended_onset_ms"": 1261772.321, ""actual_onset_global_ms"": 1261776.247, ""actual_offset_global_ms"": 1261874.149, ""actual_duration_ms"": 97.902}, {""stage_name"": ""memory_array"", ""planned_duration_ms"": 2500, ""intended_onset_ms"": 1261872.321, ""actual_onset_global_ms"": 1261915.766, ""actual_offset_global_ms"": 1264406.838, ""actual_duration_ms"": 2491.072}, {""stage_name"": ""delay"", ""planned_duration_ms"": 1000, ""intended_onset_ms"": 1264406.838, ""actual_onset_global_ms"": 1264410.982, ""actual_offset_global_ms"": 1265411.489, ""actual_duration_ms"": 1000.507}, {""stage_name"": ""test_array"", ""planned_duration_ms"": 4000, ""intended_onset_ms"": 1265411.489, ""actual_onset_global_ms"": 1265452.157, ""actual_offset_global_ms"": 1267157.775, ""actual_duration_ms"": 1705.618}]",,,,,0,0,1,0,1,,,,,,,,,,,,,,,,,,,,,,,,,,,,,,,4.0,change,2.0,"[258.52, -47.44]","[[-25.57, 229.58], [213.63, 151.45], [258.52, -47.44], [106.19, 44.22]]","[""green"", ""red"", ""yellow"", ""blue""]","[""green"", ""red"", ""purple"", ""blue""]",yellow,purple,j,change,1.0,6.0,1.0
36,36_T1_20260520_153334,PA,T1,adaptive,hci_substudy_v2,1,telemetry_v4,change_detection,4,formal_cd,formal,1,20,28,formal,N1_change,1779262414,957.492,2026-05-20T15:54:43.323,0,0,0,1,1267162.118,1267167.085,,,,,j,,1,1504.714,,,,1270762.118,1270785.516,1272299.201,4000,1513.685,1272299.201,"[{""stage_name"": ""fixation"", ""planned_duration_ms"": 100, ""intended_onset_ms"": 1267162.118, ""actual_onset_global_ms"": 1267167.085, ""actual_offset_global_ms"": 1267263.772, ""actual_duration_ms"": 96.687}, {""stage_name"": ""memory_array"", ""planned_duration_ms"": 2500, ""intended_onset_ms"": 1267262.118, ""actual_onset_global_ms"": 1267278.489, ""actual_offset_global_ms"": 1269768.542, ""actual_duration_ms"": 2490.053}, {""stage_name"": ""delay"", ""planned_duration_ms"": 1000, ""intended_onset_ms"": 1269768.542, ""actual_onset_global_ms"": 1269772.916, ""actual_offset_global_ms"": 1270773.015, ""actual_duration_ms"": 1000.099}, {""stage_name"": ""test_array"", ""planned_duration_ms"": 4000, ""intended_onset_ms"": 1270773.015, ""actual_onset_global_ms"": 1270785.516, ""actual_offset_global_ms"": 1272299.201, ""actual_duration_ms"": 1513.685}]",,,,,0,0,1,0,1,,,,,,,,,,,,,,,,,,,,,,,,,,,,,,,1.0,change,0.0,"[-201.19, 245.49]","[[-201.19, 245.49]]","[""green""]","[""red""]",green,red,j,change,1.0,1.0,1.0
36,36_T1_20260520_153334,PA,T1,adaptive,hci_substudy_v2,1,telemetry_v4,change_detection,4,formal_cd,formal,1,21,29,formal,N2_same,1779262414,957.492,2026-05-20T15:54:48.465,0,0,0,1,1272304.271,1272309.852,,,,,s,,1,1367.026,,,,1275904.271,1275958.057,1277349.738,4000,1391.681,1277349.738,"[{""stage_name"": ""fixation"", ""planned_duration_ms"": 100, ""intended_onset_ms"": 1272304.271, ""actual_onset_global_ms"": 1272309.852, ""actual_offset_global_ms"": 1272407.664, ""actual_duration_ms"": 97.812}, {""stage_name"": ""memory_array"", ""planned_duration_ms"": 2500, ""intended_onset_ms"": 1272404.271, ""actual_onset_global_ms"": 1272431.616, ""actual_offset_global_ms"": 1274931.7, ""actual_duration_ms"": 2500.084}, {""stage_name"": ""delay"", ""planned_duration_ms"": 1000, ""intended_onset_ms"": 1274931.7, ""actual_onset_global_ms"": 1274933.678, ""actual_offset_global_ms"": 1275933.968, ""actual_duration_ms"": 1000.29}, {""stage_name"": ""test_array"", ""planned_duration_ms"": 4000, ""intended_onset_ms"": 1275933.968, ""actual_onset_global_ms"": 1275958.057, ""actual_offset_global_ms"": 1277349.738, ""actual_duration_ms"": 1391.681}]",,,,,0,0,1,0,1,,,,,,,,,,,,,,,,,,,,,,,,,,,,,,,2.0,same,0.0,"[120.94, -124.26]","[[120.94, -124.26], [-109.44, -215.15]]","[""green"", ""blue""]","[""green"", ""blue""]",green,green,s,same,1.0,2.0,1.0
36,36_T1_20260520_153334,PA,T1,adaptive,hci_substudy_v2,1,telemetry_v4,change_detection,4,formal_cd,formal,1,22,30,formal,N3_change,1779262414,957.492,2026-05-20T15:54:53.515,0,0,0,1,1277354.002,1277357.855,,,,,j,,1,1519.339,,,,1280954.002,1281009.605,1282555.652,4000,1546.047,1282555.652,"[{""stage_name"": ""fixation"", ""planned_duration_ms"": 100, ""intended_onset_ms"": 1277354.002, ""actual_onset_global_ms"": 1277357.855, ""actual_offset_global_ms"": 1277455.105, ""actual_duration_ms"": 97.25}, {""stage_name"": ""memory_array"", ""planned_duration_ms"": 2500, ""intended_onset_ms"": 1277454.002, ""actual_onset_global_ms"": 1277487.678, ""actual_offset_global_ms"": 1279975.054, ""actual_duration_ms"": 2487.376}, {""stage_name"": ""delay"", ""planned_duration_ms"": 1000, ""intended_onset_ms"": 1279975.054, ""actual_onset_global_ms"": 1279979.205, ""actual_offset_global_ms"": 1280978.646, ""actual_duration_ms"": 999.441}, {""stage_name"": ""test_array"", ""planned_duration_ms"": 4000, ""intended_onset_ms"": 1280978.646, ""actual_onset_global_ms"": 1281009.605, ""actual_offset_global_ms"": 1282555.652, ""actual_duration_ms"": 1546.047}]",,,,,0,0,1,0,1,,,,,,,,,,,,,,,,,,,,,,,,,,,,,,,3.0,change,1.0,"[-36.69, -251.95]","[[-34.13, 88.01], [-36.69, -251.95], [-236.98, 12.24]]","[""red"", ""yellow"", ""green""]","[""red"", ""purple"", ""green""]",yellow,purple,j,change,1.0,4.0,1.0
36,36_T1_20260520_153334,PA,T1,adaptive,hci_substudy_v2,1,telemetry_v4,change_detection,4,formal_cd,formal,1,23,31,formal,N2_same,1779262414,957.492,2026-05-20T15:54:58.720,0,0,0,1,1282559.806,1282564.639,,,,,s,,1,1215.587,,,,1286159.806,1286191.319,1287416.69,4000,1225.371,1287416.69,"[{""stage_name"": ""fixation"", ""planned_duration_ms"": 100, ""intended_onset_ms"": 1282559.806, ""actual_onset_global_ms"": 1282564.639, ""actual_offset_global_ms"": 1282663.029, ""actual_duration_ms"": 98.39}, {""stage_name"": ""memory_array"", ""planned_duration_ms"": 2500, ""intended_onset_ms"": 1282659.806, ""actual_onset_global_ms"": 1282687.08, ""actual_offset_global_ms"": 1285165.265, ""actual_duration_ms"": 2478.185}, {""stage_name"": ""delay"", ""planned_duration_ms"": 1000, ""intended_onset_ms"": 1285165.265, ""actual_onset_global_ms"": 1285169.457, ""actual_offset_global_ms"": 1286169.091, ""actual_duration_ms"": 999.634}, {""stage_name"": ""test_array"", ""planned_duration_ms"": 4000, ""intended_onset_ms"": 1286169.091, ""actual_onset_global_ms"": 1286191.319, ""actual_offset_global_ms"": 1287416.69, ""actual_duration_ms"": 1225.371}]",,,,,0,0,1,0,1,,,,,,,,,,,,,,,,,,,,,,,,,,,,,,,2.0,same,0.0,"[-136.78, 245.16]","[[-136.78, 245.16], [-198.45, -12.31]]","[""purple"", ""blue""]","[""purple"", ""blue""]",purple,purple,s,same,1.0,3.0,1.0
36,36_T1_20260520_153334,PA,T1,adaptive,hci_substudy_v2,1,telemetry_v4,change_detection,4,formal_cd,formal,1,24,32,formal,N4_same,1779262414,957.492,2026-05-20T15:55:03.581,0,0,0,1,1287421.022,1287424.851,,,,,s,,1,696.453,,,,1291021.022,1291094.394,1291800.174,4000,705.78,1291800.174,"[{""stage_name"": ""fixation"", ""planned_duration_ms"": 100, ""intended_onset_ms"": 1287421.022, ""actual_onset_global_ms"": 1287424.851, ""actual_offset_global_ms"": 1287522.197, ""actual_duration_ms"": 97.346}, {""stage_name"": ""memory_array"", ""planned_duration_ms"": 2500, ""intended_onset_ms"": 1287521.022, ""actual_onset_global_ms"": 1287562.888, ""actual_offset_global_ms"": 1290049.943, ""actual_duration_ms"": 2487.055}, {""stage_name"": ""delay"", ""planned_duration_ms"": 1000, ""intended_onset_ms"": 1290049.943, ""actual_onset_global_ms"": 1290053.484, ""actual_offset_global_ms"": 1291054.265, ""actual_duration_ms"": 1000.781}, {""stage_name"": ""test_array"", ""planned_duration_ms"": 4000, ""intended_onset_ms"": 1291054.265, ""actual_onset_global_ms"": 1291094.394, ""actual_offset_global_ms"": 1291800.174, ""actual_duration_ms"": 705.78}]",,,,,0,0,1,0,1,,,,,,,,,,,,,,,,,,,,,,,,,,,,,,,4.0,same,1.0,"[-253.33, 221.33]","[[218.55, -163.65], [-253.33, 221.33], [95.48, 85.41], [-0.58, -249.45]]","[""yellow"", ""blue"", ""purple"", ""red""]","[""yellow"", ""blue"", ""purple"", ""red""]",blue,blue,s,same,1.0,6.0,1.0
36,36_T1_20260520_153334,PA,T1,adaptive,hci_substudy_v2,1,telemetry_v4,change_detection,4,formal_cd,formal,1,25,33,formal,N3_change,1779262414,957.492,2026-05-20T15:55:07.965,0,0,0,1,1291804.819,1291810.01,,,,,j,,1,1022.862,,,,1295404.819,1295466.982,1296526.151,4000,1059.169,1296526.151,"[{""stage_name"": ""fixation"", ""planned_duration_ms"": 100, ""intended_onset_ms"": 1291804.819, ""actual_onset_global_ms"": 1291810.01, ""actual_offset_global_ms"": 1291908.231, ""actual_duration_ms"": 98.221}, {""stage_name"": ""memory_array"", ""planned_duration_ms"": 2500, ""intended_onset_ms"": 1291904.819, ""actual_onset_global_ms"": 1291939.611, ""actual_offset_global_ms"": 1294430.895, ""actual_duration_ms"": 2491.284}, {""stage_name"": ""delay"", ""planned_duration_ms"": 1000, ""intended_onset_ms"": 1294430.895, ""actual_onset_global_ms"": 1294434.981, ""actual_offset_global_ms"": 1295435.312, ""actual_duration_ms"": 1000.331}, {""stage_name"": ""test_array"", ""planned_duration_ms"": 4000, ""intended_onset_ms"": 1295435.312, ""actual_onset_global_ms"": 1295466.982, ""actual_offset_global_ms"": 1296526.151, ""actual_duration_ms"": 1059.169}]",,,,,0,0,1,0,1,,,,,,,,,,,,,,,,,,,,,,,,,,,,,,,3.0,change,1.0,"[153.3, 87.19]","[[27.85, 86.71], [153.3, 87.19], [184.39, -114.71]]","[""green"", ""blue"", ""red""]","[""green"", ""yellow"", ""red""]",blue,yellow,j,change,1.0,3.0,1.0
36,36_T1_20260520_153334,PA,T1,adaptive,hci_substudy_v2,1,telemetry_v4,change_detection,4,formal_cd,formal,1,26,34,formal,N2_change,1779262414,957.492,2026-05-20T15:55:12.691,0,0,0,1,1296530.524,1296535.806,,,,,j,,0,2978.231,,,,1300130.524,1300183.565,1303177.971,4000,2994.406,1303177.971,"[{""stage_name"": ""fixation"", ""planned_duration_ms"": 100, ""intended_onset_ms"": 1296530.524, ""actual_onset_global_ms"": 1296535.806, ""actual_offset_global_ms"": 1296633.47, ""actual_duration_ms"": 97.664}, {""stage_name"": ""memory_array"", ""planned_duration_ms"": 2500, ""intended_onset_ms"": 1296630.524, ""actual_onset_global_ms"": 1296656.116, ""actual_offset_global_ms"": 1299157.75, ""actual_duration_ms"": 2501.634}, {""stage_name"": ""delay"", ""planned_duration_ms"": 1000, ""intended_onset_ms"": 1299157.75, ""actual_onset_global_ms"": 1299161.671, ""actual_offset_global_ms"": 1300161.109, ""actual_duration_ms"": 999.438}, {""stage_name"": ""test_array"", ""planned_duration_ms"": 4000, ""intended_onset_ms"": 1300161.109, ""actual_onset_global_ms"": 1300183.565, ""actual_offset_global_ms"": 1303177.971, ""actual_duration_ms"": 2994.406}]",,,,,0,0,0,0,1,,,,,,,,,,,,,,,,,,,,,,,,,,,,,,,2.0,change,1.0,"[221.94, -105.37]","[[27.44, -236.11], [221.94, -105.37]]","[""purple"", ""blue""]","[""purple"", ""green""]",blue,green,s,same,0.0,2.0,1.0
36,36_T1_20260520_153334,PA,T1,adaptive,hci_substudy_v2,1,telemetry_v4,change_detection,4,formal_cd,formal,1,27,35,formal,N2_same,1779262414,957.492,2026-05-20T15:55:19.343,0,0,0,1,1303182.421,1303186.305,,,,,s,,1,840.12,,,,1306782.421,1306818.915,1307686.204,4000,867.289,1307686.204,"[{""stage_name"": ""fixation"", ""planned_duration_ms"": 100, ""intended_onset_ms"": 1303182.421, ""actual_onset_global_ms"": 1303186.305, ""actual_offset_global_ms"": 1303283.582, ""actual_duration_ms"": 97.277}, {""stage_name"": ""memory_array"", ""planned_duration_ms"": 2500, ""intended_onset_ms"": 1303282.421, ""actual_onset_global_ms"": 1303306.948, ""actual_offset_global_ms"": 1305793.77, ""actual_duration_ms"": 2486.822}, {""stage_name"": ""delay"", ""planned_duration_ms"": 1000, ""intended_onset_ms"": 1305793.77, ""actual_onset_global_ms"": 1305797.68, ""actual_offset_global_ms"": 1306796.171, ""actual_duration_ms"": 998.491}, {""stage_name"": ""test_array"", ""planned_duration_ms"": 4000, ""intended_onset_ms"": 1306796.171, ""actual_onset_global_ms"": 1306818.915, ""actual_offset_global_ms"": 1307686.204, ""actual_duration_ms"": 867.289}]",,,,,0,0,1,0,1,,,,,,,,,,,,,,,,,,,,,,,,,,,,,,,2.0,same,0.0,"[17.02, -174.61]","[[17.02, -174.61], [134.54, -123.09]]","[""blue"", ""purple""]","[""blue"", ""purple""]",blue,blue,s,same,1.0,2.0,1.0
36,36_T1_20260520_153334,PA,T1,adaptive,hci_substudy_v2,1,telemetry_v4,change_detection,4,formal_cd,formal,1,28,36,formal,N1_change,1779262414,957.492,2026-05-20T15:55:23.851,0,0,0,1,1307690.677,1307695.792,,,,,j,,1,1231.873,,,,1311290.677,1311319.933,1312561.136,4000,1241.203,1312561.136,"[{""stage_name"": ""fixation"", ""planned_duration_ms"": 100, ""intended_onset_ms"": 1307690.677, ""actual_onset_global_ms"": 1307695.792, ""actual_offset_global_ms"": 1307792.861, ""actual_duration_ms"": 97.069}, {""stage_name"": ""memory_array"", ""planned_duration_ms"": 2500, ""intended_onset_ms"": 1307790.677, ""actual_onset_global_ms"": 1307806.945, ""actual_offset_global_ms"": 1310306.007, ""actual_duration_ms"": 2499.062}, {""stage_name"": ""delay"", ""planned_duration_ms"": 1000, ""intended_onset_ms"": 1310306.007, ""actual_onset_global_ms"": 1310307.225, ""actual_offset_global_ms"": 1311306.919, ""actual_duration_ms"": 999.694}, {""stage_name"": ""test_array"", ""planned_duration_ms"": 4000, ""intended_onset_ms"": 1311306.919, ""actual_onset_global_ms"": 1311319.933, ""actual_offset_global_ms"": 1312561.136, ""actual_duration_ms"": 1241.203}]",,,,,0,0,1,0,1,,,,,,,,,,,,,,,,,,,,,,,,,,,,,,,1.0,change,0.0,"[136.84, 202.41]","[[136.84, 202.41]]","[""blue""]","[""purple""]",blue,purple,j,change,1.0,2.0,1.0
36,36_T1_20260520_153334,PA,T1,adaptive,hci_substudy_v2,1,telemetry_v4,change_detection,4,formal_cd,formal,1,29,37,formal,N4_change,1779262414,957.492,2026-05-20T15:55:28.726,0,0,0,1,1312565.505,1312569.237,,,,,j,,1,1062.343,,,,1316165.505,1316247.882,1317345.613,4000,1097.731,1317345.613,"[{""stage_name"": ""fixation"", ""planned_duration_ms"": 100, ""intended_onset_ms"": 1312565.505, ""actual_onset_global_ms"": 1312569.237, ""actual_offset_global_ms"": 1312669.107, ""actual_duration_ms"": 99.87}, {""stage_name"": ""memory_array"", ""planned_duration_ms"": 2500, ""intended_onset_ms"": 1312665.505, ""actual_onset_global_ms"": 1312708.592, ""actual_offset_global_ms"": 1315203.521, ""actual_duration_ms"": 2494.929}, {""stage_name"": ""delay"", ""planned_duration_ms"": 1000, ""intended_onset_ms"": 1315203.521, ""actual_onset_global_ms"": 1315207.326, ""actual_offset_global_ms"": 1316207.767, ""actual_duration_ms"": 1000.441}, {""stage_name"": ""test_array"", ""planned_duration_ms"": 4000, ""intended_onset_ms"": 1316207.767, ""actual_onset_global_ms"": 1316247.882, ""actual_offset_global_ms"": 1317345.613, ""actual_duration_ms"": 1097.731}]",,,,,0,0,1,0,1,,,,,,,,,,,,,,,,,,,,,,,,,,,,,,,4.0,change,3.0,"[115.21, 3.22]","[[-116.88, -245.25], [-256.71, -93.33], [148.81, 99.6], [115.21, 3.22]]","[""purple"", ""red"", ""blue"", ""green""]","[""purple"", ""red"", ""blue"", ""yellow""]",green,yellow,j,change,1.0,5.0,1.0
36,36_T1_20260520_153334,PA,T1,adaptive,hci_substudy_v2,1,telemetry_v4,change_detection,4,formal_cd,formal,1,30,38,formal,N4_change,1779262414,957.492,2026-05-20T15:55:33.511,0,0,0,1,1317350.096,1317354.799,,,,,j,,1,1743.383,,,,1320950.096,1321032.363,1322814.518,4000,1782.155,1322814.518,"[{""stage_name"": ""fixation"", ""planned_duration_ms"": 100, ""intended_onset_ms"": 1317350.096, ""actual_onset_global_ms"": 1317354.799, ""actual_offset_global_ms"": 1317451.303, ""actual_duration_ms"": 96.504}, {""stage_name"": ""memory_array"", ""planned_duration_ms"": 2500, ""intended_onset_ms"": 1317450.096, ""actual_onset_global_ms"": 1317491.59, ""actual_offset_global_ms"": 1319988.109, ""actual_duration_ms"": 2496.519}, {""stage_name"": ""delay"", ""planned_duration_ms"": 1000, ""intended_onset_ms"": 1319988.109, ""actual_onset_global_ms"": 1319991.689, ""actual_offset_global_ms"": 1320992.332, ""actual_duration_ms"": 1000.643}, {""stage_name"": ""test_array"", ""planned_duration_ms"": 4000, ""intended_onset_ms"": 1320992.332, ""actual_onset_global_ms"": 1321032.363, ""actual_offset_global_ms"": 1322814.518, ""actual_duration_ms"": 1782.155}]",,,,,0,0,1,0,1,,,,,,,,,,,,,,,,,,,,,,,,,,,,,,,4.0,change,2.0,"[-224.07, -92.72]","[[-130.87, 182.93], [-4.92, 128.54], [-224.07, -92.72], [-64.7, -177.83]]","[""green"", ""purple"", ""yellow"", ""red""]","[""green"", ""purple"", ""blue"", ""red""]",yellow,blue,j,change,1.0,5.0,1.0
36,36_T1_20260520_153334,PA,T1,adaptive,hci_substudy_v2,1,telemetry_v4,change_detection,4,formal_cd,formal,1,31,39,formal,N3_same,1779262414,957.492,2026-05-20T15:55:38.980,0,0,0,1,1322819.605,1322823.382,,,,,s,,1,4705.641,,,,1326419.605,1326463.516,1331194.068,4000,4730.552,1331194.068,"[{""stage_name"": ""fixation"", ""planned_duration_ms"": 100, ""intended_onset_ms"": 1322819.605, ""actual_onset_global_ms"": 1322823.382, ""actual_offset_global_ms"": 1322923.521, ""actual_duration_ms"": 100.139}, {""stage_name"": ""memory_array"", ""planned_duration_ms"": 2500, ""intended_onset_ms"": 1322919.605, ""actual_onset_global_ms"": 1322953.141, ""actual_offset_global_ms"": 1325428.831, ""actual_duration_ms"": 2475.69}, {""stage_name"": ""delay"", ""planned_duration_ms"": 1000, ""intended_onset_ms"": 1325428.831, ""actual_onset_global_ms"": 1325432.564, ""actual_offset_global_ms"": 1326431.043, ""actual_duration_ms"": 998.479}, {""stage_name"": ""test_array"", ""planned_duration_ms"": 4000, ""intended_onset_ms"": 1326431.043, ""actual_onset_global_ms"": 1326463.516, ""actual_offset_global_ms"": 1331194.068, ""actual_duration_ms"": 4730.552}]",,,,,0,1,0,0,1,,,,,,,,,,,,,,,,,,,,,,,,,,,,,,,3.0,same,2.0,"[213.82, 154.06]","[[-256.73, -54.0], [166.99, -110.89], [213.82, 154.06]]","[""blue"", ""red"", ""purple""]","[""blue"", ""red"", ""purple""]",purple,purple,s,same,1.0,4.0,1.0
36,36_T1_20260520_153334,PA,T1,adaptive,hci_substudy_v2,1,telemetry_v4,change_detection,4,formal_cd,formal,1,32,40,formal,N2_change,1779262414,957.492,2026-05-20T15:55:47.359,0,0,0,1,1331198.512,1331203.472,,,,,j,,1,2095.285,,,,1334798.512,1334829.982,1336951.863,4000,2121.881,1336951.863,"[{""stage_name"": ""fixation"", ""planned_duration_ms"": 100, ""intended_onset_ms"": 1331198.512, ""actual_onset_global_ms"": 1331203.472, ""actual_offset_global_ms"": 1331299.659, ""actual_duration_ms"": 96.187}, {""stage_name"": ""memory_array"", ""planned_duration_ms"": 2500, ""intended_onset_ms"": 1331298.512, ""actual_onset_global_ms"": 1331323.487, ""actual_offset_global_ms"": 1333802.503, ""actual_duration_ms"": 2479.016}, {""stage_name"": ""delay"", ""planned_duration_ms"": 1000, ""intended_onset_ms"": 1333802.503, ""actual_onset_global_ms"": 1333805.95, ""actual_offset_global_ms"": 1334806.534, ""actual_duration_ms"": 1000.584}, {""stage_name"": ""test_array"", ""planned_duration_ms"": 4000, ""intended_onset_ms"": 1334806.534, ""actual_onset_global_ms"": 1334829.982, ""actual_offset_global_ms"": 1336951.863, ""actual_duration_ms"": 2121.881}]",,,,,0,0,1,0,1,,,,,,,,,,,,,,,,,,,,,,,,,,,,,,,2.0,change,0.0,"[208.79, 75.29]","[[208.79, 75.29], [-254.56, 25.38]]","[""blue"", ""green""]","[""purple"", ""green""]",blue,purple,j,change,1.0,4.0,1.0
36,36_T1_20260520_153334,PA,T1,adaptive,hci_substudy_v2,1,telemetry_v4,change_detection,4,formal_cd,formal,1,33,41,formal,N4_same,1779262414,957.492,2026-05-20T15:55:53.117,0,0,0,1,1336956.402,1336961.266,,,,,s,,1,2265.493,,,,1340556.402,1340638.224,1342947.262,4000,2309.038,1342947.262,"[{""stage_name"": ""fixation"", ""planned_duration_ms"": 100, ""intended_onset_ms"": 1336956.402, ""actual_onset_global_ms"": 1336961.266, ""actual_offset_global_ms"": 1337059.827, ""actual_duration_ms"": 98.561}, {""stage_name"": ""memory_array"", ""planned_duration_ms"": 2500, ""intended_onset_ms"": 1337056.402, ""actual_onset_global_ms"": 1337099.654, ""actual_offset_global_ms"": 1339594.994, ""actual_duration_ms"": 2495.34}, {""stage_name"": ""delay"", ""planned_duration_ms"": 1000, ""intended_onset_ms"": 1339594.994, ""actual_onset_global_ms"": 1339598.519, ""actual_offset_global_ms"": 1340598.585, ""actual_duration_ms"": 1000.066}, {""stage_name"": ""test_array"", ""planned_duration_ms"": 4000, ""intended_onset_ms"": 1340598.585, ""actual_onset_global_ms"": 1340638.224, ""actual_offset_global_ms"": 1342947.262, ""actual_duration_ms"": 2309.038}]",,,,,0,0,1,0,1,,,,,,,,,,,,,,,,,,,,,,,,,,,,,,,4.0,same,2.0,"[-120.07, 204.54]","[[-182.88, -190.63], [140.59, -28.5], [-120.07, 204.54], [199.98, 57.81]]","[""red"", ""blue"", ""purple"", ""green""]","[""red"", ""blue"", ""purple"", ""green""]",purple,purple,s,same,1.0,4.0,1.0
36,36_T1_20260520_153334,PA,T1,adaptive,hci_substudy_v2,1,telemetry_v4,change_detection,4,formal_cd,formal,1,34,42,formal,N2_change,1779262414,957.492,2026-05-20T15:55:59.113,0,0,0,1,1342952.288,1342956.042,,,,,j,,1,1793.326,,,,1346552.288,1346587.646,1348401.545,4000,1813.899,1348401.545,"[{""stage_name"": ""fixation"", ""planned_duration_ms"": 100, ""intended_onset_ms"": 1342952.288, ""actual_onset_global_ms"": 1342956.042, ""actual_offset_global_ms"": 1343054.62, ""actual_duration_ms"": 98.578}, {""stage_name"": ""memory_array"", ""planned_duration_ms"": 2500, ""intended_onset_ms"": 1343052.288, ""actual_onset_global_ms"": 1343075.973, ""actual_offset_global_ms"": 1345559.772, ""actual_duration_ms"": 2483.799}, {""stage_name"": ""delay"", ""planned_duration_ms"": 1000, ""intended_onset_ms"": 1345559.772, ""actual_onset_global_ms"": 1345563.703, ""actual_offset_global_ms"": 1346564.246, ""actual_duration_ms"": 1000.543}, {""stage_name"": ""test_array"", ""planned_duration_ms"": 4000, ""intended_onset_ms"": 1346564.246, ""actual_onset_global_ms"": 1346587.646, ""actual_offset_global_ms"": 1348401.545, ""actual_duration_ms"": 1813.899}]",,,,,0,0,1,0,1,,,,,,,,,,,,,,,,,,,,,,,,,,,,,,,2.0,change,0.0,"[87.45, 103.37]","[[87.45, 103.37], [-244.73, 241.17]]","[""yellow"", ""purple""]","[""green"", ""purple""]",yellow,green,j,change,1.0,2.0,1.0
36,36_T1_20260520_153334,PA,T1,adaptive,hci_substudy_v2,1,telemetry_v4,change_detection,4,formal_cd,formal,1,35,43,formal,N1_same,1779262414,957.492,2026-05-20T15:56:04.567,0,0,0,1,1348406.026,1348410.894,,,,,s,,1,2239.005,,,,1352006.026,1352039.859,1354285.413,4000,2245.554,1354285.413,"[{""stage_name"": ""fixation"", ""planned_duration_ms"": 100, ""intended_onset_ms"": 1348406.026, ""actual_onset_global_ms"": 1348410.894, ""actual_offset_global_ms"": 1348509.015, ""actual_duration_ms"": 98.121}, {""stage_name"": ""memory_array"", ""planned_duration_ms"": 2500, ""intended_onset_ms"": 1348506.026, ""actual_onset_global_ms"": 1348522.247, ""actual_offset_global_ms"": 1351024.368, ""actual_duration_ms"": 2502.121}, {""stage_name"": ""delay"", ""planned_duration_ms"": 1000, ""intended_onset_ms"": 1351024.368, ""actual_onset_global_ms"": 1351027.813, ""actual_offset_global_ms"": 1352026.439, ""actual_duration_ms"": 998.626}, {""stage_name"": ""test_array"", ""planned_duration_ms"": 4000, ""intended_onset_ms"": 1352026.439, ""actual_onset_global_ms"": 1352039.859, ""actual_offset_global_ms"": 1354285.413, ""actual_duration_ms"": 2245.554}]",,,,,0,0,1,0,1,,,,,,,,,,,,,,,,,,,,,,,,,,,,,,,1.0,same,0.0,"[200.46, -61.72]","[[200.46, -61.72]]","[""yellow""]","[""yellow""]",yellow,yellow,s,same,1.0,1.0,1.0
36,36_T1_20260520_153334,PA,T1,adaptive,hci_substudy_v2,1,telemetry_v4,change_detection,4,formal_cd,formal,1,36,44,formal,N2_change,1779262414,957.492,2026-05-20T15:56:10.451,0,0,0,1,1354290.243,1354293.959,,,,,j,,1,2668.257,,,,1357890.243,1357926.564,1360608.312,4000,2681.748,1360608.312,"[{""stage_name"": ""fixation"", ""planned_duration_ms"": 100, ""intended_onset_ms"": 1354290.243, ""actual_onset_global_ms"": 1354293.959, ""actual_offset_global_ms"": 1354394.579, ""actual_duration_ms"": 100.62}, {""stage_name"": ""memory_array"", ""planned_duration_ms"": 2500, ""intended_onset_ms"": 1354390.243, ""actual_onset_global_ms"": 1354415.714, ""actual_offset_global_ms"": 1356900.437, ""actual_duration_ms"": 2484.723}, {""stage_name"": ""delay"", ""planned_duration_ms"": 1000, ""intended_onset_ms"": 1356900.437, ""actual_onset_global_ms"": 1356904.423, ""actual_offset_global_ms"": 1357904.629, ""actual_duration_ms"": 1000.206}, {""stage_name"": ""test_array"", ""planned_duration_ms"": 4000, ""intended_onset_ms"": 1357904.629, ""actual_onset_global_ms"": 1357926.564, ""actual_offset_global_ms"": 1360608.312, ""actual_duration_ms"": 2681.748}]",,,,,0,0,1,0,1,,,,,,,,,,,,,,,,,,,,,,,,,,,,,,,2.0,change,1.0,"[196.97, 253.02]","[[-250.96, -171.17], [196.97, 253.02]]","[""purple"", ""yellow""]","[""purple"", ""blue""]",yellow,blue,j,change,1.0,2.0,1.0
36,36_T1_20260520_153334,PA,T1,adaptive,hci_substudy_v2,1,telemetry_v4,change_detection,4,formal_cd,formal,1,37,45,formal,N2_same,1779262414,957.492,2026-05-20T15:56:16.774,0,0,0,1,1360613.077,1360618.099,,,,,s,,1,1714.839,,,,1364213.077,1364245.54,1365971.75,4000,1726.21,1365971.75,"[{""stage_name"": ""fixation"", ""planned_duration_ms"": 100, ""intended_onset_ms"": 1360613.077, ""actual_onset_global_ms"": 1360618.099, ""actual_offset_global_ms"": 1360715.889, ""actual_duration_ms"": 97.79}, {""stage_name"": ""memory_array"", ""planned_duration_ms"": 2500, ""intended_onset_ms"": 1360713.077, ""actual_onset_global_ms"": 1360781.674, ""actual_offset_global_ms"": 1363220.266, ""actual_duration_ms"": 2438.592}, {""stage_name"": ""delay"", ""planned_duration_ms"": 1000, ""intended_onset_ms"": 1363220.266, ""actual_onset_global_ms"": 1363223.812, ""actual_offset_global_ms"": 1364223.398, ""actual_duration_ms"": 999.586}, {""stage_name"": ""test_array"", ""planned_duration_ms"": 4000, ""intended_onset_ms"": 1364223.398, ""actual_onset_global_ms"": 1364245.54, ""actual_offset_global_ms"": 1365971.75, ""actual_duration_ms"": 1726.21}]",,,,,0,0,1,0,1,,,,,,,,,,,,,,,,,,,,,,,,,,,,,,,2.0,same,0.0,"[45.84, -180.21]","[[45.84, -180.21], [-210.4, 142.28]]","[""blue"", ""green""]","[""blue"", ""green""]",blue,blue,s,same,1.0,2.0,1.0
36,36_T1_20260520_153334,PA,T1,adaptive,hci_substudy_v2,1,telemetry_v4,change_detection,4,formal_cd,formal,1,38,46,formal,N2_same,1779262414,957.492,2026-05-20T15:56:22.138,0,0,0,1,1365976.574,1365981.031,,,,,s,,1,2008.108,,,,1369576.574,1369609.632,1371634.912,4000,2025.28,1371634.912,"[{""stage_name"": ""fixation"", ""planned_duration_ms"": 100, ""intended_onset_ms"": 1365976.574, ""actual_onset_global_ms"": 1365981.031, ""actual_offset_global_ms"": 1366078.714, ""actual_duration_ms"": 97.683}, {""stage_name"": ""memory_array"", ""planned_duration_ms"": 2500, ""intended_onset_ms"": 1366076.574, ""actual_onset_global_ms"": 1366101.13, ""actual_offset_global_ms"": 1368582.693, ""actual_duration_ms"": 2481.563}, {""stage_name"": ""delay"", ""planned_duration_ms"": 1000, ""intended_onset_ms"": 1368582.693, ""actual_onset_global_ms"": 1368586.574, ""actual_offset_global_ms"": 1369586.502, ""actual_duration_ms"": 999.928}, {""stage_name"": ""test_array"", ""planned_duration_ms"": 4000, ""intended_onset_ms"": 1369586.502, ""actual_onset_global_ms"": 1369609.632, ""actual_offset_global_ms"": 1371634.912, ""actual_duration_ms"": 2025.28}]",,,,,0,0,1,0,1,,,,,,,,,,,,,,,,,,,,,,,,,,,,,,,2.0,same,1.0,"[100.31, 20.4]","[[-210.35, 31.6], [100.31, 20.4]]","[""yellow"", ""purple""]","[""yellow"", ""purple""]",purple,purple,s,same,1.0,2.0,1.0
36,36_T1_20260520_153334,PA,T1,adaptive,hci_substudy_v2,1,telemetry_v4,change_detection,4,formal_cd,formal,1,39,47,formal,N3_same,1779262414,957.492,2026-05-20T15:56:27.800,0,0,0,1,1371639.514,1371643.299,,,,,s,,1,718.792,,,,1375239.514,1375291.349,1376015.331,4000,723.982,1376015.331,"[{""stage_name"": ""fixation"", ""planned_duration_ms"": 100, ""intended_onset_ms"": 1371639.514, ""actual_onset_global_ms"": 1371643.299, ""actual_offset_global_ms"": 1371744.055, ""actual_duration_ms"": 100.756}, {""stage_name"": ""memory_array"", ""planned_duration_ms"": 2500, ""intended_onset_ms"": 1371739.514, ""actual_onset_global_ms"": 1371774.472, ""actual_offset_global_ms"": 1374257.077, ""actual_duration_ms"": 2482.605}, {""stage_name"": ""delay"", ""planned_duration_ms"": 1000, ""intended_onset_ms"": 1374257.077, ""actual_onset_global_ms"": 1374260.908, ""actual_offset_global_ms"": 1375261.155, ""actual_duration_ms"": 1000.247}, {""stage_name"": ""test_array"", ""planned_duration_ms"": 4000, ""intended_onset_ms"": 1375261.155, ""actual_onset_global_ms"": 1375291.349, ""actual_offset_global_ms"": 1376015.331, ""actual_duration_ms"": 723.982}]",,,,,0,0,1,0,1,,,,,,,,,,,,,,,,,,,,,,,,,,,,,,,3.0,same,2.0,"[72.26, 226.1]","[[-212.23, -116.22], [22.67, -126.59], [72.26, 226.1]]","[""red"", ""purple"", ""yellow""]","[""red"", ""purple"", ""yellow""]",yellow,yellow,s,same,1.0,4.0,1.0
36,36_T1_20260520_153334,PA,T1,adaptive,hci_substudy_v2,1,telemetry_v4,change_detection,4,formal_cd,formal,1,40,48,formal,N3_change,1779262414,957.492,2026-05-20T15:56:32.181,0,0,0,1,1376020.156,1376025.244,,,,,j,,1,3573.764,,,,1379620.156,1379680.359,1383276.369,4000,3596.01,1383276.369,"[{""stage_name"": ""fixation"", ""planned_duration_ms"": 100, ""intended_onset_ms"": 1376020.156, ""actual_onset_global_ms"": 1376025.244, ""actual_offset_global_ms"": 1376123.136, ""actual_duration_ms"": 97.892}, {""stage_name"": ""memory_array"", ""planned_duration_ms"": 2500, ""intended_onset_ms"": 1376120.156, ""actual_onset_global_ms"": 1376154.774, ""actual_offset_global_ms"": 1378644.988, ""actual_duration_ms"": 2490.214}, {""stage_name"": ""delay"", ""planned_duration_ms"": 1000, ""intended_onset_ms"": 1378644.988, ""actual_onset_global_ms"": 1378648.445, ""actual_offset_global_ms"": 1379649.123, ""actual_duration_ms"": 1000.678}, {""stage_name"": ""test_array"", ""planned_duration_ms"": 4000, ""intended_onset_ms"": 1379649.123, ""actual_onset_global_ms"": 1379680.359, ""actual_offset_global_ms"": 1383276.369, ""actual_duration_ms"": 3596.01}]",,,,,0,1,0,0,1,,,,,,,,,,,,,,,,,,,,,,,,,,,,,,,3.0,change,0.0,"[199.6, 222.75]","[[199.6, 222.75], [-20.21, -257.63], [-20.63, -127.94]]","[""blue"", ""purple"", ""red""]","[""green"", ""purple"", ""red""]",blue,green,j,change,1.0,4.0,1.0
36,36_T1_20260520_153334,PA,T1,adaptive,hci_substudy_v2,1,telemetry_v4,change_detection,4,formal_cd,formal,1,41,49,formal,N4_change,1779262414,957.492,2026-05-20T15:56:39.442,0,0,0,1,1383281.466,1383285.345,,,,,j,,1,2358.959,,,,1386881.466,1386941.806,1389333.003,4000,2391.197,1389333.003,"[{""stage_name"": ""fixation"", ""planned_duration_ms"": 100, ""intended_onset_ms"": 1383281.466, ""actual_onset_global_ms"": 1383285.345, ""actual_offset_global_ms"": 1383383.24, ""actual_duration_ms"": 97.895}, {""stage_name"": ""memory_array"", ""planned_duration_ms"": 2500, ""intended_onset_ms"": 1383381.466, ""actual_onset_global_ms"": 1383424.26, ""actual_offset_global_ms"": 1385900.241, ""actual_duration_ms"": 2475.981}, {""stage_name"": ""delay"", ""planned_duration_ms"": 1000, ""intended_onset_ms"": 1385900.241, ""actual_onset_global_ms"": 1385903.605, ""actual_offset_global_ms"": 1386902.332, ""actual_duration_ms"": 998.727}, {""stage_name"": ""test_array"", ""planned_duration_ms"": 4000, ""intended_onset_ms"": 1386902.332, ""actual_onset_global_ms"": 1386941.806, ""actual_offset_global_ms"": 1389333.003, ""actual_duration_ms"": 2391.197}]",,,,,0,0,1,0,1,,,,,,,,,,,,,,,,,,,,,,,,,,,,,,,4.0,change,0.0,"[-154.01, -57.93]","[[-154.01, -57.93], [192.42, 62.66], [149.61, -227.28], [81.16, 180.21]]","[""red"", ""yellow"", ""purple"", ""blue""]","[""green"", ""yellow"", ""purple"", ""blue""]",red,green,j,change,1.0,4.0,1.0
36,36_T1_20260520_153334,PA,T1,adaptive,hci_substudy_v2,1,telemetry_v4,change_detection,4,formal_cd,formal,1,42,50,formal,N4_same,1779262414,957.492,2026-05-20T15:56:45.499,0,0,0,1,1389337.92,1389342.959,,,,,s,,0,2704.184,,,,1392937.92,1393023.021,1395740.124,4000,2717.103,1395740.124,"[{""stage_name"": ""fixation"", ""planned_duration_ms"": 100, ""intended_onset_ms"": 1389337.92, ""actual_onset_global_ms"": 1389342.959, ""actual_offset_global_ms"": 1389441.228, ""actual_duration_ms"": 98.269}, {""stage_name"": ""memory_array"", ""planned_duration_ms"": 2500, ""intended_onset_ms"": 1389437.92, ""actual_onset_global_ms"": 1389481.981, ""actual_offset_global_ms"": 1391978.138, ""actual_duration_ms"": 2496.157}, {""stage_name"": ""delay"", ""planned_duration_ms"": 1000, ""intended_onset_ms"": 1391978.138, ""actual_onset_global_ms"": 1391981.696, ""actual_offset_global_ms"": 1392981.547, ""actual_duration_ms"": 999.851}, {""stage_name"": ""test_array"", ""planned_duration_ms"": 4000, ""intended_onset_ms"": 1392981.547, ""actual_onset_global_ms"": 1393023.021, ""actual_offset_global_ms"": 1395740.124, ""actual_duration_ms"": 2717.103}]",,,,,0,0,0,0,1,,,,,,,,,,,,,,,,,,,,,,,,,,,,,,,4.0,same,0.0,"[-29.01, 138.59]","[[-29.01, 138.59], [-115.34, 73.08], [118.71, 132.15], [-234.44, -129.56]]","[""purple"", ""yellow"", ""red"", ""blue""]","[""purple"", ""yellow"", ""red"", ""blue""]",purple,purple,j,change,0.0,5.0,1.0
36,36_T1_20260520_153334,PA,T1,adaptive,hci_substudy_v2,1,telemetry_v4,change_detection,4,formal_cd,formal,1,43,51,formal,N3_change,1779262414,957.492,2026-05-20T15:56:51.905,0,0,0,1,1395744.869,1395748.612,,,,,j,,1,1704.2,,,,1399344.869,1399396.247,1401122.906,4000,1726.659,1401122.906,"[{""stage_name"": ""fixation"", ""planned_duration_ms"": 100, ""intended_onset_ms"": 1395744.869, ""actual_onset_global_ms"": 1395748.612, ""actual_offset_global_ms"": 1395846.037, ""actual_duration_ms"": 97.425}, {""stage_name"": ""memory_array"", ""planned_duration_ms"": 2500, ""intended_onset_ms"": 1395844.869, ""actual_onset_global_ms"": 1395877.942, ""actual_offset_global_ms"": 1398362.118, ""actual_duration_ms"": 2484.176}, {""stage_name"": ""delay"", ""planned_duration_ms"": 1000, ""intended_onset_ms"": 1398362.118, ""actual_onset_global_ms"": 1398365.91, ""actual_offset_global_ms"": 1399364.813, ""actual_duration_ms"": 998.903}, {""stage_name"": ""test_array"", ""planned_duration_ms"": 4000, ""intended_onset_ms"": 1399364.813, ""actual_onset_global_ms"": 1399396.247, ""actual_offset_global_ms"": 1401122.906, ""actual_duration_ms"": 1726.659}]",,,,,0,0,1,0,1,,,,,,,,,,,,,,,,,,,,,,,,,,,,,,,3.0,change,1.0,"[-100.78, 50.25]","[[-94.81, -225.08], [-100.78, 50.25], [97.41, 82.54]]","[""purple"", ""blue"", ""red""]","[""purple"", ""yellow"", ""red""]",blue,yellow,j,change,1.0,3.0,1.0
36,36_T1_20260520_153334,PA,T1,adaptive,hci_substudy_v2,1,telemetry_v4,change_detection,4,formal_cd,formal,1,44,52,formal,N1_same,1779262414,957.492,2026-05-20T15:56:57.288,0,0,0,1,1401127.535,1401132.64,,,,,s,,1,1745.802,,,,1404727.535,1404756.93,1406512.36,4000,1755.43,1406512.36,"[{""stage_name"": ""fixation"", ""planned_duration_ms"": 100, ""intended_onset_ms"": 1401127.535, ""actual_onset_global_ms"": 1401132.64, ""actual_offset_global_ms"": 1401231.708, ""actual_duration_ms"": 99.068}, {""stage_name"": ""memory_array"", ""planned_duration_ms"": 2500, ""intended_onset_ms"": 1401227.535, ""actual_onset_global_ms"": 1401243.799, ""actual_offset_global_ms"": 1403743.082, ""actual_duration_ms"": 2499.283}, {""stage_name"": ""delay"", ""planned_duration_ms"": 1000, ""intended_onset_ms"": 1403743.082, ""actual_onset_global_ms"": 1403744.683, ""actual_offset_global_ms"": 1404744.875, ""actual_duration_ms"": 1000.192}, {""stage_name"": ""test_array"", ""planned_duration_ms"": 4000, ""intended_onset_ms"": 1404744.875, ""actual_onset_global_ms"": 1404756.93, ""actual_offset_global_ms"": 1406512.36, ""actual_duration_ms"": 1755.43}]",,,,,0,0,1,0,1,,,,,,,,,,,,,,,,,,,,,,,,,,,,,,,1.0,same,0.0,"[-133.75, 2.02]","[[-133.75, 2.02]]","[""purple""]","[""purple""]",purple,purple,s,same,1.0,1.0,1.0
36,36_T1_20260520_153334,PA,T1,adaptive,hci_substudy_v2,1,telemetry_v4,change_detection,4,formal_cd,formal,1,45,53,formal,N1_change,1779262414,957.492,2026-05-20T15:57:02.678,0,0,0,1,1406517.768,1406523.141,,,,,j,,1,6446.102,,,,1410117.768,1410148.576,1416602.815,4000,6454.239,1416602.815,"[{""stage_name"": ""fixation"", ""planned_duration_ms"": 100, ""intended_onset_ms"": 1406517.768, ""actual_onset_global_ms"": 1406523.141, ""actual_offset_global_ms"": 1406620.216, ""actual_duration_ms"": 97.075}, {""stage_name"": ""memory_array"", ""planned_duration_ms"": 2500, ""intended_onset_ms"": 1406617.768, ""actual_onset_global_ms"": 1406633.719, ""actual_offset_global_ms"": 1409135.262, ""actual_duration_ms"": 2501.543}, {""stage_name"": ""delay"", ""planned_duration_ms"": 1000, ""intended_onset_ms"": 1409135.262, ""actual_onset_global_ms"": 1409136.672, ""actual_offset_global_ms"": 1410135.341, ""actual_duration_ms"": 998.669}, {""stage_name"": ""test_array"", ""planned_duration_ms"": 4000, ""intended_onset_ms"": 1410135.341, ""actual_onset_global_ms"": 1410148.576, ""actual_offset_global_ms"": 1416602.815, ""actual_duration_ms"": 6454.239}]",,,,,0,1,0,0,1,,,,,,,,,,,,,,,,,,,,,,,,,,,,,,,1.0,change,0.0,"[54.4, 128.13]","[[54.4, 128.13]]","[""purple""]","[""yellow""]",purple,yellow,j,change,1.0,1.0,1.0
36,36_T1_20260520_153334,PA,T1,adaptive,hci_substudy_v2,1,telemetry_v4,change_detection,4,formal_cd,formal,1,46,54,formal,N3_change,1779262414,957.492,2026-05-20T15:57:12.768,0,0,0,1,1416607.578,1416611.097,,,,,j,,1,1922.515,,,,1420207.578,1420272.208,1422213.072,4000,1940.864,1422213.072,"[{""stage_name"": ""fixation"", ""planned_duration_ms"": 100, ""intended_onset_ms"": 1416607.578, ""actual_onset_global_ms"": 1416611.097, ""actual_offset_global_ms"": 1416709.247, ""actual_duration_ms"": 98.15}, {""stage_name"": ""memory_array"", ""planned_duration_ms"": 2500, ""intended_onset_ms"": 1416707.578, ""actual_onset_global_ms"": 1416740.596, ""actual_offset_global_ms"": 1419239.153, ""actual_duration_ms"": 2498.557}, {""stage_name"": ""delay"", ""planned_duration_ms"": 1000, ""intended_onset_ms"": 1419239.153, ""actual_onset_global_ms"": 1419240.719, ""actual_offset_global_ms"": 1420241.133, ""actual_duration_ms"": 1000.414}, {""stage_name"": ""test_array"", ""planned_duration_ms"": 4000, ""intended_onset_ms"": 1420241.133, ""actual_onset_global_ms"": 1420272.208, ""actual_offset_global_ms"": 1422213.072, ""actual_duration_ms"": 1940.864}]",,,,,0,0,1,0,1,,,,,,,,,,,,,,,,,,,,,,,,,,,,,,,3.0,change,2.0,"[-100.51, 217.27]","[[200.83, -136.64], [-75.37, -225.92], [-100.51, 217.27]]","[""blue"", ""yellow"", ""red""]","[""blue"", ""yellow"", ""purple""]",red,purple,j,change,1.0,3.0,1.0
36,36_T1_20260520_153334,PA,T1,adaptive,hci_substudy_v2,1,telemetry_v4,change_detection,4,formal_cd,formal,1,47,55,formal,N1_change,1779262414,957.492,2026-05-20T15:57:18.378,0,0,0,1,1422217.846,1422222.886,,,,,j,,1,1731.167,,,,1425817.846,1425841.513,1427584.562,4000,1743.049,1427584.562,"[{""stage_name"": ""fixation"", ""planned_duration_ms"": 100, ""intended_onset_ms"": 1422217.846, ""actual_onset_global_ms"": 1422222.886, ""actual_offset_global_ms"": 1422321.726, ""actual_duration_ms"": 98.84}, {""stage_name"": ""memory_array"", ""planned_duration_ms"": 2500, ""intended_onset_ms"": 1422317.846, ""actual_onset_global_ms"": 1422333.593, ""actual_offset_global_ms"": 1424825.522, ""actual_duration_ms"": 2491.929}, {""stage_name"": ""delay"", ""planned_duration_ms"": 1000, ""intended_onset_ms"": 1424825.522, ""actual_onset_global_ms"": 1424828.791, ""actual_offset_global_ms"": 1425828.924, ""actual_duration_ms"": 1000.133}, {""stage_name"": ""test_array"", ""planned_duration_ms"": 4000, ""intended_onset_ms"": 1425828.924, ""actual_onset_global_ms"": 1425841.513, ""actual_offset_global_ms"": 1427584.562, ""actual_duration_ms"": 1743.049}]",,,,,0,0,1,0,1,,,,,,,,,,,,,,,,,,,,,,,,,,,,,,,1.0,change,0.0,"[-212.18, 137.4]","[[-212.18, 137.4]]","[""yellow""]","[""purple""]",yellow,purple,j,change,1.0,1.0,1.0
36,36_T1_20260520_153334,PA,T1,adaptive,hci_substudy_v2,1,telemetry_v4,change_detection,4,formal_cd,formal,1,48,56,formal,N2_same,1779262414,957.492,2026-05-20T15:57:23.750,0,0,0,1,1427589.57,1427593.435,,,,,s,,1,1568.127,,,,1431189.57,1431221.795,1432806.263,4000,1584.468,1432806.263,"[{""stage_name"": ""fixation"", ""planned_duration_ms"": 100, ""intended_onset_ms"": 1427589.57, ""actual_onset_global_ms"": 1427593.435, ""actual_offset_global_ms"": 1427692.921, ""actual_duration_ms"": 99.486}, {""stage_name"": ""memory_array"", ""planned_duration_ms"": 2500, ""intended_onset_ms"": 1427689.57, ""actual_onset_global_ms"": 1427713.896, ""actual_offset_global_ms"": 1430197.155, ""actual_duration_ms"": 2483.259}, {""stage_name"": ""delay"", ""planned_duration_ms"": 1000, ""intended_onset_ms"": 1430197.155, ""actual_onset_global_ms"": 1430201.01, ""actual_offset_global_ms"": 1431200.678, ""actual_duration_ms"": 999.668}, {""stage_name"": ""test_array"", ""planned_duration_ms"": 4000, ""intended_onset_ms"": 1431200.678, ""actual_onset_global_ms"": 1431221.795, ""actual_offset_global_ms"": 1432806.263, ""actual_duration_ms"": 1584.468}]",,,,,0,0,1,0,1,,,,,,,,,,,,,,,,,,,,,,,,,,,,,,,2.0,same,1.0,"[99.58, 150.33]","[[165.53, -21.35], [99.58, 150.33]]","[""yellow"", ""green""]","[""yellow"", ""green""]",green,green,s,same,1.0,2.0,1.0
