participant_id,session_id,group,timepoint,practice_layer,practice_protocol_version,telemetry_enabled,telemetry_version,task_name,task_order_index,block_name,block_type,block_index,trial_index_within_block,trial_index_global,practice_or_formal,condition_label,random_seed,screen_refresh_hz,timestamp_iso,omission,aborted,pause_count_during_trial,repeated_practice_round,intended_trial_start_ms,actual_trial_start_ms,condition,target_direction,flankers_direction,array_pattern_text,correct_response_key,participant_response_key,response_correct,rt_ms,response_time_global_ms,feedback_type,practice_pass_flag,intended_onset_ms,actual_onset_global_ms,actual_offset_global_ms,stage_duration_planned_ms,stage_duration_actual_ms,actual_trial_end_ms,stage_records_json,feedback_audio_file,feedback_audio_start_global_ms,feedback_audio_expected_duration_ms,feedback_audio_stop_global_ms,prompt_level,support_type,support_trigger_reason,support_trigger_trial_index,rule_block_error_count,support_level,support_phase,support_duration_ms,post_support_success_streak,support_faded_after_trial,manual_intervention_flag,dccs_support_rule,dccs_error_type,dccs_dimension_highlight_used,dccs_demo_type,dccs_label_mode,dccs_post_support_rule_confusion,rule,cue_audio_file,cue_label,cue_audio_start_global_ms,cue_audio_expected_duration_ms,cue_audio_stop_global_ms,stimulus_color,stimulus_shape,stimulus_identity,trial_transition,previous_rule,current_rule,cue_to_first_response_ms,digit_support_target,digit_transform_demo_used,digit_keypad_demo_used,digit_hesitation_prompt_used,digit_post_support_span_success,span_length,trial_index_within_span,span_round,presented_sequence,correct_backward_sequence,participant_input_sequence,participant_input_string,input_method,first_key_latency_ms,response_complete_time_ms,accuracy,omission_input,delete_count,clear_count,click_count,inter_key_intervals_ms,adaptive_decision,digits_audio_onsets_ms,digits_audio_files,digits_audio_events_json,repeated_audio_once_in_practice,termination_reason,terminal_span_length,set_size,trial_type,probe_index,probe_position_xy,item_positions,item_colors_memory,item_colors_test,probe_original_color,probe_test_color,response_key,response_label,layout_generation_attempts,overlap_check_passed
017,017_T1_20260425_151123,PCPA,T1,standard,hci_substudy_v2,1,telemetry_v4,flanker,1,practice_single,practice,1,1,1,practice,practice_single,1777101083,60.037,2026-04-25T15:11:55.521,0,0,0,1,24943.082,24990.892,practice_single,left,none,<,s,s,1,1810.31,26892.895,correct,,25043.082,25082.585,26892.895,3000,1810.31,27492.895,"[{""stage_name"": ""fixation"", ""planned_duration_ms"": 100, ""intended_onset_ms"": 24943.082, ""actual_onset_global_ms"": 24990.892, ""actual_offset_global_ms"": 25071.903, ""actual_duration_ms"": 81.011}, {""stage_name"": ""stimulus"", ""planned_duration_ms"": 3000, ""intended_onset_ms"": 25043.082, ""actual_onset_global_ms"": 25082.585, ""actual_offset_global_ms"": 26892.895, ""actual_duration_ms"": 1810.31}, {""stage_name"": ""feedback"", ""planned_duration_ms"": 600, ""intended_onset_ms"": 26892.895, ""actual_onset_global_ms"": 26960.771, ""actual_offset_global_ms"": 27555.502, ""actual_duration_ms"": 594.731}]",correct.wav,26932.398,600.0,27532.398,,,,,,,,,,,,,,,,,,,,,,,,,,,,,,,,,,,,,,,,,,,,,,,,,,,,,,,,,,,,,,,,,,,,,,,
017,017_T1_20260425_151123,PCPA,T1,standard,hci_substudy_v2,1,telemetry_v4,flanker,1,practice_single,practice,1,2,2,practice,practice_single,1777101083,60.037,2026-04-25T15:11:58.125,0,0,0,1,27547.126,27565.893,practice_single,right,none,>,j,j,1,1346.417,29020.64,correct,,27647.126,27674.223,29020.64,3000,1346.417,29620.64,"[{""stage_name"": ""fixation"", ""planned_duration_ms"": 100, ""intended_onset_ms"": 27547.126, ""actual_onset_global_ms"": 27565.893, ""actual_offset_global_ms"": 27673.177, ""actual_duration_ms"": 107.284}, {""stage_name"": ""stimulus"", ""planned_duration_ms"": 3000, ""intended_onset_ms"": 27647.126, ""actual_onset_global_ms"": 27674.223, ""actual_offset_global_ms"": 29020.64, ""actual_duration_ms"": 1346.417}, {""stage_name"": ""feedback"", ""planned_duration_ms"": 600, ""intended_onset_ms"": 29020.64, ""actual_onset_global_ms"": 29040.595, ""actual_offset_global_ms"": 29654.991, ""actual_duration_ms"": 614.396}]",correct.wav,29023.826,600.0,29623.826,,,,,,,,,,,,,,,,,,,,,,,,,,,,,,,,,,,,,,,,,,,,,,,,,,,,,,,,,,,,,,,,,,,,,,,
017,017_T1_20260425_151123,PCPA,T1,standard,hci_substudy_v2,1,telemetry_v4,flanker,1,practice_single,practice,1,3,3,practice,practice_single,1777101083,60.037,2026-04-25T15:12:00.223,0,0,0,1,29645.718,29674.513,practice_single,left,none,<,s,s,1,1385.271,31158.475,correct,,29745.718,29773.204,31158.475,3000,1385.271,31758.475,"[{""stage_name"": ""fixation"", ""planned_duration_ms"": 100, ""intended_onset_ms"": 29645.718, ""actual_onset_global_ms"": 29674.513, ""actual_offset_global_ms"": 29772.906, ""actual_duration_ms"": 98.393}, {""stage_name"": ""stimulus"", ""planned_duration_ms"": 3000, ""intended_onset_ms"": 29745.718, ""actual_onset_global_ms"": 29773.204, ""actual_offset_global_ms"": 31158.475, ""actual_duration_ms"": 1385.271}, {""stage_name"": ""feedback"", ""planned_duration_ms"": 600, ""intended_onset_ms"": 31158.475, ""actual_onset_global_ms"": 31189.513, ""actual_offset_global_ms"": 31805.195, ""actual_duration_ms"": 615.682}]",correct.wav,31173.29,600.0,31773.29,,,,,,,,,,,,,,,,,,,,,,,,,,,,,,,,,,,,,,,,,,,,,,,,,,,,,,,,,,,,,,,,,,,,,,,
017,017_T1_20260425_151123,PCPA,T1,standard,hci_substudy_v2,1,telemetry_v4,flanker,1,practice_single,practice,1,4,4,practice,practice_single,1777101083,60.037,2026-04-25T15:12:02.374,0,0,0,1,31796.587,31814.302,practice_single,right,none,>,j,j,1,1423.589,33347.171,correct,,31896.587,31923.582,33347.171,3000,1423.589,33947.171,"[{""stage_name"": ""fixation"", ""planned_duration_ms"": 100, ""intended_onset_ms"": 31796.587, ""actual_onset_global_ms"": 31814.302, ""actual_offset_global_ms"": 31922.125, ""actual_duration_ms"": 107.823}, {""stage_name"": ""stimulus"", ""planned_duration_ms"": 3000, ""intended_onset_ms"": 31896.587, ""actual_onset_global_ms"": 31923.582, ""actual_offset_global_ms"": 33347.171, ""actual_duration_ms"": 1423.589}, {""stage_name"": ""feedback"", ""planned_duration_ms"": 600, ""intended_onset_ms"": 33347.171, ""actual_onset_global_ms"": 33373.229, ""actual_offset_global_ms"": 33973.872, ""actual_duration_ms"": 600.643}]",correct.wav,33357.163,600.0,33957.163,,,,,,,,,,,,,,,,,,,,,,,,,,,,,,,,,,,,,,,,,,,,,,,,,,,,,,,,,,,,,,,,,,,,,,,
017,017_T1_20260425_151123,PCPA,T1,standard,hci_substudy_v2,1,telemetry_v4,flanker,1,practice_single,practice,1,5,5,practice,practice_single,1777101083,60.037,2026-04-25T15:12:04.543,0,0,0,1,33964.666,33985.91,practice_single,left,none,<,s,s,1,1193.328,35285.631,correct,,34064.666,34092.303,35285.631,3000,1193.328,35885.631,"[{""stage_name"": ""fixation"", ""planned_duration_ms"": 100, ""intended_onset_ms"": 33964.666, ""actual_onset_global_ms"": 33985.91, ""actual_offset_global_ms"": 34091.003, ""actual_duration_ms"": 105.093}, {""stage_name"": ""stimulus"", ""planned_duration_ms"": 3000, ""intended_onset_ms"": 34064.666, ""actual_onset_global_ms"": 34092.303, ""actual_offset_global_ms"": 35285.631, ""actual_duration_ms"": 1193.328}, {""stage_name"": ""feedback"", ""planned_duration_ms"": 600, ""intended_onset_ms"": 35285.631, ""actual_onset_global_ms"": 35310.107, ""actual_offset_global_ms"": 35924.632, ""actual_duration_ms"": 614.525}]",correct.wav,35294.088,600.0,35894.088,,,,,,,,,,,,,,,,,,,,,,,,,,,,,,,,,,,,,,,,,,,,,,,,,,,,,,,,,,,,,,,,,,,,,,,
017,017_T1_20260425_151123,PCPA,T1,standard,hci_substudy_v2,1,telemetry_v4,flanker,1,practice_single,practice,1,6,6,practice,practice_single,1777101083,60.037,2026-04-25T15:12:06.493,0,0,0,1,35915.34,35933.299,practice_single,right,none,>,j,j,1,1487.613,37528.223,correct,,36015.34,36040.61,37528.223,3000,1487.613,38128.223,"[{""stage_name"": ""fixation"", ""planned_duration_ms"": 100, ""intended_onset_ms"": 35915.34, ""actual_onset_global_ms"": 35933.299, ""actual_offset_global_ms"": 36039.54, ""actual_duration_ms"": 106.241}, {""stage_name"": ""stimulus"", ""planned_duration_ms"": 3000, ""intended_onset_ms"": 36015.34, ""actual_onset_global_ms"": 36040.61, ""actual_offset_global_ms"": 37528.223, ""actual_duration_ms"": 1487.613}, {""stage_name"": ""feedback"", ""planned_duration_ms"": 600, ""intended_onset_ms"": 37528.223, ""actual_onset_global_ms"": 37551.681, ""actual_offset_global_ms"": 38165.664, ""actual_duration_ms"": 613.983}]",correct.wav,37537.53,600.0,38137.53,,,,,,,,,,,,,,,,,,,,,,,,,,,,,,,,,,,,,,,,,,,,,,,,,,,,,,,,,,,,,,,,,,,,,,,
017,017_T1_20260425_151123,PCPA,T1,standard,hci_substudy_v2,1,telemetry_v4,flanker,1,practice_full,practice,2,1,7,practice,incongruent,1777101083,60.037,2026-04-25T15:12:10.381,0,0,0,1,39803.337,39823.381,incongruent,left,right,>><>>,s,s,1,5159.105,45093.121,correct,1.0,39903.337,39934.016,45093.121,3000,5159.105,45693.121,"[{""stage_name"": ""fixation"", ""planned_duration_ms"": 100, ""intended_onset_ms"": 39803.337, ""actual_onset_global_ms"": 39823.381, ""actual_offset_global_ms"": 39930.919, ""actual_duration_ms"": 107.538}, {""stage_name"": ""stimulus"", ""planned_duration_ms"": 3000, ""intended_onset_ms"": 39903.337, ""actual_onset_global_ms"": 39934.016, ""actual_offset_global_ms"": 45093.121, ""actual_duration_ms"": 5159.105}, {""stage_name"": ""feedback"", ""planned_duration_ms"": 600, ""intended_onset_ms"": 45093.121, ""actual_onset_global_ms"": 45126.03, ""actual_offset_global_ms"": 45738.768, ""actual_duration_ms"": 612.738}]",correct.wav,45109.38,600.0,45709.38,,,,,,,,,,,,,,,,,,,,,,,,,,,,,,,,,,,,,,,,,,,,,,,,,,,,,,,,,,,,,,,,,,,,,,,
017,017_T1_20260425_151123,PCPA,T1,standard,hci_substudy_v2,1,telemetry_v4,flanker,1,practice_full,practice,2,2,8,practice,incongruent,1777101083,60.037,2026-04-25T15:12:16.308,0,0,0,1,45730.559,45753.575,incongruent,right,left,<<><<,j,j,1,2362.07,48220.452,correct,1.0,45830.559,45858.382,48220.452,3000,2362.07,48820.452,"[{""stage_name"": ""fixation"", ""planned_duration_ms"": 100, ""intended_onset_ms"": 45730.559, ""actual_onset_global_ms"": 45753.575, ""actual_offset_global_ms"": 45855.075, ""actual_duration_ms"": 101.5}, {""stage_name"": ""stimulus"", ""planned_duration_ms"": 3000, ""intended_onset_ms"": 45830.559, ""actual_onset_global_ms"": 45858.382, ""actual_offset_global_ms"": 48220.452, ""actual_duration_ms"": 2362.07}, {""stage_name"": ""feedback"", ""planned_duration_ms"": 600, ""intended_onset_ms"": 48220.452, ""actual_onset_global_ms"": 48243.125, ""actual_offset_global_ms"": 48855.595, ""actual_duration_ms"": 612.47}]",correct.wav,48226.609,600.0,48826.609,,,,,,,,,,,,,,,,,,,,,,,,,,,,,,,,,,,,,,,,,,,,,,,,,,,,,,,,,,,,,,,,,,,,,,,
017,017_T1_20260425_151123,PCPA,T1,standard,hci_substudy_v2,1,telemetry_v4,flanker,1,practice_full,practice,2,3,9,practice,congruent,1777101083,60.037,2026-04-25T15:12:19.424,0,0,0,1,48847.148,48864.129,congruent,left,left,<<<<<,s,s,1,2157.66,51128.684,correct,1.0,48947.148,48971.024,51128.684,3000,2157.66,51728.684,"[{""stage_name"": ""fixation"", ""planned_duration_ms"": 100, ""intended_onset_ms"": 48847.148, ""actual_onset_global_ms"": 48864.129, ""actual_offset_global_ms"": 48969.714, ""actual_duration_ms"": 105.585}, {""stage_name"": ""stimulus"", ""planned_duration_ms"": 3000, ""intended_onset_ms"": 48947.148, ""actual_onset_global_ms"": 48971.024, ""actual_offset_global_ms"": 51128.684, ""actual_duration_ms"": 2157.66}, {""stage_name"": ""feedback"", ""planned_duration_ms"": 600, ""intended_onset_ms"": 51128.684, ""actual_onset_global_ms"": 51158.569, ""actual_offset_global_ms"": 51771.438, ""actual_duration_ms"": 612.869}]",correct.wav,51141.266,600.0,51741.266,,,,,,,,,,,,,,,,,,,,,,,,,,,,,,,,,,,,,,,,,,,,,,,,,,,,,,,,,,,,,,,,,,,,,,,
017,017_T1_20260425_151123,PCPA,T1,standard,hci_substudy_v2,1,telemetry_v4,flanker,1,practice_full,practice,2,4,10,practice,congruent,1777101083,60.037,2026-04-25T15:12:22.337,0,0,0,1,51759.268,51776.982,congruent,left,left,<<<<<,s,s,1,2002.072,53896.258,correct,1.0,51859.268,51894.186,53896.258,3000,2002.072,54496.258,"[{""stage_name"": ""fixation"", ""planned_duration_ms"": 100, ""intended_onset_ms"": 51759.268, ""actual_onset_global_ms"": 51776.982, ""actual_offset_global_ms"": 51890.786, ""actual_duration_ms"": 113.804}, {""stage_name"": ""stimulus"", ""planned_duration_ms"": 3000, ""intended_onset_ms"": 51859.268, ""actual_onset_global_ms"": 51894.186, ""actual_offset_global_ms"": 53896.258, ""actual_duration_ms"": 2002.072}, {""stage_name"": ""feedback"", ""planned_duration_ms"": 600, ""intended_onset_ms"": 53896.258, ""actual_onset_global_ms"": 53923.637, ""actual_offset_global_ms"": 54538.231, ""actual_duration_ms"": 614.594}]",correct.wav,53908.518,600.0,54508.518,,,,,,,,,,,,,,,,,,,,,,,,,,,,,,,,,,,,,,,,,,,,,,,,,,,,,,,,,,,,,,,,,,,,,,,
017,017_T1_20260425_151123,PCPA,T1,standard,hci_substudy_v2,1,telemetry_v4,flanker,1,practice_full,practice,2,5,11,practice,congruent,1777101083,60.037,2026-04-25T15:12:25.107,0,0,0,1,54529.954,54549.201,congruent,right,right,>>>>>,j,j,1,1525.558,56185.019,correct,1.0,54629.954,54659.461,56185.019,3000,1525.558,56785.019,"[{""stage_name"": ""fixation"", ""planned_duration_ms"": 100, ""intended_onset_ms"": 54529.954, ""actual_onset_global_ms"": 54549.201, ""actual_offset_global_ms"": 54656.218, ""actual_duration_ms"": 107.017}, {""stage_name"": ""stimulus"", ""planned_duration_ms"": 3000, ""intended_onset_ms"": 54629.954, ""actual_onset_global_ms"": 54659.461, ""actual_offset_global_ms"": 56185.019, ""actual_duration_ms"": 1525.558}, {""stage_name"": ""feedback"", ""planned_duration_ms"": 600, ""intended_onset_ms"": 56185.019, ""actual_onset_global_ms"": 56223.81, ""actual_offset_global_ms"": 56824.191, ""actual_duration_ms"": 600.381}]",correct.wav,56207.198,600.0,56807.198,,,,,,,,,,,,,,,,,,,,,,,,,,,,,,,,,,,,,,,,,,,,,,,,,,,,,,,,,,,,,,,,,,,,,,,
017,017_T1_20260425_151123,PCPA,T1,standard,hci_substudy_v2,1,telemetry_v4,flanker,1,practice_full,practice,2,6,12,practice,incongruent,1777101083,60.037,2026-04-25T15:12:27.394,0,0,0,1,56816.525,56838.281,incongruent,right,left,<<><<,j,j,1,3362.887,60306.752,correct,1.0,56916.525,56943.865,60306.752,3000,3362.887,60906.752,"[{""stage_name"": ""fixation"", ""planned_duration_ms"": 100, ""intended_onset_ms"": 56816.525, ""actual_onset_global_ms"": 56838.281, ""actual_offset_global_ms"": 56940.092, ""actual_duration_ms"": 101.811}, {""stage_name"": ""stimulus"", ""planned_duration_ms"": 3000, ""intended_onset_ms"": 56916.525, ""actual_onset_global_ms"": 56943.865, ""actual_offset_global_ms"": 60306.752, ""actual_duration_ms"": 3362.887}, {""stage_name"": ""feedback"", ""planned_duration_ms"": 600, ""intended_onset_ms"": 60306.752, ""actual_onset_global_ms"": 60339.728, ""actual_offset_global_ms"": 60954.666, ""actual_duration_ms"": 614.938}]",correct.wav,60323.463,600.0,60923.463,,,,,,,,,,,,,,,,,,,,,,,,,,,,,,,,,,,,,,,,,,,,,,,,,,,,,,,,,,,,,,,,,,,,,,,
017,017_T1_20260425_151123,PCPA,T1,standard,hci_substudy_v2,1,telemetry_v4,flanker,1,formal_block_1,formal,1,1,13,formal,incongruent,1777101083,60.037,2026-04-25T15:12:36.598,0,0,0,1,66020.617,66043.465,incongruent,left,right,>><>>,s,s,1,1942.593,68096.673,none,,66120.617,66154.08,68096.673,3000,1942.593,68096.673,"[{""stage_name"": ""fixation"", ""planned_duration_ms"": 100, ""intended_onset_ms"": 66020.617, ""actual_onset_global_ms"": 66043.465, ""actual_offset_global_ms"": 66145.706, ""actual_duration_ms"": 102.241}, {""stage_name"": ""stimulus"", ""planned_duration_ms"": 3000, ""intended_onset_ms"": 66120.617, ""actual_onset_global_ms"": 66154.08, ""actual_offset_global_ms"": 68096.673, ""actual_duration_ms"": 1942.593}]",,,,,,,,,,,,,,,,,,,,,,,,,,,,,,,,,,,,,,,,,,,,,,,,,,,,,,,,,,,,,,,,,,,,,,,,,,,
017,017_T1_20260425_151123,PCPA,T1,standard,hci_substudy_v2,1,telemetry_v4,flanker,1,formal_block_1,formal,1,2,14,formal,congruent,1777101083,60.037,2026-04-25T15:12:38.692,0,0,0,1,68114.797,68128.903,congruent,right,right,>>>>>,j,j,1,2378.812,70621.342,none,,68214.797,68242.53,70621.342,3000,2378.812,70621.342,"[{""stage_name"": ""fixation"", ""planned_duration_ms"": 100, ""intended_onset_ms"": 68114.797, ""actual_onset_global_ms"": 68128.903, ""actual_offset_global_ms"": 68238.7, ""actual_duration_ms"": 109.797}, {""stage_name"": ""stimulus"", ""planned_duration_ms"": 3000, ""intended_onset_ms"": 68214.797, ""actual_onset_global_ms"": 68242.53, ""actual_offset_global_ms"": 70621.342, ""actual_duration_ms"": 2378.812}]",,,,,,,,,,,,,,,,,,,,,,,,,,,,,,,,,,,,,,,,,,,,,,,,,,,,,,,,,,,,,,,,,,,,,,,,,,,
017,017_T1_20260425_151123,PCPA,T1,standard,hci_substudy_v2,1,telemetry_v4,flanker,1,formal_block_1,formal,1,3,15,formal,congruent,1777101083,60.037,2026-04-25T15:12:41.217,0,0,0,1,70639.622,70661.806,congruent,left,left,<<<<<,s,s,1,1498.122,72274.778,none,,70739.622,70776.656,72274.778,3000,1498.122,72274.778,"[{""stage_name"": ""fixation"", ""planned_duration_ms"": 100, ""intended_onset_ms"": 70639.622, ""actual_onset_global_ms"": 70661.806, ""actual_offset_global_ms"": 70772.41, ""actual_duration_ms"": 110.604}, {""stage_name"": ""stimulus"", ""planned_duration_ms"": 3000, ""intended_onset_ms"": 70739.622, ""actual_onset_global_ms"": 70776.656, ""actual_offset_global_ms"": 72274.778, ""actual_duration_ms"": 1498.122}]",,,,,,,,,,,,,,,,,,,,,,,,,,,,,,,,,,,,,,,,,,,,,,,,,,,,,,,,,,,,,,,,,,,,,,,,,,,
017,017_T1_20260425_151123,PCPA,T1,standard,hci_substudy_v2,1,telemetry_v4,flanker,1,formal_block_1,formal,1,4,16,formal,incongruent,1777101083,60.037,2026-04-25T15:12:42.871,0,0,0,1,72294.204,72313.261,incongruent,left,right,>><>>,s,j,0,1277.462,73699.493,none,,72394.204,72422.031,73699.493,3000,1277.462,73699.493,"[{""stage_name"": ""fixation"", ""planned_duration_ms"": 100, ""intended_onset_ms"": 72294.204, ""actual_onset_global_ms"": 72313.261, ""actual_offset_global_ms"": 72416.493, ""actual_duration_ms"": 103.232}, {""stage_name"": ""stimulus"", ""planned_duration_ms"": 3000, ""intended_onset_ms"": 72394.204, ""actual_onset_global_ms"": 72422.031, ""actual_offset_global_ms"": 73699.493, ""actual_duration_ms"": 1277.462}]",,,,,,,,,,,,,,,,,,,,,,,,,,,,,,,,,,,,,,,,,,,,,,,,,,,,,,,,,,,,,,,,,,,,,,,,,,,
017,017_T1_20260425_151123,PCPA,T1,standard,hci_substudy_v2,1,telemetry_v4,flanker,1,formal_block_1,formal,1,5,17,formal,congruent,1777101083,60.037,2026-04-25T15:12:44.297,0,0,0,1,73719.354,73736.222,congruent,left,left,<<<<<,s,s,1,1180.025,75018.826,none,,73819.354,73838.801,75018.826,3000,1180.025,75018.826,"[{""stage_name"": ""fixation"", ""planned_duration_ms"": 100, ""intended_onset_ms"": 73719.354, ""actual_onset_global_ms"": 73736.222, ""actual_offset_global_ms"": 73837.648, ""actual_duration_ms"": 101.426}, {""stage_name"": ""stimulus"", ""planned_duration_ms"": 3000, ""intended_onset_ms"": 73819.354, ""actual_onset_global_ms"": 73838.801, ""actual_offset_global_ms"": 75018.826, ""actual_duration_ms"": 1180.025}]",,,,,,,,,,,,,,,,,,,,,,,,,,,,,,,,,,,,,,,,,,,,,,,,,,,,,,,,,,,,,,,,,,,,,,,,,,,
017,017_T1_20260425_151123,PCPA,T1,standard,hci_substudy_v2,1,telemetry_v4,flanker,1,formal_block_1,formal,1,6,18,formal,congruent,1777101083,60.037,2026-04-25T15:12:45.608,0,0,0,1,75030.917,75043.364,congruent,right,right,>>>>>,j,j,1,1294.2,76457.773,none,,75130.917,75163.573,76457.773,3000,1294.2,76457.773,"[{""stage_name"": ""fixation"", ""planned_duration_ms"": 100, ""intended_onset_ms"": 75030.917, ""actual_onset_global_ms"": 75043.364, ""actual_offset_global_ms"": 75158.129, ""actual_duration_ms"": 114.765}, {""stage_name"": ""stimulus"", ""planned_duration_ms"": 3000, ""intended_onset_ms"": 75130.917, ""actual_onset_global_ms"": 75163.573, ""actual_offset_global_ms"": 76457.773, ""actual_duration_ms"": 1294.2}]",,,,,,,,,,,,,,,,,,,,,,,,,,,,,,,,,,,,,,,,,,,,,,,,,,,,,,,,,,,,,,,,,,,,,,,,,,,
017,017_T1_20260425_151123,PCPA,T1,standard,hci_substudy_v2,1,telemetry_v4,flanker,1,formal_block_1,formal,1,7,19,formal,incongruent,1777101083,60.037,2026-04-25T15:12:47.053,0,0,0,1,76476.403,76493.364,incongruent,left,right,>><>>,s,s,1,1287.85,77886.793,none,,76576.403,76598.943,77886.793,3000,1287.85,77886.793,"[{""stage_name"": ""fixation"", ""planned_duration_ms"": 100, ""intended_onset_ms"": 76476.403, ""actual_onset_global_ms"": 76493.364, ""actual_offset_global_ms"": 76594.496, ""actual_duration_ms"": 101.132}, {""stage_name"": ""stimulus"", ""planned_duration_ms"": 3000, ""intended_onset_ms"": 76576.403, ""actual_onset_global_ms"": 76598.943, ""actual_offset_global_ms"": 77886.793, ""actual_duration_ms"": 1287.85}]",,,,,,,,,,,,,,,,,,,,,,,,,,,,,,,,,,,,,,,,,,,,,,,,,,,,,,,,,,,,,,,,,,,,,,,,,,,
017,017_T1_20260425_151123,PCPA,T1,standard,hci_substudy_v2,1,telemetry_v4,flanker,1,formal_block_1,formal,1,8,20,formal,incongruent,1777101083,60.037,2026-04-25T15:12:48.476,0,0,0,1,77898.531,77919.721,incongruent,right,left,<<><<,j,j,1,1894.026,79920.221,none,,77998.531,78026.195,79920.221,3000,1894.026,79920.221,"[{""stage_name"": ""fixation"", ""planned_duration_ms"": 100, ""intended_onset_ms"": 77898.531, ""actual_onset_global_ms"": 77919.721, ""actual_offset_global_ms"": 78023.215, ""actual_duration_ms"": 103.494}, {""stage_name"": ""stimulus"", ""planned_duration_ms"": 3000, ""intended_onset_ms"": 77998.531, ""actual_onset_global_ms"": 78026.195, ""actual_offset_global_ms"": 79920.221, ""actual_duration_ms"": 1894.026}]",,,,,,,,,,,,,,,,,,,,,,,,,,,,,,,,,,,,,,,,,,,,,,,,,,,,,,,,,,,,,,,,,,,,,,,,,,,
017,017_T1_20260425_151123,PCPA,T1,standard,hci_substudy_v2,1,telemetry_v4,flanker,1,formal_block_1,formal,1,9,21,formal,incongruent,1777101083,60.037,2026-04-25T15:12:50.528,0,0,0,1,79950.598,79967.613,incongruent,right,left,<<><<,j,j,1,1404.203,81479.588,none,,80050.598,80075.385,81479.588,3000,1404.203,81479.588,"[{""stage_name"": ""fixation"", ""planned_duration_ms"": 100, ""intended_onset_ms"": 79950.598, ""actual_onset_global_ms"": 79967.613, ""actual_offset_global_ms"": 80071.544, ""actual_duration_ms"": 103.931}, {""stage_name"": ""stimulus"", ""planned_duration_ms"": 3000, ""intended_onset_ms"": 80050.598, ""actual_onset_global_ms"": 80075.385, ""actual_offset_global_ms"": 81479.588, ""actual_duration_ms"": 1404.203}]",,,,,,,,,,,,,,,,,,,,,,,,,,,,,,,,,,,,,,,,,,,,,,,,,,,,,,,,,,,,,,,,,,,,,,,,,,,
017,017_T1_20260425_151123,PCPA,T1,standard,hci_substudy_v2,1,telemetry_v4,flanker,1,formal_block_1,formal,1,10,22,formal,congruent,1777101083,60.037,2026-04-25T15:12:52.083,0,0,0,1,81505.783,81528.095,congruent,left,left,<<<<<,s,s,1,1397.435,83024.402,none,,81605.783,81626.967,83024.402,3000,1397.435,83024.402,"[{""stage_name"": ""fixation"", ""planned_duration_ms"": 100, ""intended_onset_ms"": 81505.783, ""actual_onset_global_ms"": 81528.095, ""actual_offset_global_ms"": 81622.499, ""actual_duration_ms"": 94.404}, {""stage_name"": ""stimulus"", ""planned_duration_ms"": 3000, ""intended_onset_ms"": 81605.783, ""actual_onset_global_ms"": 81626.967, ""actual_offset_global_ms"": 83024.402, ""actual_duration_ms"": 1397.435}]",,,,,,,,,,,,,,,,,,,,,,,,,,,,,,,,,,,,,,,,,,,,,,,,,,,,,,,,,,,,,,,,,,,,,,,,,,,
017,017_T1_20260425_151123,PCPA,T1,standard,hci_substudy_v2,1,telemetry_v4,flanker,1,formal_block_1,formal,1,11,23,formal,incongruent,1777101083,60.037,2026-04-25T15:12:53.618,0,0,0,1,83040.942,83058.625,incongruent,left,right,>><>>,s,s,1,1583.988,84748.388,none,,83140.942,83164.4,84748.388,3000,1583.988,84748.388,"[{""stage_name"": ""fixation"", ""planned_duration_ms"": 100, ""intended_onset_ms"": 83040.942, ""actual_onset_global_ms"": 83058.625, ""actual_offset_global_ms"": 83158.285, ""actual_duration_ms"": 99.66}, {""stage_name"": ""stimulus"", ""planned_duration_ms"": 3000, ""intended_onset_ms"": 83140.942, ""actual_onset_global_ms"": 83164.4, ""actual_offset_global_ms"": 84748.388, ""actual_duration_ms"": 1583.988}]",,,,,,,,,,,,,,,,,,,,,,,,,,,,,,,,,,,,,,,,,,,,,,,,,,,,,,,,,,,,,,,,,,,,,,,,,,,
017,017_T1_20260425_151123,PCPA,T1,standard,hci_substudy_v2,1,telemetry_v4,flanker,1,formal_block_1,formal,1,12,24,formal,congruent,1777101083,60.037,2026-04-25T15:12:55.335,0,0,0,1,84757.548,84777.871,congruent,right,right,>>>>>,j,j,1,1183.525,86076.844,none,,84857.548,84893.319,86076.844,3000,1183.525,86076.844,"[{""stage_name"": ""fixation"", ""planned_duration_ms"": 100, ""intended_onset_ms"": 84757.548, ""actual_onset_global_ms"": 84777.871, ""actual_offset_global_ms"": 84889.402, ""actual_duration_ms"": 111.531}, {""stage_name"": ""stimulus"", ""planned_duration_ms"": 3000, ""intended_onset_ms"": 84857.548, ""actual_onset_global_ms"": 84893.319, ""actual_offset_global_ms"": 86076.844, ""actual_duration_ms"": 1183.525}]",,,,,,,,,,,,,,,,,,,,,,,,,,,,,,,,,,,,,,,,,,,,,,,,,,,,,,,,,,,,,,,,,,,,,,,,,,,
017,017_T1_20260425_151123,PCPA,T1,standard,hci_substudy_v2,1,telemetry_v4,flanker,1,formal_block_1,formal,1,13,25,formal,incongruent,1777101083,60.037,2026-04-25T15:12:56.678,0,0,0,1,86101.098,86119.319,incongruent,right,left,<<><<,j,j,1,1046.99,87276.31,none,,86201.098,86229.32,87276.31,3000,1046.99,87276.31,"[{""stage_name"": ""fixation"", ""planned_duration_ms"": 100, ""intended_onset_ms"": 86101.098, ""actual_onset_global_ms"": 86119.319, ""actual_offset_global_ms"": 86223.346, ""actual_duration_ms"": 104.027}, {""stage_name"": ""stimulus"", ""planned_duration_ms"": 3000, ""intended_onset_ms"": 86201.098, ""actual_onset_global_ms"": 86229.32, ""actual_offset_global_ms"": 87276.31, ""actual_duration_ms"": 1046.99}]",,,,,,,,,,,,,,,,,,,,,,,,,,,,,,,,,,,,,,,,,,,,,,,,,,,,,,,,,,,,,,,,,,,,,,,,,,,
017,017_T1_20260425_151123,PCPA,T1,standard,hci_substudy_v2,1,telemetry_v4,flanker,1,formal_block_1,formal,1,14,26,formal,congruent,1777101083,60.037,2026-04-25T15:12:57.864,0,0,0,1,87286.646,87304.66,congruent,right,right,>>>>>,j,j,1,1586.766,88996.408,none,,87386.646,87409.642,88996.408,3000,1586.766,88996.408,"[{""stage_name"": ""fixation"", ""planned_duration_ms"": 100, ""intended_onset_ms"": 87286.646, ""actual_onset_global_ms"": 87304.66, ""actual_offset_global_ms"": 87406.165, ""actual_duration_ms"": 101.505}, {""stage_name"": ""stimulus"", ""planned_duration_ms"": 3000, ""intended_onset_ms"": 87386.646, ""actual_onset_global_ms"": 87409.642, ""actual_offset_global_ms"": 88996.408, ""actual_duration_ms"": 1586.766}]",,,,,,,,,,,,,,,,,,,,,,,,,,,,,,,,,,,,,,,,,,,,,,,,,,,,,,,,,,,,,,,,,,,,,,,,,,,
017,017_T1_20260425_151123,PCPA,T1,standard,hci_substudy_v2,1,telemetry_v4,flanker,1,formal_block_1,formal,1,15,27,formal,congruent,1777101083,60.037,2026-04-25T15:12:59.601,0,0,0,1,89023.542,89045.294,congruent,left,left,<<<<<,s,s,1,1599.999,90759.781,none,,89123.542,89159.782,90759.781,3000,1599.999,90759.781,"[{""stage_name"": ""fixation"", ""planned_duration_ms"": 100, ""intended_onset_ms"": 89023.542, ""actual_onset_global_ms"": 89045.294, ""actual_offset_global_ms"": 89156.603, ""actual_duration_ms"": 111.309}, {""stage_name"": ""stimulus"", ""planned_duration_ms"": 3000, ""intended_onset_ms"": 89123.542, ""actual_onset_global_ms"": 89159.782, ""actual_offset_global_ms"": 90759.781, ""actual_duration_ms"": 1599.999}]",,,,,,,,,,,,,,,,,,,,,,,,,,,,,,,,,,,,,,,,,,,,,,,,,,,,,,,,,,,,,,,,,,,,,,,,,,,
017,017_T1_20260425_151123,PCPA,T1,standard,hci_substudy_v2,1,telemetry_v4,flanker,1,formal_block_1,formal,1,16,28,formal,incongruent,1777101083,60.037,2026-04-25T15:13:01.359,0,0,0,1,90781.666,90796.899,incongruent,left,right,>><>>,s,s,1,1611.851,92519.358,none,,90881.666,90907.507,92519.358,3000,1611.851,92519.358,"[{""stage_name"": ""fixation"", ""planned_duration_ms"": 100, ""intended_onset_ms"": 90781.666, ""actual_onset_global_ms"": 90796.899, ""actual_offset_global_ms"": 90905.928, ""actual_duration_ms"": 109.029}, {""stage_name"": ""stimulus"", ""planned_duration_ms"": 3000, ""intended_onset_ms"": 90881.666, ""actual_onset_global_ms"": 90907.507, ""actual_offset_global_ms"": 92519.358, ""actual_duration_ms"": 1611.851}]",,,,,,,,,,,,,,,,,,,,,,,,,,,,,,,,,,,,,,,,,,,,,,,,,,,,,,,,,,,,,,,,,,,,,,,,,,,
017,017_T1_20260425_151123,PCPA,T1,standard,hci_substudy_v2,1,telemetry_v4,flanker,1,formal_block_1,formal,1,17,29,formal,congruent,1777101083,60.037,2026-04-25T15:13:03.121,0,0,0,1,92543.909,92560.702,congruent,right,right,>>>>>,j,j,1,1137.946,93812.925,none,,92643.909,92674.979,93812.925,3000,1137.946,93812.925,"[{""stage_name"": ""fixation"", ""planned_duration_ms"": 100, ""intended_onset_ms"": 92543.909, ""actual_onset_global_ms"": 92560.702, ""actual_offset_global_ms"": 92671.995, ""actual_duration_ms"": 111.293}, {""stage_name"": ""stimulus"", ""planned_duration_ms"": 3000, ""intended_onset_ms"": 92643.909, ""actual_onset_global_ms"": 92674.979, ""actual_offset_global_ms"": 93812.925, ""actual_duration_ms"": 1137.946}]",,,,,,,,,,,,,,,,,,,,,,,,,,,,,,,,,,,,,,,,,,,,,,,,,,,,,,,,,,,,,,,,,,,,,,,,,,,
017,017_T1_20260425_151123,PCPA,T1,standard,hci_substudy_v2,1,telemetry_v4,flanker,1,formal_block_1,formal,1,18,30,formal,congruent,1777101083,60.037,2026-04-25T15:13:04.419,0,0,0,1,93840.902,93858.977,congruent,left,left,<<<<<,s,s,1,1348.024,95317.718,none,,93940.902,93969.694,95317.718,3000,1348.024,95317.718,"[{""stage_name"": ""fixation"", ""planned_duration_ms"": 100, ""intended_onset_ms"": 93840.902, ""actual_onset_global_ms"": 93858.977, ""actual_offset_global_ms"": 93963.788, ""actual_duration_ms"": 104.811}, {""stage_name"": ""stimulus"", ""planned_duration_ms"": 3000, ""intended_onset_ms"": 93940.902, ""actual_onset_global_ms"": 93969.694, ""actual_offset_global_ms"": 95317.718, ""actual_duration_ms"": 1348.024}]",,,,,,,,,,,,,,,,,,,,,,,,,,,,,,,,,,,,,,,,,,,,,,,,,,,,,,,,,,,,,,,,,,,,,,,,,,,
017,017_T1_20260425_151123,PCPA,T1,standard,hci_substudy_v2,1,telemetry_v4,flanker,1,formal_block_1,formal,1,19,31,formal,incongruent,1777101083,60.037,2026-04-25T15:13:05.913,0,0,0,1,95335.381,95357.357,incongruent,right,left,<<><<,j,j,1,1253.282,96716.821,none,,95435.381,95463.539,96716.821,3000,1253.282,96716.821,"[{""stage_name"": ""fixation"", ""planned_duration_ms"": 100, ""intended_onset_ms"": 95335.381, ""actual_onset_global_ms"": 95357.357, ""actual_offset_global_ms"": 95455.544, ""actual_duration_ms"": 98.187}, {""stage_name"": ""stimulus"", ""planned_duration_ms"": 3000, ""intended_onset_ms"": 95435.381, ""actual_onset_global_ms"": 95463.539, ""actual_offset_global_ms"": 96716.821, ""actual_duration_ms"": 1253.282}]",,,,,,,,,,,,,,,,,,,,,,,,,,,,,,,,,,,,,,,,,,,,,,,,,,,,,,,,,,,,,,,,,,,,,,,,,,,
017,017_T1_20260425_151123,PCPA,T1,standard,hci_substudy_v2,1,telemetry_v4,flanker,1,formal_block_1,formal,1,20,32,formal,incongruent,1777101083,60.037,2026-04-25T15:13:07.317,0,0,0,1,96739.672,96761.247,incongruent,right,left,<<><<,j,j,1,2184.846,99050.002,none,,96839.672,96865.156,99050.002,3000,2184.846,99050.002,"[{""stage_name"": ""fixation"", ""planned_duration_ms"": 100, ""intended_onset_ms"": 96739.672, ""actual_onset_global_ms"": 96761.247, ""actual_offset_global_ms"": 96857.135, ""actual_duration_ms"": 95.888}, {""stage_name"": ""stimulus"", ""planned_duration_ms"": 3000, ""intended_onset_ms"": 96839.672, ""actual_onset_global_ms"": 96865.156, ""actual_offset_global_ms"": 99050.002, ""actual_duration_ms"": 2184.846}]",,,,,,,,,,,,,,,,,,,,,,,,,,,,,,,,,,,,,,,,,,,,,,,,,,,,,,,,,,,,,,,,,,,,,,,,,,,
017,017_T1_20260425_151123,PCPA,T1,standard,hci_substudy_v2,1,telemetry_v4,flanker,1,formal_block_2,formal,2,1,33,formal,incongruent,1777101083,60.037,2026-04-25T15:13:09.641,0,0,0,1,99064.331,99078.934,incongruent,right,left,<<><<,j,j,1,1032.6,100224.814,none,,99164.331,99192.214,100224.814,3000,1032.6,100224.814,"[{""stage_name"": ""fixation"", ""planned_duration_ms"": 100, ""intended_onset_ms"": 99064.331, ""actual_onset_global_ms"": 99078.934, ""actual_offset_global_ms"": 99188.627, ""actual_duration_ms"": 109.693}, {""stage_name"": ""stimulus"", ""planned_duration_ms"": 3000, ""intended_onset_ms"": 99164.331, ""actual_onset_global_ms"": 99192.214, ""actual_offset_global_ms"": 100224.814, ""actual_duration_ms"": 1032.6}]",,,,,,,,,,,,,,,,,,,,,,,,,,,,,,,,,,,,,,,,,,,,,,,,,,,,,,,,,,,,,,,,,,,,,,,,,,,
017,017_T1_20260425_151123,PCPA,T1,standard,hci_substudy_v2,1,telemetry_v4,flanker,1,formal_block_2,formal,2,2,34,formal,incongruent,1777101083,60.037,2026-04-25T15:13:10.815,0,0,0,1,100238.142,100255.156,incongruent,left,right,>><>>,s,s,1,1405.892,101768.383,none,,100338.142,100362.491,101768.383,3000,1405.892,101768.383,"[{""stage_name"": ""fixation"", ""planned_duration_ms"": 100, ""intended_onset_ms"": 100238.142, ""actual_onset_global_ms"": 100255.156, ""actual_offset_global_ms"": 100357.983, ""actual_duration_ms"": 102.827}, {""stage_name"": ""stimulus"", ""planned_duration_ms"": 3000, ""intended_onset_ms"": 100338.142, ""actual_onset_global_ms"": 100362.491, ""actual_offset_global_ms"": 101768.383, ""actual_duration_ms"": 1405.892}]",,,,,,,,,,,,,,,,,,,,,,,,,,,,,,,,,,,,,,,,,,,,,,,,,,,,,,,,,,,,,,,,,,,,,,,,,,,
017,017_T1_20260425_151123,PCPA,T1,standard,hci_substudy_v2,1,telemetry_v4,flanker,1,formal_block_2,formal,2,3,35,formal,congruent,1777101083,60.037,2026-04-25T15:13:12.375,0,0,0,1,101798.323,101814.527,congruent,right,right,>>>>>,j,j,1,1520.946,103447.796,none,,101898.323,101926.85,103447.796,3000,1520.946,103447.796,"[{""stage_name"": ""fixation"", ""planned_duration_ms"": 100, ""intended_onset_ms"": 101798.323, ""actual_onset_global_ms"": 101814.527, ""actual_offset_global_ms"": 101920.214, ""actual_duration_ms"": 105.687}, {""stage_name"": ""stimulus"", ""planned_duration_ms"": 3000, ""intended_onset_ms"": 101898.323, ""actual_onset_global_ms"": 101926.85, ""actual_offset_global_ms"": 103447.796, ""actual_duration_ms"": 1520.946}]",,,,,,,,,,,,,,,,,,,,,,,,,,,,,,,,,,,,,,,,,,,,,,,,,,,,,,,,,,,,,,,,,,,,,,,,,,,
017,017_T1_20260425_151123,PCPA,T1,standard,hci_substudy_v2,1,telemetry_v4,flanker,1,formal_block_2,formal,2,4,36,formal,congruent,1777101083,60.037,2026-04-25T15:13:14.045,0,0,0,1,103468.346,103489.811,congruent,left,left,<<<<<,s,s,1,1357.239,104952.204,none,,103568.346,103594.965,104952.204,3000,1357.239,104952.204,"[{""stage_name"": ""fixation"", ""planned_duration_ms"": 100, ""intended_onset_ms"": 103468.346, ""actual_onset_global_ms"": 103489.811, ""actual_offset_global_ms"": 103586.962, ""actual_duration_ms"": 97.151}, {""stage_name"": ""stimulus"", ""planned_duration_ms"": 3000, ""intended_onset_ms"": 103568.346, ""actual_onset_global_ms"": 103594.965, ""actual_offset_global_ms"": 104952.204, ""actual_duration_ms"": 1357.239}]",,,,,,,,,,,,,,,,,,,,,,,,,,,,,,,,,,,,,,,,,,,,,,,,,,,,,,,,,,,,,,,,,,,,,,,,,,,
017,017_T1_20260425_151123,PCPA,T1,standard,hci_substudy_v2,1,telemetry_v4,flanker,1,formal_block_2,formal,2,5,37,formal,incongruent,1777101083,60.037,2026-04-25T15:13:15.559,0,0,0,1,104981.937,105000.069,incongruent,right,left,<<><<,j,j,1,2581.676,107691.463,none,,105081.937,105109.787,107691.463,3000,2581.676,107691.463,"[{""stage_name"": ""fixation"", ""planned_duration_ms"": 100, ""intended_onset_ms"": 104981.937, ""actual_onset_global_ms"": 105000.069, ""actual_offset_global_ms"": 105105.616, ""actual_duration_ms"": 105.547}, {""stage_name"": ""stimulus"", ""planned_duration_ms"": 3000, ""intended_onset_ms"": 105081.937, ""actual_onset_global_ms"": 105109.787, ""actual_offset_global_ms"": 107691.463, ""actual_duration_ms"": 2581.676}]",,,,,,,,,,,,,,,,,,,,,,,,,,,,,,,,,,,,,,,,,,,,,,,,,,,,,,,,,,,,,,,,,,,,,,,,,,,
017,017_T1_20260425_151123,PCPA,T1,standard,hci_substudy_v2,1,telemetry_v4,flanker,1,formal_block_2,formal,2,6,38,formal,incongruent,1777101083,60.037,2026-04-25T15:13:18.292,0,0,0,1,107713.747,107731.743,incongruent,left,right,>><>>,s,s,1,2045.58,109884.734,none,,107813.747,107839.154,109884.734,3000,2045.58,109884.734,"[{""stage_name"": ""fixation"", ""planned_duration_ms"": 100, ""intended_onset_ms"": 107713.747, ""actual_onset_global_ms"": 107731.743, ""actual_offset_global_ms"": 107837.474, ""actual_duration_ms"": 105.731}, {""stage_name"": ""stimulus"", ""planned_duration_ms"": 3000, ""intended_onset_ms"": 107813.747, ""actual_onset_global_ms"": 107839.154, ""actual_offset_global_ms"": 109884.734, ""actual_duration_ms"": 2045.58}]",,,,,,,,,,,,,,,,,,,,,,,,,,,,,,,,,,,,,,,,,,,,,,,,,,,,,,,,,,,,,,,,,,,,,,,,,,,
017,017_T1_20260425_151123,PCPA,T1,standard,hci_substudy_v2,1,telemetry_v4,flanker,1,formal_block_2,formal,2,7,39,formal,incongruent,1777101083,60.037,2026-04-25T15:13:20.478,0,0,0,1,109900.973,109921.147,incongruent,left,right,>><>>,s,s,1,1454.264,111479.403,none,,110000.973,110025.139,111479.403,3000,1454.264,111479.403,"[{""stage_name"": ""fixation"", ""planned_duration_ms"": 100, ""intended_onset_ms"": 109900.973, ""actual_onset_global_ms"": 109921.147, ""actual_offset_global_ms"": 110020.134, ""actual_duration_ms"": 98.987}, {""stage_name"": ""stimulus"", ""planned_duration_ms"": 3000, ""intended_onset_ms"": 110000.973, ""actual_onset_global_ms"": 110025.139, ""actual_offset_global_ms"": 111479.403, ""actual_duration_ms"": 1454.264}]",,,,,,,,,,,,,,,,,,,,,,,,,,,,,,,,,,,,,,,,,,,,,,,,,,,,,,,,,,,,,,,,,,,,,,,,,,,
017,017_T1_20260425_151123,PCPA,T1,standard,hci_substudy_v2,1,telemetry_v4,flanker,1,formal_block_2,formal,2,8,40,formal,congruent,1777101083,60.037,2026-04-25T15:13:22.067,0,0,0,1,111490.305,111508.692,congruent,right,right,>>>>>,j,j,1,1421.899,113043.867,none,,111590.305,111621.968,113043.867,3000,1421.899,113043.867,"[{""stage_name"": ""fixation"", ""planned_duration_ms"": 100, ""intended_onset_ms"": 111490.305, ""actual_onset_global_ms"": 111508.692, ""actual_offset_global_ms"": 111616.508, ""actual_duration_ms"": 107.816}, {""stage_name"": ""stimulus"", ""planned_duration_ms"": 3000, ""intended_onset_ms"": 111590.305, ""actual_onset_global_ms"": 111621.968, ""actual_offset_global_ms"": 113043.867, ""actual_duration_ms"": 1421.899}]",,,,,,,,,,,,,,,,,,,,,,,,,,,,,,,,,,,,,,,,,,,,,,,,,,,,,,,,,,,,,,,,,,,,,,,,,,,
017,017_T1_20260425_151123,PCPA,T1,standard,hci_substudy_v2,1,telemetry_v4,flanker,1,formal_block_2,formal,2,9,41,formal,congruent,1777101083,60.037,2026-04-25T15:13:23.631,0,0,0,1,113053.793,113077.192,congruent,left,left,<<<<<,s,s,1,2802.084,115980.985,none,,113153.793,113178.901,115980.985,3000,2802.084,115980.985,"[{""stage_name"": ""fixation"", ""planned_duration_ms"": 100, ""intended_onset_ms"": 113053.793, ""actual_onset_global_ms"": 113077.192, ""actual_offset_global_ms"": 113175.44, ""actual_duration_ms"": 98.248}, {""stage_name"": ""stimulus"", ""planned_duration_ms"": 3000, ""intended_onset_ms"": 113153.793, ""actual_onset_global_ms"": 113178.901, ""actual_offset_global_ms"": 115980.985, ""actual_duration_ms"": 2802.084}]",,,,,,,,,,,,,,,,,,,,,,,,,,,,,,,,,,,,,,,,,,,,,,,,,,,,,,,,,,,,,,,,,,,,,,,,,,,
017,017_T1_20260425_151123,PCPA,T1,standard,hci_substudy_v2,1,telemetry_v4,flanker,1,formal_block_2,formal,2,10,42,formal,incongruent,1777101083,60.037,2026-04-25T15:13:26.589,0,0,0,1,116011.83,116028.101,incongruent,right,left,<<><<,j,j,1,1884.462,118026.041,none,,116111.83,116141.579,118026.041,3000,1884.462,118026.041,"[{""stage_name"": ""fixation"", ""planned_duration_ms"": 100, ""intended_onset_ms"": 116011.83, ""actual_onset_global_ms"": 116028.101, ""actual_offset_global_ms"": 116138.329, ""actual_duration_ms"": 110.228}, {""stage_name"": ""stimulus"", ""planned_duration_ms"": 3000, ""intended_onset_ms"": 116111.83, ""actual_onset_global_ms"": 116141.579, ""actual_offset_global_ms"": 118026.041, ""actual_duration_ms"": 1884.462}]",,,,,,,,,,,,,,,,,,,,,,,,,,,,,,,,,,,,,,,,,,,,,,,,,,,,,,,,,,,,,,,,,,,,,,,,,,,
017,017_T1_20260425_151123,PCPA,T1,standard,hci_substudy_v2,1,telemetry_v4,flanker,1,formal_block_2,formal,2,11,43,formal,congruent,1777101083,60.037,2026-04-25T15:13:28.613,0,0,0,1,118035.773,118057.217,congruent,left,left,<<<<<,s,s,1,1477.43,119634.896,none,,118135.773,118157.466,119634.896,3000,1477.43,119634.896,"[{""stage_name"": ""fixation"", ""planned_duration_ms"": 100, ""intended_onset_ms"": 118035.773, ""actual_onset_global_ms"": 118057.217, ""actual_offset_global_ms"": 118154.185, ""actual_duration_ms"": 96.968}, {""stage_name"": ""stimulus"", ""planned_duration_ms"": 3000, ""intended_onset_ms"": 118135.773, ""actual_onset_global_ms"": 118157.466, ""actual_offset_global_ms"": 119634.896, ""actual_duration_ms"": 1477.43}]",,,,,,,,,,,,,,,,,,,,,,,,,,,,,,,,,,,,,,,,,,,,,,,,,,,,,,,,,,,,,,,,,,,,,,,,,,,
017,017_T1_20260425_151123,PCPA,T1,standard,hci_substudy_v2,1,telemetry_v4,flanker,1,formal_block_2,formal,2,12,44,formal,incongruent,1777101083,60.037,2026-04-25T15:13:30.231,0,0,0,1,119653.557,119674.073,incongruent,right,left,<<><<,j,j,1,1501.485,121277.795,none,,119753.557,119776.31,121277.795,3000,1501.485,121277.795,"[{""stage_name"": ""fixation"", ""planned_duration_ms"": 100, ""intended_onset_ms"": 119653.557, ""actual_onset_global_ms"": 119674.073, ""actual_offset_global_ms"": 119771.859, ""actual_duration_ms"": 97.786}, {""stage_name"": ""stimulus"", ""planned_duration_ms"": 3000, ""intended_onset_ms"": 119753.557, ""actual_onset_global_ms"": 119776.31, ""actual_offset_global_ms"": 121277.795, ""actual_duration_ms"": 1501.485}]",,,,,,,,,,,,,,,,,,,,,,,,,,,,,,,,,,,,,,,,,,,,,,,,,,,,,,,,,,,,,,,,,,,,,,,,,,,
017,017_T1_20260425_151123,PCPA,T1,standard,hci_substudy_v2,1,telemetry_v4,flanker,1,formal_block_2,formal,2,13,45,formal,incongruent,1777101083,60.037,2026-04-25T15:13:31.881,0,0,0,1,121303.823,121319.731,incongruent,left,right,>><>>,s,s,1,5088.357,126525.555,none,,121403.823,121437.198,126525.555,3000,5088.357,126525.555,"[{""stage_name"": ""fixation"", ""planned_duration_ms"": 100, ""intended_onset_ms"": 121303.823, ""actual_onset_global_ms"": 121319.731, ""actual_offset_global_ms"": 121438.026, ""actual_duration_ms"": 118.295}, {""stage_name"": ""stimulus"", ""planned_duration_ms"": 3000, ""intended_onset_ms"": 121403.823, ""actual_onset_global_ms"": 121437.198, ""actual_offset_global_ms"": 126525.555, ""actual_duration_ms"": 5088.357}]",,,,,,,,,,,,,,,,,,,,,,,,,,,,,,,,,,,,,,,,,,,,,,,,,,,,,,,,,,,,,,,,,,,,,,,,,,,
017,017_T1_20260425_151123,PCPA,T1,standard,hci_substudy_v2,1,telemetry_v4,flanker,1,formal_block_2,formal,2,14,46,formal,congruent,1777101083,60.037,2026-04-25T15:13:37.121,0,0,0,1,126543.554,126556.907,congruent,right,right,>>>>>,j,j,1,1437.479,128109.581,none,,126643.554,126672.102,128109.581,3000,1437.479,128109.581,"[{""stage_name"": ""fixation"", ""planned_duration_ms"": 100, ""intended_onset_ms"": 126543.554, ""actual_onset_global_ms"": 126556.907, ""actual_offset_global_ms"": 126669.394, ""actual_duration_ms"": 112.487}, {""stage_name"": ""stimulus"", ""planned_duration_ms"": 3000, ""intended_onset_ms"": 126643.554, ""actual_onset_global_ms"": 126672.102, ""actual_offset_global_ms"": 128109.581, ""actual_duration_ms"": 1437.479}]",,,,,,,,,,,,,,,,,,,,,,,,,,,,,,,,,,,,,,,,,,,,,,,,,,,,,,,,,,,,,,,,,,,,,,,,,,,
017,017_T1_20260425_151123,PCPA,T1,standard,hci_substudy_v2,1,telemetry_v4,flanker,1,formal_block_2,formal,2,15,47,formal,congruent,1777101083,60.037,2026-04-25T15:13:38.714,0,0,0,1,128136.675,128153.555,congruent,left,left,<<<<<,s,s,1,690.868,128949.273,none,,128236.675,128258.405,128949.273,3000,690.868,128949.273,"[{""stage_name"": ""fixation"", ""planned_duration_ms"": 100, ""intended_onset_ms"": 128136.675, ""actual_onset_global_ms"": 128153.555, ""actual_offset_global_ms"": 128254.855, ""actual_duration_ms"": 101.3}, {""stage_name"": ""stimulus"", ""planned_duration_ms"": 3000, ""intended_onset_ms"": 128236.675, ""actual_onset_global_ms"": 128258.405, ""actual_offset_global_ms"": 128949.273, ""actual_duration_ms"": 690.868}]",,,,,,,,,,,,,,,,,,,,,,,,,,,,,,,,,,,,,,,,,,,,,,,,,,,,,,,,,,,,,,,,,,,,,,,,,,,
017,017_T1_20260425_151123,PCPA,T1,standard,hci_substudy_v2,1,telemetry_v4,flanker,1,formal_block_2,formal,2,16,48,formal,incongruent,1777101083,60.037,2026-04-25T15:13:39.542,0,0,0,1,128964.581,128985.783,incongruent,right,left,<<><<,j,j,1,855.297,129948.249,none,,129064.581,129092.952,129948.249,3000,855.297,129948.249,"[{""stage_name"": ""fixation"", ""planned_duration_ms"": 100, ""intended_onset_ms"": 128964.581, ""actual_onset_global_ms"": 128985.783, ""actual_offset_global_ms"": 129088.881, ""actual_duration_ms"": 103.098}, {""stage_name"": ""stimulus"", ""planned_duration_ms"": 3000, ""intended_onset_ms"": 129064.581, ""actual_onset_global_ms"": 129092.952, ""actual_offset_global_ms"": 129948.249, ""actual_duration_ms"": 855.297}]",,,,,,,,,,,,,,,,,,,,,,,,,,,,,,,,,,,,,,,,,,,,,,,,,,,,,,,,,,,,,,,,,,,,,,,,,,,
017,017_T1_20260425_151123,PCPA,T1,standard,hci_substudy_v2,1,telemetry_v4,flanker,1,formal_block_2,formal,2,17,49,formal,congruent,1777101083,60.037,2026-04-25T15:13:40.551,0,0,0,1,129973.98,129993.384,congruent,right,right,>>>>>,j,j,1,1240.899,131337.403,none,,130073.98,130096.504,131337.403,3000,1240.899,131337.403,"[{""stage_name"": ""fixation"", ""planned_duration_ms"": 100, ""intended_onset_ms"": 129973.98, ""actual_onset_global_ms"": 129993.384, ""actual_offset_global_ms"": 130092.241, ""actual_duration_ms"": 98.857}, {""stage_name"": ""stimulus"", ""planned_duration_ms"": 3000, ""intended_onset_ms"": 130073.98, ""actual_onset_global_ms"": 130096.504, ""actual_offset_global_ms"": 131337.403, ""actual_duration_ms"": 1240.899}]",,,,,,,,,,,,,,,,,,,,,,,,,,,,,,,,,,,,,,,,,,,,,,,,,,,,,,,,,,,,,,,,,,,,,,,,,,,
017,017_T1_20260425_151123,PCPA,T1,standard,hci_substudy_v2,1,telemetry_v4,flanker,1,formal_block_2,formal,2,18,50,formal,incongruent,1777101083,60.037,2026-04-25T15:13:41.929,0,0,0,1,131352.461,131373.452,incongruent,left,right,>><>>,s,s,1,700.125,132181.15,none,,131452.461,131481.025,132181.15,3000,700.125,132181.15,"[{""stage_name"": ""fixation"", ""planned_duration_ms"": 100, ""intended_onset_ms"": 131352.461, ""actual_onset_global_ms"": 131373.452, ""actual_offset_global_ms"": 131473.852, ""actual_duration_ms"": 100.4}, {""stage_name"": ""stimulus"", ""planned_duration_ms"": 3000, ""intended_onset_ms"": 131452.461, ""actual_onset_global_ms"": 131481.025, ""actual_offset_global_ms"": 132181.15, ""actual_duration_ms"": 700.125}]",,,,,,,,,,,,,,,,,,,,,,,,,,,,,,,,,,,,,,,,,,,,,,,,,,,,,,,,,,,,,,,,,,,,,,,,,,,
017,017_T1_20260425_151123,PCPA,T1,standard,hci_substudy_v2,1,telemetry_v4,flanker,1,formal_block_2,formal,2,19,51,formal,congruent,1777101083,60.037,2026-04-25T15:13:42.774,0,0,0,1,132197.335,132210.815,congruent,right,right,>>>>>,j,j,1,1396.621,133735.569,none,,132297.335,132338.948,133735.569,3000,1396.621,133735.569,"[{""stage_name"": ""fixation"", ""planned_duration_ms"": 100, ""intended_onset_ms"": 132197.335, ""actual_onset_global_ms"": 132210.815, ""actual_offset_global_ms"": 132333.131, ""actual_duration_ms"": 122.316}, {""stage_name"": ""stimulus"", ""planned_duration_ms"": 3000, ""intended_onset_ms"": 132297.335, ""actual_onset_global_ms"": 132338.948, ""actual_offset_global_ms"": 133735.569, ""actual_duration_ms"": 1396.621}]",,,,,,,,,,,,,,,,,,,,,,,,,,,,,,,,,,,,,,,,,,,,,,,,,,,,,,,,,,,,,,,,,,,,,,,,,,,
017,017_T1_20260425_151123,PCPA,T1,standard,hci_substudy_v2,1,telemetry_v4,flanker,1,formal_block_2,formal,2,20,52,formal,congruent,1777101083,60.037,2026-04-25T15:13:44.339,0,0,0,1,133760.807,133776.029,congruent,left,left,<<<<<,s,s,1,613.166,134509.586,none,,133860.807,133896.42,134509.586,3000,613.166,134509.586,"[{""stage_name"": ""fixation"", ""planned_duration_ms"": 100, ""intended_onset_ms"": 133760.807, ""actual_onset_global_ms"": 133776.029, ""actual_offset_global_ms"": 133892.221, ""actual_duration_ms"": 116.192}, {""stage_name"": ""stimulus"", ""planned_duration_ms"": 3000, ""intended_onset_ms"": 133860.807, ""actual_onset_global_ms"": 133896.42, ""actual_offset_global_ms"": 134509.586, ""actual_duration_ms"": 613.166}]",,,,,,,,,,,,,,,,,,,,,,,,,,,,,,,,,,,,,,,,,,,,,,,,,,,,,,,,,,,,,,,,,,,,,,,,,,,
017,017_T1_20260425_151123,PCPA,T1,standard,hci_substudy_v2,1,telemetry_v4,dccs,2,pre_switch_practice,practice,1,1,1,practice,color,1777101083,60.037,2026-04-25T15:14:24.737,0,0,0,1,174159.629,174238.251,,,,,j,j,1,7743.666,182615.641,correct,1.0,174759.629,174871.975,182615.641,3000,7743.666,182765.641,"[{""stage_name"": ""fixation"", ""planned_duration_ms"": 100, ""intended_onset_ms"": 174159.629, ""actual_onset_global_ms"": 174238.251, ""actual_offset_global_ms"": 174295.84, ""actual_duration_ms"": 57.589}, {""stage_name"": ""cue"", ""planned_duration_ms"": 500, ""intended_onset_ms"": 174259.629, ""actual_onset_global_ms"": 174310.959, ""actual_offset_global_ms"": 174872.193, ""actual_duration_ms"": 561.234}, {""stage_name"": ""stimulus"", ""planned_duration_ms"": 3000, ""intended_onset_ms"": 174759.629, ""actual_onset_global_ms"": 174871.975, ""actual_offset_global_ms"": 182615.641, ""actual_duration_ms"": 7743.666}, {""stage_name"": ""feedback"", ""planned_duration_ms"": 150, ""intended_onset_ms"": 182615.641, ""actual_onset_global_ms"": 182648.644, ""actual_offset_global_ms"": 182801.752, ""actual_duration_ms"": 153.108}]",correct.wav,182622.851,150.0,183122.851,0.0,none,,,0.0,0.0,none,0.0,0.0,0.0,0.0,,,0.0,none,none,0.0,color,cue_color.wav,颜色,174311.417,500.0,175007.979,red,boat,red_boat,practice,,color,8304.682,,,,,,,,,,,,,,,,,,,,,,,,,,,,,,,,,,,,,,,,,
017,017_T1_20260425_151123,PCPA,T1,standard,hci_substudy_v2,1,telemetry_v4,dccs,2,pre_switch_practice,practice,1,2,2,practice,color,1777101083,60.037,2026-04-25T15:14:33.369,0,0,0,1,182791.654,182812.205,,,,,s,s,1,1284.38,184773.846,correct,1.0,183391.654,183489.466,184773.846,3000,1284.38,184923.846,"[{""stage_name"": ""fixation"", ""planned_duration_ms"": 100, ""intended_onset_ms"": 182791.654, ""actual_onset_global_ms"": 182812.205, ""actual_offset_global_ms"": 182921.391, ""actual_duration_ms"": 109.186}, {""stage_name"": ""cue"", ""planned_duration_ms"": 500, ""intended_onset_ms"": 182891.654, ""actual_onset_global_ms"": 182922.988, ""actual_offset_global_ms"": 183491.77, ""actual_duration_ms"": 568.782}, {""stage_name"": ""stimulus"", ""planned_duration_ms"": 3000, ""intended_onset_ms"": 183391.654, ""actual_onset_global_ms"": 183489.466, ""actual_offset_global_ms"": 184773.846, ""actual_duration_ms"": 1284.38}, {""stage_name"": ""feedback"", ""planned_duration_ms"": 150, ""intended_onset_ms"": 184773.846, ""actual_onset_global_ms"": 184806.762, ""actual_offset_global_ms"": 184971.336, ""actual_duration_ms"": 164.574}]",correct.wav,184789.193,150.0,185289.193,0.0,none,,,0.0,0.0,none,0.0,0.0,0.0,0.0,,,0.0,none,none,0.0,color,cue_color.wav,颜色,182923.469,500.0,183620.032,blue,rabbit,blue_rabbit,practice,,color,1850.858,,,,,,,,,,,,,,,,,,,,,,,,,,,,,,,,,,,,,,,,,
017,017_T1_20260425_151123,PCPA,T1,standard,hci_substudy_v2,1,telemetry_v4,dccs,2,pre_switch_practice,practice,1,3,3,practice,color,1777101083,60.037,2026-04-25T15:14:35.541,0,0,0,1,184963.039,184987.976,,,,,j,j,1,720.146,186407.878,correct,1.0,185563.039,185687.732,186407.878,3000,720.146,186557.878,"[{""stage_name"": ""fixation"", ""planned_duration_ms"": 100, ""intended_onset_ms"": 184963.039, ""actual_onset_global_ms"": 184987.976, ""actual_offset_global_ms"": 185099.32, ""actual_duration_ms"": 111.344}, {""stage_name"": ""cue"", ""planned_duration_ms"": 500, ""intended_onset_ms"": 185063.039, ""actual_onset_global_ms"": 185104.246, ""actual_offset_global_ms"": 185687.846, ""actual_duration_ms"": 583.6}, {""stage_name"": ""stimulus"", ""planned_duration_ms"": 3000, ""intended_onset_ms"": 185563.039, ""actual_onset_global_ms"": 185687.732, ""actual_offset_global_ms"": 186407.878, ""actual_duration_ms"": 720.146}, {""stage_name"": ""feedback"", ""planned_duration_ms"": 150, ""intended_onset_ms"": 186407.878, ""actual_onset_global_ms"": 186440.21, ""actual_offset_global_ms"": 186603.856, ""actual_duration_ms"": 163.646}]",correct.wav,186422.661,150.0,186922.661,0.0,none,,,0.0,0.0,none,0.0,0.0,0.0,0.0,,,0.0,none,none,0.0,color,cue_color.wav,颜色,185104.77,500.0,185801.332,red,boat,red_boat,practice,,color,1303.632,,,,,,,,,,,,,,,,,,,,,,,,,,,,,,,,,,,,,,,,,
017,017_T1_20260425_151123,PCPA,T1,standard,hci_substudy_v2,1,telemetry_v4,dccs,2,pre_switch_practice,practice,1,4,4,practice,color,1777101083,60.037,2026-04-25T15:14:37.174,0,0,0,1,186596.481,186615.347,,,,,s,s,1,561.813,187876.633,correct,1.0,187196.481,187314.82,187876.633,3000,561.813,188026.633,"[{""stage_name"": ""fixation"", ""planned_duration_ms"": 100, ""intended_onset_ms"": 186596.481, ""actual_onset_global_ms"": 186615.347, ""actual_offset_global_ms"": 186723.566, ""actual_duration_ms"": 108.219}, {""stage_name"": ""cue"", ""planned_duration_ms"": 500, ""intended_onset_ms"": 186696.481, ""actual_onset_global_ms"": 186725.779, ""actual_offset_global_ms"": 187312.265, ""actual_duration_ms"": 586.486}, {""stage_name"": ""stimulus"", ""planned_duration_ms"": 3000, ""intended_onset_ms"": 187196.481, ""actual_onset_global_ms"": 187314.82, ""actual_offset_global_ms"": 187876.633, ""actual_duration_ms"": 561.813}, {""stage_name"": ""feedback"", ""planned_duration_ms"": 150, ""intended_onset_ms"": 187876.633, ""actual_onset_global_ms"": 187910.794, ""actual_offset_global_ms"": 188068.32, ""actual_duration_ms"": 157.526}]",correct.wav,187890.846,150.0,188390.846,0.0,none,,,0.0,0.0,none,0.0,0.0,0.0,0.0,,,0.0,none,none,0.0,color,cue_color.wav,颜色,186726.473,500.0,187423.035,blue,boat,blue_boat,practice,,color,1150.854,,,,,,,,,,,,,,,,,,,,,,,,,,,,,,,,,,,,,,,,,
017,017_T1_20260425_151123,PCPA,T1,standard,hci_substudy_v2,1,telemetry_v4,dccs,2,pre_switch_practice,practice,1,5,5,practice,color,1777101083,60.037,2026-04-25T15:14:38.639,0,0,0,1,188061.708,188082.13,,,,,j,j,1,1946.275,190721.42,correct,1.0,188661.708,188775.145,190721.42,3000,1946.275,190871.42,"[{""stage_name"": ""fixation"", ""planned_duration_ms"": 100, ""intended_onset_ms"": 188061.708, ""actual_onset_global_ms"": 188082.13, ""actual_offset_global_ms"": 188191.693, ""actual_duration_ms"": 109.563}, {""stage_name"": ""cue"", ""planned_duration_ms"": 500, ""intended_onset_ms"": 188161.708, ""actual_onset_global_ms"": 188194.313, ""actual_offset_global_ms"": 188775.521, ""actual_duration_ms"": 581.208}, {""stage_name"": ""stimulus"", ""planned_duration_ms"": 3000, ""intended_onset_ms"": 188661.708, ""actual_onset_global_ms"": 188775.145, ""actual_offset_global_ms"": 190721.42, ""actual_duration_ms"": 1946.275}, {""stage_name"": ""feedback"", ""planned_duration_ms"": 150, ""intended_onset_ms"": 190721.42, ""actual_onset_global_ms"": 190742.546, ""actual_offset_global_ms"": 190904.46, ""actual_duration_ms"": 161.914}]",correct.wav,190724.791,150.0,191224.791,0.0,none,,,0.0,0.0,none,0.0,0.0,0.0,0.0,,,0.0,none,none,0.0,color,cue_color.wav,颜色,188194.738,500.0,188891.301,red,rabbit,red_rabbit,practice,,color,2527.107,,,,,,,,,,,,,,,,,,,,,,,,,,,,,,,,,,,,,,,,,
017,017_T1_20260425_151123,PCPA,T1,standard,hci_substudy_v2,1,telemetry_v4,dccs,2,pre_switch_practice,practice,1,6,6,practice,color,1777101083,60.037,2026-04-25T15:14:41.475,0,0,0,1,190898.115,190921.396,,,,,s,s,1,2998.077,194619.405,correct,1.0,191498.115,191621.328,194619.405,3000,2998.077,194769.405,"[{""stage_name"": ""fixation"", ""planned_duration_ms"": 100, ""intended_onset_ms"": 190898.115, ""actual_onset_global_ms"": 190921.396, ""actual_offset_global_ms"": 191024.661, ""actual_duration_ms"": 103.265}, {""stage_name"": ""cue"", ""planned_duration_ms"": 500, ""intended_onset_ms"": 190998.115, ""actual_onset_global_ms"": 191029.251, ""actual_offset_global_ms"": 191617.366, ""actual_duration_ms"": 588.115}, {""stage_name"": ""stimulus"", ""planned_duration_ms"": 3000, ""intended_onset_ms"": 191498.115, ""actual_onset_global_ms"": 191621.328, ""actual_offset_global_ms"": 194619.405, ""actual_duration_ms"": 2998.077}, {""stage_name"": ""feedback"", ""planned_duration_ms"": 150, ""intended_onset_ms"": 194619.405, ""actual_onset_global_ms"": 194638.952, ""actual_offset_global_ms"": 194791.28, ""actual_duration_ms"": 152.328}]",correct.wav,194622.275,150.0,195122.275,0.0,none,,,0.0,0.0,none,0.0,0.0,0.0,0.0,,,0.0,none,none,0.0,color,cue_color.wav,颜色,191029.799,500.0,191726.361,blue,rabbit,blue_rabbit,practice,,color,3590.154,,,,,,,,,,,,,,,,,,,,,,,,,,,,,,,,,,,,,,,,,
017,017_T1_20260425_151123,PCPA,T1,standard,hci_substudy_v2,1,telemetry_v4,dccs,2,post_switch_practice,practice,2,1,7,practice,shape,1777101083,60.037,2026-04-25T15:14:47.446,0,0,0,1,196868.956,196890.158,,,,,j,j,1,7905.03,205503.852,correct,1.0,197468.956,197598.822,205503.852,3000,7905.03,205653.852,"[{""stage_name"": ""fixation"", ""planned_duration_ms"": 100, ""intended_onset_ms"": 196868.956, ""actual_onset_global_ms"": 196890.158, ""actual_offset_global_ms"": 196989.551, ""actual_duration_ms"": 99.393}, {""stage_name"": ""cue"", ""planned_duration_ms"": 500, ""intended_onset_ms"": 196968.956, ""actual_onset_global_ms"": 197000.323, ""actual_offset_global_ms"": 197595.359, ""actual_duration_ms"": 595.036}, {""stage_name"": ""stimulus"", ""planned_duration_ms"": 3000, ""intended_onset_ms"": 197468.956, ""actual_onset_global_ms"": 197598.822, ""actual_offset_global_ms"": 205503.852, ""actual_duration_ms"": 7905.03}, {""stage_name"": ""feedback"", ""planned_duration_ms"": 150, ""intended_onset_ms"": 205503.852, ""actual_onset_global_ms"": 205526.119, ""actual_offset_global_ms"": 205687.46, ""actual_duration_ms"": 161.341}]",correct.wav,205508.033,150.0,206008.033,0.0,none,,,0.0,0.0,none,0.0,0.0,0.0,0.0,,,0.0,none,none,0.0,shape,cue_shape.wav,形状,197000.781,500.0,197767.031,blue,boat,blue_boat,practice,,shape,8503.529,,,,,,,,,,,,,,,,,,,,,,,,,,,,,,,,,,,,,,,,,
017,017_T1_20260425_151123,PCPA,T1,standard,hci_substudy_v2,1,telemetry_v4,dccs,2,post_switch_practice,practice,2,2,8,practice,shape,1777101083,60.037,2026-04-25T15:14:56.257,0,0,0,1,205679.809,205709.557,,,,,s,s,1,995.98,207402.562,correct,1.0,206279.809,206406.582,207402.562,3000,995.98,207552.562,"[{""stage_name"": ""fixation"", ""planned_duration_ms"": 100, ""intended_onset_ms"": 205679.809, ""actual_onset_global_ms"": 205709.557, ""actual_offset_global_ms"": 205806.507, ""actual_duration_ms"": 96.95}, {""stage_name"": ""cue"", ""planned_duration_ms"": 500, ""intended_onset_ms"": 205779.809, ""actual_onset_global_ms"": 205812.616, ""actual_offset_global_ms"": 206406.409, ""actual_duration_ms"": 593.793}, {""stage_name"": ""stimulus"", ""planned_duration_ms"": 3000, ""intended_onset_ms"": 206279.809, ""actual_onset_global_ms"": 206406.582, ""actual_offset_global_ms"": 207402.562, ""actual_duration_ms"": 995.98}, {""stage_name"": ""feedback"", ""planned_duration_ms"": 150, ""intended_onset_ms"": 207402.562, ""actual_onset_global_ms"": 207423.002, ""actual_offset_global_ms"": 207588.447, ""actual_duration_ms"": 165.445}]",correct.wav,207405.384,150.0,207905.384,0.0,none,,,0.0,0.0,none,0.0,0.0,0.0,0.0,,,0.0,none,none,0.0,shape,cue_shape.wav,形状,205813.074,500.0,206579.324,blue,rabbit,blue_rabbit,practice,,shape,1589.946,,,,,,,,,,,,,,,,,,,,,,,,,,,,,,,,,,,,,,,,,
017,017_T1_20260425_151123,PCPA,T1,standard,hci_substudy_v2,1,telemetry_v4,dccs,2,post_switch_practice,practice,2,3,9,practice,shape,1777101083,60.037,2026-04-25T15:14:58.159,0,0,0,1,207581.832,207602.105,,,,,j,j,1,994.108,209291.55,correct,1.0,208181.832,208297.442,209291.55,3000,994.108,209441.55,"[{""stage_name"": ""fixation"", ""planned_duration_ms"": 100, ""intended_onset_ms"": 207581.832, ""actual_onset_global_ms"": 207602.105, ""actual_offset_global_ms"": 207702.091, ""actual_duration_ms"": 99.986}, {""stage_name"": ""cue"", ""planned_duration_ms"": 500, ""intended_onset_ms"": 207681.832, ""actual_onset_global_ms"": 207703.785, ""actual_offset_global_ms"": 208293.802, ""actual_duration_ms"": 590.017}, {""stage_name"": ""stimulus"", ""planned_duration_ms"": 3000, ""intended_onset_ms"": 208181.832, ""actual_onset_global_ms"": 208297.442, ""actual_offset_global_ms"": 209291.55, ""actual_duration_ms"": 994.108}, {""stage_name"": ""feedback"", ""planned_duration_ms"": 150, ""intended_onset_ms"": 209291.55, ""actual_onset_global_ms"": 209322.573, ""actual_offset_global_ms"": 209473.033, ""actual_duration_ms"": 150.46}]",correct.wav,209306.08,150.0,209806.08,0.0,none,,,0.0,0.0,none,0.0,0.0,0.0,0.0,,,0.0,none,none,0.0,shape,cue_shape.wav,形状,207704.292,500.0,208470.542,red,boat,red_boat,practice,,shape,1587.765,,,,,,,,,,,,,,,,,,,,,,,,,,,,,,,,,,,,,,,,,
017,017_T1_20260425_151123,PCPA,T1,standard,hci_substudy_v2,1,telemetry_v4,dccs,2,post_switch_practice,practice,2,4,10,practice,shape,1777101083,60.037,2026-04-25T15:15:00.040,0,0,0,1,209462.324,209475.33,,,,,j,j,1,669.193,210820.832,correct,1.0,210062.324,210151.639,210820.832,3000,669.193,210970.832,"[{""stage_name"": ""fixation"", ""planned_duration_ms"": 100, ""intended_onset_ms"": 209462.324, ""actual_onset_global_ms"": 209475.33, ""actual_offset_global_ms"": 209587.219, ""actual_duration_ms"": 111.889}, {""stage_name"": ""cue"", ""planned_duration_ms"": 500, ""intended_onset_ms"": 209562.324, ""actual_onset_global_ms"": 209589.472, ""actual_offset_global_ms"": 210147.828, ""actual_duration_ms"": 558.356}, {""stage_name"": ""stimulus"", ""planned_duration_ms"": 3000, ""intended_onset_ms"": 210062.324, ""actual_onset_global_ms"": 210151.639, ""actual_offset_global_ms"": 210820.832, ""actual_duration_ms"": 669.193}, {""stage_name"": ""feedback"", ""planned_duration_ms"": 150, ""intended_onset_ms"": 210820.832, ""actual_onset_global_ms"": 210844.54, ""actual_offset_global_ms"": 211007.278, ""actual_duration_ms"": 162.738}]",correct.wav,210825.085,150.0,211325.085,0.0,none,,,0.0,0.0,none,0.0,0.0,0.0,0.0,,,0.0,none,none,0.0,shape,cue_shape.wav,形状,209589.722,500.0,210355.972,red,boat,red_boat,practice,,shape,1231.36,,,,,,,,,,,,,,,,,,,,,,,,,,,,,,,,,,,,,,,,,
017,017_T1_20260425_151123,PCPA,T1,standard,hci_substudy_v2,1,telemetry_v4,dccs,2,post_switch_practice,practice,2,5,11,practice,shape,1777101083,60.037,2026-04-25T15:15:01.579,0,0,0,1,211001.365,211025.745,,,,,s,s,1,998.76,212720.097,correct,1.0,211601.365,211721.337,212720.097,3000,998.76,212870.097,"[{""stage_name"": ""fixation"", ""planned_duration_ms"": 100, ""intended_onset_ms"": 211001.365, ""actual_onset_global_ms"": 211025.745, ""actual_offset_global_ms"": 211123.479, ""actual_duration_ms"": 97.734}, {""stage_name"": ""cue"", ""planned_duration_ms"": 500, ""intended_onset_ms"": 211101.365, ""actual_onset_global_ms"": 211125.404, ""actual_offset_global_ms"": 211717.413, ""actual_duration_ms"": 592.009}, {""stage_name"": ""stimulus"", ""planned_duration_ms"": 3000, ""intended_onset_ms"": 211601.365, ""actual_onset_global_ms"": 211721.337, ""actual_offset_global_ms"": 212720.097, ""actual_duration_ms"": 998.76}, {""stage_name"": ""feedback"", ""planned_duration_ms"": 150, ""intended_onset_ms"": 212720.097, ""actual_onset_global_ms"": 212740.226, ""actual_offset_global_ms"": 212902.711, ""actual_duration_ms"": 162.485}]",correct.wav,212722.673,150.0,213222.673,0.0,none,,,0.0,0.0,none,0.0,0.0,0.0,0.0,,,0.0,none,none,0.0,shape,cue_shape.wav,形状,211126.103,500.0,211892.353,red,rabbit,red_rabbit,practice,,shape,1594.693,,,,,,,,,,,,,,,,,,,,,,,,,,,,,,,,,,,,,,,,,
017,017_T1_20260425_151123,PCPA,T1,standard,hci_substudy_v2,1,telemetry_v4,dccs,2,post_switch_practice,practice,2,6,12,practice,shape,1777101083,60.037,2026-04-25T15:15:03.473,0,0,0,1,212895.166,212914.243,,,,,s,s,1,1348.955,214973.086,correct,1.0,213495.166,213624.131,214973.086,3000,1348.955,215123.086,"[{""stage_name"": ""fixation"", ""planned_duration_ms"": 100, ""intended_onset_ms"": 212895.166, ""actual_onset_global_ms"": 212914.243, ""actual_offset_global_ms"": 213011.766, ""actual_duration_ms"": 97.523}, {""stage_name"": ""cue"", ""planned_duration_ms"": 500, ""intended_onset_ms"": 212995.166, ""actual_onset_global_ms"": 213022.229, ""actual_offset_global_ms"": 213623.78, ""actual_duration_ms"": 601.551}, {""stage_name"": ""stimulus"", ""planned_duration_ms"": 3000, ""intended_onset_ms"": 213495.166, ""actual_onset_global_ms"": 213624.131, ""actual_offset_global_ms"": 214973.086, ""actual_duration_ms"": 1348.955}, {""stage_name"": ""feedback"", ""planned_duration_ms"": 150, ""intended_onset_ms"": 214973.086, ""actual_onset_global_ms"": 214996.878, ""actual_offset_global_ms"": 215157.223, ""actual_duration_ms"": 160.345}]",correct.wav,214976.41,150.0,215476.41,0.0,none,,,0.0,0.0,none,0.0,0.0,0.0,0.0,,,0.0,none,none,0.0,shape,cue_shape.wav,形状,213022.704,500.0,213788.954,blue,rabbit,blue_rabbit,practice,,shape,1950.857,,,,,,,,,,,,,,,,,,,,,,,,,,,,,,,,,,,,,,,,,
017,017_T1_20260425_151123,PCPA,T1,standard,hci_substudy_v2,1,telemetry_v4,dccs,2,mixed_formal,formal,1,1,13,formal,shape,1777101083,60.037,2026-04-25T15:15:11.074,0,0,0,1,220496.695,220524.862,,,,,j,j,1,6429.056,227666.344,none,,221096.695,221237.288,227666.344,3000,6429.056,227666.344,"[{""stage_name"": ""fixation"", ""planned_duration_ms"": 100, ""intended_onset_ms"": 220496.695, ""actual_onset_global_ms"": 220524.862, ""actual_offset_global_ms"": 220616.647, ""actual_duration_ms"": 91.785}, {""stage_name"": ""cue"", ""planned_duration_ms"": 500, ""intended_onset_ms"": 220596.695, ""actual_onset_global_ms"": 220623.033, ""actual_offset_global_ms"": 221232.414, ""actual_duration_ms"": 609.381}, {""stage_name"": ""stimulus"", ""planned_duration_ms"": 3000, ""intended_onset_ms"": 221096.695, ""actual_onset_global_ms"": 221237.288, ""actual_offset_global_ms"": 227666.344, ""actual_duration_ms"": 6429.056}]",,,,,0.0,none,,,0.0,0.0,none,0.0,0.0,0.0,0.0,,,0.0,none,none,0.0,shape,cue_shape.wav,形状,220624.042,500.0,221390.292,blue,boat,blue_boat,first,,shape,7043.311,,,,,,,,,,,,,,,,,,,,,,,,,,,,,,,,,,,,,,,,,
017,017_T1_20260425_151123,PCPA,T1,standard,hci_substudy_v2,1,telemetry_v4,dccs,2,mixed_formal,formal,1,2,14,formal,color,1777101083,60.037,2026-04-25T15:15:18.263,0,0,0,1,227685.148,227704.752,,,,,s,s,1,945.438,229316.998,none,,228285.148,228371.56,229316.998,3000,945.438,229316.998,"[{""stage_name"": ""fixation"", ""planned_duration_ms"": 100, ""intended_onset_ms"": 227685.148, ""actual_onset_global_ms"": 227704.752, ""actual_offset_global_ms"": 227808.329, ""actual_duration_ms"": 103.577}, {""stage_name"": ""cue"", ""planned_duration_ms"": 500, ""intended_onset_ms"": 227785.148, ""actual_onset_global_ms"": 227812.587, ""actual_offset_global_ms"": 228371.597, ""actual_duration_ms"": 559.01}, {""stage_name"": ""stimulus"", ""planned_duration_ms"": 3000, ""intended_onset_ms"": 228285.148, ""actual_onset_global_ms"": 228371.56, ""actual_offset_global_ms"": 229316.998, ""actual_duration_ms"": 945.438}]",,,,,0.0,none,,,0.0,0.0,none,0.0,0.0,0.0,0.0,,,0.0,none,none,0.0,color,cue_color.wav,颜色,227813.068,500.0,228509.63,blue,rabbit,blue_rabbit,switch,shape,color,1504.411,,,,,,,,,,,,,,,,,,,,,,,,,,,,,,,,,,,,,,,,,
017,017_T1_20260425_151123,PCPA,T1,standard,hci_substudy_v2,1,telemetry_v4,dccs,2,mixed_formal,formal,1,3,15,formal,shape,1777101083,60.037,2026-04-25T15:15:19.910,0,0,0,1,229332.77,229355.588,,,,,s,j,0,879.854,230934.484,none,,229932.77,230054.63,230934.484,3000,879.854,230934.484,"[{""stage_name"": ""fixation"", ""planned_duration_ms"": 100, ""intended_onset_ms"": 229332.77, ""actual_onset_global_ms"": 229355.588, ""actual_offset_global_ms"": 229450.959, ""actual_duration_ms"": 95.371}, {""stage_name"": ""cue"", ""planned_duration_ms"": 500, ""intended_onset_ms"": 229432.77, ""actual_onset_global_ms"": 229453.695, ""actual_offset_global_ms"": 230054.219, ""actual_duration_ms"": 600.524}, {""stage_name"": ""stimulus"", ""planned_duration_ms"": 3000, ""intended_onset_ms"": 229932.77, ""actual_onset_global_ms"": 230054.63, ""actual_offset_global_ms"": 230934.484, ""actual_duration_ms"": 879.854}]",,,,,0.0,none,,,0.0,0.0,none,0.0,0.0,0.0,0.0,,,0.0,none,none,0.0,shape,cue_shape.wav,形状,229454.131,500.0,230220.381,blue,rabbit,blue_rabbit,switch,color,shape,1480.789,,,,,,,,,,,,,,,,,,,,,,,,,,,,,,,,,,,,,,,,,
017,017_T1_20260425_151123,PCPA,T1,standard,hci_substudy_v2,1,telemetry_v4,dccs,2,mixed_formal,formal,1,4,16,formal,color,1777101083,60.037,2026-04-25T15:15:21.539,0,0,0,1,230961.915,230982.469,,,,,j,j,1,2942.835,234587.984,none,,231561.915,231645.149,234587.984,3000,2942.835,234587.984,"[{""stage_name"": ""fixation"", ""planned_duration_ms"": 100, ""intended_onset_ms"": 230961.915, ""actual_onset_global_ms"": 230982.469, ""actual_offset_global_ms"": 231087.407, ""actual_duration_ms"": 104.938}, {""stage_name"": ""cue"", ""planned_duration_ms"": 500, ""intended_onset_ms"": 231061.915, ""actual_onset_global_ms"": 231088.684, ""actual_offset_global_ms"": 231642.545, ""actual_duration_ms"": 553.861}, {""stage_name"": ""stimulus"", ""planned_duration_ms"": 3000, ""intended_onset_ms"": 231561.915, ""actual_onset_global_ms"": 231645.149, ""actual_offset_global_ms"": 234587.984, ""actual_duration_ms"": 2942.835}]",,,,,0.0,none,,,0.0,0.0,none,0.0,0.0,0.0,0.0,,,0.0,none,none,0.0,color,cue_color.wav,颜色,231089.104,500.0,231785.666,red,rabbit,red_rabbit,switch,shape,color,3499.3,,,,,,,,,,,,,,,,,,,,,,,,,,,,,,,,,,,,,,,,,
017,017_T1_20260425_151123,PCPA,T1,standard,hci_substudy_v2,1,telemetry_v4,dccs,2,mixed_formal,formal,1,5,17,formal,color,1777101083,60.037,2026-04-25T15:15:25.195,0,0,0,1,234616.968,234634.382,,,,,s,s,1,1781.964,237102.543,none,,235216.968,235320.579,237102.543,3000,1781.964,237102.543,"[{""stage_name"": ""fixation"", ""planned_duration_ms"": 100, ""intended_onset_ms"": 234616.968, ""actual_onset_global_ms"": 234634.382, ""actual_offset_global_ms"": 234737.373, ""actual_duration_ms"": 102.991}, {""stage_name"": ""cue"", ""planned_duration_ms"": 500, ""intended_onset_ms"": 234716.968, ""actual_onset_global_ms"": 234742.54, ""actual_offset_global_ms"": 235317.49, ""actual_duration_ms"": 574.95}, {""stage_name"": ""stimulus"", ""planned_duration_ms"": 3000, ""intended_onset_ms"": 235216.968, ""actual_onset_global_ms"": 235320.579, ""actual_offset_global_ms"": 237102.543, ""actual_duration_ms"": 1781.964}]",,,,,0.0,none,,,0.0,0.0,none,0.0,0.0,0.0,0.0,,,0.0,none,none,0.0,color,cue_color.wav,颜色,234743.312,500.0,235439.875,blue,boat,blue_boat,repeat,color,color,2360.003,,,,,,,,,,,,,,,,,,,,,,,,,,,,,,,,,,,,,,,,,
017,017_T1_20260425_151123,PCPA,T1,standard,hci_substudy_v2,1,telemetry_v4,dccs,2,mixed_formal,formal,1,6,18,formal,color,1777101083,60.037,2026-04-25T15:15:27.693,0,0,0,1,237115.793,237139.778,,,,,s,s,1,1156.427,238959.594,none,,237715.793,237803.167,238959.594,3000,1156.427,238959.594,"[{""stage_name"": ""fixation"", ""planned_duration_ms"": 100, ""intended_onset_ms"": 237115.793, ""actual_onset_global_ms"": 237139.778, ""actual_offset_global_ms"": 237239.682, ""actual_duration_ms"": 99.904}, {""stage_name"": ""cue"", ""planned_duration_ms"": 500, ""intended_onset_ms"": 237215.793, ""actual_onset_global_ms"": 237240.709, ""actual_offset_global_ms"": 237802.49, ""actual_duration_ms"": 561.781}, {""stage_name"": ""stimulus"", ""planned_duration_ms"": 3000, ""intended_onset_ms"": 237715.793, ""actual_onset_global_ms"": 237803.167, ""actual_offset_global_ms"": 238959.594, ""actual_duration_ms"": 1156.427}]",,,,,0.0,none,,,0.0,0.0,none,0.0,0.0,0.0,0.0,,,0.0,none,none,0.0,color,cue_color.wav,颜色,237241.066,500.0,237937.628,blue,boat,blue_boat,repeat,color,color,1718.885,,,,,,,,,,,,,,,,,,,,,,,,,,,,,,,,,,,,,,,,,
017,017_T1_20260425_151123,PCPA,T1,standard,hci_substudy_v2,1,telemetry_v4,dccs,2,mixed_formal,formal,1,7,19,formal,shape,1777101083,60.037,2026-04-25T15:15:29.559,0,0,0,1,238982.613,238999.63,,,,,j,j,1,1457.831,241180.018,none,,239582.613,239722.187,241180.018,3000,1457.831,241180.018,"[{""stage_name"": ""fixation"", ""planned_duration_ms"": 100, ""intended_onset_ms"": 238982.613, ""actual_onset_global_ms"": 238999.63, ""actual_offset_global_ms"": 239113.72, ""actual_duration_ms"": 114.09}, {""stage_name"": ""cue"", ""planned_duration_ms"": 500, ""intended_onset_ms"": 239082.613, ""actual_onset_global_ms"": 239112.91, ""actual_offset_global_ms"": 239720.829, ""actual_duration_ms"": 607.919}, {""stage_name"": ""stimulus"", ""planned_duration_ms"": 3000, ""intended_onset_ms"": 239582.613, ""actual_onset_global_ms"": 239722.187, ""actual_offset_global_ms"": 241180.018, ""actual_duration_ms"": 1457.831}]",,,,,0.0,none,,,0.0,0.0,none,0.0,0.0,0.0,0.0,,,0.0,none,none,0.0,shape,cue_shape.wav,形状,239113.422,500.0,239879.672,red,boat,red_boat,switch,color,shape,2067.108,,,,,,,,,,,,,,,,,,,,,,,,,,,,,,,,,,,,,,,,,
017,017_T1_20260425_151123,PCPA,T1,standard,hci_substudy_v2,1,telemetry_v4,dccs,2,mixed_formal,formal,1,8,20,formal,shape,1777101083,60.037,2026-04-25T15:15:31.781,0,0,0,1,241203.211,241225.171,,,,,s,s,1,1607.708,243513.987,none,,241803.211,241906.279,243513.987,3000,1607.708,243513.987,"[{""stage_name"": ""fixation"", ""planned_duration_ms"": 100, ""intended_onset_ms"": 241203.211, ""actual_onset_global_ms"": 241225.171, ""actual_offset_global_ms"": 241322.466, ""actual_duration_ms"": 97.295}, {""stage_name"": ""cue"", ""planned_duration_ms"": 500, ""intended_onset_ms"": 241303.211, ""actual_onset_global_ms"": 241328.927, ""actual_offset_global_ms"": 241905.514, ""actual_duration_ms"": 576.587}, {""stage_name"": ""stimulus"", ""planned_duration_ms"": 3000, ""intended_onset_ms"": 241803.211, ""actual_onset_global_ms"": 241906.279, ""actual_offset_global_ms"": 243513.987, ""actual_duration_ms"": 1607.708}]",,,,,0.0,none,,,0.0,0.0,none,0.0,0.0,0.0,0.0,,,0.0,none,none,0.0,shape,cue_shape.wav,形状,241329.336,500.0,242095.586,blue,rabbit,blue_rabbit,repeat,shape,shape,2185.06,,,,,,,,,,,,,,,,,,,,,,,,,,,,,,,,,,,,,,,,,
017,017_T1_20260425_151123,PCPA,T1,standard,hci_substudy_v2,1,telemetry_v4,dccs,2,mixed_formal,formal,1,9,21,formal,color,1777101083,60.037,2026-04-25T15:15:34.111,0,0,0,1,243534.139,243555.566,,,,,j,j,1,1143.296,245372.778,none,,244134.139,244229.482,245372.778,3000,1143.296,245372.778,"[{""stage_name"": ""fixation"", ""planned_duration_ms"": 100, ""intended_onset_ms"": 243534.139, ""actual_onset_global_ms"": 243555.566, ""actual_offset_global_ms"": 243653.621, ""actual_duration_ms"": 98.055}, {""stage_name"": ""cue"", ""planned_duration_ms"": 500, ""intended_onset_ms"": 243634.139, ""actual_onset_global_ms"": 243653.02, ""actual_offset_global_ms"": 244225.477, ""actual_duration_ms"": 572.457}, {""stage_name"": ""stimulus"", ""planned_duration_ms"": 3000, ""intended_onset_ms"": 244134.139, ""actual_onset_global_ms"": 244229.482, ""actual_offset_global_ms"": 245372.778, ""actual_duration_ms"": 1143.296}]",,,,,0.0,none,,,0.0,0.0,none,0.0,0.0,0.0,0.0,,,0.0,none,none,0.0,color,cue_color.wav,颜色,243653.382,500.0,244349.945,red,rabbit,red_rabbit,switch,shape,color,1719.758,,,,,,,,,,,,,,,,,,,,,,,,,,,,,,,,,,,,,,,,,
017,017_T1_20260425_151123,PCPA,T1,standard,hci_substudy_v2,1,telemetry_v4,dccs,2,mixed_formal,formal,1,10,22,formal,shape,1777101083,60.037,2026-04-25T15:15:35.978,0,0,0,1,245401.575,245424.943,,,,,s,s,1,1822.262,247956.58,none,,246001.575,246134.318,247956.58,3000,1822.262,247956.58,"[{""stage_name"": ""fixation"", ""planned_duration_ms"": 100, ""intended_onset_ms"": 245401.575, ""actual_onset_global_ms"": 245424.943, ""actual_offset_global_ms"": 245523.037, ""actual_duration_ms"": 98.094}, {""stage_name"": ""cue"", ""planned_duration_ms"": 500, ""intended_onset_ms"": 245501.575, ""actual_onset_global_ms"": 245528.104, ""actual_offset_global_ms"": 246129.061, ""actual_duration_ms"": 600.957}, {""stage_name"": ""stimulus"", ""planned_duration_ms"": 3000, ""intended_onset_ms"": 246001.575, ""actual_onset_global_ms"": 246134.318, ""actual_offset_global_ms"": 247956.58, ""actual_duration_ms"": 1822.262}]",,,,,0.0,none,,,0.0,0.0,none,0.0,0.0,0.0,0.0,,,0.0,none,none,0.0,shape,cue_shape.wav,形状,245528.626,500.0,246294.876,red,rabbit,red_rabbit,switch,color,shape,2428.476,,,,,,,,,,,,,,,,,,,,,,,,,,,,,,,,,,,,,,,,,
017,017_T1_20260425_151123,PCPA,T1,standard,hci_substudy_v2,1,telemetry_v4,dccs,2,mixed_formal,formal,1,11,23,formal,color,1777101083,60.037,2026-04-25T15:15:38.549,0,0,0,1,247971.412,247994.444,,,,,j,j,1,943.567,249630.703,none,,248571.412,248687.136,249630.703,3000,943.567,249630.703,"[{""stage_name"": ""fixation"", ""planned_duration_ms"": 100, ""intended_onset_ms"": 247971.412, ""actual_onset_global_ms"": 247994.444, ""actual_offset_global_ms"": 248104.083, ""actual_duration_ms"": 109.639}, {""stage_name"": ""cue"", ""planned_duration_ms"": 500, ""intended_onset_ms"": 248071.412, ""actual_onset_global_ms"": 248106.767, ""actual_offset_global_ms"": 248687.378, ""actual_duration_ms"": 580.611}, {""stage_name"": ""stimulus"", ""planned_duration_ms"": 3000, ""intended_onset_ms"": 248571.412, ""actual_onset_global_ms"": 248687.136, ""actual_offset_global_ms"": 249630.703, ""actual_duration_ms"": 943.567}]",,,,,0.0,none,,,0.0,0.0,none,0.0,0.0,0.0,0.0,,,0.0,none,none,0.0,color,cue_color.wav,颜色,248107.191,500.0,248803.753,red,boat,red_boat,switch,shape,color,1523.936,,,,,,,,,,,,,,,,,,,,,,,,,,,,,,,,,,,,,,,,,
017,017_T1_20260425_151123,PCPA,T1,standard,hci_substudy_v2,1,telemetry_v4,dccs,2,mixed_formal,formal,1,12,24,formal,color,1777101083,60.037,2026-04-25T15:15:40.226,0,0,0,1,249648.869,249668.094,,,,,s,s,1,1260.424,251614.166,none,,250248.869,250353.742,251614.166,3000,1260.424,251614.166,"[{""stage_name"": ""fixation"", ""planned_duration_ms"": 100, ""intended_onset_ms"": 249648.869, ""actual_onset_global_ms"": 249668.094, ""actual_offset_global_ms"": 249771.403, ""actual_duration_ms"": 103.309}, {""stage_name"": ""cue"", ""planned_duration_ms"": 500, ""intended_onset_ms"": 249748.869, ""actual_onset_global_ms"": 249776.285, ""actual_offset_global_ms"": 250353.365, ""actual_duration_ms"": 577.08}, {""stage_name"": ""stimulus"", ""planned_duration_ms"": 3000, ""intended_onset_ms"": 250248.869, ""actual_onset_global_ms"": 250353.742, ""actual_offset_global_ms"": 251614.166, ""actual_duration_ms"": 1260.424}]",,,,,0.0,none,,,0.0,0.0,none,0.0,0.0,0.0,0.0,,,0.0,none,none,0.0,color,cue_color.wav,颜色,249776.946,500.0,250473.508,blue,rabbit,blue_rabbit,repeat,color,color,1837.881,,,,,,,,,,,,,,,,,,,,,,,,,,,,,,,,,,,,,,,,,
017,017_T1_20260425_151123,PCPA,T1,standard,hci_substudy_v2,1,telemetry_v4,dccs,2,mixed_formal,formal,1,13,25,formal,color,1777101083,60.037,2026-04-25T15:15:42.208,0,0,0,1,251630.451,251646.325,,,,,s,s,1,941.641,253273.213,none,,252230.451,252331.572,253273.213,3000,941.641,253273.213,"[{""stage_name"": ""fixation"", ""planned_duration_ms"": 100, ""intended_onset_ms"": 251630.451, ""actual_onset_global_ms"": 251646.325, ""actual_offset_global_ms"": 251754.975, ""actual_duration_ms"": 108.65}, {""stage_name"": ""cue"", ""planned_duration_ms"": 500, ""intended_onset_ms"": 251730.451, ""actual_onset_global_ms"": 251760.74, ""actual_offset_global_ms"": 252327.96, ""actual_duration_ms"": 567.22}, {""stage_name"": ""stimulus"", ""planned_duration_ms"": 3000, ""intended_onset_ms"": 252230.451, ""actual_onset_global_ms"": 252331.572, ""actual_offset_global_ms"": 253273.213, ""actual_duration_ms"": 941.641}]",,,,,0.0,none,,,0.0,0.0,none,0.0,0.0,0.0,0.0,,,0.0,none,none,0.0,color,cue_color.wav,颜色,251761.209,500.0,252457.772,blue,boat,blue_boat,repeat,color,color,1512.473,,,,,,,,,,,,,,,,,,,,,,,,,,,,,,,,,,,,,,,,,
017,017_T1_20260425_151123,PCPA,T1,standard,hci_substudy_v2,1,telemetry_v4,dccs,2,mixed_formal,formal,1,14,26,formal,shape,1777101083,60.037,2026-04-25T15:15:43.876,0,0,0,1,253297.968,253316.565,,,,,s,s,1,1073.58,255078.285,none,,253897.968,254004.705,255078.285,3000,1073.58,255078.285,"[{""stage_name"": ""fixation"", ""planned_duration_ms"": 100, ""intended_onset_ms"": 253297.968, ""actual_onset_global_ms"": 253316.565, ""actual_offset_global_ms"": 253427.875, ""actual_duration_ms"": 111.31}, {""stage_name"": ""cue"", ""planned_duration_ms"": 500, ""intended_onset_ms"": 253397.968, ""actual_onset_global_ms"": 253434.66, ""actual_offset_global_ms"": 254003.436, ""actual_duration_ms"": 568.776}, {""stage_name"": ""stimulus"", ""planned_duration_ms"": 3000, ""intended_onset_ms"": 253897.968, ""actual_onset_global_ms"": 254004.705, ""actual_offset_global_ms"": 255078.285, ""actual_duration_ms"": 1073.58}]",,,,,0.0,none,,,0.0,0.0,none,0.0,0.0,0.0,0.0,,,0.0,none,none,0.0,shape,cue_shape.wav,形状,253435.129,500.0,254201.379,blue,rabbit,blue_rabbit,switch,color,shape,1643.625,,,,,,,,,,,,,,,,,,,,,,,,,,,,,,,,,,,,,,,,,
017,017_T1_20260425_151123,PCPA,T1,standard,hci_substudy_v2,1,telemetry_v4,dccs,2,mixed_formal,formal,1,15,27,formal,shape,1777101083,60.037,2026-04-25T15:15:45.675,0,0,0,1,255097.668,255112.455,,,,,j,j,1,1297.913,257156.898,none,,255697.668,255858.985,257156.898,3000,1297.913,257156.898,"[{""stage_name"": ""fixation"", ""planned_duration_ms"": 100, ""intended_onset_ms"": 255097.668, ""actual_onset_global_ms"": 255112.455, ""actual_offset_global_ms"": 255228.127, ""actual_duration_ms"": 115.672}, {""stage_name"": ""cue"", ""planned_duration_ms"": 500, ""intended_onset_ms"": 255197.668, ""actual_onset_global_ms"": 255234.742, ""actual_offset_global_ms"": 255849.683, ""actual_duration_ms"": 614.941}, {""stage_name"": ""stimulus"", ""planned_duration_ms"": 3000, ""intended_onset_ms"": 255697.668, ""actual_onset_global_ms"": 255858.985, ""actual_offset_global_ms"": 257156.898, ""actual_duration_ms"": 1297.913}]",,,,,0.0,none,,,0.0,0.0,none,0.0,0.0,0.0,0.0,,,0.0,none,none,0.0,shape,cue_shape.wav,形状,255235.176,500.0,256001.426,blue,boat,blue_boat,repeat,shape,shape,1922.156,,,,,,,,,,,,,,,,,,,,,,,,,,,,,,,,,,,,,,,,,
017,017_T1_20260425_151123,PCPA,T1,standard,hci_substudy_v2,1,telemetry_v4,dccs,2,mixed_formal,formal,1,16,28,formal,shape,1777101083,60.037,2026-04-25T15:15:47.764,0,0,0,1,257186.524,257210.827,,,,,s,s,1,923.233,258856.187,none,,257786.524,257932.954,258856.187,3000,923.233,258856.187,"[{""stage_name"": ""fixation"", ""planned_duration_ms"": 100, ""intended_onset_ms"": 257186.524, ""actual_onset_global_ms"": 257210.827, ""actual_offset_global_ms"": 257311.153, ""actual_duration_ms"": 100.326}, {""stage_name"": ""cue"", ""planned_duration_ms"": 500, ""intended_onset_ms"": 257286.524, ""actual_onset_global_ms"": 257317.29, ""actual_offset_global_ms"": 257928.062, ""actual_duration_ms"": 610.772}, {""stage_name"": ""stimulus"", ""planned_duration_ms"": 3000, ""intended_onset_ms"": 257786.524, ""actual_onset_global_ms"": 257932.954, ""actual_offset_global_ms"": 258856.187, ""actual_duration_ms"": 923.233}]",,,,,0.0,none,,,0.0,0.0,none,0.0,0.0,0.0,0.0,,,0.0,none,none,0.0,shape,cue_shape.wav,形状,257317.745,500.0,258083.995,blue,rabbit,blue_rabbit,repeat,shape,shape,1538.897,,,,,,,,,,,,,,,,,,,,,,,,,,,,,,,,,,,,,,,,,
017,017_T1_20260425_151123,PCPA,T1,standard,hci_substudy_v2,1,telemetry_v4,dccs,2,mixed_formal,formal,1,17,29,formal,color,1777101083,60.037,2026-04-25T15:15:49.458,0,0,0,1,258880.742,258895.971,,,,,s,s,1,1216.101,260775.63,none,,259480.742,259559.529,260775.63,3000,1216.101,260775.63,"[{""stage_name"": ""fixation"", ""planned_duration_ms"": 100, ""intended_onset_ms"": 258880.742, ""actual_onset_global_ms"": 258895.971, ""actual_offset_global_ms"": 259005.826, ""actual_duration_ms"": 109.855}, {""stage_name"": ""cue"", ""planned_duration_ms"": 500, ""intended_onset_ms"": 258980.742, ""actual_onset_global_ms"": 259009.052, ""actual_offset_global_ms"": 259559.293, ""actual_duration_ms"": 550.241}, {""stage_name"": ""stimulus"", ""planned_duration_ms"": 3000, ""intended_onset_ms"": 259480.742, ""actual_onset_global_ms"": 259559.529, ""actual_offset_global_ms"": 260775.63, ""actual_duration_ms"": 1216.101}]",,,,,0.0,none,,,0.0,0.0,none,0.0,0.0,0.0,0.0,,,0.0,none,none,0.0,color,cue_color.wav,颜色,259009.458,500.0,259706.021,blue,boat,blue_boat,switch,shape,color,1766.578,,,,,,,,,,,,,,,,,,,,,,,,,,,,,,,,,,,,,,,,,
017,017_T1_20260425_151123,PCPA,T1,standard,hci_substudy_v2,1,telemetry_v4,dccs,2,mixed_formal,formal,1,18,30,formal,shape,1777101083,60.037,2026-04-25T15:15:51.378,0,0,0,1,260800.261,260818.128,,,,,j,j,1,2867.684,264426.153,none,,261400.261,261558.469,264426.153,3000,2867.684,264426.153,"[{""stage_name"": ""fixation"", ""planned_duration_ms"": 100, ""intended_onset_ms"": 260800.261, ""actual_onset_global_ms"": 260818.128, ""actual_offset_global_ms"": 260932.196, ""actual_duration_ms"": 114.068}, {""stage_name"": ""cue"", ""planned_duration_ms"": 500, ""intended_onset_ms"": 260900.261, ""actual_onset_global_ms"": 260936.475, ""actual_offset_global_ms"": 261556.787, ""actual_duration_ms"": 620.312}, {""stage_name"": ""stimulus"", ""planned_duration_ms"": 3000, ""intended_onset_ms"": 261400.261, ""actual_onset_global_ms"": 261558.469, ""actual_offset_global_ms"": 264426.153, ""actual_duration_ms"": 2867.684}]",,,,,0.0,none,,,0.0,0.0,none,0.0,0.0,0.0,0.0,,,0.0,none,none,0.0,shape,cue_shape.wav,形状,260937.19,500.0,261703.44,blue,boat,blue_boat,switch,color,shape,3489.678,,,,,,,,,,,,,,,,,,,,,,,,,,,,,,,,,,,,,,,,,
017,017_T1_20260425_151123,PCPA,T1,standard,hci_substudy_v2,1,telemetry_v4,dccs,2,mixed_formal,formal,1,19,31,formal,color,1777101083,60.037,2026-04-25T15:15:55.032,0,0,0,1,264454.81,264473.757,,,,,j,j,1,1143.229,266312.977,none,,265054.81,265169.748,266312.977,3000,1143.229,266312.977,"[{""stage_name"": ""fixation"", ""planned_duration_ms"": 100, ""intended_onset_ms"": 264454.81, ""actual_onset_global_ms"": 264473.757, ""actual_offset_global_ms"": 264585.685, ""actual_duration_ms"": 111.928}, {""stage_name"": ""cue"", ""planned_duration_ms"": 500, ""intended_onset_ms"": 264554.81, ""actual_onset_global_ms"": 264588.723, ""actual_offset_global_ms"": 265170.038, ""actual_duration_ms"": 581.315}, {""stage_name"": ""stimulus"", ""planned_duration_ms"": 3000, ""intended_onset_ms"": 265054.81, ""actual_onset_global_ms"": 265169.748, ""actual_offset_global_ms"": 266312.977, ""actual_duration_ms"": 1143.229}]",,,,,0.0,none,,,0.0,0.0,none,0.0,0.0,0.0,0.0,,,0.0,none,none,0.0,color,cue_color.wav,颜色,264589.204,500.0,265285.767,red,rabbit,red_rabbit,switch,shape,color,1724.254,,,,,,,,,,,,,,,,,,,,,,,,,,,,,,,,,,,,,,,,,
017,017_T1_20260425_151123,PCPA,T1,standard,hci_substudy_v2,1,telemetry_v4,dccs,2,mixed_formal,formal,1,20,32,formal,color,1777101083,60.037,2026-04-25T15:15:56.911,0,0,0,1,266333.551,266356.684,,,,,j,j,1,962.667,268028.101,none,,266933.551,267065.434,268028.101,3000,962.667,268028.101,"[{""stage_name"": ""fixation"", ""planned_duration_ms"": 100, ""intended_onset_ms"": 266333.551, ""actual_onset_global_ms"": 266356.684, ""actual_offset_global_ms"": 266469.742, ""actual_duration_ms"": 113.058}, {""stage_name"": ""cue"", ""planned_duration_ms"": 500, ""intended_onset_ms"": 266433.551, ""actual_onset_global_ms"": 266472.339, ""actual_offset_global_ms"": 267062.176, ""actual_duration_ms"": 589.837}, {""stage_name"": ""stimulus"", ""planned_duration_ms"": 3000, ""intended_onset_ms"": 266933.551, ""actual_onset_global_ms"": 267065.434, ""actual_offset_global_ms"": 268028.101, ""actual_duration_ms"": 962.667}]",,,,,0.0,none,,,0.0,0.0,none,0.0,0.0,0.0,0.0,,,0.0,none,none,0.0,color,cue_color.wav,颜色,266472.772,500.0,267169.334,red,boat,red_boat,repeat,color,color,1555.762,,,,,,,,,,,,,,,,,,,,,,,,,,,,,,,,,,,,,,,,,
017,017_T1_20260425_151123,PCPA,T1,standard,hci_substudy_v2,1,telemetry_v4,dccs,2,mixed_formal,formal,1,21,33,formal,shape,1777101083,60.037,2026-04-25T15:15:58.624,0,0,0,1,268047.283,268061.267,,,,,s,s,1,1499.054,270295.61,none,,268647.283,268796.556,270295.61,3000,1499.054,270295.61,"[{""stage_name"": ""fixation"", ""planned_duration_ms"": 100, ""intended_onset_ms"": 268047.283, ""actual_onset_global_ms"": 268061.267, ""actual_offset_global_ms"": 268172.985, ""actual_duration_ms"": 111.718}, {""stage_name"": ""cue"", ""planned_duration_ms"": 500, ""intended_onset_ms"": 268147.283, ""actual_onset_global_ms"": 268177.488, ""actual_offset_global_ms"": 268792.307, ""actual_duration_ms"": 614.819}, {""stage_name"": ""stimulus"", ""planned_duration_ms"": 3000, ""intended_onset_ms"": 268647.283, ""actual_onset_global_ms"": 268796.556, ""actual_offset_global_ms"": 270295.61, ""actual_duration_ms"": 1499.054}]",,,,,0.0,none,,,0.0,0.0,none,0.0,0.0,0.0,0.0,,,0.0,none,none,0.0,shape,cue_shape.wav,形状,268177.985,500.0,268944.235,red,rabbit,red_rabbit,switch,color,shape,2118.122,,,,,,,,,,,,,,,,,,,,,,,,,,,,,,,,,,,,,,,,,
017,017_T1_20260425_151123,PCPA,T1,standard,hci_substudy_v2,1,telemetry_v4,dccs,2,mixed_formal,formal,1,22,34,formal,color,1777101083,60.037,2026-04-25T15:16:00.900,0,0,0,1,270322.058,270345.262,,,,,j,j,1,829.489,271834.982,none,,270922.058,271005.493,271834.982,3000,829.489,271834.982,"[{""stage_name"": ""fixation"", ""planned_duration_ms"": 100, ""intended_onset_ms"": 270322.058, ""actual_onset_global_ms"": 270345.262, ""actual_offset_global_ms"": 270438.93, ""actual_duration_ms"": 93.668}, {""stage_name"": ""cue"", ""planned_duration_ms"": 500, ""intended_onset_ms"": 270422.058, ""actual_onset_global_ms"": 270442.344, ""actual_offset_global_ms"": 271004.95, ""actual_duration_ms"": 562.606}, {""stage_name"": ""stimulus"", ""planned_duration_ms"": 3000, ""intended_onset_ms"": 270922.058, ""actual_onset_global_ms"": 271005.493, ""actual_offset_global_ms"": 271834.982, ""actual_duration_ms"": 829.489}]",,,,,0.0,none,,,0.0,0.0,none,0.0,0.0,0.0,0.0,,,0.0,none,none,0.0,color,cue_color.wav,颜色,270442.798,500.0,271139.361,red,boat,red_boat,switch,shape,color,1392.638,,,,,,,,,,,,,,,,,,,,,,,,,,,,,,,,,,,,,,,,,
017,017_T1_20260425_151123,PCPA,T1,standard,hci_substudy_v2,1,telemetry_v4,dccs,2,mixed_formal,formal,1,23,35,formal,shape,1777101083,60.037,2026-04-25T15:16:02.425,0,0,0,1,271847.687,271870.376,,,,,j,j,1,2900.574,275478.566,none,,272447.687,272577.992,275478.566,3000,2900.574,275478.566,"[{""stage_name"": ""fixation"", ""planned_duration_ms"": 100, ""intended_onset_ms"": 271847.687, ""actual_onset_global_ms"": 271870.376, ""actual_offset_global_ms"": 271976.758, ""actual_duration_ms"": 106.382}, {""stage_name"": ""cue"", ""planned_duration_ms"": 500, ""intended_onset_ms"": 271947.687, ""actual_onset_global_ms"": 271982.424, ""actual_offset_global_ms"": 272577.24, ""actual_duration_ms"": 594.816}, {""stage_name"": ""stimulus"", ""planned_duration_ms"": 3000, ""intended_onset_ms"": 272447.687, ""actual_onset_global_ms"": 272577.992, ""actual_offset_global_ms"": 275478.566, ""actual_duration_ms"": 2900.574}]",,,,,0.0,none,,,0.0,0.0,none,0.0,0.0,0.0,0.0,,,0.0,none,none,0.0,shape,cue_shape.wav,形状,271982.844,500.0,272749.094,red,boat,red_boat,switch,color,shape,3496.142,,,,,,,,,,,,,,,,,,,,,,,,,,,,,,,,,,,,,,,,,
017,017_T1_20260425_151123,PCPA,T1,standard,hci_substudy_v2,1,telemetry_v4,dccs,2,mixed_formal,formal,1,24,36,formal,color,1777101083,60.037,2026-04-25T15:16:06.083,0,0,0,1,275505.307,275525.61,,,,,s,s,1,662.674,276863.923,none,,276105.307,276201.249,276863.923,3000,662.674,276863.923,"[{""stage_name"": ""fixation"", ""planned_duration_ms"": 100, ""intended_onset_ms"": 275505.307, ""actual_onset_global_ms"": 275525.61, ""actual_offset_global_ms"": 275639.104, ""actual_duration_ms"": 113.494}, {""stage_name"": ""cue"", ""planned_duration_ms"": 500, ""intended_onset_ms"": 275605.307, ""actual_onset_global_ms"": 275640.67, ""actual_offset_global_ms"": 276202.715, ""actual_duration_ms"": 562.045}, {""stage_name"": ""stimulus"", ""planned_duration_ms"": 3000, ""intended_onset_ms"": 276105.307, ""actual_onset_global_ms"": 276201.249, ""actual_offset_global_ms"": 276863.923, ""actual_duration_ms"": 662.674}]",,,,,0.0,none,,,0.0,0.0,none,0.0,0.0,0.0,0.0,,,0.0,none,none,0.0,color,cue_color.wav,颜色,275641.116,500.0,276337.678,blue,rabbit,blue_rabbit,switch,shape,color,1223.253,,,,,,,,,,,,,,,,,,,,,,,,,,,,,,,,,,,,,,,,,
017,017_T1_20260425_151123,PCPA,T1,standard,hci_substudy_v2,1,telemetry_v4,dccs,2,mixed_formal,formal,1,25,37,formal,shape,1777101083,60.037,2026-04-25T15:16:07.460,0,0,0,1,276882.27,276905.819,,,,,j,j,1,693.318,278282.247,none,,277482.27,277588.929,278282.247,3000,693.318,278282.247,"[{""stage_name"": ""fixation"", ""planned_duration_ms"": 100, ""intended_onset_ms"": 276882.27, ""actual_onset_global_ms"": 276905.819, ""actual_offset_global_ms"": 277001.71, ""actual_duration_ms"": 95.891}, {""stage_name"": ""cue"", ""planned_duration_ms"": 500, ""intended_onset_ms"": 276982.27, ""actual_onset_global_ms"": 277005.123, ""actual_offset_global_ms"": 277588.237, ""actual_duration_ms"": 583.114}, {""stage_name"": ""stimulus"", ""planned_duration_ms"": 3000, ""intended_onset_ms"": 277482.27, ""actual_onset_global_ms"": 277588.929, ""actual_offset_global_ms"": 278282.247, ""actual_duration_ms"": 693.318}]",,,,,0.0,none,,,0.0,0.0,none,0.0,0.0,0.0,0.0,,,0.0,none,none,0.0,shape,cue_shape.wav,形状,277005.535,500.0,277771.785,red,boat,red_boat,switch,color,shape,1277.124,,,,,,,,,,,,,,,,,,,,,,,,,,,,,,,,,,,,,,,,,
017,017_T1_20260425_151123,PCPA,T1,standard,hci_substudy_v2,1,telemetry_v4,dccs,2,mixed_formal,formal,1,26,38,formal,color,1777101083,60.037,2026-04-25T15:16:08.884,0,0,0,1,278306.292,278325.541,,,,,j,j,1,816.881,279834.323,none,,278906.292,279017.442,279834.323,3000,816.881,279834.323,"[{""stage_name"": ""fixation"", ""planned_duration_ms"": 100, ""intended_onset_ms"": 278306.292, ""actual_onset_global_ms"": 278325.541, ""actual_offset_global_ms"": 278438.248, ""actual_duration_ms"": 112.707}, {""stage_name"": ""cue"", ""planned_duration_ms"": 500, ""intended_onset_ms"": 278406.292, ""actual_onset_global_ms"": 278439.817, ""actual_offset_global_ms"": 279014.801, ""actual_duration_ms"": 574.984}, {""stage_name"": ""stimulus"", ""planned_duration_ms"": 3000, ""intended_onset_ms"": 278906.292, ""actual_onset_global_ms"": 279017.442, ""actual_offset_global_ms"": 279834.323, ""actual_duration_ms"": 816.881}]",,,,,0.0,none,,,0.0,0.0,none,0.0,0.0,0.0,0.0,,,0.0,none,none,0.0,color,cue_color.wav,颜色,278440.365,500.0,279136.927,red,boat,red_boat,switch,shape,color,1394.506,,,,,,,,,,,,,,,,,,,,,,,,,,,,,,,,,,,,,,,,,
017,017_T1_20260425_151123,PCPA,T1,standard,hci_substudy_v2,1,telemetry_v4,dccs,2,mixed_formal,formal,1,27,39,formal,color,1777101083,60.037,2026-04-25T15:16:10.428,0,0,0,1,279851.008,279873.519,,,,,s,s,1,731.086,281266.18,none,,280451.008,280535.094,281266.18,3000,731.086,281266.18,"[{""stage_name"": ""fixation"", ""planned_duration_ms"": 100, ""intended_onset_ms"": 279851.008, ""actual_onset_global_ms"": 279873.519, ""actual_offset_global_ms"": 279970.09, ""actual_duration_ms"": 96.571}, {""stage_name"": ""cue"", ""planned_duration_ms"": 500, ""intended_onset_ms"": 279951.008, ""actual_onset_global_ms"": 279972.584, ""actual_offset_global_ms"": 280536.162, ""actual_duration_ms"": 563.578}, {""stage_name"": ""stimulus"", ""planned_duration_ms"": 3000, ""intended_onset_ms"": 280451.008, ""actual_onset_global_ms"": 280535.094, ""actual_offset_global_ms"": 281266.18, ""actual_duration_ms"": 731.086}]",,,,,0.0,none,,,0.0,0.0,none,0.0,0.0,0.0,0.0,,,0.0,none,none,0.0,color,cue_color.wav,颜色,279973.26,500.0,280669.823,blue,rabbit,blue_rabbit,repeat,color,color,1293.596,,,,,,,,,,,,,,,,,,,,,,,,,,,,,,,,,,,,,,,,,
017,017_T1_20260425_151123,PCPA,T1,standard,hci_substudy_v2,1,telemetry_v4,dccs,2,mixed_formal,formal,1,28,40,formal,shape,1777101083,60.037,2026-04-25T15:16:11.861,0,0,0,1,281283.645,281303.741,,,,,s,s,1,1236.372,283249.683,none,,281883.645,282013.311,283249.683,3000,1236.372,283249.683,"[{""stage_name"": ""fixation"", ""planned_duration_ms"": 100, ""intended_onset_ms"": 281283.645, ""actual_onset_global_ms"": 281303.741, ""actual_offset_global_ms"": 281406.467, ""actual_duration_ms"": 102.726}, {""stage_name"": ""cue"", ""planned_duration_ms"": 500, ""intended_onset_ms"": 281383.645, ""actual_onset_global_ms"": 281410.544, ""actual_offset_global_ms"": 282008.671, ""actual_duration_ms"": 598.127}, {""stage_name"": ""stimulus"", ""planned_duration_ms"": 3000, ""intended_onset_ms"": 281883.645, ""actual_onset_global_ms"": 282013.311, ""actual_offset_global_ms"": 283249.683, ""actual_duration_ms"": 1236.372}]",,,,,0.0,none,,,0.0,0.0,none,0.0,0.0,0.0,0.0,,,0.0,none,none,0.0,shape,cue_shape.wav,形状,281410.914,500.0,282177.164,red,rabbit,red_rabbit,switch,color,shape,1839.139,,,,,,,,,,,,,,,,,,,,,,,,,,,,,,,,,,,,,,,,,
017,017_T1_20260425_151123,PCPA,T1,standard,hci_substudy_v2,1,telemetry_v4,dccs,2,mixed_formal,formal,1,29,41,formal,shape,1777101083,60.037,2026-04-25T15:16:13.846,0,0,0,1,283268.106,283292.327,,,,,j,j,1,1764.847,285768.916,none,,283868.106,284004.069,285768.916,3000,1764.847,285768.916,"[{""stage_name"": ""fixation"", ""planned_duration_ms"": 100, ""intended_onset_ms"": 283268.106, ""actual_onset_global_ms"": 283292.327, ""actual_offset_global_ms"": 283387.644, ""actual_duration_ms"": 95.317}, {""stage_name"": ""cue"", ""planned_duration_ms"": 500, ""intended_onset_ms"": 283368.106, ""actual_onset_global_ms"": 283392.084, ""actual_offset_global_ms"": 283999.431, ""actual_duration_ms"": 607.347}, {""stage_name"": ""stimulus"", ""planned_duration_ms"": 3000, ""intended_onset_ms"": 283868.106, ""actual_onset_global_ms"": 284004.069, ""actual_offset_global_ms"": 285768.916, ""actual_duration_ms"": 1764.847}]",,,,,0.0,none,,,0.0,0.0,none,0.0,0.0,0.0,0.0,,,0.0,none,none,0.0,shape,cue_shape.wav,形状,283392.403,500.0,284158.653,red,boat,red_boat,repeat,shape,shape,2376.832,,,,,,,,,,,,,,,,,,,,,,,,,,,,,,,,,,,,,,,,,
017,017_T1_20260425_151123,PCPA,T1,standard,hci_substudy_v2,1,telemetry_v4,dccs,2,mixed_formal,formal,1,30,42,formal,shape,1777101083,60.037,2026-04-25T15:16:16.372,0,0,0,1,285794.845,285818.042,,,,,s,s,1,1383.816,287912.758,none,,286394.845,286528.942,287912.758,3000,1383.816,287912.758,"[{""stage_name"": ""fixation"", ""planned_duration_ms"": 100, ""intended_onset_ms"": 285794.845, ""actual_onset_global_ms"": 285818.042, ""actual_offset_global_ms"": 285928.555, ""actual_duration_ms"": 110.513}, {""stage_name"": ""cue"", ""planned_duration_ms"": 500, ""intended_onset_ms"": 285894.845, ""actual_onset_global_ms"": 285939.82, ""actual_offset_global_ms"": 286525.16, ""actual_duration_ms"": 585.34}, {""stage_name"": ""stimulus"", ""planned_duration_ms"": 3000, ""intended_onset_ms"": 286394.845, ""actual_onset_global_ms"": 286528.942, ""actual_offset_global_ms"": 287912.758, ""actual_duration_ms"": 1383.816}]",,,,,0.0,none,,,0.0,0.0,none,0.0,0.0,0.0,0.0,,,0.0,none,none,0.0,shape,cue_shape.wav,形状,285940.211,500.0,286706.461,red,rabbit,red_rabbit,repeat,shape,shape,1972.938,,,,,,,,,,,,,,,,,,,,,,,,,,,,,,,,,,,,,,,,,
017,017_T1_20260425_151123,PCPA,T1,standard,hci_substudy_v2,1,telemetry_v4,digit_span,3,practice_digitspan,practice,1,1,1,practice,span_2,1777101083,60.037,2026-04-25T15:16:40.438,0,0,0,1,309860.08,309994.096,,,,,,,1,,,,,309960.08,309997.502,326089.189,2000,16091.687,326089.189,"[{""stage_name"": ""fixation"", ""planned_duration_ms"": 100, ""intended_onset_ms"": 309860.08, ""actual_onset_global_ms"": 309994.096, ""actual_offset_global_ms"": 310010.752, ""actual_duration_ms"": 16.656}, {""stage_name"": ""auditory_sequence"", ""planned_duration_ms"": 2000, ""intended_onset_ms"": 309960.08, ""actual_onset_global_ms"": 309997.502, ""actual_offset_global_ms"": 311552.117, ""actual_duration_ms"": 1554.615}, {""stage_name"": ""wait"", ""planned_duration_ms"": 500, ""intended_onset_ms"": 311552.117, ""actual_onset_global_ms"": 311616.094, ""actual_offset_global_ms"": 312112.68, ""actual_duration_ms"": 496.586}, {""stage_name"": ""input_panel"", ""planned_duration_ms"": 15000, ""intended_onset_ms"": 312112.68, ""actual_onset_global_ms"": 312193.583, ""actual_offset_global_ms"": 326089.189, ""actual_duration_ms"": 13895.606}]",,,,,0.0,none,,,0.0,0.0,none,0.0,0.0,0.0,0.0,,,,,,,,,,,,,,,,,,,,none,0.0,0.0,0.0,0.0,2.0,1.0,1.0,"[4, 8]","[""8"", ""4""]","[""8"", ""4""]",84,onscreen_mouse,8780.694,13895.524,1.0,0.0,0.0,0.0,3.0,[2761.952],,"[309997.502, 311052.117]","[""digit_4.wav"", ""digit_8.wav""]","[{""audio_file"": ""digit_4.wav"", ""audio_start_global_ms"": 309997.502, ""audio_expected_duration_ms"": 500, ""audio_stop_global_ms"": 310497.502}, {""audio_file"": ""digit_8.wav"", ""audio_start_global_ms"": 311052.117, ""audio_expected_duration_ms"": 500, ""audio_stop_global_ms"": 311552.117}]",0.0,,,,,,,,,,,,,,,
017,017_T1_20260425_151123,PCPA,T1,standard,hci_substudy_v2,1,telemetry_v4,digit_span,3,practice_digitspan,practice,1,2,2,practice,span_2,1777101083,60.037,2026-04-25T15:16:56.678,0,0,0,1,326100.923,326305.351,,,,,,,1,,,,,326200.923,326310.496,335437.27,2000,9126.774,335437.27,"[{""stage_name"": ""fixation"", ""planned_duration_ms"": 100, ""intended_onset_ms"": 326100.923, ""actual_onset_global_ms"": 326305.351, ""actual_offset_global_ms"": 326322.007, ""actual_duration_ms"": 16.656}, {""stage_name"": ""auditory_sequence"", ""planned_duration_ms"": 2000, ""intended_onset_ms"": 326200.923, ""actual_onset_global_ms"": 326310.496, ""actual_offset_global_ms"": 327911.79, ""actual_duration_ms"": 1601.294}, {""stage_name"": ""wait"", ""planned_duration_ms"": 500, ""intended_onset_ms"": 327911.79, ""actual_onset_global_ms"": 327942.724, ""actual_offset_global_ms"": 328461.459, ""actual_duration_ms"": 518.735}, {""stage_name"": ""input_panel"", ""planned_duration_ms"": 15000, ""intended_onset_ms"": 328461.459, ""actual_onset_global_ms"": 328468.569, ""actual_offset_global_ms"": 335437.27, ""actual_duration_ms"": 6968.701}]",,,,,0.0,none,,,0.0,0.0,none,0.0,0.0,0.0,0.0,,,,,,,,,,,,,,,,,,,,none,0.0,0.0,0.0,0.0,2.0,2.0,1.0,"[2, 5]","[""5"", ""2""]","[""5"", ""2""]",52,onscreen_mouse,3713.979,6968.601,1.0,0.0,0.0,0.0,3.0,[1461.713],,"[326310.496, 327411.79]","[""digit_2.wav"", ""digit_5.wav""]","[{""audio_file"": ""digit_2.wav"", ""audio_start_global_ms"": 326310.496, ""audio_expected_duration_ms"": 500, ""audio_stop_global_ms"": 326810.496}, {""audio_file"": ""digit_5.wav"", ""audio_start_global_ms"": 327411.79, ""audio_expected_duration_ms"": 500, ""audio_stop_global_ms"": 327911.79}]",0.0,,,,,,,,,,,,,,,
017,017_T1_20260425_151123,PCPA,T1,standard,hci_substudy_v2,1,telemetry_v4,digit_span,3,practice_digitspan,practice,1,3,3,practice,span_2,1777101083,60.037,2026-04-25T15:17:06.022,0,0,0,1,335444.113,335578.516,,,,,,,1,,,,,335544.113,335582.472,348313.193,2000,12730.721,348313.193,"[{""stage_name"": ""fixation"", ""planned_duration_ms"": 100, ""intended_onset_ms"": 335444.113, ""actual_onset_global_ms"": 335578.516, ""actual_offset_global_ms"": 335595.172, ""actual_duration_ms"": 16.656}, {""stage_name"": ""auditory_sequence"", ""planned_duration_ms"": 2000, ""intended_onset_ms"": 335544.113, ""actual_onset_global_ms"": 335582.472, ""actual_offset_global_ms"": 337106.7, ""actual_duration_ms"": 1524.228}, {""stage_name"": ""wait"", ""planned_duration_ms"": 500, ""intended_onset_ms"": 337106.7, ""actual_onset_global_ms"": 337153.917, ""actual_offset_global_ms"": 337661.084, ""actual_duration_ms"": 507.167}, {""stage_name"": ""input_panel"", ""planned_duration_ms"": 15000, ""intended_onset_ms"": 337661.084, ""actual_onset_global_ms"": 337668.271, ""actual_offset_global_ms"": 348313.193, ""actual_duration_ms"": 10644.922}]",,,,,0.0,none,,,0.0,0.0,none,0.0,0.0,0.0,0.0,,,,,,,,,,,,,,,,,,,,none,0.0,0.0,0.0,0.0,2.0,3.0,1.0,"[1, 3]","[""3"", ""1""]","[""3"", ""1""]",31,onscreen_mouse,7002.05,10644.777,1.0,0.0,0.0,0.0,3.0,[1802.306],,"[335582.472, 336606.7]","[""digit_1.wav"", ""digit_3.wav""]","[{""audio_file"": ""digit_1.wav"", ""audio_start_global_ms"": 335582.472, ""audio_expected_duration_ms"": 500, ""audio_stop_global_ms"": 336082.472}, {""audio_file"": ""digit_3.wav"", ""audio_start_global_ms"": 336606.7, ""audio_expected_duration_ms"": 500, ""audio_stop_global_ms"": 337106.7}]",0.0,,,,,,,,,,,,,,,
017,017_T1_20260425_151123,PCPA,T1,standard,hci_substudy_v2,1,telemetry_v4,digit_span,3,practice_digitspan,practice,1,4,4,practice,span_2,1777101083,60.037,2026-04-25T15:17:18.897,0,0,0,1,348320.315,348456.966,,,,,,,1,,,,,348420.315,348460.498,356659.017,2000,8198.519,356659.017,"[{""stage_name"": ""fixation"", ""planned_duration_ms"": 100, ""intended_onset_ms"": 348320.315, ""actual_onset_global_ms"": 348456.966, ""actual_offset_global_ms"": 348473.622, ""actual_duration_ms"": 16.656}, {""stage_name"": ""auditory_sequence"", ""planned_duration_ms"": 2000, ""intended_onset_ms"": 348420.315, ""actual_onset_global_ms"": 348460.498, ""actual_offset_global_ms"": 350041.455, ""actual_duration_ms"": 1580.957}, {""stage_name"": ""wait"", ""planned_duration_ms"": 500, ""intended_onset_ms"": 350041.455, ""actual_onset_global_ms"": 350106.318, ""actual_offset_global_ms"": 350606.883, ""actual_duration_ms"": 500.565}, {""stage_name"": ""input_panel"", ""planned_duration_ms"": 15000, ""intended_onset_ms"": 350606.883, ""actual_onset_global_ms"": 350615.902, ""actual_offset_global_ms"": 356659.017, ""actual_duration_ms"": 6043.115}]",,,,,0.0,none,,,0.0,0.0,none,0.0,0.0,0.0,0.0,,,,,,,,,,,,,,,,,,,,none,0.0,0.0,0.0,0.0,2.0,4.0,1.0,"[4, 9]","[""9"", ""4""]","[""9"", ""4""]",94,onscreen_mouse,1662.966,6043.001,1.0,0.0,0.0,0.0,3.0,[2990.665],,"[348460.498, 349541.455]","[""digit_4.wav"", ""digit_9.wav""]","[{""audio_file"": ""digit_4.wav"", ""audio_start_global_ms"": 348460.498, ""audio_expected_duration_ms"": 500, ""audio_stop_global_ms"": 348960.498}, {""audio_file"": ""digit_9.wav"", ""audio_start_global_ms"": 349541.455, ""audio_expected_duration_ms"": 500, ""audio_stop_global_ms"": 350041.455}]",0.0,,,,,,,,,,,,,,,
017,017_T1_20260425_151123,PCPA,T1,standard,hci_substudy_v2,1,telemetry_v4,digit_span,3,practice_digitspan,practice,1,5,5,practice,span_2,1777101083,60.037,2026-04-25T15:17:27.244,0,0,0,1,356666.55,356786.097,,,,,,,1,,,,,356766.55,356791.091,374557.536,2000,17766.445,374557.536,"[{""stage_name"": ""fixation"", ""planned_duration_ms"": 100, ""intended_onset_ms"": 356666.55, ""actual_onset_global_ms"": 356786.097, ""actual_offset_global_ms"": 356802.753, ""actual_duration_ms"": 16.656}, {""stage_name"": ""auditory_sequence"", ""planned_duration_ms"": 2000, ""intended_onset_ms"": 356766.55, ""actual_onset_global_ms"": 356791.091, ""actual_offset_global_ms"": 358294.176, ""actual_duration_ms"": 1503.085}, {""stage_name"": ""wait"", ""planned_duration_ms"": 500, ""intended_onset_ms"": 358294.176, ""actual_onset_global_ms"": 358355.541, ""actual_offset_global_ms"": 358877.286, ""actual_duration_ms"": 521.745}, {""stage_name"": ""input_panel"", ""planned_duration_ms"": 15000, ""intended_onset_ms"": 358877.286, ""actual_onset_global_ms"": 358887.736, ""actual_offset_global_ms"": 374557.536, ""actual_duration_ms"": 15669.8}]",,,,,0.0,none,,,0.0,0.0,none,0.0,0.0,0.0,0.0,,,,,,,,,,,,,,,,,,,,none,0.0,0.0,0.0,0.0,2.0,5.0,1.0,"[3, 5]","[""5"", ""3""]","[""5"", ""3""]",53,onscreen_mouse,10075.86,15669.681,1.0,0.0,0.0,0.0,3.0,[4405.717],,"[356791.091, 357794.176]","[""digit_3.wav"", ""digit_5.wav""]","[{""audio_file"": ""digit_3.wav"", ""audio_start_global_ms"": 356791.091, ""audio_expected_duration_ms"": 500, ""audio_stop_global_ms"": 357291.091}, {""audio_file"": ""digit_5.wav"", ""audio_start_global_ms"": 357794.176, ""audio_expected_duration_ms"": 500, ""audio_stop_global_ms"": 358294.176}]",0.0,,,,,,,,,,,,,,,
017,017_T1_20260425_151123,PCPA,T1,standard,hci_substudy_v2,1,telemetry_v4,digit_span,3,practice_digitspan,practice,1,6,6,practice,span_2,1777101083,60.037,2026-04-25T15:17:45.143,0,0,0,1,374565.293,374715.317,,,,,,,1,,,,,374665.293,374720.825,383563.068,2000,8842.243,383563.068,"[{""stage_name"": ""fixation"", ""planned_duration_ms"": 100, ""intended_onset_ms"": 374565.293, ""actual_onset_global_ms"": 374715.317, ""actual_offset_global_ms"": 374731.973, ""actual_duration_ms"": 16.656}, {""stage_name"": ""auditory_sequence"", ""planned_duration_ms"": 2000, ""intended_onset_ms"": 374665.293, ""actual_onset_global_ms"": 374720.825, ""actual_offset_global_ms"": 376235.535, ""actual_duration_ms"": 1514.71}, {""stage_name"": ""wait"", ""planned_duration_ms"": 500, ""intended_onset_ms"": 376235.535, ""actual_onset_global_ms"": 376305.124, ""actual_offset_global_ms"": 376800.686, ""actual_duration_ms"": 495.562}, {""stage_name"": ""input_panel"", ""planned_duration_ms"": 15000, ""intended_onset_ms"": 376800.686, ""actual_onset_global_ms"": 376805.179, ""actual_offset_global_ms"": 383563.068, ""actual_duration_ms"": 6757.889}]",,,,,0.0,none,,,0.0,0.0,none,0.0,0.0,0.0,0.0,,,,,,,,,,,,,,,,,,,,none,0.0,0.0,0.0,0.0,2.0,6.0,1.0,"[8, 7]","[""7"", ""8""]","[""7"", ""8""]",78,onscreen_mouse,3026.795,6757.759,1.0,0.0,0.0,0.0,3.0,[1687.561],,"[374720.825, 375735.535]","[""digit_8.wav"", ""digit_7.wav""]","[{""audio_file"": ""digit_8.wav"", ""audio_start_global_ms"": 374720.825, ""audio_expected_duration_ms"": 500, ""audio_stop_global_ms"": 375220.825}, {""audio_file"": ""digit_7.wav"", ""audio_start_global_ms"": 375735.535, ""audio_expected_duration_ms"": 500, ""audio_stop_global_ms"": 376235.535}]",0.0,,,,,,,,,,,,,,,
017,017_T1_20260425_151123,PCPA,T1,standard,hci_substudy_v2,1,telemetry_v4,digit_span,3,formal_span_2,formal,1,1,7,formal,span_2,1777101083,60.037,2026-04-25T15:18:00.556,0,0,0,1,389979.349,390079.888,,,,,,,1,,,,,390079.349,390082.107,397477.791,2000,7395.684,397477.791,"[{""stage_name"": ""fixation"", ""planned_duration_ms"": 100, ""intended_onset_ms"": 389979.349, ""actual_onset_global_ms"": 390079.888, ""actual_offset_global_ms"": 390096.544, ""actual_duration_ms"": 16.656}, {""stage_name"": ""auditory_sequence"", ""planned_duration_ms"": 2000, ""intended_onset_ms"": 390079.349, ""actual_onset_global_ms"": 390082.107, ""actual_offset_global_ms"": 391652.964, ""actual_duration_ms"": 1570.857}, {""stage_name"": ""wait"", ""planned_duration_ms"": 500, ""intended_onset_ms"": 391652.964, ""actual_onset_global_ms"": 391714.752, ""actual_offset_global_ms"": 392213.041, ""actual_duration_ms"": 498.289}, {""stage_name"": ""input_panel"", ""planned_duration_ms"": 15000, ""intended_onset_ms"": 392213.041, ""actual_onset_global_ms"": 392222.837, ""actual_offset_global_ms"": 397477.791, ""actual_duration_ms"": 5254.954}]",,,,,0.0,none,,,0.0,0.0,none,0.0,0.0,0.0,0.0,,,,,,,,,,,,,,,,,,,,none,0.0,0.0,0.0,0.0,2.0,1.0,1.0,"[4, 8]","[""8"", ""4""]","[""8"", ""4""]",84,onscreen_mouse,1823.474,5254.832,1.0,0.0,0.0,0.0,3.0,[2025.593],advance,"[390082.107, 391152.964]","[""digit_4.wav"", ""digit_8.wav""]","[{""audio_file"": ""digit_4.wav"", ""audio_start_global_ms"": 390082.107, ""audio_expected_duration_ms"": 500, ""audio_stop_global_ms"": 390582.107}, {""audio_file"": ""digit_8.wav"", ""audio_start_global_ms"": 391152.964, ""audio_expected_duration_ms"": 500, ""audio_stop_global_ms"": 391652.964}]",0.0,two_failures_in_span,4.0,,,,,,,,,,,,,
017,017_T1_20260425_151123,PCPA,T1,standard,hci_substudy_v2,1,telemetry_v4,digit_span,3,formal_span_2,formal,1,2,8,formal,span_2,1777101083,60.037,2026-04-25T15:18:08.062,0,0,0,1,397485.17,397621.572,,,,,,,1,,,,,397585.17,397627.868,408924.359,2000,11296.491,408924.359,"[{""stage_name"": ""fixation"", ""planned_duration_ms"": 100, ""intended_onset_ms"": 397485.17, ""actual_onset_global_ms"": 397621.572, ""actual_offset_global_ms"": 397638.228, ""actual_duration_ms"": 16.656}, {""stage_name"": ""auditory_sequence"", ""planned_duration_ms"": 2000, ""intended_onset_ms"": 397585.17, ""actual_onset_global_ms"": 397627.868, ""actual_offset_global_ms"": 399134.834, ""actual_duration_ms"": 1506.966}, {""stage_name"": ""wait"", ""planned_duration_ms"": 500, ""intended_onset_ms"": 399134.834, ""actual_onset_global_ms"": 399186.216, ""actual_offset_global_ms"": 399700.946, ""actual_duration_ms"": 514.73}, {""stage_name"": ""input_panel"", ""planned_duration_ms"": 15000, ""intended_onset_ms"": 399700.946, ""actual_onset_global_ms"": 399707.326, ""actual_offset_global_ms"": 408924.359, ""actual_duration_ms"": 9217.033}]",,,,,0.0,none,,,0.0,0.0,none,0.0,0.0,0.0,0.0,,,,,,,,,,,,,,,,,,,,none,0.0,0.0,0.0,0.0,2.0,2.0,1.0,"[7, 2]","[""2"", ""7""]","[""2"", ""7""]",27,onscreen_mouse,4010.99,9216.907,1.0,0.0,0.0,0.0,3.0,[2287.682],advance,"[397627.868, 398634.834]","[""digit_7.wav"", ""digit_2.wav""]","[{""audio_file"": ""digit_7.wav"", ""audio_start_global_ms"": 397627.868, ""audio_expected_duration_ms"": 500, ""audio_stop_global_ms"": 398127.868}, {""audio_file"": ""digit_2.wav"", ""audio_start_global_ms"": 398634.834, ""audio_expected_duration_ms"": 500, ""audio_stop_global_ms"": 399134.834}]",0.0,two_failures_in_span,4.0,,,,,,,,,,,,,
017,017_T1_20260425_151123,PCPA,T1,standard,hci_substudy_v2,1,telemetry_v4,digit_span,3,formal_span_3,formal,2,1,9,formal,span_3,1777101083,60.037,2026-04-25T15:18:19.516,0,0,0,1,408938.374,409092.326,,,,,,,1,,,,,409038.374,409096.834,419807.442,3000,10710.608,419807.442,"[{""stage_name"": ""fixation"", ""planned_duration_ms"": 100, ""intended_onset_ms"": 408938.374, ""actual_onset_global_ms"": 409092.326, ""actual_offset_global_ms"": 409108.982, ""actual_duration_ms"": 16.656}, {""stage_name"": ""auditory_sequence"", ""planned_duration_ms"": 3000, ""intended_onset_ms"": 409038.374, ""actual_onset_global_ms"": 409096.834, ""actual_offset_global_ms"": 411627.404, ""actual_duration_ms"": 2530.57}, {""stage_name"": ""wait"", ""planned_duration_ms"": 500, ""intended_onset_ms"": 411627.404, ""actual_onset_global_ms"": 411696.851, ""actual_offset_global_ms"": 412191.421, ""actual_duration_ms"": 494.57}, {""stage_name"": ""input_panel"", ""planned_duration_ms"": 15000, ""intended_onset_ms"": 412191.421, ""actual_onset_global_ms"": 412201.637, ""actual_offset_global_ms"": 419807.442, ""actual_duration_ms"": 7605.805}]",,,,,0.0,none,,,0.0,0.0,none,0.0,0.0,0.0,0.0,,,,,,,,,,,,,,,,,,,,none,0.0,0.0,0.0,0.0,3.0,1.0,2.0,"[8, 4, 5]","[""5"", ""4"", ""8""]","[""5"", ""4"", ""8""]",548,onscreen_mouse,2503.611,7605.698,1.0,0.0,0.0,0.0,4.0,"[1390.51, 1957.714]",advance,"[409096.834, 410186.371, 411127.404]","[""digit_8.wav"", ""digit_4.wav"", ""digit_5.wav""]","[{""audio_file"": ""digit_8.wav"", ""audio_start_global_ms"": 409096.834, ""audio_expected_duration_ms"": 500, ""audio_stop_global_ms"": 409596.834}, {""audio_file"": ""digit_4.wav"", ""audio_start_global_ms"": 410186.371, ""audio_expected_duration_ms"": 500, ""audio_stop_global_ms"": 410686.371}, {""audio_file"": ""digit_5.wav"", ""audio_start_global_ms"": 411127.404, ""audio_expected_duration_ms"": 500, ""audio_stop_global_ms"": 411627.404}]",0.0,two_failures_in_span,4.0,,,,,,,,,,,,,
017,017_T1_20260425_151123,PCPA,T1,standard,hci_substudy_v2,1,telemetry_v4,digit_span,3,formal_span_3,formal,2,2,10,formal,span_3,1777101083,60.037,2026-04-25T15:18:30.394,0,0,0,1,419815.884,420125.572,,,,,,,1,,,,,419915.884,420127.586,433110.223,3000,12982.637,433110.223,"[{""stage_name"": ""fixation"", ""planned_duration_ms"": 100, ""intended_onset_ms"": 419815.884, ""actual_onset_global_ms"": 420125.572, ""actual_offset_global_ms"": 420142.228, ""actual_duration_ms"": 16.656}, {""stage_name"": ""auditory_sequence"", ""planned_duration_ms"": 3000, ""intended_onset_ms"": 419915.884, ""actual_onset_global_ms"": 420127.586, ""actual_offset_global_ms"": 422668.293, ""actual_duration_ms"": 2540.707}, {""stage_name"": ""wait"", ""planned_duration_ms"": 500, ""intended_onset_ms"": 422668.293, ""actual_onset_global_ms"": 422716.953, ""actual_offset_global_ms"": 423212.858, ""actual_duration_ms"": 495.905}, {""stage_name"": ""input_panel"", ""planned_duration_ms"": 15000, ""intended_onset_ms"": 423212.858, ""actual_onset_global_ms"": 423222.733, ""actual_offset_global_ms"": 433110.223, ""actual_duration_ms"": 9887.49}]",,,,,0.0,none,,,0.0,0.0,none,0.0,0.0,0.0,0.0,,,,,,,,,,,,,,,,,,,,none,0.0,0.0,0.0,0.0,3.0,2.0,2.0,"[7, 2, 9]","[""9"", ""2"", ""7""]","[""9"", ""2"", ""7""]",927,onscreen_mouse,2266.933,9887.358,1.0,0.0,0.0,0.0,4.0,"[3621.534, 1596.843]",advance,"[420127.586, 421187.961, 422168.293]","[""digit_7.wav"", ""digit_2.wav"", ""digit_9.wav""]","[{""audio_file"": ""digit_7.wav"", ""audio_start_global_ms"": 420127.586, ""audio_expected_duration_ms"": 500, ""audio_stop_global_ms"": 420627.586}, {""audio_file"": ""digit_2.wav"", ""audio_start_global_ms"": 421187.961, ""audio_expected_duration_ms"": 500, ""audio_stop_global_ms"": 421687.961}, {""audio_file"": ""digit_9.wav"", ""audio_start_global_ms"": 422168.293, ""audio_expected_duration_ms"": 500, ""audio_stop_global_ms"": 422668.293}]",0.0,two_failures_in_span,4.0,,,,,,,,,,,,,
017,017_T1_20260425_151123,PCPA,T1,standard,hci_substudy_v2,1,telemetry_v4,digit_span,3,formal_span_4,formal,3,1,11,formal,span_4,1777101083,60.037,2026-04-25T15:18:43.703,0,0,0,1,433125.942,433247.638,,,,,,,0,,,,,433225.942,433251.35,450935.3,4000,17683.95,450935.3,"[{""stage_name"": ""fixation"", ""planned_duration_ms"": 100, ""intended_onset_ms"": 433125.942, ""actual_onset_global_ms"": 433247.638, ""actual_offset_global_ms"": 433264.294, ""actual_duration_ms"": 16.656}, {""stage_name"": ""auditory_sequence"", ""planned_duration_ms"": 4000, ""intended_onset_ms"": 433225.942, ""actual_onset_global_ms"": 433251.35, ""actual_offset_global_ms"": 436956.743, ""actual_duration_ms"": 3705.393}, {""stage_name"": ""wait"", ""planned_duration_ms"": 500, ""intended_onset_ms"": 436956.743, ""actual_onset_global_ms"": 436996.433, ""actual_offset_global_ms"": 437500.894, ""actual_duration_ms"": 504.461}, {""stage_name"": ""input_panel"", ""planned_duration_ms"": 15000, ""intended_onset_ms"": 437500.894, ""actual_onset_global_ms"": 437512.48, ""actual_offset_global_ms"": 450935.3, ""actual_duration_ms"": 13422.82}]",,,,,0.0,none,,,0.0,0.0,none,0.0,0.0,0.0,0.0,,,,,,,,,,,,,,,,,,,,none,0.0,0.0,0.0,0.0,4.0,1.0,3.0,"[8, 1, 6, 2]","[""2"", ""6"", ""1"", ""8""]","[""2"", ""1"", ""6"", ""8""]",2168,onscreen_mouse,6008.315,13422.708,0.0,0.0,0.0,0.0,5.0,"[1764.578, 3082.982, 1486.01]",terminate,"[433251.35, 434270.887, 435252.491, 436456.743]","[""digit_8.wav"", ""digit_1.wav"", ""digit_6.wav"", ""digit_2.wav""]","[{""audio_file"": ""digit_8.wav"", ""audio_start_global_ms"": 433251.35, ""audio_expected_duration_ms"": 500, ""audio_stop_global_ms"": 433751.35}, {""audio_file"": ""digit_1.wav"", ""audio_start_global_ms"": 434270.887, ""audio_expected_duration_ms"": 500, ""audio_stop_global_ms"": 434770.887}, {""audio_file"": ""digit_6.wav"", ""audio_start_global_ms"": 435252.491, ""audio_expected_duration_ms"": 500, ""audio_stop_global_ms"": 435752.491}, {""audio_file"": ""digit_2.wav"", ""audio_start_global_ms"": 436456.743, ""audio_expected_duration_ms"": 500, ""audio_stop_global_ms"": 436956.743}]",0.0,two_failures_in_span,4.0,,,,,,,,,,,,,
017,017_T1_20260425_151123,PCPA,T1,standard,hci_substudy_v2,1,telemetry_v4,digit_span,3,formal_span_4,formal,3,2,12,formal,span_4,1777101083,60.037,2026-04-25T15:19:01.518,0,0,0,1,450940.698,451074.332,,,,,,,0,,,,,451040.698,451079.539,466591.238,4000,15511.699,466591.238,"[{""stage_name"": ""fixation"", ""planned_duration_ms"": 100, ""intended_onset_ms"": 450940.698, ""actual_onset_global_ms"": 451074.332, ""actual_offset_global_ms"": 451090.988, ""actual_duration_ms"": 16.656}, {""stage_name"": ""auditory_sequence"", ""planned_duration_ms"": 4000, ""intended_onset_ms"": 451040.698, ""actual_onset_global_ms"": 451079.539, ""actual_offset_global_ms"": 454587.194, ""actual_duration_ms"": 3507.655}, {""stage_name"": ""wait"", ""planned_duration_ms"": 500, ""intended_onset_ms"": 454587.194, ""actual_onset_global_ms"": 454615.36, ""actual_offset_global_ms"": 455135.647, ""actual_duration_ms"": 520.287}, {""stage_name"": ""input_panel"", ""planned_duration_ms"": 15000, ""intended_onset_ms"": 455135.647, ""actual_onset_global_ms"": 455144.031, ""actual_offset_global_ms"": 466591.238, ""actual_duration_ms"": 11447.207}]",,,,,0.0,none,,,0.0,0.0,none,0.0,0.0,0.0,0.0,,,,,,,,,,,,,,,,,,,,none,0.0,0.0,0.0,0.0,4.0,2.0,3.0,"[1, 8, 2, 7]","[""7"", ""2"", ""8"", ""1""]","[""7"", ""8"", ""2"", ""1""]",7821,onscreen_mouse,4273.817,11447.086,0.0,0.0,0.0,0.0,5.0,"[1802.408, 1700.117, 1247.172]",terminate,"[451079.539, 452122.634, 453090.521, 454087.194]","[""digit_1.wav"", ""digit_8.wav"", ""digit_2.wav"", ""digit_7.wav""]","[{""audio_file"": ""digit_1.wav"", ""audio_start_global_ms"": 451079.539, ""audio_expected_duration_ms"": 500, ""audio_stop_global_ms"": 451579.539}, {""audio_file"": ""digit_8.wav"", ""audio_start_global_ms"": 452122.634, ""audio_expected_duration_ms"": 500, ""audio_stop_global_ms"": 452622.634}, {""audio_file"": ""digit_2.wav"", ""audio_start_global_ms"": 453090.521, ""audio_expected_duration_ms"": 500, ""audio_stop_global_ms"": 453590.521}, {""audio_file"": ""digit_7.wav"", ""audio_start_global_ms"": 454087.194, ""audio_expected_duration_ms"": 500, ""audio_stop_global_ms"": 454587.194}]",0.0,two_failures_in_span,4.0,,,,,,,,,,,,,
017,017_T1_20260425_151123,PCPA,T1,standard,hci_substudy_v2,1,telemetry_v4,change_detection,4,practice_cd,practice,1,1,1,practice,N2_same,1777101083,60.037,2026-04-25T15:19:50.698,0,0,0,1,500120.898,500151.055,,,,,s,,1,5595.785,,correct,1.0,503720.898,503801.618,509446.958,4000,5645.34,509596.958,"[{""stage_name"": ""fixation"", ""planned_duration_ms"": 100, ""intended_onset_ms"": 500120.898, ""actual_onset_global_ms"": 500151.055, ""actual_offset_global_ms"": 500240.849, ""actual_duration_ms"": 89.794}, {""stage_name"": ""memory_array"", ""planned_duration_ms"": 2500, ""intended_onset_ms"": 500220.898, ""actual_onset_global_ms"": 500283.59, ""actual_offset_global_ms"": 502744.027, ""actual_duration_ms"": 2460.437}, {""stage_name"": ""delay"", ""planned_duration_ms"": 1000, ""intended_onset_ms"": 502744.027, ""actual_onset_global_ms"": 502745.382, ""actual_offset_global_ms"": 503758.368, ""actual_duration_ms"": 1012.986}, {""stage_name"": ""test_array"", ""planned_duration_ms"": 4000, ""intended_onset_ms"": 503758.368, ""actual_onset_global_ms"": 503801.618, ""actual_offset_global_ms"": 509446.958, ""actual_duration_ms"": 5645.34}, {""stage_name"": ""feedback"", ""planned_duration_ms"": 150, ""intended_onset_ms"": 509446.958, ""actual_onset_global_ms"": 509473.368, ""actual_offset_global_ms"": 509619.358, ""actual_duration_ms"": 145.99}]",correct.wav,509447.532,150.0,509947.532,,,,,,,,,,,,,,,,,,,,,,,,,,,,,,,,,,,,,,,,,,,,,,1.0,,,,,,,,,,,,,2.0,same,1.0,"[-25.88, -188.94]","[[187.14, 152.09], [-25.88, -188.94]]","[""red"", ""purple""]","[""red"", ""purple""]",purple,purple,s,same,3.0,1.0
017,017_T1_20260425_151123,PCPA,T1,standard,hci_substudy_v2,1,telemetry_v4,change_detection,4,practice_cd,practice,1,2,2,practice,N1_change,1777101083,60.037,2026-04-25T15:20:00.187,0,0,0,1,509610.38,509635.363,,,,,j,,1,1364.199,,correct,1.0,513210.38,513300.584,514680.751,4000,1380.167,514830.751,"[{""stage_name"": ""fixation"", ""planned_duration_ms"": 100, ""intended_onset_ms"": 509610.38, ""actual_onset_global_ms"": 509635.363, ""actual_offset_global_ms"": 509737.042, ""actual_duration_ms"": 101.679}, {""stage_name"": ""memory_array"", ""planned_duration_ms"": 2500, ""intended_onset_ms"": 509710.38, ""actual_onset_global_ms"": 509762.285, ""actual_offset_global_ms"": 512267.641, ""actual_duration_ms"": 2505.356}, {""stage_name"": ""delay"", ""planned_duration_ms"": 1000, ""intended_onset_ms"": 512267.641, ""actual_onset_global_ms"": 512261.416, ""actual_offset_global_ms"": 513274.841, ""actual_duration_ms"": 1013.425}, {""stage_name"": ""test_array"", ""planned_duration_ms"": 4000, ""intended_onset_ms"": 513274.841, ""actual_onset_global_ms"": 513300.584, ""actual_offset_global_ms"": 514680.751, ""actual_duration_ms"": 1380.167}, {""stage_name"": ""feedback"", ""planned_duration_ms"": 150, ""intended_onset_ms"": 514680.751, ""actual_onset_global_ms"": 514700.54, ""actual_offset_global_ms"": 514866.944, ""actual_duration_ms"": 166.404}]",correct.wav,514681.298,150.0,515181.298,,,,,,,,,,,,,,,,,,,,,,,,,,,,,,,,,,,,,,,,,,,,,,1.0,,,,,,,,,,,,,1.0,change,0.0,"[-127.76, 113.89]","[[-127.76, 113.89]]","[""green""]","[""yellow""]",green,yellow,j,change,1.0,1.0
017,017_T1_20260425_151123,PCPA,T1,standard,hci_substudy_v2,1,telemetry_v4,change_detection,4,practice_cd,practice,1,3,3,practice,N1_same,1777101083,60.037,2026-04-25T15:20:05.434,0,0,0,1,514855.943,514870.182,,,,,s,,1,1983.466,,correct,1.0,518455.943,518532.322,520547.011,4000,2014.689,520697.011,"[{""stage_name"": ""fixation"", ""planned_duration_ms"": 100, ""intended_onset_ms"": 514855.943, ""actual_onset_global_ms"": 514870.182, ""actual_offset_global_ms"": 514983.682, ""actual_duration_ms"": 113.5}, {""stage_name"": ""memory_array"", ""planned_duration_ms"": 2500, ""intended_onset_ms"": 514955.943, ""actual_onset_global_ms"": 515006.916, ""actual_offset_global_ms"": 517491.397, ""actual_duration_ms"": 2484.481}, {""stage_name"": ""delay"", ""planned_duration_ms"": 1000, ""intended_onset_ms"": 517491.397, ""actual_onset_global_ms"": 517491.521, ""actual_offset_global_ms"": 518507.978, ""actual_duration_ms"": 1016.457}, {""stage_name"": ""test_array"", ""planned_duration_ms"": 4000, ""intended_onset_ms"": 518507.978, ""actual_onset_global_ms"": 518532.322, ""actual_offset_global_ms"": 520547.011, ""actual_duration_ms"": 2014.689}, {""stage_name"": ""feedback"", ""planned_duration_ms"": 150, ""intended_onset_ms"": 520547.011, ""actual_onset_global_ms"": 520567.007, ""actual_offset_global_ms"": 520807.764, ""actual_duration_ms"": 240.757}]",correct.wav,520547.803,150.0,521047.803,,,,,,,,,,,,,,,,,,,,,,,,,,,,,,,,,,,,,,,,,,,,,,1.0,,,,,,,,,,,,,1.0,same,0.0,"[-230.52, 161.35]","[[-230.52, 161.35]]","[""red""]","[""red""]",red,red,s,same,1.0,1.0
017,017_T1_20260425_151123,PCPA,T1,standard,hci_substudy_v2,1,telemetry_v4,change_detection,4,practice_cd,practice,1,4,4,practice,N2_same,1777101083,60.037,2026-04-25T15:20:11.380,0,0,0,1,520802.953,520825.277,,,,,s,,1,3051.849,,correct,1.0,524402.953,524500.362,527597.245,4000,3096.883,527747.245,"[{""stage_name"": ""fixation"", ""planned_duration_ms"": 100, ""intended_onset_ms"": 520802.953, ""actual_onset_global_ms"": 520825.277, ""actual_offset_global_ms"": 520934.805, ""actual_duration_ms"": 109.528}, {""stage_name"": ""memory_array"", ""planned_duration_ms"": 2500, ""intended_onset_ms"": 520902.953, ""actual_onset_global_ms"": 520964.159, ""actual_offset_global_ms"": 523442.031, ""actual_duration_ms"": 2477.872}, {""stage_name"": ""delay"", ""planned_duration_ms"": 1000, ""intended_onset_ms"": 523442.031, ""actual_onset_global_ms"": 523441.594, ""actual_offset_global_ms"": 524458.118, ""actual_duration_ms"": 1016.524}, {""stage_name"": ""test_array"", ""planned_duration_ms"": 4000, ""intended_onset_ms"": 524458.118, ""actual_onset_global_ms"": 524500.362, ""actual_offset_global_ms"": 527597.245, ""actual_duration_ms"": 3096.883}, {""stage_name"": ""feedback"", ""planned_duration_ms"": 150, ""intended_onset_ms"": 527597.245, ""actual_onset_global_ms"": 527617.02, ""actual_offset_global_ms"": 527768.894, ""actual_duration_ms"": 151.874}]",correct.wav,527598.046,150.0,528098.046,,,,,,,,,,,,,,,,,,,,,,,,,,,,,,,,,,,,,,,,,,,,,,1.0,,,,,,,,,,,,,2.0,same,0.0,"[-242.17, -85.85]","[[-242.17, -85.85], [-68.06, 93.0]]","[""green"", ""yellow""]","[""green"", ""yellow""]",green,green,s,same,2.0,1.0
017,017_T1_20260425_151123,PCPA,T1,standard,hci_substudy_v2,1,telemetry_v4,change_detection,4,practice_cd,practice,1,5,5,practice,N2_change,1777101083,60.037,2026-04-25T15:20:18.338,0,0,0,1,527760.799,527782.359,,,,,j,,1,1341.034,,correct,1.0,531360.799,531488.327,532879.209,4000,1390.882,533029.209,"[{""stage_name"": ""fixation"", ""planned_duration_ms"": 100, ""intended_onset_ms"": 527760.799, ""actual_onset_global_ms"": 527782.359, ""actual_offset_global_ms"": 527883.846, ""actual_duration_ms"": 101.487}, {""stage_name"": ""memory_array"", ""planned_duration_ms"": 2500, ""intended_onset_ms"": 527860.799, ""actual_onset_global_ms"": 527913.967, ""actual_offset_global_ms"": 530428.104, ""actual_duration_ms"": 2514.137}, {""stage_name"": ""delay"", ""planned_duration_ms"": 1000, ""intended_onset_ms"": 530428.104, ""actual_onset_global_ms"": 530424.255, ""actual_offset_global_ms"": 531441.379, ""actual_duration_ms"": 1017.124}, {""stage_name"": ""test_array"", ""planned_duration_ms"": 4000, ""intended_onset_ms"": 531441.379, ""actual_onset_global_ms"": 531488.327, ""actual_offset_global_ms"": 532879.209, ""actual_duration_ms"": 1390.882}, {""stage_name"": ""feedback"", ""planned_duration_ms"": 150, ""intended_onset_ms"": 532879.209, ""actual_onset_global_ms"": 532899.338, ""actual_offset_global_ms"": 533062.188, ""actual_duration_ms"": 162.85}]",correct.wav,532879.74,150.0,533379.74,,,,,,,,,,,,,,,,,,,,,,,,,,,,,,,,,,,,,,,,,,,,,,1.0,,,,,,,,,,,,,2.0,change,1.0,"[104.66, -55.62]","[[-144.74, 205.57], [104.66, -55.62]]","[""yellow"", ""blue""]","[""yellow"", ""purple""]",blue,purple,j,change,2.0,1.0
017,017_T1_20260425_151123,PCPA,T1,standard,hci_substudy_v2,1,telemetry_v4,change_detection,4,practice_cd,practice,1,6,6,practice,N1_change,1777101083,60.037,2026-04-25T15:20:23.631,0,0,0,1,533053.154,533073.236,,,,,j,,1,2225.995,,correct,1.0,536653.154,536860.589,539109.484,4000,2248.895,539259.484,"[{""stage_name"": ""fixation"", ""planned_duration_ms"": 100, ""intended_onset_ms"": 533053.154, ""actual_onset_global_ms"": 533073.236, ""actual_offset_global_ms"": 533182.454, ""actual_duration_ms"": 109.218}, {""stage_name"": ""memory_array"", ""planned_duration_ms"": 2500, ""intended_onset_ms"": 533153.154, ""actual_onset_global_ms"": 533206.307, ""actual_offset_global_ms"": 535826.561, ""actual_duration_ms"": 2620.254}, {""stage_name"": ""delay"", ""planned_duration_ms"": 1000, ""intended_onset_ms"": 535826.561, ""actual_onset_global_ms"": 535828.906, ""actual_offset_global_ms"": 536841.249, ""actual_duration_ms"": 1012.343}, {""stage_name"": ""test_array"", ""planned_duration_ms"": 4000, ""intended_onset_ms"": 536841.249, ""actual_onset_global_ms"": 536860.589, ""actual_offset_global_ms"": 539109.484, ""actual_duration_ms"": 2248.895}, {""stage_name"": ""feedback"", ""planned_duration_ms"": 150, ""intended_onset_ms"": 539109.484, ""actual_onset_global_ms"": 539130.294, ""actual_offset_global_ms"": 539294.259, ""actual_duration_ms"": 163.965}]",correct.wav,539109.903,150.0,539609.903,,,,,,,,,,,,,,,,,,,,,,,,,,,,,,,,,,,,,,,,,,,,,,1.0,,,,,,,,,,,,,1.0,change,0.0,"[-64.26, 156.06]","[[-64.26, 156.06]]","[""purple""]","[""blue""]",purple,blue,j,change,1.0,1.0
017,017_T1_20260425_151123,PCPA,T1,standard,hci_substudy_v2,1,telemetry_v4,change_detection,4,practice_cd,practice,1,7,7,practice,N1_same,1777101083,60.037,2026-04-25T15:20:29.864,0,0,0,1,539286.472,539309.33,,,,,s,,1,1641.042,,correct,1.0,542886.472,542966.661,544627.974,4000,1661.313,544777.974,"[{""stage_name"": ""fixation"", ""planned_duration_ms"": 100, ""intended_onset_ms"": 539286.472, ""actual_onset_global_ms"": 539309.33, ""actual_offset_global_ms"": 539415.259, ""actual_duration_ms"": 105.929}, {""stage_name"": ""memory_array"", ""planned_duration_ms"": 2500, ""intended_onset_ms"": 539386.472, ""actual_onset_global_ms"": 539434.184, ""actual_offset_global_ms"": 541937.97, ""actual_duration_ms"": 2503.786}, {""stage_name"": ""delay"", ""planned_duration_ms"": 1000, ""intended_onset_ms"": 541937.97, ""actual_onset_global_ms"": 541932.086, ""actual_offset_global_ms"": 542940.86, ""actual_duration_ms"": 1008.774}, {""stage_name"": ""test_array"", ""planned_duration_ms"": 4000, ""intended_onset_ms"": 542940.86, ""actual_onset_global_ms"": 542966.661, ""actual_offset_global_ms"": 544627.974, ""actual_duration_ms"": 1661.313}, {""stage_name"": ""feedback"", ""planned_duration_ms"": 150, ""intended_onset_ms"": 544627.974, ""actual_onset_global_ms"": 544644.555, ""actual_offset_global_ms"": 544797.416, ""actual_duration_ms"": 152.861}]",correct.wav,544628.693,150.0,545128.693,,,,,,,,,,,,,,,,,,,,,,,,,,,,,,,,,,,,,,,,,,,,,,1.0,,,,,,,,,,,,,1.0,same,0.0,"[-222.46, -222.17]","[[-222.46, -222.17]]","[""yellow""]","[""yellow""]",yellow,yellow,s,same,1.0,1.0
017,017_T1_20260425_151123,PCPA,T1,standard,hci_substudy_v2,1,telemetry_v4,change_detection,4,practice_cd,practice,1,8,8,practice,N2_change,1777101083,60.037,2026-04-25T15:20:35.365,0,0,0,1,544787.734,544805.378,,,,,j,,1,1803.447,,correct,1.0,548387.734,548490.983,550328.385,4000,1837.402,550478.385,"[{""stage_name"": ""fixation"", ""planned_duration_ms"": 100, ""intended_onset_ms"": 544787.734, ""actual_onset_global_ms"": 544805.378, ""actual_offset_global_ms"": 544916.296, ""actual_duration_ms"": 110.918}, {""stage_name"": ""memory_array"", ""planned_duration_ms"": 2500, ""intended_onset_ms"": 544887.734, ""actual_onset_global_ms"": 544959.199, ""actual_offset_global_ms"": 547453.938, ""actual_duration_ms"": 2494.739}, {""stage_name"": ""delay"", ""planned_duration_ms"": 1000, ""intended_onset_ms"": 547453.938, ""actual_onset_global_ms"": 547446.441, ""actual_offset_global_ms"": 548457.645, ""actual_duration_ms"": 1011.204}, {""stage_name"": ""test_array"", ""planned_duration_ms"": 4000, ""intended_onset_ms"": 548457.645, ""actual_onset_global_ms"": 548490.983, ""actual_offset_global_ms"": 550328.385, ""actual_duration_ms"": 1837.402}, {""stage_name"": ""feedback"", ""planned_duration_ms"": 150, ""intended_onset_ms"": 550328.385, ""actual_onset_global_ms"": 550349.331, ""actual_offset_global_ms"": 550500.042, ""actual_duration_ms"": 150.711}]",correct.wav,550328.893,150.0,550828.893,,,,,,,,,,,,,,,,,,,,,,,,,,,,,,,,,,,,,,,,,,,,,,1.0,,,,,,,,,,,,,2.0,change,0.0,"[184.7, 180.97]","[[184.7, 180.97], [162.32, -0.61]]","[""yellow"", ""green""]","[""red"", ""green""]",yellow,red,j,change,3.0,1.0
017,017_T1_20260425_151123,PCPA,T1,standard,hci_substudy_v2,1,telemetry_v4,change_detection,4,formal_cd,formal,1,1,9,formal,N2_same,1777101083,60.037,2026-04-25T15:20:46.716,0,0,0,1,556138.69,556156.738,,,,,s,,1,4472.079,,,,559738.69,559854.669,564374.177,4000,4519.508,564374.177,"[{""stage_name"": ""fixation"", ""planned_duration_ms"": 100, ""intended_onset_ms"": 556138.69, ""actual_onset_global_ms"": 556156.738, ""actual_offset_global_ms"": 556269.605, ""actual_duration_ms"": 112.867}, {""stage_name"": ""memory_array"", ""planned_duration_ms"": 2500, ""intended_onset_ms"": 556238.69, ""actual_onset_global_ms"": 556310.937, ""actual_offset_global_ms"": 558794.813, ""actual_duration_ms"": 2483.876}, {""stage_name"": ""delay"", ""planned_duration_ms"": 1000, ""intended_onset_ms"": 558794.813, ""actual_onset_global_ms"": 558790.687, ""actual_offset_global_ms"": 559807.28, ""actual_duration_ms"": 1016.593}, {""stage_name"": ""test_array"", ""planned_duration_ms"": 4000, ""intended_onset_ms"": 559807.28, ""actual_onset_global_ms"": 559854.669, ""actual_offset_global_ms"": 564374.177, ""actual_duration_ms"": 4519.508}]",,,,,,,,,,,,,,,,,,,,,,,,,,,,,,,,,,,,,,,,,,,,,,,,,,1.0,,,,,,,,,,,,,2.0,same,0.0,"[217.21, 89.23]","[[217.21, 89.23], [55.32, 150.68]]","[""blue"", ""green""]","[""blue"", ""green""]",blue,blue,s,same,2.0,1.0
017,017_T1_20260425_151123,PCPA,T1,standard,hci_substudy_v2,1,telemetry_v4,change_detection,4,formal_cd,formal,1,2,10,formal,N4_change,1777101083,60.037,2026-04-25T15:20:54.960,0,0,0,1,564382.252,564399.608,,,,,j,,1,1787.23,,,,567982.252,568127.091,569978.758,4000,1851.667,569978.758,"[{""stage_name"": ""fixation"", ""planned_duration_ms"": 100, ""intended_onset_ms"": 564382.252, ""actual_onset_global_ms"": 564399.608, ""actual_offset_global_ms"": 564500.66, ""actual_duration_ms"": 101.052}, {""stage_name"": ""memory_array"", ""planned_duration_ms"": 2500, ""intended_onset_ms"": 564482.252, ""actual_onset_global_ms"": 564558.306, ""actual_offset_global_ms"": 567061.163, ""actual_duration_ms"": 2502.857}, {""stage_name"": ""delay"", ""planned_duration_ms"": 1000, ""intended_onset_ms"": 567061.163, ""actual_onset_global_ms"": 567057.518, ""actual_offset_global_ms"": 568073.978, ""actual_duration_ms"": 1016.46}, {""stage_name"": ""test_array"", ""planned_duration_ms"": 4000, ""intended_onset_ms"": 568073.978, ""actual_onset_global_ms"": 568127.091, ""actual_offset_global_ms"": 569978.758, ""actual_duration_ms"": 1851.667}]",,,,,,,,,,,,,,,,,,,,,,,,,,,,,,,,,,,,,,,,,,,,,,,,,,1.0,,,,,,,,,,,,,4.0,change,3.0,"[-179.25, 182.13]","[[-61.13, -193.71], [209.9, -114.58], [160.63, 187.48], [-179.25, 182.13]]","[""blue"", ""yellow"", ""red"", ""green""]","[""blue"", ""yellow"", ""red"", ""purple""]",green,purple,j,change,4.0,1.0
017,017_T1_20260425_151123,PCPA,T1,standard,hci_substudy_v2,1,telemetry_v4,change_detection,4,formal_cd,formal,1,3,11,formal,N1_change,1777101083,60.037,2026-04-25T15:21:00.565,0,0,0,1,569987.246,570008.312,,,,,j,,1,1061.302,,,,573587.246,573665.2,574774.823,4000,1109.623,574774.823,"[{""stage_name"": ""fixation"", ""planned_duration_ms"": 100, ""intended_onset_ms"": 569987.246, ""actual_onset_global_ms"": 570008.312, ""actual_offset_global_ms"": 570116.281, ""actual_duration_ms"": 107.969}, {""stage_name"": ""memory_array"", ""planned_duration_ms"": 2500, ""intended_onset_ms"": 570087.246, ""actual_onset_global_ms"": 570140.477, ""actual_offset_global_ms"": 572638.192, ""actual_duration_ms"": 2497.715}, {""stage_name"": ""delay"", ""planned_duration_ms"": 1000, ""intended_onset_ms"": 572638.192, ""actual_onset_global_ms"": 572640.924, ""actual_offset_global_ms"": 573640.478, ""actual_duration_ms"": 999.554}, {""stage_name"": ""test_array"", ""planned_duration_ms"": 4000, ""intended_onset_ms"": 573640.478, ""actual_onset_global_ms"": 573665.2, ""actual_offset_global_ms"": 574774.823, ""actual_duration_ms"": 1109.623}]",,,,,,,,,,,,,,,,,,,,,,,,,,,,,,,,,,,,,,,,,,,,,,,,,,1.0,,,,,,,,,,,,,1.0,change,0.0,"[19.07, -220.71]","[[19.07, -220.71]]","[""red""]","[""blue""]",red,blue,j,change,1.0,1.0
017,017_T1_20260425_151123,PCPA,T1,standard,hci_substudy_v2,1,telemetry_v4,change_detection,4,formal_cd,formal,1,4,12,formal,N3_same,1777101083,60.037,2026-04-25T15:21:05.361,0,0,0,1,574783.851,574807.139,,,,,s,,1,1568.898,,,,578383.851,578490.803,580094.051,4000,1603.248,580094.051,"[{""stage_name"": ""fixation"", ""planned_duration_ms"": 100, ""intended_onset_ms"": 574783.851, ""actual_onset_global_ms"": 574807.139, ""actual_offset_global_ms"": 574916.385, ""actual_duration_ms"": 109.246}, {""stage_name"": ""memory_array"", ""planned_duration_ms"": 2500, ""intended_onset_ms"": 574883.851, ""actual_onset_global_ms"": 574965.839, ""actual_offset_global_ms"": 577417.639, ""actual_duration_ms"": 2451.8}, {""stage_name"": ""delay"", ""planned_duration_ms"": 1000, ""intended_onset_ms"": 577417.639, ""actual_onset_global_ms"": 577415.545, ""actual_offset_global_ms"": 578423.839, ""actual_duration_ms"": 1008.294}, {""stage_name"": ""test_array"", ""planned_duration_ms"": 4000, ""intended_onset_ms"": 578423.839, ""actual_onset_global_ms"": 578490.803, ""actual_offset_global_ms"": 580094.051, ""actual_duration_ms"": 1603.248}]",,,,,,,,,,,,,,,,,,,,,,,,,,,,,,,,,,,,,,,,,,,,,,,,,,1.0,,,,,,,,,,,,,3.0,same,1.0,"[-156.62, -90.08]","[[174.04, -148.16], [-156.62, -90.08], [230.85, -242.96]]","[""yellow"", ""green"", ""purple""]","[""yellow"", ""green"", ""purple""]",green,green,s,same,6.0,1.0
017,017_T1_20260425_151123,PCPA,T1,standard,hci_substudy_v2,1,telemetry_v4,change_detection,4,formal_cd,formal,1,5,13,formal,N4_change,1777101083,60.037,2026-04-25T15:21:10.680,0,0,0,1,580103.065,580121.457,,,,,j,,1,1452.698,,,,583703.065,583819.041,585340.843,4000,1521.802,585340.843,"[{""stage_name"": ""fixation"", ""planned_duration_ms"": 100, ""intended_onset_ms"": 580103.065, ""actual_onset_global_ms"": 580121.457, ""actual_offset_global_ms"": 580233.185, ""actual_duration_ms"": 111.728}, {""stage_name"": ""memory_array"", ""planned_duration_ms"": 2500, ""intended_onset_ms"": 580203.065, ""actual_onset_global_ms"": 580311.906, ""actual_offset_global_ms"": 582762.544, ""actual_duration_ms"": 2450.638}, {""stage_name"": ""delay"", ""planned_duration_ms"": 1000, ""intended_onset_ms"": 582762.544, ""actual_onset_global_ms"": 582762.877, ""actual_offset_global_ms"": 583773.755, ""actual_duration_ms"": 1010.878}, {""stage_name"": ""test_array"", ""planned_duration_ms"": 4000, ""intended_onset_ms"": 583773.755, ""actual_onset_global_ms"": 583819.041, ""actual_offset_global_ms"": 585340.843, ""actual_duration_ms"": 1521.802}]",,,,,,,,,,,,,,,,,,,,,,,,,,,,,,,,,,,,,,,,,,,,,,,,,,1.0,,,,,,,,,,,,,4.0,change,3.0,"[-229.03, 242.73]","[[25.84, -222.71], [-118.85, 124.88], [-51.62, -127.92], [-229.03, 242.73]]","[""purple"", ""yellow"", ""red"", ""blue""]","[""purple"", ""yellow"", ""red"", ""green""]",blue,green,j,change,4.0,1.0
017,017_T1_20260425_151123,PCPA,T1,standard,hci_substudy_v2,1,telemetry_v4,change_detection,4,formal_cd,formal,1,6,14,formal,N2_change,1777101083,60.037,2026-04-25T15:21:15.928,0,0,0,1,585351.627,585373.089,,,,,j,,1,3189.697,,,,588951.627,589044.132,592298.017,4000,3253.885,592298.017,"[{""stage_name"": ""fixation"", ""planned_duration_ms"": 100, ""intended_onset_ms"": 585351.627, ""actual_onset_global_ms"": 585373.089, ""actual_offset_global_ms"": 585481.827, ""actual_duration_ms"": 108.738}, {""stage_name"": ""memory_array"", ""planned_duration_ms"": 2500, ""intended_onset_ms"": 585451.627, ""actual_onset_global_ms"": 585525.449, ""actual_offset_global_ms"": 587996.586, ""actual_duration_ms"": 2471.137}, {""stage_name"": ""delay"", ""planned_duration_ms"": 1000, ""intended_onset_ms"": 587996.586, ""actual_onset_global_ms"": 587993.397, ""actual_offset_global_ms"": 589007.099, ""actual_duration_ms"": 1013.702}, {""stage_name"": ""test_array"", ""planned_duration_ms"": 4000, ""intended_onset_ms"": 589007.099, ""actual_onset_global_ms"": 589044.132, ""actual_offset_global_ms"": 592298.017, ""actual_duration_ms"": 3253.885}]",,,,,,,,,,,,,,,,,,,,,,,,,,,,,,,,,,,,,,,,,,,,,,,,,,1.0,,,,,,,,,,,,,2.0,change,1.0,"[-17.05, -211.88]","[[128.05, 95.43], [-17.05, -211.88]]","[""purple"", ""green""]","[""purple"", ""yellow""]",green,yellow,j,change,2.0,1.0
017,017_T1_20260425_151123,PCPA,T1,standard,hci_substudy_v2,1,telemetry_v4,change_detection,4,formal_cd,formal,1,7,15,formal,N2_same,1777101083,60.037,2026-04-25T15:21:22.885,0,0,0,1,592307.207,592325.117,,,,,s,,1,2915.601,,,,595907.207,595960.053,598923.47,4000,2963.417,598923.47,"[{""stage_name"": ""fixation"", ""planned_duration_ms"": 100, ""intended_onset_ms"": 592307.207, ""actual_onset_global_ms"": 592325.117, ""actual_offset_global_ms"": 592431.674, ""actual_duration_ms"": 106.557}, {""stage_name"": ""memory_array"", ""planned_duration_ms"": 2500, ""intended_onset_ms"": 592407.207, ""actual_onset_global_ms"": 592453.468, ""actual_offset_global_ms"": 594935.746, ""actual_duration_ms"": 2482.278}, {""stage_name"": ""delay"", ""planned_duration_ms"": 1000, ""intended_onset_ms"": 594935.746, ""actual_onset_global_ms"": 594927.623, ""actual_offset_global_ms"": 595941.152, ""actual_duration_ms"": 1013.529}, {""stage_name"": ""test_array"", ""planned_duration_ms"": 4000, ""intended_onset_ms"": 595941.152, ""actual_onset_global_ms"": 595960.053, ""actual_offset_global_ms"": 598923.47, ""actual_duration_ms"": 2963.417}]",,,,,,,,,,,,,,,,,,,,,,,,,,,,,,,,,,,,,,,,,,,,,,,,,,1.0,,,,,,,,,,,,,2.0,same,1.0,"[-88.82, -30.03]","[[-88.31, -190.65], [-88.82, -30.03]]","[""green"", ""blue""]","[""green"", ""blue""]",blue,blue,s,same,2.0,1.0
017,017_T1_20260425_151123,PCPA,T1,standard,hci_substudy_v2,1,telemetry_v4,change_detection,4,formal_cd,formal,1,8,16,formal,N3_same,1777101083,60.037,2026-04-25T15:21:29.511,0,0,0,1,598933.15,598955.072,,,,,s,,1,3132.758,,,,602533.15,602649.057,605823.582,4000,3174.525,605823.582,"[{""stage_name"": ""fixation"", ""planned_duration_ms"": 100, ""intended_onset_ms"": 598933.15, ""actual_onset_global_ms"": 598955.072, ""actual_offset_global_ms"": 599065.048, ""actual_duration_ms"": 109.976}, {""stage_name"": ""memory_array"", ""planned_duration_ms"": 2500, ""intended_onset_ms"": 599033.15, ""actual_onset_global_ms"": 599096.305, ""actual_offset_global_ms"": 601575.451, ""actual_duration_ms"": 2479.146}, {""stage_name"": ""delay"", ""planned_duration_ms"": 1000, ""intended_onset_ms"": 601575.451, ""actual_onset_global_ms"": 601573.552, ""actual_offset_global_ms"": 602591.498, ""actual_duration_ms"": 1017.946}, {""stage_name"": ""test_array"", ""planned_duration_ms"": 4000, ""intended_onset_ms"": 602591.498, ""actual_onset_global_ms"": 602649.057, ""actual_offset_global_ms"": 605823.582, ""actual_duration_ms"": 3174.525}]",,,,,,,,,,,,,,,,,,,,,,,,,,,,,,,,,,,,,,,,,,,,,,,,,,1.0,,,,,,,,,,,,,3.0,same,1.0,"[134.07, -126.01]","[[-28.47, -140.71], [134.07, -126.01], [-2.79, 134.82]]","[""purple"", ""green"", ""blue""]","[""purple"", ""green"", ""blue""]",green,green,s,same,3.0,1.0
017,017_T1_20260425_151123,PCPA,T1,standard,hci_substudy_v2,1,telemetry_v4,change_detection,4,formal_cd,formal,1,9,17,formal,N3_change,1777101083,60.037,2026-04-25T15:21:36.410,0,0,0,1,605832.772,605855.12,,,,,j,,1,2035.139,,,,609432.772,609509.116,611606.69,4000,2097.574,611606.69,"[{""stage_name"": ""fixation"", ""planned_duration_ms"": 100, ""intended_onset_ms"": 605832.772, ""actual_onset_global_ms"": 605855.12, ""actual_offset_global_ms"": 605966.245, ""actual_duration_ms"": 111.125}, {""stage_name"": ""memory_array"", ""planned_duration_ms"": 2500, ""intended_onset_ms"": 605932.772, ""actual_onset_global_ms"": 606005.446, ""actual_offset_global_ms"": 608467.218, ""actual_duration_ms"": 2461.772}, {""stage_name"": ""delay"", ""planned_duration_ms"": 1000, ""intended_onset_ms"": 608467.218, ""actual_onset_global_ms"": 608460.052, ""actual_offset_global_ms"": 609473.572, ""actual_duration_ms"": 1013.52}, {""stage_name"": ""test_array"", ""planned_duration_ms"": 4000, ""intended_onset_ms"": 609473.572, ""actual_onset_global_ms"": 609509.116, ""actual_offset_global_ms"": 611606.69, ""actual_duration_ms"": 2097.574}]",,,,,,,,,,,,,,,,,,,,,,,,,,,,,,,,,,,,,,,,,,,,,,,,,,1.0,,,,,,,,,,,,,3.0,change,0.0,"[-254.03, -228.82]","[[-254.03, -228.82], [-88.75, -161.55], [-189.62, -69.29]]","[""yellow"", ""green"", ""blue""]","[""red"", ""green"", ""blue""]",yellow,red,j,change,3.0,1.0
017,017_T1_20260425_151123,PCPA,T1,standard,hci_substudy_v2,1,telemetry_v4,change_detection,4,formal_cd,formal,1,10,18,formal,N1_same,1777101083,60.037,2026-04-25T15:21:42.192,0,0,0,1,611614.592,611631.927,,,,,s,,0,1469.169,,,,615214.592,615276.372,616793.283,4000,1516.911,616793.283,"[{""stage_name"": ""fixation"", ""planned_duration_ms"": 100, ""intended_onset_ms"": 611614.592, ""actual_onset_global_ms"": 611631.927, ""actual_offset_global_ms"": 611732.057, ""actual_duration_ms"": 100.13}, {""stage_name"": ""memory_array"", ""planned_duration_ms"": 2500, ""intended_onset_ms"": 611714.592, ""actual_onset_global_ms"": 611754.398, ""actual_offset_global_ms"": 614240.514, ""actual_duration_ms"": 2486.116}, {""stage_name"": ""delay"", ""planned_duration_ms"": 1000, ""intended_onset_ms"": 614240.514, ""actual_onset_global_ms"": 614240.101, ""actual_offset_global_ms"": 615256.727, ""actual_duration_ms"": 1016.626}, {""stage_name"": ""test_array"", ""planned_duration_ms"": 4000, ""intended_onset_ms"": 615256.727, ""actual_onset_global_ms"": 615276.372, ""actual_offset_global_ms"": 616793.283, ""actual_duration_ms"": 1516.911}]",,,,,,,,,,,,,,,,,,,,,,,,,,,,,,,,,,,,,,,,,,,,,,,,,,0.0,,,,,,,,,,,,,1.0,same,0.0,"[-215.47, 9.03]","[[-215.47, 9.03]]","[""red""]","[""red""]",red,red,j,change,1.0,1.0
017,017_T1_20260425_151123,PCPA,T1,standard,hci_substudy_v2,1,telemetry_v4,change_detection,4,formal_cd,formal,1,11,19,formal,N4_change,1777101083,60.037,2026-04-25T15:21:47.381,0,0,0,1,616802.718,616823.229,,,,,j,,1,2448.952,,,,620402.718,620564.715,623056.662,4000,2491.947,623056.662,"[{""stage_name"": ""fixation"", ""planned_duration_ms"": 100, ""intended_onset_ms"": 616802.718, ""actual_onset_global_ms"": 616823.229, ""actual_offset_global_ms"": 616931.095, ""actual_duration_ms"": 107.866}, {""stage_name"": ""memory_array"", ""planned_duration_ms"": 2500, ""intended_onset_ms"": 616902.718, ""actual_onset_global_ms"": 617014.097, ""actual_offset_global_ms"": 619478.99, ""actual_duration_ms"": 2464.893}, {""stage_name"": ""delay"", ""planned_duration_ms"": 1000, ""intended_onset_ms"": 619478.99, ""actual_onset_global_ms"": 619478.911, ""actual_offset_global_ms"": 620490.121, ""actual_duration_ms"": 1011.21}, {""stage_name"": ""test_array"", ""planned_duration_ms"": 4000, ""intended_onset_ms"": 620490.121, ""actual_onset_global_ms"": 620564.715, ""actual_offset_global_ms"": 623056.662, ""actual_duration_ms"": 2491.947}]",,,,,,,,,,,,,,,,,,,,,,,,,,,,,,,,,,,,,,,,,,,,,,,,,,1.0,,,,,,,,,,,,,4.0,change,1.0,"[226.76, 100.34]","[[-204.17, 47.22], [226.76, 100.34], [-90.39, -87.78], [-9.31, 150.85]]","[""green"", ""blue"", ""yellow"", ""red""]","[""green"", ""purple"", ""yellow"", ""red""]",blue,purple,j,change,4.0,1.0
017,017_T1_20260425_151123,PCPA,T1,standard,hci_substudy_v2,1,telemetry_v4,change_detection,4,formal_cd,formal,1,12,20,formal,N3_same,1777101083,60.037,2026-04-25T15:21:53.643,0,0,0,1,623065.679,623081.884,,,,,s,,1,2402.329,,,,626665.679,626817.399,629306.929,4000,2489.53,629306.929,"[{""stage_name"": ""fixation"", ""planned_duration_ms"": 100, ""intended_onset_ms"": 623065.679, ""actual_onset_global_ms"": 623081.884, ""actual_offset_global_ms"": 623198.458, ""actual_duration_ms"": 116.574}, {""stage_name"": ""memory_array"", ""planned_duration_ms"": 2500, ""intended_onset_ms"": 623165.679, ""actual_onset_global_ms"": 623244.525, ""actual_offset_global_ms"": 625740.533, ""actual_duration_ms"": 2496.008}, {""stage_name"": ""delay"", ""planned_duration_ms"": 1000, ""intended_onset_ms"": 625740.533, ""actual_onset_global_ms"": 625739.752, ""actual_offset_global_ms"": 626756.685, ""actual_duration_ms"": 1016.933}, {""stage_name"": ""test_array"", ""planned_duration_ms"": 4000, ""intended_onset_ms"": 626756.685, ""actual_onset_global_ms"": 626817.399, ""actual_offset_global_ms"": 629306.929, ""actual_duration_ms"": 2489.53}]",,,,,,,,,,,,,,,,,,,,,,,,,,,,,,,,,,,,,,,,,,,,,,,,,,1.0,,,,,,,,,,,,,3.0,same,2.0,"[-255.5, -223.38]","[[137.39, 61.16], [36.53, 201.6], [-255.5, -223.38]]","[""red"", ""purple"", ""green""]","[""red"", ""purple"", ""green""]",green,green,s,same,6.0,1.0
017,017_T1_20260425_151123,PCPA,T1,standard,hci_substudy_v2,1,telemetry_v4,change_detection,4,formal_cd,formal,1,13,21,formal,N3_change,1777101083,60.037,2026-04-25T15:21:59.896,0,0,0,1,629318.798,629341.127,,,,,j,,1,2228.629,,,,632918.798,633023.251,635289.807,4000,2266.556,635289.807,"[{""stage_name"": ""fixation"", ""planned_duration_ms"": 100, ""intended_onset_ms"": 629318.798, ""actual_onset_global_ms"": 629341.127, ""actual_offset_global_ms"": 629446.935, ""actual_duration_ms"": 105.808}, {""stage_name"": ""memory_array"", ""planned_duration_ms"": 2500, ""intended_onset_ms"": 629418.798, ""actual_onset_global_ms"": 629494.692, ""actual_offset_global_ms"": 631946.925, ""actual_duration_ms"": 2452.233}, {""stage_name"": ""delay"", ""planned_duration_ms"": 1000, ""intended_onset_ms"": 631946.925, ""actual_onset_global_ms"": 631948.613, ""actual_offset_global_ms"": 632956.444, ""actual_duration_ms"": 1007.831}, {""stage_name"": ""test_array"", ""planned_duration_ms"": 4000, ""intended_onset_ms"": 632956.444, ""actual_onset_global_ms"": 633023.251, ""actual_offset_global_ms"": 635289.807, ""actual_duration_ms"": 2266.556}]",,,,,,,,,,,,,,,,,,,,,,,,,,,,,,,,,,,,,,,,,,,,,,,,,,1.0,,,,,,,,,,,,,3.0,change,1.0,"[-69.36, 216.22]","[[-184.48, -30.88], [-69.36, 216.22], [-213.6, 175.05]]","[""purple"", ""yellow"", ""green""]","[""purple"", ""blue"", ""green""]",yellow,blue,j,change,3.0,1.0
017,017_T1_20260425_151123,PCPA,T1,standard,hci_substudy_v2,1,telemetry_v4,change_detection,4,formal_cd,formal,1,14,22,formal,N4_same,1777101083,60.037,2026-04-25T15:22:05.876,0,0,0,1,635298.831,635314.89,,,,,s,,1,1866.663,,,,638898.831,639057.028,640976.633,4000,1919.605,640976.633,"[{""stage_name"": ""fixation"", ""planned_duration_ms"": 100, ""intended_onset_ms"": 635298.831, ""actual_onset_global_ms"": 635314.89, ""actual_offset_global_ms"": 635431.099, ""actual_duration_ms"": 116.209}, {""stage_name"": ""memory_array"", ""planned_duration_ms"": 2500, ""intended_onset_ms"": 635398.831, ""actual_onset_global_ms"": 635504.277, ""actual_offset_global_ms"": 637969.509, ""actual_duration_ms"": 2465.232}, {""stage_name"": ""delay"", ""planned_duration_ms"": 1000, ""intended_onset_ms"": 637969.509, ""actual_onset_global_ms"": 637965.013, ""actual_offset_global_ms"": 638989.571, ""actual_duration_ms"": 1024.558}, {""stage_name"": ""test_array"", ""planned_duration_ms"": 4000, ""intended_onset_ms"": 638989.571, ""actual_onset_global_ms"": 639057.028, ""actual_offset_global_ms"": 640976.633, ""actual_duration_ms"": 1919.605}]",,,,,,,,,,,,,,,,,,,,,,,,,,,,,,,,,,,,,,,,,,,,,,,,,,1.0,,,,,,,,,,,,,4.0,same,2.0,"[223.88, 134.81]","[[211.34, -42.86], [156.0, 45.21], [223.88, 134.81], [-67.64, -211.9]]","[""blue"", ""green"", ""purple"", ""yellow""]","[""blue"", ""green"", ""purple"", ""yellow""]",purple,purple,s,same,4.0,1.0
017,017_T1_20260425_151123,PCPA,T1,standard,hci_substudy_v2,1,telemetry_v4,change_detection,4,formal_cd,formal,1,15,23,formal,N2_change,1777101083,60.037,2026-04-25T15:22:11.563,0,0,0,1,640986.276,641007.065,,,,,j,,1,1614.219,,,,644586.276,644682.231,646311.439,4000,1629.208,646311.439,"[{""stage_name"": ""fixation"", ""planned_duration_ms"": 100, ""intended_onset_ms"": 640986.276, ""actual_onset_global_ms"": 641007.065, ""actual_offset_global_ms"": 641116.762, ""actual_duration_ms"": 109.697}, {""stage_name"": ""memory_array"", ""planned_duration_ms"": 2500, ""intended_onset_ms"": 641086.276, ""actual_onset_global_ms"": 641159.297, ""actual_offset_global_ms"": 643637.657, ""actual_duration_ms"": 2478.36}, {""stage_name"": ""delay"", ""planned_duration_ms"": 1000, ""intended_onset_ms"": 643637.657, ""actual_onset_global_ms"": 643639.609, ""actual_offset_global_ms"": 644639.822, ""actual_duration_ms"": 1000.213}, {""stage_name"": ""test_array"", ""planned_duration_ms"": 4000, ""intended_onset_ms"": 644639.822, ""actual_onset_global_ms"": 644682.231, ""actual_offset_global_ms"": 646311.439, ""actual_duration_ms"": 1629.208}]",,,,,,,,,,,,,,,,,,,,,,,,,,,,,,,,,,,,,,,,,,,,,,,,,,1.0,,,,,,,,,,,,,2.0,change,0.0,"[139.44, -122.29]","[[139.44, -122.29], [201.71, 213.7]]","[""red"", ""green""]","[""yellow"", ""green""]",red,yellow,j,change,3.0,1.0
017,017_T1_20260425_151123,PCPA,T1,standard,hci_substudy_v2,1,telemetry_v4,change_detection,4,formal_cd,formal,1,16,24,formal,N4_change,1777101083,60.037,2026-04-25T15:22:16.899,0,0,0,1,646322.541,646342.221,,,,,j,,1,3157.897,,,,649922.541,650014.883,653195.153,4000,3180.27,653195.153,"[{""stage_name"": ""fixation"", ""planned_duration_ms"": 100, ""intended_onset_ms"": 646322.541, ""actual_onset_global_ms"": 646342.221, ""actual_offset_global_ms"": 646445.606, ""actual_duration_ms"": 103.385}, {""stage_name"": ""memory_array"", ""planned_duration_ms"": 2500, ""intended_onset_ms"": 646422.541, ""actual_onset_global_ms"": 646511.983, ""actual_offset_global_ms"": 648953.309, ""actual_duration_ms"": 2441.326}, {""stage_name"": ""delay"", ""planned_duration_ms"": 1000, ""intended_onset_ms"": 648953.309, ""actual_onset_global_ms"": 648956.474, ""actual_offset_global_ms"": 649972.835, ""actual_duration_ms"": 1016.361}, {""stage_name"": ""test_array"", ""planned_duration_ms"": 4000, ""intended_onset_ms"": 649972.835, ""actual_onset_global_ms"": 650014.883, ""actual_offset_global_ms"": 653195.153, ""actual_duration_ms"": 3180.27}]",,,,,,,,,,,,,,,,,,,,,,,,,,,,,,,,,,,,,,,,,,,,,,,,,,1.0,,,,,,,,,,,,,4.0,change,1.0,"[-250.11, -83.21]","[[-81.81, 72.72], [-250.11, -83.21], [17.19, 125.79], [37.54, 222.19]]","[""blue"", ""purple"", ""red"", ""green""]","[""blue"", ""yellow"", ""red"", ""green""]",purple,yellow,j,change,4.0,1.0
017,017_T1_20260425_151123,PCPA,T1,standard,hci_substudy_v2,1,telemetry_v4,change_detection,4,formal_cd,formal,1,17,25,formal,N1_same,1777101083,60.037,2026-04-25T15:22:23.781,0,0,0,1,653203.456,653218.272,,,,,s,,1,1791.797,,,,656803.456,656862.868,658675.503,4000,1812.635,658675.503,"[{""stage_name"": ""fixation"", ""planned_duration_ms"": 100, ""intended_onset_ms"": 653203.456, ""actual_onset_global_ms"": 653218.272, ""actual_offset_global_ms"": 653327.103, ""actual_duration_ms"": 108.831}, {""stage_name"": ""memory_array"", ""planned_duration_ms"": 2500, ""intended_onset_ms"": 653303.456, ""actual_onset_global_ms"": 653352.508, ""actual_offset_global_ms"": 655827.752, ""actual_duration_ms"": 2475.244}, {""stage_name"": ""delay"", ""planned_duration_ms"": 1000, ""intended_onset_ms"": 655827.752, ""actual_onset_global_ms"": 655822.629, ""actual_offset_global_ms"": 656839.711, ""actual_duration_ms"": 1017.082}, {""stage_name"": ""test_array"", ""planned_duration_ms"": 4000, ""intended_onset_ms"": 656839.711, ""actual_onset_global_ms"": 656862.868, ""actual_offset_global_ms"": 658675.503, ""actual_duration_ms"": 1812.635}]",,,,,,,,,,,,,,,,,,,,,,,,,,,,,,,,,,,,,,,,,,,,,,,,,,1.0,,,,,,,,,,,,,1.0,same,0.0,"[-212.09, -194.79]","[[-212.09, -194.79]]","[""yellow""]","[""yellow""]",yellow,yellow,s,same,1.0,1.0
017,017_T1_20260425_151123,PCPA,T1,standard,hci_substudy_v2,1,telemetry_v4,change_detection,4,formal_cd,formal,1,18,26,formal,N3_same,1777101083,60.037,2026-04-25T15:22:29.264,0,0,0,1,658686.581,658709.525,,,,,s,,1,2531.788,,,,662286.581,662424.318,664993.983,4000,2569.665,664993.983,"[{""stage_name"": ""fixation"", ""planned_duration_ms"": 100, ""intended_onset_ms"": 658686.581, ""actual_onset_global_ms"": 658709.525, ""actual_offset_global_ms"": 658815.494, ""actual_duration_ms"": 105.969}, {""stage_name"": ""memory_array"", ""planned_duration_ms"": 2500, ""intended_onset_ms"": 658786.581, ""actual_onset_global_ms"": 658871.194, ""actual_offset_global_ms"": 661365.482, ""actual_duration_ms"": 2494.288}, {""stage_name"": ""delay"", ""planned_duration_ms"": 1000, ""intended_onset_ms"": 661365.482, ""actual_onset_global_ms"": 661360.972, ""actual_offset_global_ms"": 662372.833, ""actual_duration_ms"": 1011.861}, {""stage_name"": ""test_array"", ""planned_duration_ms"": 4000, ""intended_onset_ms"": 662372.833, ""actual_onset_global_ms"": 662424.318, ""actual_offset_global_ms"": 664993.983, ""actual_duration_ms"": 2569.665}]",,,,,,,,,,,,,,,,,,,,,,,,,,,,,,,,,,,,,,,,,,,,,,,,,,1.0,,,,,,,,,,,,,3.0,same,2.0,"[56.49, -131.49]","[[122.56, -50.75], [-69.7, 170.35], [56.49, -131.49]]","[""red"", ""green"", ""yellow""]","[""red"", ""green"", ""yellow""]",yellow,yellow,s,same,3.0,1.0
017,017_T1_20260425_151123,PCPA,T1,standard,hci_substudy_v2,1,telemetry_v4,change_detection,4,formal_cd,formal,1,19,27,formal,N2_change,1777101083,60.037,2026-04-25T15:22:35.582,0,0,0,1,665003.728,665018.462,,,,,j,,1,1700.133,,,,668603.728,668693.807,670439.798,4000,1745.991,670439.798,"[{""stage_name"": ""fixation"", ""planned_duration_ms"": 100, ""intended_onset_ms"": 665003.728, ""actual_onset_global_ms"": 665018.462, ""actual_offset_global_ms"": 665134.556, ""actual_duration_ms"": 116.094}, {""stage_name"": ""memory_array"", ""planned_duration_ms"": 2500, ""intended_onset_ms"": 665103.728, ""actual_onset_global_ms"": 665161.061, ""actual_offset_global_ms"": 667653.666, ""actual_duration_ms"": 2492.605}, {""stage_name"": ""delay"", ""planned_duration_ms"": 1000, ""intended_onset_ms"": 667653.666, ""actual_onset_global_ms"": 667657.243, ""actual_offset_global_ms"": 668656.695, ""actual_duration_ms"": 999.452}, {""stage_name"": ""test_array"", ""planned_duration_ms"": 4000, ""intended_onset_ms"": 668656.695, ""actual_onset_global_ms"": 668693.807, ""actual_offset_global_ms"": 670439.798, ""actual_duration_ms"": 1745.991}]",,,,,,,,,,,,,,,,,,,,,,,,,,,,,,,,,,,,,,,,,,,,,,,,,,1.0,,,,,,,,,,,,,2.0,change,1.0,"[227.41, -42.52]","[[-224.91, -235.4], [227.41, -42.52]]","[""green"", ""red""]","[""green"", ""blue""]",red,blue,j,change,2.0,1.0
017,017_T1_20260425_151123,PCPA,T1,standard,hci_substudy_v2,1,telemetry_v4,change_detection,4,formal_cd,formal,1,20,28,formal,N1_change,1777101083,60.037,2026-04-25T15:22:41.027,0,0,0,1,670449.947,670473.341,,,,,j,,1,1171.874,,,,674049.947,674148.861,675357.378,4000,1208.517,675357.378,"[{""stage_name"": ""fixation"", ""planned_duration_ms"": 100, ""intended_onset_ms"": 670449.947, ""actual_onset_global_ms"": 670473.341, ""actual_offset_global_ms"": 670584.168, ""actual_duration_ms"": 110.827}, {""stage_name"": ""memory_array"", ""planned_duration_ms"": 2500, ""intended_onset_ms"": 670549.947, ""actual_onset_global_ms"": 670609.06, ""actual_offset_global_ms"": 673119.556, ""actual_duration_ms"": 2510.496}, {""stage_name"": ""delay"", ""planned_duration_ms"": 1000, ""intended_onset_ms"": 673119.556, ""actual_onset_global_ms"": 673115.045, ""actual_offset_global_ms"": 674122.876, ""actual_duration_ms"": 1007.831}, {""stage_name"": ""test_array"", ""planned_duration_ms"": 4000, ""intended_onset_ms"": 674122.876, ""actual_onset_global_ms"": 674148.861, ""actual_offset_global_ms"": 675357.378, ""actual_duration_ms"": 1208.517}]",,,,,,,,,,,,,,,,,,,,,,,,,,,,,,,,,,,,,,,,,,,,,,,,,,1.0,,,,,,,,,,,,,1.0,change,0.0,"[-144.31, 69.23]","[[-144.31, 69.23]]","[""yellow""]","[""blue""]",yellow,blue,j,change,1.0,1.0
017,017_T1_20260425_151123,PCPA,T1,standard,hci_substudy_v2,1,telemetry_v4,change_detection,4,formal_cd,formal,1,21,29,formal,N2_change,1777101083,60.037,2026-04-25T15:22:45.944,0,0,0,1,675366.166,675381.881,,,,,j,,1,1272.326,,,,678966.166,679100.588,680422.532,4000,1321.944,680422.532,"[{""stage_name"": ""fixation"", ""planned_duration_ms"": 100, ""intended_onset_ms"": 675366.166, ""actual_onset_global_ms"": 675381.881, ""actual_offset_global_ms"": 675497.378, ""actual_duration_ms"": 115.497}, {""stage_name"": ""memory_array"", ""planned_duration_ms"": 2500, ""intended_onset_ms"": 675466.166, ""actual_onset_global_ms"": 675534.295, ""actual_offset_global_ms"": 678047.513, ""actual_duration_ms"": 2513.218}, {""stage_name"": ""delay"", ""planned_duration_ms"": 1000, ""intended_onset_ms"": 678047.513, ""actual_onset_global_ms"": 678042.558, ""actual_offset_global_ms"": 679055.807, ""actual_duration_ms"": 1013.249}, {""stage_name"": ""test_array"", ""planned_duration_ms"": 4000, ""intended_onset_ms"": 679055.807, ""actual_onset_global_ms"": 679100.588, ""actual_offset_global_ms"": 680422.532, ""actual_duration_ms"": 1321.944}]",,,,,,,,,,,,,,,,,,,,,,,,,,,,,,,,,,,,,,,,,,,,,,,,,,1.0,,,,,,,,,,,,,2.0,change,0.0,"[39.52, -257.31]","[[39.52, -257.31], [184.87, -18.58]]","[""purple"", ""green""]","[""yellow"", ""green""]",purple,yellow,j,change,2.0,1.0
017,017_T1_20260425_151123,PCPA,T1,standard,hci_substudy_v2,1,telemetry_v4,change_detection,4,formal_cd,formal,1,22,30,formal,N1_same,1777101083,60.037,2026-04-25T15:22:51.011,0,0,0,1,680433.319,680456.618,,,,,s,,1,1982.689,,,,684033.319,684097.129,686110.629,4000,2013.5,686110.629,"[{""stage_name"": ""fixation"", ""planned_duration_ms"": 100, ""intended_onset_ms"": 680433.319, ""actual_onset_global_ms"": 680456.618, ""actual_offset_global_ms"": 680564.657, ""actual_duration_ms"": 108.039}, {""stage_name"": ""memory_array"", ""planned_duration_ms"": 2500, ""intended_onset_ms"": 680533.319, ""actual_onset_global_ms"": 680576.337, ""actual_offset_global_ms"": 683076.643, ""actual_duration_ms"": 2500.306}, {""stage_name"": ""delay"", ""planned_duration_ms"": 1000, ""intended_onset_ms"": 683076.643, ""actual_onset_global_ms"": 683072.619, ""actual_offset_global_ms"": 684088.92, ""actual_duration_ms"": 1016.301}, {""stage_name"": ""test_array"", ""planned_duration_ms"": 4000, ""intended_onset_ms"": 684088.92, ""actual_onset_global_ms"": 684097.129, ""actual_offset_global_ms"": 686110.629, ""actual_duration_ms"": 2013.5}]",,,,,,,,,,,,,,,,,,,,,,,,,,,,,,,,,,,,,,,,,,,,,,,,,,1.0,,,,,,,,,,,,,1.0,same,0.0,"[-221.19, 161.43]","[[-221.19, 161.43]]","[""green""]","[""green""]",green,green,s,same,1.0,1.0
017,017_T1_20260425_151123,PCPA,T1,standard,hci_substudy_v2,1,telemetry_v4,change_detection,4,formal_cd,formal,1,23,31,formal,N1_change,1777101083,60.037,2026-04-25T15:22:56.699,0,0,0,1,686121.822,686144.241,,,,,j,,1,1156.735,,,,689721.822,689780.895,690984.107,4000,1203.212,690984.107,"[{""stage_name"": ""fixation"", ""planned_duration_ms"": 100, ""intended_onset_ms"": 686121.822, ""actual_onset_global_ms"": 686144.241, ""actual_offset_global_ms"": 686247.758, ""actual_duration_ms"": 103.517}, {""stage_name"": ""memory_array"", ""planned_duration_ms"": 2500, ""intended_onset_ms"": 686221.822, ""actual_onset_global_ms"": 686270.135, ""actual_offset_global_ms"": 688750.879, ""actual_duration_ms"": 2480.744}, {""stage_name"": ""delay"", ""planned_duration_ms"": 1000, ""intended_onset_ms"": 688750.879, ""actual_onset_global_ms"": 688745.445, ""actual_offset_global_ms"": 689755.766, ""actual_duration_ms"": 1010.321}, {""stage_name"": ""test_array"", ""planned_duration_ms"": 4000, ""intended_onset_ms"": 689755.766, ""actual_onset_global_ms"": 689780.895, ""actual_offset_global_ms"": 690984.107, ""actual_duration_ms"": 1203.212}]",,,,,,,,,,,,,,,,,,,,,,,,,,,,,,,,,,,,,,,,,,,,,,,,,,1.0,,,,,,,,,,,,,1.0,change,0.0,"[237.97, -188.69]","[[237.97, -188.69]]","[""yellow""]","[""purple""]",yellow,purple,j,change,1.0,1.0
017,017_T1_20260425_151123,PCPA,T1,standard,hci_substudy_v2,1,telemetry_v4,change_detection,4,formal_cd,formal,1,24,32,formal,N1_change,1777101083,60.037,2026-04-25T15:23:01.572,0,0,0,1,690994.7,691012.334,,,,,j,,1,2282.508,,,,694594.7,694657.234,696972.684,4000,2315.45,696972.684,"[{""stage_name"": ""fixation"", ""planned_duration_ms"": 100, ""intended_onset_ms"": 690994.7, ""actual_onset_global_ms"": 691012.334, ""actual_offset_global_ms"": 691114.804, ""actual_duration_ms"": 102.47}, {""stage_name"": ""memory_array"", ""planned_duration_ms"": 2500, ""intended_onset_ms"": 691094.7, ""actual_onset_global_ms"": 691134.904, ""actual_offset_global_ms"": 693627.87, ""actual_duration_ms"": 2492.966}, {""stage_name"": ""delay"", ""planned_duration_ms"": 1000, ""intended_onset_ms"": 693627.87, ""actual_onset_global_ms"": 693624.13, ""actual_offset_global_ms"": 694639.223, ""actual_duration_ms"": 1015.093}, {""stage_name"": ""test_array"", ""planned_duration_ms"": 4000, ""intended_onset_ms"": 694639.223, ""actual_onset_global_ms"": 694657.234, ""actual_offset_global_ms"": 696972.684, ""actual_duration_ms"": 2315.45}]",,,,,,,,,,,,,,,,,,,,,,,,,,,,,,,,,,,,,,,,,,,,,,,,,,1.0,,,,,,,,,,,,,1.0,change,0.0,"[150.6, -31.31]","[[150.6, -31.31]]","[""red""]","[""purple""]",red,purple,j,change,1.0,1.0
017,017_T1_20260425_151123,PCPA,T1,standard,hci_substudy_v2,1,telemetry_v4,change_detection,4,formal_cd,formal,1,25,33,formal,N4_change,1777101083,60.037,2026-04-25T15:23:07.562,0,0,0,1,696984.048,697005.48,,,,,j,,1,1577.098,,,,700584.048,700734.208,702362.107,4000,1627.899,702362.107,"[{""stage_name"": ""fixation"", ""planned_duration_ms"": 100, ""intended_onset_ms"": 696984.048, ""actual_onset_global_ms"": 697005.48, ""actual_offset_global_ms"": 697113.647, ""actual_duration_ms"": 108.167}, {""stage_name"": ""memory_array"", ""planned_duration_ms"": 2500, ""intended_onset_ms"": 697084.048, ""actual_onset_global_ms"": 697179.817, ""actual_offset_global_ms"": 699655.079, ""actual_duration_ms"": 2475.262}, {""stage_name"": ""delay"", ""planned_duration_ms"": 1000, ""intended_onset_ms"": 699655.079, ""actual_onset_global_ms"": 699655.385, ""actual_offset_global_ms"": 700655.596, ""actual_duration_ms"": 1000.211}, {""stage_name"": ""test_array"", ""planned_duration_ms"": 4000, ""intended_onset_ms"": 700655.596, ""actual_onset_global_ms"": 700734.208, ""actual_offset_global_ms"": 702362.107, ""actual_duration_ms"": 1627.899}]",,,,,,,,,,,,,,,,,,,,,,,,,,,,,,,,,,,,,,,,,,,,,,,,,,1.0,,,,,,,,,,,,,4.0,change,2.0,"[-219.28, -97.83]","[[-48.3, -176.12], [235.42, 116.19], [-219.28, -97.83], [180.75, 33.39]]","[""red"", ""green"", ""yellow"", ""purple""]","[""red"", ""green"", ""blue"", ""purple""]",yellow,blue,j,change,4.0,1.0
017,017_T1_20260425_151123,PCPA,T1,standard,hci_substudy_v2,1,telemetry_v4,change_detection,4,formal_cd,formal,1,26,34,formal,N4_same,1777101083,60.037,2026-04-25T15:23:12.950,0,0,0,1,702372.889,702392.256,,,,,s,,1,1505.51,,,,705972.889,706078.674,707659.932,4000,1581.258,707659.932,"[{""stage_name"": ""fixation"", ""planned_duration_ms"": 100, ""intended_onset_ms"": 702372.889, ""actual_onset_global_ms"": 702392.256, ""actual_offset_global_ms"": 702497.834, ""actual_duration_ms"": 105.578}, {""stage_name"": ""memory_array"", ""planned_duration_ms"": 2500, ""intended_onset_ms"": 702472.889, ""actual_onset_global_ms"": 702576.453, ""actual_offset_global_ms"": 705008.613, ""actual_duration_ms"": 2432.16}, {""stage_name"": ""delay"", ""planned_duration_ms"": 1000, ""intended_onset_ms"": 705008.613, ""actual_onset_global_ms"": 705011.424, ""actual_offset_global_ms"": 706022.536, ""actual_duration_ms"": 1011.112}, {""stage_name"": ""test_array"", ""planned_duration_ms"": 4000, ""intended_onset_ms"": 706022.536, ""actual_onset_global_ms"": 706078.674, ""actual_offset_global_ms"": 707659.932, ""actual_duration_ms"": 1581.258}]",,,,,,,,,,,,,,,,,,,,,,,,,,,,,,,,,,,,,,,,,,,,,,,,,,1.0,,,,,,,,,,,,,4.0,same,2.0,"[-217.32, 255.4]","[[230.55, 148.74], [56.91, 201.75], [-217.32, 255.4], [-13.08, -101.19]]","[""yellow"", ""green"", ""red"", ""purple""]","[""yellow"", ""green"", ""red"", ""purple""]",red,red,s,same,4.0,1.0
017,017_T1_20260425_151123,PCPA,T1,standard,hci_substudy_v2,1,telemetry_v4,change_detection,4,formal_cd,formal,1,27,35,formal,N3_change,1777101083,60.037,2026-04-25T15:23:18.249,0,0,0,1,707671.54,707694.217,,,,,j,,1,1944.755,,,,711271.54,711351.377,713338.522,4000,1987.145,713338.522,"[{""stage_name"": ""fixation"", ""planned_duration_ms"": 100, ""intended_onset_ms"": 707671.54, ""actual_onset_global_ms"": 707694.217, ""actual_offset_global_ms"": 707796.597, ""actual_duration_ms"": 102.38}, {""stage_name"": ""memory_array"", ""planned_duration_ms"": 2500, ""intended_onset_ms"": 707771.54, ""actual_onset_global_ms"": 707846.164, ""actual_offset_global_ms"": 710312.823, ""actual_duration_ms"": 2466.659}, {""stage_name"": ""delay"", ""planned_duration_ms"": 1000, ""intended_onset_ms"": 710312.823, ""actual_onset_global_ms"": 710310.617, ""actual_offset_global_ms"": 711321.905, ""actual_duration_ms"": 1011.288}, {""stage_name"": ""test_array"", ""planned_duration_ms"": 4000, ""intended_onset_ms"": 711321.905, ""actual_onset_global_ms"": 711351.377, ""actual_offset_global_ms"": 713338.522, ""actual_duration_ms"": 1987.145}]",,,,,,,,,,,,,,,,,,,,,,,,,,,,,,,,,,,,,,,,,,,,,,,,,,1.0,,,,,,,,,,,,,3.0,change,0.0,"[98.56, 16.45]","[[98.56, 16.45], [170.89, 118.61], [-195.14, -148.92]]","[""red"", ""yellow"", ""purple""]","[""blue"", ""yellow"", ""purple""]",red,blue,j,change,3.0,1.0
017,017_T1_20260425_151123,PCPA,T1,standard,hci_substudy_v2,1,telemetry_v4,change_detection,4,formal_cd,formal,1,28,36,formal,N4_same,1777101083,60.037,2026-04-25T15:23:23.923,0,0,0,1,713345.995,713363.163,,,,,s,,1,1883.373,,,,716945.995,717039.925,718992.764,4000,1952.839,718992.764,"[{""stage_name"": ""fixation"", ""planned_duration_ms"": 100, ""intended_onset_ms"": 713345.995, ""actual_onset_global_ms"": 713363.163, ""actual_offset_global_ms"": 713463.722, ""actual_duration_ms"": 100.559}, {""stage_name"": ""memory_array"", ""planned_duration_ms"": 2500, ""intended_onset_ms"": 713445.995, ""actual_onset_global_ms"": 713529.36, ""actual_offset_global_ms"": 715970.567, ""actual_duration_ms"": 2441.207}, {""stage_name"": ""delay"", ""planned_duration_ms"": 1000, ""intended_onset_ms"": 715970.567, ""actual_onset_global_ms"": 715972.213, ""actual_offset_global_ms"": 716988.774, ""actual_duration_ms"": 1016.561}, {""stage_name"": ""test_array"", ""planned_duration_ms"": 4000, ""intended_onset_ms"": 716988.774, ""actual_onset_global_ms"": 717039.925, ""actual_offset_global_ms"": 718992.764, ""actual_duration_ms"": 1952.839}]",,,,,,,,,,,,,,,,,,,,,,,,,,,,,,,,,,,,,,,,,,,,,,,,,,1.0,,,,,,,,,,,,,4.0,same,2.0,"[90.38, 221.33]","[[50.56, -254.46], [-76.95, -108.25], [90.38, 221.33], [-118.76, 82.82]]","[""green"", ""purple"", ""red"", ""blue""]","[""green"", ""purple"", ""red"", ""blue""]",red,red,s,same,6.0,1.0
017,017_T1_20260425_151123,PCPA,T1,standard,hci_substudy_v2,1,telemetry_v4,change_detection,4,formal_cd,formal,1,29,37,formal,N1_same,1777101083,60.037,2026-04-25T15:23:29.581,0,0,0,1,719003.657,719022.63,,,,,s,,1,1582.862,,,,722603.657,722685.519,724305.758,4000,1620.239,724305.758,"[{""stage_name"": ""fixation"", ""planned_duration_ms"": 100, ""intended_onset_ms"": 719003.657, ""actual_onset_global_ms"": 719022.63, ""actual_offset_global_ms"": 719130.502, ""actual_duration_ms"": 107.872}, {""stage_name"": ""memory_array"", ""planned_duration_ms"": 2500, ""intended_onset_ms"": 719103.657, ""actual_onset_global_ms"": 719146.395, ""actual_offset_global_ms"": 721648.815, ""actual_duration_ms"": 2502.42}, {""stage_name"": ""delay"", ""planned_duration_ms"": 1000, ""intended_onset_ms"": 721648.815, ""actual_onset_global_ms"": 721641.682, ""actual_offset_global_ms"": 722657.491, ""actual_duration_ms"": 1015.809}, {""stage_name"": ""test_array"", ""planned_duration_ms"": 4000, ""intended_onset_ms"": 722657.491, ""actual_onset_global_ms"": 722685.519, ""actual_offset_global_ms"": 724305.758, ""actual_duration_ms"": 1620.239}]",,,,,,,,,,,,,,,,,,,,,,,,,,,,,,,,,,,,,,,,,,,,,,,,,,1.0,,,,,,,,,,,,,1.0,same,0.0,"[37.21, 208.39]","[[37.21, 208.39]]","[""yellow""]","[""yellow""]",yellow,yellow,s,same,1.0,1.0
017,017_T1_20260425_151123,PCPA,T1,standard,hci_substudy_v2,1,telemetry_v4,change_detection,4,formal_cd,formal,1,30,38,formal,N1_change,1777101083,60.037,2026-04-25T15:23:34.891,0,0,0,1,724313.808,724335.274,,,,,j,,1,1197.454,,,,727913.808,727999.611,729225.267,4000,1225.656,729225.267,"[{""stage_name"": ""fixation"", ""planned_duration_ms"": 100, ""intended_onset_ms"": 724313.808, ""actual_onset_global_ms"": 724335.274, ""actual_offset_global_ms"": 724434.302, ""actual_duration_ms"": 99.028}, {""stage_name"": ""memory_array"", ""planned_duration_ms"": 2500, ""intended_onset_ms"": 724413.808, ""actual_onset_global_ms"": 724449.969, ""actual_offset_global_ms"": 726966.327, ""actual_duration_ms"": 2516.358}, {""stage_name"": ""delay"", ""planned_duration_ms"": 1000, ""intended_onset_ms"": 726966.327, ""actual_onset_global_ms"": 726960.355, ""actual_offset_global_ms"": 727972.286, ""actual_duration_ms"": 1011.931}, {""stage_name"": ""test_array"", ""planned_duration_ms"": 4000, ""intended_onset_ms"": 727972.286, ""actual_onset_global_ms"": 727999.611, ""actual_offset_global_ms"": 729225.267, ""actual_duration_ms"": 1225.656}]",,,,,,,,,,,,,,,,,,,,,,,,,,,,,,,,,,,,,,,,,,,,,,,,,,1.0,,,,,,,,,,,,,1.0,change,0.0,"[-196.73, 43.87]","[[-196.73, 43.87]]","[""green""]","[""purple""]",green,purple,j,change,2.0,1.0
017,017_T1_20260425_151123,PCPA,T1,standard,hci_substudy_v2,1,telemetry_v4,change_detection,4,formal_cd,formal,1,31,39,formal,N4_same,1777101083,60.037,2026-04-25T15:23:39.811,0,0,0,1,729233.877,729247.353,,,,,s,,1,1744.036,,,,732833.877,732955.788,734743.394,4000,1787.606,734743.394,"[{""stage_name"": ""fixation"", ""planned_duration_ms"": 100, ""intended_onset_ms"": 729233.877, ""actual_onset_global_ms"": 729247.353, ""actual_offset_global_ms"": 729361.501, ""actual_duration_ms"": 114.148}, {""stage_name"": ""memory_array"", ""planned_duration_ms"": 2500, ""intended_onset_ms"": 729333.877, ""actual_onset_global_ms"": 729443.229, ""actual_offset_global_ms"": 731890.293, ""actual_duration_ms"": 2447.064}, {""stage_name"": ""delay"", ""planned_duration_ms"": 1000, ""intended_onset_ms"": 731890.293, ""actual_onset_global_ms"": 731888.383, ""actual_offset_global_ms"": 732905.165, ""actual_duration_ms"": 1016.782}, {""stage_name"": ""test_array"", ""planned_duration_ms"": 4000, ""intended_onset_ms"": 732905.165, ""actual_onset_global_ms"": 732955.788, ""actual_offset_global_ms"": 734743.394, ""actual_duration_ms"": 1787.606}]",,,,,,,,,,,,,,,,,,,,,,,,,,,,,,,,,,,,,,,,,,,,,,,,,,1.0,,,,,,,,,,,,,4.0,same,3.0,"[106.11, -200.2]","[[-212.53, 200.7], [-37.8, -124.71], [-186.8, -186.35], [106.11, -200.2]]","[""blue"", ""red"", ""green"", ""yellow""]","[""blue"", ""red"", ""green"", ""yellow""]",yellow,yellow,s,same,4.0,1.0
017,017_T1_20260425_151123,PCPA,T1,standard,hci_substudy_v2,1,telemetry_v4,change_detection,4,formal_cd,formal,1,32,40,formal,N3_same,1777101083,60.037,2026-04-25T15:23:45.331,0,0,0,1,734753.801,734772.734,,,,,s,,1,1255.42,,,,738353.801,738466.411,739771.469,4000,1305.058,739771.469,"[{""stage_name"": ""fixation"", ""planned_duration_ms"": 100, ""intended_onset_ms"": 734753.801, ""actual_onset_global_ms"": 734772.734, ""actual_offset_global_ms"": 734880.448, ""actual_duration_ms"": 107.714}, {""stage_name"": ""memory_array"", ""planned_duration_ms"": 2500, ""intended_onset_ms"": 734853.801, ""actual_onset_global_ms"": 734929.438, ""actual_offset_global_ms"": 737411.103, ""actual_duration_ms"": 2481.665}, {""stage_name"": ""delay"", ""planned_duration_ms"": 1000, ""intended_onset_ms"": 737411.103, ""actual_onset_global_ms"": 737405.767, ""actual_offset_global_ms"": 738421.866, ""actual_duration_ms"": 1016.099}, {""stage_name"": ""test_array"", ""planned_duration_ms"": 4000, ""intended_onset_ms"": 738421.866, ""actual_onset_global_ms"": 738466.411, ""actual_offset_global_ms"": 739771.469, ""actual_duration_ms"": 1305.058}]",,,,,,,,,,,,,,,,,,,,,,,,,,,,,,,,,,,,,,,,,,,,,,,,,,1.0,,,,,,,,,,,,,3.0,same,2.0,"[-25.03, -237.99]","[[107.39, -248.51], [141.98, 122.11], [-25.03, -237.99]]","[""red"", ""blue"", ""green""]","[""red"", ""blue"", ""green""]",green,green,s,same,5.0,1.0
017,017_T1_20260425_151123,PCPA,T1,standard,hci_substudy_v2,1,telemetry_v4,change_detection,4,formal_cd,formal,1,33,41,formal,N3_change,1777101083,60.037,2026-04-25T15:23:50.359,0,0,0,1,739780.992,739796.681,,,,,j,,0,2691.349,,,,743380.992,743461.439,746206.787,4000,2745.348,746206.787,"[{""stage_name"": ""fixation"", ""planned_duration_ms"": 100, ""intended_onset_ms"": 739780.992, ""actual_onset_global_ms"": 739796.681, ""actual_offset_global_ms"": 739897.736, ""actual_duration_ms"": 101.055}, {""stage_name"": ""memory_array"", ""planned_duration_ms"": 2500, ""intended_onset_ms"": 739880.992, ""actual_onset_global_ms"": 739951.961, ""actual_offset_global_ms"": 742404.658, ""actual_duration_ms"": 2452.697}, {""stage_name"": ""delay"", ""planned_duration_ms"": 1000, ""intended_onset_ms"": 742404.658, ""actual_onset_global_ms"": 742405.368, ""actual_offset_global_ms"": 743421.81, ""actual_duration_ms"": 1016.442}, {""stage_name"": ""test_array"", ""planned_duration_ms"": 4000, ""intended_onset_ms"": 743421.81, ""actual_onset_global_ms"": 743461.439, ""actual_offset_global_ms"": 746206.787, ""actual_duration_ms"": 2745.348}]",,,,,,,,,,,,,,,,,,,,,,,,,,,,,,,,,,,,,,,,,,,,,,,,,,0.0,,,,,,,,,,,,,3.0,change,2.0,"[-37.17, 148.87]","[[-83.09, -179.27], [74.11, 63.09], [-37.17, 148.87]]","[""red"", ""purple"", ""yellow""]","[""red"", ""purple"", ""blue""]",yellow,blue,s,same,3.0,1.0
017,017_T1_20260425_151123,PCPA,T1,standard,hci_substudy_v2,1,telemetry_v4,change_detection,4,formal_cd,formal,1,34,42,formal,N4_same,1777101083,60.037,2026-04-25T15:23:56.791,0,0,0,1,746213.774,746230.469,,,,,s,,1,2030.256,,,,749813.774,749962.054,752089.648,4000,2127.594,752089.648,"[{""stage_name"": ""fixation"", ""planned_duration_ms"": 100, ""intended_onset_ms"": 746213.774, ""actual_onset_global_ms"": 746230.469, ""actual_offset_global_ms"": 746346.892, ""actual_duration_ms"": 116.423}, {""stage_name"": ""memory_array"", ""planned_duration_ms"": 2500, ""intended_onset_ms"": 746313.774, ""actual_onset_global_ms"": 746417.097, ""actual_offset_global_ms"": 748884.54, ""actual_duration_ms"": 2467.443}, {""stage_name"": ""delay"", ""planned_duration_ms"": 1000, ""intended_onset_ms"": 748884.54, ""actual_onset_global_ms"": 748879.824, ""actual_offset_global_ms"": 749889.348, ""actual_duration_ms"": 1009.524}, {""stage_name"": ""test_array"", ""planned_duration_ms"": 4000, ""intended_onset_ms"": 749889.348, ""actual_onset_global_ms"": 749962.054, ""actual_offset_global_ms"": 752089.648, ""actual_duration_ms"": 2127.594}]",,,,,,,,,,,,,,,,,,,,,,,,,,,,,,,,,,,,,,,,,,,,,,,,,,1.0,,,,,,,,,,,,,4.0,same,1.0,"[131.18, 66.73]","[[-99.13, -203.36], [131.18, 66.73], [-233.3, 49.05], [-99.06, 90.38]]","[""blue"", ""green"", ""red"", ""yellow""]","[""blue"", ""green"", ""red"", ""yellow""]",green,green,s,same,4.0,1.0
017,017_T1_20260425_151123,PCPA,T1,standard,hci_substudy_v2,1,telemetry_v4,change_detection,4,formal_cd,formal,1,35,43,formal,N2_change,1777101083,60.037,2026-04-25T15:24:02.673,0,0,0,1,752095.102,752111.21,,,,,j,,1,2031.233,,,,755695.102,755797.538,757871.71,4000,2074.172,757871.71,"[{""stage_name"": ""fixation"", ""planned_duration_ms"": 100, ""intended_onset_ms"": 752095.102, ""actual_onset_global_ms"": 752111.21, ""actual_offset_global_ms"": 752215.731, ""actual_duration_ms"": 104.521}, {""stage_name"": ""memory_array"", ""planned_duration_ms"": 2500, ""intended_onset_ms"": 752195.102, ""actual_onset_global_ms"": 752261.838, ""actual_offset_global_ms"": 754761.361, ""actual_duration_ms"": 2499.523}, {""stage_name"": ""delay"", ""planned_duration_ms"": 1000, ""intended_onset_ms"": 754761.361, ""actual_onset_global_ms"": 754760.412, ""actual_offset_global_ms"": 755771.723, ""actual_duration_ms"": 1011.311}, {""stage_name"": ""test_array"", ""planned_duration_ms"": 4000, ""intended_onset_ms"": 755771.723, ""actual_onset_global_ms"": 755797.538, ""actual_offset_global_ms"": 757871.71, ""actual_duration_ms"": 2074.172}]",,,,,,,,,,,,,,,,,,,,,,,,,,,,,,,,,,,,,,,,,,,,,,,,,,1.0,,,,,,,,,,,,,2.0,change,1.0,"[-112.28, 181.09]","[[-204.9, -18.44], [-112.28, 181.09]]","[""purple"", ""red""]","[""purple"", ""blue""]",red,blue,j,change,2.0,1.0
017,017_T1_20260425_151123,PCPA,T1,standard,hci_substudy_v2,1,telemetry_v4,change_detection,4,formal_cd,formal,1,36,44,formal,N1_same,1777101083,60.037,2026-04-25T15:24:08.460,0,0,0,1,757882.836,757900.277,,,,,s,,1,1238.852,,,,761482.836,761556.73,762843.657,4000,1286.927,762843.657,"[{""stage_name"": ""fixation"", ""planned_duration_ms"": 100, ""intended_onset_ms"": 757882.836, ""actual_onset_global_ms"": 757900.277, ""actual_offset_global_ms"": 758012.881, ""actual_duration_ms"": 112.604}, {""stage_name"": ""memory_array"", ""planned_duration_ms"": 2500, ""intended_onset_ms"": 757982.836, ""actual_onset_global_ms"": 758034.337, ""actual_offset_global_ms"": 760522.473, ""actual_duration_ms"": 2488.136}, {""stage_name"": ""delay"", ""planned_duration_ms"": 1000, ""intended_onset_ms"": 760522.473, ""actual_onset_global_ms"": 760521.205, ""actual_offset_global_ms"": 761538.55, ""actual_duration_ms"": 1017.345}, {""stage_name"": ""test_array"", ""planned_duration_ms"": 4000, ""intended_onset_ms"": 761538.55, ""actual_onset_global_ms"": 761556.73, ""actual_offset_global_ms"": 762843.657, ""actual_duration_ms"": 1286.927}]",,,,,,,,,,,,,,,,,,,,,,,,,,,,,,,,,,,,,,,,,,,,,,,,,,1.0,,,,,,,,,,,,,1.0,same,0.0,"[-244.79, 140.4]","[[-244.79, 140.4]]","[""blue""]","[""blue""]",blue,blue,s,same,1.0,1.0
017,017_T1_20260425_151123,PCPA,T1,standard,hci_substudy_v2,1,telemetry_v4,change_detection,4,formal_cd,formal,1,37,45,formal,N2_same,1777101083,60.037,2026-04-25T15:24:13.432,0,0,0,1,762854.712,762877.166,,,,,s,,1,1995.26,,,,766454.712,766532.051,768588.059,4000,2056.008,768588.059,"[{""stage_name"": ""fixation"", ""planned_duration_ms"": 100, ""intended_onset_ms"": 762854.712, ""actual_onset_global_ms"": 762877.166, ""actual_offset_global_ms"": 762981.668, ""actual_duration_ms"": 104.502}, {""stage_name"": ""memory_array"", ""planned_duration_ms"": 2500, ""intended_onset_ms"": 762954.712, ""actual_onset_global_ms"": 763013.283, ""actual_offset_global_ms"": 765486.038, ""actual_duration_ms"": 2472.755}, {""stage_name"": ""delay"", ""planned_duration_ms"": 1000, ""intended_onset_ms"": 765486.038, ""actual_onset_global_ms"": 765487.795, ""actual_offset_global_ms"": 766504.867, ""actual_duration_ms"": 1017.072}, {""stage_name"": ""test_array"", ""planned_duration_ms"": 4000, ""intended_onset_ms"": 766504.867, ""actual_onset_global_ms"": 766532.051, ""actual_offset_global_ms"": 768588.059, ""actual_duration_ms"": 2056.008}]",,,,,,,,,,,,,,,,,,,,,,,,,,,,,,,,,,,,,,,,,,,,,,,,,,1.0,,,,,,,,,,,,,2.0,same,1.0,"[93.13, 90.67]","[[32.38, -195.87], [93.13, 90.67]]","[""blue"", ""yellow""]","[""blue"", ""yellow""]",yellow,yellow,s,same,3.0,1.0
017,017_T1_20260425_151123,PCPA,T1,standard,hci_substudy_v2,1,telemetry_v4,change_detection,4,formal_cd,formal,1,38,46,formal,N4_change,1777101083,60.037,2026-04-25T15:24:19.178,0,0,0,1,768600.209,768619.025,,,,,j,,0,2069.798,,,,772200.209,772334.233,774487.699,4000,2153.466,774487.699,"[{""stage_name"": ""fixation"", ""planned_duration_ms"": 100, ""intended_onset_ms"": 768600.209, ""actual_onset_global_ms"": 768619.025, ""actual_offset_global_ms"": 768721.461, ""actual_duration_ms"": 102.436}, {""stage_name"": ""memory_array"", ""planned_duration_ms"": 2500, ""intended_onset_ms"": 768700.209, ""actual_onset_global_ms"": 768803.135, ""actual_offset_global_ms"": 771240.935, ""actual_duration_ms"": 2437.8}, {""stage_name"": ""delay"", ""planned_duration_ms"": 1000, ""intended_onset_ms"": 771240.935, ""actual_onset_global_ms"": 771239.511, ""actual_offset_global_ms"": 772255.039, ""actual_duration_ms"": 1015.528}, {""stage_name"": ""test_array"", ""planned_duration_ms"": 4000, ""intended_onset_ms"": 772255.039, ""actual_onset_global_ms"": 772334.233, ""actual_offset_global_ms"": 774487.699, ""actual_duration_ms"": 2153.466}]",,,,,,,,,,,,,,,,,,,,,,,,,,,,,,,,,,,,,,,,,,,,,,,,,,0.0,,,,,,,,,,,,,4.0,change,2.0,"[-97.28, 240.11]","[[-133.78, -213.49], [-196.38, 208.51], [-97.28, 240.11], [66.61, -173.12]]","[""red"", ""blue"", ""yellow"", ""green""]","[""red"", ""blue"", ""purple"", ""green""]",yellow,purple,s,same,6.0,1.0
017,017_T1_20260425_151123,PCPA,T1,standard,hci_substudy_v2,1,telemetry_v4,change_detection,4,formal_cd,formal,1,39,47,formal,N3_change,1777101083,60.037,2026-04-25T15:24:25.072,0,0,0,1,774495.018,774513.535,,,,,j,,1,2283.358,,,,778095.018,778212.825,780593.511,4000,2380.686,780593.511,"[{""stage_name"": ""fixation"", ""planned_duration_ms"": 100, ""intended_onset_ms"": 774495.018, ""actual_onset_global_ms"": 774513.535, ""actual_offset_global_ms"": 774626.67, ""actual_duration_ms"": 113.135}, {""stage_name"": ""memory_array"", ""planned_duration_ms"": 2500, ""intended_onset_ms"": 774595.018, ""actual_onset_global_ms"": 774833.433, ""actual_offset_global_ms"": 777155.253, ""actual_duration_ms"": 2321.82}, {""stage_name"": ""delay"", ""planned_duration_ms"": 1000, ""intended_onset_ms"": 777155.253, ""actual_onset_global_ms"": 777157.157, ""actual_offset_global_ms"": 778171.31, ""actual_duration_ms"": 1014.153}, {""stage_name"": ""test_array"", ""planned_duration_ms"": 4000, ""intended_onset_ms"": 778171.31, ""actual_onset_global_ms"": 778212.825, ""actual_offset_global_ms"": 780593.511, ""actual_duration_ms"": 2380.686}]",,,,,,,,,,,,,,,,,,,,,,,,,,,,,,,,,,,,,,,,,,,,,,,,,,1.0,,,,,,,,,,,,,3.0,change,2.0,"[-206.48, 63.41]","[[134.74, 74.27], [216.94, 186.46], [-206.48, 63.41]]","[""red"", ""green"", ""purple""]","[""red"", ""green"", ""blue""]",purple,blue,j,change,4.0,1.0
017,017_T1_20260425_151123,PCPA,T1,standard,hci_substudy_v2,1,telemetry_v4,change_detection,4,formal_cd,formal,1,40,48,formal,N4_same,1777101083,60.037,2026-04-25T15:24:31.182,0,0,0,1,780604.233,780622.483,,,,,s,,1,1392.395,,,,784204.233,784310.74,785770.989,4000,1460.249,785770.989,"[{""stage_name"": ""fixation"", ""planned_duration_ms"": 100, ""intended_onset_ms"": 780604.233, ""actual_onset_global_ms"": 780622.483, ""actual_offset_global_ms"": 780730.86, ""actual_duration_ms"": 108.377}, {""stage_name"": ""memory_array"", ""planned_duration_ms"": 2500, ""intended_onset_ms"": 780704.233, ""actual_onset_global_ms"": 780780.147, ""actual_offset_global_ms"": 783246.466, ""actual_duration_ms"": 2466.319}, {""stage_name"": ""delay"", ""planned_duration_ms"": 1000, ""intended_onset_ms"": 783246.466, ""actual_onset_global_ms"": 783244.275, ""actual_offset_global_ms"": 784255.023, ""actual_duration_ms"": 1010.748}, {""stage_name"": ""test_array"", ""planned_duration_ms"": 4000, ""intended_onset_ms"": 784255.023, ""actual_onset_global_ms"": 784310.74, ""actual_offset_global_ms"": 785770.989, ""actual_duration_ms"": 1460.249}]",,,,,,,,,,,,,,,,,,,,,,,,,,,,,,,,,,,,,,,,,,,,,,,,,,1.0,,,,,,,,,,,,,4.0,same,2.0,"[183.56, 47.92]","[[-92.33, -57.28], [-170.64, 150.39], [183.56, 47.92], [149.63, 167.52]]","[""green"", ""red"", ""blue"", ""purple""]","[""green"", ""red"", ""blue"", ""purple""]",blue,blue,s,same,5.0,1.0
017,017_T1_20260425_151123,PCPA,T1,standard,hci_substudy_v2,1,telemetry_v4,change_detection,4,formal_cd,formal,1,41,49,formal,N2_same,1777101083,60.037,2026-04-25T15:24:36.358,0,0,0,1,785779.678,785796.349,,,,,s,,1,2393.922,,,,789379.678,789464.393,791908.532,4000,2444.139,791908.532,"[{""stage_name"": ""fixation"", ""planned_duration_ms"": 100, ""intended_onset_ms"": 785779.678, ""actual_onset_global_ms"": 785796.349, ""actual_offset_global_ms"": 785912.786, ""actual_duration_ms"": 116.437}, {""stage_name"": ""memory_array"", ""planned_duration_ms"": 2500, ""intended_onset_ms"": 785879.678, ""actual_onset_global_ms"": 785942.556, ""actual_offset_global_ms"": 788426.471, ""actual_duration_ms"": 2483.915}, {""stage_name"": ""delay"", ""planned_duration_ms"": 1000, ""intended_onset_ms"": 788426.471, ""actual_onset_global_ms"": 788422.743, ""actual_offset_global_ms"": 789437.974, ""actual_duration_ms"": 1015.231}, {""stage_name"": ""test_array"", ""planned_duration_ms"": 4000, ""intended_onset_ms"": 789437.974, ""actual_onset_global_ms"": 789464.393, ""actual_offset_global_ms"": 791908.532, ""actual_duration_ms"": 2444.139}]",,,,,,,,,,,,,,,,,,,,,,,,,,,,,,,,,,,,,,,,,,,,,,,,,,1.0,,,,,,,,,,,,,2.0,same,1.0,"[-244.98, -152.63]","[[11.54, 116.68], [-244.98, -152.63]]","[""yellow"", ""blue""]","[""yellow"", ""blue""]",blue,blue,s,same,2.0,1.0
017,017_T1_20260425_151123,PCPA,T1,standard,hci_substudy_v2,1,telemetry_v4,change_detection,4,formal_cd,formal,1,42,50,formal,N2_change,1777101083,60.037,2026-04-25T15:24:42.497,0,0,0,1,791920.232,791940.064,,,,,j,,1,845.531,,,,795520.232,795600.032,796494.401,4000,894.369,796494.401,"[{""stage_name"": ""fixation"", ""planned_duration_ms"": 100, ""intended_onset_ms"": 791920.232, ""actual_onset_global_ms"": 791940.064, ""actual_offset_global_ms"": 792046.927, ""actual_duration_ms"": 106.863}, {""stage_name"": ""memory_array"", ""planned_duration_ms"": 2500, ""intended_onset_ms"": 792020.232, ""actual_onset_global_ms"": 792084.498, ""actual_offset_global_ms"": 794567.188, ""actual_duration_ms"": 2482.69}, {""stage_name"": ""delay"", ""planned_duration_ms"": 1000, ""intended_onset_ms"": 794567.188, ""actual_onset_global_ms"": 794562.701, ""actual_offset_global_ms"": 795570.961, ""actual_duration_ms"": 1008.26}, {""stage_name"": ""test_array"", ""planned_duration_ms"": 4000, ""intended_onset_ms"": 795570.961, ""actual_onset_global_ms"": 795600.032, ""actual_offset_global_ms"": 796494.401, ""actual_duration_ms"": 894.369}]",,,,,,,,,,,,,,,,,,,,,,,,,,,,,,,,,,,,,,,,,,,,,,,,,,1.0,,,,,,,,,,,,,2.0,change,0.0,"[240.82, -238.27]","[[240.82, -238.27], [87.07, -24.88]]","[""red"", ""purple""]","[""green"", ""purple""]",red,green,j,change,2.0,1.0
017,017_T1_20260425_151123,PCPA,T1,standard,hci_substudy_v2,1,telemetry_v4,change_detection,4,formal_cd,formal,1,43,51,formal,N3_same,1777101083,60.037,2026-04-25T15:24:47.087,0,0,0,1,796508.87,796526.458,,,,,s,,1,1101.98,,,,800108.87,800217.068,801339.121,4000,1122.053,801339.121,"[{""stage_name"": ""fixation"", ""planned_duration_ms"": 100, ""intended_onset_ms"": 796508.87, ""actual_onset_global_ms"": 796526.458, ""actual_offset_global_ms"": 796630.901, ""actual_duration_ms"": 104.443}, {""stage_name"": ""memory_array"", ""planned_duration_ms"": 2500, ""intended_onset_ms"": 796608.87, ""actual_onset_global_ms"": 796669.721, ""actual_offset_global_ms"": 799161.327, ""actual_duration_ms"": 2491.606}, {""stage_name"": ""delay"", ""planned_duration_ms"": 1000, ""intended_onset_ms"": 799161.327, ""actual_onset_global_ms"": 799160.519, ""actual_offset_global_ms"": 800170.855, ""actual_duration_ms"": 1010.336}, {""stage_name"": ""test_array"", ""planned_duration_ms"": 4000, ""intended_onset_ms"": 800170.855, ""actual_onset_global_ms"": 800217.068, ""actual_offset_global_ms"": 801339.121, ""actual_duration_ms"": 1122.053}]",,,,,,,,,,,,,,,,,,,,,,,,,,,,,,,,,,,,,,,,,,,,,,,,,,1.0,,,,,,,,,,,,,3.0,same,2.0,"[-72.92, -79.8]","[[22.22, 101.86], [-204.9, 0.86], [-72.92, -79.8]]","[""green"", ""red"", ""yellow""]","[""green"", ""red"", ""yellow""]",yellow,yellow,s,same,3.0,1.0
017,017_T1_20260425_151123,PCPA,T1,standard,hci_substudy_v2,1,telemetry_v4,change_detection,4,formal_cd,formal,1,44,52,formal,N2_same,1777101083,60.037,2026-04-25T15:24:51.928,0,0,0,1,801350.592,801371.459,,,,,s,,1,1231.439,,,,804950.592,805038.882,806342.591,4000,1303.709,806342.591,"[{""stage_name"": ""fixation"", ""planned_duration_ms"": 100, ""intended_onset_ms"": 801350.592, ""actual_onset_global_ms"": 801371.459, ""actual_offset_global_ms"": 801475.815, ""actual_duration_ms"": 104.356}, {""stage_name"": ""memory_array"", ""planned_duration_ms"": 2500, ""intended_onset_ms"": 801450.592, ""actual_onset_global_ms"": 801502.278, ""actual_offset_global_ms"": 803992.196, ""actual_duration_ms"": 2489.918}, {""stage_name"": ""delay"", ""planned_duration_ms"": 1000, ""intended_onset_ms"": 803992.196, ""actual_onset_global_ms"": 803988.538, ""actual_offset_global_ms"": 805004.013, ""actual_duration_ms"": 1015.475}, {""stage_name"": ""test_array"", ""planned_duration_ms"": 4000, ""intended_onset_ms"": 805004.013, ""actual_onset_global_ms"": 805038.882, ""actual_offset_global_ms"": 806342.591, ""actual_duration_ms"": 1303.709}]",,,,,,,,,,,,,,,,,,,,,,,,,,,,,,,,,,,,,,,,,,,,,,,,,,1.0,,,,,,,,,,,,,2.0,same,0.0,"[137.19, 72.45]","[[137.19, 72.45], [9.1, -244.26]]","[""purple"", ""blue""]","[""purple"", ""blue""]",purple,purple,s,same,3.0,1.0
017,017_T1_20260425_151123,PCPA,T1,standard,hci_substudy_v2,1,telemetry_v4,change_detection,4,formal_cd,formal,1,45,53,formal,N1_change,1777101083,60.037,2026-04-25T15:24:56.927,0,0,0,1,806349.156,806362.473,,,,,j,,1,731.532,,,,809949.156,810025.834,810776.924,4000,751.09,810776.924,"[{""stage_name"": ""fixation"", ""planned_duration_ms"": 100, ""intended_onset_ms"": 806349.156, ""actual_onset_global_ms"": 806362.473, ""actual_offset_global_ms"": 806479.282, ""actual_duration_ms"": 116.809}, {""stage_name"": ""memory_array"", ""planned_duration_ms"": 2500, ""intended_onset_ms"": 806449.156, ""actual_onset_global_ms"": 806502.992, ""actual_offset_global_ms"": 808995.914, ""actual_duration_ms"": 2492.922}, {""stage_name"": ""delay"", ""planned_duration_ms"": 1000, ""intended_onset_ms"": 808995.914, ""actual_onset_global_ms"": 808992.028, ""actual_offset_global_ms"": 810004.11, ""actual_duration_ms"": 1012.082}, {""stage_name"": ""test_array"", ""planned_duration_ms"": 4000, ""intended_onset_ms"": 810004.11, ""actual_onset_global_ms"": 810025.834, ""actual_offset_global_ms"": 810776.924, ""actual_duration_ms"": 751.09}]",,,,,,,,,,,,,,,,,,,,,,,,,,,,,,,,,,,,,,,,,,,,,,,,,,1.0,,,,,,,,,,,,,1.0,change,0.0,"[-21.52, 149.41]","[[-21.52, 149.41]]","[""green""]","[""yellow""]",green,yellow,j,change,2.0,1.0
017,017_T1_20260425_151123,PCPA,T1,standard,hci_substudy_v2,1,telemetry_v4,change_detection,4,formal_cd,formal,1,46,54,formal,N2_same,1777101083,60.037,2026-04-25T15:25:01.368,0,0,0,1,810790.44,810812.104,,,,,s,,1,1671.086,,,,814390.44,814498.12,816187.329,4000,1689.209,816187.329,"[{""stage_name"": ""fixation"", ""planned_duration_ms"": 100, ""intended_onset_ms"": 810790.44, ""actual_onset_global_ms"": 810812.104, ""actual_offset_global_ms"": 810911.792, ""actual_duration_ms"": 99.688}, {""stage_name"": ""memory_array"", ""planned_duration_ms"": 2500, ""intended_onset_ms"": 810890.44, ""actual_onset_global_ms"": 810948.471, ""actual_offset_global_ms"": 813451.156, ""actual_duration_ms"": 2502.685}, {""stage_name"": ""delay"", ""planned_duration_ms"": 1000, ""intended_onset_ms"": 813451.156, ""actual_onset_global_ms"": 813445.884, ""actual_offset_global_ms"": 814453.912, ""actual_duration_ms"": 1008.028}, {""stage_name"": ""test_array"", ""planned_duration_ms"": 4000, ""intended_onset_ms"": 814453.912, ""actual_onset_global_ms"": 814498.12, ""actual_offset_global_ms"": 816187.329, ""actual_duration_ms"": 1689.209}]",,,,,,,,,,,,,,,,,,,,,,,,,,,,,,,,,,,,,,,,,,,,,,,,,,1.0,,,,,,,,,,,,,2.0,same,1.0,"[-205.37, 111.04]","[[-228.38, -109.0], [-205.37, 111.04]]","[""green"", ""red""]","[""green"", ""red""]",red,red,s,same,3.0,1.0
017,017_T1_20260425_151123,PCPA,T1,standard,hci_substudy_v2,1,telemetry_v4,change_detection,4,formal_cd,formal,1,47,55,formal,N1_same,1777101083,60.037,2026-04-25T15:25:06.777,0,0,0,1,816199.868,816222.154,,,,,s,,0,927.267,,,,819799.868,819878.683,820842.626,4000,963.943,820842.626,"[{""stage_name"": ""fixation"", ""planned_duration_ms"": 100, ""intended_onset_ms"": 816199.868, ""actual_onset_global_ms"": 816222.154, ""actual_offset_global_ms"": 816329.316, ""actual_duration_ms"": 107.162}, {""stage_name"": ""memory_array"", ""planned_duration_ms"": 2500, ""intended_onset_ms"": 816299.868, ""actual_onset_global_ms"": 816352.75, ""actual_offset_global_ms"": 818850.52, ""actual_duration_ms"": 2497.77}, {""stage_name"": ""delay"", ""planned_duration_ms"": 1000, ""intended_onset_ms"": 818850.52, ""actual_onset_global_ms"": 818844.623, ""actual_offset_global_ms"": 819854.085, ""actual_duration_ms"": 1009.462}, {""stage_name"": ""test_array"", ""planned_duration_ms"": 4000, ""intended_onset_ms"": 819854.085, ""actual_onset_global_ms"": 819878.683, ""actual_offset_global_ms"": 820842.626, ""actual_duration_ms"": 963.943}]",,,,,,,,,,,,,,,,,,,,,,,,,,,,,,,,,,,,,,,,,,,,,,,,,,0.0,,,,,,,,,,,,,1.0,same,0.0,"[250.57, 130.31]","[[250.57, 130.31]]","[""red""]","[""red""]",red,red,j,change,2.0,1.0
017,017_T1_20260425_151123,PCPA,T1,standard,hci_substudy_v2,1,telemetry_v4,change_detection,4,formal_cd,formal,1,48,56,formal,N3_change,1777101083,60.037,2026-04-25T15:25:11.432,0,0,0,1,820855.372,820873.685,,,,,j,,0,1447.585,,,,824455.372,824615.353,826087.602,4000,1472.249,826087.602,"[{""stage_name"": ""fixation"", ""planned_duration_ms"": 100, ""intended_onset_ms"": 820855.372, ""actual_onset_global_ms"": 820873.685, ""actual_offset_global_ms"": 820979.358, ""actual_duration_ms"": 105.673}, {""stage_name"": ""memory_array"", ""planned_duration_ms"": 2500, ""intended_onset_ms"": 820955.372, ""actual_onset_global_ms"": 821007.05, ""actual_offset_global_ms"": 823536.1, ""actual_duration_ms"": 2529.05}, {""stage_name"": ""delay"", ""planned_duration_ms"": 1000, ""intended_onset_ms"": 823536.1, ""actual_onset_global_ms"": 823537.319, ""actual_offset_global_ms"": 824554.227, ""actual_duration_ms"": 1016.908}, {""stage_name"": ""test_array"", ""planned_duration_ms"": 4000, ""intended_onset_ms"": 824554.227, ""actual_onset_global_ms"": 824615.353, ""actual_offset_global_ms"": 826087.602, ""actual_duration_ms"": 1472.249}]",,,,,,,,,,,,,,,,,,,,,,,,,,,,,,,,,,,,,,,,,,,,,,,,,,0.0,,,,,,,,,,,,,3.0,change,2.0,"[-191.21, 47.03]","[[-245.64, -39.64], [242.97, 156.3], [-191.21, 47.03]]","[""yellow"", ""red"", ""purple""]","[""yellow"", ""red"", ""blue""]",purple,blue,s,same,4.0,1.0
