participant_id,session_id,group,timepoint,practice_layer,practice_protocol_version,telemetry_enabled,telemetry_version,task_name,task_order_index,block_name,block_type,block_index,trial_index_within_block,trial_index_global,practice_or_formal,condition_label,random_seed,screen_refresh_hz,timestamp_iso,omission,aborted,pause_count_during_trial,repeated_practice_round,intended_trial_start_ms,actual_trial_start_ms,condition,target_direction,flankers_direction,array_pattern_text,correct_response_key,participant_response_key,response_correct,rt_ms,response_time_global_ms,feedback_type,practice_pass_flag,intended_onset_ms,actual_onset_global_ms,actual_offset_global_ms,stage_duration_planned_ms,stage_duration_actual_ms,actual_trial_end_ms,stage_records_json,feedback_audio_file,feedback_audio_start_global_ms,feedback_audio_expected_duration_ms,feedback_audio_stop_global_ms,excluded_rt_low,excluded_rt_high,included_in_rt_analysis,task_accuracy_below_threshold,valid_task_data,prompt_level,support_type,support_trigger_reason,support_trigger_trial_index,rule_block_error_count,support_level,support_phase,support_duration_ms,post_support_success_streak,support_faded_after_trial,manual_intervention_flag,dccs_support_rule,dccs_error_type,dccs_dimension_highlight_used,dccs_demo_type,dccs_label_mode,dccs_post_support_rule_confusion,rule,cue_audio_file,cue_label,cue_audio_start_global_ms,cue_audio_expected_duration_ms,cue_audio_stop_global_ms,stimulus_color,stimulus_shape,stimulus_identity,trial_transition,previous_rule,current_rule,cue_to_first_response_ms,set_size,trial_type,probe_index,probe_position_xy,item_positions,item_colors_memory,item_colors_test,probe_original_color,probe_test_color,response_key,response_label,accuracy,layout_generation_attempts,overlap_check_passed
23,23_T1_20260520_152952,PA,T1,standard,hci_substudy_v2,1,telemetry_v4,flanker,1,formal_block_1,formal,1,1,13,formal,congruent,1779262192,60.0,2026-05-20T15:31:10.022,0,0,0,1,70407.479,70420.889,congruent,left,left,<<<<<,s,s,1,1561.342,72087.438,none,,70507.479,70526.096,72087.438,3000,1561.342,72087.438,"[{""stage_name"": ""fixation"", ""planned_duration_ms"": 100, ""intended_onset_ms"": 70407.479, ""actual_onset_global_ms"": 70420.889, ""actual_offset_global_ms"": 70525.406, ""actual_duration_ms"": 104.517}, {""stage_name"": ""stimulus"", ""planned_duration_ms"": 3000, ""intended_onset_ms"": 70507.479, ""actual_onset_global_ms"": 70526.096, ""actual_offset_global_ms"": 72087.438, ""actual_duration_ms"": 1561.342}]",,,,,0,0,1,0,1,,,,,,,,,,,,,,,,,,,,,,,,,,,,,,,,,,,,,,,,,,,,
23,23_T1_20260520_152952,PA,T1,standard,hci_substudy_v2,1,telemetry_v4,flanker,1,formal_block_1,formal,1,2,14,formal,incongruent,1779262192,60.0,2026-05-20T15:31:11.712,0,0,0,1,72097.798,72108.835,incongruent,right,left,<<><<,j,j,1,925.266,73151.467,none,,72197.798,72226.201,73151.467,3000,925.266,73151.467,"[{""stage_name"": ""fixation"", ""planned_duration_ms"": 100, ""intended_onset_ms"": 72097.798, ""actual_onset_global_ms"": 72108.835, ""actual_offset_global_ms"": 72225.414, ""actual_duration_ms"": 116.579}, {""stage_name"": ""stimulus"", ""planned_duration_ms"": 3000, ""intended_onset_ms"": 72197.798, ""actual_onset_global_ms"": 72226.201, ""actual_offset_global_ms"": 73151.467, ""actual_duration_ms"": 925.266}]",,,,,0,0,1,0,1,,,,,,,,,,,,,,,,,,,,,,,,,,,,,,,,,,,,,,,,,,,,
23,23_T1_20260520_152952,PA,T1,standard,hci_substudy_v2,1,telemetry_v4,flanker,1,formal_block_1,formal,1,3,15,formal,incongruent,1779262192,60.0,2026-05-20T15:31:12.777,0,0,0,1,73163.227,73175.793,incongruent,left,right,>><>>,s,s,1,691.088,73983.135,none,,73263.227,73292.047,73983.135,3000,691.088,73983.135,"[{""stage_name"": ""fixation"", ""planned_duration_ms"": 100, ""intended_onset_ms"": 73163.227, ""actual_onset_global_ms"": 73175.793, ""actual_offset_global_ms"": 73293.837, ""actual_duration_ms"": 118.044}, {""stage_name"": ""stimulus"", ""planned_duration_ms"": 3000, ""intended_onset_ms"": 73263.227, ""actual_onset_global_ms"": 73292.047, ""actual_offset_global_ms"": 73983.135, ""actual_duration_ms"": 691.088}]",,,,,0,0,1,0,1,,,,,,,,,,,,,,,,,,,,,,,,,,,,,,,,,,,,,,,,,,,,
23,23_T1_20260520_152952,PA,T1,standard,hci_substudy_v2,1,telemetry_v4,flanker,1,formal_block_1,formal,1,4,16,formal,congruent,1779262192,60.0,2026-05-20T15:31:13.611,0,0,0,1,73996.546,74008.83,congruent,right,right,>>>>>,j,j,1,573.001,74699.253,none,,74096.546,74126.252,74699.253,3000,573.001,74699.253,"[{""stage_name"": ""fixation"", ""planned_duration_ms"": 100, ""intended_onset_ms"": 73996.546, ""actual_onset_global_ms"": 74008.83, ""actual_offset_global_ms"": 74126.023, ""actual_duration_ms"": 117.193}, {""stage_name"": ""stimulus"", ""planned_duration_ms"": 3000, ""intended_onset_ms"": 74096.546, ""actual_onset_global_ms"": 74126.252, ""actual_offset_global_ms"": 74699.253, ""actual_duration_ms"": 573.001}]",,,,,0,0,1,0,1,,,,,,,,,,,,,,,,,,,,,,,,,,,,,,,,,,,,,,,,,,,,
23,23_T1_20260520_152952,PA,T1,standard,hci_substudy_v2,1,telemetry_v4,flanker,1,formal_block_1,formal,1,5,17,formal,incongruent,1779262192,60.0,2026-05-20T15:31:14.329,0,0,0,1,74714.114,74726.084,incongruent,left,right,>><>>,s,s,1,640.427,75483.261,none,,74814.114,74842.834,75483.261,3000,640.427,75483.261,"[{""stage_name"": ""fixation"", ""planned_duration_ms"": 100, ""intended_onset_ms"": 74714.114, ""actual_onset_global_ms"": 74726.084, ""actual_offset_global_ms"": 74843.633, ""actual_duration_ms"": 117.549}, {""stage_name"": ""stimulus"", ""planned_duration_ms"": 3000, ""intended_onset_ms"": 74814.114, ""actual_onset_global_ms"": 74842.834, ""actual_offset_global_ms"": 75483.261, ""actual_duration_ms"": 640.427}]",,,,,0,0,1,0,1,,,,,,,,,,,,,,,,,,,,,,,,,,,,,,,,,,,,,,,,,,,,
23,23_T1_20260520_152952,PA,T1,standard,hci_substudy_v2,1,telemetry_v4,flanker,1,formal_block_1,formal,1,6,18,formal,incongruent,1779262192,60.0,2026-05-20T15:31:15.111,0,0,0,1,75496.908,75508.58,incongruent,right,left,<<><<,j,j,1,627.508,76253.195,none,,75596.908,75625.687,76253.195,3000,627.508,76253.195,"[{""stage_name"": ""fixation"", ""planned_duration_ms"": 100, ""intended_onset_ms"": 75496.908, ""actual_onset_global_ms"": 75508.58, ""actual_offset_global_ms"": 75626.191, ""actual_duration_ms"": 117.611}, {""stage_name"": ""stimulus"", ""planned_duration_ms"": 3000, ""intended_onset_ms"": 75596.908, ""actual_onset_global_ms"": 75625.687, ""actual_offset_global_ms"": 76253.195, ""actual_duration_ms"": 627.508}]",,,,,0,0,1,0,1,,,,,,,,,,,,,,,,,,,,,,,,,,,,,,,,,,,,,,,,,,,,
23,23_T1_20260520_152952,PA,T1,standard,hci_substudy_v2,1,telemetry_v4,flanker,1,formal_block_1,formal,1,7,19,formal,congruent,1779262192,60.0,2026-05-20T15:31:15.877,0,0,0,1,76262.762,76275.396,congruent,left,left,<<<<<,s,s,1,613.761,77006.691,none,,76362.762,76392.93,77006.691,3000,613.761,77006.691,"[{""stage_name"": ""fixation"", ""planned_duration_ms"": 100, ""intended_onset_ms"": 76262.762, ""actual_onset_global_ms"": 76275.396, ""actual_offset_global_ms"": 76393.019, ""actual_duration_ms"": 117.623}, {""stage_name"": ""stimulus"", ""planned_duration_ms"": 3000, ""intended_onset_ms"": 76362.762, ""actual_onset_global_ms"": 76392.93, ""actual_offset_global_ms"": 77006.691, ""actual_duration_ms"": 613.761}]",,,,,0,0,1,0,1,,,,,,,,,,,,,,,,,,,,,,,,,,,,,,,,,,,,,,,,,,,,
23,23_T1_20260520_152952,PA,T1,standard,hci_substudy_v2,1,telemetry_v4,flanker,1,formal_block_1,formal,1,8,20,formal,congruent,1779262192,60.0,2026-05-20T15:31:16.627,0,0,0,1,77012.762,77025.888,congruent,right,right,>>>>>,j,j,1,619.516,77762.818,none,,77112.762,77143.302,77762.818,3000,619.516,77762.818,"[{""stage_name"": ""fixation"", ""planned_duration_ms"": 100, ""intended_onset_ms"": 77012.762, ""actual_onset_global_ms"": 77025.888, ""actual_offset_global_ms"": 77142.345, ""actual_duration_ms"": 116.457}, {""stage_name"": ""stimulus"", ""planned_duration_ms"": 3000, ""intended_onset_ms"": 77112.762, ""actual_onset_global_ms"": 77143.302, ""actual_offset_global_ms"": 77762.818, ""actual_duration_ms"": 619.516}]",,,,,0,0,1,0,1,,,,,,,,,,,,,,,,,,,,,,,,,,,,,,,,,,,,,,,,,,,,
23,23_T1_20260520_152952,PA,T1,standard,hci_substudy_v2,1,telemetry_v4,flanker,1,formal_block_1,formal,1,9,21,formal,incongruent,1779262192,60.0,2026-05-20T15:31:17.395,0,0,0,1,77780.299,77792.104,incongruent,right,left,<<><<,j,j,1,950.339,78859.473,none,,77880.299,77909.134,78859.473,3000,950.339,78859.473,"[{""stage_name"": ""fixation"", ""planned_duration_ms"": 100, ""intended_onset_ms"": 77780.299, ""actual_onset_global_ms"": 77792.104, ""actual_offset_global_ms"": 77908.853, ""actual_duration_ms"": 116.749}, {""stage_name"": ""stimulus"", ""planned_duration_ms"": 3000, ""intended_onset_ms"": 77880.299, ""actual_onset_global_ms"": 77909.134, ""actual_offset_global_ms"": 78859.473, ""actual_duration_ms"": 950.339}]",,,,,0,0,1,0,1,,,,,,,,,,,,,,,,,,,,,,,,,,,,,,,,,,,,,,,,,,,,
23,23_T1_20260520_152952,PA,T1,standard,hci_substudy_v2,1,telemetry_v4,flanker,1,formal_block_1,formal,1,10,22,formal,incongruent,1779262192,60.0,2026-05-20T15:31:18.496,0,0,0,1,78881.433,78892.029,incongruent,left,right,>><>>,s,s,1,618.376,79627.473,none,,78981.433,79009.097,79627.473,3000,618.376,79627.473,"[{""stage_name"": ""fixation"", ""planned_duration_ms"": 100, ""intended_onset_ms"": 78881.433, ""actual_onset_global_ms"": 78892.029, ""actual_offset_global_ms"": 79009.986, ""actual_duration_ms"": 117.957}, {""stage_name"": ""stimulus"", ""planned_duration_ms"": 3000, ""intended_onset_ms"": 78981.433, ""actual_onset_global_ms"": 79009.097, ""actual_offset_global_ms"": 79627.473, ""actual_duration_ms"": 618.376}]",,,,,0,0,1,0,1,,,,,,,,,,,,,,,,,,,,,,,,,,,,,,,,,,,,,,,,,,,,
23,23_T1_20260520_152952,PA,T1,standard,hci_substudy_v2,1,telemetry_v4,flanker,1,formal_block_1,formal,1,11,23,formal,congruent,1779262192,60.0,2026-05-20T15:31:19.260,0,0,0,1,79646.169,79659.411,congruent,right,right,>>>>>,j,j,1,648.543,80423.984,none,,79746.169,79775.441,80423.984,3000,648.543,80423.984,"[{""stage_name"": ""fixation"", ""planned_duration_ms"": 100, ""intended_onset_ms"": 79646.169, ""actual_onset_global_ms"": 79659.411, ""actual_offset_global_ms"": 79776.144, ""actual_duration_ms"": 116.733}, {""stage_name"": ""stimulus"", ""planned_duration_ms"": 3000, ""intended_onset_ms"": 79746.169, ""actual_onset_global_ms"": 79775.441, ""actual_offset_global_ms"": 80423.984, ""actual_duration_ms"": 648.543}]",,,,,0,0,1,0,1,,,,,,,,,,,,,,,,,,,,,,,,,,,,,,,,,,,,,,,,,,,,
23,23_T1_20260520_152952,PA,T1,standard,hci_substudy_v2,1,telemetry_v4,flanker,1,formal_block_1,formal,1,12,24,formal,incongruent,1779262192,60.0,2026-05-20T15:31:20.044,0,0,0,1,80429.873,80442.257,incongruent,left,right,>><>>,s,s,1,591.823,81151.522,none,,80529.873,80559.699,81151.522,3000,591.823,81151.522,"[{""stage_name"": ""fixation"", ""planned_duration_ms"": 100, ""intended_onset_ms"": 80429.873, ""actual_onset_global_ms"": 80442.257, ""actual_offset_global_ms"": 80558.909, ""actual_duration_ms"": 116.652}, {""stage_name"": ""stimulus"", ""planned_duration_ms"": 3000, ""intended_onset_ms"": 80529.873, ""actual_onset_global_ms"": 80559.699, ""actual_offset_global_ms"": 81151.522, ""actual_duration_ms"": 591.823}]",,,,,0,0,1,0,1,,,,,,,,,,,,,,,,,,,,,,,,,,,,,,,,,,,,,,,,,,,,
23,23_T1_20260520_152952,PA,T1,standard,hci_substudy_v2,1,telemetry_v4,flanker,1,formal_block_1,formal,1,13,25,formal,congruent,1779262192,60.0,2026-05-20T15:31:20.778,0,0,0,1,81162.918,81175.749,congruent,left,left,<<<<<,s,s,1,1010.76,82303.419,none,,81262.918,81292.659,82303.419,3000,1010.76,82303.419,"[{""stage_name"": ""fixation"", ""planned_duration_ms"": 100, ""intended_onset_ms"": 81162.918, ""actual_onset_global_ms"": 81175.749, ""actual_offset_global_ms"": 81292.585, ""actual_duration_ms"": 116.836}, {""stage_name"": ""stimulus"", ""planned_duration_ms"": 3000, ""intended_onset_ms"": 81262.918, ""actual_onset_global_ms"": 81292.659, ""actual_offset_global_ms"": 82303.419, ""actual_duration_ms"": 1010.76}]",,,,,0,0,1,0,1,,,,,,,,,,,,,,,,,,,,,,,,,,,,,,,,,,,,,,,,,,,,
23,23_T1_20260520_152952,PA,T1,standard,hci_substudy_v2,1,telemetry_v4,flanker,1,formal_block_1,formal,1,14,26,formal,congruent,1779262192,60.0,2026-05-20T15:31:21.929,0,0,0,1,82313.82,82326.13,congruent,right,right,>>>>>,j,j,1,685.212,83127.656,none,,82413.82,82442.444,83127.656,3000,685.212,83127.656,"[{""stage_name"": ""fixation"", ""planned_duration_ms"": 100, ""intended_onset_ms"": 82313.82, ""actual_onset_global_ms"": 82326.13, ""actual_offset_global_ms"": 82442.255, ""actual_duration_ms"": 116.125}, {""stage_name"": ""stimulus"", ""planned_duration_ms"": 3000, ""intended_onset_ms"": 82413.82, ""actual_onset_global_ms"": 82442.444, ""actual_offset_global_ms"": 83127.656, ""actual_duration_ms"": 685.212}]",,,,,0,0,1,0,1,,,,,,,,,,,,,,,,,,,,,,,,,,,,,,,,,,,,,,,,,,,,
23,23_T1_20260520_152952,PA,T1,standard,hci_substudy_v2,1,telemetry_v4,flanker,1,formal_block_1,formal,1,15,27,formal,incongruent,1779262192,60.0,2026-05-20T15:31:22.760,0,0,0,1,83145.581,83160.096,incongruent,right,left,<<><<,j,j,1,923.183,84199.819,none,,83245.581,83276.636,84199.819,3000,923.183,84199.819,"[{""stage_name"": ""fixation"", ""planned_duration_ms"": 100, ""intended_onset_ms"": 83145.581, ""actual_onset_global_ms"": 83160.096, ""actual_offset_global_ms"": 83275.694, ""actual_duration_ms"": 115.598}, {""stage_name"": ""stimulus"", ""planned_duration_ms"": 3000, ""intended_onset_ms"": 83245.581, ""actual_onset_global_ms"": 83276.636, ""actual_offset_global_ms"": 84199.819, ""actual_duration_ms"": 923.183}]",,,,,0,0,1,0,1,,,,,,,,,,,,,,,,,,,,,,,,,,,,,,,,,,,,,,,,,,,,
23,23_T1_20260520_152952,PA,T1,standard,hci_substudy_v2,1,telemetry_v4,flanker,1,formal_block_1,formal,1,16,28,formal,congruent,1779262192,60.0,2026-05-20T15:31:23.828,0,0,0,1,84213.226,84227.505,congruent,left,left,<<<<<,s,s,1,769.137,85111.325,none,,84313.226,84342.188,85111.325,3000,769.137,85111.325,"[{""stage_name"": ""fixation"", ""planned_duration_ms"": 100, ""intended_onset_ms"": 84213.226, ""actual_onset_global_ms"": 84227.505, ""actual_offset_global_ms"": 84342.721, ""actual_duration_ms"": 115.216}, {""stage_name"": ""stimulus"", ""planned_duration_ms"": 3000, ""intended_onset_ms"": 84313.226, ""actual_onset_global_ms"": 84342.188, ""actual_offset_global_ms"": 85111.325, ""actual_duration_ms"": 769.137}]",,,,,0,0,1,0,1,,,,,,,,,,,,,,,,,,,,,,,,,,,,,,,,,,,,,,,,,,,,
23,23_T1_20260520_152952,PA,T1,standard,hci_substudy_v2,1,telemetry_v4,flanker,1,formal_block_1,formal,1,17,29,formal,incongruent,1779262192,60.0,2026-05-20T15:31:24.743,0,0,0,1,85129.371,85142.413,incongruent,left,right,>><>>,s,s,1,792.702,86051.614,none,,85229.371,85258.912,86051.614,3000,792.702,86051.614,"[{""stage_name"": ""fixation"", ""planned_duration_ms"": 100, ""intended_onset_ms"": 85129.371, ""actual_onset_global_ms"": 85142.413, ""actual_offset_global_ms"": 85260.19, ""actual_duration_ms"": 117.777}, {""stage_name"": ""stimulus"", ""planned_duration_ms"": 3000, ""intended_onset_ms"": 85229.371, ""actual_onset_global_ms"": 85258.912, ""actual_offset_global_ms"": 86051.614, ""actual_duration_ms"": 792.702}]",,,,,0,0,1,0,1,,,,,,,,,,,,,,,,,,,,,,,,,,,,,,,,,,,,,,,,,,,,
23,23_T1_20260520_152952,PA,T1,standard,hci_substudy_v2,1,telemetry_v4,flanker,1,formal_block_1,formal,1,18,30,formal,incongruent,1779262192,60.0,2026-05-20T15:31:25.678,0,0,0,1,86062.841,86075.656,incongruent,right,left,<<><<,j,j,1,766.155,86959.27,none,,86162.841,86193.115,86959.27,3000,766.155,86959.27,"[{""stage_name"": ""fixation"", ""planned_duration_ms"": 100, ""intended_onset_ms"": 86062.841, ""actual_onset_global_ms"": 86075.656, ""actual_offset_global_ms"": 86192.722, ""actual_duration_ms"": 117.066}, {""stage_name"": ""stimulus"", ""planned_duration_ms"": 3000, ""intended_onset_ms"": 86162.841, ""actual_onset_global_ms"": 86193.115, ""actual_offset_global_ms"": 86959.27, ""actual_duration_ms"": 766.155}]",,,,,0,0,1,0,1,,,,,,,,,,,,,,,,,,,,,,,,,,,,,,,,,,,,,,,,,,,,
23,23_T1_20260520_152952,PA,T1,standard,hci_substudy_v2,1,telemetry_v4,flanker,1,formal_block_1,formal,1,19,31,formal,congruent,1779262192,60.0,2026-05-20T15:31:26.595,0,0,0,1,86980.481,86992.013,congruent,left,left,<<<<<,s,s,1,677.785,87787.533,none,,87080.481,87109.748,87787.533,3000,677.785,87787.533,"[{""stage_name"": ""fixation"", ""planned_duration_ms"": 100, ""intended_onset_ms"": 86980.481, ""actual_onset_global_ms"": 86992.013, ""actual_offset_global_ms"": 87109.009, ""actual_duration_ms"": 116.996}, {""stage_name"": ""stimulus"", ""planned_duration_ms"": 3000, ""intended_onset_ms"": 87080.481, ""actual_onset_global_ms"": 87109.748, ""actual_offset_global_ms"": 87787.533, ""actual_duration_ms"": 677.785}]",,,,,0,0,1,0,1,,,,,,,,,,,,,,,,,,,,,,,,,,,,,,,,,,,,,,,,,,,,
23,23_T1_20260520_152952,PA,T1,standard,hci_substudy_v2,1,telemetry_v4,flanker,1,formal_block_1,formal,1,20,32,formal,congruent,1779262192,60.0,2026-05-20T15:31:27.411,0,0,0,1,87796.719,87808.933,congruent,right,right,>>>>>,j,j,1,697.488,88623.218,none,,87896.719,87925.73,88623.218,3000,697.488,88623.218,"[{""stage_name"": ""fixation"", ""planned_duration_ms"": 100, ""intended_onset_ms"": 87796.719, ""actual_onset_global_ms"": 87808.933, ""actual_offset_global_ms"": 87925.641, ""actual_duration_ms"": 116.708}, {""stage_name"": ""stimulus"", ""planned_duration_ms"": 3000, ""intended_onset_ms"": 87896.719, ""actual_onset_global_ms"": 87925.73, ""actual_offset_global_ms"": 88623.218, ""actual_duration_ms"": 697.488}]",,,,,0,0,1,0,1,,,,,,,,,,,,,,,,,,,,,,,,,,,,,,,,,,,,,,,,,,,,
23,23_T1_20260520_152952,PA,T1,standard,hci_substudy_v2,1,telemetry_v4,flanker,1,formal_block_2,formal,2,1,33,formal,congruent,1779262192,60.0,2026-05-20T15:31:28.246,0,0,0,1,88631.883,88643.129,congruent,right,right,>>>>>,j,j,1,652.311,89411.277,none,,88731.883,88758.966,89411.277,3000,652.311,89411.277,"[{""stage_name"": ""fixation"", ""planned_duration_ms"": 100, ""intended_onset_ms"": 88631.883, ""actual_onset_global_ms"": 88643.129, ""actual_offset_global_ms"": 88759.056, ""actual_duration_ms"": 115.927}, {""stage_name"": ""stimulus"", ""planned_duration_ms"": 3000, ""intended_onset_ms"": 88731.883, ""actual_onset_global_ms"": 88758.966, ""actual_offset_global_ms"": 89411.277, ""actual_duration_ms"": 652.311}]",,,,,0,0,1,0,1,,,,,,,,,,,,,,,,,,,,,,,,,,,,,,,,,,,,,,,,,,,,
23,23_T1_20260520_152952,PA,T1,standard,hci_substudy_v2,1,telemetry_v4,flanker,1,formal_block_2,formal,2,2,34,formal,incongruent,1779262192,60.0,2026-05-20T15:31:29.044,0,0,0,1,89429.476,89442.888,incongruent,right,left,<<><<,j,j,1,723.208,90283.702,none,,89529.476,89560.494,90283.702,3000,723.208,90283.702,"[{""stage_name"": ""fixation"", ""planned_duration_ms"": 100, ""intended_onset_ms"": 89429.476, ""actual_onset_global_ms"": 89442.888, ""actual_offset_global_ms"": 89559.004, ""actual_duration_ms"": 116.116}, {""stage_name"": ""stimulus"", ""planned_duration_ms"": 3000, ""intended_onset_ms"": 89529.476, ""actual_onset_global_ms"": 89560.494, ""actual_offset_global_ms"": 90283.702, ""actual_duration_ms"": 723.208}]",,,,,0,0,1,0,1,,,,,,,,,,,,,,,,,,,,,,,,,,,,,,,,,,,,,,,,,,,,
23,23_T1_20260520_152952,PA,T1,standard,hci_substudy_v2,1,telemetry_v4,flanker,1,formal_block_2,formal,2,3,35,formal,congruent,1779262192,60.0,2026-05-20T15:31:29.911,0,0,0,1,90296.24,90308.663,congruent,left,left,<<<<<,s,s,1,850.736,91276.108,none,,90396.24,90425.372,91276.108,3000,850.736,91276.108,"[{""stage_name"": ""fixation"", ""planned_duration_ms"": 100, ""intended_onset_ms"": 90296.24, ""actual_onset_global_ms"": 90308.663, ""actual_offset_global_ms"": 90425.949, ""actual_duration_ms"": 117.286}, {""stage_name"": ""stimulus"", ""planned_duration_ms"": 3000, ""intended_onset_ms"": 90396.24, ""actual_onset_global_ms"": 90425.372, ""actual_offset_global_ms"": 91276.108, ""actual_duration_ms"": 850.736}]",,,,,0,0,1,0,1,,,,,,,,,,,,,,,,,,,,,,,,,,,,,,,,,,,,,,,,,,,,
23,23_T1_20260520_152952,PA,T1,standard,hci_substudy_v2,1,telemetry_v4,flanker,1,formal_block_2,formal,2,4,36,formal,incongruent,1779262192,60.0,2026-05-20T15:31:30.911,0,0,0,1,91297.134,91309.285,incongruent,left,right,>><>>,s,j,0,662.477,92087.878,none,,91397.134,91425.401,92087.878,3000,662.477,92087.878,"[{""stage_name"": ""fixation"", ""planned_duration_ms"": 100, ""intended_onset_ms"": 91297.134, ""actual_onset_global_ms"": 91309.285, ""actual_offset_global_ms"": 91426.255, ""actual_duration_ms"": 116.97}, {""stage_name"": ""stimulus"", ""planned_duration_ms"": 3000, ""intended_onset_ms"": 91397.134, ""actual_onset_global_ms"": 91425.401, ""actual_offset_global_ms"": 92087.878, ""actual_duration_ms"": 662.477}]",,,,,0,0,0,0,1,,,,,,,,,,,,,,,,,,,,,,,,,,,,,,,,,,,,,,,,,,,,
23,23_T1_20260520_152952,PA,T1,standard,hci_substudy_v2,1,telemetry_v4,flanker,1,formal_block_2,formal,2,5,37,formal,congruent,1779262192,60.0,2026-05-20T15:31:31.711,0,0,0,1,92096.373,92108.732,congruent,right,right,>>>>>,j,j,1,1507.013,93732.645,none,,92196.373,92225.632,93732.645,3000,1507.013,93732.645,"[{""stage_name"": ""fixation"", ""planned_duration_ms"": 100, ""intended_onset_ms"": 92096.373, ""actual_onset_global_ms"": 92108.732, ""actual_offset_global_ms"": 92225.84, ""actual_duration_ms"": 117.108}, {""stage_name"": ""stimulus"", ""planned_duration_ms"": 3000, ""intended_onset_ms"": 92196.373, ""actual_onset_global_ms"": 92225.632, ""actual_offset_global_ms"": 93732.645, ""actual_duration_ms"": 1507.013}]",,,,,0,0,1,0,1,,,,,,,,,,,,,,,,,,,,,,,,,,,,,,,,,,,,,,,,,,,,
23,23_T1_20260520_152952,PA,T1,standard,hci_substudy_v2,1,telemetry_v4,flanker,1,formal_block_2,formal,2,6,38,formal,incongruent,1779262192,60.0,2026-05-20T15:31:33.361,0,0,0,1,93746.511,93759.27,incongruent,left,right,>><>>,s,s,1,1219.562,95095.362,none,,93846.511,93875.8,95095.362,3000,1219.562,95095.362,"[{""stage_name"": ""fixation"", ""planned_duration_ms"": 100, ""intended_onset_ms"": 93746.511, ""actual_onset_global_ms"": 93759.27, ""actual_offset_global_ms"": 93876.127, ""actual_duration_ms"": 116.857}, {""stage_name"": ""stimulus"", ""planned_duration_ms"": 3000, ""intended_onset_ms"": 93846.511, ""actual_onset_global_ms"": 93875.8, ""actual_offset_global_ms"": 95095.362, ""actual_duration_ms"": 1219.562}]",,,,,0,0,1,0,1,,,,,,,,,,,,,,,,,,,,,,,,,,,,,,,,,,,,,,,,,,,,
23,23_T1_20260520_152952,PA,T1,standard,hci_substudy_v2,1,telemetry_v4,flanker,1,formal_block_2,formal,2,7,39,formal,congruent,1779262192,60.0,2026-05-20T15:31:34.728,0,0,0,1,95113.619,95126.853,congruent,left,left,<<<<<,s,s,1,1512.922,96755.537,none,,95213.619,95242.615,96755.537,3000,1512.922,96755.537,"[{""stage_name"": ""fixation"", ""planned_duration_ms"": 100, ""intended_onset_ms"": 95113.619, ""actual_onset_global_ms"": 95126.853, ""actual_offset_global_ms"": 95242.352, ""actual_duration_ms"": 115.499}, {""stage_name"": ""stimulus"", ""planned_duration_ms"": 3000, ""intended_onset_ms"": 95213.619, ""actual_onset_global_ms"": 95242.615, ""actual_offset_global_ms"": 96755.537, ""actual_duration_ms"": 1512.922}]",,,,,0,0,1,0,1,,,,,,,,,,,,,,,,,,,,,,,,,,,,,,,,,,,,,,,,,,,,
23,23_T1_20260520_152952,PA,T1,standard,hci_substudy_v2,1,telemetry_v4,flanker,1,formal_block_2,formal,2,8,40,formal,congruent,1779262192,60.0,2026-05-20T15:31:36.378,0,0,0,1,96763.449,96778.202,congruent,right,right,>>>>>,j,j,1,1860.164,98752.826,none,,96863.449,96892.662,98752.826,3000,1860.164,98752.826,"[{""stage_name"": ""fixation"", ""planned_duration_ms"": 100, ""intended_onset_ms"": 96763.449, ""actual_onset_global_ms"": 96778.202, ""actual_offset_global_ms"": 96892.751, ""actual_duration_ms"": 114.549}, {""stage_name"": ""stimulus"", ""planned_duration_ms"": 3000, ""intended_onset_ms"": 96863.449, ""actual_onset_global_ms"": 96892.662, ""actual_offset_global_ms"": 98752.826, ""actual_duration_ms"": 1860.164}]",,,,,0,0,1,0,1,,,,,,,,,,,,,,,,,,,,,,,,,,,,,,,,,,,,,,,,,,,,
23,23_T1_20260520_152952,PA,T1,standard,hci_substudy_v2,1,telemetry_v4,flanker,1,formal_block_2,formal,2,9,41,formal,incongruent,1779262192,60.0,2026-05-20T15:31:38.378,0,0,0,1,98763.321,98775.626,incongruent,right,left,<<><<,j,j,1,847.509,99739.775,none,,98863.321,98892.266,99739.775,3000,847.509,99739.775,"[{""stage_name"": ""fixation"", ""planned_duration_ms"": 100, ""intended_onset_ms"": 98763.321, ""actual_onset_global_ms"": 98775.626, ""actual_offset_global_ms"": 98892.659, ""actual_duration_ms"": 117.033}, {""stage_name"": ""stimulus"", ""planned_duration_ms"": 3000, ""intended_onset_ms"": 98863.321, ""actual_onset_global_ms"": 98892.266, ""actual_offset_global_ms"": 99739.775, ""actual_duration_ms"": 847.509}]",,,,,0,0,1,0,1,,,,,,,,,,,,,,,,,,,,,,,,,,,,,,,,,,,,,,,,,,,,
23,23_T1_20260520_152952,PA,T1,standard,hci_substudy_v2,1,telemetry_v4,flanker,1,formal_block_2,formal,2,10,42,formal,congruent,1779262192,60.0,2026-05-20T15:31:39.361,0,0,0,1,99746.535,99758.828,congruent,left,left,<<<<<,s,s,1,660.003,100535.879,none,,99846.535,99875.876,100535.879,3000,660.003,100535.879,"[{""stage_name"": ""fixation"", ""planned_duration_ms"": 100, ""intended_onset_ms"": 99746.535, ""actual_onset_global_ms"": 99758.828, ""actual_offset_global_ms"": 99876.676, ""actual_duration_ms"": 117.848}, {""stage_name"": ""stimulus"", ""planned_duration_ms"": 3000, ""intended_onset_ms"": 99846.535, ""actual_onset_global_ms"": 99875.876, ""actual_offset_global_ms"": 100535.879, ""actual_duration_ms"": 660.003}]",,,,,0,0,1,0,1,,,,,,,,,,,,,,,,,,,,,,,,,,,,,,,,,,,,,,,,,,,,
23,23_T1_20260520_152952,PA,T1,standard,hci_substudy_v2,1,telemetry_v4,flanker,1,formal_block_2,formal,2,11,43,formal,congruent,1779262192,60.0,2026-05-20T15:31:40.163,0,0,0,1,100547.803,100559.393,congruent,right,right,>>>>>,j,j,1,935.616,101611.847,none,,100647.803,100676.231,101611.847,3000,935.616,101611.847,"[{""stage_name"": ""fixation"", ""planned_duration_ms"": 100, ""intended_onset_ms"": 100547.803, ""actual_onset_global_ms"": 100559.393, ""actual_offset_global_ms"": 100675.862, ""actual_duration_ms"": 116.469}, {""stage_name"": ""stimulus"", ""planned_duration_ms"": 3000, ""intended_onset_ms"": 100647.803, ""actual_onset_global_ms"": 100676.231, ""actual_offset_global_ms"": 101611.847, ""actual_duration_ms"": 935.616}]",,,,,0,0,1,0,1,,,,,,,,,,,,,,,,,,,,,,,,,,,,,,,,,,,,,,,,,,,,
23,23_T1_20260520_152952,PA,T1,standard,hci_substudy_v2,1,telemetry_v4,flanker,1,formal_block_2,formal,2,12,44,formal,congruent,1779262192,60.0,2026-05-20T15:31:41.245,0,0,0,1,101630.252,101643.041,congruent,left,left,<<<<<,s,s,1,815.915,102575.485,none,,101730.252,101759.57,102575.485,3000,815.915,102575.485,"[{""stage_name"": ""fixation"", ""planned_duration_ms"": 100, ""intended_onset_ms"": 101630.252, ""actual_onset_global_ms"": 101643.041, ""actual_offset_global_ms"": 101758.894, ""actual_duration_ms"": 115.853}, {""stage_name"": ""stimulus"", ""planned_duration_ms"": 3000, ""intended_onset_ms"": 101730.252, ""actual_onset_global_ms"": 101759.57, ""actual_offset_global_ms"": 102575.485, ""actual_duration_ms"": 815.915}]",,,,,0,0,1,0,1,,,,,,,,,,,,,,,,,,,,,,,,,,,,,,,,,,,,,,,,,,,,
23,23_T1_20260520_152952,PA,T1,standard,hci_substudy_v2,1,telemetry_v4,flanker,1,formal_block_2,formal,2,13,45,formal,incongruent,1779262192,60.0,2026-05-20T15:31:42.194,0,0,0,1,102579.716,102594.073,incongruent,left,right,>><>>,s,s,1,1498.777,104208.054,none,,102679.716,102709.277,104208.054,3000,1498.777,104208.054,"[{""stage_name"": ""fixation"", ""planned_duration_ms"": 100, ""intended_onset_ms"": 102579.716, ""actual_onset_global_ms"": 102594.073, ""actual_offset_global_ms"": 102709.181, ""actual_duration_ms"": 115.108}, {""stage_name"": ""stimulus"", ""planned_duration_ms"": 3000, ""intended_onset_ms"": 102679.716, ""actual_onset_global_ms"": 102709.277, ""actual_offset_global_ms"": 104208.054, ""actual_duration_ms"": 1498.777}]",,,,,0,0,1,0,1,,,,,,,,,,,,,,,,,,,,,,,,,,,,,,,,,,,,,,,,,,,,
23,23_T1_20260520_152952,PA,T1,standard,hci_substudy_v2,1,telemetry_v4,flanker,1,formal_block_2,formal,2,14,46,formal,incongruent,1779262192,60.0,2026-05-20T15:31:43.828,0,0,0,1,104213.408,104226.224,incongruent,left,right,>><>>,s,s,1,949.505,105291.985,none,,104313.408,104342.48,105291.985,3000,949.505,105291.985,"[{""stage_name"": ""fixation"", ""planned_duration_ms"": 100, ""intended_onset_ms"": 104213.408, ""actual_onset_global_ms"": 104226.224, ""actual_offset_global_ms"": 104343.139, ""actual_duration_ms"": 116.915}, {""stage_name"": ""stimulus"", ""planned_duration_ms"": 3000, ""intended_onset_ms"": 104313.408, ""actual_onset_global_ms"": 104342.48, ""actual_offset_global_ms"": 105291.985, ""actual_duration_ms"": 949.505}]",,,,,0,0,1,0,1,,,,,,,,,,,,,,,,,,,,,,,,,,,,,,,,,,,,,,,,,,,,
23,23_T1_20260520_152952,PA,T1,standard,hci_substudy_v2,1,telemetry_v4,flanker,1,formal_block_2,formal,2,15,47,formal,incongruent,1779262192,60.0,2026-05-20T15:31:44.912,0,0,0,1,105296.866,105309.331,incongruent,right,left,<<><<,j,j,1,617.926,106043.815,none,,105396.866,105425.889,106043.815,3000,617.926,106043.815,"[{""stage_name"": ""fixation"", ""planned_duration_ms"": 100, ""intended_onset_ms"": 105296.866, ""actual_onset_global_ms"": 105309.331, ""actual_offset_global_ms"": 105425.748, ""actual_duration_ms"": 116.417}, {""stage_name"": ""stimulus"", ""planned_duration_ms"": 3000, ""intended_onset_ms"": 105396.866, ""actual_onset_global_ms"": 105425.889, ""actual_offset_global_ms"": 106043.815, ""actual_duration_ms"": 617.926}]",,,,,0,0,1,0,1,,,,,,,,,,,,,,,,,,,,,,,,,,,,,,,,,,,,,,,,,,,,
23,23_T1_20260520_152952,PA,T1,standard,hci_substudy_v2,1,telemetry_v4,flanker,1,formal_block_2,formal,2,16,48,formal,congruent,1779262192,60.0,2026-05-20T15:31:45.679,0,0,0,1,106064.537,106079.664,congruent,right,right,>>>>>,j,j,1,783.608,106976.121,none,,106164.537,106192.513,106976.121,3000,783.608,106976.121,"[{""stage_name"": ""fixation"", ""planned_duration_ms"": 100, ""intended_onset_ms"": 106064.537, ""actual_onset_global_ms"": 106079.664, ""actual_offset_global_ms"": 106192.621, ""actual_duration_ms"": 112.957}, {""stage_name"": ""stimulus"", ""planned_duration_ms"": 3000, ""intended_onset_ms"": 106164.537, ""actual_onset_global_ms"": 106192.513, ""actual_offset_global_ms"": 106976.121, ""actual_duration_ms"": 783.608}]",,,,,0,0,1,0,1,,,,,,,,,,,,,,,,,,,,,,,,,,,,,,,,,,,,,,,,,,,,
23,23_T1_20260520_152952,PA,T1,standard,hci_substudy_v2,1,telemetry_v4,flanker,1,formal_block_2,formal,2,17,49,formal,incongruent,1779262192,60.0,2026-05-20T15:31:46.614,0,0,0,1,106999.095,107009.276,incongruent,right,left,<<><<,j,j,1,626.716,107752.17,none,,107099.095,107125.454,107752.17,3000,626.716,107752.17,"[{""stage_name"": ""fixation"", ""planned_duration_ms"": 100, ""intended_onset_ms"": 106999.095, ""actual_onset_global_ms"": 107009.276, ""actual_offset_global_ms"": 107126.913, ""actual_duration_ms"": 117.637}, {""stage_name"": ""stimulus"", ""planned_duration_ms"": 3000, ""intended_onset_ms"": 107099.095, ""actual_onset_global_ms"": 107125.454, ""actual_offset_global_ms"": 107752.17, ""actual_duration_ms"": 626.716}]",,,,,0,0,1,0,1,,,,,,,,,,,,,,,,,,,,,,,,,,,,,,,,,,,,,,,,,,,,
23,23_T1_20260520_152952,PA,T1,standard,hci_substudy_v2,1,telemetry_v4,flanker,1,formal_block_2,formal,2,18,50,formal,congruent,1779262192,60.0,2026-05-20T15:31:47.378,0,0,0,1,107763.877,107775.832,congruent,left,left,<<<<<,s,s,1,602.939,108495.763,none,,107863.877,107892.824,108495.763,3000,602.939,108495.763,"[{""stage_name"": ""fixation"", ""planned_duration_ms"": 100, ""intended_onset_ms"": 107763.877, ""actual_onset_global_ms"": 107775.832, ""actual_offset_global_ms"": 107894.665, ""actual_duration_ms"": 118.833}, {""stage_name"": ""stimulus"", ""planned_duration_ms"": 3000, ""intended_onset_ms"": 107863.877, ""actual_onset_global_ms"": 107892.824, ""actual_offset_global_ms"": 108495.763, ""actual_duration_ms"": 602.939}]",,,,,0,0,1,0,1,,,,,,,,,,,,,,,,,,,,,,,,,,,,,,,,,,,,,,,,,,,,
23,23_T1_20260520_152952,PA,T1,standard,hci_substudy_v2,1,telemetry_v4,flanker,1,formal_block_2,formal,2,19,51,formal,incongruent,1779262192,60.0,2026-05-20T15:31:48.128,0,0,0,1,108513.478,108526.198,incongruent,right,left,<<><<,j,j,1,864.86,109508.322,none,,108613.478,108643.462,109508.322,3000,864.86,109508.322,"[{""stage_name"": ""fixation"", ""planned_duration_ms"": 100, ""intended_onset_ms"": 108513.478, ""actual_onset_global_ms"": 108526.198, ""actual_offset_global_ms"": 108642.599, ""actual_duration_ms"": 116.401}, {""stage_name"": ""stimulus"", ""planned_duration_ms"": 3000, ""intended_onset_ms"": 108613.478, ""actual_onset_global_ms"": 108643.462, ""actual_offset_global_ms"": 109508.322, ""actual_duration_ms"": 864.86}]",,,,,0,0,1,0,1,,,,,,,,,,,,,,,,,,,,,,,,,,,,,,,,,,,,,,,,,,,,
23,23_T1_20260520_152952,PA,T1,standard,hci_substudy_v2,1,telemetry_v4,flanker,1,formal_block_2,formal,2,20,52,formal,incongruent,1779262192,60.0,2026-05-20T15:31:49.129,0,0,0,1,109514.737,109525.739,incongruent,left,right,>><>>,s,s,1,885.06,110527.975,none,,109614.737,109642.915,110527.975,3000,885.06,110527.975,"[{""stage_name"": ""fixation"", ""planned_duration_ms"": 100, ""intended_onset_ms"": 109514.737, ""actual_onset_global_ms"": 109525.739, ""actual_offset_global_ms"": 109642.966, ""actual_duration_ms"": 117.227}, {""stage_name"": ""stimulus"", ""planned_duration_ms"": 3000, ""intended_onset_ms"": 109614.737, ""actual_onset_global_ms"": 109642.915, ""actual_offset_global_ms"": 110527.975, ""actual_duration_ms"": 885.06}]",,,,,0,0,1,0,1,,,,,,,,,,,,,,,,,,,,,,,,,,,,,,,,,,,,,,,,,,,,
23,23_T1_20260520_152952,PA,T1,standard,hci_substudy_v2,1,telemetry_v4,dccs,2,mixed_formal,formal,1,1,13,formal,color,1779262192,60.0,2026-05-20T15:33:05.727,0,0,0,1,186112.913,186124.888,,,,,s,s,1,1774.204,188514.915,none,,186712.913,186740.711,188514.915,3000,1774.204,188514.915,"[{""stage_name"": ""fixation"", ""planned_duration_ms"": 100, ""intended_onset_ms"": 186112.913, ""actual_onset_global_ms"": 186124.888, ""actual_offset_global_ms"": 186239.917, ""actual_duration_ms"": 115.029}, {""stage_name"": ""cue"", ""planned_duration_ms"": 500, ""intended_onset_ms"": 186212.913, ""actual_onset_global_ms"": 186241.722, ""actual_offset_global_ms"": 186740.47, ""actual_duration_ms"": 498.748}, {""stage_name"": ""stimulus"", ""planned_duration_ms"": 3000, ""intended_onset_ms"": 186712.913, ""actual_onset_global_ms"": 186740.711, ""actual_offset_global_ms"": 188514.915, ""actual_duration_ms"": 1774.204}]",,,,,0,0,1,0,1,0.0,none,,,0.0,0.0,none,0.0,0.0,0.0,0.0,,,0.0,none,none,0.0,color,cue_color.wav,颜色,186241.962,500.0,186938.524,blue,boat,blue_boat,first,,color,2273.193,,,,,,,,,,,,,,
23,23_T1_20260520_152952,PA,T1,standard,hci_substudy_v2,1,telemetry_v4,dccs,2,mixed_formal,formal,1,2,14,formal,color,1779262192,60.0,2026-05-20T15:33:08.143,0,0,0,1,188528.196,188541.22,,,,,s,s,1,657.87,189814.628,none,,189128.196,189156.758,189814.628,3000,657.87,189814.628,"[{""stage_name"": ""fixation"", ""planned_duration_ms"": 100, ""intended_onset_ms"": 188528.196, ""actual_onset_global_ms"": 188541.22, ""actual_offset_global_ms"": 188657.096, ""actual_duration_ms"": 115.876}, {""stage_name"": ""cue"", ""planned_duration_ms"": 500, ""intended_onset_ms"": 188628.196, ""actual_onset_global_ms"": 188657.136, ""actual_offset_global_ms"": 189157.607, ""actual_duration_ms"": 500.471}, {""stage_name"": ""stimulus"", ""planned_duration_ms"": 3000, ""intended_onset_ms"": 189128.196, ""actual_onset_global_ms"": 189156.758, ""actual_offset_global_ms"": 189814.628, ""actual_duration_ms"": 657.87}]",,,,,0,0,1,0,1,0.0,none,,,0.0,0.0,none,0.0,0.0,0.0,0.0,,,0.0,none,none,0.0,color,cue_color.wav,颜色,188657.601,500.0,189354.163,blue,rabbit,blue_rabbit,repeat,color,color,1157.492,,,,,,,,,,,,,,
23,23_T1_20260520_152952,PA,T1,standard,hci_substudy_v2,1,telemetry_v4,dccs,2,mixed_formal,formal,1,3,15,formal,shape,1779262192,60.0,2026-05-20T15:33:09.443,0,0,0,1,189828.435,189840.285,,,,,j,s,0,1537.123,191993.976,none,,190428.435,190456.853,191993.976,3000,1537.123,191993.976,"[{""stage_name"": ""fixation"", ""planned_duration_ms"": 100, ""intended_onset_ms"": 189828.435, ""actual_onset_global_ms"": 189840.285, ""actual_offset_global_ms"": 189957.163, ""actual_duration_ms"": 116.878}, {""stage_name"": ""cue"", ""planned_duration_ms"": 500, ""intended_onset_ms"": 189928.435, ""actual_onset_global_ms"": 189957.748, ""actual_offset_global_ms"": 190456.78, ""actual_duration_ms"": 499.032}, {""stage_name"": ""stimulus"", ""planned_duration_ms"": 3000, ""intended_onset_ms"": 190428.435, ""actual_onset_global_ms"": 190456.853, ""actual_offset_global_ms"": 191993.976, ""actual_duration_ms"": 1537.123}]",,,,,0,0,0,0,1,0.0,none,,,0.0,0.0,none,0.0,0.0,0.0,0.0,,,0.0,none,none,0.0,shape,cue_shape.wav,形状,189957.984,500.0,190724.234,red,boat,red_boat,switch,color,shape,2036.228,,,,,,,,,,,,,,
23,23_T1_20260520_152952,PA,T1,standard,hci_substudy_v2,1,telemetry_v4,dccs,2,mixed_formal,formal,1,4,16,formal,shape,1779262192,60.0,2026-05-20T15:33:11.626,0,0,0,1,192011.474,192023.454,,,,,s,s,1,949.676,193590.485,none,,192611.474,192640.809,193590.485,3000,949.676,193590.485,"[{""stage_name"": ""fixation"", ""planned_duration_ms"": 100, ""intended_onset_ms"": 192011.474, ""actual_onset_global_ms"": 192023.454, ""actual_offset_global_ms"": 192140.361, ""actual_duration_ms"": 116.907}, {""stage_name"": ""cue"", ""planned_duration_ms"": 500, ""intended_onset_ms"": 192111.474, ""actual_onset_global_ms"": 192140.487, ""actual_offset_global_ms"": 192640.611, ""actual_duration_ms"": 500.124}, {""stage_name"": ""stimulus"", ""planned_duration_ms"": 3000, ""intended_onset_ms"": 192611.474, ""actual_onset_global_ms"": 192640.809, ""actual_offset_global_ms"": 193590.485, ""actual_duration_ms"": 949.676}]",,,,,0,0,1,0,1,0.0,none,,,0.0,0.0,none,0.0,0.0,0.0,0.0,,,0.0,none,none,0.0,shape,cue_shape.wav,形状,192141.016,500.0,192907.266,red,rabbit,red_rabbit,repeat,shape,shape,1449.998,,,,,,,,,,,,,,
23,23_T1_20260520_152952,PA,T1,standard,hci_substudy_v2,1,telemetry_v4,dccs,2,mixed_formal,formal,1,5,17,formal,color,1779262192,60.0,2026-05-20T15:33:13.210,0,0,0,1,193595.513,193606.904,,,,,s,j,0,926.548,195150.375,none,,194195.513,194223.827,195150.375,3000,926.548,195150.375,"[{""stage_name"": ""fixation"", ""planned_duration_ms"": 100, ""intended_onset_ms"": 193595.513, ""actual_onset_global_ms"": 193606.904, ""actual_offset_global_ms"": 193723.737, ""actual_duration_ms"": 116.833}, {""stage_name"": ""cue"", ""planned_duration_ms"": 500, ""intended_onset_ms"": 193695.513, ""actual_onset_global_ms"": 193723.849, ""actual_offset_global_ms"": 194223.713, ""actual_duration_ms"": 499.864}, {""stage_name"": ""stimulus"", ""planned_duration_ms"": 3000, ""intended_onset_ms"": 194195.513, ""actual_onset_global_ms"": 194223.827, ""actual_offset_global_ms"": 195150.375, ""actual_duration_ms"": 926.548}]",,,,,0,0,0,0,1,0.0,none,,,0.0,0.0,none,0.0,0.0,0.0,0.0,,,0.0,none,none,0.0,color,cue_color.wav,颜色,193724.087,500.0,194420.649,blue,boat,blue_boat,switch,shape,color,1426.526,,,,,,,,,,,,,,
23,23_T1_20260520_152952,PA,T1,standard,hci_substudy_v2,1,telemetry_v4,dccs,2,mixed_formal,formal,1,6,18,formal,color,1779262192,60.0,2026-05-20T15:33:14.777,0,0,0,1,195163.128,195174.179,,,,,j,j,1,2584.288,198374.825,none,,195763.128,195790.537,198374.825,3000,2584.288,198374.825,"[{""stage_name"": ""fixation"", ""planned_duration_ms"": 100, ""intended_onset_ms"": 195163.128, ""actual_onset_global_ms"": 195174.179, ""actual_offset_global_ms"": 195290.477, ""actual_duration_ms"": 116.298}, {""stage_name"": ""cue"", ""planned_duration_ms"": 500, ""intended_onset_ms"": 195263.128, ""actual_onset_global_ms"": 195290.941, ""actual_offset_global_ms"": 195790.439, ""actual_duration_ms"": 499.498}, {""stage_name"": ""stimulus"", ""planned_duration_ms"": 3000, ""intended_onset_ms"": 195763.128, ""actual_onset_global_ms"": 195790.537, ""actual_offset_global_ms"": 198374.825, ""actual_duration_ms"": 2584.288}]",,,,,0,0,1,0,1,0.0,none,,,0.0,0.0,none,0.0,0.0,0.0,0.0,,,0.0,none,none,0.0,color,cue_color.wav,颜色,195291.307,500.0,195987.87,red,boat,red_boat,repeat,color,color,3083.884,,,,,,,,,,,,,,
23,23_T1_20260520_152952,PA,T1,standard,hci_substudy_v2,1,telemetry_v4,dccs,2,mixed_formal,formal,1,7,19,formal,color,1779262192,60.0,2026-05-20T15:33:18.010,0,0,0,1,198395.923,198407.357,,,,,s,j,0,918.733,199942.407,none,,198995.923,199023.674,199942.407,3000,918.733,199942.407,"[{""stage_name"": ""fixation"", ""planned_duration_ms"": 100, ""intended_onset_ms"": 198395.923, ""actual_onset_global_ms"": 198407.357, ""actual_offset_global_ms"": 198524.73, ""actual_duration_ms"": 117.373}, {""stage_name"": ""cue"", ""planned_duration_ms"": 500, ""intended_onset_ms"": 198495.923, ""actual_onset_global_ms"": 198524.224, ""actual_offset_global_ms"": 199023.671, ""actual_duration_ms"": 499.447}, {""stage_name"": ""stimulus"", ""planned_duration_ms"": 3000, ""intended_onset_ms"": 198995.923, ""actual_onset_global_ms"": 199023.674, ""actual_offset_global_ms"": 199942.407, ""actual_duration_ms"": 918.733}]",,,,,0,0,0,0,1,0.0,none,,,0.0,0.0,none,0.0,0.0,0.0,0.0,,,0.0,none,none,0.0,color,cue_color.wav,颜色,198524.469,500.0,199221.032,blue,boat,blue_boat,repeat,color,color,1418.183,,,,,,,,,,,,,,
23,23_T1_20260520_152952,PA,T1,standard,hci_substudy_v2,1,telemetry_v4,dccs,2,mixed_formal,formal,1,8,20,formal,shape,1779262192,60.0,2026-05-20T15:33:19.577,0,0,0,1,199962.599,199973.74,,,,,j,j,1,3475.985,204066.409,none,,200562.599,200590.424,204066.409,3000,3475.985,204066.409,"[{""stage_name"": ""fixation"", ""planned_duration_ms"": 100, ""intended_onset_ms"": 199962.599, ""actual_onset_global_ms"": 199973.74, ""actual_offset_global_ms"": 200090.355, ""actual_duration_ms"": 116.615}, {""stage_name"": ""cue"", ""planned_duration_ms"": 500, ""intended_onset_ms"": 200062.599, ""actual_onset_global_ms"": 200090.356, ""actual_offset_global_ms"": 200590.431, ""actual_duration_ms"": 500.075}, {""stage_name"": ""stimulus"", ""planned_duration_ms"": 3000, ""intended_onset_ms"": 200562.599, ""actual_onset_global_ms"": 200590.424, ""actual_offset_global_ms"": 204066.409, ""actual_duration_ms"": 3475.985}]",,,,,0,1,0,0,1,0.0,none,,,0.0,0.0,none,0.0,0.0,0.0,0.0,,,0.0,none,none,0.0,shape,cue_shape.wav,形状,200090.749,500.0,200856.999,blue,boat,blue_boat,switch,color,shape,3976.053,,,,,,,,,,,,,,
23,23_T1_20260520_152952,PA,T1,standard,hci_substudy_v2,1,telemetry_v4,dccs,2,mixed_formal,formal,1,9,21,formal,color,1779262192,60.0,2026-05-20T15:33:23.694,0,0,0,1,204079.738,204091.879,,,,,j,j,1,1603.632,206310.784,none,,204679.738,204707.152,206310.784,3000,1603.632,206310.784,"[{""stage_name"": ""fixation"", ""planned_duration_ms"": 100, ""intended_onset_ms"": 204079.738, ""actual_onset_global_ms"": 204091.879, ""actual_offset_global_ms"": 204207.981, ""actual_duration_ms"": 116.102}, {""stage_name"": ""cue"", ""planned_duration_ms"": 500, ""intended_onset_ms"": 204179.738, ""actual_onset_global_ms"": 204207.336, ""actual_offset_global_ms"": 204708.018, ""actual_duration_ms"": 500.682}, {""stage_name"": ""stimulus"", ""planned_duration_ms"": 3000, ""intended_onset_ms"": 204679.738, ""actual_onset_global_ms"": 204707.152, ""actual_offset_global_ms"": 206310.784, ""actual_duration_ms"": 1603.632}]",,,,,0,0,1,0,1,0.0,none,,,0.0,0.0,none,0.0,0.0,0.0,0.0,,,0.0,none,none,0.0,color,cue_color.wav,颜色,204207.674,500.0,204904.236,red,rabbit,red_rabbit,switch,shape,color,2103.448,,,,,,,,,,,,,,
23,23_T1_20260520_152952,PA,T1,standard,hci_substudy_v2,1,telemetry_v4,dccs,2,mixed_formal,formal,1,10,22,formal,shape,1779262192,60.0,2026-05-20T15:33:25.944,0,0,0,1,206329.167,206341.862,,,,,j,j,1,3029.739,209986.8,none,,206929.167,206957.061,209986.8,3000,3029.739,209986.8,"[{""stage_name"": ""fixation"", ""planned_duration_ms"": 100, ""intended_onset_ms"": 206329.167, ""actual_onset_global_ms"": 206341.862, ""actual_offset_global_ms"": 206457.099, ""actual_duration_ms"": 115.237}, {""stage_name"": ""cue"", ""planned_duration_ms"": 500, ""intended_onset_ms"": 206429.167, ""actual_onset_global_ms"": 206457.459, ""actual_offset_global_ms"": 206957.19, ""actual_duration_ms"": 499.731}, {""stage_name"": ""stimulus"", ""planned_duration_ms"": 3000, ""intended_onset_ms"": 206929.167, ""actual_onset_global_ms"": 206957.061, ""actual_offset_global_ms"": 209986.8, ""actual_duration_ms"": 3029.739}]",,,,,0,1,0,0,1,0.0,none,,,0.0,0.0,none,0.0,0.0,0.0,0.0,,,0.0,none,none,0.0,shape,cue_shape.wav,形状,206457.667,500.0,207223.917,red,boat,red_boat,switch,color,shape,3529.341,,,,,,,,,,,,,,
23,23_T1_20260520_152952,PA,T1,standard,hci_substudy_v2,1,telemetry_v4,dccs,2,mixed_formal,formal,1,11,23,formal,color,1779262192,60.0,2026-05-20T15:33:29.609,0,0,0,1,209994.812,210007.454,,,,,s,s,1,1574.699,212199.285,none,,210594.812,210624.586,212199.285,3000,1574.699,212199.285,"[{""stage_name"": ""fixation"", ""planned_duration_ms"": 100, ""intended_onset_ms"": 209994.812, ""actual_onset_global_ms"": 210007.454, ""actual_offset_global_ms"": 210123.756, ""actual_duration_ms"": 116.302}, {""stage_name"": ""cue"", ""planned_duration_ms"": 500, ""intended_onset_ms"": 210094.812, ""actual_onset_global_ms"": 210124.387, ""actual_offset_global_ms"": 210623.843, ""actual_duration_ms"": 499.456}, {""stage_name"": ""stimulus"", ""planned_duration_ms"": 3000, ""intended_onset_ms"": 210594.812, ""actual_onset_global_ms"": 210624.586, ""actual_offset_global_ms"": 212199.285, ""actual_duration_ms"": 1574.699}]",,,,,0,0,1,0,1,0.0,none,,,0.0,0.0,none,0.0,0.0,0.0,0.0,,,0.0,none,none,0.0,color,cue_color.wav,颜色,210124.778,500.0,210821.34,blue,rabbit,blue_rabbit,switch,shape,color,2074.898,,,,,,,,,,,,,,
23,23_T1_20260520_152952,PA,T1,standard,hci_substudy_v2,1,telemetry_v4,dccs,2,mixed_formal,formal,1,12,24,formal,color,1779262192,60.0,2026-05-20T15:33:31.827,0,0,0,1,212211.971,212223.524,,,,,s,s,1,554.493,213394.893,none,,212811.971,212840.4,213394.893,3000,554.493,213394.893,"[{""stage_name"": ""fixation"", ""planned_duration_ms"": 100, ""intended_onset_ms"": 212211.971, ""actual_onset_global_ms"": 212223.524, ""actual_offset_global_ms"": 212340.225, ""actual_duration_ms"": 116.701}, {""stage_name"": ""cue"", ""planned_duration_ms"": 500, ""intended_onset_ms"": 212311.971, ""actual_onset_global_ms"": 212340.554, ""actual_offset_global_ms"": 212840.76, ""actual_duration_ms"": 500.206}, {""stage_name"": ""stimulus"", ""planned_duration_ms"": 3000, ""intended_onset_ms"": 212811.971, ""actual_onset_global_ms"": 212840.4, ""actual_offset_global_ms"": 213394.893, ""actual_duration_ms"": 554.493}]",,,,,0,0,1,0,1,0.0,none,,,0.0,0.0,none,0.0,0.0,0.0,0.0,,,0.0,none,none,0.0,color,cue_color.wav,颜色,212340.792,500.0,213037.354,blue,rabbit,blue_rabbit,repeat,color,color,1054.339,,,,,,,,,,,,,,
23,23_T1_20260520_152952,PA,T1,standard,hci_substudy_v2,1,telemetry_v4,dccs,2,mixed_formal,formal,1,13,25,formal,shape,1779262192,60.0,2026-05-20T15:33:33.027,0,0,0,1,213411.914,213425.171,,,,,s,j,0,2625.209,216667.041,none,,214011.914,214041.832,216667.041,3000,2625.209,216667.041,"[{""stage_name"": ""fixation"", ""planned_duration_ms"": 100, ""intended_onset_ms"": 213411.914, ""actual_onset_global_ms"": 213425.171, ""actual_offset_global_ms"": 213541.003, ""actual_duration_ms"": 115.832}, {""stage_name"": ""cue"", ""planned_duration_ms"": 500, ""intended_onset_ms"": 213511.914, ""actual_onset_global_ms"": 213540.568, ""actual_offset_global_ms"": 214041.03, ""actual_duration_ms"": 500.462}, {""stage_name"": ""stimulus"", ""planned_duration_ms"": 3000, ""intended_onset_ms"": 214011.914, ""actual_onset_global_ms"": 214041.832, ""actual_offset_global_ms"": 216667.041, ""actual_duration_ms"": 2625.209}]",,,,,0,0,0,0,1,0.0,none,,,0.0,0.0,none,0.0,0.0,0.0,0.0,,,0.0,none,none,0.0,shape,cue_shape.wav,形状,213540.991,500.0,214307.241,red,rabbit,red_rabbit,switch,color,shape,3126.473,,,,,,,,,,,,,,
23,23_T1_20260520_152952,PA,T1,standard,hci_substudy_v2,1,telemetry_v4,dccs,2,mixed_formal,formal,1,14,26,formal,shape,1779262192,60.0,2026-05-20T15:33:36.293,0,0,0,1,216679.027,216691.378,,,,,j,j,1,1703.57,219010.983,none,,217279.027,217307.413,219010.983,3000,1703.57,219010.983,"[{""stage_name"": ""fixation"", ""planned_duration_ms"": 100, ""intended_onset_ms"": 216679.027, ""actual_onset_global_ms"": 216691.378, ""actual_offset_global_ms"": 216807.256, ""actual_duration_ms"": 115.878}, {""stage_name"": ""cue"", ""planned_duration_ms"": 500, ""intended_onset_ms"": 216779.027, ""actual_onset_global_ms"": 216807.37, ""actual_offset_global_ms"": 217307.305, ""actual_duration_ms"": 499.935}, {""stage_name"": ""stimulus"", ""planned_duration_ms"": 3000, ""intended_onset_ms"": 217279.027, ""actual_onset_global_ms"": 217307.413, ""actual_offset_global_ms"": 219010.983, ""actual_duration_ms"": 1703.57}]",,,,,0,0,1,0,1,0.0,none,,,0.0,0.0,none,0.0,0.0,0.0,0.0,,,0.0,none,none,0.0,shape,cue_shape.wav,形状,216807.662,500.0,217573.912,blue,boat,blue_boat,repeat,shape,shape,2203.613,,,,,,,,,,,,,,
23,23_T1_20260520_152952,PA,T1,standard,hci_substudy_v2,1,telemetry_v4,dccs,2,mixed_formal,formal,1,15,27,formal,color,1779262192,60.0,2026-05-20T15:33:38.644,0,0,0,1,219028.86,219040.577,,,,,s,j,0,1249.418,220907.362,none,,219628.86,219657.944,220907.362,3000,1249.418,220907.362,"[{""stage_name"": ""fixation"", ""planned_duration_ms"": 100, ""intended_onset_ms"": 219028.86, ""actual_onset_global_ms"": 219040.577, ""actual_offset_global_ms"": 219157.339, ""actual_duration_ms"": 116.762}, {""stage_name"": ""cue"", ""planned_duration_ms"": 500, ""intended_onset_ms"": 219128.86, ""actual_onset_global_ms"": 219157.429, ""actual_offset_global_ms"": 219656.853, ""actual_duration_ms"": 499.424}, {""stage_name"": ""stimulus"", ""planned_duration_ms"": 3000, ""intended_onset_ms"": 219628.86, ""actual_onset_global_ms"": 219657.944, ""actual_offset_global_ms"": 220907.362, ""actual_duration_ms"": 1249.418}]",,,,,0,0,0,0,1,0.0,none,,,0.0,0.0,none,0.0,0.0,0.0,0.0,,,0.0,none,none,0.0,color,cue_color.wav,颜色,219157.798,500.0,219854.361,blue,boat,blue_boat,switch,shape,color,1749.933,,,,,,,,,,,,,,
23,23_T1_20260520_152952,PA,T1,standard,hci_substudy_v2,1,telemetry_v4,dccs,2,mixed_formal,formal,1,16,28,formal,color,1779262192,60.0,2026-05-20T15:33:40.543,0,0,0,1,220927.92,220940.559,,,,,j,j,1,3581.903,225139.177,none,,221527.92,221557.274,225139.177,3000,3581.903,225139.177,"[{""stage_name"": ""fixation"", ""planned_duration_ms"": 100, ""intended_onset_ms"": 220927.92, ""actual_onset_global_ms"": 220940.559, ""actual_offset_global_ms"": 221057.387, ""actual_duration_ms"": 116.828}, {""stage_name"": ""cue"", ""planned_duration_ms"": 500, ""intended_onset_ms"": 221027.92, ""actual_onset_global_ms"": 221057.535, ""actual_offset_global_ms"": 221557.585, ""actual_duration_ms"": 500.05}, {""stage_name"": ""stimulus"", ""planned_duration_ms"": 3000, ""intended_onset_ms"": 221527.92, ""actual_onset_global_ms"": 221557.274, ""actual_offset_global_ms"": 225139.177, ""actual_duration_ms"": 3581.903}]",,,,,0,1,0,0,1,0.0,none,,,0.0,0.0,none,0.0,0.0,0.0,0.0,,,0.0,none,none,0.0,color,cue_color.wav,颜色,221058.017,500.0,221754.579,red,rabbit,red_rabbit,repeat,color,color,4081.642,,,,,,,,,,,,,,
23,23_T1_20260520_152952,PA,T1,standard,hci_substudy_v2,1,telemetry_v4,dccs,2,mixed_formal,formal,1,17,29,formal,color,1779262192,60.0,2026-05-20T15:33:44.761,0,0,0,1,225146.047,225157.393,,,,,j,j,1,830.21,226604.317,none,,225746.047,225774.107,226604.317,3000,830.21,226604.317,"[{""stage_name"": ""fixation"", ""planned_duration_ms"": 100, ""intended_onset_ms"": 225146.047, ""actual_onset_global_ms"": 225157.393, ""actual_offset_global_ms"": 225273.772, ""actual_duration_ms"": 116.379}, {""stage_name"": ""cue"", ""planned_duration_ms"": 500, ""intended_onset_ms"": 225246.047, ""actual_onset_global_ms"": 225274.7, ""actual_offset_global_ms"": 225774.782, ""actual_duration_ms"": 500.082}, {""stage_name"": ""stimulus"", ""planned_duration_ms"": 3000, ""intended_onset_ms"": 225746.047, ""actual_onset_global_ms"": 225774.107, ""actual_offset_global_ms"": 226604.317, ""actual_duration_ms"": 830.21}]",,,,,0,0,1,0,1,0.0,none,,,0.0,0.0,none,0.0,0.0,0.0,0.0,,,0.0,none,none,0.0,color,cue_color.wav,颜色,225275.091,500.0,225971.653,red,rabbit,red_rabbit,repeat,color,color,1329.617,,,,,,,,,,,,,,
23,23_T1_20260520_152952,PA,T1,standard,hci_substudy_v2,1,telemetry_v4,dccs,2,mixed_formal,formal,1,18,30,formal,shape,1779262192,60.0,2026-05-20T15:33:46.227,0,0,0,1,226612.228,226626.369,,,,,j,j,1,969.078,228210.978,none,,227212.228,227241.9,228210.978,3000,969.078,228210.978,"[{""stage_name"": ""fixation"", ""planned_duration_ms"": 100, ""intended_onset_ms"": 226612.228, ""actual_onset_global_ms"": 226626.369, ""actual_offset_global_ms"": 226741.267, ""actual_duration_ms"": 114.898}, {""stage_name"": ""cue"", ""planned_duration_ms"": 500, ""intended_onset_ms"": 226712.228, ""actual_onset_global_ms"": 226741.061, ""actual_offset_global_ms"": 227240.679, ""actual_duration_ms"": 499.618}, {""stage_name"": ""stimulus"", ""planned_duration_ms"": 3000, ""intended_onset_ms"": 227212.228, ""actual_onset_global_ms"": 227241.9, ""actual_offset_global_ms"": 228210.978, ""actual_duration_ms"": 969.078}]",,,,,0,0,1,0,1,0.0,none,,,0.0,0.0,none,0.0,0.0,0.0,0.0,,,0.0,none,none,0.0,shape,cue_shape.wav,形状,226741.407,500.0,227507.657,red,boat,red_boat,switch,color,shape,1469.917,,,,,,,,,,,,,,
23,23_T1_20260520_152952,PA,T1,standard,hci_substudy_v2,1,telemetry_v4,dccs,2,mixed_formal,formal,1,19,31,formal,shape,1779262192,60.0,2026-05-20T15:33:47.844,0,0,0,1,228229.234,228241.788,,,,,s,j,0,720.977,229579.29,none,,228829.234,228858.313,229579.29,3000,720.977,229579.29,"[{""stage_name"": ""fixation"", ""planned_duration_ms"": 100, ""intended_onset_ms"": 228229.234, ""actual_onset_global_ms"": 228241.788, ""actual_offset_global_ms"": 228357.221, ""actual_duration_ms"": 115.433}, {""stage_name"": ""cue"", ""planned_duration_ms"": 500, ""intended_onset_ms"": 228329.234, ""actual_onset_global_ms"": 228358.019, ""actual_offset_global_ms"": 228857.134, ""actual_duration_ms"": 499.115}, {""stage_name"": ""stimulus"", ""planned_duration_ms"": 3000, ""intended_onset_ms"": 228829.234, ""actual_onset_global_ms"": 228858.313, ""actual_offset_global_ms"": 229579.29, ""actual_duration_ms"": 720.977}]",,,,,0,0,0,0,1,0.0,none,,,0.0,0.0,none,0.0,0.0,0.0,0.0,,,0.0,none,none,0.0,shape,cue_shape.wav,形状,228358.388,500.0,229124.638,red,rabbit,red_rabbit,repeat,shape,shape,1221.271,,,,,,,,,,,,,,
23,23_T1_20260520_152952,PA,T1,standard,hci_substudy_v2,1,telemetry_v4,dccs,2,mixed_formal,formal,1,20,32,formal,color,1779262192,60.0,2026-05-20T15:33:49.211,0,0,0,1,229596.24,229607.83,,,,,j,j,1,3798.726,234023.286,none,,230196.24,230224.56,234023.286,3000,3798.726,234023.286,"[{""stage_name"": ""fixation"", ""planned_duration_ms"": 100, ""intended_onset_ms"": 229596.24, ""actual_onset_global_ms"": 229607.83, ""actual_offset_global_ms"": 229724.66, ""actual_duration_ms"": 116.83}, {""stage_name"": ""cue"", ""planned_duration_ms"": 500, ""intended_onset_ms"": 229696.24, ""actual_onset_global_ms"": 229724.027, ""actual_offset_global_ms"": 230225.156, ""actual_duration_ms"": 501.129}, {""stage_name"": ""stimulus"", ""planned_duration_ms"": 3000, ""intended_onset_ms"": 230196.24, ""actual_onset_global_ms"": 230224.56, ""actual_offset_global_ms"": 234023.286, ""actual_duration_ms"": 3798.726}]",,,,,0,1,0,0,1,0.0,none,,,0.0,0.0,none,0.0,0.0,0.0,0.0,,,0.0,none,none,0.0,color,cue_color.wav,颜色,229724.408,500.0,230420.97,red,boat,red_boat,switch,shape,color,4299.259,,,,,,,,,,,,,,
23,23_T1_20260520_152952,PA,T1,standard,hci_substudy_v2,1,telemetry_v4,dccs,2,mixed_formal,formal,1,21,33,formal,shape,1779262192,60.0,2026-05-20T15:33:53.642,0,0,0,1,234028.037,234040.585,,,,,s,s,1,2058.304,236715.595,none,,234628.037,234657.291,236715.595,3000,2058.304,236715.595,"[{""stage_name"": ""fixation"", ""planned_duration_ms"": 100, ""intended_onset_ms"": 234028.037, ""actual_onset_global_ms"": 234040.585, ""actual_offset_global_ms"": 234158.069, ""actual_duration_ms"": 117.484}, {""stage_name"": ""cue"", ""planned_duration_ms"": 500, ""intended_onset_ms"": 234128.037, ""actual_onset_global_ms"": 234157.626, ""actual_offset_global_ms"": 234657.27, ""actual_duration_ms"": 499.644}, {""stage_name"": ""stimulus"", ""planned_duration_ms"": 3000, ""intended_onset_ms"": 234628.037, ""actual_onset_global_ms"": 234657.291, ""actual_offset_global_ms"": 236715.595, ""actual_duration_ms"": 2058.304}]",,,,,0,0,1,0,1,0.0,none,,,0.0,0.0,none,0.0,0.0,0.0,0.0,,,0.0,none,none,0.0,shape,cue_shape.wav,形状,234158.403,500.0,234924.653,blue,rabbit,blue_rabbit,switch,color,shape,2557.969,,,,,,,,,,,,,,
23,23_T1_20260520_152952,PA,T1,standard,hci_substudy_v2,1,telemetry_v4,dccs,2,mixed_formal,formal,1,22,34,formal,color,1779262192,60.0,2026-05-20T15:33:56.343,0,0,0,1,236728.846,236740.562,,,,,j,j,1,1173.654,238531.441,none,,237328.846,237357.787,238531.441,3000,1173.654,238531.441,"[{""stage_name"": ""fixation"", ""planned_duration_ms"": 100, ""intended_onset_ms"": 236728.846, ""actual_onset_global_ms"": 236740.562, ""actual_offset_global_ms"": 236857.884, ""actual_duration_ms"": 117.322}, {""stage_name"": ""cue"", ""planned_duration_ms"": 500, ""intended_onset_ms"": 236828.846, ""actual_onset_global_ms"": 236857.857, ""actual_offset_global_ms"": 237357.414, ""actual_duration_ms"": 499.557}, {""stage_name"": ""stimulus"", ""planned_duration_ms"": 3000, ""intended_onset_ms"": 237328.846, ""actual_onset_global_ms"": 237357.787, ""actual_offset_global_ms"": 238531.441, ""actual_duration_ms"": 1173.654}]",,,,,0,0,1,0,1,0.0,none,,,0.0,0.0,none,0.0,0.0,0.0,0.0,,,0.0,none,none,0.0,color,cue_color.wav,颜色,236858.304,500.0,237554.867,red,boat,red_boat,switch,shape,color,1673.584,,,,,,,,,,,,,,
23,23_T1_20260520_152952,PA,T1,standard,hci_substudy_v2,1,telemetry_v4,dccs,2,mixed_formal,formal,1,23,35,formal,shape,1779262192,60.0,2026-05-20T15:33:58.161,0,0,0,1,238546.236,238558.018,,,,,s,s,1,1741.38,240915.682,none,,239146.236,239174.302,240915.682,3000,1741.38,240915.682,"[{""stage_name"": ""fixation"", ""planned_duration_ms"": 100, ""intended_onset_ms"": 238546.236, ""actual_onset_global_ms"": 238558.018, ""actual_offset_global_ms"": 238674.863, ""actual_duration_ms"": 116.845}, {""stage_name"": ""cue"", ""planned_duration_ms"": 500, ""intended_onset_ms"": 238646.236, ""actual_onset_global_ms"": 238674.04, ""actual_offset_global_ms"": 239174.028, ""actual_duration_ms"": 499.988}, {""stage_name"": ""stimulus"", ""planned_duration_ms"": 3000, ""intended_onset_ms"": 239146.236, ""actual_onset_global_ms"": 239174.302, ""actual_offset_global_ms"": 240915.682, ""actual_duration_ms"": 1741.38}]",,,,,0,0,1,0,1,0.0,none,,,0.0,0.0,none,0.0,0.0,0.0,0.0,,,0.0,none,none,0.0,shape,cue_shape.wav,形状,238674.218,500.0,239440.468,blue,rabbit,blue_rabbit,switch,color,shape,2241.642,,,,,,,,,,,,,,
23,23_T1_20260520_152952,PA,T1,standard,hci_substudy_v2,1,telemetry_v4,dccs,2,mixed_formal,formal,1,24,36,formal,shape,1779262192,60.0,2026-05-20T15:34:00.543,0,0,0,1,240929.232,240941.023,,,,,j,j,1,1037.135,242595.388,none,,241529.232,241558.253,242595.388,3000,1037.135,242595.388,"[{""stage_name"": ""fixation"", ""planned_duration_ms"": 100, ""intended_onset_ms"": 240929.232, ""actual_onset_global_ms"": 240941.023, ""actual_offset_global_ms"": 241057.801, ""actual_duration_ms"": 116.778}, {""stage_name"": ""cue"", ""planned_duration_ms"": 500, ""intended_onset_ms"": 241029.232, ""actual_onset_global_ms"": 241057.974, ""actual_offset_global_ms"": 241557.436, ""actual_duration_ms"": 499.462}, {""stage_name"": ""stimulus"", ""planned_duration_ms"": 3000, ""intended_onset_ms"": 241529.232, ""actual_onset_global_ms"": 241558.253, ""actual_offset_global_ms"": 242595.388, ""actual_duration_ms"": 1037.135}]",,,,,0,0,1,0,1,0.0,none,,,0.0,0.0,none,0.0,0.0,0.0,0.0,,,0.0,none,none,0.0,shape,cue_shape.wav,形状,241058.192,500.0,241824.442,red,boat,red_boat,repeat,shape,shape,1537.414,,,,,,,,,,,,,,
23,23_T1_20260520_152952,PA,T1,standard,hci_substudy_v2,1,telemetry_v4,dccs,2,mixed_formal,formal,1,25,37,formal,shape,1779262192,60.0,2026-05-20T15:34:02.226,0,0,0,1,242611.75,242624.063,,,,,s,s,1,1478.025,244719.434,none,,243211.75,243241.409,244719.434,3000,1478.025,244719.434,"[{""stage_name"": ""fixation"", ""planned_duration_ms"": 100, ""intended_onset_ms"": 242611.75, ""actual_onset_global_ms"": 242624.063, ""actual_offset_global_ms"": 242741.147, ""actual_duration_ms"": 117.084}, {""stage_name"": ""cue"", ""planned_duration_ms"": 500, ""intended_onset_ms"": 242711.75, ""actual_onset_global_ms"": 242741.516, ""actual_offset_global_ms"": 243241.195, ""actual_duration_ms"": 499.679}, {""stage_name"": ""stimulus"", ""planned_duration_ms"": 3000, ""intended_onset_ms"": 243211.75, ""actual_onset_global_ms"": 243241.409, ""actual_offset_global_ms"": 244719.434, ""actual_duration_ms"": 1478.025}]",,,,,0,0,1,0,1,0.0,none,,,0.0,0.0,none,0.0,0.0,0.0,0.0,,,0.0,none,none,0.0,shape,cue_shape.wav,形状,242741.899,500.0,243508.149,blue,rabbit,blue_rabbit,repeat,shape,shape,1977.918,,,,,,,,,,,,,,
23,23_T1_20260520_152952,PA,T1,standard,hci_substudy_v2,1,telemetry_v4,dccs,2,mixed_formal,formal,1,26,38,formal,color,1779262192,60.0,2026-05-20T15:34:04.344,0,0,0,1,244729.347,244740.448,,,,,j,j,1,1301.3,246659.635,none,,245329.347,245358.335,246659.635,3000,1301.3,246659.635,"[{""stage_name"": ""fixation"", ""planned_duration_ms"": 100, ""intended_onset_ms"": 244729.347, ""actual_onset_global_ms"": 244740.448, ""actual_offset_global_ms"": 244857.57, ""actual_duration_ms"": 117.122}, {""stage_name"": ""cue"", ""planned_duration_ms"": 500, ""intended_onset_ms"": 244829.347, ""actual_onset_global_ms"": 244857.568, ""actual_offset_global_ms"": 245358.266, ""actual_duration_ms"": 500.698}, {""stage_name"": ""stimulus"", ""planned_duration_ms"": 3000, ""intended_onset_ms"": 245329.347, ""actual_onset_global_ms"": 245358.335, ""actual_offset_global_ms"": 246659.635, ""actual_duration_ms"": 1301.3}]",,,,,0,0,1,0,1,0.0,none,,,0.0,0.0,none,0.0,0.0,0.0,0.0,,,0.0,none,none,0.0,color,cue_color.wav,颜色,244857.874,500.0,245554.437,red,boat,red_boat,switch,shape,color,1802.067,,,,,,,,,,,,,,
23,23_T1_20260520_152952,PA,T1,standard,hci_substudy_v2,1,telemetry_v4,dccs,2,mixed_formal,formal,1,27,39,formal,shape,1779262192,60.0,2026-05-20T15:34:06.294,0,0,0,1,246679.263,246691.184,,,,,s,s,1,1419.459,248727.653,none,,247279.263,247308.194,248727.653,3000,1419.459,248727.653,"[{""stage_name"": ""fixation"", ""planned_duration_ms"": 100, ""intended_onset_ms"": 246679.263, ""actual_onset_global_ms"": 246691.184, ""actual_offset_global_ms"": 246807.614, ""actual_duration_ms"": 116.43}, {""stage_name"": ""cue"", ""planned_duration_ms"": 500, ""intended_onset_ms"": 246779.263, ""actual_onset_global_ms"": 246807.671, ""actual_offset_global_ms"": 247307.568, ""actual_duration_ms"": 499.897}, {""stage_name"": ""stimulus"", ""planned_duration_ms"": 3000, ""intended_onset_ms"": 247279.263, ""actual_onset_global_ms"": 247308.194, ""actual_offset_global_ms"": 248727.653, ""actual_duration_ms"": 1419.459}]",,,,,0,0,1,0,1,0.0,none,,,0.0,0.0,none,0.0,0.0,0.0,0.0,,,0.0,none,none,0.0,shape,cue_shape.wav,形状,246808.133,500.0,247574.383,red,rabbit,red_rabbit,switch,color,shape,1919.982,,,,,,,,,,,,,,
23,23_T1_20260520_152952,PA,T1,standard,hci_substudy_v2,1,telemetry_v4,dccs,2,mixed_formal,formal,1,28,40,formal,shape,1779262192,60.0,2026-05-20T15:34:08.360,0,0,0,1,248745.055,248757.24,,,,,j,j,1,721.731,250096.005,none,,249345.055,249374.274,250096.005,3000,721.731,250096.005,"[{""stage_name"": ""fixation"", ""planned_duration_ms"": 100, ""intended_onset_ms"": 248745.055, ""actual_onset_global_ms"": 248757.24, ""actual_offset_global_ms"": 248874.259, ""actual_duration_ms"": 117.019}, {""stage_name"": ""cue"", ""planned_duration_ms"": 500, ""intended_onset_ms"": 248845.055, ""actual_onset_global_ms"": 248874.121, ""actual_offset_global_ms"": 249374.237, ""actual_duration_ms"": 500.116}, {""stage_name"": ""stimulus"", ""planned_duration_ms"": 3000, ""intended_onset_ms"": 249345.055, ""actual_onset_global_ms"": 249374.274, ""actual_offset_global_ms"": 250096.005, ""actual_duration_ms"": 721.731}]",,,,,0,0,1,0,1,0.0,none,,,0.0,0.0,none,0.0,0.0,0.0,0.0,,,0.0,none,none,0.0,shape,cue_shape.wav,形状,248874.374,500.0,249640.624,blue,boat,blue_boat,repeat,shape,shape,1221.884,,,,,,,,,,,,,,
23,23_T1_20260520_152952,PA,T1,standard,hci_substudy_v2,1,telemetry_v4,dccs,2,mixed_formal,formal,1,29,41,formal,shape,1779262192,60.0,2026-05-20T15:34:09.729,0,0,0,1,250115.021,250133.136,,,,,s,s,1,1462.202,252203.72,none,,250715.021,250741.518,252203.72,3000,1462.202,252203.72,"[{""stage_name"": ""fixation"", ""planned_duration_ms"": 100, ""intended_onset_ms"": 250115.021, ""actual_onset_global_ms"": 250133.136, ""actual_offset_global_ms"": 250241.236, ""actual_duration_ms"": 108.1}, {""stage_name"": ""cue"", ""planned_duration_ms"": 500, ""intended_onset_ms"": 250215.021, ""actual_onset_global_ms"": 250241.806, ""actual_offset_global_ms"": 250740.824, ""actual_duration_ms"": 499.018}, {""stage_name"": ""stimulus"", ""planned_duration_ms"": 3000, ""intended_onset_ms"": 250715.021, ""actual_onset_global_ms"": 250741.518, ""actual_offset_global_ms"": 252203.72, ""actual_duration_ms"": 1462.202}]",,,,,0,0,1,0,1,0.0,none,,,0.0,0.0,none,0.0,0.0,0.0,0.0,,,0.0,none,none,0.0,shape,cue_shape.wav,形状,250242.147,500.0,251008.397,blue,rabbit,blue_rabbit,repeat,shape,shape,1961.914,,,,,,,,,,,,,,
23,23_T1_20260520_152952,PA,T1,standard,hci_substudy_v2,1,telemetry_v4,dccs,2,mixed_formal,formal,1,30,42,formal,color,1779262192,60.0,2026-05-20T15:34:11.828,0,0,0,1,252213.565,252226.492,,,,,s,s,1,2790.761,255631.92,none,,252813.565,252841.159,255631.92,3000,2790.761,255631.92,"[{""stage_name"": ""fixation"", ""planned_duration_ms"": 100, ""intended_onset_ms"": 252213.565, ""actual_onset_global_ms"": 252226.492, ""actual_offset_global_ms"": 252341.289, ""actual_duration_ms"": 114.797}, {""stage_name"": ""cue"", ""planned_duration_ms"": 500, ""intended_onset_ms"": 252313.565, ""actual_onset_global_ms"": 252340.781, ""actual_offset_global_ms"": 252841.094, ""actual_duration_ms"": 500.313}, {""stage_name"": ""stimulus"", ""planned_duration_ms"": 3000, ""intended_onset_ms"": 252813.565, ""actual_onset_global_ms"": 252841.159, ""actual_offset_global_ms"": 255631.92, ""actual_duration_ms"": 2790.761}]",,,,,0,0,1,0,1,0.0,none,,,0.0,0.0,none,0.0,0.0,0.0,0.0,,,0.0,none,none,0.0,color,cue_color.wav,颜色,252341.178,500.0,253037.741,blue,rabbit,blue_rabbit,switch,shape,color,3291.139,,,,,,,,,,,,,,
23,23_T1_20260520_152952,PA,T1,standard,hci_substudy_v2,1,telemetry_v4,change_detection,4,formal_cd,formal,1,1,9,formal,N1_same,1779262192,60.0,2026-05-20T15:38:36.547,0,0,0,1,516933.18,516943.377,,,,,s,,0,3292.146,,,,520533.18,520584.784,523898.423,4000,3313.639,523898.423,"[{""stage_name"": ""fixation"", ""planned_duration_ms"": 100, ""intended_onset_ms"": 516933.18, ""actual_onset_global_ms"": 516943.377, ""actual_offset_global_ms"": 517053.241, ""actual_duration_ms"": 109.864}, {""stage_name"": ""memory_array"", ""planned_duration_ms"": 2500, ""intended_onset_ms"": 517033.18, ""actual_onset_global_ms"": 517058.812, ""actual_offset_global_ms"": 519571.021, ""actual_duration_ms"": 2512.209}, {""stage_name"": ""delay"", ""planned_duration_ms"": 1000, ""intended_onset_ms"": 519571.021, ""actual_onset_global_ms"": 519565.383, ""actual_offset_global_ms"": 520579.709, ""actual_duration_ms"": 1014.326}, {""stage_name"": ""test_array"", ""planned_duration_ms"": 4000, ""intended_onset_ms"": 520579.709, ""actual_onset_global_ms"": 520584.784, ""actual_offset_global_ms"": 523898.423, ""actual_duration_ms"": 3313.639}]",,,,,0,1,0,0,1,,,,,,,,,,,,,,,,,,,,,,,,,,,,,,,1.0,same,0.0,"[-227.78, 200.52]","[[-227.78, 200.52]]","[""purple""]","[""purple""]",purple,purple,j,change,0.0,1.0,1.0
23,23_T1_20260520_152952,PA,T1,standard,hci_substudy_v2,1,telemetry_v4,change_detection,4,formal_cd,formal,1,2,10,formal,N2_same,1779262192,60.0,2026-05-20T15:38:43.516,0,0,0,1,523902.36,523914.365,,,,,s,,1,2208.219,,,,527502.36,527597.159,529847.905,4000,2250.746,529847.905,"[{""stage_name"": ""fixation"", ""planned_duration_ms"": 100, ""intended_onset_ms"": 523902.36, ""actual_onset_global_ms"": 523914.365, ""actual_offset_global_ms"": 524031.187, ""actual_duration_ms"": 116.822}, {""stage_name"": ""memory_array"", ""planned_duration_ms"": 2500, ""intended_onset_ms"": 524002.36, ""actual_onset_global_ms"": 524045.878, ""actual_offset_global_ms"": 526572.212, ""actual_duration_ms"": 2526.334}, {""stage_name"": ""delay"", ""planned_duration_ms"": 1000, ""intended_onset_ms"": 526572.212, ""actual_onset_global_ms"": 526564.335, ""actual_offset_global_ms"": 527581.659, ""actual_duration_ms"": 1017.324}, {""stage_name"": ""test_array"", ""planned_duration_ms"": 4000, ""intended_onset_ms"": 527581.659, ""actual_onset_global_ms"": 527597.159, ""actual_offset_global_ms"": 529847.905, ""actual_duration_ms"": 2250.746}]",,,,,0,0,1,0,1,,,,,,,,,,,,,,,,,,,,,,,,,,,,,,,2.0,same,0.0,"[124.82, -96.66]","[[124.82, -96.66], [-241.79, 208.5]]","[""purple"", ""green""]","[""purple"", ""green""]",purple,purple,s,same,1.0,2.0,1.0
23,23_T1_20260520_152952,PA,T1,standard,hci_substudy_v2,1,telemetry_v4,change_detection,4,formal_cd,formal,1,3,11,formal,N1_same,1779262192,60.0,2026-05-20T15:38:49.465,0,0,0,1,529851.659,529864.3,,,,,s,,1,1172.196,,,,533451.659,533504.684,534718.347,4000,1213.663,534718.347,"[{""stage_name"": ""fixation"", ""planned_duration_ms"": 100, ""intended_onset_ms"": 529851.659, ""actual_onset_global_ms"": 529864.3, ""actual_offset_global_ms"": 529981.116, ""actual_duration_ms"": 116.816}, {""stage_name"": ""memory_array"", ""planned_duration_ms"": 2500, ""intended_onset_ms"": 529951.659, ""actual_onset_global_ms"": 529984.302, ""actual_offset_global_ms"": 532492.286, ""actual_duration_ms"": 2507.984}, {""stage_name"": ""delay"", ""planned_duration_ms"": 1000, ""intended_onset_ms"": 532492.286, ""actual_onset_global_ms"": 532483.033, ""actual_offset_global_ms"": 533498.838, ""actual_duration_ms"": 1015.805}, {""stage_name"": ""test_array"", ""planned_duration_ms"": 4000, ""intended_onset_ms"": 533498.838, ""actual_onset_global_ms"": 533504.684, ""actual_offset_global_ms"": 534718.347, ""actual_duration_ms"": 1213.663}]",,,,,0,0,1,0,1,,,,,,,,,,,,,,,,,,,,,,,,,,,,,,,1.0,same,0.0,"[-16.33, -98.28]","[[-16.33, -98.28]]","[""yellow""]","[""yellow""]",yellow,yellow,s,same,1.0,1.0,1.0
23,23_T1_20260520_152952,PA,T1,standard,hci_substudy_v2,1,telemetry_v4,change_detection,4,formal_cd,formal,1,4,12,formal,N4_change,1779262192,60.0,2026-05-20T15:38:54.336,0,0,0,1,534721.954,534734.807,,,,,j,,1,1760.998,,,,538321.954,538404.409,540201.886,4000,1797.477,540201.886,"[{""stage_name"": ""fixation"", ""planned_duration_ms"": 100, ""intended_onset_ms"": 534721.954, ""actual_onset_global_ms"": 534734.807, ""actual_offset_global_ms"": 534851.814, ""actual_duration_ms"": 117.007}, {""stage_name"": ""memory_array"", ""planned_duration_ms"": 2500, ""intended_onset_ms"": 534821.954, ""actual_onset_global_ms"": 534887.38, ""actual_offset_global_ms"": 537362.281, ""actual_duration_ms"": 2474.901}, {""stage_name"": ""delay"", ""planned_duration_ms"": 1000, ""intended_onset_ms"": 537362.281, ""actual_onset_global_ms"": 537355.398, ""actual_offset_global_ms"": 538368.772, ""actual_duration_ms"": 1013.374}, {""stage_name"": ""test_array"", ""planned_duration_ms"": 4000, ""intended_onset_ms"": 538368.772, ""actual_onset_global_ms"": 538404.409, ""actual_offset_global_ms"": 540201.886, ""actual_duration_ms"": 1797.477}]",,,,,0,0,1,0,1,,,,,,,,,,,,,,,,,,,,,,,,,,,,,,,4.0,change,0.0,"[-22.39, -137.77]","[[-22.39, -137.77], [33.08, -255.47], [-196.71, -212.16], [179.33, -43.84]]","[""purple"", ""yellow"", ""red"", ""green""]","[""blue"", ""yellow"", ""red"", ""green""]",purple,blue,j,change,1.0,6.0,1.0
23,23_T1_20260520_152952,PA,T1,standard,hci_substudy_v2,1,telemetry_v4,change_detection,4,formal_cd,formal,1,5,13,formal,N2_same,1779262192,60.0,2026-05-20T15:38:59.820,0,0,0,1,540204.855,540213.638,,,,,s,,0,2689.999,,,,543804.855,543879.916,546613.954,4000,2734.038,546613.954,"[{""stage_name"": ""fixation"", ""planned_duration_ms"": 100, ""intended_onset_ms"": 540204.855, ""actual_onset_global_ms"": 540213.638, ""actual_offset_global_ms"": 540330.125, ""actual_duration_ms"": 116.487}, {""stage_name"": ""memory_array"", ""planned_duration_ms"": 2500, ""intended_onset_ms"": 540304.855, ""actual_onset_global_ms"": 540346.191, ""actual_offset_global_ms"": 542854.621, ""actual_duration_ms"": 2508.43}, {""stage_name"": ""delay"", ""planned_duration_ms"": 1000, ""intended_onset_ms"": 542854.621, ""actual_onset_global_ms"": 542846.47, ""actual_offset_global_ms"": 543863.733, ""actual_duration_ms"": 1017.263}, {""stage_name"": ""test_array"", ""planned_duration_ms"": 4000, ""intended_onset_ms"": 543863.733, ""actual_onset_global_ms"": 543879.916, ""actual_offset_global_ms"": 546613.954, ""actual_duration_ms"": 2734.038}]",,,,,0,0,0,0,1,,,,,,,,,,,,,,,,,,,,,,,,,,,,,,,2.0,same,0.0,"[-174.44, -173.06]","[[-174.44, -173.06], [-221.03, 247.19]]","[""yellow"", ""green""]","[""yellow"", ""green""]",yellow,yellow,j,change,0.0,3.0,1.0
23,23_T1_20260520_152952,PA,T1,standard,hci_substudy_v2,1,telemetry_v4,change_detection,4,formal_cd,formal,1,6,14,formal,N2_change,1779262192,60.0,2026-05-20T15:39:06.233,0,0,0,1,546618.317,546629.87,,,,,j,,1,1682.407,,,,550218.317,550279.294,552013.914,4000,1734.62,552013.914,"[{""stage_name"": ""fixation"", ""planned_duration_ms"": 100, ""intended_onset_ms"": 546618.317, ""actual_onset_global_ms"": 546629.87, ""actual_offset_global_ms"": 546747.44, ""actual_duration_ms"": 117.57}, {""stage_name"": ""memory_array"", ""planned_duration_ms"": 2500, ""intended_onset_ms"": 546718.317, ""actual_onset_global_ms"": 546763.325, ""actual_offset_global_ms"": 549258.386, ""actual_duration_ms"": 2495.061}, {""stage_name"": ""delay"", ""planned_duration_ms"": 1000, ""intended_onset_ms"": 549258.386, ""actual_onset_global_ms"": 549249.42, ""actual_offset_global_ms"": 550264.111, ""actual_duration_ms"": 1014.691}, {""stage_name"": ""test_array"", ""planned_duration_ms"": 4000, ""intended_onset_ms"": 550264.111, ""actual_onset_global_ms"": 550279.294, ""actual_offset_global_ms"": 552013.914, ""actual_duration_ms"": 1734.62}]",,,,,0,0,1,0,1,,,,,,,,,,,,,,,,,,,,,,,,,,,,,,,2.0,change,1.0,"[86.03, 32.47]","[[49.51, 163.26], [86.03, 32.47]]","[""green"", ""red""]","[""green"", ""blue""]",red,blue,j,change,1.0,2.0,1.0
23,23_T1_20260520_152952,PA,T1,standard,hci_substudy_v2,1,telemetry_v4,change_detection,4,formal_cd,formal,1,7,15,formal,N1_same,1779262192,60.0,2026-05-20T15:39:11.633,0,0,0,1,552018.049,552030.463,,,,,s,,1,1295.165,,,,555618.049,555686.717,557005.879,4000,1319.162,557005.879,"[{""stage_name"": ""fixation"", ""planned_duration_ms"": 100, ""intended_onset_ms"": 552018.049, ""actual_onset_global_ms"": 552030.463, ""actual_offset_global_ms"": 552147.399, ""actual_duration_ms"": 116.936}, {""stage_name"": ""memory_array"", ""planned_duration_ms"": 2500, ""intended_onset_ms"": 552118.049, ""actual_onset_global_ms"": 552151.869, ""actual_offset_global_ms"": 554664.95, ""actual_duration_ms"": 2513.081}, {""stage_name"": ""delay"", ""planned_duration_ms"": 1000, ""intended_onset_ms"": 554664.95, ""actual_onset_global_ms"": 554663.953, ""actual_offset_global_ms"": 555680.742, ""actual_duration_ms"": 1016.789}, {""stage_name"": ""test_array"", ""planned_duration_ms"": 4000, ""intended_onset_ms"": 555680.742, ""actual_onset_global_ms"": 555686.717, ""actual_offset_global_ms"": 557005.879, ""actual_duration_ms"": 1319.162}]",,,,,0,0,1,0,1,,,,,,,,,,,,,,,,,,,,,,,,,,,,,,,1.0,same,0.0,"[-87.9, -136.93]","[[-87.9, -136.93]]","[""blue""]","[""blue""]",blue,blue,s,same,1.0,1.0,1.0
23,23_T1_20260520_152952,PA,T1,standard,hci_substudy_v2,1,telemetry_v4,change_detection,4,formal_cd,formal,1,8,16,formal,N3_same,1779262192,60.0,2026-05-20T15:39:16.623,0,0,0,1,557008.939,557020.991,,,,,s,,1,1664.739,,,,560608.939,560700.847,562405.582,4000,1704.735,562405.582,"[{""stage_name"": ""fixation"", ""planned_duration_ms"": 100, ""intended_onset_ms"": 557008.939, ""actual_onset_global_ms"": 557020.991, ""actual_offset_global_ms"": 557137.553, ""actual_duration_ms"": 116.562}, {""stage_name"": ""memory_array"", ""planned_duration_ms"": 2500, ""intended_onset_ms"": 557108.939, ""actual_onset_global_ms"": 557163.734, ""actual_offset_global_ms"": 559674.268, ""actual_duration_ms"": 2510.534}, {""stage_name"": ""delay"", ""planned_duration_ms"": 1000, ""intended_onset_ms"": 559674.268, ""actual_onset_global_ms"": 559674.319, ""actual_offset_global_ms"": 560674.428, ""actual_duration_ms"": 1000.109}, {""stage_name"": ""test_array"", ""planned_duration_ms"": 4000, ""intended_onset_ms"": 560674.428, ""actual_onset_global_ms"": 560700.847, ""actual_offset_global_ms"": 562405.582, ""actual_duration_ms"": 1704.735}]",,,,,0,0,1,0,1,,,,,,,,,,,,,,,,,,,,,,,,,,,,,,,3.0,same,1.0,"[180.14, 169.97]","[[118.15, -24.85], [180.14, 169.97], [10.68, 162.58]]","[""red"", ""green"", ""yellow""]","[""red"", ""green"", ""yellow""]",green,green,s,same,1.0,3.0,1.0
23,23_T1_20260520_152952,PA,T1,standard,hci_substudy_v2,1,telemetry_v4,change_detection,4,formal_cd,formal,1,9,17,formal,N4_same,1779262192,60.0,2026-05-20T15:39:22.024,0,0,0,1,562409.664,562422.096,,,,,s,,1,1194.357,,,,566009.664,566091.246,567307.559,4000,1216.313,567307.559,"[{""stage_name"": ""fixation"", ""planned_duration_ms"": 100, ""intended_onset_ms"": 562409.664, ""actual_onset_global_ms"": 562422.096, ""actual_offset_global_ms"": 562538.717, ""actual_duration_ms"": 116.621}, {""stage_name"": ""memory_array"", ""planned_duration_ms"": 2500, ""intended_onset_ms"": 562509.664, ""actual_onset_global_ms"": 562575.359, ""actual_offset_global_ms"": 565055.837, ""actual_duration_ms"": 2480.478}, {""stage_name"": ""delay"", ""planned_duration_ms"": 1000, ""intended_onset_ms"": 565055.837, ""actual_onset_global_ms"": 565055.724, ""actual_offset_global_ms"": 566056.273, ""actual_duration_ms"": 1000.549}, {""stage_name"": ""test_array"", ""planned_duration_ms"": 4000, ""intended_onset_ms"": 566056.273, ""actual_onset_global_ms"": 566091.246, ""actual_offset_global_ms"": 567307.559, ""actual_duration_ms"": 1216.313}]",,,,,0,0,1,0,1,,,,,,,,,,,,,,,,,,,,,,,,,,,,,,,4.0,same,2.0,"[173.95, 200.8]","[[174.98, -35.57], [-214.56, 161.23], [173.95, 200.8], [-222.27, 45.03]]","[""yellow"", ""blue"", ""purple"", ""green""]","[""yellow"", ""blue"", ""purple"", ""green""]",purple,purple,s,same,1.0,4.0,1.0
23,23_T1_20260520_152952,PA,T1,standard,hci_substudy_v2,1,telemetry_v4,change_detection,4,formal_cd,formal,1,10,18,formal,N2_change,1779262192,60.0,2026-05-20T15:39:26.925,0,0,0,1,567310.673,567320.553,,,,,j,,0,995.397,,,,570910.673,570986.304,572027.667,4000,1041.363,572027.667,"[{""stage_name"": ""fixation"", ""planned_duration_ms"": 100, ""intended_onset_ms"": 567310.673, ""actual_onset_global_ms"": 567320.553, ""actual_offset_global_ms"": 567437.444, ""actual_duration_ms"": 116.891}, {""stage_name"": ""memory_array"", ""planned_duration_ms"": 2500, ""intended_onset_ms"": 567410.673, ""actual_onset_global_ms"": 567452.756, ""actual_offset_global_ms"": 569954.912, ""actual_duration_ms"": 2502.156}, {""stage_name"": ""delay"", ""planned_duration_ms"": 1000, ""intended_onset_ms"": 569954.912, ""actual_onset_global_ms"": 569954.915, ""actual_offset_global_ms"": 570971.025, ""actual_duration_ms"": 1016.11}, {""stage_name"": ""test_array"", ""planned_duration_ms"": 4000, ""intended_onset_ms"": 570971.025, ""actual_onset_global_ms"": 570986.304, ""actual_offset_global_ms"": 572027.667, ""actual_duration_ms"": 1041.363}]",,,,,0,0,0,0,1,,,,,,,,,,,,,,,,,,,,,,,,,,,,,,,2.0,change,0.0,"[-224.19, -94.79]","[[-224.19, -94.79], [-41.74, 158.4]]","[""purple"", ""blue""]","[""green"", ""blue""]",purple,green,s,same,0.0,2.0,1.0
23,23_T1_20260520_152952,PA,T1,standard,hci_substudy_v2,1,telemetry_v4,change_detection,4,formal_cd,formal,1,11,19,formal,N1_change,1779262192,60.0,2026-05-20T15:39:31.647,0,0,0,1,572032.73,572043.807,,,,,j,,1,1181.987,,,,575632.73,575700.549,576890.376,4000,1189.827,576890.376,"[{""stage_name"": ""fixation"", ""planned_duration_ms"": 100, ""intended_onset_ms"": 572032.73, ""actual_onset_global_ms"": 572043.807, ""actual_offset_global_ms"": 572161.676, ""actual_duration_ms"": 117.869}, {""stage_name"": ""memory_array"", ""planned_duration_ms"": 2500, ""intended_onset_ms"": 572132.73, ""actual_onset_global_ms"": 572166.921, ""actual_offset_global_ms"": 574679.691, ""actual_duration_ms"": 2512.77}, {""stage_name"": ""delay"", ""planned_duration_ms"": 1000, ""intended_onset_ms"": 574679.691, ""actual_onset_global_ms"": 574677.722, ""actual_offset_global_ms"": 575695.23, ""actual_duration_ms"": 1017.508}, {""stage_name"": ""test_array"", ""planned_duration_ms"": 4000, ""intended_onset_ms"": 575695.23, ""actual_onset_global_ms"": 575700.549, ""actual_offset_global_ms"": 576890.376, ""actual_duration_ms"": 1189.827}]",,,,,0,0,1,0,1,,,,,,,,,,,,,,,,,,,,,,,,,,,,,,,1.0,change,0.0,"[-220.74, -82.92]","[[-220.74, -82.92]]","[""green""]","[""blue""]",green,blue,j,change,1.0,1.0,1.0
23,23_T1_20260520_152952,PA,T1,standard,hci_substudy_v2,1,telemetry_v4,change_detection,4,formal_cd,formal,1,12,20,formal,N1_same,1779262192,60.0,2026-05-20T15:39:36.508,0,0,0,1,576893.548,576905.109,,,,,s,,1,1432.246,,,,580493.548,580554.305,582020.291,4000,1465.986,582020.291,"[{""stage_name"": ""fixation"", ""planned_duration_ms"": 100, ""intended_onset_ms"": 576893.548, ""actual_onset_global_ms"": 576905.109, ""actual_offset_global_ms"": 577022.562, ""actual_duration_ms"": 117.453}, {""stage_name"": ""memory_array"", ""planned_duration_ms"": 2500, ""intended_onset_ms"": 576993.548, ""actual_onset_global_ms"": 577025.82, ""actual_offset_global_ms"": 579539.635, ""actual_duration_ms"": 2513.815}, {""stage_name"": ""delay"", ""planned_duration_ms"": 1000, ""intended_onset_ms"": 579539.635, ""actual_onset_global_ms"": 579531.037, ""actual_offset_global_ms"": 580548.664, ""actual_duration_ms"": 1017.627}, {""stage_name"": ""test_array"", ""planned_duration_ms"": 4000, ""intended_onset_ms"": 580548.664, ""actual_onset_global_ms"": 580554.305, ""actual_offset_global_ms"": 582020.291, ""actual_duration_ms"": 1465.986}]",,,,,0,0,1,0,1,,,,,,,,,,,,,,,,,,,,,,,,,,,,,,,1.0,same,0.0,"[-126.44, 38.22]","[[-126.44, 38.22]]","[""purple""]","[""purple""]",purple,purple,s,same,1.0,1.0,1.0
23,23_T1_20260520_152952,PA,T1,standard,hci_substudy_v2,1,telemetry_v4,change_detection,4,formal_cd,formal,1,13,21,formal,N4_change,1779262192,60.0,2026-05-20T15:39:41.637,0,0,0,1,582023.537,582037.165,,,,,j,,1,2106.485,,,,585623.537,585724.043,587851.114,4000,2127.071,587851.114,"[{""stage_name"": ""fixation"", ""planned_duration_ms"": 100, ""intended_onset_ms"": 582023.537, ""actual_onset_global_ms"": 582037.165, ""actual_offset_global_ms"": 582153.881, ""actual_duration_ms"": 116.716}, {""stage_name"": ""memory_array"", ""planned_duration_ms"": 2500, ""intended_onset_ms"": 582123.537, ""actual_onset_global_ms"": 582190.52, ""actual_offset_global_ms"": 584686.077, ""actual_duration_ms"": 2495.557}, {""stage_name"": ""delay"", ""planned_duration_ms"": 1000, ""intended_onset_ms"": 584686.077, ""actual_onset_global_ms"": 584687.054, ""actual_offset_global_ms"": 585687.731, ""actual_duration_ms"": 1000.677}, {""stage_name"": ""test_array"", ""planned_duration_ms"": 4000, ""intended_onset_ms"": 585687.731, ""actual_onset_global_ms"": 585724.043, ""actual_offset_global_ms"": 587851.114, ""actual_duration_ms"": 2127.071}]",,,,,0,0,1,0,1,,,,,,,,,,,,,,,,,,,,,,,,,,,,,,,4.0,change,2.0,"[233.68, 53.7]","[[-85.79, -173.69], [108.07, -28.56], [233.68, 53.7], [-256.53, 191.42]]","[""blue"", ""purple"", ""red"", ""yellow""]","[""blue"", ""purple"", ""green"", ""yellow""]",red,green,j,change,1.0,5.0,1.0
23,23_T1_20260520_152952,PA,T1,standard,hci_substudy_v2,1,telemetry_v4,change_detection,4,formal_cd,formal,1,14,22,formal,N3_change,1779262192,60.0,2026-05-20T15:39:47.469,0,0,0,1,587855.159,587867.748,,,,,j,,1,1697.126,,,,591455.159,591529.383,593266.694,4000,1737.311,593266.694,"[{""stage_name"": ""fixation"", ""planned_duration_ms"": 100, ""intended_onset_ms"": 587855.159, ""actual_onset_global_ms"": 587867.748, ""actual_offset_global_ms"": 587985.003, ""actual_duration_ms"": 117.255}, {""stage_name"": ""memory_array"", ""planned_duration_ms"": 2500, ""intended_onset_ms"": 587955.159, ""actual_onset_global_ms"": 588008.941, ""actual_offset_global_ms"": 590489.157, ""actual_duration_ms"": 2480.216}, {""stage_name"": ""delay"", ""planned_duration_ms"": 1000, ""intended_onset_ms"": 590489.157, ""actual_onset_global_ms"": 590484.542, ""actual_offset_global_ms"": 591501.776, ""actual_duration_ms"": 1017.234}, {""stage_name"": ""test_array"", ""planned_duration_ms"": 4000, ""intended_onset_ms"": 591501.776, ""actual_onset_global_ms"": 591529.383, ""actual_offset_global_ms"": 593266.694, ""actual_duration_ms"": 1737.311}]",,,,,0,0,1,0,1,,,,,,,,,,,,,,,,,,,,,,,,,,,,,,,3.0,change,2.0,"[72.95, 186.03]","[[246.97, -135.15], [-233.89, 251.77], [72.95, 186.03]]","[""yellow"", ""green"", ""blue""]","[""yellow"", ""green"", ""red""]",blue,red,j,change,1.0,3.0,1.0
23,23_T1_20260520_152952,PA,T1,standard,hci_substudy_v2,1,telemetry_v4,change_detection,4,formal_cd,formal,1,15,23,formal,N3_same,1779262192,60.0,2026-05-20T15:39:52.885,0,0,0,1,593270.388,593283.903,,,,,s,,0,2047.655,,,,596870.388,596974.907,599063.723,4000,2088.816,599063.723,"[{""stage_name"": ""fixation"", ""planned_duration_ms"": 100, ""intended_onset_ms"": 593270.388, ""actual_onset_global_ms"": 593283.903, ""actual_offset_global_ms"": 593399.983, ""actual_duration_ms"": 116.08}, {""stage_name"": ""memory_array"", ""planned_duration_ms"": 2500, ""intended_onset_ms"": 593370.388, ""actual_onset_global_ms"": 593425.726, ""actual_offset_global_ms"": 595940.302, ""actual_duration_ms"": 2514.576}, {""stage_name"": ""delay"", ""planned_duration_ms"": 1000, ""intended_onset_ms"": 595940.302, ""actual_onset_global_ms"": 595933.204, ""actual_offset_global_ms"": 596950.303, ""actual_duration_ms"": 1017.099}, {""stage_name"": ""test_array"", ""planned_duration_ms"": 4000, ""intended_onset_ms"": 596950.303, ""actual_onset_global_ms"": 596974.907, ""actual_offset_global_ms"": 599063.723, ""actual_duration_ms"": 2088.816}]",,,,,0,0,0,0,1,,,,,,,,,,,,,,,,,,,,,,,,,,,,,,,3.0,same,0.0,"[52.11, -73.48]","[[52.11, -73.48], [134.95, 229.21], [-245.08, -201.22]]","[""blue"", ""yellow"", ""red""]","[""blue"", ""yellow"", ""red""]",blue,blue,j,change,0.0,4.0,1.0
23,23_T1_20260520_152952,PA,T1,standard,hci_substudy_v2,1,telemetry_v4,change_detection,4,formal_cd,formal,1,16,24,formal,N2_change,1779262192,60.0,2026-05-20T15:39:58.682,0,0,0,1,599067.503,599080.664,,,,,j,,1,1097.331,,,,602667.503,602745.604,603870.859,4000,1125.255,603870.859,"[{""stage_name"": ""fixation"", ""planned_duration_ms"": 100, ""intended_onset_ms"": 599067.503, ""actual_onset_global_ms"": 599080.664, ""actual_offset_global_ms"": 599197.378, ""actual_duration_ms"": 116.714}, {""stage_name"": ""memory_array"", ""planned_duration_ms"": 2500, ""intended_onset_ms"": 599167.503, ""actual_onset_global_ms"": 599213.822, ""actual_offset_global_ms"": 601724.751, ""actual_duration_ms"": 2510.929}, {""stage_name"": ""delay"", ""planned_duration_ms"": 1000, ""intended_onset_ms"": 601724.751, ""actual_onset_global_ms"": 601715.61, ""actual_offset_global_ms"": 602730.559, ""actual_duration_ms"": 1014.949}, {""stage_name"": ""test_array"", ""planned_duration_ms"": 4000, ""intended_onset_ms"": 602730.559, ""actual_onset_global_ms"": 602745.604, ""actual_offset_global_ms"": 603870.859, ""actual_duration_ms"": 1125.255}]",,,,,0,0,1,0,1,,,,,,,,,,,,,,,,,,,,,,,,,,,,,,,2.0,change,0.0,"[97.95, 155.68]","[[97.95, 155.68], [190.42, -179.43]]","[""blue"", ""yellow""]","[""red"", ""yellow""]",blue,red,j,change,1.0,2.0,1.0
23,23_T1_20260520_152952,PA,T1,standard,hci_substudy_v2,1,telemetry_v4,change_detection,4,formal_cd,formal,1,17,25,formal,N3_change,1779262192,60.0,2026-05-20T15:40:03.489,0,0,0,1,603874.397,603887.285,,,,,j,,1,1839.859,,,,607474.397,607547.044,609435.856,4000,1888.812,609435.856,"[{""stage_name"": ""fixation"", ""planned_duration_ms"": 100, ""intended_onset_ms"": 603874.397, ""actual_onset_global_ms"": 603887.285, ""actual_offset_global_ms"": 604003.969, ""actual_duration_ms"": 116.684}, {""stage_name"": ""memory_array"", ""planned_duration_ms"": 2500, ""intended_onset_ms"": 603974.397, ""actual_onset_global_ms"": 604029.705, ""actual_offset_global_ms"": 606506.925, ""actual_duration_ms"": 2477.22}, {""stage_name"": ""delay"", ""planned_duration_ms"": 1000, ""intended_onset_ms"": 606506.925, ""actual_onset_global_ms"": 606504.009, ""actual_offset_global_ms"": 607520.853, ""actual_duration_ms"": 1016.844}, {""stage_name"": ""test_array"", ""planned_duration_ms"": 4000, ""intended_onset_ms"": 607520.853, ""actual_onset_global_ms"": 607547.044, ""actual_offset_global_ms"": 609435.856, ""actual_duration_ms"": 1888.812}]",,,,,0,0,1,0,1,,,,,,,,,,,,,,,,,,,,,,,,,,,,,,,3.0,change,0.0,"[203.72, 210.23]","[[203.72, 210.23], [-125.54, 53.15], [-89.45, 168.82]]","[""purple"", ""blue"", ""yellow""]","[""green"", ""blue"", ""yellow""]",purple,green,j,change,1.0,3.0,1.0
23,23_T1_20260520_152952,PA,T1,standard,hci_substudy_v2,1,telemetry_v4,change_detection,4,formal_cd,formal,1,18,26,formal,N1_same,1779262192,60.0,2026-05-20T15:40:09.053,0,0,0,1,609439.2,609452.21,,,,,s,,1,5970.845,,,,613039.2,613090.597,619079.054,4000,5988.457,619079.054,"[{""stage_name"": ""fixation"", ""planned_duration_ms"": 100, ""intended_onset_ms"": 609439.2, ""actual_onset_global_ms"": 609452.21, ""actual_offset_global_ms"": 609569.459, ""actual_duration_ms"": 117.249}, {""stage_name"": ""memory_array"", ""planned_duration_ms"": 2500, ""intended_onset_ms"": 609539.2, ""actual_onset_global_ms"": 609575.565, ""actual_offset_global_ms"": 612073.04, ""actual_duration_ms"": 2497.475}, {""stage_name"": ""delay"", ""planned_duration_ms"": 1000, ""intended_onset_ms"": 612073.04, ""actual_onset_global_ms"": 612068.939, ""actual_offset_global_ms"": 613086.182, ""actual_duration_ms"": 1017.243}, {""stage_name"": ""test_array"", ""planned_duration_ms"": 4000, ""intended_onset_ms"": 613086.182, ""actual_onset_global_ms"": 613090.597, ""actual_offset_global_ms"": 619079.054, ""actual_duration_ms"": 5988.457}]",,,,,0,1,0,0,1,,,,,,,,,,,,,,,,,,,,,,,,,,,,,,,1.0,same,0.0,"[-113.08, 0.18]","[[-113.08, 0.18]]","[""purple""]","[""purple""]",purple,purple,s,same,1.0,1.0,1.0
23,23_T1_20260520_152952,PA,T1,standard,hci_substudy_v2,1,telemetry_v4,change_detection,4,formal_cd,formal,1,19,27,formal,N4_same,1779262192,60.0,2026-05-20T15:40:18.696,0,0,0,1,619082.303,619091.628,,,,,s,,1,1696.054,,,,622682.303,622761.749,624505.666,4000,1743.917,624505.666,"[{""stage_name"": ""fixation"", ""planned_duration_ms"": 100, ""intended_onset_ms"": 619082.303, ""actual_onset_global_ms"": 619091.628, ""actual_offset_global_ms"": 619208.183, ""actual_duration_ms"": 116.555}, {""stage_name"": ""memory_array"", ""planned_duration_ms"": 2500, ""intended_onset_ms"": 619182.303, ""actual_onset_global_ms"": 619242.514, ""actual_offset_global_ms"": 621719.44, ""actual_duration_ms"": 2476.926}, {""stage_name"": ""delay"", ""planned_duration_ms"": 1000, ""intended_onset_ms"": 621719.44, ""actual_onset_global_ms"": 621711.552, ""actual_offset_global_ms"": 622725.101, ""actual_duration_ms"": 1013.549}, {""stage_name"": ""test_array"", ""planned_duration_ms"": 4000, ""intended_onset_ms"": 622725.101, ""actual_onset_global_ms"": 622761.749, ""actual_offset_global_ms"": 624505.666, ""actual_duration_ms"": 1743.917}]",,,,,0,0,1,0,1,,,,,,,,,,,,,,,,,,,,,,,,,,,,,,,4.0,same,2.0,"[204.82, 43.66]","[[239.77, 243.77], [-38.93, -115.34], [204.82, 43.66], [111.12, 112.6]]","[""blue"", ""green"", ""purple"", ""yellow""]","[""blue"", ""green"", ""purple"", ""yellow""]",purple,purple,s,same,1.0,5.0,1.0
23,23_T1_20260520_152952,PA,T1,standard,hci_substudy_v2,1,telemetry_v4,change_detection,4,formal_cd,formal,1,20,28,formal,N1_change,1779262192,60.0,2026-05-20T15:40:24.123,0,0,0,1,624509.044,624523.018,,,,,j,,0,1955.412,,,,628109.044,628162.55,630132.131,4000,1969.581,630132.131,"[{""stage_name"": ""fixation"", ""planned_duration_ms"": 100, ""intended_onset_ms"": 624509.044, ""actual_onset_global_ms"": 624523.018, ""actual_offset_global_ms"": 624639.625, ""actual_duration_ms"": 116.607}, {""stage_name"": ""memory_array"", ""planned_duration_ms"": 2500, ""intended_onset_ms"": 624609.044, ""actual_onset_global_ms"": 624643.781, ""actual_offset_global_ms"": 627146.084, ""actual_duration_ms"": 2502.303}, {""stage_name"": ""delay"", ""planned_duration_ms"": 1000, ""intended_onset_ms"": 627146.084, ""actual_onset_global_ms"": 627139.147, ""actual_offset_global_ms"": 628157.048, ""actual_duration_ms"": 1017.901}, {""stage_name"": ""test_array"", ""planned_duration_ms"": 4000, ""intended_onset_ms"": 628157.048, ""actual_onset_global_ms"": 628162.55, ""actual_offset_global_ms"": 630132.131, ""actual_duration_ms"": 1969.581}]",,,,,0,0,0,0,1,,,,,,,,,,,,,,,,,,,,,,,,,,,,,,,1.0,change,0.0,"[55.2, 204.96]","[[55.2, 204.96]]","[""yellow""]","[""green""]",yellow,green,s,same,0.0,1.0,1.0
23,23_T1_20260520_152952,PA,T1,standard,hci_substudy_v2,1,telemetry_v4,change_detection,4,formal_cd,formal,1,21,29,formal,N4_change,1779262192,60.0,2026-05-20T15:40:29.750,0,0,0,1,630135.859,630148.934,,,,,j,,1,1252.952,,,,633735.859,633853.018,635163.987,4000,1310.969,635163.987,"[{""stage_name"": ""fixation"", ""planned_duration_ms"": 100, ""intended_onset_ms"": 630135.859, ""actual_onset_global_ms"": 630148.934, ""actual_offset_global_ms"": 630266.947, ""actual_duration_ms"": 118.013}, {""stage_name"": ""memory_array"", ""planned_duration_ms"": 2500, ""intended_onset_ms"": 630235.859, ""actual_onset_global_ms"": 630302.587, ""actual_offset_global_ms"": 632810.477, ""actual_duration_ms"": 2507.89}, {""stage_name"": ""delay"", ""planned_duration_ms"": 1000, ""intended_onset_ms"": 632810.477, ""actual_onset_global_ms"": 632801.302, ""actual_offset_global_ms"": 633816.035, ""actual_duration_ms"": 1014.733}, {""stage_name"": ""test_array"", ""planned_duration_ms"": 4000, ""intended_onset_ms"": 633816.035, ""actual_onset_global_ms"": 633853.018, ""actual_offset_global_ms"": 635163.987, ""actual_duration_ms"": 1310.969}]",,,,,0,0,1,0,1,,,,,,,,,,,,,,,,,,,,,,,,,,,,,,,4.0,change,2.0,"[223.33, -67.81]","[[211.2, -195.01], [237.89, 76.54], [223.33, -67.81], [-87.53, 205.25]]","[""blue"", ""red"", ""yellow"", ""green""]","[""blue"", ""red"", ""purple"", ""green""]",yellow,purple,j,change,1.0,6.0,1.0
23,23_T1_20260520_152952,PA,T1,standard,hci_substudy_v2,1,telemetry_v4,change_detection,4,formal_cd,formal,1,22,30,formal,N4_change,1779262192,60.0,2026-05-20T15:40:34.781,0,0,0,1,635167.547,635178.493,,,,,j,,0,1061.993,,,,638767.547,638864.781,639988.988,4000,1124.207,639988.988,"[{""stage_name"": ""fixation"", ""planned_duration_ms"": 100, ""intended_onset_ms"": 635167.547, ""actual_onset_global_ms"": 635178.493, ""actual_offset_global_ms"": 635295.013, ""actual_duration_ms"": 116.52}, {""stage_name"": ""memory_array"", ""planned_duration_ms"": 2500, ""intended_onset_ms"": 635267.547, ""actual_onset_global_ms"": 635331.058, ""actual_offset_global_ms"": 637819.802, ""actual_duration_ms"": 2488.744}, {""stage_name"": ""delay"", ""planned_duration_ms"": 1000, ""intended_onset_ms"": 637819.802, ""actual_onset_global_ms"": 637811.432, ""actual_offset_global_ms"": 638828.374, ""actual_duration_ms"": 1016.942}, {""stage_name"": ""test_array"", ""planned_duration_ms"": 4000, ""intended_onset_ms"": 638828.374, ""actual_onset_global_ms"": 638864.781, ""actual_offset_global_ms"": 639988.988, ""actual_duration_ms"": 1124.207}]",,,,,0,0,0,0,1,,,,,,,,,,,,,,,,,,,,,,,,,,,,,,,4.0,change,3.0,"[-167.83, -21.61]","[[3.57, -107.54], [-192.77, 187.1], [204.83, -136.42], [-167.83, -21.61]]","[""purple"", ""blue"", ""green"", ""red""]","[""purple"", ""blue"", ""green"", ""yellow""]",red,yellow,s,same,0.0,4.0,1.0
23,23_T1_20260520_152952,PA,T1,standard,hci_substudy_v2,1,telemetry_v4,change_detection,4,formal_cd,formal,1,23,31,formal,N2_same,1779262192,60.0,2026-05-20T15:40:39.608,0,0,0,1,639993.235,640005.341,,,,,s,,1,2543.141,,,,643593.235,643654.972,646226.188,4000,2571.216,646226.188,"[{""stage_name"": ""fixation"", ""planned_duration_ms"": 100, ""intended_onset_ms"": 639993.235, ""actual_onset_global_ms"": 640005.341, ""actual_offset_global_ms"": 640122.057, ""actual_duration_ms"": 116.716}, {""stage_name"": ""memory_array"", ""planned_duration_ms"": 2500, ""intended_onset_ms"": 640093.235, ""actual_onset_global_ms"": 640138.033, ""actual_offset_global_ms"": 642630.276, ""actual_duration_ms"": 2492.243}, {""stage_name"": ""delay"", ""planned_duration_ms"": 1000, ""intended_onset_ms"": 642630.276, ""actual_onset_global_ms"": 642621.768, ""actual_offset_global_ms"": 643639.631, ""actual_duration_ms"": 1017.863}, {""stage_name"": ""test_array"", ""planned_duration_ms"": 4000, ""intended_onset_ms"": 643639.631, ""actual_onset_global_ms"": 643654.972, ""actual_offset_global_ms"": 646226.188, ""actual_duration_ms"": 2571.216}]",,,,,0,0,1,0,1,,,,,,,,,,,,,,,,,,,,,,,,,,,,,,,2.0,same,1.0,"[-249.15, -220.77]","[[206.49, -248.97], [-249.15, -220.77]]","[""green"", ""red""]","[""green"", ""red""]",red,red,s,same,1.0,2.0,1.0
23,23_T1_20260520_152952,PA,T1,standard,hci_substudy_v2,1,telemetry_v4,change_detection,4,formal_cd,formal,1,24,32,formal,N4_same,1779262192,60.0,2026-05-20T15:40:45.845,0,0,0,1,646230.295,646242.793,,,,,s,,0,3008.546,,,,649830.295,649930.47,653008.642,4000,3078.172,653008.642,"[{""stage_name"": ""fixation"", ""planned_duration_ms"": 100, ""intended_onset_ms"": 646230.295, ""actual_onset_global_ms"": 646242.793, ""actual_offset_global_ms"": 646359.809, ""actual_duration_ms"": 117.016}, {""stage_name"": ""memory_array"", ""planned_duration_ms"": 2500, ""intended_onset_ms"": 646330.295, ""actual_onset_global_ms"": 646396.308, ""actual_offset_global_ms"": 648877.378, ""actual_duration_ms"": 2481.07}, {""stage_name"": ""delay"", ""planned_duration_ms"": 1000, ""intended_onset_ms"": 648877.378, ""actual_onset_global_ms"": 648876.737, ""actual_offset_global_ms"": 649894.086, ""actual_duration_ms"": 1017.349}, {""stage_name"": ""test_array"", ""planned_duration_ms"": 4000, ""intended_onset_ms"": 649894.086, ""actual_onset_global_ms"": 649930.47, ""actual_offset_global_ms"": 653008.642, ""actual_duration_ms"": 3078.172}]",,,,,0,1,0,0,1,,,,,,,,,,,,,,,,,,,,,,,,,,,,,,,4.0,same,3.0,"[-240.86, 64.79]","[[-25.13, -154.12], [172.84, 89.4], [152.53, -123.52], [-240.86, 64.79]]","[""red"", ""green"", ""purple"", ""blue""]","[""red"", ""green"", ""purple"", ""blue""]",blue,blue,j,change,0.0,4.0,1.0
23,23_T1_20260520_152952,PA,T1,standard,hci_substudy_v2,1,telemetry_v4,change_detection,4,formal_cd,formal,1,25,33,formal,N3_change,1779262192,60.0,2026-05-20T15:40:52.628,0,0,0,1,653013.652,653025.416,,,,,j,,1,2198.292,,,,656613.652,656685.009,658922.475,4000,2237.466,658922.475,"[{""stage_name"": ""fixation"", ""planned_duration_ms"": 100, ""intended_onset_ms"": 653013.652, ""actual_onset_global_ms"": 653025.416, ""actual_offset_global_ms"": 653143.738, ""actual_duration_ms"": 118.322}, {""stage_name"": ""memory_array"", ""planned_duration_ms"": 2500, ""intended_onset_ms"": 653113.652, ""actual_onset_global_ms"": 653170.161, ""actual_offset_global_ms"": 655644.928, ""actual_duration_ms"": 2474.767}, {""stage_name"": ""delay"", ""planned_duration_ms"": 1000, ""intended_onset_ms"": 655644.928, ""actual_onset_global_ms"": 655642.106, ""actual_offset_global_ms"": 656658.943, ""actual_duration_ms"": 1016.837}, {""stage_name"": ""test_array"", ""planned_duration_ms"": 4000, ""intended_onset_ms"": 656658.943, ""actual_onset_global_ms"": 656685.009, ""actual_offset_global_ms"": 658922.475, ""actual_duration_ms"": 2237.466}]",,,,,0,0,1,0,1,,,,,,,,,,,,,,,,,,,,,,,,,,,,,,,3.0,change,2.0,"[174.04, -238.91]","[[52.91, -218.13], [-242.26, -72.23], [174.04, -238.91]]","[""blue"", ""red"", ""purple""]","[""blue"", ""red"", ""green""]",purple,green,j,change,1.0,3.0,1.0
23,23_T1_20260520_152952,PA,T1,standard,hci_substudy_v2,1,telemetry_v4,change_detection,4,formal_cd,formal,1,26,34,formal,N3_same,1779262192,60.0,2026-05-20T15:40:58.540,0,0,0,1,658925.96,658939.235,,,,,s,,1,1844.275,,,,662525.96,662614.866,664507.614,4000,1892.748,664507.614,"[{""stage_name"": ""fixation"", ""planned_duration_ms"": 100, ""intended_onset_ms"": 658925.96, ""actual_onset_global_ms"": 658939.235, ""actual_offset_global_ms"": 659055.794, ""actual_duration_ms"": 116.559}, {""stage_name"": ""memory_array"", ""planned_duration_ms"": 2500, ""intended_onset_ms"": 659025.96, ""actual_onset_global_ms"": 659082.231, ""actual_offset_global_ms"": 661578.563, ""actual_duration_ms"": 2496.332}, {""stage_name"": ""delay"", ""planned_duration_ms"": 1000, ""intended_onset_ms"": 661578.563, ""actual_onset_global_ms"": 661572.238, ""actual_offset_global_ms"": 662589.37, ""actual_duration_ms"": 1017.132}, {""stage_name"": ""test_array"", ""planned_duration_ms"": 4000, ""intended_onset_ms"": 662589.37, ""actual_onset_global_ms"": 662614.866, ""actual_offset_global_ms"": 664507.614, ""actual_duration_ms"": 1892.748}]",,,,,0,0,1,0,1,,,,,,,,,,,,,,,,,,,,,,,,,,,,,,,3.0,same,1.0,"[-198.25, 63.1]","[[-181.5, 214.98], [-198.25, 63.1], [202.23, -234.46]]","[""red"", ""yellow"", ""green""]","[""red"", ""yellow"", ""green""]",yellow,yellow,s,same,1.0,3.0,1.0
23,23_T1_20260520_152952,PA,T1,standard,hci_substudy_v2,1,telemetry_v4,change_detection,4,formal_cd,formal,1,27,35,formal,N3_change,1779262192,60.0,2026-05-20T15:41:04.126,0,0,0,1,664511.644,664523.355,,,,,j,,1,1531.1,,,,668111.644,668200.19,669773.483,4000,1573.293,669773.483,"[{""stage_name"": ""fixation"", ""planned_duration_ms"": 100, ""intended_onset_ms"": 664511.644, ""actual_onset_global_ms"": 664523.355, ""actual_offset_global_ms"": 664640.394, ""actual_duration_ms"": 117.039}, {""stage_name"": ""memory_array"", ""planned_duration_ms"": 2500, ""intended_onset_ms"": 664611.644, ""actual_onset_global_ms"": 664667.009, ""actual_offset_global_ms"": 667159.934, ""actual_duration_ms"": 2492.925}, {""stage_name"": ""delay"", ""planned_duration_ms"": 1000, ""intended_onset_ms"": 667159.934, ""actual_onset_global_ms"": 667157.195, ""actual_offset_global_ms"": 668173.648, ""actual_duration_ms"": 1016.453}, {""stage_name"": ""test_array"", ""planned_duration_ms"": 4000, ""intended_onset_ms"": 668173.648, ""actual_onset_global_ms"": 668200.19, ""actual_offset_global_ms"": 669773.483, ""actual_duration_ms"": 1573.293}]",,,,,0,0,1,0,1,,,,,,,,,,,,,,,,,,,,,,,,,,,,,,,3.0,change,1.0,"[-99.04, 207.72]","[[-198.55, -136.71], [-99.04, 207.72], [-79.92, 105.91]]","[""yellow"", ""purple"", ""green""]","[""yellow"", ""red"", ""green""]",purple,red,j,change,1.0,3.0,1.0
23,23_T1_20260520_152952,PA,T1,standard,hci_substudy_v2,1,telemetry_v4,change_detection,4,formal_cd,formal,1,28,36,formal,N2_change,1779262192,60.0,2026-05-20T15:41:09.392,0,0,0,1,669777.641,669790.81,,,,,j,,1,1213.313,,,,673377.641,673457.719,674709.139,4000,1251.42,674709.139,"[{""stage_name"": ""fixation"", ""planned_duration_ms"": 100, ""intended_onset_ms"": 669777.641, ""actual_onset_global_ms"": 669790.81, ""actual_offset_global_ms"": 669907.412, ""actual_duration_ms"": 116.602}, {""stage_name"": ""memory_array"", ""planned_duration_ms"": 2500, ""intended_onset_ms"": 669877.641, ""actual_onset_global_ms"": 669922.562, ""actual_offset_global_ms"": 672430.134, ""actual_duration_ms"": 2507.572}, {""stage_name"": ""delay"", ""planned_duration_ms"": 1000, ""intended_onset_ms"": 672430.134, ""actual_onset_global_ms"": 672424.07, ""actual_offset_global_ms"": 673441.408, ""actual_duration_ms"": 1017.338}, {""stage_name"": ""test_array"", ""planned_duration_ms"": 4000, ""intended_onset_ms"": 673441.408, ""actual_onset_global_ms"": 673457.719, ""actual_offset_global_ms"": 674709.139, ""actual_duration_ms"": 1251.42}]",,,,,0,0,1,0,1,,,,,,,,,,,,,,,,,,,,,,,,,,,,,,,2.0,change,0.0,"[196.06, 19.83]","[[196.06, 19.83], [18.23, -108.72]]","[""green"", ""yellow""]","[""red"", ""yellow""]",green,red,j,change,1.0,2.0,1.0
23,23_T1_20260520_152952,PA,T1,standard,hci_substudy_v2,1,telemetry_v4,change_detection,4,formal_cd,formal,1,29,37,formal,N3_same,1779262192,60.0,2026-05-20T15:41:14.328,0,0,0,1,674713.613,674725.728,,,,,s,,1,1347.931,,,,678313.613,678387.67,679760.926,4000,1373.256,679760.926,"[{""stage_name"": ""fixation"", ""planned_duration_ms"": 100, ""intended_onset_ms"": 674713.613, ""actual_onset_global_ms"": 674725.728, ""actual_offset_global_ms"": 674842.732, ""actual_duration_ms"": 117.004}, {""stage_name"": ""memory_array"", ""planned_duration_ms"": 2500, ""intended_onset_ms"": 674813.613, ""actual_onset_global_ms"": 674867.965, ""actual_offset_global_ms"": 677350.868, ""actual_duration_ms"": 2482.903}, {""stage_name"": ""delay"", ""planned_duration_ms"": 1000, ""intended_onset_ms"": 677350.868, ""actual_onset_global_ms"": 677342.548, ""actual_offset_global_ms"": 678360.063, ""actual_duration_ms"": 1017.515}, {""stage_name"": ""test_array"", ""planned_duration_ms"": 4000, ""intended_onset_ms"": 678360.063, ""actual_onset_global_ms"": 678387.67, ""actual_offset_global_ms"": 679760.926, ""actual_duration_ms"": 1373.256}]",,,,,0,0,1,0,1,,,,,,,,,,,,,,,,,,,,,,,,,,,,,,,3.0,same,0.0,"[-88.8, 219.1]","[[-88.8, 219.1], [153.11, 152.01], [-224.54, -220.16]]","[""yellow"", ""green"", ""purple""]","[""yellow"", ""green"", ""purple""]",yellow,yellow,s,same,1.0,4.0,1.0
23,23_T1_20260520_152952,PA,T1,standard,hci_substudy_v2,1,telemetry_v4,change_detection,4,formal_cd,formal,1,30,38,formal,N3_change,1779262192,60.0,2026-05-20T15:41:19.380,0,0,0,1,679765.201,679777.687,,,,,j,,1,740.612,,,,683365.201,683455.242,684239.884,4000,784.642,684239.884,"[{""stage_name"": ""fixation"", ""planned_duration_ms"": 100, ""intended_onset_ms"": 679765.201, ""actual_onset_global_ms"": 679777.687, ""actual_offset_global_ms"": 679893.693, ""actual_duration_ms"": 116.006}, {""stage_name"": ""memory_array"", ""planned_duration_ms"": 2500, ""intended_onset_ms"": 679865.201, ""actual_onset_global_ms"": 679917.643, ""actual_offset_global_ms"": 682415.156, ""actual_duration_ms"": 2497.513}, {""stage_name"": ""delay"", ""planned_duration_ms"": 1000, ""intended_onset_ms"": 682415.156, ""actual_onset_global_ms"": 682409.99, ""actual_offset_global_ms"": 683428.993, ""actual_duration_ms"": 1019.003}, {""stage_name"": ""test_array"", ""planned_duration_ms"": 4000, ""intended_onset_ms"": 683428.993, ""actual_onset_global_ms"": 683455.242, ""actual_offset_global_ms"": 684239.884, ""actual_duration_ms"": 784.642}]",,,,,0,0,1,0,1,,,,,,,,,,,,,,,,,,,,,,,,,,,,,,,3.0,change,0.0,"[-0.76, 114.23]","[[-0.76, 114.23], [118.12, -90.79], [-70.58, 204.97]]","[""yellow"", ""blue"", ""purple""]","[""red"", ""blue"", ""purple""]",yellow,red,j,change,1.0,3.0,1.0
23,23_T1_20260520_152952,PA,T1,standard,hci_substudy_v2,1,telemetry_v4,change_detection,4,formal_cd,formal,1,31,39,formal,N2_change,1779262192,60.0,2026-05-20T15:41:23.859,0,0,0,1,684244.591,684256.136,,,,,j,,1,1980.312,,,,687844.591,687923.217,689942.18,4000,2018.963,689942.18,"[{""stage_name"": ""fixation"", ""planned_duration_ms"": 100, ""intended_onset_ms"": 684244.591, ""actual_onset_global_ms"": 684256.136, ""actual_offset_global_ms"": 684373.296, ""actual_duration_ms"": 117.16}, {""stage_name"": ""memory_array"", ""planned_duration_ms"": 2500, ""intended_onset_ms"": 684344.591, ""actual_onset_global_ms"": 684388.273, ""actual_offset_global_ms"": 686898.576, ""actual_duration_ms"": 2510.303}, {""stage_name"": ""delay"", ""planned_duration_ms"": 1000, ""intended_onset_ms"": 686898.576, ""actual_onset_global_ms"": 686888.904, ""actual_offset_global_ms"": 687906.927, ""actual_duration_ms"": 1018.023}, {""stage_name"": ""test_array"", ""planned_duration_ms"": 4000, ""intended_onset_ms"": 687906.927, ""actual_onset_global_ms"": 687923.217, ""actual_offset_global_ms"": 689942.18, ""actual_duration_ms"": 2018.963}]",,,,,0,0,1,0,1,,,,,,,,,,,,,,,,,,,,,,,,,,,,,,,2.0,change,1.0,"[-94.92, 26.15]","[[192.56, -180.06], [-94.92, 26.15]]","[""blue"", ""red""]","[""blue"", ""yellow""]",red,yellow,j,change,1.0,2.0,1.0
23,23_T1_20260520_152952,PA,T1,standard,hci_substudy_v2,1,telemetry_v4,change_detection,4,formal_cd,formal,1,32,40,formal,N4_same,1779262192,60.0,2026-05-20T15:41:29.561,0,0,0,1,689945.89,689958.744,,,,,s,,1,1638.081,,,,693545.89,693661.484,695345.622,4000,1684.138,695345.622,"[{""stage_name"": ""fixation"", ""planned_duration_ms"": 100, ""intended_onset_ms"": 689945.89, ""actual_onset_global_ms"": 689958.744, ""actual_offset_global_ms"": 690075.822, ""actual_duration_ms"": 117.078}, {""stage_name"": ""memory_array"", ""planned_duration_ms"": 2500, ""intended_onset_ms"": 690045.89, ""actual_onset_global_ms"": 690114.546, ""actual_offset_global_ms"": 692614.682, ""actual_duration_ms"": 2500.136}, {""stage_name"": ""delay"", ""planned_duration_ms"": 1000, ""intended_onset_ms"": 692614.682, ""actual_onset_global_ms"": 692609.107, ""actual_offset_global_ms"": 693625.29, ""actual_duration_ms"": 1016.183}, {""stage_name"": ""test_array"", ""planned_duration_ms"": 4000, ""intended_onset_ms"": 693625.29, ""actual_onset_global_ms"": 693661.484, ""actual_offset_global_ms"": 695345.622, ""actual_duration_ms"": 1684.138}]",,,,,0,0,1,0,1,,,,,,,,,,,,,,,,,,,,,,,,,,,,,,,4.0,same,3.0,"[-46.85, 89.1]","[[-33.3, 193.42], [124.17, -200.94], [-124.66, -162.45], [-46.85, 89.1]]","[""yellow"", ""blue"", ""red"", ""green""]","[""yellow"", ""blue"", ""red"", ""green""]",green,green,s,same,1.0,6.0,1.0
23,23_T1_20260520_152952,PA,T1,standard,hci_substudy_v2,1,telemetry_v4,change_detection,4,formal_cd,formal,1,33,41,formal,N4_change,1779262192,60.0,2026-05-20T15:41:34.965,0,0,0,1,695350.317,695359.812,,,,,j,,1,680.512,,,,698950.317,699043.288,699736.589,4000,693.301,699736.589,"[{""stage_name"": ""fixation"", ""planned_duration_ms"": 100, ""intended_onset_ms"": 695350.317, ""actual_onset_global_ms"": 695359.812, ""actual_offset_global_ms"": 695474.938, ""actual_duration_ms"": 115.126}, {""stage_name"": ""memory_array"", ""planned_duration_ms"": 2500, ""intended_onset_ms"": 695450.317, ""actual_onset_global_ms"": 695512.095, ""actual_offset_global_ms"": 698003.585, ""actual_duration_ms"": 2491.49}, {""stage_name"": ""delay"", ""planned_duration_ms"": 1000, ""intended_onset_ms"": 698003.585, ""actual_onset_global_ms"": 697996.054, ""actual_offset_global_ms"": 699007.891, ""actual_duration_ms"": 1011.837}, {""stage_name"": ""test_array"", ""planned_duration_ms"": 4000, ""intended_onset_ms"": 699007.891, ""actual_onset_global_ms"": 699043.288, ""actual_offset_global_ms"": 699736.589, ""actual_duration_ms"": 693.301}]",,,,,0,0,1,0,1,,,,,,,,,,,,,,,,,,,,,,,,,,,,,,,4.0,change,1.0,"[-136.64, -212.65]","[[206.26, 192.39], [-136.64, -212.65], [7.96, -240.77], [-122.06, 215.67]]","[""purple"", ""red"", ""green"", ""yellow""]","[""purple"", ""blue"", ""green"", ""yellow""]",red,blue,j,change,1.0,4.0,1.0
23,23_T1_20260520_152952,PA,T1,standard,hci_substudy_v2,1,telemetry_v4,change_detection,4,formal_cd,formal,1,34,42,formal,N1_change,1779262192,60.0,2026-05-20T15:41:39.355,0,0,0,1,699740.264,699753.077,,,,,j,,1,576.967,,,,703340.264,703395.896,703996.427,4000,600.531,703996.427,"[{""stage_name"": ""fixation"", ""planned_duration_ms"": 100, ""intended_onset_ms"": 699740.264, ""actual_onset_global_ms"": 699753.077, ""actual_offset_global_ms"": 699870.156, ""actual_duration_ms"": 117.079}, {""stage_name"": ""memory_array"", ""planned_duration_ms"": 2500, ""intended_onset_ms"": 699840.264, ""actual_onset_global_ms"": 699874.374, ""actual_offset_global_ms"": 702370.643, ""actual_duration_ms"": 2496.269}, {""stage_name"": ""delay"", ""planned_duration_ms"": 1000, ""intended_onset_ms"": 702370.643, ""actual_onset_global_ms"": 702370.417, ""actual_offset_global_ms"": 703388.617, ""actual_duration_ms"": 1018.2}, {""stage_name"": ""test_array"", ""planned_duration_ms"": 4000, ""intended_onset_ms"": 703388.617, ""actual_onset_global_ms"": 703395.896, ""actual_offset_global_ms"": 703996.427, ""actual_duration_ms"": 600.531}]",,,,,0,0,1,0,1,,,,,,,,,,,,,,,,,,,,,,,,,,,,,,,1.0,change,0.0,"[-185.81, 0.71]","[[-185.81, 0.71]]","[""yellow""]","[""blue""]",yellow,blue,j,change,1.0,1.0,1.0
23,23_T1_20260520_152952,PA,T1,standard,hci_substudy_v2,1,telemetry_v4,change_detection,4,formal_cd,formal,1,35,43,formal,N3_same,1779262192,60.0,2026-05-20T15:41:43.615,0,0,0,1,704000.917,704013.239,,,,,s,,0,507.58,,,,707600.917,707673.038,708292.311,4000,619.273,708292.311,"[{""stage_name"": ""fixation"", ""planned_duration_ms"": 100, ""intended_onset_ms"": 704000.917, ""actual_onset_global_ms"": 704013.239, ""actual_offset_global_ms"": 704129.478, ""actual_duration_ms"": 116.239}, {""stage_name"": ""memory_array"", ""planned_duration_ms"": 2500, ""intended_onset_ms"": 704100.917, ""actual_onset_global_ms"": 704155.162, ""actual_offset_global_ms"": 706636.021, ""actual_duration_ms"": 2480.859}, {""stage_name"": ""delay"", ""planned_duration_ms"": 1000, ""intended_onset_ms"": 706636.021, ""actual_onset_global_ms"": 706629.59, ""actual_offset_global_ms"": 707646.588, ""actual_duration_ms"": 1016.998}, {""stage_name"": ""test_array"", ""planned_duration_ms"": 4000, ""intended_onset_ms"": 707646.588, ""actual_onset_global_ms"": 707673.038, ""actual_offset_global_ms"": 708292.311, ""actual_duration_ms"": 619.273}]",,,,,0,0,0,0,1,,,,,,,,,,,,,,,,,,,,,,,,,,,,,,,3.0,same,1.0,"[178.98, -142.43]","[[-16.05, 92.46], [178.98, -142.43], [-158.5, -75.59]]","[""green"", ""purple"", ""yellow""]","[""green"", ""purple"", ""yellow""]",purple,purple,j,change,0.0,5.0,1.0
23,23_T1_20260520_152952,PA,T1,standard,hci_substudy_v2,1,telemetry_v4,change_detection,4,formal_cd,formal,1,36,44,formal,N1_change,1779262192,60.0,2026-05-20T15:41:47.911,0,0,0,1,708296.365,708308.495,,,,,j,,0,425.071,,,,711896.365,711947.547,712383.844,4000,436.297,712383.844,"[{""stage_name"": ""fixation"", ""planned_duration_ms"": 100, ""intended_onset_ms"": 708296.365, ""actual_onset_global_ms"": 708308.495, ""actual_offset_global_ms"": 708425.564, ""actual_duration_ms"": 117.069}, {""stage_name"": ""memory_array"", ""planned_duration_ms"": 2500, ""intended_onset_ms"": 708396.365, ""actual_onset_global_ms"": 708430.734, ""actual_offset_global_ms"": 710928.375, ""actual_duration_ms"": 2497.641}, {""stage_name"": ""delay"", ""planned_duration_ms"": 1000, ""intended_onset_ms"": 710928.375, ""actual_onset_global_ms"": 710925.331, ""actual_offset_global_ms"": 711942.641, ""actual_duration_ms"": 1017.31}, {""stage_name"": ""test_array"", ""planned_duration_ms"": 4000, ""intended_onset_ms"": 711942.641, ""actual_onset_global_ms"": 711947.547, ""actual_offset_global_ms"": 712383.844, ""actual_duration_ms"": 436.297}]",,,,,0,0,0,0,1,,,,,,,,,,,,,,,,,,,,,,,,,,,,,,,1.0,change,0.0,"[-172.96, 150.98]","[[-172.96, 150.98]]","[""yellow""]","[""green""]",yellow,green,s,same,0.0,1.0,1.0
23,23_T1_20260520_152952,PA,T1,standard,hci_substudy_v2,1,telemetry_v4,change_detection,4,formal_cd,formal,1,37,45,formal,N4_same,1779262192,60.0,2026-05-20T15:41:52.003,0,0,0,1,712388.281,712400.291,,,,,s,,0,601.814,,,,715988.281,716102.144,716743.543,4000,641.399,716743.543,"[{""stage_name"": ""fixation"", ""planned_duration_ms"": 100, ""intended_onset_ms"": 712388.281, ""actual_onset_global_ms"": 712400.291, ""actual_offset_global_ms"": 712518.38, ""actual_duration_ms"": 118.089}, {""stage_name"": ""memory_array"", ""planned_duration_ms"": 2500, ""intended_onset_ms"": 712488.281, ""actual_onset_global_ms"": 712553.716, ""actual_offset_global_ms"": 715062.782, ""actual_duration_ms"": 2509.066}, {""stage_name"": ""delay"", ""planned_duration_ms"": 1000, ""intended_onset_ms"": 715062.782, ""actual_onset_global_ms"": 715054.357, ""actual_offset_global_ms"": 716067.275, ""actual_duration_ms"": 1012.918}, {""stage_name"": ""test_array"", ""planned_duration_ms"": 4000, ""intended_onset_ms"": 716067.275, ""actual_onset_global_ms"": 716102.144, ""actual_offset_global_ms"": 716743.543, ""actual_duration_ms"": 641.399}]",,,,,0,0,0,0,1,,,,,,,,,,,,,,,,,,,,,,,,,,,,,,,4.0,same,1.0,"[-51.22, -245.3]","[[251.53, -34.07], [-51.22, -245.3], [208.75, -155.03], [-193.2, -139.61]]","[""purple"", ""blue"", ""yellow"", ""red""]","[""purple"", ""blue"", ""yellow"", ""red""]",blue,blue,j,change,0.0,5.0,1.0
23,23_T1_20260520_152952,PA,T1,standard,hci_substudy_v2,1,telemetry_v4,change_detection,4,formal_cd,formal,1,38,46,formal,N1_change,1779262192,60.0,2026-05-20T15:41:56.362,0,0,0,1,716747.562,716760.0,,,,,j,,1,1147.869,,,,720347.562,720416.705,721586.868,4000,1170.163,721586.868,"[{""stage_name"": ""fixation"", ""planned_duration_ms"": 100, ""intended_onset_ms"": 716747.562, ""actual_onset_global_ms"": 716760.0, ""actual_offset_global_ms"": 716877.198, ""actual_duration_ms"": 117.198}, {""stage_name"": ""memory_array"", ""planned_duration_ms"": 2500, ""intended_onset_ms"": 716847.562, ""actual_onset_global_ms"": 716883.15, ""actual_offset_global_ms"": 719397.286, ""actual_duration_ms"": 2514.136}, {""stage_name"": ""delay"", ""planned_duration_ms"": 1000, ""intended_onset_ms"": 719397.286, ""actual_onset_global_ms"": 719393.259, ""actual_offset_global_ms"": 720410.668, ""actual_duration_ms"": 1017.409}, {""stage_name"": ""test_array"", ""planned_duration_ms"": 4000, ""intended_onset_ms"": 720410.668, ""actual_onset_global_ms"": 720416.705, ""actual_offset_global_ms"": 721586.868, ""actual_duration_ms"": 1170.163}]",,,,,0,0,1,0,1,,,,,,,,,,,,,,,,,,,,,,,,,,,,,,,1.0,change,0.0,"[160.56, 225.02]","[[160.56, 225.02]]","[""blue""]","[""green""]",blue,green,j,change,1.0,1.0,1.0
23,23_T1_20260520_152952,PA,T1,standard,hci_substudy_v2,1,telemetry_v4,change_detection,4,formal_cd,formal,1,39,47,formal,N4_same,1779262192,60.0,2026-05-20T15:42:01.205,0,0,0,1,721590.729,721603.713,,,,,s,,1,3602.097,,,,725190.729,725308.198,728932.485,4000,3624.287,728932.485,"[{""stage_name"": ""fixation"", ""planned_duration_ms"": 100, ""intended_onset_ms"": 721590.729, ""actual_onset_global_ms"": 721603.713, ""actual_offset_global_ms"": 721720.779, ""actual_duration_ms"": 117.066}, {""stage_name"": ""memory_array"", ""planned_duration_ms"": 2500, ""intended_onset_ms"": 721690.729, ""actual_onset_global_ms"": 721755.276, ""actual_offset_global_ms"": 724257.448, ""actual_duration_ms"": 2502.172}, {""stage_name"": ""delay"", ""planned_duration_ms"": 1000, ""intended_onset_ms"": 724257.448, ""actual_onset_global_ms"": 724254.799, ""actual_offset_global_ms"": 725271.07, ""actual_duration_ms"": 1016.271}, {""stage_name"": ""test_array"", ""planned_duration_ms"": 4000, ""intended_onset_ms"": 725271.07, ""actual_onset_global_ms"": 725308.198, ""actual_offset_global_ms"": 728932.485, ""actual_duration_ms"": 3624.287}]",,,,,0,1,0,0,1,,,,,,,,,,,,,,,,,,,,,,,,,,,,,,,4.0,same,3.0,"[211.24, -43.77]","[[42.61, 257.34], [-60.76, 121.29], [228.31, -142.34], [211.24, -43.77]]","[""purple"", ""green"", ""red"", ""blue""]","[""purple"", ""green"", ""red"", ""blue""]",blue,blue,s,same,1.0,6.0,1.0
23,23_T1_20260520_152952,PA,T1,standard,hci_substudy_v2,1,telemetry_v4,change_detection,4,formal_cd,formal,1,40,48,formal,N1_same,1779262192,60.0,2026-05-20T15:42:08.551,0,0,0,1,728936.652,728949.576,,,,,s,,1,1252.645,,,,732536.652,732589.947,733868.454,4000,1278.507,733868.454,"[{""stage_name"": ""fixation"", ""planned_duration_ms"": 100, ""intended_onset_ms"": 728936.652, ""actual_onset_global_ms"": 728949.576, ""actual_offset_global_ms"": 729066.176, ""actual_duration_ms"": 116.6}, {""stage_name"": ""memory_array"", ""planned_duration_ms"": 2500, ""intended_onset_ms"": 729036.652, ""actual_onset_global_ms"": 729071.27, ""actual_offset_global_ms"": 731568.825, ""actual_duration_ms"": 2497.555}, {""stage_name"": ""delay"", ""planned_duration_ms"": 1000, ""intended_onset_ms"": 731568.825, ""actual_onset_global_ms"": 731566.065, ""actual_offset_global_ms"": 732583.265, ""actual_duration_ms"": 1017.2}, {""stage_name"": ""test_array"", ""planned_duration_ms"": 4000, ""intended_onset_ms"": 732583.265, ""actual_onset_global_ms"": 732589.947, ""actual_offset_global_ms"": 733868.454, ""actual_duration_ms"": 1278.507}]",,,,,0,0,1,0,1,,,,,,,,,,,,,,,,,,,,,,,,,,,,,,,1.0,same,0.0,"[119.75, 121.23]","[[119.75, 121.23]]","[""green""]","[""green""]",green,green,s,same,1.0,1.0,1.0
23,23_T1_20260520_152952,PA,T1,standard,hci_substudy_v2,1,telemetry_v4,change_detection,4,formal_cd,formal,1,41,49,formal,N2_change,1779262192,60.0,2026-05-20T15:42:13.488,0,0,0,1,733872.993,733885.228,,,,,j,,1,1517.908,,,,737472.993,737537.094,739103.568,4000,1566.474,739103.568,"[{""stage_name"": ""fixation"", ""planned_duration_ms"": 100, ""intended_onset_ms"": 733872.993, ""actual_onset_global_ms"": 733885.228, ""actual_offset_global_ms"": 734002.152, ""actual_duration_ms"": 116.924}, {""stage_name"": ""memory_array"", ""planned_duration_ms"": 2500, ""intended_onset_ms"": 733972.993, ""actual_onset_global_ms"": 734016.722, ""actual_offset_global_ms"": 736509.088, ""actual_duration_ms"": 2492.366}, {""stage_name"": ""delay"", ""planned_duration_ms"": 1000, ""intended_onset_ms"": 736509.088, ""actual_onset_global_ms"": 736501.805, ""actual_offset_global_ms"": 737520.643, ""actual_duration_ms"": 1018.838}, {""stage_name"": ""test_array"", ""planned_duration_ms"": 4000, ""intended_onset_ms"": 737520.643, ""actual_onset_global_ms"": 737537.094, ""actual_offset_global_ms"": 739103.568, ""actual_duration_ms"": 1566.474}]",,,,,0,0,1,0,1,,,,,,,,,,,,,,,,,,,,,,,,,,,,,,,2.0,change,1.0,"[-182.99, 182.48]","[[157.34, -38.32], [-182.99, 182.48]]","[""purple"", ""yellow""]","[""purple"", ""blue""]",yellow,blue,j,change,1.0,3.0,1.0
23,23_T1_20260520_152952,PA,T1,standard,hci_substudy_v2,1,telemetry_v4,change_detection,4,formal_cd,formal,1,42,50,formal,N3_change,1779262192,60.0,2026-05-20T15:42:18.724,0,0,0,1,739109.566,739121.875,,,,,j,,1,2690.864,,,,742709.566,742778.219,745499.992,4000,2721.773,745499.992,"[{""stage_name"": ""fixation"", ""planned_duration_ms"": 100, ""intended_onset_ms"": 739109.566, ""actual_onset_global_ms"": 739121.875, ""actual_offset_global_ms"": 739236.252, ""actual_duration_ms"": 114.377}, {""stage_name"": ""memory_array"", ""planned_duration_ms"": 2500, ""intended_onset_ms"": 739209.566, ""actual_onset_global_ms"": 739261.43, ""actual_offset_global_ms"": 741752.719, ""actual_duration_ms"": 2491.289}, {""stage_name"": ""delay"", ""planned_duration_ms"": 1000, ""intended_onset_ms"": 741752.719, ""actual_onset_global_ms"": 741753.634, ""actual_offset_global_ms"": 742752.925, ""actual_duration_ms"": 999.291}, {""stage_name"": ""test_array"", ""planned_duration_ms"": 4000, ""intended_onset_ms"": 742752.925, ""actual_onset_global_ms"": 742778.219, ""actual_offset_global_ms"": 745499.992, ""actual_duration_ms"": 2721.773}]",,,,,0,0,1,0,1,,,,,,,,,,,,,,,,,,,,,,,,,,,,,,,3.0,change,2.0,"[-141.06, 50.56]","[[-22.75, -175.91], [-155.92, -98.08], [-141.06, 50.56]]","[""red"", ""blue"", ""purple""]","[""red"", ""blue"", ""yellow""]",purple,yellow,j,change,1.0,4.0,1.0
23,23_T1_20260520_152952,PA,T1,standard,hci_substudy_v2,1,telemetry_v4,change_detection,4,formal_cd,formal,1,43,51,formal,N1_change,1779262192,60.0,2026-05-20T15:42:25.119,0,0,0,1,745504.064,745515.389,,,,,j,,1,1990.404,,,,749104.064,749154.656,751162.511,4000,2007.855,751162.511,"[{""stage_name"": ""fixation"", ""planned_duration_ms"": 100, ""intended_onset_ms"": 745504.064, ""actual_onset_global_ms"": 745515.389, ""actual_offset_global_ms"": 745633.913, ""actual_duration_ms"": 118.524}, {""stage_name"": ""memory_array"", ""planned_duration_ms"": 2500, ""intended_onset_ms"": 745604.064, ""actual_onset_global_ms"": 745639.758, ""actual_offset_global_ms"": 748147.345, ""actual_duration_ms"": 2507.587}, {""stage_name"": ""delay"", ""planned_duration_ms"": 1000, ""intended_onset_ms"": 748147.345, ""actual_onset_global_ms"": 748137.404, ""actual_offset_global_ms"": 749149.205, ""actual_duration_ms"": 1011.801}, {""stage_name"": ""test_array"", ""planned_duration_ms"": 4000, ""intended_onset_ms"": 749149.205, ""actual_onset_global_ms"": 749154.656, ""actual_offset_global_ms"": 751162.511, ""actual_duration_ms"": 2007.855}]",,,,,0,0,1,0,1,,,,,,,,,,,,,,,,,,,,,,,,,,,,,,,1.0,change,0.0,"[-246.55, -251.24]","[[-246.55, -251.24]]","[""red""]","[""purple""]",red,purple,j,change,1.0,1.0,1.0
23,23_T1_20260520_152952,PA,T1,standard,hci_substudy_v2,1,telemetry_v4,change_detection,4,formal_cd,formal,1,44,52,formal,N2_same,1779262192,60.0,2026-05-20T15:42:30.782,0,0,0,1,751167.226,751178.192,,,,,s,,1,1337.362,,,,754767.226,754843.212,756219.102,4000,1375.89,756219.102,"[{""stage_name"": ""fixation"", ""planned_duration_ms"": 100, ""intended_onset_ms"": 751167.226, ""actual_onset_global_ms"": 751178.192, ""actual_offset_global_ms"": 751294.722, ""actual_duration_ms"": 116.53}, {""stage_name"": ""memory_array"", ""planned_duration_ms"": 2500, ""intended_onset_ms"": 751267.226, ""actual_onset_global_ms"": 751309.912, ""actual_offset_global_ms"": 753815.471, ""actual_duration_ms"": 2505.559}, {""stage_name"": ""delay"", ""planned_duration_ms"": 1000, ""intended_onset_ms"": 753815.471, ""actual_onset_global_ms"": 753811.447, ""actual_offset_global_ms"": 754828.087, ""actual_duration_ms"": 1016.64}, {""stage_name"": ""test_array"", ""planned_duration_ms"": 4000, ""intended_onset_ms"": 754828.087, ""actual_onset_global_ms"": 754843.212, ""actual_offset_global_ms"": 756219.102, ""actual_duration_ms"": 1375.89}]",,,,,0,0,1,0,1,,,,,,,,,,,,,,,,,,,,,,,,,,,,,,,2.0,same,0.0,"[-168.79, 39.4]","[[-168.79, 39.4], [219.99, -218.85]]","[""green"", ""purple""]","[""green"", ""purple""]",green,green,s,same,1.0,3.0,1.0
23,23_T1_20260520_152952,PA,T1,standard,hci_substudy_v2,1,telemetry_v4,change_detection,4,formal_cd,formal,1,45,53,formal,N4_change,1779262192,60.0,2026-05-20T15:42:35.838,0,0,0,1,756223.41,756232.697,,,,,j,,1,1301.062,,,,759823.41,759935.849,761280.116,4000,1344.267,761280.116,"[{""stage_name"": ""fixation"", ""planned_duration_ms"": 100, ""intended_onset_ms"": 756223.41, ""actual_onset_global_ms"": 756232.697, ""actual_offset_global_ms"": 756348.251, ""actual_duration_ms"": 115.554}, {""stage_name"": ""memory_array"", ""planned_duration_ms"": 2500, ""intended_onset_ms"": 756323.41, ""actual_onset_global_ms"": 756383.929, ""actual_offset_global_ms"": 758889.008, ""actual_duration_ms"": 2505.079}, {""stage_name"": ""delay"", ""planned_duration_ms"": 1000, ""intended_onset_ms"": 758889.008, ""actual_onset_global_ms"": 758881.533, ""actual_offset_global_ms"": 759899.217, ""actual_duration_ms"": 1017.684}, {""stage_name"": ""test_array"", ""planned_duration_ms"": 4000, ""intended_onset_ms"": 759899.217, ""actual_onset_global_ms"": 759935.849, ""actual_offset_global_ms"": 761280.116, ""actual_duration_ms"": 1344.267}]",,,,,0,0,1,0,1,,,,,,,,,,,,,,,,,,,,,,,,,,,,,,,4.0,change,1.0,"[147.34, 161.0]","[[-239.6, -254.66], [147.34, 161.0], [-38.66, -81.32], [-196.29, -95.49]]","[""yellow"", ""blue"", ""purple"", ""red""]","[""yellow"", ""green"", ""purple"", ""red""]",blue,green,j,change,1.0,4.0,1.0
23,23_T1_20260520_152952,PA,T1,standard,hci_substudy_v2,1,telemetry_v4,change_detection,4,formal_cd,formal,1,46,54,formal,N2_same,1779262192,60.0,2026-05-20T15:42:40.899,0,0,0,1,761284.571,761296.013,,,,,s,,1,1827.137,,,,764884.571,764962.837,766797.686,4000,1834.849,766797.686,"[{""stage_name"": ""fixation"", ""planned_duration_ms"": 100, ""intended_onset_ms"": 761284.571, ""actual_onset_global_ms"": 761296.013, ""actual_offset_global_ms"": 761413.453, ""actual_duration_ms"": 117.44}, {""stage_name"": ""memory_array"", ""planned_duration_ms"": 2500, ""intended_onset_ms"": 761384.571, ""actual_onset_global_ms"": 761430.154, ""actual_offset_global_ms"": 763944.066, ""actual_duration_ms"": 2513.912}, {""stage_name"": ""delay"", ""planned_duration_ms"": 1000, ""intended_onset_ms"": 763944.066, ""actual_onset_global_ms"": 763945.371, ""actual_offset_global_ms"": 764946.672, ""actual_duration_ms"": 1001.301}, {""stage_name"": ""test_array"", ""planned_duration_ms"": 4000, ""intended_onset_ms"": 764946.672, ""actual_onset_global_ms"": 764962.837, ""actual_offset_global_ms"": 766797.686, ""actual_duration_ms"": 1834.849}]",,,,,0,0,1,0,1,,,,,,,,,,,,,,,,,,,,,,,,,,,,,,,2.0,same,1.0,"[28.96, -178.38]","[[-146.6, -253.02], [28.96, -178.38]]","[""green"", ""blue""]","[""green"", ""blue""]",blue,blue,s,same,1.0,2.0,1.0
23,23_T1_20260520_152952,PA,T1,standard,hci_substudy_v2,1,telemetry_v4,change_detection,4,formal_cd,formal,1,47,55,formal,N2_same,1779262192,60.0,2026-05-20T15:42:46.416,0,0,0,1,766801.709,766813.242,,,,,s,,0,286.642,,,,770401.709,770479.002,770782.972,4000,303.97,770782.972,"[{""stage_name"": ""fixation"", ""planned_duration_ms"": 100, ""intended_onset_ms"": 766801.709, ""actual_onset_global_ms"": 766813.242, ""actual_offset_global_ms"": 766929.427, ""actual_duration_ms"": 116.185}, {""stage_name"": ""memory_array"", ""planned_duration_ms"": 2500, ""intended_onset_ms"": 766901.709, ""actual_onset_global_ms"": 766944.56, ""actual_offset_global_ms"": 769451.907, ""actual_duration_ms"": 2507.347}, {""stage_name"": ""delay"", ""planned_duration_ms"": 1000, ""intended_onset_ms"": 769451.907, ""actual_onset_global_ms"": 769445.738, ""actual_offset_global_ms"": 770463.511, ""actual_duration_ms"": 1017.773}, {""stage_name"": ""test_array"", ""planned_duration_ms"": 4000, ""intended_onset_ms"": 770463.511, ""actual_onset_global_ms"": 770479.002, ""actual_offset_global_ms"": 770782.972, ""actual_duration_ms"": 303.97}]",,,,,0,0,0,0,1,,,,,,,,,,,,,,,,,,,,,,,,,,,,,,,2.0,same,1.0,"[250.54, 206.35]","[[234.91, -69.05], [250.54, 206.35]]","[""green"", ""purple""]","[""green"", ""purple""]",purple,purple,j,change,0.0,3.0,1.0
23,23_T1_20260520_152952,PA,T1,standard,hci_substudy_v2,1,telemetry_v4,change_detection,4,formal_cd,formal,1,48,56,formal,N3_same,1779262192,60.0,2026-05-20T15:42:50.403,0,0,0,1,770788.141,770800.311,,,,,s,,1,1964.781,,,,774388.141,774492.803,776514.075,4000,2021.272,776514.075,"[{""stage_name"": ""fixation"", ""planned_duration_ms"": 100, ""intended_onset_ms"": 770788.141, ""actual_onset_global_ms"": 770800.311, ""actual_offset_global_ms"": 770917.011, ""actual_duration_ms"": 116.7}, {""stage_name"": ""memory_array"", ""planned_duration_ms"": 2500, ""intended_onset_ms"": 770888.141, ""actual_onset_global_ms"": 770943.771, ""actual_offset_global_ms"": 773452.261, ""actual_duration_ms"": 2508.49}, {""stage_name"": ""delay"", ""planned_duration_ms"": 1000, ""intended_onset_ms"": 773452.261, ""actual_onset_global_ms"": 773449.38, ""actual_offset_global_ms"": 774466.061, ""actual_duration_ms"": 1016.681}, {""stage_name"": ""test_array"", ""planned_duration_ms"": 4000, ""intended_onset_ms"": 774466.061, ""actual_onset_global_ms"": 774492.803, ""actual_offset_global_ms"": 776514.075, ""actual_duration_ms"": 2021.272}]",,,,,0,0,1,0,1,,,,,,,,,,,,,,,,,,,,,,,,,,,,,,,3.0,same,2.0,"[-188.52, 238.62]","[[-138.39, -85.76], [247.77, -126.86], [-188.52, 238.62]]","[""purple"", ""green"", ""blue""]","[""purple"", ""green"", ""blue""]",blue,blue,s,same,1.0,3.0,1.0
