participant_id,session_id,group,timepoint,practice_layer,practice_protocol_version,telemetry_enabled,telemetry_version,task_name,task_order_index,block_name,block_type,block_index,trial_index_within_block,trial_index_global,practice_or_formal,condition_label,random_seed,screen_refresh_hz,timestamp_iso,omission,aborted,pause_count_during_trial,repeated_practice_round,intended_trial_start_ms,actual_trial_start_ms,condition,target_direction,flankers_direction,array_pattern_text,correct_response_key,participant_response_key,response_correct,rt_ms,response_time_global_ms,feedback_type,practice_pass_flag,intended_onset_ms,actual_onset_global_ms,actual_offset_global_ms,stage_duration_planned_ms,stage_duration_actual_ms,actual_trial_end_ms,stage_records_json,feedback_audio_file,feedback_audio_start_global_ms,feedback_audio_expected_duration_ms,feedback_audio_stop_global_ms,prompt_level,support_type,support_trigger_reason,support_trigger_trial_index,rule_block_error_count,support_level,support_phase,support_duration_ms,post_support_success_streak,support_faded_after_trial,manual_intervention_flag,dccs_support_rule,dccs_error_type,dccs_dimension_highlight_used,dccs_demo_type,dccs_label_mode,dccs_post_support_rule_confusion,rule,cue_audio_file,cue_label,cue_audio_start_global_ms,cue_audio_expected_duration_ms,cue_audio_stop_global_ms,stimulus_color,stimulus_shape,stimulus_identity,trial_transition,previous_rule,current_rule,cue_to_first_response_ms,digit_support_target,digit_transform_demo_used,digit_keypad_demo_used,digit_hesitation_prompt_used,digit_post_support_span_success,span_length,trial_index_within_span,span_round,presented_sequence,correct_backward_sequence,participant_input_sequence,participant_input_string,input_method,first_key_latency_ms,response_complete_time_ms,accuracy,omission_input,delete_count,clear_count,click_count,inter_key_intervals_ms,adaptive_decision,digits_audio_onsets_ms,digits_audio_files,digits_audio_events_json,repeated_audio_once_in_practice,termination_reason,terminal_span_length,set_size,trial_type,probe_index,probe_position_xy,item_positions,item_colors_memory,item_colors_test,probe_original_color,probe_test_color,response_key,response_label,layout_generation_attempts,overlap_check_passed
031,031_T1_20260518_154511,Control,T1,standard,hci_substudy_v2,1,telemetry_v4,flanker,1,practice_single,practice,1,1,1,practice,practice_single,1779090311,95.764,2026-05-18T15:45:50.363,0,0,0,1,33714.331,33792.299,practice_single,right,none,>,j,j,1,2166.947,36055.219,correct,,33814.331,33888.272,36055.219,3000,2166.947,36655.219,"[{""stage_name"": ""fixation"", ""planned_duration_ms"": 100, ""intended_onset_ms"": 33714.331, ""actual_onset_global_ms"": 33792.299, ""actual_offset_global_ms"": 33857.768, ""actual_duration_ms"": 65.469}, {""stage_name"": ""stimulus"", ""planned_duration_ms"": 3000, ""intended_onset_ms"": 33814.331, ""actual_onset_global_ms"": 33888.272, ""actual_offset_global_ms"": 36055.219, ""actual_duration_ms"": 2166.947}, {""stage_name"": ""feedback"", ""planned_duration_ms"": 600, ""intended_onset_ms"": 36055.219, ""actual_onset_global_ms"": 36126.494, ""actual_offset_global_ms"": 36684.717, ""actual_duration_ms"": 558.223}]",correct.wav,36064.946,600.0,36664.946,,,,,,,,,,,,,,,,,,,,,,,,,,,,,,,,,,,,,,,,,,,,,,,,,,,,,,,,,,,,,,,,,,,,,,,
031,031_T1_20260518_154511,Control,T1,standard,hci_substudy_v2,1,telemetry_v4,flanker,1,practice_single,practice,1,2,2,practice,practice_single,1779090311,95.764,2026-05-18T15:45:53.379,0,0,0,1,36729.424,36755.654,practice_single,left,none,<,s,s,1,898.213,37775.743,correct,,36829.424,36877.53,37775.743,3000,898.213,38375.743,"[{""stage_name"": ""fixation"", ""planned_duration_ms"": 100, ""intended_onset_ms"": 36729.424, ""actual_onset_global_ms"": 36755.654, ""actual_offset_global_ms"": 36862.055, ""actual_duration_ms"": 106.401}, {""stage_name"": ""stimulus"", ""planned_duration_ms"": 3000, ""intended_onset_ms"": 36829.424, ""actual_onset_global_ms"": 36877.53, ""actual_offset_global_ms"": 37775.743, ""actual_duration_ms"": 898.213}, {""stage_name"": ""feedback"", ""planned_duration_ms"": 600, ""intended_onset_ms"": 37775.743, ""actual_onset_global_ms"": 37811.846, ""actual_offset_global_ms"": 38400.217, ""actual_duration_ms"": 588.371}]",correct.wav,37783.652,600.0,38383.652,,,,,,,,,,,,,,,,,,,,,,,,,,,,,,,,,,,,,,,,,,,,,,,,,,,,,,,,,,,,,,,,,,,,,,,
031,031_T1_20260518_154511,Control,T1,standard,hci_substudy_v2,1,telemetry_v4,flanker,1,practice_single,practice,1,3,3,practice,practice_single,1779090311,95.764,2026-05-18T15:45:55.044,0,0,0,1,38394.538,38421.28,practice_single,right,none,>,j,j,1,575.14,39098.809,correct,,38494.538,38523.669,39098.809,3000,575.14,39698.809,"[{""stage_name"": ""fixation"", ""planned_duration_ms"": 100, ""intended_onset_ms"": 38394.538, ""actual_onset_global_ms"": 38421.28, ""actual_offset_global_ms"": 38507.239, ""actual_duration_ms"": 85.959}, {""stage_name"": ""stimulus"", ""planned_duration_ms"": 3000, ""intended_onset_ms"": 38494.538, ""actual_onset_global_ms"": 38523.669, ""actual_offset_global_ms"": 39098.809, ""actual_duration_ms"": 575.14}, {""stage_name"": ""feedback"", ""planned_duration_ms"": 600, ""intended_onset_ms"": 39098.809, ""actual_onset_global_ms"": 39162.344, ""actual_offset_global_ms"": 39756.554, ""actual_duration_ms"": 594.21}]",correct.wav,39127.632,600.0,39727.632,,,,,,,,,,,,,,,,,,,,,,,,,,,,,,,,,,,,,,,,,,,,,,,,,,,,,,,,,,,,,,,,,,,,,,,
031,031_T1_20260518_154511,Control,T1,standard,hci_substudy_v2,1,telemetry_v4,flanker,1,practice_single,practice,1,4,4,practice,practice_single,1779090311,95.764,2026-05-18T15:45:56.400,0,0,0,1,39751.08,39774.914,practice_single,left,none,<,s,s,1,438.858,40319.008,correct,,39851.08,39880.15,40319.008,3000,438.858,40919.008,"[{""stage_name"": ""fixation"", ""planned_duration_ms"": 100, ""intended_onset_ms"": 39751.08, ""actual_onset_global_ms"": 39774.914, ""actual_offset_global_ms"": 39865.267, ""actual_duration_ms"": 90.353}, {""stage_name"": ""stimulus"", ""planned_duration_ms"": 3000, ""intended_onset_ms"": 39851.08, ""actual_onset_global_ms"": 39880.15, ""actual_offset_global_ms"": 40319.008, ""actual_duration_ms"": 438.858}, {""stage_name"": ""feedback"", ""planned_duration_ms"": 600, ""intended_onset_ms"": 40319.008, ""actual_onset_global_ms"": 40357.374, ""actual_offset_global_ms"": 40950.588, ""actual_duration_ms"": 593.214}]",correct.wav,40334.85,600.0,40934.85,,,,,,,,,,,,,,,,,,,,,,,,,,,,,,,,,,,,,,,,,,,,,,,,,,,,,,,,,,,,,,,,,,,,,,,
031,031_T1_20260518_154511,Control,T1,standard,hci_substudy_v2,1,telemetry_v4,flanker,1,practice_single,practice,1,5,5,practice,practice_single,1779090311,95.764,2026-05-18T15:45:57.598,0,0,0,1,40948.56,40977.583,practice_single,right,none,>,j,j,1,460.921,41539.051,correct,,41048.56,41078.13,41539.051,3000,460.921,42139.051,"[{""stage_name"": ""fixation"", ""planned_duration_ms"": 100, ""intended_onset_ms"": 40948.56, ""actual_onset_global_ms"": 40977.583, ""actual_offset_global_ms"": 41062.341, ""actual_duration_ms"": 84.758}, {""stage_name"": ""stimulus"", ""planned_duration_ms"": 3000, ""intended_onset_ms"": 41048.56, ""actual_onset_global_ms"": 41078.13, ""actual_offset_global_ms"": 41539.051, ""actual_duration_ms"": 460.921}, {""stage_name"": ""feedback"", ""planned_duration_ms"": 600, ""intended_onset_ms"": 41539.051, ""actual_onset_global_ms"": 41607.596, ""actual_offset_global_ms"": 42201.853, ""actual_duration_ms"": 594.257}]",correct.wav,41569.734,600.0,42169.734,,,,,,,,,,,,,,,,,,,,,,,,,,,,,,,,,,,,,,,,,,,,,,,,,,,,,,,,,,,,,,,,,,,,,,,
031,031_T1_20260518_154511,Control,T1,standard,hci_substudy_v2,1,telemetry_v4,flanker,1,practice_single,practice,1,6,6,practice,practice_single,1779090311,95.764,2026-05-18T15:45:58.846,0,0,0,1,42196.467,42219.243,practice_single,left,none,<,s,s,1,753.739,43091.901,correct,,42296.467,42338.162,43091.901,3000,753.739,43691.901,"[{""stage_name"": ""fixation"", ""planned_duration_ms"": 100, ""intended_onset_ms"": 42196.467, ""actual_onset_global_ms"": 42219.243, ""actual_offset_global_ms"": 42324.099, ""actual_duration_ms"": 104.856}, {""stage_name"": ""stimulus"", ""planned_duration_ms"": 3000, ""intended_onset_ms"": 42296.467, ""actual_onset_global_ms"": 42338.162, ""actual_offset_global_ms"": 43091.901, ""actual_duration_ms"": 753.739}, {""stage_name"": ""feedback"", ""planned_duration_ms"": 600, ""intended_onset_ms"": 43091.901, ""actual_onset_global_ms"": 43158.067, ""actual_offset_global_ms"": 43730.856, ""actual_duration_ms"": 572.789}]",correct.wav,43118.013,600.0,43718.013,,,,,,,,,,,,,,,,,,,,,,,,,,,,,,,,,,,,,,,,,,,,,,,,,,,,,,,,,,,,,,,,,,,,,,,
031,031_T1_20260518_154511,Control,T1,standard,hci_substudy_v2,1,telemetry_v4,flanker,1,practice_full,practice,2,1,7,practice,incongruent,1779090311,95.764,2026-05-18T15:46:12.078,0,0,0,1,55427.955,55454.674,incongruent,right,left,<<><<,j,j,1,2049.413,57629.009,correct,0.0,55527.955,55579.596,57629.009,3000,2049.413,58229.009,"[{""stage_name"": ""fixation"", ""planned_duration_ms"": 100, ""intended_onset_ms"": 55427.955, ""actual_onset_global_ms"": 55454.674, ""actual_offset_global_ms"": 55557.694, ""actual_duration_ms"": 103.02}, {""stage_name"": ""stimulus"", ""planned_duration_ms"": 3000, ""intended_onset_ms"": 55527.955, ""actual_onset_global_ms"": 55579.596, ""actual_offset_global_ms"": 57629.009, ""actual_duration_ms"": 2049.413}, {""stage_name"": ""feedback"", ""planned_duration_ms"": 600, ""intended_onset_ms"": 57629.009, ""actual_onset_global_ms"": 57669.454, ""actual_offset_global_ms"": 58253.932, ""actual_duration_ms"": 584.478}]",correct.wav,57641.108,600.0,58241.108,,,,,,,,,,,,,,,,,,,,,,,,,,,,,,,,,,,,,,,,,,,,,,,,,,,,,,,,,,,,,,,,,,,,,,,
031,031_T1_20260518_154511,Control,T1,standard,hci_substudy_v2,1,telemetry_v4,flanker,1,practice_full,practice,2,2,8,practice,congruent,1779090311,95.764,2026-05-18T15:46:14.900,0,0,0,1,58250.078,58273.928,congruent,left,left,<<<<<,s,j,0,1610.823,59993.033,incorrect,0.0,58350.078,58382.21,59993.033,3000,1610.823,60593.033,"[{""stage_name"": ""fixation"", ""planned_duration_ms"": 100, ""intended_onset_ms"": 58250.078, ""actual_onset_global_ms"": 58273.928, ""actual_offset_global_ms"": 58361.517, ""actual_duration_ms"": 87.589}, {""stage_name"": ""stimulus"", ""planned_duration_ms"": 3000, ""intended_onset_ms"": 58350.078, ""actual_onset_global_ms"": 58382.21, ""actual_offset_global_ms"": 59993.033, ""actual_duration_ms"": 1610.823}, {""stage_name"": ""feedback"", ""planned_duration_ms"": 600, ""intended_onset_ms"": 59993.033, ""actual_onset_global_ms"": 60039.602, ""actual_offset_global_ms"": 60624.987, ""actual_duration_ms"": 585.385}]",incorrect.wav,60006.798,600.0,60606.798,,,,,,,,,,,,,,,,,,,,,,,,,,,,,,,,,,,,,,,,,,,,,,,,,,,,,,,,,,,,,,,,,,,,,,,
031,031_T1_20260518_154511,Control,T1,standard,hci_substudy_v2,1,telemetry_v4,flanker,1,practice_full,practice,2,3,9,practice,congruent,1779090311,95.764,2026-05-18T15:46:17.270,0,0,0,1,60620.439,60643.812,congruent,left,left,<<<<<,s,j,0,2088.934,62856.069,incorrect,0.0,60720.439,60767.135,62856.069,3000,2088.934,63456.069,"[{""stage_name"": ""fixation"", ""planned_duration_ms"": 100, ""intended_onset_ms"": 60620.439, ""actual_onset_global_ms"": 60643.812, ""actual_offset_global_ms"": 60749.012, ""actual_duration_ms"": 105.2}, {""stage_name"": ""stimulus"", ""planned_duration_ms"": 3000, ""intended_onset_ms"": 60720.439, ""actual_onset_global_ms"": 60767.135, ""actual_offset_global_ms"": 62856.069, ""actual_duration_ms"": 2088.934}, {""stage_name"": ""feedback"", ""planned_duration_ms"": 600, ""intended_onset_ms"": 62856.069, ""actual_onset_global_ms"": 62910.628, ""actual_offset_global_ms"": 63504.148, ""actual_duration_ms"": 593.52}]",incorrect.wav,62881.459,600.0,63481.459,,,,,,,,,,,,,,,,,,,,,,,,,,,,,,,,,,,,,,,,,,,,,,,,,,,,,,,,,,,,,,,,,,,,,,,
031,031_T1_20260518_154511,Control,T1,standard,hci_substudy_v2,1,telemetry_v4,flanker,1,practice_full,practice,2,4,10,practice,incongruent,1779090311,95.764,2026-05-18T15:46:20.149,0,0,0,1,63498.92,63523.573,incongruent,right,left,<<><<,j,s,0,9335.28,72984.097,incorrect,0.0,63598.92,63648.817,72984.097,3000,9335.28,73584.097,"[{""stage_name"": ""fixation"", ""planned_duration_ms"": 100, ""intended_onset_ms"": 63498.92, ""actual_onset_global_ms"": 63523.573, ""actual_offset_global_ms"": 63630.539, ""actual_duration_ms"": 106.966}, {""stage_name"": ""stimulus"", ""planned_duration_ms"": 3000, ""intended_onset_ms"": 63598.92, ""actual_onset_global_ms"": 63648.817, ""actual_offset_global_ms"": 72984.097, ""actual_duration_ms"": 9335.28}, {""stage_name"": ""feedback"", ""planned_duration_ms"": 600, ""intended_onset_ms"": 72984.097, ""actual_onset_global_ms"": 73038.407, ""actual_offset_global_ms"": 73629.434, ""actual_duration_ms"": 591.027}]",incorrect.wav,73015.673,600.0,73615.673,,,,,,,,,,,,,,,,,,,,,,,,,,,,,,,,,,,,,,,,,,,,,,,,,,,,,,,,,,,,,,,,,,,,,,,
031,031_T1_20260518_154511,Control,T1,standard,hci_substudy_v2,1,telemetry_v4,flanker,1,practice_full,practice,2,5,11,practice,congruent,1779090311,95.764,2026-05-18T15:46:30.273,0,0,0,1,73623.853,73647.147,congruent,right,right,>>>>>,j,j,1,4157.062,77925.184,correct,0.0,73723.853,73768.122,77925.184,3000,4157.062,78525.184,"[{""stage_name"": ""fixation"", ""planned_duration_ms"": 100, ""intended_onset_ms"": 73623.853, ""actual_onset_global_ms"": 73647.147, ""actual_offset_global_ms"": 73750.023, ""actual_duration_ms"": 102.876}, {""stage_name"": ""stimulus"", ""planned_duration_ms"": 3000, ""intended_onset_ms"": 73723.853, ""actual_onset_global_ms"": 73768.122, ""actual_offset_global_ms"": 77925.184, ""actual_duration_ms"": 4157.062}, {""stage_name"": ""feedback"", ""planned_duration_ms"": 600, ""intended_onset_ms"": 77925.184, ""actual_onset_global_ms"": 77990.182, ""actual_offset_global_ms"": 78591.209, ""actual_duration_ms"": 601.027}]",correct.wav,77962.643,600.0,78562.643,,,,,,,,,,,,,,,,,,,,,,,,,,,,,,,,,,,,,,,,,,,,,,,,,,,,,,,,,,,,,,,,,,,,,,,
031,031_T1_20260518_154511,Control,T1,standard,hci_substudy_v2,1,telemetry_v4,flanker,1,practice_full,practice,2,6,12,practice,incongruent,1779090311,95.764,2026-05-18T15:46:35.235,0,0,0,1,78585.655,78607.517,incongruent,left,right,>><>>,s,s,1,2698.519,81430.036,correct,0.0,78685.655,78731.517,81430.036,3000,2698.519,82030.036,"[{""stage_name"": ""fixation"", ""planned_duration_ms"": 100, ""intended_onset_ms"": 78585.655, ""actual_onset_global_ms"": 78607.517, ""actual_offset_global_ms"": 78714.472, ""actual_duration_ms"": 106.955}, {""stage_name"": ""stimulus"", ""planned_duration_ms"": 3000, ""intended_onset_ms"": 78685.655, ""actual_onset_global_ms"": 78731.517, ""actual_offset_global_ms"": 81430.036, ""actual_duration_ms"": 2698.519}, {""stage_name"": ""feedback"", ""planned_duration_ms"": 600, ""intended_onset_ms"": 81430.036, ""actual_onset_global_ms"": 81469.357, ""actual_offset_global_ms"": 82051.111, ""actual_duration_ms"": 581.754}]",correct.wav,81439.513,600.0,82039.513,,,,,,,,,,,,,,,,,,,,,,,,,,,,,,,,,,,,,,,,,,,,,,,,,,,,,,,,,,,,,,,,,,,,,,,
031,031_T1_20260518_154511,Control,T1,standard,hci_substudy_v2,1,telemetry_v4,flanker,1,practice_single,practice,1,1,13,practice,practice_single,1779090311,95.764,2026-05-18T15:46:48.060,0,0,0,2,91410.303,91435.619,practice_single,left,none,<,s,s,1,2187.807,93727.549,correct,,91510.303,91539.742,93727.549,3000,2187.807,94327.549,"[{""stage_name"": ""fixation"", ""planned_duration_ms"": 100, ""intended_onset_ms"": 91410.303, ""actual_onset_global_ms"": 91435.619, ""actual_offset_global_ms"": 91528.999, ""actual_duration_ms"": 93.38}, {""stage_name"": ""stimulus"", ""planned_duration_ms"": 3000, ""intended_onset_ms"": 91510.303, ""actual_onset_global_ms"": 91539.742, ""actual_offset_global_ms"": 93727.549, ""actual_duration_ms"": 2187.807}, {""stage_name"": ""feedback"", ""planned_duration_ms"": 600, ""intended_onset_ms"": 93727.549, ""actual_onset_global_ms"": 93778.009, ""actual_offset_global_ms"": 94366.431, ""actual_duration_ms"": 588.422}]",correct.wav,93749.119,600.0,94349.119,,,,,,,,,,,,,,,,,,,,,,,,,,,,,,,,,,,,,,,,,,,,,,,,,,,,,,,,,,,,,,,,,,,,,,,
031,031_T1_20260518_154511,Control,T1,standard,hci_substudy_v2,1,telemetry_v4,flanker,1,practice_single,practice,1,2,14,practice,practice_single,1779090311,95.764,2026-05-18T15:46:51.012,0,0,0,2,94362.191,94385.937,practice_single,left,none,<,s,s,1,1410.404,95918.408,correct,,94462.191,94508.004,95918.408,3000,1410.404,96518.408,"[{""stage_name"": ""fixation"", ""planned_duration_ms"": 100, ""intended_onset_ms"": 94362.191, ""actual_onset_global_ms"": 94385.937, ""actual_offset_global_ms"": 94494.017, ""actual_duration_ms"": 108.08}, {""stage_name"": ""stimulus"", ""planned_duration_ms"": 3000, ""intended_onset_ms"": 94462.191, ""actual_onset_global_ms"": 94508.004, ""actual_offset_global_ms"": 95918.408, ""actual_duration_ms"": 1410.404}, {""stage_name"": ""feedback"", ""planned_duration_ms"": 600, ""intended_onset_ms"": 95918.408, ""actual_onset_global_ms"": 95974.202, ""actual_offset_global_ms"": 96580.626, ""actual_duration_ms"": 606.424}]",correct.wav,95949.948,600.0,96549.948,,,,,,,,,,,,,,,,,,,,,,,,,,,,,,,,,,,,,,,,,,,,,,,,,,,,,,,,,,,,,,,,,,,,,,,
031,031_T1_20260518_154511,Control,T1,standard,hci_substudy_v2,1,telemetry_v4,flanker,1,practice_single,practice,1,3,15,practice,practice_single,1779090311,95.764,2026-05-18T15:46:53.224,0,0,0,2,96575.331,96597.709,practice_single,left,none,<,s,s,1,744.086,97463.179,correct,,96675.331,96719.093,97463.179,3000,744.086,98063.179,"[{""stage_name"": ""fixation"", ""planned_duration_ms"": 100, ""intended_onset_ms"": 96575.331, ""actual_onset_global_ms"": 96597.709, ""actual_offset_global_ms"": 96705.126, ""actual_duration_ms"": 107.417}, {""stage_name"": ""stimulus"", ""planned_duration_ms"": 3000, ""intended_onset_ms"": 96675.331, ""actual_onset_global_ms"": 96719.093, ""actual_offset_global_ms"": 97463.179, ""actual_duration_ms"": 744.086}, {""stage_name"": ""feedback"", ""planned_duration_ms"": 600, ""intended_onset_ms"": 97463.179, ""actual_onset_global_ms"": 97509.209, ""actual_offset_global_ms"": 98100.236, ""actual_duration_ms"": 591.027}]",correct.wav,97485.376,600.0,98085.376,,,,,,,,,,,,,,,,,,,,,,,,,,,,,,,,,,,,,,,,,,,,,,,,,,,,,,,,,,,,,,,,,,,,,,,
031,031_T1_20260518_154511,Control,T1,standard,hci_substudy_v2,1,telemetry_v4,flanker,1,practice_single,practice,1,4,16,practice,practice_single,1779090311,95.764,2026-05-18T15:46:54.746,0,0,0,2,98095.725,98119.736,practice_single,right,none,>,j,j,1,1051.342,99292.61,correct,,98195.725,98241.268,99292.61,3000,1051.342,99892.61,"[{""stage_name"": ""fixation"", ""planned_duration_ms"": 100, ""intended_onset_ms"": 98095.725, ""actual_onset_global_ms"": 98119.736, ""actual_offset_global_ms"": 98227.332, ""actual_duration_ms"": 107.596}, {""stage_name"": ""stimulus"", ""planned_duration_ms"": 3000, ""intended_onset_ms"": 98195.725, ""actual_onset_global_ms"": 98241.268, ""actual_offset_global_ms"": 99292.61, ""actual_duration_ms"": 1051.342}, {""stage_name"": ""feedback"", ""planned_duration_ms"": 600, ""intended_onset_ms"": 99292.61, ""actual_onset_global_ms"": 99337.835, ""actual_offset_global_ms"": 99931.217, ""actual_duration_ms"": 593.382}]",correct.wav,99310.134,600.0,99910.134,,,,,,,,,,,,,,,,,,,,,,,,,,,,,,,,,,,,,,,,,,,,,,,,,,,,,,,,,,,,,,,,,,,,,,,
031,031_T1_20260518_154511,Control,T1,standard,hci_substudy_v2,1,telemetry_v4,flanker,1,practice_single,practice,1,5,17,practice,practice_single,1779090311,95.764,2026-05-18T15:46:56.577,0,0,0,2,99926.897,99951.301,practice_single,right,none,>,j,j,1,780.365,100849.733,correct,,100026.897,100069.368,100849.733,3000,780.365,101449.733,"[{""stage_name"": ""fixation"", ""planned_duration_ms"": 100, ""intended_onset_ms"": 99926.897, ""actual_onset_global_ms"": 99951.301, ""actual_offset_global_ms"": 100055.887, ""actual_duration_ms"": 104.586}, {""stage_name"": ""stimulus"", ""planned_duration_ms"": 3000, ""intended_onset_ms"": 100026.897, ""actual_onset_global_ms"": 100069.368, ""actual_offset_global_ms"": 100849.733, ""actual_duration_ms"": 780.365}, {""stage_name"": ""feedback"", ""planned_duration_ms"": 600, ""intended_onset_ms"": 100849.733, ""actual_onset_global_ms"": 100886.694, ""actual_offset_global_ms"": 101495.641, ""actual_duration_ms"": 608.947}]",correct.wav,100862.646,600.0,101462.646,,,,,,,,,,,,,,,,,,,,,,,,,,,,,,,,,,,,,,,,,,,,,,,,,,,,,,,,,,,,,,,,,,,,,,,
031,031_T1_20260518_154511,Control,T1,standard,hci_substudy_v2,1,telemetry_v4,flanker,1,practice_single,practice,1,6,18,practice,practice_single,1779090311,95.764,2026-05-18T15:46:58.158,0,0,0,2,101507.785,101531.907,practice_single,right,none,>,j,j,1,704.125,102362.652,correct,,101607.785,101658.527,102362.652,3000,704.125,102962.652,"[{""stage_name"": ""fixation"", ""planned_duration_ms"": 100, ""intended_onset_ms"": 101507.785, ""actual_onset_global_ms"": 101531.907, ""actual_offset_global_ms"": 101642.457, ""actual_duration_ms"": 110.55}, {""stage_name"": ""stimulus"", ""planned_duration_ms"": 3000, ""intended_onset_ms"": 101607.785, ""actual_onset_global_ms"": 101658.527, ""actual_offset_global_ms"": 102362.652, ""actual_duration_ms"": 704.125}, {""stage_name"": ""feedback"", ""planned_duration_ms"": 600, ""intended_onset_ms"": 102362.652, ""actual_onset_global_ms"": 102409.593, ""actual_offset_global_ms"": 102993.83, ""actual_duration_ms"": 584.237}]",correct.wav,102381.412,600.0,102981.412,,,,,,,,,,,,,,,,,,,,,,,,,,,,,,,,,,,,,,,,,,,,,,,,,,,,,,,,,,,,,,,,,,,,,,,
031,031_T1_20260518_154511,Control,T1,standard,hci_substudy_v2,1,telemetry_v4,flanker,1,practice_full,practice,2,1,19,practice,incongruent,1779090311,95.764,2026-05-18T15:47:01.400,0,0,0,2,104750.288,104780.156,incongruent,left,right,>><>>,s,s,1,3103.764,107990.646,correct,1.0,104850.288,104886.882,107990.646,3000,3103.764,108590.646,"[{""stage_name"": ""fixation"", ""planned_duration_ms"": 100, ""intended_onset_ms"": 104750.288, ""actual_onset_global_ms"": 104780.156, ""actual_offset_global_ms"": 104865.296, ""actual_duration_ms"": 85.14}, {""stage_name"": ""stimulus"", ""planned_duration_ms"": 3000, ""intended_onset_ms"": 104850.288, ""actual_onset_global_ms"": 104886.882, ""actual_offset_global_ms"": 107990.646, ""actual_duration_ms"": 3103.764}, {""stage_name"": ""feedback"", ""planned_duration_ms"": 600, ""intended_onset_ms"": 107990.646, ""actual_onset_global_ms"": 108051.066, ""actual_offset_global_ms"": 108639.088, ""actual_duration_ms"": 588.022}]",correct.wav,108022.376,600.0,108622.376,,,,,,,,,,,,,,,,,,,,,,,,,,,,,,,,,,,,,,,,,,,,,,,,,,,,,,,,,,,,,,,,,,,,,,,
031,031_T1_20260518_154511,Control,T1,standard,hci_substudy_v2,1,telemetry_v4,flanker,1,practice_full,practice,2,2,20,practice,incongruent,1779090311,95.764,2026-05-18T15:47:05.283,0,0,0,2,108634.271,108656.199,incongruent,right,left,<<><<,j,j,1,1141.558,109920.571,correct,1.0,108734.271,108779.013,109920.571,3000,1141.558,110520.571,"[{""stage_name"": ""fixation"", ""planned_duration_ms"": 100, ""intended_onset_ms"": 108634.271, ""actual_onset_global_ms"": 108656.199, ""actual_offset_global_ms"": 108761.356, ""actual_duration_ms"": 105.157}, {""stage_name"": ""stimulus"", ""planned_duration_ms"": 3000, ""intended_onset_ms"": 108734.271, ""actual_onset_global_ms"": 108779.013, ""actual_offset_global_ms"": 109920.571, ""actual_duration_ms"": 1141.558}, {""stage_name"": ""feedback"", ""planned_duration_ms"": 600, ""intended_onset_ms"": 109920.571, ""actual_onset_global_ms"": 109980.95, ""actual_offset_global_ms"": 110574.422, ""actual_duration_ms"": 593.472}]",correct.wav,109954.968,600.0,110554.968,,,,,,,,,,,,,,,,,,,,,,,,,,,,,,,,,,,,,,,,,,,,,,,,,,,,,,,,,,,,,,,,,,,,,,,
031,031_T1_20260518_154511,Control,T1,standard,hci_substudy_v2,1,telemetry_v4,flanker,1,practice_full,practice,2,3,21,practice,congruent,1779090311,95.764,2026-05-18T15:47:07.219,0,0,0,2,110569.723,110592.503,congruent,left,left,<<<<<,s,s,1,755.063,111473.557,correct,1.0,110669.723,110718.494,111473.557,3000,755.063,112073.557,"[{""stage_name"": ""fixation"", ""planned_duration_ms"": 100, ""intended_onset_ms"": 110569.723, ""actual_onset_global_ms"": 110592.503, ""actual_offset_global_ms"": 110700.276, ""actual_duration_ms"": 107.773}, {""stage_name"": ""stimulus"", ""planned_duration_ms"": 3000, ""intended_onset_ms"": 110669.723, ""actual_onset_global_ms"": 110718.494, ""actual_offset_global_ms"": 111473.557, ""actual_duration_ms"": 755.063}, {""stage_name"": ""feedback"", ""planned_duration_ms"": 600, ""intended_onset_ms"": 111473.557, ""actual_onset_global_ms"": 111511.032, ""actual_offset_global_ms"": 112109.029, ""actual_duration_ms"": 597.997}]",correct.wav,111488.005,600.0,112088.005,,,,,,,,,,,,,,,,,,,,,,,,,,,,,,,,,,,,,,,,,,,,,,,,,,,,,,,,,,,,,,,,,,,,,,,
031,031_T1_20260518_154511,Control,T1,standard,hci_substudy_v2,1,telemetry_v4,flanker,1,practice_full,practice,2,4,22,practice,congruent,1779090311,95.764,2026-05-18T15:47:08.753,0,0,0,2,112103.979,112125.683,congruent,right,right,>>>>>,j,j,1,2573.597,114823.828,correct,1.0,112203.979,112250.231,114823.828,3000,2573.597,115423.828,"[{""stage_name"": ""fixation"", ""planned_duration_ms"": 100, ""intended_onset_ms"": 112103.979, ""actual_onset_global_ms"": 112125.683, ""actual_offset_global_ms"": 112233.677, ""actual_duration_ms"": 107.994}, {""stage_name"": ""stimulus"", ""planned_duration_ms"": 3000, ""intended_onset_ms"": 112203.979, ""actual_onset_global_ms"": 112250.231, ""actual_offset_global_ms"": 114823.828, ""actual_duration_ms"": 2573.597}, {""stage_name"": ""feedback"", ""planned_duration_ms"": 600, ""intended_onset_ms"": 114823.828, ""actual_onset_global_ms"": 114891.652, ""actual_offset_global_ms"": 115491.021, ""actual_duration_ms"": 599.369}]",correct.wav,114863.899,600.0,115463.899,,,,,,,,,,,,,,,,,,,,,,,,,,,,,,,,,,,,,,,,,,,,,,,,,,,,,,,,,,,,,,,,,,,,,,,
031,031_T1_20260518_154511,Control,T1,standard,hci_substudy_v2,1,telemetry_v4,flanker,1,practice_full,practice,2,5,23,practice,congruent,1779090311,95.764,2026-05-18T15:47:12.137,0,0,0,2,115486.709,115510.6,congruent,left,left,<<<<<,s,s,1,742.42,116380.306,correct,1.0,115586.709,115637.886,116380.306,3000,742.42,116980.306,"[{""stage_name"": ""fixation"", ""planned_duration_ms"": 100, ""intended_onset_ms"": 115486.709, ""actual_onset_global_ms"": 115510.6, ""actual_offset_global_ms"": 115620.655, ""actual_duration_ms"": 110.055}, {""stage_name"": ""stimulus"", ""planned_duration_ms"": 3000, ""intended_onset_ms"": 115586.709, ""actual_onset_global_ms"": 115637.886, ""actual_offset_global_ms"": 116380.306, ""actual_duration_ms"": 742.42}, {""stage_name"": ""feedback"", ""planned_duration_ms"": 600, ""intended_onset_ms"": 116380.306, ""actual_onset_global_ms"": 116416.143, ""actual_offset_global_ms"": 117012.335, ""actual_duration_ms"": 596.192}]",correct.wav,116391.263,600.0,116991.263,,,,,,,,,,,,,,,,,,,,,,,,,,,,,,,,,,,,,,,,,,,,,,,,,,,,,,,,,,,,,,,,,,,,,,,
031,031_T1_20260518_154511,Control,T1,standard,hci_substudy_v2,1,telemetry_v4,flanker,1,practice_full,practice,2,6,24,practice,incongruent,1779090311,95.764,2026-05-18T15:47:13.657,0,0,0,2,117007.453,117028.948,incongruent,right,left,<<><<,j,j,1,565.237,117717.18,correct,1.0,117107.453,117151.943,117717.18,3000,565.237,118317.18,"[{""stage_name"": ""fixation"", ""planned_duration_ms"": 100, ""intended_onset_ms"": 117007.453, ""actual_onset_global_ms"": 117028.948, ""actual_offset_global_ms"": 117133.716, ""actual_duration_ms"": 104.768}, {""stage_name"": ""stimulus"", ""planned_duration_ms"": 3000, ""intended_onset_ms"": 117107.453, ""actual_onset_global_ms"": 117151.943, ""actual_offset_global_ms"": 117717.18, ""actual_duration_ms"": 565.237}, {""stage_name"": ""feedback"", ""planned_duration_ms"": 600, ""intended_onset_ms"": 117717.18, ""actual_onset_global_ms"": 117758.325, ""actual_offset_global_ms"": 118365.465, ""actual_duration_ms"": 607.14}]",correct.wav,117734.343,600.0,118334.343,,,,,,,,,,,,,,,,,,,,,,,,,,,,,,,,,,,,,,,,,,,,,,,,,,,,,,,,,,,,,,,,,,,,,,,
031,031_T1_20260518_154511,Control,T1,standard,hci_substudy_v2,1,telemetry_v4,flanker,1,formal_block_1,formal,1,1,25,formal,congruent,1779090311,95.764,2026-05-18T15:47:22.627,0,0,0,2,125977.254,126000.93,congruent,left,left,<<<<<,s,s,1,7406.851,133536.725,none,,126077.254,126129.874,133536.725,3000,7406.851,133536.725,"[{""stage_name"": ""fixation"", ""planned_duration_ms"": 100, ""intended_onset_ms"": 125977.254, ""actual_onset_global_ms"": 126000.93, ""actual_offset_global_ms"": 126108.152, ""actual_duration_ms"": 107.222}, {""stage_name"": ""stimulus"", ""planned_duration_ms"": 3000, ""intended_onset_ms"": 126077.254, ""actual_onset_global_ms"": 126129.874, ""actual_offset_global_ms"": 133536.725, ""actual_duration_ms"": 7406.851}]",,,,,,,,,,,,,,,,,,,,,,,,,,,,,,,,,,,,,,,,,,,,,,,,,,,,,,,,,,,,,,,,,,,,,,,,,,,
031,031_T1_20260518_154511,Control,T1,standard,hci_substudy_v2,1,telemetry_v4,flanker,1,formal_block_1,formal,1,2,26,formal,incongruent,1779090311,95.764,2026-05-18T15:47:30.230,0,0,0,2,133581.577,133605.767,incongruent,left,right,>><>>,s,s,1,1129.318,134857.061,none,,133681.577,133727.743,134857.061,3000,1129.318,134857.061,"[{""stage_name"": ""fixation"", ""planned_duration_ms"": 100, ""intended_onset_ms"": 133581.577, ""actual_onset_global_ms"": 133605.767, ""actual_offset_global_ms"": 133711.503, ""actual_duration_ms"": 105.736}, {""stage_name"": ""stimulus"", ""planned_duration_ms"": 3000, ""intended_onset_ms"": 133681.577, ""actual_onset_global_ms"": 133727.743, ""actual_offset_global_ms"": 134857.061, ""actual_duration_ms"": 1129.318}]",,,,,,,,,,,,,,,,,,,,,,,,,,,,,,,,,,,,,,,,,,,,,,,,,,,,,,,,,,,,,,,,,,,,,,,,,,,
031,031_T1_20260518_154511,Control,T1,standard,hci_substudy_v2,1,telemetry_v4,flanker,1,formal_block_1,formal,1,3,27,formal,incongruent,1779090311,95.764,2026-05-18T15:47:31.517,0,0,0,2,134866.906,134891.144,incongruent,right,left,<<><<,j,j,1,2532.948,137541.863,none,,134966.906,135008.915,137541.863,3000,2532.948,137541.863,"[{""stage_name"": ""fixation"", ""planned_duration_ms"": 100, ""intended_onset_ms"": 134866.906, ""actual_onset_global_ms"": 134891.144, ""actual_offset_global_ms"": 134984.451, ""actual_duration_ms"": 93.307}, {""stage_name"": ""stimulus"", ""planned_duration_ms"": 3000, ""intended_onset_ms"": 134966.906, ""actual_onset_global_ms"": 135008.915, ""actual_offset_global_ms"": 137541.863, ""actual_duration_ms"": 2532.948}]",,,,,,,,,,,,,,,,,,,,,,,,,,,,,,,,,,,,,,,,,,,,,,,,,,,,,,,,,,,,,,,,,,,,,,,,,,,
031,031_T1_20260518_154511,Control,T1,standard,hci_substudy_v2,1,telemetry_v4,flanker,1,formal_block_1,formal,1,4,28,formal,incongruent,1779090311,95.764,2026-05-18T15:47:34.223,0,0,0,2,137574.07,137600.659,incongruent,left,right,>><>>,s,s,1,1234.724,138951.685,none,,137674.07,137716.961,138951.685,3000,1234.724,138951.685,"[{""stage_name"": ""fixation"", ""planned_duration_ms"": 100, ""intended_onset_ms"": 137574.07, ""actual_onset_global_ms"": 137600.659, ""actual_offset_global_ms"": 137692.679, ""actual_duration_ms"": 92.02}, {""stage_name"": ""stimulus"", ""planned_duration_ms"": 3000, ""intended_onset_ms"": 137674.07, ""actual_onset_global_ms"": 137716.961, ""actual_offset_global_ms"": 138951.685, ""actual_duration_ms"": 1234.724}]",,,,,,,,,,,,,,,,,,,,,,,,,,,,,,,,,,,,,,,,,,,,,,,,,,,,,,,,,,,,,,,,,,,,,,,,,,,
031,031_T1_20260518_154511,Control,T1,standard,hci_substudy_v2,1,telemetry_v4,flanker,1,formal_block_1,formal,1,5,29,formal,congruent,1779090311,95.764,2026-05-18T15:47:35.666,0,0,0,2,139017.611,139048.078,congruent,right,right,>>>>>,j,j,1,1007.103,140164.897,none,,139117.611,139157.794,140164.897,3000,1007.103,140164.897,"[{""stage_name"": ""fixation"", ""planned_duration_ms"": 100, ""intended_onset_ms"": 139017.611, ""actual_onset_global_ms"": 139048.078, ""actual_offset_global_ms"": 139137.659, ""actual_duration_ms"": 89.581}, {""stage_name"": ""stimulus"", ""planned_duration_ms"": 3000, ""intended_onset_ms"": 139117.611, ""actual_onset_global_ms"": 139157.794, ""actual_offset_global_ms"": 140164.897, ""actual_duration_ms"": 1007.103}]",,,,,,,,,,,,,,,,,,,,,,,,,,,,,,,,,,,,,,,,,,,,,,,,,,,,,,,,,,,,,,,,,,,,,,,,,,,
031,031_T1_20260518_154511,Control,T1,standard,hci_substudy_v2,1,telemetry_v4,flanker,1,formal_block_1,formal,1,6,30,formal,congruent,1779090311,95.764,2026-05-18T15:47:36.843,0,0,0,2,140193.219,140220.842,congruent,left,left,<<<<<,s,s,1,1287.329,141627.86,none,,140293.219,140340.531,141627.86,3000,1287.329,141627.86,"[{""stage_name"": ""fixation"", ""planned_duration_ms"": 100, ""intended_onset_ms"": 140193.219, ""actual_onset_global_ms"": 140220.842, ""actual_offset_global_ms"": 140316.966, ""actual_duration_ms"": 96.124}, {""stage_name"": ""stimulus"", ""planned_duration_ms"": 3000, ""intended_onset_ms"": 140293.219, ""actual_onset_global_ms"": 140340.531, ""actual_offset_global_ms"": 141627.86, ""actual_duration_ms"": 1287.329}]",,,,,,,,,,,,,,,,,,,,,,,,,,,,,,,,,,,,,,,,,,,,,,,,,,,,,,,,,,,,,,,,,,,,,,,,,,,
031,031_T1_20260518_154511,Control,T1,standard,hci_substudy_v2,1,telemetry_v4,flanker,1,formal_block_1,formal,1,7,31,formal,congruent,1779090311,95.764,2026-05-18T15:47:38.314,0,0,0,2,141663.65,141693.521,congruent,right,right,>>>>>,j,j,1,862.294,142675.029,none,,141763.65,141812.735,142675.029,3000,862.294,142675.029,"[{""stage_name"": ""fixation"", ""planned_duration_ms"": 100, ""intended_onset_ms"": 141663.65, ""actual_onset_global_ms"": 141693.521, ""actual_offset_global_ms"": 141789.844, ""actual_duration_ms"": 96.323}, {""stage_name"": ""stimulus"", ""planned_duration_ms"": 3000, ""intended_onset_ms"": 141763.65, ""actual_onset_global_ms"": 141812.735, ""actual_offset_global_ms"": 142675.029, ""actual_duration_ms"": 862.294}]",,,,,,,,,,,,,,,,,,,,,,,,,,,,,,,,,,,,,,,,,,,,,,,,,,,,,,,,,,,,,,,,,,,,,,,,,,,
031,031_T1_20260518_154511,Control,T1,standard,hci_substudy_v2,1,telemetry_v4,flanker,1,formal_block_1,formal,1,8,32,formal,incongruent,1779090311,95.764,2026-05-18T15:47:39.350,0,0,0,2,142699.581,142729.959,incongruent,right,left,<<><<,j,j,1,1646.296,144504.349,none,,142799.581,142858.053,144504.349,3000,1646.296,144504.349,"[{""stage_name"": ""fixation"", ""planned_duration_ms"": 100, ""intended_onset_ms"": 142699.581, ""actual_onset_global_ms"": 142729.959, ""actual_offset_global_ms"": 142833.477, ""actual_duration_ms"": 103.518}, {""stage_name"": ""stimulus"", ""planned_duration_ms"": 3000, ""intended_onset_ms"": 142799.581, ""actual_onset_global_ms"": 142858.053, ""actual_offset_global_ms"": 144504.349, ""actual_duration_ms"": 1646.296}]",,,,,,,,,,,,,,,,,,,,,,,,,,,,,,,,,,,,,,,,,,,,,,,,,,,,,,,,,,,,,,,,,,,,,,,,,,,
031,031_T1_20260518_154511,Control,T1,standard,hci_substudy_v2,1,telemetry_v4,flanker,1,formal_block_1,formal,1,9,33,formal,congruent,1779090311,95.764,2026-05-18T15:47:41.183,0,0,0,2,144532.739,144560.169,congruent,left,left,<<<<<,s,s,1,870.293,145550.693,none,,144632.739,144680.4,145550.693,3000,870.293,145550.693,"[{""stage_name"": ""fixation"", ""planned_duration_ms"": 100, ""intended_onset_ms"": 144532.739, ""actual_onset_global_ms"": 144560.169, ""actual_offset_global_ms"": 144656.835, ""actual_duration_ms"": 96.666}, {""stage_name"": ""stimulus"", ""planned_duration_ms"": 3000, ""intended_onset_ms"": 144632.739, ""actual_onset_global_ms"": 144680.4, ""actual_offset_global_ms"": 145550.693, ""actual_duration_ms"": 870.293}]",,,,,,,,,,,,,,,,,,,,,,,,,,,,,,,,,,,,,,,,,,,,,,,,,,,,,,,,,,,,,,,,,,,,,,,,,,,
031,031_T1_20260518_154511,Control,T1,standard,hci_substudy_v2,1,telemetry_v4,flanker,1,formal_block_1,formal,1,10,34,formal,incongruent,1779090311,95.764,2026-05-18T15:47:42.235,0,0,0,2,145585.694,145608.105,incongruent,right,left,<<><<,j,j,1,1245.867,146970.61,none,,145685.694,145724.743,146970.61,3000,1245.867,146970.61,"[{""stage_name"": ""fixation"", ""planned_duration_ms"": 100, ""intended_onset_ms"": 145585.694, ""actual_onset_global_ms"": 145608.105, ""actual_offset_global_ms"": 145699.858, ""actual_duration_ms"": 91.753}, {""stage_name"": ""stimulus"", ""planned_duration_ms"": 3000, ""intended_onset_ms"": 145685.694, ""actual_onset_global_ms"": 145724.743, ""actual_offset_global_ms"": 146970.61, ""actual_duration_ms"": 1245.867}]",,,,,,,,,,,,,,,,,,,,,,,,,,,,,,,,,,,,,,,,,,,,,,,,,,,,,,,,,,,,,,,,,,,,,,,,,,,
031,031_T1_20260518_154511,Control,T1,standard,hci_substudy_v2,1,telemetry_v4,flanker,1,formal_block_1,formal,1,11,35,formal,incongruent,1779090311,95.764,2026-05-18T15:47:43.633,0,0,0,2,146983.358,147013.465,incongruent,left,right,>><>>,s,s,1,1008.761,148149.636,none,,147083.358,147140.875,148149.636,3000,1008.761,148149.636,"[{""stage_name"": ""fixation"", ""planned_duration_ms"": 100, ""intended_onset_ms"": 146983.358, ""actual_onset_global_ms"": 147013.465, ""actual_offset_global_ms"": 147111.959, ""actual_duration_ms"": 98.494}, {""stage_name"": ""stimulus"", ""planned_duration_ms"": 3000, ""intended_onset_ms"": 147083.358, ""actual_onset_global_ms"": 147140.875, ""actual_offset_global_ms"": 148149.636, ""actual_duration_ms"": 1008.761}]",,,,,,,,,,,,,,,,,,,,,,,,,,,,,,,,,,,,,,,,,,,,,,,,,,,,,,,,,,,,,,,,,,,,,,,,,,,
031,031_T1_20260518_154511,Control,T1,standard,hci_substudy_v2,1,telemetry_v4,flanker,1,formal_block_1,formal,1,12,36,formal,incongruent,1779090311,95.764,2026-05-18T15:47:44.831,0,0,0,2,148180.891,148211.546,incongruent,left,right,>><>>,s,j,0,638.972,148970.398,none,,148280.891,148331.426,148970.398,3000,638.972,148970.398,"[{""stage_name"": ""fixation"", ""planned_duration_ms"": 100, ""intended_onset_ms"": 148180.891, ""actual_onset_global_ms"": 148211.546, ""actual_offset_global_ms"": 148308.001, ""actual_duration_ms"": 96.455}, {""stage_name"": ""stimulus"", ""planned_duration_ms"": 3000, ""intended_onset_ms"": 148280.891, ""actual_onset_global_ms"": 148331.426, ""actual_offset_global_ms"": 148970.398, ""actual_duration_ms"": 638.972}]",,,,,,,,,,,,,,,,,,,,,,,,,,,,,,,,,,,,,,,,,,,,,,,,,,,,,,,,,,,,,,,,,,,,,,,,,,,
031,031_T1_20260518_154511,Control,T1,standard,hci_substudy_v2,1,telemetry_v4,flanker,1,formal_block_1,formal,1,13,37,formal,congruent,1779090311,95.764,2026-05-18T15:47:45.632,0,0,0,2,148982.709,149017.325,congruent,right,right,>>>>>,j,j,1,1716.128,150852.866,none,,149082.709,149136.738,150852.866,3000,1716.128,150852.866,"[{""stage_name"": ""fixation"", ""planned_duration_ms"": 100, ""intended_onset_ms"": 148982.709, ""actual_onset_global_ms"": 149017.325, ""actual_offset_global_ms"": 149106.924, ""actual_duration_ms"": 89.599}, {""stage_name"": ""stimulus"", ""planned_duration_ms"": 3000, ""intended_onset_ms"": 149082.709, ""actual_onset_global_ms"": 149136.738, ""actual_offset_global_ms"": 150852.866, ""actual_duration_ms"": 1716.128}]",,,,,,,,,,,,,,,,,,,,,,,,,,,,,,,,,,,,,,,,,,,,,,,,,,,,,,,,,,,,,,,,,,,,,,,,,,,
031,031_T1_20260518_154511,Control,T1,standard,hci_substudy_v2,1,telemetry_v4,flanker,1,formal_block_1,formal,1,14,38,formal,congruent,1779090311,95.764,2026-05-18T15:47:47.533,0,0,0,2,150883.303,150913.845,congruent,right,right,>>>>>,j,j,1,1953.292,152987.716,none,,150983.303,151034.424,152987.716,3000,1953.292,152987.716,"[{""stage_name"": ""fixation"", ""planned_duration_ms"": 100, ""intended_onset_ms"": 150883.303, ""actual_onset_global_ms"": 150913.845, ""actual_offset_global_ms"": 151010.994, ""actual_duration_ms"": 97.149}, {""stage_name"": ""stimulus"", ""planned_duration_ms"": 3000, ""intended_onset_ms"": 150983.303, ""actual_onset_global_ms"": 151034.424, ""actual_offset_global_ms"": 152987.716, ""actual_duration_ms"": 1953.292}]",,,,,,,,,,,,,,,,,,,,,,,,,,,,,,,,,,,,,,,,,,,,,,,,,,,,,,,,,,,,,,,,,,,,,,,,,,,
031,031_T1_20260518_154511,Control,T1,standard,hci_substudy_v2,1,telemetry_v4,flanker,1,formal_block_1,formal,1,15,39,formal,incongruent,1779090311,95.764,2026-05-18T15:47:49.656,0,0,0,2,153006.38,153039.728,incongruent,right,left,<<><<,j,j,1,1242.07,154404.083,none,,153106.38,153162.013,154404.083,3000,1242.07,154404.083,"[{""stage_name"": ""fixation"", ""planned_duration_ms"": 100, ""intended_onset_ms"": 153006.38, ""actual_onset_global_ms"": 153039.728, ""actual_offset_global_ms"": 153136.459, ""actual_duration_ms"": 96.731}, {""stage_name"": ""stimulus"", ""planned_duration_ms"": 3000, ""intended_onset_ms"": 153106.38, ""actual_onset_global_ms"": 153162.013, ""actual_offset_global_ms"": 154404.083, ""actual_duration_ms"": 1242.07}]",,,,,,,,,,,,,,,,,,,,,,,,,,,,,,,,,,,,,,,,,,,,,,,,,,,,,,,,,,,,,,,,,,,,,,,,,,,
031,031_T1_20260518_154511,Control,T1,standard,hci_substudy_v2,1,telemetry_v4,flanker,1,formal_block_1,formal,1,16,40,formal,congruent,1779090311,95.764,2026-05-18T15:47:51.074,0,0,0,2,154425.076,154454.767,congruent,left,left,<<<<<,s,s,1,1334.427,155911.012,none,,154525.076,154576.585,155911.012,3000,1334.427,155911.012,"[{""stage_name"": ""fixation"", ""planned_duration_ms"": 100, ""intended_onset_ms"": 154425.076, ""actual_onset_global_ms"": 154454.767, ""actual_offset_global_ms"": 154553.317, ""actual_duration_ms"": 98.55}, {""stage_name"": ""stimulus"", ""planned_duration_ms"": 3000, ""intended_onset_ms"": 154525.076, ""actual_onset_global_ms"": 154576.585, ""actual_offset_global_ms"": 155911.012, ""actual_duration_ms"": 1334.427}]",,,,,,,,,,,,,,,,,,,,,,,,,,,,,,,,,,,,,,,,,,,,,,,,,,,,,,,,,,,,,,,,,,,,,,,,,,,
031,031_T1_20260518_154511,Control,T1,standard,hci_substudy_v2,1,telemetry_v4,flanker,1,formal_block_1,formal,1,17,41,formal,congruent,1779090311,95.764,2026-05-18T15:47:52.590,0,0,0,2,155939.887,155971.909,congruent,left,left,<<<<<,s,s,1,720.34,156805.121,none,,156039.887,156084.781,156805.121,3000,720.34,156805.121,"[{""stage_name"": ""fixation"", ""planned_duration_ms"": 100, ""intended_onset_ms"": 155939.887, ""actual_onset_global_ms"": 155971.909, ""actual_offset_global_ms"": 156066.839, ""actual_duration_ms"": 94.93}, {""stage_name"": ""stimulus"", ""planned_duration_ms"": 3000, ""intended_onset_ms"": 156039.887, ""actual_onset_global_ms"": 156084.781, ""actual_offset_global_ms"": 156805.121, ""actual_duration_ms"": 720.34}]",,,,,,,,,,,,,,,,,,,,,,,,,,,,,,,,,,,,,,,,,,,,,,,,,,,,,,,,,,,,,,,,,,,,,,,,,,,
031,031_T1_20260518_154511,Control,T1,standard,hci_substudy_v2,1,telemetry_v4,flanker,1,formal_block_1,formal,1,18,42,formal,incongruent,1779090311,95.764,2026-05-18T15:47:53.497,0,0,0,2,156847.515,156877.078,incongruent,right,left,<<><<,j,j,1,1003.524,158007.003,none,,156947.515,157003.479,158007.003,3000,1003.524,158007.003,"[{""stage_name"": ""fixation"", ""planned_duration_ms"": 100, ""intended_onset_ms"": 156847.515, ""actual_onset_global_ms"": 156877.078, ""actual_offset_global_ms"": 156976.203, ""actual_duration_ms"": 99.125}, {""stage_name"": ""stimulus"", ""planned_duration_ms"": 3000, ""intended_onset_ms"": 156947.515, ""actual_onset_global_ms"": 157003.479, ""actual_offset_global_ms"": 158007.003, ""actual_duration_ms"": 1003.524}]",,,,,,,,,,,,,,,,,,,,,,,,,,,,,,,,,,,,,,,,,,,,,,,,,,,,,,,,,,,,,,,,,,,,,,,,,,,
031,031_T1_20260518_154511,Control,T1,standard,hci_substudy_v2,1,telemetry_v4,flanker,1,formal_block_1,formal,1,19,43,formal,congruent,1779090311,95.764,2026-05-18T15:47:54.675,0,0,0,2,158024.845,158058.917,congruent,right,right,>>>>>,j,j,1,546.94,158725.747,none,,158124.845,158178.807,158725.747,3000,546.94,158725.747,"[{""stage_name"": ""fixation"", ""planned_duration_ms"": 100, ""intended_onset_ms"": 158024.845, ""actual_onset_global_ms"": 158058.917, ""actual_offset_global_ms"": 158154.91, ""actual_duration_ms"": 95.993}, {""stage_name"": ""stimulus"", ""planned_duration_ms"": 3000, ""intended_onset_ms"": 158124.845, ""actual_onset_global_ms"": 158178.807, ""actual_offset_global_ms"": 158725.747, ""actual_duration_ms"": 546.94}]",,,,,,,,,,,,,,,,,,,,,,,,,,,,,,,,,,,,,,,,,,,,,,,,,,,,,,,,,,,,,,,,,,,,,,,,,,,
031,031_T1_20260518_154511,Control,T1,standard,hci_substudy_v2,1,telemetry_v4,flanker,1,formal_block_1,formal,1,20,44,formal,incongruent,1779090311,95.764,2026-05-18T15:47:55.413,0,0,0,2,158763.009,158798.144,incongruent,left,right,>><>>,s,s,1,891.767,159801.416,none,,158863.009,158909.649,159801.416,3000,891.767,159801.416,"[{""stage_name"": ""fixation"", ""planned_duration_ms"": 100, ""intended_onset_ms"": 158763.009, ""actual_onset_global_ms"": 158798.144, ""actual_offset_global_ms"": 158890.991, ""actual_duration_ms"": 92.847}, {""stage_name"": ""stimulus"", ""planned_duration_ms"": 3000, ""intended_onset_ms"": 158863.009, ""actual_onset_global_ms"": 158909.649, ""actual_offset_global_ms"": 159801.416, ""actual_duration_ms"": 891.767}]",,,,,,,,,,,,,,,,,,,,,,,,,,,,,,,,,,,,,,,,,,,,,,,,,,,,,,,,,,,,,,,,,,,,,,,,,,,
031,031_T1_20260518_154511,Control,T1,standard,hci_substudy_v2,1,telemetry_v4,flanker,1,formal_block_2,formal,2,1,45,formal,congruent,1779090311,95.764,2026-05-18T15:47:56.465,0,0,0,2,159815.244,159839.89,congruent,right,right,>>>>>,j,s,0,505.518,160449.464,none,,159915.244,159943.946,160449.464,3000,505.518,160449.464,"[{""stage_name"": ""fixation"", ""planned_duration_ms"": 100, ""intended_onset_ms"": 159815.244, ""actual_onset_global_ms"": 159839.89, ""actual_offset_global_ms"": 159925.911, ""actual_duration_ms"": 86.021}, {""stage_name"": ""stimulus"", ""planned_duration_ms"": 3000, ""intended_onset_ms"": 159915.244, ""actual_onset_global_ms"": 159943.946, ""actual_offset_global_ms"": 160449.464, ""actual_duration_ms"": 505.518}]",,,,,,,,,,,,,,,,,,,,,,,,,,,,,,,,,,,,,,,,,,,,,,,,,,,,,,,,,,,,,,,,,,,,,,,,,,,
031,031_T1_20260518_154511,Control,T1,standard,hci_substudy_v2,1,telemetry_v4,flanker,1,formal_block_2,formal,2,2,46,formal,congruent,1779090311,95.764,2026-05-18T15:47:57.137,0,0,0,2,160487.36,160524.392,congruent,left,left,<<<<<,s,s,1,1162.436,161816.185,none,,160587.36,160653.749,161816.185,3000,1162.436,161816.185,"[{""stage_name"": ""fixation"", ""planned_duration_ms"": 100, ""intended_onset_ms"": 160487.36, ""actual_onset_global_ms"": 160524.392, ""actual_offset_global_ms"": 160627.675, ""actual_duration_ms"": 103.283}, {""stage_name"": ""stimulus"", ""planned_duration_ms"": 3000, ""intended_onset_ms"": 160587.36, ""actual_onset_global_ms"": 160653.749, ""actual_offset_global_ms"": 161816.185, ""actual_duration_ms"": 1162.436}]",,,,,,,,,,,,,,,,,,,,,,,,,,,,,,,,,,,,,,,,,,,,,,,,,,,,,,,,,,,,,,,,,,,,,,,,,,,
031,031_T1_20260518_154511,Control,T1,standard,hci_substudy_v2,1,telemetry_v4,flanker,1,formal_block_2,formal,2,3,47,formal,congruent,1779090311,95.764,2026-05-18T15:47:58.486,0,0,0,2,161836.838,161868.09,congruent,left,left,<<<<<,s,s,1,1532.102,163520.34,none,,161936.838,161988.238,163520.34,3000,1532.102,163520.34,"[{""stage_name"": ""fixation"", ""planned_duration_ms"": 100, ""intended_onset_ms"": 161836.838, ""actual_onset_global_ms"": 161868.09, ""actual_offset_global_ms"": 161964.306, ""actual_duration_ms"": 96.216}, {""stage_name"": ""stimulus"", ""planned_duration_ms"": 3000, ""intended_onset_ms"": 161936.838, ""actual_onset_global_ms"": 161988.238, ""actual_offset_global_ms"": 163520.34, ""actual_duration_ms"": 1532.102}]",,,,,,,,,,,,,,,,,,,,,,,,,,,,,,,,,,,,,,,,,,,,,,,,,,,,,,,,,,,,,,,,,,,,,,,,,,,
031,031_T1_20260518_154511,Control,T1,standard,hci_substudy_v2,1,telemetry_v4,flanker,1,formal_block_2,formal,2,4,48,formal,incongruent,1779090311,95.764,2026-05-18T15:48:00.212,0,0,0,2,163562.522,163594.167,incongruent,right,left,<<><<,j,j,1,917.598,164639.636,none,,163662.522,163722.038,164639.636,3000,917.598,164639.636,"[{""stage_name"": ""fixation"", ""planned_duration_ms"": 100, ""intended_onset_ms"": 163562.522, ""actual_onset_global_ms"": 163594.167, ""actual_offset_global_ms"": 163697.599, ""actual_duration_ms"": 103.432}, {""stage_name"": ""stimulus"", ""planned_duration_ms"": 3000, ""intended_onset_ms"": 163662.522, ""actual_onset_global_ms"": 163722.038, ""actual_offset_global_ms"": 164639.636, ""actual_duration_ms"": 917.598}]",,,,,,,,,,,,,,,,,,,,,,,,,,,,,,,,,,,,,,,,,,,,,,,,,,,,,,,,,,,,,,,,,,,,,,,,,,,
031,031_T1_20260518_154511,Control,T1,standard,hci_substudy_v2,1,telemetry_v4,flanker,1,formal_block_2,formal,2,5,49,formal,incongruent,1779090311,95.764,2026-05-18T15:48:01.305,0,0,0,2,164655.593,164683.313,incongruent,right,left,<<><<,j,j,1,735.451,165536.625,none,,164755.593,164801.174,165536.625,3000,735.451,165536.625,"[{""stage_name"": ""fixation"", ""planned_duration_ms"": 100, ""intended_onset_ms"": 164655.593, ""actual_onset_global_ms"": 164683.313, ""actual_offset_global_ms"": 164776.154, ""actual_duration_ms"": 92.841}, {""stage_name"": ""stimulus"", ""planned_duration_ms"": 3000, ""intended_onset_ms"": 164755.593, ""actual_onset_global_ms"": 164801.174, ""actual_offset_global_ms"": 165536.625, ""actual_duration_ms"": 735.451}]",,,,,,,,,,,,,,,,,,,,,,,,,,,,,,,,,,,,,,,,,,,,,,,,,,,,,,,,,,,,,,,,,,,,,,,,,,,
031,031_T1_20260518_154511,Control,T1,standard,hci_substudy_v2,1,telemetry_v4,flanker,1,formal_block_2,formal,2,6,50,formal,incongruent,1779090311,95.764,2026-05-18T15:48:02.219,0,0,0,2,165569.328,165609.806,incongruent,left,right,>><>>,s,s,1,855.487,166567.993,none,,165669.328,165712.506,166567.993,3000,855.487,166567.993,"[{""stage_name"": ""fixation"", ""planned_duration_ms"": 100, ""intended_onset_ms"": 165569.328, ""actual_onset_global_ms"": 165609.806, ""actual_offset_global_ms"": 165680.454, ""actual_duration_ms"": 70.648}, {""stage_name"": ""stimulus"", ""planned_duration_ms"": 3000, ""intended_onset_ms"": 165669.328, ""actual_onset_global_ms"": 165712.506, ""actual_offset_global_ms"": 166567.993, ""actual_duration_ms"": 855.487}]",,,,,,,,,,,,,,,,,,,,,,,,,,,,,,,,,,,,,,,,,,,,,,,,,,,,,,,,,,,,,,,,,,,,,,,,,,,
031,031_T1_20260518_154511,Control,T1,standard,hci_substudy_v2,1,telemetry_v4,flanker,1,formal_block_2,formal,2,7,51,formal,congruent,1779090311,95.764,2026-05-18T15:48:03.240,0,0,0,2,166590.102,166624.068,congruent,right,right,>>>>>,j,j,1,1319.814,168059.192,none,,166690.102,166739.378,168059.192,3000,1319.814,168059.192,"[{""stage_name"": ""fixation"", ""planned_duration_ms"": 100, ""intended_onset_ms"": 166590.102, ""actual_onset_global_ms"": 166624.068, ""actual_offset_global_ms"": 166717.52, ""actual_duration_ms"": 93.452}, {""stage_name"": ""stimulus"", ""planned_duration_ms"": 3000, ""intended_onset_ms"": 166690.102, ""actual_onset_global_ms"": 166739.378, ""actual_offset_global_ms"": 168059.192, ""actual_duration_ms"": 1319.814}]",,,,,,,,,,,,,,,,,,,,,,,,,,,,,,,,,,,,,,,,,,,,,,,,,,,,,,,,,,,,,,,,,,,,,,,,,,,
031,031_T1_20260518_154511,Control,T1,standard,hci_substudy_v2,1,telemetry_v4,flanker,1,formal_block_2,formal,2,8,52,formal,incongruent,1779090311,95.764,2026-05-18T15:48:04.723,0,0,0,2,168073.283,168098.288,incongruent,right,left,<<><<,j,j,1,1158.511,169388.967,none,,168173.283,168230.456,169388.967,3000,1158.511,169388.967,"[{""stage_name"": ""fixation"", ""planned_duration_ms"": 100, ""intended_onset_ms"": 168073.283, ""actual_onset_global_ms"": 168098.288, ""actual_offset_global_ms"": 168207.75, ""actual_duration_ms"": 109.462}, {""stage_name"": ""stimulus"", ""planned_duration_ms"": 3000, ""intended_onset_ms"": 168173.283, ""actual_onset_global_ms"": 168230.456, ""actual_offset_global_ms"": 169388.967, ""actual_duration_ms"": 1158.511}]",,,,,,,,,,,,,,,,,,,,,,,,,,,,,,,,,,,,,,,,,,,,,,,,,,,,,,,,,,,,,,,,,,,,,,,,,,,
031,031_T1_20260518_154511,Control,T1,standard,hci_substudy_v2,1,telemetry_v4,flanker,1,formal_block_2,formal,2,9,53,formal,incongruent,1779090311,95.764,2026-05-18T15:48:06.076,0,0,0,2,169426.473,169458.029,incongruent,right,left,<<><<,j,j,1,1357.616,170937.935,none,,169526.473,169580.319,170937.935,3000,1357.616,170937.935,"[{""stage_name"": ""fixation"", ""planned_duration_ms"": 100, ""intended_onset_ms"": 169426.473, ""actual_onset_global_ms"": 169458.029, ""actual_offset_global_ms"": 169554.999, ""actual_duration_ms"": 96.97}, {""stage_name"": ""stimulus"", ""planned_duration_ms"": 3000, ""intended_onset_ms"": 169526.473, ""actual_onset_global_ms"": 169580.319, ""actual_offset_global_ms"": 170937.935, ""actual_duration_ms"": 1357.616}]",,,,,,,,,,,,,,,,,,,,,,,,,,,,,,,,,,,,,,,,,,,,,,,,,,,,,,,,,,,,,,,,,,,,,,,,,,,
031,031_T1_20260518_154511,Control,T1,standard,hci_substudy_v2,1,telemetry_v4,flanker,1,formal_block_2,formal,2,10,54,formal,congruent,1779090311,95.764,2026-05-18T15:48:07.631,0,0,0,2,170980.403,171007.945,congruent,left,left,<<<<<,s,s,1,1031.486,172161.07,none,,171080.403,171129.584,172161.07,3000,1031.486,172161.07,"[{""stage_name"": ""fixation"", ""planned_duration_ms"": 100, ""intended_onset_ms"": 170980.403, ""actual_onset_global_ms"": 171007.945, ""actual_offset_global_ms"": 171104.802, ""actual_duration_ms"": 96.857}, {""stage_name"": ""stimulus"", ""planned_duration_ms"": 3000, ""intended_onset_ms"": 171080.403, ""actual_onset_global_ms"": 171129.584, ""actual_offset_global_ms"": 172161.07, ""actual_duration_ms"": 1031.486}]",,,,,,,,,,,,,,,,,,,,,,,,,,,,,,,,,,,,,,,,,,,,,,,,,,,,,,,,,,,,,,,,,,,,,,,,,,,
031,031_T1_20260518_154511,Control,T1,standard,hci_substudy_v2,1,telemetry_v4,flanker,1,formal_block_2,formal,2,11,55,formal,incongruent,1779090311,95.764,2026-05-18T15:48:08.855,0,0,0,2,172204.524,172230.977,incongruent,left,right,>><>>,s,s,1,824.158,173176.969,none,,172304.524,172352.811,173176.969,3000,824.158,173176.969,"[{""stage_name"": ""fixation"", ""planned_duration_ms"": 100, ""intended_onset_ms"": 172204.524, ""actual_onset_global_ms"": 172230.977, ""actual_offset_global_ms"": 172325.51, ""actual_duration_ms"": 94.533}, {""stage_name"": ""stimulus"", ""planned_duration_ms"": 3000, ""intended_onset_ms"": 172304.524, ""actual_onset_global_ms"": 172352.811, ""actual_offset_global_ms"": 173176.969, ""actual_duration_ms"": 824.158}]",,,,,,,,,,,,,,,,,,,,,,,,,,,,,,,,,,,,,,,,,,,,,,,,,,,,,,,,,,,,,,,,,,,,,,,,,,,
031,031_T1_20260518_154511,Control,T1,standard,hci_substudy_v2,1,telemetry_v4,flanker,1,formal_block_2,formal,2,12,56,formal,congruent,1779090311,95.764,2026-05-18T15:48:09.850,0,0,0,2,173200.439,173233.951,congruent,right,right,>>>>>,j,j,1,798.969,174154.654,none,,173300.439,173355.685,174154.654,3000,798.969,174154.654,"[{""stage_name"": ""fixation"", ""planned_duration_ms"": 100, ""intended_onset_ms"": 173200.439, ""actual_onset_global_ms"": 173233.951, ""actual_offset_global_ms"": 173332.704, ""actual_duration_ms"": 98.753}, {""stage_name"": ""stimulus"", ""planned_duration_ms"": 3000, ""intended_onset_ms"": 173300.439, ""actual_onset_global_ms"": 173355.685, ""actual_offset_global_ms"": 174154.654, ""actual_duration_ms"": 798.969}]",,,,,,,,,,,,,,,,,,,,,,,,,,,,,,,,,,,,,,,,,,,,,,,,,,,,,,,,,,,,,,,,,,,,,,,,,,,
031,031_T1_20260518_154511,Control,T1,standard,hci_substudy_v2,1,telemetry_v4,flanker,1,formal_block_2,formal,2,13,57,formal,incongruent,1779090311,95.764,2026-05-18T15:48:10.821,0,0,0,2,174170.556,174198.632,incongruent,left,right,>><>>,s,j,0,513.523,174825.607,none,,174270.556,174312.084,174825.607,3000,513.523,174825.607,"[{""stage_name"": ""fixation"", ""planned_duration_ms"": 100, ""intended_onset_ms"": 174170.556, ""actual_onset_global_ms"": 174198.632, ""actual_offset_global_ms"": 174287.744, ""actual_duration_ms"": 89.112}, {""stage_name"": ""stimulus"", ""planned_duration_ms"": 3000, ""intended_onset_ms"": 174270.556, ""actual_onset_global_ms"": 174312.084, ""actual_offset_global_ms"": 174825.607, ""actual_duration_ms"": 513.523}]",,,,,,,,,,,,,,,,,,,,,,,,,,,,,,,,,,,,,,,,,,,,,,,,,,,,,,,,,,,,,,,,,,,,,,,,,,,
031,031_T1_20260518_154511,Control,T1,standard,hci_substudy_v2,1,telemetry_v4,flanker,1,formal_block_2,formal,2,14,58,formal,congruent,1779090311,95.764,2026-05-18T15:48:11.504,0,0,0,2,174854.081,174886.467,congruent,right,right,>>>>>,j,j,1,2016.574,177022.473,none,,174954.081,175005.899,177022.473,3000,2016.574,177022.473,"[{""stage_name"": ""fixation"", ""planned_duration_ms"": 100, ""intended_onset_ms"": 174854.081, ""actual_onset_global_ms"": 174886.467, ""actual_offset_global_ms"": 174980.399, ""actual_duration_ms"": 93.932}, {""stage_name"": ""stimulus"", ""planned_duration_ms"": 3000, ""intended_onset_ms"": 174954.081, ""actual_onset_global_ms"": 175005.899, ""actual_offset_global_ms"": 177022.473, ""actual_duration_ms"": 2016.574}]",,,,,,,,,,,,,,,,,,,,,,,,,,,,,,,,,,,,,,,,,,,,,,,,,,,,,,,,,,,,,,,,,,,,,,,,,,,
031,031_T1_20260518_154511,Control,T1,standard,hci_substudy_v2,1,telemetry_v4,flanker,1,formal_block_2,formal,2,15,59,formal,congruent,1779090311,95.764,2026-05-18T15:48:13.721,0,0,0,2,177071.264,177098.951,congruent,left,left,<<<<<,s,s,1,900.112,178118.557,none,,177171.264,177218.445,178118.557,3000,900.112,178118.557,"[{""stage_name"": ""fixation"", ""planned_duration_ms"": 100, ""intended_onset_ms"": 177071.264, ""actual_onset_global_ms"": 177098.951, ""actual_offset_global_ms"": 177192.417, ""actual_duration_ms"": 93.466}, {""stage_name"": ""stimulus"", ""planned_duration_ms"": 3000, ""intended_onset_ms"": 177171.264, ""actual_onset_global_ms"": 177218.445, ""actual_offset_global_ms"": 178118.557, ""actual_duration_ms"": 900.112}]",,,,,,,,,,,,,,,,,,,,,,,,,,,,,,,,,,,,,,,,,,,,,,,,,,,,,,,,,,,,,,,,,,,,,,,,,,,
031,031_T1_20260518_154511,Control,T1,standard,hci_substudy_v2,1,telemetry_v4,flanker,1,formal_block_2,formal,2,16,60,formal,incongruent,1779090311,95.764,2026-05-18T15:48:14.790,0,0,0,2,178139.947,178169.325,incongruent,left,right,>><>>,s,s,1,674.02,178959.809,none,,178239.947,178285.789,178959.809,3000,674.02,178959.809,"[{""stage_name"": ""fixation"", ""planned_duration_ms"": 100, ""intended_onset_ms"": 178139.947, ""actual_onset_global_ms"": 178169.325, ""actual_offset_global_ms"": 178265.187, ""actual_duration_ms"": 95.862}, {""stage_name"": ""stimulus"", ""planned_duration_ms"": 3000, ""intended_onset_ms"": 178239.947, ""actual_onset_global_ms"": 178285.789, ""actual_offset_global_ms"": 178959.809, ""actual_duration_ms"": 674.02}]",,,,,,,,,,,,,,,,,,,,,,,,,,,,,,,,,,,,,,,,,,,,,,,,,,,,,,,,,,,,,,,,,,,,,,,,,,,
031,031_T1_20260518_154511,Control,T1,standard,hci_substudy_v2,1,telemetry_v4,flanker,1,formal_block_2,formal,2,17,61,formal,incongruent,1779090311,95.764,2026-05-18T15:48:15.653,0,0,0,2,179003.876,179034.781,incongruent,right,left,<<><<,j,j,1,728.499,179885.234,none,,179103.876,179156.735,179885.234,3000,728.499,179885.234,"[{""stage_name"": ""fixation"", ""planned_duration_ms"": 100, ""intended_onset_ms"": 179003.876, ""actual_onset_global_ms"": 179034.781, ""actual_offset_global_ms"": 179126.983, ""actual_duration_ms"": 92.202}, {""stage_name"": ""stimulus"", ""planned_duration_ms"": 3000, ""intended_onset_ms"": 179103.876, ""actual_onset_global_ms"": 179156.735, ""actual_offset_global_ms"": 179885.234, ""actual_duration_ms"": 728.499}]",,,,,,,,,,,,,,,,,,,,,,,,,,,,,,,,,,,,,,,,,,,,,,,,,,,,,,,,,,,,,,,,,,,,,,,,,,,
031,031_T1_20260518_154511,Control,T1,standard,hci_substudy_v2,1,telemetry_v4,flanker,1,formal_block_2,formal,2,18,62,formal,congruent,1779090311,95.764,2026-05-18T15:48:16.549,0,0,0,2,179898.933,179924.357,congruent,left,left,<<<<<,s,j,0,557.096,180601.308,none,,179998.933,180044.212,180601.308,3000,557.096,180601.308,"[{""stage_name"": ""fixation"", ""planned_duration_ms"": 100, ""intended_onset_ms"": 179898.933, ""actual_onset_global_ms"": 179924.357, ""actual_offset_global_ms"": 180027.677, ""actual_duration_ms"": 103.32}, {""stage_name"": ""stimulus"", ""planned_duration_ms"": 3000, ""intended_onset_ms"": 179998.933, ""actual_onset_global_ms"": 180044.212, ""actual_offset_global_ms"": 180601.308, ""actual_duration_ms"": 557.096}]",,,,,,,,,,,,,,,,,,,,,,,,,,,,,,,,,,,,,,,,,,,,,,,,,,,,,,,,,,,,,,,,,,,,,,,,,,,
031,031_T1_20260518_154511,Control,T1,standard,hci_substudy_v2,1,telemetry_v4,flanker,1,formal_block_2,formal,2,19,63,formal,incongruent,1779090311,95.764,2026-05-18T15:48:17.262,0,0,0,2,180612.353,180635.724,incongruent,left,right,>><>>,s,s,1,1121.294,181874.349,none,,180712.353,180753.055,181874.349,3000,1121.294,181874.349,"[{""stage_name"": ""fixation"", ""planned_duration_ms"": 100, ""intended_onset_ms"": 180612.353, ""actual_onset_global_ms"": 180635.724, ""actual_offset_global_ms"": 180728.704, ""actual_duration_ms"": 92.98}, {""stage_name"": ""stimulus"", ""planned_duration_ms"": 3000, ""intended_onset_ms"": 180712.353, ""actual_onset_global_ms"": 180753.055, ""actual_offset_global_ms"": 181874.349, ""actual_duration_ms"": 1121.294}]",,,,,,,,,,,,,,,,,,,,,,,,,,,,,,,,,,,,,,,,,,,,,,,,,,,,,,,,,,,,,,,,,,,,,,,,,,,
031,031_T1_20260518_154511,Control,T1,standard,hci_substudy_v2,1,telemetry_v4,flanker,1,formal_block_2,formal,2,20,64,formal,congruent,1779090311,95.764,2026-05-18T15:48:18.585,0,0,0,2,181934.741,181967.112,congruent,right,right,>>>>>,j,j,1,915.003,182998.483,none,,182034.741,182083.48,182998.483,3000,915.003,182998.483,"[{""stage_name"": ""fixation"", ""planned_duration_ms"": 100, ""intended_onset_ms"": 181934.741, ""actual_onset_global_ms"": 181967.112, ""actual_offset_global_ms"": 182058.202, ""actual_duration_ms"": 91.09}, {""stage_name"": ""stimulus"", ""planned_duration_ms"": 3000, ""intended_onset_ms"": 182034.741, ""actual_onset_global_ms"": 182083.48, ""actual_offset_global_ms"": 182998.483, ""actual_duration_ms"": 915.003}]",,,,,,,,,,,,,,,,,,,,,,,,,,,,,,,,,,,,,,,,,,,,,,,,,,,,,,,,,,,,,,,,,,,,,,,,,,,
031,031_T1_20260518_154511,Control,T1,standard,hci_substudy_v2,1,telemetry_v4,dccs,2,pre_switch_practice,practice,1,1,1,practice,color,1779090311,95.764,2026-05-18T15:48:47.420,0,0,0,1,210770.061,210911.324,,,,,j,j,1,10377.774,222559.171,correct,0.0,211370.061,212181.397,222559.171,3000,10377.774,222709.171,"[{""stage_name"": ""fixation"", ""planned_duration_ms"": 100, ""intended_onset_ms"": 210770.061, ""actual_onset_global_ms"": 210911.324, ""actual_offset_global_ms"": 210921.766, ""actual_duration_ms"": 10.442}, {""stage_name"": ""cue"", ""planned_duration_ms"": 500, ""intended_onset_ms"": 210870.061, ""actual_onset_global_ms"": 210943.766, ""actual_offset_global_ms"": 212169.673, ""actual_duration_ms"": 1225.907}, {""stage_name"": ""stimulus"", ""planned_duration_ms"": 3000, ""intended_onset_ms"": 211370.061, ""actual_onset_global_ms"": 212181.397, ""actual_offset_global_ms"": 222559.171, ""actual_duration_ms"": 10377.774}, {""stage_name"": ""feedback"", ""planned_duration_ms"": 150, ""intended_onset_ms"": 222559.171, ""actual_onset_global_ms"": 222624.089, ""actual_offset_global_ms"": 222777.564, ""actual_duration_ms"": 153.475}]",correct.wav,222590.418,150.0,223090.418,0.0,none,,,0.0,0.0,none,0.0,0.0,0.0,0.0,,,0.0,none,none,0.0,color,cue_color.wav,颜色,210949.125,500.0,211645.688,red,rabbit,red_rabbit,practice,,color,11615.405,,,,,,,,,,,,,,,,,,,,,,,,,,,,,,,,,,,,,,,,,
031,031_T1_20260518_154511,Control,T1,standard,hci_substudy_v2,1,telemetry_v4,dccs,2,pre_switch_practice,practice,1,2,2,practice,color,1779090311,95.764,2026-05-18T15:48:59.468,0,0,0,1,222818.676,222858.565,,,,,j,j,1,1844.827,226044.464,correct,0.0,223418.676,224199.637,226044.464,3000,1844.827,226194.464,"[{""stage_name"": ""fixation"", ""planned_duration_ms"": 100, ""intended_onset_ms"": 222818.676, ""actual_onset_global_ms"": 222858.565, ""actual_offset_global_ms"": 222946.614, ""actual_duration_ms"": 88.049}, {""stage_name"": ""cue"", ""planned_duration_ms"": 500, ""intended_onset_ms"": 222918.676, ""actual_onset_global_ms"": 222972.488, ""actual_offset_global_ms"": 224185.275, ""actual_duration_ms"": 1212.787}, {""stage_name"": ""stimulus"", ""planned_duration_ms"": 3000, ""intended_onset_ms"": 223418.676, ""actual_onset_global_ms"": 224199.637, ""actual_offset_global_ms"": 226044.464, ""actual_duration_ms"": 1844.827}, {""stage_name"": ""feedback"", ""planned_duration_ms"": 150, ""intended_onset_ms"": 226044.464, ""actual_onset_global_ms"": 226099.619, ""actual_offset_global_ms"": 226235.456, ""actual_duration_ms"": 135.837}]",correct.wav,226071.961,150.0,226571.961,0.0,none,,,0.0,0.0,none,0.0,0.0,0.0,0.0,,,0.0,none,none,0.0,color,cue_color.wav,颜色,222979.971,500.0,223676.533,red,boat,red_boat,practice,,color,3071.976,,,,,,,,,,,,,,,,,,,,,,,,,,,,,,,,,,,,,,,,,
031,031_T1_20260518_154511,Control,T1,standard,hci_substudy_v2,1,telemetry_v4,dccs,2,pre_switch_practice,practice,1,3,3,practice,color,1779090311,95.764,2026-05-18T15:49:02.881,0,0,0,1,226231.487,226256.874,,,,,s,s,1,3761.745,231402.501,correct,0.0,226831.487,227640.756,231402.501,3000,3761.745,231552.501,"[{""stage_name"": ""fixation"", ""planned_duration_ms"": 100, ""intended_onset_ms"": 226231.487, ""actual_onset_global_ms"": 226256.874, ""actual_offset_global_ms"": 226344.088, ""actual_duration_ms"": 87.214}, {""stage_name"": ""cue"", ""planned_duration_ms"": 500, ""intended_onset_ms"": 226331.487, ""actual_onset_global_ms"": 226360.279, ""actual_offset_global_ms"": 227627.611, ""actual_duration_ms"": 1267.332}, {""stage_name"": ""stimulus"", ""planned_duration_ms"": 3000, ""intended_onset_ms"": 226831.487, ""actual_onset_global_ms"": 227640.756, ""actual_offset_global_ms"": 231402.501, ""actual_duration_ms"": 3761.745}, {""stage_name"": ""feedback"", ""planned_duration_ms"": 150, ""intended_onset_ms"": 231402.501, ""actual_onset_global_ms"": 231453.569, ""actual_offset_global_ms"": 231593.986, ""actual_duration_ms"": 140.417}]",correct.wav,231422.678,150.0,231922.678,0.0,none,,,0.0,0.0,none,0.0,0.0,0.0,0.0,,,0.0,none,none,0.0,color,cue_color.wav,颜色,226364.03,500.0,227060.592,blue,rabbit,blue_rabbit,practice,,color,5042.222,,,,,,,,,,,,,,,,,,,,,,,,,,,,,,,,,,,,,,,,,
031,031_T1_20260518_154511,Control,T1,standard,hci_substudy_v2,1,telemetry_v4,dccs,2,pre_switch_practice,practice,1,4,4,practice,color,1779090311,95.764,2026-05-18T15:49:08.240,0,0,0,1,231589.699,231618.094,,,,,j,j,1,1452.153,234451.895,correct,0.0,232189.699,232999.742,234451.895,3000,1452.153,234601.895,"[{""stage_name"": ""fixation"", ""planned_duration_ms"": 100, ""intended_onset_ms"": 231589.699, ""actual_onset_global_ms"": 231618.094, ""actual_offset_global_ms"": 231701.58, ""actual_duration_ms"": 83.486}, {""stage_name"": ""cue"", ""planned_duration_ms"": 500, ""intended_onset_ms"": 231689.699, ""actual_onset_global_ms"": 231719.306, ""actual_offset_global_ms"": 232978.706, ""actual_duration_ms"": 1259.4}, {""stage_name"": ""stimulus"", ""planned_duration_ms"": 3000, ""intended_onset_ms"": 232189.699, ""actual_onset_global_ms"": 232999.742, ""actual_offset_global_ms"": 234451.895, ""actual_duration_ms"": 1452.153}, {""stage_name"": ""feedback"", ""planned_duration_ms"": 150, ""intended_onset_ms"": 234451.895, ""actual_onset_global_ms"": 234512.285, ""actual_offset_global_ms"": 234649.797, ""actual_duration_ms"": 137.512}]",correct.wav,234483.51,150.0,234983.51,0.0,none,,,0.0,0.0,none,0.0,0.0,0.0,0.0,,,0.0,none,none,0.0,color,cue_color.wav,颜色,231722.773,500.0,232419.335,red,boat,red_boat,practice,,color,2732.589,,,,,,,,,,,,,,,,,,,,,,,,,,,,,,,,,,,,,,,,,
031,031_T1_20260518_154511,Control,T1,standard,hci_substudy_v2,1,telemetry_v4,dccs,2,pre_switch_practice,practice,1,5,5,practice,color,1779090311,95.764,2026-05-18T15:49:11.295,0,0,0,1,234645.597,234670.703,,,,,s,s,1,1174.827,237234.128,correct,0.0,235245.597,236059.301,237234.128,3000,1174.827,237384.128,"[{""stage_name"": ""fixation"", ""planned_duration_ms"": 100, ""intended_onset_ms"": 234645.597, ""actual_onset_global_ms"": 234670.703, ""actual_offset_global_ms"": 234757.708, ""actual_duration_ms"": 87.005}, {""stage_name"": ""cue"", ""planned_duration_ms"": 500, ""intended_onset_ms"": 234745.597, ""actual_onset_global_ms"": 234773.196, ""actual_offset_global_ms"": 236045.732, ""actual_duration_ms"": 1272.536}, {""stage_name"": ""stimulus"", ""planned_duration_ms"": 3000, ""intended_onset_ms"": 235245.597, ""actual_onset_global_ms"": 236059.301, ""actual_offset_global_ms"": 237234.128, ""actual_duration_ms"": 1174.827}, {""stage_name"": ""feedback"", ""planned_duration_ms"": 150, ""intended_onset_ms"": 237234.128, ""actual_onset_global_ms"": 237285.425, ""actual_offset_global_ms"": 237437.788, ""actual_duration_ms"": 152.363}]",correct.wav,237262.702,150.0,237762.702,0.0,none,,,0.0,0.0,none,0.0,0.0,0.0,0.0,,,0.0,none,none,0.0,color,cue_color.wav,颜色,234776.618,500.0,235473.18,blue,boat,blue_boat,practice,,color,2460.932,,,,,,,,,,,,,,,,,,,,,,,,,,,,,,,,,,,,,,,,,
031,031_T1_20260518_154511,Control,T1,standard,hci_substudy_v2,1,telemetry_v4,dccs,2,pre_switch_practice,practice,1,6,6,practice,color,1779090311,95.764,2026-05-18T15:49:14.083,0,0,0,1,237433.149,237457.346,,,,,s,s,1,6659.767,245615.552,correct,0.0,238033.149,238955.785,245615.552,3000,6659.767,245765.552,"[{""stage_name"": ""fixation"", ""planned_duration_ms"": 100, ""intended_onset_ms"": 237433.149, ""actual_onset_global_ms"": 237457.346, ""actual_offset_global_ms"": 237568.484, ""actual_duration_ms"": 111.138}, {""stage_name"": ""cue"", ""planned_duration_ms"": 500, ""intended_onset_ms"": 237533.149, ""actual_onset_global_ms"": 237584.827, ""actual_offset_global_ms"": 238943.158, ""actual_duration_ms"": 1358.331}, {""stage_name"": ""stimulus"", ""planned_duration_ms"": 3000, ""intended_onset_ms"": 238033.149, ""actual_onset_global_ms"": 238955.785, ""actual_offset_global_ms"": 245615.552, ""actual_duration_ms"": 6659.767}, {""stage_name"": ""feedback"", ""planned_duration_ms"": 150, ""intended_onset_ms"": 245615.552, ""actual_onset_global_ms"": 245662.247, ""actual_offset_global_ms"": 245795.533, ""actual_duration_ms"": 133.286}]",correct.wav,245632.962,150.0,246132.962,0.0,none,,,0.0,0.0,none,0.0,0.0,0.0,0.0,,,0.0,none,none,0.0,color,cue_color.wav,颜色,237588.949,500.0,238285.511,blue,rabbit,blue_rabbit,practice,,color,8030.725,,,,,,,,,,,,,,,,,,,,,,,,,,,,,,,,,,,,,,,,,
031,031_T1_20260518_154511,Control,T1,standard,hci_substudy_v2,1,telemetry_v4,dccs,2,post_switch_practice,practice,2,1,7,practice,shape,1779090311,95.764,2026-05-18T15:49:28.045,0,0,0,1,251394.833,251436.736,,,,,j,s,0,9527.258,262368.91,incorrect,0.0,251994.833,252841.652,262368.91,3000,9527.258,262518.91,"[{""stage_name"": ""fixation"", ""planned_duration_ms"": 100, ""intended_onset_ms"": 251394.833, ""actual_onset_global_ms"": 251436.736, ""actual_offset_global_ms"": 251511.023, ""actual_duration_ms"": 74.287}, {""stage_name"": ""cue"", ""planned_duration_ms"": 500, ""intended_onset_ms"": 251494.833, ""actual_onset_global_ms"": 251533.66, ""actual_offset_global_ms"": 252826.98, ""actual_duration_ms"": 1293.32}, {""stage_name"": ""stimulus"", ""planned_duration_ms"": 3000, ""intended_onset_ms"": 251994.833, ""actual_onset_global_ms"": 252841.652, ""actual_offset_global_ms"": 262368.91, ""actual_duration_ms"": 9527.258}, {""stage_name"": ""feedback"", ""planned_duration_ms"": 150, ""intended_onset_ms"": 262368.91, ""actual_onset_global_ms"": 262431.379, ""actual_offset_global_ms"": 262568.386, ""actual_duration_ms"": 137.007}]",incorrect.wav,262386.146,150.0,262886.146,0.0,none,,,0.0,0.0,none,0.0,0.0,0.0,0.0,,,0.0,none,none,0.0,shape,cue_shape.wav,形状,251537.721,500.0,252303.971,red,boat,red_boat,practice,,shape,10835.25,,,,,,,,,,,,,,,,,,,,,,,,,,,,,,,,,,,,,,,,,
031,031_T1_20260518_154511,Control,T1,standard,hci_substudy_v2,1,telemetry_v4,dccs,2,post_switch_practice,practice,2,2,8,practice,shape,1779090311,95.764,2026-05-18T15:49:39.218,0,0,0,1,262568.045,262598.198,,,,,s,j,0,1256.297,265304.785,incorrect,0.0,263168.045,264048.488,265304.785,3000,1256.297,265454.785,"[{""stage_name"": ""fixation"", ""planned_duration_ms"": 100, ""intended_onset_ms"": 262568.045, ""actual_onset_global_ms"": 262598.198, ""actual_offset_global_ms"": 262681.707, ""actual_duration_ms"": 83.509}, {""stage_name"": ""cue"", ""planned_duration_ms"": 500, ""intended_onset_ms"": 262668.045, ""actual_onset_global_ms"": 262702.178, ""actual_offset_global_ms"": 264028.55, ""actual_duration_ms"": 1326.372}, {""stage_name"": ""stimulus"", ""planned_duration_ms"": 3000, ""intended_onset_ms"": 263168.045, ""actual_onset_global_ms"": 264048.488, ""actual_offset_global_ms"": 265304.785, ""actual_duration_ms"": 1256.297}, {""stage_name"": ""feedback"", ""planned_duration_ms"": 150, ""intended_onset_ms"": 265304.785, ""actual_onset_global_ms"": 265356.705, ""actual_offset_global_ms"": 265515.928, ""actual_duration_ms"": 159.223}]",incorrect.wav,265332.006,150.0,265832.006,0.0,none,,,0.0,0.0,none,0.0,0.0,0.0,0.0,,,0.0,none,none,0.0,shape,cue_shape.wav,形状,262707.242,500.0,263473.492,blue,rabbit,blue_rabbit,practice,,shape,2602.607,,,,,,,,,,,,,,,,,,,,,,,,,,,,,,,,,,,,,,,,,
031,031_T1_20260518_154511,Control,T1,standard,hci_substudy_v2,1,telemetry_v4,dccs,2,post_switch_practice,practice,2,3,9,practice,shape,1779090311,95.764,2026-05-18T15:49:42.162,0,0,0,1,265511.466,265537.531,,,,,s,j,0,3651.986,270745.537,incorrect,0.0,266111.466,267093.551,270745.537,3000,3651.986,270895.537,"[{""stage_name"": ""fixation"", ""planned_duration_ms"": 100, ""intended_onset_ms"": 265511.466, ""actual_onset_global_ms"": 265537.531, ""actual_offset_global_ms"": 265627.786, ""actual_duration_ms"": 90.255}, {""stage_name"": ""cue"", ""planned_duration_ms"": 500, ""intended_onset_ms"": 265611.466, ""actual_onset_global_ms"": 265645.918, ""actual_offset_global_ms"": 267079.37, ""actual_duration_ms"": 1433.452}, {""stage_name"": ""stimulus"", ""planned_duration_ms"": 3000, ""intended_onset_ms"": 266111.466, ""actual_onset_global_ms"": 267093.551, ""actual_offset_global_ms"": 270745.537, ""actual_duration_ms"": 3651.986}, {""stage_name"": ""feedback"", ""planned_duration_ms"": 150, ""intended_onset_ms"": 270745.537, ""actual_onset_global_ms"": 270809.846, ""actual_offset_global_ms"": 270956.091, ""actual_duration_ms"": 146.245}]",incorrect.wav,270779.08,150.0,271279.08,0.0,none,,,0.0,0.0,none,0.0,0.0,0.0,0.0,,,0.0,none,none,0.0,shape,cue_shape.wav,形状,265651.156,500.0,266417.406,red,rabbit,red_rabbit,practice,,shape,5099.619,,,,,,,,,,,,,,,,,,,,,,,,,,,,,,,,,,,,,,,,,
031,031_T1_20260518_154511,Control,T1,standard,hci_substudy_v2,1,telemetry_v4,dccs,2,post_switch_practice,practice,2,4,10,practice,shape,1779090311,95.764,2026-05-18T15:49:47.602,0,0,0,1,270951.6,270975.182,,,,,s,j,0,5990.621,278457.047,incorrect,0.0,271551.6,272466.426,278457.047,3000,5990.621,278607.047,"[{""stage_name"": ""fixation"", ""planned_duration_ms"": 100, ""intended_onset_ms"": 270951.6, ""actual_onset_global_ms"": 270975.182, ""actual_offset_global_ms"": 271082.196, ""actual_duration_ms"": 107.014}, {""stage_name"": ""cue"", ""planned_duration_ms"": 500, ""intended_onset_ms"": 271051.6, ""actual_onset_global_ms"": 271097.056, ""actual_offset_global_ms"": 272451.55, ""actual_duration_ms"": 1354.494}, {""stage_name"": ""stimulus"", ""planned_duration_ms"": 3000, ""intended_onset_ms"": 271551.6, ""actual_onset_global_ms"": 272466.426, ""actual_offset_global_ms"": 278457.047, ""actual_duration_ms"": 5990.621}, {""stage_name"": ""feedback"", ""planned_duration_ms"": 150, ""intended_onset_ms"": 278457.047, ""actual_onset_global_ms"": 278507.009, ""actual_offset_global_ms"": 278650.483, ""actual_duration_ms"": 143.474}]",incorrect.wav,278474.909,150.0,278974.909,0.0,none,,,0.0,0.0,none,0.0,0.0,0.0,0.0,,,0.0,none,none,0.0,shape,cue_shape.wav,形状,271101.102,500.0,271867.352,blue,rabbit,blue_rabbit,practice,,shape,7359.991,,,,,,,,,,,,,,,,,,,,,,,,,,,,,,,,,,,,,,,,,
031,031_T1_20260518_154511,Control,T1,standard,hci_substudy_v2,1,telemetry_v4,dccs,2,post_switch_practice,practice,2,5,11,practice,shape,1779090311,95.764,2026-05-18T15:49:55.298,0,0,0,1,278648.288,278673.066,,,,,j,s,0,1238.921,281382.065,incorrect,0.0,279248.288,280143.144,281382.065,3000,1238.921,281532.065,"[{""stage_name"": ""fixation"", ""planned_duration_ms"": 100, ""intended_onset_ms"": 278648.288, ""actual_onset_global_ms"": 278673.066, ""actual_offset_global_ms"": 278772.047, ""actual_duration_ms"": 98.981}, {""stage_name"": ""cue"", ""planned_duration_ms"": 500, ""intended_onset_ms"": 278748.288, ""actual_onset_global_ms"": 278790.015, ""actual_offset_global_ms"": 280121.919, ""actual_duration_ms"": 1331.904}, {""stage_name"": ""stimulus"", ""planned_duration_ms"": 3000, ""intended_onset_ms"": 279248.288, ""actual_onset_global_ms"": 280143.144, ""actual_offset_global_ms"": 281382.065, ""actual_duration_ms"": 1238.921}, {""stage_name"": ""feedback"", ""planned_duration_ms"": 150, ""intended_onset_ms"": 281382.065, ""actual_onset_global_ms"": 281430.781, ""actual_offset_global_ms"": 281566.578, ""actual_duration_ms"": 135.797}]",incorrect.wav,281406.149,150.0,281906.149,0.0,none,,,0.0,0.0,none,0.0,0.0,0.0,0.0,,,0.0,none,none,0.0,shape,cue_shape.wav,形状,278794.547,500.0,279560.797,blue,boat,blue_boat,practice,,shape,2592.05,,,,,,,,,,,,,,,,,,,,,,,,,,,,,,,,,,,,,,,,,
031,031_T1_20260518_154511,Control,T1,standard,hci_substudy_v2,1,telemetry_v4,dccs,2,post_switch_practice,practice,2,6,12,practice,shape,1779090311,95.764,2026-05-18T15:49:58.213,0,0,0,1,281562.709,281588.375,,,,,j,s,0,3176.358,286359.497,incorrect,0.0,282162.709,283183.139,286359.497,3000,3176.358,286509.497,"[{""stage_name"": ""fixation"", ""planned_duration_ms"": 100, ""intended_onset_ms"": 281562.709, ""actual_onset_global_ms"": 281588.375, ""actual_offset_global_ms"": 281699.898, ""actual_duration_ms"": 111.523}, {""stage_name"": ""cue"", ""planned_duration_ms"": 500, ""intended_onset_ms"": 281662.709, ""actual_onset_global_ms"": 281730.077, ""actual_offset_global_ms"": 283169.189, ""actual_duration_ms"": 1439.112}, {""stage_name"": ""stimulus"", ""planned_duration_ms"": 3000, ""intended_onset_ms"": 282162.709, ""actual_onset_global_ms"": 283183.139, ""actual_offset_global_ms"": 286359.497, ""actual_duration_ms"": 3176.358}, {""stage_name"": ""feedback"", ""planned_duration_ms"": 150, ""intended_onset_ms"": 286359.497, ""actual_onset_global_ms"": 286422.615, ""actual_offset_global_ms"": 286567.402, ""actual_duration_ms"": 144.787}]",incorrect.wav,286393.968,150.0,286893.968,0.0,none,,,0.0,0.0,none,0.0,0.0,0.0,0.0,,,0.0,none,none,0.0,shape,cue_shape.wav,形状,281738.38,500.0,282504.63,red,boat,red_boat,practice,,shape,4629.42,,,,,,,,,,,,,,,,,,,,,,,,,,,,,,,,,,,,,,,,,
031,031_T1_20260518_154511,Control,T1,standard,hci_substudy_v2,1,telemetry_v4,dccs,2,pre_switch_practice,practice,1,1,13,practice,color,1779090311,95.764,2026-05-18T15:50:11.464,0,0,0,2,294814.757,294854.268,,,,,j,j,1,7386.835,303606.123,correct,1.0,295414.757,296219.288,303606.123,3000,7386.835,303756.123,"[{""stage_name"": ""fixation"", ""planned_duration_ms"": 100, ""intended_onset_ms"": 294814.757, ""actual_onset_global_ms"": 294854.268, ""actual_offset_global_ms"": 294926.984, ""actual_duration_ms"": 72.716}, {""stage_name"": ""cue"", ""planned_duration_ms"": 500, ""intended_onset_ms"": 294914.757, ""actual_onset_global_ms"": 294953.979, ""actual_offset_global_ms"": 296205.98, ""actual_duration_ms"": 1252.001}, {""stage_name"": ""stimulus"", ""planned_duration_ms"": 3000, ""intended_onset_ms"": 295414.757, ""actual_onset_global_ms"": 296219.288, ""actual_offset_global_ms"": 303606.123, ""actual_duration_ms"": 7386.835}, {""stage_name"": ""feedback"", ""planned_duration_ms"": 150, ""intended_onset_ms"": 303606.123, ""actual_onset_global_ms"": 303646.316, ""actual_offset_global_ms"": 303796.201, ""actual_duration_ms"": 149.885}]",correct.wav,303617.71,150.0,304117.71,0.0,none,,,0.0,0.0,none,0.0,0.0,0.0,0.0,,,0.0,none,none,0.0,color,cue_color.wav,颜色,294961.204,500.0,295657.767,red,rabbit,red_rabbit,practice,,color,8652.144,,,,,,,,,,,,,,,,,,,,,,,,,,,,,,,,,,,,,,,,,
031,031_T1_20260518_154511,Control,T1,standard,hci_substudy_v2,1,telemetry_v4,dccs,2,pre_switch_practice,practice,1,2,14,practice,color,1779090311,95.764,2026-05-18T15:50:20.446,0,0,0,2,303796.412,303824.381,,,,,j,j,1,1965.189,307182.159,correct,1.0,304396.412,305216.97,307182.159,3000,1965.189,307332.159,"[{""stage_name"": ""fixation"", ""planned_duration_ms"": 100, ""intended_onset_ms"": 303796.412, ""actual_onset_global_ms"": 303824.381, ""actual_offset_global_ms"": 303923.088, ""actual_duration_ms"": 98.707}, {""stage_name"": ""cue"", ""planned_duration_ms"": 500, ""intended_onset_ms"": 303896.412, ""actual_onset_global_ms"": 303940.045, ""actual_offset_global_ms"": 305201.262, ""actual_duration_ms"": 1261.217}, {""stage_name"": ""stimulus"", ""planned_duration_ms"": 3000, ""intended_onset_ms"": 304396.412, ""actual_onset_global_ms"": 305216.97, ""actual_offset_global_ms"": 307182.159, ""actual_duration_ms"": 1965.189}, {""stage_name"": ""feedback"", ""planned_duration_ms"": 150, ""intended_onset_ms"": 307182.159, ""actual_onset_global_ms"": 307228.956, ""actual_offset_global_ms"": 307381.428, ""actual_duration_ms"": 152.472}]",correct.wav,307199.024,150.0,307699.024,0.0,none,,,0.0,0.0,none,0.0,0.0,0.0,0.0,,,0.0,none,none,0.0,color,cue_color.wav,颜色,303947.936,500.0,304644.498,red,boat,red_boat,practice,,color,3242.114,,,,,,,,,,,,,,,,,,,,,,,,,,,,,,,,,,,,,,,,,
031,031_T1_20260518_154511,Control,T1,standard,hci_substudy_v2,1,telemetry_v4,dccs,2,pre_switch_practice,practice,1,3,15,practice,color,1779090311,95.764,2026-05-18T15:50:24.031,0,0,0,2,307380.942,307413.144,,,,,j,j,1,860.07,309611.362,correct,1.0,307980.942,308751.292,309611.362,3000,860.07,309761.362,"[{""stage_name"": ""fixation"", ""planned_duration_ms"": 100, ""intended_onset_ms"": 307380.942, ""actual_onset_global_ms"": 307413.144, ""actual_offset_global_ms"": 307519.088, ""actual_duration_ms"": 105.944}, {""stage_name"": ""cue"", ""planned_duration_ms"": 500, ""intended_onset_ms"": 307480.942, ""actual_onset_global_ms"": 307540.252, ""actual_offset_global_ms"": 308736.97, ""actual_duration_ms"": 1196.718}, {""stage_name"": ""stimulus"", ""planned_duration_ms"": 3000, ""intended_onset_ms"": 307980.942, ""actual_onset_global_ms"": 308751.292, ""actual_offset_global_ms"": 309611.362, ""actual_duration_ms"": 860.07}, {""stage_name"": ""feedback"", ""planned_duration_ms"": 150, ""intended_onset_ms"": 309611.362, ""actual_onset_global_ms"": 309644.901, ""actual_offset_global_ms"": 309792.964, ""actual_duration_ms"": 148.063}]",correct.wav,309622.583,150.0,310122.583,0.0,none,,,0.0,0.0,none,0.0,0.0,0.0,0.0,,,0.0,none,none,0.0,color,cue_color.wav,颜色,307545.124,500.0,308241.687,red,boat,red_boat,practice,,color,2071.11,,,,,,,,,,,,,,,,,,,,,,,,,,,,,,,,,,,,,,,,,
031,031_T1_20260518_154511,Control,T1,standard,hci_substudy_v2,1,telemetry_v4,dccs,2,pre_switch_practice,practice,1,4,16,practice,color,1779090311,95.764,2026-05-18T15:50:26.439,0,0,0,2,309789.234,309812.205,,,,,s,s,1,1584.943,312825.206,correct,1.0,310389.234,311240.263,312825.206,3000,1584.943,312975.206,"[{""stage_name"": ""fixation"", ""planned_duration_ms"": 100, ""intended_onset_ms"": 309789.234, ""actual_onset_global_ms"": 309812.205, ""actual_offset_global_ms"": 309918.662, ""actual_duration_ms"": 106.457}, {""stage_name"": ""cue"", ""planned_duration_ms"": 500, ""intended_onset_ms"": 309889.234, ""actual_onset_global_ms"": 309932.923, ""actual_offset_global_ms"": 311219.053, ""actual_duration_ms"": 1286.13}, {""stage_name"": ""stimulus"", ""planned_duration_ms"": 3000, ""intended_onset_ms"": 310389.234, ""actual_onset_global_ms"": 311240.263, ""actual_offset_global_ms"": 312825.206, ""actual_duration_ms"": 1584.943}, {""stage_name"": ""feedback"", ""planned_duration_ms"": 150, ""intended_onset_ms"": 312825.206, ""actual_onset_global_ms"": 312890.193, ""actual_offset_global_ms"": 313037.945, ""actual_duration_ms"": 147.752}]",correct.wav,312860.363,150.0,313360.363,0.0,none,,,0.0,0.0,none,0.0,0.0,0.0,0.0,,,0.0,none,none,0.0,color,cue_color.wav,颜色,309937.021,500.0,310633.584,blue,rabbit,blue_rabbit,practice,,color,2892.283,,,,,,,,,,,,,,,,,,,,,,,,,,,,,,,,,,,,,,,,,
031,031_T1_20260518_154511,Control,T1,standard,hci_substudy_v2,1,telemetry_v4,dccs,2,pre_switch_practice,practice,1,5,17,practice,color,1779090311,95.764,2026-05-18T15:50:29.685,0,0,0,2,313034.255,313062.614,,,,,s,j,0,1034.062,315469.312,incorrect,1.0,313634.255,314435.25,315469.312,3000,1034.062,315619.312,"[{""stage_name"": ""fixation"", ""planned_duration_ms"": 100, ""intended_onset_ms"": 313034.255, ""actual_onset_global_ms"": 313062.614, ""actual_offset_global_ms"": 313151.462, ""actual_duration_ms"": 88.848}, {""stage_name"": ""cue"", ""planned_duration_ms"": 500, ""intended_onset_ms"": 313134.255, ""actual_onset_global_ms"": 313165.765, ""actual_offset_global_ms"": 314414.451, ""actual_duration_ms"": 1248.686}, {""stage_name"": ""stimulus"", ""planned_duration_ms"": 3000, ""intended_onset_ms"": 313634.255, ""actual_onset_global_ms"": 314435.25, ""actual_offset_global_ms"": 315469.312, ""actual_duration_ms"": 1034.062}, {""stage_name"": ""feedback"", ""planned_duration_ms"": 150, ""intended_onset_ms"": 315469.312, ""actual_onset_global_ms"": 315518.324, ""actual_offset_global_ms"": 315669.271, ""actual_duration_ms"": 150.947}]",incorrect.wav,315495.256,150.0,315995.256,0.0,none,,,0.0,0.0,none,0.0,0.0,0.0,0.0,,,0.0,none,none,0.0,color,cue_color.wav,颜色,313169.802,500.0,313866.365,blue,boat,blue_boat,practice,,color,2303.547,,,,,,,,,,,,,,,,,,,,,,,,,,,,,,,,,,,,,,,,,
031,031_T1_20260518_154511,Control,T1,standard,hci_substudy_v2,1,telemetry_v4,dccs,2,pre_switch_practice,practice,1,6,18,practice,color,1779090311,95.764,2026-05-18T15:50:32.315,0,0,0,2,315665.008,315687.923,,,,,s,s,1,1480.255,318617.455,correct,1.0,316265.008,317137.2,318617.455,3000,1480.255,318767.455,"[{""stage_name"": ""fixation"", ""planned_duration_ms"": 100, ""intended_onset_ms"": 315665.008, ""actual_onset_global_ms"": 315687.923, ""actual_offset_global_ms"": 315795.418, ""actual_duration_ms"": 107.495}, {""stage_name"": ""cue"", ""planned_duration_ms"": 500, ""intended_onset_ms"": 315765.008, ""actual_onset_global_ms"": 315811.298, ""actual_offset_global_ms"": 317123.116, ""actual_duration_ms"": 1311.818}, {""stage_name"": ""stimulus"", ""planned_duration_ms"": 3000, ""intended_onset_ms"": 316265.008, ""actual_onset_global_ms"": 317137.2, ""actual_offset_global_ms"": 318617.455, ""actual_duration_ms"": 1480.255}, {""stage_name"": ""feedback"", ""planned_duration_ms"": 150, ""intended_onset_ms"": 318617.455, ""actual_onset_global_ms"": 318658.408, ""actual_offset_global_ms"": 318814.69, ""actual_duration_ms"": 156.282}]",correct.wav,318634.166,150.0,319134.166,0.0,none,,,0.0,0.0,none,0.0,0.0,0.0,0.0,,,0.0,none,none,0.0,color,cue_color.wav,颜色,315814.976,500.0,316511.539,blue,rabbit,blue_rabbit,practice,,color,2806.157,,,,,,,,,,,,,,,,,,,,,,,,,,,,,,,,,,,,,,,,,
031,031_T1_20260518_154511,Control,T1,standard,hci_substudy_v2,1,telemetry_v4,dccs,2,post_switch_practice,practice,2,1,19,practice,shape,1779090311,95.764,2026-05-18T15:50:40.596,0,0,0,2,323946.814,323977.557,,,,,s,s,1,15172.124,340507.823,correct,1.0,324546.814,325335.699,340507.823,3000,15172.124,340657.823,"[{""stage_name"": ""fixation"", ""planned_duration_ms"": 100, ""intended_onset_ms"": 323946.814, ""actual_onset_global_ms"": 323977.557, ""actual_offset_global_ms"": 324059.758, ""actual_duration_ms"": 82.201}, {""stage_name"": ""cue"", ""planned_duration_ms"": 500, ""intended_onset_ms"": 324046.814, ""actual_onset_global_ms"": 324089.988, ""actual_offset_global_ms"": 325320.767, ""actual_duration_ms"": 1230.779}, {""stage_name"": ""stimulus"", ""planned_duration_ms"": 3000, ""intended_onset_ms"": 324546.814, ""actual_onset_global_ms"": 325335.699, ""actual_offset_global_ms"": 340507.823, ""actual_duration_ms"": 15172.124}, {""stage_name"": ""feedback"", ""planned_duration_ms"": 150, ""intended_onset_ms"": 340507.823, ""actual_onset_global_ms"": 340554.496, ""actual_offset_global_ms"": 340687.09, ""actual_duration_ms"": 132.594}]",correct.wav,340524.498,150.0,341024.498,0.0,none,,,0.0,0.0,none,0.0,0.0,0.0,0.0,,,0.0,none,none,0.0,shape,cue_shape.wav,形状,324096.632,500.0,324862.882,blue,rabbit,blue_rabbit,practice,,shape,16417.835,,,,,,,,,,,,,,,,,,,,,,,,,,,,,,,,,,,,,,,,,
031,031_T1_20260518_154511,Control,T1,standard,hci_substudy_v2,1,telemetry_v4,dccs,2,post_switch_practice,practice,2,2,20,practice,shape,1779090311,95.764,2026-05-18T15:50:57.341,0,0,0,2,340691.347,340725.46,,,,,j,j,1,1988.335,344147.636,correct,1.0,341291.347,342159.301,344147.636,3000,1988.335,344297.636,"[{""stage_name"": ""fixation"", ""planned_duration_ms"": 100, ""intended_onset_ms"": 340691.347, ""actual_onset_global_ms"": 340725.46, ""actual_offset_global_ms"": 340804.467, ""actual_duration_ms"": 79.007}, {""stage_name"": ""cue"", ""planned_duration_ms"": 500, ""intended_onset_ms"": 340791.347, ""actual_onset_global_ms"": 340827.977, ""actual_offset_global_ms"": 342144.18, ""actual_duration_ms"": 1316.203}, {""stage_name"": ""stimulus"", ""planned_duration_ms"": 3000, ""intended_onset_ms"": 341291.347, ""actual_onset_global_ms"": 342159.301, ""actual_offset_global_ms"": 344147.636, ""actual_duration_ms"": 1988.335}, {""stage_name"": ""feedback"", ""planned_duration_ms"": 150, ""intended_onset_ms"": 344147.636, ""actual_onset_global_ms"": 344200.945, ""actual_offset_global_ms"": 344331.83, ""actual_duration_ms"": 130.885}]",correct.wav,344164.66,150.0,344664.66,0.0,none,,,0.0,0.0,none,0.0,0.0,0.0,0.0,,,0.0,none,none,0.0,shape,cue_shape.wav,形状,340833.301,500.0,341599.551,blue,boat,blue_boat,practice,,shape,3319.659,,,,,,,,,,,,,,,,,,,,,,,,,,,,,,,,,,,,,,,,,
031,031_T1_20260518_154511,Control,T1,standard,hci_substudy_v2,1,telemetry_v4,dccs,2,post_switch_practice,practice,2,3,21,practice,shape,1779090311,95.764,2026-05-18T15:51:00.985,0,0,0,2,344335.912,344364.793,,,,,s,j,0,1042.122,346815.394,incorrect,1.0,344935.912,345773.272,346815.394,3000,1042.122,346965.394,"[{""stage_name"": ""fixation"", ""planned_duration_ms"": 100, ""intended_onset_ms"": 344335.912, ""actual_onset_global_ms"": 344364.793, ""actual_offset_global_ms"": 344452.962, ""actual_duration_ms"": 88.169}, {""stage_name"": ""cue"", ""planned_duration_ms"": 500, ""intended_onset_ms"": 344435.912, ""actual_onset_global_ms"": 344469.133, ""actual_offset_global_ms"": 345758.158, ""actual_duration_ms"": 1289.025}, {""stage_name"": ""stimulus"", ""planned_duration_ms"": 3000, ""intended_onset_ms"": 344935.912, ""actual_onset_global_ms"": 345773.272, ""actual_offset_global_ms"": 346815.394, ""actual_duration_ms"": 1042.122}, {""stage_name"": ""feedback"", ""planned_duration_ms"": 150, ""intended_onset_ms"": 346815.394, ""actual_onset_global_ms"": 346848.432, ""actual_offset_global_ms"": 346983.089, ""actual_duration_ms"": 134.657}]",incorrect.wav,346821.771,150.0,347321.771,0.0,none,,,0.0,0.0,none,0.0,0.0,0.0,0.0,,,0.0,none,none,0.0,shape,cue_shape.wav,形状,344472.858,500.0,345239.108,blue,rabbit,blue_rabbit,practice,,shape,2346.261,,,,,,,,,,,,,,,,,,,,,,,,,,,,,,,,,,,,,,,,,
031,031_T1_20260518_154511,Control,T1,standard,hci_substudy_v2,1,telemetry_v4,dccs,2,post_switch_practice,practice,2,4,22,practice,shape,1779090311,95.764,2026-05-18T15:51:03.629,0,0,0,2,346979.527,347004.684,,,,,j,j,1,1964.509,350556.582,correct,1.0,347579.527,348592.073,350556.582,3000,1964.509,350706.582,"[{""stage_name"": ""fixation"", ""planned_duration_ms"": 100, ""intended_onset_ms"": 346979.527, ""actual_onset_global_ms"": 347004.684, ""actual_offset_global_ms"": 347091.443, ""actual_duration_ms"": 86.759}, {""stage_name"": ""cue"", ""planned_duration_ms"": 500, ""intended_onset_ms"": 347079.527, ""actual_onset_global_ms"": 347107.264, ""actual_offset_global_ms"": 348576.564, ""actual_duration_ms"": 1469.3}, {""stage_name"": ""stimulus"", ""planned_duration_ms"": 3000, ""intended_onset_ms"": 347579.527, ""actual_onset_global_ms"": 348592.073, ""actual_offset_global_ms"": 350556.582, ""actual_duration_ms"": 1964.509}, {""stage_name"": ""feedback"", ""planned_duration_ms"": 150, ""intended_onset_ms"": 350556.582, ""actual_onset_global_ms"": 350603.976, ""actual_offset_global_ms"": 350764.37, ""actual_duration_ms"": 160.394}]",correct.wav,350579.439,150.0,351079.439,0.0,none,,,0.0,0.0,none,0.0,0.0,0.0,0.0,,,0.0,none,none,0.0,shape,cue_shape.wav,形状,347111.351,500.0,347877.601,red,boat,red_boat,practice,,shape,3449.318,,,,,,,,,,,,,,,,,,,,,,,,,,,,,,,,,,,,,,,,,
031,031_T1_20260518_154511,Control,T1,standard,hci_substudy_v2,1,telemetry_v4,dccs,2,post_switch_practice,practice,2,5,23,practice,shape,1779090311,95.764,2026-05-18T15:51:07.410,0,0,0,2,350760.565,350785.233,,,,,j,j,1,973.42,353270.307,correct,1.0,351360.565,352296.887,353270.307,3000,973.42,353420.307,"[{""stage_name"": ""fixation"", ""planned_duration_ms"": 100, ""intended_onset_ms"": 350760.565, ""actual_onset_global_ms"": 350785.233, ""actual_offset_global_ms"": 350871.936, ""actual_duration_ms"": 86.703}, {""stage_name"": ""cue"", ""planned_duration_ms"": 500, ""intended_onset_ms"": 350860.565, ""actual_onset_global_ms"": 350887.868, ""actual_offset_global_ms"": 352273.804, ""actual_duration_ms"": 1385.936}, {""stage_name"": ""stimulus"", ""planned_duration_ms"": 3000, ""intended_onset_ms"": 351360.565, ""actual_onset_global_ms"": 352296.887, ""actual_offset_global_ms"": 353270.307, ""actual_duration_ms"": 973.42}, {""stage_name"": ""feedback"", ""planned_duration_ms"": 150, ""intended_onset_ms"": 353270.307, ""actual_onset_global_ms"": 353312.976, ""actual_offset_global_ms"": 353474.433, ""actual_duration_ms"": 161.457}]",correct.wav,353287.242,150.0,353787.242,0.0,none,,,0.0,0.0,none,0.0,0.0,0.0,0.0,,,0.0,none,none,0.0,shape,cue_shape.wav,形状,350891.718,500.0,351657.968,red,boat,red_boat,practice,,shape,2382.439,,,,,,,,,,,,,,,,,,,,,,,,,,,,,,,,,,,,,,,,,
031,031_T1_20260518_154511,Control,T1,standard,hci_substudy_v2,1,telemetry_v4,dccs,2,post_switch_practice,practice,2,6,24,practice,shape,1779090311,95.764,2026-05-18T15:51:10.124,0,0,0,2,353474.287,353508.378,,,,,s,s,1,1327.973,356219.157,correct,1.0,354074.287,354891.184,356219.157,3000,1327.973,356369.157,"[{""stage_name"": ""fixation"", ""planned_duration_ms"": 100, ""intended_onset_ms"": 353474.287, ""actual_onset_global_ms"": 353508.378, ""actual_offset_global_ms"": 353591.476, ""actual_duration_ms"": 83.098}, {""stage_name"": ""cue"", ""planned_duration_ms"": 500, ""intended_onset_ms"": 353574.287, ""actual_onset_global_ms"": 353619.689, ""actual_offset_global_ms"": 354877.126, ""actual_duration_ms"": 1257.437}, {""stage_name"": ""stimulus"", ""planned_duration_ms"": 3000, ""intended_onset_ms"": 354074.287, ""actual_onset_global_ms"": 354891.184, ""actual_offset_global_ms"": 356219.157, ""actual_duration_ms"": 1327.973}, {""stage_name"": ""feedback"", ""planned_duration_ms"": 150, ""intended_onset_ms"": 356219.157, ""actual_onset_global_ms"": 356268.813, ""actual_offset_global_ms"": 356425.851, ""actual_duration_ms"": 157.038}]",correct.wav,356245.696,150.0,356745.696,0.0,none,,,0.0,0.0,none,0.0,0.0,0.0,0.0,,,0.0,none,none,0.0,shape,cue_shape.wav,形状,353624.398,500.0,354390.648,red,rabbit,red_rabbit,practice,,shape,2599.468,,,,,,,,,,,,,,,,,,,,,,,,,,,,,,,,,,,,,,,,,
031,031_T1_20260518_154511,Control,T1,standard,hci_substudy_v2,1,telemetry_v4,dccs,2,mixed_formal,formal,1,1,25,formal,shape,1779090311,95.764,2026-05-18T15:51:45.015,0,0,0,2,388365.289,388392.021,,,,,j,j,1,3504.094,393397.919,none,,388965.289,389893.825,393397.919,3000,3504.094,393397.919,"[{""stage_name"": ""fixation"", ""planned_duration_ms"": 100, ""intended_onset_ms"": 388365.289, ""actual_onset_global_ms"": 388392.021, ""actual_offset_global_ms"": 388492.38, ""actual_duration_ms"": 100.359}, {""stage_name"": ""cue"", ""planned_duration_ms"": 500, ""intended_onset_ms"": 388465.289, ""actual_onset_global_ms"": 388515.395, ""actual_offset_global_ms"": 389878.973, ""actual_duration_ms"": 1363.578}, {""stage_name"": ""stimulus"", ""planned_duration_ms"": 3000, ""intended_onset_ms"": 388965.289, ""actual_onset_global_ms"": 389893.825, ""actual_offset_global_ms"": 393397.919, ""actual_duration_ms"": 3504.094}]",,,,,0.0,none,,,0.0,0.0,none,0.0,0.0,0.0,0.0,,,0.0,none,none,0.0,shape,cue_shape.wav,形状,388522.286,500.0,389288.536,red,boat,red_boat,first,,shape,4882.524,,,,,,,,,,,,,,,,,,,,,,,,,,,,,,,,,,,,,,,,,
031,031_T1_20260518_154511,Control,T1,standard,hci_substudy_v2,1,telemetry_v4,dccs,2,mixed_formal,formal,1,2,26,formal,shape,1779090311,95.764,2026-05-18T15:51:50.083,0,0,0,2,393432.839,393463.979,,,,,s,s,1,1463.878,396335.368,none,,394032.839,394871.49,396335.368,3000,1463.878,396335.368,"[{""stage_name"": ""fixation"", ""planned_duration_ms"": 100, ""intended_onset_ms"": 393432.839, ""actual_onset_global_ms"": 393463.979, ""actual_offset_global_ms"": 393565.488, ""actual_duration_ms"": 101.509}, {""stage_name"": ""cue"", ""planned_duration_ms"": 500, ""intended_onset_ms"": 393532.839, ""actual_onset_global_ms"": 393592.047, ""actual_offset_global_ms"": 394856.059, ""actual_duration_ms"": 1264.012}, {""stage_name"": ""stimulus"", ""planned_duration_ms"": 3000, ""intended_onset_ms"": 394032.839, ""actual_onset_global_ms"": 394871.49, ""actual_offset_global_ms"": 396335.368, ""actual_duration_ms"": 1463.878}]",,,,,0.0,none,,,0.0,0.0,none,0.0,0.0,0.0,0.0,,,0.0,none,none,0.0,shape,cue_shape.wav,形状,393598.778,500.0,394365.028,blue,rabbit,blue_rabbit,repeat,shape,shape,2743.321,,,,,,,,,,,,,,,,,,,,,,,,,,,,,,,,,,,,,,,,,
031,031_T1_20260518_154511,Control,T1,standard,hci_substudy_v2,1,telemetry_v4,dccs,2,mixed_formal,formal,1,3,27,formal,shape,1779090311,95.764,2026-05-18T15:51:53.024,0,0,0,2,396373.486,396399.263,,,,,s,s,1,1690.805,399512.317,none,,396973.486,397821.512,399512.317,3000,1690.805,399512.317,"[{""stage_name"": ""fixation"", ""planned_duration_ms"": 100, ""intended_onset_ms"": 396373.486, ""actual_onset_global_ms"": 396399.263, ""actual_offset_global_ms"": 396500.076, ""actual_duration_ms"": 100.813}, {""stage_name"": ""cue"", ""planned_duration_ms"": 500, ""intended_onset_ms"": 396473.486, ""actual_onset_global_ms"": 396521.347, ""actual_offset_global_ms"": 397798.238, ""actual_duration_ms"": 1276.891}, {""stage_name"": ""stimulus"", ""planned_duration_ms"": 3000, ""intended_onset_ms"": 396973.486, ""actual_onset_global_ms"": 397821.512, ""actual_offset_global_ms"": 399512.317, ""actual_duration_ms"": 1690.805}]",,,,,0.0,none,,,0.0,0.0,none,0.0,0.0,0.0,0.0,,,0.0,none,none,0.0,shape,cue_shape.wav,形状,396528.106,500.0,397294.356,red,rabbit,red_rabbit,repeat,shape,shape,2990.97,,,,,,,,,,,,,,,,,,,,,,,,,,,,,,,,,,,,,,,,,
031,031_T1_20260518_154511,Control,T1,standard,hci_substudy_v2,1,telemetry_v4,dccs,2,mixed_formal,formal,1,4,28,formal,color,1779090311,95.764,2026-05-18T15:51:56.182,0,0,0,2,399532.58,399561.576,,,,,s,s,1,2532.23,403461.266,none,,400132.58,400929.036,403461.266,3000,2532.23,403461.266,"[{""stage_name"": ""fixation"", ""planned_duration_ms"": 100, ""intended_onset_ms"": 399532.58, ""actual_onset_global_ms"": 399561.576, ""actual_offset_global_ms"": 399662.536, ""actual_duration_ms"": 100.96}, {""stage_name"": ""cue"", ""planned_duration_ms"": 500, ""intended_onset_ms"": 399632.58, ""actual_onset_global_ms"": 399685.318, ""actual_offset_global_ms"": 400908.579, ""actual_duration_ms"": 1223.261}, {""stage_name"": ""stimulus"", ""planned_duration_ms"": 3000, ""intended_onset_ms"": 400132.58, ""actual_onset_global_ms"": 400929.036, ""actual_offset_global_ms"": 403461.266, ""actual_duration_ms"": 2532.23}]",,,,,0.0,none,,,0.0,0.0,none,0.0,0.0,0.0,0.0,,,0.0,none,none,0.0,color,cue_color.wav,颜色,399692.844,500.0,400389.406,blue,boat,blue_boat,switch,shape,color,3775.948,,,,,,,,,,,,,,,,,,,,,,,,,,,,,,,,,,,,,,,,,
031,031_T1_20260518_154511,Control,T1,standard,hci_substudy_v2,1,telemetry_v4,dccs,2,mixed_formal,formal,1,5,29,formal,shape,1779090311,95.764,2026-05-18T15:52:00.150,0,0,0,2,403499.867,403535.44,,,,,j,j,1,2624.005,407553.959,none,,404099.867,404929.954,407553.959,3000,2624.005,407553.959,"[{""stage_name"": ""fixation"", ""planned_duration_ms"": 100, ""intended_onset_ms"": 403499.867, ""actual_onset_global_ms"": 403535.44, ""actual_offset_global_ms"": 403639.637, ""actual_duration_ms"": 104.197}, {""stage_name"": ""cue"", ""planned_duration_ms"": 500, ""intended_onset_ms"": 403599.867, ""actual_onset_global_ms"": 403662.764, ""actual_offset_global_ms"": 404911.687, ""actual_duration_ms"": 1248.923}, {""stage_name"": ""stimulus"", ""planned_duration_ms"": 3000, ""intended_onset_ms"": 404099.867, ""actual_onset_global_ms"": 404929.954, ""actual_offset_global_ms"": 407553.959, ""actual_duration_ms"": 2624.005}]",,,,,0.0,none,,,0.0,0.0,none,0.0,0.0,0.0,0.0,,,0.0,none,none,0.0,shape,cue_shape.wav,形状,403668.988,500.0,404435.238,red,boat,red_boat,switch,color,shape,3891.195,,,,,,,,,,,,,,,,,,,,,,,,,,,,,,,,,,,,,,,,,
031,031_T1_20260518_154511,Control,T1,standard,hci_substudy_v2,1,telemetry_v4,dccs,2,mixed_formal,formal,1,6,30,formal,color,1779090311,95.764,2026-05-18T15:52:04.222,0,0,0,2,407571.793,407600.767,,,,,j,s,0,1280.661,410270.927,none,,408171.793,408990.266,410270.927,3000,1280.661,410270.927,"[{""stage_name"": ""fixation"", ""planned_duration_ms"": 100, ""intended_onset_ms"": 407571.793, ""actual_onset_global_ms"": 407600.767, ""actual_offset_global_ms"": 407682.625, ""actual_duration_ms"": 81.858}, {""stage_name"": ""cue"", ""planned_duration_ms"": 500, ""intended_onset_ms"": 407671.793, ""actual_onset_global_ms"": 407699.526, ""actual_offset_global_ms"": 408971.087, ""actual_duration_ms"": 1271.561}, {""stage_name"": ""stimulus"", ""planned_duration_ms"": 3000, ""intended_onset_ms"": 408171.793, ""actual_onset_global_ms"": 408990.266, ""actual_offset_global_ms"": 410270.927, ""actual_duration_ms"": 1280.661}]",,,,,0.0,none,,,0.0,0.0,none,0.0,0.0,0.0,0.0,,,0.0,none,none,0.0,color,cue_color.wav,颜色,407705.066,500.0,408401.628,red,rabbit,red_rabbit,switch,shape,color,2571.401,,,,,,,,,,,,,,,,,,,,,,,,,,,,,,,,,,,,,,,,,
031,031_T1_20260518_154511,Control,T1,standard,hci_substudy_v2,1,telemetry_v4,dccs,2,mixed_formal,formal,1,7,31,formal,shape,1779090311,95.764,2026-05-18T15:52:06.936,0,0,0,2,410286.705,410319.976,,,,,s,s,1,2106.298,413876.918,none,,410886.705,411770.62,413876.918,3000,2106.298,413876.918,"[{""stage_name"": ""fixation"", ""planned_duration_ms"": 100, ""intended_onset_ms"": 410286.705, ""actual_onset_global_ms"": 410319.976, ""actual_offset_global_ms"": 410428.589, ""actual_duration_ms"": 108.613}, {""stage_name"": ""cue"", ""planned_duration_ms"": 500, ""intended_onset_ms"": 410386.705, ""actual_onset_global_ms"": 410451.571, ""actual_offset_global_ms"": 411750.516, ""actual_duration_ms"": 1298.945}, {""stage_name"": ""stimulus"", ""planned_duration_ms"": 3000, ""intended_onset_ms"": 410886.705, ""actual_onset_global_ms"": 411770.62, ""actual_offset_global_ms"": 413876.918, ""actual_duration_ms"": 2106.298}]",,,,,0.0,none,,,0.0,0.0,none,0.0,0.0,0.0,0.0,,,0.0,none,none,0.0,shape,cue_shape.wav,形状,410457.36,500.0,411223.61,blue,rabbit,blue_rabbit,switch,color,shape,3425.347,,,,,,,,,,,,,,,,,,,,,,,,,,,,,,,,,,,,,,,,,
031,031_T1_20260518_154511,Control,T1,standard,hci_substudy_v2,1,telemetry_v4,dccs,2,mixed_formal,formal,1,8,32,formal,color,1779090311,95.764,2026-05-18T15:52:10.550,0,0,0,2,413899.472,413929.824,,,,,s,s,1,1749.11,417068.603,none,,414499.472,415319.493,417068.603,3000,1749.11,417068.603,"[{""stage_name"": ""fixation"", ""planned_duration_ms"": 100, ""intended_onset_ms"": 413899.472, ""actual_onset_global_ms"": 413929.824, ""actual_offset_global_ms"": 414029.004, ""actual_duration_ms"": 99.18}, {""stage_name"": ""cue"", ""planned_duration_ms"": 500, ""intended_onset_ms"": 413999.472, ""actual_onset_global_ms"": 414052.026, ""actual_offset_global_ms"": 415296.984, ""actual_duration_ms"": 1244.958}, {""stage_name"": ""stimulus"", ""planned_duration_ms"": 3000, ""intended_onset_ms"": 414499.472, ""actual_onset_global_ms"": 415319.493, ""actual_offset_global_ms"": 417068.603, ""actual_duration_ms"": 1749.11}]",,,,,0.0,none,,,0.0,0.0,none,0.0,0.0,0.0,0.0,,,0.0,none,none,0.0,color,cue_color.wav,颜色,414058.353,500.0,414754.916,blue,rabbit,blue_rabbit,switch,shape,color,3016.577,,,,,,,,,,,,,,,,,,,,,,,,,,,,,,,,,,,,,,,,,
031,031_T1_20260518_154511,Control,T1,standard,hci_substudy_v2,1,telemetry_v4,dccs,2,mixed_formal,formal,1,9,33,formal,color,1779090311,95.764,2026-05-18T15:52:13.745,0,0,0,2,417095.563,417128.154,,,,,s,s,1,1280.392,419803.045,none,,417695.563,418522.653,419803.045,3000,1280.392,419803.045,"[{""stage_name"": ""fixation"", ""planned_duration_ms"": 100, ""intended_onset_ms"": 417095.563, ""actual_onset_global_ms"": 417128.154, ""actual_offset_global_ms"": 417232.051, ""actual_duration_ms"": 103.897}, {""stage_name"": ""cue"", ""planned_duration_ms"": 500, ""intended_onset_ms"": 417195.563, ""actual_onset_global_ms"": 417258.12, ""actual_offset_global_ms"": 418500.181, ""actual_duration_ms"": 1242.061}, {""stage_name"": ""stimulus"", ""planned_duration_ms"": 3000, ""intended_onset_ms"": 417695.563, ""actual_onset_global_ms"": 418522.653, ""actual_offset_global_ms"": 419803.045, ""actual_duration_ms"": 1280.392}]",,,,,0.0,none,,,0.0,0.0,none,0.0,0.0,0.0,0.0,,,0.0,none,none,0.0,color,cue_color.wav,颜色,417264.878,500.0,417961.441,blue,boat,blue_boat,repeat,color,color,2544.925,,,,,,,,,,,,,,,,,,,,,,,,,,,,,,,,,,,,,,,,,
031,031_T1_20260518_154511,Control,T1,standard,hci_substudy_v2,1,telemetry_v4,dccs,2,mixed_formal,formal,1,10,34,formal,color,1779090311,95.764,2026-05-18T15:52:16.494,0,0,0,2,419843.396,419871.981,,,,,j,j,1,1147.629,422396.198,none,,420443.396,421248.569,422396.198,3000,1147.629,422396.198,"[{""stage_name"": ""fixation"", ""planned_duration_ms"": 100, ""intended_onset_ms"": 419843.396, ""actual_onset_global_ms"": 419871.981, ""actual_offset_global_ms"": 419969.067, ""actual_duration_ms"": 97.086}, {""stage_name"": ""cue"", ""planned_duration_ms"": 500, ""intended_onset_ms"": 419943.396, ""actual_onset_global_ms"": 419988.615, ""actual_offset_global_ms"": 421230.464, ""actual_duration_ms"": 1241.849}, {""stage_name"": ""stimulus"", ""planned_duration_ms"": 3000, ""intended_onset_ms"": 420443.396, ""actual_onset_global_ms"": 421248.569, ""actual_offset_global_ms"": 422396.198, ""actual_duration_ms"": 1147.629}]",,,,,0.0,none,,,0.0,0.0,none,0.0,0.0,0.0,0.0,,,0.0,none,none,0.0,color,cue_color.wav,颜色,419994.547,500.0,420691.11,red,boat,red_boat,repeat,color,color,2407.583,,,,,,,,,,,,,,,,,,,,,,,,,,,,,,,,,,,,,,,,,
031,031_T1_20260518_154511,Control,T1,standard,hci_substudy_v2,1,telemetry_v4,dccs,2,mixed_formal,formal,1,11,35,formal,shape,1779090311,95.764,2026-05-18T15:52:19.064,0,0,0,2,422415.06,422451.88,,,,,j,j,1,1846.242,425720.337,none,,423015.06,423874.095,425720.337,3000,1846.242,425720.337,"[{""stage_name"": ""fixation"", ""planned_duration_ms"": 100, ""intended_onset_ms"": 422415.06, ""actual_onset_global_ms"": 422451.88, ""actual_offset_global_ms"": 422528.293, ""actual_duration_ms"": 76.413}, {""stage_name"": ""cue"", ""planned_duration_ms"": 500, ""intended_onset_ms"": 422515.06, ""actual_onset_global_ms"": 422555.251, ""actual_offset_global_ms"": 423855.706, ""actual_duration_ms"": 1300.455}, {""stage_name"": ""stimulus"", ""planned_duration_ms"": 3000, ""intended_onset_ms"": 423015.06, ""actual_onset_global_ms"": 423874.095, ""actual_offset_global_ms"": 425720.337, ""actual_duration_ms"": 1846.242}]",,,,,0.0,none,,,0.0,0.0,none,0.0,0.0,0.0,0.0,,,0.0,none,none,0.0,shape,cue_shape.wav,形状,422561.4,500.0,423327.65,blue,boat,blue_boat,switch,color,shape,3165.086,,,,,,,,,,,,,,,,,,,,,,,,,,,,,,,,,,,,,,,,,
031,031_T1_20260518_154511,Control,T1,standard,hci_substudy_v2,1,telemetry_v4,dccs,2,mixed_formal,formal,1,12,36,formal,color,1779090311,95.764,2026-05-18T15:52:22.401,0,0,0,2,425751.898,425780.501,,,,,j,j,1,2148.521,429320.442,none,,426351.898,427171.921,429320.442,3000,2148.521,429320.442,"[{""stage_name"": ""fixation"", ""planned_duration_ms"": 100, ""intended_onset_ms"": 425751.898, ""actual_onset_global_ms"": 425780.501, ""actual_offset_global_ms"": 425881.01, ""actual_duration_ms"": 100.509}, {""stage_name"": ""cue"", ""planned_duration_ms"": 500, ""intended_onset_ms"": 425851.898, ""actual_onset_global_ms"": 425904.354, ""actual_offset_global_ms"": 427154.243, ""actual_duration_ms"": 1249.889}, {""stage_name"": ""stimulus"", ""planned_duration_ms"": 3000, ""intended_onset_ms"": 426351.898, ""actual_onset_global_ms"": 427171.921, ""actual_offset_global_ms"": 429320.442, ""actual_duration_ms"": 2148.521}]",,,,,0.0,none,,,0.0,0.0,none,0.0,0.0,0.0,0.0,,,0.0,none,none,0.0,color,cue_color.wav,颜色,425910.859,500.0,426607.421,red,boat,red_boat,switch,shape,color,3416.088,,,,,,,,,,,,,,,,,,,,,,,,,,,,,,,,,,,,,,,,,
031,031_T1_20260518_154511,Control,T1,standard,hci_substudy_v2,1,telemetry_v4,dccs,2,mixed_formal,formal,1,13,37,formal,shape,1779090311,95.764,2026-05-18T15:52:26.008,0,0,0,2,429358.034,429391.268,,,,,s,s,1,965.728,431807.444,none,,429958.034,430841.716,431807.444,3000,965.728,431807.444,"[{""stage_name"": ""fixation"", ""planned_duration_ms"": 100, ""intended_onset_ms"": 429358.034, ""actual_onset_global_ms"": 429391.268, ""actual_offset_global_ms"": 429500.19, ""actual_duration_ms"": 108.922}, {""stage_name"": ""cue"", ""planned_duration_ms"": 500, ""intended_onset_ms"": 429458.034, ""actual_onset_global_ms"": 429520.943, ""actual_offset_global_ms"": 430819.354, ""actual_duration_ms"": 1298.411}, {""stage_name"": ""stimulus"", ""planned_duration_ms"": 3000, ""intended_onset_ms"": 429958.034, ""actual_onset_global_ms"": 430841.716, ""actual_offset_global_ms"": 431807.444, ""actual_duration_ms"": 965.728}]",,,,,0.0,none,,,0.0,0.0,none,0.0,0.0,0.0,0.0,,,0.0,none,none,0.0,shape,cue_shape.wav,形状,429527.661,500.0,430293.911,red,rabbit,red_rabbit,switch,color,shape,2286.501,,,,,,,,,,,,,,,,,,,,,,,,,,,,,,,,,,,,,,,,,
031,031_T1_20260518_154511,Control,T1,standard,hci_substudy_v2,1,telemetry_v4,dccs,2,mixed_formal,formal,1,14,38,formal,color,1779090311,95.764,2026-05-18T15:52:28.470,0,0,0,2,431819.943,431850.787,,,,,s,s,1,1730.957,434955.937,none,,432419.943,433224.98,434955.937,3000,1730.957,434955.937,"[{""stage_name"": ""fixation"", ""planned_duration_ms"": 100, ""intended_onset_ms"": 431819.943, ""actual_onset_global_ms"": 431850.787, ""actual_offset_global_ms"": 431950.26, ""actual_duration_ms"": 99.473}, {""stage_name"": ""cue"", ""planned_duration_ms"": 500, ""intended_onset_ms"": 431919.943, ""actual_onset_global_ms"": 431972.189, ""actual_offset_global_ms"": 433211.26, ""actual_duration_ms"": 1239.071}, {""stage_name"": ""stimulus"", ""planned_duration_ms"": 3000, ""intended_onset_ms"": 432419.943, ""actual_onset_global_ms"": 433224.98, ""actual_offset_global_ms"": 434955.937, ""actual_duration_ms"": 1730.957}]",,,,,0.0,none,,,0.0,0.0,none,0.0,0.0,0.0,0.0,,,0.0,none,none,0.0,color,cue_color.wav,颜色,431978.689,500.0,432675.252,blue,rabbit,blue_rabbit,switch,shape,color,2983.748,,,,,,,,,,,,,,,,,,,,,,,,,,,,,,,,,,,,,,,,,
031,031_T1_20260518_154511,Control,T1,standard,hci_substudy_v2,1,telemetry_v4,dccs,2,mixed_formal,formal,1,15,39,formal,shape,1779090311,95.764,2026-05-18T15:52:31.638,0,0,0,2,434988.584,435020.374,,,,,s,s,1,1340.351,437800.968,none,,435588.584,436460.617,437800.968,3000,1340.351,437800.968,"[{""stage_name"": ""fixation"", ""planned_duration_ms"": 100, ""intended_onset_ms"": 434988.584, ""actual_onset_global_ms"": 435020.374, ""actual_offset_global_ms"": 435128.064, ""actual_duration_ms"": 107.69}, {""stage_name"": ""cue"", ""planned_duration_ms"": 500, ""intended_onset_ms"": 435088.584, ""actual_onset_global_ms"": 435154.478, ""actual_offset_global_ms"": 436441.406, ""actual_duration_ms"": 1286.928}, {""stage_name"": ""stimulus"", ""planned_duration_ms"": 3000, ""intended_onset_ms"": 435588.584, ""actual_onset_global_ms"": 436460.617, ""actual_offset_global_ms"": 437800.968, ""actual_duration_ms"": 1340.351}]",,,,,0.0,none,,,0.0,0.0,none,0.0,0.0,0.0,0.0,,,0.0,none,none,0.0,shape,cue_shape.wav,形状,435161.308,500.0,435927.558,blue,rabbit,blue_rabbit,switch,color,shape,2646.49,,,,,,,,,,,,,,,,,,,,,,,,,,,,,,,,,,,,,,,,,
031,031_T1_20260518_154511,Control,T1,standard,hci_substudy_v2,1,telemetry_v4,dccs,2,mixed_formal,formal,1,16,40,formal,color,1779090311,95.764,2026-05-18T15:52:34.467,0,0,0,2,437817.531,437851.926,,,,,j,j,1,1287.172,440519.974,none,,438417.531,439232.802,440519.974,3000,1287.172,440519.974,"[{""stage_name"": ""fixation"", ""planned_duration_ms"": 100, ""intended_onset_ms"": 437817.531, ""actual_onset_global_ms"": 437851.926, ""actual_offset_global_ms"": 437955.592, ""actual_duration_ms"": 103.666}, {""stage_name"": ""cue"", ""planned_duration_ms"": 500, ""intended_onset_ms"": 437917.531, ""actual_onset_global_ms"": 437977.694, ""actual_offset_global_ms"": 439209.886, ""actual_duration_ms"": 1232.192}, {""stage_name"": ""stimulus"", ""planned_duration_ms"": 3000, ""intended_onset_ms"": 438417.531, ""actual_onset_global_ms"": 439232.802, ""actual_offset_global_ms"": 440519.974, ""actual_duration_ms"": 1287.172}]",,,,,0.0,none,,,0.0,0.0,none,0.0,0.0,0.0,0.0,,,0.0,none,none,0.0,color,cue_color.wav,颜色,437983.971,500.0,438680.534,red,rabbit,red_rabbit,switch,shape,color,2542.28,,,,,,,,,,,,,,,,,,,,,,,,,,,,,,,,,,,,,,,,,
031,031_T1_20260518_154511,Control,T1,standard,hci_substudy_v2,1,telemetry_v4,dccs,2,mixed_formal,formal,1,17,41,formal,shape,1779090311,95.764,2026-05-18T15:52:37.201,0,0,0,2,440551.443,440581.6,,,,,j,j,1,1767.955,443792.259,none,,441151.443,442024.304,443792.259,3000,1767.955,443792.259,"[{""stage_name"": ""fixation"", ""planned_duration_ms"": 100, ""intended_onset_ms"": 440551.443, ""actual_onset_global_ms"": 440581.6, ""actual_offset_global_ms"": 440689.692, ""actual_duration_ms"": 108.092}, {""stage_name"": ""cue"", ""planned_duration_ms"": 500, ""intended_onset_ms"": 440651.443, ""actual_onset_global_ms"": 440714.142, ""actual_offset_global_ms"": 442003.779, ""actual_duration_ms"": 1289.637}, {""stage_name"": ""stimulus"", ""planned_duration_ms"": 3000, ""intended_onset_ms"": 441151.443, ""actual_onset_global_ms"": 442024.304, ""actual_offset_global_ms"": 443792.259, ""actual_duration_ms"": 1767.955}]",,,,,0.0,none,,,0.0,0.0,none,0.0,0.0,0.0,0.0,,,0.0,none,none,0.0,shape,cue_shape.wav,形状,440720.834,500.0,441487.084,red,boat,red_boat,switch,color,shape,3078.117,,,,,,,,,,,,,,,,,,,,,,,,,,,,,,,,,,,,,,,,,
031,031_T1_20260518_154511,Control,T1,standard,hci_substudy_v2,1,telemetry_v4,dccs,2,mixed_formal,formal,1,18,42,formal,color,1779090311,95.764,2026-05-18T15:52:40.483,0,0,0,2,443833.091,443867.051,,,,,j,s,0,1464.258,446674.093,none,,444433.091,445209.835,446674.093,3000,1464.258,446674.093,"[{""stage_name"": ""fixation"", ""planned_duration_ms"": 100, ""intended_onset_ms"": 443833.091, ""actual_onset_global_ms"": 443867.051, ""actual_offset_global_ms"": 443966.017, ""actual_duration_ms"": 98.966}, {""stage_name"": ""cue"", ""planned_duration_ms"": 500, ""intended_onset_ms"": 443933.091, ""actual_onset_global_ms"": 443989.152, ""actual_offset_global_ms"": 445192.109, ""actual_duration_ms"": 1202.957}, {""stage_name"": ""stimulus"", ""planned_duration_ms"": 3000, ""intended_onset_ms"": 444433.091, ""actual_onset_global_ms"": 445209.835, ""actual_offset_global_ms"": 446674.093, ""actual_duration_ms"": 1464.258}]",,,,,0.0,none,,,0.0,0.0,none,0.0,0.0,0.0,0.0,,,0.0,none,none,0.0,color,cue_color.wav,颜色,443997.455,500.0,444694.018,red,rabbit,red_rabbit,switch,shape,color,2684.941,,,,,,,,,,,,,,,,,,,,,,,,,,,,,,,,,,,,,,,,,
031,031_T1_20260518_154511,Control,T1,standard,hci_substudy_v2,1,telemetry_v4,dccs,2,mixed_formal,formal,1,19,43,formal,shape,1779090311,95.764,2026-05-18T15:52:43.351,0,0,0,2,446701.013,446727.515,,,,,s,s,1,2478.693,450625.829,none,,447301.013,448147.136,450625.829,3000,2478.693,450625.829,"[{""stage_name"": ""fixation"", ""planned_duration_ms"": 100, ""intended_onset_ms"": 446701.013, ""actual_onset_global_ms"": 446727.515, ""actual_offset_global_ms"": 446819.781, ""actual_duration_ms"": 92.266}, {""stage_name"": ""cue"", ""planned_duration_ms"": 500, ""intended_onset_ms"": 446801.013, ""actual_onset_global_ms"": 446837.482, ""actual_offset_global_ms"": 448127.546, ""actual_duration_ms"": 1290.064}, {""stage_name"": ""stimulus"", ""planned_duration_ms"": 3000, ""intended_onset_ms"": 447301.013, ""actual_onset_global_ms"": 448147.136, ""actual_offset_global_ms"": 450625.829, ""actual_duration_ms"": 2478.693}]",,,,,0.0,none,,,0.0,0.0,none,0.0,0.0,0.0,0.0,,,0.0,none,none,0.0,shape,cue_shape.wav,形状,446842.481,500.0,447608.731,blue,rabbit,blue_rabbit,switch,color,shape,3788.347,,,,,,,,,,,,,,,,,,,,,,,,,,,,,,,,,,,,,,,,,
031,031_T1_20260518_154511,Control,T1,standard,hci_substudy_v2,1,telemetry_v4,dccs,2,mixed_formal,formal,1,20,44,formal,shape,1779090311,95.764,2026-05-18T15:52:47.316,0,0,0,2,450665.991,450695.031,,,,,s,s,1,1648.27,453780.288,none,,451265.991,452132.018,453780.288,3000,1648.27,453780.288,"[{""stage_name"": ""fixation"", ""planned_duration_ms"": 100, ""intended_onset_ms"": 450665.991, ""actual_onset_global_ms"": 450695.031, ""actual_offset_global_ms"": 450799.227, ""actual_duration_ms"": 104.196}, {""stage_name"": ""cue"", ""planned_duration_ms"": 500, ""intended_onset_ms"": 450765.991, ""actual_onset_global_ms"": 450821.47, ""actual_offset_global_ms"": 452112.782, ""actual_duration_ms"": 1291.312}, {""stage_name"": ""stimulus"", ""planned_duration_ms"": 3000, ""intended_onset_ms"": 451265.991, ""actual_onset_global_ms"": 452132.018, ""actual_offset_global_ms"": 453780.288, ""actual_duration_ms"": 1648.27}]",,,,,0.0,none,,,0.0,0.0,none,0.0,0.0,0.0,0.0,,,0.0,none,none,0.0,shape,cue_shape.wav,形状,450828.181,500.0,451594.431,red,rabbit,red_rabbit,repeat,shape,shape,2958.818,,,,,,,,,,,,,,,,,,,,,,,,,,,,,,,,,,,,,,,,,
031,031_T1_20260518_154511,Control,T1,standard,hci_substudy_v2,1,telemetry_v4,dccs,2,mixed_formal,formal,1,21,45,formal,color,1779090311,95.764,2026-05-18T15:52:50.462,0,0,0,2,453812.436,453839.999,,,,,s,s,1,1976.245,457185.008,none,,454412.436,455208.763,457185.008,3000,1976.245,457185.008,"[{""stage_name"": ""fixation"", ""planned_duration_ms"": 100, ""intended_onset_ms"": 453812.436, ""actual_onset_global_ms"": 453839.999, ""actual_offset_global_ms"": 453927.612, ""actual_duration_ms"": 87.613}, {""stage_name"": ""cue"", ""planned_duration_ms"": 500, ""intended_onset_ms"": 453912.436, ""actual_onset_global_ms"": 453943.774, ""actual_offset_global_ms"": 455182.986, ""actual_duration_ms"": 1239.212}, {""stage_name"": ""stimulus"", ""planned_duration_ms"": 3000, ""intended_onset_ms"": 454412.436, ""actual_onset_global_ms"": 455208.763, ""actual_offset_global_ms"": 457185.008, ""actual_duration_ms"": 1976.245}]",,,,,0.0,none,,,0.0,0.0,none,0.0,0.0,0.0,0.0,,,0.0,none,none,0.0,color,cue_color.wav,颜色,453947.466,500.0,454644.029,blue,rabbit,blue_rabbit,switch,shape,color,3241.234,,,,,,,,,,,,,,,,,,,,,,,,,,,,,,,,,,,,,,,,,
031,031_T1_20260518_154511,Control,T1,standard,hci_substudy_v2,1,telemetry_v4,dccs,2,mixed_formal,formal,1,22,46,formal,shape,1779090311,95.764,2026-05-18T15:52:53.862,0,0,0,2,457212.018,457248.013,,,,,j,j,1,1059.407,459712.854,none,,457812.018,458653.447,459712.854,3000,1059.407,459712.854,"[{""stage_name"": ""fixation"", ""planned_duration_ms"": 100, ""intended_onset_ms"": 457212.018, ""actual_onset_global_ms"": 457248.013, ""actual_offset_global_ms"": 457347.651, ""actual_duration_ms"": 99.638}, {""stage_name"": ""cue"", ""planned_duration_ms"": 500, ""intended_onset_ms"": 457312.018, ""actual_onset_global_ms"": 457371.771, ""actual_offset_global_ms"": 458632.248, ""actual_duration_ms"": 1260.477}, {""stage_name"": ""stimulus"", ""planned_duration_ms"": 3000, ""intended_onset_ms"": 457812.018, ""actual_onset_global_ms"": 458653.447, ""actual_offset_global_ms"": 459712.854, ""actual_duration_ms"": 1059.407}]",,,,,0.0,none,,,0.0,0.0,none,0.0,0.0,0.0,0.0,,,0.0,none,none,0.0,shape,cue_shape.wav,形状,457376.782,500.0,458143.032,blue,boat,blue_boat,switch,color,shape,2341.083,,,,,,,,,,,,,,,,,,,,,,,,,,,,,,,,,,,,,,,,,
031,031_T1_20260518_154511,Control,T1,standard,hci_substudy_v2,1,telemetry_v4,dccs,2,mixed_formal,formal,1,23,47,formal,color,1779090311,95.764,2026-05-18T15:52:56.389,0,0,0,2,459739.409,459767.601,,,,,s,s,1,1191.101,462317.081,none,,460339.409,461125.98,462317.081,3000,1191.101,462317.081,"[{""stage_name"": ""fixation"", ""planned_duration_ms"": 100, ""intended_onset_ms"": 459739.409, ""actual_onset_global_ms"": 459767.601, ""actual_offset_global_ms"": 459862.329, ""actual_duration_ms"": 94.728}, {""stage_name"": ""cue"", ""planned_duration_ms"": 500, ""intended_onset_ms"": 459839.409, ""actual_onset_global_ms"": 459885.676, ""actual_offset_global_ms"": 461107.522, ""actual_duration_ms"": 1221.846}, {""stage_name"": ""stimulus"", ""planned_duration_ms"": 3000, ""intended_onset_ms"": 460339.409, ""actual_onset_global_ms"": 461125.98, ""actual_offset_global_ms"": 462317.081, ""actual_duration_ms"": 1191.101}]",,,,,0.0,none,,,0.0,0.0,none,0.0,0.0,0.0,0.0,,,0.0,none,none,0.0,color,cue_color.wav,颜色,459892.518,500.0,460589.08,blue,boat,blue_boat,switch,shape,color,2431.405,,,,,,,,,,,,,,,,,,,,,,,,,,,,,,,,,,,,,,,,,
031,031_T1_20260518_154511,Control,T1,standard,hci_substudy_v2,1,telemetry_v4,dccs,2,mixed_formal,formal,1,24,48,formal,color,1779090311,95.764,2026-05-18T15:52:58.985,0,0,0,2,462335.847,462361.389,,,,,s,s,1,1338.391,465088.594,none,,462935.847,463750.203,465088.594,3000,1338.391,465088.594,"[{""stage_name"": ""fixation"", ""planned_duration_ms"": 100, ""intended_onset_ms"": 462335.847, ""actual_onset_global_ms"": 462361.389, ""actual_offset_global_ms"": 462466.599, ""actual_duration_ms"": 105.21}, {""stage_name"": ""cue"", ""planned_duration_ms"": 500, ""intended_onset_ms"": 462435.847, ""actual_onset_global_ms"": 462486.683, ""actual_offset_global_ms"": 463731.976, ""actual_duration_ms"": 1245.293}, {""stage_name"": ""stimulus"", ""planned_duration_ms"": 3000, ""intended_onset_ms"": 462935.847, ""actual_onset_global_ms"": 463750.203, ""actual_offset_global_ms"": 465088.594, ""actual_duration_ms"": 1338.391}]",,,,,0.0,none,,,0.0,0.0,none,0.0,0.0,0.0,0.0,,,0.0,none,none,0.0,color,cue_color.wav,颜色,462493.076,500.0,463189.639,blue,rabbit,blue_rabbit,repeat,color,color,2601.911,,,,,,,,,,,,,,,,,,,,,,,,,,,,,,,,,,,,,,,,,
031,031_T1_20260518_154511,Control,T1,standard,hci_substudy_v2,1,telemetry_v4,dccs,2,mixed_formal,formal,1,25,49,formal,shape,1779090311,95.764,2026-05-18T15:53:01.756,0,0,0,2,465106.701,465138.31,,,,,j,j,1,1842.179,468384.732,none,,465706.701,466542.553,468384.732,3000,1842.179,468384.732,"[{""stage_name"": ""fixation"", ""planned_duration_ms"": 100, ""intended_onset_ms"": 465106.701, ""actual_onset_global_ms"": 465138.31, ""actual_offset_global_ms"": 465247.471, ""actual_duration_ms"": 109.161}, {""stage_name"": ""cue"", ""planned_duration_ms"": 500, ""intended_onset_ms"": 465206.701, ""actual_onset_global_ms"": 465276.486, ""actual_offset_global_ms"": 466525.937, ""actual_duration_ms"": 1249.451}, {""stage_name"": ""stimulus"", ""planned_duration_ms"": 3000, ""intended_onset_ms"": 465706.701, ""actual_onset_global_ms"": 466542.553, ""actual_offset_global_ms"": 468384.732, ""actual_duration_ms"": 1842.179}]",,,,,0.0,none,,,0.0,0.0,none,0.0,0.0,0.0,0.0,,,0.0,none,none,0.0,shape,cue_shape.wav,形状,465281.577,500.0,466047.827,blue,boat,blue_boat,switch,color,shape,3108.246,,,,,,,,,,,,,,,,,,,,,,,,,,,,,,,,,,,,,,,,,
031,031_T1_20260518_154511,Control,T1,standard,hci_substudy_v2,1,telemetry_v4,dccs,2,mixed_formal,formal,1,26,50,formal,color,1779090311,95.764,2026-05-18T15:53:05.060,0,0,0,2,468410.388,468439.437,,,,,j,j,1,2509.439,472306.887,none,,469010.388,469797.448,472306.887,3000,2509.439,472306.887,"[{""stage_name"": ""fixation"", ""planned_duration_ms"": 100, ""intended_onset_ms"": 468410.388, ""actual_onset_global_ms"": 468439.437, ""actual_offset_global_ms"": 468536.192, ""actual_duration_ms"": 96.755}, {""stage_name"": ""cue"", ""planned_duration_ms"": 500, ""intended_onset_ms"": 468510.388, ""actual_onset_global_ms"": 468556.749, ""actual_offset_global_ms"": 469778.569, ""actual_duration_ms"": 1221.82}, {""stage_name"": ""stimulus"", ""planned_duration_ms"": 3000, ""intended_onset_ms"": 469010.388, ""actual_onset_global_ms"": 469797.448, ""actual_offset_global_ms"": 472306.887, ""actual_duration_ms"": 2509.439}]",,,,,0.0,none,,,0.0,0.0,none,0.0,0.0,0.0,0.0,,,0.0,none,none,0.0,color,cue_color.wav,颜色,468563.111,500.0,469259.673,red,boat,red_boat,switch,shape,color,3750.138,,,,,,,,,,,,,,,,,,,,,,,,,,,,,,,,,,,,,,,,,
031,031_T1_20260518_154511,Control,T1,standard,hci_substudy_v2,1,telemetry_v4,dccs,2,mixed_formal,formal,1,27,51,formal,color,1779090311,95.764,2026-05-18T15:53:08.986,0,0,0,2,472335.994,472372.121,,,,,s,j,0,2564.827,476316.748,none,,472935.994,473751.921,476316.748,3000,2564.827,476316.748,"[{""stage_name"": ""fixation"", ""planned_duration_ms"": 100, ""intended_onset_ms"": 472335.994, ""actual_onset_global_ms"": 472372.121, ""actual_offset_global_ms"": 472470.298, ""actual_duration_ms"": 98.177}, {""stage_name"": ""cue"", ""planned_duration_ms"": 500, ""intended_onset_ms"": 472435.994, ""actual_onset_global_ms"": 472492.284, ""actual_offset_global_ms"": 473731.454, ""actual_duration_ms"": 1239.17}, {""stage_name"": ""stimulus"", ""planned_duration_ms"": 3000, ""intended_onset_ms"": 472935.994, ""actual_onset_global_ms"": 473751.921, ""actual_offset_global_ms"": 476316.748, ""actual_duration_ms"": 2564.827}]",,,,,0.0,none,,,0.0,0.0,none,0.0,0.0,0.0,0.0,,,0.0,none,none,0.0,color,cue_color.wav,颜色,472498.585,500.0,473195.148,blue,boat,blue_boat,repeat,color,color,3824.464,,,,,,,,,,,,,,,,,,,,,,,,,,,,,,,,,,,,,,,,,
031,031_T1_20260518_154511,Control,T1,standard,hci_substudy_v2,1,telemetry_v4,dccs,2,mixed_formal,formal,1,28,52,formal,shape,1779090311,95.764,2026-05-18T15:53:13.006,0,0,0,2,476356.248,476385.959,,,,,s,s,1,791.82,478635.864,none,,476956.248,477844.044,478635.864,3000,791.82,478635.864,"[{""stage_name"": ""fixation"", ""planned_duration_ms"": 100, ""intended_onset_ms"": 476356.248, ""actual_onset_global_ms"": 476385.959, ""actual_offset_global_ms"": 476486.712, ""actual_duration_ms"": 100.753}, {""stage_name"": ""cue"", ""planned_duration_ms"": 500, ""intended_onset_ms"": 476456.248, ""actual_onset_global_ms"": 476510.412, ""actual_offset_global_ms"": 477822.271, ""actual_duration_ms"": 1311.859}, {""stage_name"": ""stimulus"", ""planned_duration_ms"": 3000, ""intended_onset_ms"": 476956.248, ""actual_onset_global_ms"": 477844.044, ""actual_offset_global_ms"": 478635.864, ""actual_duration_ms"": 791.82}]",,,,,0.0,none,,,0.0,0.0,none,0.0,0.0,0.0,0.0,,,0.0,none,none,0.0,shape,cue_shape.wav,形状,476516.482,500.0,477282.732,red,rabbit,red_rabbit,switch,color,shape,2125.452,,,,,,,,,,,,,,,,,,,,,,,,,,,,,,,,,,,,,,,,,
031,031_T1_20260518_154511,Control,T1,standard,hci_substudy_v2,1,telemetry_v4,dccs,2,mixed_formal,formal,1,29,53,formal,color,1779090311,95.764,2026-05-18T15:53:15.322,0,0,0,2,478671.442,478703.771,,,,,j,j,1,3283.181,483343.885,none,,479271.442,480060.704,483343.885,3000,3283.181,483343.885,"[{""stage_name"": ""fixation"", ""planned_duration_ms"": 100, ""intended_onset_ms"": 478671.442, ""actual_onset_global_ms"": 478703.771, ""actual_offset_global_ms"": 478803.166, ""actual_duration_ms"": 99.395}, {""stage_name"": ""cue"", ""planned_duration_ms"": 500, ""intended_onset_ms"": 478771.442, ""actual_onset_global_ms"": 478825.065, ""actual_offset_global_ms"": 480042.881, ""actual_duration_ms"": 1217.816}, {""stage_name"": ""stimulus"", ""planned_duration_ms"": 3000, ""intended_onset_ms"": 479271.442, ""actual_onset_global_ms"": 480060.704, ""actual_offset_global_ms"": 483343.885, ""actual_duration_ms"": 3283.181}]",,,,,0.0,none,,,0.0,0.0,none,0.0,0.0,0.0,0.0,,,0.0,none,none,0.0,color,cue_color.wav,颜色,478832.224,500.0,479528.786,red,boat,red_boat,switch,shape,color,4518.82,,,,,,,,,,,,,,,,,,,,,,,,,,,,,,,,,,,,,,,,,
031,031_T1_20260518_154511,Control,T1,standard,hci_substudy_v2,1,telemetry_v4,dccs,2,mixed_formal,formal,1,30,54,formal,shape,1779090311,95.764,2026-05-18T15:53:20.015,0,0,0,2,483365.558,483394.299,,,,,j,j,1,3504.72,488327.414,none,,483965.558,484822.694,488327.414,3000,3504.72,488327.414,"[{""stage_name"": ""fixation"", ""planned_duration_ms"": 100, ""intended_onset_ms"": 483365.558, ""actual_onset_global_ms"": 483394.299, ""actual_offset_global_ms"": 483481.563, ""actual_duration_ms"": 87.264}, {""stage_name"": ""cue"", ""planned_duration_ms"": 500, ""intended_onset_ms"": 483465.558, ""actual_onset_global_ms"": 483497.908, ""actual_offset_global_ms"": 484803.075, ""actual_duration_ms"": 1305.167}, {""stage_name"": ""stimulus"", ""planned_duration_ms"": 3000, ""intended_onset_ms"": 483965.558, ""actual_onset_global_ms"": 484822.694, ""actual_offset_global_ms"": 488327.414, ""actual_duration_ms"": 3504.72}]",,,,,0.0,none,,,0.0,0.0,none,0.0,0.0,0.0,0.0,,,0.0,none,none,0.0,shape,cue_shape.wav,形状,483501.47,500.0,484267.72,red,boat,red_boat,switch,color,shape,4829.506,,,,,,,,,,,,,,,,,,,,,,,,,,,,,,,,,,,,,,,,,
031,031_T1_20260518_154511,Control,T1,standard,hci_substudy_v2,1,telemetry_v4,digit_span,3,practice_digitspan,practice,1,1,1,practice,span_2,1779090311,95.764,2026-05-18T15:54:23.924,0,0,0,1,547274.063,547495.31,,,,,,,1,,,,,547374.063,547501.982,634064.3,2000,86562.318,634064.3,"[{""stage_name"": ""fixation"", ""planned_duration_ms"": 100, ""intended_onset_ms"": 547274.063, ""actual_onset_global_ms"": 547495.31, ""actual_offset_global_ms"": 547505.752, ""actual_duration_ms"": 10.442}, {""stage_name"": ""auditory_sequence"", ""planned_duration_ms"": 2000, ""intended_onset_ms"": 547374.063, ""actual_onset_global_ms"": 547501.982, ""actual_offset_global_ms"": 549053.825, ""actual_duration_ms"": 1551.843}, {""stage_name"": ""wait"", ""planned_duration_ms"": 500, ""intended_onset_ms"": 549053.825, ""actual_onset_global_ms"": 549166.076, ""actual_offset_global_ms"": 549642.809, ""actual_duration_ms"": 476.733}, {""stage_name"": ""input_panel"", ""planned_duration_ms"": 15000, ""intended_onset_ms"": 549642.809, ""actual_onset_global_ms"": 549719.057, ""actual_offset_global_ms"": 598593.38, ""actual_duration_ms"": 48874.323}, {""stage_name"": ""auditory_sequence"", ""planned_duration_ms"": 2000, ""intended_onset_ms"": 601232.205, ""actual_onset_global_ms"": 601237.855, ""actual_offset_global_ms"": 602792.141, ""actual_duration_ms"": 1554.286}, {""stage_name"": ""wait"", ""planned_duration_ms"": 500, ""intended_onset_ms"": 602792.141, ""actual_onset_global_ms"": 602917.127, ""actual_offset_global_ms"": 603392.714, ""actual_duration_ms"": 475.587}]",,,,,0.0,none,,,0.0,0.0,none,0.0,0.0,0.0,0.0,,,,,,,,,,,,,,,,,,,,none,0.0,0.0,0.0,0.0,2.0,1.0,1.0,"[1, 8]","[""8"", ""1""]","[""8"", ""1""]",81,hybrid,3922.845,30644.911,1.0,0.0,7.0,0.0,1.0,"[644.637, 45.581, 5034.438, 42.488, 6431.574, 8455.261, 1748.024, 54.644]",,"[601237.855, 602292.141]","[""digit_1.wav"", ""digit_8.wav""]","[{""audio_file"": ""digit_1.wav"", ""audio_start_global_ms"": 601237.855, ""audio_expected_duration_ms"": 500, ""audio_stop_global_ms"": 601737.855}, {""audio_file"": ""digit_8.wav"", ""audio_start_global_ms"": 602292.141, ""audio_expected_duration_ms"": 500, ""audio_stop_global_ms"": 602792.141}]",1.0,,,,,,,,,,,,,,,
031,031_T1_20260518_154511,Control,T1,standard,hci_substudy_v2,1,telemetry_v4,digit_span,3,practice_digitspan,practice,1,2,2,practice,span_2,1779090311,95.764,2026-05-18T15:55:50.723,0,0,0,1,634073.188,634292.512,,,,,,,1,,,,,634173.188,634302.361,657911.938,2000,23609.577,657911.938,"[{""stage_name"": ""fixation"", ""planned_duration_ms"": 100, ""intended_onset_ms"": 634073.188, ""actual_onset_global_ms"": 634292.512, ""actual_offset_global_ms"": 634302.954, ""actual_duration_ms"": 10.442}, {""stage_name"": ""auditory_sequence"", ""planned_duration_ms"": 2000, ""intended_onset_ms"": 634173.188, ""actual_onset_global_ms"": 634302.361, ""actual_offset_global_ms"": 635824.77, ""actual_duration_ms"": 1522.409}, {""stage_name"": ""wait"", ""planned_duration_ms"": 500, ""intended_onset_ms"": 635824.77, ""actual_onset_global_ms"": 635950.854, ""actual_offset_global_ms"": 636450.096, ""actual_duration_ms"": 499.242}, {""stage_name"": ""input_panel"", ""planned_duration_ms"": 15000, ""intended_onset_ms"": 636450.096, ""actual_onset_global_ms"": 636473.682, ""actual_offset_global_ms"": 657911.938, ""actual_duration_ms"": 21438.256}]",,,,,0.0,none,,,0.0,0.0,none,0.0,0.0,0.0,0.0,,,,,,,,,,,,,,,,,,,,none,0.0,0.0,0.0,0.0,2.0,2.0,1.0,"[2, 4]","[""4"", ""2""]","[""4"", ""2""]",42,hybrid,11552.717,21438.07,1.0,0.0,3.0,0.0,1.0,"[1892.735, 45.588, 4110.567, 34.685]",,"[634302.361, 635324.77]","[""digit_2.wav"", ""digit_4.wav""]","[{""audio_file"": ""digit_2.wav"", ""audio_start_global_ms"": 634302.361, ""audio_expected_duration_ms"": 500, ""audio_stop_global_ms"": 634802.361}, {""audio_file"": ""digit_4.wav"", ""audio_start_global_ms"": 635324.77, ""audio_expected_duration_ms"": 500, ""audio_stop_global_ms"": 635824.77}]",0.0,,,,,,,,,,,,,,,
031,031_T1_20260518_154511,Control,T1,standard,hci_substudy_v2,1,telemetry_v4,digit_span,3,practice_digitspan,practice,1,3,3,practice,span_2,1779090311,95.764,2026-05-18T15:56:14.568,0,0,0,1,657918.623,658139.233,,,,,,,1,,,,,658018.623,658147.019,702103.262,2000,43956.243,702103.262,"[{""stage_name"": ""fixation"", ""planned_duration_ms"": 100, ""intended_onset_ms"": 657918.623, ""actual_onset_global_ms"": 658139.233, ""actual_offset_global_ms"": 658149.675, ""actual_duration_ms"": 10.442}, {""stage_name"": ""auditory_sequence"", ""planned_duration_ms"": 2000, ""intended_onset_ms"": 658018.623, ""actual_onset_global_ms"": 658147.019, ""actual_offset_global_ms"": 659749.357, ""actual_duration_ms"": 1602.338}, {""stage_name"": ""wait"", ""planned_duration_ms"": 500, ""intended_onset_ms"": 659749.357, ""actual_onset_global_ms"": 659891.23, ""actual_offset_global_ms"": 660385.016, ""actual_duration_ms"": 493.786}, {""stage_name"": ""input_panel"", ""planned_duration_ms"": 15000, ""intended_onset_ms"": 660385.016, ""actual_onset_global_ms"": 660408.052, ""actual_offset_global_ms"": 702103.262, ""actual_duration_ms"": 41695.21}]",,,,,0.0,none,,,0.0,0.0,none,0.0,0.0,0.0,0.0,,,,,,,,,,,,,,,,,,,,none,0.0,0.0,0.0,0.0,2.0,3.0,1.0,"[1, 5]","[""5"", ""1""]","[""5"", ""1""]",51,hybrid,29866.526,41694.829,1.0,0.0,7.0,0.0,3.0,"[48.337, 628.167, 2089.757, 1456.911, 42.198, 503.262, 3842.657, 1272.107]",,"[658147.019, 659249.357]","[""digit_1.wav"", ""digit_5.wav""]","[{""audio_file"": ""digit_1.wav"", ""audio_start_global_ms"": 658147.019, ""audio_expected_duration_ms"": 500, ""audio_stop_global_ms"": 658647.019}, {""audio_file"": ""digit_5.wav"", ""audio_start_global_ms"": 659249.357, ""audio_expected_duration_ms"": 500, ""audio_stop_global_ms"": 659749.357}]",0.0,,,,,,,,,,,,,,,
031,031_T1_20260518_154511,Control,T1,standard,hci_substudy_v2,1,telemetry_v4,digit_span,3,practice_digitspan,practice,1,4,4,practice,span_2,1779090311,95.764,2026-05-18T15:56:58.762,0,0,0,1,702112.387,702355.623,,,,,,,1,,,,,702212.387,702363.956,716574.602,2000,14210.646,716574.602,"[{""stage_name"": ""fixation"", ""planned_duration_ms"": 100, ""intended_onset_ms"": 702112.387, ""actual_onset_global_ms"": 702355.623, ""actual_offset_global_ms"": 702366.065, ""actual_duration_ms"": 10.442}, {""stage_name"": ""auditory_sequence"", ""planned_duration_ms"": 2000, ""intended_onset_ms"": 702212.387, ""actual_onset_global_ms"": 702363.956, ""actual_offset_global_ms"": 703911.723, ""actual_duration_ms"": 1547.767}, {""stage_name"": ""wait"", ""planned_duration_ms"": 500, ""intended_onset_ms"": 703911.723, ""actual_onset_global_ms"": 704055.259, ""actual_offset_global_ms"": 704525.179, ""actual_duration_ms"": 469.92}, {""stage_name"": ""input_panel"", ""planned_duration_ms"": 15000, ""intended_onset_ms"": 704525.179, ""actual_onset_global_ms"": 704551.558, ""actual_offset_global_ms"": 716574.602, ""actual_duration_ms"": 12023.044}]",,,,,0.0,none,,,0.0,0.0,none,0.0,0.0,0.0,0.0,,,,,,,,,,,,,,,,,,,,none,0.0,0.0,0.0,0.0,2.0,4.0,1.0,"[7, 5]","[""5"", ""7""]","[""5"", ""7""]",57,onscreen_mouse,9414.545,12022.729,1.0,0.0,0.0,0.0,3.0,[1185.582],,"[702363.956, 703411.723]","[""digit_7.wav"", ""digit_5.wav""]","[{""audio_file"": ""digit_7.wav"", ""audio_start_global_ms"": 702363.956, ""audio_expected_duration_ms"": 500, ""audio_stop_global_ms"": 702863.956}, {""audio_file"": ""digit_5.wav"", ""audio_start_global_ms"": 703411.723, ""audio_expected_duration_ms"": 500, ""audio_stop_global_ms"": 703911.723}]",0.0,,,,,,,,,,,,,,,
031,031_T1_20260518_154511,Control,T1,standard,hci_substudy_v2,1,telemetry_v4,digit_span,3,practice_digitspan,practice,1,5,5,practice,span_2,1779090311,95.764,2026-05-18T15:57:13.231,0,0,0,1,716580.716,716809.621,,,,,,,1,,,,,716680.716,716820.573,732914.148,2000,16093.575,732914.148,"[{""stage_name"": ""fixation"", ""planned_duration_ms"": 100, ""intended_onset_ms"": 716580.716, ""actual_onset_global_ms"": 716809.621, ""actual_offset_global_ms"": 716820.063, ""actual_duration_ms"": 10.442}, {""stage_name"": ""auditory_sequence"", ""planned_duration_ms"": 2000, ""intended_onset_ms"": 716680.716, ""actual_onset_global_ms"": 716820.573, ""actual_offset_global_ms"": 718322.266, ""actual_duration_ms"": 1501.693}, {""stage_name"": ""wait"", ""planned_duration_ms"": 500, ""intended_onset_ms"": 718322.266, ""actual_onset_global_ms"": 718461.172, ""actual_offset_global_ms"": 718937.42, ""actual_duration_ms"": 476.248}, {""stage_name"": ""input_panel"", ""planned_duration_ms"": 15000, ""intended_onset_ms"": 718937.42, ""actual_onset_global_ms"": 718981.811, ""actual_offset_global_ms"": 732914.148, ""actual_duration_ms"": 13932.337}]",,,,,0.0,none,,,0.0,0.0,none,0.0,0.0,0.0,0.0,,,,,,,,,,,,,,,,,,,,none,0.0,0.0,0.0,0.0,2.0,5.0,1.0,"[5, 2]","[""2"", ""5""]","[""2"", ""5""]",25,onscreen_mouse,11576.386,13931.761,1.0,0.0,0.0,0.0,3.0,[1209.97],,"[716820.573, 717822.266]","[""digit_5.wav"", ""digit_2.wav""]","[{""audio_file"": ""digit_5.wav"", ""audio_start_global_ms"": 716820.573, ""audio_expected_duration_ms"": 500, ""audio_stop_global_ms"": 717320.573}, {""audio_file"": ""digit_2.wav"", ""audio_start_global_ms"": 717822.266, ""audio_expected_duration_ms"": 500, ""audio_stop_global_ms"": 718322.266}]",0.0,,,,,,,,,,,,,,,
031,031_T1_20260518_154511,Control,T1,standard,hci_substudy_v2,1,telemetry_v4,digit_span,3,practice_digitspan,practice,1,6,6,practice,span_2,1779090311,95.764,2026-05-18T15:57:29.573,0,0,0,1,732923.52,733151.332,,,,,,,1,,,,,733023.52,733162.028,746013.542,2000,12851.514,746013.542,"[{""stage_name"": ""fixation"", ""planned_duration_ms"": 100, ""intended_onset_ms"": 732923.52, ""actual_onset_global_ms"": 733151.332, ""actual_offset_global_ms"": 733161.774, ""actual_duration_ms"": 10.442}, {""stage_name"": ""auditory_sequence"", ""planned_duration_ms"": 2000, ""intended_onset_ms"": 733023.52, ""actual_onset_global_ms"": 733162.028, ""actual_offset_global_ms"": 734777.87, ""actual_duration_ms"": 1615.842}, {""stage_name"": ""wait"", ""planned_duration_ms"": 500, ""intended_onset_ms"": 734777.87, ""actual_onset_global_ms"": 734925.971, ""actual_offset_global_ms"": 735398.15, ""actual_duration_ms"": 472.179}, {""stage_name"": ""input_panel"", ""planned_duration_ms"": 15000, ""intended_onset_ms"": 735398.15, ""actual_onset_global_ms"": 735421.668, ""actual_offset_global_ms"": 746013.542, ""actual_duration_ms"": 10591.874}]",,,,,0.0,none,,,0.0,0.0,none,0.0,0.0,0.0,0.0,,,,,,,,,,,,,,,,,,,,none,0.0,0.0,0.0,0.0,2.0,6.0,1.0,"[5, 3]","[""3"", ""5""]","[""3"", ""5""]",35,onscreen_mouse,7891.696,10591.589,1.0,0.0,0.0,0.0,3.0,[1575.586],,"[733162.028, 734277.87]","[""digit_5.wav"", ""digit_3.wav""]","[{""audio_file"": ""digit_5.wav"", ""audio_start_global_ms"": 733162.028, ""audio_expected_duration_ms"": 500, ""audio_stop_global_ms"": 733662.028}, {""audio_file"": ""digit_3.wav"", ""audio_start_global_ms"": 734277.87, ""audio_expected_duration_ms"": 500, ""audio_stop_global_ms"": 734777.87}]",0.0,,,,,,,,,,,,,,,
031,031_T1_20260518_154511,Control,T1,standard,hci_substudy_v2,1,telemetry_v4,digit_span,3,formal_span_2,formal,1,1,7,formal,span_2,1779090311,95.764,2026-05-18T15:57:55.868,0,0,0,1,759218.356,759507.754,,,,,,,1,,,,,759318.356,759518.255,771869.647,2000,12351.392,771869.647,"[{""stage_name"": ""fixation"", ""planned_duration_ms"": 100, ""intended_onset_ms"": 759218.356, ""actual_onset_global_ms"": 759507.754, ""actual_offset_global_ms"": 759518.196, ""actual_duration_ms"": 10.442}, {""stage_name"": ""auditory_sequence"", ""planned_duration_ms"": 2000, ""intended_onset_ms"": 759318.356, ""actual_onset_global_ms"": 759518.255, ""actual_offset_global_ms"": 761120.864, ""actual_duration_ms"": 1602.609}, {""stage_name"": ""wait"", ""planned_duration_ms"": 500, ""intended_onset_ms"": 761120.864, ""actual_onset_global_ms"": 761241.845, ""actual_offset_global_ms"": 761721.568, ""actual_duration_ms"": 479.723}, {""stage_name"": ""input_panel"", ""planned_duration_ms"": 15000, ""intended_onset_ms"": 761721.568, ""actual_onset_global_ms"": 761748.477, ""actual_offset_global_ms"": 771869.647, ""actual_duration_ms"": 10121.17}]",,,,,0.0,none,,,0.0,0.0,none,0.0,0.0,0.0,0.0,,,,,,,,,,,,,,,,,,,,none,0.0,0.0,0.0,0.0,2.0,1.0,1.0,"[4, 7]","[""7"", ""4""]","[""7"", ""4""]",74,onscreen_mouse,7177.559,10120.782,1.0,0.0,0.0,0.0,3.0,[1208.531],advance,"[759518.255, 760620.864]","[""digit_4.wav"", ""digit_7.wav""]","[{""audio_file"": ""digit_4.wav"", ""audio_start_global_ms"": 759518.255, ""audio_expected_duration_ms"": 500, ""audio_stop_global_ms"": 760018.255}, {""audio_file"": ""digit_7.wav"", ""audio_start_global_ms"": 760620.864, ""audio_expected_duration_ms"": 500, ""audio_stop_global_ms"": 761120.864}]",0.0,two_failures_in_span,3.0,,,,,,,,,,,,,
031,031_T1_20260518_154511,Control,T1,standard,hci_substudy_v2,1,telemetry_v4,digit_span,3,formal_span_2,formal,1,2,8,formal,span_2,1779090311,95.764,2026-05-18T15:58:08.528,0,0,0,1,771879.177,772099.418,,,,,,,1,,,,,771979.177,772109.613,781784.767,2000,9675.154,781784.767,"[{""stage_name"": ""fixation"", ""planned_duration_ms"": 100, ""intended_onset_ms"": 771879.177, ""actual_onset_global_ms"": 772099.418, ""actual_offset_global_ms"": 772109.86, ""actual_duration_ms"": 10.442}, {""stage_name"": ""auditory_sequence"", ""planned_duration_ms"": 2000, ""intended_onset_ms"": 771979.177, ""actual_onset_global_ms"": 772109.613, ""actual_offset_global_ms"": 773646.092, ""actual_duration_ms"": 1536.479}, {""stage_name"": ""wait"", ""planned_duration_ms"": 500, ""intended_onset_ms"": 773646.092, ""actual_onset_global_ms"": 773798.992, ""actual_offset_global_ms"": 774275.092, ""actual_duration_ms"": 476.1}, {""stage_name"": ""input_panel"", ""planned_duration_ms"": 15000, ""intended_onset_ms"": 774275.092, ""actual_onset_global_ms"": 774303.35, ""actual_offset_global_ms"": 781784.767, ""actual_duration_ms"": 7481.417}]",,,,,0.0,none,,,0.0,0.0,none,0.0,0.0,0.0,0.0,,,,,,,,,,,,,,,,,,,,none,0.0,0.0,0.0,0.0,2.0,2.0,1.0,"[5, 6]","[""6"", ""5""]","[""6"", ""5""]",65,onscreen_mouse,5177.077,7480.951,1.0,0.0,0.0,0.0,3.0,[908.421],advance,"[772109.613, 773146.092]","[""digit_5.wav"", ""digit_6.wav""]","[{""audio_file"": ""digit_5.wav"", ""audio_start_global_ms"": 772109.613, ""audio_expected_duration_ms"": 500, ""audio_stop_global_ms"": 772609.613}, {""audio_file"": ""digit_6.wav"", ""audio_start_global_ms"": 773146.092, ""audio_expected_duration_ms"": 500, ""audio_stop_global_ms"": 773646.092}]",0.0,two_failures_in_span,3.0,,,,,,,,,,,,,
031,031_T1_20260518_154511,Control,T1,standard,hci_substudy_v2,1,telemetry_v4,digit_span,3,formal_span_3,formal,2,1,9,formal,span_3,1779090311,95.764,2026-05-18T15:58:18.450,0,0,0,1,781800.599,782019.503,,,,,,,0,,,,,781900.599,782029.409,809640.99,3000,27611.581,809640.99,"[{""stage_name"": ""fixation"", ""planned_duration_ms"": 100, ""intended_onset_ms"": 781800.599, ""actual_onset_global_ms"": 782019.503, ""actual_offset_global_ms"": 782029.945, ""actual_duration_ms"": 10.442}, {""stage_name"": ""auditory_sequence"", ""planned_duration_ms"": 3000, ""intended_onset_ms"": 781900.599, ""actual_onset_global_ms"": 782029.409, ""actual_offset_global_ms"": 784571.961, ""actual_duration_ms"": 2542.552}, {""stage_name"": ""wait"", ""planned_duration_ms"": 500, ""intended_onset_ms"": 784571.961, ""actual_onset_global_ms"": 784690.566, ""actual_offset_global_ms"": 785187.723, ""actual_duration_ms"": 497.157}, {""stage_name"": ""input_panel"", ""planned_duration_ms"": 15000, ""intended_onset_ms"": 785187.723, ""actual_onset_global_ms"": 785223.011, ""actual_offset_global_ms"": 809640.99, ""actual_duration_ms"": 24417.979}]",,,,,0.0,none,,,0.0,0.0,none,0.0,0.0,0.0,0.0,,,,,,,,,,,,,,,,,,,,none,0.0,0.0,0.0,0.0,3.0,1.0,2.0,"[8, 2, 6]","[""6"", ""2"", ""8""]","[""8"", ""2"", ""6""]",826,onscreen_mouse,12772.122,24417.667,0.0,0.0,0.0,0.0,4.0,"[3003.823, 1377.837]",terminate,"[782029.409, 783063.337, 784071.961]","[""digit_8.wav"", ""digit_2.wav"", ""digit_6.wav""]","[{""audio_file"": ""digit_8.wav"", ""audio_start_global_ms"": 782029.409, ""audio_expected_duration_ms"": 500, ""audio_stop_global_ms"": 782529.409}, {""audio_file"": ""digit_2.wav"", ""audio_start_global_ms"": 783063.337, ""audio_expected_duration_ms"": 500, ""audio_stop_global_ms"": 783563.337}, {""audio_file"": ""digit_6.wav"", ""audio_start_global_ms"": 784071.961, ""audio_expected_duration_ms"": 500, ""audio_stop_global_ms"": 784571.961}]",0.0,two_failures_in_span,3.0,,,,,,,,,,,,,
031,031_T1_20260518_154511,Control,T1,standard,hci_substudy_v2,1,telemetry_v4,digit_span,3,formal_span_3,formal,2,2,10,formal,span_3,1779090311,95.764,2026-05-18T15:58:46.298,0,0,0,1,809647.709,809855.892,,,,,,,0,,,,,809747.709,809866.991,833863.023,3000,23996.032,833863.023,"[{""stage_name"": ""fixation"", ""planned_duration_ms"": 100, ""intended_onset_ms"": 809647.709, ""actual_onset_global_ms"": 809855.892, ""actual_offset_global_ms"": 809866.334, ""actual_duration_ms"": 10.442}, {""stage_name"": ""auditory_sequence"", ""planned_duration_ms"": 3000, ""intended_onset_ms"": 809747.709, ""actual_onset_global_ms"": 809866.991, ""actual_offset_global_ms"": 812415.831, ""actual_duration_ms"": 2548.84}, {""stage_name"": ""wait"", ""planned_duration_ms"": 500, ""intended_onset_ms"": 812415.831, ""actual_onset_global_ms"": 812546.592, ""actual_offset_global_ms"": 813045.298, ""actual_duration_ms"": 498.706}, {""stage_name"": ""input_panel"", ""planned_duration_ms"": 15000, ""intended_onset_ms"": 813045.298, ""actual_onset_global_ms"": 813069.828, ""actual_offset_global_ms"": 833863.023, ""actual_duration_ms"": 20793.195}]",,,,,0.0,none,,,0.0,0.0,none,0.0,0.0,0.0,0.0,,,,,,,,,,,,,,,,,,,,none,0.0,0.0,0.0,0.0,3.0,2.0,2.0,"[9, 3, 1]","[""1"", ""3"", ""9""]","[""1"", ""3"", ""6""]",136,onscreen_mouse,9199.69,20792.932,0.0,0.0,0.0,0.0,4.0,"[2144.982, 4926.399]",terminate,"[809866.991, 810891.691, 811915.831]","[""digit_9.wav"", ""digit_3.wav"", ""digit_1.wav""]","[{""audio_file"": ""digit_9.wav"", ""audio_start_global_ms"": 809866.991, ""audio_expected_duration_ms"": 500, ""audio_stop_global_ms"": 810366.991}, {""audio_file"": ""digit_3.wav"", ""audio_start_global_ms"": 810891.691, ""audio_expected_duration_ms"": 500, ""audio_stop_global_ms"": 811391.691}, {""audio_file"": ""digit_1.wav"", ""audio_start_global_ms"": 811915.831, ""audio_expected_duration_ms"": 500, ""audio_stop_global_ms"": 812415.831}]",0.0,two_failures_in_span,3.0,,,,,,,,,,,,,
031,031_T1_20260518_154511,Control,T1,standard,hci_substudy_v2,1,telemetry_v4,change_detection,4,practice_cd,practice,1,1,1,practice,N1_same,1779090311,95.764,2026-05-18T16:00:20.647,0,0,0,1,903997.29,904040.494,,,,,s,,0,54773.027,,incorrect,0.0,907597.29,907720.805,962573.084,4000,54852.279,962723.084,"[{""stage_name"": ""fixation"", ""planned_duration_ms"": 100, ""intended_onset_ms"": 903997.29, ""actual_onset_global_ms"": 904040.494, ""actual_offset_global_ms"": 904129.197, ""actual_duration_ms"": 88.703}, {""stage_name"": ""memory_array"", ""planned_duration_ms"": 2500, ""intended_onset_ms"": 904097.29, ""actual_onset_global_ms"": 904174.464, ""actual_offset_global_ms"": 906647.957, ""actual_duration_ms"": 2473.493}, {""stage_name"": ""delay"", ""planned_duration_ms"": 1000, ""intended_onset_ms"": 906647.957, ""actual_onset_global_ms"": 906662.135, ""actual_offset_global_ms"": 907661.782, ""actual_duration_ms"": 999.647}, {""stage_name"": ""test_array"", ""planned_duration_ms"": 4000, ""intended_onset_ms"": 907661.782, ""actual_onset_global_ms"": 907720.805, ""actual_offset_global_ms"": 962573.084, ""actual_duration_ms"": 54852.279}, {""stage_name"": ""feedback"", ""planned_duration_ms"": 150, ""intended_onset_ms"": 962573.084, ""actual_onset_global_ms"": 962631.999, ""actual_offset_global_ms"": 962773.544, ""actual_duration_ms"": 141.545}]",incorrect.wav,962580.109,150.0,963080.109,,,,,,,,,,,,,,,,,,,,,,,,,,,,,,,,,,,,,,,,,,,,,,0.0,,,,,,,,,,,,,1.0,same,0.0,"[181.21, 204.96]","[[181.21, 204.96]]","[""yellow""]","[""yellow""]",yellow,yellow,j,change,1.0,1.0
031,031_T1_20260518_154511,Control,T1,standard,hci_substudy_v2,1,telemetry_v4,change_detection,4,practice_cd,practice,1,2,2,practice,N2_change,1779090311,95.764,2026-05-18T16:01:19.422,0,0,0,1,962772.777,962803.82,,,,,j,,1,11518.677,,correct,0.0,966372.777,966522.062,978097.741,4000,11575.679,978247.741,"[{""stage_name"": ""fixation"", ""planned_duration_ms"": 100, ""intended_onset_ms"": 962772.777, ""actual_onset_global_ms"": 962803.82, ""actual_offset_global_ms"": 962907.992, ""actual_duration_ms"": 104.172}, {""stage_name"": ""memory_array"", ""planned_duration_ms"": 2500, ""intended_onset_ms"": 962872.777, ""actual_onset_global_ms"": 962973.939, ""actual_offset_global_ms"": 965437.683, ""actual_duration_ms"": 2463.744}, {""stage_name"": ""delay"", ""planned_duration_ms"": 1000, ""intended_onset_ms"": 965437.683, ""actual_onset_global_ms"": 965453.117, ""actual_offset_global_ms"": 966446.414, ""actual_duration_ms"": 993.297}, {""stage_name"": ""test_array"", ""planned_duration_ms"": 4000, ""intended_onset_ms"": 966446.414, ""actual_onset_global_ms"": 966522.062, ""actual_offset_global_ms"": 978097.741, ""actual_duration_ms"": 11575.679}, {""stage_name"": ""feedback"", ""planned_duration_ms"": 150, ""intended_onset_ms"": 978097.741, ""actual_onset_global_ms"": 978140.414, ""actual_offset_global_ms"": 978273.386, ""actual_duration_ms"": 132.972}]",correct.wav,978103.429,150.0,978603.429,,,,,,,,,,,,,,,,,,,,,,,,,,,,,,,,,,,,,,,,,,,,,,1.0,,,,,,,,,,,,,2.0,change,1.0,"[-131.22, -55.53]","[[132.79, -109.75], [-131.22, -55.53]]","[""blue"", ""yellow""]","[""blue"", ""purple""]",yellow,purple,j,change,2.0,1.0
031,031_T1_20260518_154511,Control,T1,standard,hci_substudy_v2,1,telemetry_v4,change_detection,4,practice_cd,practice,1,3,3,practice,N1_same,1779090311,95.764,2026-05-18T16:01:34.925,0,0,0,1,978276.328,978318.513,,,,,s,,1,4061.86,,correct,0.0,981876.328,981989.986,986112.601,4000,4122.615,986262.601,"[{""stage_name"": ""fixation"", ""planned_duration_ms"": 100, ""intended_onset_ms"": 978276.328, ""actual_onset_global_ms"": 978318.513, ""actual_offset_global_ms"": 978391.019, ""actual_duration_ms"": 72.506}, {""stage_name"": ""memory_array"", ""planned_duration_ms"": 2500, ""intended_onset_ms"": 978376.328, ""actual_onset_global_ms"": 978442.353, ""actual_offset_global_ms"": 980924.081, ""actual_duration_ms"": 2481.728}, {""stage_name"": ""delay"", ""planned_duration_ms"": 1000, ""intended_onset_ms"": 980924.081, ""actual_onset_global_ms"": 980938.193, ""actual_offset_global_ms"": 981934.844, ""actual_duration_ms"": 996.651}, {""stage_name"": ""test_array"", ""planned_duration_ms"": 4000, ""intended_onset_ms"": 981934.844, ""actual_onset_global_ms"": 981989.986, ""actual_offset_global_ms"": 986112.601, ""actual_duration_ms"": 4122.615}, {""stage_name"": ""feedback"", ""planned_duration_ms"": 150, ""intended_onset_ms"": 986112.601, ""actual_onset_global_ms"": 986152.987, ""actual_offset_global_ms"": 986297.781, ""actual_duration_ms"": 144.794}]",correct.wav,986121.096,150.0,986621.096,,,,,,,,,,,,,,,,,,,,,,,,,,,,,,,,,,,,,,,,,,,,,,1.0,,,,,,,,,,,,,1.0,same,0.0,"[67.56, -209.73]","[[67.56, -209.73]]","[""blue""]","[""blue""]",blue,blue,s,same,1.0,1.0
031,031_T1_20260518_154511,Control,T1,standard,hci_substudy_v2,1,telemetry_v4,change_detection,4,practice_cd,practice,1,4,4,practice,N1_change,1779090311,95.764,2026-05-18T16:01:42.944,0,0,0,1,986294.201,986318.837,,,,,j,,1,11960.648,,correct,0.0,989894.201,990005.624,1002046.265,4000,12040.641,1002196.265,"[{""stage_name"": ""fixation"", ""planned_duration_ms"": 100, ""intended_onset_ms"": 986294.201, ""actual_onset_global_ms"": 986318.837, ""actual_offset_global_ms"": 986422.92, ""actual_duration_ms"": 104.083}, {""stage_name"": ""memory_array"", ""planned_duration_ms"": 2500, ""intended_onset_ms"": 986394.201, ""actual_onset_global_ms"": 986474.125, ""actual_offset_global_ms"": 988930.004, ""actual_duration_ms"": 2455.879}, {""stage_name"": ""delay"", ""planned_duration_ms"": 1000, ""intended_onset_ms"": 988930.004, ""actual_onset_global_ms"": 988944.107, ""actual_offset_global_ms"": 989953.404, ""actual_duration_ms"": 1009.297}, {""stage_name"": ""test_array"", ""planned_duration_ms"": 4000, ""intended_onset_ms"": 989953.404, ""actual_onset_global_ms"": 990005.624, ""actual_offset_global_ms"": 1002046.265, ""actual_duration_ms"": 12040.641}, {""stage_name"": ""feedback"", ""planned_duration_ms"": 150, ""intended_onset_ms"": 1002046.265, ""actual_onset_global_ms"": 1002081.675, ""actual_offset_global_ms"": 1002233.586, ""actual_duration_ms"": 151.911}]",correct.wav,1002053.491,150.0,1002553.491,,,,,,,,,,,,,,,,,,,,,,,,,,,,,,,,,,,,,,,,,,,,,,1.0,,,,,,,,,,,,,1.0,change,0.0,"[176.4, -52.69]","[[176.4, -52.69]]","[""blue""]","[""purple""]",blue,purple,j,change,1.0,1.0
031,031_T1_20260518_154511,Control,T1,standard,hci_substudy_v2,1,telemetry_v4,change_detection,4,practice_cd,practice,1,5,5,practice,N2_same,1779090311,95.764,2026-05-18T16:01:58.878,0,0,0,1,1002228.855,1002252.337,,,,,s,,1,4104.1,,correct,0.0,1005828.855,1005946.111,1010121.111,4000,4175.0,1010271.111,"[{""stage_name"": ""fixation"", ""planned_duration_ms"": 100, ""intended_onset_ms"": 1002228.855, ""actual_onset_global_ms"": 1002252.337, ""actual_offset_global_ms"": 1002358.141, ""actual_duration_ms"": 105.804}, {""stage_name"": ""memory_array"", ""planned_duration_ms"": 2500, ""intended_onset_ms"": 1002328.855, ""actual_onset_global_ms"": 1002423.092, ""actual_offset_global_ms"": 1004862.074, ""actual_duration_ms"": 2438.982}, {""stage_name"": ""delay"", ""planned_duration_ms"": 1000, ""intended_onset_ms"": 1004862.074, ""actual_onset_global_ms"": 1004878.258, ""actual_offset_global_ms"": 1005866.957, ""actual_duration_ms"": 988.699}, {""stage_name"": ""test_array"", ""planned_duration_ms"": 4000, ""intended_onset_ms"": 1005866.957, ""actual_onset_global_ms"": 1005946.111, ""actual_offset_global_ms"": 1010121.111, ""actual_duration_ms"": 4175.0}, {""stage_name"": ""feedback"", ""planned_duration_ms"": 150, ""intended_onset_ms"": 1010121.111, ""actual_onset_global_ms"": 1010151.821, ""actual_offset_global_ms"": 1010289.111, ""actual_duration_ms"": 137.29}]",correct.wav,1010125.879,150.0,1010625.879,,,,,,,,,,,,,,,,,,,,,,,,,,,,,,,,,,,,,,,,,,,,,,1.0,,,,,,,,,,,,,2.0,same,1.0,"[-43.91, -218.28]","[[196.64, 38.18], [-43.91, -218.28]]","[""blue"", ""yellow""]","[""blue"", ""yellow""]",yellow,yellow,s,same,3.0,1.0
031,031_T1_20260518_154511,Control,T1,standard,hci_substudy_v2,1,telemetry_v4,change_detection,4,practice_cd,practice,1,6,6,practice,N1_change,1779090311,95.764,2026-05-18T16:02:06.934,0,0,0,1,1010284.164,1010308.14,,,,,j,,0,6577.279,,incorrect,0.0,1013884.164,1014017.019,1020650.249,4000,6633.23,1020800.249,"[{""stage_name"": ""fixation"", ""planned_duration_ms"": 100, ""intended_onset_ms"": 1010284.164, ""actual_onset_global_ms"": 1010308.14, ""actual_offset_global_ms"": 1010401.513, ""actual_duration_ms"": 93.373}, {""stage_name"": ""memory_array"", ""planned_duration_ms"": 2500, ""intended_onset_ms"": 1010384.164, ""actual_onset_global_ms"": 1010454.151, ""actual_offset_global_ms"": 1012957.954, ""actual_duration_ms"": 2503.803}, {""stage_name"": ""delay"", ""planned_duration_ms"": 1000, ""intended_onset_ms"": 1012957.954, ""actual_onset_global_ms"": 1012969.785, ""actual_offset_global_ms"": 1013968.335, ""actual_duration_ms"": 998.55}, {""stage_name"": ""test_array"", ""planned_duration_ms"": 4000, ""intended_onset_ms"": 1013968.335, ""actual_onset_global_ms"": 1014017.019, ""actual_offset_global_ms"": 1020650.249, ""actual_duration_ms"": 6633.23}, {""stage_name"": ""feedback"", ""planned_duration_ms"": 150, ""intended_onset_ms"": 1020650.249, ""actual_onset_global_ms"": 1020692.217, ""actual_offset_global_ms"": 1020825.602, ""actual_duration_ms"": 133.385}]",incorrect.wav,1020659.457,150.0,1021159.457,,,,,,,,,,,,,,,,,,,,,,,,,,,,,,,,,,,,,,,,,,,,,,0.0,,,,,,,,,,,,,1.0,change,0.0,"[-1.52, -131.98]","[[-1.52, -131.98]]","[""purple""]","[""yellow""]",purple,yellow,s,same,1.0,1.0
031,031_T1_20260518_154511,Control,T1,standard,hci_substudy_v2,1,telemetry_v4,change_detection,4,practice_cd,practice,1,7,7,practice,N2_change,1779090311,95.764,2026-05-18T16:02:17.477,0,0,0,1,1020827.829,1020860.463,,,,,j,,1,4596.065,,correct,0.0,1024427.829,1024550.039,1029199.238,4000,4649.199,1029349.238,"[{""stage_name"": ""fixation"", ""planned_duration_ms"": 100, ""intended_onset_ms"": 1020827.829, ""actual_onset_global_ms"": 1020860.463, ""actual_offset_global_ms"": 1020961.277, ""actual_duration_ms"": 100.814}, {""stage_name"": ""memory_array"", ""planned_duration_ms"": 2500, ""intended_onset_ms"": 1020927.829, ""actual_onset_global_ms"": 1021030.533, ""actual_offset_global_ms"": 1023473.478, ""actual_duration_ms"": 2442.945}, {""stage_name"": ""delay"", ""planned_duration_ms"": 1000, ""intended_onset_ms"": 1023473.478, ""actual_onset_global_ms"": 1023486.66, ""actual_offset_global_ms"": 1024481.603, ""actual_duration_ms"": 994.943}, {""stage_name"": ""test_array"", ""planned_duration_ms"": 4000, ""intended_onset_ms"": 1024481.603, ""actual_onset_global_ms"": 1024550.039, ""actual_offset_global_ms"": 1029199.238, ""actual_duration_ms"": 4649.199}, {""stage_name"": ""feedback"", ""planned_duration_ms"": 150, ""intended_onset_ms"": 1029199.238, ""actual_onset_global_ms"": 1029240.769, ""actual_offset_global_ms"": 1029384.51, ""actual_duration_ms"": 143.741}]",correct.wav,1029207.315,150.0,1029707.315,,,,,,,,,,,,,,,,,,,,,,,,,,,,,,,,,,,,,,,,,,,,,,1.0,,,,,,,,,,,,,2.0,change,1.0,"[-71.35, -249.53]","[[-23.36, 251.74], [-71.35, -249.53]]","[""red"", ""purple""]","[""red"", ""green""]",purple,green,j,change,2.0,1.0
031,031_T1_20260518_154511,Control,T1,standard,hci_substudy_v2,1,telemetry_v4,change_detection,4,practice_cd,practice,1,8,8,practice,N2_same,1779090311,95.764,2026-05-18T16:02:26.034,0,0,0,1,1029384.752,1029415.513,,,,,s,,0,4915.315,,incorrect,0.0,1032984.752,1033151.429,1038115.344,4000,4963.915,1038265.344,"[{""stage_name"": ""fixation"", ""planned_duration_ms"": 100, ""intended_onset_ms"": 1029384.752, ""actual_onset_global_ms"": 1029415.513, ""actual_offset_global_ms"": 1029520.037, ""actual_duration_ms"": 104.524}, {""stage_name"": ""memory_array"", ""planned_duration_ms"": 2500, ""intended_onset_ms"": 1029484.752, ""actual_onset_global_ms"": 1029602.834, ""actual_offset_global_ms"": 1032066.411, ""actual_duration_ms"": 2463.577}, {""stage_name"": ""delay"", ""planned_duration_ms"": 1000, ""intended_onset_ms"": 1032066.411, ""actual_onset_global_ms"": 1032080.028, ""actual_offset_global_ms"": 1033080.138, ""actual_duration_ms"": 1000.11}, {""stage_name"": ""test_array"", ""planned_duration_ms"": 4000, ""intended_onset_ms"": 1033080.138, ""actual_onset_global_ms"": 1033151.429, ""actual_offset_global_ms"": 1038115.344, ""actual_duration_ms"": 4963.915}, {""stage_name"": ""feedback"", ""planned_duration_ms"": 150, ""intended_onset_ms"": 1038115.344, ""actual_onset_global_ms"": 1038152.389, ""actual_offset_global_ms"": 1038290.646, ""actual_duration_ms"": 138.257}]",incorrect.wav,1038121.436,150.0,1038621.436,,,,,,,,,,,,,,,,,,,,,,,,,,,,,,,,,,,,,,,,,,,,,,0.0,,,,,,,,,,,,,2.0,same,0.0,"[-42.62, 201.8]","[[-42.62, 201.8], [106.25, -214.69]]","[""green"", ""yellow""]","[""green"", ""yellow""]",green,green,j,change,2.0,1.0
031,031_T1_20260518_154511,Control,T1,standard,hci_substudy_v2,1,telemetry_v4,change_detection,4,practice_cd,practice,1,1,9,practice,N1_same,1779090311,95.764,2026-05-18T16:02:48.008,0,0,0,2,1051358.794,1051387.115,,,,,s,,0,12288.936,,incorrect,0.0,1054958.794,1055079.913,1067391.693,4000,12311.78,1067541.693,"[{""stage_name"": ""fixation"", ""planned_duration_ms"": 100, ""intended_onset_ms"": 1051358.794, ""actual_onset_global_ms"": 1051387.115, ""actual_offset_global_ms"": 1051475.688, ""actual_duration_ms"": 88.573}, {""stage_name"": ""memory_array"", ""planned_duration_ms"": 2500, ""intended_onset_ms"": 1051458.794, ""actual_onset_global_ms"": 1051520.491, ""actual_offset_global_ms"": 1054010.611, ""actual_duration_ms"": 2490.12}, {""stage_name"": ""delay"", ""planned_duration_ms"": 1000, ""intended_onset_ms"": 1054010.611, ""actual_onset_global_ms"": 1054023.394, ""actual_offset_global_ms"": 1055030.673, ""actual_duration_ms"": 1007.279}, {""stage_name"": ""test_array"", ""planned_duration_ms"": 4000, ""intended_onset_ms"": 1055030.673, ""actual_onset_global_ms"": 1055079.913, ""actual_offset_global_ms"": 1067391.693, ""actual_duration_ms"": 12311.78}, {""stage_name"": ""feedback"", ""planned_duration_ms"": 150, ""intended_onset_ms"": 1067391.693, ""actual_onset_global_ms"": 1067425.51, ""actual_offset_global_ms"": 1067562.527, ""actual_duration_ms"": 137.017}]",incorrect.wav,1067396.714,150.0,1067896.714,,,,,,,,,,,,,,,,,,,,,,,,,,,,,,,,,,,,,,,,,,,,,,0.0,,,,,,,,,,,,,1.0,same,0.0,"[-87.93, -227.99]","[[-87.93, -227.99]]","[""purple""]","[""purple""]",purple,purple,j,change,1.0,1.0
031,031_T1_20260518_154511,Control,T1,standard,hci_substudy_v2,1,telemetry_v4,change_detection,4,practice_cd,practice,1,2,10,practice,N1_change,1779090311,95.764,2026-05-18T16:03:04.212,0,0,0,2,1067561.913,1067590.673,,,,,j,,1,4563.178,,correct,0.0,1071161.913,1071246.479,1075865.152,4000,4618.673,1076015.152,"[{""stage_name"": ""fixation"", ""planned_duration_ms"": 100, ""intended_onset_ms"": 1067561.913, ""actual_onset_global_ms"": 1067590.673, ""actual_offset_global_ms"": 1067674.778, ""actual_duration_ms"": 84.105}, {""stage_name"": ""memory_array"", ""planned_duration_ms"": 2500, ""intended_onset_ms"": 1067661.913, ""actual_onset_global_ms"": 1067721.736, ""actual_offset_global_ms"": 1070182.715, ""actual_duration_ms"": 2460.979}, {""stage_name"": ""delay"", ""planned_duration_ms"": 1000, ""intended_onset_ms"": 1070182.715, ""actual_onset_global_ms"": 1070199.223, ""actual_offset_global_ms"": 1071200.525, ""actual_duration_ms"": 1001.302}, {""stage_name"": ""test_array"", ""planned_duration_ms"": 4000, ""intended_onset_ms"": 1071200.525, ""actual_onset_global_ms"": 1071246.479, ""actual_offset_global_ms"": 1075865.152, ""actual_duration_ms"": 4618.673}, {""stage_name"": ""feedback"", ""planned_duration_ms"": 150, ""intended_onset_ms"": 1075865.152, ""actual_onset_global_ms"": 1075902.603, ""actual_offset_global_ms"": 1076056.244, ""actual_duration_ms"": 153.641}]",correct.wav,1075872.146,150.0,1076372.146,,,,,,,,,,,,,,,,,,,,,,,,,,,,,,,,,,,,,,,,,,,,,,1.0,,,,,,,,,,,,,1.0,change,0.0,"[101.15, -32.56]","[[101.15, -32.56]]","[""red""]","[""green""]",red,green,j,change,2.0,1.0
031,031_T1_20260518_154511,Control,T1,standard,hci_substudy_v2,1,telemetry_v4,change_detection,4,practice_cd,practice,1,3,11,practice,N2_same,1779090311,95.764,2026-05-18T16:03:12.706,0,0,0,2,1076056.215,1076088.067,,,,,s,,0,4797.147,,incorrect,0.0,1079656.215,1079782.944,1084639.976,4000,4857.032,1084789.976,"[{""stage_name"": ""fixation"", ""planned_duration_ms"": 100, ""intended_onset_ms"": 1076056.215, ""actual_onset_global_ms"": 1076088.067, ""actual_offset_global_ms"": 1076189.24, ""actual_duration_ms"": 101.173}, {""stage_name"": ""memory_array"", ""planned_duration_ms"": 2500, ""intended_onset_ms"": 1076156.215, ""actual_onset_global_ms"": 1076264.07, ""actual_offset_global_ms"": 1078708.337, ""actual_duration_ms"": 2444.267}, {""stage_name"": ""delay"", ""planned_duration_ms"": 1000, ""intended_onset_ms"": 1078708.337, ""actual_onset_global_ms"": 1078723.728, ""actual_offset_global_ms"": 1079719.916, ""actual_duration_ms"": 996.188}, {""stage_name"": ""test_array"", ""planned_duration_ms"": 4000, ""intended_onset_ms"": 1079719.916, ""actual_onset_global_ms"": 1079782.944, ""actual_offset_global_ms"": 1084639.976, ""actual_duration_ms"": 4857.032}, {""stage_name"": ""feedback"", ""planned_duration_ms"": 150, ""intended_onset_ms"": 1084639.976, ""actual_onset_global_ms"": 1084679.853, ""actual_offset_global_ms"": 1084822.615, ""actual_duration_ms"": 142.762}]",incorrect.wav,1084647.805,150.0,1085147.805,,,,,,,,,,,,,,,,,,,,,,,,,,,,,,,,,,,,,,,,,,,,,,0.0,,,,,,,,,,,,,2.0,same,0.0,"[130.04, 50.92]","[[130.04, 50.92], [-41.78, -239.5]]","[""purple"", ""yellow""]","[""purple"", ""yellow""]",purple,purple,j,change,2.0,1.0
031,031_T1_20260518_154511,Control,T1,standard,hci_substudy_v2,1,telemetry_v4,change_detection,4,practice_cd,practice,1,4,12,practice,N2_same,1779090311,95.764,2026-05-18T16:03:21.472,0,0,0,2,1084822.389,1084851.004,,,,,s,,0,13534.356,,incorrect,0.0,1088422.389,1088593.282,1102170.102,4000,13576.82,1102320.102,"[{""stage_name"": ""fixation"", ""planned_duration_ms"": 100, ""intended_onset_ms"": 1084822.389, ""actual_onset_global_ms"": 1084851.004, ""actual_offset_global_ms"": 1084949.875, ""actual_duration_ms"": 98.871}, {""stage_name"": ""memory_array"", ""planned_duration_ms"": 2500, ""intended_onset_ms"": 1084922.389, ""actual_onset_global_ms"": 1085014.927, ""actual_offset_global_ms"": 1087512.635, ""actual_duration_ms"": 2497.708}, {""stage_name"": ""delay"", ""planned_duration_ms"": 1000, ""intended_onset_ms"": 1087512.635, ""actual_onset_global_ms"": 1087522.333, ""actual_offset_global_ms"": 1088515.031, ""actual_duration_ms"": 992.698}, {""stage_name"": ""test_array"", ""planned_duration_ms"": 4000, ""intended_onset_ms"": 1088515.031, ""actual_onset_global_ms"": 1088593.282, ""actual_offset_global_ms"": 1102170.102, ""actual_duration_ms"": 13576.82}, {""stage_name"": ""feedback"", ""planned_duration_ms"": 150, ""intended_onset_ms"": 1102170.102, ""actual_onset_global_ms"": 1102207.878, ""actual_offset_global_ms"": 1102358.779, ""actual_duration_ms"": 150.901}]",incorrect.wav,1102176.791,150.0,1102676.791,,,,,,,,,,,,,,,,,,,,,,,,,,,,,,,,,,,,,,,,,,,,,,0.0,,,,,,,,,,,,,2.0,same,1.0,"[-175.45, -211.49]","[[-129.17, 78.66], [-175.45, -211.49]]","[""purple"", ""yellow""]","[""purple"", ""yellow""]",yellow,yellow,j,change,2.0,1.0
031,031_T1_20260518_154511,Control,T1,standard,hci_substudy_v2,1,telemetry_v4,change_detection,4,practice_cd,practice,1,5,13,practice,N2_change,1779090311,95.764,2026-05-18T16:03:39.009,0,0,0,2,1102358.835,1102392.272,,,,,j,,0,5459.738,,incorrect,0.0,1105958.835,1106096.276,1111606.893,4000,5510.617,1111756.893,"[{""stage_name"": ""fixation"", ""planned_duration_ms"": 100, ""intended_onset_ms"": 1102358.835, ""actual_onset_global_ms"": 1102392.272, ""actual_offset_global_ms"": 1102494.112, ""actual_duration_ms"": 101.84}, {""stage_name"": ""memory_array"", ""planned_duration_ms"": 2500, ""intended_onset_ms"": 1102458.835, ""actual_onset_global_ms"": 1102558.679, ""actual_offset_global_ms"": 1105011.515, ""actual_duration_ms"": 2452.836}, {""stage_name"": ""delay"", ""planned_duration_ms"": 1000, ""intended_onset_ms"": 1105011.515, ""actual_onset_global_ms"": 1105024.686, ""actual_offset_global_ms"": 1106028.932, ""actual_duration_ms"": 1004.246}, {""stage_name"": ""test_array"", ""planned_duration_ms"": 4000, ""intended_onset_ms"": 1106028.932, ""actual_onset_global_ms"": 1106096.276, ""actual_offset_global_ms"": 1111606.893, ""actual_duration_ms"": 5510.617}, {""stage_name"": ""feedback"", ""planned_duration_ms"": 150, ""intended_onset_ms"": 1111606.893, ""actual_onset_global_ms"": 1111642.97, ""actual_offset_global_ms"": 1111795.515, ""actual_duration_ms"": 152.545}]",incorrect.wav,1111613.022,150.0,1112113.022,,,,,,,,,,,,,,,,,,,,,,,,,,,,,,,,,,,,,,,,,,,,,,0.0,,,,,,,,,,,,,2.0,change,1.0,"[1.42, 142.56]","[[83.94, -74.86], [1.42, 142.56]]","[""purple"", ""blue""]","[""purple"", ""red""]",blue,red,s,same,2.0,1.0
031,031_T1_20260518_154511,Control,T1,standard,hci_substudy_v2,1,telemetry_v4,change_detection,4,practice_cd,practice,1,6,14,practice,N1_change,1779090311,95.764,2026-05-18T16:03:48.441,0,0,0,2,1111790.951,1111815.577,,,,,j,,1,9016.739,,correct,0.0,1115390.951,1115508.393,1124583.502,4000,9075.109,1124733.502,"[{""stage_name"": ""fixation"", ""planned_duration_ms"": 100, ""intended_onset_ms"": 1111790.951, ""actual_onset_global_ms"": 1111815.577, ""actual_offset_global_ms"": 1111918.732, ""actual_duration_ms"": 103.155}, {""stage_name"": ""memory_array"", ""planned_duration_ms"": 2500, ""intended_onset_ms"": 1111890.951, ""actual_onset_global_ms"": 1111955.959, ""actual_offset_global_ms"": 1114442.565, ""actual_duration_ms"": 2486.606}, {""stage_name"": ""delay"", ""planned_duration_ms"": 1000, ""intended_onset_ms"": 1114442.565, ""actual_onset_global_ms"": 1114453.497, ""actual_offset_global_ms"": 1115461.502, ""actual_duration_ms"": 1008.005}, {""stage_name"": ""test_array"", ""planned_duration_ms"": 4000, ""intended_onset_ms"": 1115461.502, ""actual_onset_global_ms"": 1115508.393, ""actual_offset_global_ms"": 1124583.502, ""actual_duration_ms"": 9075.109}, {""stage_name"": ""feedback"", ""planned_duration_ms"": 150, ""intended_onset_ms"": 1124583.502, ""actual_onset_global_ms"": 1124614.175, ""actual_offset_global_ms"": 1124757.278, ""actual_duration_ms"": 143.103}]",correct.wav,1124589.582,150.0,1125089.582,,,,,,,,,,,,,,,,,,,,,,,,,,,,,,,,,,,,,,,,,,,,,,1.0,,,,,,,,,,,,,1.0,change,0.0,"[192.18, 113.82]","[[192.18, 113.82]]","[""blue""]","[""yellow""]",blue,yellow,j,change,1.0,1.0
031,031_T1_20260518_154511,Control,T1,standard,hci_substudy_v2,1,telemetry_v4,change_detection,4,practice_cd,practice,1,7,15,practice,N1_same,1779090311,95.764,2026-05-18T16:04:01.405,0,0,0,2,1124755.929,1124787.236,,,,,s,,1,4813.416,,correct,0.0,1128355.929,1128481.309,1133360.507,4000,4879.198,1133510.507,"[{""stage_name"": ""fixation"", ""planned_duration_ms"": 100, ""intended_onset_ms"": 1124755.929, ""actual_onset_global_ms"": 1124787.236, ""actual_offset_global_ms"": 1124896.946, ""actual_duration_ms"": 109.71}, {""stage_name"": ""memory_array"", ""planned_duration_ms"": 2500, ""intended_onset_ms"": 1124855.929, ""actual_onset_global_ms"": 1124936.982, ""actual_offset_global_ms"": 1127420.761, ""actual_duration_ms"": 2483.779}, {""stage_name"": ""delay"", ""planned_duration_ms"": 1000, ""intended_onset_ms"": 1127420.761, ""actual_onset_global_ms"": 1127437.272, ""actual_offset_global_ms"": 1128430.361, ""actual_duration_ms"": 993.089}, {""stage_name"": ""test_array"", ""planned_duration_ms"": 4000, ""intended_onset_ms"": 1128430.361, ""actual_onset_global_ms"": 1128481.309, ""actual_offset_global_ms"": 1133360.507, ""actual_duration_ms"": 4879.198}, {""stage_name"": ""feedback"", ""planned_duration_ms"": 150, ""intended_onset_ms"": 1133360.507, ""actual_onset_global_ms"": 1133405.401, ""actual_offset_global_ms"": 1133550.016, ""actual_duration_ms"": 144.615}]",correct.wav,1133369.016,150.0,1133869.016,,,,,,,,,,,,,,,,,,,,,,,,,,,,,,,,,,,,,,,,,,,,,,1.0,,,,,,,,,,,,,1.0,same,0.0,"[154.71, 49.09]","[[154.71, 49.09]]","[""red""]","[""red""]",red,red,s,same,1.0,1.0
031,031_T1_20260518_154511,Control,T1,standard,hci_substudy_v2,1,telemetry_v4,change_detection,4,practice_cd,practice,1,8,16,practice,N2_change,1779090311,95.764,2026-05-18T16:04:10.200,0,0,0,2,1133550.593,1133582.243,,,,,j,,0,5286.227,,incorrect,0.0,1137150.593,1137315.997,1142664.97,4000,5348.973,1142814.97,"[{""stage_name"": ""fixation"", ""planned_duration_ms"": 100, ""intended_onset_ms"": 1133550.593, ""actual_onset_global_ms"": 1133582.243, ""actual_offset_global_ms"": 1133684.236, ""actual_duration_ms"": 101.993}, {""stage_name"": ""memory_array"", ""planned_duration_ms"": 2500, ""intended_onset_ms"": 1133650.593, ""actual_onset_global_ms"": 1133745.079, ""actual_offset_global_ms"": 1136242.149, ""actual_duration_ms"": 2497.07}, {""stage_name"": ""delay"", ""planned_duration_ms"": 1000, ""intended_onset_ms"": 1136242.149, ""actual_onset_global_ms"": 1136247.438, ""actual_offset_global_ms"": 1137255.136, ""actual_duration_ms"": 1007.698}, {""stage_name"": ""test_array"", ""planned_duration_ms"": 4000, ""intended_onset_ms"": 1137255.136, ""actual_onset_global_ms"": 1137315.997, ""actual_offset_global_ms"": 1142664.97, ""actual_duration_ms"": 5348.973}, {""stage_name"": ""feedback"", ""planned_duration_ms"": 150, ""intended_onset_ms"": 1142664.97, ""actual_onset_global_ms"": 1142700.63, ""actual_offset_global_ms"": 1142838.165, ""actual_duration_ms"": 137.535}]",incorrect.wav,1142670.938,150.0,1143170.938,,,,,,,,,,,,,,,,,,,,,,,,,,,,,,,,,,,,,,,,,,,,,,0.0,,,,,,,,,,,,,2.0,change,0.0,"[70.47, 183.4]","[[70.47, 183.4], [-54.39, 178.98]]","[""blue"", ""red""]","[""purple"", ""red""]",blue,purple,s,same,2.0,1.0
031,031_T1_20260518_154511,Control,T1,standard,hci_substudy_v2,1,telemetry_v4,change_detection,4,practice_cd,practice,1,1,17,practice,N1_change,1779090311,95.764,2026-05-18T16:04:48.021,0,0,0,3,1171371.418,1171399.981,,,,,j,,1,5356.142,,correct,0.0,1174971.418,1175062.177,1180492.777,4000,5430.6,1180642.777,"[{""stage_name"": ""fixation"", ""planned_duration_ms"": 100, ""intended_onset_ms"": 1171371.418, ""actual_onset_global_ms"": 1171399.981, ""actual_offset_global_ms"": 1171490.697, ""actual_duration_ms"": 90.716}, {""stage_name"": ""memory_array"", ""planned_duration_ms"": 2500, ""intended_onset_ms"": 1171471.418, ""actual_onset_global_ms"": 1171534.604, ""actual_offset_global_ms"": 1174000.437, ""actual_duration_ms"": 2465.833}, {""stage_name"": ""delay"", ""planned_duration_ms"": 1000, ""intended_onset_ms"": 1174000.437, ""actual_onset_global_ms"": 1174015.791, ""actual_offset_global_ms"": 1175020.366, ""actual_duration_ms"": 1004.575}, {""stage_name"": ""test_array"", ""planned_duration_ms"": 4000, ""intended_onset_ms"": 1175020.366, ""actual_onset_global_ms"": 1175062.177, ""actual_offset_global_ms"": 1180492.777, ""actual_duration_ms"": 5430.6}, {""stage_name"": ""feedback"", ""planned_duration_ms"": 150, ""intended_onset_ms"": 1180492.777, ""actual_onset_global_ms"": 1180532.834, ""actual_offset_global_ms"": 1180678.247, ""actual_duration_ms"": 145.413}]",correct.wav,1180500.705,150.0,1181000.705,,,,,,,,,,,,,,,,,,,,,,,,,,,,,,,,,,,,,,,,,,,,,,1.0,,,,,,,,,,,,,1.0,change,0.0,"[192.12, -217.35]","[[192.12, -217.35]]","[""yellow""]","[""green""]",yellow,green,j,change,1.0,1.0
031,031_T1_20260518_154511,Control,T1,standard,hci_substudy_v2,1,telemetry_v4,change_detection,4,practice_cd,practice,1,2,18,practice,N1_same,1779090311,95.764,2026-05-18T16:04:57.327,0,0,0,3,1180678.138,1180707.982,,,,,s,,0,1968.274,,incorrect,0.0,1184278.138,1184390.294,1186442.591,4000,2052.297,1186592.591,"[{""stage_name"": ""fixation"", ""planned_duration_ms"": 100, ""intended_onset_ms"": 1180678.138, ""actual_onset_global_ms"": 1180707.982, ""actual_offset_global_ms"": 1180814.025, ""actual_duration_ms"": 106.043}, {""stage_name"": ""memory_array"", ""planned_duration_ms"": 2500, ""intended_onset_ms"": 1180778.138, ""actual_onset_global_ms"": 1180857.61, ""actual_offset_global_ms"": 1183324.379, ""actual_duration_ms"": 2466.769}, {""stage_name"": ""delay"", ""planned_duration_ms"": 1000, ""intended_onset_ms"": 1183324.379, ""actual_onset_global_ms"": 1183338.258, ""actual_offset_global_ms"": 1184345.815, ""actual_duration_ms"": 1007.557}, {""stage_name"": ""test_array"", ""planned_duration_ms"": 4000, ""intended_onset_ms"": 1184345.815, ""actual_onset_global_ms"": 1184390.294, ""actual_offset_global_ms"": 1186442.591, ""actual_duration_ms"": 2052.297}, {""stage_name"": ""feedback"", ""planned_duration_ms"": 150, ""intended_onset_ms"": 1186442.591, ""actual_onset_global_ms"": 1186480.154, ""actual_offset_global_ms"": 1186632.039, ""actual_duration_ms"": 151.885}]",incorrect.wav,1186449.922,150.0,1186949.922,,,,,,,,,,,,,,,,,,,,,,,,,,,,,,,,,,,,,,,,,,,,,,0.0,,,,,,,,,,,,,1.0,same,0.0,"[-26.82, 162.26]","[[-26.82, 162.26]]","[""purple""]","[""purple""]",purple,purple,j,change,1.0,1.0
031,031_T1_20260518_154511,Control,T1,standard,hci_substudy_v2,1,telemetry_v4,change_detection,4,practice_cd,practice,1,3,19,practice,N2_change,1779090311,95.764,2026-05-18T16:05:03.281,0,0,0,3,1186631.691,1186662.723,,,,,j,,0,4935.514,,incorrect,0.0,1190231.691,1190407.741,1195423.004,4000,5015.263,1195573.004,"[{""stage_name"": ""fixation"", ""planned_duration_ms"": 100, ""intended_onset_ms"": 1186631.691, ""actual_onset_global_ms"": 1186662.723, ""actual_offset_global_ms"": 1186759.645, ""actual_duration_ms"": 96.922}, {""stage_name"": ""memory_array"", ""planned_duration_ms"": 2500, ""intended_onset_ms"": 1186731.691, ""actual_onset_global_ms"": 1186829.555, ""actual_offset_global_ms"": 1189317.269, ""actual_duration_ms"": 2487.714}, {""stage_name"": ""delay"", ""planned_duration_ms"": 1000, ""intended_onset_ms"": 1189317.269, ""actual_onset_global_ms"": 1189322.808, ""actual_offset_global_ms"": 1190333.035, ""actual_duration_ms"": 1010.227}, {""stage_name"": ""test_array"", ""planned_duration_ms"": 4000, ""intended_onset_ms"": 1190333.035, ""actual_onset_global_ms"": 1190407.741, ""actual_offset_global_ms"": 1195423.004, ""actual_duration_ms"": 5015.263}, {""stage_name"": ""feedback"", ""planned_duration_ms"": 150, ""intended_onset_ms"": 1195423.004, ""actual_onset_global_ms"": 1195460.955, ""actual_offset_global_ms"": 1195602.823, ""actual_duration_ms"": 141.868}]",incorrect.wav,1195429.339,150.0,1195929.339,,,,,,,,,,,,,,,,,,,,,,,,,,,,,,,,,,,,,,,,,,,,,,0.0,,,,,,,,,,,,,2.0,change,0.0,"[-34.11, -158.57]","[[-34.11, -158.57], [-120.43, 105.96]]","[""red"", ""yellow""]","[""purple"", ""yellow""]",red,purple,s,same,2.0,1.0
031,031_T1_20260518_154511,Control,T1,standard,hci_substudy_v2,1,telemetry_v4,change_detection,4,practice_cd,practice,1,4,20,practice,N2_same,1779090311,95.764,2026-05-18T16:05:12.253,0,0,0,3,1195602.873,1195636.251,,,,,s,,0,3213.019,,incorrect,0.0,1199202.873,1199363.315,1202641.6,4000,3278.285,1202791.6,"[{""stage_name"": ""fixation"", ""planned_duration_ms"": 100, ""intended_onset_ms"": 1195602.873, ""actual_onset_global_ms"": 1195636.251, ""actual_offset_global_ms"": 1195731.488, ""actual_duration_ms"": 95.237}, {""stage_name"": ""memory_array"", ""planned_duration_ms"": 2500, ""intended_onset_ms"": 1195702.873, ""actual_onset_global_ms"": 1195792.175, ""actual_offset_global_ms"": 1198278.636, ""actual_duration_ms"": 2486.461}, {""stage_name"": ""delay"", ""planned_duration_ms"": 1000, ""intended_onset_ms"": 1198278.636, ""actual_onset_global_ms"": 1198290.216, ""actual_offset_global_ms"": 1199287.862, ""actual_duration_ms"": 997.646}, {""stage_name"": ""test_array"", ""planned_duration_ms"": 4000, ""intended_onset_ms"": 1199287.862, ""actual_onset_global_ms"": 1199363.315, ""actual_offset_global_ms"": 1202641.6, ""actual_duration_ms"": 3278.285}, {""stage_name"": ""feedback"", ""planned_duration_ms"": 150, ""intended_onset_ms"": 1202641.6, ""actual_onset_global_ms"": 1202679.274, ""actual_offset_global_ms"": 1202828.786, ""actual_duration_ms"": 149.512}]",incorrect.wav,1202647.818,150.0,1203147.818,,,,,,,,,,,,,,,,,,,,,,,,,,,,,,,,,,,,,,,,,,,,,,0.0,,,,,,,,,,,,,2.0,same,0.0,"[92.66, 127.41]","[[92.66, 127.41], [224.12, 239.48]]","[""purple"", ""red""]","[""purple"", ""red""]",purple,purple,j,change,2.0,1.0
031,031_T1_20260518_154511,Control,T1,standard,hci_substudy_v2,1,telemetry_v4,change_detection,4,practice_cd,practice,1,5,21,practice,N1_change,1779090311,95.764,2026-05-18T16:05:19.478,0,0,0,3,1202828.867,1202857.678,,,,,j,,0,27274.545,,incorrect,0.0,1206428.867,1206566.982,1233916.119,4000,27349.137,1234066.119,"[{""stage_name"": ""fixation"", ""planned_duration_ms"": 100, ""intended_onset_ms"": 1202828.867, ""actual_onset_global_ms"": 1202857.678, ""actual_offset_global_ms"": 1202959.791, ""actual_duration_ms"": 102.113}, {""stage_name"": ""memory_array"", ""planned_duration_ms"": 2500, ""intended_onset_ms"": 1202928.867, ""actual_onset_global_ms"": 1203007.28, ""actual_offset_global_ms"": 1205505.512, ""actual_duration_ms"": 2498.232}, {""stage_name"": ""delay"", ""planned_duration_ms"": 1000, ""intended_onset_ms"": 1205505.512, ""actual_onset_global_ms"": 1205514.632, ""actual_offset_global_ms"": 1206518.92, ""actual_duration_ms"": 1004.288}, {""stage_name"": ""test_array"", ""planned_duration_ms"": 4000, ""intended_onset_ms"": 1206518.92, ""actual_onset_global_ms"": 1206566.982, ""actual_offset_global_ms"": 1233916.119, ""actual_duration_ms"": 27349.137}, {""stage_name"": ""feedback"", ""planned_duration_ms"": 150, ""intended_onset_ms"": 1233916.119, ""actual_onset_global_ms"": 1233955.6, ""actual_offset_global_ms"": 1234093.401, ""actual_duration_ms"": 137.801}]",incorrect.wav,1233922.573,150.0,1234422.573,,,,,,,,,,,,,,,,,,,,,,,,,,,,,,,,,,,,,,,,,,,,,,0.0,,,,,,,,,,,,,1.0,change,0.0,"[-28.82, -112.4]","[[-28.82, -112.4]]","[""green""]","[""blue""]",green,blue,s,same,1.0,1.0
031,031_T1_20260518_154511,Control,T1,standard,hci_substudy_v2,1,telemetry_v4,change_detection,4,practice_cd,practice,1,6,22,practice,N2_same,1779090311,95.764,2026-05-18T16:05:50.740,0,0,0,3,1234091.073,1234120.037,,,,,s,,1,4022.945,,correct,0.0,1237691.073,1237836.47,1241973.45,4000,4136.98,1242123.45,"[{""stage_name"": ""fixation"", ""planned_duration_ms"": 100, ""intended_onset_ms"": 1234091.073, ""actual_onset_global_ms"": 1234120.037, ""actual_offset_global_ms"": 1234204.323, ""actual_duration_ms"": 84.286}, {""stage_name"": ""memory_array"", ""planned_duration_ms"": 2500, ""intended_onset_ms"": 1234191.073, ""actual_onset_global_ms"": 1234269.34, ""actual_offset_global_ms"": 1236757.807, ""actual_duration_ms"": 2488.467}, {""stage_name"": ""delay"", ""planned_duration_ms"": 1000, ""intended_onset_ms"": 1236757.807, ""actual_onset_global_ms"": 1236768.887, ""actual_offset_global_ms"": 1237763.129, ""actual_duration_ms"": 994.242}, {""stage_name"": ""test_array"", ""planned_duration_ms"": 4000, ""intended_onset_ms"": 1237763.129, ""actual_onset_global_ms"": 1237836.47, ""actual_offset_global_ms"": 1241973.45, ""actual_duration_ms"": 4136.98}, {""stage_name"": ""feedback"", ""planned_duration_ms"": 150, ""intended_onset_ms"": 1241973.45, ""actual_onset_global_ms"": 1242012.453, ""actual_offset_global_ms"": 1242162.431, ""actual_duration_ms"": 149.978}]",correct.wav,1241980.679,150.0,1242480.679,,,,,,,,,,,,,,,,,,,,,,,,,,,,,,,,,,,,,,,,,,,,,,1.0,,,,,,,,,,,,,2.0,same,1.0,"[83.07, 143.04]","[[122.24, -168.25], [83.07, 143.04]]","[""yellow"", ""blue""]","[""yellow"", ""blue""]",blue,blue,s,same,5.0,1.0
031,031_T1_20260518_154511,Control,T1,standard,hci_substudy_v2,1,telemetry_v4,change_detection,4,practice_cd,practice,1,7,23,practice,N1_same,1779090311,95.764,2026-05-18T16:05:58.813,0,0,0,3,1242162.426,1242189.059,,,,,s,,0,2027.411,,incorrect,0.0,1245762.426,1245863.369,1247977.136,4000,2113.767,1248127.136,"[{""stage_name"": ""fixation"", ""planned_duration_ms"": 100, ""intended_onset_ms"": 1242162.426, ""actual_onset_global_ms"": 1242189.059, ""actual_offset_global_ms"": 1242287.05, ""actual_duration_ms"": 97.991}, {""stage_name"": ""memory_array"", ""planned_duration_ms"": 2500, ""intended_onset_ms"": 1242262.426, ""actual_onset_global_ms"": 1242343.34, ""actual_offset_global_ms"": 1244793.494, ""actual_duration_ms"": 2450.154}, {""stage_name"": ""delay"", ""planned_duration_ms"": 1000, ""intended_onset_ms"": 1244793.494, ""actual_onset_global_ms"": 1244809.718, ""actual_offset_global_ms"": 1245808.966, ""actual_duration_ms"": 999.248}, {""stage_name"": ""test_array"", ""planned_duration_ms"": 4000, ""intended_onset_ms"": 1245808.966, ""actual_onset_global_ms"": 1245863.369, ""actual_offset_global_ms"": 1247977.136, ""actual_duration_ms"": 2113.767}, {""stage_name"": ""feedback"", ""planned_duration_ms"": 150, ""intended_onset_ms"": 1247977.136, ""actual_onset_global_ms"": 1248013.673, ""actual_offset_global_ms"": 1248160.812, ""actual_duration_ms"": 147.139}]",incorrect.wav,1247983.437,150.0,1248483.437,,,,,,,,,,,,,,,,,,,,,,,,,,,,,,,,,,,,,,,,,,,,,,0.0,,,,,,,,,,,,,1.0,same,0.0,"[124.59, 164.68]","[[124.59, 164.68]]","[""yellow""]","[""yellow""]",yellow,yellow,j,change,1.0,1.0
031,031_T1_20260518_154511,Control,T1,standard,hci_substudy_v2,1,telemetry_v4,change_detection,4,practice_cd,practice,1,8,24,practice,N2_change,1779090311,95.764,2026-05-18T16:06:04.811,0,0,0,3,1248160.815,1248193.282,,,,,j,,1,24020.938,,correct,0.0,1251760.815,1251913.603,1276033.117,4000,24119.514,1276183.117,"[{""stage_name"": ""fixation"", ""planned_duration_ms"": 100, ""intended_onset_ms"": 1248160.815, ""actual_onset_global_ms"": 1248193.282, ""actual_offset_global_ms"": 1248292.081, ""actual_duration_ms"": 98.799}, {""stage_name"": ""memory_array"", ""planned_duration_ms"": 2500, ""intended_onset_ms"": 1248260.815, ""actual_onset_global_ms"": 1248358.513, ""actual_offset_global_ms"": 1250839.201, ""actual_duration_ms"": 2480.688}, {""stage_name"": ""delay"", ""planned_duration_ms"": 1000, ""intended_onset_ms"": 1250839.201, ""actual_onset_global_ms"": 1250847.518, ""actual_offset_global_ms"": 1251854.553, ""actual_duration_ms"": 1007.035}, {""stage_name"": ""test_array"", ""planned_duration_ms"": 4000, ""intended_onset_ms"": 1251854.553, ""actual_onset_global_ms"": 1251913.603, ""actual_offset_global_ms"": 1276033.117, ""actual_duration_ms"": 24119.514}, {""stage_name"": ""feedback"", ""planned_duration_ms"": 150, ""intended_onset_ms"": 1276033.117, ""actual_onset_global_ms"": 1276072.238, ""actual_offset_global_ms"": 1276216.667, ""actual_duration_ms"": 144.429}]",correct.wav,1276040.02,150.0,1276540.02,,,,,,,,,,,,,,,,,,,,,,,,,,,,,,,,,,,,,,,,,,,,,,1.0,,,,,,,,,,,,,2.0,change,0.0,"[-82.79, -90.25]","[[-82.79, -90.25], [173.62, -113.99]]","[""red"", ""purple""]","[""green"", ""purple""]",red,green,j,change,4.0,1.0
031,031_T1_20260518_154511,Control,T1,standard,hci_substudy_v2,1,telemetry_v4,change_detection,4,practice_cd,practice,1,1,25,practice,N2_same,1779090311,95.764,2026-05-18T16:07:24.698,0,0,0,4,1328049.162,1328074.651,,,,,s,,0,6263.362,,incorrect,0.0,1331649.162,1331810.949,1338178.718,4000,6367.769,1338328.718,"[{""stage_name"": ""fixation"", ""planned_duration_ms"": 100, ""intended_onset_ms"": 1328049.162, ""actual_onset_global_ms"": 1328074.651, ""actual_offset_global_ms"": 1328184.697, ""actual_duration_ms"": 110.046}, {""stage_name"": ""memory_array"", ""planned_duration_ms"": 2500, ""intended_onset_ms"": 1328149.162, ""actual_onset_global_ms"": 1328252.961, ""actual_offset_global_ms"": 1330728.822, ""actual_duration_ms"": 2475.861}, {""stage_name"": ""delay"", ""planned_duration_ms"": 1000, ""intended_onset_ms"": 1330728.822, ""actual_onset_global_ms"": 1330739.944, ""actual_offset_global_ms"": 1331746.133, ""actual_duration_ms"": 1006.189}, {""stage_name"": ""test_array"", ""planned_duration_ms"": 4000, ""intended_onset_ms"": 1331746.133, ""actual_onset_global_ms"": 1331810.949, ""actual_offset_global_ms"": 1338178.718, ""actual_duration_ms"": 6367.769}, {""stage_name"": ""feedback"", ""planned_duration_ms"": 150, ""intended_onset_ms"": 1338178.718, ""actual_onset_global_ms"": 1338224.799, ""actual_offset_global_ms"": 1338375.983, ""actual_duration_ms"": 151.184}]",incorrect.wav,1338186.772,150.0,1338686.772,,,,,,,,,,,,,,,,,,,,,,,,,,,,,,,,,,,,,,,,,,,,,,0.0,,,,,,,,,,,,,2.0,same,1.0,"[148.64, 193.8]","[[96.73, 39.63], [148.64, 193.8]]","[""purple"", ""green""]","[""purple"", ""green""]",green,green,j,change,2.0,1.0
031,031_T1_20260518_154511,Control,T1,standard,hci_substudy_v2,1,telemetry_v4,change_detection,4,practice_cd,practice,1,2,26,practice,N2_change,1779090311,95.764,2026-05-18T16:07:35.026,0,0,0,4,1338377.289,1338414.427,,,,,j,,0,3591.941,,incorrect,0.0,1341977.289,1342161.457,1345802.214,4000,3640.757,1345952.214,"[{""stage_name"": ""fixation"", ""planned_duration_ms"": 100, ""intended_onset_ms"": 1338377.289, ""actual_onset_global_ms"": 1338414.427, ""actual_offset_global_ms"": 1338510.308, ""actual_duration_ms"": 95.881}, {""stage_name"": ""memory_array"", ""planned_duration_ms"": 2500, ""intended_onset_ms"": 1338477.289, ""actual_onset_global_ms"": 1338568.395, ""actual_offset_global_ms"": 1341077.036, ""actual_duration_ms"": 2508.641}, {""stage_name"": ""delay"", ""planned_duration_ms"": 1000, ""intended_onset_ms"": 1341077.036, ""actual_onset_global_ms"": 1341084.967, ""actual_offset_global_ms"": 1342087.49, ""actual_duration_ms"": 1002.523}, {""stage_name"": ""test_array"", ""planned_duration_ms"": 4000, ""intended_onset_ms"": 1342087.49, ""actual_onset_global_ms"": 1342161.457, ""actual_offset_global_ms"": 1345802.214, ""actual_duration_ms"": 3640.757}, {""stage_name"": ""feedback"", ""planned_duration_ms"": 150, ""intended_onset_ms"": 1345802.214, ""actual_onset_global_ms"": 1345839.912, ""actual_offset_global_ms"": 1345971.88, ""actual_duration_ms"": 131.968}]",incorrect.wav,1345809.646,150.0,1346309.646,,,,,,,,,,,,,,,,,,,,,,,,,,,,,,,,,,,,,,,,,,,,,,0.0,,,,,,,,,,,,,2.0,change,1.0,"[38.7, -202.81]","[[-220.0, -129.86], [38.7, -202.81]]","[""yellow"", ""purple""]","[""yellow"", ""red""]",purple,red,s,same,2.0,1.0
031,031_T1_20260518_154511,Control,T1,standard,hci_substudy_v2,1,telemetry_v4,change_detection,4,practice_cd,practice,1,3,27,practice,N1_change,1779090311,95.764,2026-05-18T16:07:42.623,0,0,0,4,1345974.384,1345999.221,,,,,j,,0,37282.102,,incorrect,0.0,1349574.384,1349725.791,1387073.037,4000,37347.246,1387223.037,"[{""stage_name"": ""fixation"", ""planned_duration_ms"": 100, ""intended_onset_ms"": 1345974.384, ""actual_onset_global_ms"": 1345999.221, ""actual_offset_global_ms"": 1346111.48, ""actual_duration_ms"": 112.259}, {""stage_name"": ""memory_array"", ""planned_duration_ms"": 2500, ""intended_onset_ms"": 1346074.384, ""actual_onset_global_ms"": 1346177.072, ""actual_offset_global_ms"": 1348649.81, ""actual_duration_ms"": 2472.738}, {""stage_name"": ""delay"", ""planned_duration_ms"": 1000, ""intended_onset_ms"": 1348649.81, ""actual_onset_global_ms"": 1348667.929, ""actual_offset_global_ms"": 1349676.283, ""actual_duration_ms"": 1008.354}, {""stage_name"": ""test_array"", ""planned_duration_ms"": 4000, ""intended_onset_ms"": 1349676.283, ""actual_onset_global_ms"": 1349725.791, ""actual_offset_global_ms"": 1387073.037, ""actual_duration_ms"": 37347.246}, {""stage_name"": ""feedback"", ""planned_duration_ms"": 150, ""intended_onset_ms"": 1387073.037, ""actual_onset_global_ms"": 1387106.397, ""actual_offset_global_ms"": 1387250.204, ""actual_duration_ms"": 143.807}]",incorrect.wav,1387078.5,150.0,1387578.5,,,,,,,,,,,,,,,,,,,,,,,,,,,,,,,,,,,,,,,,,,,,,,0.0,,,,,,,,,,,,,1.0,change,0.0,"[-13.93, 225.73]","[[-13.93, 225.73]]","[""blue""]","[""yellow""]",blue,yellow,s,same,1.0,1.0
031,031_T1_20260518_154511,Control,T1,standard,hci_substudy_v2,1,telemetry_v4,change_detection,4,practice_cd,practice,1,4,28,practice,N2_same,1779090311,95.764,2026-05-18T16:08:23.900,0,0,0,4,1387251.045,1387286.262,,,,,s,,1,20635.587,,correct,0.0,1390851.045,1391023.242,1411748.337,4000,20725.095,1411898.337,"[{""stage_name"": ""fixation"", ""planned_duration_ms"": 100, ""intended_onset_ms"": 1387251.045, ""actual_onset_global_ms"": 1387286.262, ""actual_offset_global_ms"": 1387391.101, ""actual_duration_ms"": 104.839}, {""stage_name"": ""memory_array"", ""planned_duration_ms"": 2500, ""intended_onset_ms"": 1387351.045, ""actual_onset_global_ms"": 1387459.476, ""actual_offset_global_ms"": 1389933.858, ""actual_duration_ms"": 2474.382}, {""stage_name"": ""delay"", ""planned_duration_ms"": 1000, ""intended_onset_ms"": 1389933.858, ""actual_onset_global_ms"": 1389949.144, ""actual_offset_global_ms"": 1390955.199, ""actual_duration_ms"": 1006.055}, {""stage_name"": ""test_array"", ""planned_duration_ms"": 4000, ""intended_onset_ms"": 1390955.199, ""actual_onset_global_ms"": 1391023.242, ""actual_offset_global_ms"": 1411748.337, ""actual_duration_ms"": 20725.095}, {""stage_name"": ""feedback"", ""planned_duration_ms"": 150, ""intended_onset_ms"": 1411748.337, ""actual_onset_global_ms"": 1411786.995, ""actual_offset_global_ms"": 1411947.021, ""actual_duration_ms"": 160.026}]",correct.wav,1411755.019,150.0,1412255.019,,,,,,,,,,,,,,,,,,,,,,,,,,,,,,,,,,,,,,,,,,,,,,1.0,,,,,,,,,,,,,2.0,same,0.0,"[50.59, -166.54]","[[50.59, -166.54], [72.37, 228.12]]","[""red"", ""purple""]","[""red"", ""purple""]",red,red,s,same,2.0,1.0
031,031_T1_20260518_154511,Control,T1,standard,hci_substudy_v2,1,telemetry_v4,change_detection,4,practice_cd,practice,1,5,29,practice,N1_same,1779090311,95.764,2026-05-18T16:08:48.598,0,0,0,4,1411949.121,1411980.827,,,,,s,,1,1542.91,,correct,0.0,1415549.121,1415652.437,1417246.086,4000,1593.649,1417396.086,"[{""stage_name"": ""fixation"", ""planned_duration_ms"": 100, ""intended_onset_ms"": 1411949.121, ""actual_onset_global_ms"": 1411980.827, ""actual_offset_global_ms"": 1412085.921, ""actual_duration_ms"": 105.094}, {""stage_name"": ""memory_array"", ""planned_duration_ms"": 2500, ""intended_onset_ms"": 1412049.121, ""actual_onset_global_ms"": 1412121.792, ""actual_offset_global_ms"": 1414597.941, ""actual_duration_ms"": 2476.149}, {""stage_name"": ""delay"", ""planned_duration_ms"": 1000, ""intended_onset_ms"": 1414597.941, ""actual_onset_global_ms"": 1414613.156, ""actual_offset_global_ms"": 1415611.409, ""actual_duration_ms"": 998.253}, {""stage_name"": ""test_array"", ""planned_duration_ms"": 4000, ""intended_onset_ms"": 1415611.409, ""actual_onset_global_ms"": 1415652.437, ""actual_offset_global_ms"": 1417246.086, ""actual_duration_ms"": 1593.649}, {""stage_name"": ""feedback"", ""planned_duration_ms"": 150, ""intended_onset_ms"": 1417246.086, ""actual_onset_global_ms"": 1417284.629, ""actual_offset_global_ms"": 1417429.097, ""actual_duration_ms"": 144.468}]",correct.wav,1417252.112,150.0,1417752.112,,,,,,,,,,,,,,,,,,,,,,,,,,,,,,,,,,,,,,,,,,,,,,1.0,,,,,,,,,,,,,1.0,same,0.0,"[92.49, 202.11]","[[92.49, 202.11]]","[""purple""]","[""purple""]",purple,purple,s,same,2.0,1.0
031,031_T1_20260518_154511,Control,T1,standard,hci_substudy_v2,1,telemetry_v4,change_detection,4,practice_cd,practice,1,6,30,practice,N2_change,1779090311,95.764,2026-05-18T16:08:54.079,0,0,0,4,1417429.9,1417464.311,,,,,j,,1,5657.058,,correct,0.0,1421029.9,1421149.569,1426866.364,4000,5716.795,1427016.364,"[{""stage_name"": ""fixation"", ""planned_duration_ms"": 100, ""intended_onset_ms"": 1417429.9, ""actual_onset_global_ms"": 1417464.311, ""actual_offset_global_ms"": 1417567.311, ""actual_duration_ms"": 103.0}, {""stage_name"": ""memory_array"", ""planned_duration_ms"": 2500, ""intended_onset_ms"": 1417529.9, ""actual_onset_global_ms"": 1417640.136, ""actual_offset_global_ms"": 1420072.734, ""actual_duration_ms"": 2432.598}, {""stage_name"": ""delay"", ""planned_duration_ms"": 1000, ""intended_onset_ms"": 1420072.734, ""actual_onset_global_ms"": 1420085.199, ""actual_offset_global_ms"": 1421086.467, ""actual_duration_ms"": 1001.268}, {""stage_name"": ""test_array"", ""planned_duration_ms"": 4000, ""intended_onset_ms"": 1421086.467, ""actual_onset_global_ms"": 1421149.569, ""actual_offset_global_ms"": 1426866.364, ""actual_duration_ms"": 5716.795}, {""stage_name"": ""feedback"", ""planned_duration_ms"": 150, ""intended_onset_ms"": 1426866.364, ""actual_onset_global_ms"": 1426910.826, ""actual_offset_global_ms"": 1427055.962, ""actual_duration_ms"": 145.136}]",correct.wav,1426876.427,150.0,1427376.427,,,,,,,,,,,,,,,,,,,,,,,,,,,,,,,,,,,,,,,,,,,,,,1.0,,,,,,,,,,,,,2.0,change,1.0,"[-234.51, 41.78]","[[-248.73, -235.78], [-234.51, 41.78]]","[""red"", ""blue""]","[""red"", ""green""]",blue,green,j,change,2.0,1.0
031,031_T1_20260518_154511,Control,T1,standard,hci_substudy_v2,1,telemetry_v4,change_detection,4,practice_cd,practice,1,7,31,practice,N1_same,1779090311,95.764,2026-05-18T16:09:03.707,0,0,0,4,1427057.411,1427088.631,,,,,s,,1,3759.766,,correct,0.0,1430657.411,1430804.237,1434606.787,4000,3802.55,1434756.787,"[{""stage_name"": ""fixation"", ""planned_duration_ms"": 100, ""intended_onset_ms"": 1427057.411, ""actual_onset_global_ms"": 1427088.631, ""actual_offset_global_ms"": 1427192.021, ""actual_duration_ms"": 103.39}, {""stage_name"": ""memory_array"", ""planned_duration_ms"": 2500, ""intended_onset_ms"": 1427157.411, ""actual_onset_global_ms"": 1427233.352, ""actual_offset_global_ms"": 1429733.711, ""actual_duration_ms"": 2500.359}, {""stage_name"": ""delay"", ""planned_duration_ms"": 1000, ""intended_onset_ms"": 1429733.711, ""actual_onset_global_ms"": 1429746.323, ""actual_offset_global_ms"": 1430747.521, ""actual_duration_ms"": 1001.198}, {""stage_name"": ""test_array"", ""planned_duration_ms"": 4000, ""intended_onset_ms"": 1430747.521, ""actual_onset_global_ms"": 1430804.237, ""actual_offset_global_ms"": 1434606.787, ""actual_duration_ms"": 3802.55}, {""stage_name"": ""feedback"", ""planned_duration_ms"": 150, ""intended_onset_ms"": 1434606.787, ""actual_onset_global_ms"": 1434646.461, ""actual_offset_global_ms"": 1434795.38, ""actual_duration_ms"": 148.919}]",correct.wav,1434613.381,150.0,1435113.381,,,,,,,,,,,,,,,,,,,,,,,,,,,,,,,,,,,,,,,,,,,,,,1.0,,,,,,,,,,,,,1.0,same,0.0,"[173.26, 129.2]","[[173.26, 129.2]]","[""yellow""]","[""yellow""]",yellow,yellow,s,same,2.0,1.0
031,031_T1_20260518_154511,Control,T1,standard,hci_substudy_v2,1,telemetry_v4,change_detection,4,practice_cd,practice,1,8,32,practice,N1_change,1779090311,95.764,2026-05-18T16:09:11.446,0,0,0,4,1434795.712,1434829.254,,,,,j,,1,3798.18,,correct,0.0,1438395.712,1438542.028,1442368.474,4000,3826.446,1442518.474,"[{""stage_name"": ""fixation"", ""planned_duration_ms"": 100, ""intended_onset_ms"": 1434795.712, ""actual_onset_global_ms"": 1434829.254, ""actual_offset_global_ms"": 1434931.283, ""actual_duration_ms"": 102.029}, {""stage_name"": ""memory_array"", ""planned_duration_ms"": 2500, ""intended_onset_ms"": 1434895.712, ""actual_onset_global_ms"": 1434979.831, ""actual_offset_global_ms"": 1437468.168, ""actual_duration_ms"": 2488.337}, {""stage_name"": ""delay"", ""planned_duration_ms"": 1000, ""intended_onset_ms"": 1437468.168, ""actual_onset_global_ms"": 1437477.681, ""actual_offset_global_ms"": 1438491.475, ""actual_duration_ms"": 1013.794}, {""stage_name"": ""test_array"", ""planned_duration_ms"": 4000, ""intended_onset_ms"": 1438491.475, ""actual_onset_global_ms"": 1438542.028, ""actual_offset_global_ms"": 1442368.474, ""actual_duration_ms"": 3826.446}, {""stage_name"": ""feedback"", ""planned_duration_ms"": 150, ""intended_onset_ms"": 1442368.474, ""actual_onset_global_ms"": 1442407.885, ""actual_offset_global_ms"": 1442540.145, ""actual_duration_ms"": 132.26}]",correct.wav,1442374.858,150.0,1442874.858,,,,,,,,,,,,,,,,,,,,,,,,,,,,,,,,,,,,,,,,,,,,,,1.0,,,,,,,,,,,,,1.0,change,0.0,"[196.0, 53.37]","[[196.0, 53.37]]","[""yellow""]","[""red""]",yellow,red,j,change,1.0,1.0
031,031_T1_20260518_154511,Control,T1,standard,hci_substudy_v2,1,telemetry_v4,change_detection,4,practice_cd,practice,1,1,33,practice,N2_change,1779090311,95.764,2026-05-18T16:09:38.859,0,0,0,5,1462209.095,1462236.549,,,,,j,,1,4249.96,,correct,0.0,1465809.095,1465981.502,1470321.904,4000,4340.402,1470471.904,"[{""stage_name"": ""fixation"", ""planned_duration_ms"": 100, ""intended_onset_ms"": 1462209.095, ""actual_onset_global_ms"": 1462236.549, ""actual_offset_global_ms"": 1462323.58, ""actual_duration_ms"": 87.031}, {""stage_name"": ""memory_array"", ""planned_duration_ms"": 2500, ""intended_onset_ms"": 1462309.095, ""actual_onset_global_ms"": 1462383.358, ""actual_offset_global_ms"": 1464875.346, ""actual_duration_ms"": 2491.988}, {""stage_name"": ""delay"", ""planned_duration_ms"": 1000, ""intended_onset_ms"": 1464875.346, ""actual_onset_global_ms"": 1464883.815, ""actual_offset_global_ms"": 1465895.454, ""actual_duration_ms"": 1011.639}, {""stage_name"": ""test_array"", ""planned_duration_ms"": 4000, ""intended_onset_ms"": 1465895.454, ""actual_onset_global_ms"": 1465981.502, ""actual_offset_global_ms"": 1470321.904, ""actual_duration_ms"": 4340.402}, {""stage_name"": ""feedback"", ""planned_duration_ms"": 150, ""intended_onset_ms"": 1470321.904, ""actual_onset_global_ms"": 1470359.456, ""actual_offset_global_ms"": 1470498.955, ""actual_duration_ms"": 139.499}]",correct.wav,1470331.134,150.0,1470831.134,,,,,,,,,,,,,,,,,,,,,,,,,,,,,,,,,,,,,,,,,,,,,,1.0,,,,,,,,,,,,,2.0,change,1.0,"[-7.75, -232.79]","[[220.75, 159.84], [-7.75, -232.79]]","[""purple"", ""green""]","[""purple"", ""blue""]",green,blue,j,change,3.0,1.0
031,031_T1_20260518_154511,Control,T1,standard,hci_substudy_v2,1,telemetry_v4,change_detection,4,practice_cd,practice,1,2,34,practice,N2_same,1779090311,95.764,2026-05-18T16:09:47.150,0,0,0,5,1470499.857,1470540.357,,,,,s,,1,4837.169,,correct,0.0,1474099.857,1474280.782,1479151.72,4000,4870.938,1479301.72,"[{""stage_name"": ""fixation"", ""planned_duration_ms"": 100, ""intended_onset_ms"": 1470499.857, ""actual_onset_global_ms"": 1470540.357, ""actual_offset_global_ms"": 1470621.901, ""actual_duration_ms"": 81.544}, {""stage_name"": ""memory_array"", ""planned_duration_ms"": 2500, ""intended_onset_ms"": 1470599.857, ""actual_onset_global_ms"": 1470699.849, ""actual_offset_global_ms"": 1473203.181, ""actual_duration_ms"": 2503.332}, {""stage_name"": ""delay"", ""planned_duration_ms"": 1000, ""intended_onset_ms"": 1473203.181, ""actual_onset_global_ms"": 1473212.777, ""actual_offset_global_ms"": 1474207.131, ""actual_duration_ms"": 994.354}, {""stage_name"": ""test_array"", ""planned_duration_ms"": 4000, ""intended_onset_ms"": 1474207.131, ""actual_onset_global_ms"": 1474280.782, ""actual_offset_global_ms"": 1479151.72, ""actual_duration_ms"": 4870.938}, {""stage_name"": ""feedback"", ""planned_duration_ms"": 150, ""intended_onset_ms"": 1479151.72, ""actual_onset_global_ms"": 1479185.614, ""actual_offset_global_ms"": 1479338.69, ""actual_duration_ms"": 153.076}]",correct.wav,1479157.928,150.0,1479657.928,,,,,,,,,,,,,,,,,,,,,,,,,,,,,,,,,,,,,,,,,,,,,,1.0,,,,,,,,,,,,,2.0,same,1.0,"[28.92, 218.29]","[[47.27, -104.13], [28.92, 218.29]]","[""red"", ""yellow""]","[""red"", ""yellow""]",yellow,yellow,s,same,3.0,1.0
031,031_T1_20260518_154511,Control,T1,standard,hci_substudy_v2,1,telemetry_v4,change_detection,4,practice_cd,practice,1,3,35,practice,N1_change,1779090311,95.764,2026-05-18T16:09:55.991,0,0,0,5,1479341.048,1479371.318,,,,,j,,1,2723.845,,correct,0.0,1482941.048,1483071.524,1485864.336,4000,2792.812,1486014.336,"[{""stage_name"": ""fixation"", ""planned_duration_ms"": 100, ""intended_onset_ms"": 1479341.048, ""actual_onset_global_ms"": 1479371.318, ""actual_offset_global_ms"": 1479472.144, ""actual_duration_ms"": 100.826}, {""stage_name"": ""memory_array"", ""planned_duration_ms"": 2500, ""intended_onset_ms"": 1479441.048, ""actual_onset_global_ms"": 1479513.263, ""actual_offset_global_ms"": 1482021.476, ""actual_duration_ms"": 2508.213}, {""stage_name"": ""delay"", ""planned_duration_ms"": 1000, ""intended_onset_ms"": 1482021.476, ""actual_onset_global_ms"": 1482030.991, ""actual_offset_global_ms"": 1483029.78, ""actual_duration_ms"": 998.789}, {""stage_name"": ""test_array"", ""planned_duration_ms"": 4000, ""intended_onset_ms"": 1483029.78, ""actual_onset_global_ms"": 1483071.524, ""actual_offset_global_ms"": 1485864.336, ""actual_duration_ms"": 2792.812}, {""stage_name"": ""feedback"", ""planned_duration_ms"": 150, ""intended_onset_ms"": 1485864.336, ""actual_onset_global_ms"": 1485893.027, ""actual_offset_global_ms"": 1486043.341, ""actual_duration_ms"": 150.314}]",correct.wav,1485868.794,150.0,1486368.794,,,,,,,,,,,,,,,,,,,,,,,,,,,,,,,,,,,,,,,,,,,,,,1.0,,,,,,,,,,,,,1.0,change,0.0,"[23.53, 115.68]","[[23.53, 115.68]]","[""purple""]","[""red""]",purple,red,j,change,1.0,1.0
031,031_T1_20260518_154511,Control,T1,standard,hci_substudy_v2,1,telemetry_v4,change_detection,4,practice_cd,practice,1,4,36,practice,N2_same,1779090311,95.764,2026-05-18T16:10:02.693,0,0,0,5,1486044.383,1486076.623,,,,,s,,0,6304.883,,incorrect,0.0,1489644.383,1489836.057,1496210.547,4000,6374.49,1496360.547,"[{""stage_name"": ""fixation"", ""planned_duration_ms"": 100, ""intended_onset_ms"": 1486044.383, ""actual_onset_global_ms"": 1486076.623, ""actual_offset_global_ms"": 1486182.8, ""actual_duration_ms"": 106.177}, {""stage_name"": ""memory_array"", ""planned_duration_ms"": 2500, ""intended_onset_ms"": 1486144.383, ""actual_onset_global_ms"": 1486252.854, ""actual_offset_global_ms"": 1488741.861, ""actual_duration_ms"": 2489.007}, {""stage_name"": ""delay"", ""planned_duration_ms"": 1000, ""intended_onset_ms"": 1488741.861, ""actual_onset_global_ms"": 1488747.848, ""actual_offset_global_ms"": 1489755.456, ""actual_duration_ms"": 1007.608}, {""stage_name"": ""test_array"", ""planned_duration_ms"": 4000, ""intended_onset_ms"": 1489755.456, ""actual_onset_global_ms"": 1489836.057, ""actual_offset_global_ms"": 1496210.547, ""actual_duration_ms"": 6374.49}, {""stage_name"": ""feedback"", ""planned_duration_ms"": 150, ""intended_onset_ms"": 1496210.547, ""actual_onset_global_ms"": 1496242.412, ""actual_offset_global_ms"": 1496403.484, ""actual_duration_ms"": 161.072}]",incorrect.wav,1496215.623,150.0,1496715.623,,,,,,,,,,,,,,,,,,,,,,,,,,,,,,,,,,,,,,,,,,,,,,0.0,,,,,,,,,,,,,2.0,same,0.0,"[-229.14, -98.19]","[[-229.14, -98.19], [-19.77, -207.52]]","[""yellow"", ""blue""]","[""yellow"", ""blue""]",yellow,yellow,j,change,2.0,1.0
031,031_T1_20260518_154511,Control,T1,standard,hci_substudy_v2,1,telemetry_v4,change_detection,4,practice_cd,practice,1,5,37,practice,N1_same,1779090311,95.764,2026-05-18T16:10:13.054,0,0,0,5,1496403.853,1496437.017,,,,,s,,0,3802.282,,incorrect,0.0,1500003.853,1500116.908,1503984.326,4000,3867.418,1504134.326,"[{""stage_name"": ""fixation"", ""planned_duration_ms"": 100, ""intended_onset_ms"": 1496403.853, ""actual_onset_global_ms"": 1496437.017, ""actual_offset_global_ms"": 1496536.406, ""actual_duration_ms"": 99.389}, {""stage_name"": ""memory_array"", ""planned_duration_ms"": 2500, ""intended_onset_ms"": 1496503.853, ""actual_onset_global_ms"": 1496575.764, ""actual_offset_global_ms"": 1499049.908, ""actual_duration_ms"": 2474.144}, {""stage_name"": ""delay"", ""planned_duration_ms"": 1000, ""intended_onset_ms"": 1499049.908, ""actual_onset_global_ms"": 1499065.967, ""actual_offset_global_ms"": 1500070.734, ""actual_duration_ms"": 1004.767}, {""stage_name"": ""test_array"", ""planned_duration_ms"": 4000, ""intended_onset_ms"": 1500070.734, ""actual_onset_global_ms"": 1500116.908, ""actual_offset_global_ms"": 1503984.326, ""actual_duration_ms"": 3867.418}, {""stage_name"": ""feedback"", ""planned_duration_ms"": 150, ""intended_onset_ms"": 1503984.326, ""actual_onset_global_ms"": 1504023.622, ""actual_offset_global_ms"": 1504165.557, ""actual_duration_ms"": 141.935}]",incorrect.wav,1503991.509,150.0,1504491.509,,,,,,,,,,,,,,,,,,,,,,,,,,,,,,,,,,,,,,,,,,,,,,0.0,,,,,,,,,,,,,1.0,same,0.0,"[52.52, 175.7]","[[52.52, 175.7]]","[""blue""]","[""blue""]",blue,blue,j,change,1.0,1.0
031,031_T1_20260518_154511,Control,T1,standard,hci_substudy_v2,1,telemetry_v4,change_detection,4,practice_cd,practice,1,6,38,practice,N1_change,1779090311,95.764,2026-05-18T16:10:20.813,0,0,0,5,1504163.27,1504192.737,,,,,j,,0,3727.907,,incorrect,0.0,1507763.27,1507865.633,1511619.214,4000,3753.581,1511769.214,"[{""stage_name"": ""fixation"", ""planned_duration_ms"": 100, ""intended_onset_ms"": 1504163.27, ""actual_onset_global_ms"": 1504192.737, ""actual_offset_global_ms"": 1504290.598, ""actual_duration_ms"": 97.861}, {""stage_name"": ""memory_array"", ""planned_duration_ms"": 2500, ""intended_onset_ms"": 1504263.27, ""actual_onset_global_ms"": 1504340.776, ""actual_offset_global_ms"": 1506806.803, ""actual_duration_ms"": 2466.027}, {""stage_name"": ""delay"", ""planned_duration_ms"": 1000, ""intended_onset_ms"": 1506806.803, ""actual_onset_global_ms"": 1506822.945, ""actual_offset_global_ms"": 1507821.818, ""actual_duration_ms"": 998.873}, {""stage_name"": ""test_array"", ""planned_duration_ms"": 4000, ""intended_onset_ms"": 1507821.818, ""actual_onset_global_ms"": 1507865.633, ""actual_offset_global_ms"": 1511619.214, ""actual_duration_ms"": 3753.581}, {""stage_name"": ""feedback"", ""planned_duration_ms"": 150, ""intended_onset_ms"": 1511619.214, ""actual_onset_global_ms"": 1511659.732, ""actual_offset_global_ms"": 1511800.403, ""actual_duration_ms"": 140.671}]",incorrect.wav,1511626.715,150.0,1512126.715,,,,,,,,,,,,,,,,,,,,,,,,,,,,,,,,,,,,,,,,,,,,,,0.0,,,,,,,,,,,,,1.0,change,0.0,"[91.52, 58.62]","[[91.52, 58.62]]","[""red""]","[""purple""]",red,purple,s,same,1.0,1.0
031,031_T1_20260518_154511,Control,T1,standard,hci_substudy_v2,1,telemetry_v4,change_detection,4,practice_cd,practice,1,7,39,practice,N2_change,1779090311,95.764,2026-05-18T16:10:28.450,0,0,0,5,1511801.455,1511829.128,,,,,j,,0,9020.086,,incorrect,0.0,1515401.455,1515531.193,1524630.699,4000,9099.506,1524780.699,"[{""stage_name"": ""fixation"", ""planned_duration_ms"": 100, ""intended_onset_ms"": 1511801.455, ""actual_onset_global_ms"": 1511829.128, ""actual_offset_global_ms"": 1511928.605, ""actual_duration_ms"": 99.477}, {""stage_name"": ""memory_array"", ""planned_duration_ms"": 2500, ""intended_onset_ms"": 1511901.455, ""actual_onset_global_ms"": 1511998.735, ""actual_offset_global_ms"": 1514458.067, ""actual_duration_ms"": 2459.332}, {""stage_name"": ""delay"", ""planned_duration_ms"": 1000, ""intended_onset_ms"": 1514458.067, ""actual_onset_global_ms"": 1514474.371, ""actual_offset_global_ms"": 1515472.297, ""actual_duration_ms"": 997.926}, {""stage_name"": ""test_array"", ""planned_duration_ms"": 4000, ""intended_onset_ms"": 1515472.297, ""actual_onset_global_ms"": 1515531.193, ""actual_offset_global_ms"": 1524630.699, ""actual_duration_ms"": 9099.506}, {""stage_name"": ""feedback"", ""planned_duration_ms"": 150, ""intended_onset_ms"": 1524630.699, ""actual_onset_global_ms"": 1524674.064, ""actual_offset_global_ms"": 1524802.297, ""actual_duration_ms"": 128.233}]",incorrect.wav,1524638.859,150.0,1525138.859,,,,,,,,,,,,,,,,,,,,,,,,,,,,,,,,,,,,,,,,,,,,,,0.0,,,,,,,,,,,,,2.0,change,0.0,"[95.47, -117.91]","[[95.47, -117.91], [172.46, 39.97]]","[""blue"", ""green""]","[""yellow"", ""green""]",blue,yellow,s,same,2.0,1.0
031,031_T1_20260518_154511,Control,T1,standard,hci_substudy_v2,1,telemetry_v4,change_detection,4,practice_cd,practice,1,8,40,practice,N1_same,1779090311,95.764,2026-05-18T16:10:41.459,0,0,0,5,1524808.391,1524848.147,,,,,s,,0,3856.793,,incorrect,0.0,1528408.391,1528567.047,1532465.981,4000,3898.934,1532615.981,"[{""stage_name"": ""fixation"", ""planned_duration_ms"": 100, ""intended_onset_ms"": 1524808.391, ""actual_onset_global_ms"": 1524848.147, ""actual_offset_global_ms"": 1524946.739, ""actual_duration_ms"": 98.592}, {""stage_name"": ""memory_array"", ""planned_duration_ms"": 2500, ""intended_onset_ms"": 1524908.391, ""actual_onset_global_ms"": 1525001.984, ""actual_offset_global_ms"": 1527494.253, ""actual_duration_ms"": 2492.269}, {""stage_name"": ""delay"", ""planned_duration_ms"": 1000, ""intended_onset_ms"": 1527494.253, ""actual_onset_global_ms"": 1527499.693, ""actual_offset_global_ms"": 1528512.127, ""actual_duration_ms"": 1012.434}, {""stage_name"": ""test_array"", ""planned_duration_ms"": 4000, ""intended_onset_ms"": 1528512.127, ""actual_onset_global_ms"": 1528567.047, ""actual_offset_global_ms"": 1532465.981, ""actual_duration_ms"": 3898.934}, {""stage_name"": ""feedback"", ""planned_duration_ms"": 150, ""intended_onset_ms"": 1532465.981, ""actual_onset_global_ms"": 1532496.595, ""actual_offset_global_ms"": 1532641.577, ""actual_duration_ms"": 144.982}]",incorrect.wav,1532471.259,150.0,1532971.259,,,,,,,,,,,,,,,,,,,,,,,,,,,,,,,,,,,,,,,,,,,,,,0.0,,,,,,,,,,,,,1.0,same,0.0,"[-245.74, 254.88]","[[-245.74, 254.88]]","[""red""]","[""red""]",red,red,j,change,1.0,1.0
031,031_T1_20260518_154511,Control,T1,standard,hci_substudy_v2,1,telemetry_v4,change_detection,4,practice_cd,practice,1,1,41,practice,N1_change,1779090311,95.764,2026-05-18T16:11:11.011,0,0,0,6,1554361.795,1554388.604,,,,,j,,1,1462.831,,correct,1.0,1557961.795,1558075.635,1559589.121,4000,1513.486,1559739.121,"[{""stage_name"": ""fixation"", ""planned_duration_ms"": 100, ""intended_onset_ms"": 1554361.795, ""actual_onset_global_ms"": 1554388.604, ""actual_offset_global_ms"": 1554473.693, ""actual_duration_ms"": 85.089}, {""stage_name"": ""memory_array"", ""planned_duration_ms"": 2500, ""intended_onset_ms"": 1554461.795, ""actual_onset_global_ms"": 1554506.221, ""actual_offset_global_ms"": 1557010.653, ""actual_duration_ms"": 2504.432}, {""stage_name"": ""delay"", ""planned_duration_ms"": 1000, ""intended_onset_ms"": 1557010.653, ""actual_onset_global_ms"": 1557021.841, ""actual_offset_global_ms"": 1558028.82, ""actual_duration_ms"": 1006.979}, {""stage_name"": ""test_array"", ""planned_duration_ms"": 4000, ""intended_onset_ms"": 1558028.82, ""actual_onset_global_ms"": 1558075.635, ""actual_offset_global_ms"": 1559589.121, ""actual_duration_ms"": 1513.486}, {""stage_name"": ""feedback"", ""planned_duration_ms"": 150, ""intended_onset_ms"": 1559589.121, ""actual_onset_global_ms"": 1559629.932, ""actual_offset_global_ms"": 1559772.627, ""actual_duration_ms"": 142.695}]",correct.wav,1559599.791,150.0,1560099.791,,,,,,,,,,,,,,,,,,,,,,,,,,,,,,,,,,,,,,,,,,,,,,1.0,,,,,,,,,,,,,1.0,change,0.0,"[-209.87, 38.04]","[[-209.87, 38.04]]","[""blue""]","[""red""]",blue,red,j,change,1.0,1.0
031,031_T1_20260518_154511,Control,T1,standard,hci_substudy_v2,1,telemetry_v4,change_detection,4,practice_cd,practice,1,2,42,practice,N2_change,1779090311,95.764,2026-05-18T16:11:16.424,0,0,0,6,1559774.811,1559809.517,,,,,j,,1,2781.854,,correct,1.0,1563374.811,1563531.779,1566351.062,4000,2819.283,1566501.062,"[{""stage_name"": ""fixation"", ""planned_duration_ms"": 100, ""intended_onset_ms"": 1559774.811, ""actual_onset_global_ms"": 1559809.517, ""actual_offset_global_ms"": 1559910.66, ""actual_duration_ms"": 101.143}, {""stage_name"": ""memory_array"", ""planned_duration_ms"": 2500, ""intended_onset_ms"": 1559874.811, ""actual_onset_global_ms"": 1559972.865, ""actual_offset_global_ms"": 1562435.072, ""actual_duration_ms"": 2462.207}, {""stage_name"": ""delay"", ""planned_duration_ms"": 1000, ""intended_onset_ms"": 1562435.072, ""actual_onset_global_ms"": 1562449.669, ""actual_offset_global_ms"": 1563458.626, ""actual_duration_ms"": 1008.957}, {""stage_name"": ""test_array"", ""planned_duration_ms"": 4000, ""intended_onset_ms"": 1563458.626, ""actual_onset_global_ms"": 1563531.779, ""actual_offset_global_ms"": 1566351.062, ""actual_duration_ms"": 2819.283}, {""stage_name"": ""feedback"", ""planned_duration_ms"": 150, ""intended_onset_ms"": 1566351.062, ""actual_onset_global_ms"": 1566386.049, ""actual_offset_global_ms"": 1566539.707, ""actual_duration_ms"": 153.658}]",correct.wav,1566357.767,150.0,1566857.767,,,,,,,,,,,,,,,,,,,,,,,,,,,,,,,,,,,,,,,,,,,,,,1.0,,,,,,,,,,,,,2.0,change,0.0,"[-70.96, -140.58]","[[-70.96, -140.58], [34.19, -230.8]]","[""purple"", ""yellow""]","[""blue"", ""yellow""]",purple,blue,j,change,2.0,1.0
031,031_T1_20260518_154511,Control,T1,standard,hci_substudy_v2,1,telemetry_v4,change_detection,4,practice_cd,practice,1,3,43,practice,N1_same,1779090311,95.764,2026-05-18T16:11:23.192,0,0,0,6,1566542.482,1566568.994,,,,,s,,1,1898.41,,correct,1.0,1570142.482,1570249.254,1572178.002,4000,1928.748,1572328.002,"[{""stage_name"": ""fixation"", ""planned_duration_ms"": 100, ""intended_onset_ms"": 1566542.482, ""actual_onset_global_ms"": 1566568.994, ""actual_offset_global_ms"": 1566667.037, ""actual_duration_ms"": 98.043}, {""stage_name"": ""memory_array"", ""planned_duration_ms"": 2500, ""intended_onset_ms"": 1566642.482, ""actual_onset_global_ms"": 1566711.66, ""actual_offset_global_ms"": 1569198.134, ""actual_duration_ms"": 2486.474}, {""stage_name"": ""delay"", ""planned_duration_ms"": 1000, ""intended_onset_ms"": 1569198.134, ""actual_onset_global_ms"": 1569205.78, ""actual_offset_global_ms"": 1570203.542, ""actual_duration_ms"": 997.762}, {""stage_name"": ""test_array"", ""planned_duration_ms"": 4000, ""intended_onset_ms"": 1570203.542, ""actual_onset_global_ms"": 1570249.254, ""actual_offset_global_ms"": 1572178.002, ""actual_duration_ms"": 1928.748}, {""stage_name"": ""feedback"", ""planned_duration_ms"": 150, ""intended_onset_ms"": 1572178.002, ""actual_onset_global_ms"": 1572220.935, ""actual_offset_global_ms"": 1572351.435, ""actual_duration_ms"": 130.5}]",correct.wav,1572186.234,150.0,1572686.234,,,,,,,,,,,,,,,,,,,,,,,,,,,,,,,,,,,,,,,,,,,,,,1.0,,,,,,,,,,,,,1.0,same,0.0,"[-72.55, 62.06]","[[-72.55, 62.06]]","[""red""]","[""red""]",red,red,s,same,1.0,1.0
031,031_T1_20260518_154511,Control,T1,standard,hci_substudy_v2,1,telemetry_v4,change_detection,4,practice_cd,practice,1,4,44,practice,N2_same,1779090311,95.764,2026-05-18T16:11:29.006,0,0,0,6,1572356.505,1572388.481,,,,,s,,1,2627.412,,correct,1.0,1575956.505,1576111.925,1578770.755,4000,2658.83,1578920.755,"[{""stage_name"": ""fixation"", ""planned_duration_ms"": 100, ""intended_onset_ms"": 1572356.505, ""actual_onset_global_ms"": 1572388.481, ""actual_offset_global_ms"": 1572468.382, ""actual_duration_ms"": 79.901}, {""stage_name"": ""memory_array"", ""planned_duration_ms"": 2500, ""intended_onset_ms"": 1572456.505, ""actual_onset_global_ms"": 1572531.533, ""actual_offset_global_ms"": 1575033.886, ""actual_duration_ms"": 2502.353}, {""stage_name"": ""delay"", ""planned_duration_ms"": 1000, ""intended_onset_ms"": 1575033.886, ""actual_onset_global_ms"": 1575039.543, ""actual_offset_global_ms"": 1576039.404, ""actual_duration_ms"": 999.861}, {""stage_name"": ""test_array"", ""planned_duration_ms"": 4000, ""intended_onset_ms"": 1576039.404, ""actual_onset_global_ms"": 1576111.925, ""actual_offset_global_ms"": 1578770.755, ""actual_duration_ms"": 2658.83}, {""stage_name"": ""feedback"", ""planned_duration_ms"": 150, ""intended_onset_ms"": 1578770.755, ""actual_onset_global_ms"": 1578808.417, ""actual_offset_global_ms"": 1578964.759, ""actual_duration_ms"": 156.342}]",correct.wav,1578777.495,150.0,1579277.495,,,,,,,,,,,,,,,,,,,,,,,,,,,,,,,,,,,,,,,,,,,,,,1.0,,,,,,,,,,,,,2.0,same,0.0,"[130.14, -125.47]","[[130.14, -125.47], [110.33, 197.02]]","[""yellow"", ""green""]","[""yellow"", ""green""]",yellow,yellow,s,same,2.0,1.0
031,031_T1_20260518_154511,Control,T1,standard,hci_substudy_v2,1,telemetry_v4,change_detection,4,practice_cd,practice,1,5,45,practice,N1_change,1779090311,95.764,2026-05-18T16:11:35.617,0,0,0,6,1578966.829,1578994.021,,,,,j,,1,2535.802,,correct,1.0,1582566.829,1582665.871,1585227.429,4000,2561.558,1585377.429,"[{""stage_name"": ""fixation"", ""planned_duration_ms"": 100, ""intended_onset_ms"": 1578966.829, ""actual_onset_global_ms"": 1578994.021, ""actual_offset_global_ms"": 1579094.713, ""actual_duration_ms"": 100.692}, {""stage_name"": ""memory_array"", ""planned_duration_ms"": 2500, ""intended_onset_ms"": 1579066.829, ""actual_onset_global_ms"": 1579134.994, ""actual_offset_global_ms"": 1581604.07, ""actual_duration_ms"": 2469.076}, {""stage_name"": ""delay"", ""planned_duration_ms"": 1000, ""intended_onset_ms"": 1581604.07, ""actual_onset_global_ms"": 1581618.927, ""actual_offset_global_ms"": 1582619.685, ""actual_duration_ms"": 1000.758}, {""stage_name"": ""test_array"", ""planned_duration_ms"": 4000, ""intended_onset_ms"": 1582619.685, ""actual_onset_global_ms"": 1582665.871, ""actual_offset_global_ms"": 1585227.429, ""actual_duration_ms"": 2561.558}, {""stage_name"": ""feedback"", ""planned_duration_ms"": 150, ""intended_onset_ms"": 1585227.429, ""actual_onset_global_ms"": 1585267.784, ""actual_offset_global_ms"": 1585395.25, ""actual_duration_ms"": 127.466}]",correct.wav,1585234.135,150.0,1585734.135,,,,,,,,,,,,,,,,,,,,,,,,,,,,,,,,,,,,,,,,,,,,,,1.0,,,,,,,,,,,,,1.0,change,0.0,"[121.4, 189.03]","[[121.4, 189.03]]","[""blue""]","[""yellow""]",blue,yellow,j,change,2.0,1.0
031,031_T1_20260518_154511,Control,T1,standard,hci_substudy_v2,1,telemetry_v4,change_detection,4,practice_cd,practice,1,6,46,practice,N2_change,1779090311,95.764,2026-05-18T16:11:42.053,0,0,0,6,1585402.972,1585436.971,,,,,j,,1,718.965,,correct,1.0,1589002.972,1589160.304,1589973.721,4000,813.417,1590123.721,"[{""stage_name"": ""fixation"", ""planned_duration_ms"": 100, ""intended_onset_ms"": 1585402.972, ""actual_onset_global_ms"": 1585436.971, ""actual_offset_global_ms"": 1585538.507, ""actual_duration_ms"": 101.536}, {""stage_name"": ""memory_array"", ""planned_duration_ms"": 2500, ""intended_onset_ms"": 1585502.972, ""actual_onset_global_ms"": 1585611.312, ""actual_offset_global_ms"": 1588079.057, ""actual_duration_ms"": 2467.745}, {""stage_name"": ""delay"", ""planned_duration_ms"": 1000, ""intended_onset_ms"": 1588079.057, ""actual_onset_global_ms"": 1588087.633, ""actual_offset_global_ms"": 1589088.673, ""actual_duration_ms"": 1001.04}, {""stage_name"": ""test_array"", ""planned_duration_ms"": 4000, ""intended_onset_ms"": 1589088.673, ""actual_onset_global_ms"": 1589160.304, ""actual_offset_global_ms"": 1589973.721, ""actual_duration_ms"": 813.417}, {""stage_name"": ""feedback"", ""planned_duration_ms"": 150, ""intended_onset_ms"": 1589973.721, ""actual_onset_global_ms"": 1590008.086, ""actual_offset_global_ms"": 1590160.735, ""actual_duration_ms"": 152.649}]",correct.wav,1589979.43,150.0,1590479.43,,,,,,,,,,,,,,,,,,,,,,,,,,,,,,,,,,,,,,,,,,,,,,1.0,,,,,,,,,,,,,2.0,change,1.0,"[-126.26, 127.78]","[[-109.65, -95.48], [-126.26, 127.78]]","[""green"", ""yellow""]","[""green"", ""purple""]",yellow,purple,j,change,2.0,1.0
031,031_T1_20260518_154511,Control,T1,standard,hci_substudy_v2,1,telemetry_v4,change_detection,4,practice_cd,practice,1,7,47,practice,N1_same,1779090311,95.764,2026-05-18T16:11:46.814,0,0,0,6,1590163.409,1590190.432,,,,,s,,1,1985.639,,correct,1.0,1593763.409,1593877.028,1595906.415,4000,2029.387,1596056.415,"[{""stage_name"": ""fixation"", ""planned_duration_ms"": 100, ""intended_onset_ms"": 1590163.409, ""actual_onset_global_ms"": 1590190.432, ""actual_offset_global_ms"": 1590293.521, ""actual_duration_ms"": 103.089}, {""stage_name"": ""memory_array"", ""planned_duration_ms"": 2500, ""intended_onset_ms"": 1590263.409, ""actual_onset_global_ms"": 1590343.821, ""actual_offset_global_ms"": 1592798.841, ""actual_duration_ms"": 2455.02}, {""stage_name"": ""delay"", ""planned_duration_ms"": 1000, ""intended_onset_ms"": 1592798.841, ""actual_onset_global_ms"": 1592819.535, ""actual_offset_global_ms"": 1593821.356, ""actual_duration_ms"": 1001.821}, {""stage_name"": ""test_array"", ""planned_duration_ms"": 4000, ""intended_onset_ms"": 1593821.356, ""actual_onset_global_ms"": 1593877.028, ""actual_offset_global_ms"": 1595906.415, ""actual_duration_ms"": 2029.387}, {""stage_name"": ""feedback"", ""planned_duration_ms"": 150, ""intended_onset_ms"": 1595906.415, ""actual_onset_global_ms"": 1595942.161, ""actual_offset_global_ms"": 1596089.629, ""actual_duration_ms"": 147.468}]",correct.wav,1595912.97,150.0,1596412.97,,,,,,,,,,,,,,,,,,,,,,,,,,,,,,,,,,,,,,,,,,,,,,1.0,,,,,,,,,,,,,1.0,same,0.0,"[-212.86, -150.88]","[[-212.86, -150.88]]","[""blue""]","[""blue""]",blue,blue,s,same,1.0,1.0
031,031_T1_20260518_154511,Control,T1,standard,hci_substudy_v2,1,telemetry_v4,change_detection,4,practice_cd,practice,1,8,48,practice,N2_same,1779090311,95.764,2026-05-18T16:11:52.740,0,0,0,6,1596091.008,1596121.951,,,,,s,,1,644.388,,correct,1.0,1599691.008,1599828.721,1600541.811,4000,713.09,1600691.811,"[{""stage_name"": ""fixation"", ""planned_duration_ms"": 100, ""intended_onset_ms"": 1596091.008, ""actual_onset_global_ms"": 1596121.951, ""actual_offset_global_ms"": 1596220.476, ""actual_duration_ms"": 98.525}, {""stage_name"": ""memory_array"", ""planned_duration_ms"": 2500, ""intended_onset_ms"": 1596191.008, ""actual_onset_global_ms"": 1596287.753, ""actual_offset_global_ms"": 1598754.826, ""actual_duration_ms"": 2467.073}, {""stage_name"": ""delay"", ""planned_duration_ms"": 1000, ""intended_onset_ms"": 1598754.826, ""actual_onset_global_ms"": 1598767.265, ""actual_offset_global_ms"": 1599763.811, ""actual_duration_ms"": 996.546}, {""stage_name"": ""test_array"", ""planned_duration_ms"": 4000, ""intended_onset_ms"": 1599763.811, ""actual_onset_global_ms"": 1599828.721, ""actual_offset_global_ms"": 1600541.811, ""actual_duration_ms"": 713.09}, {""stage_name"": ""feedback"", ""planned_duration_ms"": 150, ""intended_onset_ms"": 1600541.811, ""actual_onset_global_ms"": 1600581.43, ""actual_offset_global_ms"": 1600722.744, ""actual_duration_ms"": 141.314}]",correct.wav,1600551.506,150.0,1601051.506,,,,,,,,,,,,,,,,,,,,,,,,,,,,,,,,,,,,,,,,,,,,,,1.0,,,,,,,,,,,,,2.0,same,1.0,"[-67.97, -74.89]","[[247.53, 92.37], [-67.97, -74.89]]","[""red"", ""green""]","[""red"", ""green""]",green,green,s,same,2.0,1.0
031,031_T1_20260518_154511,Control,T1,standard,hci_substudy_v2,1,telemetry_v4,change_detection,4,formal_cd,formal,1,1,49,formal,N2_change,1779090311,95.764,2026-05-18T16:12:12.230,0,0,0,6,1615580.521,1615600.094,,,,,j,,1,13826.519,,,,1619180.521,1619297.823,1633174.377,4000,13876.554,1633174.377,"[{""stage_name"": ""fixation"", ""planned_duration_ms"": 100, ""intended_onset_ms"": 1615580.521, ""actual_onset_global_ms"": 1615600.094, ""actual_offset_global_ms"": 1615704.592, ""actual_duration_ms"": 104.498}, {""stage_name"": ""memory_array"", ""planned_duration_ms"": 2500, ""intended_onset_ms"": 1615680.521, ""actual_onset_global_ms"": 1615765.359, ""actual_offset_global_ms"": 1618223.793, ""actual_duration_ms"": 2458.434}, {""stage_name"": ""delay"", ""planned_duration_ms"": 1000, ""intended_onset_ms"": 1618223.793, ""actual_onset_global_ms"": 1618236.249, ""actual_offset_global_ms"": 1619237.457, ""actual_duration_ms"": 1001.208}, {""stage_name"": ""test_array"", ""planned_duration_ms"": 4000, ""intended_onset_ms"": 1619237.457, ""actual_onset_global_ms"": 1619297.823, ""actual_offset_global_ms"": 1633174.377, ""actual_duration_ms"": 13876.554}]",,,,,,,,,,,,,,,,,,,,,,,,,,,,,,,,,,,,,,,,,,,,,,,,,,1.0,,,,,,,,,,,,,2.0,change,1.0,"[-12.9, -104.52]","[[111.04, 139.04], [-12.9, -104.52]]","[""green"", ""yellow""]","[""green"", ""blue""]",yellow,blue,j,change,2.0,1.0
031,031_T1_20260518_154511,Control,T1,standard,hci_substudy_v2,1,telemetry_v4,change_detection,4,formal_cd,formal,1,2,50,formal,N4_same,1779090311,95.764,2026-05-18T16:12:29.832,0,0,0,6,1633182.881,1633209.62,,,,,s,,0,5450.975,,,,1636782.881,1636983.784,1642566.627,4000,5582.843,1642566.627,"[{""stage_name"": ""fixation"", ""planned_duration_ms"": 100, ""intended_onset_ms"": 1633182.881, ""actual_onset_global_ms"": 1633209.62, ""actual_offset_global_ms"": 1633295.672, ""actual_duration_ms"": 86.052}, {""stage_name"": ""memory_array"", ""planned_duration_ms"": 2500, ""intended_onset_ms"": 1633282.881, ""actual_onset_global_ms"": 1633392.545, ""actual_offset_global_ms"": 1635858.548, ""actual_duration_ms"": 2466.003}, {""stage_name"": ""delay"", ""planned_duration_ms"": 1000, ""intended_onset_ms"": 1635858.548, ""actual_onset_global_ms"": 1635866.904, ""actual_offset_global_ms"": 1636876.702, ""actual_duration_ms"": 1009.798}, {""stage_name"": ""test_array"", ""planned_duration_ms"": 4000, ""intended_onset_ms"": 1636876.702, ""actual_onset_global_ms"": 1636983.784, ""actual_offset_global_ms"": 1642566.627, ""actual_duration_ms"": 5582.843}]",,,,,,,,,,,,,,,,,,,,,,,,,,,,,,,,,,,,,,,,,,,,,,,,,,0.0,,,,,,,,,,,,,4.0,same,0.0,"[2.7, 164.21]","[[2.7, 164.21], [101.74, -65.53], [125.92, 105.0], [182.2, -150.88]]","[""yellow"", ""blue"", ""purple"", ""red""]","[""yellow"", ""blue"", ""purple"", ""red""]",yellow,yellow,j,change,4.0,1.0
031,031_T1_20260518_154511,Control,T1,standard,hci_substudy_v2,1,telemetry_v4,change_detection,4,formal_cd,formal,1,3,51,formal,N4_change,1779090311,95.764,2026-05-18T16:12:39.227,0,0,0,6,1642578.009,1642604.878,,,,,j,,0,3284.964,,,,1646178.009,1646370.816,1649779.124,4000,3408.308,1649779.124,"[{""stage_name"": ""fixation"", ""planned_duration_ms"": 100, ""intended_onset_ms"": 1642578.009, ""actual_onset_global_ms"": 1642604.878, ""actual_offset_global_ms"": 1642701.39, ""actual_duration_ms"": 96.512}, {""stage_name"": ""memory_array"", ""planned_duration_ms"": 2500, ""intended_onset_ms"": 1642678.009, ""actual_onset_global_ms"": 1642816.71, ""actual_offset_global_ms"": 1645261.25, ""actual_duration_ms"": 2444.54}, {""stage_name"": ""delay"", ""planned_duration_ms"": 1000, ""intended_onset_ms"": 1645261.25, ""actual_onset_global_ms"": 1645272.053, ""actual_offset_global_ms"": 1646273.023, ""actual_duration_ms"": 1000.97}, {""stage_name"": ""test_array"", ""planned_duration_ms"": 4000, ""intended_onset_ms"": 1646273.023, ""actual_onset_global_ms"": 1646370.816, ""actual_offset_global_ms"": 1649779.124, ""actual_duration_ms"": 3408.308}]",,,,,,,,,,,,,,,,,,,,,,,,,,,,,,,,,,,,,,,,,,,,,,,,,,0.0,,,,,,,,,,,,,4.0,change,3.0,"[114.97, -253.48]","[[128.04, -40.13], [94.76, 219.65], [-99.73, -212.44], [114.97, -253.48]]","[""blue"", ""red"", ""purple"", ""green""]","[""blue"", ""red"", ""purple"", ""yellow""]",green,yellow,s,same,4.0,1.0
031,031_T1_20260518_154511,Control,T1,standard,hci_substudy_v2,1,telemetry_v4,change_detection,4,formal_cd,formal,1,4,52,formal,N3_same,1779090311,95.764,2026-05-18T16:12:46.438,0,0,0,6,1649788.815,1649811.725,,,,,s,,0,14850.31,,,,1653388.815,1653529.086,1668431.321,4000,14902.235,1668431.321,"[{""stage_name"": ""fixation"", ""planned_duration_ms"": 100, ""intended_onset_ms"": 1649788.815, ""actual_onset_global_ms"": 1649811.725, ""actual_offset_global_ms"": 1649902.889, ""actual_duration_ms"": 91.164}, {""stage_name"": ""memory_array"", ""planned_duration_ms"": 2500, ""intended_onset_ms"": 1649888.815, ""actual_onset_global_ms"": 1649984.642, ""actual_offset_global_ms"": 1652433.992, ""actual_duration_ms"": 2449.35}, {""stage_name"": ""delay"", ""planned_duration_ms"": 1000, ""intended_onset_ms"": 1652433.992, ""actual_onset_global_ms"": 1652442.041, ""actual_offset_global_ms"": 1653449.634, ""actual_duration_ms"": 1007.593}, {""stage_name"": ""test_array"", ""planned_duration_ms"": 4000, ""intended_onset_ms"": 1653449.634, ""actual_onset_global_ms"": 1653529.086, ""actual_offset_global_ms"": 1668431.321, ""actual_duration_ms"": 14902.235}]",,,,,,,,,,,,,,,,,,,,,,,,,,,,,,,,,,,,,,,,,,,,,,,,,,0.0,,,,,,,,,,,,,3.0,same,2.0,"[-26.32, 176.39]","[[215.6, -140.12], [173.32, 60.55], [-26.32, 176.39]]","[""green"", ""purple"", ""red""]","[""green"", ""purple"", ""red""]",red,red,j,change,3.0,1.0
031,031_T1_20260518_154511,Control,T1,standard,hci_substudy_v2,1,telemetry_v4,change_detection,4,formal_cd,formal,1,5,53,formal,N3_change,1779090311,95.764,2026-05-18T16:13:05.089,0,0,0,6,1668439.456,1668461.724,,,,,j,,1,6340.406,,,,1672039.456,1672175.223,1678611.942,4000,6436.719,1678611.942,"[{""stage_name"": ""fixation"", ""planned_duration_ms"": 100, ""intended_onset_ms"": 1668439.456, ""actual_onset_global_ms"": 1668461.724, ""actual_offset_global_ms"": 1668566.239, ""actual_duration_ms"": 104.515}, {""stage_name"": ""memory_array"", ""planned_duration_ms"": 2500, ""intended_onset_ms"": 1668539.456, ""actual_onset_global_ms"": 1668660.153, ""actual_offset_global_ms"": 1671075.093, ""actual_duration_ms"": 2414.94}, {""stage_name"": ""delay"", ""planned_duration_ms"": 1000, ""intended_onset_ms"": 1671075.093, ""actual_onset_global_ms"": 1671084.686, ""actual_offset_global_ms"": 1672091.379, ""actual_duration_ms"": 1006.693}, {""stage_name"": ""test_array"", ""planned_duration_ms"": 4000, ""intended_onset_ms"": 1672091.379, ""actual_onset_global_ms"": 1672175.223, ""actual_offset_global_ms"": 1678611.942, ""actual_duration_ms"": 6436.719}]",,,,,,,,,,,,,,,,,,,,,,,,,,,,,,,,,,,,,,,,,,,,,,,,,,1.0,,,,,,,,,,,,,3.0,change,2.0,"[-131.91, -199.86]","[[135.13, -103.41], [227.9, -1.11], [-131.91, -199.86]]","[""red"", ""blue"", ""purple""]","[""red"", ""blue"", ""green""]",purple,green,j,change,3.0,1.0
031,031_T1_20260518_154511,Control,T1,standard,hci_substudy_v2,1,telemetry_v4,change_detection,4,formal_cd,formal,1,6,54,formal,N2_change,1779090311,95.764,2026-05-18T16:13:15.271,0,0,0,6,1678621.878,1678646.103,,,,,j,,0,3248.513,,,,1682221.878,1682391.301,1685664.312,4000,3273.011,1685664.312,"[{""stage_name"": ""fixation"", ""planned_duration_ms"": 100, ""intended_onset_ms"": 1678621.878, ""actual_onset_global_ms"": 1678646.103, ""actual_offset_global_ms"": 1678754.709, ""actual_duration_ms"": 108.606}, {""stage_name"": ""memory_array"", ""planned_duration_ms"": 2500, ""intended_onset_ms"": 1678721.878, ""actual_onset_global_ms"": 1678810.913, ""actual_offset_global_ms"": 1681303.194, ""actual_duration_ms"": 2492.281}, {""stage_name"": ""delay"", ""planned_duration_ms"": 1000, ""intended_onset_ms"": 1681303.194, ""actual_onset_global_ms"": 1681308.94, ""actual_offset_global_ms"": 1682319.618, ""actual_duration_ms"": 1010.678}, {""stage_name"": ""test_array"", ""planned_duration_ms"": 4000, ""intended_onset_ms"": 1682319.618, ""actual_onset_global_ms"": 1682391.301, ""actual_offset_global_ms"": 1685664.312, ""actual_duration_ms"": 3273.011}]",,,,,,,,,,,,,,,,,,,,,,,,,,,,,,,,,,,,,,,,,,,,,,,,,,0.0,,,,,,,,,,,,,2.0,change,1.0,"[181.34, 157.95]","[[-127.69, 9.84], [181.34, 157.95]]","[""green"", ""purple""]","[""green"", ""red""]",purple,red,s,same,2.0,1.0
031,031_T1_20260518_154511,Control,T1,standard,hci_substudy_v2,1,telemetry_v4,change_detection,4,formal_cd,formal,1,7,55,formal,N4_change,1779090311,95.764,2026-05-18T16:13:22.327,0,0,0,6,1685676.88,1685704.23,,,,,j,,1,4889.542,,,,1689276.88,1689473.023,1694475.253,4000,5002.23,1694475.253,"[{""stage_name"": ""fixation"", ""planned_duration_ms"": 100, ""intended_onset_ms"": 1685676.88, ""actual_onset_global_ms"": 1685704.23, ""actual_offset_global_ms"": 1685806.808, ""actual_duration_ms"": 102.578}, {""stage_name"": ""memory_array"", ""planned_duration_ms"": 2500, ""intended_onset_ms"": 1685776.88, ""actual_onset_global_ms"": 1685921.725, ""actual_offset_global_ms"": 1688352.344, ""actual_duration_ms"": 2430.619}, {""stage_name"": ""delay"", ""planned_duration_ms"": 1000, ""intended_onset_ms"": 1688352.344, ""actual_onset_global_ms"": 1688366.385, ""actual_offset_global_ms"": 1689371.553, ""actual_duration_ms"": 1005.168}, {""stage_name"": ""test_array"", ""planned_duration_ms"": 4000, ""intended_onset_ms"": 1689371.553, ""actual_onset_global_ms"": 1689473.023, ""actual_offset_global_ms"": 1694475.253, ""actual_duration_ms"": 5002.23}]",,,,,,,,,,,,,,,,,,,,,,,,,,,,,,,,,,,,,,,,,,,,,,,,,,1.0,,,,,,,,,,,,,4.0,change,0.0,"[144.25, -150.51]","[[144.25, -150.51], [-175.76, -79.89], [-67.81, 219.52], [-70.6, -56.53]]","[""blue"", ""green"", ""yellow"", ""red""]","[""purple"", ""green"", ""yellow"", ""red""]",blue,purple,j,change,4.0,1.0
031,031_T1_20260518_154511,Control,T1,standard,hci_substudy_v2,1,telemetry_v4,change_detection,4,formal_cd,formal,1,8,56,formal,N3_same,1779090311,95.764,2026-05-18T16:13:31.137,0,0,0,6,1694488.543,1694514.548,,,,,s,,1,3427.631,,,,1698088.543,1698257.694,1701719.934,4000,3462.24,1701719.934,"[{""stage_name"": ""fixation"", ""planned_duration_ms"": 100, ""intended_onset_ms"": 1694488.543, ""actual_onset_global_ms"": 1694514.548, ""actual_offset_global_ms"": 1694612.545, ""actual_duration_ms"": 97.997}, {""stage_name"": ""memory_array"", ""planned_duration_ms"": 2500, ""intended_onset_ms"": 1694588.543, ""actual_onset_global_ms"": 1694709.894, ""actual_offset_global_ms"": 1697157.452, ""actual_duration_ms"": 2447.558}, {""stage_name"": ""delay"", ""planned_duration_ms"": 1000, ""intended_onset_ms"": 1697157.452, ""actual_onset_global_ms"": 1697170.575, ""actual_offset_global_ms"": 1698173.853, ""actual_duration_ms"": 1003.278}, {""stage_name"": ""test_array"", ""planned_duration_ms"": 4000, ""intended_onset_ms"": 1698173.853, ""actual_onset_global_ms"": 1698257.694, ""actual_offset_global_ms"": 1701719.934, ""actual_duration_ms"": 3462.24}]",,,,,,,,,,,,,,,,,,,,,,,,,,,,,,,,,,,,,,,,,,,,,,,,,,1.0,,,,,,,,,,,,,3.0,same,2.0,"[240.6, 54.66]","[[-31.27, -219.65], [-102.61, 232.27], [240.6, 54.66]]","[""blue"", ""yellow"", ""red""]","[""blue"", ""yellow"", ""red""]",red,red,s,same,3.0,1.0
031,031_T1_20260518_154511,Control,T1,standard,hci_substudy_v2,1,telemetry_v4,change_detection,4,formal_cd,formal,1,9,57,formal,N3_same,1779090311,95.764,2026-05-18T16:13:38.382,0,0,0,6,1701731.992,1701757.344,,,,,s,,0,8261.14,,,,1705331.992,1705537.478,1713885.049,4000,8347.571,1713885.049,"[{""stage_name"": ""fixation"", ""planned_duration_ms"": 100, ""intended_onset_ms"": 1701731.992, ""actual_onset_global_ms"": 1701757.344, ""actual_offset_global_ms"": 1701858.108, ""actual_duration_ms"": 100.764}, {""stage_name"": ""memory_array"", ""planned_duration_ms"": 2500, ""intended_onset_ms"": 1701831.992, ""actual_onset_global_ms"": 1701945.346, ""actual_offset_global_ms"": 1704426.305, ""actual_duration_ms"": 2480.959}, {""stage_name"": ""delay"", ""planned_duration_ms"": 1000, ""intended_onset_ms"": 1704426.305, ""actual_onset_global_ms"": 1704441.53, ""actual_offset_global_ms"": 1705438.52, ""actual_duration_ms"": 996.99}, {""stage_name"": ""test_array"", ""planned_duration_ms"": 4000, ""intended_onset_ms"": 1705438.52, ""actual_onset_global_ms"": 1705537.478, ""actual_offset_global_ms"": 1713885.049, ""actual_duration_ms"": 8347.571}]",,,,,,,,,,,,,,,,,,,,,,,,,,,,,,,,,,,,,,,,,,,,,,,,,,0.0,,,,,,,,,,,,,3.0,same,2.0,"[-159.78, 207.23]","[[-235.12, 59.71], [-82.34, -164.18], [-159.78, 207.23]]","[""green"", ""yellow"", ""red""]","[""green"", ""yellow"", ""red""]",red,red,j,change,3.0,1.0
031,031_T1_20260518_154511,Control,T1,standard,hci_substudy_v2,1,telemetry_v4,change_detection,4,formal_cd,formal,1,10,58,formal,N1_change,1779090311,95.764,2026-05-18T16:13:50.548,0,0,0,6,1713898.223,1713924.848,,,,,j,,1,25260.819,,,,1717498.223,1717614.213,1742934.35,4000,25320.137,1742934.35,"[{""stage_name"": ""fixation"", ""planned_duration_ms"": 100, ""intended_onset_ms"": 1713898.223, ""actual_onset_global_ms"": 1713924.848, ""actual_offset_global_ms"": 1714019.271, ""actual_duration_ms"": 94.423}, {""stage_name"": ""memory_array"", ""planned_duration_ms"": 2500, ""intended_onset_ms"": 1713998.223, ""actual_onset_global_ms"": 1714072.625, ""actual_offset_global_ms"": 1716551.993, ""actual_duration_ms"": 2479.368}, {""stage_name"": ""delay"", ""planned_duration_ms"": 1000, ""intended_onset_ms"": 1716551.993, ""actual_onset_global_ms"": 1716569.445, ""actual_offset_global_ms"": 1717564.276, ""actual_duration_ms"": 994.831}, {""stage_name"": ""test_array"", ""planned_duration_ms"": 4000, ""intended_onset_ms"": 1717564.276, ""actual_onset_global_ms"": 1717614.213, ""actual_offset_global_ms"": 1742934.35, ""actual_duration_ms"": 25320.137}]",,,,,,,,,,,,,,,,,,,,,,,,,,,,,,,,,,,,,,,,,,,,,,,,,,1.0,,,,,,,,,,,,,1.0,change,0.0,"[87.09, 58.57]","[[87.09, 58.57]]","[""purple""]","[""blue""]",purple,blue,j,change,1.0,1.0
031,031_T1_20260518_154511,Control,T1,standard,hci_substudy_v2,1,telemetry_v4,change_detection,4,formal_cd,formal,1,11,59,formal,N1_change,1779090311,95.764,2026-05-18T16:14:19.596,0,0,0,6,1742945.387,1742982.015,,,,,j,,1,3214.835,,,,1746545.387,1746660.211,1749951.894,4000,3291.683,1749951.894,"[{""stage_name"": ""fixation"", ""planned_duration_ms"": 100, ""intended_onset_ms"": 1742945.387, ""actual_onset_global_ms"": 1742982.015, ""actual_offset_global_ms"": 1743068.395, ""actual_duration_ms"": 86.38}, {""stage_name"": ""memory_array"", ""planned_duration_ms"": 2500, ""intended_onset_ms"": 1743045.387, ""actual_onset_global_ms"": 1743119.864, ""actual_offset_global_ms"": 1745589.608, ""actual_duration_ms"": 2469.744}, {""stage_name"": ""delay"", ""planned_duration_ms"": 1000, ""intended_onset_ms"": 1745589.608, ""actual_onset_global_ms"": 1745604.655, ""actual_offset_global_ms"": 1746610.2, ""actual_duration_ms"": 1005.545}, {""stage_name"": ""test_array"", ""planned_duration_ms"": 4000, ""intended_onset_ms"": 1746610.2, ""actual_onset_global_ms"": 1746660.211, ""actual_offset_global_ms"": 1749951.894, ""actual_duration_ms"": 3291.683}]",,,,,,,,,,,,,,,,,,,,,,,,,,,,,,,,,,,,,,,,,,,,,,,,,,1.0,,,,,,,,,,,,,1.0,change,0.0,"[-197.2, 89.1]","[[-197.2, 89.1]]","[""purple""]","[""green""]",purple,green,j,change,1.0,1.0
031,031_T1_20260518_154511,Control,T1,standard,hci_substudy_v2,1,telemetry_v4,change_detection,4,formal_cd,formal,1,12,60,formal,N1_same,1779090311,95.764,2026-05-18T16:14:26.615,0,0,0,6,1749964.912,1749992.521,,,,,s,,0,3592.237,,,,1753564.912,1753686.13,1757348.053,4000,3661.923,1757348.053,"[{""stage_name"": ""fixation"", ""planned_duration_ms"": 100, ""intended_onset_ms"": 1749964.912, ""actual_onset_global_ms"": 1749992.521, ""actual_offset_global_ms"": 1750105.501, ""actual_duration_ms"": 112.98}, {""stage_name"": ""memory_array"", ""planned_duration_ms"": 2500, ""intended_onset_ms"": 1750064.912, ""actual_onset_global_ms"": 1750157.347, ""actual_offset_global_ms"": 1752625.349, ""actual_duration_ms"": 2468.002}, {""stage_name"": ""delay"", ""planned_duration_ms"": 1000, ""intended_onset_ms"": 1752625.349, ""actual_onset_global_ms"": 1752640.481, ""actual_offset_global_ms"": 1753637.014, ""actual_duration_ms"": 996.533}, {""stage_name"": ""test_array"", ""planned_duration_ms"": 4000, ""intended_onset_ms"": 1753637.014, ""actual_onset_global_ms"": 1753686.13, ""actual_offset_global_ms"": 1757348.053, ""actual_duration_ms"": 3661.923}]",,,,,,,,,,,,,,,,,,,,,,,,,,,,,,,,,,,,,,,,,,,,,,,,,,0.0,,,,,,,,,,,,,1.0,same,0.0,"[-37.91, 188.63]","[[-37.91, 188.63]]","[""green""]","[""green""]",green,green,j,change,1.0,1.0
031,031_T1_20260518_154511,Control,T1,standard,hci_substudy_v2,1,telemetry_v4,change_detection,4,formal_cd,formal,1,13,61,formal,N3_change,1779090311,95.764,2026-05-18T16:14:34.010,0,0,0,6,1757361.008,1757389.853,,,,,j,,0,2963.227,,,,1760961.008,1761151.37,1764154.698,4000,3003.328,1764154.698,"[{""stage_name"": ""fixation"", ""planned_duration_ms"": 100, ""intended_onset_ms"": 1757361.008, ""actual_onset_global_ms"": 1757389.853, ""actual_offset_global_ms"": 1757499.178, ""actual_duration_ms"": 109.325}, {""stage_name"": ""memory_array"", ""planned_duration_ms"": 2500, ""intended_onset_ms"": 1757461.008, ""actual_onset_global_ms"": 1757599.44, ""actual_offset_global_ms"": 1760040.447, ""actual_duration_ms"": 2441.007}, {""stage_name"": ""delay"", ""planned_duration_ms"": 1000, ""intended_onset_ms"": 1760040.447, ""actual_onset_global_ms"": 1760053.352, ""actual_offset_global_ms"": 1761067.123, ""actual_duration_ms"": 1013.771}, {""stage_name"": ""test_array"", ""planned_duration_ms"": 4000, ""intended_onset_ms"": 1761067.123, ""actual_onset_global_ms"": 1761151.37, ""actual_offset_global_ms"": 1764154.698, ""actual_duration_ms"": 3003.328}]",,,,,,,,,,,,,,,,,,,,,,,,,,,,,,,,,,,,,,,,,,,,,,,,,,0.0,,,,,,,,,,,,,3.0,change,1.0,"[3.46, 226.89]","[[237.02, -185.98], [3.46, 226.89], [-187.09, -257.85]]","[""purple"", ""red"", ""blue""]","[""purple"", ""yellow"", ""blue""]",red,yellow,s,same,3.0,1.0
031,031_T1_20260518_154511,Control,T1,standard,hci_substudy_v2,1,telemetry_v4,change_detection,4,formal_cd,formal,1,14,62,formal,N2_change,1779090311,95.764,2026-05-18T16:14:40.814,0,0,0,6,1764164.321,1764191.03,,,,,j,,1,5972.618,,,,1767764.321,1767894.713,1773923.888,4000,6029.175,1773923.888,"[{""stage_name"": ""fixation"", ""planned_duration_ms"": 100, ""intended_onset_ms"": 1764164.321, ""actual_onset_global_ms"": 1764191.03, ""actual_offset_global_ms"": 1764287.067, ""actual_duration_ms"": 96.037}, {""stage_name"": ""memory_array"", ""planned_duration_ms"": 2500, ""intended_onset_ms"": 1764264.321, ""actual_onset_global_ms"": 1764356.356, ""actual_offset_global_ms"": 1766816.749, ""actual_duration_ms"": 2460.393}, {""stage_name"": ""delay"", ""planned_duration_ms"": 1000, ""intended_onset_ms"": 1766816.749, ""actual_onset_global_ms"": 1766826.839, ""actual_offset_global_ms"": 1767830.746, ""actual_duration_ms"": 1003.907}, {""stage_name"": ""test_array"", ""planned_duration_ms"": 4000, ""intended_onset_ms"": 1767830.746, ""actual_onset_global_ms"": 1767894.713, ""actual_offset_global_ms"": 1773923.888, ""actual_duration_ms"": 6029.175}]",,,,,,,,,,,,,,,,,,,,,,,,,,,,,,,,,,,,,,,,,,,,,,,,,,1.0,,,,,,,,,,,,,2.0,change,0.0,"[-73.82, -161.22]","[[-73.82, -161.22], [215.72, 5.6]]","[""yellow"", ""blue""]","[""purple"", ""blue""]",yellow,purple,j,change,2.0,1.0
031,031_T1_20260518_154511,Control,T1,standard,hci_substudy_v2,1,telemetry_v4,change_detection,4,formal_cd,formal,1,15,63,formal,N4_same,1779090311,95.764,2026-05-18T16:14:50.583,0,0,0,6,1773932.908,1773956.748,,,,,s,,1,4802.536,,,,1777532.908,1777766.246,1782684.658,4000,4918.412,1782684.658,"[{""stage_name"": ""fixation"", ""planned_duration_ms"": 100, ""intended_onset_ms"": 1773932.908, ""actual_onset_global_ms"": 1773956.748, ""actual_offset_global_ms"": 1774052.679, ""actual_duration_ms"": 95.931}, {""stage_name"": ""memory_array"", ""planned_duration_ms"": 2500, ""intended_onset_ms"": 1774032.908, ""actual_onset_global_ms"": 1774163.005, ""actual_offset_global_ms"": 1776646.3, ""actual_duration_ms"": 2483.295}, {""stage_name"": ""delay"", ""planned_duration_ms"": 1000, ""intended_onset_ms"": 1776646.3, ""actual_onset_global_ms"": 1776659.341, ""actual_offset_global_ms"": 1777657.612, ""actual_duration_ms"": 998.271}, {""stage_name"": ""test_array"", ""planned_duration_ms"": 4000, ""intended_onset_ms"": 1777657.612, ""actual_onset_global_ms"": 1777766.246, ""actual_offset_global_ms"": 1782684.658, ""actual_duration_ms"": 4918.412}]",,,,,,,,,,,,,,,,,,,,,,,,,,,,,,,,,,,,,,,,,,,,,,,,,,1.0,,,,,,,,,,,,,4.0,same,0.0,"[200.8, 255.33]","[[200.8, 255.33], [248.19, -190.23], [-104.57, -58.56], [127.26, 31.4]]","[""purple"", ""red"", ""blue"", ""yellow""]","[""purple"", ""red"", ""blue"", ""yellow""]",purple,purple,s,same,4.0,1.0
031,031_T1_20260518_154511,Control,T1,standard,hci_substudy_v2,1,telemetry_v4,change_detection,4,formal_cd,formal,1,16,64,formal,N2_same,1779090311,95.764,2026-05-18T16:14:59.344,0,0,0,6,1782694.399,1782723.212,,,,,s,,0,10427.789,,,,1786294.399,1786472.855,1796958.126,4000,10485.271,1796958.126,"[{""stage_name"": ""fixation"", ""planned_duration_ms"": 100, ""intended_onset_ms"": 1782694.399, ""actual_onset_global_ms"": 1782723.212, ""actual_offset_global_ms"": 1782822.518, ""actual_duration_ms"": 99.306}, {""stage_name"": ""memory_array"", ""planned_duration_ms"": 2500, ""intended_onset_ms"": 1782794.399, ""actual_onset_global_ms"": 1782891.954, ""actual_offset_global_ms"": 1785380.364, ""actual_duration_ms"": 2488.41}, {""stage_name"": ""delay"", ""planned_duration_ms"": 1000, ""intended_onset_ms"": 1785380.364, ""actual_onset_global_ms"": 1785390.005, ""actual_offset_global_ms"": 1786394.502, ""actual_duration_ms"": 1004.497}, {""stage_name"": ""test_array"", ""planned_duration_ms"": 4000, ""intended_onset_ms"": 1786394.502, ""actual_onset_global_ms"": 1786472.855, ""actual_offset_global_ms"": 1796958.126, ""actual_duration_ms"": 10485.271}]",,,,,,,,,,,,,,,,,,,,,,,,,,,,,,,,,,,,,,,,,,,,,,,,,,0.0,,,,,,,,,,,,,2.0,same,0.0,"[76.89, -147.41]","[[76.89, -147.41], [-57.47, 236.48]]","[""blue"", ""green""]","[""blue"", ""green""]",blue,blue,j,change,3.0,1.0
031,031_T1_20260518_154511,Control,T1,standard,hci_substudy_v2,1,telemetry_v4,change_detection,4,formal_cd,formal,1,17,65,formal,N4_change,1779090311,95.764,2026-05-18T16:15:13.617,0,0,0,6,1796967.269,1796990.656,,,,,j,,1,587.822,,,,1800567.269,1800818.033,1801422.219,4000,604.186,1801422.219,"[{""stage_name"": ""fixation"", ""planned_duration_ms"": 100, ""intended_onset_ms"": 1796967.269, ""actual_onset_global_ms"": 1796990.656, ""actual_offset_global_ms"": 1797087.604, ""actual_duration_ms"": 96.948}, {""stage_name"": ""memory_array"", ""planned_duration_ms"": 2500, ""intended_onset_ms"": 1797067.269, ""actual_onset_global_ms"": 1797205.708, ""actual_offset_global_ms"": 1799678.889, ""actual_duration_ms"": 2473.181}, {""stage_name"": ""delay"", ""planned_duration_ms"": 1000, ""intended_onset_ms"": 1799678.889, ""actual_onset_global_ms"": 1799688.003, ""actual_offset_global_ms"": 1800700.334, ""actual_duration_ms"": 1012.331}, {""stage_name"": ""test_array"", ""planned_duration_ms"": 4000, ""intended_onset_ms"": 1800700.334, ""actual_onset_global_ms"": 1800818.033, ""actual_offset_global_ms"": 1801422.219, ""actual_duration_ms"": 604.186}]",,,,,,,,,,,,,,,,,,,,,,,,,,,,,,,,,,,,,,,,,,,,,,,,,,1.0,,,,,,,,,,,,,4.0,change,0.0,"[-233.54, -119.5]","[[-233.54, -119.5], [-77.01, -242.8], [66.49, 213.02], [-174.75, -14.76]]","[""purple"", ""yellow"", ""red"", ""green""]","[""blue"", ""yellow"", ""red"", ""green""]",purple,blue,j,change,9.0,1.0
031,031_T1_20260518_154511,Control,T1,standard,hci_substudy_v2,1,telemetry_v4,change_detection,4,formal_cd,formal,1,18,66,formal,N1_same,1779090311,95.764,2026-05-18T16:15:18.081,0,0,0,6,1801431.284,1801456.361,,,,,s,,0,2983.84,,,,1805031.284,1805144.213,1808201.45,4000,3057.237,1808201.45,"[{""stage_name"": ""fixation"", ""planned_duration_ms"": 100, ""intended_onset_ms"": 1801431.284, ""actual_onset_global_ms"": 1801456.361, ""actual_offset_global_ms"": 1801551.495, ""actual_duration_ms"": 95.134}, {""stage_name"": ""memory_array"", ""planned_duration_ms"": 2500, ""intended_onset_ms"": 1801531.284, ""actual_onset_global_ms"": 1801597.767, ""actual_offset_global_ms"": 1804078.364, ""actual_duration_ms"": 2480.597}, {""stage_name"": ""delay"", ""planned_duration_ms"": 1000, ""intended_onset_ms"": 1804078.364, ""actual_onset_global_ms"": 1804094.823, ""actual_offset_global_ms"": 1805093.873, ""actual_duration_ms"": 999.05}, {""stage_name"": ""test_array"", ""planned_duration_ms"": 4000, ""intended_onset_ms"": 1805093.873, ""actual_onset_global_ms"": 1805144.213, ""actual_offset_global_ms"": 1808201.45, ""actual_duration_ms"": 3057.237}]",,,,,,,,,,,,,,,,,,,,,,,,,,,,,,,,,,,,,,,,,,,,,,,,,,0.0,,,,,,,,,,,,,1.0,same,0.0,"[58.82, 223.67]","[[58.82, 223.67]]","[""green""]","[""green""]",green,green,j,change,1.0,1.0
031,031_T1_20260518_154511,Control,T1,standard,hci_substudy_v2,1,telemetry_v4,change_detection,4,formal_cd,formal,1,19,67,formal,N2_change,1779090311,95.764,2026-05-18T16:15:24.861,0,0,0,6,1808210.555,1808246.232,,,,,j,,1,10668.46,,,,1811810.555,1811984.6,1822669.91,4000,10685.31,1822669.91,"[{""stage_name"": ""fixation"", ""planned_duration_ms"": 100, ""intended_onset_ms"": 1808210.555, ""actual_onset_global_ms"": 1808246.232, ""actual_offset_global_ms"": 1808350.487, ""actual_duration_ms"": 104.255}, {""stage_name"": ""memory_array"", ""planned_duration_ms"": 2500, ""intended_onset_ms"": 1808310.555, ""actual_onset_global_ms"": 1808421.559, ""actual_offset_global_ms"": 1810894.567, ""actual_duration_ms"": 2473.008}, {""stage_name"": ""delay"", ""planned_duration_ms"": 1000, ""intended_onset_ms"": 1810894.567, ""actual_onset_global_ms"": 1810909.31, ""actual_offset_global_ms"": 1811919.024, ""actual_duration_ms"": 1009.714}, {""stage_name"": ""test_array"", ""planned_duration_ms"": 4000, ""intended_onset_ms"": 1811919.024, ""actual_onset_global_ms"": 1811984.6, ""actual_offset_global_ms"": 1822669.91, ""actual_duration_ms"": 10685.31}]",,,,,,,,,,,,,,,,,,,,,,,,,,,,,,,,,,,,,,,,,,,,,,,,,,1.0,,,,,,,,,,,,,2.0,change,1.0,"[247.22, 114.94]","[[103.72, 4.34], [247.22, 114.94]]","[""green"", ""red""]","[""green"", ""purple""]",red,purple,j,change,2.0,1.0
031,031_T1_20260518_154511,Control,T1,standard,hci_substudy_v2,1,telemetry_v4,change_detection,4,formal_cd,formal,1,20,68,formal,N4_change,1779090311,95.764,2026-05-18T16:15:39.329,0,0,0,6,1822679.154,1822702.485,,,,,j,,1,4439.053,,,,1826279.154,1826472.066,1831026.2,4000,4554.134,1831026.2,"[{""stage_name"": ""fixation"", ""planned_duration_ms"": 100, ""intended_onset_ms"": 1822679.154, ""actual_onset_global_ms"": 1822702.485, ""actual_offset_global_ms"": 1822797.83, ""actual_duration_ms"": 95.345}, {""stage_name"": ""memory_array"", ""planned_duration_ms"": 2500, ""intended_onset_ms"": 1822779.154, ""actual_onset_global_ms"": 1822899.975, ""actual_offset_global_ms"": 1825343.779, ""actual_duration_ms"": 2443.804}, {""stage_name"": ""delay"", ""planned_duration_ms"": 1000, ""intended_onset_ms"": 1825343.779, ""actual_onset_global_ms"": 1825356.095, ""actual_offset_global_ms"": 1826355.834, ""actual_duration_ms"": 999.739}, {""stage_name"": ""test_array"", ""planned_duration_ms"": 4000, ""intended_onset_ms"": 1826355.834, ""actual_onset_global_ms"": 1826472.066, ""actual_offset_global_ms"": 1831026.2, ""actual_duration_ms"": 4554.134}]",,,,,,,,,,,,,,,,,,,,,,,,,,,,,,,,,,,,,,,,,,,,,,,,,,1.0,,,,,,,,,,,,,4.0,change,1.0,"[151.84, -174.38]","[[-254.81, -82.89], [151.84, -174.38], [147.4, 144.51], [-81.22, -149.16]]","[""yellow"", ""blue"", ""purple"", ""red""]","[""yellow"", ""green"", ""purple"", ""red""]",blue,green,j,change,4.0,1.0
031,031_T1_20260518_154511,Control,T1,standard,hci_substudy_v2,1,telemetry_v4,change_detection,4,formal_cd,formal,1,21,69,formal,N4_same,1779090311,95.764,2026-05-18T16:15:47.688,0,0,0,6,1831037.516,1831069.064,,,,,s,,0,3291.43,,,,1834637.516,1834876.603,1838283.164,4000,3406.561,1838283.164,"[{""stage_name"": ""fixation"", ""planned_duration_ms"": 100, ""intended_onset_ms"": 1831037.516, ""actual_onset_global_ms"": 1831069.064, ""actual_offset_global_ms"": 1831160.143, ""actual_duration_ms"": 91.079}, {""stage_name"": ""memory_array"", ""planned_duration_ms"": 2500, ""intended_onset_ms"": 1831137.516, ""actual_onset_global_ms"": 1831272.408, ""actual_offset_global_ms"": 1833758.107, ""actual_duration_ms"": 2485.699}, {""stage_name"": ""delay"", ""planned_duration_ms"": 1000, ""intended_onset_ms"": 1833758.107, ""actual_onset_global_ms"": 1833766.9, ""actual_offset_global_ms"": 1834763.01, ""actual_duration_ms"": 996.11}, {""stage_name"": ""test_array"", ""planned_duration_ms"": 4000, ""intended_onset_ms"": 1834763.01, ""actual_onset_global_ms"": 1834876.603, ""actual_offset_global_ms"": 1838283.164, ""actual_duration_ms"": 3406.561}]",,,,,,,,,,,,,,,,,,,,,,,,,,,,,,,,,,,,,,,,,,,,,,,,,,0.0,,,,,,,,,,,,,4.0,same,0.0,"[-221.51, 231.26]","[[-221.51, 231.26], [117.83, -5.41], [-168.16, -86.43], [25.17, 212.66]]","[""green"", ""red"", ""purple"", ""yellow""]","[""green"", ""red"", ""purple"", ""yellow""]",green,green,j,change,6.0,1.0
031,031_T1_20260518_154511,Control,T1,standard,hci_substudy_v2,1,telemetry_v4,change_detection,4,formal_cd,formal,1,22,70,formal,N1_change,1779090311,95.764,2026-05-18T16:15:54.941,0,0,0,6,1838292.473,1838315.763,,,,,j,,0,2560.932,,,,1841892.473,1841989.642,1844569.888,4000,2580.246,1844569.888,"[{""stage_name"": ""fixation"", ""planned_duration_ms"": 100, ""intended_onset_ms"": 1838292.473, ""actual_onset_global_ms"": 1838315.763, ""actual_offset_global_ms"": 1838409.964, ""actual_duration_ms"": 94.201}, {""stage_name"": ""memory_array"", ""planned_duration_ms"": 2500, ""intended_onset_ms"": 1838392.473, ""actual_onset_global_ms"": 1838460.527, ""actual_offset_global_ms"": 1840929.644, ""actual_duration_ms"": 2469.117}, {""stage_name"": ""delay"", ""planned_duration_ms"": 1000, ""intended_onset_ms"": 1840929.644, ""actual_onset_global_ms"": 1840944.065, ""actual_offset_global_ms"": 1841938.017, ""actual_duration_ms"": 993.952}, {""stage_name"": ""test_array"", ""planned_duration_ms"": 4000, ""intended_onset_ms"": 1841938.017, ""actual_onset_global_ms"": 1841989.642, ""actual_offset_global_ms"": 1844569.888, ""actual_duration_ms"": 2580.246}]",,,,,,,,,,,,,,,,,,,,,,,,,,,,,,,,,,,,,,,,,,,,,,,,,,0.0,,,,,,,,,,,,,1.0,change,0.0,"[81.14, -77.1]","[[81.14, -77.1]]","[""purple""]","[""red""]",purple,red,s,same,1.0,1.0
031,031_T1_20260518_154511,Control,T1,standard,hci_substudy_v2,1,telemetry_v4,change_detection,4,formal_cd,formal,1,23,71,formal,N2_change,1779090311,95.764,2026-05-18T16:16:01.228,0,0,0,6,1844578.724,1844613.744,,,,,j,,1,20432.841,,,,1848178.724,1848311.466,1868865.805,4000,20554.339,1868865.805,"[{""stage_name"": ""fixation"", ""planned_duration_ms"": 100, ""intended_onset_ms"": 1844578.724, ""actual_onset_global_ms"": 1844613.744, ""actual_offset_global_ms"": 1844701.034, ""actual_duration_ms"": 87.29}, {""stage_name"": ""memory_array"", ""planned_duration_ms"": 2500, ""intended_onset_ms"": 1844678.724, ""actual_onset_global_ms"": 1844777.8, ""actual_offset_global_ms"": 1847227.589, ""actual_duration_ms"": 2449.789}, {""stage_name"": ""delay"", ""planned_duration_ms"": 1000, ""intended_onset_ms"": 1847227.589, ""actual_onset_global_ms"": 1847240.476, ""actual_offset_global_ms"": 1848246.43, ""actual_duration_ms"": 1005.954}, {""stage_name"": ""test_array"", ""planned_duration_ms"": 4000, ""intended_onset_ms"": 1848246.43, ""actual_onset_global_ms"": 1848311.466, ""actual_offset_global_ms"": 1868865.805, ""actual_duration_ms"": 20554.339}]",,,,,,,,,,,,,,,,,,,,,,,,,,,,,,,,,,,,,,,,,,,,,,,,,,1.0,,,,,,,,,,,,,2.0,change,0.0,"[223.16, 252.44]","[[223.16, 252.44], [87.21, -172.6]]","[""green"", ""purple""]","[""yellow"", ""purple""]",green,yellow,j,change,3.0,1.0
031,031_T1_20260518_154511,Control,T1,standard,hci_substudy_v2,1,telemetry_v4,change_detection,4,formal_cd,formal,1,24,72,formal,N1_change,1779090311,95.764,2026-05-18T16:16:25.527,0,0,0,6,1868878.193,1868902.512,,,,,j,,1,3630.659,,,,1872478.193,1872625.426,1876282.14,4000,3656.714,1876282.14,"[{""stage_name"": ""fixation"", ""planned_duration_ms"": 100, ""intended_onset_ms"": 1868878.193, ""actual_onset_global_ms"": 1868902.512, ""actual_offset_global_ms"": 1869011.788, ""actual_duration_ms"": 109.276}, {""stage_name"": ""memory_array"", ""planned_duration_ms"": 2500, ""intended_onset_ms"": 1868978.193, ""actual_onset_global_ms"": 1869060.374, ""actual_offset_global_ms"": 1871569.269, ""actual_duration_ms"": 2508.895}, {""stage_name"": ""delay"", ""planned_duration_ms"": 1000, ""intended_onset_ms"": 1871569.269, ""actual_onset_global_ms"": 1871576.096, ""actual_offset_global_ms"": 1872576.94, ""actual_duration_ms"": 1000.844}, {""stage_name"": ""test_array"", ""planned_duration_ms"": 4000, ""intended_onset_ms"": 1872576.94, ""actual_onset_global_ms"": 1872625.426, ""actual_offset_global_ms"": 1876282.14, ""actual_duration_ms"": 3656.714}]",,,,,,,,,,,,,,,,,,,,,,,,,,,,,,,,,,,,,,,,,,,,,,,,,,1.0,,,,,,,,,,,,,1.0,change,0.0,"[237.86, 196.81]","[[237.86, 196.81]]","[""purple""]","[""red""]",purple,red,j,change,1.0,1.0
031,031_T1_20260518_154511,Control,T1,standard,hci_substudy_v2,1,telemetry_v4,change_detection,4,formal_cd,formal,1,25,73,formal,N3_same,1779090311,95.764,2026-05-18T16:16:32.944,0,0,0,6,1876295.151,1876336.884,,,,,s,,0,4249.827,,,,1879895.151,1880045.928,1884370.675,4000,4324.747,1884370.675,"[{""stage_name"": ""fixation"", ""planned_duration_ms"": 100, ""intended_onset_ms"": 1876295.151, ""actual_onset_global_ms"": 1876336.884, ""actual_offset_global_ms"": 1876430.832, ""actual_duration_ms"": 93.948}, {""stage_name"": ""memory_array"", ""planned_duration_ms"": 2500, ""intended_onset_ms"": 1876395.151, ""actual_onset_global_ms"": 1876524.385, ""actual_offset_global_ms"": 1878941.59, ""actual_duration_ms"": 2417.205}, {""stage_name"": ""delay"", ""planned_duration_ms"": 1000, ""intended_onset_ms"": 1878941.59, ""actual_onset_global_ms"": 1878951.188, ""actual_offset_global_ms"": 1879960.76, ""actual_duration_ms"": 1009.572}, {""stage_name"": ""test_array"", ""planned_duration_ms"": 4000, ""intended_onset_ms"": 1879960.76, ""actual_onset_global_ms"": 1880045.928, ""actual_offset_global_ms"": 1884370.675, ""actual_duration_ms"": 4324.747}]",,,,,,,,,,,,,,,,,,,,,,,,,,,,,,,,,,,,,,,,,,,,,,,,,,0.0,,,,,,,,,,,,,3.0,same,1.0,"[-202.18, 246.05]","[[-175.11, -6.34], [-202.18, 246.05], [156.32, 60.79]]","[""purple"", ""red"", ""yellow""]","[""purple"", ""red"", ""yellow""]",red,red,j,change,3.0,1.0
031,031_T1_20260518_154511,Control,T1,standard,hci_substudy_v2,1,telemetry_v4,change_detection,4,formal_cd,formal,1,26,74,formal,N1_same,1779090311,95.764,2026-05-18T16:16:41.080,0,0,0,6,1884429.963,1884465.758,,,,,s,,1,5750.311,,,,1888029.963,1888149.819,1893956.996,4000,5807.177,1893956.996,"[{""stage_name"": ""fixation"", ""planned_duration_ms"": 100, ""intended_onset_ms"": 1884429.963, ""actual_onset_global_ms"": 1884465.758, ""actual_offset_global_ms"": 1884566.118, ""actual_duration_ms"": 100.36}, {""stage_name"": ""memory_array"", ""planned_duration_ms"": 2500, ""intended_onset_ms"": 1884529.963, ""actual_onset_global_ms"": 1884610.103, ""actual_offset_global_ms"": 1887096.355, ""actual_duration_ms"": 2486.252}, {""stage_name"": ""delay"", ""planned_duration_ms"": 1000, ""intended_onset_ms"": 1887096.355, ""actual_onset_global_ms"": 1887109.151, ""actual_offset_global_ms"": 1888109.293, ""actual_duration_ms"": 1000.142}, {""stage_name"": ""test_array"", ""planned_duration_ms"": 4000, ""intended_onset_ms"": 1888109.293, ""actual_onset_global_ms"": 1888149.819, ""actual_offset_global_ms"": 1893956.996, ""actual_duration_ms"": 5807.177}]",,,,,,,,,,,,,,,,,,,,,,,,,,,,,,,,,,,,,,,,,,,,,,,,,,1.0,,,,,,,,,,,,,1.0,same,0.0,"[142.39, 14.54]","[[142.39, 14.54]]","[""blue""]","[""blue""]",blue,blue,s,same,1.0,1.0
031,031_T1_20260518_154511,Control,T1,standard,hci_substudy_v2,1,telemetry_v4,change_detection,4,formal_cd,formal,1,27,75,formal,N1_same,1779090311,95.764,2026-05-18T16:16:50.621,0,0,0,6,1893970.965,1894009.34,,,,,s,,0,1996.962,,,,1897570.965,1897704.362,1899724.445,4000,2020.083,1899724.445,"[{""stage_name"": ""fixation"", ""planned_duration_ms"": 100, ""intended_onset_ms"": 1893970.965, ""actual_onset_global_ms"": 1894009.34, ""actual_offset_global_ms"": 1894105.504, ""actual_duration_ms"": 96.164}, {""stage_name"": ""memory_array"", ""planned_duration_ms"": 2500, ""intended_onset_ms"": 1894070.965, ""actual_onset_global_ms"": 1894152.398, ""actual_offset_global_ms"": 1896661.458, ""actual_duration_ms"": 2509.06}, {""stage_name"": ""delay"", ""planned_duration_ms"": 1000, ""intended_onset_ms"": 1896661.458, ""actual_onset_global_ms"": 1896670.126, ""actual_offset_global_ms"": 1897664.41, ""actual_duration_ms"": 994.284}, {""stage_name"": ""test_array"", ""planned_duration_ms"": 4000, ""intended_onset_ms"": 1897664.41, ""actual_onset_global_ms"": 1897704.362, ""actual_offset_global_ms"": 1899724.445, ""actual_duration_ms"": 2020.083}]",,,,,,,,,,,,,,,,,,,,,,,,,,,,,,,,,,,,,,,,,,,,,,,,,,0.0,,,,,,,,,,,,,1.0,same,0.0,"[220.43, -37.46]","[[220.43, -37.46]]","[""purple""]","[""purple""]",purple,purple,j,change,1.0,1.0
031,031_T1_20260518_154511,Control,T1,standard,hci_substudy_v2,1,telemetry_v4,change_detection,4,formal_cd,formal,1,28,76,formal,N3_change,1779090311,95.764,2026-05-18T16:16:56.388,0,0,0,6,1899738.3,1899780.743,,,,,j,,1,9327.515,,,,1903338.3,1903502.906,1912935.021,4000,9432.115,1912935.021,"[{""stage_name"": ""fixation"", ""planned_duration_ms"": 100, ""intended_onset_ms"": 1899738.3, ""actual_onset_global_ms"": 1899780.743, ""actual_offset_global_ms"": 1899867.844, ""actual_duration_ms"": 87.101}, {""stage_name"": ""memory_array"", ""planned_duration_ms"": 2500, ""intended_onset_ms"": 1899838.3, ""actual_onset_global_ms"": 1899961.654, ""actual_offset_global_ms"": 1902402.748, ""actual_duration_ms"": 2441.094}, {""stage_name"": ""delay"", ""planned_duration_ms"": 1000, ""intended_onset_ms"": 1902402.748, ""actual_onset_global_ms"": 1902417.835, ""actual_offset_global_ms"": 1903420.918, ""actual_duration_ms"": 1003.083}, {""stage_name"": ""test_array"", ""planned_duration_ms"": 4000, ""intended_onset_ms"": 1903420.918, ""actual_onset_global_ms"": 1903502.906, ""actual_offset_global_ms"": 1912935.021, ""actual_duration_ms"": 9432.115}]",,,,,,,,,,,,,,,,,,,,,,,,,,,,,,,,,,,,,,,,,,,,,,,,,,1.0,,,,,,,,,,,,,3.0,change,1.0,"[22.13, -206.76]","[[-22.73, 218.77], [22.13, -206.76], [91.89, 147.65]]","[""yellow"", ""red"", ""blue""]","[""yellow"", ""purple"", ""blue""]",red,purple,j,change,3.0,1.0
031,031_T1_20260518_154511,Control,T1,standard,hci_substudy_v2,1,telemetry_v4,change_detection,4,formal_cd,formal,1,29,77,formal,N3_same,1779090311,95.764,2026-05-18T16:17:09.598,0,0,0,6,1912948.661,1912980.133,,,,,s,,0,18242.922,,,,1916548.661,1916723.72,1935045.37,4000,18321.65,1935045.37,"[{""stage_name"": ""fixation"", ""planned_duration_ms"": 100, ""intended_onset_ms"": 1912948.661, ""actual_onset_global_ms"": 1912980.133, ""actual_offset_global_ms"": 1913079.7, ""actual_duration_ms"": 99.567}, {""stage_name"": ""memory_array"", ""planned_duration_ms"": 2500, ""intended_onset_ms"": 1913048.661, ""actual_onset_global_ms"": 1913173.701, ""actual_offset_global_ms"": 1915614.671, ""actual_duration_ms"": 2440.97}, {""stage_name"": ""delay"", ""planned_duration_ms"": 1000, ""intended_onset_ms"": 1915614.671, ""actual_onset_global_ms"": 1915629.467, ""actual_offset_global_ms"": 1916638.609, ""actual_duration_ms"": 1009.142}, {""stage_name"": ""test_array"", ""planned_duration_ms"": 4000, ""intended_onset_ms"": 1916638.609, ""actual_onset_global_ms"": 1916723.72, ""actual_offset_global_ms"": 1935045.37, ""actual_duration_ms"": 18321.65}]",,,,,,,,,,,,,,,,,,,,,,,,,,,,,,,,,,,,,,,,,,,,,,,,,,0.0,,,,,,,,,,,,,3.0,same,0.0,"[159.61, 115.78]","[[159.61, 115.78], [-19.65, -136.44], [14.85, 113.92]]","[""yellow"", ""green"", ""red""]","[""yellow"", ""green"", ""red""]",yellow,yellow,j,change,3.0,1.0
031,031_T1_20260518_154511,Control,T1,standard,hci_substudy_v2,1,telemetry_v4,change_detection,4,formal_cd,formal,1,30,78,formal,N3_change,1779090311,95.764,2026-05-18T16:17:31.704,0,0,0,6,1935054.802,1935096.347,,,,,j,,0,12302.911,,,,1938654.802,1938859.781,1951338.556,4000,12478.775,1951338.556,"[{""stage_name"": ""fixation"", ""planned_duration_ms"": 100, ""intended_onset_ms"": 1935054.802, ""actual_onset_global_ms"": 1935096.347, ""actual_offset_global_ms"": 1935189.089, ""actual_duration_ms"": 92.742}, {""stage_name"": ""memory_array"", ""planned_duration_ms"": 2500, ""intended_onset_ms"": 1935154.802, ""actual_onset_global_ms"": 1935277.885, ""actual_offset_global_ms"": 1937758.243, ""actual_duration_ms"": 2480.358}, {""stage_name"": ""delay"", ""planned_duration_ms"": 1000, ""intended_onset_ms"": 1937758.243, ""actual_onset_global_ms"": 1937768.738, ""actual_offset_global_ms"": 1938779.199, ""actual_duration_ms"": 1010.461}, {""stage_name"": ""test_array"", ""planned_duration_ms"": 4000, ""intended_onset_ms"": 1938779.199, ""actual_onset_global_ms"": 1938859.781, ""actual_offset_global_ms"": 1951338.556, ""actual_duration_ms"": 12478.775}]",,,,,,,,,,,,,,,,,,,,,,,,,,,,,,,,,,,,,,,,,,,,,,,,,,0.0,,,,,,,,,,,,,3.0,change,1.0,"[95.21, 246.81]","[[-154.44, 13.93], [95.21, 246.81], [193.5, -46.09]]","[""green"", ""yellow"", ""red""]","[""green"", ""purple"", ""red""]",yellow,purple,s,same,3.0,1.0
031,031_T1_20260518_154511,Control,T1,standard,hci_substudy_v2,1,telemetry_v4,change_detection,4,formal_cd,formal,1,31,79,formal,N4_same,1779090311,95.764,2026-05-18T16:17:48.000,0,0,0,6,1951349.873,1951382.092,,,,,s,,0,487.021,,,,1954949.873,1955132.319,1955657.266,4000,524.947,1955657.266,"[{""stage_name"": ""fixation"", ""planned_duration_ms"": 100, ""intended_onset_ms"": 1951349.873, ""actual_onset_global_ms"": 1951382.092, ""actual_offset_global_ms"": 1951481.783, ""actual_duration_ms"": 99.691}, {""stage_name"": ""memory_array"", ""planned_duration_ms"": 2500, ""intended_onset_ms"": 1951449.873, ""actual_onset_global_ms"": 1951587.334, ""actual_offset_global_ms"": 1954024.854, ""actual_duration_ms"": 2437.52}, {""stage_name"": ""delay"", ""planned_duration_ms"": 1000, ""intended_onset_ms"": 1954024.854, ""actual_onset_global_ms"": 1954032.579, ""actual_offset_global_ms"": 1955033.914, ""actual_duration_ms"": 1001.335}, {""stage_name"": ""test_array"", ""planned_duration_ms"": 4000, ""intended_onset_ms"": 1955033.914, ""actual_onset_global_ms"": 1955132.319, ""actual_offset_global_ms"": 1955657.266, ""actual_duration_ms"": 524.947}]",,,,,,,,,,,,,,,,,,,,,,,,,,,,,,,,,,,,,,,,,,,,,,,,,,0.0,,,,,,,,,,,,,4.0,same,1.0,"[-81.85, -46.39]","[[-97.01, -155.0], [-81.85, -46.39], [-13.1, 106.51], [71.23, -158.04]]","[""red"", ""purple"", ""blue"", ""yellow""]","[""red"", ""purple"", ""blue"", ""yellow""]",purple,purple,j,change,6.0,1.0
031,031_T1_20260518_154511,Control,T1,standard,hci_substudy_v2,1,telemetry_v4,change_detection,4,formal_cd,formal,1,32,80,formal,N2_same,1779090311,95.764,2026-05-18T16:17:52.318,0,0,0,6,1955668.174,1955695.921,,,,,s,,1,4988.12,,,,1959268.174,1959429.929,1964497.89,4000,5067.961,1964497.89,"[{""stage_name"": ""fixation"", ""planned_duration_ms"": 100, ""intended_onset_ms"": 1955668.174, ""actual_onset_global_ms"": 1955695.921, ""actual_offset_global_ms"": 1955790.05, ""actual_duration_ms"": 94.129}, {""stage_name"": ""memory_array"", ""planned_duration_ms"": 2500, ""intended_onset_ms"": 1955768.174, ""actual_onset_global_ms"": 1955855.708, ""actual_offset_global_ms"": 1958350.683, ""actual_duration_ms"": 2494.975}, {""stage_name"": ""delay"", ""planned_duration_ms"": 1000, ""intended_onset_ms"": 1958350.683, ""actual_onset_global_ms"": 1958357.458, ""actual_offset_global_ms"": 1959351.488, ""actual_duration_ms"": 994.03}, {""stage_name"": ""test_array"", ""planned_duration_ms"": 4000, ""intended_onset_ms"": 1959351.488, ""actual_onset_global_ms"": 1959429.929, ""actual_offset_global_ms"": 1964497.89, ""actual_duration_ms"": 5067.961}]",,,,,,,,,,,,,,,,,,,,,,,,,,,,,,,,,,,,,,,,,,,,,,,,,,1.0,,,,,,,,,,,,,2.0,same,0.0,"[-155.54, 227.37]","[[-155.54, 227.37], [-76.97, 130.37]]","[""green"", ""yellow""]","[""green"", ""yellow""]",green,green,s,same,2.0,1.0
031,031_T1_20260518_154511,Control,T1,standard,hci_substudy_v2,1,telemetry_v4,change_detection,4,formal_cd,formal,1,33,81,formal,N2_same,1779090311,95.764,2026-05-18T16:18:01.159,0,0,0,6,1964509.888,1964537.468,,,,,s,,1,18939.827,,,,1968109.888,1968281.836,1987296.878,4000,19015.042,1987296.878,"[{""stage_name"": ""fixation"", ""planned_duration_ms"": 100, ""intended_onset_ms"": 1964509.888, ""actual_onset_global_ms"": 1964537.468, ""actual_offset_global_ms"": 1964635.612, ""actual_duration_ms"": 98.144}, {""stage_name"": ""memory_array"", ""planned_duration_ms"": 2500, ""intended_onset_ms"": 1964609.888, ""actual_onset_global_ms"": 1964704.772, ""actual_offset_global_ms"": 1967191.227, ""actual_duration_ms"": 2486.455}, {""stage_name"": ""delay"", ""planned_duration_ms"": 1000, ""intended_onset_ms"": 1967191.227, ""actual_onset_global_ms"": 1967200.173, ""actual_offset_global_ms"": 1968210.147, ""actual_duration_ms"": 1009.974}, {""stage_name"": ""test_array"", ""planned_duration_ms"": 4000, ""intended_onset_ms"": 1968210.147, ""actual_onset_global_ms"": 1968281.836, ""actual_offset_global_ms"": 1987296.878, ""actual_duration_ms"": 19015.042}]",,,,,,,,,,,,,,,,,,,,,,,,,,,,,,,,,,,,,,,,,,,,,,,,,,1.0,,,,,,,,,,,,,2.0,same,0.0,"[-162.95, 253.63]","[[-162.95, 253.63], [-92.1, -40.99]]","[""blue"", ""red""]","[""blue"", ""red""]",blue,blue,s,same,2.0,1.0
031,031_T1_20260518_154511,Control,T1,standard,hci_substudy_v2,1,telemetry_v4,change_detection,4,formal_cd,formal,1,34,82,formal,N1_change,1779090311,95.764,2026-05-18T16:18:23.958,0,0,0,6,1987307.473,1987331.242,,,,,j,,0,2331.616,,,,1990907.473,1990993.742,1993355.597,4000,2361.855,1993355.597,"[{""stage_name"": ""fixation"", ""planned_duration_ms"": 100, ""intended_onset_ms"": 1987307.473, ""actual_onset_global_ms"": 1987331.242, ""actual_offset_global_ms"": 1987425.414, ""actual_duration_ms"": 94.172}, {""stage_name"": ""memory_array"", ""planned_duration_ms"": 2500, ""intended_onset_ms"": 1987407.473, ""actual_onset_global_ms"": 1987475.216, ""actual_offset_global_ms"": 1989931.413, ""actual_duration_ms"": 2456.197}, {""stage_name"": ""delay"", ""planned_duration_ms"": 1000, ""intended_onset_ms"": 1989931.413, ""actual_onset_global_ms"": 1989946.641, ""actual_offset_global_ms"": 1990944.531, ""actual_duration_ms"": 997.89}, {""stage_name"": ""test_array"", ""planned_duration_ms"": 4000, ""intended_onset_ms"": 1990944.531, ""actual_onset_global_ms"": 1990993.742, ""actual_offset_global_ms"": 1993355.597, ""actual_duration_ms"": 2361.855}]",,,,,,,,,,,,,,,,,,,,,,,,,,,,,,,,,,,,,,,,,,,,,,,,,,0.0,,,,,,,,,,,,,1.0,change,0.0,"[109.3, 117.08]","[[109.3, 117.08]]","[""blue""]","[""green""]",blue,green,s,same,2.0,1.0
031,031_T1_20260518_154511,Control,T1,standard,hci_substudy_v2,1,telemetry_v4,change_detection,4,formal_cd,formal,1,35,83,formal,N4_change,1779090311,95.764,2026-05-18T16:18:30.019,0,0,0,6,1993369.084,1993396.245,,,,,j,,1,3242.46,,,,1996969.084,1997210.132,2000515.384,4000,3305.252,2000515.384,"[{""stage_name"": ""fixation"", ""planned_duration_ms"": 100, ""intended_onset_ms"": 1993369.084, ""actual_onset_global_ms"": 1993396.245, ""actual_offset_global_ms"": 1993480.078, ""actual_duration_ms"": 83.833}, {""stage_name"": ""memory_array"", ""planned_duration_ms"": 2500, ""intended_onset_ms"": 1993469.084, ""actual_onset_global_ms"": 1993577.22, ""actual_offset_global_ms"": 1996082.132, ""actual_duration_ms"": 2504.912}, {""stage_name"": ""delay"", ""planned_duration_ms"": 1000, ""intended_onset_ms"": 1996082.132, ""actual_onset_global_ms"": 1996084.942, ""actual_offset_global_ms"": 1997087.105, ""actual_duration_ms"": 1002.163}, {""stage_name"": ""test_array"", ""planned_duration_ms"": 4000, ""intended_onset_ms"": 1997087.105, ""actual_onset_global_ms"": 1997210.132, ""actual_offset_global_ms"": 2000515.384, ""actual_duration_ms"": 3305.252}]",,,,,,,,,,,,,,,,,,,,,,,,,,,,,,,,,,,,,,,,,,,,,,,,,,1.0,,,,,,,,,,,,,4.0,change,2.0,"[119.93, 51.88]","[[238.45, -112.6], [-209.5, 166.58], [119.93, 51.88], [56.67, -208.0]]","[""yellow"", ""green"", ""purple"", ""blue""]","[""yellow"", ""green"", ""red"", ""blue""]",purple,red,j,change,4.0,1.0
031,031_T1_20260518_154511,Control,T1,standard,hci_substudy_v2,1,telemetry_v4,change_detection,4,formal_cd,formal,1,36,84,formal,N4_same,1779090311,95.764,2026-05-18T16:18:37.176,0,0,0,6,2000525.643,2000564.853,,,,,s,,1,4012.588,,,,2004125.643,2004293.182,2008373.023,4000,4079.841,2008373.023,"[{""stage_name"": ""fixation"", ""planned_duration_ms"": 100, ""intended_onset_ms"": 2000525.643, ""actual_onset_global_ms"": 2000564.853, ""actual_offset_global_ms"": 2000658.51, ""actual_duration_ms"": 93.657}, {""stage_name"": ""memory_array"", ""planned_duration_ms"": 2500, ""intended_onset_ms"": 2000625.643, ""actual_onset_global_ms"": 2000774.152, ""actual_offset_global_ms"": 2003166.304, ""actual_duration_ms"": 2392.152}, {""stage_name"": ""delay"", ""planned_duration_ms"": 1000, ""intended_onset_ms"": 2003166.304, ""actual_onset_global_ms"": 2003174.345, ""actual_offset_global_ms"": 2004176.654, ""actual_duration_ms"": 1002.309}, {""stage_name"": ""test_array"", ""planned_duration_ms"": 4000, ""intended_onset_ms"": 2004176.654, ""actual_onset_global_ms"": 2004293.182, ""actual_offset_global_ms"": 2008373.023, ""actual_duration_ms"": 4079.841}]",,,,,,,,,,,,,,,,,,,,,,,,,,,,,,,,,,,,,,,,,,,,,,,,,,1.0,,,,,,,,,,,,,4.0,same,1.0,"[227.05, -126.18]","[[-92.63, -133.24], [227.05, -126.18], [170.63, 173.64], [60.76, -113.04]]","[""yellow"", ""red"", ""purple"", ""green""]","[""yellow"", ""red"", ""purple"", ""green""]",red,red,s,same,6.0,1.0
031,031_T1_20260518_154511,Control,T1,standard,hci_substudy_v2,1,telemetry_v4,change_detection,4,formal_cd,formal,1,37,85,formal,N1_same,1779090311,95.764,2026-05-18T16:18:45.034,0,0,0,6,2008384.008,2008412.063,,,,,s,,1,2400.842,,,,2011984.008,2012079.533,2014548.712,4000,2469.179,2014548.712,"[{""stage_name"": ""fixation"", ""planned_duration_ms"": 100, ""intended_onset_ms"": 2008384.008, ""actual_onset_global_ms"": 2008412.063, ""actual_offset_global_ms"": 2008509.047, ""actual_duration_ms"": 96.984}, {""stage_name"": ""memory_array"", ""planned_duration_ms"": 2500, ""intended_onset_ms"": 2008484.008, ""actual_onset_global_ms"": 2008552.363, ""actual_offset_global_ms"": 2011015.256, ""actual_duration_ms"": 2462.893}, {""stage_name"": ""delay"", ""planned_duration_ms"": 1000, ""intended_onset_ms"": 2011015.256, ""actual_onset_global_ms"": 2011029.975, ""actual_offset_global_ms"": 2012040.246, ""actual_duration_ms"": 1010.271}, {""stage_name"": ""test_array"", ""planned_duration_ms"": 4000, ""intended_onset_ms"": 2012040.246, ""actual_onset_global_ms"": 2012079.533, ""actual_offset_global_ms"": 2014548.712, ""actual_duration_ms"": 2469.179}]",,,,,,,,,,,,,,,,,,,,,,,,,,,,,,,,,,,,,,,,,,,,,,,,,,1.0,,,,,,,,,,,,,1.0,same,0.0,"[87.06, 200.14]","[[87.06, 200.14]]","[""purple""]","[""purple""]",purple,purple,s,same,1.0,1.0
031,031_T1_20260518_154511,Control,T1,standard,hci_substudy_v2,1,telemetry_v4,change_detection,4,formal_cd,formal,1,38,86,formal,N2_same,1779090311,95.764,2026-05-18T16:18:51.209,0,0,0,6,2014560.153,2014597.51,,,,,s,,0,5152.129,,,,2018160.153,2018329.586,2023504.387,4000,5174.801,2023504.387,"[{""stage_name"": ""fixation"", ""planned_duration_ms"": 100, ""intended_onset_ms"": 2014560.153, ""actual_onset_global_ms"": 2014597.51, ""actual_offset_global_ms"": 2014690.152, ""actual_duration_ms"": 92.642}, {""stage_name"": ""memory_array"", ""planned_duration_ms"": 2500, ""intended_onset_ms"": 2014660.153, ""actual_onset_global_ms"": 2014773.052, ""actual_offset_global_ms"": 2017250.79, ""actual_duration_ms"": 2477.738}, {""stage_name"": ""delay"", ""planned_duration_ms"": 1000, ""intended_onset_ms"": 2017250.79, ""actual_onset_global_ms"": 2017263.022, ""actual_offset_global_ms"": 2018257.581, ""actual_duration_ms"": 994.559}, {""stage_name"": ""test_array"", ""planned_duration_ms"": 4000, ""intended_onset_ms"": 2018257.581, ""actual_onset_global_ms"": 2018329.586, ""actual_offset_global_ms"": 2023504.387, ""actual_duration_ms"": 5174.801}]",,,,,,,,,,,,,,,,,,,,,,,,,,,,,,,,,,,,,,,,,,,,,,,,,,0.0,,,,,,,,,,,,,2.0,same,1.0,"[110.0, 63.72]","[[139.73, 245.99], [110.0, 63.72]]","[""green"", ""purple""]","[""green"", ""purple""]",purple,purple,j,change,2.0,1.0
031,031_T1_20260518_154511,Control,T1,standard,hci_substudy_v2,1,telemetry_v4,change_detection,4,formal_cd,formal,1,39,87,formal,N3_change,1779090311,95.764,2026-05-18T16:19:00.166,0,0,0,6,2023517.105,2023567.831,,,,,j,,1,3077.707,,,,2027117.105,2027325.682,2030586.867,4000,3261.185,2030586.867,"[{""stage_name"": ""fixation"", ""planned_duration_ms"": 100, ""intended_onset_ms"": 2023517.105, ""actual_onset_global_ms"": 2023567.831, ""actual_offset_global_ms"": 2023630.153, ""actual_duration_ms"": 62.322}, {""stage_name"": ""memory_array"", ""planned_duration_ms"": 2500, ""intended_onset_ms"": 2023617.105, ""actual_onset_global_ms"": 2023727.596, ""actual_offset_global_ms"": 2026225.481, ""actual_duration_ms"": 2497.885}, {""stage_name"": ""delay"", ""planned_duration_ms"": 1000, ""intended_onset_ms"": 2026225.481, ""actual_onset_global_ms"": 2026239.52, ""actual_offset_global_ms"": 2027227.772, ""actual_duration_ms"": 988.252}, {""stage_name"": ""test_array"", ""planned_duration_ms"": 4000, ""intended_onset_ms"": 2027227.772, ""actual_onset_global_ms"": 2027325.682, ""actual_offset_global_ms"": 2030586.867, ""actual_duration_ms"": 3261.185}]",,,,,,,,,,,,,,,,,,,,,,,,,,,,,,,,,,,,,,,,,,,,,,,,,,1.0,,,,,,,,,,,,,3.0,change,2.0,"[214.59, -15.41]","[[-36.22, -218.9], [58.42, 148.73], [214.59, -15.41]]","[""purple"", ""green"", ""yellow""]","[""purple"", ""green"", ""red""]",yellow,red,j,change,4.0,1.0
031,031_T1_20260518_154511,Control,T1,standard,hci_substudy_v2,1,telemetry_v4,change_detection,4,formal_cd,formal,1,40,88,formal,N1_same,1779090311,95.764,2026-05-18T16:19:07.248,0,0,0,6,2030597.899,2030638.603,,,,,s,,0,3455.905,,,,2034197.899,2034343.425,2037829.027,4000,3485.602,2037829.027,"[{""stage_name"": ""fixation"", ""planned_duration_ms"": 100, ""intended_onset_ms"": 2030597.899, ""actual_onset_global_ms"": 2030638.603, ""actual_offset_global_ms"": 2030733.009, ""actual_duration_ms"": 94.406}, {""stage_name"": ""memory_array"", ""planned_duration_ms"": 2500, ""intended_onset_ms"": 2030697.899, ""actual_onset_global_ms"": 2030778.474, ""actual_offset_global_ms"": 2033289.186, ""actual_duration_ms"": 2510.712}, {""stage_name"": ""delay"", ""planned_duration_ms"": 1000, ""intended_onset_ms"": 2033289.186, ""actual_onset_global_ms"": 2033298.667, ""actual_offset_global_ms"": 2034292.477, ""actual_duration_ms"": 993.81}, {""stage_name"": ""test_array"", ""planned_duration_ms"": 4000, ""intended_onset_ms"": 2034292.477, ""actual_onset_global_ms"": 2034343.425, ""actual_offset_global_ms"": 2037829.027, ""actual_duration_ms"": 3485.602}]",,,,,,,,,,,,,,,,,,,,,,,,,,,,,,,,,,,,,,,,,,,,,,,,,,0.0,,,,,,,,,,,,,1.0,same,0.0,"[-186.19, -253.98]","[[-186.19, -253.98]]","[""yellow""]","[""yellow""]",yellow,yellow,j,change,1.0,1.0
031,031_T1_20260518_154511,Control,T1,standard,hci_substudy_v2,1,telemetry_v4,change_detection,4,formal_cd,formal,1,41,89,formal,N3_change,1779090311,95.764,2026-05-18T16:19:14.492,0,0,0,6,2037842.144,2037888.755,,,,,j,,0,3282.746,,,,2041442.144,2041604.522,2044918.929,4000,3314.407,2044918.929,"[{""stage_name"": ""fixation"", ""planned_duration_ms"": 100, ""intended_onset_ms"": 2037842.144, ""actual_onset_global_ms"": 2037888.755, ""actual_offset_global_ms"": 2037956.091, ""actual_duration_ms"": 67.336}, {""stage_name"": ""memory_array"", ""planned_duration_ms"": 2500, ""intended_onset_ms"": 2037942.144, ""actual_onset_global_ms"": 2038057.131, ""actual_offset_global_ms"": 2040498.689, ""actual_duration_ms"": 2441.558}, {""stage_name"": ""delay"", ""planned_duration_ms"": 1000, ""intended_onset_ms"": 2040498.689, ""actual_onset_global_ms"": 2040506.921, ""actual_offset_global_ms"": 2041504.964, ""actual_duration_ms"": 998.043}, {""stage_name"": ""test_array"", ""planned_duration_ms"": 4000, ""intended_onset_ms"": 2041504.964, ""actual_onset_global_ms"": 2041604.522, ""actual_offset_global_ms"": 2044918.929, ""actual_duration_ms"": 3314.407}]",,,,,,,,,,,,,,,,,,,,,,,,,,,,,,,,,,,,,,,,,,,,,,,,,,0.0,,,,,,,,,,,,,3.0,change,0.0,"[132.94, -134.53]","[[132.94, -134.53], [-234.59, -146.54], [-237.99, 238.05]]","[""purple"", ""yellow"", ""green""]","[""red"", ""yellow"", ""green""]",purple,red,s,same,4.0,1.0
031,031_T1_20260518_154511,Control,T1,standard,hci_substudy_v2,1,telemetry_v4,change_detection,4,formal_cd,formal,1,42,90,formal,N2_same,1779090311,95.764,2026-05-18T16:19:21.584,0,0,0,6,2044934.105,2044974.779,,,,,s,,0,17768.008,,,,2048534.105,2048736.228,2066589.792,4000,17853.564,2066589.792,"[{""stage_name"": ""fixation"", ""planned_duration_ms"": 100, ""intended_onset_ms"": 2044934.105, ""actual_onset_global_ms"": 2044974.779, ""actual_offset_global_ms"": 2045061.612, ""actual_duration_ms"": 86.833}, {""stage_name"": ""memory_array"", ""planned_duration_ms"": 2500, ""intended_onset_ms"": 2045034.105, ""actual_onset_global_ms"": 2045132.402, ""actual_offset_global_ms"": 2047640.431, ""actual_duration_ms"": 2508.029}, {""stage_name"": ""delay"", ""planned_duration_ms"": 1000, ""intended_onset_ms"": 2047640.431, ""actual_onset_global_ms"": 2047650.103, ""actual_offset_global_ms"": 2048660.014, ""actual_duration_ms"": 1009.911}, {""stage_name"": ""test_array"", ""planned_duration_ms"": 4000, ""intended_onset_ms"": 2048660.014, ""actual_onset_global_ms"": 2048736.228, ""actual_offset_global_ms"": 2066589.792, ""actual_duration_ms"": 17853.564}]",,,,,,,,,,,,,,,,,,,,,,,,,,,,,,,,,,,,,,,,,,,,,,,,,,0.0,,,,,,,,,,,,,2.0,same,0.0,"[197.81, -211.88]","[[197.81, -211.88], [-239.61, -148.96]]","[""green"", ""blue""]","[""green"", ""blue""]",green,green,j,change,3.0,1.0
031,031_T1_20260518_154511,Control,T1,standard,hci_substudy_v2,1,telemetry_v4,change_detection,4,formal_cd,formal,1,43,91,formal,N2_change,1779090311,95.764,2026-05-18T16:19:43.249,0,0,0,6,2066599.873,2066625.482,,,,,j,,0,3635.201,,,,2070199.873,2070329.424,2074050.271,4000,3720.847,2074050.271,"[{""stage_name"": ""fixation"", ""planned_duration_ms"": 100, ""intended_onset_ms"": 2066599.873, ""actual_onset_global_ms"": 2066625.482, ""actual_offset_global_ms"": 2066715.974, ""actual_duration_ms"": 90.492}, {""stage_name"": ""memory_array"", ""planned_duration_ms"": 2500, ""intended_onset_ms"": 2066699.873, ""actual_onset_global_ms"": 2066786.969, ""actual_offset_global_ms"": 2069251.112, ""actual_duration_ms"": 2464.143}, {""stage_name"": ""delay"", ""planned_duration_ms"": 1000, ""intended_onset_ms"": 2069251.112, ""actual_onset_global_ms"": 2069267.821, ""actual_offset_global_ms"": 2070268.253, ""actual_duration_ms"": 1000.432}, {""stage_name"": ""test_array"", ""planned_duration_ms"": 4000, ""intended_onset_ms"": 2070268.253, ""actual_onset_global_ms"": 2070329.424, ""actual_offset_global_ms"": 2074050.271, ""actual_duration_ms"": 3720.847}]",,,,,,,,,,,,,,,,,,,,,,,,,,,,,,,,,,,,,,,,,,,,,,,,,,0.0,,,,,,,,,,,,,2.0,change,0.0,"[-55.11, -231.42]","[[-55.11, -231.42], [-134.65, -1.36]]","[""yellow"", ""blue""]","[""red"", ""blue""]",yellow,red,s,same,2.0,1.0
031,031_T1_20260518_154511,Control,T1,standard,hci_substudy_v2,1,telemetry_v4,change_detection,4,formal_cd,formal,1,44,92,formal,N4_change,1779090311,95.764,2026-05-18T16:19:50.711,0,0,0,6,2074061.307,2074088.149,,,,,j,,0,4533.301,,,,2077661.307,2077920.788,2082561.304,4000,4640.516,2082561.304,"[{""stage_name"": ""fixation"", ""planned_duration_ms"": 100, ""intended_onset_ms"": 2074061.307, ""actual_onset_global_ms"": 2074088.149, ""actual_offset_global_ms"": 2074185.224, ""actual_duration_ms"": 97.075}, {""stage_name"": ""memory_array"", ""planned_duration_ms"": 2500, ""intended_onset_ms"": 2074161.307, ""actual_onset_global_ms"": 2074296.369, ""actual_offset_global_ms"": 2076790.8, ""actual_duration_ms"": 2494.431}, {""stage_name"": ""delay"", ""planned_duration_ms"": 1000, ""intended_onset_ms"": 2076790.8, ""actual_onset_global_ms"": 2076797.341, ""actual_offset_global_ms"": 2077799.113, ""actual_duration_ms"": 1001.772}, {""stage_name"": ""test_array"", ""planned_duration_ms"": 4000, ""intended_onset_ms"": 2077799.113, ""actual_onset_global_ms"": 2077920.788, ""actual_offset_global_ms"": 2082561.304, ""actual_duration_ms"": 4640.516}]",,,,,,,,,,,,,,,,,,,,,,,,,,,,,,,,,,,,,,,,,,,,,,,,,,0.0,,,,,,,,,,,,,4.0,change,2.0,"[57.91, 187.64]","[[-185.4, 171.73], [50.24, 76.57], [57.91, 187.64], [-58.95, 226.6]]","[""blue"", ""red"", ""yellow"", ""purple""]","[""blue"", ""red"", ""green"", ""purple""]",yellow,green,s,same,6.0,1.0
031,031_T1_20260518_154511,Control,T1,standard,hci_substudy_v2,1,telemetry_v4,change_detection,4,formal_cd,formal,1,45,93,formal,N3_same,1779090311,95.764,2026-05-18T16:19:59.223,0,0,0,6,2082573.351,2082601.363,,,,,s,,1,3616.816,,,,2086173.351,2086389.125,2090072.066,4000,3682.941,2090072.066,"[{""stage_name"": ""fixation"", ""planned_duration_ms"": 100, ""intended_onset_ms"": 2082573.351, ""actual_onset_global_ms"": 2082601.363, ""actual_offset_global_ms"": 2082697.627, ""actual_duration_ms"": 96.264}, {""stage_name"": ""memory_array"", ""planned_duration_ms"": 2500, ""intended_onset_ms"": 2082673.351, ""actual_onset_global_ms"": 2082787.062, ""actual_offset_global_ms"": 2085279.484, ""actual_duration_ms"": 2492.422}, {""stage_name"": ""delay"", ""planned_duration_ms"": 1000, ""intended_onset_ms"": 2085279.484, ""actual_onset_global_ms"": 2085289.425, ""actual_offset_global_ms"": 2086284.415, ""actual_duration_ms"": 994.99}, {""stage_name"": ""test_array"", ""planned_duration_ms"": 4000, ""intended_onset_ms"": 2086284.415, ""actual_onset_global_ms"": 2086389.125, ""actual_offset_global_ms"": 2090072.066, ""actual_duration_ms"": 3682.941}]",,,,,,,,,,,,,,,,,,,,,,,,,,,,,,,,,,,,,,,,,,,,,,,,,,1.0,,,,,,,,,,,,,3.0,same,1.0,"[-64.65, -186.98]","[[52.7, -246.1], [-64.65, -186.98], [140.88, 204.34]]","[""purple"", ""red"", ""blue""]","[""purple"", ""red"", ""blue""]",red,red,s,same,4.0,1.0
031,031_T1_20260518_154511,Control,T1,standard,hci_substudy_v2,1,telemetry_v4,change_detection,4,formal_cd,formal,1,46,94,formal,N1_change,1779090311,95.764,2026-05-18T16:20:06.734,0,0,0,6,2090084.685,2090109.147,,,,,j,,0,9485.498,,,,2093684.685,2093798.379,2103311.494,4000,9513.115,2103311.494,"[{""stage_name"": ""fixation"", ""planned_duration_ms"": 100, ""intended_onset_ms"": 2090084.685, ""actual_onset_global_ms"": 2090109.147, ""actual_offset_global_ms"": 2090206.937, ""actual_duration_ms"": 97.79}, {""stage_name"": ""memory_array"", ""planned_duration_ms"": 2500, ""intended_onset_ms"": 2090184.685, ""actual_onset_global_ms"": 2090257.271, ""actual_offset_global_ms"": 2092736.227, ""actual_duration_ms"": 2478.956}, {""stage_name"": ""delay"", ""planned_duration_ms"": 1000, ""intended_onset_ms"": 2092736.227, ""actual_onset_global_ms"": 2092748.852, ""actual_offset_global_ms"": 2093748.74, ""actual_duration_ms"": 999.888}, {""stage_name"": ""test_array"", ""planned_duration_ms"": 4000, ""intended_onset_ms"": 2093748.74, ""actual_onset_global_ms"": 2093798.379, ""actual_offset_global_ms"": 2103311.494, ""actual_duration_ms"": 9513.115}]",,,,,,,,,,,,,,,,,,,,,,,,,,,,,,,,,,,,,,,,,,,,,,,,,,0.0,,,,,,,,,,,,,1.0,change,0.0,"[-181.94, 217.21]","[[-181.94, 217.21]]","[""purple""]","[""yellow""]",purple,yellow,s,same,1.0,1.0
031,031_T1_20260518_154511,Control,T1,standard,hci_substudy_v2,1,telemetry_v4,change_detection,4,formal_cd,formal,1,47,95,formal,N2_same,1779090311,95.764,2026-05-18T16:20:19.973,0,0,0,6,2103323.509,2103360.625,,,,,s,,1,4586.65,,,,2106923.509,2107071.848,2111677.641,4000,4605.793,2111677.641,"[{""stage_name"": ""fixation"", ""planned_duration_ms"": 100, ""intended_onset_ms"": 2103323.509, ""actual_onset_global_ms"": 2103360.625, ""actual_offset_global_ms"": 2103460.154, ""actual_duration_ms"": 99.529}, {""stage_name"": ""memory_array"", ""planned_duration_ms"": 2500, ""intended_onset_ms"": 2103423.509, ""actual_onset_global_ms"": 2103528.916, ""actual_offset_global_ms"": 2105995.068, ""actual_duration_ms"": 2466.152}, {""stage_name"": ""delay"", ""planned_duration_ms"": 1000, ""intended_onset_ms"": 2105995.068, ""actual_onset_global_ms"": 2106010.808, ""actual_offset_global_ms"": 2107012.014, ""actual_duration_ms"": 1001.206}, {""stage_name"": ""test_array"", ""planned_duration_ms"": 4000, ""intended_onset_ms"": 2107012.014, ""actual_onset_global_ms"": 2107071.848, ""actual_offset_global_ms"": 2111677.641, ""actual_duration_ms"": 4605.793}]",,,,,,,,,,,,,,,,,,,,,,,,,,,,,,,,,,,,,,,,,,,,,,,,,,1.0,,,,,,,,,,,,,2.0,same,1.0,"[-212.66, -255.66]","[[-99.27, -117.41], [-212.66, -255.66]]","[""blue"", ""green""]","[""blue"", ""green""]",green,green,s,same,2.0,1.0
031,031_T1_20260518_154511,Control,T1,standard,hci_substudy_v2,1,telemetry_v4,change_detection,4,formal_cd,formal,1,48,96,formal,N4_same,1779090311,95.764,2026-05-18T16:20:28.342,0,0,0,6,2111691.596,2111721.194,,,,,s,,1,10012.493,,,,2115291.596,2115470.49,2125589.563,4000,10119.073,2125589.563,"[{""stage_name"": ""fixation"", ""planned_duration_ms"": 100, ""intended_onset_ms"": 2111691.596, ""actual_onset_global_ms"": 2111721.194, ""actual_offset_global_ms"": 2111822.726, ""actual_duration_ms"": 101.532}, {""stage_name"": ""memory_array"", ""planned_duration_ms"": 2500, ""intended_onset_ms"": 2111791.596, ""actual_onset_global_ms"": 2111935.128, ""actual_offset_global_ms"": 2114358.995, ""actual_duration_ms"": 2423.867}, {""stage_name"": ""delay"", ""planned_duration_ms"": 1000, ""intended_onset_ms"": 2114358.995, ""actual_onset_global_ms"": 2114371.053, ""actual_offset_global_ms"": 2115364.0, ""actual_duration_ms"": 992.947}, {""stage_name"": ""test_array"", ""planned_duration_ms"": 4000, ""intended_onset_ms"": 2115364.0, ""actual_onset_global_ms"": 2115470.49, ""actual_offset_global_ms"": 2125589.563, ""actual_duration_ms"": 10119.073}]",,,,,,,,,,,,,,,,,,,,,,,,,,,,,,,,,,,,,,,,,,,,,,,,,,1.0,,,,,,,,,,,,,4.0,same,0.0,"[-95.05, 68.12]","[[-95.05, 68.12], [-241.3, 186.58], [150.46, -91.67], [-101.32, -179.88]]","[""yellow"", ""purple"", ""blue"", ""green""]","[""yellow"", ""purple"", ""blue"", ""green""]",yellow,yellow,s,same,7.0,1.0
