participant_id,session_id,group,timepoint,practice_layer,practice_protocol_version,telemetry_enabled,telemetry_version,task_name,task_order_index,block_name,block_type,block_index,trial_index_within_block,trial_index_global,practice_or_formal,condition_label,random_seed,screen_refresh_hz,timestamp_iso,omission,aborted,pause_count_during_trial,repeated_practice_round,intended_trial_start_ms,actual_trial_start_ms,condition,target_direction,flankers_direction,array_pattern_text,correct_response_key,participant_response_key,response_correct,rt_ms,response_time_global_ms,feedback_type,practice_pass_flag,intended_onset_ms,actual_onset_global_ms,actual_offset_global_ms,stage_duration_planned_ms,stage_duration_actual_ms,actual_trial_end_ms,stage_records_json,feedback_audio_file,feedback_audio_start_global_ms,feedback_audio_expected_duration_ms,feedback_audio_stop_global_ms,prompt_level,support_type,support_trigger_reason,support_trigger_trial_index,rule_block_error_count,support_level,support_phase,support_duration_ms,post_support_success_streak,support_faded_after_trial,manual_intervention_flag,dccs_support_rule,dccs_error_type,dccs_dimension_highlight_used,dccs_demo_type,dccs_label_mode,dccs_post_support_rule_confusion,rule,cue_audio_file,cue_label,cue_audio_start_global_ms,cue_audio_expected_duration_ms,cue_audio_stop_global_ms,stimulus_color,stimulus_shape,stimulus_identity,trial_transition,previous_rule,current_rule,cue_to_first_response_ms,digit_support_target,digit_transform_demo_used,digit_keypad_demo_used,digit_hesitation_prompt_used,digit_post_support_span_success,span_length,trial_index_within_span,span_round,presented_sequence,correct_backward_sequence,participant_input_sequence,participant_input_string,input_method,first_key_latency_ms,response_complete_time_ms,accuracy,omission_input,delete_count,clear_count,click_count,inter_key_intervals_ms,adaptive_decision,digits_audio_onsets_ms,digits_audio_files,digits_audio_events_json,repeated_audio_once_in_practice,termination_reason,terminal_span_length,set_size,trial_type,probe_index,probe_position_xy,item_positions,item_colors_memory,item_colors_test,probe_original_color,probe_test_color,response_key,response_label,layout_generation_attempts,overlap_check_passed
35,35_T1_20260520_150610,PA,T1,standard,hci_substudy_v2,1,telemetry_v4,flanker,1,practice_single,practice,1,1,1,practice,practice_single,1779260770,961.483,2026-05-20T15:07:10.023,0,0,0,1,57008.113,57030.99,practice_single,right,none,>,j,j,1,8247.734,65373.993,correct,,57108.113,57126.259,65373.993,3000,8247.734,65973.993,"[{""stage_name"": ""fixation"", ""planned_duration_ms"": 100, ""intended_onset_ms"": 57008.113, ""actual_onset_global_ms"": 57030.99, ""actual_offset_global_ms"": 57116.527, ""actual_duration_ms"": 85.537}, {""stage_name"": ""stimulus"", ""planned_duration_ms"": 3000, ""intended_onset_ms"": 57108.113, ""actual_onset_global_ms"": 57126.259, ""actual_offset_global_ms"": 65373.993, ""actual_duration_ms"": 8247.734}, {""stage_name"": ""feedback"", ""planned_duration_ms"": 600, ""intended_onset_ms"": 65373.993, ""actual_onset_global_ms"": 65413.54, ""actual_offset_global_ms"": 66001.129, ""actual_duration_ms"": 587.589}]",correct.wav,65399.821,600.0,65999.821,,,,,,,,,,,,,,,,,,,,,,,,,,,,,,,,,,,,,,,,,,,,,,,,,,,,,,,,,,,,,,,,,,,,,,,
35,35_T1_20260520_150610,PA,T1,standard,hci_substudy_v2,1,telemetry_v4,flanker,1,practice_single,practice,1,2,2,practice,practice_single,1779260770,961.483,2026-05-20T15:07:19.022,0,0,0,1,66006.815,66010.875,practice_single,right,none,>,j,j,1,930.819,67044.897,correct,,66106.815,66114.078,67044.897,3000,930.819,67644.897,"[{""stage_name"": ""fixation"", ""planned_duration_ms"": 100, ""intended_onset_ms"": 66006.815, ""actual_onset_global_ms"": 66010.875, ""actual_offset_global_ms"": 66108.368, ""actual_duration_ms"": 97.493}, {""stage_name"": ""stimulus"", ""planned_duration_ms"": 3000, ""intended_onset_ms"": 66106.815, ""actual_onset_global_ms"": 66114.078, ""actual_offset_global_ms"": 67044.897, ""actual_duration_ms"": 930.819}, {""stage_name"": ""feedback"", ""planned_duration_ms"": 600, ""intended_onset_ms"": 67044.897, ""actual_onset_global_ms"": 67050.628, ""actual_offset_global_ms"": 67650.315, ""actual_duration_ms"": 599.687}]",correct.wav,67046.623,600.0,67646.623,,,,,,,,,,,,,,,,,,,,,,,,,,,,,,,,,,,,,,,,,,,,,,,,,,,,,,,,,,,,,,,,,,,,,,,
35,35_T1_20260520_150610,PA,T1,standard,hci_substudy_v2,1,telemetry_v4,flanker,1,practice_single,practice,1,3,3,practice,practice_single,1779260770,961.483,2026-05-20T15:07:20.667,0,0,0,1,67652.574,67659.245,practice_single,left,none,<,s,s,1,2419.679,70181.66,correct,,67752.574,67761.981,70181.66,3000,2419.679,70781.66,"[{""stage_name"": ""fixation"", ""planned_duration_ms"": 100, ""intended_onset_ms"": 67652.574, ""actual_onset_global_ms"": 67659.245, ""actual_offset_global_ms"": 67756.801, ""actual_duration_ms"": 97.556}, {""stage_name"": ""stimulus"", ""planned_duration_ms"": 3000, ""intended_onset_ms"": 67752.574, ""actual_onset_global_ms"": 67761.981, ""actual_offset_global_ms"": 70181.66, ""actual_duration_ms"": 2419.679}, {""stage_name"": ""feedback"", ""planned_duration_ms"": 600, ""intended_onset_ms"": 70181.66, ""actual_onset_global_ms"": 70188.092, ""actual_offset_global_ms"": 70786.217, ""actual_duration_ms"": 598.125}]",correct.wav,70184.248,600.0,70784.248,,,,,,,,,,,,,,,,,,,,,,,,,,,,,,,,,,,,,,,,,,,,,,,,,,,,,,,,,,,,,,,,,,,,,,,
35,35_T1_20260520_150610,PA,T1,standard,hci_substudy_v2,1,telemetry_v4,flanker,1,practice_single,practice,1,4,4,practice,practice_single,1779260770,961.483,2026-05-20T15:07:23.805,0,0,0,1,70790.022,70794.278,practice_single,right,none,>,j,j,1,3046.662,73943.617,correct,,70890.022,70896.955,73943.617,3000,3046.662,74543.617,"[{""stage_name"": ""fixation"", ""planned_duration_ms"": 100, ""intended_onset_ms"": 70790.022, ""actual_onset_global_ms"": 70794.278, ""actual_offset_global_ms"": 70891.525, ""actual_duration_ms"": 97.247}, {""stage_name"": ""stimulus"", ""planned_duration_ms"": 3000, ""intended_onset_ms"": 70890.022, ""actual_onset_global_ms"": 70896.955, ""actual_offset_global_ms"": 73943.617, ""actual_duration_ms"": 3046.662}, {""stage_name"": ""feedback"", ""planned_duration_ms"": 600, ""intended_onset_ms"": 73943.617, ""actual_onset_global_ms"": 73949.996, ""actual_offset_global_ms"": 74548.627, ""actual_duration_ms"": 598.631}]",correct.wav,73946.384,600.0,74546.384,,,,,,,,,,,,,,,,,,,,,,,,,,,,,,,,,,,,,,,,,,,,,,,,,,,,,,,,,,,,,,,,,,,,,,,
35,35_T1_20260520_150610,PA,T1,standard,hci_substudy_v2,1,telemetry_v4,flanker,1,practice_single,practice,1,5,5,practice,practice_single,1779260770,961.483,2026-05-20T15:07:27.565,0,0,0,1,74550.803,74555.736,practice_single,left,none,<,s,s,1,1464.223,76121.879,correct,,74650.803,74657.656,76121.879,3000,1464.223,76721.879,"[{""stage_name"": ""fixation"", ""planned_duration_ms"": 100, ""intended_onset_ms"": 74550.803, ""actual_onset_global_ms"": 74555.736, ""actual_offset_global_ms"": 74652.711, ""actual_duration_ms"": 96.975}, {""stage_name"": ""stimulus"", ""planned_duration_ms"": 3000, ""intended_onset_ms"": 74650.803, ""actual_onset_global_ms"": 74657.656, ""actual_offset_global_ms"": 76121.879, ""actual_duration_ms"": 1464.223}, {""stage_name"": ""feedback"", ""planned_duration_ms"": 600, ""intended_onset_ms"": 76121.879, ""actual_onset_global_ms"": 76128.946, ""actual_offset_global_ms"": 76726.414, ""actual_duration_ms"": 597.468}]",correct.wav,76125.37,600.0,76725.37,,,,,,,,,,,,,,,,,,,,,,,,,,,,,,,,,,,,,,,,,,,,,,,,,,,,,,,,,,,,,,,,,,,,,,,
35,35_T1_20260520_150610,PA,T1,standard,hci_substudy_v2,1,telemetry_v4,flanker,1,practice_single,practice,1,6,6,practice,practice_single,1779260770,961.483,2026-05-20T15:07:29.745,0,0,0,1,76730.183,76733.947,practice_single,left,none,<,s,j,0,2570.11,79406.628,incorrect,,76830.183,76836.518,79406.628,3000,2570.11,80006.628,"[{""stage_name"": ""fixation"", ""planned_duration_ms"": 100, ""intended_onset_ms"": 76730.183, ""actual_onset_global_ms"": 76733.947, ""actual_offset_global_ms"": 76833.062, ""actual_duration_ms"": 99.115}, {""stage_name"": ""stimulus"", ""planned_duration_ms"": 3000, ""intended_onset_ms"": 76830.183, ""actual_onset_global_ms"": 76836.518, ""actual_offset_global_ms"": 79406.628, ""actual_duration_ms"": 2570.11}, {""stage_name"": ""feedback"", ""planned_duration_ms"": 600, ""intended_onset_ms"": 79406.628, ""actual_onset_global_ms"": 79416.363, ""actual_offset_global_ms"": 80012.837, ""actual_duration_ms"": 596.474}]",incorrect.wav,79409.268,600.0,80009.268,,,,,,,,,,,,,,,,,,,,,,,,,,,,,,,,,,,,,,,,,,,,,,,,,,,,,,,,,,,,,,,,,,,,,,,
35,35_T1_20260520_150610,PA,T1,standard,hci_substudy_v2,1,telemetry_v4,flanker,1,practice_full,practice,2,1,7,practice,incongruent,1779260770,961.483,2026-05-20T15:07:45.595,0,0,0,1,92580.832,92586.166,incongruent,left,right,>><>>,s,s,1,23825.442,116514.524,correct,0.0,92680.832,92689.082,116514.524,3000,23825.442,117114.524,"[{""stage_name"": ""fixation"", ""planned_duration_ms"": 100, ""intended_onset_ms"": 92580.832, ""actual_onset_global_ms"": 92586.166, ""actual_offset_global_ms"": 92682.606, ""actual_duration_ms"": 96.44}, {""stage_name"": ""stimulus"", ""planned_duration_ms"": 3000, ""intended_onset_ms"": 92680.832, ""actual_onset_global_ms"": 92689.082, ""actual_offset_global_ms"": 116514.524, ""actual_duration_ms"": 23825.442}, {""stage_name"": ""feedback"", ""planned_duration_ms"": 600, ""intended_onset_ms"": 116514.524, ""actual_onset_global_ms"": 116523.02, ""actual_offset_global_ms"": 117121.53, ""actual_duration_ms"": 598.51}]",correct.wav,116518.758,600.0,117118.758,,,,,,,,,,,,,,,,,,,,,,,,,,,,,,,,,,,,,,,,,,,,,,,,,,,,,,,,,,,,,,,,,,,,,,,
35,35_T1_20260520_150610,PA,T1,standard,hci_substudy_v2,1,telemetry_v4,flanker,1,practice_full,practice,2,2,8,practice,congruent,1779260770,961.483,2026-05-20T15:08:10.138,0,0,0,1,117123.644,117129.124,congruent,left,left,<<<<<,s,j,0,3912.482,121144.611,incorrect,0.0,117223.644,117232.129,121144.611,3000,3912.482,121744.611,"[{""stage_name"": ""fixation"", ""planned_duration_ms"": 100, ""intended_onset_ms"": 117123.644, ""actual_onset_global_ms"": 117129.124, ""actual_offset_global_ms"": 117228.039, ""actual_duration_ms"": 98.915}, {""stage_name"": ""stimulus"", ""planned_duration_ms"": 3000, ""intended_onset_ms"": 117223.644, ""actual_onset_global_ms"": 117232.129, ""actual_offset_global_ms"": 121144.611, ""actual_duration_ms"": 3912.482}, {""stage_name"": ""feedback"", ""planned_duration_ms"": 600, ""intended_onset_ms"": 121144.611, ""actual_onset_global_ms"": 121151.456, ""actual_offset_global_ms"": 121749.109, ""actual_duration_ms"": 597.653}]",incorrect.wav,121147.15,600.0,121747.15,,,,,,,,,,,,,,,,,,,,,,,,,,,,,,,,,,,,,,,,,,,,,,,,,,,,,,,,,,,,,,,,,,,,,,,
35,35_T1_20260520_150610,PA,T1,standard,hci_substudy_v2,1,telemetry_v4,flanker,1,practice_full,practice,2,3,9,practice,congruent,1779260770,961.483,2026-05-20T15:08:14.767,0,0,0,1,121752.803,121756.513,congruent,right,right,>>>>>,j,s,0,4253.569,126114.571,incorrect,0.0,121852.803,121861.002,126114.571,3000,4253.569,126714.571,"[{""stage_name"": ""fixation"", ""planned_duration_ms"": 100, ""intended_onset_ms"": 121752.803, ""actual_onset_global_ms"": 121756.513, ""actual_offset_global_ms"": 121856.46, ""actual_duration_ms"": 99.947}, {""stage_name"": ""stimulus"", ""planned_duration_ms"": 3000, ""intended_onset_ms"": 121852.803, ""actual_onset_global_ms"": 121861.002, ""actual_offset_global_ms"": 126114.571, ""actual_duration_ms"": 4253.569}, {""stage_name"": ""feedback"", ""planned_duration_ms"": 600, ""intended_onset_ms"": 126114.571, ""actual_onset_global_ms"": 126122.666, ""actual_offset_global_ms"": 126721.263, ""actual_duration_ms"": 598.597}]",incorrect.wav,126118.703,600.0,126718.703,,,,,,,,,,,,,,,,,,,,,,,,,,,,,,,,,,,,,,,,,,,,,,,,,,,,,,,,,,,,,,,,,,,,,,,
35,35_T1_20260520_150610,PA,T1,standard,hci_substudy_v2,1,telemetry_v4,flanker,1,practice_full,practice,2,4,10,practice,incongruent,1779260770,961.483,2026-05-20T15:08:19.738,0,0,0,1,126723.51,126729.203,incongruent,right,left,<<><<,j,j,1,16892.106,143724.764,correct,0.0,126823.51,126832.658,143724.764,3000,16892.106,144324.764,"[{""stage_name"": ""fixation"", ""planned_duration_ms"": 100, ""intended_onset_ms"": 126723.51, ""actual_onset_global_ms"": 126729.203, ""actual_offset_global_ms"": 126828.343, ""actual_duration_ms"": 99.14}, {""stage_name"": ""stimulus"", ""planned_duration_ms"": 3000, ""intended_onset_ms"": 126823.51, ""actual_onset_global_ms"": 126832.658, ""actual_offset_global_ms"": 143724.764, ""actual_duration_ms"": 16892.106}, {""stage_name"": ""feedback"", ""planned_duration_ms"": 600, ""intended_onset_ms"": 143724.764, ""actual_onset_global_ms"": 143731.197, ""actual_offset_global_ms"": 144331.144, ""actual_duration_ms"": 599.947}]",correct.wav,143727.313,600.0,144327.313,,,,,,,,,,,,,,,,,,,,,,,,,,,,,,,,,,,,,,,,,,,,,,,,,,,,,,,,,,,,,,,,,,,,,,,
35,35_T1_20260520_150610,PA,T1,standard,hci_substudy_v2,1,telemetry_v4,flanker,1,practice_full,practice,2,5,11,practice,incongruent,1779260770,961.483,2026-05-20T15:08:37.347,0,0,0,1,144333.482,144337.838,incongruent,right,left,<<><<,j,s,0,3710.872,148151.933,incorrect,0.0,144433.482,144441.061,148151.933,3000,3710.872,148751.933,"[{""stage_name"": ""fixation"", ""planned_duration_ms"": 100, ""intended_onset_ms"": 144333.482, ""actual_onset_global_ms"": 144337.838, ""actual_offset_global_ms"": 144436.846, ""actual_duration_ms"": 99.008}, {""stage_name"": ""stimulus"", ""planned_duration_ms"": 3000, ""intended_onset_ms"": 144433.482, ""actual_onset_global_ms"": 144441.061, ""actual_offset_global_ms"": 148151.933, ""actual_duration_ms"": 3710.872}, {""stage_name"": ""feedback"", ""planned_duration_ms"": 600, ""intended_onset_ms"": 148151.933, ""actual_onset_global_ms"": 148161.186, ""actual_offset_global_ms"": 148760.784, ""actual_duration_ms"": 599.598}]",incorrect.wav,148157.007,600.0,148757.007,,,,,,,,,,,,,,,,,,,,,,,,,,,,,,,,,,,,,,,,,,,,,,,,,,,,,,,,,,,,,,,,,,,,,,,
35,35_T1_20260520_150610,PA,T1,standard,hci_substudy_v2,1,telemetry_v4,flanker,1,practice_full,practice,2,6,12,practice,congruent,1779260770,961.483,2026-05-20T15:08:41.778,0,0,0,1,148763.119,148767.974,congruent,left,left,<<<<<,s,j,0,2128.835,151000.514,incorrect,0.0,148863.119,148871.679,151000.514,3000,2128.835,151600.514,"[{""stage_name"": ""fixation"", ""planned_duration_ms"": 100, ""intended_onset_ms"": 148763.119, ""actual_onset_global_ms"": 148767.974, ""actual_offset_global_ms"": 148865.527, ""actual_duration_ms"": 97.553}, {""stage_name"": ""stimulus"", ""planned_duration_ms"": 3000, ""intended_onset_ms"": 148863.119, ""actual_onset_global_ms"": 148871.679, ""actual_offset_global_ms"": 151000.514, ""actual_duration_ms"": 2128.835}, {""stage_name"": ""feedback"", ""planned_duration_ms"": 600, ""intended_onset_ms"": 151000.514, ""actual_onset_global_ms"": 151006.367, ""actual_offset_global_ms"": 151603.307, ""actual_duration_ms"": 596.94}]",incorrect.wav,151002.293,600.0,151602.293,,,,,,,,,,,,,,,,,,,,,,,,,,,,,,,,,,,,,,,,,,,,,,,,,,,,,,,,,,,,,,,,,,,,,,,
35,35_T1_20260520_150610,PA,T1,standard,hci_substudy_v2,1,telemetry_v4,flanker,1,practice_single,practice,1,1,13,practice,practice_single,1779260770,961.483,2026-05-20T15:09:23.919,0,0,0,2,190905.136,190910.802,practice_single,left,none,<,s,s,1,2807.296,193821.629,correct,,191005.136,191014.333,193821.629,3000,2807.296,194421.629,"[{""stage_name"": ""fixation"", ""planned_duration_ms"": 100, ""intended_onset_ms"": 190905.136, ""actual_onset_global_ms"": 190910.802, ""actual_offset_global_ms"": 191009.048, ""actual_duration_ms"": 98.246}, {""stage_name"": ""stimulus"", ""planned_duration_ms"": 3000, ""intended_onset_ms"": 191005.136, ""actual_onset_global_ms"": 191014.333, ""actual_offset_global_ms"": 193821.629, ""actual_duration_ms"": 2807.296}, {""stage_name"": ""feedback"", ""planned_duration_ms"": 600, ""intended_onset_ms"": 193821.629, ""actual_onset_global_ms"": 193827.947, ""actual_offset_global_ms"": 194428.879, ""actual_duration_ms"": 600.932}]",correct.wav,193824.309,600.0,194424.309,,,,,,,,,,,,,,,,,,,,,,,,,,,,,,,,,,,,,,,,,,,,,,,,,,,,,,,,,,,,,,,,,,,,,,,
35,35_T1_20260520_150610,PA,T1,standard,hci_substudy_v2,1,telemetry_v4,flanker,1,practice_single,practice,1,2,14,practice,practice_single,1779260770,961.483,2026-05-20T15:09:27.445,0,0,0,2,194431.123,194435.439,practice_single,right,none,>,j,j,1,1558.411,196096.721,correct,,194531.123,194538.31,196096.721,3000,1558.411,196696.721,"[{""stage_name"": ""fixation"", ""planned_duration_ms"": 100, ""intended_onset_ms"": 194431.123, ""actual_onset_global_ms"": 194435.439, ""actual_offset_global_ms"": 194532.761, ""actual_duration_ms"": 97.322}, {""stage_name"": ""stimulus"", ""planned_duration_ms"": 3000, ""intended_onset_ms"": 194531.123, ""actual_onset_global_ms"": 194538.31, ""actual_offset_global_ms"": 196096.721, ""actual_duration_ms"": 1558.411}, {""stage_name"": ""feedback"", ""planned_duration_ms"": 600, ""intended_onset_ms"": 196096.721, ""actual_onset_global_ms"": 196102.306, ""actual_offset_global_ms"": 196701.381, ""actual_duration_ms"": 599.075}]",correct.wav,196098.502,600.0,196698.502,,,,,,,,,,,,,,,,,,,,,,,,,,,,,,,,,,,,,,,,,,,,,,,,,,,,,,,,,,,,,,,,,,,,,,,
35,35_T1_20260520_150610,PA,T1,standard,hci_substudy_v2,1,telemetry_v4,flanker,1,practice_single,practice,1,3,15,practice,practice_single,1779260770,961.483,2026-05-20T15:09:29.718,0,0,0,2,196703.542,196708.387,practice_single,right,none,>,j,j,1,1327.776,198137.482,correct,,196803.542,196809.706,198137.482,3000,1327.776,198737.482,"[{""stage_name"": ""fixation"", ""planned_duration_ms"": 100, ""intended_onset_ms"": 196703.542, ""actual_onset_global_ms"": 196708.387, ""actual_offset_global_ms"": 196804.598, ""actual_duration_ms"": 96.211}, {""stage_name"": ""stimulus"", ""planned_duration_ms"": 3000, ""intended_onset_ms"": 196803.542, ""actual_onset_global_ms"": 196809.706, ""actual_offset_global_ms"": 198137.482, ""actual_duration_ms"": 1327.776}, {""stage_name"": ""feedback"", ""planned_duration_ms"": 600, ""intended_onset_ms"": 198137.482, ""actual_onset_global_ms"": 198144.994, ""actual_offset_global_ms"": 198742.428, ""actual_duration_ms"": 597.434}]",correct.wav,198140.495,600.0,198740.495,,,,,,,,,,,,,,,,,,,,,,,,,,,,,,,,,,,,,,,,,,,,,,,,,,,,,,,,,,,,,,,,,,,,,,,
35,35_T1_20260520_150610,PA,T1,standard,hci_substudy_v2,1,telemetry_v4,flanker,1,practice_single,practice,1,4,16,practice,practice_single,1779260770,961.483,2026-05-20T15:09:31.760,0,0,0,2,198746.36,198750.188,practice_single,left,none,<,s,s,1,1428.591,200280.159,correct,,198846.36,198851.568,200280.159,3000,1428.591,200880.159,"[{""stage_name"": ""fixation"", ""planned_duration_ms"": 100, ""intended_onset_ms"": 198746.36, ""actual_onset_global_ms"": 198750.188, ""actual_offset_global_ms"": 198848.669, ""actual_duration_ms"": 98.481}, {""stage_name"": ""stimulus"", ""planned_duration_ms"": 3000, ""intended_onset_ms"": 198846.36, ""actual_onset_global_ms"": 198851.568, ""actual_offset_global_ms"": 200280.159, ""actual_duration_ms"": 1428.591}, {""stage_name"": ""feedback"", ""planned_duration_ms"": 600, ""intended_onset_ms"": 200280.159, ""actual_onset_global_ms"": 200286.21, ""actual_offset_global_ms"": 200887.06, ""actual_duration_ms"": 600.85}]",correct.wav,200282.654,600.0,200882.654,,,,,,,,,,,,,,,,,,,,,,,,,,,,,,,,,,,,,,,,,,,,,,,,,,,,,,,,,,,,,,,,,,,,,,,
35,35_T1_20260520_150610,PA,T1,standard,hci_substudy_v2,1,telemetry_v4,flanker,1,practice_single,practice,1,5,17,practice,practice_single,1779260770,961.483,2026-05-20T15:09:33.904,0,0,0,2,200889.525,200894.935,practice_single,right,none,>,j,j,1,1413.617,202412.591,correct,,200989.525,200998.974,202412.591,3000,1413.617,203012.591,"[{""stage_name"": ""fixation"", ""planned_duration_ms"": 100, ""intended_onset_ms"": 200889.525, ""actual_onset_global_ms"": 200894.935, ""actual_offset_global_ms"": 200993.294, ""actual_duration_ms"": 98.359}, {""stage_name"": ""stimulus"", ""planned_duration_ms"": 3000, ""intended_onset_ms"": 200989.525, ""actual_onset_global_ms"": 200998.974, ""actual_offset_global_ms"": 202412.591, ""actual_duration_ms"": 1413.617}, {""stage_name"": ""feedback"", ""planned_duration_ms"": 600, ""intended_onset_ms"": 202412.591, ""actual_onset_global_ms"": 202418.009, ""actual_offset_global_ms"": 203017.749, ""actual_duration_ms"": 599.74}]",correct.wav,202413.394,600.0,203013.394,,,,,,,,,,,,,,,,,,,,,,,,,,,,,,,,,,,,,,,,,,,,,,,,,,,,,,,,,,,,,,,,,,,,,,,
35,35_T1_20260520_150610,PA,T1,standard,hci_substudy_v2,1,telemetry_v4,flanker,1,practice_single,practice,1,6,18,practice,practice_single,1779260770,961.483,2026-05-20T15:09:36.034,0,0,0,2,203020.194,203024.088,practice_single,left,none,<,s,s,1,1075.392,204202.726,correct,,203120.194,203127.334,204202.726,3000,1075.392,204802.726,"[{""stage_name"": ""fixation"", ""planned_duration_ms"": 100, ""intended_onset_ms"": 203020.194, ""actual_onset_global_ms"": 203024.088, ""actual_offset_global_ms"": 203122.268, ""actual_duration_ms"": 98.18}, {""stage_name"": ""stimulus"", ""planned_duration_ms"": 3000, ""intended_onset_ms"": 203120.194, ""actual_onset_global_ms"": 203127.334, ""actual_offset_global_ms"": 204202.726, ""actual_duration_ms"": 1075.392}, {""stage_name"": ""feedback"", ""planned_duration_ms"": 600, ""intended_onset_ms"": 204202.726, ""actual_onset_global_ms"": 204211.11, ""actual_offset_global_ms"": 204811.902, ""actual_duration_ms"": 600.792}]",correct.wav,204207.455,600.0,204807.455,,,,,,,,,,,,,,,,,,,,,,,,,,,,,,,,,,,,,,,,,,,,,,,,,,,,,,,,,,,,,,,,,,,,,,,
35,35_T1_20260520_150610,PA,T1,standard,hci_substudy_v2,1,telemetry_v4,flanker,1,practice_full,practice,2,1,19,practice,congruent,1779260770,961.483,2026-05-20T15:09:38.782,0,0,0,2,205768.284,205773.66,congruent,left,left,<<<<<,s,s,1,5495.369,211371.637,correct,1.0,205868.284,205876.268,211371.637,3000,5495.369,211971.637,"[{""stage_name"": ""fixation"", ""planned_duration_ms"": 100, ""intended_onset_ms"": 205768.284, ""actual_onset_global_ms"": 205773.66, ""actual_offset_global_ms"": 205872.252, ""actual_duration_ms"": 98.592}, {""stage_name"": ""stimulus"", ""planned_duration_ms"": 3000, ""intended_onset_ms"": 205868.284, ""actual_onset_global_ms"": 205876.268, ""actual_offset_global_ms"": 211371.637, ""actual_duration_ms"": 5495.369}, {""stage_name"": ""feedback"", ""planned_duration_ms"": 600, ""intended_onset_ms"": 211371.637, ""actual_onset_global_ms"": 211376.019, ""actual_offset_global_ms"": 211973.847, ""actual_duration_ms"": 597.828}]",correct.wav,211372.096,600.0,211972.096,,,,,,,,,,,,,,,,,,,,,,,,,,,,,,,,,,,,,,,,,,,,,,,,,,,,,,,,,,,,,,,,,,,,,,,
35,35_T1_20260520_150610,PA,T1,standard,hci_substudy_v2,1,telemetry_v4,flanker,1,practice_full,practice,2,2,20,practice,congruent,1779260770,961.483,2026-05-20T15:09:44.992,0,0,0,2,211977.852,211982.796,congruent,right,right,>>>>>,j,j,1,1230.481,213318.492,correct,1.0,212077.852,212088.011,213318.492,3000,1230.481,213918.492,"[{""stage_name"": ""fixation"", ""planned_duration_ms"": 100, ""intended_onset_ms"": 211977.852, ""actual_onset_global_ms"": 211982.796, ""actual_offset_global_ms"": 212080.927, ""actual_duration_ms"": 98.131}, {""stage_name"": ""stimulus"", ""planned_duration_ms"": 3000, ""intended_onset_ms"": 212077.852, ""actual_onset_global_ms"": 212088.011, ""actual_offset_global_ms"": 213318.492, ""actual_duration_ms"": 1230.481}, {""stage_name"": ""feedback"", ""planned_duration_ms"": 600, ""intended_onset_ms"": 213318.492, ""actual_onset_global_ms"": 213326.173, ""actual_offset_global_ms"": 213926.106, ""actual_duration_ms"": 599.933}]",correct.wav,213322.371,600.0,213922.371,,,,,,,,,,,,,,,,,,,,,,,,,,,,,,,,,,,,,,,,,,,,,,,,,,,,,,,,,,,,,,,,,,,,,,,
35,35_T1_20260520_150610,PA,T1,standard,hci_substudy_v2,1,telemetry_v4,flanker,1,practice_full,practice,2,3,21,practice,congruent,1779260770,961.483,2026-05-20T15:09:46.943,0,0,0,2,213928.392,213932.435,congruent,left,left,<<<<<,s,s,1,1188.517,215224.847,correct,1.0,214028.392,214036.33,215224.847,3000,1188.517,215824.847,"[{""stage_name"": ""fixation"", ""planned_duration_ms"": 100, ""intended_onset_ms"": 213928.392, ""actual_onset_global_ms"": 213932.435, ""actual_offset_global_ms"": 214032.366, ""actual_duration_ms"": 99.931}, {""stage_name"": ""stimulus"", ""planned_duration_ms"": 3000, ""intended_onset_ms"": 214028.392, ""actual_onset_global_ms"": 214036.33, ""actual_offset_global_ms"": 215224.847, ""actual_duration_ms"": 1188.517}, {""stage_name"": ""feedback"", ""planned_duration_ms"": 600, ""intended_onset_ms"": 215224.847, ""actual_onset_global_ms"": 215235.026, ""actual_offset_global_ms"": 215834.21, ""actual_duration_ms"": 599.184}]",correct.wav,215230.853,600.0,215830.853,,,,,,,,,,,,,,,,,,,,,,,,,,,,,,,,,,,,,,,,,,,,,,,,,,,,,,,,,,,,,,,,,,,,,,,
35,35_T1_20260520_150610,PA,T1,standard,hci_substudy_v2,1,telemetry_v4,flanker,1,practice_full,practice,2,4,22,practice,incongruent,1779260770,961.483,2026-05-20T15:09:48.851,0,0,0,2,215836.719,215842.674,incongruent,left,right,>><>>,s,j,0,1699.604,217644.616,incorrect,1.0,215936.719,215945.012,217644.616,3000,1699.604,218244.616,"[{""stage_name"": ""fixation"", ""planned_duration_ms"": 100, ""intended_onset_ms"": 215836.719, ""actual_onset_global_ms"": 215842.674, ""actual_offset_global_ms"": 215938.895, ""actual_duration_ms"": 96.221}, {""stage_name"": ""stimulus"", ""planned_duration_ms"": 3000, ""intended_onset_ms"": 215936.719, ""actual_onset_global_ms"": 215945.012, ""actual_offset_global_ms"": 217644.616, ""actual_duration_ms"": 1699.604}, {""stage_name"": ""feedback"", ""planned_duration_ms"": 600, ""intended_onset_ms"": 217644.616, ""actual_onset_global_ms"": 217653.997, ""actual_offset_global_ms"": 218253.187, ""actual_duration_ms"": 599.19}]",incorrect.wav,217650.064,600.0,218250.064,,,,,,,,,,,,,,,,,,,,,,,,,,,,,,,,,,,,,,,,,,,,,,,,,,,,,,,,,,,,,,,,,,,,,,,
35,35_T1_20260520_150610,PA,T1,standard,hci_substudy_v2,1,telemetry_v4,flanker,1,practice_full,practice,2,5,23,practice,incongruent,1779260770,961.483,2026-05-20T15:09:51.270,0,0,0,2,218255.625,218259.667,incongruent,right,left,<<><<,j,j,1,8816.496,227179.812,correct,1.0,218355.625,218363.316,227179.812,3000,8816.496,227779.812,"[{""stage_name"": ""fixation"", ""planned_duration_ms"": 100, ""intended_onset_ms"": 218255.625, ""actual_onset_global_ms"": 218259.667, ""actual_offset_global_ms"": 218358.714, ""actual_duration_ms"": 99.047}, {""stage_name"": ""stimulus"", ""planned_duration_ms"": 3000, ""intended_onset_ms"": 218355.625, ""actual_onset_global_ms"": 218363.316, ""actual_offset_global_ms"": 227179.812, ""actual_duration_ms"": 8816.496}, {""stage_name"": ""feedback"", ""planned_duration_ms"": 600, ""intended_onset_ms"": 227179.812, ""actual_onset_global_ms"": 227184.877, ""actual_offset_global_ms"": 227783.068, ""actual_duration_ms"": 598.191}]",correct.wav,227181.182,600.0,227781.182,,,,,,,,,,,,,,,,,,,,,,,,,,,,,,,,,,,,,,,,,,,,,,,,,,,,,,,,,,,,,,,,,,,,,,,
35,35_T1_20260520_150610,PA,T1,standard,hci_substudy_v2,1,telemetry_v4,flanker,1,practice_full,practice,2,6,24,practice,incongruent,1779260770,961.483,2026-05-20T15:10:00.801,0,0,0,2,227786.984,227792.34,incongruent,right,left,<<><<,j,j,1,4969.983,232865.918,correct,1.0,227886.984,227895.935,232865.918,3000,4969.983,233465.918,"[{""stage_name"": ""fixation"", ""planned_duration_ms"": 100, ""intended_onset_ms"": 227786.984, ""actual_onset_global_ms"": 227792.34, ""actual_offset_global_ms"": 227891.217, ""actual_duration_ms"": 98.877}, {""stage_name"": ""stimulus"", ""planned_duration_ms"": 3000, ""intended_onset_ms"": 227886.984, ""actual_onset_global_ms"": 227895.935, ""actual_offset_global_ms"": 232865.918, ""actual_duration_ms"": 4969.983}, {""stage_name"": ""feedback"", ""planned_duration_ms"": 600, ""intended_onset_ms"": 232865.918, ""actual_onset_global_ms"": 232872.043, ""actual_offset_global_ms"": 233470.602, ""actual_duration_ms"": 598.559}]",correct.wav,232868.379,600.0,233468.379,,,,,,,,,,,,,,,,,,,,,,,,,,,,,,,,,,,,,,,,,,,,,,,,,,,,,,,,,,,,,,,,,,,,,,,
35,35_T1_20260520_150610,PA,T1,standard,hci_substudy_v2,1,telemetry_v4,flanker,1,formal_block_1,formal,1,1,25,formal,congruent,1779260770,961.483,2026-05-20T15:10:12.722,0,0,0,2,239707.254,239713.0,congruent,left,left,<<<<<,s,s,1,2257.895,242074.503,none,,239807.254,239816.608,242074.503,3000,2257.895,242074.503,"[{""stage_name"": ""fixation"", ""planned_duration_ms"": 100, ""intended_onset_ms"": 239707.254, ""actual_onset_global_ms"": 239713.0, ""actual_offset_global_ms"": 239810.551, ""actual_duration_ms"": 97.551}, {""stage_name"": ""stimulus"", ""planned_duration_ms"": 3000, ""intended_onset_ms"": 239807.254, ""actual_onset_global_ms"": 239816.608, ""actual_offset_global_ms"": 242074.503, ""actual_duration_ms"": 2257.895}]",,,,,,,,,,,,,,,,,,,,,,,,,,,,,,,,,,,,,,,,,,,,,,,,,,,,,,,,,,,,,,,,,,,,,,,,,,,
35,35_T1_20260520_150610,PA,T1,standard,hci_substudy_v2,1,telemetry_v4,flanker,1,formal_block_1,formal,1,2,26,formal,incongruent,1779260770,961.483,2026-05-20T15:10:15.097,0,0,0,2,242082.555,242086.272,incongruent,right,left,<<><<,j,j,1,4703.375,246894.534,none,,242182.555,242191.159,246894.534,3000,4703.375,246894.534,"[{""stage_name"": ""fixation"", ""planned_duration_ms"": 100, ""intended_onset_ms"": 242082.555, ""actual_onset_global_ms"": 242086.272, ""actual_offset_global_ms"": 242186.842, ""actual_duration_ms"": 100.57}, {""stage_name"": ""stimulus"", ""planned_duration_ms"": 3000, ""intended_onset_ms"": 242182.555, ""actual_onset_global_ms"": 242191.159, ""actual_offset_global_ms"": 246894.534, ""actual_duration_ms"": 4703.375}]",,,,,,,,,,,,,,,,,,,,,,,,,,,,,,,,,,,,,,,,,,,,,,,,,,,,,,,,,,,,,,,,,,,,,,,,,,,
35,35_T1_20260520_150610,PA,T1,standard,hci_substudy_v2,1,telemetry_v4,flanker,1,formal_block_1,formal,1,3,27,formal,congruent,1779260770,961.483,2026-05-20T15:10:19.916,0,0,0,2,246902.388,246907.376,congruent,right,right,>>>>>,j,j,1,3342.801,250354.489,none,,247002.388,247011.688,250354.489,3000,3342.801,250354.489,"[{""stage_name"": ""fixation"", ""planned_duration_ms"": 100, ""intended_onset_ms"": 246902.388, ""actual_onset_global_ms"": 246907.376, ""actual_offset_global_ms"": 247006.991, ""actual_duration_ms"": 99.615}, {""stage_name"": ""stimulus"", ""planned_duration_ms"": 3000, ""intended_onset_ms"": 247002.388, ""actual_onset_global_ms"": 247011.688, ""actual_offset_global_ms"": 250354.489, ""actual_duration_ms"": 3342.801}]",,,,,,,,,,,,,,,,,,,,,,,,,,,,,,,,,,,,,,,,,,,,,,,,,,,,,,,,,,,,,,,,,,,,,,,,,,,
35,35_T1_20260520_150610,PA,T1,standard,hci_substudy_v2,1,telemetry_v4,flanker,1,formal_block_1,formal,1,4,28,formal,congruent,1779260770,961.483,2026-05-20T15:10:23.373,0,0,0,2,250359.123,250363.414,congruent,left,left,<<<<<,s,s,1,2870.55,253338.461,none,,250459.123,250467.911,253338.461,3000,2870.55,253338.461,"[{""stage_name"": ""fixation"", ""planned_duration_ms"": 100, ""intended_onset_ms"": 250359.123, ""actual_onset_global_ms"": 250363.414, ""actual_offset_global_ms"": 250462.617, ""actual_duration_ms"": 99.203}, {""stage_name"": ""stimulus"", ""planned_duration_ms"": 3000, ""intended_onset_ms"": 250459.123, ""actual_onset_global_ms"": 250467.911, ""actual_offset_global_ms"": 253338.461, ""actual_duration_ms"": 2870.55}]",,,,,,,,,,,,,,,,,,,,,,,,,,,,,,,,,,,,,,,,,,,,,,,,,,,,,,,,,,,,,,,,,,,,,,,,,,,
35,35_T1_20260520_150610,PA,T1,standard,hci_substudy_v2,1,telemetry_v4,flanker,1,formal_block_1,formal,1,5,29,formal,incongruent,1779260770,961.483,2026-05-20T15:10:26.361,0,0,0,2,253347.179,253352.173,incongruent,left,right,>><>>,s,s,1,2561.204,256016.442,none,,253447.179,253455.238,256016.442,3000,2561.204,256016.442,"[{""stage_name"": ""fixation"", ""planned_duration_ms"": 100, ""intended_onset_ms"": 253347.179, ""actual_onset_global_ms"": 253352.173, ""actual_offset_global_ms"": 253448.843, ""actual_duration_ms"": 96.67}, {""stage_name"": ""stimulus"", ""planned_duration_ms"": 3000, ""intended_onset_ms"": 253447.179, ""actual_onset_global_ms"": 253455.238, ""actual_offset_global_ms"": 256016.442, ""actual_duration_ms"": 2561.204}]",,,,,,,,,,,,,,,,,,,,,,,,,,,,,,,,,,,,,,,,,,,,,,,,,,,,,,,,,,,,,,,,,,,,,,,,,,,
35,35_T1_20260520_150610,PA,T1,standard,hci_substudy_v2,1,telemetry_v4,flanker,1,formal_block_1,formal,1,6,30,formal,congruent,1779260770,961.483,2026-05-20T15:10:29.040,0,0,0,2,256025.546,256029.53,congruent,left,left,<<<<<,s,s,1,2162.192,258294.809,none,,256125.546,256132.617,258294.809,3000,2162.192,258294.809,"[{""stage_name"": ""fixation"", ""planned_duration_ms"": 100, ""intended_onset_ms"": 256025.546, ""actual_onset_global_ms"": 256029.53, ""actual_offset_global_ms"": 256128.186, ""actual_duration_ms"": 98.656}, {""stage_name"": ""stimulus"", ""planned_duration_ms"": 3000, ""intended_onset_ms"": 256125.546, ""actual_onset_global_ms"": 256132.617, ""actual_offset_global_ms"": 258294.809, ""actual_duration_ms"": 2162.192}]",,,,,,,,,,,,,,,,,,,,,,,,,,,,,,,,,,,,,,,,,,,,,,,,,,,,,,,,,,,,,,,,,,,,,,,,,,,
35,35_T1_20260520_150610,PA,T1,standard,hci_substudy_v2,1,telemetry_v4,flanker,1,formal_block_1,formal,1,7,31,formal,congruent,1779260770,961.483,2026-05-20T15:10:31.317,0,0,0,2,258302.046,258307.355,congruent,right,right,>>>>>,j,j,1,3087.921,261499.57,none,,258402.046,258411.649,261499.57,3000,3087.921,261499.57,"[{""stage_name"": ""fixation"", ""planned_duration_ms"": 100, ""intended_onset_ms"": 258302.046, ""actual_onset_global_ms"": 258307.355, ""actual_offset_global_ms"": 258405.377, ""actual_duration_ms"": 98.022}, {""stage_name"": ""stimulus"", ""planned_duration_ms"": 3000, ""intended_onset_ms"": 258402.046, ""actual_onset_global_ms"": 258411.649, ""actual_offset_global_ms"": 261499.57, ""actual_duration_ms"": 3087.921}]",,,,,,,,,,,,,,,,,,,,,,,,,,,,,,,,,,,,,,,,,,,,,,,,,,,,,,,,,,,,,,,,,,,,,,,,,,,
35,35_T1_20260520_150610,PA,T1,standard,hci_substudy_v2,1,telemetry_v4,flanker,1,formal_block_1,formal,1,8,32,formal,incongruent,1779260770,961.483,2026-05-20T15:10:34.520,0,0,0,2,261506.157,261510.681,incongruent,left,right,>><>>,s,s,1,3189.475,264804.615,none,,261606.157,261615.14,264804.615,3000,3189.475,264804.615,"[{""stage_name"": ""fixation"", ""planned_duration_ms"": 100, ""intended_onset_ms"": 261506.157, ""actual_onset_global_ms"": 261510.681, ""actual_offset_global_ms"": 261607.781, ""actual_duration_ms"": 97.1}, {""stage_name"": ""stimulus"", ""planned_duration_ms"": 3000, ""intended_onset_ms"": 261606.157, ""actual_onset_global_ms"": 261615.14, ""actual_offset_global_ms"": 264804.615, ""actual_duration_ms"": 3189.475}]",,,,,,,,,,,,,,,,,,,,,,,,,,,,,,,,,,,,,,,,,,,,,,,,,,,,,,,,,,,,,,,,,,,,,,,,,,,
35,35_T1_20260520_150610,PA,T1,standard,hci_substudy_v2,1,telemetry_v4,flanker,1,formal_block_1,formal,1,9,33,formal,incongruent,1779260770,961.483,2026-05-20T15:10:37.827,0,0,0,2,264811.988,264815.669,incongruent,left,right,>><>>,s,s,1,4295.401,269215.683,none,,264911.988,264920.282,269215.683,3000,4295.401,269215.683,"[{""stage_name"": ""fixation"", ""planned_duration_ms"": 100, ""intended_onset_ms"": 264811.988, ""actual_onset_global_ms"": 264815.669, ""actual_offset_global_ms"": 264914.581, ""actual_duration_ms"": 98.912}, {""stage_name"": ""stimulus"", ""planned_duration_ms"": 3000, ""intended_onset_ms"": 264911.988, ""actual_onset_global_ms"": 264920.282, ""actual_offset_global_ms"": 269215.683, ""actual_duration_ms"": 4295.401}]",,,,,,,,,,,,,,,,,,,,,,,,,,,,,,,,,,,,,,,,,,,,,,,,,,,,,,,,,,,,,,,,,,,,,,,,,,,
35,35_T1_20260520_150610,PA,T1,standard,hci_substudy_v2,1,telemetry_v4,flanker,1,formal_block_1,formal,1,10,34,formal,incongruent,1779260770,961.483,2026-05-20T15:10:42.237,0,0,0,2,269223.042,269227.793,incongruent,right,left,<<><<,j,j,1,3051.015,272381.561,none,,269323.042,269330.546,272381.561,3000,3051.015,272381.561,"[{""stage_name"": ""fixation"", ""planned_duration_ms"": 100, ""intended_onset_ms"": 269223.042, ""actual_onset_global_ms"": 269227.793, ""actual_offset_global_ms"": 269324.122, ""actual_duration_ms"": 96.329}, {""stage_name"": ""stimulus"", ""planned_duration_ms"": 3000, ""intended_onset_ms"": 269323.042, ""actual_onset_global_ms"": 269330.546, ""actual_offset_global_ms"": 272381.561, ""actual_duration_ms"": 3051.015}]",,,,,,,,,,,,,,,,,,,,,,,,,,,,,,,,,,,,,,,,,,,,,,,,,,,,,,,,,,,,,,,,,,,,,,,,,,,
35,35_T1_20260520_150610,PA,T1,standard,hci_substudy_v2,1,telemetry_v4,flanker,1,formal_block_1,formal,1,11,35,formal,congruent,1779260770,961.483,2026-05-20T15:10:45.402,0,0,0,2,272387.184,272390.884,congruent,right,right,>>>>>,j,j,1,1854.544,274348.851,none,,272487.184,272494.307,274348.851,3000,1854.544,274348.851,"[{""stage_name"": ""fixation"", ""planned_duration_ms"": 100, ""intended_onset_ms"": 272387.184, ""actual_onset_global_ms"": 272390.884, ""actual_offset_global_ms"": 272489.877, ""actual_duration_ms"": 98.993}, {""stage_name"": ""stimulus"", ""planned_duration_ms"": 3000, ""intended_onset_ms"": 272487.184, ""actual_onset_global_ms"": 272494.307, ""actual_offset_global_ms"": 274348.851, ""actual_duration_ms"": 1854.544}]",,,,,,,,,,,,,,,,,,,,,,,,,,,,,,,,,,,,,,,,,,,,,,,,,,,,,,,,,,,,,,,,,,,,,,,,,,,
35,35_T1_20260520_150610,PA,T1,standard,hci_substudy_v2,1,telemetry_v4,flanker,1,formal_block_1,formal,1,12,36,formal,incongruent,1779260770,961.483,2026-05-20T15:10:47.371,0,0,0,2,274356.281,274360.945,incongruent,left,right,>><>>,s,s,1,2195.028,276659.651,none,,274456.281,274464.623,276659.651,3000,2195.028,276659.651,"[{""stage_name"": ""fixation"", ""planned_duration_ms"": 100, ""intended_onset_ms"": 274356.281, ""actual_onset_global_ms"": 274360.945, ""actual_offset_global_ms"": 274458.137, ""actual_duration_ms"": 97.192}, {""stage_name"": ""stimulus"", ""planned_duration_ms"": 3000, ""intended_onset_ms"": 274456.281, ""actual_onset_global_ms"": 274464.623, ""actual_offset_global_ms"": 276659.651, ""actual_duration_ms"": 2195.028}]",,,,,,,,,,,,,,,,,,,,,,,,,,,,,,,,,,,,,,,,,,,,,,,,,,,,,,,,,,,,,,,,,,,,,,,,,,,
35,35_T1_20260520_150610,PA,T1,standard,hci_substudy_v2,1,telemetry_v4,flanker,1,formal_block_1,formal,1,13,37,formal,incongruent,1779260770,961.483,2026-05-20T15:10:49.681,0,0,0,2,276667.243,276671.986,incongruent,right,left,<<><<,j,j,1,2894.691,279669.877,none,,276767.243,276775.186,279669.877,3000,2894.691,279669.877,"[{""stage_name"": ""fixation"", ""planned_duration_ms"": 100, ""intended_onset_ms"": 276667.243, ""actual_onset_global_ms"": 276671.986, ""actual_offset_global_ms"": 276770.585, ""actual_duration_ms"": 98.599}, {""stage_name"": ""stimulus"", ""planned_duration_ms"": 3000, ""intended_onset_ms"": 276767.243, ""actual_onset_global_ms"": 276775.186, ""actual_offset_global_ms"": 279669.877, ""actual_duration_ms"": 2894.691}]",,,,,,,,,,,,,,,,,,,,,,,,,,,,,,,,,,,,,,,,,,,,,,,,,,,,,,,,,,,,,,,,,,,,,,,,,,,
35,35_T1_20260520_150610,PA,T1,standard,hci_substudy_v2,1,telemetry_v4,flanker,1,formal_block_1,formal,1,14,38,formal,congruent,1779260770,961.483,2026-05-20T15:10:52.692,0,0,0,2,279677.319,279681.657,congruent,right,right,>>>>>,j,j,1,3162.618,282947.567,none,,279777.319,279784.949,282947.567,3000,3162.618,282947.567,"[{""stage_name"": ""fixation"", ""planned_duration_ms"": 100, ""intended_onset_ms"": 279677.319, ""actual_onset_global_ms"": 279681.657, ""actual_offset_global_ms"": 279780.965, ""actual_duration_ms"": 99.308}, {""stage_name"": ""stimulus"", ""planned_duration_ms"": 3000, ""intended_onset_ms"": 279777.319, ""actual_onset_global_ms"": 279784.949, ""actual_offset_global_ms"": 282947.567, ""actual_duration_ms"": 3162.618}]",,,,,,,,,,,,,,,,,,,,,,,,,,,,,,,,,,,,,,,,,,,,,,,,,,,,,,,,,,,,,,,,,,,,,,,,,,,
35,35_T1_20260520_150610,PA,T1,standard,hci_substudy_v2,1,telemetry_v4,flanker,1,formal_block_1,formal,1,15,39,formal,congruent,1779260770,961.483,2026-05-20T15:10:55.969,0,0,0,2,282954.218,282958.797,congruent,left,left,<<<<<,s,s,1,1739.489,284802.672,none,,283054.218,283063.183,284802.672,3000,1739.489,284802.672,"[{""stage_name"": ""fixation"", ""planned_duration_ms"": 100, ""intended_onset_ms"": 282954.218, ""actual_onset_global_ms"": 282958.797, ""actual_offset_global_ms"": 283057.059, ""actual_duration_ms"": 98.262}, {""stage_name"": ""stimulus"", ""planned_duration_ms"": 3000, ""intended_onset_ms"": 283054.218, ""actual_onset_global_ms"": 283063.183, ""actual_offset_global_ms"": 284802.672, ""actual_duration_ms"": 1739.489}]",,,,,,,,,,,,,,,,,,,,,,,,,,,,,,,,,,,,,,,,,,,,,,,,,,,,,,,,,,,,,,,,,,,,,,,,,,,
35,35_T1_20260520_150610,PA,T1,standard,hci_substudy_v2,1,telemetry_v4,flanker,1,formal_block_1,formal,1,16,40,formal,incongruent,1779260770,961.483,2026-05-20T15:10:57.821,0,0,0,2,284806.774,284810.99,incongruent,left,right,>><>>,s,s,1,3084.989,288000.768,none,,284906.774,284915.779,288000.768,3000,3084.989,288000.768,"[{""stage_name"": ""fixation"", ""planned_duration_ms"": 100, ""intended_onset_ms"": 284806.774, ""actual_onset_global_ms"": 284810.99, ""actual_offset_global_ms"": 284911.415, ""actual_duration_ms"": 100.425}, {""stage_name"": ""stimulus"", ""planned_duration_ms"": 3000, ""intended_onset_ms"": 284906.774, ""actual_onset_global_ms"": 284915.779, ""actual_offset_global_ms"": 288000.768, ""actual_duration_ms"": 3084.989}]",,,,,,,,,,,,,,,,,,,,,,,,,,,,,,,,,,,,,,,,,,,,,,,,,,,,,,,,,,,,,,,,,,,,,,,,,,,
35,35_T1_20260520_150610,PA,T1,standard,hci_substudy_v2,1,telemetry_v4,flanker,1,formal_block_1,formal,1,17,41,formal,congruent,1779260770,961.483,2026-05-20T15:11:01.022,0,0,0,2,288007.277,288012.266,congruent,right,right,>>>>>,j,j,1,8360.958,296476.508,none,,288107.277,288115.55,296476.508,3000,8360.958,296476.508,"[{""stage_name"": ""fixation"", ""planned_duration_ms"": 100, ""intended_onset_ms"": 288007.277, ""actual_onset_global_ms"": 288012.266, ""actual_offset_global_ms"": 288110.94, ""actual_duration_ms"": 98.674}, {""stage_name"": ""stimulus"", ""planned_duration_ms"": 3000, ""intended_onset_ms"": 288107.277, ""actual_onset_global_ms"": 288115.55, ""actual_offset_global_ms"": 296476.508, ""actual_duration_ms"": 8360.958}]",,,,,,,,,,,,,,,,,,,,,,,,,,,,,,,,,,,,,,,,,,,,,,,,,,,,,,,,,,,,,,,,,,,,,,,,,,,
35,35_T1_20260520_150610,PA,T1,standard,hci_substudy_v2,1,telemetry_v4,flanker,1,formal_block_1,formal,1,18,42,formal,incongruent,1779260770,961.483,2026-05-20T15:11:09.500,0,0,0,2,296485.76,296489.611,incongruent,right,left,<<><<,j,j,1,2368.588,298961.579,none,,296585.76,296592.991,298961.579,3000,2368.588,298961.579,"[{""stage_name"": ""fixation"", ""planned_duration_ms"": 100, ""intended_onset_ms"": 296485.76, ""actual_onset_global_ms"": 296489.611, ""actual_offset_global_ms"": 296587.122, ""actual_duration_ms"": 97.511}, {""stage_name"": ""stimulus"", ""planned_duration_ms"": 3000, ""intended_onset_ms"": 296585.76, ""actual_onset_global_ms"": 296592.991, ""actual_offset_global_ms"": 298961.579, ""actual_duration_ms"": 2368.588}]",,,,,,,,,,,,,,,,,,,,,,,,,,,,,,,,,,,,,,,,,,,,,,,,,,,,,,,,,,,,,,,,,,,,,,,,,,,
35,35_T1_20260520_150610,PA,T1,standard,hci_substudy_v2,1,telemetry_v4,flanker,1,formal_block_1,formal,1,19,43,formal,congruent,1779260770,961.483,2026-05-20T15:11:11.982,0,0,0,2,298968.459,298973.3,congruent,left,left,<<<<<,s,s,1,1833.715,300910.669,none,,299068.459,299076.954,300910.669,3000,1833.715,300910.669,"[{""stage_name"": ""fixation"", ""planned_duration_ms"": 100, ""intended_onset_ms"": 298968.459, ""actual_onset_global_ms"": 298973.3, ""actual_offset_global_ms"": 299069.587, ""actual_duration_ms"": 96.287}, {""stage_name"": ""stimulus"", ""planned_duration_ms"": 3000, ""intended_onset_ms"": 299068.459, ""actual_onset_global_ms"": 299076.954, ""actual_offset_global_ms"": 300910.669, ""actual_duration_ms"": 1833.715}]",,,,,,,,,,,,,,,,,,,,,,,,,,,,,,,,,,,,,,,,,,,,,,,,,,,,,,,,,,,,,,,,,,,,,,,,,,,
35,35_T1_20260520_150610,PA,T1,standard,hci_substudy_v2,1,telemetry_v4,flanker,1,formal_block_1,formal,1,20,44,formal,incongruent,1779260770,961.483,2026-05-20T15:11:13.931,0,0,0,2,300917.228,300922.129,incongruent,right,left,<<><<,j,j,1,1233.272,302259.013,none,,301017.228,301025.741,302259.013,3000,1233.272,302259.013,"[{""stage_name"": ""fixation"", ""planned_duration_ms"": 100, ""intended_onset_ms"": 300917.228, ""actual_onset_global_ms"": 300922.129, ""actual_offset_global_ms"": 301019.433, ""actual_duration_ms"": 97.304}, {""stage_name"": ""stimulus"", ""planned_duration_ms"": 3000, ""intended_onset_ms"": 301017.228, ""actual_onset_global_ms"": 301025.741, ""actual_offset_global_ms"": 302259.013, ""actual_duration_ms"": 1233.272}]",,,,,,,,,,,,,,,,,,,,,,,,,,,,,,,,,,,,,,,,,,,,,,,,,,,,,,,,,,,,,,,,,,,,,,,,,,,
35,35_T1_20260520_150610,PA,T1,standard,hci_substudy_v2,1,telemetry_v4,flanker,1,formal_block_2,formal,2,1,45,formal,incongruent,1779260770,961.483,2026-05-20T15:11:15.279,0,0,0,2,302264.836,302268.692,incongruent,left,right,>><>>,s,s,1,3513.161,305885.417,none,,302364.836,302372.256,305885.417,3000,3513.161,305885.417,"[{""stage_name"": ""fixation"", ""planned_duration_ms"": 100, ""intended_onset_ms"": 302264.836, ""actual_onset_global_ms"": 302268.692, ""actual_offset_global_ms"": 302365.896, ""actual_duration_ms"": 97.204}, {""stage_name"": ""stimulus"", ""planned_duration_ms"": 3000, ""intended_onset_ms"": 302364.836, ""actual_onset_global_ms"": 302372.256, ""actual_offset_global_ms"": 305885.417, ""actual_duration_ms"": 3513.161}]",,,,,,,,,,,,,,,,,,,,,,,,,,,,,,,,,,,,,,,,,,,,,,,,,,,,,,,,,,,,,,,,,,,,,,,,,,,
35,35_T1_20260520_150610,PA,T1,standard,hci_substudy_v2,1,telemetry_v4,flanker,1,formal_block_2,formal,2,2,46,formal,incongruent,1779260770,961.483,2026-05-20T15:11:18.907,0,0,0,2,305892.534,305897.37,incongruent,right,left,<<><<,j,j,1,814.59,306814.566,none,,305992.534,305999.976,306814.566,3000,814.59,306814.566,"[{""stage_name"": ""fixation"", ""planned_duration_ms"": 100, ""intended_onset_ms"": 305892.534, ""actual_onset_global_ms"": 305897.37, ""actual_offset_global_ms"": 305993.923, ""actual_duration_ms"": 96.553}, {""stage_name"": ""stimulus"", ""planned_duration_ms"": 3000, ""intended_onset_ms"": 305992.534, ""actual_onset_global_ms"": 305999.976, ""actual_offset_global_ms"": 306814.566, ""actual_duration_ms"": 814.59}]",,,,,,,,,,,,,,,,,,,,,,,,,,,,,,,,,,,,,,,,,,,,,,,,,,,,,,,,,,,,,,,,,,,,,,,,,,,
35,35_T1_20260520_150610,PA,T1,standard,hci_substudy_v2,1,telemetry_v4,flanker,1,formal_block_2,formal,2,3,47,formal,congruent,1779260770,961.483,2026-05-20T15:11:19.838,0,0,0,2,306823.443,306827.127,congruent,left,left,<<<<<,s,s,1,1793.753,308725.366,none,,306923.443,306931.613,308725.366,3000,1793.753,308725.366,"[{""stage_name"": ""fixation"", ""planned_duration_ms"": 100, ""intended_onset_ms"": 306823.443, ""actual_onset_global_ms"": 306827.127, ""actual_offset_global_ms"": 306927.489, ""actual_duration_ms"": 100.362}, {""stage_name"": ""stimulus"", ""planned_duration_ms"": 3000, ""intended_onset_ms"": 306923.443, ""actual_onset_global_ms"": 306931.613, ""actual_offset_global_ms"": 308725.366, ""actual_duration_ms"": 1793.753}]",,,,,,,,,,,,,,,,,,,,,,,,,,,,,,,,,,,,,,,,,,,,,,,,,,,,,,,,,,,,,,,,,,,,,,,,,,,
35,35_T1_20260520_150610,PA,T1,standard,hci_substudy_v2,1,telemetry_v4,flanker,1,formal_block_2,formal,2,4,48,formal,congruent,1779260770,961.483,2026-05-20T15:11:21.750,0,0,0,2,308735.696,308740.258,congruent,right,right,>>>>>,j,j,1,869.314,309712.489,none,,308835.696,308843.175,309712.489,3000,869.314,309712.489,"[{""stage_name"": ""fixation"", ""planned_duration_ms"": 100, ""intended_onset_ms"": 308735.696, ""actual_onset_global_ms"": 308740.258, ""actual_offset_global_ms"": 308839.182, ""actual_duration_ms"": 98.924}, {""stage_name"": ""stimulus"", ""planned_duration_ms"": 3000, ""intended_onset_ms"": 308835.696, ""actual_onset_global_ms"": 308843.175, ""actual_offset_global_ms"": 309712.489, ""actual_duration_ms"": 869.314}]",,,,,,,,,,,,,,,,,,,,,,,,,,,,,,,,,,,,,,,,,,,,,,,,,,,,,,,,,,,,,,,,,,,,,,,,,,,
35,35_T1_20260520_150610,PA,T1,standard,hci_substudy_v2,1,telemetry_v4,flanker,1,formal_block_2,formal,2,5,49,formal,congruent,1779260770,961.483,2026-05-20T15:11:22.734,0,0,0,2,309719.472,309723.935,congruent,left,left,<<<<<,s,s,1,750.158,310576.675,none,,309819.472,309826.517,310576.675,3000,750.158,310576.675,"[{""stage_name"": ""fixation"", ""planned_duration_ms"": 100, ""intended_onset_ms"": 309719.472, ""actual_onset_global_ms"": 309723.935, ""actual_offset_global_ms"": 309822.521, ""actual_duration_ms"": 98.586}, {""stage_name"": ""stimulus"", ""planned_duration_ms"": 3000, ""intended_onset_ms"": 309819.472, ""actual_onset_global_ms"": 309826.517, ""actual_offset_global_ms"": 310576.675, ""actual_duration_ms"": 750.158}]",,,,,,,,,,,,,,,,,,,,,,,,,,,,,,,,,,,,,,,,,,,,,,,,,,,,,,,,,,,,,,,,,,,,,,,,,,,
35,35_T1_20260520_150610,PA,T1,standard,hci_substudy_v2,1,telemetry_v4,flanker,1,formal_block_2,formal,2,6,50,formal,incongruent,1779260770,961.483,2026-05-20T15:11:23.597,0,0,0,2,310582.649,310587.369,incongruent,left,right,>><>>,s,s,1,1001.803,311691.914,none,,310682.649,310690.111,311691.914,3000,1001.803,311691.914,"[{""stage_name"": ""fixation"", ""planned_duration_ms"": 100, ""intended_onset_ms"": 310582.649, ""actual_onset_global_ms"": 310587.369, ""actual_offset_global_ms"": 310686.151, ""actual_duration_ms"": 98.782}, {""stage_name"": ""stimulus"", ""planned_duration_ms"": 3000, ""intended_onset_ms"": 310682.649, ""actual_onset_global_ms"": 310690.111, ""actual_offset_global_ms"": 311691.914, ""actual_duration_ms"": 1001.803}]",,,,,,,,,,,,,,,,,,,,,,,,,,,,,,,,,,,,,,,,,,,,,,,,,,,,,,,,,,,,,,,,,,,,,,,,,,,
35,35_T1_20260520_150610,PA,T1,standard,hci_substudy_v2,1,telemetry_v4,flanker,1,formal_block_2,formal,2,7,51,formal,congruent,1779260770,961.483,2026-05-20T15:11:24.716,0,0,0,2,311700.902,311706.008,congruent,right,right,>>>>>,j,j,1,681.622,312491.601,none,,311800.902,311809.979,312491.601,3000,681.622,312491.601,"[{""stage_name"": ""fixation"", ""planned_duration_ms"": 100, ""intended_onset_ms"": 311700.902, ""actual_onset_global_ms"": 311706.008, ""actual_offset_global_ms"": 311804.015, ""actual_duration_ms"": 98.007}, {""stage_name"": ""stimulus"", ""planned_duration_ms"": 3000, ""intended_onset_ms"": 311800.902, ""actual_onset_global_ms"": 311809.979, ""actual_offset_global_ms"": 312491.601, ""actual_duration_ms"": 681.622}]",,,,,,,,,,,,,,,,,,,,,,,,,,,,,,,,,,,,,,,,,,,,,,,,,,,,,,,,,,,,,,,,,,,,,,,,,,,
35,35_T1_20260520_150610,PA,T1,standard,hci_substudy_v2,1,telemetry_v4,flanker,1,formal_block_2,formal,2,8,52,formal,congruent,1779260770,961.483,2026-05-20T15:11:25.515,0,0,0,2,312499.661,312503.699,congruent,left,left,<<<<<,s,s,1,1659.208,314267.419,none,,312599.661,312608.211,314267.419,3000,1659.208,314267.419,"[{""stage_name"": ""fixation"", ""planned_duration_ms"": 100, ""intended_onset_ms"": 312499.661, ""actual_onset_global_ms"": 312503.699, ""actual_offset_global_ms"": 312603.891, ""actual_duration_ms"": 100.192}, {""stage_name"": ""stimulus"", ""planned_duration_ms"": 3000, ""intended_onset_ms"": 312599.661, ""actual_onset_global_ms"": 312608.211, ""actual_offset_global_ms"": 314267.419, ""actual_duration_ms"": 1659.208}]",,,,,,,,,,,,,,,,,,,,,,,,,,,,,,,,,,,,,,,,,,,,,,,,,,,,,,,,,,,,,,,,,,,,,,,,,,,
35,35_T1_20260520_150610,PA,T1,standard,hci_substudy_v2,1,telemetry_v4,flanker,1,formal_block_2,formal,2,9,53,formal,congruent,1779260770,961.483,2026-05-20T15:11:27.289,0,0,0,2,314274.548,314279.394,congruent,right,right,>>>>>,j,j,1,636.697,315020.463,none,,314374.548,314383.766,315020.463,3000,636.697,315020.463,"[{""stage_name"": ""fixation"", ""planned_duration_ms"": 100, ""intended_onset_ms"": 314274.548, ""actual_onset_global_ms"": 314279.394, ""actual_offset_global_ms"": 314379.014, ""actual_duration_ms"": 99.62}, {""stage_name"": ""stimulus"", ""planned_duration_ms"": 3000, ""intended_onset_ms"": 314374.548, ""actual_onset_global_ms"": 314383.766, ""actual_offset_global_ms"": 315020.463, ""actual_duration_ms"": 636.697}]",,,,,,,,,,,,,,,,,,,,,,,,,,,,,,,,,,,,,,,,,,,,,,,,,,,,,,,,,,,,,,,,,,,,,,,,,,,
35,35_T1_20260520_150610,PA,T1,standard,hci_substudy_v2,1,telemetry_v4,flanker,1,formal_block_2,formal,2,10,54,formal,incongruent,1779260770,961.483,2026-05-20T15:11:28.039,0,0,0,2,315024.806,315028.668,incongruent,left,right,>><>>,s,s,1,652.318,315785.629,none,,315124.806,315133.311,315785.629,3000,652.318,315785.629,"[{""stage_name"": ""fixation"", ""planned_duration_ms"": 100, ""intended_onset_ms"": 315024.806, ""actual_onset_global_ms"": 315028.668, ""actual_offset_global_ms"": 315129.301, ""actual_duration_ms"": 100.633}, {""stage_name"": ""stimulus"", ""planned_duration_ms"": 3000, ""intended_onset_ms"": 315124.806, ""actual_onset_global_ms"": 315133.311, ""actual_offset_global_ms"": 315785.629, ""actual_duration_ms"": 652.318}]",,,,,,,,,,,,,,,,,,,,,,,,,,,,,,,,,,,,,,,,,,,,,,,,,,,,,,,,,,,,,,,,,,,,,,,,,,,
35,35_T1_20260520_150610,PA,T1,standard,hci_substudy_v2,1,telemetry_v4,flanker,1,formal_block_2,formal,2,11,55,formal,incongruent,1779260770,961.483,2026-05-20T15:11:28.809,0,0,0,2,315793.914,315797.726,incongruent,right,left,<<><<,j,j,1,1005.001,316906.437,none,,315893.914,315901.436,316906.437,3000,1005.001,316906.437,"[{""stage_name"": ""fixation"", ""planned_duration_ms"": 100, ""intended_onset_ms"": 315793.914, ""actual_onset_global_ms"": 315797.726, ""actual_offset_global_ms"": 315895.704, ""actual_duration_ms"": 97.978}, {""stage_name"": ""stimulus"", ""planned_duration_ms"": 3000, ""intended_onset_ms"": 315893.914, ""actual_onset_global_ms"": 315901.436, ""actual_offset_global_ms"": 316906.437, ""actual_duration_ms"": 1005.001}]",,,,,,,,,,,,,,,,,,,,,,,,,,,,,,,,,,,,,,,,,,,,,,,,,,,,,,,,,,,,,,,,,,,,,,,,,,,
35,35_T1_20260520_150610,PA,T1,standard,hci_substudy_v2,1,telemetry_v4,flanker,1,formal_block_2,formal,2,12,56,formal,congruent,1779260770,961.483,2026-05-20T15:11:29.927,0,0,0,2,316912.433,316917.297,congruent,right,right,>>>>>,j,j,1,1000.953,318022.446,none,,317012.433,317021.493,318022.446,3000,1000.953,318022.446,"[{""stage_name"": ""fixation"", ""planned_duration_ms"": 100, ""intended_onset_ms"": 316912.433, ""actual_onset_global_ms"": 316917.297, ""actual_offset_global_ms"": 317016.617, ""actual_duration_ms"": 99.32}, {""stage_name"": ""stimulus"", ""planned_duration_ms"": 3000, ""intended_onset_ms"": 317012.433, ""actual_onset_global_ms"": 317021.493, ""actual_offset_global_ms"": 318022.446, ""actual_duration_ms"": 1000.953}]",,,,,,,,,,,,,,,,,,,,,,,,,,,,,,,,,,,,,,,,,,,,,,,,,,,,,,,,,,,,,,,,,,,,,,,,,,,
35,35_T1_20260520_150610,PA,T1,standard,hci_substudy_v2,1,telemetry_v4,flanker,1,formal_block_2,formal,2,13,57,formal,congruent,1779260770,961.483,2026-05-20T15:11:31.042,0,0,0,2,318027.265,318031.237,congruent,left,left,<<<<<,s,s,1,743.327,318877.497,none,,318127.265,318134.17,318877.497,3000,743.327,318877.497,"[{""stage_name"": ""fixation"", ""planned_duration_ms"": 100, ""intended_onset_ms"": 318027.265, ""actual_onset_global_ms"": 318031.237, ""actual_offset_global_ms"": 318130.189, ""actual_duration_ms"": 98.952}, {""stage_name"": ""stimulus"", ""planned_duration_ms"": 3000, ""intended_onset_ms"": 318127.265, ""actual_onset_global_ms"": 318134.17, ""actual_offset_global_ms"": 318877.497, ""actual_duration_ms"": 743.327}]",,,,,,,,,,,,,,,,,,,,,,,,,,,,,,,,,,,,,,,,,,,,,,,,,,,,,,,,,,,,,,,,,,,,,,,,,,,
35,35_T1_20260520_150610,PA,T1,standard,hci_substudy_v2,1,telemetry_v4,flanker,1,formal_block_2,formal,2,14,58,formal,incongruent,1779260770,961.483,2026-05-20T15:11:31.897,0,0,0,2,318882.008,318886.856,incongruent,right,left,<<><<,j,j,1,802.62,319792.853,none,,318982.008,318990.233,319792.853,3000,802.62,319792.853,"[{""stage_name"": ""fixation"", ""planned_duration_ms"": 100, ""intended_onset_ms"": 318882.008, ""actual_onset_global_ms"": 318886.856, ""actual_offset_global_ms"": 318984.337, ""actual_duration_ms"": 97.481}, {""stage_name"": ""stimulus"", ""planned_duration_ms"": 3000, ""intended_onset_ms"": 318982.008, ""actual_onset_global_ms"": 318990.233, ""actual_offset_global_ms"": 319792.853, ""actual_duration_ms"": 802.62}]",,,,,,,,,,,,,,,,,,,,,,,,,,,,,,,,,,,,,,,,,,,,,,,,,,,,,,,,,,,,,,,,,,,,,,,,,,,
35,35_T1_20260520_150610,PA,T1,standard,hci_substudy_v2,1,telemetry_v4,flanker,1,formal_block_2,formal,2,15,59,formal,incongruent,1779260770,961.483,2026-05-20T15:11:32.812,0,0,0,2,319798.149,319802.504,incongruent,left,right,>><>>,s,s,1,841.379,320746.404,none,,319898.149,319905.025,320746.404,3000,841.379,320746.404,"[{""stage_name"": ""fixation"", ""planned_duration_ms"": 100, ""intended_onset_ms"": 319798.149, ""actual_onset_global_ms"": 319802.504, ""actual_offset_global_ms"": 319899.209, ""actual_duration_ms"": 96.705}, {""stage_name"": ""stimulus"", ""planned_duration_ms"": 3000, ""intended_onset_ms"": 319898.149, ""actual_onset_global_ms"": 319905.025, ""actual_offset_global_ms"": 320746.404, ""actual_duration_ms"": 841.379}]",,,,,,,,,,,,,,,,,,,,,,,,,,,,,,,,,,,,,,,,,,,,,,,,,,,,,,,,,,,,,,,,,,,,,,,,,,,
35,35_T1_20260520_150610,PA,T1,standard,hci_substudy_v2,1,telemetry_v4,flanker,1,formal_block_2,formal,2,16,60,formal,congruent,1779260770,961.483,2026-05-20T15:11:33.772,0,0,0,2,320756.656,320760.903,congruent,left,left,<<<<<,s,s,1,1686.194,322551.505,none,,320856.656,320865.311,322551.505,3000,1686.194,322551.505,"[{""stage_name"": ""fixation"", ""planned_duration_ms"": 100, ""intended_onset_ms"": 320756.656, ""actual_onset_global_ms"": 320760.903, ""actual_offset_global_ms"": 320861.363, ""actual_duration_ms"": 100.46}, {""stage_name"": ""stimulus"", ""planned_duration_ms"": 3000, ""intended_onset_ms"": 320856.656, ""actual_onset_global_ms"": 320865.311, ""actual_offset_global_ms"": 322551.505, ""actual_duration_ms"": 1686.194}]",,,,,,,,,,,,,,,,,,,,,,,,,,,,,,,,,,,,,,,,,,,,,,,,,,,,,,,,,,,,,,,,,,,,,,,,,,,
35,35_T1_20260520_150610,PA,T1,standard,hci_substudy_v2,1,telemetry_v4,flanker,1,formal_block_2,formal,2,17,61,formal,incongruent,1779260770,961.483,2026-05-20T15:11:35.570,0,0,0,2,322555.921,322561.087,incongruent,right,left,<<><<,j,j,1,2051.56,324716.386,none,,322655.921,322664.826,324716.386,3000,2051.56,324716.386,"[{""stage_name"": ""fixation"", ""planned_duration_ms"": 100, ""intended_onset_ms"": 322555.921, ""actual_onset_global_ms"": 322561.087, ""actual_offset_global_ms"": 322660.43, ""actual_duration_ms"": 99.343}, {""stage_name"": ""stimulus"", ""planned_duration_ms"": 3000, ""intended_onset_ms"": 322655.921, ""actual_onset_global_ms"": 322664.826, ""actual_offset_global_ms"": 324716.386, ""actual_duration_ms"": 2051.56}]",,,,,,,,,,,,,,,,,,,,,,,,,,,,,,,,,,,,,,,,,,,,,,,,,,,,,,,,,,,,,,,,,,,,,,,,,,,
35,35_T1_20260520_150610,PA,T1,standard,hci_substudy_v2,1,telemetry_v4,flanker,1,formal_block_2,formal,2,18,62,formal,incongruent,1779260770,961.483,2026-05-20T15:11:37.736,0,0,0,2,324722.388,324726.324,incongruent,right,left,<<><<,j,s,0,1959.915,326790.436,none,,324822.388,324830.521,326790.436,3000,1959.915,326790.436,"[{""stage_name"": ""fixation"", ""planned_duration_ms"": 100, ""intended_onset_ms"": 324722.388, ""actual_onset_global_ms"": 324726.324, ""actual_offset_global_ms"": 324826.044, ""actual_duration_ms"": 99.72}, {""stage_name"": ""stimulus"", ""planned_duration_ms"": 3000, ""intended_onset_ms"": 324822.388, ""actual_onset_global_ms"": 324830.521, ""actual_offset_global_ms"": 326790.436, ""actual_duration_ms"": 1959.915}]",,,,,,,,,,,,,,,,,,,,,,,,,,,,,,,,,,,,,,,,,,,,,,,,,,,,,,,,,,,,,,,,,,,,,,,,,,,
35,35_T1_20260520_150610,PA,T1,standard,hci_substudy_v2,1,telemetry_v4,flanker,1,formal_block_2,formal,2,19,63,formal,incongruent,1779260770,961.483,2026-05-20T15:11:39.814,0,0,0,2,326799.095,326803.006,incongruent,left,right,>><>>,s,s,1,1776.776,328683.401,none,,326899.095,326906.625,328683.401,3000,1776.776,328683.401,"[{""stage_name"": ""fixation"", ""planned_duration_ms"": 100, ""intended_onset_ms"": 326799.095, ""actual_onset_global_ms"": 326803.006, ""actual_offset_global_ms"": 326900.444, ""actual_duration_ms"": 97.438}, {""stage_name"": ""stimulus"", ""planned_duration_ms"": 3000, ""intended_onset_ms"": 326899.095, ""actual_onset_global_ms"": 326906.625, ""actual_offset_global_ms"": 328683.401, ""actual_duration_ms"": 1776.776}]",,,,,,,,,,,,,,,,,,,,,,,,,,,,,,,,,,,,,,,,,,,,,,,,,,,,,,,,,,,,,,,,,,,,,,,,,,,
35,35_T1_20260520_150610,PA,T1,standard,hci_substudy_v2,1,telemetry_v4,flanker,1,formal_block_2,formal,2,20,64,formal,congruent,1779260770,961.483,2026-05-20T15:11:41.706,0,0,0,2,328691.109,328696.032,congruent,right,right,>>>>>,j,j,1,1959.758,330759.596,none,,328791.109,328799.838,330759.596,3000,1959.758,330759.596,"[{""stage_name"": ""fixation"", ""planned_duration_ms"": 100, ""intended_onset_ms"": 328691.109, ""actual_onset_global_ms"": 328696.032, ""actual_offset_global_ms"": 328793.83, ""actual_duration_ms"": 97.798}, {""stage_name"": ""stimulus"", ""planned_duration_ms"": 3000, ""intended_onset_ms"": 328791.109, ""actual_onset_global_ms"": 328799.838, ""actual_offset_global_ms"": 330759.596, ""actual_duration_ms"": 1959.758}]",,,,,,,,,,,,,,,,,,,,,,,,,,,,,,,,,,,,,,,,,,,,,,,,,,,,,,,,,,,,,,,,,,,,,,,,,,,
35,35_T1_20260520_150610,PA,T1,standard,hci_substudy_v2,1,telemetry_v4,dccs,2,pre_switch_practice,practice,1,1,1,practice,color,1779260770,961.483,2026-05-20T15:12:16.242,0,0,0,1,363227.574,363276.139,,,,,s,s,1,16378.022,381893.429,correct,0.0,363827.574,365515.407,381893.429,3000,16378.022,382043.429,"[{""stage_name"": ""fixation"", ""planned_duration_ms"": 100, ""intended_onset_ms"": 363227.574, ""actual_onset_global_ms"": 363276.139, ""actual_offset_global_ms"": 363332.928, ""actual_duration_ms"": 56.789}, {""stage_name"": ""cue"", ""planned_duration_ms"": 500, ""intended_onset_ms"": 363327.574, ""actual_onset_global_ms"": 363341.635, ""actual_offset_global_ms"": 365512.506, ""actual_duration_ms"": 2170.871}, {""stage_name"": ""stimulus"", ""planned_duration_ms"": 3000, ""intended_onset_ms"": 363827.574, ""actual_onset_global_ms"": 365515.407, ""actual_offset_global_ms"": 381893.429, ""actual_duration_ms"": 16378.022}, {""stage_name"": ""feedback"", ""planned_duration_ms"": 150, ""intended_onset_ms"": 381893.429, ""actual_onset_global_ms"": 381903.521, ""actual_offset_global_ms"": 382051.926, ""actual_duration_ms"": 148.405}]",correct.wav,381897.269,150.0,382397.269,0.0,none,,,0.0,0.0,none,0.0,0.0,0.0,0.0,,,0.0,none,none,0.0,color,cue_color.wav,颜色,363341.837,500.0,364038.399,blue,boat,blue_boat,practice,,color,18551.794,,,,,,,,,,,,,,,,,,,,,,,,,,,,,,,,,,,,,,,,,
35,35_T1_20260520_150610,PA,T1,standard,hci_substudy_v2,1,telemetry_v4,dccs,2,pre_switch_practice,practice,1,2,2,practice,color,1779260770,961.483,2026-05-20T15:12:35.072,0,0,0,1,382057.455,382063.952,,,,,j,s,0,4649.539,388953.497,incorrect,0.0,382657.455,384303.958,388953.497,3000,4649.539,389103.497,"[{""stage_name"": ""fixation"", ""planned_duration_ms"": 100, ""intended_onset_ms"": 382057.455, ""actual_onset_global_ms"": 382063.952, ""actual_offset_global_ms"": 382159.948, ""actual_duration_ms"": 95.996}, {""stage_name"": ""cue"", ""planned_duration_ms"": 500, ""intended_onset_ms"": 382157.455, ""actual_onset_global_ms"": 382165.235, ""actual_offset_global_ms"": 384301.297, ""actual_duration_ms"": 2136.062}, {""stage_name"": ""stimulus"", ""planned_duration_ms"": 3000, ""intended_onset_ms"": 382657.455, ""actual_onset_global_ms"": 384303.958, ""actual_offset_global_ms"": 388953.497, ""actual_duration_ms"": 4649.539}, {""stage_name"": ""feedback"", ""planned_duration_ms"": 150, ""intended_onset_ms"": 388953.497, ""actual_onset_global_ms"": 388963.834, ""actual_offset_global_ms"": 389109.32, ""actual_duration_ms"": 145.486}]",incorrect.wav,388957.583,150.0,389457.583,0.0,none,,,0.0,0.0,none,0.0,0.0,0.0,0.0,,,0.0,none,none,0.0,color,cue_color.wav,颜色,382165.439,500.0,382862.002,red,boat,red_boat,practice,,color,6788.262,,,,,,,,,,,,,,,,,,,,,,,,,,,,,,,,,,,,,,,,,
35,35_T1_20260520_150610,PA,T1,standard,hci_substudy_v2,1,telemetry_v4,dccs,2,pre_switch_practice,practice,1,3,3,practice,color,1779260770,961.483,2026-05-20T15:12:42.128,0,0,0,1,389113.838,389118.265,,,,,s,j,0,7390.04,398770.386,incorrect,0.0,389713.838,391380.346,398770.386,3000,7390.04,398920.386,"[{""stage_name"": ""fixation"", ""planned_duration_ms"": 100, ""intended_onset_ms"": 389113.838, ""actual_onset_global_ms"": 389118.265, ""actual_offset_global_ms"": 389218.734, ""actual_duration_ms"": 100.469}, {""stage_name"": ""cue"", ""planned_duration_ms"": 500, ""intended_onset_ms"": 389213.838, ""actual_onset_global_ms"": 389222.482, ""actual_offset_global_ms"": 391377.238, ""actual_duration_ms"": 2154.756}, {""stage_name"": ""stimulus"", ""planned_duration_ms"": 3000, ""intended_onset_ms"": 389713.838, ""actual_onset_global_ms"": 391380.346, ""actual_offset_global_ms"": 398770.386, ""actual_duration_ms"": 7390.04}, {""stage_name"": ""feedback"", ""planned_duration_ms"": 150, ""intended_onset_ms"": 398770.386, ""actual_onset_global_ms"": 398777.829, ""actual_offset_global_ms"": 398926.44, ""actual_duration_ms"": 148.611}]",incorrect.wav,398773.937,150.0,399273.937,0.0,none,,,0.0,0.0,none,0.0,0.0,0.0,0.0,,,0.0,none,none,0.0,color,cue_color.wav,颜色,389222.692,500.0,389919.254,blue,rabbit,blue_rabbit,practice,,color,9547.904,,,,,,,,,,,,,,,,,,,,,,,,,,,,,,,,,,,,,,,,,
35,35_T1_20260520_150610,PA,T1,standard,hci_substudy_v2,1,telemetry_v4,dccs,2,pre_switch_practice,practice,1,4,4,practice,color,1779260770,961.483,2026-05-20T15:12:51.944,0,0,0,1,398929.166,398934.471,,,,,s,s,1,3011.659,404209.642,correct,0.0,399529.166,401197.983,404209.642,3000,3011.659,404359.642,"[{""stage_name"": ""fixation"", ""planned_duration_ms"": 100, ""intended_onset_ms"": 398929.166, ""actual_onset_global_ms"": 398934.471, ""actual_offset_global_ms"": 399032.403, ""actual_duration_ms"": 97.932}, {""stage_name"": ""cue"", ""planned_duration_ms"": 500, ""intended_onset_ms"": 399029.166, ""actual_onset_global_ms"": 399038.17, ""actual_offset_global_ms"": 401195.246, ""actual_duration_ms"": 2157.076}, {""stage_name"": ""stimulus"", ""planned_duration_ms"": 3000, ""intended_onset_ms"": 399529.166, ""actual_onset_global_ms"": 401197.983, ""actual_offset_global_ms"": 404209.642, ""actual_duration_ms"": 3011.659}, {""stage_name"": ""feedback"", ""planned_duration_ms"": 150, ""intended_onset_ms"": 404209.642, ""actual_onset_global_ms"": 404215.712, ""actual_offset_global_ms"": 404365.994, ""actual_duration_ms"": 150.282}]",correct.wav,404211.241,150.0,404711.241,0.0,none,,,0.0,0.0,none,0.0,0.0,0.0,0.0,,,0.0,none,none,0.0,color,cue_color.wav,颜色,399038.35,500.0,399734.912,blue,rabbit,blue_rabbit,practice,,color,5171.472,,,,,,,,,,,,,,,,,,,,,,,,,,,,,,,,,,,,,,,,,
35,35_T1_20260520_150610,PA,T1,standard,hci_substudy_v2,1,telemetry_v4,dccs,2,pre_switch_practice,practice,1,5,5,practice,color,1779260770,961.483,2026-05-20T15:12:57.383,0,0,0,1,404368.77,404374.282,,,,,j,j,1,3866.446,410514.406,correct,0.0,404968.77,406647.96,410514.406,3000,3866.446,410664.406,"[{""stage_name"": ""fixation"", ""planned_duration_ms"": 100, ""intended_onset_ms"": 404368.77, ""actual_onset_global_ms"": 404374.282, ""actual_offset_global_ms"": 404472.161, ""actual_duration_ms"": 97.879}, {""stage_name"": ""cue"", ""planned_duration_ms"": 500, ""intended_onset_ms"": 404468.77, ""actual_onset_global_ms"": 404477.297, ""actual_offset_global_ms"": 406645.509, ""actual_duration_ms"": 2168.212}, {""stage_name"": ""stimulus"", ""planned_duration_ms"": 3000, ""intended_onset_ms"": 404968.77, ""actual_onset_global_ms"": 406647.96, ""actual_offset_global_ms"": 410514.406, ""actual_duration_ms"": 3866.446}, {""stage_name"": ""feedback"", ""planned_duration_ms"": 150, ""intended_onset_ms"": 410514.406, ""actual_onset_global_ms"": 410519.946, ""actual_offset_global_ms"": 410667.269, ""actual_duration_ms"": 147.323}]",correct.wav,410516.043,150.0,411016.043,0.0,none,,,0.0,0.0,none,0.0,0.0,0.0,0.0,,,0.0,none,none,0.0,color,cue_color.wav,颜色,404477.511,500.0,405174.073,red,rabbit,red_rabbit,practice,,color,6037.109,,,,,,,,,,,,,,,,,,,,,,,,,,,,,,,,,,,,,,,,,
35,35_T1_20260520_150610,PA,T1,standard,hci_substudy_v2,1,telemetry_v4,dccs,2,pre_switch_practice,practice,1,6,6,practice,color,1779260770,961.483,2026-05-20T15:13:03.686,0,0,0,1,410671.887,410675.898,,,,,j,j,1,3512.146,416450.466,correct,0.0,411271.887,412938.32,416450.466,3000,3512.146,416600.466,"[{""stage_name"": ""fixation"", ""planned_duration_ms"": 100, ""intended_onset_ms"": 410671.887, ""actual_onset_global_ms"": 410675.898, ""actual_offset_global_ms"": 410773.668, ""actual_duration_ms"": 97.77}, {""stage_name"": ""cue"", ""planned_duration_ms"": 500, ""intended_onset_ms"": 410771.887, ""actual_onset_global_ms"": 410779.262, ""actual_offset_global_ms"": 412935.249, ""actual_duration_ms"": 2155.987}, {""stage_name"": ""stimulus"", ""planned_duration_ms"": 3000, ""intended_onset_ms"": 411271.887, ""actual_onset_global_ms"": 412938.32, ""actual_offset_global_ms"": 416450.466, ""actual_duration_ms"": 3512.146}, {""stage_name"": ""feedback"", ""planned_duration_ms"": 150, ""intended_onset_ms"": 416450.466, ""actual_onset_global_ms"": 416459.589, ""actual_offset_global_ms"": 416608.031, ""actual_duration_ms"": 148.442}]",correct.wav,416455.014,150.0,416955.014,0.0,none,,,0.0,0.0,none,0.0,0.0,0.0,0.0,,,0.0,none,none,0.0,color,cue_color.wav,颜色,410779.519,500.0,411476.081,red,boat,red_boat,practice,,color,5671.204,,,,,,,,,,,,,,,,,,,,,,,,,,,,,,,,,,,,,,,,,
35,35_T1_20260520_150610,PA,T1,standard,hci_substudy_v2,1,telemetry_v4,dccs,2,post_switch_practice,practice,2,1,7,practice,shape,1779260770,961.483,2026-05-20T15:13:12.264,0,0,0,1,419249.764,419256.739,,,,,s,s,1,4241.313,425936.623,correct,0.0,419849.764,421695.31,425936.623,3000,4241.313,426086.623,"[{""stage_name"": ""fixation"", ""planned_duration_ms"": 100, ""intended_onset_ms"": 419249.764, ""actual_onset_global_ms"": 419256.739, ""actual_offset_global_ms"": 419353.767, ""actual_duration_ms"": 97.028}, {""stage_name"": ""cue"", ""planned_duration_ms"": 500, ""intended_onset_ms"": 419349.764, ""actual_onset_global_ms"": 419365.198, ""actual_offset_global_ms"": 421692.485, ""actual_duration_ms"": 2327.287}, {""stage_name"": ""stimulus"", ""planned_duration_ms"": 3000, ""intended_onset_ms"": 419849.764, ""actual_onset_global_ms"": 421695.31, ""actual_offset_global_ms"": 425936.623, ""actual_duration_ms"": 4241.313}, {""stage_name"": ""feedback"", ""planned_duration_ms"": 150, ""intended_onset_ms"": 425936.623, ""actual_onset_global_ms"": 425942.685, ""actual_offset_global_ms"": 426090.325, ""actual_duration_ms"": 147.64}]",correct.wav,425938.231,150.0,426438.231,0.0,none,,,0.0,0.0,none,0.0,0.0,0.0,0.0,,,0.0,none,none,0.0,shape,cue_shape.wav,形状,419365.688,500.0,420131.938,blue,rabbit,blue_rabbit,practice,,shape,6571.425,,,,,,,,,,,,,,,,,,,,,,,,,,,,,,,,,,,,,,,,,
35,35_T1_20260520_150610,PA,T1,standard,hci_substudy_v2,1,telemetry_v4,dccs,2,post_switch_practice,practice,2,2,8,practice,shape,1779260770,961.483,2026-05-20T15:13:19.109,0,0,0,1,426094.9,426099.332,,,,,s,j,0,1905.628,430428.358,incorrect,0.0,426694.9,428522.73,430428.358,3000,1905.628,430578.358,"[{""stage_name"": ""fixation"", ""planned_duration_ms"": 100, ""intended_onset_ms"": 426094.9, ""actual_onset_global_ms"": 426099.332, ""actual_offset_global_ms"": 426196.199, ""actual_duration_ms"": 96.867}, {""stage_name"": ""cue"", ""planned_duration_ms"": 500, ""intended_onset_ms"": 426194.9, ""actual_onset_global_ms"": 426202.071, ""actual_offset_global_ms"": 428519.45, ""actual_duration_ms"": 2317.379}, {""stage_name"": ""stimulus"", ""planned_duration_ms"": 3000, ""intended_onset_ms"": 426694.9, ""actual_onset_global_ms"": 428522.73, ""actual_offset_global_ms"": 430428.358, ""actual_duration_ms"": 1905.628}, {""stage_name"": ""feedback"", ""planned_duration_ms"": 150, ""intended_onset_ms"": 430428.358, ""actual_onset_global_ms"": 430435.028, ""actual_offset_global_ms"": 430582.154, ""actual_duration_ms"": 147.126}]",incorrect.wav,430430.462,150.0,430930.462,0.0,none,,,0.0,0.0,none,0.0,0.0,0.0,0.0,,,0.0,none,none,0.0,shape,cue_shape.wav,形状,426202.38,500.0,426968.63,red,rabbit,red_rabbit,practice,,shape,4226.287,,,,,,,,,,,,,,,,,,,,,,,,,,,,,,,,,,,,,,,,,
35,35_T1_20260520_150610,PA,T1,standard,hci_substudy_v2,1,telemetry_v4,dccs,2,post_switch_practice,practice,2,3,9,practice,shape,1779260770,961.483,2026-05-20T15:13:23.601,0,0,0,1,430586.654,430592.978,,,,,j,s,0,3703.587,436720.394,incorrect,0.0,431186.654,433016.807,436720.394,3000,3703.587,436870.394,"[{""stage_name"": ""fixation"", ""planned_duration_ms"": 100, ""intended_onset_ms"": 430586.654, ""actual_onset_global_ms"": 430592.978, ""actual_offset_global_ms"": 430689.629, ""actual_duration_ms"": 96.651}, {""stage_name"": ""cue"", ""planned_duration_ms"": 500, ""intended_onset_ms"": 430686.654, ""actual_onset_global_ms"": 430695.468, ""actual_offset_global_ms"": 433013.64, ""actual_duration_ms"": 2318.172}, {""stage_name"": ""stimulus"", ""planned_duration_ms"": 3000, ""intended_onset_ms"": 431186.654, ""actual_onset_global_ms"": 433016.807, ""actual_offset_global_ms"": 436720.394, ""actual_duration_ms"": 3703.587}, {""stage_name"": ""feedback"", ""planned_duration_ms"": 150, ""intended_onset_ms"": 436720.394, ""actual_onset_global_ms"": 436727.669, ""actual_offset_global_ms"": 436877.59, ""actual_duration_ms"": 149.921}]",incorrect.wav,436722.765,150.0,437222.765,0.0,none,,,0.0,0.0,none,0.0,0.0,0.0,0.0,,,0.0,none,none,0.0,shape,cue_shape.wav,形状,430695.666,500.0,431461.916,red,boat,red_boat,practice,,shape,6024.926,,,,,,,,,,,,,,,,,,,,,,,,,,,,,,,,,,,,,,,,,
35,35_T1_20260520_150610,PA,T1,standard,hci_substudy_v2,1,telemetry_v4,dccs,2,post_switch_practice,practice,2,4,10,practice,shape,1779260770,961.483,2026-05-20T15:13:29.894,0,0,0,1,436880.404,436885.277,,,,,j,j,1,4474.213,443734.486,correct,0.0,437480.404,439260.273,443734.486,3000,4474.213,443884.486,"[{""stage_name"": ""fixation"", ""planned_duration_ms"": 100, ""intended_onset_ms"": 436880.404, ""actual_onset_global_ms"": 436885.277, ""actual_offset_global_ms"": 436984.911, ""actual_duration_ms"": 99.634}, {""stage_name"": ""cue"", ""planned_duration_ms"": 500, ""intended_onset_ms"": 436980.404, ""actual_onset_global_ms"": 436988.975, ""actual_offset_global_ms"": 439257.446, ""actual_duration_ms"": 2268.471}, {""stage_name"": ""stimulus"", ""planned_duration_ms"": 3000, ""intended_onset_ms"": 437480.404, ""actual_onset_global_ms"": 439260.273, ""actual_offset_global_ms"": 443734.486, ""actual_duration_ms"": 4474.213}, {""stage_name"": ""feedback"", ""planned_duration_ms"": 150, ""intended_onset_ms"": 443734.486, ""actual_onset_global_ms"": 443743.519, ""actual_offset_global_ms"": 443893.936, ""actual_duration_ms"": 150.417}]",correct.wav,443739.264,150.0,444239.264,0.0,none,,,0.0,0.0,none,0.0,0.0,0.0,0.0,,,0.0,none,none,0.0,shape,cue_shape.wav,形状,436989.186,500.0,437755.436,red,boat,red_boat,practice,,shape,6745.511,,,,,,,,,,,,,,,,,,,,,,,,,,,,,,,,,,,,,,,,,
35,35_T1_20260520_150610,PA,T1,standard,hci_substudy_v2,1,telemetry_v4,dccs,2,post_switch_practice,practice,2,5,11,practice,shape,1779260770,961.483,2026-05-20T15:13:36.911,0,0,0,1,443896.667,443902.693,,,,,s,s,1,1897.915,448189.536,correct,0.0,444496.667,446291.621,448189.536,3000,1897.915,448339.536,"[{""stage_name"": ""fixation"", ""planned_duration_ms"": 100, ""intended_onset_ms"": 443896.667, ""actual_onset_global_ms"": 443902.693, ""actual_offset_global_ms"": 444000.766, ""actual_duration_ms"": 98.073}, {""stage_name"": ""cue"", ""planned_duration_ms"": 500, ""intended_onset_ms"": 443996.667, ""actual_onset_global_ms"": 444006.585, ""actual_offset_global_ms"": 446288.346, ""actual_duration_ms"": 2281.761}, {""stage_name"": ""stimulus"", ""planned_duration_ms"": 3000, ""intended_onset_ms"": 444496.667, ""actual_onset_global_ms"": 446291.621, ""actual_offset_global_ms"": 448189.536, ""actual_duration_ms"": 1897.915}, {""stage_name"": ""feedback"", ""planned_duration_ms"": 150, ""intended_onset_ms"": 448189.536, ""actual_onset_global_ms"": 448196.803, ""actual_offset_global_ms"": 448344.406, ""actual_duration_ms"": 147.603}]",correct.wav,448192.553,150.0,448692.553,0.0,none,,,0.0,0.0,none,0.0,0.0,0.0,0.0,,,0.0,none,none,0.0,shape,cue_shape.wav,形状,444006.775,500.0,444773.025,blue,rabbit,blue_rabbit,practice,,shape,4182.951,,,,,,,,,,,,,,,,,,,,,,,,,,,,,,,,,,,,,,,,,
35,35_T1_20260520_150610,PA,T1,standard,hci_substudy_v2,1,telemetry_v4,dccs,2,post_switch_practice,practice,2,6,12,practice,shape,1779260770,961.483,2026-05-20T15:13:41.363,0,0,0,1,448348.745,448353.454,,,,,j,j,1,1961.856,452675.387,correct,0.0,448948.745,450713.531,452675.387,3000,1961.856,452825.387,"[{""stage_name"": ""fixation"", ""planned_duration_ms"": 100, ""intended_onset_ms"": 448348.745, ""actual_onset_global_ms"": 448353.454, ""actual_offset_global_ms"": 448453.082, ""actual_duration_ms"": 99.628}, {""stage_name"": ""cue"", ""planned_duration_ms"": 500, ""intended_onset_ms"": 448448.745, ""actual_onset_global_ms"": 448456.76, ""actual_offset_global_ms"": 450710.312, ""actual_duration_ms"": 2253.552}, {""stage_name"": ""stimulus"", ""planned_duration_ms"": 3000, ""intended_onset_ms"": 448948.745, ""actual_onset_global_ms"": 450713.531, ""actual_offset_global_ms"": 452675.387, ""actual_duration_ms"": 1961.856}, {""stage_name"": ""feedback"", ""planned_duration_ms"": 150, ""intended_onset_ms"": 452675.387, ""actual_onset_global_ms"": 452683.68, ""actual_offset_global_ms"": 452830.294, ""actual_duration_ms"": 146.614}]",correct.wav,452679.208,150.0,453179.208,0.0,none,,,0.0,0.0,none,0.0,0.0,0.0,0.0,,,0.0,none,none,0.0,shape,cue_shape.wav,形状,448456.962,500.0,449223.212,blue,boat,blue_boat,practice,,shape,4218.627,,,,,,,,,,,,,,,,,,,,,,,,,,,,,,,,,,,,,,,,,
35,35_T1_20260520_150610,PA,T1,standard,hci_substudy_v2,1,telemetry_v4,dccs,2,pre_switch_practice,practice,1,1,13,practice,color,1779260770,961.483,2026-05-20T15:13:47.831,0,0,0,2,454817.122,454822.253,,,,,j,j,1,9123.519,466126.523,correct,0.0,455417.122,457003.004,466126.523,3000,9123.519,466276.523,"[{""stage_name"": ""fixation"", ""planned_duration_ms"": 100, ""intended_onset_ms"": 454817.122, ""actual_onset_global_ms"": 454822.253, ""actual_offset_global_ms"": 454918.17, ""actual_duration_ms"": 95.917}, {""stage_name"": ""cue"", ""planned_duration_ms"": 500, ""intended_onset_ms"": 454917.122, ""actual_onset_global_ms"": 454923.879, ""actual_offset_global_ms"": 457000.477, ""actual_duration_ms"": 2076.598}, {""stage_name"": ""stimulus"", ""planned_duration_ms"": 3000, ""intended_onset_ms"": 455417.122, ""actual_onset_global_ms"": 457003.004, ""actual_offset_global_ms"": 466126.523, ""actual_duration_ms"": 9123.519}, {""stage_name"": ""feedback"", ""planned_duration_ms"": 150, ""intended_onset_ms"": 466126.523, ""actual_onset_global_ms"": 466133.269, ""actual_offset_global_ms"": 466280.133, ""actual_duration_ms"": 146.864}]",correct.wav,466129.052,150.0,466629.052,0.0,none,,,0.0,0.0,none,0.0,0.0,0.0,0.0,,,0.0,none,none,0.0,color,cue_color.wav,颜色,454924.14,500.0,455620.703,red,boat,red_boat,practice,,color,11202.644,,,,,,,,,,,,,,,,,,,,,,,,,,,,,,,,,,,,,,,,,
35,35_T1_20260520_150610,PA,T1,standard,hci_substudy_v2,1,telemetry_v4,dccs,2,pre_switch_practice,practice,1,2,14,practice,color,1779260770,961.483,2026-05-20T15:13:59.299,0,0,0,2,466284.519,466288.384,,,,,j,j,1,4335.913,472837.382,correct,0.0,466884.519,468501.469,472837.382,3000,4335.913,472987.382,"[{""stage_name"": ""fixation"", ""planned_duration_ms"": 100, ""intended_onset_ms"": 466284.519, ""actual_onset_global_ms"": 466288.384, ""actual_offset_global_ms"": 466387.113, ""actual_duration_ms"": 98.729}, {""stage_name"": ""cue"", ""planned_duration_ms"": 500, ""intended_onset_ms"": 466384.519, ""actual_onset_global_ms"": 466390.649, ""actual_offset_global_ms"": 468498.793, ""actual_duration_ms"": 2108.144}, {""stage_name"": ""stimulus"", ""planned_duration_ms"": 3000, ""intended_onset_ms"": 466884.519, ""actual_onset_global_ms"": 468501.469, ""actual_offset_global_ms"": 472837.382, ""actual_duration_ms"": 4335.913}, {""stage_name"": ""feedback"", ""planned_duration_ms"": 150, ""intended_onset_ms"": 472837.382, ""actual_onset_global_ms"": 472842.988, ""actual_offset_global_ms"": 472992.934, ""actual_duration_ms"": 149.946}]",correct.wav,472838.704,150.0,473338.704,0.0,none,,,0.0,0.0,none,0.0,0.0,0.0,0.0,,,0.0,none,none,0.0,color,cue_color.wav,颜色,466390.869,500.0,467087.432,red,boat,red_boat,practice,,color,6446.733,,,,,,,,,,,,,,,,,,,,,,,,,,,,,,,,,,,,,,,,,
35,35_T1_20260520_150610,PA,T1,standard,hci_substudy_v2,1,telemetry_v4,dccs,2,pre_switch_practice,practice,1,3,15,practice,color,1779260770,961.483,2026-05-20T15:14:06.010,0,0,0,2,472995.986,473002.263,,,,,s,s,1,858.642,476100.453,correct,0.0,473595.986,475241.811,476100.453,3000,858.642,476250.453,"[{""stage_name"": ""fixation"", ""planned_duration_ms"": 100, ""intended_onset_ms"": 472995.986, ""actual_onset_global_ms"": 473002.263, ""actual_offset_global_ms"": 473098.897, ""actual_duration_ms"": 96.634}, {""stage_name"": ""cue"", ""planned_duration_ms"": 500, ""intended_onset_ms"": 473095.986, ""actual_onset_global_ms"": 473104.786, ""actual_offset_global_ms"": 475239.157, ""actual_duration_ms"": 2134.371}, {""stage_name"": ""stimulus"", ""planned_duration_ms"": 3000, ""intended_onset_ms"": 473595.986, ""actual_onset_global_ms"": 475241.811, ""actual_offset_global_ms"": 476100.453, ""actual_duration_ms"": 858.642}, {""stage_name"": ""feedback"", ""planned_duration_ms"": 150, ""intended_onset_ms"": 476100.453, ""actual_onset_global_ms"": 476109.113, ""actual_offset_global_ms"": 476256.844, ""actual_duration_ms"": 147.731}]",correct.wav,476104.837,150.0,476604.837,0.0,none,,,0.0,0.0,none,0.0,0.0,0.0,0.0,,,0.0,none,none,0.0,color,cue_color.wav,颜色,473104.998,500.0,473801.561,blue,boat,blue_boat,practice,,color,2995.667,,,,,,,,,,,,,,,,,,,,,,,,,,,,,,,,,,,,,,,,,
35,35_T1_20260520_150610,PA,T1,standard,hci_substudy_v2,1,telemetry_v4,dccs,2,pre_switch_practice,practice,1,4,16,practice,color,1779260770,961.483,2026-05-20T15:14:09.276,0,0,0,2,476261.598,476265.567,,,,,s,j,0,545.465,479062.535,incorrect,0.0,476861.598,478517.07,479062.535,3000,545.465,479212.535,"[{""stage_name"": ""fixation"", ""planned_duration_ms"": 100, ""intended_onset_ms"": 476261.598, ""actual_onset_global_ms"": 476265.567, ""actual_offset_global_ms"": 476366.498, ""actual_duration_ms"": 100.931}, {""stage_name"": ""cue"", ""planned_duration_ms"": 500, ""intended_onset_ms"": 476361.598, ""actual_onset_global_ms"": 476370.968, ""actual_offset_global_ms"": 478514.287, ""actual_duration_ms"": 2143.319}, {""stage_name"": ""stimulus"", ""planned_duration_ms"": 3000, ""intended_onset_ms"": 476861.598, ""actual_onset_global_ms"": 478517.07, ""actual_offset_global_ms"": 479062.535, ""actual_duration_ms"": 545.465}, {""stage_name"": ""feedback"", ""planned_duration_ms"": 150, ""intended_onset_ms"": 479062.535, ""actual_onset_global_ms"": 479070.762, ""actual_offset_global_ms"": 479219.491, ""actual_duration_ms"": 148.729}]",incorrect.wav,479066.481,150.0,479566.481,0.0,none,,,0.0,0.0,none,0.0,0.0,0.0,0.0,,,0.0,none,none,0.0,color,cue_color.wav,颜色,476371.214,500.0,477067.776,blue,rabbit,blue_rabbit,practice,,color,2691.567,,,,,,,,,,,,,,,,,,,,,,,,,,,,,,,,,,,,,,,,,
35,35_T1_20260520_150610,PA,T1,standard,hci_substudy_v2,1,telemetry_v4,dccs,2,pre_switch_practice,practice,1,5,17,practice,color,1779260770,961.483,2026-05-20T15:14:12.238,0,0,0,2,479222.685,479228.131,,,,,j,s,0,4230.755,485697.717,incorrect,0.0,479822.685,481466.962,485697.717,3000,4230.755,485847.717,"[{""stage_name"": ""fixation"", ""planned_duration_ms"": 100, ""intended_onset_ms"": 479222.685, ""actual_onset_global_ms"": 479228.131, ""actual_offset_global_ms"": 479327.44, ""actual_duration_ms"": 99.309}, {""stage_name"": ""cue"", ""planned_duration_ms"": 500, ""intended_onset_ms"": 479322.685, ""actual_onset_global_ms"": 479330.793, ""actual_offset_global_ms"": 481464.105, ""actual_duration_ms"": 2133.312}, {""stage_name"": ""stimulus"", ""planned_duration_ms"": 3000, ""intended_onset_ms"": 479822.685, ""actual_onset_global_ms"": 481466.962, ""actual_offset_global_ms"": 485697.717, ""actual_duration_ms"": 4230.755}, {""stage_name"": ""feedback"", ""planned_duration_ms"": 150, ""intended_onset_ms"": 485697.717, ""actual_onset_global_ms"": 485704.633, ""actual_offset_global_ms"": 485853.801, ""actual_duration_ms"": 149.168}]",incorrect.wav,485700.383,150.0,486200.383,0.0,none,,,0.0,0.0,none,0.0,0.0,0.0,0.0,,,0.0,none,none,0.0,color,cue_color.wav,颜色,479330.977,500.0,480027.54,red,rabbit,red_rabbit,practice,,color,6366.924,,,,,,,,,,,,,,,,,,,,,,,,,,,,,,,,,,,,,,,,,
35,35_T1_20260520_150610,PA,T1,standard,hci_substudy_v2,1,telemetry_v4,dccs,2,pre_switch_practice,practice,1,6,18,practice,color,1779260770,961.483,2026-05-20T15:14:18.872,0,0,0,2,485857.006,485862.152,,,,,s,s,1,2423.105,490521.544,correct,0.0,486457.006,488098.439,490521.544,3000,2423.105,490671.544,"[{""stage_name"": ""fixation"", ""planned_duration_ms"": 100, ""intended_onset_ms"": 485857.006, ""actual_onset_global_ms"": 485862.152, ""actual_offset_global_ms"": 485959.561, ""actual_duration_ms"": 97.409}, {""stage_name"": ""cue"", ""planned_duration_ms"": 500, ""intended_onset_ms"": 485957.006, ""actual_onset_global_ms"": 485965.385, ""actual_offset_global_ms"": 488096.139, ""actual_duration_ms"": 2130.754}, {""stage_name"": ""stimulus"", ""planned_duration_ms"": 3000, ""intended_onset_ms"": 486457.006, ""actual_onset_global_ms"": 488098.439, ""actual_offset_global_ms"": 490521.544, ""actual_duration_ms"": 2423.105}, {""stage_name"": ""feedback"", ""planned_duration_ms"": 150, ""intended_onset_ms"": 490521.544, ""actual_onset_global_ms"": 490526.946, ""actual_offset_global_ms"": 490677.347, ""actual_duration_ms"": 150.401}]",correct.wav,490522.44,150.0,491022.44,0.0,none,,,0.0,0.0,none,0.0,0.0,0.0,0.0,,,0.0,none,none,0.0,color,cue_color.wav,颜色,485965.564,500.0,486662.127,blue,rabbit,blue_rabbit,practice,,color,4556.159,,,,,,,,,,,,,,,,,,,,,,,,,,,,,,,,,,,,,,,,,
35,35_T1_20260520_150610,PA,T1,standard,hci_substudy_v2,1,telemetry_v4,dccs,2,post_switch_practice,practice,2,1,19,practice,shape,1779260770,961.483,2026-05-20T15:14:26.095,0,0,0,2,493080.775,493085.194,,,,,s,s,1,259.889,495771.879,correct,0.0,493680.775,495511.99,495771.879,3000,259.889,495921.879,"[{""stage_name"": ""fixation"", ""planned_duration_ms"": 100, ""intended_onset_ms"": 493080.775, ""actual_onset_global_ms"": 493085.194, ""actual_offset_global_ms"": 493188.024, ""actual_duration_ms"": 102.83}, {""stage_name"": ""cue"", ""planned_duration_ms"": 500, ""intended_onset_ms"": 493180.775, ""actual_onset_global_ms"": 493194.79, ""actual_offset_global_ms"": 495507.748, ""actual_duration_ms"": 2312.958}, {""stage_name"": ""stimulus"", ""planned_duration_ms"": 3000, ""intended_onset_ms"": 493680.775, ""actual_onset_global_ms"": 495511.99, ""actual_offset_global_ms"": 495771.879, ""actual_duration_ms"": 259.889}, {""stage_name"": ""feedback"", ""planned_duration_ms"": 150, ""intended_onset_ms"": 495771.879, ""actual_onset_global_ms"": 495778.477, ""actual_offset_global_ms"": 495926.815, ""actual_duration_ms"": 148.338}]",correct.wav,495773.192,150.0,496273.192,0.0,none,,,0.0,0.0,none,0.0,0.0,0.0,0.0,,,0.0,none,none,0.0,shape,cue_shape.wav,形状,493195.045,500.0,493961.295,blue,rabbit,blue_rabbit,practice,,shape,2577.089,,,,,,,,,,,,,,,,,,,,,,,,,,,,,,,,,,,,,,,,,
35,35_T1_20260520_150610,PA,T1,standard,hci_substudy_v2,1,telemetry_v4,dccs,2,post_switch_practice,practice,2,2,20,practice,shape,1779260770,961.483,2026-05-20T15:14:28.946,0,0,0,2,495931.556,495937.196,,,,,j,j,1,2361.919,500674.408,correct,0.0,496531.556,498312.489,500674.408,3000,2361.919,500824.408,"[{""stage_name"": ""fixation"", ""planned_duration_ms"": 100, ""intended_onset_ms"": 495931.556, ""actual_onset_global_ms"": 495937.196, ""actual_offset_global_ms"": 496035.999, ""actual_duration_ms"": 98.803}, {""stage_name"": ""cue"", ""planned_duration_ms"": 500, ""intended_onset_ms"": 496031.556, ""actual_onset_global_ms"": 496039.935, ""actual_offset_global_ms"": 498309.313, ""actual_duration_ms"": 2269.378}, {""stage_name"": ""stimulus"", ""planned_duration_ms"": 3000, ""intended_onset_ms"": 496531.556, ""actual_onset_global_ms"": 498312.489, ""actual_offset_global_ms"": 500674.408, ""actual_duration_ms"": 2361.919}, {""stage_name"": ""feedback"", ""planned_duration_ms"": 150, ""intended_onset_ms"": 500674.408, ""actual_onset_global_ms"": 500681.247, ""actual_offset_global_ms"": 500830.005, ""actual_duration_ms"": 148.758}]",correct.wav,500677.035,150.0,501177.035,0.0,none,,,0.0,0.0,none,0.0,0.0,0.0,0.0,,,0.0,none,none,0.0,shape,cue_shape.wav,形状,496040.11,500.0,496806.36,red,boat,red_boat,practice,,shape,4634.473,,,,,,,,,,,,,,,,,,,,,,,,,,,,,,,,,,,,,,,,,
35,35_T1_20260520_150610,PA,T1,standard,hci_substudy_v2,1,telemetry_v4,dccs,2,post_switch_practice,practice,2,3,21,practice,shape,1779260770,961.483,2026-05-20T15:14:33.847,0,0,0,2,500833.45,500838.692,,,,,j,j,1,1181.881,504393.196,correct,0.0,501433.45,503211.315,504393.196,3000,1181.881,504543.196,"[{""stage_name"": ""fixation"", ""planned_duration_ms"": 100, ""intended_onset_ms"": 500833.45, ""actual_onset_global_ms"": 500838.692, ""actual_offset_global_ms"": 500935.392, ""actual_duration_ms"": 96.7}, {""stage_name"": ""cue"", ""planned_duration_ms"": 500, ""intended_onset_ms"": 500933.45, ""actual_onset_global_ms"": 500942.04, ""actual_offset_global_ms"": 503208.341, ""actual_duration_ms"": 2266.301}, {""stage_name"": ""stimulus"", ""planned_duration_ms"": 3000, ""intended_onset_ms"": 501433.45, ""actual_onset_global_ms"": 503211.315, ""actual_offset_global_ms"": 504393.196, ""actual_duration_ms"": 1181.881}, {""stage_name"": ""feedback"", ""planned_duration_ms"": 150, ""intended_onset_ms"": 504393.196, ""actual_onset_global_ms"": 504402.55, ""actual_offset_global_ms"": 504549.87, ""actual_duration_ms"": 147.32}]",correct.wav,504398.568,150.0,504898.568,0.0,none,,,0.0,0.0,none,0.0,0.0,0.0,0.0,,,0.0,none,none,0.0,shape,cue_shape.wav,形状,500942.247,500.0,501708.497,red,boat,red_boat,practice,,shape,3451.156,,,,,,,,,,,,,,,,,,,,,,,,,,,,,,,,,,,,,,,,,
35,35_T1_20260520_150610,PA,T1,standard,hci_substudy_v2,1,telemetry_v4,dccs,2,post_switch_practice,practice,2,4,22,practice,shape,1779260770,961.483,2026-05-20T15:14:37.569,0,0,0,2,504554.507,504559.856,,,,,s,s,1,2790.342,509704.517,correct,0.0,505154.507,506914.175,509704.517,3000,2790.342,509854.517,"[{""stage_name"": ""fixation"", ""planned_duration_ms"": 100, ""intended_onset_ms"": 504554.507, ""actual_onset_global_ms"": 504559.856, ""actual_offset_global_ms"": 504658.172, ""actual_duration_ms"": 98.316}, {""stage_name"": ""cue"", ""planned_duration_ms"": 500, ""intended_onset_ms"": 504654.507, ""actual_onset_global_ms"": 504663.862, ""actual_offset_global_ms"": 506910.752, ""actual_duration_ms"": 2246.89}, {""stage_name"": ""stimulus"", ""planned_duration_ms"": 3000, ""intended_onset_ms"": 505154.507, ""actual_onset_global_ms"": 506914.175, ""actual_offset_global_ms"": 509704.517, ""actual_duration_ms"": 2790.342}, {""stage_name"": ""feedback"", ""planned_duration_ms"": 150, ""intended_onset_ms"": 509704.517, ""actual_onset_global_ms"": 509709.863, ""actual_offset_global_ms"": 509856.599, ""actual_duration_ms"": 146.736}]",correct.wav,509705.309,150.0,510205.309,0.0,none,,,0.0,0.0,none,0.0,0.0,0.0,0.0,,,0.0,none,none,0.0,shape,cue_shape.wav,形状,504664.062,500.0,505430.312,red,rabbit,red_rabbit,practice,,shape,5040.655,,,,,,,,,,,,,,,,,,,,,,,,,,,,,,,,,,,,,,,,,
35,35_T1_20260520_150610,PA,T1,standard,hci_substudy_v2,1,telemetry_v4,dccs,2,post_switch_practice,practice,2,5,23,practice,shape,1779260770,961.483,2026-05-20T15:14:42.876,0,0,0,2,509861.619,509866.013,,,,,s,s,1,1093.921,513344.693,correct,0.0,510461.619,512250.772,513344.693,3000,1093.921,513494.693,"[{""stage_name"": ""fixation"", ""planned_duration_ms"": 100, ""intended_onset_ms"": 509861.619, ""actual_onset_global_ms"": 509866.013, ""actual_offset_global_ms"": 509963.662, ""actual_duration_ms"": 97.649}, {""stage_name"": ""cue"", ""planned_duration_ms"": 500, ""intended_onset_ms"": 509961.619, ""actual_onset_global_ms"": 509969.644, ""actual_offset_global_ms"": 512247.102, ""actual_duration_ms"": 2277.458}, {""stage_name"": ""stimulus"", ""planned_duration_ms"": 3000, ""intended_onset_ms"": 510461.619, ""actual_onset_global_ms"": 512250.772, ""actual_offset_global_ms"": 513344.693, ""actual_duration_ms"": 1093.921}, {""stage_name"": ""feedback"", ""planned_duration_ms"": 150, ""intended_onset_ms"": 513344.693, ""actual_onset_global_ms"": 513350.317, ""actual_offset_global_ms"": 513497.724, ""actual_duration_ms"": 147.407}]",correct.wav,513345.852,150.0,513845.852,0.0,none,,,0.0,0.0,none,0.0,0.0,0.0,0.0,,,0.0,none,none,0.0,shape,cue_shape.wav,形状,509969.876,500.0,510736.126,blue,rabbit,blue_rabbit,practice,,shape,3375.049,,,,,,,,,,,,,,,,,,,,,,,,,,,,,,,,,,,,,,,,,
35,35_T1_20260520_150610,PA,T1,standard,hci_substudy_v2,1,telemetry_v4,dccs,2,post_switch_practice,practice,2,6,24,practice,shape,1779260770,961.483,2026-05-20T15:14:46.517,0,0,0,2,513502.872,513508.984,,,,,j,j,1,950.753,516855.298,correct,0.0,514102.872,515904.545,516855.298,3000,950.753,517005.298,"[{""stage_name"": ""fixation"", ""planned_duration_ms"": 100, ""intended_onset_ms"": 513502.872, ""actual_onset_global_ms"": 513508.984, ""actual_offset_global_ms"": 513607.15, ""actual_duration_ms"": 98.166}, {""stage_name"": ""cue"", ""planned_duration_ms"": 500, ""intended_onset_ms"": 513602.872, ""actual_onset_global_ms"": 513613.994, ""actual_offset_global_ms"": 515901.761, ""actual_duration_ms"": 2287.767}, {""stage_name"": ""stimulus"", ""planned_duration_ms"": 3000, ""intended_onset_ms"": 514102.872, ""actual_onset_global_ms"": 515904.545, ""actual_offset_global_ms"": 516855.298, ""actual_duration_ms"": 950.753}, {""stage_name"": ""feedback"", ""planned_duration_ms"": 150, ""intended_onset_ms"": 516855.298, ""actual_onset_global_ms"": 516861.395, ""actual_offset_global_ms"": 517008.531, ""actual_duration_ms"": 147.136}]",correct.wav,516856.653,150.0,517356.653,0.0,none,,,0.0,0.0,none,0.0,0.0,0.0,0.0,,,0.0,none,none,0.0,shape,cue_shape.wav,形状,513614.169,500.0,514380.419,blue,boat,blue_boat,practice,,shape,3241.304,,,,,,,,,,,,,,,,,,,,,,,,,,,,,,,,,,,,,,,,,
35,35_T1_20260520_150610,PA,T1,standard,hci_substudy_v2,1,telemetry_v4,dccs,2,pre_switch_practice,practice,1,1,25,practice,color,1779260770,961.483,2026-05-20T15:14:53.035,0,0,0,3,520021.199,520025.398,,,,,j,s,0,5585.06,527793.432,incorrect,0.0,520621.199,522208.372,527793.432,3000,5585.06,527943.432,"[{""stage_name"": ""fixation"", ""planned_duration_ms"": 100, ""intended_onset_ms"": 520021.199, ""actual_onset_global_ms"": 520025.398, ""actual_offset_global_ms"": 520125.225, ""actual_duration_ms"": 99.827}, {""stage_name"": ""cue"", ""planned_duration_ms"": 500, ""intended_onset_ms"": 520121.199, ""actual_onset_global_ms"": 520128.591, ""actual_offset_global_ms"": 522205.319, ""actual_duration_ms"": 2076.728}, {""stage_name"": ""stimulus"", ""planned_duration_ms"": 3000, ""intended_onset_ms"": 520621.199, ""actual_onset_global_ms"": 522208.372, ""actual_offset_global_ms"": 527793.432, ""actual_duration_ms"": 5585.06}, {""stage_name"": ""feedback"", ""planned_duration_ms"": 150, ""intended_onset_ms"": 527793.432, ""actual_onset_global_ms"": 527802.142, ""actual_offset_global_ms"": 527950.714, ""actual_duration_ms"": 148.572}]",incorrect.wav,527798.254,150.0,528298.254,0.0,none,,,0.0,0.0,none,0.0,0.0,0.0,0.0,,,0.0,none,none,0.0,color,cue_color.wav,颜色,520128.807,500.0,520825.369,red,boat,red_boat,practice,,color,7664.841,,,,,,,,,,,,,,,,,,,,,,,,,,,,,,,,,,,,,,,,,
35,35_T1_20260520_150610,PA,T1,standard,hci_substudy_v2,1,telemetry_v4,dccs,2,pre_switch_practice,practice,1,2,26,practice,color,1779260770,961.483,2026-05-20T15:15:00.969,0,0,0,3,527954.334,527959.372,,,,,j,j,1,3998.069,534163.542,correct,0.0,528554.334,530165.473,534163.542,3000,3998.069,534313.542,"[{""stage_name"": ""fixation"", ""planned_duration_ms"": 100, ""intended_onset_ms"": 527954.334, ""actual_onset_global_ms"": 527959.372, ""actual_offset_global_ms"": 528057.292, ""actual_duration_ms"": 97.92}, {""stage_name"": ""cue"", ""planned_duration_ms"": 500, ""intended_onset_ms"": 528054.334, ""actual_onset_global_ms"": 528062.485, ""actual_offset_global_ms"": 530162.822, ""actual_duration_ms"": 2100.337}, {""stage_name"": ""stimulus"", ""planned_duration_ms"": 3000, ""intended_onset_ms"": 528554.334, ""actual_onset_global_ms"": 530165.473, ""actual_offset_global_ms"": 534163.542, ""actual_duration_ms"": 3998.069}, {""stage_name"": ""feedback"", ""planned_duration_ms"": 150, ""intended_onset_ms"": 534163.542, ""actual_onset_global_ms"": 534170.744, ""actual_offset_global_ms"": 534318.822, ""actual_duration_ms"": 148.078}]",correct.wav,534166.321,150.0,534666.321,0.0,none,,,0.0,0.0,none,0.0,0.0,0.0,0.0,,,0.0,none,none,0.0,color,cue_color.wav,颜色,528062.673,500.0,528759.235,red,boat,red_boat,practice,,color,6101.057,,,,,,,,,,,,,,,,,,,,,,,,,,,,,,,,,,,,,,,,,
35,35_T1_20260520_150610,PA,T1,standard,hci_substudy_v2,1,telemetry_v4,dccs,2,pre_switch_practice,practice,1,3,27,practice,color,1779260770,961.483,2026-05-20T15:15:07.340,0,0,0,3,534324.94,534328.945,,,,,j,j,1,1696.641,538235.455,correct,0.0,534924.94,536538.814,538235.455,3000,1696.641,538385.455,"[{""stage_name"": ""fixation"", ""planned_duration_ms"": 100, ""intended_onset_ms"": 534324.94, ""actual_onset_global_ms"": 534328.945, ""actual_offset_global_ms"": 534426.931, ""actual_duration_ms"": 97.986}, {""stage_name"": ""cue"", ""planned_duration_ms"": 500, ""intended_onset_ms"": 534424.94, ""actual_onset_global_ms"": 534432.572, ""actual_offset_global_ms"": 536536.11, ""actual_duration_ms"": 2103.538}, {""stage_name"": ""stimulus"", ""planned_duration_ms"": 3000, ""intended_onset_ms"": 534924.94, ""actual_onset_global_ms"": 536538.814, ""actual_offset_global_ms"": 538235.455, ""actual_duration_ms"": 1696.641}, {""stage_name"": ""feedback"", ""planned_duration_ms"": 150, ""intended_onset_ms"": 538235.455, ""actual_onset_global_ms"": 538243.5, ""actual_offset_global_ms"": 538390.376, ""actual_duration_ms"": 146.876}]",correct.wav,538239.121,150.0,538739.121,0.0,none,,,0.0,0.0,none,0.0,0.0,0.0,0.0,,,0.0,none,none,0.0,color,cue_color.wav,颜色,534432.772,500.0,535129.334,red,rabbit,red_rabbit,practice,,color,3802.883,,,,,,,,,,,,,,,,,,,,,,,,,,,,,,,,,,,,,,,,,
35,35_T1_20260520_150610,PA,T1,standard,hci_substudy_v2,1,telemetry_v4,dccs,2,pre_switch_practice,practice,1,4,28,practice,color,1779260770,961.483,2026-05-20T15:15:11.410,0,0,0,3,538395.521,538400.448,,,,,s,s,1,3729.514,544356.779,correct,0.0,538995.521,540627.265,544356.779,3000,3729.514,544506.779,"[{""stage_name"": ""fixation"", ""planned_duration_ms"": 100, ""intended_onset_ms"": 538395.521, ""actual_onset_global_ms"": 538400.448, ""actual_offset_global_ms"": 538498.428, ""actual_duration_ms"": 97.98}, {""stage_name"": ""cue"", ""planned_duration_ms"": 500, ""intended_onset_ms"": 538495.521, ""actual_onset_global_ms"": 538504.151, ""actual_offset_global_ms"": 540624.797, ""actual_duration_ms"": 2120.646}, {""stage_name"": ""stimulus"", ""planned_duration_ms"": 3000, ""intended_onset_ms"": 538995.521, ""actual_onset_global_ms"": 540627.265, ""actual_offset_global_ms"": 544356.779, ""actual_duration_ms"": 3729.514}, {""stage_name"": ""feedback"", ""planned_duration_ms"": 150, ""intended_onset_ms"": 544356.779, ""actual_onset_global_ms"": 544364.66, ""actual_offset_global_ms"": 544512.869, ""actual_duration_ms"": 148.209}]",correct.wav,544360.78,150.0,544860.78,0.0,none,,,0.0,0.0,none,0.0,0.0,0.0,0.0,,,0.0,none,none,0.0,color,cue_color.wav,颜色,538504.346,500.0,539200.909,blue,boat,blue_boat,practice,,color,5852.628,,,,,,,,,,,,,,,,,,,,,,,,,,,,,,,,,,,,,,,,,
35,35_T1_20260520_150610,PA,T1,standard,hci_substudy_v2,1,telemetry_v4,dccs,2,pre_switch_practice,practice,1,5,29,practice,color,1779260770,961.483,2026-05-20T15:15:17.532,0,0,0,3,544517.829,544523.237,,,,,s,s,1,1360.077,548106.676,correct,0.0,545117.829,546746.599,548106.676,3000,1360.077,548256.676,"[{""stage_name"": ""fixation"", ""planned_duration_ms"": 100, ""intended_onset_ms"": 544517.829, ""actual_onset_global_ms"": 544523.237, ""actual_offset_global_ms"": 544621.038, ""actual_duration_ms"": 97.801}, {""stage_name"": ""cue"", ""planned_duration_ms"": 500, ""intended_onset_ms"": 544617.829, ""actual_onset_global_ms"": 544626.191, ""actual_offset_global_ms"": 546744.059, ""actual_duration_ms"": 2117.868}, {""stage_name"": ""stimulus"", ""planned_duration_ms"": 3000, ""intended_onset_ms"": 545117.829, ""actual_onset_global_ms"": 546746.599, ""actual_offset_global_ms"": 548106.676, ""actual_duration_ms"": 1360.077}, {""stage_name"": ""feedback"", ""planned_duration_ms"": 150, ""intended_onset_ms"": 548106.676, ""actual_onset_global_ms"": 548113.271, ""actual_offset_global_ms"": 548261.209, ""actual_duration_ms"": 147.938}]",correct.wav,548108.961,150.0,548608.961,0.0,none,,,0.0,0.0,none,0.0,0.0,0.0,0.0,,,0.0,none,none,0.0,color,cue_color.wav,颜色,544626.404,500.0,545322.966,blue,rabbit,blue_rabbit,practice,,color,3480.485,,,,,,,,,,,,,,,,,,,,,,,,,,,,,,,,,,,,,,,,,
35,35_T1_20260520_150610,PA,T1,standard,hci_substudy_v2,1,telemetry_v4,dccs,2,pre_switch_practice,practice,1,6,30,practice,color,1779260770,961.483,2026-05-20T15:15:21.280,0,0,0,3,548266.317,548270.386,,,,,s,s,1,1136.701,551627.666,correct,0.0,548866.317,550490.965,551627.666,3000,1136.701,551777.666,"[{""stage_name"": ""fixation"", ""planned_duration_ms"": 100, ""intended_onset_ms"": 548266.317, ""actual_onset_global_ms"": 548270.386, ""actual_offset_global_ms"": 548367.537, ""actual_duration_ms"": 97.151}, {""stage_name"": ""cue"", ""planned_duration_ms"": 500, ""intended_onset_ms"": 548366.317, ""actual_onset_global_ms"": 548373.551, ""actual_offset_global_ms"": 550488.369, ""actual_duration_ms"": 2114.818}, {""stage_name"": ""stimulus"", ""planned_duration_ms"": 3000, ""intended_onset_ms"": 548866.317, ""actual_onset_global_ms"": 550490.965, ""actual_offset_global_ms"": 551627.666, ""actual_duration_ms"": 1136.701}, {""stage_name"": ""feedback"", ""planned_duration_ms"": 150, ""intended_onset_ms"": 551627.666, ""actual_onset_global_ms"": 551634.556, ""actual_offset_global_ms"": 551782.717, ""actual_duration_ms"": 148.161}]",correct.wav,551630.437,150.0,552130.437,0.0,none,,,0.0,0.0,none,0.0,0.0,0.0,0.0,,,0.0,none,none,0.0,color,cue_color.wav,颜色,548373.747,500.0,549070.309,blue,rabbit,blue_rabbit,practice,,color,3254.115,,,,,,,,,,,,,,,,,,,,,,,,,,,,,,,,,,,,,,,,,
35,35_T1_20260520_150610,PA,T1,standard,hci_substudy_v2,1,telemetry_v4,dccs,2,post_switch_practice,practice,2,1,31,practice,shape,1779260770,961.483,2026-05-20T15:15:26.385,0,0,0,3,553371.466,553376.28,,,,,j,s,0,4359.864,560116.579,incorrect,0.0,553971.466,555756.715,560116.579,3000,4359.864,560266.579,"[{""stage_name"": ""fixation"", ""planned_duration_ms"": 100, ""intended_onset_ms"": 553371.466, ""actual_onset_global_ms"": 553376.28, ""actual_offset_global_ms"": 553476.169, ""actual_duration_ms"": 99.889}, {""stage_name"": ""cue"", ""planned_duration_ms"": 500, ""intended_onset_ms"": 553471.466, ""actual_onset_global_ms"": 553479.797, ""actual_offset_global_ms"": 555753.753, ""actual_duration_ms"": 2273.956}, {""stage_name"": ""stimulus"", ""planned_duration_ms"": 3000, ""intended_onset_ms"": 553971.466, ""actual_onset_global_ms"": 555756.715, ""actual_offset_global_ms"": 560116.579, ""actual_duration_ms"": 4359.864}, {""stage_name"": ""feedback"", ""planned_duration_ms"": 150, ""intended_onset_ms"": 560116.579, ""actual_onset_global_ms"": 560123.535, ""actual_offset_global_ms"": 560274.337, ""actual_duration_ms"": 150.802}]",incorrect.wav,560119.494,150.0,560619.494,0.0,none,,,0.0,0.0,none,0.0,0.0,0.0,0.0,,,0.0,none,none,0.0,shape,cue_shape.wav,形状,553480.021,500.0,554246.271,red,boat,red_boat,practice,,shape,6636.782,,,,,,,,,,,,,,,,,,,,,,,,,,,,,,,,,,,,,,,,,
35,35_T1_20260520_150610,PA,T1,standard,hci_substudy_v2,1,telemetry_v4,dccs,2,post_switch_practice,practice,2,2,32,practice,shape,1779260770,961.483,2026-05-20T15:15:33.292,0,0,0,3,560277.851,560282.281,,,,,s,s,1,5228.828,567854.324,correct,0.0,560877.851,562625.496,567854.324,3000,5228.828,568004.324,"[{""stage_name"": ""fixation"", ""planned_duration_ms"": 100, ""intended_onset_ms"": 560277.851, ""actual_onset_global_ms"": 560282.281, ""actual_offset_global_ms"": 560380.017, ""actual_duration_ms"": 97.736}, {""stage_name"": ""cue"", ""planned_duration_ms"": 500, ""intended_onset_ms"": 560377.851, ""actual_onset_global_ms"": 560385.717, ""actual_offset_global_ms"": 562622.727, ""actual_duration_ms"": 2237.01}, {""stage_name"": ""stimulus"", ""planned_duration_ms"": 3000, ""intended_onset_ms"": 560877.851, ""actual_onset_global_ms"": 562625.496, ""actual_offset_global_ms"": 567854.324, ""actual_duration_ms"": 5228.828}, {""stage_name"": ""feedback"", ""planned_duration_ms"": 150, ""intended_onset_ms"": 567854.324, ""actual_onset_global_ms"": 567860.807, ""actual_offset_global_ms"": 568009.357, ""actual_duration_ms"": 148.55}]",correct.wav,567856.454,150.0,568356.454,0.0,none,,,0.0,0.0,none,0.0,0.0,0.0,0.0,,,0.0,none,none,0.0,shape,cue_shape.wav,形状,560385.902,500.0,561152.152,red,rabbit,red_rabbit,practice,,shape,7468.607,,,,,,,,,,,,,,,,,,,,,,,,,,,,,,,,,,,,,,,,,
35,35_T1_20260520_150610,PA,T1,standard,hci_substudy_v2,1,telemetry_v4,dccs,2,post_switch_practice,practice,2,3,33,practice,shape,1779260770,961.483,2026-05-20T15:15:41.028,0,0,0,3,568013.679,568019.247,,,,,j,j,1,603.58,570959.309,correct,0.0,568613.679,570355.729,570959.309,3000,603.58,571109.309,"[{""stage_name"": ""fixation"", ""planned_duration_ms"": 100, ""intended_onset_ms"": 568013.679, ""actual_onset_global_ms"": 568019.247, ""actual_offset_global_ms"": 568118.752, ""actual_duration_ms"": 99.505}, {""stage_name"": ""cue"", ""planned_duration_ms"": 500, ""intended_onset_ms"": 568113.679, ""actual_onset_global_ms"": 568122.933, ""actual_offset_global_ms"": 570352.927, ""actual_duration_ms"": 2229.994}, {""stage_name"": ""stimulus"", ""planned_duration_ms"": 3000, ""intended_onset_ms"": 568613.679, ""actual_onset_global_ms"": 570355.729, ""actual_offset_global_ms"": 570959.309, ""actual_duration_ms"": 603.58}, {""stage_name"": ""feedback"", ""planned_duration_ms"": 150, ""intended_onset_ms"": 570959.309, ""actual_onset_global_ms"": 570967.385, ""actual_offset_global_ms"": 571117.468, ""actual_duration_ms"": 150.083}]",correct.wav,570963.352,150.0,571463.352,0.0,none,,,0.0,0.0,none,0.0,0.0,0.0,0.0,,,0.0,none,none,0.0,shape,cue_shape.wav,形状,568123.12,500.0,568889.37,blue,boat,blue_boat,practice,,shape,2836.376,,,,,,,,,,,,,,,,,,,,,,,,,,,,,,,,,,,,,,,,,
35,35_T1_20260520_150610,PA,T1,standard,hci_substudy_v2,1,telemetry_v4,dccs,2,post_switch_practice,practice,2,4,34,practice,shape,1779260770,961.483,2026-05-20T15:15:44.135,0,0,0,3,571120.834,571125.267,,,,,s,s,1,1927.768,575395.495,correct,0.0,571720.834,573467.727,575395.495,3000,1927.768,575545.495,"[{""stage_name"": ""fixation"", ""planned_duration_ms"": 100, ""intended_onset_ms"": 571120.834, ""actual_onset_global_ms"": 571125.267, ""actual_offset_global_ms"": 571225.275, ""actual_duration_ms"": 100.008}, {""stage_name"": ""cue"", ""planned_duration_ms"": 500, ""intended_onset_ms"": 571220.834, ""actual_onset_global_ms"": 571228.875, ""actual_offset_global_ms"": 573464.77, ""actual_duration_ms"": 2235.895}, {""stage_name"": ""stimulus"", ""planned_duration_ms"": 3000, ""intended_onset_ms"": 571720.834, ""actual_onset_global_ms"": 573467.727, ""actual_offset_global_ms"": 575395.495, ""actual_duration_ms"": 1927.768}, {""stage_name"": ""feedback"", ""planned_duration_ms"": 150, ""intended_onset_ms"": 575395.495, ""actual_onset_global_ms"": 575404.803, ""actual_offset_global_ms"": 575552.396, ""actual_duration_ms"": 147.593}]",correct.wav,575400.582,150.0,575900.582,0.0,none,,,0.0,0.0,none,0.0,0.0,0.0,0.0,,,0.0,none,none,0.0,shape,cue_shape.wav,形状,571229.083,500.0,571995.333,blue,rabbit,blue_rabbit,practice,,shape,4166.62,,,,,,,,,,,,,,,,,,,,,,,,,,,,,,,,,,,,,,,,,
35,35_T1_20260520_150610,PA,T1,standard,hci_substudy_v2,1,telemetry_v4,dccs,2,post_switch_practice,practice,2,5,35,practice,shape,1779260770,961.483,2026-05-20T15:15:48.572,0,0,0,3,575557.499,575562.96,,,,,s,j,0,664.91,578567.244,incorrect,0.0,576157.499,577902.334,578567.244,3000,664.91,578717.244,"[{""stage_name"": ""fixation"", ""planned_duration_ms"": 100, ""intended_onset_ms"": 575557.499, ""actual_onset_global_ms"": 575562.96, ""actual_offset_global_ms"": 575662.983, ""actual_duration_ms"": 100.023}, {""stage_name"": ""cue"", ""planned_duration_ms"": 500, ""intended_onset_ms"": 575657.499, ""actual_onset_global_ms"": 575666.608, ""actual_offset_global_ms"": 577899.709, ""actual_duration_ms"": 2233.101}, {""stage_name"": ""stimulus"", ""planned_duration_ms"": 3000, ""intended_onset_ms"": 576157.499, ""actual_onset_global_ms"": 577902.334, ""actual_offset_global_ms"": 578567.244, ""actual_duration_ms"": 664.91}, {""stage_name"": ""feedback"", ""planned_duration_ms"": 150, ""intended_onset_ms"": 578567.244, ""actual_onset_global_ms"": 578574.021, ""actual_offset_global_ms"": 578723.374, ""actual_duration_ms"": 149.353}]",incorrect.wav,578569.207,150.0,579069.207,0.0,none,,,0.0,0.0,none,0.0,0.0,0.0,0.0,,,0.0,none,none,0.0,shape,cue_shape.wav,形状,575666.801,500.0,576433.051,blue,rabbit,blue_rabbit,practice,,shape,2900.636,,,,,,,,,,,,,,,,,,,,,,,,,,,,,,,,,,,,,,,,,
35,35_T1_20260520_150610,PA,T1,standard,hci_substudy_v2,1,telemetry_v4,dccs,2,post_switch_practice,practice,2,6,36,practice,shape,1779260770,961.483,2026-05-20T15:15:51.741,0,0,0,3,578726.903,578731.266,,,,,j,j,1,1139.891,582226.53,correct,0.0,579326.903,581086.639,582226.53,3000,1139.891,582376.53,"[{""stage_name"": ""fixation"", ""planned_duration_ms"": 100, ""intended_onset_ms"": 578726.903, ""actual_onset_global_ms"": 578731.266, ""actual_offset_global_ms"": 578828.444, ""actual_duration_ms"": 97.178}, {""stage_name"": ""cue"", ""planned_duration_ms"": 500, ""intended_onset_ms"": 578826.903, ""actual_onset_global_ms"": 578834.419, ""actual_offset_global_ms"": 581083.769, ""actual_duration_ms"": 2249.35}, {""stage_name"": ""stimulus"", ""planned_duration_ms"": 3000, ""intended_onset_ms"": 579326.903, ""actual_onset_global_ms"": 581086.639, ""actual_offset_global_ms"": 582226.53, ""actual_duration_ms"": 1139.891}, {""stage_name"": ""feedback"", ""planned_duration_ms"": 150, ""intended_onset_ms"": 582226.53, ""actual_onset_global_ms"": 582236.618, ""actual_offset_global_ms"": 582386.566, ""actual_duration_ms"": 149.948}]",correct.wav,582232.092,150.0,582732.092,0.0,none,,,0.0,0.0,none,0.0,0.0,0.0,0.0,,,0.0,none,none,0.0,shape,cue_shape.wav,形状,578834.638,500.0,579600.888,red,boat,red_boat,practice,,shape,3392.111,,,,,,,,,,,,,,,,,,,,,,,,,,,,,,,,,,,,,,,,,
35,35_T1_20260520_150610,PA,T1,standard,hci_substudy_v2,1,telemetry_v4,dccs,2,pre_switch_practice,practice,1,1,37,practice,color,1779260770,961.483,2026-05-20T15:15:56.954,0,0,0,4,583939.866,583944.851,,,,,j,j,1,3235.446,589361.433,correct,1.0,584539.866,586125.987,589361.433,3000,3235.446,589511.433,"[{""stage_name"": ""fixation"", ""planned_duration_ms"": 100, ""intended_onset_ms"": 583939.866, ""actual_onset_global_ms"": 583944.851, ""actual_offset_global_ms"": 584041.922, ""actual_duration_ms"": 97.071}, {""stage_name"": ""cue"", ""planned_duration_ms"": 500, ""intended_onset_ms"": 584039.866, ""actual_onset_global_ms"": 584047.317, ""actual_offset_global_ms"": 586122.724, ""actual_duration_ms"": 2075.407}, {""stage_name"": ""stimulus"", ""planned_duration_ms"": 3000, ""intended_onset_ms"": 584539.866, ""actual_onset_global_ms"": 586125.987, ""actual_offset_global_ms"": 589361.433, ""actual_duration_ms"": 3235.446}, {""stage_name"": ""feedback"", ""planned_duration_ms"": 150, ""intended_onset_ms"": 589361.433, ""actual_onset_global_ms"": 589367.389, ""actual_offset_global_ms"": 589514.311, ""actual_duration_ms"": 146.922}]",correct.wav,589363.159,150.0,589863.159,0.0,none,,,0.0,0.0,none,0.0,0.0,0.0,0.0,,,0.0,none,none,0.0,color,cue_color.wav,颜色,584047.532,500.0,584744.095,red,boat,red_boat,practice,,color,5314.116,,,,,,,,,,,,,,,,,,,,,,,,,,,,,,,,,,,,,,,,,
35,35_T1_20260520_150610,PA,T1,standard,hci_substudy_v2,1,telemetry_v4,dccs,2,pre_switch_practice,practice,1,2,38,practice,color,1779260770,961.483,2026-05-20T15:16:02.534,0,0,0,4,589519.481,589523.497,,,,,j,j,1,394.767,592150.445,correct,1.0,590119.481,591755.678,592150.445,3000,394.767,592300.445,"[{""stage_name"": ""fixation"", ""planned_duration_ms"": 100, ""intended_onset_ms"": 589519.481, ""actual_onset_global_ms"": 589523.497, ""actual_offset_global_ms"": 589623.86, ""actual_duration_ms"": 100.363}, {""stage_name"": ""cue"", ""planned_duration_ms"": 500, ""intended_onset_ms"": 589619.481, ""actual_onset_global_ms"": 589627.053, ""actual_offset_global_ms"": 591752.891, ""actual_duration_ms"": 2125.838}, {""stage_name"": ""stimulus"", ""planned_duration_ms"": 3000, ""intended_onset_ms"": 590119.481, ""actual_onset_global_ms"": 591755.678, ""actual_offset_global_ms"": 592150.445, ""actual_duration_ms"": 394.767}, {""stage_name"": ""feedback"", ""planned_duration_ms"": 150, ""intended_onset_ms"": 592150.445, ""actual_onset_global_ms"": 592159.002, ""actual_offset_global_ms"": 592309.102, ""actual_duration_ms"": 150.1}]",correct.wav,592155.23,150.0,592655.23,0.0,none,,,0.0,0.0,none,0.0,0.0,0.0,0.0,,,0.0,none,none,0.0,color,cue_color.wav,颜色,589627.226,500.0,590323.789,red,rabbit,red_rabbit,practice,,color,2523.392,,,,,,,,,,,,,,,,,,,,,,,,,,,,,,,,,,,,,,,,,
35,35_T1_20260520_150610,PA,T1,standard,hci_substudy_v2,1,telemetry_v4,dccs,2,pre_switch_practice,practice,1,3,39,practice,color,1779260770,961.483,2026-05-20T15:16:05.328,0,0,0,4,592313.273,592318.562,,,,,s,s,1,757.777,595296.363,correct,1.0,592913.273,594538.586,595296.363,3000,757.777,595446.363,"[{""stage_name"": ""fixation"", ""planned_duration_ms"": 100, ""intended_onset_ms"": 592313.273, ""actual_onset_global_ms"": 592318.562, ""actual_offset_global_ms"": 592414.441, ""actual_duration_ms"": 95.879}, {""stage_name"": ""cue"", ""planned_duration_ms"": 500, ""intended_onset_ms"": 592413.273, ""actual_onset_global_ms"": 592419.606, ""actual_offset_global_ms"": 594535.899, ""actual_duration_ms"": 2116.293}, {""stage_name"": ""stimulus"", ""planned_duration_ms"": 3000, ""intended_onset_ms"": 592913.273, ""actual_onset_global_ms"": 594538.586, ""actual_offset_global_ms"": 595296.363, ""actual_duration_ms"": 757.777}, {""stage_name"": ""feedback"", ""planned_duration_ms"": 150, ""intended_onset_ms"": 595296.363, ""actual_onset_global_ms"": 595305.065, ""actual_offset_global_ms"": 595453.131, ""actual_duration_ms"": 148.066}]",correct.wav,595301.303,150.0,595801.303,0.0,none,,,0.0,0.0,none,0.0,0.0,0.0,0.0,,,0.0,none,none,0.0,color,cue_color.wav,颜色,592419.786,500.0,593116.348,blue,rabbit,blue_rabbit,practice,,color,2876.757,,,,,,,,,,,,,,,,,,,,,,,,,,,,,,,,,,,,,,,,,
35,35_T1_20260520_150610,PA,T1,standard,hci_substudy_v2,1,telemetry_v4,dccs,2,pre_switch_practice,practice,1,4,40,practice,color,1779260770,961.483,2026-05-20T15:16:08.473,0,0,0,4,595458.777,595463.927,,,,,s,s,1,758.829,598481.699,correct,1.0,596058.777,597722.87,598481.699,3000,758.829,598631.699,"[{""stage_name"": ""fixation"", ""planned_duration_ms"": 100, ""intended_onset_ms"": 595458.777, ""actual_onset_global_ms"": 595463.927, ""actual_offset_global_ms"": 595560.774, ""actual_duration_ms"": 96.847}, {""stage_name"": ""cue"", ""planned_duration_ms"": 500, ""intended_onset_ms"": 595558.777, ""actual_onset_global_ms"": 595566.253, ""actual_offset_global_ms"": 597719.978, ""actual_duration_ms"": 2153.725}, {""stage_name"": ""stimulus"", ""planned_duration_ms"": 3000, ""intended_onset_ms"": 596058.777, ""actual_onset_global_ms"": 597722.87, ""actual_offset_global_ms"": 598481.699, ""actual_duration_ms"": 758.829}, {""stage_name"": ""feedback"", ""planned_duration_ms"": 150, ""intended_onset_ms"": 598481.699, ""actual_onset_global_ms"": 598490.766, ""actual_offset_global_ms"": 598638.631, ""actual_duration_ms"": 147.865}]",correct.wav,598486.592,150.0,598986.592,0.0,none,,,0.0,0.0,none,0.0,0.0,0.0,0.0,,,0.0,none,none,0.0,color,cue_color.wav,颜色,595566.472,500.0,596263.034,blue,rabbit,blue_rabbit,practice,,color,2915.446,,,,,,,,,,,,,,,,,,,,,,,,,,,,,,,,,,,,,,,,,
35,35_T1_20260520_150610,PA,T1,standard,hci_substudy_v2,1,telemetry_v4,dccs,2,pre_switch_practice,practice,1,5,41,practice,color,1779260770,961.483,2026-05-20T15:16:11.659,0,0,0,4,598644.339,598648.204,,,,,j,j,1,506.052,601371.836,correct,1.0,599244.339,600865.784,601371.836,3000,506.052,601521.836,"[{""stage_name"": ""fixation"", ""planned_duration_ms"": 100, ""intended_onset_ms"": 598644.339, ""actual_onset_global_ms"": 598648.204, ""actual_offset_global_ms"": 598748.613, ""actual_duration_ms"": 100.409}, {""stage_name"": ""cue"", ""planned_duration_ms"": 500, ""intended_onset_ms"": 598744.339, ""actual_onset_global_ms"": 598752.68, ""actual_offset_global_ms"": 600862.981, ""actual_duration_ms"": 2110.301}, {""stage_name"": ""stimulus"", ""planned_duration_ms"": 3000, ""intended_onset_ms"": 599244.339, ""actual_onset_global_ms"": 600865.784, ""actual_offset_global_ms"": 601371.836, ""actual_duration_ms"": 506.052}, {""stage_name"": ""feedback"", ""planned_duration_ms"": 150, ""intended_onset_ms"": 601371.836, ""actual_onset_global_ms"": 601377.246, ""actual_offset_global_ms"": 601524.389, ""actual_duration_ms"": 147.143}]",correct.wav,601373.17,150.0,601873.17,0.0,none,,,0.0,0.0,none,0.0,0.0,0.0,0.0,,,0.0,none,none,0.0,color,cue_color.wav,颜色,598753.015,500.0,599449.578,red,boat,red_boat,practice,,color,2619.156,,,,,,,,,,,,,,,,,,,,,,,,,,,,,,,,,,,,,,,,,
35,35_T1_20260520_150610,PA,T1,standard,hci_substudy_v2,1,telemetry_v4,dccs,2,pre_switch_practice,practice,1,6,42,practice,color,1779260770,961.483,2026-05-20T15:16:14.545,0,0,0,4,601529.799,601535.094,,,,,s,s,1,1297.816,605066.442,correct,1.0,602129.799,603768.626,605066.442,3000,1297.816,605216.442,"[{""stage_name"": ""fixation"", ""planned_duration_ms"": 100, ""intended_onset_ms"": 601529.799, ""actual_onset_global_ms"": 601535.094, ""actual_offset_global_ms"": 601634.319, ""actual_duration_ms"": 99.225}, {""stage_name"": ""cue"", ""planned_duration_ms"": 500, ""intended_onset_ms"": 601629.799, ""actual_onset_global_ms"": 601638.203, ""actual_offset_global_ms"": 603765.397, ""actual_duration_ms"": 2127.194}, {""stage_name"": ""stimulus"", ""planned_duration_ms"": 3000, ""intended_onset_ms"": 602129.799, ""actual_onset_global_ms"": 603768.626, ""actual_offset_global_ms"": 605066.442, ""actual_duration_ms"": 1297.816}, {""stage_name"": ""feedback"", ""planned_duration_ms"": 150, ""intended_onset_ms"": 605066.442, ""actual_onset_global_ms"": 605072.813, ""actual_offset_global_ms"": 605222.519, ""actual_duration_ms"": 149.706}]",correct.wav,605068.718,150.0,605568.718,0.0,none,,,0.0,0.0,none,0.0,0.0,0.0,0.0,,,0.0,none,none,0.0,color,cue_color.wav,颜色,601638.444,500.0,602335.007,blue,boat,blue_boat,practice,,color,3428.239,,,,,,,,,,,,,,,,,,,,,,,,,,,,,,,,,,,,,,,,,
35,35_T1_20260520_150610,PA,T1,standard,hci_substudy_v2,1,telemetry_v4,dccs,2,post_switch_practice,practice,2,1,43,practice,shape,1779260770,961.483,2026-05-20T15:16:19.501,0,0,0,4,606487.185,606491.811,,,,,s,s,1,7562.628,616453.268,correct,1.0,607087.185,608890.64,616453.268,3000,7562.628,616603.268,"[{""stage_name"": ""fixation"", ""planned_duration_ms"": 100, ""intended_onset_ms"": 606487.185, ""actual_onset_global_ms"": 606491.811, ""actual_offset_global_ms"": 606590.013, ""actual_duration_ms"": 98.202}, {""stage_name"": ""cue"", ""planned_duration_ms"": 500, ""intended_onset_ms"": 606587.185, ""actual_onset_global_ms"": 606596.244, ""actual_offset_global_ms"": 608887.504, ""actual_duration_ms"": 2291.26}, {""stage_name"": ""stimulus"", ""planned_duration_ms"": 3000, ""intended_onset_ms"": 607087.185, ""actual_onset_global_ms"": 608890.64, ""actual_offset_global_ms"": 616453.268, ""actual_duration_ms"": 7562.628}, {""stage_name"": ""feedback"", ""planned_duration_ms"": 150, ""intended_onset_ms"": 616453.268, ""actual_onset_global_ms"": 616459.906, ""actual_offset_global_ms"": 616609.281, ""actual_duration_ms"": 149.375}]",correct.wav,616455.241,150.0,616955.241,0.0,none,,,0.0,0.0,none,0.0,0.0,0.0,0.0,,,0.0,none,none,0.0,shape,cue_shape.wav,形状,606596.459,500.0,607362.709,blue,rabbit,blue_rabbit,practice,,shape,9857.024,,,,,,,,,,,,,,,,,,,,,,,,,,,,,,,,,,,,,,,,,
35,35_T1_20260520_150610,PA,T1,standard,hci_substudy_v2,1,telemetry_v4,dccs,2,post_switch_practice,practice,2,2,44,practice,shape,1779260770,961.483,2026-05-20T15:16:29.627,0,0,0,4,616613.089,616617.595,,,,,j,j,1,745.118,619707.487,correct,1.0,617213.089,618962.369,619707.487,3000,745.118,619857.487,"[{""stage_name"": ""fixation"", ""planned_duration_ms"": 100, ""intended_onset_ms"": 616613.089, ""actual_onset_global_ms"": 616617.595, ""actual_offset_global_ms"": 616716.524, ""actual_duration_ms"": 98.929}, {""stage_name"": ""cue"", ""planned_duration_ms"": 500, ""intended_onset_ms"": 616713.089, ""actual_onset_global_ms"": 616720.84, ""actual_offset_global_ms"": 618959.313, ""actual_duration_ms"": 2238.473}, {""stage_name"": ""stimulus"", ""planned_duration_ms"": 3000, ""intended_onset_ms"": 617213.089, ""actual_onset_global_ms"": 618962.369, ""actual_offset_global_ms"": 619707.487, ""actual_duration_ms"": 745.118}, {""stage_name"": ""feedback"", ""planned_duration_ms"": 150, ""intended_onset_ms"": 619707.487, ""actual_onset_global_ms"": 619716.167, ""actual_offset_global_ms"": 619862.885, ""actual_duration_ms"": 146.718}]",correct.wav,619711.815,150.0,620211.815,0.0,none,,,0.0,0.0,none,0.0,0.0,0.0,0.0,,,0.0,none,none,0.0,shape,cue_shape.wav,形状,616721.031,500.0,617487.281,red,boat,red_boat,practice,,shape,2986.647,,,,,,,,,,,,,,,,,,,,,,,,,,,,,,,,,,,,,,,,,
35,35_T1_20260520_150610,PA,T1,standard,hci_substudy_v2,1,telemetry_v4,dccs,2,post_switch_practice,practice,2,3,45,practice,shape,1779260770,961.483,2026-05-20T15:16:32.882,0,0,0,4,619868.322,619872.649,,,,,j,j,1,720.259,622974.392,correct,1.0,620468.322,622254.133,622974.392,3000,720.259,623124.392,"[{""stage_name"": ""fixation"", ""planned_duration_ms"": 100, ""intended_onset_ms"": 619868.322, ""actual_onset_global_ms"": 619872.649, ""actual_offset_global_ms"": 619970.036, ""actual_duration_ms"": 97.387}, {""stage_name"": ""cue"", ""planned_duration_ms"": 500, ""intended_onset_ms"": 619968.322, ""actual_onset_global_ms"": 619975.7, ""actual_offset_global_ms"": 622251.301, ""actual_duration_ms"": 2275.601}, {""stage_name"": ""stimulus"", ""planned_duration_ms"": 3000, ""intended_onset_ms"": 620468.322, ""actual_onset_global_ms"": 622254.133, ""actual_offset_global_ms"": 622974.392, ""actual_duration_ms"": 720.259}, {""stage_name"": ""feedback"", ""planned_duration_ms"": 150, ""intended_onset_ms"": 622974.392, ""actual_onset_global_ms"": 622980.323, ""actual_offset_global_ms"": 623127.416, ""actual_duration_ms"": 147.093}]",correct.wav,622976.077,150.0,623476.077,0.0,none,,,0.0,0.0,none,0.0,0.0,0.0,0.0,,,0.0,none,none,0.0,shape,cue_shape.wav,形状,619975.886,500.0,620742.136,red,boat,red_boat,practice,,shape,2998.692,,,,,,,,,,,,,,,,,,,,,,,,,,,,,,,,,,,,,,,,,
35,35_T1_20260520_150610,PA,T1,standard,hci_substudy_v2,1,telemetry_v4,dccs,2,post_switch_practice,practice,2,4,46,practice,shape,1779260770,961.483,2026-05-20T15:16:36.148,0,0,0,4,623133.67,623138.98,,,,,j,j,1,811.535,626287.536,correct,1.0,623733.67,625476.001,626287.536,3000,811.535,626437.536,"[{""stage_name"": ""fixation"", ""planned_duration_ms"": 100, ""intended_onset_ms"": 623133.67, ""actual_onset_global_ms"": 623138.98, ""actual_offset_global_ms"": 623235.348, ""actual_duration_ms"": 96.368}, {""stage_name"": ""cue"", ""planned_duration_ms"": 500, ""intended_onset_ms"": 623233.67, ""actual_onset_global_ms"": 623241.319, ""actual_offset_global_ms"": 625472.747, ""actual_duration_ms"": 2231.428}, {""stage_name"": ""stimulus"", ""planned_duration_ms"": 3000, ""intended_onset_ms"": 623733.67, ""actual_onset_global_ms"": 625476.001, ""actual_offset_global_ms"": 626287.536, ""actual_duration_ms"": 811.535}, {""stage_name"": ""feedback"", ""planned_duration_ms"": 150, ""intended_onset_ms"": 626287.536, ""actual_onset_global_ms"": 626295.487, ""actual_offset_global_ms"": 626445.586, ""actual_duration_ms"": 150.099}]",correct.wav,626291.244,150.0,626791.244,0.0,none,,,0.0,0.0,none,0.0,0.0,0.0,0.0,,,0.0,none,none,0.0,shape,cue_shape.wav,形状,623241.508,500.0,624007.758,blue,boat,blue_boat,practice,,shape,3046.217,,,,,,,,,,,,,,,,,,,,,,,,,,,,,,,,,,,,,,,,,
35,35_T1_20260520_150610,PA,T1,standard,hci_substudy_v2,1,telemetry_v4,dccs,2,post_switch_practice,practice,2,5,47,practice,shape,1779260770,961.483,2026-05-20T15:16:39.464,0,0,0,4,626449.554,626454.061,,,,,s,s,1,1758.276,630540.47,correct,1.0,627049.554,628782.194,630540.47,3000,1758.276,630690.47,"[{""stage_name"": ""fixation"", ""planned_duration_ms"": 100, ""intended_onset_ms"": 626449.554, ""actual_onset_global_ms"": 626454.061, ""actual_offset_global_ms"": 626551.053, ""actual_duration_ms"": 96.992}, {""stage_name"": ""cue"", ""planned_duration_ms"": 500, ""intended_onset_ms"": 626549.554, ""actual_onset_global_ms"": 626556.559, ""actual_offset_global_ms"": 628779.12, ""actual_duration_ms"": 2222.561}, {""stage_name"": ""stimulus"", ""planned_duration_ms"": 3000, ""intended_onset_ms"": 627049.554, ""actual_onset_global_ms"": 628782.194, ""actual_offset_global_ms"": 630540.47, ""actual_duration_ms"": 1758.276}, {""stage_name"": ""feedback"", ""planned_duration_ms"": 150, ""intended_onset_ms"": 630540.47, ""actual_onset_global_ms"": 630547.094, ""actual_offset_global_ms"": 630697.167, ""actual_duration_ms"": 150.073}]",correct.wav,630542.734,150.0,631042.734,0.0,none,,,0.0,0.0,none,0.0,0.0,0.0,0.0,,,0.0,none,none,0.0,shape,cue_shape.wav,形状,626556.769,500.0,627323.019,red,rabbit,red_rabbit,practice,,shape,3983.911,,,,,,,,,,,,,,,,,,,,,,,,,,,,,,,,,,,,,,,,,
35,35_T1_20260520_150610,PA,T1,standard,hci_substudy_v2,1,telemetry_v4,dccs,2,post_switch_practice,practice,2,6,48,practice,shape,1779260770,961.483,2026-05-20T15:16:43.716,0,0,0,4,630701.123,630705.264,,,,,s,s,1,720.607,633764.365,correct,1.0,631301.123,633043.758,633764.365,3000,720.607,633914.365,"[{""stage_name"": ""fixation"", ""planned_duration_ms"": 100, ""intended_onset_ms"": 630701.123, ""actual_onset_global_ms"": 630705.264, ""actual_offset_global_ms"": 630802.504, ""actual_duration_ms"": 97.24}, {""stage_name"": ""cue"", ""planned_duration_ms"": 500, ""intended_onset_ms"": 630801.123, ""actual_onset_global_ms"": 630808.054, ""actual_offset_global_ms"": 633040.916, ""actual_duration_ms"": 2232.862}, {""stage_name"": ""stimulus"", ""planned_duration_ms"": 3000, ""intended_onset_ms"": 631301.123, ""actual_onset_global_ms"": 633043.758, ""actual_offset_global_ms"": 633764.365, ""actual_duration_ms"": 720.607}, {""stage_name"": ""feedback"", ""planned_duration_ms"": 150, ""intended_onset_ms"": 633764.365, ""actual_onset_global_ms"": 633771.535, ""actual_offset_global_ms"": 633921.797, ""actual_duration_ms"": 150.262}]",correct.wav,633766.893,150.0,634266.893,0.0,none,,,0.0,0.0,none,0.0,0.0,0.0,0.0,,,0.0,none,none,0.0,shape,cue_shape.wav,形状,630808.229,500.0,631574.479,blue,rabbit,blue_rabbit,practice,,shape,2956.311,,,,,,,,,,,,,,,,,,,,,,,,,,,,,,,,,,,,,,,,,
35,35_T1_20260520_150610,PA,T1,standard,hci_substudy_v2,1,telemetry_v4,dccs,2,mixed_formal,formal,1,1,49,formal,color,1779260770,961.483,2026-05-20T15:16:51.727,0,0,0,4,638712.073,638716.233,,,,,j,j,1,3351.042,644257.591,none,,639312.073,640906.549,644257.591,3000,3351.042,644257.591,"[{""stage_name"": ""fixation"", ""planned_duration_ms"": 100, ""intended_onset_ms"": 638712.073, ""actual_onset_global_ms"": 638716.233, ""actual_offset_global_ms"": 638814.277, ""actual_duration_ms"": 98.044}, {""stage_name"": ""cue"", ""planned_duration_ms"": 500, ""intended_onset_ms"": 638812.073, ""actual_onset_global_ms"": 638819.367, ""actual_offset_global_ms"": 640904.052, ""actual_duration_ms"": 2084.685}, {""stage_name"": ""stimulus"", ""planned_duration_ms"": 3000, ""intended_onset_ms"": 639312.073, ""actual_onset_global_ms"": 640906.549, ""actual_offset_global_ms"": 644257.591, ""actual_duration_ms"": 3351.042}]",,,,,0.0,none,,,0.0,0.0,none,0.0,0.0,0.0,0.0,,,0.0,none,none,0.0,color,cue_color.wav,颜色,638819.556,500.0,639516.118,red,boat,red_boat,first,,color,5438.224,,,,,,,,,,,,,,,,,,,,,,,,,,,,,,,,,,,,,,,,,
35,35_T1_20260520_150610,PA,T1,standard,hci_substudy_v2,1,telemetry_v4,dccs,2,mixed_formal,formal,1,2,50,formal,shape,1779260770,961.483,2026-05-20T15:16:57.278,0,0,0,4,644263.163,644267.659,,,,,s,s,1,1700.84,648295.452,none,,644863.163,646594.612,648295.452,3000,1700.84,648295.452,"[{""stage_name"": ""fixation"", ""planned_duration_ms"": 100, ""intended_onset_ms"": 644263.163, ""actual_onset_global_ms"": 644267.659, ""actual_offset_global_ms"": 644365.821, ""actual_duration_ms"": 98.162}, {""stage_name"": ""cue"", ""planned_duration_ms"": 500, ""intended_onset_ms"": 644363.163, ""actual_onset_global_ms"": 644372.59, ""actual_offset_global_ms"": 646591.792, ""actual_duration_ms"": 2219.202}, {""stage_name"": ""stimulus"", ""planned_duration_ms"": 3000, ""intended_onset_ms"": 644863.163, ""actual_onset_global_ms"": 646594.612, ""actual_offset_global_ms"": 648295.452, ""actual_duration_ms"": 1700.84}]",,,,,0.0,none,,,0.0,0.0,none,0.0,0.0,0.0,0.0,,,0.0,none,none,0.0,shape,cue_shape.wav,形状,644372.836,500.0,645139.086,red,rabbit,red_rabbit,switch,color,shape,3922.862,,,,,,,,,,,,,,,,,,,,,,,,,,,,,,,,,,,,,,,,,
35,35_T1_20260520_150610,PA,T1,standard,hci_substudy_v2,1,telemetry_v4,dccs,2,mixed_formal,formal,1,3,51,formal,color,1779260770,961.483,2026-05-20T15:17:01.318,0,0,0,4,648303.357,648308.488,,,,,j,j,1,3199.792,653672.36,none,,648903.357,650472.568,653672.36,3000,3199.792,653672.36,"[{""stage_name"": ""fixation"", ""planned_duration_ms"": 100, ""intended_onset_ms"": 648303.357, ""actual_onset_global_ms"": 648308.488, ""actual_offset_global_ms"": 648406.072, ""actual_duration_ms"": 97.584}, {""stage_name"": ""cue"", ""planned_duration_ms"": 500, ""intended_onset_ms"": 648403.357, ""actual_onset_global_ms"": 648411.632, ""actual_offset_global_ms"": 650469.853, ""actual_duration_ms"": 2058.221}, {""stage_name"": ""stimulus"", ""planned_duration_ms"": 3000, ""intended_onset_ms"": 648903.357, ""actual_onset_global_ms"": 650472.568, ""actual_offset_global_ms"": 653672.36, ""actual_duration_ms"": 3199.792}]",,,,,0.0,none,,,0.0,0.0,none,0.0,0.0,0.0,0.0,,,0.0,none,none,0.0,color,cue_color.wav,颜色,648411.826,500.0,649108.389,red,boat,red_boat,switch,shape,color,5260.728,,,,,,,,,,,,,,,,,,,,,,,,,,,,,,,,,,,,,,,,,
35,35_T1_20260520_150610,PA,T1,standard,hci_substudy_v2,1,telemetry_v4,dccs,2,mixed_formal,formal,1,4,52,formal,color,1779260770,961.483,2026-05-20T15:17:06.695,0,0,0,4,653680.092,653684.381,,,,,j,s,0,1696.781,657551.214,none,,654280.092,655854.433,657551.214,3000,1696.781,657551.214,"[{""stage_name"": ""fixation"", ""planned_duration_ms"": 100, ""intended_onset_ms"": 653680.092, ""actual_onset_global_ms"": 653684.381, ""actual_offset_global_ms"": 653783.272, ""actual_duration_ms"": 98.891}, {""stage_name"": ""cue"", ""planned_duration_ms"": 500, ""intended_onset_ms"": 653780.092, ""actual_onset_global_ms"": 653786.388, ""actual_offset_global_ms"": 655851.938, ""actual_duration_ms"": 2065.55}, {""stage_name"": ""stimulus"", ""planned_duration_ms"": 3000, ""intended_onset_ms"": 654280.092, ""actual_onset_global_ms"": 655854.433, ""actual_offset_global_ms"": 657551.214, ""actual_duration_ms"": 1696.781}]",,,,,0.0,none,,,0.0,0.0,none,0.0,0.0,0.0,0.0,,,0.0,none,none,0.0,color,cue_color.wav,颜色,653786.591,500.0,654483.154,red,rabbit,red_rabbit,repeat,color,color,3764.826,,,,,,,,,,,,,,,,,,,,,,,,,,,,,,,,,,,,,,,,,
35,35_T1_20260520_150610,PA,T1,standard,hci_substudy_v2,1,telemetry_v4,dccs,2,mixed_formal,formal,1,5,53,formal,shape,1779260770,961.483,2026-05-20T15:17:10.571,0,0,0,4,657557.386,657561.956,,,,,j,j,1,855.946,660762.268,none,,658157.386,659906.322,660762.268,3000,855.946,660762.268,"[{""stage_name"": ""fixation"", ""planned_duration_ms"": 100, ""intended_onset_ms"": 657557.386, ""actual_onset_global_ms"": 657561.956, ""actual_offset_global_ms"": 657658.532, ""actual_duration_ms"": 96.576}, {""stage_name"": ""cue"", ""planned_duration_ms"": 500, ""intended_onset_ms"": 657657.386, ""actual_onset_global_ms"": 657663.972, ""actual_offset_global_ms"": 659903.429, ""actual_duration_ms"": 2239.457}, {""stage_name"": ""stimulus"", ""planned_duration_ms"": 3000, ""intended_onset_ms"": 658157.386, ""actual_onset_global_ms"": 659906.322, ""actual_offset_global_ms"": 660762.268, ""actual_duration_ms"": 855.946}]",,,,,0.0,none,,,0.0,0.0,none,0.0,0.0,0.0,0.0,,,0.0,none,none,0.0,shape,cue_shape.wav,形状,657664.183,500.0,658430.433,red,boat,red_boat,switch,color,shape,3098.296,,,,,,,,,,,,,,,,,,,,,,,,,,,,,,,,,,,,,,,,,
35,35_T1_20260520_150610,PA,T1,standard,hci_substudy_v2,1,telemetry_v4,dccs,2,mixed_formal,formal,1,6,54,formal,color,1779260770,961.483,2026-05-20T15:17:13.785,0,0,0,4,660770.561,660774.675,,,,,s,j,0,1402.707,664354.65,none,,661370.561,662951.943,664354.65,3000,1402.707,664354.65,"[{""stage_name"": ""fixation"", ""planned_duration_ms"": 100, ""intended_onset_ms"": 660770.561, ""actual_onset_global_ms"": 660774.675, ""actual_offset_global_ms"": 660874.61, ""actual_duration_ms"": 99.935}, {""stage_name"": ""cue"", ""planned_duration_ms"": 500, ""intended_onset_ms"": 660870.561, ""actual_onset_global_ms"": 660877.941, ""actual_offset_global_ms"": 662948.691, ""actual_duration_ms"": 2070.75}, {""stage_name"": ""stimulus"", ""planned_duration_ms"": 3000, ""intended_onset_ms"": 661370.561, ""actual_onset_global_ms"": 662951.943, ""actual_offset_global_ms"": 664354.65, ""actual_duration_ms"": 1402.707}]",,,,,0.0,none,,,0.0,0.0,none,0.0,0.0,0.0,0.0,,,0.0,none,none,0.0,color,cue_color.wav,颜色,660878.142,500.0,661574.704,blue,boat,blue_boat,switch,shape,color,3476.709,,,,,,,,,,,,,,,,,,,,,,,,,,,,,,,,,,,,,,,,,
35,35_T1_20260520_150610,PA,T1,standard,hci_substudy_v2,1,telemetry_v4,dccs,2,mixed_formal,formal,1,7,55,formal,shape,1779260770,961.483,2026-05-20T15:17:17.376,0,0,0,4,664361.381,664366.182,,,,,s,s,1,1172.074,667877.448,none,,664961.381,666705.374,667877.448,3000,1172.074,667877.448,"[{""stage_name"": ""fixation"", ""planned_duration_ms"": 100, ""intended_onset_ms"": 664361.381, ""actual_onset_global_ms"": 664366.182, ""actual_offset_global_ms"": 664465.353, ""actual_duration_ms"": 99.171}, {""stage_name"": ""cue"", ""planned_duration_ms"": 500, ""intended_onset_ms"": 664461.381, ""actual_onset_global_ms"": 664469.542, ""actual_offset_global_ms"": 666702.231, ""actual_duration_ms"": 2232.689}, {""stage_name"": ""stimulus"", ""planned_duration_ms"": 3000, ""intended_onset_ms"": 664961.381, ""actual_onset_global_ms"": 666705.374, ""actual_offset_global_ms"": 667877.448, ""actual_duration_ms"": 1172.074}]",,,,,0.0,none,,,0.0,0.0,none,0.0,0.0,0.0,0.0,,,0.0,none,none,0.0,shape,cue_shape.wav,形状,664469.779,500.0,665236.029,red,rabbit,red_rabbit,switch,color,shape,3407.906,,,,,,,,,,,,,,,,,,,,,,,,,,,,,,,,,,,,,,,,,
35,35_T1_20260520_150610,PA,T1,standard,hci_substudy_v2,1,telemetry_v4,dccs,2,mixed_formal,formal,1,8,56,formal,shape,1779260770,961.483,2026-05-20T15:17:20.902,0,0,0,4,667888.031,667893.799,,,,,j,j,1,1995.994,672245.275,none,,668488.031,670249.281,672245.275,3000,1995.994,672245.275,"[{""stage_name"": ""fixation"", ""planned_duration_ms"": 100, ""intended_onset_ms"": 667888.031, ""actual_onset_global_ms"": 667893.799, ""actual_offset_global_ms"": 667993.426, ""actual_duration_ms"": 99.627}, {""stage_name"": ""cue"", ""planned_duration_ms"": 500, ""intended_onset_ms"": 667988.031, ""actual_onset_global_ms"": 667997.134, ""actual_offset_global_ms"": 670246.092, ""actual_duration_ms"": 2248.958}, {""stage_name"": ""stimulus"", ""planned_duration_ms"": 3000, ""intended_onset_ms"": 668488.031, ""actual_onset_global_ms"": 670249.281, ""actual_offset_global_ms"": 672245.275, ""actual_duration_ms"": 1995.994}]",,,,,0.0,none,,,0.0,0.0,none,0.0,0.0,0.0,0.0,,,0.0,none,none,0.0,shape,cue_shape.wav,形状,667997.334,500.0,668763.584,red,boat,red_boat,repeat,shape,shape,4248.141,,,,,,,,,,,,,,,,,,,,,,,,,,,,,,,,,,,,,,,,,
35,35_T1_20260520_150610,PA,T1,standard,hci_substudy_v2,1,telemetry_v4,dccs,2,mixed_formal,formal,1,9,57,formal,color,1779260770,961.483,2026-05-20T15:17:25.267,0,0,0,4,672252.681,672256.577,,,,,j,j,1,921.555,675365.2,none,,672852.681,674443.645,675365.2,3000,921.555,675365.2,"[{""stage_name"": ""fixation"", ""planned_duration_ms"": 100, ""intended_onset_ms"": 672252.681, ""actual_onset_global_ms"": 672256.577, ""actual_offset_global_ms"": 672356.279, ""actual_duration_ms"": 99.702}, {""stage_name"": ""cue"", ""planned_duration_ms"": 500, ""intended_onset_ms"": 672352.681, ""actual_onset_global_ms"": 672360.235, ""actual_offset_global_ms"": 674441.155, ""actual_duration_ms"": 2080.92}, {""stage_name"": ""stimulus"", ""planned_duration_ms"": 3000, ""intended_onset_ms"": 672852.681, ""actual_onset_global_ms"": 674443.645, ""actual_offset_global_ms"": 675365.2, ""actual_duration_ms"": 921.555}]",,,,,0.0,none,,,0.0,0.0,none,0.0,0.0,0.0,0.0,,,0.0,none,none,0.0,color,cue_color.wav,颜色,672360.437,500.0,673057.0,red,boat,red_boat,switch,shape,color,3004.965,,,,,,,,,,,,,,,,,,,,,,,,,,,,,,,,,,,,,,,,,
35,35_T1_20260520_150610,PA,T1,standard,hci_substudy_v2,1,telemetry_v4,dccs,2,mixed_formal,formal,1,10,58,formal,color,1779260770,961.483,2026-05-20T15:17:28.389,0,0,0,4,675373.93,675377.994,,,,,s,s,1,693.236,678254.302,none,,675973.93,677561.066,678254.302,3000,693.236,678254.302,"[{""stage_name"": ""fixation"", ""planned_duration_ms"": 100, ""intended_onset_ms"": 675373.93, ""actual_onset_global_ms"": 675377.994, ""actual_offset_global_ms"": 675475.298, ""actual_duration_ms"": 97.304}, {""stage_name"": ""cue"", ""planned_duration_ms"": 500, ""intended_onset_ms"": 675473.93, ""actual_onset_global_ms"": 675481.34, ""actual_offset_global_ms"": 677558.414, ""actual_duration_ms"": 2077.074}, {""stage_name"": ""stimulus"", ""planned_duration_ms"": 3000, ""intended_onset_ms"": 675973.93, ""actual_onset_global_ms"": 677561.066, ""actual_offset_global_ms"": 678254.302, ""actual_duration_ms"": 693.236}]",,,,,0.0,none,,,0.0,0.0,none,0.0,0.0,0.0,0.0,,,0.0,none,none,0.0,color,cue_color.wav,颜色,675481.552,500.0,676178.115,blue,rabbit,blue_rabbit,repeat,color,color,2772.962,,,,,,,,,,,,,,,,,,,,,,,,,,,,,,,,,,,,,,,,,
35,35_T1_20260520_150610,PA,T1,standard,hci_substudy_v2,1,telemetry_v4,dccs,2,mixed_formal,formal,1,11,59,formal,shape,1779260770,961.483,2026-05-20T15:17:31.274,0,0,0,4,678260.148,678264.6,,,,,j,j,1,1659.991,682242.355,none,,678860.148,680582.364,682242.355,3000,1659.991,682242.355,"[{""stage_name"": ""fixation"", ""planned_duration_ms"": 100, ""intended_onset_ms"": 678260.148, ""actual_onset_global_ms"": 678264.6, ""actual_offset_global_ms"": 678364.81, ""actual_duration_ms"": 100.21}, {""stage_name"": ""cue"", ""planned_duration_ms"": 500, ""intended_onset_ms"": 678360.148, ""actual_onset_global_ms"": 678368.556, ""actual_offset_global_ms"": 680579.428, ""actual_duration_ms"": 2210.872}, {""stage_name"": ""stimulus"", ""planned_duration_ms"": 3000, ""intended_onset_ms"": 678860.148, ""actual_onset_global_ms"": 680582.364, ""actual_offset_global_ms"": 682242.355, ""actual_duration_ms"": 1659.991}]",,,,,0.0,none,,,0.0,0.0,none,0.0,0.0,0.0,0.0,,,0.0,none,none,0.0,shape,cue_shape.wav,形状,678368.754,500.0,679135.004,red,boat,red_boat,switch,color,shape,3873.799,,,,,,,,,,,,,,,,,,,,,,,,,,,,,,,,,,,,,,,,,
35,35_T1_20260520_150610,PA,T1,standard,hci_substudy_v2,1,telemetry_v4,dccs,2,mixed_formal,formal,1,12,60,formal,color,1779260770,961.483,2026-05-20T15:17:35.265,0,0,0,4,682250.6,682254.515,,,,,s,s,1,1076.346,685498.691,none,,682850.6,684422.345,685498.691,3000,1076.346,685498.691,"[{""stage_name"": ""fixation"", ""planned_duration_ms"": 100, ""intended_onset_ms"": 682250.6, ""actual_onset_global_ms"": 682254.515, ""actual_offset_global_ms"": 682351.699, ""actual_duration_ms"": 97.184}, {""stage_name"": ""cue"", ""planned_duration_ms"": 500, ""intended_onset_ms"": 682350.6, ""actual_onset_global_ms"": 682357.185, ""actual_offset_global_ms"": 684419.818, ""actual_duration_ms"": 2062.633}, {""stage_name"": ""stimulus"", ""planned_duration_ms"": 3000, ""intended_onset_ms"": 682850.6, ""actual_onset_global_ms"": 684422.345, ""actual_offset_global_ms"": 685498.691, ""actual_duration_ms"": 1076.346}]",,,,,0.0,none,,,0.0,0.0,none,0.0,0.0,0.0,0.0,,,0.0,none,none,0.0,color,cue_color.wav,颜色,682357.381,500.0,683053.944,blue,rabbit,blue_rabbit,switch,shape,color,3141.506,,,,,,,,,,,,,,,,,,,,,,,,,,,,,,,,,,,,,,,,,
35,35_T1_20260520_150610,PA,T1,standard,hci_substudy_v2,1,telemetry_v4,dccs,2,mixed_formal,formal,1,13,61,formal,shape,1779260770,961.483,2026-05-20T15:17:38.523,0,0,0,4,685509.239,685514.662,,,,,s,s,1,1284.093,689135.393,none,,686109.239,687851.3,689135.393,3000,1284.093,689135.393,"[{""stage_name"": ""fixation"", ""planned_duration_ms"": 100, ""intended_onset_ms"": 685509.239, ""actual_onset_global_ms"": 685514.662, ""actual_offset_global_ms"": 685611.547, ""actual_duration_ms"": 96.885}, {""stage_name"": ""cue"", ""planned_duration_ms"": 500, ""intended_onset_ms"": 685609.239, ""actual_onset_global_ms"": 685617.401, ""actual_offset_global_ms"": 687848.605, ""actual_duration_ms"": 2231.204}, {""stage_name"": ""stimulus"", ""planned_duration_ms"": 3000, ""intended_onset_ms"": 686109.239, ""actual_onset_global_ms"": 687851.3, ""actual_offset_global_ms"": 689135.393, ""actual_duration_ms"": 1284.093}]",,,,,0.0,none,,,0.0,0.0,none,0.0,0.0,0.0,0.0,,,0.0,none,none,0.0,shape,cue_shape.wav,形状,685617.589,500.0,686383.839,red,rabbit,red_rabbit,switch,color,shape,3517.992,,,,,,,,,,,,,,,,,,,,,,,,,,,,,,,,,,,,,,,,,
35,35_T1_20260520_150610,PA,T1,standard,hci_substudy_v2,1,telemetry_v4,dccs,2,mixed_formal,formal,1,14,62,formal,color,1779260770,961.483,2026-05-20T15:17:42.158,0,0,0,4,689143.254,689147.364,,,,,j,s,0,1586.784,692897.359,none,,689743.254,691310.575,692897.359,3000,1586.784,692897.359,"[{""stage_name"": ""fixation"", ""planned_duration_ms"": 100, ""intended_onset_ms"": 689143.254, ""actual_onset_global_ms"": 689147.364, ""actual_offset_global_ms"": 689244.894, ""actual_duration_ms"": 97.53}, {""stage_name"": ""cue"", ""planned_duration_ms"": 500, ""intended_onset_ms"": 689243.254, ""actual_onset_global_ms"": 689250.224, ""actual_offset_global_ms"": 691308.212, ""actual_duration_ms"": 2057.988}, {""stage_name"": ""stimulus"", ""planned_duration_ms"": 3000, ""intended_onset_ms"": 689743.254, ""actual_onset_global_ms"": 691310.575, ""actual_offset_global_ms"": 692897.359, ""actual_duration_ms"": 1586.784}]",,,,,0.0,none,,,0.0,0.0,none,0.0,0.0,0.0,0.0,,,0.0,none,none,0.0,color,cue_color.wav,颜色,689250.482,500.0,689947.044,red,rabbit,red_rabbit,switch,shape,color,3647.135,,,,,,,,,,,,,,,,,,,,,,,,,,,,,,,,,,,,,,,,,
35,35_T1_20260520_150610,PA,T1,standard,hci_substudy_v2,1,telemetry_v4,dccs,2,mixed_formal,formal,1,15,63,formal,color,1779260770,961.483,2026-05-20T15:17:45.921,0,0,0,4,692907.282,692911.347,,,,,j,s,0,918.691,696012.429,none,,693507.282,695093.738,696012.429,3000,918.691,696012.429,"[{""stage_name"": ""fixation"", ""planned_duration_ms"": 100, ""intended_onset_ms"": 692907.282, ""actual_onset_global_ms"": 692911.347, ""actual_offset_global_ms"": 693008.518, ""actual_duration_ms"": 97.171}, {""stage_name"": ""cue"", ""planned_duration_ms"": 500, ""intended_onset_ms"": 693007.282, ""actual_onset_global_ms"": 693014.016, ""actual_offset_global_ms"": 695091.169, ""actual_duration_ms"": 2077.153}, {""stage_name"": ""stimulus"", ""planned_duration_ms"": 3000, ""intended_onset_ms"": 693507.282, ""actual_onset_global_ms"": 695093.738, ""actual_offset_global_ms"": 696012.429, ""actual_duration_ms"": 918.691}]",,,,,0.0,none,,,0.0,0.0,none,0.0,0.0,0.0,0.0,,,0.0,none,none,0.0,color,cue_color.wav,颜色,693014.202,500.0,693710.765,red,rabbit,red_rabbit,repeat,color,color,2998.413,,,,,,,,,,,,,,,,,,,,,,,,,,,,,,,,,,,,,,,,,
35,35_T1_20260520_150610,PA,T1,standard,hci_substudy_v2,1,telemetry_v4,dccs,2,mixed_formal,formal,1,16,64,formal,color,1779260770,961.483,2026-05-20T15:17:49.036,0,0,0,4,696021.62,696025.57,,,,,s,s,1,874.849,699072.38,none,,696621.62,698197.531,699072.38,3000,874.849,699072.38,"[{""stage_name"": ""fixation"", ""planned_duration_ms"": 100, ""intended_onset_ms"": 696021.62, ""actual_onset_global_ms"": 696025.57, ""actual_offset_global_ms"": 696126.09, ""actual_duration_ms"": 100.52}, {""stage_name"": ""cue"", ""planned_duration_ms"": 500, ""intended_onset_ms"": 696121.62, ""actual_onset_global_ms"": 696129.35, ""actual_offset_global_ms"": 698195.031, ""actual_duration_ms"": 2065.681}, {""stage_name"": ""stimulus"", ""planned_duration_ms"": 3000, ""intended_onset_ms"": 696621.62, ""actual_onset_global_ms"": 698197.531, ""actual_offset_global_ms"": 699072.38, ""actual_duration_ms"": 874.849}]",,,,,0.0,none,,,0.0,0.0,none,0.0,0.0,0.0,0.0,,,0.0,none,none,0.0,color,cue_color.wav,颜色,696129.623,500.0,696826.186,blue,rabbit,blue_rabbit,repeat,color,color,2943.03,,,,,,,,,,,,,,,,,,,,,,,,,,,,,,,,,,,,,,,,,
35,35_T1_20260520_150610,PA,T1,standard,hci_substudy_v2,1,telemetry_v4,dccs,2,mixed_formal,formal,1,17,65,formal,shape,1779260770,961.483,2026-05-20T15:17:52.096,0,0,0,4,699081.619,699085.816,,,,,s,s,1,1121.045,702533.892,none,,699681.619,701412.847,702533.892,3000,1121.045,702533.892,"[{""stage_name"": ""fixation"", ""planned_duration_ms"": 100, ""intended_onset_ms"": 699081.619, ""actual_onset_global_ms"": 699085.816, ""actual_offset_global_ms"": 699185.759, ""actual_duration_ms"": 99.943}, {""stage_name"": ""cue"", ""planned_duration_ms"": 500, ""intended_onset_ms"": 699181.619, ""actual_onset_global_ms"": 699189.71, ""actual_offset_global_ms"": 701410.119, ""actual_duration_ms"": 2220.409}, {""stage_name"": ""stimulus"", ""planned_duration_ms"": 3000, ""intended_onset_ms"": 699681.619, ""actual_onset_global_ms"": 701412.847, ""actual_offset_global_ms"": 702533.892, ""actual_duration_ms"": 1121.045}]",,,,,0.0,none,,,0.0,0.0,none,0.0,0.0,0.0,0.0,,,0.0,none,none,0.0,shape,cue_shape.wav,形状,699189.91,500.0,699956.16,blue,rabbit,blue_rabbit,switch,color,shape,3344.182,,,,,,,,,,,,,,,,,,,,,,,,,,,,,,,,,,,,,,,,,
35,35_T1_20260520_150610,PA,T1,standard,hci_substudy_v2,1,telemetry_v4,dccs,2,mixed_formal,formal,1,18,66,formal,shape,1779260770,961.483,2026-05-20T15:17:55.559,0,0,0,4,702544.455,702548.825,,,,,j,j,1,1069.9,706013.239,none,,703144.455,704943.339,706013.239,3000,1069.9,706013.239,"[{""stage_name"": ""fixation"", ""planned_duration_ms"": 100, ""intended_onset_ms"": 702544.455, ""actual_onset_global_ms"": 702548.825, ""actual_offset_global_ms"": 702647.675, ""actual_duration_ms"": 98.85}, {""stage_name"": ""cue"", ""planned_duration_ms"": 500, ""intended_onset_ms"": 702644.455, ""actual_onset_global_ms"": 702652.085, ""actual_offset_global_ms"": 704940.632, ""actual_duration_ms"": 2288.547}, {""stage_name"": ""stimulus"", ""planned_duration_ms"": 3000, ""intended_onset_ms"": 703144.455, ""actual_onset_global_ms"": 704943.339, ""actual_offset_global_ms"": 706013.239, ""actual_duration_ms"": 1069.9}]",,,,,0.0,none,,,0.0,0.0,none,0.0,0.0,0.0,0.0,,,0.0,none,none,0.0,shape,cue_shape.wav,形状,702652.268,500.0,703418.518,blue,boat,blue_boat,repeat,shape,shape,3361.154,,,,,,,,,,,,,,,,,,,,,,,,,,,,,,,,,,,,,,,,,
35,35_T1_20260520_150610,PA,T1,standard,hci_substudy_v2,1,telemetry_v4,dccs,2,mixed_formal,formal,1,19,67,formal,shape,1779260770,961.483,2026-05-20T15:17:59.037,0,0,0,4,706022.589,706028.626,,,,,s,s,1,890.713,709382.256,none,,706622.589,708491.543,709382.256,3000,890.713,709382.256,"[{""stage_name"": ""fixation"", ""planned_duration_ms"": 100, ""intended_onset_ms"": 706022.589, ""actual_onset_global_ms"": 706028.626, ""actual_offset_global_ms"": 706123.812, ""actual_duration_ms"": 95.186}, {""stage_name"": ""cue"", ""planned_duration_ms"": 500, ""intended_onset_ms"": 706122.589, ""actual_onset_global_ms"": 706129.692, ""actual_offset_global_ms"": 708488.266, ""actual_duration_ms"": 2358.574}, {""stage_name"": ""stimulus"", ""planned_duration_ms"": 3000, ""intended_onset_ms"": 706622.589, ""actual_onset_global_ms"": 708491.543, ""actual_offset_global_ms"": 709382.256, ""actual_duration_ms"": 890.713}]",,,,,0.0,none,,,0.0,0.0,none,0.0,0.0,0.0,0.0,,,0.0,none,none,0.0,shape,cue_shape.wav,形状,706129.894,500.0,706896.144,blue,rabbit,blue_rabbit,repeat,shape,shape,3252.564,,,,,,,,,,,,,,,,,,,,,,,,,,,,,,,,,,,,,,,,,
35,35_T1_20260520_150610,PA,T1,standard,hci_substudy_v2,1,telemetry_v4,dccs,2,mixed_formal,formal,1,20,68,formal,color,1779260770,961.483,2026-05-20T15:18:02.406,0,0,0,4,709391.695,709395.97,,,,,s,s,1,6324.557,717992.363,none,,709991.695,711667.806,717992.363,3000,6324.557,717992.363,"[{""stage_name"": ""fixation"", ""planned_duration_ms"": 100, ""intended_onset_ms"": 709391.695, ""actual_onset_global_ms"": 709395.97, ""actual_offset_global_ms"": 709493.714, ""actual_duration_ms"": 97.744}, {""stage_name"": ""cue"", ""planned_duration_ms"": 500, ""intended_onset_ms"": 709491.695, ""actual_onset_global_ms"": 709499.818, ""actual_offset_global_ms"": 711665.179, ""actual_duration_ms"": 2165.361}, {""stage_name"": ""stimulus"", ""planned_duration_ms"": 3000, ""intended_onset_ms"": 709991.695, ""actual_onset_global_ms"": 711667.806, ""actual_offset_global_ms"": 717992.363, ""actual_duration_ms"": 6324.557}]",,,,,0.0,none,,,0.0,0.0,none,0.0,0.0,0.0,0.0,,,0.0,none,none,0.0,color,cue_color.wav,颜色,709499.989,500.0,710196.551,blue,rabbit,blue_rabbit,switch,shape,color,8492.545,,,,,,,,,,,,,,,,,,,,,,,,,,,,,,,,,,,,,,,,,
35,35_T1_20260520_150610,PA,T1,standard,hci_substudy_v2,1,telemetry_v4,dccs,2,mixed_formal,formal,1,21,69,formal,color,1779260770,961.483,2026-05-20T15:18:11.014,0,0,0,4,718000.017,718004.379,,,,,j,j,1,1585.324,721855.199,none,,718600.017,720269.875,721855.199,3000,1585.324,721855.199,"[{""stage_name"": ""fixation"", ""planned_duration_ms"": 100, ""intended_onset_ms"": 718000.017, ""actual_onset_global_ms"": 718004.379, ""actual_offset_global_ms"": 718101.463, ""actual_duration_ms"": 97.084}, {""stage_name"": ""cue"", ""planned_duration_ms"": 500, ""intended_onset_ms"": 718100.017, ""actual_onset_global_ms"": 718107.317, ""actual_offset_global_ms"": 720266.912, ""actual_duration_ms"": 2159.595}, {""stage_name"": ""stimulus"", ""planned_duration_ms"": 3000, ""intended_onset_ms"": 718600.017, ""actual_onset_global_ms"": 720269.875, ""actual_offset_global_ms"": 721855.199, ""actual_duration_ms"": 1585.324}]",,,,,0.0,none,,,0.0,0.0,none,0.0,0.0,0.0,0.0,,,0.0,none,none,0.0,color,cue_color.wav,颜色,718107.654,500.0,718804.216,red,boat,red_boat,repeat,color,color,3747.882,,,,,,,,,,,,,,,,,,,,,,,,,,,,,,,,,,,,,,,,,
35,35_T1_20260520_150610,PA,T1,standard,hci_substudy_v2,1,telemetry_v4,dccs,2,mixed_formal,formal,1,22,70,formal,shape,1779260770,961.483,2026-05-20T15:18:14.878,0,0,0,4,721863.114,721867.928,,,,,s,s,1,549.658,724861.226,none,,722463.114,724311.568,724861.226,3000,549.658,724861.226,"[{""stage_name"": ""fixation"", ""planned_duration_ms"": 100, ""intended_onset_ms"": 721863.114, ""actual_onset_global_ms"": 721867.928, ""actual_offset_global_ms"": 721966.369, ""actual_duration_ms"": 98.441}, {""stage_name"": ""cue"", ""planned_duration_ms"": 500, ""intended_onset_ms"": 721963.114, ""actual_onset_global_ms"": 721970.41, ""actual_offset_global_ms"": 724308.162, ""actual_duration_ms"": 2337.752}, {""stage_name"": ""stimulus"", ""planned_duration_ms"": 3000, ""intended_onset_ms"": 722463.114, ""actual_onset_global_ms"": 724311.568, ""actual_offset_global_ms"": 724861.226, ""actual_duration_ms"": 549.658}]",,,,,0.0,none,,,0.0,0.0,none,0.0,0.0,0.0,0.0,,,0.0,none,none,0.0,shape,cue_shape.wav,形状,721970.631,500.0,722736.881,red,rabbit,red_rabbit,switch,color,shape,2890.816,,,,,,,,,,,,,,,,,,,,,,,,,,,,,,,,,,,,,,,,,
35,35_T1_20260520_150610,PA,T1,standard,hci_substudy_v2,1,telemetry_v4,dccs,2,mixed_formal,formal,1,23,71,formal,shape,1779260770,961.483,2026-05-20T15:18:17.883,0,0,0,4,724868.882,724873.633,,,,,j,j,1,675.392,727984.291,none,,725468.882,727308.899,727984.291,3000,675.392,727984.291,"[{""stage_name"": ""fixation"", ""planned_duration_ms"": 100, ""intended_onset_ms"": 724868.882, ""actual_onset_global_ms"": 724873.633, ""actual_offset_global_ms"": 724973.087, ""actual_duration_ms"": 99.454}, {""stage_name"": ""cue"", ""planned_duration_ms"": 500, ""intended_onset_ms"": 724968.882, ""actual_onset_global_ms"": 724977.091, ""actual_offset_global_ms"": 727305.974, ""actual_duration_ms"": 2328.883}, {""stage_name"": ""stimulus"", ""planned_duration_ms"": 3000, ""intended_onset_ms"": 725468.882, ""actual_onset_global_ms"": 727308.899, ""actual_offset_global_ms"": 727984.291, ""actual_duration_ms"": 675.392}]",,,,,0.0,none,,,0.0,0.0,none,0.0,0.0,0.0,0.0,,,0.0,none,none,0.0,shape,cue_shape.wav,形状,724977.297,500.0,725743.547,blue,boat,blue_boat,repeat,shape,shape,3007.2,,,,,,,,,,,,,,,,,,,,,,,,,,,,,,,,,,,,,,,,,
35,35_T1_20260520_150610,PA,T1,standard,hci_substudy_v2,1,telemetry_v4,dccs,2,mixed_formal,formal,1,24,72,formal,color,1779260770,961.483,2026-05-20T15:18:21.005,0,0,0,4,727990.848,727996.306,,,,,s,j,0,2723.236,733002.38,none,,728590.848,730279.144,733002.38,3000,2723.236,733002.38,"[{""stage_name"": ""fixation"", ""planned_duration_ms"": 100, ""intended_onset_ms"": 727990.848, ""actual_onset_global_ms"": 727996.306, ""actual_offset_global_ms"": 728094.092, ""actual_duration_ms"": 97.786}, {""stage_name"": ""cue"", ""planned_duration_ms"": 500, ""intended_onset_ms"": 728090.848, ""actual_onset_global_ms"": 728100.024, ""actual_offset_global_ms"": 730276.213, ""actual_duration_ms"": 2176.189}, {""stage_name"": ""stimulus"", ""planned_duration_ms"": 3000, ""intended_onset_ms"": 728590.848, ""actual_onset_global_ms"": 730279.144, ""actual_offset_global_ms"": 733002.38, ""actual_duration_ms"": 2723.236}]",,,,,0.0,none,,,0.0,0.0,none,0.0,0.0,0.0,0.0,,,0.0,none,none,0.0,color,cue_color.wav,颜色,728100.272,500.0,728796.834,blue,boat,blue_boat,switch,shape,color,4902.356,,,,,,,,,,,,,,,,,,,,,,,,,,,,,,,,,,,,,,,,,
35,35_T1_20260520_150610,PA,T1,standard,hci_substudy_v2,1,telemetry_v4,dccs,2,mixed_formal,formal,1,25,73,formal,shape,1779260770,961.483,2026-05-20T15:18:26.026,0,0,0,4,733011.798,733016.259,,,,,s,s,1,740.403,736183.174,none,,733611.798,735442.771,736183.174,3000,740.403,736183.174,"[{""stage_name"": ""fixation"", ""planned_duration_ms"": 100, ""intended_onset_ms"": 733011.798, ""actual_onset_global_ms"": 733016.259, ""actual_offset_global_ms"": 733117.371, ""actual_duration_ms"": 101.112}, {""stage_name"": ""cue"", ""planned_duration_ms"": 500, ""intended_onset_ms"": 733111.798, ""actual_onset_global_ms"": 733121.2, ""actual_offset_global_ms"": 735439.654, ""actual_duration_ms"": 2318.454}, {""stage_name"": ""stimulus"", ""planned_duration_ms"": 3000, ""intended_onset_ms"": 733611.798, ""actual_onset_global_ms"": 735442.771, ""actual_offset_global_ms"": 736183.174, ""actual_duration_ms"": 740.403}]",,,,,0.0,none,,,0.0,0.0,none,0.0,0.0,0.0,0.0,,,0.0,none,none,0.0,shape,cue_shape.wav,形状,733121.497,500.0,733887.747,blue,rabbit,blue_rabbit,switch,color,shape,3061.974,,,,,,,,,,,,,,,,,,,,,,,,,,,,,,,,,,,,,,,,,
35,35_T1_20260520_150610,PA,T1,standard,hci_substudy_v2,1,telemetry_v4,dccs,2,mixed_formal,formal,1,26,74,formal,color,1779260770,961.483,2026-05-20T15:18:29.207,0,0,0,4,736192.619,736196.979,,,,,s,j,0,1167.366,739613.493,none,,736792.619,738446.127,739613.493,3000,1167.366,739613.493,"[{""stage_name"": ""fixation"", ""planned_duration_ms"": 100, ""intended_onset_ms"": 736192.619, ""actual_onset_global_ms"": 736196.979, ""actual_offset_global_ms"": 736293.978, ""actual_duration_ms"": 96.999}, {""stage_name"": ""cue"", ""planned_duration_ms"": 500, ""intended_onset_ms"": 736292.619, ""actual_onset_global_ms"": 736300.058, ""actual_offset_global_ms"": 738443.447, ""actual_duration_ms"": 2143.389}, {""stage_name"": ""stimulus"", ""planned_duration_ms"": 3000, ""intended_onset_ms"": 736792.619, ""actual_onset_global_ms"": 738446.127, ""actual_offset_global_ms"": 739613.493, ""actual_duration_ms"": 1167.366}]",,,,,0.0,none,,,0.0,0.0,none,0.0,0.0,0.0,0.0,,,0.0,none,none,0.0,color,cue_color.wav,颜色,736300.257,500.0,736996.819,blue,boat,blue_boat,switch,shape,color,3313.435,,,,,,,,,,,,,,,,,,,,,,,,,,,,,,,,,,,,,,,,,
35,35_T1_20260520_150610,PA,T1,standard,hci_substudy_v2,1,telemetry_v4,dccs,2,mixed_formal,formal,1,27,75,formal,shape,1779260770,961.483,2026-05-20T15:18:32.636,0,0,0,4,739622.093,739626.482,,,,,j,j,1,1117.659,743189.357,none,,740222.093,742071.698,743189.357,3000,1117.659,743189.357,"[{""stage_name"": ""fixation"", ""planned_duration_ms"": 100, ""intended_onset_ms"": 739622.093, ""actual_onset_global_ms"": 739626.482, ""actual_offset_global_ms"": 739726.849, ""actual_duration_ms"": 100.367}, {""stage_name"": ""cue"", ""planned_duration_ms"": 500, ""intended_onset_ms"": 739722.093, ""actual_onset_global_ms"": 739730.859, ""actual_offset_global_ms"": 742068.546, ""actual_duration_ms"": 2337.687}, {""stage_name"": ""stimulus"", ""planned_duration_ms"": 3000, ""intended_onset_ms"": 740222.093, ""actual_onset_global_ms"": 742071.698, ""actual_offset_global_ms"": 743189.357, ""actual_duration_ms"": 1117.659}]",,,,,0.0,none,,,0.0,0.0,none,0.0,0.0,0.0,0.0,,,0.0,none,none,0.0,shape,cue_shape.wav,形状,739731.095,500.0,740497.345,red,boat,red_boat,switch,color,shape,3458.498,,,,,,,,,,,,,,,,,,,,,,,,,,,,,,,,,,,,,,,,,
35,35_T1_20260520_150610,PA,T1,standard,hci_substudy_v2,1,telemetry_v4,dccs,2,mixed_formal,formal,1,28,76,formal,shape,1779260770,961.483,2026-05-20T15:18:36.214,0,0,0,4,743199.334,743204.114,,,,,j,j,1,2238.055,747860.478,none,,743799.334,745622.423,747860.478,3000,2238.055,747860.478,"[{""stage_name"": ""fixation"", ""planned_duration_ms"": 100, ""intended_onset_ms"": 743199.334, ""actual_onset_global_ms"": 743204.114, ""actual_offset_global_ms"": 743301.167, ""actual_duration_ms"": 97.053}, {""stage_name"": ""cue"", ""planned_duration_ms"": 500, ""intended_onset_ms"": 743299.334, ""actual_onset_global_ms"": 743307.094, ""actual_offset_global_ms"": 745619.176, ""actual_duration_ms"": 2312.082}, {""stage_name"": ""stimulus"", ""planned_duration_ms"": 3000, ""intended_onset_ms"": 743799.334, ""actual_onset_global_ms"": 745622.423, ""actual_offset_global_ms"": 747860.478, ""actual_duration_ms"": 2238.055}]",,,,,0.0,none,,,0.0,0.0,none,0.0,0.0,0.0,0.0,,,0.0,none,none,0.0,shape,cue_shape.wav,形状,743307.295,500.0,744073.545,blue,boat,blue_boat,repeat,shape,shape,4553.384,,,,,,,,,,,,,,,,,,,,,,,,,,,,,,,,,,,,,,,,,
35,35_T1_20260520_150610,PA,T1,standard,hci_substudy_v2,1,telemetry_v4,dccs,2,mixed_formal,formal,1,29,77,formal,shape,1779260770,961.483,2026-05-20T15:18:40.885,0,0,0,4,747870.273,747875.342,,,,,s,s,1,3132.175,753437.488,none,,748470.273,750305.313,753437.488,3000,3132.175,753437.488,"[{""stage_name"": ""fixation"", ""planned_duration_ms"": 100, ""intended_onset_ms"": 747870.273, ""actual_onset_global_ms"": 747875.342, ""actual_offset_global_ms"": 747971.852, ""actual_duration_ms"": 96.51}, {""stage_name"": ""cue"", ""planned_duration_ms"": 500, ""intended_onset_ms"": 747970.273, ""actual_onset_global_ms"": 747977.695, ""actual_offset_global_ms"": 750301.968, ""actual_duration_ms"": 2324.273}, {""stage_name"": ""stimulus"", ""planned_duration_ms"": 3000, ""intended_onset_ms"": 748470.273, ""actual_onset_global_ms"": 750305.313, ""actual_offset_global_ms"": 753437.488, ""actual_duration_ms"": 3132.175}]",,,,,0.0,none,,,0.0,0.0,none,0.0,0.0,0.0,0.0,,,0.0,none,none,0.0,shape,cue_shape.wav,形状,747977.894,500.0,748744.144,blue,rabbit,blue_rabbit,repeat,shape,shape,5459.793,,,,,,,,,,,,,,,,,,,,,,,,,,,,,,,,,,,,,,,,,
35,35_T1_20260520_150610,PA,T1,standard,hci_substudy_v2,1,telemetry_v4,dccs,2,mixed_formal,formal,1,30,78,formal,color,1779260770,961.483,2026-05-20T15:18:46.459,0,0,0,4,753444.145,753449.995,,,,,s,j,0,2976.407,758681.201,none,,754044.145,755704.794,758681.201,3000,2976.407,758681.201,"[{""stage_name"": ""fixation"", ""planned_duration_ms"": 100, ""intended_onset_ms"": 753444.145, ""actual_onset_global_ms"": 753449.995, ""actual_offset_global_ms"": 753545.541, ""actual_duration_ms"": 95.546}, {""stage_name"": ""cue"", ""planned_duration_ms"": 500, ""intended_onset_ms"": 753544.145, ""actual_onset_global_ms"": 753550.759, ""actual_offset_global_ms"": 755702.352, ""actual_duration_ms"": 2151.593}, {""stage_name"": ""stimulus"", ""planned_duration_ms"": 3000, ""intended_onset_ms"": 754044.145, ""actual_onset_global_ms"": 755704.794, ""actual_offset_global_ms"": 758681.201, ""actual_duration_ms"": 2976.407}]",,,,,0.0,none,,,0.0,0.0,none,0.0,0.0,0.0,0.0,,,0.0,none,none,0.0,color,cue_color.wav,颜色,753551.092,500.0,754247.654,blue,boat,blue_boat,switch,shape,color,5130.442,,,,,,,,,,,,,,,,,,,,,,,,,,,,,,,,,,,,,,,,,
35,35_T1_20260520_150610,PA,T1,standard,hci_substudy_v2,1,telemetry_v4,digit_span,3,practice_digitspan,practice,1,1,1,practice,span_2,1779260770,961.483,2026-05-20T15:20:05.687,0,0,0,1,832672.002,832761.608,,,,,,,1,,,,,832772.002,832843.279,846173.324,2000,13330.045,846173.324,"[{""stage_name"": ""fixation"", ""planned_duration_ms"": 100, ""intended_onset_ms"": 832672.002, ""actual_onset_global_ms"": 832761.608, ""actual_offset_global_ms"": 832842.172, ""actual_duration_ms"": 80.564}, {""stage_name"": ""auditory_sequence"", ""planned_duration_ms"": 2000, ""intended_onset_ms"": 832772.002, ""actual_onset_global_ms"": 832843.279, ""actual_offset_global_ms"": 834361.403, ""actual_duration_ms"": 1518.124}, {""stage_name"": ""wait"", ""planned_duration_ms"": 500, ""intended_onset_ms"": 834361.403, ""actual_onset_global_ms"": 834403.711, ""actual_offset_global_ms"": 834893.879, ""actual_duration_ms"": 490.168}, {""stage_name"": ""input_panel"", ""planned_duration_ms"": 15000, ""intended_onset_ms"": 834893.879, ""actual_onset_global_ms"": 834927.614, ""actual_offset_global_ms"": 846173.324, ""actual_duration_ms"": 11245.71}]",,,,,0.0,none,,,0.0,0.0,none,0.0,0.0,0.0,0.0,,,,,,,,,,,,,,,,,,,,none,0.0,0.0,0.0,0.0,2.0,1.0,1.0,"[3, 4]","[""4"", ""3""]","[""4"", ""3""]",43,onscreen_mouse,9627.203,11245.615,1.0,0.0,0.0,0.0,3.0,[616.478],,"[832843.279, 833861.403]","[""digit_3.wav"", ""digit_4.wav""]","[{""audio_file"": ""digit_3.wav"", ""audio_start_global_ms"": 832843.279, ""audio_expected_duration_ms"": 500, ""audio_stop_global_ms"": 833343.279}, {""audio_file"": ""digit_4.wav"", ""audio_start_global_ms"": 833861.403, ""audio_expected_duration_ms"": 500, ""audio_stop_global_ms"": 834361.403}]",0.0,,,,,,,,,,,,,,,
35,35_T1_20260520_150610,PA,T1,standard,hci_substudy_v2,1,telemetry_v4,digit_span,3,practice_digitspan,practice,1,2,2,practice,span_2,1779260770,961.483,2026-05-20T15:20:19.192,0,0,0,1,846177.04,846260.805,,,,,,,1,,,,,846277.04,846342.334,857873.541,2000,11531.207,857873.541,"[{""stage_name"": ""fixation"", ""planned_duration_ms"": 100, ""intended_onset_ms"": 846177.04, ""actual_onset_global_ms"": 846260.805, ""actual_offset_global_ms"": 846341.478, ""actual_duration_ms"": 80.673}, {""stage_name"": ""auditory_sequence"", ""planned_duration_ms"": 2000, ""intended_onset_ms"": 846277.04, ""actual_onset_global_ms"": 846342.334, ""actual_offset_global_ms"": 847854.692, ""actual_duration_ms"": 1512.358}, {""stage_name"": ""wait"", ""planned_duration_ms"": 500, ""intended_onset_ms"": 847854.692, ""actual_onset_global_ms"": 847887.52, ""actual_offset_global_ms"": 848383.953, ""actual_duration_ms"": 496.433}, {""stage_name"": ""input_panel"", ""planned_duration_ms"": 15000, ""intended_onset_ms"": 848383.953, ""actual_onset_global_ms"": 848391.98, ""actual_offset_global_ms"": 857873.541, ""actual_duration_ms"": 9481.561}]",,,,,0.0,none,,,0.0,0.0,none,0.0,0.0,0.0,0.0,,,,,,,,,,,,,,,,,,,,none,0.0,0.0,0.0,0.0,2.0,2.0,1.0,"[5, 4]","[""4"", ""5""]","[""4"", ""5""]",45,onscreen_mouse,8258.006,9481.446,1.0,0.0,0.0,0.0,3.0,[526.181],,"[846342.334, 847354.692]","[""digit_5.wav"", ""digit_4.wav""]","[{""audio_file"": ""digit_5.wav"", ""audio_start_global_ms"": 846342.334, ""audio_expected_duration_ms"": 500, ""audio_stop_global_ms"": 846842.334}, {""audio_file"": ""digit_4.wav"", ""audio_start_global_ms"": 847354.692, ""audio_expected_duration_ms"": 500, ""audio_stop_global_ms"": 847854.692}]",0.0,,,,,,,,,,,,,,,
35,35_T1_20260520_150610,PA,T1,standard,hci_substudy_v2,1,telemetry_v4,digit_span,3,practice_digitspan,practice,1,3,3,practice,span_2,1779260770,961.483,2026-05-20T15:20:30.891,0,0,0,1,857877.002,857956.672,,,,,,,1,,,,,857977.002,858037.073,871284.353,2000,13247.28,871284.353,"[{""stage_name"": ""fixation"", ""planned_duration_ms"": 100, ""intended_onset_ms"": 857877.002, ""actual_onset_global_ms"": 857956.672, ""actual_offset_global_ms"": 858036.19, ""actual_duration_ms"": 79.518}, {""stage_name"": ""auditory_sequence"", ""planned_duration_ms"": 2000, ""intended_onset_ms"": 857977.002, ""actual_onset_global_ms"": 858037.073, ""actual_offset_global_ms"": 859577.23, ""actual_duration_ms"": 1540.157}, {""stage_name"": ""wait"", ""planned_duration_ms"": 500, ""intended_onset_ms"": 859577.23, ""actual_onset_global_ms"": 859605.911, ""actual_offset_global_ms"": 860100.735, ""actual_duration_ms"": 494.824}, {""stage_name"": ""input_panel"", ""planned_duration_ms"": 15000, ""intended_onset_ms"": 860100.735, ""actual_onset_global_ms"": 860108.835, ""actual_offset_global_ms"": 871284.353, ""actual_duration_ms"": 11175.518}]",,,,,0.0,none,,,0.0,0.0,none,0.0,0.0,0.0,0.0,,,,,,,,,,,,,,,,,,,,none,0.0,0.0,0.0,0.0,2.0,3.0,1.0,"[2, 3]","[""3"", ""2""]","[""3"", ""2""]",32,onscreen_mouse,9913.529,11175.426,1.0,0.0,0.0,0.0,3.0,[573.317],,"[858037.073, 859077.23]","[""digit_2.wav"", ""digit_3.wav""]","[{""audio_file"": ""digit_2.wav"", ""audio_start_global_ms"": 858037.073, ""audio_expected_duration_ms"": 500, ""audio_stop_global_ms"": 858537.073}, {""audio_file"": ""digit_3.wav"", ""audio_start_global_ms"": 859077.23, ""audio_expected_duration_ms"": 500, ""audio_stop_global_ms"": 859577.23}]",0.0,,,,,,,,,,,,,,,
35,35_T1_20260520_150610,PA,T1,standard,hci_substudy_v2,1,telemetry_v4,digit_span,3,practice_digitspan,practice,1,4,4,practice,span_2,1779260770,961.483,2026-05-20T15:20:44.302,0,0,0,1,871287.631,871366.076,,,,,,,1,,,,,871387.631,871445.454,886132.229,2000,14686.775,886132.229,"[{""stage_name"": ""fixation"", ""planned_duration_ms"": 100, ""intended_onset_ms"": 871287.631, ""actual_onset_global_ms"": 871366.076, ""actual_offset_global_ms"": 871444.607, ""actual_duration_ms"": 78.531}, {""stage_name"": ""auditory_sequence"", ""planned_duration_ms"": 2000, ""intended_onset_ms"": 871387.631, ""actual_onset_global_ms"": 871445.454, ""actual_offset_global_ms"": 872968.842, ""actual_duration_ms"": 1523.388}, {""stage_name"": ""wait"", ""planned_duration_ms"": 500, ""intended_onset_ms"": 872968.842, ""actual_onset_global_ms"": 873004.286, ""actual_offset_global_ms"": 873501.868, ""actual_duration_ms"": 497.582}, {""stage_name"": ""input_panel"", ""planned_duration_ms"": 15000, ""intended_onset_ms"": 873501.868, ""actual_onset_global_ms"": 873509.728, ""actual_offset_global_ms"": 879365.391, ""actual_duration_ms"": 5855.663}, {""stage_name"": ""auditory_sequence"", ""planned_duration_ms"": 2000, ""intended_onset_ms"": 880254.3, ""actual_onset_global_ms"": 880254.377, ""actual_offset_global_ms"": 881789.1, ""actual_duration_ms"": 1534.723}, {""stage_name"": ""wait"", ""planned_duration_ms"": 500, ""intended_onset_ms"": 881789.1, ""actual_onset_global_ms"": 881816.0, ""actual_offset_global_ms"": 882310.047, ""actual_duration_ms"": 494.047}]",,,,,0.0,none,,,0.0,0.0,none,0.0,0.0,0.0,0.0,,,,,,,,,,,,,,,,,,,,none,0.0,0.0,0.0,0.0,2.0,4.0,1.0,"[4, 7]","[""7"", ""4""]","[""7"", ""4""]",74,onscreen_mouse,2869.947,3813.722,1.0,0.0,0.0,0.0,3.0,[368.374],,"[880254.377, 881289.1]","[""digit_4.wav"", ""digit_7.wav""]","[{""audio_file"": ""digit_4.wav"", ""audio_start_global_ms"": 880254.377, ""audio_expected_duration_ms"": 500, ""audio_stop_global_ms"": 880754.377}, {""audio_file"": ""digit_7.wav"", ""audio_start_global_ms"": 881289.1, ""audio_expected_duration_ms"": 500, ""audio_stop_global_ms"": 881789.1}]",1.0,,,,,,,,,,,,,,,
35,35_T1_20260520_150610,PA,T1,standard,hci_substudy_v2,1,telemetry_v4,digit_span,3,practice_digitspan,practice,1,5,5,practice,span_2,1779260770,961.483,2026-05-20T15:20:59.150,0,0,0,1,886136.057,886216.411,,,,,,,1,,,,,886236.057,886297.417,891673.468,2000,5376.051,891673.468,"[{""stage_name"": ""fixation"", ""planned_duration_ms"": 100, ""intended_onset_ms"": 886136.057, ""actual_onset_global_ms"": 886216.411, ""actual_offset_global_ms"": 886296.133, ""actual_duration_ms"": 79.722}, {""stage_name"": ""auditory_sequence"", ""planned_duration_ms"": 2000, ""intended_onset_ms"": 886236.057, ""actual_onset_global_ms"": 886297.417, ""actual_offset_global_ms"": 887806.695, ""actual_duration_ms"": 1509.278}, {""stage_name"": ""wait"", ""planned_duration_ms"": 500, ""intended_onset_ms"": 887806.695, ""actual_onset_global_ms"": 887835.687, ""actual_offset_global_ms"": 888330.031, ""actual_duration_ms"": 494.344}, {""stage_name"": ""input_panel"", ""planned_duration_ms"": 15000, ""intended_onset_ms"": 888330.031, ""actual_onset_global_ms"": 888338.198, ""actual_offset_global_ms"": 891673.468, ""actual_duration_ms"": 3335.27}]",,,,,0.0,none,,,0.0,0.0,none,0.0,0.0,0.0,0.0,,,,,,,,,,,,,,,,,,,,none,0.0,0.0,0.0,0.0,2.0,5.0,1.0,"[9, 8]","[""8"", ""9""]","[""8"", ""9""]",89,onscreen_mouse,2580.53,3335.151,1.0,0.0,0.0,0.0,3.0,[330.955],,"[886297.417, 887306.695]","[""digit_9.wav"", ""digit_8.wav""]","[{""audio_file"": ""digit_9.wav"", ""audio_start_global_ms"": 886297.417, ""audio_expected_duration_ms"": 500, ""audio_stop_global_ms"": 886797.417}, {""audio_file"": ""digit_8.wav"", ""audio_start_global_ms"": 887306.695, ""audio_expected_duration_ms"": 500, ""audio_stop_global_ms"": 887806.695}]",0.0,,,,,,,,,,,,,,,
35,35_T1_20260520_150610,PA,T1,standard,hci_substudy_v2,1,telemetry_v4,digit_span,3,practice_digitspan,practice,1,6,6,practice,span_2,1779260770,961.483,2026-05-20T15:21:04.691,0,0,0,1,891676.953,891755.583,,,,,,,1,,,,,891776.953,891837.103,896792.801,2000,4955.698,896792.801,"[{""stage_name"": ""fixation"", ""planned_duration_ms"": 100, ""intended_onset_ms"": 891676.953, ""actual_onset_global_ms"": 891755.583, ""actual_offset_global_ms"": 891836.047, ""actual_duration_ms"": 80.464}, {""stage_name"": ""auditory_sequence"", ""planned_duration_ms"": 2000, ""intended_onset_ms"": 891776.953, ""actual_onset_global_ms"": 891837.103, ""actual_offset_global_ms"": 893352.216, ""actual_duration_ms"": 1515.113}, {""stage_name"": ""wait"", ""planned_duration_ms"": 500, ""intended_onset_ms"": 893352.216, ""actual_onset_global_ms"": 893379.926, ""actual_offset_global_ms"": 893880.424, ""actual_duration_ms"": 500.498}, {""stage_name"": ""input_panel"", ""planned_duration_ms"": 15000, ""intended_onset_ms"": 893880.424, ""actual_onset_global_ms"": 893886.075, ""actual_offset_global_ms"": 896792.801, ""actual_duration_ms"": 2906.726}]",,,,,0.0,none,,,0.0,0.0,none,0.0,0.0,0.0,0.0,,,,,,,,,,,,,,,,,,,,none,0.0,0.0,0.0,0.0,2.0,6.0,1.0,"[8, 6]","[""6"", ""8""]","[""6"", ""8""]",68,onscreen_mouse,2031.814,2906.621,1.0,0.0,0.0,0.0,3.0,[452.759],,"[891837.103, 892852.216]","[""digit_8.wav"", ""digit_6.wav""]","[{""audio_file"": ""digit_8.wav"", ""audio_start_global_ms"": 891837.103, ""audio_expected_duration_ms"": 500, ""audio_stop_global_ms"": 892337.103}, {""audio_file"": ""digit_6.wav"", ""audio_start_global_ms"": 892852.216, ""audio_expected_duration_ms"": 500, ""audio_stop_global_ms"": 893352.216}]",0.0,,,,,,,,,,,,,,,
35,35_T1_20260520_150610,PA,T1,standard,hci_substudy_v2,1,telemetry_v4,digit_span,3,formal_span_2,formal,1,1,7,formal,span_2,1779260770,961.483,2026-05-20T15:21:22.893,0,0,0,1,909878.341,909959.477,,,,,,,1,,,,,909978.341,910039.577,915534.535,2000,5494.958,915534.535,"[{""stage_name"": ""fixation"", ""planned_duration_ms"": 100, ""intended_onset_ms"": 909878.341, ""actual_onset_global_ms"": 909959.477, ""actual_offset_global_ms"": 910038.463, ""actual_duration_ms"": 78.986}, {""stage_name"": ""auditory_sequence"", ""planned_duration_ms"": 2000, ""intended_onset_ms"": 909978.341, ""actual_onset_global_ms"": 910039.577, ""actual_offset_global_ms"": 911543.222, ""actual_duration_ms"": 1503.645}, {""stage_name"": ""wait"", ""planned_duration_ms"": 500, ""intended_onset_ms"": 911543.222, ""actual_onset_global_ms"": 911571.107, ""actual_offset_global_ms"": 912067.446, ""actual_duration_ms"": 496.339}, {""stage_name"": ""input_panel"", ""planned_duration_ms"": 15000, ""intended_onset_ms"": 912067.446, ""actual_onset_global_ms"": 912075.754, ""actual_offset_global_ms"": 915534.535, ""actual_duration_ms"": 3458.781}]",,,,,0.0,none,,,0.0,0.0,none,0.0,0.0,0.0,0.0,,,,,,,,,,,,,,,,,,,,none,0.0,0.0,0.0,0.0,2.0,1.0,1.0,"[9, 4]","[""4"", ""9""]","[""4"", ""9""]",49,onscreen_mouse,2309.997,3458.708,1.0,0.0,0.0,0.0,3.0,[439.587],advance,"[910039.577, 911043.222]","[""digit_9.wav"", ""digit_4.wav""]","[{""audio_file"": ""digit_9.wav"", ""audio_start_global_ms"": 910039.577, ""audio_expected_duration_ms"": 500, ""audio_stop_global_ms"": 910539.577}, {""audio_file"": ""digit_4.wav"", ""audio_start_global_ms"": 911043.222, ""audio_expected_duration_ms"": 500, ""audio_stop_global_ms"": 911543.222}]",0.0,two_failures_in_span,4.0,,,,,,,,,,,,,
35,35_T1_20260520_150610,PA,T1,standard,hci_substudy_v2,1,telemetry_v4,digit_span,3,formal_span_2,formal,1,2,8,formal,span_2,1779260770,961.483,2026-05-20T15:21:28.552,0,0,0,1,915537.966,915660.514,,,,,,,0,,,,,915637.966,915662.463,929999.917,2000,14337.454,929999.917,"[{""stage_name"": ""fixation"", ""planned_duration_ms"": 100, ""intended_onset_ms"": 915537.966, ""actual_onset_global_ms"": 915660.514, ""actual_offset_global_ms"": 915661.554, ""actual_duration_ms"": 1.04}, {""stage_name"": ""auditory_sequence"", ""planned_duration_ms"": 2000, ""intended_onset_ms"": 915637.966, ""actual_onset_global_ms"": 915662.463, ""actual_offset_global_ms"": 917163.27, ""actual_duration_ms"": 1500.807}, {""stage_name"": ""wait"", ""planned_duration_ms"": 500, ""intended_onset_ms"": 917163.27, ""actual_onset_global_ms"": 917193.862, ""actual_offset_global_ms"": 917693.353, ""actual_duration_ms"": 499.491}, {""stage_name"": ""input_panel"", ""planned_duration_ms"": 15000, ""intended_onset_ms"": 917693.353, ""actual_onset_global_ms"": 917699.022, ""actual_offset_global_ms"": 929999.917, ""actual_duration_ms"": 12300.895}]",,,,,0.0,none,,,0.0,0.0,none,0.0,0.0,0.0,0.0,,,,,,,,,,,,,,,,,,,,none,0.0,0.0,0.0,0.0,2.0,2.0,1.0,"[3, 1]","[""1"", ""3""]","[""3"", ""6""]",36,onscreen_mouse,10301.348,12300.742,0.0,0.0,0.0,0.0,3.0,[543.156],advance,"[915662.463, 916663.27]","[""digit_3.wav"", ""digit_1.wav""]","[{""audio_file"": ""digit_3.wav"", ""audio_start_global_ms"": 915662.463, ""audio_expected_duration_ms"": 500, ""audio_stop_global_ms"": 916162.463}, {""audio_file"": ""digit_1.wav"", ""audio_start_global_ms"": 916663.27, ""audio_expected_duration_ms"": 500, ""audio_stop_global_ms"": 917163.27}]",0.0,two_failures_in_span,4.0,,,,,,,,,,,,,
35,35_T1_20260520_150610,PA,T1,standard,hci_substudy_v2,1,telemetry_v4,digit_span,3,formal_span_3,formal,2,1,9,formal,span_3,1779260770,961.483,2026-05-20T15:21:43.020,0,0,0,1,930006.386,930088.481,,,,,,,1,,,,,930106.386,930170.029,947101.59,3000,16931.561,947101.59,"[{""stage_name"": ""fixation"", ""planned_duration_ms"": 100, ""intended_onset_ms"": 930006.386, ""actual_onset_global_ms"": 930088.481, ""actual_offset_global_ms"": 930169.01, ""actual_duration_ms"": 80.529}, {""stage_name"": ""auditory_sequence"", ""planned_duration_ms"": 3000, ""intended_onset_ms"": 930106.386, ""actual_onset_global_ms"": 930170.029, ""actual_offset_global_ms"": 932697.524, ""actual_duration_ms"": 2527.495}, {""stage_name"": ""wait"", ""planned_duration_ms"": 500, ""intended_onset_ms"": 932697.524, ""actual_onset_global_ms"": 932720.015, ""actual_offset_global_ms"": 933215.005, ""actual_duration_ms"": 494.99}, {""stage_name"": ""input_panel"", ""planned_duration_ms"": 15000, ""intended_onset_ms"": 933215.005, ""actual_onset_global_ms"": 933222.693, ""actual_offset_global_ms"": 947101.59, ""actual_duration_ms"": 13878.897}]",,,,,0.0,none,,,0.0,0.0,none,0.0,0.0,0.0,0.0,,,,,,,,,,,,,,,,,,,,none,0.0,0.0,0.0,0.0,3.0,1.0,2.0,"[5, 4, 6]","[""6"", ""4"", ""5""]","[""6"", ""4"", ""5""]",645,onscreen_mouse,3120.901,13878.82,1.0,0.0,0.0,0.0,4.0,"[993.839, 7843.001]",advance,"[930170.029, 931205.938, 932197.524]","[""digit_5.wav"", ""digit_4.wav"", ""digit_6.wav""]","[{""audio_file"": ""digit_5.wav"", ""audio_start_global_ms"": 930170.029, ""audio_expected_duration_ms"": 500, ""audio_stop_global_ms"": 930670.029}, {""audio_file"": ""digit_4.wav"", ""audio_start_global_ms"": 931205.938, ""audio_expected_duration_ms"": 500, ""audio_stop_global_ms"": 931705.938}, {""audio_file"": ""digit_6.wav"", ""audio_start_global_ms"": 932197.524, ""audio_expected_duration_ms"": 500, ""audio_stop_global_ms"": 932697.524}]",0.0,two_failures_in_span,4.0,,,,,,,,,,,,,
35,35_T1_20260520_150610,PA,T1,standard,hci_substudy_v2,1,telemetry_v4,digit_span,3,formal_span_3,formal,2,2,10,formal,span_3,1779260770,961.483,2026-05-20T15:22:00.120,0,0,0,1,947105.509,947185.423,,,,,,,1,,,,,947205.509,947267.221,965899.559,3000,18632.338,965899.559,"[{""stage_name"": ""fixation"", ""planned_duration_ms"": 100, ""intended_onset_ms"": 947105.509, ""actual_onset_global_ms"": 947185.423, ""actual_offset_global_ms"": 947266.349, ""actual_duration_ms"": 80.926}, {""stage_name"": ""auditory_sequence"", ""planned_duration_ms"": 3000, ""intended_onset_ms"": 947205.509, ""actual_onset_global_ms"": 947267.221, ""actual_offset_global_ms"": 949782.56, ""actual_duration_ms"": 2515.339}, {""stage_name"": ""wait"", ""planned_duration_ms"": 500, ""intended_onset_ms"": 949782.56, ""actual_onset_global_ms"": 949824.096, ""actual_offset_global_ms"": 950321.852, ""actual_duration_ms"": 497.756}, {""stage_name"": ""input_panel"", ""planned_duration_ms"": 15000, ""intended_onset_ms"": 950321.852, ""actual_onset_global_ms"": 950331.222, ""actual_offset_global_ms"": 965899.559, ""actual_duration_ms"": 15568.337}]",,,,,0.0,none,,,0.0,0.0,none,0.0,0.0,0.0,0.0,,,,,,,,,,,,,,,,,,,,none,0.0,0.0,0.0,0.0,3.0,2.0,2.0,"[9, 5, 4]","[""4"", ""5"", ""9""]","[""4"", ""5"", ""9""]",459,onscreen_mouse,4652.846,15568.226,1.0,0.0,0.0,0.0,4.0,"[864.811, 1023.71]",advance,"[947267.221, 948286.339, 949282.56]","[""digit_9.wav"", ""digit_5.wav"", ""digit_4.wav""]","[{""audio_file"": ""digit_9.wav"", ""audio_start_global_ms"": 947267.221, ""audio_expected_duration_ms"": 500, ""audio_stop_global_ms"": 947767.221}, {""audio_file"": ""digit_5.wav"", ""audio_start_global_ms"": 948286.339, ""audio_expected_duration_ms"": 500, ""audio_stop_global_ms"": 948786.339}, {""audio_file"": ""digit_4.wav"", ""audio_start_global_ms"": 949282.56, ""audio_expected_duration_ms"": 500, ""audio_stop_global_ms"": 949782.56}]",0.0,two_failures_in_span,4.0,,,,,,,,,,,,,
35,35_T1_20260520_150610,PA,T1,standard,hci_substudy_v2,1,telemetry_v4,digit_span,3,formal_span_4,formal,3,1,11,formal,span_4,1779260770,961.483,2026-05-20T15:22:18.921,0,0,0,1,965906.606,965988.344,,,,,,,0,,,,,966006.606,966069.164,987521.882,4000,21452.718,987521.882,"[{""stage_name"": ""fixation"", ""planned_duration_ms"": 100, ""intended_onset_ms"": 965906.606, ""actual_onset_global_ms"": 965988.344, ""actual_offset_global_ms"": 966068.205, ""actual_duration_ms"": 79.861}, {""stage_name"": ""auditory_sequence"", ""planned_duration_ms"": 4000, ""intended_onset_ms"": 966006.606, ""actual_onset_global_ms"": 966069.164, ""actual_offset_global_ms"": 969596.744, ""actual_duration_ms"": 3527.58}, {""stage_name"": ""wait"", ""planned_duration_ms"": 500, ""intended_onset_ms"": 969596.744, ""actual_onset_global_ms"": 969638.135, ""actual_offset_global_ms"": 970132.739, ""actual_duration_ms"": 494.604}, {""stage_name"": ""input_panel"", ""planned_duration_ms"": 15000, ""intended_onset_ms"": 970132.739, ""actual_onset_global_ms"": 970141.692, ""actual_offset_global_ms"": 987521.882, ""actual_duration_ms"": 17380.19}]",,,,,0.0,none,,,0.0,0.0,none,0.0,0.0,0.0,0.0,,,,,,,,,,,,,,,,,,,,none,0.0,0.0,0.0,0.0,4.0,1.0,3.0,"[9, 3, 4, 5]","[""5"", ""4"", ""3"", ""9""]","[""6"", ""3"", ""2"", ""8""]",6328,onscreen_mouse,6685.765,17380.106,0.0,0.0,0.0,0.0,5.0,"[1994.993, 1910.262, 2634.563]",terminate,"[966069.164, 967077.896, 968082.388, 969096.744]","[""digit_9.wav"", ""digit_3.wav"", ""digit_4.wav"", ""digit_5.wav""]","[{""audio_file"": ""digit_9.wav"", ""audio_start_global_ms"": 966069.164, ""audio_expected_duration_ms"": 500, ""audio_stop_global_ms"": 966569.164}, {""audio_file"": ""digit_3.wav"", ""audio_start_global_ms"": 967077.896, ""audio_expected_duration_ms"": 500, ""audio_stop_global_ms"": 967577.896}, {""audio_file"": ""digit_4.wav"", ""audio_start_global_ms"": 968082.388, ""audio_expected_duration_ms"": 500, ""audio_stop_global_ms"": 968582.388}, {""audio_file"": ""digit_5.wav"", ""audio_start_global_ms"": 969096.744, ""audio_expected_duration_ms"": 500, ""audio_stop_global_ms"": 969596.744}]",0.0,two_failures_in_span,4.0,,,,,,,,,,,,,
35,35_T1_20260520_150610,PA,T1,standard,hci_substudy_v2,1,telemetry_v4,digit_span,3,formal_span_4,formal,3,2,12,formal,span_4,1779260770,961.483,2026-05-20T15:22:40.540,0,0,0,1,987525.803,987604.756,,,,,,,0,,,,,987625.803,987685.423,999502.458,4000,11817.035,999502.458,"[{""stage_name"": ""fixation"", ""planned_duration_ms"": 100, ""intended_onset_ms"": 987525.803, ""actual_onset_global_ms"": 987604.756, ""actual_offset_global_ms"": 987684.484, ""actual_duration_ms"": 79.728}, {""stage_name"": ""auditory_sequence"", ""planned_duration_ms"": 4000, ""intended_onset_ms"": 987625.803, ""actual_onset_global_ms"": 987685.423, ""actual_offset_global_ms"": 991218.881, ""actual_duration_ms"": 3533.458}, {""stage_name"": ""wait"", ""planned_duration_ms"": 500, ""intended_onset_ms"": 991218.881, ""actual_onset_global_ms"": 991294.342, ""actual_offset_global_ms"": 991793.628, ""actual_duration_ms"": 499.286}, {""stage_name"": ""input_panel"", ""planned_duration_ms"": 15000, ""intended_onset_ms"": 991793.628, ""actual_onset_global_ms"": 991799.641, ""actual_offset_global_ms"": 999502.458, ""actual_duration_ms"": 7702.817}]",,,,,0.0,none,,,0.0,0.0,none,0.0,0.0,0.0,0.0,,,,,,,,,,,,,,,,,,,,none,0.0,0.0,0.0,0.0,4.0,2.0,3.0,"[3, 5, 1, 4]","[""4"", ""1"", ""5"", ""3""]","[""1"", ""5"", ""3"", ""2""]",1532,onscreen_mouse,2762.867,7702.728,0.0,0.0,0.0,0.0,5.0,"[577.242, 2068.389, 1014.512]",terminate,"[987685.423, 988721.157, 989721.709, 990718.881]","[""digit_3.wav"", ""digit_5.wav"", ""digit_1.wav"", ""digit_4.wav""]","[{""audio_file"": ""digit_3.wav"", ""audio_start_global_ms"": 987685.423, ""audio_expected_duration_ms"": 500, ""audio_stop_global_ms"": 988185.423}, {""audio_file"": ""digit_5.wav"", ""audio_start_global_ms"": 988721.157, ""audio_expected_duration_ms"": 500, ""audio_stop_global_ms"": 989221.157}, {""audio_file"": ""digit_1.wav"", ""audio_start_global_ms"": 989721.709, ""audio_expected_duration_ms"": 500, ""audio_stop_global_ms"": 990221.709}, {""audio_file"": ""digit_4.wav"", ""audio_start_global_ms"": 990718.881, ""audio_expected_duration_ms"": 500, ""audio_stop_global_ms"": 991218.881}]",0.0,two_failures_in_span,4.0,,,,,,,,,,,,,
35,35_T1_20260520_150610,PA,T1,standard,hci_substudy_v2,1,telemetry_v4,change_detection,4,practice_cd,practice,1,1,1,practice,N2_same,1779260770,961.483,2026-05-20T15:23:00.970,0,0,0,1,1007955.033,1007962.186,,,,,s,,1,22573.213,,correct,0.0,1011555.033,1011605.938,1034190.854,4000,22584.916,1034340.854,"[{""stage_name"": ""fixation"", ""planned_duration_ms"": 100, ""intended_onset_ms"": 1007955.033, ""actual_onset_global_ms"": 1007962.186, ""actual_offset_global_ms"": 1008057.859, ""actual_duration_ms"": 95.673}, {""stage_name"": ""memory_array"", ""planned_duration_ms"": 2500, ""intended_onset_ms"": 1008055.033, ""actual_onset_global_ms"": 1008080.956, ""actual_offset_global_ms"": 1010576.408, ""actual_duration_ms"": 2495.452}, {""stage_name"": ""delay"", ""planned_duration_ms"": 1000, ""intended_onset_ms"": 1010576.408, ""actual_onset_global_ms"": 1010579.926, ""actual_offset_global_ms"": 1011580.183, ""actual_duration_ms"": 1000.257}, {""stage_name"": ""test_array"", ""planned_duration_ms"": 4000, ""intended_onset_ms"": 1011580.183, ""actual_onset_global_ms"": 1011605.938, ""actual_offset_global_ms"": 1034190.854, ""actual_duration_ms"": 22584.916}, {""stage_name"": ""feedback"", ""planned_duration_ms"": 150, ""intended_onset_ms"": 1034190.854, ""actual_onset_global_ms"": 1034202.204, ""actual_offset_global_ms"": 1034342.342, ""actual_duration_ms"": 140.138}]",correct.wav,1034191.17,150.0,1034691.17,,,,,,,,,,,,,,,,,,,,,,,,,,,,,,,,,,,,,,,,,,,,,,1.0,,,,,,,,,,,,,2.0,same,0.0,"[136.97, -177.23]","[[136.97, -177.23], [-165.71, 80.52]]","[""green"", ""blue""]","[""green"", ""blue""]",green,green,s,same,2.0,1.0
35,35_T1_20260520_150610,PA,T1,standard,hci_substudy_v2,1,telemetry_v4,change_detection,4,practice_cd,practice,1,2,2,practice,N1_same,1779260770,961.483,2026-05-20T15:23:27.361,0,0,0,1,1034346.312,1034351.937,,,,,s,,0,5419.195,,incorrect,0.0,1037946.312,1037978.106,1043403.411,4000,5425.305,1043553.411,"[{""stage_name"": ""fixation"", ""planned_duration_ms"": 100, ""intended_onset_ms"": 1034346.312, ""actual_onset_global_ms"": 1034351.937, ""actual_offset_global_ms"": 1034450.095, ""actual_duration_ms"": 98.158}, {""stage_name"": ""memory_array"", ""planned_duration_ms"": 2500, ""intended_onset_ms"": 1034446.312, ""actual_onset_global_ms"": 1034463.953, ""actual_offset_global_ms"": 1036961.142, ""actual_duration_ms"": 2497.189}, {""stage_name"": ""delay"", ""planned_duration_ms"": 1000, ""intended_onset_ms"": 1036961.142, ""actual_onset_global_ms"": 1036964.811, ""actual_offset_global_ms"": 1037965.293, ""actual_duration_ms"": 1000.482}, {""stage_name"": ""test_array"", ""planned_duration_ms"": 4000, ""intended_onset_ms"": 1037965.293, ""actual_onset_global_ms"": 1037978.106, ""actual_offset_global_ms"": 1043403.411, ""actual_duration_ms"": 5425.305}, {""stage_name"": ""feedback"", ""planned_duration_ms"": 150, ""intended_onset_ms"": 1043403.411, ""actual_onset_global_ms"": 1043411.981, ""actual_offset_global_ms"": 1043558.582, ""actual_duration_ms"": 146.601}]",incorrect.wav,1043403.677,150.0,1043903.677,,,,,,,,,,,,,,,,,,,,,,,,,,,,,,,,,,,,,,,,,,,,,,0.0,,,,,,,,,,,,,1.0,same,0.0,"[-153.36, -137.53]","[[-153.36, -137.53]]","[""red""]","[""red""]",red,red,j,change,1.0,1.0
35,35_T1_20260520_150610,PA,T1,standard,hci_substudy_v2,1,telemetry_v4,change_detection,4,practice_cd,practice,1,3,3,practice,N2_change,1779260770,961.483,2026-05-20T15:23:36.577,0,0,0,1,1043562.323,1043566.011,,,,,j,,0,3133.87,,incorrect,0.0,1047162.323,1047199.447,1050349.011,4000,3149.564,1050499.011,"[{""stage_name"": ""fixation"", ""planned_duration_ms"": 100, ""intended_onset_ms"": 1043562.323, ""actual_onset_global_ms"": 1043566.011, ""actual_offset_global_ms"": 1043663.601, ""actual_duration_ms"": 97.59}, {""stage_name"": ""memory_array"", ""planned_duration_ms"": 2500, ""intended_onset_ms"": 1043662.323, ""actual_onset_global_ms"": 1043685.909, ""actual_offset_global_ms"": 1046175.22, ""actual_duration_ms"": 2489.311}, {""stage_name"": ""delay"", ""planned_duration_ms"": 1000, ""intended_onset_ms"": 1046175.22, ""actual_onset_global_ms"": 1046178.938, ""actual_offset_global_ms"": 1047178.204, ""actual_duration_ms"": 999.266}, {""stage_name"": ""test_array"", ""planned_duration_ms"": 4000, ""intended_onset_ms"": 1047178.204, ""actual_onset_global_ms"": 1047199.447, ""actual_offset_global_ms"": 1050349.011, ""actual_duration_ms"": 3149.564}, {""stage_name"": ""feedback"", ""planned_duration_ms"": 150, ""intended_onset_ms"": 1050349.011, ""actual_onset_global_ms"": 1050353.49, ""actual_offset_global_ms"": 1050500.708, ""actual_duration_ms"": 147.218}]",incorrect.wav,1050349.25,150.0,1050849.25,,,,,,,,,,,,,,,,,,,,,,,,,,,,,,,,,,,,,,,,,,,,,,0.0,,,,,,,,,,,,,2.0,change,0.0,"[198.35, 111.23]","[[198.35, 111.23], [223.98, -249.93]]","[""purple"", ""yellow""]","[""red"", ""yellow""]",purple,red,s,same,2.0,1.0
35,35_T1_20260520_150610,PA,T1,standard,hci_substudy_v2,1,telemetry_v4,change_detection,4,practice_cd,practice,1,4,4,practice,N1_change,1779260770,961.483,2026-05-20T15:23:43.518,0,0,0,1,1050504.097,1050508.998,,,,,j,,1,4151.329,,correct,0.0,1054104.097,1054133.723,1058297.562,4000,4163.839,1058447.562,"[{""stage_name"": ""fixation"", ""planned_duration_ms"": 100, ""intended_onset_ms"": 1050504.097, ""actual_onset_global_ms"": 1050508.998, ""actual_offset_global_ms"": 1050605.506, ""actual_duration_ms"": 96.508}, {""stage_name"": ""memory_array"", ""planned_duration_ms"": 2500, ""intended_onset_ms"": 1050604.097, ""actual_onset_global_ms"": 1050618.878, ""actual_offset_global_ms"": 1053116.96, ""actual_duration_ms"": 2498.082}, {""stage_name"": ""delay"", ""planned_duration_ms"": 1000, ""intended_onset_ms"": 1053116.96, ""actual_onset_global_ms"": 1053120.901, ""actual_offset_global_ms"": 1054121.053, ""actual_duration_ms"": 1000.152}, {""stage_name"": ""test_array"", ""planned_duration_ms"": 4000, ""intended_onset_ms"": 1054121.053, ""actual_onset_global_ms"": 1054133.723, ""actual_offset_global_ms"": 1058297.562, ""actual_duration_ms"": 4163.839}, {""stage_name"": ""feedback"", ""planned_duration_ms"": 150, ""intended_onset_ms"": 1058297.562, ""actual_onset_global_ms"": 1058302.324, ""actual_offset_global_ms"": 1058451.591, ""actual_duration_ms"": 149.267}]",correct.wav,1058297.844,150.0,1058797.844,,,,,,,,,,,,,,,,,,,,,,,,,,,,,,,,,,,,,,,,,,,,,,1.0,,,,,,,,,,,,,1.0,change,0.0,"[215.12, -146.08]","[[215.12, -146.08]]","[""purple""]","[""blue""]",purple,blue,j,change,1.0,1.0
35,35_T1_20260520_150610,PA,T1,standard,hci_substudy_v2,1,telemetry_v4,change_detection,4,practice_cd,practice,1,5,5,practice,N1_same,1779260770,961.483,2026-05-20T15:23:51.469,0,0,0,1,1058453.686,1058457.602,,,,,s,,1,871.762,,correct,0.0,1062053.686,1062077.304,1062961.439,4000,884.135,1063111.439,"[{""stage_name"": ""fixation"", ""planned_duration_ms"": 100, ""intended_onset_ms"": 1058453.686, ""actual_onset_global_ms"": 1058457.602, ""actual_offset_global_ms"": 1058554.822, ""actual_duration_ms"": 97.22}, {""stage_name"": ""memory_array"", ""planned_duration_ms"": 2500, ""intended_onset_ms"": 1058553.686, ""actual_onset_global_ms"": 1058567.837, ""actual_offset_global_ms"": 1061061.508, ""actual_duration_ms"": 2493.671}, {""stage_name"": ""delay"", ""planned_duration_ms"": 1000, ""intended_onset_ms"": 1061061.508, ""actual_onset_global_ms"": 1061065.226, ""actual_offset_global_ms"": 1062064.453, ""actual_duration_ms"": 999.227}, {""stage_name"": ""test_array"", ""planned_duration_ms"": 4000, ""intended_onset_ms"": 1062064.453, ""actual_onset_global_ms"": 1062077.304, ""actual_offset_global_ms"": 1062961.439, ""actual_duration_ms"": 884.135}, {""stage_name"": ""feedback"", ""planned_duration_ms"": 150, ""intended_onset_ms"": 1062961.439, ""actual_onset_global_ms"": 1062966.153, ""actual_offset_global_ms"": 1063113.24, ""actual_duration_ms"": 147.087}]",correct.wav,1062961.699,150.0,1063461.699,,,,,,,,,,,,,,,,,,,,,,,,,,,,,,,,,,,,,,,,,,,,,,1.0,,,,,,,,,,,,,1.0,same,0.0,"[70.27, 117.74]","[[70.27, 117.74]]","[""purple""]","[""purple""]",purple,purple,s,same,1.0,1.0
35,35_T1_20260520_150610,PA,T1,standard,hci_substudy_v2,1,telemetry_v4,change_detection,4,practice_cd,practice,1,6,6,practice,N2_change,1779260770,961.483,2026-05-20T15:23:56.131,0,0,0,1,1063116.826,1063121.473,,,,,j,,1,1374.503,,correct,0.0,1066716.826,1066765.611,1068165.412,4000,1399.801,1068315.412,"[{""stage_name"": ""fixation"", ""planned_duration_ms"": 100, ""intended_onset_ms"": 1063116.826, ""actual_onset_global_ms"": 1063121.473, ""actual_offset_global_ms"": 1063219.449, ""actual_duration_ms"": 97.976}, {""stage_name"": ""memory_array"", ""planned_duration_ms"": 2500, ""intended_onset_ms"": 1063216.826, ""actual_onset_global_ms"": 1063242.681, ""actual_offset_global_ms"": 1065739.452, ""actual_duration_ms"": 2496.771}, {""stage_name"": ""delay"", ""planned_duration_ms"": 1000, ""intended_onset_ms"": 1065739.452, ""actual_onset_global_ms"": 1065743.179, ""actual_offset_global_ms"": 1066743.091, ""actual_duration_ms"": 999.912}, {""stage_name"": ""test_array"", ""planned_duration_ms"": 4000, ""intended_onset_ms"": 1066743.091, ""actual_onset_global_ms"": 1066765.611, ""actual_offset_global_ms"": 1068165.412, ""actual_duration_ms"": 1399.801}, {""stage_name"": ""feedback"", ""planned_duration_ms"": 150, ""intended_onset_ms"": 1068165.412, ""actual_onset_global_ms"": 1068170.58, ""actual_offset_global_ms"": 1068320.646, ""actual_duration_ms"": 150.066}]",correct.wav,1068165.652,150.0,1068665.652,,,,,,,,,,,,,,,,,,,,,,,,,,,,,,,,,,,,,,,,,,,,,,1.0,,,,,,,,,,,,,2.0,change,0.0,"[-77.03, -120.65]","[[-77.03, -120.65], [195.56, 89.56]]","[""blue"", ""yellow""]","[""red"", ""yellow""]",blue,red,j,change,2.0,1.0
35,35_T1_20260520_150610,PA,T1,standard,hci_substudy_v2,1,telemetry_v4,change_detection,4,practice_cd,practice,1,7,7,practice,N1_change,1779260770,961.483,2026-05-20T15:24:01.338,0,0,0,1,1068323.221,1068327.255,,,,,j,,0,2736.127,,incorrect,0.0,1071923.221,1071944.534,1074696.907,4000,2752.373,1074846.907,"[{""stage_name"": ""fixation"", ""planned_duration_ms"": 100, ""intended_onset_ms"": 1068323.221, ""actual_onset_global_ms"": 1068327.255, ""actual_offset_global_ms"": 1068424.939, ""actual_duration_ms"": 97.684}, {""stage_name"": ""memory_array"", ""planned_duration_ms"": 2500, ""intended_onset_ms"": 1068423.221, ""actual_onset_global_ms"": 1068439.233, ""actual_offset_global_ms"": 1070928.98, ""actual_duration_ms"": 2489.747}, {""stage_name"": ""delay"", ""planned_duration_ms"": 1000, ""intended_onset_ms"": 1070928.98, ""actual_onset_global_ms"": 1070932.516, ""actual_offset_global_ms"": 1071931.164, ""actual_duration_ms"": 998.648}, {""stage_name"": ""test_array"", ""planned_duration_ms"": 4000, ""intended_onset_ms"": 1071931.164, ""actual_onset_global_ms"": 1071944.534, ""actual_offset_global_ms"": 1074696.907, ""actual_duration_ms"": 2752.373}, {""stage_name"": ""feedback"", ""planned_duration_ms"": 150, ""intended_onset_ms"": 1074696.907, ""actual_onset_global_ms"": 1074701.368, ""actual_offset_global_ms"": 1074850.758, ""actual_duration_ms"": 149.39}]",incorrect.wav,1074697.127,150.0,1075197.127,,,,,,,,,,,,,,,,,,,,,,,,,,,,,,,,,,,,,,,,,,,,,,0.0,,,,,,,,,,,,,1.0,change,0.0,"[-117.94, -125.98]","[[-117.94, -125.98]]","[""green""]","[""red""]",green,red,s,same,1.0,1.0
35,35_T1_20260520_150610,PA,T1,standard,hci_substudy_v2,1,telemetry_v4,change_detection,4,practice_cd,practice,1,8,8,practice,N2_same,1779260770,961.483,2026-05-20T15:24:07.868,0,0,0,1,1074853.23,1074857.971,,,,,s,,0,6506.625,,incorrect,0.0,1078453.23,1078495.844,1085015.512,4000,6519.668,1085165.512,"[{""stage_name"": ""fixation"", ""planned_duration_ms"": 100, ""intended_onset_ms"": 1074853.23, ""actual_onset_global_ms"": 1074857.971, ""actual_offset_global_ms"": 1074957.071, ""actual_duration_ms"": 99.1}, {""stage_name"": ""memory_array"", ""planned_duration_ms"": 2500, ""intended_onset_ms"": 1074953.23, ""actual_onset_global_ms"": 1074979.304, ""actual_offset_global_ms"": 1077469.017, ""actual_duration_ms"": 2489.713}, {""stage_name"": ""delay"", ""planned_duration_ms"": 1000, ""intended_onset_ms"": 1077469.017, ""actual_onset_global_ms"": 1077472.968, ""actual_offset_global_ms"": 1078473.732, ""actual_duration_ms"": 1000.764}, {""stage_name"": ""test_array"", ""planned_duration_ms"": 4000, ""intended_onset_ms"": 1078473.732, ""actual_onset_global_ms"": 1078495.844, ""actual_offset_global_ms"": 1085015.512, ""actual_duration_ms"": 6519.668}, {""stage_name"": ""feedback"", ""planned_duration_ms"": 150, ""intended_onset_ms"": 1085015.512, ""actual_onset_global_ms"": 1085020.411, ""actual_offset_global_ms"": 1085170.51, ""actual_duration_ms"": 150.099}]",incorrect.wav,1085015.778,150.0,1085515.778,,,,,,,,,,,,,,,,,,,,,,,,,,,,,,,,,,,,,,,,,,,,,,0.0,,,,,,,,,,,,,2.0,same,1.0,"[-169.06, 18.21]","[[85.56, -245.74], [-169.06, 18.21]]","[""yellow"", ""green""]","[""yellow"", ""green""]",green,green,j,change,2.0,1.0
35,35_T1_20260520_150610,PA,T1,standard,hci_substudy_v2,1,telemetry_v4,change_detection,4,practice_cd,practice,1,1,9,practice,N2_same,1779260770,961.483,2026-05-20T15:24:20.263,0,0,0,2,1087249.086,1087252.902,,,,,s,,0,1276.182,,incorrect,0.0,1090849.086,1090894.78,1092177.085,4000,1282.305,1092327.085,"[{""stage_name"": ""fixation"", ""planned_duration_ms"": 100, ""intended_onset_ms"": 1087249.086, ""actual_onset_global_ms"": 1087252.902, ""actual_offset_global_ms"": 1087350.542, ""actual_duration_ms"": 97.64}, {""stage_name"": ""memory_array"", ""planned_duration_ms"": 2500, ""intended_onset_ms"": 1087349.086, ""actual_onset_global_ms"": 1087373.441, ""actual_offset_global_ms"": 1089870.03, ""actual_duration_ms"": 2496.589}, {""stage_name"": ""delay"", ""planned_duration_ms"": 1000, ""intended_onset_ms"": 1089870.03, ""actual_onset_global_ms"": 1089873.757, ""actual_offset_global_ms"": 1090872.375, ""actual_duration_ms"": 998.618}, {""stage_name"": ""test_array"", ""planned_duration_ms"": 4000, ""intended_onset_ms"": 1090872.375, ""actual_onset_global_ms"": 1090894.78, ""actual_offset_global_ms"": 1092177.085, ""actual_duration_ms"": 1282.305}, {""stage_name"": ""feedback"", ""planned_duration_ms"": 150, ""intended_onset_ms"": 1092177.085, ""actual_onset_global_ms"": 1092181.627, ""actual_offset_global_ms"": 1092332.262, ""actual_duration_ms"": 150.635}]",incorrect.wav,1092177.371,150.0,1092677.371,,,,,,,,,,,,,,,,,,,,,,,,,,,,,,,,,,,,,,,,,,,,,,0.0,,,,,,,,,,,,,2.0,same,1.0,"[-117.04, -182.86]","[[56.22, 145.38], [-117.04, -182.86]]","[""purple"", ""blue""]","[""purple"", ""blue""]",blue,blue,j,change,2.0,1.0
35,35_T1_20260520_150610,PA,T1,standard,hci_substudy_v2,1,telemetry_v4,change_detection,4,practice_cd,practice,1,2,10,practice,N1_same,1779260770,961.483,2026-05-20T15:24:25.349,0,0,0,2,1092335.097,1092340.803,,,,,s,,1,1034.848,,correct,0.0,1095935.097,1095967.326,1097015.07,4000,1047.744,1097165.07,"[{""stage_name"": ""fixation"", ""planned_duration_ms"": 100, ""intended_onset_ms"": 1092335.097, ""actual_onset_global_ms"": 1092340.803, ""actual_offset_global_ms"": 1092438.271, ""actual_duration_ms"": 97.468}, {""stage_name"": ""memory_array"", ""planned_duration_ms"": 2500, ""intended_onset_ms"": 1092435.097, ""actual_onset_global_ms"": 1092452.834, ""actual_offset_global_ms"": 1094952.826, ""actual_duration_ms"": 2499.992}, {""stage_name"": ""delay"", ""planned_duration_ms"": 1000, ""intended_onset_ms"": 1094952.826, ""actual_onset_global_ms"": 1094954.517, ""actual_offset_global_ms"": 1095954.039, ""actual_duration_ms"": 999.522}, {""stage_name"": ""test_array"", ""planned_duration_ms"": 4000, ""intended_onset_ms"": 1095954.039, ""actual_onset_global_ms"": 1095967.326, ""actual_offset_global_ms"": 1097015.07, ""actual_duration_ms"": 1047.744}, {""stage_name"": ""feedback"", ""planned_duration_ms"": 150, ""intended_onset_ms"": 1097015.07, ""actual_onset_global_ms"": 1097020.085, ""actual_offset_global_ms"": 1097168.056, ""actual_duration_ms"": 147.971}]",correct.wav,1097015.322,150.0,1097515.322,,,,,,,,,,,,,,,,,,,,,,,,,,,,,,,,,,,,,,,,,,,,,,1.0,,,,,,,,,,,,,1.0,same,0.0,"[188.79, -239.26]","[[188.79, -239.26]]","[""purple""]","[""purple""]",purple,purple,s,same,1.0,1.0
35,35_T1_20260520_150610,PA,T1,standard,hci_substudy_v2,1,telemetry_v4,change_detection,4,practice_cd,practice,1,3,11,practice,N2_same,1779260770,961.483,2026-05-20T15:24:30.187,0,0,0,2,1097172.156,1097176.02,,,,,s,,1,2481.772,,correct,0.0,1100772.156,1100804.367,1103298.502,4000,2494.135,1103448.502,"[{""stage_name"": ""fixation"", ""planned_duration_ms"": 100, ""intended_onset_ms"": 1097172.156, ""actual_onset_global_ms"": 1097176.02, ""actual_offset_global_ms"": 1097273.688, ""actual_duration_ms"": 97.668}, {""stage_name"": ""memory_array"", ""planned_duration_ms"": 2500, ""intended_onset_ms"": 1097272.156, ""actual_onset_global_ms"": 1097296.316, ""actual_offset_global_ms"": 1099776.871, ""actual_duration_ms"": 2480.555}, {""stage_name"": ""delay"", ""planned_duration_ms"": 1000, ""intended_onset_ms"": 1099776.871, ""actual_onset_global_ms"": 1099781.179, ""actual_offset_global_ms"": 1100779.104, ""actual_duration_ms"": 997.925}, {""stage_name"": ""test_array"", ""planned_duration_ms"": 4000, ""intended_onset_ms"": 1100779.104, ""actual_onset_global_ms"": 1100804.367, ""actual_offset_global_ms"": 1103298.502, ""actual_duration_ms"": 2494.135}, {""stage_name"": ""feedback"", ""planned_duration_ms"": 150, ""intended_onset_ms"": 1103298.502, ""actual_onset_global_ms"": 1103303.177, ""actual_offset_global_ms"": 1103452.33, ""actual_duration_ms"": 149.153}]",correct.wav,1103298.751,150.0,1103798.751,,,,,,,,,,,,,,,,,,,,,,,,,,,,,,,,,,,,,,,,,,,,,,1.0,,,,,,,,,,,,,2.0,same,0.0,"[-29.42, -85.37]","[[-29.42, -85.37], [166.05, -132.51]]","[""yellow"", ""purple""]","[""yellow"", ""purple""]",yellow,yellow,s,same,2.0,1.0
35,35_T1_20260520_150610,PA,T1,standard,hci_substudy_v2,1,telemetry_v4,change_detection,4,practice_cd,practice,1,4,12,practice,N2_change,1779260770,961.483,2026-05-20T15:24:36.469,0,0,0,2,1103455.183,1103458.875,,,,,j,,0,490.953,,incorrect,0.0,1107055.183,1107104.131,1107613.63,4000,509.499,1107763.63,"[{""stage_name"": ""fixation"", ""planned_duration_ms"": 100, ""intended_onset_ms"": 1103455.183, ""actual_onset_global_ms"": 1103458.875, ""actual_offset_global_ms"": 1103558.762, ""actual_duration_ms"": 99.887}, {""stage_name"": ""memory_array"", ""planned_duration_ms"": 2500, ""intended_onset_ms"": 1103555.183, ""actual_onset_global_ms"": 1103579.934, ""actual_offset_global_ms"": 1106078.115, ""actual_duration_ms"": 2498.181}, {""stage_name"": ""delay"", ""planned_duration_ms"": 1000, ""intended_onset_ms"": 1106078.115, ""actual_onset_global_ms"": 1106081.713, ""actual_offset_global_ms"": 1107081.717, ""actual_duration_ms"": 1000.004}, {""stage_name"": ""test_array"", ""planned_duration_ms"": 4000, ""intended_onset_ms"": 1107081.717, ""actual_onset_global_ms"": 1107104.131, ""actual_offset_global_ms"": 1107613.63, ""actual_duration_ms"": 509.499}, {""stage_name"": ""feedback"", ""planned_duration_ms"": 150, ""intended_onset_ms"": 1107613.63, ""actual_onset_global_ms"": 1107618.031, ""actual_offset_global_ms"": 1107765.504, ""actual_duration_ms"": 147.473}]",incorrect.wav,1107613.842,150.0,1108113.842,,,,,,,,,,,,,,,,,,,,,,,,,,,,,,,,,,,,,,,,,,,,,,0.0,,,,,,,,,,,,,2.0,change,0.0,"[-218.64, -194.1]","[[-218.64, -194.1], [13.35, 222.7]]","[""yellow"", ""purple""]","[""blue"", ""purple""]",yellow,blue,s,same,3.0,1.0
35,35_T1_20260520_150610,PA,T1,standard,hci_substudy_v2,1,telemetry_v4,change_detection,4,practice_cd,practice,1,5,13,practice,N1_change,1779260770,961.483,2026-05-20T15:24:40.785,0,0,0,2,1107770.183,1107775.525,,,,,j,,1,6069.315,,correct,0.0,1111370.183,1111395.958,1117470.402,4000,6074.444,1117620.402,"[{""stage_name"": ""fixation"", ""planned_duration_ms"": 100, ""intended_onset_ms"": 1107770.183, ""actual_onset_global_ms"": 1107775.525, ""actual_offset_global_ms"": 1107873.188, ""actual_duration_ms"": 97.663}, {""stage_name"": ""memory_array"", ""planned_duration_ms"": 2500, ""intended_onset_ms"": 1107870.183, ""actual_onset_global_ms"": 1107887.513, ""actual_offset_global_ms"": 1110380.187, ""actual_duration_ms"": 2492.674}, {""stage_name"": ""delay"", ""planned_duration_ms"": 1000, ""intended_onset_ms"": 1110380.187, ""actual_onset_global_ms"": 1110383.864, ""actual_offset_global_ms"": 1111383.436, ""actual_duration_ms"": 999.572}, {""stage_name"": ""test_array"", ""planned_duration_ms"": 4000, ""intended_onset_ms"": 1111383.436, ""actual_onset_global_ms"": 1111395.958, ""actual_offset_global_ms"": 1117470.402, ""actual_duration_ms"": 6074.444}, {""stage_name"": ""feedback"", ""planned_duration_ms"": 150, ""intended_onset_ms"": 1117470.402, ""actual_onset_global_ms"": 1117475.665, ""actual_offset_global_ms"": 1117625.913, ""actual_duration_ms"": 150.248}]",correct.wav,1117470.679,150.0,1117970.679,,,,,,,,,,,,,,,,,,,,,,,,,,,,,,,,,,,,,,,,,,,,,,1.0,,,,,,,,,,,,,1.0,change,0.0,"[247.33, -221.5]","[[247.33, -221.5]]","[""blue""]","[""green""]",blue,green,j,change,1.0,1.0
35,35_T1_20260520_150610,PA,T1,standard,hci_substudy_v2,1,telemetry_v4,change_detection,4,practice_cd,practice,1,6,14,practice,N2_change,1779260770,961.483,2026-05-20T15:24:50.644,0,0,0,2,1117628.726,1117632.75,,,,,j,,0,1763.982,,incorrect,0.0,1121228.726,1121262.001,1123047.494,4000,1785.493,1123197.494,"[{""stage_name"": ""fixation"", ""planned_duration_ms"": 100, ""intended_onset_ms"": 1117628.726, ""actual_onset_global_ms"": 1117632.75, ""actual_offset_global_ms"": 1117733.515, ""actual_duration_ms"": 100.765}, {""stage_name"": ""memory_array"", ""planned_duration_ms"": 2500, ""intended_onset_ms"": 1117728.726, ""actual_onset_global_ms"": 1117754.707, ""actual_offset_global_ms"": 1120236.238, ""actual_duration_ms"": 2481.531}, {""stage_name"": ""delay"", ""planned_duration_ms"": 1000, ""intended_onset_ms"": 1120236.238, ""actual_onset_global_ms"": 1120240.77, ""actual_offset_global_ms"": 1121239.302, ""actual_duration_ms"": 998.532}, {""stage_name"": ""test_array"", ""planned_duration_ms"": 4000, ""intended_onset_ms"": 1121239.302, ""actual_onset_global_ms"": 1121262.001, ""actual_offset_global_ms"": 1123047.494, ""actual_duration_ms"": 1785.493}, {""stage_name"": ""feedback"", ""planned_duration_ms"": 150, ""intended_onset_ms"": 1123047.494, ""actual_onset_global_ms"": 1123052.497, ""actual_offset_global_ms"": 1123199.305, ""actual_duration_ms"": 146.808}]",incorrect.wav,1123047.733,150.0,1123547.733,,,,,,,,,,,,,,,,,,,,,,,,,,,,,,,,,,,,,,,,,,,,,,0.0,,,,,,,,,,,,,2.0,change,0.0,"[-196.28, -9.06]","[[-196.28, -9.06], [250.84, -244.34]]","[""yellow"", ""green""]","[""blue"", ""green""]",yellow,blue,s,same,2.0,1.0
35,35_T1_20260520_150610,PA,T1,standard,hci_substudy_v2,1,telemetry_v4,change_detection,4,practice_cd,practice,1,7,15,practice,N1_same,1779260770,961.483,2026-05-20T15:24:56.218,0,0,0,2,1123203.875,1123208.992,,,,,s,,0,14184.859,,incorrect,0.0,1126803.875,1126827.283,1141019.581,4000,14192.298,1141169.581,"[{""stage_name"": ""fixation"", ""planned_duration_ms"": 100, ""intended_onset_ms"": 1123203.875, ""actual_onset_global_ms"": 1123208.992, ""actual_offset_global_ms"": 1123308.531, ""actual_duration_ms"": 99.539}, {""stage_name"": ""memory_array"", ""planned_duration_ms"": 2500, ""intended_onset_ms"": 1123303.875, ""actual_onset_global_ms"": 1123320.568, ""actual_offset_global_ms"": 1125811.732, ""actual_duration_ms"": 2491.164}, {""stage_name"": ""delay"", ""planned_duration_ms"": 1000, ""intended_onset_ms"": 1125811.732, ""actual_onset_global_ms"": 1125815.436, ""actual_offset_global_ms"": 1126813.996, ""actual_duration_ms"": 998.56}, {""stage_name"": ""test_array"", ""planned_duration_ms"": 4000, ""intended_onset_ms"": 1126813.996, ""actual_onset_global_ms"": 1126827.283, ""actual_offset_global_ms"": 1141019.581, ""actual_duration_ms"": 14192.298}, {""stage_name"": ""feedback"", ""planned_duration_ms"": 150, ""intended_onset_ms"": 1141019.581, ""actual_onset_global_ms"": 1141024.615, ""actual_offset_global_ms"": 1141174.579, ""actual_duration_ms"": 149.964}]",incorrect.wav,1141019.837,150.0,1141519.837,,,,,,,,,,,,,,,,,,,,,,,,,,,,,,,,,,,,,,,,,,,,,,0.0,,,,,,,,,,,,,1.0,same,0.0,"[-140.63, -10.44]","[[-140.63, -10.44]]","[""yellow""]","[""yellow""]",yellow,yellow,j,change,3.0,1.0
35,35_T1_20260520_150610,PA,T1,standard,hci_substudy_v2,1,telemetry_v4,change_detection,4,practice_cd,practice,1,8,16,practice,N1_change,1779260770,961.483,2026-05-20T15:25:14.192,0,0,0,2,1141177.77,1141181.453,,,,,j,,0,2731.135,,incorrect,0.0,1144777.77,1144802.807,1147550.385,4000,2747.578,1147700.385,"[{""stage_name"": ""fixation"", ""planned_duration_ms"": 100, ""intended_onset_ms"": 1141177.77, ""actual_onset_global_ms"": 1141181.453, ""actual_offset_global_ms"": 1141279.103, ""actual_duration_ms"": 97.65}, {""stage_name"": ""memory_array"", ""planned_duration_ms"": 2500, ""intended_onset_ms"": 1141277.77, ""actual_onset_global_ms"": 1141293.433, ""actual_offset_global_ms"": 1143785.344, ""actual_duration_ms"": 2491.911}, {""stage_name"": ""delay"", ""planned_duration_ms"": 1000, ""intended_onset_ms"": 1143785.344, ""actual_onset_global_ms"": 1143789.888, ""actual_offset_global_ms"": 1144787.714, ""actual_duration_ms"": 997.826}, {""stage_name"": ""test_array"", ""planned_duration_ms"": 4000, ""intended_onset_ms"": 1144787.714, ""actual_onset_global_ms"": 1144802.807, ""actual_offset_global_ms"": 1147550.385, ""actual_duration_ms"": 2747.578}, {""stage_name"": ""feedback"", ""planned_duration_ms"": 150, ""intended_onset_ms"": 1147550.385, ""actual_onset_global_ms"": 1147554.953, ""actual_offset_global_ms"": 1147704.504, ""actual_duration_ms"": 149.551}]",incorrect.wav,1147550.636,150.0,1148050.636,,,,,,,,,,,,,,,,,,,,,,,,,,,,,,,,,,,,,,,,,,,,,,0.0,,,,,,,,,,,,,1.0,change,0.0,"[202.11, -169.14]","[[202.11, -169.14]]","[""purple""]","[""green""]",purple,green,s,same,1.0,1.0
35,35_T1_20260520_150610,PA,T1,standard,hci_substudy_v2,1,telemetry_v4,change_detection,4,practice_cd,practice,1,1,17,practice,N2_same,1779260770,961.483,2026-05-20T15:25:22.927,0,0,0,3,1149912.561,1149917.217,,,,,s,,0,561.535,,incorrect,0.0,1153512.561,1153561.756,1154132.144,4000,570.388,1154282.144,"[{""stage_name"": ""fixation"", ""planned_duration_ms"": 100, ""intended_onset_ms"": 1149912.561, ""actual_onset_global_ms"": 1149917.217, ""actual_offset_global_ms"": 1150017.532, ""actual_duration_ms"": 100.315}, {""stage_name"": ""memory_array"", ""planned_duration_ms"": 2500, ""intended_onset_ms"": 1150012.561, ""actual_onset_global_ms"": 1150038.259, ""actual_offset_global_ms"": 1152538.515, ""actual_duration_ms"": 2500.256}, {""stage_name"": ""delay"", ""planned_duration_ms"": 1000, ""intended_onset_ms"": 1152538.515, ""actual_onset_global_ms"": 1152539.835, ""actual_offset_global_ms"": 1153539.881, ""actual_duration_ms"": 1000.046}, {""stage_name"": ""test_array"", ""planned_duration_ms"": 4000, ""intended_onset_ms"": 1153539.881, ""actual_onset_global_ms"": 1153561.756, ""actual_offset_global_ms"": 1154132.144, ""actual_duration_ms"": 570.388}, {""stage_name"": ""feedback"", ""planned_duration_ms"": 150, ""intended_onset_ms"": 1154132.144, ""actual_onset_global_ms"": 1154136.371, ""actual_offset_global_ms"": 1154284.503, ""actual_duration_ms"": 148.132}]",incorrect.wav,1154132.39,150.0,1154632.39,,,,,,,,,,,,,,,,,,,,,,,,,,,,,,,,,,,,,,,,,,,,,,0.0,,,,,,,,,,,,,2.0,same,0.0,"[-103.99, -72.46]","[[-103.99, -72.46], [-150.1, 255.46]]","[""green"", ""yellow""]","[""green"", ""yellow""]",green,green,j,change,2.0,1.0
35,35_T1_20260520_150610,PA,T1,standard,hci_substudy_v2,1,telemetry_v4,change_detection,4,practice_cd,practice,1,2,18,practice,N1_same,1779260770,961.483,2026-05-20T15:25:27.303,0,0,0,3,1154289.133,1154293.39,,,,,s,,1,1009.382,,correct,0.0,1157889.133,1157916.729,1158937.893,4000,1021.164,1159087.893,"[{""stage_name"": ""fixation"", ""planned_duration_ms"": 100, ""intended_onset_ms"": 1154289.133, ""actual_onset_global_ms"": 1154293.39, ""actual_offset_global_ms"": 1154393.702, ""actual_duration_ms"": 100.312}, {""stage_name"": ""memory_array"", ""planned_duration_ms"": 2500, ""intended_onset_ms"": 1154389.133, ""actual_onset_global_ms"": 1154405.961, ""actual_offset_global_ms"": 1156900.932, ""actual_duration_ms"": 2494.971}, {""stage_name"": ""delay"", ""planned_duration_ms"": 1000, ""intended_onset_ms"": 1156900.932, ""actual_onset_global_ms"": 1156904.911, ""actual_offset_global_ms"": 1157904.259, ""actual_duration_ms"": 999.348}, {""stage_name"": ""test_array"", ""planned_duration_ms"": 4000, ""intended_onset_ms"": 1157904.259, ""actual_onset_global_ms"": 1157916.729, ""actual_offset_global_ms"": 1158937.893, ""actual_duration_ms"": 1021.164}, {""stage_name"": ""feedback"", ""planned_duration_ms"": 150, ""intended_onset_ms"": 1158937.893, ""actual_onset_global_ms"": 1158942.567, ""actual_offset_global_ms"": 1159091.528, ""actual_duration_ms"": 148.961}]",correct.wav,1158938.179,150.0,1159438.179,,,,,,,,,,,,,,,,,,,,,,,,,,,,,,,,,,,,,,,,,,,,,,1.0,,,,,,,,,,,,,1.0,same,0.0,"[108.03, -187.35]","[[108.03, -187.35]]","[""purple""]","[""purple""]",purple,purple,s,same,1.0,1.0
35,35_T1_20260520_150610,PA,T1,standard,hci_substudy_v2,1,telemetry_v4,change_detection,4,practice_cd,practice,1,3,19,practice,N1_change,1779260770,961.483,2026-05-20T15:25:32.108,0,0,0,3,1159094.301,1159098.749,,,,,j,,1,448.874,,correct,0.0,1162694.301,1162724.312,1163186.57,4000,462.258,1163336.57,"[{""stage_name"": ""fixation"", ""planned_duration_ms"": 100, ""intended_onset_ms"": 1159094.301, ""actual_onset_global_ms"": 1159098.749, ""actual_offset_global_ms"": 1159196.674, ""actual_duration_ms"": 97.925}, {""stage_name"": ""memory_array"", ""planned_duration_ms"": 2500, ""intended_onset_ms"": 1159194.301, ""actual_onset_global_ms"": 1159210.726, ""actual_offset_global_ms"": 1161707.611, ""actual_duration_ms"": 2496.885}, {""stage_name"": ""delay"", ""planned_duration_ms"": 1000, ""intended_onset_ms"": 1161707.611, ""actual_onset_global_ms"": 1161711.676, ""actual_offset_global_ms"": 1162710.841, ""actual_duration_ms"": 999.165}, {""stage_name"": ""test_array"", ""planned_duration_ms"": 4000, ""intended_onset_ms"": 1162710.841, ""actual_onset_global_ms"": 1162724.312, ""actual_offset_global_ms"": 1163186.57, ""actual_duration_ms"": 462.258}, {""stage_name"": ""feedback"", ""planned_duration_ms"": 150, ""intended_onset_ms"": 1163186.57, ""actual_onset_global_ms"": 1163191.0, ""actual_offset_global_ms"": 1163339.183, ""actual_duration_ms"": 148.183}]",correct.wav,1163186.828,150.0,1163686.828,,,,,,,,,,,,,,,,,,,,,,,,,,,,,,,,,,,,,,,,,,,,,,1.0,,,,,,,,,,,,,1.0,change,0.0,"[220.28, 175.55]","[[220.28, 175.55]]","[""purple""]","[""blue""]",purple,blue,j,change,1.0,1.0
35,35_T1_20260520_150610,PA,T1,standard,hci_substudy_v2,1,telemetry_v4,change_detection,4,practice_cd,practice,1,4,20,practice,N2_change,1779260770,961.483,2026-05-20T15:25:36.358,0,0,0,3,1163343.41,1163347.09,,,,,j,,0,496.519,,incorrect,0.0,1166943.41,1166971.875,1167488.518,4000,516.643,1167638.518,"[{""stage_name"": ""fixation"", ""planned_duration_ms"": 100, ""intended_onset_ms"": 1163343.41, ""actual_onset_global_ms"": 1163347.09, ""actual_offset_global_ms"": 1163445.876, ""actual_duration_ms"": 98.786}, {""stage_name"": ""memory_array"", ""planned_duration_ms"": 2500, ""intended_onset_ms"": 1163443.41, ""actual_onset_global_ms"": 1163466.354, ""actual_offset_global_ms"": 1165946.241, ""actual_duration_ms"": 2479.887}, {""stage_name"": ""delay"", ""planned_duration_ms"": 1000, ""intended_onset_ms"": 1165946.241, ""actual_onset_global_ms"": 1165950.411, ""actual_offset_global_ms"": 1166949.9, ""actual_duration_ms"": 999.489}, {""stage_name"": ""test_array"", ""planned_duration_ms"": 4000, ""intended_onset_ms"": 1166949.9, ""actual_onset_global_ms"": 1166971.875, ""actual_offset_global_ms"": 1167488.518, ""actual_duration_ms"": 516.643}, {""stage_name"": ""feedback"", ""planned_duration_ms"": 150, ""intended_onset_ms"": 1167488.518, ""actual_onset_global_ms"": 1167493.24, ""actual_offset_global_ms"": 1167643.094, ""actual_duration_ms"": 149.854}]",incorrect.wav,1167488.801,150.0,1167988.801,,,,,,,,,,,,,,,,,,,,,,,,,,,,,,,,,,,,,,,,,,,,,,0.0,,,,,,,,,,,,,2.0,change,1.0,"[178.77, 141.23]","[[28.56, 221.35], [178.77, 141.23]]","[""yellow"", ""green""]","[""yellow"", ""purple""]",green,purple,s,same,2.0,1.0
35,35_T1_20260520_150610,PA,T1,standard,hci_substudy_v2,1,telemetry_v4,change_detection,4,practice_cd,practice,1,5,21,practice,N2_same,1779260770,961.483,2026-05-20T15:25:40.660,0,0,0,3,1167645.924,1167650.838,,,,,s,,0,1882.851,,incorrect,0.0,1171245.924,1171290.08,1173178.57,4000,1888.49,1173328.57,"[{""stage_name"": ""fixation"", ""planned_duration_ms"": 100, ""intended_onset_ms"": 1167645.924, ""actual_onset_global_ms"": 1167650.838, ""actual_offset_global_ms"": 1167747.614, ""actual_duration_ms"": 96.776}, {""stage_name"": ""memory_array"", ""planned_duration_ms"": 2500, ""intended_onset_ms"": 1167745.924, ""actual_onset_global_ms"": 1167770.783, ""actual_offset_global_ms"": 1170264.767, ""actual_duration_ms"": 2493.984}, {""stage_name"": ""delay"", ""planned_duration_ms"": 1000, ""intended_onset_ms"": 1170264.767, ""actual_onset_global_ms"": 1170268.442, ""actual_offset_global_ms"": 1171267.258, ""actual_duration_ms"": 998.816}, {""stage_name"": ""test_array"", ""planned_duration_ms"": 4000, ""intended_onset_ms"": 1171267.258, ""actual_onset_global_ms"": 1171290.08, ""actual_offset_global_ms"": 1173178.57, ""actual_duration_ms"": 1888.49}, {""stage_name"": ""feedback"", ""planned_duration_ms"": 150, ""intended_onset_ms"": 1173178.57, ""actual_onset_global_ms"": 1173182.827, ""actual_offset_global_ms"": 1173334.078, ""actual_duration_ms"": 151.251}]",incorrect.wav,1173178.815,150.0,1173678.815,,,,,,,,,,,,,,,,,,,,,,,,,,,,,,,,,,,,,,,,,,,,,,0.0,,,,,,,,,,,,,2.0,same,0.0,"[-56.85, -190.07]","[[-56.85, -190.07], [-247.23, 208.39]]","[""green"", ""red""]","[""green"", ""red""]",green,green,j,change,3.0,1.0
35,35_T1_20260520_150610,PA,T1,standard,hci_substudy_v2,1,telemetry_v4,change_detection,4,practice_cd,practice,1,6,22,practice,N1_same,1779260770,961.483,2026-05-20T15:25:46.352,0,0,0,3,1173336.936,1173340.685,,,,,s,,1,2180.414,,correct,0.0,1176936.936,1176966.604,1179155.232,4000,2188.628,1179305.232,"[{""stage_name"": ""fixation"", ""planned_duration_ms"": 100, ""intended_onset_ms"": 1173336.936, ""actual_onset_global_ms"": 1173340.685, ""actual_offset_global_ms"": 1173440.793, ""actual_duration_ms"": 100.108}, {""stage_name"": ""memory_array"", ""planned_duration_ms"": 2500, ""intended_onset_ms"": 1173436.936, ""actual_onset_global_ms"": 1173452.393, ""actual_offset_global_ms"": 1175951.709, ""actual_duration_ms"": 2499.316}, {""stage_name"": ""delay"", ""planned_duration_ms"": 1000, ""intended_onset_ms"": 1175951.709, ""actual_onset_global_ms"": 1175953.313, ""actual_offset_global_ms"": 1176953.476, ""actual_duration_ms"": 1000.163}, {""stage_name"": ""test_array"", ""planned_duration_ms"": 4000, ""intended_onset_ms"": 1176953.476, ""actual_onset_global_ms"": 1176966.604, ""actual_offset_global_ms"": 1179155.232, ""actual_duration_ms"": 2188.628}, {""stage_name"": ""feedback"", ""planned_duration_ms"": 150, ""intended_onset_ms"": 1179155.232, ""actual_onset_global_ms"": 1179160.765, ""actual_offset_global_ms"": 1179307.266, ""actual_duration_ms"": 146.501}]",correct.wav,1179155.747,150.0,1179655.747,,,,,,,,,,,,,,,,,,,,,,,,,,,,,,,,,,,,,,,,,,,,,,1.0,,,,,,,,,,,,,1.0,same,0.0,"[-181.41, 173.28]","[[-181.41, 173.28]]","[""red""]","[""red""]",red,red,s,same,1.0,1.0
35,35_T1_20260520_150610,PA,T1,standard,hci_substudy_v2,1,telemetry_v4,change_detection,4,practice_cd,practice,1,7,23,practice,N1_change,1779260770,961.483,2026-05-20T15:25:52.326,0,0,0,3,1179311.722,1179315.895,,,,,j,,0,574.865,,incorrect,0.0,1182911.722,1182939.144,1183529.36,4000,590.216,1183679.36,"[{""stage_name"": ""fixation"", ""planned_duration_ms"": 100, ""intended_onset_ms"": 1179311.722, ""actual_onset_global_ms"": 1179315.895, ""actual_offset_global_ms"": 1179416.442, ""actual_duration_ms"": 100.547}, {""stage_name"": ""memory_array"", ""planned_duration_ms"": 2500, ""intended_onset_ms"": 1179411.722, ""actual_onset_global_ms"": 1179428.789, ""actual_offset_global_ms"": 1181922.444, ""actual_duration_ms"": 2493.655}, {""stage_name"": ""delay"", ""planned_duration_ms"": 1000, ""intended_onset_ms"": 1181922.444, ""actual_onset_global_ms"": 1181926.022, ""actual_offset_global_ms"": 1182926.272, ""actual_duration_ms"": 1000.25}, {""stage_name"": ""test_array"", ""planned_duration_ms"": 4000, ""intended_onset_ms"": 1182926.272, ""actual_onset_global_ms"": 1182939.144, ""actual_offset_global_ms"": 1183529.36, ""actual_duration_ms"": 590.216}, {""stage_name"": ""feedback"", ""planned_duration_ms"": 150, ""intended_onset_ms"": 1183529.36, ""actual_onset_global_ms"": 1183534.053, ""actual_offset_global_ms"": 1183683.564, ""actual_duration_ms"": 149.511}]",incorrect.wav,1183529.615,150.0,1184029.615,,,,,,,,,,,,,,,,,,,,,,,,,,,,,,,,,,,,,,,,,,,,,,0.0,,,,,,,,,,,,,1.0,change,0.0,"[-126.42, -233.42]","[[-126.42, -233.42]]","[""blue""]","[""purple""]",blue,purple,s,same,1.0,1.0
35,35_T1_20260520_150610,PA,T1,standard,hci_substudy_v2,1,telemetry_v4,change_detection,4,practice_cd,practice,1,8,24,practice,N2_change,1779260770,961.483,2026-05-20T15:25:56.701,0,0,0,3,1183686.677,1183691.186,,,,,j,,1,500.467,,correct,0.0,1187286.677,1187324.753,1187844.281,4000,519.528,1187994.281,"[{""stage_name"": ""fixation"", ""planned_duration_ms"": 100, ""intended_onset_ms"": 1183686.677, ""actual_onset_global_ms"": 1183691.186, ""actual_offset_global_ms"": 1183791.7, ""actual_duration_ms"": 100.514}, {""stage_name"": ""memory_array"", ""planned_duration_ms"": 2500, ""intended_onset_ms"": 1183786.677, ""actual_onset_global_ms"": 1183812.692, ""actual_offset_global_ms"": 1186300.525, ""actual_duration_ms"": 2487.833}, {""stage_name"": ""delay"", ""planned_duration_ms"": 1000, ""intended_onset_ms"": 1186300.525, ""actual_onset_global_ms"": 1186304.285, ""actual_offset_global_ms"": 1187302.832, ""actual_duration_ms"": 998.547}, {""stage_name"": ""test_array"", ""planned_duration_ms"": 4000, ""intended_onset_ms"": 1187302.832, ""actual_onset_global_ms"": 1187324.753, ""actual_offset_global_ms"": 1187844.281, ""actual_duration_ms"": 519.528}, {""stage_name"": ""feedback"", ""planned_duration_ms"": 150, ""intended_onset_ms"": 1187844.281, ""actual_onset_global_ms"": 1187849.044, ""actual_offset_global_ms"": 1187998.918, ""actual_duration_ms"": 149.874}]",correct.wav,1187844.528,150.0,1188344.528,,,,,,,,,,,,,,,,,,,,,,,,,,,,,,,,,,,,,,,,,,,,,,1.0,,,,,,,,,,,,,2.0,change,0.0,"[-205.45, -56.51]","[[-205.45, -56.51], [171.46, 147.78]]","[""red"", ""purple""]","[""blue"", ""purple""]",red,blue,j,change,2.0,1.0
35,35_T1_20260520_150610,PA,T1,standard,hci_substudy_v2,1,telemetry_v4,change_detection,4,practice_cd,practice,1,1,25,practice,N1_same,1779260770,961.483,2026-05-20T15:26:05.958,0,0,0,4,1192943.787,1192947.744,,,,,s,,1,6484.352,,correct,1.0,1196543.787,1196572.699,1203065.064,4000,6492.365,1203215.064,"[{""stage_name"": ""fixation"", ""planned_duration_ms"": 100, ""intended_onset_ms"": 1192943.787, ""actual_onset_global_ms"": 1192947.744, ""actual_offset_global_ms"": 1193047.657, ""actual_duration_ms"": 99.913}, {""stage_name"": ""memory_array"", ""planned_duration_ms"": 2500, ""intended_onset_ms"": 1193043.787, ""actual_onset_global_ms"": 1193059.289, ""actual_offset_global_ms"": 1195558.929, ""actual_duration_ms"": 2499.64}, {""stage_name"": ""delay"", ""planned_duration_ms"": 1000, ""intended_onset_ms"": 1195558.929, ""actual_onset_global_ms"": 1195560.561, ""actual_offset_global_ms"": 1196559.421, ""actual_duration_ms"": 998.86}, {""stage_name"": ""test_array"", ""planned_duration_ms"": 4000, ""intended_onset_ms"": 1196559.421, ""actual_onset_global_ms"": 1196572.699, ""actual_offset_global_ms"": 1203065.064, ""actual_duration_ms"": 6492.365}, {""stage_name"": ""feedback"", ""planned_duration_ms"": 150, ""intended_onset_ms"": 1203065.064, ""actual_onset_global_ms"": 1203070.103, ""actual_offset_global_ms"": 1203217.087, ""actual_duration_ms"": 146.984}]",correct.wav,1203065.315,150.0,1203565.315,,,,,,,,,,,,,,,,,,,,,,,,,,,,,,,,,,,,,,,,,,,,,,1.0,,,,,,,,,,,,,1.0,same,0.0,"[80.17, 64.49]","[[80.17, 64.49]]","[""blue""]","[""blue""]",blue,blue,s,same,2.0,1.0
35,35_T1_20260520_150610,PA,T1,standard,hci_substudy_v2,1,telemetry_v4,change_detection,4,practice_cd,practice,1,2,26,practice,N1_change,1779260770,961.483,2026-05-20T15:26:16.237,0,0,0,4,1203222.111,1203226.874,,,,,j,,0,4150.661,,incorrect,1.0,1206822.111,1206846.359,1211002.62,4000,4156.261,1211152.62,"[{""stage_name"": ""fixation"", ""planned_duration_ms"": 100, ""intended_onset_ms"": 1203222.111, ""actual_onset_global_ms"": 1203226.874, ""actual_offset_global_ms"": 1203326.23, ""actual_duration_ms"": 99.356}, {""stage_name"": ""memory_array"", ""planned_duration_ms"": 2500, ""intended_onset_ms"": 1203322.111, ""actual_onset_global_ms"": 1203337.813, ""actual_offset_global_ms"": 1205830.259, ""actual_duration_ms"": 2492.446}, {""stage_name"": ""delay"", ""planned_duration_ms"": 1000, ""intended_onset_ms"": 1205830.259, ""actual_onset_global_ms"": 1205834.33, ""actual_offset_global_ms"": 1206832.945, ""actual_duration_ms"": 998.615}, {""stage_name"": ""test_array"", ""planned_duration_ms"": 4000, ""intended_onset_ms"": 1206832.945, ""actual_onset_global_ms"": 1206846.359, ""actual_offset_global_ms"": 1211002.62, ""actual_duration_ms"": 4156.261}, {""stage_name"": ""feedback"", ""planned_duration_ms"": 150, ""intended_onset_ms"": 1211002.62, ""actual_onset_global_ms"": 1211007.563, ""actual_offset_global_ms"": 1211154.653, ""actual_duration_ms"": 147.09}]",incorrect.wav,1211002.86,150.0,1211502.86,,,,,,,,,,,,,,,,,,,,,,,,,,,,,,,,,,,,,,,,,,,,,,0.0,,,,,,,,,,,,,1.0,change,0.0,"[237.14, 20.47]","[[237.14, 20.47]]","[""yellow""]","[""red""]",yellow,red,s,same,1.0,1.0
35,35_T1_20260520_150610,PA,T1,standard,hci_substudy_v2,1,telemetry_v4,change_detection,4,practice_cd,practice,1,3,27,practice,N2_same,1779260770,961.483,2026-05-20T15:26:24.174,0,0,0,4,1211159.218,1211163.072,,,,,s,,1,6109.661,,correct,1.0,1214759.218,1214800.396,1220922.975,4000,6122.579,1221072.975,"[{""stage_name"": ""fixation"", ""planned_duration_ms"": 100, ""intended_onset_ms"": 1211159.218, ""actual_onset_global_ms"": 1211163.072, ""actual_offset_global_ms"": 1211261.253, ""actual_duration_ms"": 98.181}, {""stage_name"": ""memory_array"", ""planned_duration_ms"": 2500, ""intended_onset_ms"": 1211259.218, ""actual_onset_global_ms"": 1211284.66, ""actual_offset_global_ms"": 1213773.444, ""actual_duration_ms"": 2488.784}, {""stage_name"": ""delay"", ""planned_duration_ms"": 1000, ""intended_onset_ms"": 1213773.444, ""actual_onset_global_ms"": 1213776.94, ""actual_offset_global_ms"": 1214777.636, ""actual_duration_ms"": 1000.696}, {""stage_name"": ""test_array"", ""planned_duration_ms"": 4000, ""intended_onset_ms"": 1214777.636, ""actual_onset_global_ms"": 1214800.396, ""actual_offset_global_ms"": 1220922.975, ""actual_duration_ms"": 6122.579}, {""stage_name"": ""feedback"", ""planned_duration_ms"": 150, ""intended_onset_ms"": 1220922.975, ""actual_onset_global_ms"": 1220927.51, ""actual_offset_global_ms"": 1221075.159, ""actual_duration_ms"": 147.649}]",correct.wav,1220923.223,150.0,1221423.223,,,,,,,,,,,,,,,,,,,,,,,,,,,,,,,,,,,,,,,,,,,,,,1.0,,,,,,,,,,,,,2.0,same,0.0,"[-210.91, 70.81]","[[-210.91, 70.81], [239.76, -89.4]]","[""blue"", ""red""]","[""blue"", ""red""]",blue,blue,s,same,4.0,1.0
35,35_T1_20260520_150610,PA,T1,standard,hci_substudy_v2,1,telemetry_v4,change_detection,4,practice_cd,practice,1,4,28,practice,N2_change,1779260770,961.483,2026-05-20T15:26:34.094,0,0,0,4,1221079.654,1221084.349,,,,,j,,1,5554.313,,correct,1.0,1224679.654,1224726.217,1230283.711,4000,5557.494,1230433.711,"[{""stage_name"": ""fixation"", ""planned_duration_ms"": 100, ""intended_onset_ms"": 1221079.654, ""actual_onset_global_ms"": 1221084.349, ""actual_offset_global_ms"": 1221183.145, ""actual_duration_ms"": 98.796}, {""stage_name"": ""memory_array"", ""planned_duration_ms"": 2500, ""intended_onset_ms"": 1221179.654, ""actual_onset_global_ms"": 1221204.214, ""actual_offset_global_ms"": 1223703.995, ""actual_duration_ms"": 2499.781}, {""stage_name"": ""delay"", ""planned_duration_ms"": 1000, ""intended_onset_ms"": 1223703.995, ""actual_onset_global_ms"": 1223705.647, ""actual_offset_global_ms"": 1224705.064, ""actual_duration_ms"": 999.417}, {""stage_name"": ""test_array"", ""planned_duration_ms"": 4000, ""intended_onset_ms"": 1224705.064, ""actual_onset_global_ms"": 1224726.217, ""actual_offset_global_ms"": 1230283.711, ""actual_duration_ms"": 5557.494}, {""stage_name"": ""feedback"", ""planned_duration_ms"": 150, ""intended_onset_ms"": 1230283.711, ""actual_onset_global_ms"": 1230288.444, ""actual_offset_global_ms"": 1230437.438, ""actual_duration_ms"": 148.994}]",correct.wav,1230283.981,150.0,1230783.981,,,,,,,,,,,,,,,,,,,,,,,,,,,,,,,,,,,,,,,,,,,,,,1.0,,,,,,,,,,,,,2.0,change,0.0,"[245.94, -88.79]","[[245.94, -88.79], [115.43, -50.45]]","[""green"", ""yellow""]","[""blue"", ""yellow""]",green,blue,j,change,2.0,1.0
35,35_T1_20260520_150610,PA,T1,standard,hci_substudy_v2,1,telemetry_v4,change_detection,4,practice_cd,practice,1,5,29,practice,N2_change,1779260770,961.483,2026-05-20T15:26:43.455,0,0,0,4,1230440.344,1230443.949,,,,,j,,1,4937.095,,correct,1.0,1234040.344,1234073.188,1239030.325,4000,4957.137,1239180.325,"[{""stage_name"": ""fixation"", ""planned_duration_ms"": 100, ""intended_onset_ms"": 1230440.344, ""actual_onset_global_ms"": 1230443.949, ""actual_offset_global_ms"": 1230541.522, ""actual_duration_ms"": 97.573}, {""stage_name"": ""memory_array"", ""planned_duration_ms"": 2500, ""intended_onset_ms"": 1230540.344, ""actual_onset_global_ms"": 1230563.879, ""actual_offset_global_ms"": 1233047.731, ""actual_duration_ms"": 2483.852}, {""stage_name"": ""delay"", ""planned_duration_ms"": 1000, ""intended_onset_ms"": 1233047.731, ""actual_onset_global_ms"": 1233051.25, ""actual_offset_global_ms"": 1234051.701, ""actual_duration_ms"": 1000.451}, {""stage_name"": ""test_array"", ""planned_duration_ms"": 4000, ""intended_onset_ms"": 1234051.701, ""actual_onset_global_ms"": 1234073.188, ""actual_offset_global_ms"": 1239030.325, ""actual_duration_ms"": 4957.137}, {""stage_name"": ""feedback"", ""planned_duration_ms"": 150, ""intended_onset_ms"": 1239030.325, ""actual_onset_global_ms"": 1239035.304, ""actual_offset_global_ms"": 1239182.51, ""actual_duration_ms"": 147.206}]",correct.wav,1239030.596,150.0,1239530.596,,,,,,,,,,,,,,,,,,,,,,,,,,,,,,,,,,,,,,,,,,,,,,1.0,,,,,,,,,,,,,2.0,change,0.0,"[-258.74, -49.31]","[[-258.74, -49.31], [-52.89, 168.53]]","[""blue"", ""green""]","[""red"", ""green""]",blue,red,j,change,2.0,1.0
35,35_T1_20260520_150610,PA,T1,standard,hci_substudy_v2,1,telemetry_v4,change_detection,4,practice_cd,practice,1,6,30,practice,N1_same,1779260770,961.483,2026-05-20T15:26:52.201,0,0,0,4,1239187.07,1239191.676,,,,,s,,1,5492.071,,correct,1.0,1242787.07,1242809.018,1248310.871,4000,5501.853,1248460.871,"[{""stage_name"": ""fixation"", ""planned_duration_ms"": 100, ""intended_onset_ms"": 1239187.07, ""actual_onset_global_ms"": 1239191.676, ""actual_offset_global_ms"": 1239289.34, ""actual_duration_ms"": 97.664}, {""stage_name"": ""memory_array"", ""planned_duration_ms"": 2500, ""intended_onset_ms"": 1239287.07, ""actual_onset_global_ms"": 1239303.542, ""actual_offset_global_ms"": 1241793.462, ""actual_duration_ms"": 2489.92}, {""stage_name"": ""delay"", ""planned_duration_ms"": 1000, ""intended_onset_ms"": 1241793.462, ""actual_onset_global_ms"": 1241796.603, ""actual_offset_global_ms"": 1242796.669, ""actual_duration_ms"": 1000.066}, {""stage_name"": ""test_array"", ""planned_duration_ms"": 4000, ""intended_onset_ms"": 1242796.669, ""actual_onset_global_ms"": 1242809.018, ""actual_offset_global_ms"": 1248310.871, ""actual_duration_ms"": 5501.853}, {""stage_name"": ""feedback"", ""planned_duration_ms"": 150, ""intended_onset_ms"": 1248310.871, ""actual_onset_global_ms"": 1248315.989, ""actual_offset_global_ms"": 1248462.208, ""actual_duration_ms"": 146.219}]",correct.wav,1248311.107,150.0,1248811.107,,,,,,,,,,,,,,,,,,,,,,,,,,,,,,,,,,,,,,,,,,,,,,1.0,,,,,,,,,,,,,1.0,same,0.0,"[224.49, 170.84]","[[224.49, 170.84]]","[""blue""]","[""blue""]",blue,blue,s,same,2.0,1.0
35,35_T1_20260520_150610,PA,T1,standard,hci_substudy_v2,1,telemetry_v4,change_detection,4,practice_cd,practice,1,7,31,practice,N2_same,1779260770,961.483,2026-05-20T15:27:01.481,0,0,0,4,1248467.313,1248471.075,,,,,s,,1,3967.923,,correct,1.0,1252067.313,1252110.056,1256082.095,4000,3972.039,1256232.095,"[{""stage_name"": ""fixation"", ""planned_duration_ms"": 100, ""intended_onset_ms"": 1248467.313, ""actual_onset_global_ms"": 1248471.075, ""actual_offset_global_ms"": 1248569.304, ""actual_duration_ms"": 98.229}, {""stage_name"": ""memory_array"", ""planned_duration_ms"": 2500, ""intended_onset_ms"": 1248567.313, ""actual_onset_global_ms"": 1248592.315, ""actual_offset_global_ms"": 1251084.727, ""actual_duration_ms"": 2492.412}, {""stage_name"": ""delay"", ""planned_duration_ms"": 1000, ""intended_onset_ms"": 1251084.727, ""actual_onset_global_ms"": 1251088.25, ""actual_offset_global_ms"": 1252087.575, ""actual_duration_ms"": 999.325}, {""stage_name"": ""test_array"", ""planned_duration_ms"": 4000, ""intended_onset_ms"": 1252087.575, ""actual_onset_global_ms"": 1252110.056, ""actual_offset_global_ms"": 1256082.095, ""actual_duration_ms"": 3972.039}, {""stage_name"": ""feedback"", ""planned_duration_ms"": 150, ""intended_onset_ms"": 1256082.095, ""actual_onset_global_ms"": 1256087.69, ""actual_offset_global_ms"": 1256236.617, ""actual_duration_ms"": 148.927}]",correct.wav,1256082.483,150.0,1256582.483,,,,,,,,,,,,,,,,,,,,,,,,,,,,,,,,,,,,,,,,,,,,,,1.0,,,,,,,,,,,,,2.0,same,1.0,"[-237.6, 207.03]","[[8.2, 184.3], [-237.6, 207.03]]","[""yellow"", ""green""]","[""yellow"", ""green""]",green,green,s,same,2.0,1.0
35,35_T1_20260520_150610,PA,T1,standard,hci_substudy_v2,1,telemetry_v4,change_detection,4,practice_cd,practice,1,8,32,practice,N1_change,1779260770,961.483,2026-05-20T15:27:09.255,0,0,0,4,1256240.02,1256245.289,,,,,j,,1,656.746,,correct,1.0,1259840.02,1259863.425,1260533.087,4000,669.662,1260683.087,"[{""stage_name"": ""fixation"", ""planned_duration_ms"": 100, ""intended_onset_ms"": 1256240.02, ""actual_onset_global_ms"": 1256245.289, ""actual_offset_global_ms"": 1256341.352, ""actual_duration_ms"": 96.063}, {""stage_name"": ""memory_array"", ""planned_duration_ms"": 2500, ""intended_onset_ms"": 1256340.02, ""actual_onset_global_ms"": 1256355.129, ""actual_offset_global_ms"": 1258847.438, ""actual_duration_ms"": 2492.309}, {""stage_name"": ""delay"", ""planned_duration_ms"": 1000, ""intended_onset_ms"": 1258847.438, ""actual_onset_global_ms"": 1258851.246, ""actual_offset_global_ms"": 1259850.925, ""actual_duration_ms"": 999.679}, {""stage_name"": ""test_array"", ""planned_duration_ms"": 4000, ""intended_onset_ms"": 1259850.925, ""actual_onset_global_ms"": 1259863.425, ""actual_offset_global_ms"": 1260533.087, ""actual_duration_ms"": 669.662}, {""stage_name"": ""feedback"", ""planned_duration_ms"": 150, ""intended_onset_ms"": 1260533.087, ""actual_onset_global_ms"": 1260537.429, ""actual_offset_global_ms"": 1260687.987, ""actual_duration_ms"": 150.558}]",correct.wav,1260533.379,150.0,1261033.379,,,,,,,,,,,,,,,,,,,,,,,,,,,,,,,,,,,,,,,,,,,,,,1.0,,,,,,,,,,,,,1.0,change,0.0,"[-186.05, 250.18]","[[-186.05, 250.18]]","[""red""]","[""green""]",red,green,j,change,1.0,1.0
35,35_T1_20260520_150610,PA,T1,standard,hci_substudy_v2,1,telemetry_v4,change_detection,4,formal_cd,formal,1,1,33,formal,N1_change,1779260770,961.483,2026-05-20T15:27:18.965,0,0,0,4,1265949.761,1265953.205,,,,,j,,1,3833.003,,,,1269549.761,1269578.113,1273418.437,4000,3840.324,1273418.437,"[{""stage_name"": ""fixation"", ""planned_duration_ms"": 100, ""intended_onset_ms"": 1265949.761, ""actual_onset_global_ms"": 1265953.205, ""actual_offset_global_ms"": 1266050.817, ""actual_duration_ms"": 97.612}, {""stage_name"": ""memory_array"", ""planned_duration_ms"": 2500, ""intended_onset_ms"": 1266049.761, ""actual_onset_global_ms"": 1266064.536, ""actual_offset_global_ms"": 1268560.437, ""actual_duration_ms"": 2495.901}, {""stage_name"": ""delay"", ""planned_duration_ms"": 1000, ""intended_onset_ms"": 1268560.437, ""actual_onset_global_ms"": 1268564.493, ""actual_offset_global_ms"": 1269564.697, ""actual_duration_ms"": 1000.204}, {""stage_name"": ""test_array"", ""planned_duration_ms"": 4000, ""intended_onset_ms"": 1269564.697, ""actual_onset_global_ms"": 1269578.113, ""actual_offset_global_ms"": 1273418.437, ""actual_duration_ms"": 3840.324}]",,,,,,,,,,,,,,,,,,,,,,,,,,,,,,,,,,,,,,,,,,,,,,,,,,1.0,,,,,,,,,,,,,1.0,change,0.0,"[-139.38, 240.27]","[[-139.38, 240.27]]","[""purple""]","[""blue""]",purple,blue,j,change,1.0,1.0
35,35_T1_20260520_150610,PA,T1,standard,hci_substudy_v2,1,telemetry_v4,change_detection,4,formal_cd,formal,1,2,34,formal,N3_change,1779260770,961.483,2026-05-20T15:27:26.438,0,0,0,4,1273423.407,1273427.036,,,,,j,,1,4262.054,,,,1277023.407,1277080.258,1281345.502,4000,4265.244,1281345.502,"[{""stage_name"": ""fixation"", ""planned_duration_ms"": 100, ""intended_onset_ms"": 1273423.407, ""actual_onset_global_ms"": 1273427.036, ""actual_offset_global_ms"": 1273526.636, ""actual_duration_ms"": 99.6}, {""stage_name"": ""memory_array"", ""planned_duration_ms"": 2500, ""intended_onset_ms"": 1273523.407, ""actual_onset_global_ms"": 1273555.47, ""actual_offset_global_ms"": 1276047.486, ""actual_duration_ms"": 2492.016}, {""stage_name"": ""delay"", ""planned_duration_ms"": 1000, ""intended_onset_ms"": 1276047.486, ""actual_onset_global_ms"": 1276051.232, ""actual_offset_global_ms"": 1277049.981, ""actual_duration_ms"": 998.749}, {""stage_name"": ""test_array"", ""planned_duration_ms"": 4000, ""intended_onset_ms"": 1277049.981, ""actual_onset_global_ms"": 1277080.258, ""actual_offset_global_ms"": 1281345.502, ""actual_duration_ms"": 4265.244}]",,,,,,,,,,,,,,,,,,,,,,,,,,,,,,,,,,,,,,,,,,,,,,,,,,1.0,,,,,,,,,,,,,3.0,change,2.0,"[-63.64, 114.23]","[[-161.4, -104.86], [108.91, -177.18], [-63.64, 114.23]]","[""yellow"", ""green"", ""blue""]","[""yellow"", ""green"", ""purple""]",blue,purple,j,change,4.0,1.0
35,35_T1_20260520_150610,PA,T1,standard,hci_substudy_v2,1,telemetry_v4,change_detection,4,formal_cd,formal,1,3,35,formal,N2_change,1779260770,961.483,2026-05-20T15:27:34.364,0,0,0,4,1281349.743,1281354.992,,,,,j,,1,778.661,,,,1284949.743,1284993.353,1285782.242,4000,788.889,1285782.242,"[{""stage_name"": ""fixation"", ""planned_duration_ms"": 100, ""intended_onset_ms"": 1281349.743, ""actual_onset_global_ms"": 1281354.992, ""actual_offset_global_ms"": 1281452.45, ""actual_duration_ms"": 97.458}, {""stage_name"": ""memory_array"", ""planned_duration_ms"": 2500, ""intended_onset_ms"": 1281449.743, ""actual_onset_global_ms"": 1281475.26, ""actual_offset_global_ms"": 1283967.995, ""actual_duration_ms"": 2492.735}, {""stage_name"": ""delay"", ""planned_duration_ms"": 1000, ""intended_onset_ms"": 1283967.995, ""actual_onset_global_ms"": 1283971.476, ""actual_offset_global_ms"": 1284972.177, ""actual_duration_ms"": 1000.701}, {""stage_name"": ""test_array"", ""planned_duration_ms"": 4000, ""intended_onset_ms"": 1284972.177, ""actual_onset_global_ms"": 1284993.353, ""actual_offset_global_ms"": 1285782.242, ""actual_duration_ms"": 788.889}]",,,,,,,,,,,,,,,,,,,,,,,,,,,,,,,,,,,,,,,,,,,,,,,,,,1.0,,,,,,,,,,,,,2.0,change,1.0,"[-18.78, -127.99]","[[128.28, -188.3], [-18.78, -127.99]]","[""purple"", ""red""]","[""purple"", ""green""]",red,green,j,change,2.0,1.0
35,35_T1_20260520_150610,PA,T1,standard,hci_substudy_v2,1,telemetry_v4,change_detection,4,formal_cd,formal,1,4,36,formal,N3_same,1779260770,961.483,2026-05-20T15:27:38.801,0,0,0,4,1285786.849,1285790.548,,,,,s,,1,2679.634,,,,1289386.849,1289427.785,1292134.866,4000,2707.081,1292134.866,"[{""stage_name"": ""fixation"", ""planned_duration_ms"": 100, ""intended_onset_ms"": 1285786.849, ""actual_onset_global_ms"": 1285790.548, ""actual_offset_global_ms"": 1285889.552, ""actual_duration_ms"": 99.004}, {""stage_name"": ""memory_array"", ""planned_duration_ms"": 2500, ""intended_onset_ms"": 1285886.849, ""actual_onset_global_ms"": 1285920.41, ""actual_offset_global_ms"": 1288394.057, ""actual_duration_ms"": 2473.647}, {""stage_name"": ""delay"", ""planned_duration_ms"": 1000, ""intended_onset_ms"": 1288394.057, ""actual_onset_global_ms"": 1288397.542, ""actual_offset_global_ms"": 1289397.297, ""actual_duration_ms"": 999.755}, {""stage_name"": ""test_array"", ""planned_duration_ms"": 4000, ""intended_onset_ms"": 1289397.297, ""actual_onset_global_ms"": 1289427.785, ""actual_offset_global_ms"": 1292134.866, ""actual_duration_ms"": 2707.081}]",,,,,,,,,,,,,,,,,,,,,,,,,,,,,,,,,,,,,,,,,,,,,,,,,,1.0,,,,,,,,,,,,,3.0,same,2.0,"[-120.54, -131.19]","[[182.94, 33.86], [-216.53, 259.96], [-120.54, -131.19]]","[""yellow"", ""green"", ""purple""]","[""yellow"", ""green"", ""purple""]",purple,purple,s,same,3.0,1.0
35,35_T1_20260520_150610,PA,T1,standard,hci_substudy_v2,1,telemetry_v4,change_detection,4,formal_cd,formal,1,5,37,formal,N3_change,1779260770,961.483,2026-05-20T15:27:45.154,0,0,0,4,1292139.569,1292145.088,,,,,j,,1,4302.349,,,,1295739.569,1295805.684,1300137.237,4000,4331.553,1300137.237,"[{""stage_name"": ""fixation"", ""planned_duration_ms"": 100, ""intended_onset_ms"": 1292139.569, ""actual_onset_global_ms"": 1292145.088, ""actual_offset_global_ms"": 1292243.065, ""actual_duration_ms"": 97.977}, {""stage_name"": ""memory_array"", ""planned_duration_ms"": 2500, ""intended_onset_ms"": 1292239.569, ""actual_onset_global_ms"": 1292273.317, ""actual_offset_global_ms"": 1294770.837, ""actual_duration_ms"": 2497.52}, {""stage_name"": ""delay"", ""planned_duration_ms"": 1000, ""intended_onset_ms"": 1294770.837, ""actual_onset_global_ms"": 1294774.932, ""actual_offset_global_ms"": 1295773.177, ""actual_duration_ms"": 998.245}, {""stage_name"": ""test_array"", ""planned_duration_ms"": 4000, ""intended_onset_ms"": 1295773.177, ""actual_onset_global_ms"": 1295805.684, ""actual_offset_global_ms"": 1300137.237, ""actual_duration_ms"": 4331.553}]",,,,,,,,,,,,,,,,,,,,,,,,,,,,,,,,,,,,,,,,,,,,,,,,,,1.0,,,,,,,,,,,,,3.0,change,2.0,"[135.74, 27.77]","[[52.74, 214.08], [-151.1, 118.35], [135.74, 27.77]]","[""red"", ""green"", ""blue""]","[""red"", ""green"", ""purple""]",blue,purple,j,change,4.0,1.0
35,35_T1_20260520_150610,PA,T1,standard,hci_substudy_v2,1,telemetry_v4,change_detection,4,formal_cd,formal,1,6,38,formal,N1_same,1779260770,961.483,2026-05-20T15:27:53.156,0,0,0,4,1300141.607,1300145.374,,,,,s,,0,1279.273,,,,1303741.607,1303766.791,1305051.679,4000,1284.888,1305051.679,"[{""stage_name"": ""fixation"", ""planned_duration_ms"": 100, ""intended_onset_ms"": 1300141.607, ""actual_onset_global_ms"": 1300145.374, ""actual_offset_global_ms"": 1300243.285, ""actual_duration_ms"": 97.911}, {""stage_name"": ""memory_array"", ""planned_duration_ms"": 2500, ""intended_onset_ms"": 1300241.607, ""actual_onset_global_ms"": 1300256.752, ""actual_offset_global_ms"": 1302750.267, ""actual_duration_ms"": 2493.515}, {""stage_name"": ""delay"", ""planned_duration_ms"": 1000, ""intended_onset_ms"": 1302750.267, ""actual_onset_global_ms"": 1302753.945, ""actual_offset_global_ms"": 1303753.761, ""actual_duration_ms"": 999.816}, {""stage_name"": ""test_array"", ""planned_duration_ms"": 4000, ""intended_onset_ms"": 1303753.761, ""actual_onset_global_ms"": 1303766.791, ""actual_offset_global_ms"": 1305051.679, ""actual_duration_ms"": 1284.888}]",,,,,,,,,,,,,,,,,,,,,,,,,,,,,,,,,,,,,,,,,,,,,,,,,,0.0,,,,,,,,,,,,,1.0,same,0.0,"[98.13, 108.47]","[[98.13, 108.47]]","[""green""]","[""green""]",green,green,j,change,1.0,1.0
35,35_T1_20260520_150610,PA,T1,standard,hci_substudy_v2,1,telemetry_v4,change_detection,4,formal_cd,formal,1,7,39,formal,N4_same,1779260770,961.483,2026-05-20T15:27:58.071,0,0,0,4,1305056.241,1305060.902,,,,,s,,1,3734.456,,,,1308656.241,1308730.713,1312484.851,4000,3754.138,1312484.851,"[{""stage_name"": ""fixation"", ""planned_duration_ms"": 100, ""intended_onset_ms"": 1305056.241, ""actual_onset_global_ms"": 1305060.902, ""actual_offset_global_ms"": 1305157.662, ""actual_duration_ms"": 96.76}, {""stage_name"": ""memory_array"", ""planned_duration_ms"": 2500, ""intended_onset_ms"": 1305156.241, ""actual_onset_global_ms"": 1305198.262, ""actual_offset_global_ms"": 1307686.999, ""actual_duration_ms"": 2488.737}, {""stage_name"": ""delay"", ""planned_duration_ms"": 1000, ""intended_onset_ms"": 1307686.999, ""actual_onset_global_ms"": 1307690.848, ""actual_offset_global_ms"": 1308689.198, ""actual_duration_ms"": 998.35}, {""stage_name"": ""test_array"", ""planned_duration_ms"": 4000, ""intended_onset_ms"": 1308689.198, ""actual_onset_global_ms"": 1308730.713, ""actual_offset_global_ms"": 1312484.851, ""actual_duration_ms"": 3754.138}]",,,,,,,,,,,,,,,,,,,,,,,,,,,,,,,,,,,,,,,,,,,,,,,,,,1.0,,,,,,,,,,,,,4.0,same,1.0,"[79.86, -108.61]","[[-196.62, 157.15], [79.86, -108.61], [-206.2, -242.93], [-49.34, 136.26]]","[""yellow"", ""blue"", ""green"", ""red""]","[""yellow"", ""blue"", ""green"", ""red""]",blue,blue,s,same,6.0,1.0
35,35_T1_20260520_150610,PA,T1,standard,hci_substudy_v2,1,telemetry_v4,change_detection,4,formal_cd,formal,1,8,40,formal,N3_change,1779260770,961.483,2026-05-20T15:28:05.504,0,0,0,4,1312489.506,1312492.999,,,,,j,,0,5132.625,,,,1316089.506,1316132.259,1321274.612,4000,5142.353,1321274.612,"[{""stage_name"": ""fixation"", ""planned_duration_ms"": 100, ""intended_onset_ms"": 1312489.506, ""actual_onset_global_ms"": 1312492.999, ""actual_offset_global_ms"": 1312592.926, ""actual_duration_ms"": 99.927}, {""stage_name"": ""memory_array"", ""planned_duration_ms"": 2500, ""intended_onset_ms"": 1312589.506, ""actual_onset_global_ms"": 1312622.88, ""actual_offset_global_ms"": 1315098.531, ""actual_duration_ms"": 2475.651}, {""stage_name"": ""delay"", ""planned_duration_ms"": 1000, ""intended_onset_ms"": 1315098.531, ""actual_onset_global_ms"": 1315102.977, ""actual_offset_global_ms"": 1316101.607, ""actual_duration_ms"": 998.63}, {""stage_name"": ""test_array"", ""planned_duration_ms"": 4000, ""intended_onset_ms"": 1316101.607, ""actual_onset_global_ms"": 1316132.259, ""actual_offset_global_ms"": 1321274.612, ""actual_duration_ms"": 5142.353}]",,,,,,,,,,,,,,,,,,,,,,,,,,,,,,,,,,,,,,,,,,,,,,,,,,0.0,,,,,,,,,,,,,3.0,change,0.0,"[-113.32, 97.17]","[[-113.32, 97.17], [41.53, -194.79], [-30.99, 223.9]]","[""red"", ""yellow"", ""purple""]","[""green"", ""yellow"", ""purple""]",red,green,s,same,4.0,1.0
35,35_T1_20260520_150610,PA,T1,standard,hci_substudy_v2,1,telemetry_v4,change_detection,4,formal_cd,formal,1,9,41,formal,N1_change,1779260770,961.483,2026-05-20T15:28:14.294,0,0,0,4,1321279.224,1321284.036,,,,,j,,1,505.788,,,,1324879.224,1324906.326,1325422.372,4000,516.046,1325422.372,"[{""stage_name"": ""fixation"", ""planned_duration_ms"": 100, ""intended_onset_ms"": 1321279.224, ""actual_onset_global_ms"": 1321284.036, ""actual_offset_global_ms"": 1321380.307, ""actual_duration_ms"": 96.271}, {""stage_name"": ""memory_array"", ""planned_duration_ms"": 2500, ""intended_onset_ms"": 1321379.224, ""actual_onset_global_ms"": 1321394.708, ""actual_offset_global_ms"": 1323890.69, ""actual_duration_ms"": 2495.982}, {""stage_name"": ""delay"", ""planned_duration_ms"": 1000, ""intended_onset_ms"": 1323890.69, ""actual_onset_global_ms"": 1323894.372, ""actual_offset_global_ms"": 1324893.8, ""actual_duration_ms"": 999.428}, {""stage_name"": ""test_array"", ""planned_duration_ms"": 4000, ""intended_onset_ms"": 1324893.8, ""actual_onset_global_ms"": 1324906.326, ""actual_offset_global_ms"": 1325422.372, ""actual_duration_ms"": 516.046}]",,,,,,,,,,,,,,,,,,,,,,,,,,,,,,,,,,,,,,,,,,,,,,,,,,1.0,,,,,,,,,,,,,1.0,change,0.0,"[-9.72, -188.5]","[[-9.72, -188.5]]","[""green""]","[""red""]",green,red,j,change,1.0,1.0
35,35_T1_20260520_150610,PA,T1,standard,hci_substudy_v2,1,telemetry_v4,change_detection,4,formal_cd,formal,1,10,42,formal,N2_same,1779260770,961.483,2026-05-20T15:28:18.441,0,0,0,4,1325427.152,1325430.861,,,,,s,,1,451.683,,,,1329027.152,1329074.426,1329539.457,4000,465.031,1329539.457,"[{""stage_name"": ""fixation"", ""planned_duration_ms"": 100, ""intended_onset_ms"": 1325427.152, ""actual_onset_global_ms"": 1325430.861, ""actual_offset_global_ms"": 1325530.73, ""actual_duration_ms"": 99.869}, {""stage_name"": ""memory_array"", ""planned_duration_ms"": 2500, ""intended_onset_ms"": 1325527.152, ""actual_onset_global_ms"": 1325551.696, ""actual_offset_global_ms"": 1328051.762, ""actual_duration_ms"": 2500.066}, {""stage_name"": ""delay"", ""planned_duration_ms"": 1000, ""intended_onset_ms"": 1328051.762, ""actual_onset_global_ms"": 1328053.831, ""actual_offset_global_ms"": 1329052.274, ""actual_duration_ms"": 998.443}, {""stage_name"": ""test_array"", ""planned_duration_ms"": 4000, ""intended_onset_ms"": 1329052.274, ""actual_onset_global_ms"": 1329074.426, ""actual_offset_global_ms"": 1329539.457, ""actual_duration_ms"": 465.031}]",,,,,,,,,,,,,,,,,,,,,,,,,,,,,,,,,,,,,,,,,,,,,,,,,,1.0,,,,,,,,,,,,,2.0,same,0.0,"[133.28, 77.26]","[[133.28, 77.26], [22.03, -157.91]]","[""blue"", ""purple""]","[""blue"", ""purple""]",blue,blue,s,same,2.0,1.0
35,35_T1_20260520_150610,PA,T1,standard,hci_substudy_v2,1,telemetry_v4,change_detection,4,formal_cd,formal,1,11,43,formal,N1_same,1779260770,961.483,2026-05-20T15:28:22.558,0,0,0,4,1329544.074,1329548.228,,,,,s,,1,986.166,,,,1333144.074,1333166.038,1334167.71,4000,1001.672,1334167.71,"[{""stage_name"": ""fixation"", ""planned_duration_ms"": 100, ""intended_onset_ms"": 1329544.074, ""actual_onset_global_ms"": 1329548.228, ""actual_offset_global_ms"": 1329645.635, ""actual_duration_ms"": 97.407}, {""stage_name"": ""memory_array"", ""planned_duration_ms"": 2500, ""intended_onset_ms"": 1329644.074, ""actual_onset_global_ms"": 1329659.692, ""actual_offset_global_ms"": 1332150.36, ""actual_duration_ms"": 2490.668}, {""stage_name"": ""delay"", ""planned_duration_ms"": 1000, ""intended_onset_ms"": 1332150.36, ""actual_onset_global_ms"": 1332154.028, ""actual_offset_global_ms"": 1333153.403, ""actual_duration_ms"": 999.375}, {""stage_name"": ""test_array"", ""planned_duration_ms"": 4000, ""intended_onset_ms"": 1333153.403, ""actual_onset_global_ms"": 1333166.038, ""actual_offset_global_ms"": 1334167.71, ""actual_duration_ms"": 1001.672}]",,,,,,,,,,,,,,,,,,,,,,,,,,,,,,,,,,,,,,,,,,,,,,,,,,1.0,,,,,,,,,,,,,1.0,same,0.0,"[144.54, -98.08]","[[144.54, -98.08]]","[""red""]","[""red""]",red,red,s,same,1.0,1.0
35,35_T1_20260520_150610,PA,T1,standard,hci_substudy_v2,1,telemetry_v4,change_detection,4,formal_cd,formal,1,12,44,formal,N1_change,1779260770,961.483,2026-05-20T15:28:27.187,0,0,0,4,1334172.27,1334176.291,,,,,j,,1,2158.797,,,,1337772.27,1337802.369,1339969.768,4000,2167.399,1339969.768,"[{""stage_name"": ""fixation"", ""planned_duration_ms"": 100, ""intended_onset_ms"": 1334172.27, ""actual_onset_global_ms"": 1334176.291, ""actual_offset_global_ms"": 1334276.621, ""actual_duration_ms"": 100.33}, {""stage_name"": ""memory_array"", ""planned_duration_ms"": 2500, ""intended_onset_ms"": 1334272.27, ""actual_onset_global_ms"": 1334288.566, ""actual_offset_global_ms"": 1336786.708, ""actual_duration_ms"": 2498.142}, {""stage_name"": ""delay"", ""planned_duration_ms"": 1000, ""intended_onset_ms"": 1336786.708, ""actual_onset_global_ms"": 1336790.065, ""actual_offset_global_ms"": 1337790.132, ""actual_duration_ms"": 1000.067}, {""stage_name"": ""test_array"", ""planned_duration_ms"": 4000, ""intended_onset_ms"": 1337790.132, ""actual_onset_global_ms"": 1337802.369, ""actual_offset_global_ms"": 1339969.768, ""actual_duration_ms"": 2167.399}]",,,,,,,,,,,,,,,,,,,,,,,,,,,,,,,,,,,,,,,,,,,,,,,,,,1.0,,,,,,,,,,,,,1.0,change,0.0,"[-210.77, 191.91]","[[-210.77, 191.91]]","[""blue""]","[""purple""]",blue,purple,j,change,1.0,1.0
35,35_T1_20260520_150610,PA,T1,standard,hci_substudy_v2,1,telemetry_v4,change_detection,4,formal_cd,formal,1,13,45,formal,N4_change,1779260770,961.483,2026-05-20T15:28:32.989,0,0,0,4,1339974.612,1339978.402,,,,,j,,0,3698.028,,,,1343574.612,1343654.906,1347380.728,4000,3725.822,1347380.728,"[{""stage_name"": ""fixation"", ""planned_duration_ms"": 100, ""intended_onset_ms"": 1339974.612, ""actual_onset_global_ms"": 1339978.402, ""actual_offset_global_ms"": 1340076.928, ""actual_duration_ms"": 98.526}, {""stage_name"": ""memory_array"", ""planned_duration_ms"": 2500, ""intended_onset_ms"": 1340074.612, ""actual_onset_global_ms"": 1340116.061, ""actual_offset_global_ms"": 1342613.034, ""actual_duration_ms"": 2496.973}, {""stage_name"": ""delay"", ""planned_duration_ms"": 1000, ""intended_onset_ms"": 1342613.034, ""actual_onset_global_ms"": 1342616.462, ""actual_offset_global_ms"": 1343616.048, ""actual_duration_ms"": 999.586}, {""stage_name"": ""test_array"", ""planned_duration_ms"": 4000, ""intended_onset_ms"": 1343616.048, ""actual_onset_global_ms"": 1343654.906, ""actual_offset_global_ms"": 1347380.728, ""actual_duration_ms"": 3725.822}]",,,,,,,,,,,,,,,,,,,,,,,,,,,,,,,,,,,,,,,,,,,,,,,,,,0.0,,,,,,,,,,,,,4.0,change,0.0,"[-198.59, 11.18]","[[-198.59, 11.18], [147.05, 170.92], [93.09, 55.74], [-200.42, 243.54]]","[""green"", ""blue"", ""purple"", ""yellow""]","[""red"", ""blue"", ""purple"", ""yellow""]",green,red,s,same,7.0,1.0
35,35_T1_20260520_150610,PA,T1,standard,hci_substudy_v2,1,telemetry_v4,change_detection,4,formal_cd,formal,1,14,46,formal,N3_same,1779260770,961.483,2026-05-20T15:28:40.400,0,0,0,4,1347385.417,1347390.311,,,,,s,,0,6173.065,,,,1350985.417,1351050.578,1357227.689,4000,6177.111,1357227.689,"[{""stage_name"": ""fixation"", ""planned_duration_ms"": 100, ""intended_onset_ms"": 1347385.417, ""actual_onset_global_ms"": 1347390.311, ""actual_offset_global_ms"": 1347486.534, ""actual_duration_ms"": 96.223}, {""stage_name"": ""memory_array"", ""planned_duration_ms"": 2500, ""intended_onset_ms"": 1347485.417, ""actual_onset_global_ms"": 1347518.581, ""actual_offset_global_ms"": 1350017.952, ""actual_duration_ms"": 2499.371}, {""stage_name"": ""delay"", ""planned_duration_ms"": 1000, ""intended_onset_ms"": 1350017.952, ""actual_onset_global_ms"": 1350019.622, ""actual_offset_global_ms"": 1351019.523, ""actual_duration_ms"": 999.901}, {""stage_name"": ""test_array"", ""planned_duration_ms"": 4000, ""intended_onset_ms"": 1351019.523, ""actual_onset_global_ms"": 1351050.578, ""actual_offset_global_ms"": 1357227.689, ""actual_duration_ms"": 6177.111}]",,,,,,,,,,,,,,,,,,,,,,,,,,,,,,,,,,,,,,,,,,,,,,,,,,0.0,,,,,,,,,,,,,3.0,same,1.0,"[194.52, -148.95]","[[-88.28, 162.82], [194.52, -148.95], [-237.83, 168.47]]","[""red"", ""blue"", ""yellow""]","[""red"", ""blue"", ""yellow""]",blue,blue,j,change,4.0,1.0
35,35_T1_20260520_150610,PA,T1,standard,hci_substudy_v2,1,telemetry_v4,change_detection,4,formal_cd,formal,1,15,47,formal,N4_same,1779260770,961.483,2026-05-20T15:28:50.247,0,0,0,4,1357232.614,1357236.585,,,,,s,,1,2262.616,,,,1360832.614,1360895.532,1363184.438,4000,2288.906,1363184.438,"[{""stage_name"": ""fixation"", ""planned_duration_ms"": 100, ""intended_onset_ms"": 1357232.614, ""actual_onset_global_ms"": 1357236.585, ""actual_offset_global_ms"": 1357336.845, ""actual_duration_ms"": 100.26}, {""stage_name"": ""memory_array"", ""planned_duration_ms"": 2500, ""intended_onset_ms"": 1357332.614, ""actual_onset_global_ms"": 1357374.26, ""actual_offset_global_ms"": 1359854.344, ""actual_duration_ms"": 2480.084}, {""stage_name"": ""delay"", ""planned_duration_ms"": 1000, ""intended_onset_ms"": 1359854.344, ""actual_onset_global_ms"": 1359858.746, ""actual_offset_global_ms"": 1360857.851, ""actual_duration_ms"": 999.105}, {""stage_name"": ""test_array"", ""planned_duration_ms"": 4000, ""intended_onset_ms"": 1360857.851, ""actual_onset_global_ms"": 1360895.532, ""actual_offset_global_ms"": 1363184.438, ""actual_duration_ms"": 2288.906}]",,,,,,,,,,,,,,,,,,,,,,,,,,,,,,,,,,,,,,,,,,,,,,,,,,1.0,,,,,,,,,,,,,4.0,same,0.0,"[177.17, -33.47]","[[177.17, -33.47], [-242.32, -19.61], [-172.7, 94.59], [162.28, -226.54]]","[""blue"", ""purple"", ""yellow"", ""green""]","[""blue"", ""purple"", ""yellow"", ""green""]",blue,blue,s,same,7.0,1.0
35,35_T1_20260520_150610,PA,T1,standard,hci_substudy_v2,1,telemetry_v4,change_detection,4,formal_cd,formal,1,16,48,formal,N3_same,1779260770,961.483,2026-05-20T15:28:56.204,0,0,0,4,1363189.413,1363193.945,,,,,s,,1,1960.056,,,,1366789.413,1366840.861,1368823.12,4000,1982.259,1368823.12,"[{""stage_name"": ""fixation"", ""planned_duration_ms"": 100, ""intended_onset_ms"": 1363189.413, ""actual_onset_global_ms"": 1363193.945, ""actual_offset_global_ms"": 1363291.593, ""actual_duration_ms"": 97.648}, {""stage_name"": ""memory_array"", ""planned_duration_ms"": 2500, ""intended_onset_ms"": 1363289.413, ""actual_onset_global_ms"": 1363323.995, ""actual_offset_global_ms"": 1365808.563, ""actual_duration_ms"": 2484.568}, {""stage_name"": ""delay"", ""planned_duration_ms"": 1000, ""intended_onset_ms"": 1365808.563, ""actual_onset_global_ms"": 1365812.216, ""actual_offset_global_ms"": 1366811.764, ""actual_duration_ms"": 999.548}, {""stage_name"": ""test_array"", ""planned_duration_ms"": 4000, ""intended_onset_ms"": 1366811.764, ""actual_onset_global_ms"": 1366840.861, ""actual_offset_global_ms"": 1368823.12, ""actual_duration_ms"": 1982.259}]",,,,,,,,,,,,,,,,,,,,,,,,,,,,,,,,,,,,,,,,,,,,,,,,,,1.0,,,,,,,,,,,,,3.0,same,1.0,"[-197.93, -157.02]","[[-91.59, -248.9], [-197.93, -157.02], [232.68, 21.36]]","[""blue"", ""red"", ""yellow""]","[""blue"", ""red"", ""yellow""]",red,red,s,same,3.0,1.0
35,35_T1_20260520_150610,PA,T1,standard,hci_substudy_v2,1,telemetry_v4,change_detection,4,formal_cd,formal,1,17,49,formal,N4_change,1779260770,961.483,2026-05-20T15:29:01.842,0,0,0,4,1368827.98,1368831.496,,,,,j,,1,2446.23,,,,1372427.98,1372475.88,1374927.98,4000,2452.1,1374927.98,"[{""stage_name"": ""fixation"", ""planned_duration_ms"": 100, ""intended_onset_ms"": 1368827.98, ""actual_onset_global_ms"": 1368831.496, ""actual_offset_global_ms"": 1368931.751, ""actual_duration_ms"": 100.255}, {""stage_name"": ""memory_array"", ""planned_duration_ms"": 2500, ""intended_onset_ms"": 1368927.98, ""actual_onset_global_ms"": 1368970.059, ""actual_offset_global_ms"": 1371432.72, ""actual_duration_ms"": 2462.661}, {""stage_name"": ""delay"", ""planned_duration_ms"": 1000, ""intended_onset_ms"": 1371432.72, ""actual_onset_global_ms"": 1371436.374, ""actual_offset_global_ms"": 1372436.051, ""actual_duration_ms"": 999.677}, {""stage_name"": ""test_array"", ""planned_duration_ms"": 4000, ""intended_onset_ms"": 1372436.051, ""actual_onset_global_ms"": 1372475.88, ""actual_offset_global_ms"": 1374927.98, ""actual_duration_ms"": 2452.1}]",,,,,,,,,,,,,,,,,,,,,,,,,,,,,,,,,,,,,,,,,,,,,,,,,,1.0,,,,,,,,,,,,,4.0,change,1.0,"[257.93, -22.66]","[[-78.01, -178.58], [257.93, -22.66], [165.75, -217.31], [209.79, 112.91]]","[""purple"", ""blue"", ""yellow"", ""green""]","[""purple"", ""red"", ""yellow"", ""green""]",blue,red,j,change,8.0,1.0
35,35_T1_20260520_150610,PA,T1,standard,hci_substudy_v2,1,telemetry_v4,change_detection,4,formal_cd,formal,1,18,50,formal,N4_same,1779260770,961.483,2026-05-20T15:29:07.948,0,0,0,4,1374933.602,1374938.133,,,,,s,,1,1621.84,,,,1378533.602,1378612.226,1380270.204,4000,1657.978,1380270.204,"[{""stage_name"": ""fixation"", ""planned_duration_ms"": 100, ""intended_onset_ms"": 1374933.602, ""actual_onset_global_ms"": 1374938.133, ""actual_offset_global_ms"": 1375038.12, ""actual_duration_ms"": 99.987}, {""stage_name"": ""memory_array"", ""planned_duration_ms"": 2500, ""intended_onset_ms"": 1375033.602, ""actual_onset_global_ms"": 1375078.078, ""actual_offset_global_ms"": 1377569.397, ""actual_duration_ms"": 2491.319}, {""stage_name"": ""delay"", ""planned_duration_ms"": 1000, ""intended_onset_ms"": 1377569.397, ""actual_onset_global_ms"": 1377573.016, ""actual_offset_global_ms"": 1378572.553, ""actual_duration_ms"": 999.537}, {""stage_name"": ""test_array"", ""planned_duration_ms"": 4000, ""intended_onset_ms"": 1378572.553, ""actual_onset_global_ms"": 1378612.226, ""actual_offset_global_ms"": 1380270.204, ""actual_duration_ms"": 1657.978}]",,,,,,,,,,,,,,,,,,,,,,,,,,,,,,,,,,,,,,,,,,,,,,,,,,1.0,,,,,,,,,,,,,4.0,same,0.0,"[31.22, -255.57]","[[31.22, -255.57], [204.12, 112.89], [-186.89, -164.71], [-156.89, 15.23]]","[""green"", ""blue"", ""red"", ""purple""]","[""green"", ""blue"", ""red"", ""purple""]",green,green,s,same,4.0,1.0
35,35_T1_20260520_150610,PA,T1,standard,hci_substudy_v2,1,telemetry_v4,change_detection,4,formal_cd,formal,1,19,51,formal,N2_change,1779260770,961.483,2026-05-20T15:29:13.289,0,0,0,4,1380275.046,1380278.946,,,,,j,,0,2085.06,,,,1383875.046,1383911.063,1386007.117,4000,2096.054,1386007.117,"[{""stage_name"": ""fixation"", ""planned_duration_ms"": 100, ""intended_onset_ms"": 1380275.046, ""actual_onset_global_ms"": 1380278.946, ""actual_offset_global_ms"": 1380376.187, ""actual_duration_ms"": 97.241}, {""stage_name"": ""memory_array"", ""planned_duration_ms"": 2500, ""intended_onset_ms"": 1380375.046, ""actual_onset_global_ms"": 1380398.305, ""actual_offset_global_ms"": 1382885.956, ""actual_duration_ms"": 2487.651}, {""stage_name"": ""delay"", ""planned_duration_ms"": 1000, ""intended_onset_ms"": 1382885.956, ""actual_onset_global_ms"": 1382889.418, ""actual_offset_global_ms"": 1383890.066, ""actual_duration_ms"": 1000.648}, {""stage_name"": ""test_array"", ""planned_duration_ms"": 4000, ""intended_onset_ms"": 1383890.066, ""actual_onset_global_ms"": 1383911.063, ""actual_offset_global_ms"": 1386007.117, ""actual_duration_ms"": 2096.054}]",,,,,,,,,,,,,,,,,,,,,,,,,,,,,,,,,,,,,,,,,,,,,,,,,,0.0,,,,,,,,,,,,,2.0,change,0.0,"[-210.45, -134.14]","[[-210.45, -134.14], [231.05, 229.88]]","[""green"", ""purple""]","[""blue"", ""purple""]",green,blue,s,same,2.0,1.0
35,35_T1_20260520_150610,PA,T1,standard,hci_substudy_v2,1,telemetry_v4,change_detection,4,formal_cd,formal,1,20,52,formal,N2_change,1779260770,961.483,2026-05-20T15:29:19.027,0,0,0,4,1386012.198,1386016.579,,,,,j,,1,2509.32,,,,1389612.198,1389646.796,1392177.867,4000,2531.071,1392177.867,"[{""stage_name"": ""fixation"", ""planned_duration_ms"": 100, ""intended_onset_ms"": 1386012.198, ""actual_onset_global_ms"": 1386016.579, ""actual_offset_global_ms"": 1386115.263, ""actual_duration_ms"": 98.684}, {""stage_name"": ""memory_array"", ""planned_duration_ms"": 2500, ""intended_onset_ms"": 1386112.198, ""actual_onset_global_ms"": 1386135.483, ""actual_offset_global_ms"": 1388622.667, ""actual_duration_ms"": 2487.184}, {""stage_name"": ""delay"", ""planned_duration_ms"": 1000, ""intended_onset_ms"": 1388622.667, ""actual_onset_global_ms"": 1388626.79, ""actual_offset_global_ms"": 1389625.589, ""actual_duration_ms"": 998.799}, {""stage_name"": ""test_array"", ""planned_duration_ms"": 4000, ""intended_onset_ms"": 1389625.589, ""actual_onset_global_ms"": 1389646.796, ""actual_offset_global_ms"": 1392177.867, ""actual_duration_ms"": 2531.071}]",,,,,,,,,,,,,,,,,,,,,,,,,,,,,,,,,,,,,,,,,,,,,,,,,,1.0,,,,,,,,,,,,,2.0,change,0.0,"[-189.93, 134.65]","[[-189.93, 134.65], [-145.01, -199.12]]","[""red"", ""blue""]","[""yellow"", ""blue""]",red,yellow,j,change,2.0,1.0
35,35_T1_20260520_150610,PA,T1,standard,hci_substudy_v2,1,telemetry_v4,change_detection,4,formal_cd,formal,1,21,53,formal,N3_change,1779260770,961.483,2026-05-20T15:29:25.197,0,0,0,4,1392182.71,1392186.229,,,,,j,,0,3246.187,,,,1395782.71,1395841.294,1399112.897,4000,3271.603,1399112.897,"[{""stage_name"": ""fixation"", ""planned_duration_ms"": 100, ""intended_onset_ms"": 1392182.71, ""actual_onset_global_ms"": 1392186.229, ""actual_offset_global_ms"": 1392285.053, ""actual_duration_ms"": 98.824}, {""stage_name"": ""memory_array"", ""planned_duration_ms"": 2500, ""intended_onset_ms"": 1392282.71, ""actual_onset_global_ms"": 1392315.57, ""actual_offset_global_ms"": 1394807.217, ""actual_duration_ms"": 2491.647}, {""stage_name"": ""delay"", ""planned_duration_ms"": 1000, ""intended_onset_ms"": 1394807.217, ""actual_onset_global_ms"": 1394811.111, ""actual_offset_global_ms"": 1395810.518, ""actual_duration_ms"": 999.407}, {""stage_name"": ""test_array"", ""planned_duration_ms"": 4000, ""intended_onset_ms"": 1395810.518, ""actual_onset_global_ms"": 1395841.294, ""actual_offset_global_ms"": 1399112.897, ""actual_duration_ms"": 3271.603}]",,,,,,,,,,,,,,,,,,,,,,,,,,,,,,,,,,,,,,,,,,,,,,,,,,0.0,,,,,,,,,,,,,3.0,change,2.0,"[191.24, 64.32]","[[-71.23, 184.13], [-231.79, -8.77], [191.24, 64.32]]","[""green"", ""blue"", ""red""]","[""green"", ""blue"", ""purple""]",red,purple,s,same,5.0,1.0
35,35_T1_20260520_150610,PA,T1,standard,hci_substudy_v2,1,telemetry_v4,change_detection,4,formal_cd,formal,1,22,54,formal,N2_same,1779260770,961.483,2026-05-20T15:29:32.132,0,0,0,4,1399117.786,1399122.543,,,,,s,,1,2275.632,,,,1402717.786,1402749.716,1405031.626,4000,2281.91,1405031.626,"[{""stage_name"": ""fixation"", ""planned_duration_ms"": 100, ""intended_onset_ms"": 1399117.786, ""actual_onset_global_ms"": 1399122.543, ""actual_offset_global_ms"": 1399221.969, ""actual_duration_ms"": 99.426}, {""stage_name"": ""memory_array"", ""planned_duration_ms"": 2500, ""intended_onset_ms"": 1399217.786, ""actual_onset_global_ms"": 1399243.036, ""actual_offset_global_ms"": 1401725.645, ""actual_duration_ms"": 2482.609}, {""stage_name"": ""delay"", ""planned_duration_ms"": 1000, ""intended_onset_ms"": 1401725.645, ""actual_onset_global_ms"": 1401728.913, ""actual_offset_global_ms"": 1402728.026, ""actual_duration_ms"": 999.113}, {""stage_name"": ""test_array"", ""planned_duration_ms"": 4000, ""intended_onset_ms"": 1402728.026, ""actual_onset_global_ms"": 1402749.716, ""actual_offset_global_ms"": 1405031.626, ""actual_duration_ms"": 2281.91}]",,,,,,,,,,,,,,,,,,,,,,,,,,,,,,,,,,,,,,,,,,,,,,,,,,1.0,,,,,,,,,,,,,2.0,same,0.0,"[206.94, -151.89]","[[206.94, -151.89], [115.39, -101.4]]","[""blue"", ""purple""]","[""blue"", ""purple""]",blue,blue,s,same,3.0,1.0
35,35_T1_20260520_150610,PA,T1,standard,hci_substudy_v2,1,telemetry_v4,change_detection,4,formal_cd,formal,1,23,55,formal,N2_change,1779260770,961.483,2026-05-20T15:29:38.051,0,0,0,4,1405036.58,1405040.055,,,,,j,,1,2449.139,,,,1408636.58,1408665.749,1411120.682,4000,2454.933,1411120.682,"[{""stage_name"": ""fixation"", ""planned_duration_ms"": 100, ""intended_onset_ms"": 1405036.58, ""actual_onset_global_ms"": 1405040.055, ""actual_offset_global_ms"": 1405140.072, ""actual_duration_ms"": 100.017}, {""stage_name"": ""memory_array"", ""planned_duration_ms"": 2500, ""intended_onset_ms"": 1405136.58, ""actual_onset_global_ms"": 1405160.072, ""actual_offset_global_ms"": 1407642.082, ""actual_duration_ms"": 2482.01}, {""stage_name"": ""delay"", ""planned_duration_ms"": 1000, ""intended_onset_ms"": 1407642.082, ""actual_onset_global_ms"": 1407645.393, ""actual_offset_global_ms"": 1408644.328, ""actual_duration_ms"": 998.935}, {""stage_name"": ""test_array"", ""planned_duration_ms"": 4000, ""intended_onset_ms"": 1408644.328, ""actual_onset_global_ms"": 1408665.749, ""actual_offset_global_ms"": 1411120.682, ""actual_duration_ms"": 2454.933}]",,,,,,,,,,,,,,,,,,,,,,,,,,,,,,,,,,,,,,,,,,,,,,,,,,1.0,,,,,,,,,,,,,2.0,change,1.0,"[-13.26, -256.56]","[[-200.17, -50.36], [-13.26, -256.56]]","[""purple"", ""yellow""]","[""purple"", ""green""]",yellow,green,j,change,2.0,1.0
35,35_T1_20260520_150610,PA,T1,standard,hci_substudy_v2,1,telemetry_v4,change_detection,4,formal_cd,formal,1,24,56,formal,N1_same,1779260770,961.483,2026-05-20T15:29:44.140,0,0,0,4,1411125.651,1411129.516,,,,,s,,1,954.218,,,,1414725.651,1414746.936,1415716.83,4000,969.894,1415716.83,"[{""stage_name"": ""fixation"", ""planned_duration_ms"": 100, ""intended_onset_ms"": 1411125.651, ""actual_onset_global_ms"": 1411129.516, ""actual_offset_global_ms"": 1411227.08, ""actual_duration_ms"": 97.564}, {""stage_name"": ""memory_array"", ""planned_duration_ms"": 2500, ""intended_onset_ms"": 1411225.651, ""actual_onset_global_ms"": 1411240.416, ""actual_offset_global_ms"": 1413729.417, ""actual_duration_ms"": 2489.001}, {""stage_name"": ""delay"", ""planned_duration_ms"": 1000, ""intended_onset_ms"": 1413729.417, ""actual_onset_global_ms"": 1413732.841, ""actual_offset_global_ms"": 1414733.801, ""actual_duration_ms"": 1000.96}, {""stage_name"": ""test_array"", ""planned_duration_ms"": 4000, ""intended_onset_ms"": 1414733.801, ""actual_onset_global_ms"": 1414746.936, ""actual_offset_global_ms"": 1415716.83, ""actual_duration_ms"": 969.894}]",,,,,,,,,,,,,,,,,,,,,,,,,,,,,,,,,,,,,,,,,,,,,,,,,,1.0,,,,,,,,,,,,,1.0,same,0.0,"[-180.12, -127.86]","[[-180.12, -127.86]]","[""green""]","[""green""]",green,green,s,same,2.0,1.0
35,35_T1_20260520_150610,PA,T1,standard,hci_substudy_v2,1,telemetry_v4,change_detection,4,formal_cd,formal,1,25,57,formal,N1_change,1779260770,961.483,2026-05-20T15:29:48.736,0,0,0,4,1415721.611,1415725.573,,,,,j,,1,1628.823,,,,1419321.611,1419345.169,1420982.755,4000,1637.586,1420982.755,"[{""stage_name"": ""fixation"", ""planned_duration_ms"": 100, ""intended_onset_ms"": 1415721.611, ""actual_onset_global_ms"": 1415725.573, ""actual_offset_global_ms"": 1415823.245, ""actual_duration_ms"": 97.672}, {""stage_name"": ""memory_array"", ""planned_duration_ms"": 2500, ""intended_onset_ms"": 1415821.611, ""actual_onset_global_ms"": 1415836.812, ""actual_offset_global_ms"": 1418327.27, ""actual_duration_ms"": 2490.458}, {""stage_name"": ""delay"", ""planned_duration_ms"": 1000, ""intended_onset_ms"": 1418327.27, ""actual_onset_global_ms"": 1418330.909, ""actual_offset_global_ms"": 1419331.453, ""actual_duration_ms"": 1000.544}, {""stage_name"": ""test_array"", ""planned_duration_ms"": 4000, ""intended_onset_ms"": 1419331.453, ""actual_onset_global_ms"": 1419345.169, ""actual_offset_global_ms"": 1420982.755, ""actual_duration_ms"": 1637.586}]",,,,,,,,,,,,,,,,,,,,,,,,,,,,,,,,,,,,,,,,,,,,,,,,,,1.0,,,,,,,,,,,,,1.0,change,0.0,"[-222.0, 232.1]","[[-222.0, 232.1]]","[""blue""]","[""green""]",blue,green,j,change,1.0,1.0
35,35_T1_20260520_150610,PA,T1,standard,hci_substudy_v2,1,telemetry_v4,change_detection,4,formal_cd,formal,1,26,58,formal,N4_same,1779260770,961.483,2026-05-20T15:29:54.002,0,0,0,4,1420987.596,1420991.123,,,,,s,,1,1333.784,,,,1424587.596,1424679.131,1426045.845,4000,1366.714,1426045.845,"[{""stage_name"": ""fixation"", ""planned_duration_ms"": 100, ""intended_onset_ms"": 1420987.596, ""actual_onset_global_ms"": 1420991.123, ""actual_offset_global_ms"": 1421088.859, ""actual_duration_ms"": 97.736}, {""stage_name"": ""memory_array"", ""planned_duration_ms"": 2500, ""intended_onset_ms"": 1421087.596, ""actual_onset_global_ms"": 1421129.598, ""actual_offset_global_ms"": 1423636.941, ""actual_duration_ms"": 2507.343}, {""stage_name"": ""delay"", ""planned_duration_ms"": 1000, ""intended_onset_ms"": 1423636.941, ""actual_onset_global_ms"": 1423640.785, ""actual_offset_global_ms"": 1424640.033, ""actual_duration_ms"": 999.248}, {""stage_name"": ""test_array"", ""planned_duration_ms"": 4000, ""intended_onset_ms"": 1424640.033, ""actual_onset_global_ms"": 1424679.131, ""actual_offset_global_ms"": 1426045.845, ""actual_duration_ms"": 1366.714}]",,,,,,,,,,,,,,,,,,,,,,,,,,,,,,,,,,,,,,,,,,,,,,,,,,1.0,,,,,,,,,,,,,4.0,same,0.0,"[-30.06, 188.57]","[[-30.06, 188.57], [-96.16, -173.06], [215.86, -175.59], [-138.06, 85.61]]","[""red"", ""yellow"", ""green"", ""purple""]","[""red"", ""yellow"", ""green"", ""purple""]",red,red,s,same,5.0,1.0
35,35_T1_20260520_150610,PA,T1,standard,hci_substudy_v2,1,telemetry_v4,change_detection,4,formal_cd,formal,1,27,59,formal,N3_same,1779260770,961.483,2026-05-20T15:29:59.066,0,0,0,4,1426051.064,1426055.822,,,,,s,,1,1188.739,,,,1429651.064,1429691.15,1430895.937,4000,1204.787,1430895.937,"[{""stage_name"": ""fixation"", ""planned_duration_ms"": 100, ""intended_onset_ms"": 1426051.064, ""actual_onset_global_ms"": 1426055.822, ""actual_offset_global_ms"": 1426154.356, ""actual_duration_ms"": 98.534}, {""stage_name"": ""memory_array"", ""planned_duration_ms"": 2500, ""intended_onset_ms"": 1426151.064, ""actual_onset_global_ms"": 1426183.605, ""actual_offset_global_ms"": 1428656.144, ""actual_duration_ms"": 2472.539}, {""stage_name"": ""delay"", ""planned_duration_ms"": 1000, ""intended_onset_ms"": 1428656.144, ""actual_onset_global_ms"": 1428659.945, ""actual_offset_global_ms"": 1429659.612, ""actual_duration_ms"": 999.667}, {""stage_name"": ""test_array"", ""planned_duration_ms"": 4000, ""intended_onset_ms"": 1429659.612, ""actual_onset_global_ms"": 1429691.15, ""actual_offset_global_ms"": 1430895.937, ""actual_duration_ms"": 1204.787}]",,,,,,,,,,,,,,,,,,,,,,,,,,,,,,,,,,,,,,,,,,,,,,,,,,1.0,,,,,,,,,,,,,3.0,same,1.0,"[-247.18, 49.6]","[[-155.31, 244.64], [-247.18, 49.6], [179.59, 114.43]]","[""yellow"", ""purple"", ""green""]","[""yellow"", ""purple"", ""green""]",purple,purple,s,same,5.0,1.0
35,35_T1_20260520_150610,PA,T1,standard,hci_substudy_v2,1,telemetry_v4,change_detection,4,formal_cd,formal,1,28,60,formal,N1_change,1779260770,961.483,2026-05-20T15:30:03.916,0,0,0,4,1430901.396,1430905.508,,,,,j,,0,1218.648,,,,1434501.396,1434532.234,1435762.199,4000,1229.965,1435762.199,"[{""stage_name"": ""fixation"", ""planned_duration_ms"": 100, ""intended_onset_ms"": 1430901.396, ""actual_onset_global_ms"": 1430905.508, ""actual_offset_global_ms"": 1431005.603, ""actual_duration_ms"": 100.095}, {""stage_name"": ""memory_array"", ""planned_duration_ms"": 2500, ""intended_onset_ms"": 1431001.396, ""actual_onset_global_ms"": 1431019.258, ""actual_offset_global_ms"": 1433515.008, ""actual_duration_ms"": 2495.75}, {""stage_name"": ""delay"", ""planned_duration_ms"": 1000, ""intended_onset_ms"": 1433515.008, ""actual_onset_global_ms"": 1433518.978, ""actual_offset_global_ms"": 1434517.321, ""actual_duration_ms"": 998.343}, {""stage_name"": ""test_array"", ""planned_duration_ms"": 4000, ""intended_onset_ms"": 1434517.321, ""actual_onset_global_ms"": 1434532.234, ""actual_offset_global_ms"": 1435762.199, ""actual_duration_ms"": 1229.965}]",,,,,,,,,,,,,,,,,,,,,,,,,,,,,,,,,,,,,,,,,,,,,,,,,,0.0,,,,,,,,,,,,,1.0,change,0.0,"[208.7, -188.85]","[[208.7, -188.85]]","[""purple""]","[""yellow""]",purple,yellow,s,same,1.0,1.0
35,35_T1_20260520_150610,PA,T1,standard,hci_substudy_v2,1,telemetry_v4,change_detection,4,formal_cd,formal,1,29,61,formal,N2_same,1779260770,961.483,2026-05-20T15:30:08.782,0,0,0,4,1435767.836,1435771.694,,,,,s,,1,3279.185,,,,1439367.836,1439397.848,1442686.611,4000,3288.763,1442686.611,"[{""stage_name"": ""fixation"", ""planned_duration_ms"": 100, ""intended_onset_ms"": 1435767.836, ""actual_onset_global_ms"": 1435771.694, ""actual_offset_global_ms"": 1435869.533, ""actual_duration_ms"": 97.839}, {""stage_name"": ""memory_array"", ""planned_duration_ms"": 2500, ""intended_onset_ms"": 1435867.836, ""actual_onset_global_ms"": 1435895.281, ""actual_offset_global_ms"": 1438372.096, ""actual_duration_ms"": 2476.815}, {""stage_name"": ""delay"", ""planned_duration_ms"": 1000, ""intended_onset_ms"": 1438372.096, ""actual_onset_global_ms"": 1438375.571, ""actual_offset_global_ms"": 1439375.713, ""actual_duration_ms"": 1000.142}, {""stage_name"": ""test_array"", ""planned_duration_ms"": 4000, ""intended_onset_ms"": 1439375.713, ""actual_onset_global_ms"": 1439397.848, ""actual_offset_global_ms"": 1442686.611, ""actual_duration_ms"": 3288.763}]",,,,,,,,,,,,,,,,,,,,,,,,,,,,,,,,,,,,,,,,,,,,,,,,,,1.0,,,,,,,,,,,,,2.0,same,0.0,"[145.67, 173.25]","[[145.67, 173.25], [31.96, 132.18]]","[""green"", ""yellow""]","[""green"", ""yellow""]",green,green,s,same,4.0,1.0
35,35_T1_20260520_150610,PA,T1,standard,hci_substudy_v2,1,telemetry_v4,change_detection,4,formal_cd,formal,1,30,62,formal,N4_same,1779260770,961.483,2026-05-20T15:30:15.707,0,0,0,4,1442691.982,1442695.504,,,,,s,,1,1916.897,,,,1446291.982,1446348.51,1448309.771,4000,1961.261,1448309.771,"[{""stage_name"": ""fixation"", ""planned_duration_ms"": 100, ""intended_onset_ms"": 1442691.982, ""actual_onset_global_ms"": 1442695.504, ""actual_offset_global_ms"": 1442794.18, ""actual_duration_ms"": 98.676}, {""stage_name"": ""memory_array"", ""planned_duration_ms"": 2500, ""intended_onset_ms"": 1442791.982, ""actual_onset_global_ms"": 1442832.715, ""actual_offset_global_ms"": 1445305.108, ""actual_duration_ms"": 2472.393}, {""stage_name"": ""delay"", ""planned_duration_ms"": 1000, ""intended_onset_ms"": 1445305.108, ""actual_onset_global_ms"": 1445308.791, ""actual_offset_global_ms"": 1446306.965, ""actual_duration_ms"": 998.174}, {""stage_name"": ""test_array"", ""planned_duration_ms"": 4000, ""intended_onset_ms"": 1446306.965, ""actual_onset_global_ms"": 1446348.51, ""actual_offset_global_ms"": 1448309.771, ""actual_duration_ms"": 1961.261}]",,,,,,,,,,,,,,,,,,,,,,,,,,,,,,,,,,,,,,,,,,,,,,,,,,1.0,,,,,,,,,,,,,4.0,same,3.0,"[99.11, -5.12]","[[-59.21, 171.33], [-24.54, -213.53], [250.74, -100.01], [99.11, -5.12]]","[""purple"", ""green"", ""yellow"", ""red""]","[""purple"", ""green"", ""yellow"", ""red""]",red,red,s,same,5.0,1.0
35,35_T1_20260520_150610,PA,T1,standard,hci_substudy_v2,1,telemetry_v4,change_detection,4,formal_cd,formal,1,31,63,formal,N3_change,1779260770,961.483,2026-05-20T15:30:21.330,0,0,0,4,1448315.646,1448319.737,,,,,j,,1,2743.857,,,,1451915.646,1451964.192,1454711.733,4000,2747.541,1454711.733,"[{""stage_name"": ""fixation"", ""planned_duration_ms"": 100, ""intended_onset_ms"": 1448315.646, ""actual_onset_global_ms"": 1448319.737, ""actual_offset_global_ms"": 1448419.611, ""actual_duration_ms"": 99.874}, {""stage_name"": ""memory_array"", ""planned_duration_ms"": 2500, ""intended_onset_ms"": 1448415.646, ""actual_onset_global_ms"": 1448450.503, ""actual_offset_global_ms"": 1450927.777, ""actual_duration_ms"": 2477.274}, {""stage_name"": ""delay"", ""planned_duration_ms"": 1000, ""intended_onset_ms"": 1450927.777, ""actual_onset_global_ms"": 1450931.717, ""actual_offset_global_ms"": 1451931.796, ""actual_duration_ms"": 1000.079}, {""stage_name"": ""test_array"", ""planned_duration_ms"": 4000, ""intended_onset_ms"": 1451931.796, ""actual_onset_global_ms"": 1451964.192, ""actual_offset_global_ms"": 1454711.733, ""actual_duration_ms"": 2747.541}]",,,,,,,,,,,,,,,,,,,,,,,,,,,,,,,,,,,,,,,,,,,,,,,,,,1.0,,,,,,,,,,,,,3.0,change,2.0,"[176.2, 177.62]","[[179.97, -41.27], [95.04, 238.31], [176.2, 177.62]]","[""green"", ""blue"", ""red""]","[""green"", ""blue"", ""yellow""]",red,yellow,j,change,3.0,1.0
35,35_T1_20260520_150610,PA,T1,standard,hci_substudy_v2,1,telemetry_v4,change_detection,4,formal_cd,formal,1,32,64,formal,N4_change,1779260770,961.483,2026-05-20T15:30:27.731,0,0,0,4,1454717.246,1454721.042,,,,,j,,1,1793.846,,,,1458317.246,1458376.124,1460175.947,4000,1799.823,1460175.947,"[{""stage_name"": ""fixation"", ""planned_duration_ms"": 100, ""intended_onset_ms"": 1454717.246, ""actual_onset_global_ms"": 1454721.042, ""actual_offset_global_ms"": 1454820.619, ""actual_duration_ms"": 99.577}, {""stage_name"": ""memory_array"", ""planned_duration_ms"": 2500, ""intended_onset_ms"": 1454817.246, ""actual_onset_global_ms"": 1454859.699, ""actual_offset_global_ms"": 1457332.111, ""actual_duration_ms"": 2472.412}, {""stage_name"": ""delay"", ""planned_duration_ms"": 1000, ""intended_onset_ms"": 1457332.111, ""actual_onset_global_ms"": 1457335.721, ""actual_offset_global_ms"": 1458336.031, ""actual_duration_ms"": 1000.31}, {""stage_name"": ""test_array"", ""planned_duration_ms"": 4000, ""intended_onset_ms"": 1458336.031, ""actual_onset_global_ms"": 1458376.124, ""actual_offset_global_ms"": 1460175.947, ""actual_duration_ms"": 1799.823}]",,,,,,,,,,,,,,,,,,,,,,,,,,,,,,,,,,,,,,,,,,,,,,,,,,1.0,,,,,,,,,,,,,4.0,change,0.0,"[197.22, -208.48]","[[197.22, -208.48], [-18.46, 114.45], [-66.19, -234.84], [128.36, 253.26]]","[""yellow"", ""green"", ""blue"", ""red""]","[""purple"", ""green"", ""blue"", ""red""]",yellow,purple,j,change,6.0,1.0
35,35_T1_20260520_150610,PA,T1,standard,hci_substudy_v2,1,telemetry_v4,change_detection,4,formal_cd,formal,1,33,65,formal,N3_same,1779260770,961.483,2026-05-20T15:30:33.196,0,0,0,4,1460180.939,1460184.815,,,,,s,,1,3961.811,,,,1463780.939,1463831.299,1467816.548,4000,3985.249,1467816.548,"[{""stage_name"": ""fixation"", ""planned_duration_ms"": 100, ""intended_onset_ms"": 1460180.939, ""actual_onset_global_ms"": 1460184.815, ""actual_offset_global_ms"": 1460284.66, ""actual_duration_ms"": 99.845}, {""stage_name"": ""memory_array"", ""planned_duration_ms"": 2500, ""intended_onset_ms"": 1460280.939, ""actual_onset_global_ms"": 1460315.325, ""actual_offset_global_ms"": 1462797.922, ""actual_duration_ms"": 2482.597}, {""stage_name"": ""delay"", ""planned_duration_ms"": 1000, ""intended_onset_ms"": 1462797.922, ""actual_onset_global_ms"": 1462801.799, ""actual_offset_global_ms"": 1463800.525, ""actual_duration_ms"": 998.726}, {""stage_name"": ""test_array"", ""planned_duration_ms"": 4000, ""intended_onset_ms"": 1463800.525, ""actual_onset_global_ms"": 1463831.299, ""actual_offset_global_ms"": 1467816.548, ""actual_duration_ms"": 3985.249}]",,,,,,,,,,,,,,,,,,,,,,,,,,,,,,,,,,,,,,,,,,,,,,,,,,1.0,,,,,,,,,,,,,3.0,same,2.0,"[-115.21, 158.5]","[[156.38, 193.74], [151.46, -209.75], [-115.21, 158.5]]","[""yellow"", ""blue"", ""red""]","[""yellow"", ""blue"", ""red""]",red,red,s,same,3.0,1.0
35,35_T1_20260520_150610,PA,T1,standard,hci_substudy_v2,1,telemetry_v4,change_detection,4,formal_cd,formal,1,34,66,formal,N2_change,1779260770,961.483,2026-05-20T15:30:40.837,0,0,0,4,1467822.258,1467826.948,,,,,j,,1,7114.192,,,,1471422.258,1471451.862,1478578.494,4000,7126.632,1478578.494,"[{""stage_name"": ""fixation"", ""planned_duration_ms"": 100, ""intended_onset_ms"": 1467822.258, ""actual_onset_global_ms"": 1467826.948, ""actual_offset_global_ms"": 1467923.344, ""actual_duration_ms"": 96.396}, {""stage_name"": ""memory_array"", ""planned_duration_ms"": 2500, ""intended_onset_ms"": 1467922.258, ""actual_onset_global_ms"": 1467946.644, ""actual_offset_global_ms"": 1470425.554, ""actual_duration_ms"": 2478.91}, {""stage_name"": ""delay"", ""planned_duration_ms"": 1000, ""intended_onset_ms"": 1470425.554, ""actual_onset_global_ms"": 1470429.749, ""actual_offset_global_ms"": 1471427.955, ""actual_duration_ms"": 998.206}, {""stage_name"": ""test_array"", ""planned_duration_ms"": 4000, ""intended_onset_ms"": 1471427.955, ""actual_onset_global_ms"": 1471451.862, ""actual_offset_global_ms"": 1478578.494, ""actual_duration_ms"": 7126.632}]",,,,,,,,,,,,,,,,,,,,,,,,,,,,,,,,,,,,,,,,,,,,,,,,,,1.0,,,,,,,,,,,,,2.0,change,1.0,"[189.18, -12.1]","[[-61.26, 199.19], [189.18, -12.1]]","[""green"", ""purple""]","[""green"", ""blue""]",purple,blue,j,change,3.0,1.0
35,35_T1_20260520_150610,PA,T1,standard,hci_substudy_v2,1,telemetry_v4,change_detection,4,formal_cd,formal,1,35,67,formal,N2_change,1779260770,961.483,2026-05-20T15:30:51.598,0,0,0,4,1478583.909,1478588.074,,,,,j,,1,1474.551,,,,1482183.909,1482218.359,1483711.892,4000,1493.533,1483711.892,"[{""stage_name"": ""fixation"", ""planned_duration_ms"": 100, ""intended_onset_ms"": 1478583.909, ""actual_onset_global_ms"": 1478588.074, ""actual_offset_global_ms"": 1478688.955, ""actual_duration_ms"": 100.881}, {""stage_name"": ""memory_array"", ""planned_duration_ms"": 2500, ""intended_onset_ms"": 1478683.909, ""actual_onset_global_ms"": 1478709.882, ""actual_offset_global_ms"": 1481193.412, ""actual_duration_ms"": 2483.53}, {""stage_name"": ""delay"", ""planned_duration_ms"": 1000, ""intended_onset_ms"": 1481193.412, ""actual_onset_global_ms"": 1481197.2, ""actual_offset_global_ms"": 1482195.695, ""actual_duration_ms"": 998.495}, {""stage_name"": ""test_array"", ""planned_duration_ms"": 4000, ""intended_onset_ms"": 1482195.695, ""actual_onset_global_ms"": 1482218.359, ""actual_offset_global_ms"": 1483711.892, ""actual_duration_ms"": 1493.533}]",,,,,,,,,,,,,,,,,,,,,,,,,,,,,,,,,,,,,,,,,,,,,,,,,,1.0,,,,,,,,,,,,,2.0,change,1.0,"[-92.04, 204.89]","[[-201.36, -204.47], [-92.04, 204.89]]","[""yellow"", ""blue""]","[""yellow"", ""green""]",blue,green,j,change,2.0,1.0
35,35_T1_20260520_150610,PA,T1,standard,hci_substudy_v2,1,telemetry_v4,change_detection,4,formal_cd,formal,1,36,68,formal,N4_same,1779260770,961.483,2026-05-20T15:30:56.732,0,0,0,4,1483717.628,1483722.1,,,,,s,,0,2371.793,,,,1487317.628,1487383.039,1489781.534,4000,2398.495,1489781.534,"[{""stage_name"": ""fixation"", ""planned_duration_ms"": 100, ""intended_onset_ms"": 1483717.628, ""actual_onset_global_ms"": 1483722.1, ""actual_offset_global_ms"": 1483821.359, ""actual_duration_ms"": 99.259}, {""stage_name"": ""memory_array"", ""planned_duration_ms"": 2500, ""intended_onset_ms"": 1483817.628, ""actual_onset_global_ms"": 1483860.026, ""actual_offset_global_ms"": 1486338.523, ""actual_duration_ms"": 2478.497}, {""stage_name"": ""delay"", ""planned_duration_ms"": 1000, ""intended_onset_ms"": 1486338.523, ""actual_onset_global_ms"": 1486342.313, ""actual_offset_global_ms"": 1487342.637, ""actual_duration_ms"": 1000.324}, {""stage_name"": ""test_array"", ""planned_duration_ms"": 4000, ""intended_onset_ms"": 1487342.637, ""actual_onset_global_ms"": 1487383.039, ""actual_offset_global_ms"": 1489781.534, ""actual_duration_ms"": 2398.495}]",,,,,,,,,,,,,,,,,,,,,,,,,,,,,,,,,,,,,,,,,,,,,,,,,,0.0,,,,,,,,,,,,,4.0,same,2.0,"[-91.3, -15.29]","[[-33.11, 146.63], [185.31, -5.79], [-91.3, -15.29], [157.01, 177.53]]","[""red"", ""green"", ""purple"", ""blue""]","[""red"", ""green"", ""purple"", ""blue""]",purple,purple,j,change,6.0,1.0
35,35_T1_20260520_150610,PA,T1,standard,hci_substudy_v2,1,telemetry_v4,change_detection,4,formal_cd,formal,1,37,69,formal,N2_same,1779260770,961.483,2026-05-20T15:31:02.801,0,0,0,4,1489787.156,1489791.19,,,,,s,,0,2363.459,,,,1493387.156,1493434.376,1495807.967,4000,2373.591,1495807.967,"[{""stage_name"": ""fixation"", ""planned_duration_ms"": 100, ""intended_onset_ms"": 1489787.156, ""actual_onset_global_ms"": 1489791.19, ""actual_offset_global_ms"": 1489888.731, ""actual_duration_ms"": 97.541}, {""stage_name"": ""memory_array"", ""planned_duration_ms"": 2500, ""intended_onset_ms"": 1489887.156, ""actual_onset_global_ms"": 1489910.525, ""actual_offset_global_ms"": 1492411.582, ""actual_duration_ms"": 2501.057}, {""stage_name"": ""delay"", ""planned_duration_ms"": 1000, ""intended_onset_ms"": 1492411.582, ""actual_onset_global_ms"": 1492413.028, ""actual_offset_global_ms"": 1493413.139, ""actual_duration_ms"": 1000.111}, {""stage_name"": ""test_array"", ""planned_duration_ms"": 4000, ""intended_onset_ms"": 1493413.139, ""actual_onset_global_ms"": 1493434.376, ""actual_offset_global_ms"": 1495807.967, ""actual_duration_ms"": 2373.591}]",,,,,,,,,,,,,,,,,,,,,,,,,,,,,,,,,,,,,,,,,,,,,,,,,,0.0,,,,,,,,,,,,,2.0,same,1.0,"[256.18, 179.21]","[[168.51, -228.41], [256.18, 179.21]]","[""green"", ""purple""]","[""green"", ""purple""]",purple,purple,j,change,3.0,1.0
35,35_T1_20260520_150610,PA,T1,standard,hci_substudy_v2,1,telemetry_v4,change_detection,4,formal_cd,formal,1,38,70,formal,N1_same,1779260770,961.483,2026-05-20T15:31:08.828,0,0,0,4,1495813.614,1495817.544,,,,,s,,1,3739.34,,,,1499413.614,1499439.805,1503189.401,4000,3749.596,1503189.401,"[{""stage_name"": ""fixation"", ""planned_duration_ms"": 100, ""intended_onset_ms"": 1495813.614, ""actual_onset_global_ms"": 1495817.544, ""actual_offset_global_ms"": 1495914.681, ""actual_duration_ms"": 97.137}, {""stage_name"": ""memory_array"", ""planned_duration_ms"": 2500, ""intended_onset_ms"": 1495913.614, ""actual_onset_global_ms"": 1495928.789, ""actual_offset_global_ms"": 1498423.28, ""actual_duration_ms"": 2494.491}, {""stage_name"": ""delay"", ""planned_duration_ms"": 1000, ""intended_onset_ms"": 1498423.28, ""actual_onset_global_ms"": 1498427.423, ""actual_offset_global_ms"": 1499426.161, ""actual_duration_ms"": 998.738}, {""stage_name"": ""test_array"", ""planned_duration_ms"": 4000, ""intended_onset_ms"": 1499426.161, ""actual_onset_global_ms"": 1499439.805, ""actual_offset_global_ms"": 1503189.401, ""actual_duration_ms"": 3749.596}]",,,,,,,,,,,,,,,,,,,,,,,,,,,,,,,,,,,,,,,,,,,,,,,,,,1.0,,,,,,,,,,,,,1.0,same,0.0,"[47.01, -230.5]","[[47.01, -230.5]]","[""purple""]","[""purple""]",purple,purple,s,same,1.0,1.0
35,35_T1_20260520_150610,PA,T1,standard,hci_substudy_v2,1,telemetry_v4,change_detection,4,formal_cd,formal,1,39,71,formal,N3_change,1779260770,961.483,2026-05-20T15:31:16.209,0,0,0,4,1503195.274,1503199.034,,,,,j,,1,2377.987,,,,1506795.274,1506852.783,1509260.261,4000,2407.478,1509260.261,"[{""stage_name"": ""fixation"", ""planned_duration_ms"": 100, ""intended_onset_ms"": 1503195.274, ""actual_onset_global_ms"": 1503199.034, ""actual_offset_global_ms"": 1503296.731, ""actual_duration_ms"": 97.697}, {""stage_name"": ""memory_array"", ""planned_duration_ms"": 2500, ""intended_onset_ms"": 1503295.274, ""actual_onset_global_ms"": 1503327.963, ""actual_offset_global_ms"": 1505818.244, ""actual_duration_ms"": 2490.281}, {""stage_name"": ""delay"", ""planned_duration_ms"": 1000, ""intended_onset_ms"": 1505818.244, ""actual_onset_global_ms"": 1505822.155, ""actual_offset_global_ms"": 1506821.761, ""actual_duration_ms"": 999.606}, {""stage_name"": ""test_array"", ""planned_duration_ms"": 4000, ""intended_onset_ms"": 1506821.761, ""actual_onset_global_ms"": 1506852.783, ""actual_offset_global_ms"": 1509260.261, ""actual_duration_ms"": 2407.478}]",,,,,,,,,,,,,,,,,,,,,,,,,,,,,,,,,,,,,,,,,,,,,,,,,,1.0,,,,,,,,,,,,,3.0,change,1.0,"[5.81, 191.03]","[[129.05, 82.79], [5.81, 191.03], [229.77, 94.88]]","[""green"", ""yellow"", ""purple""]","[""green"", ""red"", ""purple""]",yellow,red,j,change,4.0,1.0
35,35_T1_20260520_150610,PA,T1,standard,hci_substudy_v2,1,telemetry_v4,change_detection,4,formal_cd,formal,1,40,72,formal,N2_same,1779260770,961.483,2026-05-20T15:31:22.281,0,0,0,4,1509266.273,1509270.246,,,,,s,,1,1332.869,,,,1512866.273,1512900.35,1514250.588,4000,1350.238,1514250.588,"[{""stage_name"": ""fixation"", ""planned_duration_ms"": 100, ""intended_onset_ms"": 1509266.273, ""actual_onset_global_ms"": 1509270.246, ""actual_offset_global_ms"": 1509369.354, ""actual_duration_ms"": 99.108}, {""stage_name"": ""memory_array"", ""planned_duration_ms"": 2500, ""intended_onset_ms"": 1509366.273, ""actual_onset_global_ms"": 1509389.445, ""actual_offset_global_ms"": 1511875.096, ""actual_duration_ms"": 2485.651}, {""stage_name"": ""delay"", ""planned_duration_ms"": 1000, ""intended_onset_ms"": 1511875.096, ""actual_onset_global_ms"": 1511878.464, ""actual_offset_global_ms"": 1512878.907, ""actual_duration_ms"": 1000.443}, {""stage_name"": ""test_array"", ""planned_duration_ms"": 4000, ""intended_onset_ms"": 1512878.907, ""actual_onset_global_ms"": 1512900.35, ""actual_offset_global_ms"": 1514250.588, ""actual_duration_ms"": 1350.238}]",,,,,,,,,,,,,,,,,,,,,,,,,,,,,,,,,,,,,,,,,,,,,,,,,,1.0,,,,,,,,,,,,,2.0,same,1.0,"[-139.31, 199.83]","[[72.58, 168.13], [-139.31, 199.83]]","[""red"", ""yellow""]","[""red"", ""yellow""]",yellow,yellow,s,same,2.0,1.0
35,35_T1_20260520_150610,PA,T1,standard,hci_substudy_v2,1,telemetry_v4,change_detection,4,formal_cd,formal,1,41,73,formal,N3_same,1779260770,961.483,2026-05-20T15:31:27.271,0,0,0,4,1514256.85,1514260.65,,,,,s,,1,2001.392,,,,1517856.85,1517901.571,1519930.631,4000,2029.06,1519930.631,"[{""stage_name"": ""fixation"", ""planned_duration_ms"": 100, ""intended_onset_ms"": 1514256.85, ""actual_onset_global_ms"": 1514260.65, ""actual_offset_global_ms"": 1514360.672, ""actual_duration_ms"": 100.022}, {""stage_name"": ""memory_array"", ""planned_duration_ms"": 2500, ""intended_onset_ms"": 1514356.85, ""actual_onset_global_ms"": 1514391.122, ""actual_offset_global_ms"": 1516866.439, ""actual_duration_ms"": 2475.317}, {""stage_name"": ""delay"", ""planned_duration_ms"": 1000, ""intended_onset_ms"": 1516866.439, ""actual_onset_global_ms"": 1516870.251, ""actual_offset_global_ms"": 1517870.736, ""actual_duration_ms"": 1000.485}, {""stage_name"": ""test_array"", ""planned_duration_ms"": 4000, ""intended_onset_ms"": 1517870.736, ""actual_onset_global_ms"": 1517901.571, ""actual_offset_global_ms"": 1519930.631, ""actual_duration_ms"": 2029.06}]",,,,,,,,,,,,,,,,,,,,,,,,,,,,,,,,,,,,,,,,,,,,,,,,,,1.0,,,,,,,,,,,,,3.0,same,1.0,"[-143.79, 131.05]","[[-61.63, -110.33], [-143.79, 131.05], [-76.91, -248.0]]","[""green"", ""purple"", ""blue""]","[""green"", ""purple"", ""blue""]",purple,purple,s,same,3.0,1.0
35,35_T1_20260520_150610,PA,T1,standard,hci_substudy_v2,1,telemetry_v4,change_detection,4,formal_cd,formal,1,42,74,formal,N4_change,1779260770,961.483,2026-05-20T15:31:32.951,0,0,0,4,1519936.325,1519940.094,,,,,j,,0,3189.787,,,,1523536.325,1523610.189,1526839.533,4000,3229.344,1526839.533,"[{""stage_name"": ""fixation"", ""planned_duration_ms"": 100, ""intended_onset_ms"": 1519936.325, ""actual_onset_global_ms"": 1519940.094, ""actual_offset_global_ms"": 1520039.6, ""actual_duration_ms"": 99.506}, {""stage_name"": ""memory_array"", ""planned_duration_ms"": 2500, ""intended_onset_ms"": 1520036.325, ""actual_onset_global_ms"": 1520077.232, ""actual_offset_global_ms"": 1522569.274, ""actual_duration_ms"": 2492.042}, {""stage_name"": ""delay"", ""planned_duration_ms"": 1000, ""intended_onset_ms"": 1522569.274, ""actual_onset_global_ms"": 1522572.616, ""actual_offset_global_ms"": 1523571.72, ""actual_duration_ms"": 999.104}, {""stage_name"": ""test_array"", ""planned_duration_ms"": 4000, ""intended_onset_ms"": 1523571.72, ""actual_onset_global_ms"": 1523610.189, ""actual_offset_global_ms"": 1526839.533, ""actual_duration_ms"": 3229.344}]",,,,,,,,,,,,,,,,,,,,,,,,,,,,,,,,,,,,,,,,,,,,,,,,,,0.0,,,,,,,,,,,,,4.0,change,0.0,"[71.31, 89.18]","[[71.31, 89.18], [240.45, 240.63], [-178.94, -5.81], [191.18, -160.03]]","[""blue"", ""yellow"", ""green"", ""purple""]","[""red"", ""yellow"", ""green"", ""purple""]",blue,red,s,same,4.0,1.0
35,35_T1_20260520_150610,PA,T1,standard,hci_substudy_v2,1,telemetry_v4,change_detection,4,formal_cd,formal,1,43,75,formal,N4_change,1779260770,961.483,2026-05-20T15:31:39.860,0,0,0,4,1526845.33,1526849.204,,,,,j,,1,3071.349,,,,1530445.33,1530533.476,1533634.887,4000,3101.411,1533634.887,"[{""stage_name"": ""fixation"", ""planned_duration_ms"": 100, ""intended_onset_ms"": 1526845.33, ""actual_onset_global_ms"": 1526849.204, ""actual_offset_global_ms"": 1526947.723, ""actual_duration_ms"": 98.519}, {""stage_name"": ""memory_array"", ""planned_duration_ms"": 2500, ""intended_onset_ms"": 1526945.33, ""actual_onset_global_ms"": 1526986.084, ""actual_offset_global_ms"": 1529448.342, ""actual_duration_ms"": 2462.258}, {""stage_name"": ""delay"", ""planned_duration_ms"": 1000, ""intended_onset_ms"": 1529448.342, ""actual_onset_global_ms"": 1529452.172, ""actual_offset_global_ms"": 1530452.27, ""actual_duration_ms"": 1000.098}, {""stage_name"": ""test_array"", ""planned_duration_ms"": 4000, ""intended_onset_ms"": 1530452.27, ""actual_onset_global_ms"": 1530533.476, ""actual_offset_global_ms"": 1533634.887, ""actual_duration_ms"": 3101.411}]",,,,,,,,,,,,,,,,,,,,,,,,,,,,,,,,,,,,,,,,,,,,,,,,,,1.0,,,,,,,,,,,,,4.0,change,3.0,"[-124.53, 135.23]","[[-28.03, 95.97], [144.57, -19.45], [230.0, -198.12], [-124.53, 135.23]]","[""purple"", ""red"", ""yellow"", ""blue""]","[""purple"", ""red"", ""yellow"", ""green""]",blue,green,j,change,5.0,1.0
35,35_T1_20260520_150610,PA,T1,standard,hci_substudy_v2,1,telemetry_v4,change_detection,4,formal_cd,formal,1,44,76,formal,N1_change,1779260770,961.483,2026-05-20T15:31:46.655,0,0,0,4,1533640.364,1533644.145,,,,,j,,1,2134.848,,,,1537240.364,1537269.127,1539413.513,4000,2144.386,1539413.513,"[{""stage_name"": ""fixation"", ""planned_duration_ms"": 100, ""intended_onset_ms"": 1533640.364, ""actual_onset_global_ms"": 1533644.145, ""actual_offset_global_ms"": 1533741.948, ""actual_duration_ms"": 97.803}, {""stage_name"": ""memory_array"", ""planned_duration_ms"": 2500, ""intended_onset_ms"": 1533740.364, ""actual_onset_global_ms"": 1533755.363, ""actual_offset_global_ms"": 1536252.818, ""actual_duration_ms"": 2497.455}, {""stage_name"": ""delay"", ""planned_duration_ms"": 1000, ""intended_onset_ms"": 1536252.818, ""actual_onset_global_ms"": 1536256.076, ""actual_offset_global_ms"": 1537257.024, ""actual_duration_ms"": 1000.948}, {""stage_name"": ""test_array"", ""planned_duration_ms"": 4000, ""intended_onset_ms"": 1537257.024, ""actual_onset_global_ms"": 1537269.127, ""actual_offset_global_ms"": 1539413.513, ""actual_duration_ms"": 2144.386}]",,,,,,,,,,,,,,,,,,,,,,,,,,,,,,,,,,,,,,,,,,,,,,,,,,1.0,,,,,,,,,,,,,1.0,change,0.0,"[186.45, -211.72]","[[186.45, -211.72]]","[""green""]","[""red""]",green,red,j,change,1.0,1.0
35,35_T1_20260520_150610,PA,T1,standard,hci_substudy_v2,1,telemetry_v4,change_detection,4,formal_cd,formal,1,45,77,formal,N2_same,1779260770,961.483,2026-05-20T15:31:52.433,0,0,0,4,1539419.156,1539422.921,,,,,s,,1,3049.011,,,,1543019.156,1543052.97,1546123.052,4000,3070.082,1546123.052,"[{""stage_name"": ""fixation"", ""planned_duration_ms"": 100, ""intended_onset_ms"": 1539419.156, ""actual_onset_global_ms"": 1539422.921, ""actual_offset_global_ms"": 1539521.679, ""actual_duration_ms"": 98.758}, {""stage_name"": ""memory_array"", ""planned_duration_ms"": 2500, ""intended_onset_ms"": 1539519.156, ""actual_onset_global_ms"": 1539543.06, ""actual_offset_global_ms"": 1542027.223, ""actual_duration_ms"": 2484.163}, {""stage_name"": ""delay"", ""planned_duration_ms"": 1000, ""intended_onset_ms"": 1542027.223, ""actual_onset_global_ms"": 1542030.943, ""actual_offset_global_ms"": 1543031.366, ""actual_duration_ms"": 1000.423}, {""stage_name"": ""test_array"", ""planned_duration_ms"": 4000, ""intended_onset_ms"": 1543031.366, ""actual_onset_global_ms"": 1543052.97, ""actual_offset_global_ms"": 1546123.052, ""actual_duration_ms"": 3070.082}]",,,,,,,,,,,,,,,,,,,,,,,,,,,,,,,,,,,,,,,,,,,,,,,,,,1.0,,,,,,,,,,,,,2.0,same,1.0,"[-234.27, 43.0]","[[223.57, -54.08], [-234.27, 43.0]]","[""blue"", ""red""]","[""blue"", ""red""]",red,red,s,same,2.0,1.0
35,35_T1_20260520_150610,PA,T1,standard,hci_substudy_v2,1,telemetry_v4,change_detection,4,formal_cd,formal,1,46,78,formal,N4_change,1779260770,961.483,2026-05-20T15:31:59.143,0,0,0,4,1546128.846,1546132.615,,,,,j,,0,3244.922,,,,1549728.846,1549786.281,1553063.027,4000,3276.746,1553063.027,"[{""stage_name"": ""fixation"", ""planned_duration_ms"": 100, ""intended_onset_ms"": 1546128.846, ""actual_onset_global_ms"": 1546132.615, ""actual_offset_global_ms"": 1546232.14, ""actual_duration_ms"": 99.525}, {""stage_name"": ""memory_array"", ""planned_duration_ms"": 2500, ""intended_onset_ms"": 1546228.846, ""actual_onset_global_ms"": 1546270.716, ""actual_offset_global_ms"": 1548741.528, ""actual_duration_ms"": 2470.812}, {""stage_name"": ""delay"", ""planned_duration_ms"": 1000, ""intended_onset_ms"": 1548741.528, ""actual_onset_global_ms"": 1548745.2, ""actual_offset_global_ms"": 1549745.575, ""actual_duration_ms"": 1000.375}, {""stage_name"": ""test_array"", ""planned_duration_ms"": 4000, ""intended_onset_ms"": 1549745.575, ""actual_onset_global_ms"": 1549786.281, ""actual_offset_global_ms"": 1553063.027, ""actual_duration_ms"": 3276.746}]",,,,,,,,,,,,,,,,,,,,,,,,,,,,,,,,,,,,,,,,,,,,,,,,,,0.0,,,,,,,,,,,,,4.0,change,3.0,"[-9.28, 241.44]","[[-182.19, 185.69], [127.44, 93.36], [233.59, -114.94], [-9.28, 241.44]]","[""red"", ""green"", ""purple"", ""blue""]","[""red"", ""green"", ""purple"", ""yellow""]",blue,yellow,s,same,4.0,1.0
35,35_T1_20260520_150610,PA,T1,standard,hci_substudy_v2,1,telemetry_v4,change_detection,4,formal_cd,formal,1,47,79,formal,N1_same,1779260770,961.483,2026-05-20T15:32:06.083,0,0,0,4,1553068.926,1553072.49,,,,,s,,1,1833.071,,,,1556668.926,1556693.665,1558542.464,4000,1848.799,1558542.464,"[{""stage_name"": ""fixation"", ""planned_duration_ms"": 100, ""intended_onset_ms"": 1553068.926, ""actual_onset_global_ms"": 1553072.49, ""actual_offset_global_ms"": 1553170.673, ""actual_duration_ms"": 98.183}, {""stage_name"": ""memory_array"", ""planned_duration_ms"": 2500, ""intended_onset_ms"": 1553168.926, ""actual_onset_global_ms"": 1553184.585, ""actual_offset_global_ms"": 1555678.01, ""actual_duration_ms"": 2493.425}, {""stage_name"": ""delay"", ""planned_duration_ms"": 1000, ""intended_onset_ms"": 1555678.01, ""actual_onset_global_ms"": 1555681.295, ""actual_offset_global_ms"": 1556680.664, ""actual_duration_ms"": 999.369}, {""stage_name"": ""test_array"", ""planned_duration_ms"": 4000, ""intended_onset_ms"": 1556680.664, ""actual_onset_global_ms"": 1556693.665, ""actual_offset_global_ms"": 1558542.464, ""actual_duration_ms"": 1848.799}]",,,,,,,,,,,,,,,,,,,,,,,,,,,,,,,,,,,,,,,,,,,,,,,,,,1.0,,,,,,,,,,,,,1.0,same,0.0,"[-156.08, -16.57]","[[-156.08, -16.57]]","[""red""]","[""red""]",red,red,s,same,1.0,1.0
35,35_T1_20260520_150610,PA,T1,standard,hci_substudy_v2,1,telemetry_v4,change_detection,4,formal_cd,formal,1,48,80,formal,N1_same,1779260770,961.483,2026-05-20T15:32:11.563,0,0,0,4,1558548.352,1558552.006,,,,,s,,1,1855.181,,,,1562148.352,1562175.558,1564046.487,4000,1870.929,1564046.487,"[{""stage_name"": ""fixation"", ""planned_duration_ms"": 100, ""intended_onset_ms"": 1558548.352, ""actual_onset_global_ms"": 1558552.006, ""actual_offset_global_ms"": 1558651.375, ""actual_duration_ms"": 99.369}, {""stage_name"": ""memory_array"", ""planned_duration_ms"": 2500, ""intended_onset_ms"": 1558648.352, ""actual_onset_global_ms"": 1558663.338, ""actual_offset_global_ms"": 1561160.334, ""actual_duration_ms"": 2496.996}, {""stage_name"": ""delay"", ""planned_duration_ms"": 1000, ""intended_onset_ms"": 1561160.334, ""actual_onset_global_ms"": 1561164.102, ""actual_offset_global_ms"": 1562162.772, ""actual_duration_ms"": 998.67}, {""stage_name"": ""test_array"", ""planned_duration_ms"": 4000, ""intended_onset_ms"": 1562162.772, ""actual_onset_global_ms"": 1562175.558, ""actual_offset_global_ms"": 1564046.487, ""actual_duration_ms"": 1870.929}]",,,,,,,,,,,,,,,,,,,,,,,,,,,,,,,,,,,,,,,,,,,,,,,,,,1.0,,,,,,,,,,,,,1.0,same,0.0,"[-191.18, -26.86]","[[-191.18, -26.86]]","[""blue""]","[""blue""]",blue,blue,s,same,1.0,1.0
